run_id,cell_id,mode,impl,rank,iter,metric,value_ms,source
20260804-041933_aws_4d9beba2,hier_compress_lb_union_remotefrac_b8_k8_isolated,isolated,torch,0,0,comm_ms,2.83136,recorder
20260804-041933_aws_4d9beba2,hier_compress_lb_union_remotefrac_b8_k8_isolated,isolated,torch,0,1,comm_ms,3.64032,recorder
20260804-041933_aws_4d9beba2,hier_compress_lb_union_remotefrac_b8_k8_isolated,isolated,torch,0,2,comm_ms,2.712576,recorder
20260804-041933_aws_4d9beba2,hier_compress_lb_union_remotefrac_b8_k8_isolated,isolated,torch,0,3,comm_ms,3.224576,recorder
20260804-041933_aws_4d9beba2,hier_compress_lb_union_remotefrac_b8_k8_isolated,isolated,torch,0,4,comm_ms,2.935808,recorder
20260804-041933_aws_4d9beba2,hier_compress_lb_union_remotefrac_b8_k8_isolated,isolated,torch,0,5,comm_ms,3.748864,recorder
20260804-041933_aws_4d9beba2,hier_compress_lb_union_remotefrac_b8_k8_isolated,isolated,torch,0,6,comm_ms,3.053568,recorder
20260804-041933_aws_4d9beba2,hier_compress_lb_union_remotefrac_b8_k8_isolated,isolated,torch,0,7,comm_ms,2.896896,recorder
20260804-041933_aws_4d9beba2,hier_compress_lb_union_remotefrac_b8_k8_isolated,isolated,torch,0,8,comm_ms,2.945024,recorder
20260804-041933_aws_4d9beba2,hier_compress_lb_union_remotefrac_b8_k8_isolated,isolated,torch,0,9,comm_ms,2.994176,recorder
20260804-041933_aws_4d9beba2,hier_compress_lb_union_remotefrac_b8_k8_isolated,isolated,torch,0,0,scatter_ms,9.122816,recorder
20260804-041933_aws_4d9beba2,hier_compress_lb_union_remotefrac_b8_k8_isolated,isolated,torch,0,1,scatter_ms,9.160704,recorder
20260804-041933_aws_4d9beba2,hier_compress_lb_union_remotefrac_b8_k8_isolated,isolated,torch,0,2,scatter_ms,9.140224,recorder
20260804-041933_aws_4d9beba2,hier_compress_lb_union_remotefrac_b8_k8_isolated,isolated,torch,0,3,scatter_ms,9.155584,recorder
20260804-041933_aws_4d9beba2,hier_compress_lb_union_remotefrac_b8_k8_isolated,isolated,torch,0,4,scatter_ms,9.146368,recorder
20260804-041933_aws_4d9beba2,hier_compress_lb_union_remotefrac_b8_k8_isolated,isolated,torch,0,5,scatter_ms,9.156608,recorder
20260804-041933_aws_4d9beba2,hier_compress_lb_union_remotefrac_b8_k8_isolated,isolated,torch,0,6,scatter_ms,9.137152,recorder
20260804-041933_aws_4d9beba2,hier_compress_lb_union_remotefrac_b8_k8_isolated,isolated,torch,0,7,scatter_ms,9.150464,recorder
20260804-041933_aws_4d9beba2,hier_compress_lb_union_remotefrac_b8_k8_isolated,isolated,torch,0,8,scatter_ms,9.146368,recorder
20260804-041933_aws_4d9beba2,hier_compress_lb_union_remotefrac_b8_k8_isolated,isolated,torch,0,9,scatter_ms,9.132032,recorder
20260804-041933_aws_4d9beba2,hier_compress_lb_union_remotefrac_b8_k8_isolated,isolated,torch,0,0,gemm_ms,2.419712,recorder
20260804-041933_aws_4d9beba2,hier_compress_lb_union_remotefrac_b8_k8_isolated,isolated,torch,0,1,gemm_ms,2.42176,recorder
20260804-041933_aws_4d9beba2,hier_compress_lb_union_remotefrac_b8_k8_isolated,isolated,torch,0,2,gemm_ms,2.42176,recorder
20260804-041933_aws_4d9beba2,hier_compress_lb_union_remotefrac_b8_k8_isolated,isolated,torch,0,3,gemm_ms,2.420736,recorder
20260804-041933_aws_4d9beba2,hier_compress_lb_union_remotefrac_b8_k8_isolated,isolated,torch,0,4,gemm_ms,2.42176,recorder
20260804-041933_aws_4d9beba2,hier_compress_lb_union_remotefrac_b8_k8_isolated,isolated,torch,0,5,gemm_ms,2.419712,recorder
20260804-041933_aws_4d9beba2,hier_compress_lb_union_remotefrac_b8_k8_isolated,isolated,torch,0,6,gemm_ms,2.420736,recorder
20260804-041933_aws_4d9beba2,hier_compress_lb_union_remotefrac_b8_k8_isolated,isolated,torch,0,7,gemm_ms,2.417664,recorder
20260804-041933_aws_4d9beba2,hier_compress_lb_union_remotefrac_b8_k8_isolated,isolated,torch,0,8,gemm_ms,2.422784,recorder
20260804-041933_aws_4d9beba2,hier_compress_lb_union_remotefrac_b8_k8_isolated,isolated,torch,0,9,gemm_ms,2.418688,recorder
20260804-041933_aws_4d9beba2,hier_compress_lb_union_remotefrac_b8_k8_isolated,isolated,flux,0,0,e2e_ms,4.087808,recorder
20260804-041933_aws_4d9beba2,hier_compress_lb_union_remotefrac_b8_k8_isolated,isolated,flux,0,1,e2e_ms,4.156416,recorder
20260804-041933_aws_4d9beba2,hier_compress_lb_union_remotefrac_b8_k8_isolated,isolated,flux,0,2,e2e_ms,4.151296,recorder
20260804-041933_aws_4d9beba2,hier_compress_lb_union_remotefrac_b8_k8_isolated,isolated,flux,0,3,e2e_ms,4.17792,recorder
20260804-041933_aws_4d9beba2,hier_compress_lb_union_remotefrac_b8_k8_isolated,isolated,flux,0,4,e2e_ms,4.133888,recorder
20260804-041933_aws_4d9beba2,hier_compress_lb_union_remotefrac_b8_k8_isolated,isolated,flux,0,5,e2e_ms,4.245504,recorder
20260804-041933_aws_4d9beba2,hier_compress_lb_union_remotefrac_b8_k8_isolated,isolated,flux,0,6,e2e_ms,4.140032,recorder
20260804-041933_aws_4d9beba2,hier_compress_lb_union_remotefrac_b8_k8_isolated,isolated,flux,0,7,e2e_ms,4.226048,recorder
20260804-041933_aws_4d9beba2,hier_compress_lb_union_remotefrac_b8_k8_isolated,isolated,flux,0,8,e2e_ms,4.211712,recorder
20260804-041933_aws_4d9beba2,hier_compress_lb_union_remotefrac_b8_k8_isolated,isolated,flux,0,9,e2e_ms,4.158464,recorder
20260804-041933_aws_4d9beba2,hier_compress_lb_union_remotefrac_b8_k8_isolated,isolated,flux,0,0,iso_sync_ms,3.255148,recorder
20260804-041933_aws_4d9beba2,hier_compress_lb_union_remotefrac_b8_k8_isolated,isolated,flux,0,1,iso_sync_ms,3.337527,recorder
20260804-041933_aws_4d9beba2,hier_compress_lb_union_remotefrac_b8_k8_isolated,isolated,flux,0,2,iso_sync_ms,3.326568,recorder
20260804-041933_aws_4d9beba2,hier_compress_lb_union_remotefrac_b8_k8_isolated,isolated,flux,0,3,iso_sync_ms,3.378086,recorder
20260804-041933_aws_4d9beba2,hier_compress_lb_union_remotefrac_b8_k8_isolated,isolated,flux,0,4,iso_sync_ms,3.39188,recorder
20260804-041933_aws_4d9beba2,hier_compress_lb_union_remotefrac_b8_k8_isolated,isolated,flux,0,5,iso_sync_ms,3.271695,recorder
20260804-041933_aws_4d9beba2,hier_compress_lb_union_remotefrac_b8_k8_isolated,isolated,flux,0,6,iso_sync_ms,4.131467,recorder
20260804-041933_aws_4d9beba2,hier_compress_lb_union_remotefrac_b8_k8_isolated,isolated,flux,0,7,iso_sync_ms,3.298329,recorder
20260804-041933_aws_4d9beba2,hier_compress_lb_union_remotefrac_b8_k8_isolated,isolated,flux,0,8,iso_sync_ms,3.361195,recorder
20260804-041933_aws_4d9beba2,hier_compress_lb_union_remotefrac_b8_k8_isolated,isolated,flux,0,9,iso_sync_ms,3.330638,recorder
20260804-041933_aws_4d9beba2,hier_compress_lb_union_remotefrac_b8_k8_isolated,isolated,torch,1,0,comm_ms,3.23584,recorder
20260804-041933_aws_4d9beba2,hier_compress_lb_union_remotefrac_b8_k8_isolated,isolated,torch,1,1,comm_ms,3.060736,recorder
20260804-041933_aws_4d9beba2,hier_compress_lb_union_remotefrac_b8_k8_isolated,isolated,torch,1,2,comm_ms,3.218432,recorder
20260804-041933_aws_4d9beba2,hier_compress_lb_union_remotefrac_b8_k8_isolated,isolated,torch,1,3,comm_ms,3.632128,recorder
20260804-041933_aws_4d9beba2,hier_compress_lb_union_remotefrac_b8_k8_isolated,isolated,torch,1,4,comm_ms,3.213312,recorder
20260804-041933_aws_4d9beba2,hier_compress_lb_union_remotefrac_b8_k8_isolated,isolated,torch,1,5,comm_ms,3.254272,recorder
20260804-041933_aws_4d9beba2,hier_compress_lb_union_remotefrac_b8_k8_isolated,isolated,torch,1,6,comm_ms,3.237888,recorder
20260804-041933_aws_4d9beba2,hier_compress_lb_union_remotefrac_b8_k8_isolated,isolated,torch,1,7,comm_ms,3.506176,recorder
20260804-041933_aws_4d9beba2,hier_compress_lb_union_remotefrac_b8_k8_isolated,isolated,torch,1,8,comm_ms,3.360768,recorder
20260804-041933_aws_4d9beba2,hier_compress_lb_union_remotefrac_b8_k8_isolated,isolated,torch,1,9,comm_ms,3.190784,recorder
20260804-041933_aws_4d9beba2,hier_compress_lb_union_remotefrac_b8_k8_isolated,isolated,torch,1,0,scatter_ms,9.027584,recorder
20260804-041933_aws_4d9beba2,hier_compress_lb_union_remotefrac_b8_k8_isolated,isolated,torch,1,1,scatter_ms,9.042944,recorder
20260804-041933_aws_4d9beba2,hier_compress_lb_union_remotefrac_b8_k8_isolated,isolated,torch,1,2,scatter_ms,9.044992,recorder
20260804-041933_aws_4d9beba2,hier_compress_lb_union_remotefrac_b8_k8_isolated,isolated,torch,1,3,scatter_ms,9.042944,recorder
20260804-041933_aws_4d9beba2,hier_compress_lb_union_remotefrac_b8_k8_isolated,isolated,torch,1,4,scatter_ms,9.034752,recorder
20260804-041933_aws_4d9beba2,hier_compress_lb_union_remotefrac_b8_k8_isolated,isolated,torch,1,5,scatter_ms,9.049088,recorder
20260804-041933_aws_4d9beba2,hier_compress_lb_union_remotefrac_b8_k8_isolated,isolated,torch,1,6,scatter_ms,9.04704,recorder
20260804-041933_aws_4d9beba2,hier_compress_lb_union_remotefrac_b8_k8_isolated,isolated,torch,1,7,scatter_ms,9.035776,recorder
20260804-041933_aws_4d9beba2,hier_compress_lb_union_remotefrac_b8_k8_isolated,isolated,torch,1,8,scatter_ms,9.0368,recorder
20260804-041933_aws_4d9beba2,hier_compress_lb_union_remotefrac_b8_k8_isolated,isolated,torch,1,9,scatter_ms,9.058304,recorder
20260804-041933_aws_4d9beba2,hier_compress_lb_union_remotefrac_b8_k8_isolated,isolated,torch,1,0,gemm_ms,2.351104,recorder
20260804-041933_aws_4d9beba2,hier_compress_lb_union_remotefrac_b8_k8_isolated,isolated,torch,1,1,gemm_ms,2.351104,recorder
20260804-041933_aws_4d9beba2,hier_compress_lb_union_remotefrac_b8_k8_isolated,isolated,torch,1,2,gemm_ms,2.351104,recorder
20260804-041933_aws_4d9beba2,hier_compress_lb_union_remotefrac_b8_k8_isolated,isolated,torch,1,3,gemm_ms,2.351104,recorder
20260804-041933_aws_4d9beba2,hier_compress_lb_union_remotefrac_b8_k8_isolated,isolated,torch,1,4,gemm_ms,2.353152,recorder
20260804-041933_aws_4d9beba2,hier_compress_lb_union_remotefrac_b8_k8_isolated,isolated,torch,1,5,gemm_ms,2.351104,recorder
20260804-041933_aws_4d9beba2,hier_compress_lb_union_remotefrac_b8_k8_isolated,isolated,torch,1,6,gemm_ms,2.351104,recorder
20260804-041933_aws_4d9beba2,hier_compress_lb_union_remotefrac_b8_k8_isolated,isolated,torch,1,7,gemm_ms,2.353152,recorder
20260804-041933_aws_4d9beba2,hier_compress_lb_union_remotefrac_b8_k8_isolated,isolated,torch,1,8,gemm_ms,2.351104,recorder
20260804-041933_aws_4d9beba2,hier_compress_lb_union_remotefrac_b8_k8_isolated,isolated,torch,1,9,gemm_ms,2.351104,recorder
20260804-041933_aws_4d9beba2,hier_compress_lb_union_remotefrac_b8_k8_isolated,isolated,flux,1,0,e2e_ms,4.082688,recorder
20260804-041933_aws_4d9beba2,hier_compress_lb_union_remotefrac_b8_k8_isolated,isolated,flux,1,1,e2e_ms,4.145152,recorder
20260804-041933_aws_4d9beba2,hier_compress_lb_union_remotefrac_b8_k8_isolated,isolated,flux,1,2,e2e_ms,4.238336,recorder
20260804-041933_aws_4d9beba2,hier_compress_lb_union_remotefrac_b8_k8_isolated,isolated,flux,1,3,e2e_ms,4.282368,recorder
20260804-041933_aws_4d9beba2,hier_compress_lb_union_remotefrac_b8_k8_isolated,isolated,flux,1,4,e2e_ms,4.133888,recorder
20260804-041933_aws_4d9beba2,hier_compress_lb_union_remotefrac_b8_k8_isolated,isolated,flux,1,5,e2e_ms,4.265984,recorder
20260804-041933_aws_4d9beba2,hier_compress_lb_union_remotefrac_b8_k8_isolated,isolated,flux,1,6,e2e_ms,4.107264,recorder
20260804-041933_aws_4d9beba2,hier_compress_lb_union_remotefrac_b8_k8_isolated,isolated,flux,1,7,e2e_ms,4.216832,recorder
20260804-041933_aws_4d9beba2,hier_compress_lb_union_remotefrac_b8_k8_isolated,isolated,flux,1,8,e2e_ms,4.20864,recorder
20260804-041933_aws_4d9beba2,hier_compress_lb_union_remotefrac_b8_k8_isolated,isolated,flux,1,9,e2e_ms,4.161536,recorder
20260804-041933_aws_4d9beba2,hier_compress_lb_union_remotefrac_b8_k8_isolated,isolated,flux,1,0,iso_sync_ms,3.118892,recorder
20260804-041933_aws_4d9beba2,hier_compress_lb_union_remotefrac_b8_k8_isolated,isolated,flux,1,1,iso_sync_ms,3.174065,recorder
20260804-041933_aws_4d9beba2,hier_compress_lb_union_remotefrac_b8_k8_isolated,isolated,flux,1,2,iso_sync_ms,3.152048,recorder
20260804-041933_aws_4d9beba2,hier_compress_lb_union_remotefrac_b8_k8_isolated,isolated,flux,1,3,iso_sync_ms,3.228094,recorder
20260804-041933_aws_4d9beba2,hier_compress_lb_union_remotefrac_b8_k8_isolated,isolated,flux,1,4,iso_sync_ms,3.253891,recorder
20260804-041933_aws_4d9beba2,hier_compress_lb_union_remotefrac_b8_k8_isolated,isolated,flux,1,5,iso_sync_ms,3.129048,recorder
20260804-041933_aws_4d9beba2,hier_compress_lb_union_remotefrac_b8_k8_isolated,isolated,flux,1,6,iso_sync_ms,4.002876,recorder
20260804-041933_aws_4d9beba2,hier_compress_lb_union_remotefrac_b8_k8_isolated,isolated,flux,1,7,iso_sync_ms,3.131068,recorder
20260804-041933_aws_4d9beba2,hier_compress_lb_union_remotefrac_b8_k8_isolated,isolated,flux,1,8,iso_sync_ms,3.198718,recorder
20260804-041933_aws_4d9beba2,hier_compress_lb_union_remotefrac_b8_k8_isolated,isolated,flux,1,9,iso_sync_ms,3.195041,recorder
20260804-041933_aws_4d9beba2,hier_compress_lb_union_remotefrac_b8_k8_isolated,isolated,torch,2,0,comm_ms,3.134464,recorder
20260804-041933_aws_4d9beba2,hier_compress_lb_union_remotefrac_b8_k8_isolated,isolated,torch,2,1,comm_ms,2.839552,recorder
20260804-041933_aws_4d9beba2,hier_compress_lb_union_remotefrac_b8_k8_isolated,isolated,torch,2,2,comm_ms,3.064832,recorder
20260804-041933_aws_4d9beba2,hier_compress_lb_union_remotefrac_b8_k8_isolated,isolated,torch,2,3,comm_ms,3.540992,recorder
20260804-041933_aws_4d9beba2,hier_compress_lb_union_remotefrac_b8_k8_isolated,isolated,torch,2,4,comm_ms,2.998272,recorder
20260804-041933_aws_4d9beba2,hier_compress_lb_union_remotefrac_b8_k8_isolated,isolated,torch,2,5,comm_ms,2.871296,recorder
20260804-041933_aws_4d9beba2,hier_compress_lb_union_remotefrac_b8_k8_isolated,isolated,torch,2,6,comm_ms,3.193856,recorder
20260804-041933_aws_4d9beba2,hier_compress_lb_union_remotefrac_b8_k8_isolated,isolated,torch,2,7,comm_ms,4.091904,recorder
20260804-041933_aws_4d9beba2,hier_compress_lb_union_remotefrac_b8_k8_isolated,isolated,torch,2,8,comm_ms,5.216256,recorder
20260804-041933_aws_4d9beba2,hier_compress_lb_union_remotefrac_b8_k8_isolated,isolated,torch,2,9,comm_ms,4.871168,recorder
20260804-041933_aws_4d9beba2,hier_compress_lb_union_remotefrac_b8_k8_isolated,isolated,torch,2,0,scatter_ms,9.152512,recorder
20260804-041933_aws_4d9beba2,hier_compress_lb_union_remotefrac_b8_k8_isolated,isolated,torch,2,1,scatter_ms,9.150464,recorder
20260804-041933_aws_4d9beba2,hier_compress_lb_union_remotefrac_b8_k8_isolated,isolated,torch,2,2,scatter_ms,9.156608,recorder
20260804-041933_aws_4d9beba2,hier_compress_lb_union_remotefrac_b8_k8_isolated,isolated,torch,2,3,scatter_ms,9.167872,recorder
20260804-041933_aws_4d9beba2,hier_compress_lb_union_remotefrac_b8_k8_isolated,isolated,torch,2,4,scatter_ms,9.161728,recorder
20260804-041933_aws_4d9beba2,hier_compress_lb_union_remotefrac_b8_k8_isolated,isolated,torch,2,5,scatter_ms,9.137152,recorder
20260804-041933_aws_4d9beba2,hier_compress_lb_union_remotefrac_b8_k8_isolated,isolated,torch,2,6,scatter_ms,8.935424,recorder
20260804-041933_aws_4d9beba2,hier_compress_lb_union_remotefrac_b8_k8_isolated,isolated,torch,2,7,scatter_ms,7.77216,recorder
20260804-041933_aws_4d9beba2,hier_compress_lb_union_remotefrac_b8_k8_isolated,isolated,torch,2,8,scatter_ms,7.835648,recorder
20260804-041933_aws_4d9beba2,hier_compress_lb_union_remotefrac_b8_k8_isolated,isolated,torch,2,9,scatter_ms,7.88992,recorder
20260804-041933_aws_4d9beba2,hier_compress_lb_union_remotefrac_b8_k8_isolated,isolated,torch,2,0,gemm_ms,2.400256,recorder
20260804-041933_aws_4d9beba2,hier_compress_lb_union_remotefrac_b8_k8_isolated,isolated,torch,2,1,gemm_ms,2.402304,recorder
20260804-041933_aws_4d9beba2,hier_compress_lb_union_remotefrac_b8_k8_isolated,isolated,torch,2,2,gemm_ms,2.399232,recorder
20260804-041933_aws_4d9beba2,hier_compress_lb_union_remotefrac_b8_k8_isolated,isolated,torch,2,3,gemm_ms,2.403328,recorder
20260804-041933_aws_4d9beba2,hier_compress_lb_union_remotefrac_b8_k8_isolated,isolated,torch,2,4,gemm_ms,2.398208,recorder
20260804-041933_aws_4d9beba2,hier_compress_lb_union_remotefrac_b8_k8_isolated,isolated,torch,2,5,gemm_ms,2.400256,recorder
20260804-041933_aws_4d9beba2,hier_compress_lb_union_remotefrac_b8_k8_isolated,isolated,torch,2,6,gemm_ms,1.878016,recorder
20260804-041933_aws_4d9beba2,hier_compress_lb_union_remotefrac_b8_k8_isolated,isolated,torch,2,7,gemm_ms,1.878016,recorder
20260804-041933_aws_4d9beba2,hier_compress_lb_union_remotefrac_b8_k8_isolated,isolated,torch,2,8,gemm_ms,1.878016,recorder
20260804-041933_aws_4d9beba2,hier_compress_lb_union_remotefrac_b8_k8_isolated,isolated,torch,2,9,gemm_ms,1.87904,recorder
20260804-041933_aws_4d9beba2,hier_compress_lb_union_remotefrac_b8_k8_isolated,isolated,flux,2,0,e2e_ms,4.199424,recorder
20260804-041933_aws_4d9beba2,hier_compress_lb_union_remotefrac_b8_k8_isolated,isolated,flux,2,1,e2e_ms,4.094976,recorder
20260804-041933_aws_4d9beba2,hier_compress_lb_union_remotefrac_b8_k8_isolated,isolated,flux,2,2,e2e_ms,4.242432,recorder
20260804-041933_aws_4d9beba2,hier_compress_lb_union_remotefrac_b8_k8_isolated,isolated,flux,2,3,e2e_ms,4.186112,recorder
20260804-041933_aws_4d9beba2,hier_compress_lb_union_remotefrac_b8_k8_isolated,isolated,flux,2,4,e2e_ms,4.141056,recorder
20260804-041933_aws_4d9beba2,hier_compress_lb_union_remotefrac_b8_k8_isolated,isolated,flux,2,5,e2e_ms,4.132864,recorder
20260804-041933_aws_4d9beba2,hier_compress_lb_union_remotefrac_b8_k8_isolated,isolated,flux,2,6,e2e_ms,4.125696,recorder
20260804-041933_aws_4d9beba2,hier_compress_lb_union_remotefrac_b8_k8_isolated,isolated,flux,2,7,e2e_ms,4.227072,recorder
20260804-041933_aws_4d9beba2,hier_compress_lb_union_remotefrac_b8_k8_isolated,isolated,flux,2,8,e2e_ms,4.21888,recorder
20260804-041933_aws_4d9beba2,hier_compress_lb_union_remotefrac_b8_k8_isolated,isolated,flux,2,9,e2e_ms,4.176896,recorder
20260804-041933_aws_4d9beba2,hier_compress_lb_union_remotefrac_b8_k8_isolated,isolated,flux,2,0,iso_sync_ms,3.176091,recorder
20260804-041933_aws_4d9beba2,hier_compress_lb_union_remotefrac_b8_k8_isolated,isolated,flux,2,1,iso_sync_ms,3.222474,recorder
20260804-041933_aws_4d9beba2,hier_compress_lb_union_remotefrac_b8_k8_isolated,isolated,flux,2,2,iso_sync_ms,3.191466,recorder
20260804-041933_aws_4d9beba2,hier_compress_lb_union_remotefrac_b8_k8_isolated,isolated,flux,2,3,iso_sync_ms,3.261102,recorder
20260804-041933_aws_4d9beba2,hier_compress_lb_union_remotefrac_b8_k8_isolated,isolated,flux,2,4,iso_sync_ms,3.271179,recorder
20260804-041933_aws_4d9beba2,hier_compress_lb_union_remotefrac_b8_k8_isolated,isolated,flux,2,5,iso_sync_ms,3.169762,recorder
20260804-041933_aws_4d9beba2,hier_compress_lb_union_remotefrac_b8_k8_isolated,isolated,flux,2,6,iso_sync_ms,4.023645,recorder
20260804-041933_aws_4d9beba2,hier_compress_lb_union_remotefrac_b8_k8_isolated,isolated,flux,2,7,iso_sync_ms,3.195591,recorder
20260804-041933_aws_4d9beba2,hier_compress_lb_union_remotefrac_b8_k8_isolated,isolated,flux,2,8,iso_sync_ms,3.241928,recorder
20260804-041933_aws_4d9beba2,hier_compress_lb_union_remotefrac_b8_k8_isolated,isolated,flux,2,9,iso_sync_ms,3.251457,recorder
20260804-041933_aws_4d9beba2,hier_compress_lb_union_remotefrac_b8_k8_isolated,isolated,torch,3,0,comm_ms,3.11296,recorder
20260804-041933_aws_4d9beba2,hier_compress_lb_union_remotefrac_b8_k8_isolated,isolated,torch,3,1,comm_ms,2.983936,recorder
20260804-041933_aws_4d9beba2,hier_compress_lb_union_remotefrac_b8_k8_isolated,isolated,torch,3,2,comm_ms,2.957312,recorder
20260804-041933_aws_4d9beba2,hier_compress_lb_union_remotefrac_b8_k8_isolated,isolated,torch,3,3,comm_ms,3.74784,recorder
20260804-041933_aws_4d9beba2,hier_compress_lb_union_remotefrac_b8_k8_isolated,isolated,torch,3,4,comm_ms,2.95424,recorder
20260804-041933_aws_4d9beba2,hier_compress_lb_union_remotefrac_b8_k8_isolated,isolated,torch,3,5,comm_ms,2.944,recorder
20260804-041933_aws_4d9beba2,hier_compress_lb_union_remotefrac_b8_k8_isolated,isolated,torch,3,6,comm_ms,3.044352,recorder
20260804-041933_aws_4d9beba2,hier_compress_lb_union_remotefrac_b8_k8_isolated,isolated,torch,3,7,comm_ms,3.66592,recorder
20260804-041933_aws_4d9beba2,hier_compress_lb_union_remotefrac_b8_k8_isolated,isolated,torch,3,8,comm_ms,3.288064,recorder
20260804-041933_aws_4d9beba2,hier_compress_lb_union_remotefrac_b8_k8_isolated,isolated,torch,3,9,comm_ms,2.950144,recorder
20260804-041933_aws_4d9beba2,hier_compress_lb_union_remotefrac_b8_k8_isolated,isolated,torch,3,0,scatter_ms,9.157632,recorder
20260804-041933_aws_4d9beba2,hier_compress_lb_union_remotefrac_b8_k8_isolated,isolated,torch,3,1,scatter_ms,9.184256,recorder
20260804-041933_aws_4d9beba2,hier_compress_lb_union_remotefrac_b8_k8_isolated,isolated,torch,3,2,scatter_ms,9.111552,recorder
20260804-041933_aws_4d9beba2,hier_compress_lb_union_remotefrac_b8_k8_isolated,isolated,torch,3,3,scatter_ms,9.116672,recorder
20260804-041933_aws_4d9beba2,hier_compress_lb_union_remotefrac_b8_k8_isolated,isolated,torch,3,4,scatter_ms,9.120768,recorder
20260804-041933_aws_4d9beba2,hier_compress_lb_union_remotefrac_b8_k8_isolated,isolated,torch,3,5,scatter_ms,9.140224,recorder
20260804-041933_aws_4d9beba2,hier_compress_lb_union_remotefrac_b8_k8_isolated,isolated,torch,3,6,scatter_ms,9.160704,recorder
20260804-041933_aws_4d9beba2,hier_compress_lb_union_remotefrac_b8_k8_isolated,isolated,torch,3,7,scatter_ms,9.14944,recorder
20260804-041933_aws_4d9beba2,hier_compress_lb_union_remotefrac_b8_k8_isolated,isolated,torch,3,8,scatter_ms,9.167872,recorder
20260804-041933_aws_4d9beba2,hier_compress_lb_union_remotefrac_b8_k8_isolated,isolated,torch,3,9,scatter_ms,9.179136,recorder
20260804-041933_aws_4d9beba2,hier_compress_lb_union_remotefrac_b8_k8_isolated,isolated,torch,3,0,gemm_ms,2.381824,recorder
20260804-041933_aws_4d9beba2,hier_compress_lb_union_remotefrac_b8_k8_isolated,isolated,torch,3,1,gemm_ms,2.38592,recorder
20260804-041933_aws_4d9beba2,hier_compress_lb_union_remotefrac_b8_k8_isolated,isolated,torch,3,2,gemm_ms,2.381824,recorder
20260804-041933_aws_4d9beba2,hier_compress_lb_union_remotefrac_b8_k8_isolated,isolated,torch,3,3,gemm_ms,2.382848,recorder
20260804-041933_aws_4d9beba2,hier_compress_lb_union_remotefrac_b8_k8_isolated,isolated,torch,3,4,gemm_ms,2.381824,recorder
20260804-041933_aws_4d9beba2,hier_compress_lb_union_remotefrac_b8_k8_isolated,isolated,torch,3,5,gemm_ms,2.382848,recorder
20260804-041933_aws_4d9beba2,hier_compress_lb_union_remotefrac_b8_k8_isolated,isolated,torch,3,6,gemm_ms,2.384896,recorder
20260804-041933_aws_4d9beba2,hier_compress_lb_union_remotefrac_b8_k8_isolated,isolated,torch,3,7,gemm_ms,2.381824,recorder
20260804-041933_aws_4d9beba2,hier_compress_lb_union_remotefrac_b8_k8_isolated,isolated,torch,3,8,gemm_ms,2.383872,recorder
20260804-041933_aws_4d9beba2,hier_compress_lb_union_remotefrac_b8_k8_isolated,isolated,torch,3,9,gemm_ms,2.402304,recorder
20260804-041933_aws_4d9beba2,hier_compress_lb_union_remotefrac_b8_k8_isolated,isolated,flux,3,0,e2e_ms,4.058112,recorder
20260804-041933_aws_4d9beba2,hier_compress_lb_union_remotefrac_b8_k8_isolated,isolated,flux,3,1,e2e_ms,4.13696,recorder
20260804-041933_aws_4d9beba2,hier_compress_lb_union_remotefrac_b8_k8_isolated,isolated,flux,3,2,e2e_ms,4.236288,recorder
20260804-041933_aws_4d9beba2,hier_compress_lb_union_remotefrac_b8_k8_isolated,isolated,flux,3,3,e2e_ms,4.127744,recorder
20260804-041933_aws_4d9beba2,hier_compress_lb_union_remotefrac_b8_k8_isolated,isolated,flux,3,4,e2e_ms,4.08064,recorder
20260804-041933_aws_4d9beba2,hier_compress_lb_union_remotefrac_b8_k8_isolated,isolated,flux,3,5,e2e_ms,4.144128,recorder
20260804-041933_aws_4d9beba2,hier_compress_lb_union_remotefrac_b8_k8_isolated,isolated,flux,3,6,e2e_ms,4.107264,recorder
20260804-041933_aws_4d9beba2,hier_compress_lb_union_remotefrac_b8_k8_isolated,isolated,flux,3,7,e2e_ms,4.144128,recorder
20260804-041933_aws_4d9beba2,hier_compress_lb_union_remotefrac_b8_k8_isolated,isolated,flux,3,8,e2e_ms,4.118528,recorder
20260804-041933_aws_4d9beba2,hier_compress_lb_union_remotefrac_b8_k8_isolated,isolated,flux,3,9,e2e_ms,4.12672,recorder
20260804-041933_aws_4d9beba2,hier_compress_lb_union_remotefrac_b8_k8_isolated,isolated,flux,3,0,iso_sync_ms,3.084127,recorder
20260804-041933_aws_4d9beba2,hier_compress_lb_union_remotefrac_b8_k8_isolated,isolated,flux,3,1,iso_sync_ms,3.154414,recorder
20260804-041933_aws_4d9beba2,hier_compress_lb_union_remotefrac_b8_k8_isolated,isolated,flux,3,2,iso_sync_ms,3.129642,recorder
20260804-041933_aws_4d9beba2,hier_compress_lb_union_remotefrac_b8_k8_isolated,isolated,flux,3,3,iso_sync_ms,3.188772,recorder
20260804-041933_aws_4d9beba2,hier_compress_lb_union_remotefrac_b8_k8_isolated,isolated,flux,3,4,iso_sync_ms,3.198069,recorder
20260804-041933_aws_4d9beba2,hier_compress_lb_union_remotefrac_b8_k8_isolated,isolated,flux,3,5,iso_sync_ms,3.07542,recorder
20260804-041933_aws_4d9beba2,hier_compress_lb_union_remotefrac_b8_k8_isolated,isolated,flux,3,6,iso_sync_ms,3.970857,recorder
20260804-041933_aws_4d9beba2,hier_compress_lb_union_remotefrac_b8_k8_isolated,isolated,flux,3,7,iso_sync_ms,3.092536,recorder
20260804-041933_aws_4d9beba2,hier_compress_lb_union_remotefrac_b8_k8_isolated,isolated,flux,3,8,iso_sync_ms,3.145762,recorder
20260804-041933_aws_4d9beba2,hier_compress_lb_union_remotefrac_b8_k8_isolated,isolated,flux,3,9,iso_sync_ms,3.176293,recorder
20260804-041933_aws_4d9beba2,hier_compress_lb_union_remotefrac_b8_k8_isolated,isolated,torch,4,0,comm_ms,2.898944,recorder
20260804-041933_aws_4d9beba2,hier_compress_lb_union_remotefrac_b8_k8_isolated,isolated,torch,4,1,comm_ms,3.072,recorder
20260804-041933_aws_4d9beba2,hier_compress_lb_union_remotefrac_b8_k8_isolated,isolated,torch,4,2,comm_ms,2.771968,recorder
20260804-041933_aws_4d9beba2,hier_compress_lb_union_remotefrac_b8_k8_isolated,isolated,torch,4,3,comm_ms,3.84,recorder
20260804-041933_aws_4d9beba2,hier_compress_lb_union_remotefrac_b8_k8_isolated,isolated,torch,4,4,comm_ms,2.900992,recorder
20260804-041933_aws_4d9beba2,hier_compress_lb_union_remotefrac_b8_k8_isolated,isolated,torch,4,5,comm_ms,2.881536,recorder
20260804-041933_aws_4d9beba2,hier_compress_lb_union_remotefrac_b8_k8_isolated,isolated,torch,4,6,comm_ms,4.870144,recorder
20260804-041933_aws_4d9beba2,hier_compress_lb_union_remotefrac_b8_k8_isolated,isolated,torch,4,7,comm_ms,5.440512,recorder
20260804-041933_aws_4d9beba2,hier_compress_lb_union_remotefrac_b8_k8_isolated,isolated,torch,4,8,comm_ms,5.0432,recorder
20260804-041933_aws_4d9beba2,hier_compress_lb_union_remotefrac_b8_k8_isolated,isolated,torch,4,9,comm_ms,4.908032,recorder
20260804-041933_aws_4d9beba2,hier_compress_lb_union_remotefrac_b8_k8_isolated,isolated,torch,4,0,scatter_ms,9.15968,recorder
20260804-041933_aws_4d9beba2,hier_compress_lb_union_remotefrac_b8_k8_isolated,isolated,torch,4,1,scatter_ms,9.160704,recorder
20260804-041933_aws_4d9beba2,hier_compress_lb_union_remotefrac_b8_k8_isolated,isolated,torch,4,2,scatter_ms,9.182208,recorder
20260804-041933_aws_4d9beba2,hier_compress_lb_union_remotefrac_b8_k8_isolated,isolated,torch,4,3,scatter_ms,9.12896,recorder
20260804-041933_aws_4d9beba2,hier_compress_lb_union_remotefrac_b8_k8_isolated,isolated,torch,4,4,scatter_ms,9.156608,recorder
20260804-041933_aws_4d9beba2,hier_compress_lb_union_remotefrac_b8_k8_isolated,isolated,torch,4,5,scatter_ms,7.999488,recorder
20260804-041933_aws_4d9beba2,hier_compress_lb_union_remotefrac_b8_k8_isolated,isolated,torch,4,6,scatter_ms,7.784448,recorder
20260804-041933_aws_4d9beba2,hier_compress_lb_union_remotefrac_b8_k8_isolated,isolated,torch,4,7,scatter_ms,7.86944,recorder
20260804-041933_aws_4d9beba2,hier_compress_lb_union_remotefrac_b8_k8_isolated,isolated,torch,4,8,scatter_ms,7.79264,recorder
20260804-041933_aws_4d9beba2,hier_compress_lb_union_remotefrac_b8_k8_isolated,isolated,torch,4,9,scatter_ms,7.8592,recorder
20260804-041933_aws_4d9beba2,hier_compress_lb_union_remotefrac_b8_k8_isolated,isolated,torch,4,0,gemm_ms,2.40128,recorder
20260804-041933_aws_4d9beba2,hier_compress_lb_union_remotefrac_b8_k8_isolated,isolated,torch,4,1,gemm_ms,2.402304,recorder
20260804-041933_aws_4d9beba2,hier_compress_lb_union_remotefrac_b8_k8_isolated,isolated,torch,4,2,gemm_ms,2.399232,recorder
20260804-041933_aws_4d9beba2,hier_compress_lb_union_remotefrac_b8_k8_isolated,isolated,torch,4,3,gemm_ms,2.399232,recorder
20260804-041933_aws_4d9beba2,hier_compress_lb_union_remotefrac_b8_k8_isolated,isolated,torch,4,4,gemm_ms,2.399232,recorder
20260804-041933_aws_4d9beba2,hier_compress_lb_union_remotefrac_b8_k8_isolated,isolated,torch,4,5,gemm_ms,1.8688,recorder
20260804-041933_aws_4d9beba2,hier_compress_lb_union_remotefrac_b8_k8_isolated,isolated,torch,4,6,gemm_ms,1.8688,recorder
20260804-041933_aws_4d9beba2,hier_compress_lb_union_remotefrac_b8_k8_isolated,isolated,torch,4,7,gemm_ms,1.8688,recorder
20260804-041933_aws_4d9beba2,hier_compress_lb_union_remotefrac_b8_k8_isolated,isolated,torch,4,8,gemm_ms,1.865728,recorder
20260804-041933_aws_4d9beba2,hier_compress_lb_union_remotefrac_b8_k8_isolated,isolated,torch,4,9,gemm_ms,1.865728,recorder
20260804-041933_aws_4d9beba2,hier_compress_lb_union_remotefrac_b8_k8_isolated,isolated,flux,4,0,e2e_ms,4.048896,recorder
20260804-041933_aws_4d9beba2,hier_compress_lb_union_remotefrac_b8_k8_isolated,isolated,flux,4,1,e2e_ms,4.04992,recorder
20260804-041933_aws_4d9beba2,hier_compress_lb_union_remotefrac_b8_k8_isolated,isolated,flux,4,2,e2e_ms,4.112384,recorder
20260804-041933_aws_4d9beba2,hier_compress_lb_union_remotefrac_b8_k8_isolated,isolated,flux,4,3,e2e_ms,4.137984,recorder
20260804-041933_aws_4d9beba2,hier_compress_lb_union_remotefrac_b8_k8_isolated,isolated,flux,4,4,e2e_ms,4.094976,recorder
20260804-041933_aws_4d9beba2,hier_compress_lb_union_remotefrac_b8_k8_isolated,isolated,flux,4,5,e2e_ms,4.045824,recorder
20260804-041933_aws_4d9beba2,hier_compress_lb_union_remotefrac_b8_k8_isolated,isolated,flux,4,6,e2e_ms,4.125696,recorder
20260804-041933_aws_4d9beba2,hier_compress_lb_union_remotefrac_b8_k8_isolated,isolated,flux,4,7,e2e_ms,4.155392,recorder
20260804-041933_aws_4d9beba2,hier_compress_lb_union_remotefrac_b8_k8_isolated,isolated,flux,4,8,e2e_ms,4.129792,recorder
20260804-041933_aws_4d9beba2,hier_compress_lb_union_remotefrac_b8_k8_isolated,isolated,flux,4,9,e2e_ms,4.14208,recorder
20260804-041933_aws_4d9beba2,hier_compress_lb_union_remotefrac_b8_k8_isolated,isolated,flux,4,0,iso_sync_ms,3.144295,recorder
20260804-041933_aws_4d9beba2,hier_compress_lb_union_remotefrac_b8_k8_isolated,isolated,flux,4,1,iso_sync_ms,3.211548,recorder
20260804-041933_aws_4d9beba2,hier_compress_lb_union_remotefrac_b8_k8_isolated,isolated,flux,4,2,iso_sync_ms,3.169399,recorder
20260804-041933_aws_4d9beba2,hier_compress_lb_union_remotefrac_b8_k8_isolated,isolated,flux,4,3,iso_sync_ms,3.240616,recorder
20260804-041933_aws_4d9beba2,hier_compress_lb_union_remotefrac_b8_k8_isolated,isolated,flux,4,4,iso_sync_ms,3.254,recorder
20260804-041933_aws_4d9beba2,hier_compress_lb_union_remotefrac_b8_k8_isolated,isolated,flux,4,5,iso_sync_ms,3.159664,recorder
20260804-041933_aws_4d9beba2,hier_compress_lb_union_remotefrac_b8_k8_isolated,isolated,flux,4,6,iso_sync_ms,4.017953,recorder
20260804-041933_aws_4d9beba2,hier_compress_lb_union_remotefrac_b8_k8_isolated,isolated,flux,4,7,iso_sync_ms,3.165105,recorder
20260804-041933_aws_4d9beba2,hier_compress_lb_union_remotefrac_b8_k8_isolated,isolated,flux,4,8,iso_sync_ms,3.201336,recorder
20260804-041933_aws_4d9beba2,hier_compress_lb_union_remotefrac_b8_k8_isolated,isolated,flux,4,9,iso_sync_ms,3.219198,recorder
20260804-041933_aws_4d9beba2,hier_compress_lb_union_remotefrac_b8_k8_isolated,isolated,torch,5,0,comm_ms,3.089408,recorder
20260804-041933_aws_4d9beba2,hier_compress_lb_union_remotefrac_b8_k8_isolated,isolated,torch,5,1,comm_ms,3.414016,recorder
20260804-041933_aws_4d9beba2,hier_compress_lb_union_remotefrac_b8_k8_isolated,isolated,torch,5,2,comm_ms,2.793472,recorder
20260804-041933_aws_4d9beba2,hier_compress_lb_union_remotefrac_b8_k8_isolated,isolated,torch,5,3,comm_ms,3.147776,recorder
20260804-041933_aws_4d9beba2,hier_compress_lb_union_remotefrac_b8_k8_isolated,isolated,torch,5,4,comm_ms,3.14368,recorder
20260804-041933_aws_4d9beba2,hier_compress_lb_union_remotefrac_b8_k8_isolated,isolated,torch,5,5,comm_ms,3.407872,recorder
20260804-041933_aws_4d9beba2,hier_compress_lb_union_remotefrac_b8_k8_isolated,isolated,torch,5,6,comm_ms,3.185664,recorder
20260804-041933_aws_4d9beba2,hier_compress_lb_union_remotefrac_b8_k8_isolated,isolated,torch,5,7,comm_ms,3.0976,recorder
20260804-041933_aws_4d9beba2,hier_compress_lb_union_remotefrac_b8_k8_isolated,isolated,torch,5,8,comm_ms,2.886656,recorder
20260804-041933_aws_4d9beba2,hier_compress_lb_union_remotefrac_b8_k8_isolated,isolated,torch,5,9,comm_ms,3.30752,recorder
20260804-041933_aws_4d9beba2,hier_compress_lb_union_remotefrac_b8_k8_isolated,isolated,torch,5,0,scatter_ms,9.135104,recorder
20260804-041933_aws_4d9beba2,hier_compress_lb_union_remotefrac_b8_k8_isolated,isolated,torch,5,1,scatter_ms,9.238528,recorder
20260804-041933_aws_4d9beba2,hier_compress_lb_union_remotefrac_b8_k8_isolated,isolated,torch,5,2,scatter_ms,9.126912,recorder
20260804-041933_aws_4d9beba2,hier_compress_lb_union_remotefrac_b8_k8_isolated,isolated,torch,5,3,scatter_ms,9.122816,recorder
20260804-041933_aws_4d9beba2,hier_compress_lb_union_remotefrac_b8_k8_isolated,isolated,torch,5,4,scatter_ms,9.1136,recorder
20260804-041933_aws_4d9beba2,hier_compress_lb_union_remotefrac_b8_k8_isolated,isolated,torch,5,5,scatter_ms,9.116672,recorder
20260804-041933_aws_4d9beba2,hier_compress_lb_union_remotefrac_b8_k8_isolated,isolated,torch,5,6,scatter_ms,9.138176,recorder
20260804-041933_aws_4d9beba2,hier_compress_lb_union_remotefrac_b8_k8_isolated,isolated,torch,5,7,scatter_ms,9.142272,recorder
20260804-041933_aws_4d9beba2,hier_compress_lb_union_remotefrac_b8_k8_isolated,isolated,torch,5,8,scatter_ms,9.1136,recorder
20260804-041933_aws_4d9beba2,hier_compress_lb_union_remotefrac_b8_k8_isolated,isolated,torch,5,9,scatter_ms,9.145344,recorder
20260804-041933_aws_4d9beba2,hier_compress_lb_union_remotefrac_b8_k8_isolated,isolated,torch,5,0,gemm_ms,2.39616,recorder
20260804-041933_aws_4d9beba2,hier_compress_lb_union_remotefrac_b8_k8_isolated,isolated,torch,5,1,gemm_ms,2.398208,recorder
20260804-041933_aws_4d9beba2,hier_compress_lb_union_remotefrac_b8_k8_isolated,isolated,torch,5,2,gemm_ms,2.395136,recorder
20260804-041933_aws_4d9beba2,hier_compress_lb_union_remotefrac_b8_k8_isolated,isolated,torch,5,3,gemm_ms,2.397184,recorder
20260804-041933_aws_4d9beba2,hier_compress_lb_union_remotefrac_b8_k8_isolated,isolated,torch,5,4,gemm_ms,2.39616,recorder
20260804-041933_aws_4d9beba2,hier_compress_lb_union_remotefrac_b8_k8_isolated,isolated,torch,5,5,gemm_ms,2.395136,recorder
20260804-041933_aws_4d9beba2,hier_compress_lb_union_remotefrac_b8_k8_isolated,isolated,torch,5,6,gemm_ms,2.395136,recorder
20260804-041933_aws_4d9beba2,hier_compress_lb_union_remotefrac_b8_k8_isolated,isolated,torch,5,7,gemm_ms,2.395136,recorder
20260804-041933_aws_4d9beba2,hier_compress_lb_union_remotefrac_b8_k8_isolated,isolated,torch,5,8,gemm_ms,2.397184,recorder
20260804-041933_aws_4d9beba2,hier_compress_lb_union_remotefrac_b8_k8_isolated,isolated,torch,5,9,gemm_ms,2.394112,recorder
20260804-041933_aws_4d9beba2,hier_compress_lb_union_remotefrac_b8_k8_isolated,isolated,flux,5,0,e2e_ms,4.037632,recorder
20260804-041933_aws_4d9beba2,hier_compress_lb_union_remotefrac_b8_k8_isolated,isolated,flux,5,1,e2e_ms,4.059136,recorder
20260804-041933_aws_4d9beba2,hier_compress_lb_union_remotefrac_b8_k8_isolated,isolated,flux,5,2,e2e_ms,4.1472,recorder
20260804-041933_aws_4d9beba2,hier_compress_lb_union_remotefrac_b8_k8_isolated,isolated,flux,5,3,e2e_ms,4.129792,recorder
20260804-041933_aws_4d9beba2,hier_compress_lb_union_remotefrac_b8_k8_isolated,isolated,flux,5,4,e2e_ms,4.086784,recorder
20260804-041933_aws_4d9beba2,hier_compress_lb_union_remotefrac_b8_k8_isolated,isolated,flux,5,5,e2e_ms,4.115456,recorder
20260804-041933_aws_4d9beba2,hier_compress_lb_union_remotefrac_b8_k8_isolated,isolated,flux,5,6,e2e_ms,4.081664,recorder
20260804-041933_aws_4d9beba2,hier_compress_lb_union_remotefrac_b8_k8_isolated,isolated,flux,5,7,e2e_ms,4.12672,recorder
20260804-041933_aws_4d9beba2,hier_compress_lb_union_remotefrac_b8_k8_isolated,isolated,flux,5,8,e2e_ms,4.120576,recorder
20260804-041933_aws_4d9beba2,hier_compress_lb_union_remotefrac_b8_k8_isolated,isolated,flux,5,9,e2e_ms,4.132864,recorder
20260804-041933_aws_4d9beba2,hier_compress_lb_union_remotefrac_b8_k8_isolated,isolated,flux,5,0,iso_sync_ms,3.312346,recorder
20260804-041933_aws_4d9beba2,hier_compress_lb_union_remotefrac_b8_k8_isolated,isolated,flux,5,1,iso_sync_ms,3.329904,recorder
20260804-041933_aws_4d9beba2,hier_compress_lb_union_remotefrac_b8_k8_isolated,isolated,flux,5,2,iso_sync_ms,3.349127,recorder
20260804-041933_aws_4d9beba2,hier_compress_lb_union_remotefrac_b8_k8_isolated,isolated,flux,5,3,iso_sync_ms,3.3966,recorder
20260804-041933_aws_4d9beba2,hier_compress_lb_union_remotefrac_b8_k8_isolated,isolated,flux,5,4,iso_sync_ms,3.402745,recorder
20260804-041933_aws_4d9beba2,hier_compress_lb_union_remotefrac_b8_k8_isolated,isolated,flux,5,5,iso_sync_ms,3.300048,recorder
20260804-041933_aws_4d9beba2,hier_compress_lb_union_remotefrac_b8_k8_isolated,isolated,flux,5,6,iso_sync_ms,4.159512,recorder
20260804-041933_aws_4d9beba2,hier_compress_lb_union_remotefrac_b8_k8_isolated,isolated,flux,5,7,iso_sync_ms,3.311342,recorder
20260804-041933_aws_4d9beba2,hier_compress_lb_union_remotefrac_b8_k8_isolated,isolated,flux,5,8,iso_sync_ms,3.347571,recorder
20260804-041933_aws_4d9beba2,hier_compress_lb_union_remotefrac_b8_k8_isolated,isolated,flux,5,9,iso_sync_ms,3.354073,recorder
20260804-041933_aws_4d9beba2,hier_compress_lb_union_remotefrac_b8_k8_isolated,isolated,torch,6,0,comm_ms,3.401728,recorder
20260804-041933_aws_4d9beba2,hier_compress_lb_union_remotefrac_b8_k8_isolated,isolated,torch,6,1,comm_ms,3.725312,recorder
20260804-041933_aws_4d9beba2,hier_compress_lb_union_remotefrac_b8_k8_isolated,isolated,torch,6,2,comm_ms,3.151872,recorder
20260804-041933_aws_4d9beba2,hier_compress_lb_union_remotefrac_b8_k8_isolated,isolated,torch,6,3,comm_ms,3.349504,recorder
20260804-041933_aws_4d9beba2,hier_compress_lb_union_remotefrac_b8_k8_isolated,isolated,torch,6,4,comm_ms,3.485696,recorder
20260804-041933_aws_4d9beba2,hier_compress_lb_union_remotefrac_b8_k8_isolated,isolated,torch,6,5,comm_ms,3.837952,recorder
20260804-041933_aws_4d9beba2,hier_compress_lb_union_remotefrac_b8_k8_isolated,isolated,torch,6,6,comm_ms,3.50208,recorder
20260804-041933_aws_4d9beba2,hier_compress_lb_union_remotefrac_b8_k8_isolated,isolated,torch,6,7,comm_ms,3.405824,recorder
20260804-041933_aws_4d9beba2,hier_compress_lb_union_remotefrac_b8_k8_isolated,isolated,torch,6,8,comm_ms,3.1744,recorder
20260804-041933_aws_4d9beba2,hier_compress_lb_union_remotefrac_b8_k8_isolated,isolated,torch,6,9,comm_ms,3.444736,recorder
20260804-041933_aws_4d9beba2,hier_compress_lb_union_remotefrac_b8_k8_isolated,isolated,torch,6,0,scatter_ms,8.94464,recorder
20260804-041933_aws_4d9beba2,hier_compress_lb_union_remotefrac_b8_k8_isolated,isolated,torch,6,1,scatter_ms,8.927232,recorder
20260804-041933_aws_4d9beba2,hier_compress_lb_union_remotefrac_b8_k8_isolated,isolated,torch,6,2,scatter_ms,8.906752,recorder
20260804-041933_aws_4d9beba2,hier_compress_lb_union_remotefrac_b8_k8_isolated,isolated,torch,6,3,scatter_ms,8.9088,recorder
20260804-041933_aws_4d9beba2,hier_compress_lb_union_remotefrac_b8_k8_isolated,isolated,torch,6,4,scatter_ms,8.926208,recorder
20260804-041933_aws_4d9beba2,hier_compress_lb_union_remotefrac_b8_k8_isolated,isolated,torch,6,5,scatter_ms,8.938496,recorder
20260804-041933_aws_4d9beba2,hier_compress_lb_union_remotefrac_b8_k8_isolated,isolated,torch,6,6,scatter_ms,8.921088,recorder
20260804-041933_aws_4d9beba2,hier_compress_lb_union_remotefrac_b8_k8_isolated,isolated,torch,6,7,scatter_ms,8.914944,recorder
20260804-041933_aws_4d9beba2,hier_compress_lb_union_remotefrac_b8_k8_isolated,isolated,torch,6,8,scatter_ms,8.88832,recorder
20260804-041933_aws_4d9beba2,hier_compress_lb_union_remotefrac_b8_k8_isolated,isolated,torch,6,9,scatter_ms,8.94976,recorder
20260804-041933_aws_4d9beba2,hier_compress_lb_union_remotefrac_b8_k8_isolated,isolated,torch,6,0,gemm_ms,2.294784,recorder
20260804-041933_aws_4d9beba2,hier_compress_lb_union_remotefrac_b8_k8_isolated,isolated,torch,6,1,gemm_ms,2.296832,recorder
20260804-041933_aws_4d9beba2,hier_compress_lb_union_remotefrac_b8_k8_isolated,isolated,torch,6,2,gemm_ms,2.295808,recorder
20260804-041933_aws_4d9beba2,hier_compress_lb_union_remotefrac_b8_k8_isolated,isolated,torch,6,3,gemm_ms,2.297856,recorder
20260804-041933_aws_4d9beba2,hier_compress_lb_union_remotefrac_b8_k8_isolated,isolated,torch,6,4,gemm_ms,2.295808,recorder
20260804-041933_aws_4d9beba2,hier_compress_lb_union_remotefrac_b8_k8_isolated,isolated,torch,6,5,gemm_ms,2.295808,recorder
20260804-041933_aws_4d9beba2,hier_compress_lb_union_remotefrac_b8_k8_isolated,isolated,torch,6,6,gemm_ms,2.295808,recorder
20260804-041933_aws_4d9beba2,hier_compress_lb_union_remotefrac_b8_k8_isolated,isolated,torch,6,7,gemm_ms,2.294784,recorder
20260804-041933_aws_4d9beba2,hier_compress_lb_union_remotefrac_b8_k8_isolated,isolated,torch,6,8,gemm_ms,2.29376,recorder
20260804-041933_aws_4d9beba2,hier_compress_lb_union_remotefrac_b8_k8_isolated,isolated,torch,6,9,gemm_ms,2.294784,recorder
20260804-041933_aws_4d9beba2,hier_compress_lb_union_remotefrac_b8_k8_isolated,isolated,flux,6,0,e2e_ms,4.046848,recorder
20260804-041933_aws_4d9beba2,hier_compress_lb_union_remotefrac_b8_k8_isolated,isolated,flux,6,1,e2e_ms,4.047872,recorder
20260804-041933_aws_4d9beba2,hier_compress_lb_union_remotefrac_b8_k8_isolated,isolated,flux,6,2,e2e_ms,4.113408,recorder
20260804-041933_aws_4d9beba2,hier_compress_lb_union_remotefrac_b8_k8_isolated,isolated,flux,6,3,e2e_ms,4.141056,recorder
20260804-041933_aws_4d9beba2,hier_compress_lb_union_remotefrac_b8_k8_isolated,isolated,flux,6,4,e2e_ms,4.093952,recorder
20260804-041933_aws_4d9beba2,hier_compress_lb_union_remotefrac_b8_k8_isolated,isolated,flux,6,5,e2e_ms,4.050944,recorder
20260804-041933_aws_4d9beba2,hier_compress_lb_union_remotefrac_b8_k8_isolated,isolated,flux,6,6,e2e_ms,4.079616,recorder
20260804-041933_aws_4d9beba2,hier_compress_lb_union_remotefrac_b8_k8_isolated,isolated,flux,6,7,e2e_ms,4.135936,recorder
20260804-041933_aws_4d9beba2,hier_compress_lb_union_remotefrac_b8_k8_isolated,isolated,flux,6,8,e2e_ms,4.128768,recorder
20260804-041933_aws_4d9beba2,hier_compress_lb_union_remotefrac_b8_k8_isolated,isolated,flux,6,9,e2e_ms,4.146176,recorder
20260804-041933_aws_4d9beba2,hier_compress_lb_union_remotefrac_b8_k8_isolated,isolated,flux,6,0,iso_sync_ms,3.083341,recorder
20260804-041933_aws_4d9beba2,hier_compress_lb_union_remotefrac_b8_k8_isolated,isolated,flux,6,1,iso_sync_ms,3.148843,recorder
20260804-041933_aws_4d9beba2,hier_compress_lb_union_remotefrac_b8_k8_isolated,isolated,flux,6,2,iso_sync_ms,3.097324,recorder
20260804-041933_aws_4d9beba2,hier_compress_lb_union_remotefrac_b8_k8_isolated,isolated,flux,6,3,iso_sync_ms,3.184913,recorder
20260804-041933_aws_4d9beba2,hier_compress_lb_union_remotefrac_b8_k8_isolated,isolated,flux,6,4,iso_sync_ms,3.184707,recorder
20260804-041933_aws_4d9beba2,hier_compress_lb_union_remotefrac_b8_k8_isolated,isolated,flux,6,5,iso_sync_ms,3.081966,recorder
20260804-041933_aws_4d9beba2,hier_compress_lb_union_remotefrac_b8_k8_isolated,isolated,flux,6,6,iso_sync_ms,3.946294,recorder
20260804-041933_aws_4d9beba2,hier_compress_lb_union_remotefrac_b8_k8_isolated,isolated,flux,6,7,iso_sync_ms,3.078996,recorder
20260804-041933_aws_4d9beba2,hier_compress_lb_union_remotefrac_b8_k8_isolated,isolated,flux,6,8,iso_sync_ms,3.129785,recorder
20260804-041933_aws_4d9beba2,hier_compress_lb_union_remotefrac_b8_k8_isolated,isolated,flux,6,9,iso_sync_ms,3.149766,recorder
20260804-041933_aws_4d9beba2,hier_compress_lb_union_remotefrac_b8_k8_isolated,isolated,torch,7,0,comm_ms,2.834432,recorder
20260804-041933_aws_4d9beba2,hier_compress_lb_union_remotefrac_b8_k8_isolated,isolated,torch,7,1,comm_ms,3.677184,recorder
20260804-041933_aws_4d9beba2,hier_compress_lb_union_remotefrac_b8_k8_isolated,isolated,torch,7,2,comm_ms,2.855936,recorder
20260804-041933_aws_4d9beba2,hier_compress_lb_union_remotefrac_b8_k8_isolated,isolated,torch,7,3,comm_ms,3.122176,recorder
20260804-041933_aws_4d9beba2,hier_compress_lb_union_remotefrac_b8_k8_isolated,isolated,torch,7,4,comm_ms,2.992128,recorder
20260804-041933_aws_4d9beba2,hier_compress_lb_union_remotefrac_b8_k8_isolated,isolated,torch,7,5,comm_ms,3.744768,recorder
20260804-041933_aws_4d9beba2,hier_compress_lb_union_remotefrac_b8_k8_isolated,isolated,torch,7,6,comm_ms,3.101696,recorder
20260804-041933_aws_4d9beba2,hier_compress_lb_union_remotefrac_b8_k8_isolated,isolated,torch,7,7,comm_ms,3.190784,recorder
20260804-041933_aws_4d9beba2,hier_compress_lb_union_remotefrac_b8_k8_isolated,isolated,torch,7,8,comm_ms,2.975744,recorder
20260804-041933_aws_4d9beba2,hier_compress_lb_union_remotefrac_b8_k8_isolated,isolated,torch,7,9,comm_ms,3.026944,recorder
20260804-041933_aws_4d9beba2,hier_compress_lb_union_remotefrac_b8_k8_isolated,isolated,torch,7,0,scatter_ms,9.131008,recorder
20260804-041933_aws_4d9beba2,hier_compress_lb_union_remotefrac_b8_k8_isolated,isolated,torch,7,1,scatter_ms,9.138176,recorder
20260804-041933_aws_4d9beba2,hier_compress_lb_union_remotefrac_b8_k8_isolated,isolated,torch,7,2,scatter_ms,9.155584,recorder
20260804-041933_aws_4d9beba2,hier_compress_lb_union_remotefrac_b8_k8_isolated,isolated,torch,7,3,scatter_ms,9.129984,recorder
20260804-041933_aws_4d9beba2,hier_compress_lb_union_remotefrac_b8_k8_isolated,isolated,torch,7,4,scatter_ms,9.122816,recorder
20260804-041933_aws_4d9beba2,hier_compress_lb_union_remotefrac_b8_k8_isolated,isolated,torch,7,5,scatter_ms,9.14432,recorder
20260804-041933_aws_4d9beba2,hier_compress_lb_union_remotefrac_b8_k8_isolated,isolated,torch,7,6,scatter_ms,9.112576,recorder
20260804-041933_aws_4d9beba2,hier_compress_lb_union_remotefrac_b8_k8_isolated,isolated,torch,7,7,scatter_ms,9.129984,recorder
20260804-041933_aws_4d9beba2,hier_compress_lb_union_remotefrac_b8_k8_isolated,isolated,torch,7,8,scatter_ms,9.116672,recorder
20260804-041933_aws_4d9beba2,hier_compress_lb_union_remotefrac_b8_k8_isolated,isolated,torch,7,9,scatter_ms,9.127936,recorder
20260804-041933_aws_4d9beba2,hier_compress_lb_union_remotefrac_b8_k8_isolated,isolated,torch,7,0,gemm_ms,2.412544,recorder
20260804-041933_aws_4d9beba2,hier_compress_lb_union_remotefrac_b8_k8_isolated,isolated,torch,7,1,gemm_ms,2.410496,recorder
20260804-041933_aws_4d9beba2,hier_compress_lb_union_remotefrac_b8_k8_isolated,isolated,torch,7,2,gemm_ms,2.409472,recorder
20260804-041933_aws_4d9beba2,hier_compress_lb_union_remotefrac_b8_k8_isolated,isolated,torch,7,3,gemm_ms,2.408448,recorder
20260804-041933_aws_4d9beba2,hier_compress_lb_union_remotefrac_b8_k8_isolated,isolated,torch,7,4,gemm_ms,2.410496,recorder
20260804-041933_aws_4d9beba2,hier_compress_lb_union_remotefrac_b8_k8_isolated,isolated,torch,7,5,gemm_ms,2.41152,recorder
20260804-041933_aws_4d9beba2,hier_compress_lb_union_remotefrac_b8_k8_isolated,isolated,torch,7,6,gemm_ms,2.409472,recorder
20260804-041933_aws_4d9beba2,hier_compress_lb_union_remotefrac_b8_k8_isolated,isolated,torch,7,7,gemm_ms,2.409472,recorder
20260804-041933_aws_4d9beba2,hier_compress_lb_union_remotefrac_b8_k8_isolated,isolated,torch,7,8,gemm_ms,2.408448,recorder
20260804-041933_aws_4d9beba2,hier_compress_lb_union_remotefrac_b8_k8_isolated,isolated,torch,7,9,gemm_ms,2.410496,recorder
20260804-041933_aws_4d9beba2,hier_compress_lb_union_remotefrac_b8_k8_isolated,isolated,flux,7,0,e2e_ms,4.023296,recorder
20260804-041933_aws_4d9beba2,hier_compress_lb_union_remotefrac_b8_k8_isolated,isolated,flux,7,1,e2e_ms,4.04992,recorder
20260804-041933_aws_4d9beba2,hier_compress_lb_union_remotefrac_b8_k8_isolated,isolated,flux,7,2,e2e_ms,4.148224,recorder
20260804-041933_aws_4d9beba2,hier_compress_lb_union_remotefrac_b8_k8_isolated,isolated,flux,7,3,e2e_ms,4.110336,recorder
20260804-041933_aws_4d9beba2,hier_compress_lb_union_remotefrac_b8_k8_isolated,isolated,flux,7,4,e2e_ms,4.067328,recorder
20260804-041933_aws_4d9beba2,hier_compress_lb_union_remotefrac_b8_k8_isolated,isolated,flux,7,5,e2e_ms,4.0704,recorder
20260804-041933_aws_4d9beba2,hier_compress_lb_union_remotefrac_b8_k8_isolated,isolated,flux,7,6,e2e_ms,4.0704,recorder
20260804-041933_aws_4d9beba2,hier_compress_lb_union_remotefrac_b8_k8_isolated,isolated,flux,7,7,e2e_ms,4.114432,recorder
20260804-041933_aws_4d9beba2,hier_compress_lb_union_remotefrac_b8_k8_isolated,isolated,flux,7,8,e2e_ms,4.104192,recorder
20260804-041933_aws_4d9beba2,hier_compress_lb_union_remotefrac_b8_k8_isolated,isolated,flux,7,9,e2e_ms,4.115456,recorder
20260804-041933_aws_4d9beba2,hier_compress_lb_union_remotefrac_b8_k8_isolated,isolated,flux,7,0,iso_sync_ms,3.372144,recorder
20260804-041933_aws_4d9beba2,hier_compress_lb_union_remotefrac_b8_k8_isolated,isolated,flux,7,1,iso_sync_ms,3.404795,recorder
20260804-041933_aws_4d9beba2,hier_compress_lb_union_remotefrac_b8_k8_isolated,isolated,flux,7,2,iso_sync_ms,3.412736,recorder
20260804-041933_aws_4d9beba2,hier_compress_lb_union_remotefrac_b8_k8_isolated,isolated,flux,7,3,iso_sync_ms,3.442718,recorder
20260804-041933_aws_4d9beba2,hier_compress_lb_union_remotefrac_b8_k8_isolated,isolated,flux,7,4,iso_sync_ms,3.464036,recorder
20260804-041933_aws_4d9beba2,hier_compress_lb_union_remotefrac_b8_k8_isolated,isolated,flux,7,5,iso_sync_ms,3.373755,recorder
20260804-041933_aws_4d9beba2,hier_compress_lb_union_remotefrac_b8_k8_isolated,isolated,flux,7,6,iso_sync_ms,4.256192,recorder
20260804-041933_aws_4d9beba2,hier_compress_lb_union_remotefrac_b8_k8_isolated,isolated,flux,7,7,iso_sync_ms,3.369784,recorder
20260804-041933_aws_4d9beba2,hier_compress_lb_union_remotefrac_b8_k8_isolated,isolated,flux,7,8,iso_sync_ms,3.434384,recorder
20260804-041933_aws_4d9beba2,hier_compress_lb_union_remotefrac_b8_k8_isolated,isolated,flux,7,9,iso_sync_ms,3.422794,recorder
20260804-041933_aws_4d9beba2,hier_compress_lb_union_remotefrac_b8_k8_isolated,isolated,torch,8,0,comm_ms,2.973696,recorder
20260804-041933_aws_4d9beba2,hier_compress_lb_union_remotefrac_b8_k8_isolated,isolated,torch,8,1,comm_ms,3.016704,recorder
20260804-041933_aws_4d9beba2,hier_compress_lb_union_remotefrac_b8_k8_isolated,isolated,torch,8,2,comm_ms,3.004416,recorder
20260804-041933_aws_4d9beba2,hier_compress_lb_union_remotefrac_b8_k8_isolated,isolated,torch,8,3,comm_ms,3.154944,recorder
20260804-041933_aws_4d9beba2,hier_compress_lb_union_remotefrac_b8_k8_isolated,isolated,torch,8,4,comm_ms,3.56352,recorder
20260804-041933_aws_4d9beba2,hier_compress_lb_union_remotefrac_b8_k8_isolated,isolated,torch,8,5,comm_ms,3.131392,recorder
20260804-041933_aws_4d9beba2,hier_compress_lb_union_remotefrac_b8_k8_isolated,isolated,torch,8,6,comm_ms,3.06688,recorder
20260804-041933_aws_4d9beba2,hier_compress_lb_union_remotefrac_b8_k8_isolated,isolated,torch,8,7,comm_ms,2.812928,recorder
20260804-041933_aws_4d9beba2,hier_compress_lb_union_remotefrac_b8_k8_isolated,isolated,torch,8,8,comm_ms,3.323904,recorder
20260804-041933_aws_4d9beba2,hier_compress_lb_union_remotefrac_b8_k8_isolated,isolated,torch,8,9,comm_ms,3.418112,recorder
20260804-041933_aws_4d9beba2,hier_compress_lb_union_remotefrac_b8_k8_isolated,isolated,torch,8,0,scatter_ms,9.13408,recorder
20260804-041933_aws_4d9beba2,hier_compress_lb_union_remotefrac_b8_k8_isolated,isolated,torch,8,1,scatter_ms,9.111552,recorder
20260804-041933_aws_4d9beba2,hier_compress_lb_union_remotefrac_b8_k8_isolated,isolated,torch,8,2,scatter_ms,9.136128,recorder
20260804-041933_aws_4d9beba2,hier_compress_lb_union_remotefrac_b8_k8_isolated,isolated,torch,8,3,scatter_ms,9.137152,recorder
20260804-041933_aws_4d9beba2,hier_compress_lb_union_remotefrac_b8_k8_isolated,isolated,torch,8,4,scatter_ms,9.1648,recorder
20260804-041933_aws_4d9beba2,hier_compress_lb_union_remotefrac_b8_k8_isolated,isolated,torch,8,5,scatter_ms,9.162752,recorder
20260804-041933_aws_4d9beba2,hier_compress_lb_union_remotefrac_b8_k8_isolated,isolated,torch,8,6,scatter_ms,9.143296,recorder
20260804-041933_aws_4d9beba2,hier_compress_lb_union_remotefrac_b8_k8_isolated,isolated,torch,8,7,scatter_ms,9.142272,recorder
20260804-041933_aws_4d9beba2,hier_compress_lb_union_remotefrac_b8_k8_isolated,isolated,torch,8,8,scatter_ms,9.133056,recorder
20260804-041933_aws_4d9beba2,hier_compress_lb_union_remotefrac_b8_k8_isolated,isolated,torch,8,9,scatter_ms,9.15968,recorder
20260804-041933_aws_4d9beba2,hier_compress_lb_union_remotefrac_b8_k8_isolated,isolated,torch,8,0,gemm_ms,2.387968,recorder
20260804-041933_aws_4d9beba2,hier_compress_lb_union_remotefrac_b8_k8_isolated,isolated,torch,8,1,gemm_ms,2.387968,recorder
20260804-041933_aws_4d9beba2,hier_compress_lb_union_remotefrac_b8_k8_isolated,isolated,torch,8,2,gemm_ms,2.388992,recorder
20260804-041933_aws_4d9beba2,hier_compress_lb_union_remotefrac_b8_k8_isolated,isolated,torch,8,3,gemm_ms,2.387968,recorder
20260804-041933_aws_4d9beba2,hier_compress_lb_union_remotefrac_b8_k8_isolated,isolated,torch,8,4,gemm_ms,2.387968,recorder
20260804-041933_aws_4d9beba2,hier_compress_lb_union_remotefrac_b8_k8_isolated,isolated,torch,8,5,gemm_ms,2.390016,recorder
20260804-041933_aws_4d9beba2,hier_compress_lb_union_remotefrac_b8_k8_isolated,isolated,torch,8,6,gemm_ms,2.390016,recorder
20260804-041933_aws_4d9beba2,hier_compress_lb_union_remotefrac_b8_k8_isolated,isolated,torch,8,7,gemm_ms,2.387968,recorder
20260804-041933_aws_4d9beba2,hier_compress_lb_union_remotefrac_b8_k8_isolated,isolated,torch,8,8,gemm_ms,2.387968,recorder
20260804-041933_aws_4d9beba2,hier_compress_lb_union_remotefrac_b8_k8_isolated,isolated,torch,8,9,gemm_ms,1.860608,recorder
20260804-041933_aws_4d9beba2,hier_compress_lb_union_remotefrac_b8_k8_isolated,isolated,flux,8,0,e2e_ms,4.071424,recorder
20260804-041933_aws_4d9beba2,hier_compress_lb_union_remotefrac_b8_k8_isolated,isolated,flux,8,1,e2e_ms,4.088832,recorder
20260804-041933_aws_4d9beba2,hier_compress_lb_union_remotefrac_b8_k8_isolated,isolated,flux,8,2,e2e_ms,4.127744,recorder
20260804-041933_aws_4d9beba2,hier_compress_lb_union_remotefrac_b8_k8_isolated,isolated,flux,8,3,e2e_ms,4.161536,recorder
20260804-041933_aws_4d9beba2,hier_compress_lb_union_remotefrac_b8_k8_isolated,isolated,flux,8,4,e2e_ms,4.118528,recorder
20260804-041933_aws_4d9beba2,hier_compress_lb_union_remotefrac_b8_k8_isolated,isolated,flux,8,5,e2e_ms,4.174848,recorder
20260804-041933_aws_4d9beba2,hier_compress_lb_union_remotefrac_b8_k8_isolated,isolated,flux,8,6,e2e_ms,4.127744,recorder
20260804-041933_aws_4d9beba2,hier_compress_lb_union_remotefrac_b8_k8_isolated,isolated,flux,8,7,e2e_ms,4.164608,recorder
20260804-041933_aws_4d9beba2,hier_compress_lb_union_remotefrac_b8_k8_isolated,isolated,flux,8,8,e2e_ms,4.151296,recorder
20260804-041933_aws_4d9beba2,hier_compress_lb_union_remotefrac_b8_k8_isolated,isolated,flux,8,9,e2e_ms,4.16768,recorder
20260804-041933_aws_4d9beba2,hier_compress_lb_union_remotefrac_b8_k8_isolated,isolated,flux,8,0,iso_sync_ms,3.112758,recorder
20260804-041933_aws_4d9beba2,hier_compress_lb_union_remotefrac_b8_k8_isolated,isolated,flux,8,1,iso_sync_ms,3.158508,recorder
20260804-041933_aws_4d9beba2,hier_compress_lb_union_remotefrac_b8_k8_isolated,isolated,flux,8,2,iso_sync_ms,3.137313,recorder
20260804-041933_aws_4d9beba2,hier_compress_lb_union_remotefrac_b8_k8_isolated,isolated,flux,8,3,iso_sync_ms,3.200402,recorder
20260804-041933_aws_4d9beba2,hier_compress_lb_union_remotefrac_b8_k8_isolated,isolated,flux,8,4,iso_sync_ms,3.209953,recorder
20260804-041933_aws_4d9beba2,hier_compress_lb_union_remotefrac_b8_k8_isolated,isolated,flux,8,5,iso_sync_ms,3.117615,recorder
20260804-041933_aws_4d9beba2,hier_compress_lb_union_remotefrac_b8_k8_isolated,isolated,flux,8,6,iso_sync_ms,3.983405,recorder
20260804-041933_aws_4d9beba2,hier_compress_lb_union_remotefrac_b8_k8_isolated,isolated,flux,8,7,iso_sync_ms,3.126278,recorder
20260804-041933_aws_4d9beba2,hier_compress_lb_union_remotefrac_b8_k8_isolated,isolated,flux,8,8,iso_sync_ms,3.169128,recorder
20260804-041933_aws_4d9beba2,hier_compress_lb_union_remotefrac_b8_k8_isolated,isolated,flux,8,9,iso_sync_ms,3.178814,recorder
20260804-041933_aws_4d9beba2,hier_compress_lb_union_remotefrac_b8_k8_isolated,isolated,torch,9,0,comm_ms,3.518464,recorder
20260804-041933_aws_4d9beba2,hier_compress_lb_union_remotefrac_b8_k8_isolated,isolated,torch,9,1,comm_ms,2.808832,recorder
20260804-041933_aws_4d9beba2,hier_compress_lb_union_remotefrac_b8_k8_isolated,isolated,torch,9,2,comm_ms,2.930688,recorder
20260804-041933_aws_4d9beba2,hier_compress_lb_union_remotefrac_b8_k8_isolated,isolated,torch,9,3,comm_ms,2.998272,recorder
20260804-041933_aws_4d9beba2,hier_compress_lb_union_remotefrac_b8_k8_isolated,isolated,torch,9,4,comm_ms,3.544064,recorder
20260804-041933_aws_4d9beba2,hier_compress_lb_union_remotefrac_b8_k8_isolated,isolated,torch,9,5,comm_ms,3.137536,recorder
20260804-041933_aws_4d9beba2,hier_compress_lb_union_remotefrac_b8_k8_isolated,isolated,torch,9,6,comm_ms,3.617792,recorder
20260804-041933_aws_4d9beba2,hier_compress_lb_union_remotefrac_b8_k8_isolated,isolated,torch,9,7,comm_ms,4.545536,recorder
20260804-041933_aws_4d9beba2,hier_compress_lb_union_remotefrac_b8_k8_isolated,isolated,torch,9,8,comm_ms,5.15072,recorder
20260804-041933_aws_4d9beba2,hier_compress_lb_union_remotefrac_b8_k8_isolated,isolated,torch,9,9,comm_ms,5.172224,recorder
20260804-041933_aws_4d9beba2,hier_compress_lb_union_remotefrac_b8_k8_isolated,isolated,torch,9,0,scatter_ms,9.375744,recorder
20260804-041933_aws_4d9beba2,hier_compress_lb_union_remotefrac_b8_k8_isolated,isolated,torch,9,1,scatter_ms,9.13408,recorder
20260804-041933_aws_4d9beba2,hier_compress_lb_union_remotefrac_b8_k8_isolated,isolated,torch,9,2,scatter_ms,9.23136,recorder
20260804-041933_aws_4d9beba2,hier_compress_lb_union_remotefrac_b8_k8_isolated,isolated,torch,9,3,scatter_ms,9.125888,recorder
20260804-041933_aws_4d9beba2,hier_compress_lb_union_remotefrac_b8_k8_isolated,isolated,torch,9,4,scatter_ms,9.155584,recorder
20260804-041933_aws_4d9beba2,hier_compress_lb_union_remotefrac_b8_k8_isolated,isolated,torch,9,5,scatter_ms,9.138176,recorder
20260804-041933_aws_4d9beba2,hier_compress_lb_union_remotefrac_b8_k8_isolated,isolated,torch,9,6,scatter_ms,7.89504,recorder
20260804-041933_aws_4d9beba2,hier_compress_lb_union_remotefrac_b8_k8_isolated,isolated,torch,9,7,scatter_ms,7.734272,recorder
20260804-041933_aws_4d9beba2,hier_compress_lb_union_remotefrac_b8_k8_isolated,isolated,torch,9,8,scatter_ms,7.996416,recorder
20260804-041933_aws_4d9beba2,hier_compress_lb_union_remotefrac_b8_k8_isolated,isolated,torch,9,9,scatter_ms,7.758848,recorder
20260804-041933_aws_4d9beba2,hier_compress_lb_union_remotefrac_b8_k8_isolated,isolated,torch,9,0,gemm_ms,2.400256,recorder
20260804-041933_aws_4d9beba2,hier_compress_lb_union_remotefrac_b8_k8_isolated,isolated,torch,9,1,gemm_ms,2.397184,recorder
20260804-041933_aws_4d9beba2,hier_compress_lb_union_remotefrac_b8_k8_isolated,isolated,torch,9,2,gemm_ms,2.398208,recorder
20260804-041933_aws_4d9beba2,hier_compress_lb_union_remotefrac_b8_k8_isolated,isolated,torch,9,3,gemm_ms,2.398208,recorder
20260804-041933_aws_4d9beba2,hier_compress_lb_union_remotefrac_b8_k8_isolated,isolated,torch,9,4,gemm_ms,2.400256,recorder
20260804-041933_aws_4d9beba2,hier_compress_lb_union_remotefrac_b8_k8_isolated,isolated,torch,9,5,gemm_ms,1.965056,recorder
20260804-041933_aws_4d9beba2,hier_compress_lb_union_remotefrac_b8_k8_isolated,isolated,torch,9,6,gemm_ms,1.867776,recorder
20260804-041933_aws_4d9beba2,hier_compress_lb_union_remotefrac_b8_k8_isolated,isolated,torch,9,7,gemm_ms,1.867776,recorder
20260804-041933_aws_4d9beba2,hier_compress_lb_union_remotefrac_b8_k8_isolated,isolated,torch,9,8,gemm_ms,1.867776,recorder
20260804-041933_aws_4d9beba2,hier_compress_lb_union_remotefrac_b8_k8_isolated,isolated,torch,9,9,gemm_ms,1.865728,recorder
20260804-041933_aws_4d9beba2,hier_compress_lb_union_remotefrac_b8_k8_isolated,isolated,flux,9,0,e2e_ms,4.064256,recorder
20260804-041933_aws_4d9beba2,hier_compress_lb_union_remotefrac_b8_k8_isolated,isolated,flux,9,1,e2e_ms,4.072448,recorder
20260804-041933_aws_4d9beba2,hier_compress_lb_union_remotefrac_b8_k8_isolated,isolated,flux,9,2,e2e_ms,4.16256,recorder
20260804-041933_aws_4d9beba2,hier_compress_lb_union_remotefrac_b8_k8_isolated,isolated,flux,9,3,e2e_ms,4.265984,recorder
20260804-041933_aws_4d9beba2,hier_compress_lb_union_remotefrac_b8_k8_isolated,isolated,flux,9,4,e2e_ms,4.114432,recorder
20260804-041933_aws_4d9beba2,hier_compress_lb_union_remotefrac_b8_k8_isolated,isolated,flux,9,5,e2e_ms,4.195328,recorder
20260804-041933_aws_4d9beba2,hier_compress_lb_union_remotefrac_b8_k8_isolated,isolated,flux,9,6,e2e_ms,4.09088,recorder
20260804-041933_aws_4d9beba2,hier_compress_lb_union_remotefrac_b8_k8_isolated,isolated,flux,9,7,e2e_ms,4.151296,recorder
20260804-041933_aws_4d9beba2,hier_compress_lb_union_remotefrac_b8_k8_isolated,isolated,flux,9,8,e2e_ms,4.144128,recorder
20260804-041933_aws_4d9beba2,hier_compress_lb_union_remotefrac_b8_k8_isolated,isolated,flux,9,9,e2e_ms,4.158464,recorder
20260804-041933_aws_4d9beba2,hier_compress_lb_union_remotefrac_b8_k8_isolated,isolated,flux,9,0,iso_sync_ms,3.205207,recorder
20260804-041933_aws_4d9beba2,hier_compress_lb_union_remotefrac_b8_k8_isolated,isolated,flux,9,1,iso_sync_ms,3.247473,recorder
20260804-041933_aws_4d9beba2,hier_compress_lb_union_remotefrac_b8_k8_isolated,isolated,flux,9,2,iso_sync_ms,3.238059,recorder
20260804-041933_aws_4d9beba2,hier_compress_lb_union_remotefrac_b8_k8_isolated,isolated,flux,9,3,iso_sync_ms,3.294066,recorder
20260804-041933_aws_4d9beba2,hier_compress_lb_union_remotefrac_b8_k8_isolated,isolated,flux,9,4,iso_sync_ms,3.301722,recorder
20260804-041933_aws_4d9beba2,hier_compress_lb_union_remotefrac_b8_k8_isolated,isolated,flux,9,5,iso_sync_ms,3.202351,recorder
20260804-041933_aws_4d9beba2,hier_compress_lb_union_remotefrac_b8_k8_isolated,isolated,flux,9,6,iso_sync_ms,4.083548,recorder
20260804-041933_aws_4d9beba2,hier_compress_lb_union_remotefrac_b8_k8_isolated,isolated,flux,9,7,iso_sync_ms,3.21221,recorder
20260804-041933_aws_4d9beba2,hier_compress_lb_union_remotefrac_b8_k8_isolated,isolated,flux,9,8,iso_sync_ms,3.275076,recorder
20260804-041933_aws_4d9beba2,hier_compress_lb_union_remotefrac_b8_k8_isolated,isolated,flux,9,9,iso_sync_ms,3.269606,recorder
20260804-041933_aws_4d9beba2,hier_compress_lb_union_remotefrac_b8_k8_isolated,isolated,torch,10,0,comm_ms,3.601408,recorder
20260804-041933_aws_4d9beba2,hier_compress_lb_union_remotefrac_b8_k8_isolated,isolated,torch,10,1,comm_ms,3.006464,recorder
20260804-041933_aws_4d9beba2,hier_compress_lb_union_remotefrac_b8_k8_isolated,isolated,torch,10,2,comm_ms,3.012608,recorder
20260804-041933_aws_4d9beba2,hier_compress_lb_union_remotefrac_b8_k8_isolated,isolated,torch,10,3,comm_ms,3.152896,recorder
20260804-041933_aws_4d9beba2,hier_compress_lb_union_remotefrac_b8_k8_isolated,isolated,torch,10,4,comm_ms,4.076544,recorder
20260804-041933_aws_4d9beba2,hier_compress_lb_union_remotefrac_b8_k8_isolated,isolated,torch,10,5,comm_ms,3.126272,recorder
20260804-041933_aws_4d9beba2,hier_compress_lb_union_remotefrac_b8_k8_isolated,isolated,torch,10,6,comm_ms,3.559424,recorder
20260804-041933_aws_4d9beba2,hier_compress_lb_union_remotefrac_b8_k8_isolated,isolated,torch,10,7,comm_ms,3.524608,recorder
20260804-041933_aws_4d9beba2,hier_compress_lb_union_remotefrac_b8_k8_isolated,isolated,torch,10,8,comm_ms,3.499008,recorder
20260804-041933_aws_4d9beba2,hier_compress_lb_union_remotefrac_b8_k8_isolated,isolated,torch,10,9,comm_ms,3.873792,recorder
20260804-041933_aws_4d9beba2,hier_compress_lb_union_remotefrac_b8_k8_isolated,isolated,torch,10,0,scatter_ms,9.143296,recorder
20260804-041933_aws_4d9beba2,hier_compress_lb_union_remotefrac_b8_k8_isolated,isolated,torch,10,1,scatter_ms,9.120768,recorder
20260804-041933_aws_4d9beba2,hier_compress_lb_union_remotefrac_b8_k8_isolated,isolated,torch,10,2,scatter_ms,9.119744,recorder
20260804-041933_aws_4d9beba2,hier_compress_lb_union_remotefrac_b8_k8_isolated,isolated,torch,10,3,scatter_ms,8.827904,recorder
20260804-041933_aws_4d9beba2,hier_compress_lb_union_remotefrac_b8_k8_isolated,isolated,torch,10,4,scatter_ms,9.060352,recorder
20260804-041933_aws_4d9beba2,hier_compress_lb_union_remotefrac_b8_k8_isolated,isolated,torch,10,5,scatter_ms,8.854528,recorder
20260804-041933_aws_4d9beba2,hier_compress_lb_union_remotefrac_b8_k8_isolated,isolated,torch,10,6,scatter_ms,8.843264,recorder
20260804-041933_aws_4d9beba2,hier_compress_lb_union_remotefrac_b8_k8_isolated,isolated,torch,10,7,scatter_ms,8.982528,recorder
20260804-041933_aws_4d9beba2,hier_compress_lb_union_remotefrac_b8_k8_isolated,isolated,torch,10,8,scatter_ms,8.870912,recorder
20260804-041933_aws_4d9beba2,hier_compress_lb_union_remotefrac_b8_k8_isolated,isolated,torch,10,9,scatter_ms,8.853504,recorder
20260804-041933_aws_4d9beba2,hier_compress_lb_union_remotefrac_b8_k8_isolated,isolated,torch,10,0,gemm_ms,2.38592,recorder
20260804-041933_aws_4d9beba2,hier_compress_lb_union_remotefrac_b8_k8_isolated,isolated,torch,10,1,gemm_ms,2.382848,recorder
20260804-041933_aws_4d9beba2,hier_compress_lb_union_remotefrac_b8_k8_isolated,isolated,torch,10,2,gemm_ms,2.262016,recorder
20260804-041933_aws_4d9beba2,hier_compress_lb_union_remotefrac_b8_k8_isolated,isolated,torch,10,3,gemm_ms,2.262016,recorder
20260804-041933_aws_4d9beba2,hier_compress_lb_union_remotefrac_b8_k8_isolated,isolated,torch,10,4,gemm_ms,2.26304,recorder
20260804-041933_aws_4d9beba2,hier_compress_lb_union_remotefrac_b8_k8_isolated,isolated,torch,10,5,gemm_ms,2.259968,recorder
20260804-041933_aws_4d9beba2,hier_compress_lb_union_remotefrac_b8_k8_isolated,isolated,torch,10,6,gemm_ms,2.264064,recorder
20260804-041933_aws_4d9beba2,hier_compress_lb_union_remotefrac_b8_k8_isolated,isolated,torch,10,7,gemm_ms,2.265088,recorder
20260804-041933_aws_4d9beba2,hier_compress_lb_union_remotefrac_b8_k8_isolated,isolated,torch,10,8,gemm_ms,2.264064,recorder
20260804-041933_aws_4d9beba2,hier_compress_lb_union_remotefrac_b8_k8_isolated,isolated,torch,10,9,gemm_ms,2.259968,recorder
20260804-041933_aws_4d9beba2,hier_compress_lb_union_remotefrac_b8_k8_isolated,isolated,flux,10,0,e2e_ms,4.176896,recorder
20260804-041933_aws_4d9beba2,hier_compress_lb_union_remotefrac_b8_k8_isolated,isolated,flux,10,1,e2e_ms,4.069376,recorder
20260804-041933_aws_4d9beba2,hier_compress_lb_union_remotefrac_b8_k8_isolated,isolated,flux,10,2,e2e_ms,4.168704,recorder
20260804-041933_aws_4d9beba2,hier_compress_lb_union_remotefrac_b8_k8_isolated,isolated,flux,10,3,e2e_ms,4.166656,recorder
20260804-041933_aws_4d9beba2,hier_compress_lb_union_remotefrac_b8_k8_isolated,isolated,flux,10,4,e2e_ms,4.1216,recorder
20260804-041933_aws_4d9beba2,hier_compress_lb_union_remotefrac_b8_k8_isolated,isolated,flux,10,5,e2e_ms,4.082688,recorder
20260804-041933_aws_4d9beba2,hier_compress_lb_union_remotefrac_b8_k8_isolated,isolated,flux,10,6,e2e_ms,4.110336,recorder
20260804-041933_aws_4d9beba2,hier_compress_lb_union_remotefrac_b8_k8_isolated,isolated,flux,10,7,e2e_ms,4.165632,recorder
20260804-041933_aws_4d9beba2,hier_compress_lb_union_remotefrac_b8_k8_isolated,isolated,flux,10,8,e2e_ms,4.155392,recorder
20260804-041933_aws_4d9beba2,hier_compress_lb_union_remotefrac_b8_k8_isolated,isolated,flux,10,9,e2e_ms,4.170752,recorder
20260804-041933_aws_4d9beba2,hier_compress_lb_union_remotefrac_b8_k8_isolated,isolated,flux,10,0,iso_sync_ms,3.147941,recorder
20260804-041933_aws_4d9beba2,hier_compress_lb_union_remotefrac_b8_k8_isolated,isolated,flux,10,1,iso_sync_ms,3.18614,recorder
20260804-041933_aws_4d9beba2,hier_compress_lb_union_remotefrac_b8_k8_isolated,isolated,flux,10,2,iso_sync_ms,3.169123,recorder
20260804-041933_aws_4d9beba2,hier_compress_lb_union_remotefrac_b8_k8_isolated,isolated,flux,10,3,iso_sync_ms,3.24247,recorder
20260804-041933_aws_4d9beba2,hier_compress_lb_union_remotefrac_b8_k8_isolated,isolated,flux,10,4,iso_sync_ms,3.249351,recorder
20260804-041933_aws_4d9beba2,hier_compress_lb_union_remotefrac_b8_k8_isolated,isolated,flux,10,5,iso_sync_ms,3.137825,recorder
20260804-041933_aws_4d9beba2,hier_compress_lb_union_remotefrac_b8_k8_isolated,isolated,flux,10,6,iso_sync_ms,4.00714,recorder
20260804-041933_aws_4d9beba2,hier_compress_lb_union_remotefrac_b8_k8_isolated,isolated,flux,10,7,iso_sync_ms,3.14511,recorder
20260804-041933_aws_4d9beba2,hier_compress_lb_union_remotefrac_b8_k8_isolated,isolated,flux,10,8,iso_sync_ms,3.216351,recorder
20260804-041933_aws_4d9beba2,hier_compress_lb_union_remotefrac_b8_k8_isolated,isolated,flux,10,9,iso_sync_ms,3.214237,recorder
20260804-041933_aws_4d9beba2,hier_compress_lb_union_remotefrac_b8_k8_isolated,isolated,torch,11,0,comm_ms,3.033088,recorder
20260804-041933_aws_4d9beba2,hier_compress_lb_union_remotefrac_b8_k8_isolated,isolated,torch,11,1,comm_ms,3.137536,recorder
20260804-041933_aws_4d9beba2,hier_compress_lb_union_remotefrac_b8_k8_isolated,isolated,torch,11,2,comm_ms,3.3792,recorder
20260804-041933_aws_4d9beba2,hier_compress_lb_union_remotefrac_b8_k8_isolated,isolated,torch,11,3,comm_ms,3.162112,recorder
20260804-041933_aws_4d9beba2,hier_compress_lb_union_remotefrac_b8_k8_isolated,isolated,torch,11,4,comm_ms,2.95936,recorder
20260804-041933_aws_4d9beba2,hier_compress_lb_union_remotefrac_b8_k8_isolated,isolated,torch,11,5,comm_ms,3.267584,recorder
20260804-041933_aws_4d9beba2,hier_compress_lb_union_remotefrac_b8_k8_isolated,isolated,torch,11,6,comm_ms,3.28192,recorder
20260804-041933_aws_4d9beba2,hier_compress_lb_union_remotefrac_b8_k8_isolated,isolated,torch,11,7,comm_ms,3.282944,recorder
20260804-041933_aws_4d9beba2,hier_compress_lb_union_remotefrac_b8_k8_isolated,isolated,torch,11,8,comm_ms,2.835456,recorder
20260804-041933_aws_4d9beba2,hier_compress_lb_union_remotefrac_b8_k8_isolated,isolated,torch,11,9,comm_ms,2.9952,recorder
20260804-041933_aws_4d9beba2,hier_compress_lb_union_remotefrac_b8_k8_isolated,isolated,torch,11,0,scatter_ms,9.136128,recorder
20260804-041933_aws_4d9beba2,hier_compress_lb_union_remotefrac_b8_k8_isolated,isolated,torch,11,1,scatter_ms,9.116672,recorder
20260804-041933_aws_4d9beba2,hier_compress_lb_union_remotefrac_b8_k8_isolated,isolated,torch,11,2,scatter_ms,9.105408,recorder
20260804-041933_aws_4d9beba2,hier_compress_lb_union_remotefrac_b8_k8_isolated,isolated,torch,11,3,scatter_ms,9.122816,recorder
20260804-041933_aws_4d9beba2,hier_compress_lb_union_remotefrac_b8_k8_isolated,isolated,torch,11,4,scatter_ms,9.136128,recorder
20260804-041933_aws_4d9beba2,hier_compress_lb_union_remotefrac_b8_k8_isolated,isolated,torch,11,5,scatter_ms,9.119744,recorder
20260804-041933_aws_4d9beba2,hier_compress_lb_union_remotefrac_b8_k8_isolated,isolated,torch,11,6,scatter_ms,9.14944,recorder
20260804-041933_aws_4d9beba2,hier_compress_lb_union_remotefrac_b8_k8_isolated,isolated,torch,11,7,scatter_ms,9.283584,recorder
20260804-041933_aws_4d9beba2,hier_compress_lb_union_remotefrac_b8_k8_isolated,isolated,torch,11,8,scatter_ms,9.193472,recorder
20260804-041933_aws_4d9beba2,hier_compress_lb_union_remotefrac_b8_k8_isolated,isolated,torch,11,9,scatter_ms,9.146368,recorder
20260804-041933_aws_4d9beba2,hier_compress_lb_union_remotefrac_b8_k8_isolated,isolated,torch,11,0,gemm_ms,2.400256,recorder
20260804-041933_aws_4d9beba2,hier_compress_lb_union_remotefrac_b8_k8_isolated,isolated,torch,11,1,gemm_ms,2.39616,recorder
20260804-041933_aws_4d9beba2,hier_compress_lb_union_remotefrac_b8_k8_isolated,isolated,torch,11,2,gemm_ms,2.398208,recorder
20260804-041933_aws_4d9beba2,hier_compress_lb_union_remotefrac_b8_k8_isolated,isolated,torch,11,3,gemm_ms,2.399232,recorder
20260804-041933_aws_4d9beba2,hier_compress_lb_union_remotefrac_b8_k8_isolated,isolated,torch,11,4,gemm_ms,2.40128,recorder
20260804-041933_aws_4d9beba2,hier_compress_lb_union_remotefrac_b8_k8_isolated,isolated,torch,11,5,gemm_ms,2.397184,recorder
20260804-041933_aws_4d9beba2,hier_compress_lb_union_remotefrac_b8_k8_isolated,isolated,torch,11,6,gemm_ms,2.397184,recorder
20260804-041933_aws_4d9beba2,hier_compress_lb_union_remotefrac_b8_k8_isolated,isolated,torch,11,7,gemm_ms,2.398208,recorder
20260804-041933_aws_4d9beba2,hier_compress_lb_union_remotefrac_b8_k8_isolated,isolated,torch,11,8,gemm_ms,2.40128,recorder
20260804-041933_aws_4d9beba2,hier_compress_lb_union_remotefrac_b8_k8_isolated,isolated,torch,11,9,gemm_ms,2.397184,recorder
20260804-041933_aws_4d9beba2,hier_compress_lb_union_remotefrac_b8_k8_isolated,isolated,flux,11,0,e2e_ms,4.013056,recorder
20260804-041933_aws_4d9beba2,hier_compress_lb_union_remotefrac_b8_k8_isolated,isolated,flux,11,1,e2e_ms,4.067328,recorder
20260804-041933_aws_4d9beba2,hier_compress_lb_union_remotefrac_b8_k8_isolated,isolated,flux,11,2,e2e_ms,4.164608,recorder
20260804-041933_aws_4d9beba2,hier_compress_lb_union_remotefrac_b8_k8_isolated,isolated,flux,11,3,e2e_ms,4.06528,recorder
20260804-041933_aws_4d9beba2,hier_compress_lb_union_remotefrac_b8_k8_isolated,isolated,flux,11,4,e2e_ms,4.056064,recorder
20260804-041933_aws_4d9beba2,hier_compress_lb_union_remotefrac_b8_k8_isolated,isolated,flux,11,5,e2e_ms,4.094976,recorder
20260804-041933_aws_4d9beba2,hier_compress_lb_union_remotefrac_b8_k8_isolated,isolated,flux,11,6,e2e_ms,4.09088,recorder
20260804-041933_aws_4d9beba2,hier_compress_lb_union_remotefrac_b8_k8_isolated,isolated,flux,11,7,e2e_ms,4.13184,recorder
20260804-041933_aws_4d9beba2,hier_compress_lb_union_remotefrac_b8_k8_isolated,isolated,flux,11,8,e2e_ms,4.102144,recorder
20260804-041933_aws_4d9beba2,hier_compress_lb_union_remotefrac_b8_k8_isolated,isolated,flux,11,9,e2e_ms,4.10112,recorder
20260804-041933_aws_4d9beba2,hier_compress_lb_union_remotefrac_b8_k8_isolated,isolated,flux,11,0,iso_sync_ms,3.31116,recorder
20260804-041933_aws_4d9beba2,hier_compress_lb_union_remotefrac_b8_k8_isolated,isolated,flux,11,1,iso_sync_ms,3.252507,recorder
20260804-041933_aws_4d9beba2,hier_compress_lb_union_remotefrac_b8_k8_isolated,isolated,flux,11,2,iso_sync_ms,3.31476,recorder
20260804-041933_aws_4d9beba2,hier_compress_lb_union_remotefrac_b8_k8_isolated,isolated,flux,11,3,iso_sync_ms,3.369108,recorder
20260804-041933_aws_4d9beba2,hier_compress_lb_union_remotefrac_b8_k8_isolated,isolated,flux,11,4,iso_sync_ms,3.39153,recorder
20260804-041933_aws_4d9beba2,hier_compress_lb_union_remotefrac_b8_k8_isolated,isolated,flux,11,5,iso_sync_ms,3.276161,recorder
20260804-041933_aws_4d9beba2,hier_compress_lb_union_remotefrac_b8_k8_isolated,isolated,flux,11,6,iso_sync_ms,4.167274,recorder
20260804-041933_aws_4d9beba2,hier_compress_lb_union_remotefrac_b8_k8_isolated,isolated,flux,11,7,iso_sync_ms,3.275818,recorder
20260804-041933_aws_4d9beba2,hier_compress_lb_union_remotefrac_b8_k8_isolated,isolated,flux,11,8,iso_sync_ms,3.347687,recorder
20260804-041933_aws_4d9beba2,hier_compress_lb_union_remotefrac_b8_k8_isolated,isolated,flux,11,9,iso_sync_ms,3.351737,recorder
20260804-041933_aws_4d9beba2,hier_compress_lb_union_remotefrac_b8_k8_isolated,isolated,torch,12,0,comm_ms,3.008512,recorder
20260804-041933_aws_4d9beba2,hier_compress_lb_union_remotefrac_b8_k8_isolated,isolated,torch,12,1,comm_ms,3.047424,recorder
20260804-041933_aws_4d9beba2,hier_compress_lb_union_remotefrac_b8_k8_isolated,isolated,torch,12,2,comm_ms,3.479552,recorder
20260804-041933_aws_4d9beba2,hier_compress_lb_union_remotefrac_b8_k8_isolated,isolated,torch,12,3,comm_ms,3.11296,recorder
20260804-041933_aws_4d9beba2,hier_compress_lb_union_remotefrac_b8_k8_isolated,isolated,torch,12,4,comm_ms,2.75456,recorder
20260804-041933_aws_4d9beba2,hier_compress_lb_union_remotefrac_b8_k8_isolated,isolated,torch,12,5,comm_ms,3.110912,recorder
20260804-041933_aws_4d9beba2,hier_compress_lb_union_remotefrac_b8_k8_isolated,isolated,torch,12,6,comm_ms,4.410368,recorder
20260804-041933_aws_4d9beba2,hier_compress_lb_union_remotefrac_b8_k8_isolated,isolated,torch,12,7,comm_ms,5.128192,recorder
20260804-041933_aws_4d9beba2,hier_compress_lb_union_remotefrac_b8_k8_isolated,isolated,torch,12,8,comm_ms,4.642816,recorder
20260804-041933_aws_4d9beba2,hier_compress_lb_union_remotefrac_b8_k8_isolated,isolated,torch,12,9,comm_ms,4.733952,recorder
20260804-041933_aws_4d9beba2,hier_compress_lb_union_remotefrac_b8_k8_isolated,isolated,torch,12,0,scatter_ms,9.158656,recorder
20260804-041933_aws_4d9beba2,hier_compress_lb_union_remotefrac_b8_k8_isolated,isolated,torch,12,1,scatter_ms,9.157632,recorder
20260804-041933_aws_4d9beba2,hier_compress_lb_union_remotefrac_b8_k8_isolated,isolated,torch,12,2,scatter_ms,9.176064,recorder
20260804-041933_aws_4d9beba2,hier_compress_lb_union_remotefrac_b8_k8_isolated,isolated,torch,12,3,scatter_ms,9.170944,recorder
20260804-041933_aws_4d9beba2,hier_compress_lb_union_remotefrac_b8_k8_isolated,isolated,torch,12,4,scatter_ms,9.15456,recorder
20260804-041933_aws_4d9beba2,hier_compress_lb_union_remotefrac_b8_k8_isolated,isolated,torch,12,5,scatter_ms,8.807424,recorder
20260804-041933_aws_4d9beba2,hier_compress_lb_union_remotefrac_b8_k8_isolated,isolated,torch,12,6,scatter_ms,7.88992,recorder
20260804-041933_aws_4d9beba2,hier_compress_lb_union_remotefrac_b8_k8_isolated,isolated,torch,12,7,scatter_ms,8.003584,recorder
20260804-041933_aws_4d9beba2,hier_compress_lb_union_remotefrac_b8_k8_isolated,isolated,torch,12,8,scatter_ms,7.949312,recorder
20260804-041933_aws_4d9beba2,hier_compress_lb_union_remotefrac_b8_k8_isolated,isolated,torch,12,9,scatter_ms,8.018944,recorder
20260804-041933_aws_4d9beba2,hier_compress_lb_union_remotefrac_b8_k8_isolated,isolated,torch,12,0,gemm_ms,2.405376,recorder
20260804-041933_aws_4d9beba2,hier_compress_lb_union_remotefrac_b8_k8_isolated,isolated,torch,12,1,gemm_ms,2.40128,recorder
20260804-041933_aws_4d9beba2,hier_compress_lb_union_remotefrac_b8_k8_isolated,isolated,torch,12,2,gemm_ms,2.400256,recorder
20260804-041933_aws_4d9beba2,hier_compress_lb_union_remotefrac_b8_k8_isolated,isolated,torch,12,3,gemm_ms,2.40128,recorder
20260804-041933_aws_4d9beba2,hier_compress_lb_union_remotefrac_b8_k8_isolated,isolated,torch,12,4,gemm_ms,2.4064,recorder
20260804-041933_aws_4d9beba2,hier_compress_lb_union_remotefrac_b8_k8_isolated,isolated,torch,12,5,gemm_ms,1.8688,recorder
20260804-041933_aws_4d9beba2,hier_compress_lb_union_remotefrac_b8_k8_isolated,isolated,torch,12,6,gemm_ms,1.866752,recorder
20260804-041933_aws_4d9beba2,hier_compress_lb_union_remotefrac_b8_k8_isolated,isolated,torch,12,7,gemm_ms,1.867776,recorder
20260804-041933_aws_4d9beba2,hier_compress_lb_union_remotefrac_b8_k8_isolated,isolated,torch,12,8,gemm_ms,1.867776,recorder
20260804-041933_aws_4d9beba2,hier_compress_lb_union_remotefrac_b8_k8_isolated,isolated,torch,12,9,gemm_ms,1.865728,recorder
20260804-041933_aws_4d9beba2,hier_compress_lb_union_remotefrac_b8_k8_isolated,isolated,flux,12,0,e2e_ms,4.002816,recorder
20260804-041933_aws_4d9beba2,hier_compress_lb_union_remotefrac_b8_k8_isolated,isolated,flux,12,1,e2e_ms,3.980288,recorder
20260804-041933_aws_4d9beba2,hier_compress_lb_union_remotefrac_b8_k8_isolated,isolated,flux,12,2,e2e_ms,4.041728,recorder
20260804-041933_aws_4d9beba2,hier_compress_lb_union_remotefrac_b8_k8_isolated,isolated,flux,12,3,e2e_ms,4.076544,recorder
20260804-041933_aws_4d9beba2,hier_compress_lb_union_remotefrac_b8_k8_isolated,isolated,flux,12,4,e2e_ms,4.0448,recorder
20260804-041933_aws_4d9beba2,hier_compress_lb_union_remotefrac_b8_k8_isolated,isolated,flux,12,5,e2e_ms,4.041728,recorder
20260804-041933_aws_4d9beba2,hier_compress_lb_union_remotefrac_b8_k8_isolated,isolated,flux,12,6,e2e_ms,4.112384,recorder
20260804-041933_aws_4d9beba2,hier_compress_lb_union_remotefrac_b8_k8_isolated,isolated,flux,12,7,e2e_ms,4.141056,recorder
20260804-041933_aws_4d9beba2,hier_compress_lb_union_remotefrac_b8_k8_isolated,isolated,flux,12,8,e2e_ms,4.112384,recorder
20260804-041933_aws_4d9beba2,hier_compress_lb_union_remotefrac_b8_k8_isolated,isolated,flux,12,9,e2e_ms,4.113408,recorder
20260804-041933_aws_4d9beba2,hier_compress_lb_union_remotefrac_b8_k8_isolated,isolated,flux,12,0,iso_sync_ms,3.115443,recorder
20260804-041933_aws_4d9beba2,hier_compress_lb_union_remotefrac_b8_k8_isolated,isolated,flux,12,1,iso_sync_ms,3.181888,recorder
20260804-041933_aws_4d9beba2,hier_compress_lb_union_remotefrac_b8_k8_isolated,isolated,flux,12,2,iso_sync_ms,3.146816,recorder
20260804-041933_aws_4d9beba2,hier_compress_lb_union_remotefrac_b8_k8_isolated,isolated,flux,12,3,iso_sync_ms,3.213849,recorder
20260804-041933_aws_4d9beba2,hier_compress_lb_union_remotefrac_b8_k8_isolated,isolated,flux,12,4,iso_sync_ms,3.214529,recorder
20260804-041933_aws_4d9beba2,hier_compress_lb_union_remotefrac_b8_k8_isolated,isolated,flux,12,5,iso_sync_ms,3.121846,recorder
20260804-041933_aws_4d9beba2,hier_compress_lb_union_remotefrac_b8_k8_isolated,isolated,flux,12,6,iso_sync_ms,3.994348,recorder
20260804-041933_aws_4d9beba2,hier_compress_lb_union_remotefrac_b8_k8_isolated,isolated,flux,12,7,iso_sync_ms,3.126796,recorder
20260804-041933_aws_4d9beba2,hier_compress_lb_union_remotefrac_b8_k8_isolated,isolated,flux,12,8,iso_sync_ms,3.184915,recorder
20260804-041933_aws_4d9beba2,hier_compress_lb_union_remotefrac_b8_k8_isolated,isolated,flux,12,9,iso_sync_ms,3.186999,recorder
20260804-041933_aws_4d9beba2,hier_compress_lb_union_remotefrac_b8_k8_isolated,isolated,torch,13,0,comm_ms,2.873344,recorder
20260804-041933_aws_4d9beba2,hier_compress_lb_union_remotefrac_b8_k8_isolated,isolated,torch,13,1,comm_ms,2.953216,recorder
20260804-041933_aws_4d9beba2,hier_compress_lb_union_remotefrac_b8_k8_isolated,isolated,torch,13,2,comm_ms,3.493888,recorder
20260804-041933_aws_4d9beba2,hier_compress_lb_union_remotefrac_b8_k8_isolated,isolated,torch,13,3,comm_ms,3.236864,recorder
20260804-041933_aws_4d9beba2,hier_compress_lb_union_remotefrac_b8_k8_isolated,isolated,torch,13,4,comm_ms,2.859008,recorder
20260804-041933_aws_4d9beba2,hier_compress_lb_union_remotefrac_b8_k8_isolated,isolated,torch,13,5,comm_ms,2.873344,recorder
20260804-041933_aws_4d9beba2,hier_compress_lb_union_remotefrac_b8_k8_isolated,isolated,torch,13,6,comm_ms,3.577856,recorder
20260804-041933_aws_4d9beba2,hier_compress_lb_union_remotefrac_b8_k8_isolated,isolated,torch,13,7,comm_ms,3.396608,recorder
20260804-041933_aws_4d9beba2,hier_compress_lb_union_remotefrac_b8_k8_isolated,isolated,torch,13,8,comm_ms,2.920448,recorder
20260804-041933_aws_4d9beba2,hier_compress_lb_union_remotefrac_b8_k8_isolated,isolated,torch,13,9,comm_ms,2.9696,recorder
20260804-041933_aws_4d9beba2,hier_compress_lb_union_remotefrac_b8_k8_isolated,isolated,torch,13,0,scatter_ms,9.124864,recorder
20260804-041933_aws_4d9beba2,hier_compress_lb_union_remotefrac_b8_k8_isolated,isolated,torch,13,1,scatter_ms,9.137152,recorder
20260804-041933_aws_4d9beba2,hier_compress_lb_union_remotefrac_b8_k8_isolated,isolated,torch,13,2,scatter_ms,9.187328,recorder
20260804-041933_aws_4d9beba2,hier_compress_lb_union_remotefrac_b8_k8_isolated,isolated,torch,13,3,scatter_ms,9.132032,recorder
20260804-041933_aws_4d9beba2,hier_compress_lb_union_remotefrac_b8_k8_isolated,isolated,torch,13,4,scatter_ms,9.12384,recorder
20260804-041933_aws_4d9beba2,hier_compress_lb_union_remotefrac_b8_k8_isolated,isolated,torch,13,5,scatter_ms,9.23136,recorder
20260804-041933_aws_4d9beba2,hier_compress_lb_union_remotefrac_b8_k8_isolated,isolated,torch,13,6,scatter_ms,9.152512,recorder
20260804-041933_aws_4d9beba2,hier_compress_lb_union_remotefrac_b8_k8_isolated,isolated,torch,13,7,scatter_ms,9.12384,recorder
20260804-041933_aws_4d9beba2,hier_compress_lb_union_remotefrac_b8_k8_isolated,isolated,torch,13,8,scatter_ms,9.15968,recorder
20260804-041933_aws_4d9beba2,hier_compress_lb_union_remotefrac_b8_k8_isolated,isolated,torch,13,9,scatter_ms,8.675328,recorder
20260804-041933_aws_4d9beba2,hier_compress_lb_union_remotefrac_b8_k8_isolated,isolated,torch,13,0,gemm_ms,2.424832,recorder
20260804-041933_aws_4d9beba2,hier_compress_lb_union_remotefrac_b8_k8_isolated,isolated,torch,13,1,gemm_ms,2.424832,recorder
20260804-041933_aws_4d9beba2,hier_compress_lb_union_remotefrac_b8_k8_isolated,isolated,torch,13,2,gemm_ms,2.423808,recorder
20260804-041933_aws_4d9beba2,hier_compress_lb_union_remotefrac_b8_k8_isolated,isolated,torch,13,3,gemm_ms,2.425856,recorder
20260804-041933_aws_4d9beba2,hier_compress_lb_union_remotefrac_b8_k8_isolated,isolated,torch,13,4,gemm_ms,2.425856,recorder
20260804-041933_aws_4d9beba2,hier_compress_lb_union_remotefrac_b8_k8_isolated,isolated,torch,13,5,gemm_ms,2.423808,recorder
20260804-041933_aws_4d9beba2,hier_compress_lb_union_remotefrac_b8_k8_isolated,isolated,torch,13,6,gemm_ms,2.42176,recorder
20260804-041933_aws_4d9beba2,hier_compress_lb_union_remotefrac_b8_k8_isolated,isolated,torch,13,7,gemm_ms,2.42688,recorder
20260804-041933_aws_4d9beba2,hier_compress_lb_union_remotefrac_b8_k8_isolated,isolated,torch,13,8,gemm_ms,2.42688,recorder
20260804-041933_aws_4d9beba2,hier_compress_lb_union_remotefrac_b8_k8_isolated,isolated,torch,13,9,gemm_ms,1.892352,recorder
20260804-041933_aws_4d9beba2,hier_compress_lb_union_remotefrac_b8_k8_isolated,isolated,flux,13,0,e2e_ms,4.013056,recorder
20260804-041933_aws_4d9beba2,hier_compress_lb_union_remotefrac_b8_k8_isolated,isolated,flux,13,1,e2e_ms,4.02432,recorder
20260804-041933_aws_4d9beba2,hier_compress_lb_union_remotefrac_b8_k8_isolated,isolated,flux,13,2,e2e_ms,4.122624,recorder
20260804-041933_aws_4d9beba2,hier_compress_lb_union_remotefrac_b8_k8_isolated,isolated,flux,13,3,e2e_ms,4.068352,recorder
20260804-041933_aws_4d9beba2,hier_compress_lb_union_remotefrac_b8_k8_isolated,isolated,flux,13,4,e2e_ms,4.056064,recorder
20260804-041933_aws_4d9beba2,hier_compress_lb_union_remotefrac_b8_k8_isolated,isolated,flux,13,5,e2e_ms,4.06528,recorder
20260804-041933_aws_4d9beba2,hier_compress_lb_union_remotefrac_b8_k8_isolated,isolated,flux,13,6,e2e_ms,3.961856,recorder
20260804-041933_aws_4d9beba2,hier_compress_lb_union_remotefrac_b8_k8_isolated,isolated,flux,13,7,e2e_ms,4.107264,recorder
20260804-041933_aws_4d9beba2,hier_compress_lb_union_remotefrac_b8_k8_isolated,isolated,flux,13,8,e2e_ms,4.104192,recorder
20260804-041933_aws_4d9beba2,hier_compress_lb_union_remotefrac_b8_k8_isolated,isolated,flux,13,9,e2e_ms,4.069376,recorder
20260804-041933_aws_4d9beba2,hier_compress_lb_union_remotefrac_b8_k8_isolated,isolated,flux,13,0,iso_sync_ms,3.469097,recorder
20260804-041933_aws_4d9beba2,hier_compress_lb_union_remotefrac_b8_k8_isolated,isolated,flux,13,1,iso_sync_ms,3.488313,recorder
20260804-041933_aws_4d9beba2,hier_compress_lb_union_remotefrac_b8_k8_isolated,isolated,flux,13,2,iso_sync_ms,3.51801,recorder
20260804-041933_aws_4d9beba2,hier_compress_lb_union_remotefrac_b8_k8_isolated,isolated,flux,13,3,iso_sync_ms,3.541036,recorder
20260804-041933_aws_4d9beba2,hier_compress_lb_union_remotefrac_b8_k8_isolated,isolated,flux,13,4,iso_sync_ms,3.591822,recorder
20260804-041933_aws_4d9beba2,hier_compress_lb_union_remotefrac_b8_k8_isolated,isolated,flux,13,5,iso_sync_ms,3.453743,recorder
20260804-041933_aws_4d9beba2,hier_compress_lb_union_remotefrac_b8_k8_isolated,isolated,flux,13,6,iso_sync_ms,4.342955,recorder
20260804-041933_aws_4d9beba2,hier_compress_lb_union_remotefrac_b8_k8_isolated,isolated,flux,13,7,iso_sync_ms,2.982561,recorder
20260804-041933_aws_4d9beba2,hier_compress_lb_union_remotefrac_b8_k8_isolated,isolated,flux,13,8,iso_sync_ms,3.523058,recorder
20260804-041933_aws_4d9beba2,hier_compress_lb_union_remotefrac_b8_k8_isolated,isolated,flux,13,9,iso_sync_ms,3.52501,recorder
20260804-041933_aws_4d9beba2,hier_compress_lb_union_remotefrac_b8_k8_isolated,isolated,torch,14,0,comm_ms,3.158016,recorder
20260804-041933_aws_4d9beba2,hier_compress_lb_union_remotefrac_b8_k8_isolated,isolated,torch,14,1,comm_ms,3.295232,recorder
20260804-041933_aws_4d9beba2,hier_compress_lb_union_remotefrac_b8_k8_isolated,isolated,torch,14,2,comm_ms,3.838976,recorder
20260804-041933_aws_4d9beba2,hier_compress_lb_union_remotefrac_b8_k8_isolated,isolated,torch,14,3,comm_ms,3.284992,recorder
20260804-041933_aws_4d9beba2,hier_compress_lb_union_remotefrac_b8_k8_isolated,isolated,torch,14,4,comm_ms,3.33312,recorder
20260804-041933_aws_4d9beba2,hier_compress_lb_union_remotefrac_b8_k8_isolated,isolated,torch,14,5,comm_ms,3.272704,recorder
20260804-041933_aws_4d9beba2,hier_compress_lb_union_remotefrac_b8_k8_isolated,isolated,torch,14,6,comm_ms,3.88096,recorder
20260804-041933_aws_4d9beba2,hier_compress_lb_union_remotefrac_b8_k8_isolated,isolated,torch,14,7,comm_ms,3.770368,recorder
20260804-041933_aws_4d9beba2,hier_compress_lb_union_remotefrac_b8_k8_isolated,isolated,torch,14,8,comm_ms,3.253248,recorder
20260804-041933_aws_4d9beba2,hier_compress_lb_union_remotefrac_b8_k8_isolated,isolated,torch,14,9,comm_ms,3.274752,recorder
20260804-041933_aws_4d9beba2,hier_compress_lb_union_remotefrac_b8_k8_isolated,isolated,torch,14,0,scatter_ms,9.091072,recorder
20260804-041933_aws_4d9beba2,hier_compress_lb_union_remotefrac_b8_k8_isolated,isolated,torch,14,1,scatter_ms,8.922112,recorder
20260804-041933_aws_4d9beba2,hier_compress_lb_union_remotefrac_b8_k8_isolated,isolated,torch,14,2,scatter_ms,8.936448,recorder
20260804-041933_aws_4d9beba2,hier_compress_lb_union_remotefrac_b8_k8_isolated,isolated,torch,14,3,scatter_ms,8.955904,recorder
20260804-041933_aws_4d9beba2,hier_compress_lb_union_remotefrac_b8_k8_isolated,isolated,torch,14,4,scatter_ms,9.033728,recorder
20260804-041933_aws_4d9beba2,hier_compress_lb_union_remotefrac_b8_k8_isolated,isolated,torch,14,5,scatter_ms,8.941568,recorder
20260804-041933_aws_4d9beba2,hier_compress_lb_union_remotefrac_b8_k8_isolated,isolated,torch,14,6,scatter_ms,8.955904,recorder
20260804-041933_aws_4d9beba2,hier_compress_lb_union_remotefrac_b8_k8_isolated,isolated,torch,14,7,scatter_ms,8.938496,recorder
20260804-041933_aws_4d9beba2,hier_compress_lb_union_remotefrac_b8_k8_isolated,isolated,torch,14,8,scatter_ms,8.95488,recorder
20260804-041933_aws_4d9beba2,hier_compress_lb_union_remotefrac_b8_k8_isolated,isolated,torch,14,9,scatter_ms,8.941568,recorder
20260804-041933_aws_4d9beba2,hier_compress_lb_union_remotefrac_b8_k8_isolated,isolated,torch,14,0,gemm_ms,2.296832,recorder
20260804-041933_aws_4d9beba2,hier_compress_lb_union_remotefrac_b8_k8_isolated,isolated,torch,14,1,gemm_ms,2.295808,recorder
20260804-041933_aws_4d9beba2,hier_compress_lb_union_remotefrac_b8_k8_isolated,isolated,torch,14,2,gemm_ms,2.294784,recorder
20260804-041933_aws_4d9beba2,hier_compress_lb_union_remotefrac_b8_k8_isolated,isolated,torch,14,3,gemm_ms,2.296832,recorder
20260804-041933_aws_4d9beba2,hier_compress_lb_union_remotefrac_b8_k8_isolated,isolated,torch,14,4,gemm_ms,2.297856,recorder
20260804-041933_aws_4d9beba2,hier_compress_lb_union_remotefrac_b8_k8_isolated,isolated,torch,14,5,gemm_ms,2.294784,recorder
20260804-041933_aws_4d9beba2,hier_compress_lb_union_remotefrac_b8_k8_isolated,isolated,torch,14,6,gemm_ms,2.294784,recorder
20260804-041933_aws_4d9beba2,hier_compress_lb_union_remotefrac_b8_k8_isolated,isolated,torch,14,7,gemm_ms,2.29376,recorder
20260804-041933_aws_4d9beba2,hier_compress_lb_union_remotefrac_b8_k8_isolated,isolated,torch,14,8,gemm_ms,2.297856,recorder
20260804-041933_aws_4d9beba2,hier_compress_lb_union_remotefrac_b8_k8_isolated,isolated,torch,14,9,gemm_ms,2.29376,recorder
20260804-041933_aws_4d9beba2,hier_compress_lb_union_remotefrac_b8_k8_isolated,isolated,flux,14,0,e2e_ms,3.98336,recorder
20260804-041933_aws_4d9beba2,hier_compress_lb_union_remotefrac_b8_k8_isolated,isolated,flux,14,1,e2e_ms,3.980288,recorder
20260804-041933_aws_4d9beba2,hier_compress_lb_union_remotefrac_b8_k8_isolated,isolated,flux,14,2,e2e_ms,4.043776,recorder
20260804-041933_aws_4d9beba2,hier_compress_lb_union_remotefrac_b8_k8_isolated,isolated,flux,14,3,e2e_ms,4.062208,recorder
20260804-041933_aws_4d9beba2,hier_compress_lb_union_remotefrac_b8_k8_isolated,isolated,flux,14,4,e2e_ms,4.031488,recorder
20260804-041933_aws_4d9beba2,hier_compress_lb_union_remotefrac_b8_k8_isolated,isolated,flux,14,5,e2e_ms,4.036608,recorder
20260804-041933_aws_4d9beba2,hier_compress_lb_union_remotefrac_b8_k8_isolated,isolated,flux,14,6,e2e_ms,4.017152,recorder
20260804-041933_aws_4d9beba2,hier_compress_lb_union_remotefrac_b8_k8_isolated,isolated,flux,14,7,e2e_ms,4.104192,recorder
20260804-041933_aws_4d9beba2,hier_compress_lb_union_remotefrac_b8_k8_isolated,isolated,flux,14,8,e2e_ms,4.11136,recorder
20260804-041933_aws_4d9beba2,hier_compress_lb_union_remotefrac_b8_k8_isolated,isolated,flux,14,9,e2e_ms,4.081664,recorder
20260804-041933_aws_4d9beba2,hier_compress_lb_union_remotefrac_b8_k8_isolated,isolated,flux,14,0,iso_sync_ms,3.110364,recorder
20260804-041933_aws_4d9beba2,hier_compress_lb_union_remotefrac_b8_k8_isolated,isolated,flux,14,1,iso_sync_ms,3.171028,recorder
20260804-041933_aws_4d9beba2,hier_compress_lb_union_remotefrac_b8_k8_isolated,isolated,flux,14,2,iso_sync_ms,3.131459,recorder
20260804-041933_aws_4d9beba2,hier_compress_lb_union_remotefrac_b8_k8_isolated,isolated,flux,14,3,iso_sync_ms,3.199878,recorder
20260804-041933_aws_4d9beba2,hier_compress_lb_union_remotefrac_b8_k8_isolated,isolated,flux,14,4,iso_sync_ms,3.221068,recorder
20260804-041933_aws_4d9beba2,hier_compress_lb_union_remotefrac_b8_k8_isolated,isolated,flux,14,5,iso_sync_ms,3.107959,recorder
20260804-041933_aws_4d9beba2,hier_compress_lb_union_remotefrac_b8_k8_isolated,isolated,flux,14,6,iso_sync_ms,3.979378,recorder
20260804-041933_aws_4d9beba2,hier_compress_lb_union_remotefrac_b8_k8_isolated,isolated,flux,14,7,iso_sync_ms,3.128737,recorder
20260804-041933_aws_4d9beba2,hier_compress_lb_union_remotefrac_b8_k8_isolated,isolated,flux,14,8,iso_sync_ms,3.18849,recorder
20260804-041933_aws_4d9beba2,hier_compress_lb_union_remotefrac_b8_k8_isolated,isolated,flux,14,9,iso_sync_ms,3.182477,recorder
20260804-041933_aws_4d9beba2,hier_compress_lb_union_remotefrac_b8_k8_isolated,isolated,torch,15,0,comm_ms,2.941952,recorder
20260804-041933_aws_4d9beba2,hier_compress_lb_union_remotefrac_b8_k8_isolated,isolated,torch,15,1,comm_ms,3.216384,recorder
20260804-041933_aws_4d9beba2,hier_compress_lb_union_remotefrac_b8_k8_isolated,isolated,torch,15,2,comm_ms,2.813952,recorder
20260804-041933_aws_4d9beba2,hier_compress_lb_union_remotefrac_b8_k8_isolated,isolated,torch,15,3,comm_ms,3.354624,recorder
20260804-041933_aws_4d9beba2,hier_compress_lb_union_remotefrac_b8_k8_isolated,isolated,torch,15,4,comm_ms,3.305472,recorder
20260804-041933_aws_4d9beba2,hier_compress_lb_union_remotefrac_b8_k8_isolated,isolated,torch,15,5,comm_ms,3.126272,recorder
20260804-041933_aws_4d9beba2,hier_compress_lb_union_remotefrac_b8_k8_isolated,isolated,torch,15,6,comm_ms,3.03104,recorder
20260804-041933_aws_4d9beba2,hier_compress_lb_union_remotefrac_b8_k8_isolated,isolated,torch,15,7,comm_ms,3.116032,recorder
20260804-041933_aws_4d9beba2,hier_compress_lb_union_remotefrac_b8_k8_isolated,isolated,torch,15,8,comm_ms,5.0944,recorder
20260804-041933_aws_4d9beba2,hier_compress_lb_union_remotefrac_b8_k8_isolated,isolated,torch,15,9,comm_ms,4.84864,recorder
20260804-041933_aws_4d9beba2,hier_compress_lb_union_remotefrac_b8_k8_isolated,isolated,torch,15,0,scatter_ms,9.120768,recorder
20260804-041933_aws_4d9beba2,hier_compress_lb_union_remotefrac_b8_k8_isolated,isolated,torch,15,1,scatter_ms,9.125888,recorder
20260804-041933_aws_4d9beba2,hier_compress_lb_union_remotefrac_b8_k8_isolated,isolated,torch,15,2,scatter_ms,9.122816,recorder
20260804-041933_aws_4d9beba2,hier_compress_lb_union_remotefrac_b8_k8_isolated,isolated,torch,15,3,scatter_ms,9.137152,recorder
20260804-041933_aws_4d9beba2,hier_compress_lb_union_remotefrac_b8_k8_isolated,isolated,torch,15,4,scatter_ms,9.133056,recorder
20260804-041933_aws_4d9beba2,hier_compress_lb_union_remotefrac_b8_k8_isolated,isolated,torch,15,5,scatter_ms,9.1392,recorder
20260804-041933_aws_4d9beba2,hier_compress_lb_union_remotefrac_b8_k8_isolated,isolated,torch,15,6,scatter_ms,9.150464,recorder
20260804-041933_aws_4d9beba2,hier_compress_lb_union_remotefrac_b8_k8_isolated,isolated,torch,15,7,scatter_ms,7.804928,recorder
20260804-041933_aws_4d9beba2,hier_compress_lb_union_remotefrac_b8_k8_isolated,isolated,torch,15,8,scatter_ms,7.954432,recorder
20260804-041933_aws_4d9beba2,hier_compress_lb_union_remotefrac_b8_k8_isolated,isolated,torch,15,9,scatter_ms,7.740416,recorder
20260804-041933_aws_4d9beba2,hier_compress_lb_union_remotefrac_b8_k8_isolated,isolated,torch,15,0,gemm_ms,2.410496,recorder
20260804-041933_aws_4d9beba2,hier_compress_lb_union_remotefrac_b8_k8_isolated,isolated,torch,15,1,gemm_ms,2.408448,recorder
20260804-041933_aws_4d9beba2,hier_compress_lb_union_remotefrac_b8_k8_isolated,isolated,torch,15,2,gemm_ms,2.408448,recorder
20260804-041933_aws_4d9beba2,hier_compress_lb_union_remotefrac_b8_k8_isolated,isolated,torch,15,3,gemm_ms,2.410496,recorder
20260804-041933_aws_4d9beba2,hier_compress_lb_union_remotefrac_b8_k8_isolated,isolated,torch,15,4,gemm_ms,2.409472,recorder
20260804-041933_aws_4d9beba2,hier_compress_lb_union_remotefrac_b8_k8_isolated,isolated,torch,15,5,gemm_ms,2.408448,recorder
20260804-041933_aws_4d9beba2,hier_compress_lb_union_remotefrac_b8_k8_isolated,isolated,torch,15,6,gemm_ms,2.410496,recorder
20260804-041933_aws_4d9beba2,hier_compress_lb_union_remotefrac_b8_k8_isolated,isolated,torch,15,7,gemm_ms,1.882112,recorder
20260804-041933_aws_4d9beba2,hier_compress_lb_union_remotefrac_b8_k8_isolated,isolated,torch,15,8,gemm_ms,1.882112,recorder
20260804-041933_aws_4d9beba2,hier_compress_lb_union_remotefrac_b8_k8_isolated,isolated,torch,15,9,gemm_ms,1.881088,recorder
20260804-041933_aws_4d9beba2,hier_compress_lb_union_remotefrac_b8_k8_isolated,isolated,flux,15,0,e2e_ms,3.95264,recorder
20260804-041933_aws_4d9beba2,hier_compress_lb_union_remotefrac_b8_k8_isolated,isolated,flux,15,1,e2e_ms,4.021248,recorder
20260804-041933_aws_4d9beba2,hier_compress_lb_union_remotefrac_b8_k8_isolated,isolated,flux,15,2,e2e_ms,4.11648,recorder
20260804-041933_aws_4d9beba2,hier_compress_lb_union_remotefrac_b8_k8_isolated,isolated,flux,15,3,e2e_ms,4.025344,recorder
20260804-041933_aws_4d9beba2,hier_compress_lb_union_remotefrac_b8_k8_isolated,isolated,flux,15,4,e2e_ms,3.996672,recorder
20260804-041933_aws_4d9beba2,hier_compress_lb_union_remotefrac_b8_k8_isolated,isolated,flux,15,5,e2e_ms,4.048896,recorder
20260804-041933_aws_4d9beba2,hier_compress_lb_union_remotefrac_b8_k8_isolated,isolated,flux,15,6,e2e_ms,4.000768,recorder
20260804-041933_aws_4d9beba2,hier_compress_lb_union_remotefrac_b8_k8_isolated,isolated,flux,15,7,e2e_ms,4.074496,recorder
20260804-041933_aws_4d9beba2,hier_compress_lb_union_remotefrac_b8_k8_isolated,isolated,flux,15,8,e2e_ms,4.076544,recorder
20260804-041933_aws_4d9beba2,hier_compress_lb_union_remotefrac_b8_k8_isolated,isolated,flux,15,9,e2e_ms,4.045824,recorder
20260804-041933_aws_4d9beba2,hier_compress_lb_union_remotefrac_b8_k8_isolated,isolated,flux,15,0,iso_sync_ms,3.152863,recorder
20260804-041933_aws_4d9beba2,hier_compress_lb_union_remotefrac_b8_k8_isolated,isolated,flux,15,1,iso_sync_ms,3.234829,recorder
20260804-041933_aws_4d9beba2,hier_compress_lb_union_remotefrac_b8_k8_isolated,isolated,flux,15,2,iso_sync_ms,3.194068,recorder
20260804-041933_aws_4d9beba2,hier_compress_lb_union_remotefrac_b8_k8_isolated,isolated,flux,15,3,iso_sync_ms,3.261923,recorder
20260804-041933_aws_4d9beba2,hier_compress_lb_union_remotefrac_b8_k8_isolated,isolated,flux,15,4,iso_sync_ms,3.297724,recorder
20260804-041933_aws_4d9beba2,hier_compress_lb_union_remotefrac_b8_k8_isolated,isolated,flux,15,5,iso_sync_ms,3.180148,recorder
20260804-041933_aws_4d9beba2,hier_compress_lb_union_remotefrac_b8_k8_isolated,isolated,flux,15,6,iso_sync_ms,4.090182,recorder
20260804-041933_aws_4d9beba2,hier_compress_lb_union_remotefrac_b8_k8_isolated,isolated,flux,15,7,iso_sync_ms,3.165126,recorder
20260804-041933_aws_4d9beba2,hier_compress_lb_union_remotefrac_b8_k8_isolated,isolated,flux,15,8,iso_sync_ms,3.259862,recorder
20260804-041933_aws_4d9beba2,hier_compress_lb_union_remotefrac_b8_k8_isolated,isolated,flux,15,9,iso_sync_ms,3.251078,recorder
