run_id,cell_id,mode,impl,rank,iter,metric,value_ms,source
20260805-032512_perlmutter_1067ad0b,hier_compress_union_remotefrac_b8_k4_isolated,isolated,torch,0,0,comm_ms,1.952608,recorder
20260805-032512_perlmutter_1067ad0b,hier_compress_union_remotefrac_b8_k4_isolated,isolated,torch,0,1,comm_ms,1.645312,recorder
20260805-032512_perlmutter_1067ad0b,hier_compress_union_remotefrac_b8_k4_isolated,isolated,torch,0,2,comm_ms,1.915808,recorder
20260805-032512_perlmutter_1067ad0b,hier_compress_union_remotefrac_b8_k4_isolated,isolated,torch,0,3,comm_ms,1.851808,recorder
20260805-032512_perlmutter_1067ad0b,hier_compress_union_remotefrac_b8_k4_isolated,isolated,torch,0,4,comm_ms,2.216288,recorder
20260805-032512_perlmutter_1067ad0b,hier_compress_union_remotefrac_b8_k4_isolated,isolated,torch,0,5,comm_ms,1.829856,recorder
20260805-032512_perlmutter_1067ad0b,hier_compress_union_remotefrac_b8_k4_isolated,isolated,torch,0,6,comm_ms,1.814688,recorder
20260805-032512_perlmutter_1067ad0b,hier_compress_union_remotefrac_b8_k4_isolated,isolated,torch,0,7,comm_ms,1.798144,recorder
20260805-032512_perlmutter_1067ad0b,hier_compress_union_remotefrac_b8_k4_isolated,isolated,torch,0,8,comm_ms,1.904704,recorder
20260805-032512_perlmutter_1067ad0b,hier_compress_union_remotefrac_b8_k4_isolated,isolated,torch,0,9,comm_ms,1.796096,recorder
20260805-032512_perlmutter_1067ad0b,hier_compress_union_remotefrac_b8_k4_isolated,isolated,torch,0,0,scatter_ms,3.81872,recorder
20260805-032512_perlmutter_1067ad0b,hier_compress_union_remotefrac_b8_k4_isolated,isolated,torch,0,1,scatter_ms,3.801696,recorder
20260805-032512_perlmutter_1067ad0b,hier_compress_union_remotefrac_b8_k4_isolated,isolated,torch,0,2,scatter_ms,3.82976,recorder
20260805-032512_perlmutter_1067ad0b,hier_compress_union_remotefrac_b8_k4_isolated,isolated,torch,0,3,scatter_ms,3.825696,recorder
20260805-032512_perlmutter_1067ad0b,hier_compress_union_remotefrac_b8_k4_isolated,isolated,torch,0,4,scatter_ms,3.831904,recorder
20260805-032512_perlmutter_1067ad0b,hier_compress_union_remotefrac_b8_k4_isolated,isolated,torch,0,5,scatter_ms,3.809248,recorder
20260805-032512_perlmutter_1067ad0b,hier_compress_union_remotefrac_b8_k4_isolated,isolated,torch,0,6,scatter_ms,3.823616,recorder
20260805-032512_perlmutter_1067ad0b,hier_compress_union_remotefrac_b8_k4_isolated,isolated,torch,0,7,scatter_ms,3.862528,recorder
20260805-032512_perlmutter_1067ad0b,hier_compress_union_remotefrac_b8_k4_isolated,isolated,torch,0,8,scatter_ms,3.823936,recorder
20260805-032512_perlmutter_1067ad0b,hier_compress_union_remotefrac_b8_k4_isolated,isolated,torch,0,9,scatter_ms,3.841536,recorder
20260805-032512_perlmutter_1067ad0b,hier_compress_union_remotefrac_b8_k4_isolated,isolated,torch,0,0,gemm_ms,0.961312,recorder
20260805-032512_perlmutter_1067ad0b,hier_compress_union_remotefrac_b8_k4_isolated,isolated,torch,0,1,gemm_ms,0.960288,recorder
20260805-032512_perlmutter_1067ad0b,hier_compress_union_remotefrac_b8_k4_isolated,isolated,torch,0,2,gemm_ms,0.96,recorder
20260805-032512_perlmutter_1067ad0b,hier_compress_union_remotefrac_b8_k4_isolated,isolated,torch,0,3,gemm_ms,0.961184,recorder
20260805-032512_perlmutter_1067ad0b,hier_compress_union_remotefrac_b8_k4_isolated,isolated,torch,0,4,gemm_ms,0.960096,recorder
20260805-032512_perlmutter_1067ad0b,hier_compress_union_remotefrac_b8_k4_isolated,isolated,torch,0,5,gemm_ms,0.960544,recorder
20260805-032512_perlmutter_1067ad0b,hier_compress_union_remotefrac_b8_k4_isolated,isolated,torch,0,6,gemm_ms,0.960864,recorder
20260805-032512_perlmutter_1067ad0b,hier_compress_union_remotefrac_b8_k4_isolated,isolated,torch,0,7,gemm_ms,0.960448,recorder
20260805-032512_perlmutter_1067ad0b,hier_compress_union_remotefrac_b8_k4_isolated,isolated,torch,0,8,gemm_ms,0.959744,recorder
20260805-032512_perlmutter_1067ad0b,hier_compress_union_remotefrac_b8_k4_isolated,isolated,torch,0,9,gemm_ms,0.960512,recorder
20260805-032512_perlmutter_1067ad0b,hier_compress_union_remotefrac_b8_k4_isolated,isolated,flux,0,0,e2e_ms,2.299168,recorder
20260805-032512_perlmutter_1067ad0b,hier_compress_union_remotefrac_b8_k4_isolated,isolated,flux,0,1,e2e_ms,2.154848,recorder
20260805-032512_perlmutter_1067ad0b,hier_compress_union_remotefrac_b8_k4_isolated,isolated,flux,0,2,e2e_ms,2.238112,recorder
20260805-032512_perlmutter_1067ad0b,hier_compress_union_remotefrac_b8_k4_isolated,isolated,flux,0,3,e2e_ms,2.15216,recorder
20260805-032512_perlmutter_1067ad0b,hier_compress_union_remotefrac_b8_k4_isolated,isolated,flux,0,4,e2e_ms,2.307168,recorder
20260805-032512_perlmutter_1067ad0b,hier_compress_union_remotefrac_b8_k4_isolated,isolated,flux,0,5,e2e_ms,2.265376,recorder
20260805-032512_perlmutter_1067ad0b,hier_compress_union_remotefrac_b8_k4_isolated,isolated,flux,0,6,e2e_ms,2.32336,recorder
20260805-032512_perlmutter_1067ad0b,hier_compress_union_remotefrac_b8_k4_isolated,isolated,flux,0,7,e2e_ms,2.18752,recorder
20260805-032512_perlmutter_1067ad0b,hier_compress_union_remotefrac_b8_k4_isolated,isolated,flux,0,8,e2e_ms,2.223456,recorder
20260805-032512_perlmutter_1067ad0b,hier_compress_union_remotefrac_b8_k4_isolated,isolated,flux,0,9,e2e_ms,2.173248,recorder
20260805-032512_perlmutter_1067ad0b,hier_compress_union_remotefrac_b8_k4_isolated,isolated,flux,0,0,iso_sync_ms,1.812584,recorder
20260805-032512_perlmutter_1067ad0b,hier_compress_union_remotefrac_b8_k4_isolated,isolated,flux,0,1,iso_sync_ms,1.842631,recorder
20260805-032512_perlmutter_1067ad0b,hier_compress_union_remotefrac_b8_k4_isolated,isolated,flux,0,2,iso_sync_ms,1.685248,recorder
20260805-032512_perlmutter_1067ad0b,hier_compress_union_remotefrac_b8_k4_isolated,isolated,flux,0,3,iso_sync_ms,1.748049,recorder
20260805-032512_perlmutter_1067ad0b,hier_compress_union_remotefrac_b8_k4_isolated,isolated,flux,0,4,iso_sync_ms,1.710796,recorder
20260805-032512_perlmutter_1067ad0b,hier_compress_union_remotefrac_b8_k4_isolated,isolated,flux,0,5,iso_sync_ms,1.84693,recorder
20260805-032512_perlmutter_1067ad0b,hier_compress_union_remotefrac_b8_k4_isolated,isolated,flux,0,6,iso_sync_ms,1.82111,recorder
20260805-032512_perlmutter_1067ad0b,hier_compress_union_remotefrac_b8_k4_isolated,isolated,flux,0,7,iso_sync_ms,1.845186,recorder
20260805-032512_perlmutter_1067ad0b,hier_compress_union_remotefrac_b8_k4_isolated,isolated,flux,0,8,iso_sync_ms,1.742468,recorder
20260805-032512_perlmutter_1067ad0b,hier_compress_union_remotefrac_b8_k4_isolated,isolated,flux,0,9,iso_sync_ms,1.764651,recorder
20260805-032512_perlmutter_1067ad0b,hier_compress_union_remotefrac_b8_k4_isolated,isolated,torch,1,0,comm_ms,2.23616,recorder
20260805-032512_perlmutter_1067ad0b,hier_compress_union_remotefrac_b8_k4_isolated,isolated,torch,1,1,comm_ms,1.761248,recorder
20260805-032512_perlmutter_1067ad0b,hier_compress_union_remotefrac_b8_k4_isolated,isolated,torch,1,2,comm_ms,1.878368,recorder
20260805-032512_perlmutter_1067ad0b,hier_compress_union_remotefrac_b8_k4_isolated,isolated,torch,1,3,comm_ms,1.888064,recorder
20260805-032512_perlmutter_1067ad0b,hier_compress_union_remotefrac_b8_k4_isolated,isolated,torch,1,4,comm_ms,2.246592,recorder
20260805-032512_perlmutter_1067ad0b,hier_compress_union_remotefrac_b8_k4_isolated,isolated,torch,1,5,comm_ms,1.609376,recorder
20260805-032512_perlmutter_1067ad0b,hier_compress_union_remotefrac_b8_k4_isolated,isolated,torch,1,6,comm_ms,1.953696,recorder
20260805-032512_perlmutter_1067ad0b,hier_compress_union_remotefrac_b8_k4_isolated,isolated,torch,1,7,comm_ms,1.7232,recorder
20260805-032512_perlmutter_1067ad0b,hier_compress_union_remotefrac_b8_k4_isolated,isolated,torch,1,8,comm_ms,1.851552,recorder
20260805-032512_perlmutter_1067ad0b,hier_compress_union_remotefrac_b8_k4_isolated,isolated,torch,1,9,comm_ms,1.884928,recorder
20260805-032512_perlmutter_1067ad0b,hier_compress_union_remotefrac_b8_k4_isolated,isolated,torch,1,0,scatter_ms,3.815328,recorder
20260805-032512_perlmutter_1067ad0b,hier_compress_union_remotefrac_b8_k4_isolated,isolated,torch,1,1,scatter_ms,3.84368,recorder
20260805-032512_perlmutter_1067ad0b,hier_compress_union_remotefrac_b8_k4_isolated,isolated,torch,1,2,scatter_ms,3.823104,recorder
20260805-032512_perlmutter_1067ad0b,hier_compress_union_remotefrac_b8_k4_isolated,isolated,torch,1,3,scatter_ms,3.818688,recorder
20260805-032512_perlmutter_1067ad0b,hier_compress_union_remotefrac_b8_k4_isolated,isolated,torch,1,4,scatter_ms,3.811232,recorder
20260805-032512_perlmutter_1067ad0b,hier_compress_union_remotefrac_b8_k4_isolated,isolated,torch,1,5,scatter_ms,3.902816,recorder
20260805-032512_perlmutter_1067ad0b,hier_compress_union_remotefrac_b8_k4_isolated,isolated,torch,1,6,scatter_ms,3.845312,recorder
20260805-032512_perlmutter_1067ad0b,hier_compress_union_remotefrac_b8_k4_isolated,isolated,torch,1,7,scatter_ms,3.80688,recorder
20260805-032512_perlmutter_1067ad0b,hier_compress_union_remotefrac_b8_k4_isolated,isolated,torch,1,8,scatter_ms,3.836928,recorder
20260805-032512_perlmutter_1067ad0b,hier_compress_union_remotefrac_b8_k4_isolated,isolated,torch,1,9,scatter_ms,3.819552,recorder
20260805-032512_perlmutter_1067ad0b,hier_compress_union_remotefrac_b8_k4_isolated,isolated,torch,1,0,gemm_ms,0.956192,recorder
20260805-032512_perlmutter_1067ad0b,hier_compress_union_remotefrac_b8_k4_isolated,isolated,torch,1,1,gemm_ms,0.956,recorder
20260805-032512_perlmutter_1067ad0b,hier_compress_union_remotefrac_b8_k4_isolated,isolated,torch,1,2,gemm_ms,0.956416,recorder
20260805-032512_perlmutter_1067ad0b,hier_compress_union_remotefrac_b8_k4_isolated,isolated,torch,1,3,gemm_ms,0.957632,recorder
20260805-032512_perlmutter_1067ad0b,hier_compress_union_remotefrac_b8_k4_isolated,isolated,torch,1,4,gemm_ms,0.95664,recorder
20260805-032512_perlmutter_1067ad0b,hier_compress_union_remotefrac_b8_k4_isolated,isolated,torch,1,5,gemm_ms,0.956608,recorder
20260805-032512_perlmutter_1067ad0b,hier_compress_union_remotefrac_b8_k4_isolated,isolated,torch,1,6,gemm_ms,0.955584,recorder
20260805-032512_perlmutter_1067ad0b,hier_compress_union_remotefrac_b8_k4_isolated,isolated,torch,1,7,gemm_ms,0.956032,recorder
20260805-032512_perlmutter_1067ad0b,hier_compress_union_remotefrac_b8_k4_isolated,isolated,torch,1,8,gemm_ms,0.956448,recorder
20260805-032512_perlmutter_1067ad0b,hier_compress_union_remotefrac_b8_k4_isolated,isolated,torch,1,9,gemm_ms,0.955968,recorder
20260805-032512_perlmutter_1067ad0b,hier_compress_union_remotefrac_b8_k4_isolated,isolated,flux,1,0,e2e_ms,2.292736,recorder
20260805-032512_perlmutter_1067ad0b,hier_compress_union_remotefrac_b8_k4_isolated,isolated,flux,1,1,e2e_ms,2.153504,recorder
20260805-032512_perlmutter_1067ad0b,hier_compress_union_remotefrac_b8_k4_isolated,isolated,flux,1,2,e2e_ms,2.237792,recorder
20260805-032512_perlmutter_1067ad0b,hier_compress_union_remotefrac_b8_k4_isolated,isolated,flux,1,3,e2e_ms,2.148224,recorder
20260805-032512_perlmutter_1067ad0b,hier_compress_union_remotefrac_b8_k4_isolated,isolated,flux,1,4,e2e_ms,2.306816,recorder
20260805-032512_perlmutter_1067ad0b,hier_compress_union_remotefrac_b8_k4_isolated,isolated,flux,1,5,e2e_ms,2.261376,recorder
20260805-032512_perlmutter_1067ad0b,hier_compress_union_remotefrac_b8_k4_isolated,isolated,flux,1,6,e2e_ms,2.31984,recorder
20260805-032512_perlmutter_1067ad0b,hier_compress_union_remotefrac_b8_k4_isolated,isolated,flux,1,7,e2e_ms,2.18256,recorder
20260805-032512_perlmutter_1067ad0b,hier_compress_union_remotefrac_b8_k4_isolated,isolated,flux,1,8,e2e_ms,2.21936,recorder
20260805-032512_perlmutter_1067ad0b,hier_compress_union_remotefrac_b8_k4_isolated,isolated,flux,1,9,e2e_ms,2.172352,recorder
20260805-032512_perlmutter_1067ad0b,hier_compress_union_remotefrac_b8_k4_isolated,isolated,flux,1,0,iso_sync_ms,1.815179,recorder
20260805-032512_perlmutter_1067ad0b,hier_compress_union_remotefrac_b8_k4_isolated,isolated,flux,1,1,iso_sync_ms,1.824607,recorder
20260805-032512_perlmutter_1067ad0b,hier_compress_union_remotefrac_b8_k4_isolated,isolated,flux,1,2,iso_sync_ms,1.683794,recorder
20260805-032512_perlmutter_1067ad0b,hier_compress_union_remotefrac_b8_k4_isolated,isolated,flux,1,3,iso_sync_ms,1.750794,recorder
20260805-032512_perlmutter_1067ad0b,hier_compress_union_remotefrac_b8_k4_isolated,isolated,flux,1,4,iso_sync_ms,1.680859,recorder
20260805-032512_perlmutter_1067ad0b,hier_compress_union_remotefrac_b8_k4_isolated,isolated,flux,1,5,iso_sync_ms,1.830158,recorder
20260805-032512_perlmutter_1067ad0b,hier_compress_union_remotefrac_b8_k4_isolated,isolated,flux,1,6,iso_sync_ms,1.811712,recorder
20260805-032512_perlmutter_1067ad0b,hier_compress_union_remotefrac_b8_k4_isolated,isolated,flux,1,7,iso_sync_ms,1.84157,recorder
20260805-032512_perlmutter_1067ad0b,hier_compress_union_remotefrac_b8_k4_isolated,isolated,flux,1,8,iso_sync_ms,1.738821,recorder
20260805-032512_perlmutter_1067ad0b,hier_compress_union_remotefrac_b8_k4_isolated,isolated,flux,1,9,iso_sync_ms,1.759892,recorder
20260805-032512_perlmutter_1067ad0b,hier_compress_union_remotefrac_b8_k4_isolated,isolated,torch,2,0,comm_ms,1.844928,recorder
20260805-032512_perlmutter_1067ad0b,hier_compress_union_remotefrac_b8_k4_isolated,isolated,torch,2,1,comm_ms,1.844768,recorder
20260805-032512_perlmutter_1067ad0b,hier_compress_union_remotefrac_b8_k4_isolated,isolated,torch,2,2,comm_ms,1.90784,recorder
20260805-032512_perlmutter_1067ad0b,hier_compress_union_remotefrac_b8_k4_isolated,isolated,torch,2,3,comm_ms,1.750976,recorder
20260805-032512_perlmutter_1067ad0b,hier_compress_union_remotefrac_b8_k4_isolated,isolated,torch,2,4,comm_ms,2.3328,recorder
20260805-032512_perlmutter_1067ad0b,hier_compress_union_remotefrac_b8_k4_isolated,isolated,torch,2,5,comm_ms,1.706336,recorder
20260805-032512_perlmutter_1067ad0b,hier_compress_union_remotefrac_b8_k4_isolated,isolated,torch,2,6,comm_ms,1.714144,recorder
20260805-032512_perlmutter_1067ad0b,hier_compress_union_remotefrac_b8_k4_isolated,isolated,torch,2,7,comm_ms,1.939104,recorder
20260805-032512_perlmutter_1067ad0b,hier_compress_union_remotefrac_b8_k4_isolated,isolated,torch,2,8,comm_ms,1.891872,recorder
20260805-032512_perlmutter_1067ad0b,hier_compress_union_remotefrac_b8_k4_isolated,isolated,torch,2,9,comm_ms,1.780544,recorder
20260805-032512_perlmutter_1067ad0b,hier_compress_union_remotefrac_b8_k4_isolated,isolated,torch,2,0,scatter_ms,3.819392,recorder
20260805-032512_perlmutter_1067ad0b,hier_compress_union_remotefrac_b8_k4_isolated,isolated,torch,2,1,scatter_ms,3.804288,recorder
20260805-032512_perlmutter_1067ad0b,hier_compress_union_remotefrac_b8_k4_isolated,isolated,torch,2,2,scatter_ms,3.85312,recorder
20260805-032512_perlmutter_1067ad0b,hier_compress_union_remotefrac_b8_k4_isolated,isolated,torch,2,3,scatter_ms,3.821504,recorder
20260805-032512_perlmutter_1067ad0b,hier_compress_union_remotefrac_b8_k4_isolated,isolated,torch,2,4,scatter_ms,3.834016,recorder
20260805-032512_perlmutter_1067ad0b,hier_compress_union_remotefrac_b8_k4_isolated,isolated,torch,2,5,scatter_ms,3.829152,recorder
20260805-032512_perlmutter_1067ad0b,hier_compress_union_remotefrac_b8_k4_isolated,isolated,torch,2,6,scatter_ms,3.822048,recorder
20260805-032512_perlmutter_1067ad0b,hier_compress_union_remotefrac_b8_k4_isolated,isolated,torch,2,7,scatter_ms,3.841056,recorder
20260805-032512_perlmutter_1067ad0b,hier_compress_union_remotefrac_b8_k4_isolated,isolated,torch,2,8,scatter_ms,3.84208,recorder
20260805-032512_perlmutter_1067ad0b,hier_compress_union_remotefrac_b8_k4_isolated,isolated,torch,2,9,scatter_ms,3.814528,recorder
20260805-032512_perlmutter_1067ad0b,hier_compress_union_remotefrac_b8_k4_isolated,isolated,torch,2,0,gemm_ms,0.963456,recorder
20260805-032512_perlmutter_1067ad0b,hier_compress_union_remotefrac_b8_k4_isolated,isolated,torch,2,1,gemm_ms,0.961056,recorder
20260805-032512_perlmutter_1067ad0b,hier_compress_union_remotefrac_b8_k4_isolated,isolated,torch,2,2,gemm_ms,0.960992,recorder
20260805-032512_perlmutter_1067ad0b,hier_compress_union_remotefrac_b8_k4_isolated,isolated,torch,2,3,gemm_ms,0.962496,recorder
20260805-032512_perlmutter_1067ad0b,hier_compress_union_remotefrac_b8_k4_isolated,isolated,torch,2,4,gemm_ms,0.961568,recorder
20260805-032512_perlmutter_1067ad0b,hier_compress_union_remotefrac_b8_k4_isolated,isolated,torch,2,5,gemm_ms,0.961312,recorder
20260805-032512_perlmutter_1067ad0b,hier_compress_union_remotefrac_b8_k4_isolated,isolated,torch,2,6,gemm_ms,0.961184,recorder
20260805-032512_perlmutter_1067ad0b,hier_compress_union_remotefrac_b8_k4_isolated,isolated,torch,2,7,gemm_ms,0.962272,recorder
20260805-032512_perlmutter_1067ad0b,hier_compress_union_remotefrac_b8_k4_isolated,isolated,torch,2,8,gemm_ms,0.961056,recorder
20260805-032512_perlmutter_1067ad0b,hier_compress_union_remotefrac_b8_k4_isolated,isolated,torch,2,9,gemm_ms,0.962112,recorder
20260805-032512_perlmutter_1067ad0b,hier_compress_union_remotefrac_b8_k4_isolated,isolated,flux,2,0,e2e_ms,2.302112,recorder
20260805-032512_perlmutter_1067ad0b,hier_compress_union_remotefrac_b8_k4_isolated,isolated,flux,2,1,e2e_ms,2.159936,recorder
20260805-032512_perlmutter_1067ad0b,hier_compress_union_remotefrac_b8_k4_isolated,isolated,flux,2,2,e2e_ms,2.24,recorder
20260805-032512_perlmutter_1067ad0b,hier_compress_union_remotefrac_b8_k4_isolated,isolated,flux,2,3,e2e_ms,2.155552,recorder
20260805-032512_perlmutter_1067ad0b,hier_compress_union_remotefrac_b8_k4_isolated,isolated,flux,2,4,e2e_ms,2.310816,recorder
20260805-032512_perlmutter_1067ad0b,hier_compress_union_remotefrac_b8_k4_isolated,isolated,flux,2,5,e2e_ms,2.267072,recorder
20260805-032512_perlmutter_1067ad0b,hier_compress_union_remotefrac_b8_k4_isolated,isolated,flux,2,6,e2e_ms,2.325248,recorder
20260805-032512_perlmutter_1067ad0b,hier_compress_union_remotefrac_b8_k4_isolated,isolated,flux,2,7,e2e_ms,2.190112,recorder
20260805-032512_perlmutter_1067ad0b,hier_compress_union_remotefrac_b8_k4_isolated,isolated,flux,2,8,e2e_ms,2.2264,recorder
20260805-032512_perlmutter_1067ad0b,hier_compress_union_remotefrac_b8_k4_isolated,isolated,flux,2,9,e2e_ms,2.176256,recorder
20260805-032512_perlmutter_1067ad0b,hier_compress_union_remotefrac_b8_k4_isolated,isolated,flux,2,0,iso_sync_ms,1.817884,recorder
20260805-032512_perlmutter_1067ad0b,hier_compress_union_remotefrac_b8_k4_isolated,isolated,flux,2,1,iso_sync_ms,1.839255,recorder
20260805-032512_perlmutter_1067ad0b,hier_compress_union_remotefrac_b8_k4_isolated,isolated,flux,2,2,iso_sync_ms,1.681611,recorder
20260805-032512_perlmutter_1067ad0b,hier_compress_union_remotefrac_b8_k4_isolated,isolated,flux,2,3,iso_sync_ms,1.74315,recorder
20260805-032512_perlmutter_1067ad0b,hier_compress_union_remotefrac_b8_k4_isolated,isolated,flux,2,4,iso_sync_ms,1.715546,recorder
20260805-032512_perlmutter_1067ad0b,hier_compress_union_remotefrac_b8_k4_isolated,isolated,flux,2,5,iso_sync_ms,1.850597,recorder
20260805-032512_perlmutter_1067ad0b,hier_compress_union_remotefrac_b8_k4_isolated,isolated,flux,2,6,iso_sync_ms,1.829005,recorder
20260805-032512_perlmutter_1067ad0b,hier_compress_union_remotefrac_b8_k4_isolated,isolated,flux,2,7,iso_sync_ms,1.855567,recorder
20260805-032512_perlmutter_1067ad0b,hier_compress_union_remotefrac_b8_k4_isolated,isolated,flux,2,8,iso_sync_ms,1.740695,recorder
20260805-032512_perlmutter_1067ad0b,hier_compress_union_remotefrac_b8_k4_isolated,isolated,flux,2,9,iso_sync_ms,1.752336,recorder
20260805-032512_perlmutter_1067ad0b,hier_compress_union_remotefrac_b8_k4_isolated,isolated,torch,3,0,comm_ms,2.091712,recorder
20260805-032512_perlmutter_1067ad0b,hier_compress_union_remotefrac_b8_k4_isolated,isolated,torch,3,1,comm_ms,1.941088,recorder
20260805-032512_perlmutter_1067ad0b,hier_compress_union_remotefrac_b8_k4_isolated,isolated,torch,3,2,comm_ms,1.900864,recorder
20260805-032512_perlmutter_1067ad0b,hier_compress_union_remotefrac_b8_k4_isolated,isolated,torch,3,3,comm_ms,1.807232,recorder
20260805-032512_perlmutter_1067ad0b,hier_compress_union_remotefrac_b8_k4_isolated,isolated,torch,3,4,comm_ms,2.24448,recorder
20260805-032512_perlmutter_1067ad0b,hier_compress_union_remotefrac_b8_k4_isolated,isolated,torch,3,5,comm_ms,1.6616,recorder
20260805-032512_perlmutter_1067ad0b,hier_compress_union_remotefrac_b8_k4_isolated,isolated,torch,3,6,comm_ms,1.872896,recorder
20260805-032512_perlmutter_1067ad0b,hier_compress_union_remotefrac_b8_k4_isolated,isolated,torch,3,7,comm_ms,1.854592,recorder
20260805-032512_perlmutter_1067ad0b,hier_compress_union_remotefrac_b8_k4_isolated,isolated,torch,3,8,comm_ms,1.75264,recorder
20260805-032512_perlmutter_1067ad0b,hier_compress_union_remotefrac_b8_k4_isolated,isolated,torch,3,9,comm_ms,1.92208,recorder
20260805-032512_perlmutter_1067ad0b,hier_compress_union_remotefrac_b8_k4_isolated,isolated,torch,3,0,scatter_ms,3.825312,recorder
20260805-032512_perlmutter_1067ad0b,hier_compress_union_remotefrac_b8_k4_isolated,isolated,torch,3,1,scatter_ms,3.815904,recorder
20260805-032512_perlmutter_1067ad0b,hier_compress_union_remotefrac_b8_k4_isolated,isolated,torch,3,2,scatter_ms,3.849536,recorder
20260805-032512_perlmutter_1067ad0b,hier_compress_union_remotefrac_b8_k4_isolated,isolated,torch,3,3,scatter_ms,3.86848,recorder
20260805-032512_perlmutter_1067ad0b,hier_compress_union_remotefrac_b8_k4_isolated,isolated,torch,3,4,scatter_ms,3.82144,recorder
20260805-032512_perlmutter_1067ad0b,hier_compress_union_remotefrac_b8_k4_isolated,isolated,torch,3,5,scatter_ms,3.804256,recorder
20260805-032512_perlmutter_1067ad0b,hier_compress_union_remotefrac_b8_k4_isolated,isolated,torch,3,6,scatter_ms,3.827584,recorder
20260805-032512_perlmutter_1067ad0b,hier_compress_union_remotefrac_b8_k4_isolated,isolated,torch,3,7,scatter_ms,3.827136,recorder
20260805-032512_perlmutter_1067ad0b,hier_compress_union_remotefrac_b8_k4_isolated,isolated,torch,3,8,scatter_ms,3.817824,recorder
20260805-032512_perlmutter_1067ad0b,hier_compress_union_remotefrac_b8_k4_isolated,isolated,torch,3,9,scatter_ms,3.816544,recorder
20260805-032512_perlmutter_1067ad0b,hier_compress_union_remotefrac_b8_k4_isolated,isolated,torch,3,0,gemm_ms,0.959648,recorder
20260805-032512_perlmutter_1067ad0b,hier_compress_union_remotefrac_b8_k4_isolated,isolated,torch,3,1,gemm_ms,0.959968,recorder
20260805-032512_perlmutter_1067ad0b,hier_compress_union_remotefrac_b8_k4_isolated,isolated,torch,3,2,gemm_ms,0.95984,recorder
20260805-032512_perlmutter_1067ad0b,hier_compress_union_remotefrac_b8_k4_isolated,isolated,torch,3,3,gemm_ms,0.960064,recorder
20260805-032512_perlmutter_1067ad0b,hier_compress_union_remotefrac_b8_k4_isolated,isolated,torch,3,4,gemm_ms,0.960224,recorder
20260805-032512_perlmutter_1067ad0b,hier_compress_union_remotefrac_b8_k4_isolated,isolated,torch,3,5,gemm_ms,0.960192,recorder
20260805-032512_perlmutter_1067ad0b,hier_compress_union_remotefrac_b8_k4_isolated,isolated,torch,3,6,gemm_ms,0.960992,recorder
20260805-032512_perlmutter_1067ad0b,hier_compress_union_remotefrac_b8_k4_isolated,isolated,torch,3,7,gemm_ms,0.960768,recorder
20260805-032512_perlmutter_1067ad0b,hier_compress_union_remotefrac_b8_k4_isolated,isolated,torch,3,8,gemm_ms,0.959616,recorder
20260805-032512_perlmutter_1067ad0b,hier_compress_union_remotefrac_b8_k4_isolated,isolated,torch,3,9,gemm_ms,0.959744,recorder
20260805-032512_perlmutter_1067ad0b,hier_compress_union_remotefrac_b8_k4_isolated,isolated,flux,3,0,e2e_ms,2.291136,recorder
20260805-032512_perlmutter_1067ad0b,hier_compress_union_remotefrac_b8_k4_isolated,isolated,flux,3,1,e2e_ms,2.140896,recorder
20260805-032512_perlmutter_1067ad0b,hier_compress_union_remotefrac_b8_k4_isolated,isolated,flux,3,2,e2e_ms,2.234176,recorder
20260805-032512_perlmutter_1067ad0b,hier_compress_union_remotefrac_b8_k4_isolated,isolated,flux,3,3,e2e_ms,2.158112,recorder
20260805-032512_perlmutter_1067ad0b,hier_compress_union_remotefrac_b8_k4_isolated,isolated,flux,3,4,e2e_ms,2.304064,recorder
20260805-032512_perlmutter_1067ad0b,hier_compress_union_remotefrac_b8_k4_isolated,isolated,flux,3,5,e2e_ms,2.263488,recorder
20260805-032512_perlmutter_1067ad0b,hier_compress_union_remotefrac_b8_k4_isolated,isolated,flux,3,6,e2e_ms,2.317024,recorder
20260805-032512_perlmutter_1067ad0b,hier_compress_union_remotefrac_b8_k4_isolated,isolated,flux,3,7,e2e_ms,2.180192,recorder
20260805-032512_perlmutter_1067ad0b,hier_compress_union_remotefrac_b8_k4_isolated,isolated,flux,3,8,e2e_ms,2.213088,recorder
20260805-032512_perlmutter_1067ad0b,hier_compress_union_remotefrac_b8_k4_isolated,isolated,flux,3,9,e2e_ms,2.172608,recorder
20260805-032512_perlmutter_1067ad0b,hier_compress_union_remotefrac_b8_k4_isolated,isolated,flux,3,0,iso_sync_ms,1.807114,recorder
20260805-032512_perlmutter_1067ad0b,hier_compress_union_remotefrac_b8_k4_isolated,isolated,flux,3,1,iso_sync_ms,1.839486,recorder
20260805-032512_perlmutter_1067ad0b,hier_compress_union_remotefrac_b8_k4_isolated,isolated,flux,3,2,iso_sync_ms,1.646051,recorder
20260805-032512_perlmutter_1067ad0b,hier_compress_union_remotefrac_b8_k4_isolated,isolated,flux,3,3,iso_sync_ms,1.756395,recorder
20260805-032512_perlmutter_1067ad0b,hier_compress_union_remotefrac_b8_k4_isolated,isolated,flux,3,4,iso_sync_ms,1.705567,recorder
20260805-032512_perlmutter_1067ad0b,hier_compress_union_remotefrac_b8_k4_isolated,isolated,flux,3,5,iso_sync_ms,1.841059,recorder
20260805-032512_perlmutter_1067ad0b,hier_compress_union_remotefrac_b8_k4_isolated,isolated,flux,3,6,iso_sync_ms,1.814187,recorder
20260805-032512_perlmutter_1067ad0b,hier_compress_union_remotefrac_b8_k4_isolated,isolated,flux,3,7,iso_sync_ms,1.830337,recorder
20260805-032512_perlmutter_1067ad0b,hier_compress_union_remotefrac_b8_k4_isolated,isolated,flux,3,8,iso_sync_ms,1.730956,recorder
20260805-032512_perlmutter_1067ad0b,hier_compress_union_remotefrac_b8_k4_isolated,isolated,flux,3,9,iso_sync_ms,1.744212,recorder
20260805-032512_perlmutter_1067ad0b,hier_compress_union_remotefrac_b8_k4_isolated,isolated,torch,4,0,comm_ms,2.078336,recorder
20260805-032512_perlmutter_1067ad0b,hier_compress_union_remotefrac_b8_k4_isolated,isolated,torch,4,1,comm_ms,1.85024,recorder
20260805-032512_perlmutter_1067ad0b,hier_compress_union_remotefrac_b8_k4_isolated,isolated,torch,4,2,comm_ms,1.649728,recorder
20260805-032512_perlmutter_1067ad0b,hier_compress_union_remotefrac_b8_k4_isolated,isolated,torch,4,3,comm_ms,1.951904,recorder
20260805-032512_perlmutter_1067ad0b,hier_compress_union_remotefrac_b8_k4_isolated,isolated,torch,4,4,comm_ms,1.999104,recorder
20260805-032512_perlmutter_1067ad0b,hier_compress_union_remotefrac_b8_k4_isolated,isolated,torch,4,5,comm_ms,1.739424,recorder
20260805-032512_perlmutter_1067ad0b,hier_compress_union_remotefrac_b8_k4_isolated,isolated,torch,4,6,comm_ms,1.945664,recorder
20260805-032512_perlmutter_1067ad0b,hier_compress_union_remotefrac_b8_k4_isolated,isolated,torch,4,7,comm_ms,1.698464,recorder
20260805-032512_perlmutter_1067ad0b,hier_compress_union_remotefrac_b8_k4_isolated,isolated,torch,4,8,comm_ms,1.775424,recorder
20260805-032512_perlmutter_1067ad0b,hier_compress_union_remotefrac_b8_k4_isolated,isolated,torch,4,9,comm_ms,1.986688,recorder
20260805-032512_perlmutter_1067ad0b,hier_compress_union_remotefrac_b8_k4_isolated,isolated,torch,4,0,scatter_ms,3.815648,recorder
20260805-032512_perlmutter_1067ad0b,hier_compress_union_remotefrac_b8_k4_isolated,isolated,torch,4,1,scatter_ms,3.927392,recorder
20260805-032512_perlmutter_1067ad0b,hier_compress_union_remotefrac_b8_k4_isolated,isolated,torch,4,2,scatter_ms,3.842336,recorder
20260805-032512_perlmutter_1067ad0b,hier_compress_union_remotefrac_b8_k4_isolated,isolated,torch,4,3,scatter_ms,3.879424,recorder
20260805-032512_perlmutter_1067ad0b,hier_compress_union_remotefrac_b8_k4_isolated,isolated,torch,4,4,scatter_ms,3.901952,recorder
20260805-032512_perlmutter_1067ad0b,hier_compress_union_remotefrac_b8_k4_isolated,isolated,torch,4,5,scatter_ms,3.853856,recorder
20260805-032512_perlmutter_1067ad0b,hier_compress_union_remotefrac_b8_k4_isolated,isolated,torch,4,6,scatter_ms,3.818528,recorder
20260805-032512_perlmutter_1067ad0b,hier_compress_union_remotefrac_b8_k4_isolated,isolated,torch,4,7,scatter_ms,3.823584,recorder
20260805-032512_perlmutter_1067ad0b,hier_compress_union_remotefrac_b8_k4_isolated,isolated,torch,4,8,scatter_ms,3.839744,recorder
20260805-032512_perlmutter_1067ad0b,hier_compress_union_remotefrac_b8_k4_isolated,isolated,torch,4,9,scatter_ms,3.8168,recorder
20260805-032512_perlmutter_1067ad0b,hier_compress_union_remotefrac_b8_k4_isolated,isolated,torch,4,0,gemm_ms,0.962816,recorder
20260805-032512_perlmutter_1067ad0b,hier_compress_union_remotefrac_b8_k4_isolated,isolated,torch,4,1,gemm_ms,0.960736,recorder
20260805-032512_perlmutter_1067ad0b,hier_compress_union_remotefrac_b8_k4_isolated,isolated,torch,4,2,gemm_ms,0.961728,recorder
20260805-032512_perlmutter_1067ad0b,hier_compress_union_remotefrac_b8_k4_isolated,isolated,torch,4,3,gemm_ms,0.961376,recorder
20260805-032512_perlmutter_1067ad0b,hier_compress_union_remotefrac_b8_k4_isolated,isolated,torch,4,4,gemm_ms,0.962528,recorder
20260805-032512_perlmutter_1067ad0b,hier_compress_union_remotefrac_b8_k4_isolated,isolated,torch,4,5,gemm_ms,0.962112,recorder
20260805-032512_perlmutter_1067ad0b,hier_compress_union_remotefrac_b8_k4_isolated,isolated,torch,4,6,gemm_ms,0.962496,recorder
20260805-032512_perlmutter_1067ad0b,hier_compress_union_remotefrac_b8_k4_isolated,isolated,torch,4,7,gemm_ms,0.960544,recorder
20260805-032512_perlmutter_1067ad0b,hier_compress_union_remotefrac_b8_k4_isolated,isolated,torch,4,8,gemm_ms,0.964096,recorder
20260805-032512_perlmutter_1067ad0b,hier_compress_union_remotefrac_b8_k4_isolated,isolated,torch,4,9,gemm_ms,0.961568,recorder
20260805-032512_perlmutter_1067ad0b,hier_compress_union_remotefrac_b8_k4_isolated,isolated,flux,4,0,e2e_ms,2.25568,recorder
20260805-032512_perlmutter_1067ad0b,hier_compress_union_remotefrac_b8_k4_isolated,isolated,flux,4,1,e2e_ms,2.155392,recorder
20260805-032512_perlmutter_1067ad0b,hier_compress_union_remotefrac_b8_k4_isolated,isolated,flux,4,2,e2e_ms,2.231968,recorder
20260805-032512_perlmutter_1067ad0b,hier_compress_union_remotefrac_b8_k4_isolated,isolated,flux,4,3,e2e_ms,2.159712,recorder
20260805-032512_perlmutter_1067ad0b,hier_compress_union_remotefrac_b8_k4_isolated,isolated,flux,4,4,e2e_ms,2.302784,recorder
20260805-032512_perlmutter_1067ad0b,hier_compress_union_remotefrac_b8_k4_isolated,isolated,flux,4,5,e2e_ms,2.261312,recorder
20260805-032512_perlmutter_1067ad0b,hier_compress_union_remotefrac_b8_k4_isolated,isolated,flux,4,6,e2e_ms,2.319136,recorder
20260805-032512_perlmutter_1067ad0b,hier_compress_union_remotefrac_b8_k4_isolated,isolated,flux,4,7,e2e_ms,2.181696,recorder
20260805-032512_perlmutter_1067ad0b,hier_compress_union_remotefrac_b8_k4_isolated,isolated,flux,4,8,e2e_ms,2.219232,recorder
20260805-032512_perlmutter_1067ad0b,hier_compress_union_remotefrac_b8_k4_isolated,isolated,flux,4,9,e2e_ms,2.17136,recorder
20260805-032512_perlmutter_1067ad0b,hier_compress_union_remotefrac_b8_k4_isolated,isolated,flux,4,0,iso_sync_ms,1.806036,recorder
20260805-032512_perlmutter_1067ad0b,hier_compress_union_remotefrac_b8_k4_isolated,isolated,flux,4,1,iso_sync_ms,1.787489,recorder
20260805-032512_perlmutter_1067ad0b,hier_compress_union_remotefrac_b8_k4_isolated,isolated,flux,4,2,iso_sync_ms,1.748906,recorder
20260805-032512_perlmutter_1067ad0b,hier_compress_union_remotefrac_b8_k4_isolated,isolated,flux,4,3,iso_sync_ms,1.767291,recorder
20260805-032512_perlmutter_1067ad0b,hier_compress_union_remotefrac_b8_k4_isolated,isolated,flux,4,4,iso_sync_ms,1.745088,recorder
20260805-032512_perlmutter_1067ad0b,hier_compress_union_remotefrac_b8_k4_isolated,isolated,flux,4,5,iso_sync_ms,1.848498,recorder
20260805-032512_perlmutter_1067ad0b,hier_compress_union_remotefrac_b8_k4_isolated,isolated,flux,4,6,iso_sync_ms,1.807317,recorder
20260805-032512_perlmutter_1067ad0b,hier_compress_union_remotefrac_b8_k4_isolated,isolated,flux,4,7,iso_sync_ms,1.868536,recorder
20260805-032512_perlmutter_1067ad0b,hier_compress_union_remotefrac_b8_k4_isolated,isolated,flux,4,8,iso_sync_ms,1.765838,recorder
20260805-032512_perlmutter_1067ad0b,hier_compress_union_remotefrac_b8_k4_isolated,isolated,flux,4,9,iso_sync_ms,1.747743,recorder
20260805-032512_perlmutter_1067ad0b,hier_compress_union_remotefrac_b8_k4_isolated,isolated,torch,5,0,comm_ms,2.199776,recorder
20260805-032512_perlmutter_1067ad0b,hier_compress_union_remotefrac_b8_k4_isolated,isolated,torch,5,1,comm_ms,1.836448,recorder
20260805-032512_perlmutter_1067ad0b,hier_compress_union_remotefrac_b8_k4_isolated,isolated,torch,5,2,comm_ms,1.817728,recorder
20260805-032512_perlmutter_1067ad0b,hier_compress_union_remotefrac_b8_k4_isolated,isolated,torch,5,3,comm_ms,2.088096,recorder
20260805-032512_perlmutter_1067ad0b,hier_compress_union_remotefrac_b8_k4_isolated,isolated,torch,5,4,comm_ms,1.935968,recorder
20260805-032512_perlmutter_1067ad0b,hier_compress_union_remotefrac_b8_k4_isolated,isolated,torch,5,5,comm_ms,1.905504,recorder
20260805-032512_perlmutter_1067ad0b,hier_compress_union_remotefrac_b8_k4_isolated,isolated,torch,5,6,comm_ms,2.023104,recorder
20260805-032512_perlmutter_1067ad0b,hier_compress_union_remotefrac_b8_k4_isolated,isolated,torch,5,7,comm_ms,1.62832,recorder
20260805-032512_perlmutter_1067ad0b,hier_compress_union_remotefrac_b8_k4_isolated,isolated,torch,5,8,comm_ms,1.795872,recorder
20260805-032512_perlmutter_1067ad0b,hier_compress_union_remotefrac_b8_k4_isolated,isolated,torch,5,9,comm_ms,2.034848,recorder
20260805-032512_perlmutter_1067ad0b,hier_compress_union_remotefrac_b8_k4_isolated,isolated,torch,5,0,scatter_ms,3.821824,recorder
20260805-032512_perlmutter_1067ad0b,hier_compress_union_remotefrac_b8_k4_isolated,isolated,torch,5,1,scatter_ms,3.820672,recorder
20260805-032512_perlmutter_1067ad0b,hier_compress_union_remotefrac_b8_k4_isolated,isolated,torch,5,2,scatter_ms,3.8216,recorder
20260805-032512_perlmutter_1067ad0b,hier_compress_union_remotefrac_b8_k4_isolated,isolated,torch,5,3,scatter_ms,3.81088,recorder
20260805-032512_perlmutter_1067ad0b,hier_compress_union_remotefrac_b8_k4_isolated,isolated,torch,5,4,scatter_ms,3.816224,recorder
20260805-032512_perlmutter_1067ad0b,hier_compress_union_remotefrac_b8_k4_isolated,isolated,torch,5,5,scatter_ms,3.824704,recorder
20260805-032512_perlmutter_1067ad0b,hier_compress_union_remotefrac_b8_k4_isolated,isolated,torch,5,6,scatter_ms,3.809472,recorder
20260805-032512_perlmutter_1067ad0b,hier_compress_union_remotefrac_b8_k4_isolated,isolated,torch,5,7,scatter_ms,3.838784,recorder
20260805-032512_perlmutter_1067ad0b,hier_compress_union_remotefrac_b8_k4_isolated,isolated,torch,5,8,scatter_ms,3.840544,recorder
20260805-032512_perlmutter_1067ad0b,hier_compress_union_remotefrac_b8_k4_isolated,isolated,torch,5,9,scatter_ms,3.82592,recorder
20260805-032512_perlmutter_1067ad0b,hier_compress_union_remotefrac_b8_k4_isolated,isolated,torch,5,0,gemm_ms,0.962656,recorder
20260805-032512_perlmutter_1067ad0b,hier_compress_union_remotefrac_b8_k4_isolated,isolated,torch,5,1,gemm_ms,0.961632,recorder
20260805-032512_perlmutter_1067ad0b,hier_compress_union_remotefrac_b8_k4_isolated,isolated,torch,5,2,gemm_ms,0.960992,recorder
20260805-032512_perlmutter_1067ad0b,hier_compress_union_remotefrac_b8_k4_isolated,isolated,torch,5,3,gemm_ms,0.961344,recorder
20260805-032512_perlmutter_1067ad0b,hier_compress_union_remotefrac_b8_k4_isolated,isolated,torch,5,4,gemm_ms,0.962336,recorder
20260805-032512_perlmutter_1067ad0b,hier_compress_union_remotefrac_b8_k4_isolated,isolated,torch,5,5,gemm_ms,0.96176,recorder
20260805-032512_perlmutter_1067ad0b,hier_compress_union_remotefrac_b8_k4_isolated,isolated,torch,5,6,gemm_ms,0.961792,recorder
20260805-032512_perlmutter_1067ad0b,hier_compress_union_remotefrac_b8_k4_isolated,isolated,torch,5,7,gemm_ms,0.961728,recorder
20260805-032512_perlmutter_1067ad0b,hier_compress_union_remotefrac_b8_k4_isolated,isolated,torch,5,8,gemm_ms,0.9616,recorder
20260805-032512_perlmutter_1067ad0b,hier_compress_union_remotefrac_b8_k4_isolated,isolated,torch,5,9,gemm_ms,0.962144,recorder
20260805-032512_perlmutter_1067ad0b,hier_compress_union_remotefrac_b8_k4_isolated,isolated,flux,5,0,e2e_ms,2.249696,recorder
20260805-032512_perlmutter_1067ad0b,hier_compress_union_remotefrac_b8_k4_isolated,isolated,flux,5,1,e2e_ms,2.15616,recorder
20260805-032512_perlmutter_1067ad0b,hier_compress_union_remotefrac_b8_k4_isolated,isolated,flux,5,2,e2e_ms,2.23696,recorder
20260805-032512_perlmutter_1067ad0b,hier_compress_union_remotefrac_b8_k4_isolated,isolated,flux,5,3,e2e_ms,2.16048,recorder
20260805-032512_perlmutter_1067ad0b,hier_compress_union_remotefrac_b8_k4_isolated,isolated,flux,5,4,e2e_ms,2.303776,recorder
20260805-032512_perlmutter_1067ad0b,hier_compress_union_remotefrac_b8_k4_isolated,isolated,flux,5,5,e2e_ms,2.261216,recorder
20260805-032512_perlmutter_1067ad0b,hier_compress_union_remotefrac_b8_k4_isolated,isolated,flux,5,6,e2e_ms,2.313824,recorder
20260805-032512_perlmutter_1067ad0b,hier_compress_union_remotefrac_b8_k4_isolated,isolated,flux,5,7,e2e_ms,2.183232,recorder
20260805-032512_perlmutter_1067ad0b,hier_compress_union_remotefrac_b8_k4_isolated,isolated,flux,5,8,e2e_ms,2.220736,recorder
20260805-032512_perlmutter_1067ad0b,hier_compress_union_remotefrac_b8_k4_isolated,isolated,flux,5,9,e2e_ms,2.173088,recorder
20260805-032512_perlmutter_1067ad0b,hier_compress_union_remotefrac_b8_k4_isolated,isolated,flux,5,0,iso_sync_ms,1.802279,recorder
20260805-032512_perlmutter_1067ad0b,hier_compress_union_remotefrac_b8_k4_isolated,isolated,flux,5,1,iso_sync_ms,1.792329,recorder
20260805-032512_perlmutter_1067ad0b,hier_compress_union_remotefrac_b8_k4_isolated,isolated,flux,5,2,iso_sync_ms,1.74112,recorder
20260805-032512_perlmutter_1067ad0b,hier_compress_union_remotefrac_b8_k4_isolated,isolated,flux,5,3,iso_sync_ms,1.756359,recorder
20260805-032512_perlmutter_1067ad0b,hier_compress_union_remotefrac_b8_k4_isolated,isolated,flux,5,4,iso_sync_ms,1.751901,recorder
20260805-032512_perlmutter_1067ad0b,hier_compress_union_remotefrac_b8_k4_isolated,isolated,flux,5,5,iso_sync_ms,1.845362,recorder
20260805-032512_perlmutter_1067ad0b,hier_compress_union_remotefrac_b8_k4_isolated,isolated,flux,5,6,iso_sync_ms,1.833328,recorder
20260805-032512_perlmutter_1067ad0b,hier_compress_union_remotefrac_b8_k4_isolated,isolated,flux,5,7,iso_sync_ms,1.866432,recorder
20260805-032512_perlmutter_1067ad0b,hier_compress_union_remotefrac_b8_k4_isolated,isolated,flux,5,8,iso_sync_ms,1.78758,recorder
20260805-032512_perlmutter_1067ad0b,hier_compress_union_remotefrac_b8_k4_isolated,isolated,flux,5,9,iso_sync_ms,1.760147,recorder
20260805-032512_perlmutter_1067ad0b,hier_compress_union_remotefrac_b8_k4_isolated,isolated,torch,6,0,comm_ms,1.952672,recorder
20260805-032512_perlmutter_1067ad0b,hier_compress_union_remotefrac_b8_k4_isolated,isolated,torch,6,1,comm_ms,1.83936,recorder
20260805-032512_perlmutter_1067ad0b,hier_compress_union_remotefrac_b8_k4_isolated,isolated,torch,6,2,comm_ms,1.789504,recorder
20260805-032512_perlmutter_1067ad0b,hier_compress_union_remotefrac_b8_k4_isolated,isolated,torch,6,3,comm_ms,1.900256,recorder
20260805-032512_perlmutter_1067ad0b,hier_compress_union_remotefrac_b8_k4_isolated,isolated,torch,6,4,comm_ms,1.791104,recorder
20260805-032512_perlmutter_1067ad0b,hier_compress_union_remotefrac_b8_k4_isolated,isolated,torch,6,5,comm_ms,2.135296,recorder
20260805-032512_perlmutter_1067ad0b,hier_compress_union_remotefrac_b8_k4_isolated,isolated,torch,6,6,comm_ms,1.760448,recorder
20260805-032512_perlmutter_1067ad0b,hier_compress_union_remotefrac_b8_k4_isolated,isolated,torch,6,7,comm_ms,1.82096,recorder
20260805-032512_perlmutter_1067ad0b,hier_compress_union_remotefrac_b8_k4_isolated,isolated,torch,6,8,comm_ms,1.899904,recorder
20260805-032512_perlmutter_1067ad0b,hier_compress_union_remotefrac_b8_k4_isolated,isolated,torch,6,9,comm_ms,1.752512,recorder
20260805-032512_perlmutter_1067ad0b,hier_compress_union_remotefrac_b8_k4_isolated,isolated,torch,6,0,scatter_ms,3.82688,recorder
20260805-032512_perlmutter_1067ad0b,hier_compress_union_remotefrac_b8_k4_isolated,isolated,torch,6,1,scatter_ms,3.844096,recorder
20260805-032512_perlmutter_1067ad0b,hier_compress_union_remotefrac_b8_k4_isolated,isolated,torch,6,2,scatter_ms,3.833376,recorder
20260805-032512_perlmutter_1067ad0b,hier_compress_union_remotefrac_b8_k4_isolated,isolated,torch,6,3,scatter_ms,3.839136,recorder
20260805-032512_perlmutter_1067ad0b,hier_compress_union_remotefrac_b8_k4_isolated,isolated,torch,6,4,scatter_ms,3.827168,recorder
20260805-032512_perlmutter_1067ad0b,hier_compress_union_remotefrac_b8_k4_isolated,isolated,torch,6,5,scatter_ms,3.810016,recorder
20260805-032512_perlmutter_1067ad0b,hier_compress_union_remotefrac_b8_k4_isolated,isolated,torch,6,6,scatter_ms,3.831104,recorder
20260805-032512_perlmutter_1067ad0b,hier_compress_union_remotefrac_b8_k4_isolated,isolated,torch,6,7,scatter_ms,3.817344,recorder
20260805-032512_perlmutter_1067ad0b,hier_compress_union_remotefrac_b8_k4_isolated,isolated,torch,6,8,scatter_ms,3.83632,recorder
20260805-032512_perlmutter_1067ad0b,hier_compress_union_remotefrac_b8_k4_isolated,isolated,torch,6,9,scatter_ms,3.843136,recorder
20260805-032512_perlmutter_1067ad0b,hier_compress_union_remotefrac_b8_k4_isolated,isolated,torch,6,0,gemm_ms,0.9608,recorder
20260805-032512_perlmutter_1067ad0b,hier_compress_union_remotefrac_b8_k4_isolated,isolated,torch,6,1,gemm_ms,0.959808,recorder
20260805-032512_perlmutter_1067ad0b,hier_compress_union_remotefrac_b8_k4_isolated,isolated,torch,6,2,gemm_ms,0.959648,recorder
20260805-032512_perlmutter_1067ad0b,hier_compress_union_remotefrac_b8_k4_isolated,isolated,torch,6,3,gemm_ms,0.958528,recorder
20260805-032512_perlmutter_1067ad0b,hier_compress_union_remotefrac_b8_k4_isolated,isolated,torch,6,4,gemm_ms,0.956928,recorder
20260805-032512_perlmutter_1067ad0b,hier_compress_union_remotefrac_b8_k4_isolated,isolated,torch,6,5,gemm_ms,0.956096,recorder
20260805-032512_perlmutter_1067ad0b,hier_compress_union_remotefrac_b8_k4_isolated,isolated,torch,6,6,gemm_ms,0.956864,recorder
20260805-032512_perlmutter_1067ad0b,hier_compress_union_remotefrac_b8_k4_isolated,isolated,torch,6,7,gemm_ms,0.956416,recorder
20260805-032512_perlmutter_1067ad0b,hier_compress_union_remotefrac_b8_k4_isolated,isolated,torch,6,8,gemm_ms,0.956672,recorder
20260805-032512_perlmutter_1067ad0b,hier_compress_union_remotefrac_b8_k4_isolated,isolated,torch,6,9,gemm_ms,0.95632,recorder
20260805-032512_perlmutter_1067ad0b,hier_compress_union_remotefrac_b8_k4_isolated,isolated,flux,6,0,e2e_ms,2.25824,recorder
20260805-032512_perlmutter_1067ad0b,hier_compress_union_remotefrac_b8_k4_isolated,isolated,flux,6,1,e2e_ms,2.158496,recorder
20260805-032512_perlmutter_1067ad0b,hier_compress_union_remotefrac_b8_k4_isolated,isolated,flux,6,2,e2e_ms,2.235552,recorder
20260805-032512_perlmutter_1067ad0b,hier_compress_union_remotefrac_b8_k4_isolated,isolated,flux,6,3,e2e_ms,2.165536,recorder
20260805-032512_perlmutter_1067ad0b,hier_compress_union_remotefrac_b8_k4_isolated,isolated,flux,6,4,e2e_ms,2.30608,recorder
20260805-032512_perlmutter_1067ad0b,hier_compress_union_remotefrac_b8_k4_isolated,isolated,flux,6,5,e2e_ms,2.265568,recorder
20260805-032512_perlmutter_1067ad0b,hier_compress_union_remotefrac_b8_k4_isolated,isolated,flux,6,6,e2e_ms,2.321568,recorder
20260805-032512_perlmutter_1067ad0b,hier_compress_union_remotefrac_b8_k4_isolated,isolated,flux,6,7,e2e_ms,2.18688,recorder
20260805-032512_perlmutter_1067ad0b,hier_compress_union_remotefrac_b8_k4_isolated,isolated,flux,6,8,e2e_ms,2.226848,recorder
20260805-032512_perlmutter_1067ad0b,hier_compress_union_remotefrac_b8_k4_isolated,isolated,flux,6,9,e2e_ms,2.176128,recorder
20260805-032512_perlmutter_1067ad0b,hier_compress_union_remotefrac_b8_k4_isolated,isolated,flux,6,0,iso_sync_ms,1.811997,recorder
20260805-032512_perlmutter_1067ad0b,hier_compress_union_remotefrac_b8_k4_isolated,isolated,flux,6,1,iso_sync_ms,1.767861,recorder
20260805-032512_perlmutter_1067ad0b,hier_compress_union_remotefrac_b8_k4_isolated,isolated,flux,6,2,iso_sync_ms,1.727063,recorder
20260805-032512_perlmutter_1067ad0b,hier_compress_union_remotefrac_b8_k4_isolated,isolated,flux,6,3,iso_sync_ms,1.757652,recorder
20260805-032512_perlmutter_1067ad0b,hier_compress_union_remotefrac_b8_k4_isolated,isolated,flux,6,4,iso_sync_ms,1.745329,recorder
20260805-032512_perlmutter_1067ad0b,hier_compress_union_remotefrac_b8_k4_isolated,isolated,flux,6,5,iso_sync_ms,1.847866,recorder
20260805-032512_perlmutter_1067ad0b,hier_compress_union_remotefrac_b8_k4_isolated,isolated,flux,6,6,iso_sync_ms,1.815373,recorder
20260805-032512_perlmutter_1067ad0b,hier_compress_union_remotefrac_b8_k4_isolated,isolated,flux,6,7,iso_sync_ms,1.866092,recorder
20260805-032512_perlmutter_1067ad0b,hier_compress_union_remotefrac_b8_k4_isolated,isolated,flux,6,8,iso_sync_ms,1.769265,recorder
20260805-032512_perlmutter_1067ad0b,hier_compress_union_remotefrac_b8_k4_isolated,isolated,flux,6,9,iso_sync_ms,1.748294,recorder
20260805-032512_perlmutter_1067ad0b,hier_compress_union_remotefrac_b8_k4_isolated,isolated,torch,7,0,comm_ms,2.23936,recorder
20260805-032512_perlmutter_1067ad0b,hier_compress_union_remotefrac_b8_k4_isolated,isolated,torch,7,1,comm_ms,1.827936,recorder
20260805-032512_perlmutter_1067ad0b,hier_compress_union_remotefrac_b8_k4_isolated,isolated,torch,7,2,comm_ms,1.874528,recorder
20260805-032512_perlmutter_1067ad0b,hier_compress_union_remotefrac_b8_k4_isolated,isolated,torch,7,3,comm_ms,2.017568,recorder
20260805-032512_perlmutter_1067ad0b,hier_compress_union_remotefrac_b8_k4_isolated,isolated,torch,7,4,comm_ms,1.687712,recorder
20260805-032512_perlmutter_1067ad0b,hier_compress_union_remotefrac_b8_k4_isolated,isolated,torch,7,5,comm_ms,2.196224,recorder
20260805-032512_perlmutter_1067ad0b,hier_compress_union_remotefrac_b8_k4_isolated,isolated,torch,7,6,comm_ms,1.809632,recorder
20260805-032512_perlmutter_1067ad0b,hier_compress_union_remotefrac_b8_k4_isolated,isolated,torch,7,7,comm_ms,1.652192,recorder
20260805-032512_perlmutter_1067ad0b,hier_compress_union_remotefrac_b8_k4_isolated,isolated,torch,7,8,comm_ms,1.897376,recorder
20260805-032512_perlmutter_1067ad0b,hier_compress_union_remotefrac_b8_k4_isolated,isolated,torch,7,9,comm_ms,1.877344,recorder
20260805-032512_perlmutter_1067ad0b,hier_compress_union_remotefrac_b8_k4_isolated,isolated,torch,7,0,scatter_ms,3.836544,recorder
20260805-032512_perlmutter_1067ad0b,hier_compress_union_remotefrac_b8_k4_isolated,isolated,torch,7,1,scatter_ms,3.806272,recorder
20260805-032512_perlmutter_1067ad0b,hier_compress_union_remotefrac_b8_k4_isolated,isolated,torch,7,2,scatter_ms,3.82176,recorder
20260805-032512_perlmutter_1067ad0b,hier_compress_union_remotefrac_b8_k4_isolated,isolated,torch,7,3,scatter_ms,3.828928,recorder
20260805-032512_perlmutter_1067ad0b,hier_compress_union_remotefrac_b8_k4_isolated,isolated,torch,7,4,scatter_ms,3.813152,recorder
20260805-032512_perlmutter_1067ad0b,hier_compress_union_remotefrac_b8_k4_isolated,isolated,torch,7,5,scatter_ms,3.822688,recorder
20260805-032512_perlmutter_1067ad0b,hier_compress_union_remotefrac_b8_k4_isolated,isolated,torch,7,6,scatter_ms,3.838912,recorder
20260805-032512_perlmutter_1067ad0b,hier_compress_union_remotefrac_b8_k4_isolated,isolated,torch,7,7,scatter_ms,3.834688,recorder
20260805-032512_perlmutter_1067ad0b,hier_compress_union_remotefrac_b8_k4_isolated,isolated,torch,7,8,scatter_ms,3.829152,recorder
20260805-032512_perlmutter_1067ad0b,hier_compress_union_remotefrac_b8_k4_isolated,isolated,torch,7,9,scatter_ms,3.816704,recorder
20260805-032512_perlmutter_1067ad0b,hier_compress_union_remotefrac_b8_k4_isolated,isolated,torch,7,0,gemm_ms,0.964352,recorder
20260805-032512_perlmutter_1067ad0b,hier_compress_union_remotefrac_b8_k4_isolated,isolated,torch,7,1,gemm_ms,0.964576,recorder
20260805-032512_perlmutter_1067ad0b,hier_compress_union_remotefrac_b8_k4_isolated,isolated,torch,7,2,gemm_ms,0.964448,recorder
20260805-032512_perlmutter_1067ad0b,hier_compress_union_remotefrac_b8_k4_isolated,isolated,torch,7,3,gemm_ms,0.964224,recorder
20260805-032512_perlmutter_1067ad0b,hier_compress_union_remotefrac_b8_k4_isolated,isolated,torch,7,4,gemm_ms,0.96416,recorder
20260805-032512_perlmutter_1067ad0b,hier_compress_union_remotefrac_b8_k4_isolated,isolated,torch,7,5,gemm_ms,0.96464,recorder
20260805-032512_perlmutter_1067ad0b,hier_compress_union_remotefrac_b8_k4_isolated,isolated,torch,7,6,gemm_ms,0.9648,recorder
20260805-032512_perlmutter_1067ad0b,hier_compress_union_remotefrac_b8_k4_isolated,isolated,torch,7,7,gemm_ms,0.963936,recorder
20260805-032512_perlmutter_1067ad0b,hier_compress_union_remotefrac_b8_k4_isolated,isolated,torch,7,8,gemm_ms,0.964256,recorder
20260805-032512_perlmutter_1067ad0b,hier_compress_union_remotefrac_b8_k4_isolated,isolated,torch,7,9,gemm_ms,0.96496,recorder
20260805-032512_perlmutter_1067ad0b,hier_compress_union_remotefrac_b8_k4_isolated,isolated,flux,7,0,e2e_ms,2.114144,recorder
20260805-032512_perlmutter_1067ad0b,hier_compress_union_remotefrac_b8_k4_isolated,isolated,flux,7,1,e2e_ms,2.152672,recorder
20260805-032512_perlmutter_1067ad0b,hier_compress_union_remotefrac_b8_k4_isolated,isolated,flux,7,2,e2e_ms,2.134336,recorder
20260805-032512_perlmutter_1067ad0b,hier_compress_union_remotefrac_b8_k4_isolated,isolated,flux,7,3,e2e_ms,2.157248,recorder
20260805-032512_perlmutter_1067ad0b,hier_compress_union_remotefrac_b8_k4_isolated,isolated,flux,7,4,e2e_ms,2.17872,recorder
20260805-032512_perlmutter_1067ad0b,hier_compress_union_remotefrac_b8_k4_isolated,isolated,flux,7,5,e2e_ms,2.113664,recorder
20260805-032512_perlmutter_1067ad0b,hier_compress_union_remotefrac_b8_k4_isolated,isolated,flux,7,6,e2e_ms,2.167168,recorder
20260805-032512_perlmutter_1067ad0b,hier_compress_union_remotefrac_b8_k4_isolated,isolated,flux,7,7,e2e_ms,2.132064,recorder
20260805-032512_perlmutter_1067ad0b,hier_compress_union_remotefrac_b8_k4_isolated,isolated,flux,7,8,e2e_ms,2.155776,recorder
20260805-032512_perlmutter_1067ad0b,hier_compress_union_remotefrac_b8_k4_isolated,isolated,flux,7,9,e2e_ms,2.153984,recorder
20260805-032512_perlmutter_1067ad0b,hier_compress_union_remotefrac_b8_k4_isolated,isolated,flux,7,0,iso_sync_ms,1.789754,recorder
20260805-032512_perlmutter_1067ad0b,hier_compress_union_remotefrac_b8_k4_isolated,isolated,flux,7,1,iso_sync_ms,1.799874,recorder
20260805-032512_perlmutter_1067ad0b,hier_compress_union_remotefrac_b8_k4_isolated,isolated,flux,7,2,iso_sync_ms,1.744676,recorder
20260805-032512_perlmutter_1067ad0b,hier_compress_union_remotefrac_b8_k4_isolated,isolated,flux,7,3,iso_sync_ms,1.764606,recorder
20260805-032512_perlmutter_1067ad0b,hier_compress_union_remotefrac_b8_k4_isolated,isolated,flux,7,4,iso_sync_ms,1.748103,recorder
20260805-032512_perlmutter_1067ad0b,hier_compress_union_remotefrac_b8_k4_isolated,isolated,flux,7,5,iso_sync_ms,1.846794,recorder
20260805-032512_perlmutter_1067ad0b,hier_compress_union_remotefrac_b8_k4_isolated,isolated,flux,7,6,iso_sync_ms,1.822858,recorder
20260805-032512_perlmutter_1067ad0b,hier_compress_union_remotefrac_b8_k4_isolated,isolated,flux,7,7,iso_sync_ms,1.866752,recorder
20260805-032512_perlmutter_1067ad0b,hier_compress_union_remotefrac_b8_k4_isolated,isolated,flux,7,8,iso_sync_ms,1.755628,recorder
20260805-032512_perlmutter_1067ad0b,hier_compress_union_remotefrac_b8_k4_isolated,isolated,flux,7,9,iso_sync_ms,1.736892,recorder
20260805-032512_perlmutter_1067ad0b,hier_compress_union_remotefrac_b8_k4_isolated,isolated,torch,8,0,comm_ms,1.851296,recorder
20260805-032512_perlmutter_1067ad0b,hier_compress_union_remotefrac_b8_k4_isolated,isolated,torch,8,1,comm_ms,1.970912,recorder
20260805-032512_perlmutter_1067ad0b,hier_compress_union_remotefrac_b8_k4_isolated,isolated,torch,8,2,comm_ms,2.06944,recorder
20260805-032512_perlmutter_1067ad0b,hier_compress_union_remotefrac_b8_k4_isolated,isolated,torch,8,3,comm_ms,1.642208,recorder
20260805-032512_perlmutter_1067ad0b,hier_compress_union_remotefrac_b8_k4_isolated,isolated,torch,8,4,comm_ms,1.963136,recorder
20260805-032512_perlmutter_1067ad0b,hier_compress_union_remotefrac_b8_k4_isolated,isolated,torch,8,5,comm_ms,2.188768,recorder
20260805-032512_perlmutter_1067ad0b,hier_compress_union_remotefrac_b8_k4_isolated,isolated,torch,8,6,comm_ms,1.632576,recorder
20260805-032512_perlmutter_1067ad0b,hier_compress_union_remotefrac_b8_k4_isolated,isolated,torch,8,7,comm_ms,1.877952,recorder
20260805-032512_perlmutter_1067ad0b,hier_compress_union_remotefrac_b8_k4_isolated,isolated,torch,8,8,comm_ms,1.922144,recorder
20260805-032512_perlmutter_1067ad0b,hier_compress_union_remotefrac_b8_k4_isolated,isolated,torch,8,9,comm_ms,1.716224,recorder
20260805-032512_perlmutter_1067ad0b,hier_compress_union_remotefrac_b8_k4_isolated,isolated,torch,8,0,scatter_ms,3.815008,recorder
20260805-032512_perlmutter_1067ad0b,hier_compress_union_remotefrac_b8_k4_isolated,isolated,torch,8,1,scatter_ms,3.826112,recorder
20260805-032512_perlmutter_1067ad0b,hier_compress_union_remotefrac_b8_k4_isolated,isolated,torch,8,2,scatter_ms,3.838816,recorder
20260805-032512_perlmutter_1067ad0b,hier_compress_union_remotefrac_b8_k4_isolated,isolated,torch,8,3,scatter_ms,3.812512,recorder
20260805-032512_perlmutter_1067ad0b,hier_compress_union_remotefrac_b8_k4_isolated,isolated,torch,8,4,scatter_ms,3.822112,recorder
20260805-032512_perlmutter_1067ad0b,hier_compress_union_remotefrac_b8_k4_isolated,isolated,torch,8,5,scatter_ms,3.823776,recorder
20260805-032512_perlmutter_1067ad0b,hier_compress_union_remotefrac_b8_k4_isolated,isolated,torch,8,6,scatter_ms,3.883296,recorder
20260805-032512_perlmutter_1067ad0b,hier_compress_union_remotefrac_b8_k4_isolated,isolated,torch,8,7,scatter_ms,3.830688,recorder
20260805-032512_perlmutter_1067ad0b,hier_compress_union_remotefrac_b8_k4_isolated,isolated,torch,8,8,scatter_ms,3.812512,recorder
20260805-032512_perlmutter_1067ad0b,hier_compress_union_remotefrac_b8_k4_isolated,isolated,torch,8,9,scatter_ms,3.817312,recorder
20260805-032512_perlmutter_1067ad0b,hier_compress_union_remotefrac_b8_k4_isolated,isolated,torch,8,0,gemm_ms,0.963232,recorder
20260805-032512_perlmutter_1067ad0b,hier_compress_union_remotefrac_b8_k4_isolated,isolated,torch,8,1,gemm_ms,0.961536,recorder
20260805-032512_perlmutter_1067ad0b,hier_compress_union_remotefrac_b8_k4_isolated,isolated,torch,8,2,gemm_ms,0.960992,recorder
20260805-032512_perlmutter_1067ad0b,hier_compress_union_remotefrac_b8_k4_isolated,isolated,torch,8,3,gemm_ms,0.961248,recorder
20260805-032512_perlmutter_1067ad0b,hier_compress_union_remotefrac_b8_k4_isolated,isolated,torch,8,4,gemm_ms,0.961664,recorder
20260805-032512_perlmutter_1067ad0b,hier_compress_union_remotefrac_b8_k4_isolated,isolated,torch,8,5,gemm_ms,0.961856,recorder
20260805-032512_perlmutter_1067ad0b,hier_compress_union_remotefrac_b8_k4_isolated,isolated,torch,8,6,gemm_ms,0.960256,recorder
20260805-032512_perlmutter_1067ad0b,hier_compress_union_remotefrac_b8_k4_isolated,isolated,torch,8,7,gemm_ms,0.961344,recorder
20260805-032512_perlmutter_1067ad0b,hier_compress_union_remotefrac_b8_k4_isolated,isolated,torch,8,8,gemm_ms,0.962272,recorder
20260805-032512_perlmutter_1067ad0b,hier_compress_union_remotefrac_b8_k4_isolated,isolated,torch,8,9,gemm_ms,0.961088,recorder
20260805-032512_perlmutter_1067ad0b,hier_compress_union_remotefrac_b8_k4_isolated,isolated,flux,8,0,e2e_ms,2.16992,recorder
20260805-032512_perlmutter_1067ad0b,hier_compress_union_remotefrac_b8_k4_isolated,isolated,flux,8,1,e2e_ms,2.16448,recorder
20260805-032512_perlmutter_1067ad0b,hier_compress_union_remotefrac_b8_k4_isolated,isolated,flux,8,2,e2e_ms,2.148224,recorder
20260805-032512_perlmutter_1067ad0b,hier_compress_union_remotefrac_b8_k4_isolated,isolated,flux,8,3,e2e_ms,2.169408,recorder
20260805-032512_perlmutter_1067ad0b,hier_compress_union_remotefrac_b8_k4_isolated,isolated,flux,8,4,e2e_ms,2.199232,recorder
20260805-032512_perlmutter_1067ad0b,hier_compress_union_remotefrac_b8_k4_isolated,isolated,flux,8,5,e2e_ms,2.15952,recorder
20260805-032512_perlmutter_1067ad0b,hier_compress_union_remotefrac_b8_k4_isolated,isolated,flux,8,6,e2e_ms,2.212224,recorder
20260805-032512_perlmutter_1067ad0b,hier_compress_union_remotefrac_b8_k4_isolated,isolated,flux,8,7,e2e_ms,2.14528,recorder
20260805-032512_perlmutter_1067ad0b,hier_compress_union_remotefrac_b8_k4_isolated,isolated,flux,8,8,e2e_ms,2.168224,recorder
20260805-032512_perlmutter_1067ad0b,hier_compress_union_remotefrac_b8_k4_isolated,isolated,flux,8,9,e2e_ms,2.165536,recorder
20260805-032512_perlmutter_1067ad0b,hier_compress_union_remotefrac_b8_k4_isolated,isolated,flux,8,0,iso_sync_ms,1.826079,recorder
20260805-032512_perlmutter_1067ad0b,hier_compress_union_remotefrac_b8_k4_isolated,isolated,flux,8,1,iso_sync_ms,1.815749,recorder
20260805-032512_perlmutter_1067ad0b,hier_compress_union_remotefrac_b8_k4_isolated,isolated,flux,8,2,iso_sync_ms,1.696047,recorder
20260805-032512_perlmutter_1067ad0b,hier_compress_union_remotefrac_b8_k4_isolated,isolated,flux,8,3,iso_sync_ms,1.76459,recorder
20260805-032512_perlmutter_1067ad0b,hier_compress_union_remotefrac_b8_k4_isolated,isolated,flux,8,4,iso_sync_ms,1.700276,recorder
20260805-032512_perlmutter_1067ad0b,hier_compress_union_remotefrac_b8_k4_isolated,isolated,flux,8,5,iso_sync_ms,1.848663,recorder
20260805-032512_perlmutter_1067ad0b,hier_compress_union_remotefrac_b8_k4_isolated,isolated,flux,8,6,iso_sync_ms,1.82193,recorder
20260805-032512_perlmutter_1067ad0b,hier_compress_union_remotefrac_b8_k4_isolated,isolated,flux,8,7,iso_sync_ms,1.857158,recorder
20260805-032512_perlmutter_1067ad0b,hier_compress_union_remotefrac_b8_k4_isolated,isolated,flux,8,8,iso_sync_ms,1.693472,recorder
20260805-032512_perlmutter_1067ad0b,hier_compress_union_remotefrac_b8_k4_isolated,isolated,flux,8,9,iso_sync_ms,1.75465,recorder
20260805-032512_perlmutter_1067ad0b,hier_compress_union_remotefrac_b8_k4_isolated,isolated,torch,9,0,comm_ms,1.82848,recorder
20260805-032512_perlmutter_1067ad0b,hier_compress_union_remotefrac_b8_k4_isolated,isolated,torch,9,1,comm_ms,1.963744,recorder
20260805-032512_perlmutter_1067ad0b,hier_compress_union_remotefrac_b8_k4_isolated,isolated,torch,9,2,comm_ms,1.886112,recorder
20260805-032512_perlmutter_1067ad0b,hier_compress_union_remotefrac_b8_k4_isolated,isolated,torch,9,3,comm_ms,1.750464,recorder
20260805-032512_perlmutter_1067ad0b,hier_compress_union_remotefrac_b8_k4_isolated,isolated,torch,9,4,comm_ms,1.95408,recorder
20260805-032512_perlmutter_1067ad0b,hier_compress_union_remotefrac_b8_k4_isolated,isolated,torch,9,5,comm_ms,2.067584,recorder
20260805-032512_perlmutter_1067ad0b,hier_compress_union_remotefrac_b8_k4_isolated,isolated,torch,9,6,comm_ms,1.78128,recorder
20260805-032512_perlmutter_1067ad0b,hier_compress_union_remotefrac_b8_k4_isolated,isolated,torch,9,7,comm_ms,1.887456,recorder
20260805-032512_perlmutter_1067ad0b,hier_compress_union_remotefrac_b8_k4_isolated,isolated,torch,9,8,comm_ms,1.76976,recorder
20260805-032512_perlmutter_1067ad0b,hier_compress_union_remotefrac_b8_k4_isolated,isolated,torch,9,9,comm_ms,1.731168,recorder
20260805-032512_perlmutter_1067ad0b,hier_compress_union_remotefrac_b8_k4_isolated,isolated,torch,9,0,scatter_ms,3.81168,recorder
20260805-032512_perlmutter_1067ad0b,hier_compress_union_remotefrac_b8_k4_isolated,isolated,torch,9,1,scatter_ms,3.834656,recorder
20260805-032512_perlmutter_1067ad0b,hier_compress_union_remotefrac_b8_k4_isolated,isolated,torch,9,2,scatter_ms,3.80192,recorder
20260805-032512_perlmutter_1067ad0b,hier_compress_union_remotefrac_b8_k4_isolated,isolated,torch,9,3,scatter_ms,3.838752,recorder
20260805-032512_perlmutter_1067ad0b,hier_compress_union_remotefrac_b8_k4_isolated,isolated,torch,9,4,scatter_ms,3.820256,recorder
20260805-032512_perlmutter_1067ad0b,hier_compress_union_remotefrac_b8_k4_isolated,isolated,torch,9,5,scatter_ms,3.808288,recorder
20260805-032512_perlmutter_1067ad0b,hier_compress_union_remotefrac_b8_k4_isolated,isolated,torch,9,6,scatter_ms,3.933952,recorder
20260805-032512_perlmutter_1067ad0b,hier_compress_union_remotefrac_b8_k4_isolated,isolated,torch,9,7,scatter_ms,3.81536,recorder
20260805-032512_perlmutter_1067ad0b,hier_compress_union_remotefrac_b8_k4_isolated,isolated,torch,9,8,scatter_ms,3.833728,recorder
20260805-032512_perlmutter_1067ad0b,hier_compress_union_remotefrac_b8_k4_isolated,isolated,torch,9,9,scatter_ms,3.838848,recorder
20260805-032512_perlmutter_1067ad0b,hier_compress_union_remotefrac_b8_k4_isolated,isolated,torch,9,0,gemm_ms,0.96368,recorder
20260805-032512_perlmutter_1067ad0b,hier_compress_union_remotefrac_b8_k4_isolated,isolated,torch,9,1,gemm_ms,0.963296,recorder
20260805-032512_perlmutter_1067ad0b,hier_compress_union_remotefrac_b8_k4_isolated,isolated,torch,9,2,gemm_ms,0.962048,recorder
20260805-032512_perlmutter_1067ad0b,hier_compress_union_remotefrac_b8_k4_isolated,isolated,torch,9,3,gemm_ms,0.964224,recorder
20260805-032512_perlmutter_1067ad0b,hier_compress_union_remotefrac_b8_k4_isolated,isolated,torch,9,4,gemm_ms,0.962304,recorder
20260805-032512_perlmutter_1067ad0b,hier_compress_union_remotefrac_b8_k4_isolated,isolated,torch,9,5,gemm_ms,0.962912,recorder
20260805-032512_perlmutter_1067ad0b,hier_compress_union_remotefrac_b8_k4_isolated,isolated,torch,9,6,gemm_ms,0.962688,recorder
20260805-032512_perlmutter_1067ad0b,hier_compress_union_remotefrac_b8_k4_isolated,isolated,torch,9,7,gemm_ms,0.962464,recorder
20260805-032512_perlmutter_1067ad0b,hier_compress_union_remotefrac_b8_k4_isolated,isolated,torch,9,8,gemm_ms,0.964288,recorder
20260805-032512_perlmutter_1067ad0b,hier_compress_union_remotefrac_b8_k4_isolated,isolated,torch,9,9,gemm_ms,0.962208,recorder
20260805-032512_perlmutter_1067ad0b,hier_compress_union_remotefrac_b8_k4_isolated,isolated,flux,9,0,e2e_ms,2.198624,recorder
20260805-032512_perlmutter_1067ad0b,hier_compress_union_remotefrac_b8_k4_isolated,isolated,flux,9,1,e2e_ms,2.160672,recorder
20260805-032512_perlmutter_1067ad0b,hier_compress_union_remotefrac_b8_k4_isolated,isolated,flux,9,2,e2e_ms,2.162464,recorder
20260805-032512_perlmutter_1067ad0b,hier_compress_union_remotefrac_b8_k4_isolated,isolated,flux,9,3,e2e_ms,2.17104,recorder
20260805-032512_perlmutter_1067ad0b,hier_compress_union_remotefrac_b8_k4_isolated,isolated,flux,9,4,e2e_ms,2.230496,recorder
20260805-032512_perlmutter_1067ad0b,hier_compress_union_remotefrac_b8_k4_isolated,isolated,flux,9,5,e2e_ms,2.189696,recorder
20260805-032512_perlmutter_1067ad0b,hier_compress_union_remotefrac_b8_k4_isolated,isolated,flux,9,6,e2e_ms,2.24384,recorder
20260805-032512_perlmutter_1067ad0b,hier_compress_union_remotefrac_b8_k4_isolated,isolated,flux,9,7,e2e_ms,2.14512,recorder
20260805-032512_perlmutter_1067ad0b,hier_compress_union_remotefrac_b8_k4_isolated,isolated,flux,9,8,e2e_ms,2.172,recorder
20260805-032512_perlmutter_1067ad0b,hier_compress_union_remotefrac_b8_k4_isolated,isolated,flux,9,9,e2e_ms,2.164992,recorder
20260805-032512_perlmutter_1067ad0b,hier_compress_union_remotefrac_b8_k4_isolated,isolated,flux,9,0,iso_sync_ms,1.825167,recorder
20260805-032512_perlmutter_1067ad0b,hier_compress_union_remotefrac_b8_k4_isolated,isolated,flux,9,1,iso_sync_ms,1.797384,recorder
20260805-032512_perlmutter_1067ad0b,hier_compress_union_remotefrac_b8_k4_isolated,isolated,flux,9,2,iso_sync_ms,1.690877,recorder
20260805-032512_perlmutter_1067ad0b,hier_compress_union_remotefrac_b8_k4_isolated,isolated,flux,9,3,iso_sync_ms,1.753107,recorder
20260805-032512_perlmutter_1067ad0b,hier_compress_union_remotefrac_b8_k4_isolated,isolated,flux,9,4,iso_sync_ms,1.698091,recorder
20260805-032512_perlmutter_1067ad0b,hier_compress_union_remotefrac_b8_k4_isolated,isolated,flux,9,5,iso_sync_ms,1.851959,recorder
20260805-032512_perlmutter_1067ad0b,hier_compress_union_remotefrac_b8_k4_isolated,isolated,flux,9,6,iso_sync_ms,1.807453,recorder
20260805-032512_perlmutter_1067ad0b,hier_compress_union_remotefrac_b8_k4_isolated,isolated,flux,9,7,iso_sync_ms,1.869052,recorder
20260805-032512_perlmutter_1067ad0b,hier_compress_union_remotefrac_b8_k4_isolated,isolated,flux,9,8,iso_sync_ms,1.714914,recorder
20260805-032512_perlmutter_1067ad0b,hier_compress_union_remotefrac_b8_k4_isolated,isolated,flux,9,9,iso_sync_ms,1.767075,recorder
20260805-032512_perlmutter_1067ad0b,hier_compress_union_remotefrac_b8_k4_isolated,isolated,torch,10,0,comm_ms,1.833056,recorder
20260805-032512_perlmutter_1067ad0b,hier_compress_union_remotefrac_b8_k4_isolated,isolated,torch,10,1,comm_ms,2.174624,recorder
20260805-032512_perlmutter_1067ad0b,hier_compress_union_remotefrac_b8_k4_isolated,isolated,torch,10,2,comm_ms,2.023808,recorder
20260805-032512_perlmutter_1067ad0b,hier_compress_union_remotefrac_b8_k4_isolated,isolated,torch,10,3,comm_ms,1.652512,recorder
20260805-032512_perlmutter_1067ad0b,hier_compress_union_remotefrac_b8_k4_isolated,isolated,torch,10,4,comm_ms,1.96928,recorder
20260805-032512_perlmutter_1067ad0b,hier_compress_union_remotefrac_b8_k4_isolated,isolated,torch,10,5,comm_ms,2.181024,recorder
20260805-032512_perlmutter_1067ad0b,hier_compress_union_remotefrac_b8_k4_isolated,isolated,torch,10,6,comm_ms,1.616256,recorder
20260805-032512_perlmutter_1067ad0b,hier_compress_union_remotefrac_b8_k4_isolated,isolated,torch,10,7,comm_ms,1.875264,recorder
20260805-032512_perlmutter_1067ad0b,hier_compress_union_remotefrac_b8_k4_isolated,isolated,torch,10,8,comm_ms,1.9992,recorder
20260805-032512_perlmutter_1067ad0b,hier_compress_union_remotefrac_b8_k4_isolated,isolated,torch,10,9,comm_ms,1.676256,recorder
20260805-032512_perlmutter_1067ad0b,hier_compress_union_remotefrac_b8_k4_isolated,isolated,torch,10,0,scatter_ms,3.838144,recorder
20260805-032512_perlmutter_1067ad0b,hier_compress_union_remotefrac_b8_k4_isolated,isolated,torch,10,1,scatter_ms,3.807328,recorder
20260805-032512_perlmutter_1067ad0b,hier_compress_union_remotefrac_b8_k4_isolated,isolated,torch,10,2,scatter_ms,3.825248,recorder
20260805-032512_perlmutter_1067ad0b,hier_compress_union_remotefrac_b8_k4_isolated,isolated,torch,10,3,scatter_ms,3.820768,recorder
20260805-032512_perlmutter_1067ad0b,hier_compress_union_remotefrac_b8_k4_isolated,isolated,torch,10,4,scatter_ms,3.835968,recorder
20260805-032512_perlmutter_1067ad0b,hier_compress_union_remotefrac_b8_k4_isolated,isolated,torch,10,5,scatter_ms,3.828576,recorder
20260805-032512_perlmutter_1067ad0b,hier_compress_union_remotefrac_b8_k4_isolated,isolated,torch,10,6,scatter_ms,3.823296,recorder
20260805-032512_perlmutter_1067ad0b,hier_compress_union_remotefrac_b8_k4_isolated,isolated,torch,10,7,scatter_ms,3.847392,recorder
20260805-032512_perlmutter_1067ad0b,hier_compress_union_remotefrac_b8_k4_isolated,isolated,torch,10,8,scatter_ms,3.83824,recorder
20260805-032512_perlmutter_1067ad0b,hier_compress_union_remotefrac_b8_k4_isolated,isolated,torch,10,9,scatter_ms,3.949568,recorder
20260805-032512_perlmutter_1067ad0b,hier_compress_union_remotefrac_b8_k4_isolated,isolated,torch,10,0,gemm_ms,0.958848,recorder
20260805-032512_perlmutter_1067ad0b,hier_compress_union_remotefrac_b8_k4_isolated,isolated,torch,10,1,gemm_ms,0.958272,recorder
20260805-032512_perlmutter_1067ad0b,hier_compress_union_remotefrac_b8_k4_isolated,isolated,torch,10,2,gemm_ms,0.957248,recorder
20260805-032512_perlmutter_1067ad0b,hier_compress_union_remotefrac_b8_k4_isolated,isolated,torch,10,3,gemm_ms,0.9576,recorder
20260805-032512_perlmutter_1067ad0b,hier_compress_union_remotefrac_b8_k4_isolated,isolated,torch,10,4,gemm_ms,0.957504,recorder
20260805-032512_perlmutter_1067ad0b,hier_compress_union_remotefrac_b8_k4_isolated,isolated,torch,10,5,gemm_ms,0.957472,recorder
20260805-032512_perlmutter_1067ad0b,hier_compress_union_remotefrac_b8_k4_isolated,isolated,torch,10,6,gemm_ms,0.957856,recorder
20260805-032512_perlmutter_1067ad0b,hier_compress_union_remotefrac_b8_k4_isolated,isolated,torch,10,7,gemm_ms,0.956448,recorder
20260805-032512_perlmutter_1067ad0b,hier_compress_union_remotefrac_b8_k4_isolated,isolated,torch,10,8,gemm_ms,0.95744,recorder
20260805-032512_perlmutter_1067ad0b,hier_compress_union_remotefrac_b8_k4_isolated,isolated,torch,10,9,gemm_ms,0.957344,recorder
20260805-032512_perlmutter_1067ad0b,hier_compress_union_remotefrac_b8_k4_isolated,isolated,flux,10,0,e2e_ms,2.209248,recorder
20260805-032512_perlmutter_1067ad0b,hier_compress_union_remotefrac_b8_k4_isolated,isolated,flux,10,1,e2e_ms,2.168064,recorder
20260805-032512_perlmutter_1067ad0b,hier_compress_union_remotefrac_b8_k4_isolated,isolated,flux,10,2,e2e_ms,2.167168,recorder
20260805-032512_perlmutter_1067ad0b,hier_compress_union_remotefrac_b8_k4_isolated,isolated,flux,10,3,e2e_ms,2.182112,recorder
20260805-032512_perlmutter_1067ad0b,hier_compress_union_remotefrac_b8_k4_isolated,isolated,flux,10,4,e2e_ms,2.236032,recorder
20260805-032512_perlmutter_1067ad0b,hier_compress_union_remotefrac_b8_k4_isolated,isolated,flux,10,5,e2e_ms,2.195296,recorder
20260805-032512_perlmutter_1067ad0b,hier_compress_union_remotefrac_b8_k4_isolated,isolated,flux,10,6,e2e_ms,2.25104,recorder
20260805-032512_perlmutter_1067ad0b,hier_compress_union_remotefrac_b8_k4_isolated,isolated,flux,10,7,e2e_ms,2.152192,recorder
20260805-032512_perlmutter_1067ad0b,hier_compress_union_remotefrac_b8_k4_isolated,isolated,flux,10,8,e2e_ms,2.174016,recorder
20260805-032512_perlmutter_1067ad0b,hier_compress_union_remotefrac_b8_k4_isolated,isolated,flux,10,9,e2e_ms,2.168544,recorder
20260805-032512_perlmutter_1067ad0b,hier_compress_union_remotefrac_b8_k4_isolated,isolated,flux,10,0,iso_sync_ms,1.81658,recorder
20260805-032512_perlmutter_1067ad0b,hier_compress_union_remotefrac_b8_k4_isolated,isolated,flux,10,1,iso_sync_ms,1.815157,recorder
20260805-032512_perlmutter_1067ad0b,hier_compress_union_remotefrac_b8_k4_isolated,isolated,flux,10,2,iso_sync_ms,1.690867,recorder
20260805-032512_perlmutter_1067ad0b,hier_compress_union_remotefrac_b8_k4_isolated,isolated,flux,10,3,iso_sync_ms,1.747877,recorder
20260805-032512_perlmutter_1067ad0b,hier_compress_union_remotefrac_b8_k4_isolated,isolated,flux,10,4,iso_sync_ms,1.695787,recorder
20260805-032512_perlmutter_1067ad0b,hier_compress_union_remotefrac_b8_k4_isolated,isolated,flux,10,5,iso_sync_ms,1.854444,recorder
20260805-032512_perlmutter_1067ad0b,hier_compress_union_remotefrac_b8_k4_isolated,isolated,flux,10,6,iso_sync_ms,1.81647,recorder
20260805-032512_perlmutter_1067ad0b,hier_compress_union_remotefrac_b8_k4_isolated,isolated,flux,10,7,iso_sync_ms,1.875033,recorder
20260805-032512_perlmutter_1067ad0b,hier_compress_union_remotefrac_b8_k4_isolated,isolated,flux,10,8,iso_sync_ms,1.729041,recorder
20260805-032512_perlmutter_1067ad0b,hier_compress_union_remotefrac_b8_k4_isolated,isolated,flux,10,9,iso_sync_ms,1.755703,recorder
20260805-032512_perlmutter_1067ad0b,hier_compress_union_remotefrac_b8_k4_isolated,isolated,torch,11,0,comm_ms,1.732544,recorder
20260805-032512_perlmutter_1067ad0b,hier_compress_union_remotefrac_b8_k4_isolated,isolated,torch,11,1,comm_ms,2.19184,recorder
20260805-032512_perlmutter_1067ad0b,hier_compress_union_remotefrac_b8_k4_isolated,isolated,torch,11,2,comm_ms,1.80608,recorder
20260805-032512_perlmutter_1067ad0b,hier_compress_union_remotefrac_b8_k4_isolated,isolated,torch,11,3,comm_ms,1.65376,recorder
20260805-032512_perlmutter_1067ad0b,hier_compress_union_remotefrac_b8_k4_isolated,isolated,torch,11,4,comm_ms,2.037216,recorder
20260805-032512_perlmutter_1067ad0b,hier_compress_union_remotefrac_b8_k4_isolated,isolated,torch,11,5,comm_ms,2.030752,recorder
20260805-032512_perlmutter_1067ad0b,hier_compress_union_remotefrac_b8_k4_isolated,isolated,torch,11,6,comm_ms,1.684896,recorder
20260805-032512_perlmutter_1067ad0b,hier_compress_union_remotefrac_b8_k4_isolated,isolated,torch,11,7,comm_ms,1.93664,recorder
20260805-032512_perlmutter_1067ad0b,hier_compress_union_remotefrac_b8_k4_isolated,isolated,torch,11,8,comm_ms,1.861472,recorder
20260805-032512_perlmutter_1067ad0b,hier_compress_union_remotefrac_b8_k4_isolated,isolated,torch,11,9,comm_ms,1.723648,recorder
20260805-032512_perlmutter_1067ad0b,hier_compress_union_remotefrac_b8_k4_isolated,isolated,torch,11,0,scatter_ms,3.82416,recorder
20260805-032512_perlmutter_1067ad0b,hier_compress_union_remotefrac_b8_k4_isolated,isolated,torch,11,1,scatter_ms,3.865088,recorder
20260805-032512_perlmutter_1067ad0b,hier_compress_union_remotefrac_b8_k4_isolated,isolated,torch,11,2,scatter_ms,3.875264,recorder
20260805-032512_perlmutter_1067ad0b,hier_compress_union_remotefrac_b8_k4_isolated,isolated,torch,11,3,scatter_ms,3.829856,recorder
20260805-032512_perlmutter_1067ad0b,hier_compress_union_remotefrac_b8_k4_isolated,isolated,torch,11,4,scatter_ms,3.835776,recorder
20260805-032512_perlmutter_1067ad0b,hier_compress_union_remotefrac_b8_k4_isolated,isolated,torch,11,5,scatter_ms,3.854496,recorder
20260805-032512_perlmutter_1067ad0b,hier_compress_union_remotefrac_b8_k4_isolated,isolated,torch,11,6,scatter_ms,3.8224,recorder
20260805-032512_perlmutter_1067ad0b,hier_compress_union_remotefrac_b8_k4_isolated,isolated,torch,11,7,scatter_ms,3.81568,recorder
20260805-032512_perlmutter_1067ad0b,hier_compress_union_remotefrac_b8_k4_isolated,isolated,torch,11,8,scatter_ms,3.882496,recorder
20260805-032512_perlmutter_1067ad0b,hier_compress_union_remotefrac_b8_k4_isolated,isolated,torch,11,9,scatter_ms,3.823872,recorder
20260805-032512_perlmutter_1067ad0b,hier_compress_union_remotefrac_b8_k4_isolated,isolated,torch,11,0,gemm_ms,0.962848,recorder
20260805-032512_perlmutter_1067ad0b,hier_compress_union_remotefrac_b8_k4_isolated,isolated,torch,11,1,gemm_ms,0.960352,recorder
20260805-032512_perlmutter_1067ad0b,hier_compress_union_remotefrac_b8_k4_isolated,isolated,torch,11,2,gemm_ms,0.962592,recorder
20260805-032512_perlmutter_1067ad0b,hier_compress_union_remotefrac_b8_k4_isolated,isolated,torch,11,3,gemm_ms,0.961152,recorder
20260805-032512_perlmutter_1067ad0b,hier_compress_union_remotefrac_b8_k4_isolated,isolated,torch,11,4,gemm_ms,0.961792,recorder
20260805-032512_perlmutter_1067ad0b,hier_compress_union_remotefrac_b8_k4_isolated,isolated,torch,11,5,gemm_ms,0.960992,recorder
20260805-032512_perlmutter_1067ad0b,hier_compress_union_remotefrac_b8_k4_isolated,isolated,torch,11,6,gemm_ms,0.960928,recorder
20260805-032512_perlmutter_1067ad0b,hier_compress_union_remotefrac_b8_k4_isolated,isolated,torch,11,7,gemm_ms,0.96192,recorder
20260805-032512_perlmutter_1067ad0b,hier_compress_union_remotefrac_b8_k4_isolated,isolated,torch,11,8,gemm_ms,0.96144,recorder
20260805-032512_perlmutter_1067ad0b,hier_compress_union_remotefrac_b8_k4_isolated,isolated,torch,11,9,gemm_ms,0.96048,recorder
20260805-032512_perlmutter_1067ad0b,hier_compress_union_remotefrac_b8_k4_isolated,isolated,flux,11,0,e2e_ms,2.228032,recorder
20260805-032512_perlmutter_1067ad0b,hier_compress_union_remotefrac_b8_k4_isolated,isolated,flux,11,1,e2e_ms,2.110048,recorder
20260805-032512_perlmutter_1067ad0b,hier_compress_union_remotefrac_b8_k4_isolated,isolated,flux,11,2,e2e_ms,2.192128,recorder
20260805-032512_perlmutter_1067ad0b,hier_compress_union_remotefrac_b8_k4_isolated,isolated,flux,11,3,e2e_ms,2.106784,recorder
20260805-032512_perlmutter_1067ad0b,hier_compress_union_remotefrac_b8_k4_isolated,isolated,flux,11,4,e2e_ms,2.259648,recorder
20260805-032512_perlmutter_1067ad0b,hier_compress_union_remotefrac_b8_k4_isolated,isolated,flux,11,5,e2e_ms,2.221504,recorder
20260805-032512_perlmutter_1067ad0b,hier_compress_union_remotefrac_b8_k4_isolated,isolated,flux,11,6,e2e_ms,2.275008,recorder
20260805-032512_perlmutter_1067ad0b,hier_compress_union_remotefrac_b8_k4_isolated,isolated,flux,11,7,e2e_ms,2.138752,recorder
20260805-032512_perlmutter_1067ad0b,hier_compress_union_remotefrac_b8_k4_isolated,isolated,flux,11,8,e2e_ms,2.1728,recorder
20260805-032512_perlmutter_1067ad0b,hier_compress_union_remotefrac_b8_k4_isolated,isolated,flux,11,9,e2e_ms,2.128608,recorder
20260805-032512_perlmutter_1067ad0b,hier_compress_union_remotefrac_b8_k4_isolated,isolated,flux,11,0,iso_sync_ms,1.829135,recorder
20260805-032512_perlmutter_1067ad0b,hier_compress_union_remotefrac_b8_k4_isolated,isolated,flux,11,1,iso_sync_ms,1.820187,recorder
20260805-032512_perlmutter_1067ad0b,hier_compress_union_remotefrac_b8_k4_isolated,isolated,flux,11,2,iso_sync_ms,1.679665,recorder
20260805-032512_perlmutter_1067ad0b,hier_compress_union_remotefrac_b8_k4_isolated,isolated,flux,11,3,iso_sync_ms,1.739952,recorder
20260805-032512_perlmutter_1067ad0b,hier_compress_union_remotefrac_b8_k4_isolated,isolated,flux,11,4,iso_sync_ms,1.682651,recorder
20260805-032512_perlmutter_1067ad0b,hier_compress_union_remotefrac_b8_k4_isolated,isolated,flux,11,5,iso_sync_ms,1.853021,recorder
20260805-032512_perlmutter_1067ad0b,hier_compress_union_remotefrac_b8_k4_isolated,isolated,flux,11,6,iso_sync_ms,1.824646,recorder
20260805-032512_perlmutter_1067ad0b,hier_compress_union_remotefrac_b8_k4_isolated,isolated,flux,11,7,iso_sync_ms,1.865605,recorder
20260805-032512_perlmutter_1067ad0b,hier_compress_union_remotefrac_b8_k4_isolated,isolated,flux,11,8,iso_sync_ms,1.731235,recorder
20260805-032512_perlmutter_1067ad0b,hier_compress_union_remotefrac_b8_k4_isolated,isolated,flux,11,9,iso_sync_ms,1.735665,recorder
20260805-032512_perlmutter_1067ad0b,hier_compress_union_remotefrac_b8_k4_isolated,isolated,torch,12,0,comm_ms,1.836,recorder
20260805-032512_perlmutter_1067ad0b,hier_compress_union_remotefrac_b8_k4_isolated,isolated,torch,12,1,comm_ms,1.783008,recorder
20260805-032512_perlmutter_1067ad0b,hier_compress_union_remotefrac_b8_k4_isolated,isolated,torch,12,2,comm_ms,1.913472,recorder
20260805-032512_perlmutter_1067ad0b,hier_compress_union_remotefrac_b8_k4_isolated,isolated,torch,12,3,comm_ms,1.971104,recorder
20260805-032512_perlmutter_1067ad0b,hier_compress_union_remotefrac_b8_k4_isolated,isolated,torch,12,4,comm_ms,1.967584,recorder
20260805-032512_perlmutter_1067ad0b,hier_compress_union_remotefrac_b8_k4_isolated,isolated,torch,12,5,comm_ms,1.815808,recorder
20260805-032512_perlmutter_1067ad0b,hier_compress_union_remotefrac_b8_k4_isolated,isolated,torch,12,6,comm_ms,1.996832,recorder
20260805-032512_perlmutter_1067ad0b,hier_compress_union_remotefrac_b8_k4_isolated,isolated,torch,12,7,comm_ms,1.78608,recorder
20260805-032512_perlmutter_1067ad0b,hier_compress_union_remotefrac_b8_k4_isolated,isolated,torch,12,8,comm_ms,1.776608,recorder
20260805-032512_perlmutter_1067ad0b,hier_compress_union_remotefrac_b8_k4_isolated,isolated,torch,12,9,comm_ms,1.884256,recorder
20260805-032512_perlmutter_1067ad0b,hier_compress_union_remotefrac_b8_k4_isolated,isolated,torch,12,0,scatter_ms,3.836128,recorder
20260805-032512_perlmutter_1067ad0b,hier_compress_union_remotefrac_b8_k4_isolated,isolated,torch,12,1,scatter_ms,3.81136,recorder
20260805-032512_perlmutter_1067ad0b,hier_compress_union_remotefrac_b8_k4_isolated,isolated,torch,12,2,scatter_ms,3.816192,recorder
20260805-032512_perlmutter_1067ad0b,hier_compress_union_remotefrac_b8_k4_isolated,isolated,torch,12,3,scatter_ms,3.807648,recorder
20260805-032512_perlmutter_1067ad0b,hier_compress_union_remotefrac_b8_k4_isolated,isolated,torch,12,4,scatter_ms,3.838016,recorder
20260805-032512_perlmutter_1067ad0b,hier_compress_union_remotefrac_b8_k4_isolated,isolated,torch,12,5,scatter_ms,3.823584,recorder
20260805-032512_perlmutter_1067ad0b,hier_compress_union_remotefrac_b8_k4_isolated,isolated,torch,12,6,scatter_ms,3.826304,recorder
20260805-032512_perlmutter_1067ad0b,hier_compress_union_remotefrac_b8_k4_isolated,isolated,torch,12,7,scatter_ms,3.834176,recorder
20260805-032512_perlmutter_1067ad0b,hier_compress_union_remotefrac_b8_k4_isolated,isolated,torch,12,8,scatter_ms,3.833536,recorder
20260805-032512_perlmutter_1067ad0b,hier_compress_union_remotefrac_b8_k4_isolated,isolated,torch,12,9,scatter_ms,3.835104,recorder
20260805-032512_perlmutter_1067ad0b,hier_compress_union_remotefrac_b8_k4_isolated,isolated,torch,12,0,gemm_ms,0.957216,recorder
20260805-032512_perlmutter_1067ad0b,hier_compress_union_remotefrac_b8_k4_isolated,isolated,torch,12,1,gemm_ms,0.95552,recorder
20260805-032512_perlmutter_1067ad0b,hier_compress_union_remotefrac_b8_k4_isolated,isolated,torch,12,2,gemm_ms,0.954688,recorder
20260805-032512_perlmutter_1067ad0b,hier_compress_union_remotefrac_b8_k4_isolated,isolated,torch,12,3,gemm_ms,0.95616,recorder
20260805-032512_perlmutter_1067ad0b,hier_compress_union_remotefrac_b8_k4_isolated,isolated,torch,12,4,gemm_ms,0.95696,recorder
20260805-032512_perlmutter_1067ad0b,hier_compress_union_remotefrac_b8_k4_isolated,isolated,torch,12,5,gemm_ms,0.956256,recorder
20260805-032512_perlmutter_1067ad0b,hier_compress_union_remotefrac_b8_k4_isolated,isolated,torch,12,6,gemm_ms,0.9552,recorder
20260805-032512_perlmutter_1067ad0b,hier_compress_union_remotefrac_b8_k4_isolated,isolated,torch,12,7,gemm_ms,0.954912,recorder
20260805-032512_perlmutter_1067ad0b,hier_compress_union_remotefrac_b8_k4_isolated,isolated,torch,12,8,gemm_ms,0.957312,recorder
20260805-032512_perlmutter_1067ad0b,hier_compress_union_remotefrac_b8_k4_isolated,isolated,torch,12,9,gemm_ms,0.955328,recorder
20260805-032512_perlmutter_1067ad0b,hier_compress_union_remotefrac_b8_k4_isolated,isolated,flux,12,0,e2e_ms,2.20336,recorder
20260805-032512_perlmutter_1067ad0b,hier_compress_union_remotefrac_b8_k4_isolated,isolated,flux,12,1,e2e_ms,2.113664,recorder
20260805-032512_perlmutter_1067ad0b,hier_compress_union_remotefrac_b8_k4_isolated,isolated,flux,12,2,e2e_ms,2.196224,recorder
20260805-032512_perlmutter_1067ad0b,hier_compress_union_remotefrac_b8_k4_isolated,isolated,flux,12,3,e2e_ms,2.111328,recorder
20260805-032512_perlmutter_1067ad0b,hier_compress_union_remotefrac_b8_k4_isolated,isolated,flux,12,4,e2e_ms,2.265312,recorder
20260805-032512_perlmutter_1067ad0b,hier_compress_union_remotefrac_b8_k4_isolated,isolated,flux,12,5,e2e_ms,2.223808,recorder
20260805-032512_perlmutter_1067ad0b,hier_compress_union_remotefrac_b8_k4_isolated,isolated,flux,12,6,e2e_ms,2.280864,recorder
20260805-032512_perlmutter_1067ad0b,hier_compress_union_remotefrac_b8_k4_isolated,isolated,flux,12,7,e2e_ms,2.1456,recorder
20260805-032512_perlmutter_1067ad0b,hier_compress_union_remotefrac_b8_k4_isolated,isolated,flux,12,8,e2e_ms,2.183552,recorder
20260805-032512_perlmutter_1067ad0b,hier_compress_union_remotefrac_b8_k4_isolated,isolated,flux,12,9,e2e_ms,2.131072,recorder
20260805-032512_perlmutter_1067ad0b,hier_compress_union_remotefrac_b8_k4_isolated,isolated,flux,12,0,iso_sync_ms,1.818686,recorder
20260805-032512_perlmutter_1067ad0b,hier_compress_union_remotefrac_b8_k4_isolated,isolated,flux,12,1,iso_sync_ms,1.791093,recorder
20260805-032512_perlmutter_1067ad0b,hier_compress_union_remotefrac_b8_k4_isolated,isolated,flux,12,2,iso_sync_ms,1.69125,recorder
20260805-032512_perlmutter_1067ad0b,hier_compress_union_remotefrac_b8_k4_isolated,isolated,flux,12,3,iso_sync_ms,1.770222,recorder
20260805-032512_perlmutter_1067ad0b,hier_compress_union_remotefrac_b8_k4_isolated,isolated,flux,12,4,iso_sync_ms,1.705988,recorder
20260805-032512_perlmutter_1067ad0b,hier_compress_union_remotefrac_b8_k4_isolated,isolated,flux,12,5,iso_sync_ms,1.845788,recorder
20260805-032512_perlmutter_1067ad0b,hier_compress_union_remotefrac_b8_k4_isolated,isolated,flux,12,6,iso_sync_ms,1.82064,recorder
20260805-032512_perlmutter_1067ad0b,hier_compress_union_remotefrac_b8_k4_isolated,isolated,flux,12,7,iso_sync_ms,1.866098,recorder
20260805-032512_perlmutter_1067ad0b,hier_compress_union_remotefrac_b8_k4_isolated,isolated,flux,12,8,iso_sync_ms,1.721167,recorder
20260805-032512_perlmutter_1067ad0b,hier_compress_union_remotefrac_b8_k4_isolated,isolated,flux,12,9,iso_sync_ms,1.749602,recorder
20260805-032512_perlmutter_1067ad0b,hier_compress_union_remotefrac_b8_k4_isolated,isolated,torch,13,0,comm_ms,1.721792,recorder
20260805-032512_perlmutter_1067ad0b,hier_compress_union_remotefrac_b8_k4_isolated,isolated,torch,13,1,comm_ms,1.794208,recorder
20260805-032512_perlmutter_1067ad0b,hier_compress_union_remotefrac_b8_k4_isolated,isolated,torch,13,2,comm_ms,2.009344,recorder
20260805-032512_perlmutter_1067ad0b,hier_compress_union_remotefrac_b8_k4_isolated,isolated,torch,13,3,comm_ms,1.77216,recorder
20260805-032512_perlmutter_1067ad0b,hier_compress_union_remotefrac_b8_k4_isolated,isolated,torch,13,4,comm_ms,2.117824,recorder
20260805-032512_perlmutter_1067ad0b,hier_compress_union_remotefrac_b8_k4_isolated,isolated,torch,13,5,comm_ms,1.7984,recorder
20260805-032512_perlmutter_1067ad0b,hier_compress_union_remotefrac_b8_k4_isolated,isolated,torch,13,6,comm_ms,1.864768,recorder
20260805-032512_perlmutter_1067ad0b,hier_compress_union_remotefrac_b8_k4_isolated,isolated,torch,13,7,comm_ms,1.743456,recorder
20260805-032512_perlmutter_1067ad0b,hier_compress_union_remotefrac_b8_k4_isolated,isolated,torch,13,8,comm_ms,1.903648,recorder
20260805-032512_perlmutter_1067ad0b,hier_compress_union_remotefrac_b8_k4_isolated,isolated,torch,13,9,comm_ms,1.7776,recorder
20260805-032512_perlmutter_1067ad0b,hier_compress_union_remotefrac_b8_k4_isolated,isolated,torch,13,0,scatter_ms,3.828512,recorder
20260805-032512_perlmutter_1067ad0b,hier_compress_union_remotefrac_b8_k4_isolated,isolated,torch,13,1,scatter_ms,3.815264,recorder
20260805-032512_perlmutter_1067ad0b,hier_compress_union_remotefrac_b8_k4_isolated,isolated,torch,13,2,scatter_ms,3.84336,recorder
20260805-032512_perlmutter_1067ad0b,hier_compress_union_remotefrac_b8_k4_isolated,isolated,torch,13,3,scatter_ms,3.838944,recorder
20260805-032512_perlmutter_1067ad0b,hier_compress_union_remotefrac_b8_k4_isolated,isolated,torch,13,4,scatter_ms,3.841408,recorder
20260805-032512_perlmutter_1067ad0b,hier_compress_union_remotefrac_b8_k4_isolated,isolated,torch,13,5,scatter_ms,3.84768,recorder
20260805-032512_perlmutter_1067ad0b,hier_compress_union_remotefrac_b8_k4_isolated,isolated,torch,13,6,scatter_ms,3.827136,recorder
20260805-032512_perlmutter_1067ad0b,hier_compress_union_remotefrac_b8_k4_isolated,isolated,torch,13,7,scatter_ms,3.825056,recorder
20260805-032512_perlmutter_1067ad0b,hier_compress_union_remotefrac_b8_k4_isolated,isolated,torch,13,8,scatter_ms,3.830304,recorder
20260805-032512_perlmutter_1067ad0b,hier_compress_union_remotefrac_b8_k4_isolated,isolated,torch,13,9,scatter_ms,3.830464,recorder
20260805-032512_perlmutter_1067ad0b,hier_compress_union_remotefrac_b8_k4_isolated,isolated,torch,13,0,gemm_ms,0.964,recorder
20260805-032512_perlmutter_1067ad0b,hier_compress_union_remotefrac_b8_k4_isolated,isolated,torch,13,1,gemm_ms,0.963456,recorder
20260805-032512_perlmutter_1067ad0b,hier_compress_union_remotefrac_b8_k4_isolated,isolated,torch,13,2,gemm_ms,0.963872,recorder
20260805-032512_perlmutter_1067ad0b,hier_compress_union_remotefrac_b8_k4_isolated,isolated,torch,13,3,gemm_ms,0.963808,recorder
20260805-032512_perlmutter_1067ad0b,hier_compress_union_remotefrac_b8_k4_isolated,isolated,torch,13,4,gemm_ms,0.964256,recorder
20260805-032512_perlmutter_1067ad0b,hier_compress_union_remotefrac_b8_k4_isolated,isolated,torch,13,5,gemm_ms,0.9632,recorder
20260805-032512_perlmutter_1067ad0b,hier_compress_union_remotefrac_b8_k4_isolated,isolated,torch,13,6,gemm_ms,0.963136,recorder
20260805-032512_perlmutter_1067ad0b,hier_compress_union_remotefrac_b8_k4_isolated,isolated,torch,13,7,gemm_ms,0.963936,recorder
20260805-032512_perlmutter_1067ad0b,hier_compress_union_remotefrac_b8_k4_isolated,isolated,torch,13,8,gemm_ms,0.96432,recorder
20260805-032512_perlmutter_1067ad0b,hier_compress_union_remotefrac_b8_k4_isolated,isolated,torch,13,9,gemm_ms,0.963904,recorder
20260805-032512_perlmutter_1067ad0b,hier_compress_union_remotefrac_b8_k4_isolated,isolated,flux,13,0,e2e_ms,2.198208,recorder
20260805-032512_perlmutter_1067ad0b,hier_compress_union_remotefrac_b8_k4_isolated,isolated,flux,13,1,e2e_ms,2.115104,recorder
20260805-032512_perlmutter_1067ad0b,hier_compress_union_remotefrac_b8_k4_isolated,isolated,flux,13,2,e2e_ms,2.198848,recorder
20260805-032512_perlmutter_1067ad0b,hier_compress_union_remotefrac_b8_k4_isolated,isolated,flux,13,3,e2e_ms,2.110624,recorder
20260805-032512_perlmutter_1067ad0b,hier_compress_union_remotefrac_b8_k4_isolated,isolated,flux,13,4,e2e_ms,2.268352,recorder
20260805-032512_perlmutter_1067ad0b,hier_compress_union_remotefrac_b8_k4_isolated,isolated,flux,13,5,e2e_ms,2.222816,recorder
20260805-032512_perlmutter_1067ad0b,hier_compress_union_remotefrac_b8_k4_isolated,isolated,flux,13,6,e2e_ms,2.278688,recorder
20260805-032512_perlmutter_1067ad0b,hier_compress_union_remotefrac_b8_k4_isolated,isolated,flux,13,7,e2e_ms,2.142816,recorder
20260805-032512_perlmutter_1067ad0b,hier_compress_union_remotefrac_b8_k4_isolated,isolated,flux,13,8,e2e_ms,2.181024,recorder
20260805-032512_perlmutter_1067ad0b,hier_compress_union_remotefrac_b8_k4_isolated,isolated,flux,13,9,e2e_ms,2.132192,recorder
20260805-032512_perlmutter_1067ad0b,hier_compress_union_remotefrac_b8_k4_isolated,isolated,flux,13,0,iso_sync_ms,1.829948,recorder
20260805-032512_perlmutter_1067ad0b,hier_compress_union_remotefrac_b8_k4_isolated,isolated,flux,13,1,iso_sync_ms,1.785091,recorder
20260805-032512_perlmutter_1067ad0b,hier_compress_union_remotefrac_b8_k4_isolated,isolated,flux,13,2,iso_sync_ms,1.687142,recorder
20260805-032512_perlmutter_1067ad0b,hier_compress_union_remotefrac_b8_k4_isolated,isolated,flux,13,3,iso_sync_ms,1.76875,recorder
20260805-032512_perlmutter_1067ad0b,hier_compress_union_remotefrac_b8_k4_isolated,isolated,flux,13,4,iso_sync_ms,1.700998,recorder
20260805-032512_perlmutter_1067ad0b,hier_compress_union_remotefrac_b8_k4_isolated,isolated,flux,13,5,iso_sync_ms,1.85194,recorder
20260805-032512_perlmutter_1067ad0b,hier_compress_union_remotefrac_b8_k4_isolated,isolated,flux,13,6,iso_sync_ms,1.810631,recorder
20260805-032512_perlmutter_1067ad0b,hier_compress_union_remotefrac_b8_k4_isolated,isolated,flux,13,7,iso_sync_ms,1.862251,recorder
20260805-032512_perlmutter_1067ad0b,hier_compress_union_remotefrac_b8_k4_isolated,isolated,flux,13,8,iso_sync_ms,1.742038,recorder
20260805-032512_perlmutter_1067ad0b,hier_compress_union_remotefrac_b8_k4_isolated,isolated,flux,13,9,iso_sync_ms,1.745936,recorder
20260805-032512_perlmutter_1067ad0b,hier_compress_union_remotefrac_b8_k4_isolated,isolated,torch,14,0,comm_ms,1.816384,recorder
20260805-032512_perlmutter_1067ad0b,hier_compress_union_remotefrac_b8_k4_isolated,isolated,torch,14,1,comm_ms,1.86592,recorder
20260805-032512_perlmutter_1067ad0b,hier_compress_union_remotefrac_b8_k4_isolated,isolated,torch,14,2,comm_ms,1.806272,recorder
20260805-032512_perlmutter_1067ad0b,hier_compress_union_remotefrac_b8_k4_isolated,isolated,torch,14,3,comm_ms,2.070752,recorder
20260805-032512_perlmutter_1067ad0b,hier_compress_union_remotefrac_b8_k4_isolated,isolated,torch,14,4,comm_ms,1.991904,recorder
20260805-032512_perlmutter_1067ad0b,hier_compress_union_remotefrac_b8_k4_isolated,isolated,torch,14,5,comm_ms,1.754048,recorder
20260805-032512_perlmutter_1067ad0b,hier_compress_union_remotefrac_b8_k4_isolated,isolated,torch,14,6,comm_ms,1.948832,recorder
20260805-032512_perlmutter_1067ad0b,hier_compress_union_remotefrac_b8_k4_isolated,isolated,torch,14,7,comm_ms,1.756928,recorder
20260805-032512_perlmutter_1067ad0b,hier_compress_union_remotefrac_b8_k4_isolated,isolated,torch,14,8,comm_ms,1.822688,recorder
20260805-032512_perlmutter_1067ad0b,hier_compress_union_remotefrac_b8_k4_isolated,isolated,torch,14,9,comm_ms,1.77392,recorder
20260805-032512_perlmutter_1067ad0b,hier_compress_union_remotefrac_b8_k4_isolated,isolated,torch,14,0,scatter_ms,3.832032,recorder
20260805-032512_perlmutter_1067ad0b,hier_compress_union_remotefrac_b8_k4_isolated,isolated,torch,14,1,scatter_ms,3.89424,recorder
20260805-032512_perlmutter_1067ad0b,hier_compress_union_remotefrac_b8_k4_isolated,isolated,torch,14,2,scatter_ms,3.824736,recorder
20260805-032512_perlmutter_1067ad0b,hier_compress_union_remotefrac_b8_k4_isolated,isolated,torch,14,3,scatter_ms,3.850976,recorder
20260805-032512_perlmutter_1067ad0b,hier_compress_union_remotefrac_b8_k4_isolated,isolated,torch,14,4,scatter_ms,3.843424,recorder
20260805-032512_perlmutter_1067ad0b,hier_compress_union_remotefrac_b8_k4_isolated,isolated,torch,14,5,scatter_ms,3.84352,recorder
20260805-032512_perlmutter_1067ad0b,hier_compress_union_remotefrac_b8_k4_isolated,isolated,torch,14,6,scatter_ms,3.833248,recorder
20260805-032512_perlmutter_1067ad0b,hier_compress_union_remotefrac_b8_k4_isolated,isolated,torch,14,7,scatter_ms,3.82256,recorder
20260805-032512_perlmutter_1067ad0b,hier_compress_union_remotefrac_b8_k4_isolated,isolated,torch,14,8,scatter_ms,3.84944,recorder
20260805-032512_perlmutter_1067ad0b,hier_compress_union_remotefrac_b8_k4_isolated,isolated,torch,14,9,scatter_ms,3.812032,recorder
20260805-032512_perlmutter_1067ad0b,hier_compress_union_remotefrac_b8_k4_isolated,isolated,torch,14,0,gemm_ms,0.960512,recorder
20260805-032512_perlmutter_1067ad0b,hier_compress_union_remotefrac_b8_k4_isolated,isolated,torch,14,1,gemm_ms,0.960192,recorder
20260805-032512_perlmutter_1067ad0b,hier_compress_union_remotefrac_b8_k4_isolated,isolated,torch,14,2,gemm_ms,0.960736,recorder
20260805-032512_perlmutter_1067ad0b,hier_compress_union_remotefrac_b8_k4_isolated,isolated,torch,14,3,gemm_ms,0.96176,recorder
20260805-032512_perlmutter_1067ad0b,hier_compress_union_remotefrac_b8_k4_isolated,isolated,torch,14,4,gemm_ms,0.962464,recorder
20260805-032512_perlmutter_1067ad0b,hier_compress_union_remotefrac_b8_k4_isolated,isolated,torch,14,5,gemm_ms,0.960512,recorder
20260805-032512_perlmutter_1067ad0b,hier_compress_union_remotefrac_b8_k4_isolated,isolated,torch,14,6,gemm_ms,0.96048,recorder
20260805-032512_perlmutter_1067ad0b,hier_compress_union_remotefrac_b8_k4_isolated,isolated,torch,14,7,gemm_ms,0.95936,recorder
20260805-032512_perlmutter_1067ad0b,hier_compress_union_remotefrac_b8_k4_isolated,isolated,torch,14,8,gemm_ms,0.960192,recorder
20260805-032512_perlmutter_1067ad0b,hier_compress_union_remotefrac_b8_k4_isolated,isolated,torch,14,9,gemm_ms,0.959936,recorder
20260805-032512_perlmutter_1067ad0b,hier_compress_union_remotefrac_b8_k4_isolated,isolated,flux,14,0,e2e_ms,2.206272,recorder
20260805-032512_perlmutter_1067ad0b,hier_compress_union_remotefrac_b8_k4_isolated,isolated,flux,14,1,e2e_ms,2.119584,recorder
20260805-032512_perlmutter_1067ad0b,hier_compress_union_remotefrac_b8_k4_isolated,isolated,flux,14,2,e2e_ms,2.19968,recorder
20260805-032512_perlmutter_1067ad0b,hier_compress_union_remotefrac_b8_k4_isolated,isolated,flux,14,3,e2e_ms,2.114624,recorder
20260805-032512_perlmutter_1067ad0b,hier_compress_union_remotefrac_b8_k4_isolated,isolated,flux,14,4,e2e_ms,2.269824,recorder
20260805-032512_perlmutter_1067ad0b,hier_compress_union_remotefrac_b8_k4_isolated,isolated,flux,14,5,e2e_ms,2.227488,recorder
20260805-032512_perlmutter_1067ad0b,hier_compress_union_remotefrac_b8_k4_isolated,isolated,flux,14,6,e2e_ms,2.28448,recorder
20260805-032512_perlmutter_1067ad0b,hier_compress_union_remotefrac_b8_k4_isolated,isolated,flux,14,7,e2e_ms,2.151168,recorder
20260805-032512_perlmutter_1067ad0b,hier_compress_union_remotefrac_b8_k4_isolated,isolated,flux,14,8,e2e_ms,2.187232,recorder
20260805-032512_perlmutter_1067ad0b,hier_compress_union_remotefrac_b8_k4_isolated,isolated,flux,14,9,e2e_ms,2.135936,recorder
20260805-032512_perlmutter_1067ad0b,hier_compress_union_remotefrac_b8_k4_isolated,isolated,flux,14,0,iso_sync_ms,1.826462,recorder
20260805-032512_perlmutter_1067ad0b,hier_compress_union_remotefrac_b8_k4_isolated,isolated,flux,14,1,iso_sync_ms,1.758029,recorder
20260805-032512_perlmutter_1067ad0b,hier_compress_union_remotefrac_b8_k4_isolated,isolated,flux,14,2,iso_sync_ms,1.673816,recorder
20260805-032512_perlmutter_1067ad0b,hier_compress_union_remotefrac_b8_k4_isolated,isolated,flux,14,3,iso_sync_ms,1.750605,recorder
20260805-032512_perlmutter_1067ad0b,hier_compress_union_remotefrac_b8_k4_isolated,isolated,flux,14,4,iso_sync_ms,1.688374,recorder
20260805-032512_perlmutter_1067ad0b,hier_compress_union_remotefrac_b8_k4_isolated,isolated,flux,14,5,iso_sync_ms,1.821341,recorder
20260805-032512_perlmutter_1067ad0b,hier_compress_union_remotefrac_b8_k4_isolated,isolated,flux,14,6,iso_sync_ms,1.79445,recorder
20260805-032512_perlmutter_1067ad0b,hier_compress_union_remotefrac_b8_k4_isolated,isolated,flux,14,7,iso_sync_ms,1.864975,recorder
20260805-032512_perlmutter_1067ad0b,hier_compress_union_remotefrac_b8_k4_isolated,isolated,flux,14,8,iso_sync_ms,1.729094,recorder
20260805-032512_perlmutter_1067ad0b,hier_compress_union_remotefrac_b8_k4_isolated,isolated,flux,14,9,iso_sync_ms,1.752267,recorder
20260805-032512_perlmutter_1067ad0b,hier_compress_union_remotefrac_b8_k4_isolated,isolated,torch,15,0,comm_ms,1.768032,recorder
20260805-032512_perlmutter_1067ad0b,hier_compress_union_remotefrac_b8_k4_isolated,isolated,torch,15,1,comm_ms,1.916064,recorder
20260805-032512_perlmutter_1067ad0b,hier_compress_union_remotefrac_b8_k4_isolated,isolated,torch,15,2,comm_ms,1.864,recorder
20260805-032512_perlmutter_1067ad0b,hier_compress_union_remotefrac_b8_k4_isolated,isolated,torch,15,3,comm_ms,1.927264,recorder
20260805-032512_perlmutter_1067ad0b,hier_compress_union_remotefrac_b8_k4_isolated,isolated,torch,15,4,comm_ms,2.189632,recorder
20260805-032512_perlmutter_1067ad0b,hier_compress_union_remotefrac_b8_k4_isolated,isolated,torch,15,5,comm_ms,1.697024,recorder
20260805-032512_perlmutter_1067ad0b,hier_compress_union_remotefrac_b8_k4_isolated,isolated,torch,15,6,comm_ms,1.914944,recorder
20260805-032512_perlmutter_1067ad0b,hier_compress_union_remotefrac_b8_k4_isolated,isolated,torch,15,7,comm_ms,1.842944,recorder
20260805-032512_perlmutter_1067ad0b,hier_compress_union_remotefrac_b8_k4_isolated,isolated,torch,15,8,comm_ms,1.701056,recorder
20260805-032512_perlmutter_1067ad0b,hier_compress_union_remotefrac_b8_k4_isolated,isolated,torch,15,9,comm_ms,1.748704,recorder
20260805-032512_perlmutter_1067ad0b,hier_compress_union_remotefrac_b8_k4_isolated,isolated,torch,15,0,scatter_ms,3.848896,recorder
20260805-032512_perlmutter_1067ad0b,hier_compress_union_remotefrac_b8_k4_isolated,isolated,torch,15,1,scatter_ms,3.85056,recorder
20260805-032512_perlmutter_1067ad0b,hier_compress_union_remotefrac_b8_k4_isolated,isolated,torch,15,2,scatter_ms,3.824256,recorder
20260805-032512_perlmutter_1067ad0b,hier_compress_union_remotefrac_b8_k4_isolated,isolated,torch,15,3,scatter_ms,3.832544,recorder
20260805-032512_perlmutter_1067ad0b,hier_compress_union_remotefrac_b8_k4_isolated,isolated,torch,15,4,scatter_ms,3.838848,recorder
20260805-032512_perlmutter_1067ad0b,hier_compress_union_remotefrac_b8_k4_isolated,isolated,torch,15,5,scatter_ms,3.831584,recorder
20260805-032512_perlmutter_1067ad0b,hier_compress_union_remotefrac_b8_k4_isolated,isolated,torch,15,6,scatter_ms,3.806464,recorder
20260805-032512_perlmutter_1067ad0b,hier_compress_union_remotefrac_b8_k4_isolated,isolated,torch,15,7,scatter_ms,3.83632,recorder
20260805-032512_perlmutter_1067ad0b,hier_compress_union_remotefrac_b8_k4_isolated,isolated,torch,15,8,scatter_ms,3.935904,recorder
20260805-032512_perlmutter_1067ad0b,hier_compress_union_remotefrac_b8_k4_isolated,isolated,torch,15,9,scatter_ms,3.827776,recorder
20260805-032512_perlmutter_1067ad0b,hier_compress_union_remotefrac_b8_k4_isolated,isolated,torch,15,0,gemm_ms,0.962368,recorder
20260805-032512_perlmutter_1067ad0b,hier_compress_union_remotefrac_b8_k4_isolated,isolated,torch,15,1,gemm_ms,0.960544,recorder
20260805-032512_perlmutter_1067ad0b,hier_compress_union_remotefrac_b8_k4_isolated,isolated,torch,15,2,gemm_ms,0.961376,recorder
20260805-032512_perlmutter_1067ad0b,hier_compress_union_remotefrac_b8_k4_isolated,isolated,torch,15,3,gemm_ms,0.961376,recorder
20260805-032512_perlmutter_1067ad0b,hier_compress_union_remotefrac_b8_k4_isolated,isolated,torch,15,4,gemm_ms,0.961408,recorder
20260805-032512_perlmutter_1067ad0b,hier_compress_union_remotefrac_b8_k4_isolated,isolated,torch,15,5,gemm_ms,0.961696,recorder
20260805-032512_perlmutter_1067ad0b,hier_compress_union_remotefrac_b8_k4_isolated,isolated,torch,15,6,gemm_ms,0.960032,recorder
20260805-032512_perlmutter_1067ad0b,hier_compress_union_remotefrac_b8_k4_isolated,isolated,torch,15,7,gemm_ms,0.961056,recorder
20260805-032512_perlmutter_1067ad0b,hier_compress_union_remotefrac_b8_k4_isolated,isolated,torch,15,8,gemm_ms,0.96096,recorder
20260805-032512_perlmutter_1067ad0b,hier_compress_union_remotefrac_b8_k4_isolated,isolated,torch,15,9,gemm_ms,0.960288,recorder
20260805-032512_perlmutter_1067ad0b,hier_compress_union_remotefrac_b8_k4_isolated,isolated,flux,15,0,e2e_ms,2.219488,recorder
20260805-032512_perlmutter_1067ad0b,hier_compress_union_remotefrac_b8_k4_isolated,isolated,flux,15,1,e2e_ms,2.13872,recorder
20260805-032512_perlmutter_1067ad0b,hier_compress_union_remotefrac_b8_k4_isolated,isolated,flux,15,2,e2e_ms,2.2208,recorder
20260805-032512_perlmutter_1067ad0b,hier_compress_union_remotefrac_b8_k4_isolated,isolated,flux,15,3,e2e_ms,2.135232,recorder
20260805-032512_perlmutter_1067ad0b,hier_compress_union_remotefrac_b8_k4_isolated,isolated,flux,15,4,e2e_ms,2.291264,recorder
20260805-032512_perlmutter_1067ad0b,hier_compress_union_remotefrac_b8_k4_isolated,isolated,flux,15,5,e2e_ms,2.249792,recorder
20260805-032512_perlmutter_1067ad0b,hier_compress_union_remotefrac_b8_k4_isolated,isolated,flux,15,6,e2e_ms,2.304736,recorder
20260805-032512_perlmutter_1067ad0b,hier_compress_union_remotefrac_b8_k4_isolated,isolated,flux,15,7,e2e_ms,2.170304,recorder
20260805-032512_perlmutter_1067ad0b,hier_compress_union_remotefrac_b8_k4_isolated,isolated,flux,15,8,e2e_ms,2.200416,recorder
20260805-032512_perlmutter_1067ad0b,hier_compress_union_remotefrac_b8_k4_isolated,isolated,flux,15,9,e2e_ms,2.159392,recorder
20260805-032512_perlmutter_1067ad0b,hier_compress_union_remotefrac_b8_k4_isolated,isolated,flux,15,0,iso_sync_ms,1.843825,recorder
20260805-032512_perlmutter_1067ad0b,hier_compress_union_remotefrac_b8_k4_isolated,isolated,flux,15,1,iso_sync_ms,1.770062,recorder
20260805-032512_perlmutter_1067ad0b,hier_compress_union_remotefrac_b8_k4_isolated,isolated,flux,15,2,iso_sync_ms,1.687392,recorder
20260805-032512_perlmutter_1067ad0b,hier_compress_union_remotefrac_b8_k4_isolated,isolated,flux,15,3,iso_sync_ms,1.761044,recorder
20260805-032512_perlmutter_1067ad0b,hier_compress_union_remotefrac_b8_k4_isolated,isolated,flux,15,4,iso_sync_ms,1.701931,recorder
20260805-032512_perlmutter_1067ad0b,hier_compress_union_remotefrac_b8_k4_isolated,isolated,flux,15,5,iso_sync_ms,1.859906,recorder
20260805-032512_perlmutter_1067ad0b,hier_compress_union_remotefrac_b8_k4_isolated,isolated,flux,15,6,iso_sync_ms,1.824176,recorder
20260805-032512_perlmutter_1067ad0b,hier_compress_union_remotefrac_b8_k4_isolated,isolated,flux,15,7,iso_sync_ms,1.882039,recorder
20260805-032512_perlmutter_1067ad0b,hier_compress_union_remotefrac_b8_k4_isolated,isolated,flux,15,8,iso_sync_ms,1.754902,recorder
20260805-032512_perlmutter_1067ad0b,hier_compress_union_remotefrac_b8_k4_isolated,isolated,flux,15,9,iso_sync_ms,1.751386,recorder
20260805-032512_perlmutter_1067ad0b,hier_compress_lb_union_remotefrac_b8_k4_isolated,isolated,torch,0,0,comm_ms,2.003648,recorder
20260805-032512_perlmutter_1067ad0b,hier_compress_lb_union_remotefrac_b8_k4_isolated,isolated,torch,0,1,comm_ms,1.750208,recorder
20260805-032512_perlmutter_1067ad0b,hier_compress_lb_union_remotefrac_b8_k4_isolated,isolated,torch,0,2,comm_ms,1.883104,recorder
20260805-032512_perlmutter_1067ad0b,hier_compress_lb_union_remotefrac_b8_k4_isolated,isolated,torch,0,3,comm_ms,1.679808,recorder
20260805-032512_perlmutter_1067ad0b,hier_compress_lb_union_remotefrac_b8_k4_isolated,isolated,torch,0,4,comm_ms,1.760096,recorder
20260805-032512_perlmutter_1067ad0b,hier_compress_lb_union_remotefrac_b8_k4_isolated,isolated,torch,0,5,comm_ms,2.045312,recorder
20260805-032512_perlmutter_1067ad0b,hier_compress_lb_union_remotefrac_b8_k4_isolated,isolated,torch,0,6,comm_ms,1.702912,recorder
20260805-032512_perlmutter_1067ad0b,hier_compress_lb_union_remotefrac_b8_k4_isolated,isolated,torch,0,7,comm_ms,1.913984,recorder
20260805-032512_perlmutter_1067ad0b,hier_compress_lb_union_remotefrac_b8_k4_isolated,isolated,torch,0,8,comm_ms,1.905536,recorder
20260805-032512_perlmutter_1067ad0b,hier_compress_lb_union_remotefrac_b8_k4_isolated,isolated,torch,0,9,comm_ms,1.693792,recorder
20260805-032512_perlmutter_1067ad0b,hier_compress_lb_union_remotefrac_b8_k4_isolated,isolated,torch,0,0,scatter_ms,3.830304,recorder
20260805-032512_perlmutter_1067ad0b,hier_compress_lb_union_remotefrac_b8_k4_isolated,isolated,torch,0,1,scatter_ms,3.835648,recorder
20260805-032512_perlmutter_1067ad0b,hier_compress_lb_union_remotefrac_b8_k4_isolated,isolated,torch,0,2,scatter_ms,3.836224,recorder
20260805-032512_perlmutter_1067ad0b,hier_compress_lb_union_remotefrac_b8_k4_isolated,isolated,torch,0,3,scatter_ms,3.824928,recorder
20260805-032512_perlmutter_1067ad0b,hier_compress_lb_union_remotefrac_b8_k4_isolated,isolated,torch,0,4,scatter_ms,3.818336,recorder
20260805-032512_perlmutter_1067ad0b,hier_compress_lb_union_remotefrac_b8_k4_isolated,isolated,torch,0,5,scatter_ms,3.814912,recorder
20260805-032512_perlmutter_1067ad0b,hier_compress_lb_union_remotefrac_b8_k4_isolated,isolated,torch,0,6,scatter_ms,3.82384,recorder
20260805-032512_perlmutter_1067ad0b,hier_compress_lb_union_remotefrac_b8_k4_isolated,isolated,torch,0,7,scatter_ms,3.847552,recorder
20260805-032512_perlmutter_1067ad0b,hier_compress_lb_union_remotefrac_b8_k4_isolated,isolated,torch,0,8,scatter_ms,3.827712,recorder
20260805-032512_perlmutter_1067ad0b,hier_compress_lb_union_remotefrac_b8_k4_isolated,isolated,torch,0,9,scatter_ms,3.91168,recorder
20260805-032512_perlmutter_1067ad0b,hier_compress_lb_union_remotefrac_b8_k4_isolated,isolated,torch,0,0,gemm_ms,0.960032,recorder
20260805-032512_perlmutter_1067ad0b,hier_compress_lb_union_remotefrac_b8_k4_isolated,isolated,torch,0,1,gemm_ms,0.961088,recorder
20260805-032512_perlmutter_1067ad0b,hier_compress_lb_union_remotefrac_b8_k4_isolated,isolated,torch,0,2,gemm_ms,0.961344,recorder
20260805-032512_perlmutter_1067ad0b,hier_compress_lb_union_remotefrac_b8_k4_isolated,isolated,torch,0,3,gemm_ms,0.95984,recorder
20260805-032512_perlmutter_1067ad0b,hier_compress_lb_union_remotefrac_b8_k4_isolated,isolated,torch,0,4,gemm_ms,0.96016,recorder
20260805-032512_perlmutter_1067ad0b,hier_compress_lb_union_remotefrac_b8_k4_isolated,isolated,torch,0,5,gemm_ms,0.960128,recorder
20260805-032512_perlmutter_1067ad0b,hier_compress_lb_union_remotefrac_b8_k4_isolated,isolated,torch,0,6,gemm_ms,0.960864,recorder
20260805-032512_perlmutter_1067ad0b,hier_compress_lb_union_remotefrac_b8_k4_isolated,isolated,torch,0,7,gemm_ms,0.960384,recorder
20260805-032512_perlmutter_1067ad0b,hier_compress_lb_union_remotefrac_b8_k4_isolated,isolated,torch,0,8,gemm_ms,0.961024,recorder
20260805-032512_perlmutter_1067ad0b,hier_compress_lb_union_remotefrac_b8_k4_isolated,isolated,torch,0,9,gemm_ms,0.959744,recorder
20260805-032512_perlmutter_1067ad0b,hier_compress_lb_union_remotefrac_b8_k4_isolated,isolated,flux,0,0,e2e_ms,2.340416,recorder
20260805-032512_perlmutter_1067ad0b,hier_compress_lb_union_remotefrac_b8_k4_isolated,isolated,flux,0,1,e2e_ms,2.33856,recorder
20260805-032512_perlmutter_1067ad0b,hier_compress_lb_union_remotefrac_b8_k4_isolated,isolated,flux,0,2,e2e_ms,2.271488,recorder
20260805-032512_perlmutter_1067ad0b,hier_compress_lb_union_remotefrac_b8_k4_isolated,isolated,flux,0,3,e2e_ms,2.265024,recorder
20260805-032512_perlmutter_1067ad0b,hier_compress_lb_union_remotefrac_b8_k4_isolated,isolated,flux,0,4,e2e_ms,2.24176,recorder
20260805-032512_perlmutter_1067ad0b,hier_compress_lb_union_remotefrac_b8_k4_isolated,isolated,flux,0,5,e2e_ms,2.251072,recorder
20260805-032512_perlmutter_1067ad0b,hier_compress_lb_union_remotefrac_b8_k4_isolated,isolated,flux,0,6,e2e_ms,2.32208,recorder
20260805-032512_perlmutter_1067ad0b,hier_compress_lb_union_remotefrac_b8_k4_isolated,isolated,flux,0,7,e2e_ms,2.245888,recorder
20260805-032512_perlmutter_1067ad0b,hier_compress_lb_union_remotefrac_b8_k4_isolated,isolated,flux,0,8,e2e_ms,2.259104,recorder
20260805-032512_perlmutter_1067ad0b,hier_compress_lb_union_remotefrac_b8_k4_isolated,isolated,flux,0,9,e2e_ms,2.25712,recorder
20260805-032512_perlmutter_1067ad0b,hier_compress_lb_union_remotefrac_b8_k4_isolated,isolated,flux,0,0,iso_sync_ms,1.886637,recorder
20260805-032512_perlmutter_1067ad0b,hier_compress_lb_union_remotefrac_b8_k4_isolated,isolated,flux,0,1,iso_sync_ms,1.834686,recorder
20260805-032512_perlmutter_1067ad0b,hier_compress_lb_union_remotefrac_b8_k4_isolated,isolated,flux,0,2,iso_sync_ms,1.80587,recorder
20260805-032512_perlmutter_1067ad0b,hier_compress_lb_union_remotefrac_b8_k4_isolated,isolated,flux,0,3,iso_sync_ms,1.761955,recorder
20260805-032512_perlmutter_1067ad0b,hier_compress_lb_union_remotefrac_b8_k4_isolated,isolated,flux,0,4,iso_sync_ms,1.772867,recorder
20260805-032512_perlmutter_1067ad0b,hier_compress_lb_union_remotefrac_b8_k4_isolated,isolated,flux,0,5,iso_sync_ms,1.743721,recorder
20260805-032512_perlmutter_1067ad0b,hier_compress_lb_union_remotefrac_b8_k4_isolated,isolated,flux,0,6,iso_sync_ms,1.72297,recorder
20260805-032512_perlmutter_1067ad0b,hier_compress_lb_union_remotefrac_b8_k4_isolated,isolated,flux,0,7,iso_sync_ms,1.784109,recorder
20260805-032512_perlmutter_1067ad0b,hier_compress_lb_union_remotefrac_b8_k4_isolated,isolated,flux,0,8,iso_sync_ms,1.764301,recorder
20260805-032512_perlmutter_1067ad0b,hier_compress_lb_union_remotefrac_b8_k4_isolated,isolated,flux,0,9,iso_sync_ms,1.781965,recorder
20260805-032512_perlmutter_1067ad0b,hier_compress_lb_union_remotefrac_b8_k4_isolated,isolated,torch,1,0,comm_ms,1.922208,recorder
20260805-032512_perlmutter_1067ad0b,hier_compress_lb_union_remotefrac_b8_k4_isolated,isolated,torch,1,1,comm_ms,1.81632,recorder
20260805-032512_perlmutter_1067ad0b,hier_compress_lb_union_remotefrac_b8_k4_isolated,isolated,torch,1,2,comm_ms,1.873408,recorder
20260805-032512_perlmutter_1067ad0b,hier_compress_lb_union_remotefrac_b8_k4_isolated,isolated,torch,1,3,comm_ms,1.80576,recorder
20260805-032512_perlmutter_1067ad0b,hier_compress_lb_union_remotefrac_b8_k4_isolated,isolated,torch,1,4,comm_ms,1.759232,recorder
20260805-032512_perlmutter_1067ad0b,hier_compress_lb_union_remotefrac_b8_k4_isolated,isolated,torch,1,5,comm_ms,1.9512,recorder
20260805-032512_perlmutter_1067ad0b,hier_compress_lb_union_remotefrac_b8_k4_isolated,isolated,torch,1,6,comm_ms,1.67552,recorder
20260805-032512_perlmutter_1067ad0b,hier_compress_lb_union_remotefrac_b8_k4_isolated,isolated,torch,1,7,comm_ms,2.003936,recorder
20260805-032512_perlmutter_1067ad0b,hier_compress_lb_union_remotefrac_b8_k4_isolated,isolated,torch,1,8,comm_ms,1.91776,recorder
20260805-032512_perlmutter_1067ad0b,hier_compress_lb_union_remotefrac_b8_k4_isolated,isolated,torch,1,9,comm_ms,1.633792,recorder
20260805-032512_perlmutter_1067ad0b,hier_compress_lb_union_remotefrac_b8_k4_isolated,isolated,torch,1,0,scatter_ms,3.835456,recorder
20260805-032512_perlmutter_1067ad0b,hier_compress_lb_union_remotefrac_b8_k4_isolated,isolated,torch,1,1,scatter_ms,3.81136,recorder
20260805-032512_perlmutter_1067ad0b,hier_compress_lb_union_remotefrac_b8_k4_isolated,isolated,torch,1,2,scatter_ms,3.813632,recorder
20260805-032512_perlmutter_1067ad0b,hier_compress_lb_union_remotefrac_b8_k4_isolated,isolated,torch,1,3,scatter_ms,3.831488,recorder
20260805-032512_perlmutter_1067ad0b,hier_compress_lb_union_remotefrac_b8_k4_isolated,isolated,torch,1,4,scatter_ms,3.838784,recorder
20260805-032512_perlmutter_1067ad0b,hier_compress_lb_union_remotefrac_b8_k4_isolated,isolated,torch,1,5,scatter_ms,3.83216,recorder
20260805-032512_perlmutter_1067ad0b,hier_compress_lb_union_remotefrac_b8_k4_isolated,isolated,torch,1,6,scatter_ms,3.822944,recorder
20260805-032512_perlmutter_1067ad0b,hier_compress_lb_union_remotefrac_b8_k4_isolated,isolated,torch,1,7,scatter_ms,3.822816,recorder
20260805-032512_perlmutter_1067ad0b,hier_compress_lb_union_remotefrac_b8_k4_isolated,isolated,torch,1,8,scatter_ms,3.820224,recorder
20260805-032512_perlmutter_1067ad0b,hier_compress_lb_union_remotefrac_b8_k4_isolated,isolated,torch,1,9,scatter_ms,3.827904,recorder
20260805-032512_perlmutter_1067ad0b,hier_compress_lb_union_remotefrac_b8_k4_isolated,isolated,torch,1,0,gemm_ms,0.958816,recorder
20260805-032512_perlmutter_1067ad0b,hier_compress_lb_union_remotefrac_b8_k4_isolated,isolated,torch,1,1,gemm_ms,0.95856,recorder
20260805-032512_perlmutter_1067ad0b,hier_compress_lb_union_remotefrac_b8_k4_isolated,isolated,torch,1,2,gemm_ms,0.958592,recorder
20260805-032512_perlmutter_1067ad0b,hier_compress_lb_union_remotefrac_b8_k4_isolated,isolated,torch,1,3,gemm_ms,0.959296,recorder
20260805-032512_perlmutter_1067ad0b,hier_compress_lb_union_remotefrac_b8_k4_isolated,isolated,torch,1,4,gemm_ms,0.958624,recorder
20260805-032512_perlmutter_1067ad0b,hier_compress_lb_union_remotefrac_b8_k4_isolated,isolated,torch,1,5,gemm_ms,0.957792,recorder
20260805-032512_perlmutter_1067ad0b,hier_compress_lb_union_remotefrac_b8_k4_isolated,isolated,torch,1,6,gemm_ms,0.958496,recorder
20260805-032512_perlmutter_1067ad0b,hier_compress_lb_union_remotefrac_b8_k4_isolated,isolated,torch,1,7,gemm_ms,0.957184,recorder
20260805-032512_perlmutter_1067ad0b,hier_compress_lb_union_remotefrac_b8_k4_isolated,isolated,torch,1,8,gemm_ms,0.95808,recorder
20260805-032512_perlmutter_1067ad0b,hier_compress_lb_union_remotefrac_b8_k4_isolated,isolated,torch,1,9,gemm_ms,0.95808,recorder
20260805-032512_perlmutter_1067ad0b,hier_compress_lb_union_remotefrac_b8_k4_isolated,isolated,flux,1,0,e2e_ms,2.340128,recorder
20260805-032512_perlmutter_1067ad0b,hier_compress_lb_union_remotefrac_b8_k4_isolated,isolated,flux,1,1,e2e_ms,2.339712,recorder
20260805-032512_perlmutter_1067ad0b,hier_compress_lb_union_remotefrac_b8_k4_isolated,isolated,flux,1,2,e2e_ms,2.271744,recorder
20260805-032512_perlmutter_1067ad0b,hier_compress_lb_union_remotefrac_b8_k4_isolated,isolated,flux,1,3,e2e_ms,2.265152,recorder
20260805-032512_perlmutter_1067ad0b,hier_compress_lb_union_remotefrac_b8_k4_isolated,isolated,flux,1,4,e2e_ms,2.24304,recorder
20260805-032512_perlmutter_1067ad0b,hier_compress_lb_union_remotefrac_b8_k4_isolated,isolated,flux,1,5,e2e_ms,2.253216,recorder
20260805-032512_perlmutter_1067ad0b,hier_compress_lb_union_remotefrac_b8_k4_isolated,isolated,flux,1,6,e2e_ms,2.323808,recorder
20260805-032512_perlmutter_1067ad0b,hier_compress_lb_union_remotefrac_b8_k4_isolated,isolated,flux,1,7,e2e_ms,2.245888,recorder
20260805-032512_perlmutter_1067ad0b,hier_compress_lb_union_remotefrac_b8_k4_isolated,isolated,flux,1,8,e2e_ms,2.253248,recorder
20260805-032512_perlmutter_1067ad0b,hier_compress_lb_union_remotefrac_b8_k4_isolated,isolated,flux,1,9,e2e_ms,2.259968,recorder
20260805-032512_perlmutter_1067ad0b,hier_compress_lb_union_remotefrac_b8_k4_isolated,isolated,flux,1,0,iso_sync_ms,1.851459,recorder
20260805-032512_perlmutter_1067ad0b,hier_compress_lb_union_remotefrac_b8_k4_isolated,isolated,flux,1,1,iso_sync_ms,1.822012,recorder
20260805-032512_perlmutter_1067ad0b,hier_compress_lb_union_remotefrac_b8_k4_isolated,isolated,flux,1,2,iso_sync_ms,1.8056,recorder
20260805-032512_perlmutter_1067ad0b,hier_compress_lb_union_remotefrac_b8_k4_isolated,isolated,flux,1,3,iso_sync_ms,1.719604,recorder
20260805-032512_perlmutter_1067ad0b,hier_compress_lb_union_remotefrac_b8_k4_isolated,isolated,flux,1,4,iso_sync_ms,1.742679,recorder
20260805-032512_perlmutter_1067ad0b,hier_compress_lb_union_remotefrac_b8_k4_isolated,isolated,flux,1,5,iso_sync_ms,1.736436,recorder
20260805-032512_perlmutter_1067ad0b,hier_compress_lb_union_remotefrac_b8_k4_isolated,isolated,flux,1,6,iso_sync_ms,1.72289,recorder
20260805-032512_perlmutter_1067ad0b,hier_compress_lb_union_remotefrac_b8_k4_isolated,isolated,flux,1,7,iso_sync_ms,1.749752,recorder
20260805-032512_perlmutter_1067ad0b,hier_compress_lb_union_remotefrac_b8_k4_isolated,isolated,flux,1,8,iso_sync_ms,1.715276,recorder
20260805-032512_perlmutter_1067ad0b,hier_compress_lb_union_remotefrac_b8_k4_isolated,isolated,flux,1,9,iso_sync_ms,1.757557,recorder
20260805-032512_perlmutter_1067ad0b,hier_compress_lb_union_remotefrac_b8_k4_isolated,isolated,torch,2,0,comm_ms,1.83856,recorder
20260805-032512_perlmutter_1067ad0b,hier_compress_lb_union_remotefrac_b8_k4_isolated,isolated,torch,2,1,comm_ms,1.898784,recorder
20260805-032512_perlmutter_1067ad0b,hier_compress_lb_union_remotefrac_b8_k4_isolated,isolated,torch,2,2,comm_ms,1.785952,recorder
20260805-032512_perlmutter_1067ad0b,hier_compress_lb_union_remotefrac_b8_k4_isolated,isolated,torch,2,3,comm_ms,1.74704,recorder
20260805-032512_perlmutter_1067ad0b,hier_compress_lb_union_remotefrac_b8_k4_isolated,isolated,torch,2,4,comm_ms,1.91664,recorder
20260805-032512_perlmutter_1067ad0b,hier_compress_lb_union_remotefrac_b8_k4_isolated,isolated,torch,2,5,comm_ms,1.877824,recorder
20260805-032512_perlmutter_1067ad0b,hier_compress_lb_union_remotefrac_b8_k4_isolated,isolated,torch,2,6,comm_ms,1.776288,recorder
20260805-032512_perlmutter_1067ad0b,hier_compress_lb_union_remotefrac_b8_k4_isolated,isolated,torch,2,7,comm_ms,2.00912,recorder
20260805-032512_perlmutter_1067ad0b,hier_compress_lb_union_remotefrac_b8_k4_isolated,isolated,torch,2,8,comm_ms,1.795264,recorder
20260805-032512_perlmutter_1067ad0b,hier_compress_lb_union_remotefrac_b8_k4_isolated,isolated,torch,2,9,comm_ms,1.740608,recorder
20260805-032512_perlmutter_1067ad0b,hier_compress_lb_union_remotefrac_b8_k4_isolated,isolated,torch,2,0,scatter_ms,3.794976,recorder
20260805-032512_perlmutter_1067ad0b,hier_compress_lb_union_remotefrac_b8_k4_isolated,isolated,torch,2,1,scatter_ms,3.833504,recorder
20260805-032512_perlmutter_1067ad0b,hier_compress_lb_union_remotefrac_b8_k4_isolated,isolated,torch,2,2,scatter_ms,3.822528,recorder
20260805-032512_perlmutter_1067ad0b,hier_compress_lb_union_remotefrac_b8_k4_isolated,isolated,torch,2,3,scatter_ms,3.83024,recorder
20260805-032512_perlmutter_1067ad0b,hier_compress_lb_union_remotefrac_b8_k4_isolated,isolated,torch,2,4,scatter_ms,3.819776,recorder
20260805-032512_perlmutter_1067ad0b,hier_compress_lb_union_remotefrac_b8_k4_isolated,isolated,torch,2,5,scatter_ms,3.816,recorder
20260805-032512_perlmutter_1067ad0b,hier_compress_lb_union_remotefrac_b8_k4_isolated,isolated,torch,2,6,scatter_ms,3.812864,recorder
20260805-032512_perlmutter_1067ad0b,hier_compress_lb_union_remotefrac_b8_k4_isolated,isolated,torch,2,7,scatter_ms,3.825792,recorder
20260805-032512_perlmutter_1067ad0b,hier_compress_lb_union_remotefrac_b8_k4_isolated,isolated,torch,2,8,scatter_ms,3.854176,recorder
20260805-032512_perlmutter_1067ad0b,hier_compress_lb_union_remotefrac_b8_k4_isolated,isolated,torch,2,9,scatter_ms,3.81712,recorder
20260805-032512_perlmutter_1067ad0b,hier_compress_lb_union_remotefrac_b8_k4_isolated,isolated,torch,2,0,gemm_ms,0.962368,recorder
20260805-032512_perlmutter_1067ad0b,hier_compress_lb_union_remotefrac_b8_k4_isolated,isolated,torch,2,1,gemm_ms,0.961248,recorder
20260805-032512_perlmutter_1067ad0b,hier_compress_lb_union_remotefrac_b8_k4_isolated,isolated,torch,2,2,gemm_ms,0.962176,recorder
20260805-032512_perlmutter_1067ad0b,hier_compress_lb_union_remotefrac_b8_k4_isolated,isolated,torch,2,3,gemm_ms,0.961088,recorder
20260805-032512_perlmutter_1067ad0b,hier_compress_lb_union_remotefrac_b8_k4_isolated,isolated,torch,2,4,gemm_ms,0.961888,recorder
20260805-032512_perlmutter_1067ad0b,hier_compress_lb_union_remotefrac_b8_k4_isolated,isolated,torch,2,5,gemm_ms,0.96112,recorder
20260805-032512_perlmutter_1067ad0b,hier_compress_lb_union_remotefrac_b8_k4_isolated,isolated,torch,2,6,gemm_ms,0.96352,recorder
20260805-032512_perlmutter_1067ad0b,hier_compress_lb_union_remotefrac_b8_k4_isolated,isolated,torch,2,7,gemm_ms,0.96096,recorder
20260805-032512_perlmutter_1067ad0b,hier_compress_lb_union_remotefrac_b8_k4_isolated,isolated,torch,2,8,gemm_ms,0.962048,recorder
20260805-032512_perlmutter_1067ad0b,hier_compress_lb_union_remotefrac_b8_k4_isolated,isolated,torch,2,9,gemm_ms,0.952,recorder
20260805-032512_perlmutter_1067ad0b,hier_compress_lb_union_remotefrac_b8_k4_isolated,isolated,flux,2,0,e2e_ms,2.295392,recorder
20260805-032512_perlmutter_1067ad0b,hier_compress_lb_union_remotefrac_b8_k4_isolated,isolated,flux,2,1,e2e_ms,2.346816,recorder
20260805-032512_perlmutter_1067ad0b,hier_compress_lb_union_remotefrac_b8_k4_isolated,isolated,flux,2,2,e2e_ms,2.274272,recorder
20260805-032512_perlmutter_1067ad0b,hier_compress_lb_union_remotefrac_b8_k4_isolated,isolated,flux,2,3,e2e_ms,2.26848,recorder
20260805-032512_perlmutter_1067ad0b,hier_compress_lb_union_remotefrac_b8_k4_isolated,isolated,flux,2,4,e2e_ms,2.248864,recorder
20260805-032512_perlmutter_1067ad0b,hier_compress_lb_union_remotefrac_b8_k4_isolated,isolated,flux,2,5,e2e_ms,2.23568,recorder
20260805-032512_perlmutter_1067ad0b,hier_compress_lb_union_remotefrac_b8_k4_isolated,isolated,flux,2,6,e2e_ms,2.326688,recorder
20260805-032512_perlmutter_1067ad0b,hier_compress_lb_union_remotefrac_b8_k4_isolated,isolated,flux,2,7,e2e_ms,2.24944,recorder
20260805-032512_perlmutter_1067ad0b,hier_compress_lb_union_remotefrac_b8_k4_isolated,isolated,flux,2,8,e2e_ms,2.266048,recorder
20260805-032512_perlmutter_1067ad0b,hier_compress_lb_union_remotefrac_b8_k4_isolated,isolated,flux,2,9,e2e_ms,2.263936,recorder
20260805-032512_perlmutter_1067ad0b,hier_compress_lb_union_remotefrac_b8_k4_isolated,isolated,flux,2,0,iso_sync_ms,1.940751,recorder
20260805-032512_perlmutter_1067ad0b,hier_compress_lb_union_remotefrac_b8_k4_isolated,isolated,flux,2,1,iso_sync_ms,1.478307,recorder
20260805-032512_perlmutter_1067ad0b,hier_compress_lb_union_remotefrac_b8_k4_isolated,isolated,flux,2,2,iso_sync_ms,1.792945,recorder
20260805-032512_perlmutter_1067ad0b,hier_compress_lb_union_remotefrac_b8_k4_isolated,isolated,flux,2,3,iso_sync_ms,1.736417,recorder
20260805-032512_perlmutter_1067ad0b,hier_compress_lb_union_remotefrac_b8_k4_isolated,isolated,flux,2,4,iso_sync_ms,1.754802,recorder
20260805-032512_perlmutter_1067ad0b,hier_compress_lb_union_remotefrac_b8_k4_isolated,isolated,flux,2,5,iso_sync_ms,1.789599,recorder
20260805-032512_perlmutter_1067ad0b,hier_compress_lb_union_remotefrac_b8_k4_isolated,isolated,flux,2,6,iso_sync_ms,1.673094,recorder
20260805-032512_perlmutter_1067ad0b,hier_compress_lb_union_remotefrac_b8_k4_isolated,isolated,flux,2,7,iso_sync_ms,1.786553,recorder
20260805-032512_perlmutter_1067ad0b,hier_compress_lb_union_remotefrac_b8_k4_isolated,isolated,flux,2,8,iso_sync_ms,1.751766,recorder
20260805-032512_perlmutter_1067ad0b,hier_compress_lb_union_remotefrac_b8_k4_isolated,isolated,flux,2,9,iso_sync_ms,1.793176,recorder
20260805-032512_perlmutter_1067ad0b,hier_compress_lb_union_remotefrac_b8_k4_isolated,isolated,torch,3,0,comm_ms,1.71312,recorder
20260805-032512_perlmutter_1067ad0b,hier_compress_lb_union_remotefrac_b8_k4_isolated,isolated,torch,3,1,comm_ms,2.010912,recorder
20260805-032512_perlmutter_1067ad0b,hier_compress_lb_union_remotefrac_b8_k4_isolated,isolated,torch,3,2,comm_ms,1.667968,recorder
20260805-032512_perlmutter_1067ad0b,hier_compress_lb_union_remotefrac_b8_k4_isolated,isolated,torch,3,3,comm_ms,1.835392,recorder
20260805-032512_perlmutter_1067ad0b,hier_compress_lb_union_remotefrac_b8_k4_isolated,isolated,torch,3,4,comm_ms,1.977728,recorder
20260805-032512_perlmutter_1067ad0b,hier_compress_lb_union_remotefrac_b8_k4_isolated,isolated,torch,3,5,comm_ms,1.77984,recorder
20260805-032512_perlmutter_1067ad0b,hier_compress_lb_union_remotefrac_b8_k4_isolated,isolated,torch,3,6,comm_ms,1.832768,recorder
20260805-032512_perlmutter_1067ad0b,hier_compress_lb_union_remotefrac_b8_k4_isolated,isolated,torch,3,7,comm_ms,1.988704,recorder
20260805-032512_perlmutter_1067ad0b,hier_compress_lb_union_remotefrac_b8_k4_isolated,isolated,torch,3,8,comm_ms,1.74592,recorder
20260805-032512_perlmutter_1067ad0b,hier_compress_lb_union_remotefrac_b8_k4_isolated,isolated,torch,3,9,comm_ms,1.690592,recorder
20260805-032512_perlmutter_1067ad0b,hier_compress_lb_union_remotefrac_b8_k4_isolated,isolated,torch,3,0,scatter_ms,3.801664,recorder
20260805-032512_perlmutter_1067ad0b,hier_compress_lb_union_remotefrac_b8_k4_isolated,isolated,torch,3,1,scatter_ms,3.840832,recorder
20260805-032512_perlmutter_1067ad0b,hier_compress_lb_union_remotefrac_b8_k4_isolated,isolated,torch,3,2,scatter_ms,3.820224,recorder
20260805-032512_perlmutter_1067ad0b,hier_compress_lb_union_remotefrac_b8_k4_isolated,isolated,torch,3,3,scatter_ms,3.804,recorder
20260805-032512_perlmutter_1067ad0b,hier_compress_lb_union_remotefrac_b8_k4_isolated,isolated,torch,3,4,scatter_ms,3.81248,recorder
20260805-032512_perlmutter_1067ad0b,hier_compress_lb_union_remotefrac_b8_k4_isolated,isolated,torch,3,5,scatter_ms,3.873888,recorder
20260805-032512_perlmutter_1067ad0b,hier_compress_lb_union_remotefrac_b8_k4_isolated,isolated,torch,3,6,scatter_ms,3.836832,recorder
20260805-032512_perlmutter_1067ad0b,hier_compress_lb_union_remotefrac_b8_k4_isolated,isolated,torch,3,7,scatter_ms,3.835104,recorder
20260805-032512_perlmutter_1067ad0b,hier_compress_lb_union_remotefrac_b8_k4_isolated,isolated,torch,3,8,scatter_ms,3.824,recorder
20260805-032512_perlmutter_1067ad0b,hier_compress_lb_union_remotefrac_b8_k4_isolated,isolated,torch,3,9,scatter_ms,3.81904,recorder
20260805-032512_perlmutter_1067ad0b,hier_compress_lb_union_remotefrac_b8_k4_isolated,isolated,torch,3,0,gemm_ms,0.95824,recorder
20260805-032512_perlmutter_1067ad0b,hier_compress_lb_union_remotefrac_b8_k4_isolated,isolated,torch,3,1,gemm_ms,0.957888,recorder
20260805-032512_perlmutter_1067ad0b,hier_compress_lb_union_remotefrac_b8_k4_isolated,isolated,torch,3,2,gemm_ms,0.957472,recorder
20260805-032512_perlmutter_1067ad0b,hier_compress_lb_union_remotefrac_b8_k4_isolated,isolated,torch,3,3,gemm_ms,0.958336,recorder
20260805-032512_perlmutter_1067ad0b,hier_compress_lb_union_remotefrac_b8_k4_isolated,isolated,torch,3,4,gemm_ms,0.957632,recorder
20260805-032512_perlmutter_1067ad0b,hier_compress_lb_union_remotefrac_b8_k4_isolated,isolated,torch,3,5,gemm_ms,0.95808,recorder
20260805-032512_perlmutter_1067ad0b,hier_compress_lb_union_remotefrac_b8_k4_isolated,isolated,torch,3,6,gemm_ms,0.958784,recorder
20260805-032512_perlmutter_1067ad0b,hier_compress_lb_union_remotefrac_b8_k4_isolated,isolated,torch,3,7,gemm_ms,0.95744,recorder
20260805-032512_perlmutter_1067ad0b,hier_compress_lb_union_remotefrac_b8_k4_isolated,isolated,torch,3,8,gemm_ms,0.957728,recorder
20260805-032512_perlmutter_1067ad0b,hier_compress_lb_union_remotefrac_b8_k4_isolated,isolated,torch,3,9,gemm_ms,0.95888,recorder
20260805-032512_perlmutter_1067ad0b,hier_compress_lb_union_remotefrac_b8_k4_isolated,isolated,flux,3,0,e2e_ms,2.340704,recorder
20260805-032512_perlmutter_1067ad0b,hier_compress_lb_union_remotefrac_b8_k4_isolated,isolated,flux,3,1,e2e_ms,2.340832,recorder
20260805-032512_perlmutter_1067ad0b,hier_compress_lb_union_remotefrac_b8_k4_isolated,isolated,flux,3,2,e2e_ms,2.271584,recorder
20260805-032512_perlmutter_1067ad0b,hier_compress_lb_union_remotefrac_b8_k4_isolated,isolated,flux,3,3,e2e_ms,2.262816,recorder
20260805-032512_perlmutter_1067ad0b,hier_compress_lb_union_remotefrac_b8_k4_isolated,isolated,flux,3,4,e2e_ms,2.240576,recorder
20260805-032512_perlmutter_1067ad0b,hier_compress_lb_union_remotefrac_b8_k4_isolated,isolated,flux,3,5,e2e_ms,2.252704,recorder
20260805-032512_perlmutter_1067ad0b,hier_compress_lb_union_remotefrac_b8_k4_isolated,isolated,flux,3,6,e2e_ms,2.3224,recorder
20260805-032512_perlmutter_1067ad0b,hier_compress_lb_union_remotefrac_b8_k4_isolated,isolated,flux,3,7,e2e_ms,2.246816,recorder
20260805-032512_perlmutter_1067ad0b,hier_compress_lb_union_remotefrac_b8_k4_isolated,isolated,flux,3,8,e2e_ms,2.252992,recorder
20260805-032512_perlmutter_1067ad0b,hier_compress_lb_union_remotefrac_b8_k4_isolated,isolated,flux,3,9,e2e_ms,2.256064,recorder
20260805-032512_perlmutter_1067ad0b,hier_compress_lb_union_remotefrac_b8_k4_isolated,isolated,flux,3,0,iso_sync_ms,1.860467,recorder
20260805-032512_perlmutter_1067ad0b,hier_compress_lb_union_remotefrac_b8_k4_isolated,isolated,flux,3,1,iso_sync_ms,1.831049,recorder
20260805-032512_perlmutter_1067ad0b,hier_compress_lb_union_remotefrac_b8_k4_isolated,isolated,flux,3,2,iso_sync_ms,1.811632,recorder
20260805-032512_perlmutter_1067ad0b,hier_compress_lb_union_remotefrac_b8_k4_isolated,isolated,flux,3,3,iso_sync_ms,1.743099,recorder
20260805-032512_perlmutter_1067ad0b,hier_compress_lb_union_remotefrac_b8_k4_isolated,isolated,flux,3,4,iso_sync_ms,1.742188,recorder
20260805-032512_perlmutter_1067ad0b,hier_compress_lb_union_remotefrac_b8_k4_isolated,isolated,flux,3,5,iso_sync_ms,1.749813,recorder
20260805-032512_perlmutter_1067ad0b,hier_compress_lb_union_remotefrac_b8_k4_isolated,isolated,flux,3,6,iso_sync_ms,1.735494,recorder
20260805-032512_perlmutter_1067ad0b,hier_compress_lb_union_remotefrac_b8_k4_isolated,isolated,flux,3,7,iso_sync_ms,1.779219,recorder
20260805-032512_perlmutter_1067ad0b,hier_compress_lb_union_remotefrac_b8_k4_isolated,isolated,flux,3,8,iso_sync_ms,1.749622,recorder
20260805-032512_perlmutter_1067ad0b,hier_compress_lb_union_remotefrac_b8_k4_isolated,isolated,flux,3,9,iso_sync_ms,1.764491,recorder
20260805-032512_perlmutter_1067ad0b,hier_compress_lb_union_remotefrac_b8_k4_isolated,isolated,torch,4,0,comm_ms,1.786464,recorder
20260805-032512_perlmutter_1067ad0b,hier_compress_lb_union_remotefrac_b8_k4_isolated,isolated,torch,4,1,comm_ms,1.824736,recorder
20260805-032512_perlmutter_1067ad0b,hier_compress_lb_union_remotefrac_b8_k4_isolated,isolated,torch,4,2,comm_ms,1.763744,recorder
20260805-032512_perlmutter_1067ad0b,hier_compress_lb_union_remotefrac_b8_k4_isolated,isolated,torch,4,3,comm_ms,1.857696,recorder
20260805-032512_perlmutter_1067ad0b,hier_compress_lb_union_remotefrac_b8_k4_isolated,isolated,torch,4,4,comm_ms,1.708256,recorder
20260805-032512_perlmutter_1067ad0b,hier_compress_lb_union_remotefrac_b8_k4_isolated,isolated,torch,4,5,comm_ms,2.0072,recorder
20260805-032512_perlmutter_1067ad0b,hier_compress_lb_union_remotefrac_b8_k4_isolated,isolated,torch,4,6,comm_ms,1.817312,recorder
20260805-032512_perlmutter_1067ad0b,hier_compress_lb_union_remotefrac_b8_k4_isolated,isolated,torch,4,7,comm_ms,1.769312,recorder
20260805-032512_perlmutter_1067ad0b,hier_compress_lb_union_remotefrac_b8_k4_isolated,isolated,torch,4,8,comm_ms,2.023456,recorder
20260805-032512_perlmutter_1067ad0b,hier_compress_lb_union_remotefrac_b8_k4_isolated,isolated,torch,4,9,comm_ms,1.653376,recorder
20260805-032512_perlmutter_1067ad0b,hier_compress_lb_union_remotefrac_b8_k4_isolated,isolated,torch,4,0,scatter_ms,3.908064,recorder
20260805-032512_perlmutter_1067ad0b,hier_compress_lb_union_remotefrac_b8_k4_isolated,isolated,torch,4,1,scatter_ms,3.826048,recorder
20260805-032512_perlmutter_1067ad0b,hier_compress_lb_union_remotefrac_b8_k4_isolated,isolated,torch,4,2,scatter_ms,3.8368,recorder
20260805-032512_perlmutter_1067ad0b,hier_compress_lb_union_remotefrac_b8_k4_isolated,isolated,torch,4,3,scatter_ms,3.906176,recorder
20260805-032512_perlmutter_1067ad0b,hier_compress_lb_union_remotefrac_b8_k4_isolated,isolated,torch,4,4,scatter_ms,3.827008,recorder
20260805-032512_perlmutter_1067ad0b,hier_compress_lb_union_remotefrac_b8_k4_isolated,isolated,torch,4,5,scatter_ms,3.809888,recorder
20260805-032512_perlmutter_1067ad0b,hier_compress_lb_union_remotefrac_b8_k4_isolated,isolated,torch,4,6,scatter_ms,3.834112,recorder
20260805-032512_perlmutter_1067ad0b,hier_compress_lb_union_remotefrac_b8_k4_isolated,isolated,torch,4,7,scatter_ms,3.849664,recorder
20260805-032512_perlmutter_1067ad0b,hier_compress_lb_union_remotefrac_b8_k4_isolated,isolated,torch,4,8,scatter_ms,3.833536,recorder
20260805-032512_perlmutter_1067ad0b,hier_compress_lb_union_remotefrac_b8_k4_isolated,isolated,torch,4,9,scatter_ms,3.828928,recorder
20260805-032512_perlmutter_1067ad0b,hier_compress_lb_union_remotefrac_b8_k4_isolated,isolated,torch,4,0,gemm_ms,0.961504,recorder
20260805-032512_perlmutter_1067ad0b,hier_compress_lb_union_remotefrac_b8_k4_isolated,isolated,torch,4,1,gemm_ms,0.961984,recorder
20260805-032512_perlmutter_1067ad0b,hier_compress_lb_union_remotefrac_b8_k4_isolated,isolated,torch,4,2,gemm_ms,0.962656,recorder
20260805-032512_perlmutter_1067ad0b,hier_compress_lb_union_remotefrac_b8_k4_isolated,isolated,torch,4,3,gemm_ms,0.963232,recorder
20260805-032512_perlmutter_1067ad0b,hier_compress_lb_union_remotefrac_b8_k4_isolated,isolated,torch,4,4,gemm_ms,0.961248,recorder
20260805-032512_perlmutter_1067ad0b,hier_compress_lb_union_remotefrac_b8_k4_isolated,isolated,torch,4,5,gemm_ms,0.961408,recorder
20260805-032512_perlmutter_1067ad0b,hier_compress_lb_union_remotefrac_b8_k4_isolated,isolated,torch,4,6,gemm_ms,0.963008,recorder
20260805-032512_perlmutter_1067ad0b,hier_compress_lb_union_remotefrac_b8_k4_isolated,isolated,torch,4,7,gemm_ms,0.961472,recorder
20260805-032512_perlmutter_1067ad0b,hier_compress_lb_union_remotefrac_b8_k4_isolated,isolated,torch,4,8,gemm_ms,0.96128,recorder
20260805-032512_perlmutter_1067ad0b,hier_compress_lb_union_remotefrac_b8_k4_isolated,isolated,torch,4,9,gemm_ms,0.961024,recorder
20260805-032512_perlmutter_1067ad0b,hier_compress_lb_union_remotefrac_b8_k4_isolated,isolated,flux,4,0,e2e_ms,2.285216,recorder
20260805-032512_perlmutter_1067ad0b,hier_compress_lb_union_remotefrac_b8_k4_isolated,isolated,flux,4,1,e2e_ms,2.332128,recorder
20260805-032512_perlmutter_1067ad0b,hier_compress_lb_union_remotefrac_b8_k4_isolated,isolated,flux,4,2,e2e_ms,2.26848,recorder
20260805-032512_perlmutter_1067ad0b,hier_compress_lb_union_remotefrac_b8_k4_isolated,isolated,flux,4,3,e2e_ms,2.262496,recorder
20260805-032512_perlmutter_1067ad0b,hier_compress_lb_union_remotefrac_b8_k4_isolated,isolated,flux,4,4,e2e_ms,2.238624,recorder
20260805-032512_perlmutter_1067ad0b,hier_compress_lb_union_remotefrac_b8_k4_isolated,isolated,flux,4,5,e2e_ms,2.248832,recorder
20260805-032512_perlmutter_1067ad0b,hier_compress_lb_union_remotefrac_b8_k4_isolated,isolated,flux,4,6,e2e_ms,2.31568,recorder
20260805-032512_perlmutter_1067ad0b,hier_compress_lb_union_remotefrac_b8_k4_isolated,isolated,flux,4,7,e2e_ms,2.24144,recorder
20260805-032512_perlmutter_1067ad0b,hier_compress_lb_union_remotefrac_b8_k4_isolated,isolated,flux,4,8,e2e_ms,2.255712,recorder
20260805-032512_perlmutter_1067ad0b,hier_compress_lb_union_remotefrac_b8_k4_isolated,isolated,flux,4,9,e2e_ms,2.251968,recorder
20260805-032512_perlmutter_1067ad0b,hier_compress_lb_union_remotefrac_b8_k4_isolated,isolated,flux,4,0,iso_sync_ms,1.856173,recorder
20260805-032512_perlmutter_1067ad0b,hier_compress_lb_union_remotefrac_b8_k4_isolated,isolated,flux,4,1,iso_sync_ms,1.750388,recorder
20260805-032512_perlmutter_1067ad0b,hier_compress_lb_union_remotefrac_b8_k4_isolated,isolated,flux,4,2,iso_sync_ms,1.806647,recorder
20260805-032512_perlmutter_1067ad0b,hier_compress_lb_union_remotefrac_b8_k4_isolated,isolated,flux,4,3,iso_sync_ms,1.748845,recorder
20260805-032512_perlmutter_1067ad0b,hier_compress_lb_union_remotefrac_b8_k4_isolated,isolated,flux,4,4,iso_sync_ms,1.759786,recorder
20260805-032512_perlmutter_1067ad0b,hier_compress_lb_union_remotefrac_b8_k4_isolated,isolated,flux,4,5,iso_sync_ms,1.750648,recorder
20260805-032512_perlmutter_1067ad0b,hier_compress_lb_union_remotefrac_b8_k4_isolated,isolated,flux,4,6,iso_sync_ms,1.721863,recorder
20260805-032512_perlmutter_1067ad0b,hier_compress_lb_union_remotefrac_b8_k4_isolated,isolated,flux,4,7,iso_sync_ms,1.79289,recorder
20260805-032512_perlmutter_1067ad0b,hier_compress_lb_union_remotefrac_b8_k4_isolated,isolated,flux,4,8,iso_sync_ms,1.734628,recorder
20260805-032512_perlmutter_1067ad0b,hier_compress_lb_union_remotefrac_b8_k4_isolated,isolated,flux,4,9,iso_sync_ms,1.709079,recorder
20260805-032512_perlmutter_1067ad0b,hier_compress_lb_union_remotefrac_b8_k4_isolated,isolated,torch,5,0,comm_ms,1.815776,recorder
20260805-032512_perlmutter_1067ad0b,hier_compress_lb_union_remotefrac_b8_k4_isolated,isolated,torch,5,1,comm_ms,1.779648,recorder
20260805-032512_perlmutter_1067ad0b,hier_compress_lb_union_remotefrac_b8_k4_isolated,isolated,torch,5,2,comm_ms,1.828256,recorder
20260805-032512_perlmutter_1067ad0b,hier_compress_lb_union_remotefrac_b8_k4_isolated,isolated,torch,5,3,comm_ms,1.930176,recorder
20260805-032512_perlmutter_1067ad0b,hier_compress_lb_union_remotefrac_b8_k4_isolated,isolated,torch,5,4,comm_ms,1.67344,recorder
20260805-032512_perlmutter_1067ad0b,hier_compress_lb_union_remotefrac_b8_k4_isolated,isolated,torch,5,5,comm_ms,2.105632,recorder
20260805-032512_perlmutter_1067ad0b,hier_compress_lb_union_remotefrac_b8_k4_isolated,isolated,torch,5,6,comm_ms,1.65632,recorder
20260805-032512_perlmutter_1067ad0b,hier_compress_lb_union_remotefrac_b8_k4_isolated,isolated,torch,5,7,comm_ms,1.759584,recorder
20260805-032512_perlmutter_1067ad0b,hier_compress_lb_union_remotefrac_b8_k4_isolated,isolated,torch,5,8,comm_ms,2.137216,recorder
20260805-032512_perlmutter_1067ad0b,hier_compress_lb_union_remotefrac_b8_k4_isolated,isolated,torch,5,9,comm_ms,1.640672,recorder
20260805-032512_perlmutter_1067ad0b,hier_compress_lb_union_remotefrac_b8_k4_isolated,isolated,torch,5,0,scatter_ms,3.825312,recorder
20260805-032512_perlmutter_1067ad0b,hier_compress_lb_union_remotefrac_b8_k4_isolated,isolated,torch,5,1,scatter_ms,3.828192,recorder
20260805-032512_perlmutter_1067ad0b,hier_compress_lb_union_remotefrac_b8_k4_isolated,isolated,torch,5,2,scatter_ms,3.820544,recorder
20260805-032512_perlmutter_1067ad0b,hier_compress_lb_union_remotefrac_b8_k4_isolated,isolated,torch,5,3,scatter_ms,3.825088,recorder
20260805-032512_perlmutter_1067ad0b,hier_compress_lb_union_remotefrac_b8_k4_isolated,isolated,torch,5,4,scatter_ms,3.827168,recorder
20260805-032512_perlmutter_1067ad0b,hier_compress_lb_union_remotefrac_b8_k4_isolated,isolated,torch,5,5,scatter_ms,3.863552,recorder
20260805-032512_perlmutter_1067ad0b,hier_compress_lb_union_remotefrac_b8_k4_isolated,isolated,torch,5,6,scatter_ms,3.835584,recorder
20260805-032512_perlmutter_1067ad0b,hier_compress_lb_union_remotefrac_b8_k4_isolated,isolated,torch,5,7,scatter_ms,3.839264,recorder
20260805-032512_perlmutter_1067ad0b,hier_compress_lb_union_remotefrac_b8_k4_isolated,isolated,torch,5,8,scatter_ms,3.82784,recorder
20260805-032512_perlmutter_1067ad0b,hier_compress_lb_union_remotefrac_b8_k4_isolated,isolated,torch,5,9,scatter_ms,3.824,recorder
20260805-032512_perlmutter_1067ad0b,hier_compress_lb_union_remotefrac_b8_k4_isolated,isolated,torch,5,0,gemm_ms,0.962272,recorder
20260805-032512_perlmutter_1067ad0b,hier_compress_lb_union_remotefrac_b8_k4_isolated,isolated,torch,5,1,gemm_ms,0.962624,recorder
20260805-032512_perlmutter_1067ad0b,hier_compress_lb_union_remotefrac_b8_k4_isolated,isolated,torch,5,2,gemm_ms,0.962144,recorder
20260805-032512_perlmutter_1067ad0b,hier_compress_lb_union_remotefrac_b8_k4_isolated,isolated,torch,5,3,gemm_ms,0.963232,recorder
20260805-032512_perlmutter_1067ad0b,hier_compress_lb_union_remotefrac_b8_k4_isolated,isolated,torch,5,4,gemm_ms,0.962272,recorder
20260805-032512_perlmutter_1067ad0b,hier_compress_lb_union_remotefrac_b8_k4_isolated,isolated,torch,5,5,gemm_ms,0.962528,recorder
20260805-032512_perlmutter_1067ad0b,hier_compress_lb_union_remotefrac_b8_k4_isolated,isolated,torch,5,6,gemm_ms,0.96336,recorder
20260805-032512_perlmutter_1067ad0b,hier_compress_lb_union_remotefrac_b8_k4_isolated,isolated,torch,5,7,gemm_ms,0.962112,recorder
20260805-032512_perlmutter_1067ad0b,hier_compress_lb_union_remotefrac_b8_k4_isolated,isolated,torch,5,8,gemm_ms,0.961696,recorder
20260805-032512_perlmutter_1067ad0b,hier_compress_lb_union_remotefrac_b8_k4_isolated,isolated,torch,5,9,gemm_ms,0.962336,recorder
20260805-032512_perlmutter_1067ad0b,hier_compress_lb_union_remotefrac_b8_k4_isolated,isolated,flux,5,0,e2e_ms,2.288128,recorder
20260805-032512_perlmutter_1067ad0b,hier_compress_lb_union_remotefrac_b8_k4_isolated,isolated,flux,5,1,e2e_ms,2.332928,recorder
20260805-032512_perlmutter_1067ad0b,hier_compress_lb_union_remotefrac_b8_k4_isolated,isolated,flux,5,2,e2e_ms,2.267008,recorder
20260805-032512_perlmutter_1067ad0b,hier_compress_lb_union_remotefrac_b8_k4_isolated,isolated,flux,5,3,e2e_ms,2.262944,recorder
20260805-032512_perlmutter_1067ad0b,hier_compress_lb_union_remotefrac_b8_k4_isolated,isolated,flux,5,4,e2e_ms,2.24144,recorder
20260805-032512_perlmutter_1067ad0b,hier_compress_lb_union_remotefrac_b8_k4_isolated,isolated,flux,5,5,e2e_ms,2.249216,recorder
20260805-032512_perlmutter_1067ad0b,hier_compress_lb_union_remotefrac_b8_k4_isolated,isolated,flux,5,6,e2e_ms,2.318176,recorder
20260805-032512_perlmutter_1067ad0b,hier_compress_lb_union_remotefrac_b8_k4_isolated,isolated,flux,5,7,e2e_ms,2.243904,recorder
20260805-032512_perlmutter_1067ad0b,hier_compress_lb_union_remotefrac_b8_k4_isolated,isolated,flux,5,8,e2e_ms,2.248096,recorder
20260805-032512_perlmutter_1067ad0b,hier_compress_lb_union_remotefrac_b8_k4_isolated,isolated,flux,5,9,e2e_ms,2.25504,recorder
20260805-032512_perlmutter_1067ad0b,hier_compress_lb_union_remotefrac_b8_k4_isolated,isolated,flux,5,0,iso_sync_ms,1.879397,recorder
20260805-032512_perlmutter_1067ad0b,hier_compress_lb_union_remotefrac_b8_k4_isolated,isolated,flux,5,1,iso_sync_ms,1.759135,recorder
20260805-032512_perlmutter_1067ad0b,hier_compress_lb_union_remotefrac_b8_k4_isolated,isolated,flux,5,2,iso_sync_ms,1.826234,recorder
20260805-032512_perlmutter_1067ad0b,hier_compress_lb_union_remotefrac_b8_k4_isolated,isolated,flux,5,3,iso_sync_ms,1.766779,recorder
20260805-032512_perlmutter_1067ad0b,hier_compress_lb_union_remotefrac_b8_k4_isolated,isolated,flux,5,4,iso_sync_ms,1.768583,recorder
20260805-032512_perlmutter_1067ad0b,hier_compress_lb_union_remotefrac_b8_k4_isolated,isolated,flux,5,5,iso_sync_ms,1.743896,recorder
20260805-032512_perlmutter_1067ad0b,hier_compress_lb_union_remotefrac_b8_k4_isolated,isolated,flux,5,6,iso_sync_ms,1.741902,recorder
20260805-032512_perlmutter_1067ad0b,hier_compress_lb_union_remotefrac_b8_k4_isolated,isolated,flux,5,7,iso_sync_ms,1.799162,recorder
20260805-032512_perlmutter_1067ad0b,hier_compress_lb_union_remotefrac_b8_k4_isolated,isolated,flux,5,8,iso_sync_ms,1.765628,recorder
20260805-032512_perlmutter_1067ad0b,hier_compress_lb_union_remotefrac_b8_k4_isolated,isolated,flux,5,9,iso_sync_ms,1.724087,recorder
20260805-032512_perlmutter_1067ad0b,hier_compress_lb_union_remotefrac_b8_k4_isolated,isolated,torch,6,0,comm_ms,1.896576,recorder
20260805-032512_perlmutter_1067ad0b,hier_compress_lb_union_remotefrac_b8_k4_isolated,isolated,torch,6,1,comm_ms,1.747264,recorder
20260805-032512_perlmutter_1067ad0b,hier_compress_lb_union_remotefrac_b8_k4_isolated,isolated,torch,6,2,comm_ms,1.893344,recorder
20260805-032512_perlmutter_1067ad0b,hier_compress_lb_union_remotefrac_b8_k4_isolated,isolated,torch,6,3,comm_ms,1.876256,recorder
20260805-032512_perlmutter_1067ad0b,hier_compress_lb_union_remotefrac_b8_k4_isolated,isolated,torch,6,4,comm_ms,1.68224,recorder
20260805-032512_perlmutter_1067ad0b,hier_compress_lb_union_remotefrac_b8_k4_isolated,isolated,torch,6,5,comm_ms,1.981376,recorder
20260805-032512_perlmutter_1067ad0b,hier_compress_lb_union_remotefrac_b8_k4_isolated,isolated,torch,6,6,comm_ms,1.804576,recorder
20260805-032512_perlmutter_1067ad0b,hier_compress_lb_union_remotefrac_b8_k4_isolated,isolated,torch,6,7,comm_ms,1.860128,recorder
20260805-032512_perlmutter_1067ad0b,hier_compress_lb_union_remotefrac_b8_k4_isolated,isolated,torch,6,8,comm_ms,1.948576,recorder
20260805-032512_perlmutter_1067ad0b,hier_compress_lb_union_remotefrac_b8_k4_isolated,isolated,torch,6,9,comm_ms,1.812736,recorder
20260805-032512_perlmutter_1067ad0b,hier_compress_lb_union_remotefrac_b8_k4_isolated,isolated,torch,6,0,scatter_ms,3.814496,recorder
20260805-032512_perlmutter_1067ad0b,hier_compress_lb_union_remotefrac_b8_k4_isolated,isolated,torch,6,1,scatter_ms,3.8304,recorder
20260805-032512_perlmutter_1067ad0b,hier_compress_lb_union_remotefrac_b8_k4_isolated,isolated,torch,6,2,scatter_ms,3.80832,recorder
20260805-032512_perlmutter_1067ad0b,hier_compress_lb_union_remotefrac_b8_k4_isolated,isolated,torch,6,3,scatter_ms,3.82384,recorder
20260805-032512_perlmutter_1067ad0b,hier_compress_lb_union_remotefrac_b8_k4_isolated,isolated,torch,6,4,scatter_ms,3.802592,recorder
20260805-032512_perlmutter_1067ad0b,hier_compress_lb_union_remotefrac_b8_k4_isolated,isolated,torch,6,5,scatter_ms,3.835872,recorder
20260805-032512_perlmutter_1067ad0b,hier_compress_lb_union_remotefrac_b8_k4_isolated,isolated,torch,6,6,scatter_ms,3.847008,recorder
20260805-032512_perlmutter_1067ad0b,hier_compress_lb_union_remotefrac_b8_k4_isolated,isolated,torch,6,7,scatter_ms,3.846912,recorder
20260805-032512_perlmutter_1067ad0b,hier_compress_lb_union_remotefrac_b8_k4_isolated,isolated,torch,6,8,scatter_ms,3.791968,recorder
20260805-032512_perlmutter_1067ad0b,hier_compress_lb_union_remotefrac_b8_k4_isolated,isolated,torch,6,9,scatter_ms,3.822624,recorder
20260805-032512_perlmutter_1067ad0b,hier_compress_lb_union_remotefrac_b8_k4_isolated,isolated,torch,6,0,gemm_ms,0.957184,recorder
20260805-032512_perlmutter_1067ad0b,hier_compress_lb_union_remotefrac_b8_k4_isolated,isolated,torch,6,1,gemm_ms,0.95664,recorder
20260805-032512_perlmutter_1067ad0b,hier_compress_lb_union_remotefrac_b8_k4_isolated,isolated,torch,6,2,gemm_ms,0.957568,recorder
20260805-032512_perlmutter_1067ad0b,hier_compress_lb_union_remotefrac_b8_k4_isolated,isolated,torch,6,3,gemm_ms,0.958304,recorder
20260805-032512_perlmutter_1067ad0b,hier_compress_lb_union_remotefrac_b8_k4_isolated,isolated,torch,6,4,gemm_ms,0.957504,recorder
20260805-032512_perlmutter_1067ad0b,hier_compress_lb_union_remotefrac_b8_k4_isolated,isolated,torch,6,5,gemm_ms,0.956512,recorder
20260805-032512_perlmutter_1067ad0b,hier_compress_lb_union_remotefrac_b8_k4_isolated,isolated,torch,6,6,gemm_ms,0.956928,recorder
20260805-032512_perlmutter_1067ad0b,hier_compress_lb_union_remotefrac_b8_k4_isolated,isolated,torch,6,7,gemm_ms,0.948288,recorder
20260805-032512_perlmutter_1067ad0b,hier_compress_lb_union_remotefrac_b8_k4_isolated,isolated,torch,6,8,gemm_ms,0.947232,recorder
20260805-032512_perlmutter_1067ad0b,hier_compress_lb_union_remotefrac_b8_k4_isolated,isolated,torch,6,9,gemm_ms,0.94752,recorder
20260805-032512_perlmutter_1067ad0b,hier_compress_lb_union_remotefrac_b8_k4_isolated,isolated,flux,6,0,e2e_ms,2.290016,recorder
20260805-032512_perlmutter_1067ad0b,hier_compress_lb_union_remotefrac_b8_k4_isolated,isolated,flux,6,1,e2e_ms,2.338464,recorder
20260805-032512_perlmutter_1067ad0b,hier_compress_lb_union_remotefrac_b8_k4_isolated,isolated,flux,6,2,e2e_ms,2.270816,recorder
20260805-032512_perlmutter_1067ad0b,hier_compress_lb_union_remotefrac_b8_k4_isolated,isolated,flux,6,3,e2e_ms,2.263072,recorder
20260805-032512_perlmutter_1067ad0b,hier_compress_lb_union_remotefrac_b8_k4_isolated,isolated,flux,6,4,e2e_ms,2.242688,recorder
20260805-032512_perlmutter_1067ad0b,hier_compress_lb_union_remotefrac_b8_k4_isolated,isolated,flux,6,5,e2e_ms,2.252032,recorder
20260805-032512_perlmutter_1067ad0b,hier_compress_lb_union_remotefrac_b8_k4_isolated,isolated,flux,6,6,e2e_ms,2.321248,recorder
20260805-032512_perlmutter_1067ad0b,hier_compress_lb_union_remotefrac_b8_k4_isolated,isolated,flux,6,7,e2e_ms,2.245408,recorder
20260805-032512_perlmutter_1067ad0b,hier_compress_lb_union_remotefrac_b8_k4_isolated,isolated,flux,6,8,e2e_ms,2.259072,recorder
20260805-032512_perlmutter_1067ad0b,hier_compress_lb_union_remotefrac_b8_k4_isolated,isolated,flux,6,9,e2e_ms,2.258176,recorder
20260805-032512_perlmutter_1067ad0b,hier_compress_lb_union_remotefrac_b8_k4_isolated,isolated,flux,6,0,iso_sync_ms,1.825012,recorder
20260805-032512_perlmutter_1067ad0b,hier_compress_lb_union_remotefrac_b8_k4_isolated,isolated,flux,6,1,iso_sync_ms,1.758143,recorder
20260805-032512_perlmutter_1067ad0b,hier_compress_lb_union_remotefrac_b8_k4_isolated,isolated,flux,6,2,iso_sync_ms,1.794443,recorder
20260805-032512_perlmutter_1067ad0b,hier_compress_lb_union_remotefrac_b8_k4_isolated,isolated,flux,6,3,iso_sync_ms,1.73053,recorder
20260805-032512_perlmutter_1067ad0b,hier_compress_lb_union_remotefrac_b8_k4_isolated,isolated,flux,6,4,iso_sync_ms,1.755719,recorder
20260805-032512_perlmutter_1067ad0b,hier_compress_lb_union_remotefrac_b8_k4_isolated,isolated,flux,6,5,iso_sync_ms,1.745548,recorder
20260805-032512_perlmutter_1067ad0b,hier_compress_lb_union_remotefrac_b8_k4_isolated,isolated,flux,6,6,iso_sync_ms,1.699159,recorder
20260805-032512_perlmutter_1067ad0b,hier_compress_lb_union_remotefrac_b8_k4_isolated,isolated,flux,6,7,iso_sync_ms,1.759185,recorder
20260805-032512_perlmutter_1067ad0b,hier_compress_lb_union_remotefrac_b8_k4_isolated,isolated,flux,6,8,iso_sync_ms,1.7362,recorder
20260805-032512_perlmutter_1067ad0b,hier_compress_lb_union_remotefrac_b8_k4_isolated,isolated,flux,6,9,iso_sync_ms,1.713627,recorder
20260805-032512_perlmutter_1067ad0b,hier_compress_lb_union_remotefrac_b8_k4_isolated,isolated,torch,7,0,comm_ms,1.919808,recorder
20260805-032512_perlmutter_1067ad0b,hier_compress_lb_union_remotefrac_b8_k4_isolated,isolated,torch,7,1,comm_ms,1.704704,recorder
20260805-032512_perlmutter_1067ad0b,hier_compress_lb_union_remotefrac_b8_k4_isolated,isolated,torch,7,2,comm_ms,1.975712,recorder
20260805-032512_perlmutter_1067ad0b,hier_compress_lb_union_remotefrac_b8_k4_isolated,isolated,torch,7,3,comm_ms,1.804256,recorder
20260805-032512_perlmutter_1067ad0b,hier_compress_lb_union_remotefrac_b8_k4_isolated,isolated,torch,7,4,comm_ms,1.661024,recorder
20260805-032512_perlmutter_1067ad0b,hier_compress_lb_union_remotefrac_b8_k4_isolated,isolated,torch,7,5,comm_ms,1.918432,recorder
20260805-032512_perlmutter_1067ad0b,hier_compress_lb_union_remotefrac_b8_k4_isolated,isolated,torch,7,6,comm_ms,1.746624,recorder
20260805-032512_perlmutter_1067ad0b,hier_compress_lb_union_remotefrac_b8_k4_isolated,isolated,torch,7,7,comm_ms,1.84304,recorder
20260805-032512_perlmutter_1067ad0b,hier_compress_lb_union_remotefrac_b8_k4_isolated,isolated,torch,7,8,comm_ms,2.037152,recorder
20260805-032512_perlmutter_1067ad0b,hier_compress_lb_union_remotefrac_b8_k4_isolated,isolated,torch,7,9,comm_ms,1.711872,recorder
20260805-032512_perlmutter_1067ad0b,hier_compress_lb_union_remotefrac_b8_k4_isolated,isolated,torch,7,0,scatter_ms,3.828736,recorder
20260805-032512_perlmutter_1067ad0b,hier_compress_lb_union_remotefrac_b8_k4_isolated,isolated,torch,7,1,scatter_ms,3.84672,recorder
20260805-032512_perlmutter_1067ad0b,hier_compress_lb_union_remotefrac_b8_k4_isolated,isolated,torch,7,2,scatter_ms,3.830176,recorder
20260805-032512_perlmutter_1067ad0b,hier_compress_lb_union_remotefrac_b8_k4_isolated,isolated,torch,7,3,scatter_ms,3.818912,recorder
20260805-032512_perlmutter_1067ad0b,hier_compress_lb_union_remotefrac_b8_k4_isolated,isolated,torch,7,4,scatter_ms,3.927968,recorder
20260805-032512_perlmutter_1067ad0b,hier_compress_lb_union_remotefrac_b8_k4_isolated,isolated,torch,7,5,scatter_ms,3.823072,recorder
20260805-032512_perlmutter_1067ad0b,hier_compress_lb_union_remotefrac_b8_k4_isolated,isolated,torch,7,6,scatter_ms,3.829632,recorder
20260805-032512_perlmutter_1067ad0b,hier_compress_lb_union_remotefrac_b8_k4_isolated,isolated,torch,7,7,scatter_ms,3.816992,recorder
20260805-032512_perlmutter_1067ad0b,hier_compress_lb_union_remotefrac_b8_k4_isolated,isolated,torch,7,8,scatter_ms,3.836608,recorder
20260805-032512_perlmutter_1067ad0b,hier_compress_lb_union_remotefrac_b8_k4_isolated,isolated,torch,7,9,scatter_ms,3.811232,recorder
20260805-032512_perlmutter_1067ad0b,hier_compress_lb_union_remotefrac_b8_k4_isolated,isolated,torch,7,0,gemm_ms,0.964768,recorder
20260805-032512_perlmutter_1067ad0b,hier_compress_lb_union_remotefrac_b8_k4_isolated,isolated,torch,7,1,gemm_ms,0.9648,recorder
20260805-032512_perlmutter_1067ad0b,hier_compress_lb_union_remotefrac_b8_k4_isolated,isolated,torch,7,2,gemm_ms,0.964672,recorder
20260805-032512_perlmutter_1067ad0b,hier_compress_lb_union_remotefrac_b8_k4_isolated,isolated,torch,7,3,gemm_ms,0.964224,recorder
20260805-032512_perlmutter_1067ad0b,hier_compress_lb_union_remotefrac_b8_k4_isolated,isolated,torch,7,4,gemm_ms,0.96384,recorder
20260805-032512_perlmutter_1067ad0b,hier_compress_lb_union_remotefrac_b8_k4_isolated,isolated,torch,7,5,gemm_ms,0.964032,recorder
20260805-032512_perlmutter_1067ad0b,hier_compress_lb_union_remotefrac_b8_k4_isolated,isolated,torch,7,6,gemm_ms,0.964032,recorder
20260805-032512_perlmutter_1067ad0b,hier_compress_lb_union_remotefrac_b8_k4_isolated,isolated,torch,7,7,gemm_ms,0.965312,recorder
20260805-032512_perlmutter_1067ad0b,hier_compress_lb_union_remotefrac_b8_k4_isolated,isolated,torch,7,8,gemm_ms,0.96368,recorder
20260805-032512_perlmutter_1067ad0b,hier_compress_lb_union_remotefrac_b8_k4_isolated,isolated,torch,7,9,gemm_ms,0.965344,recorder
20260805-032512_perlmutter_1067ad0b,hier_compress_lb_union_remotefrac_b8_k4_isolated,isolated,flux,7,0,e2e_ms,2.211104,recorder
20260805-032512_perlmutter_1067ad0b,hier_compress_lb_union_remotefrac_b8_k4_isolated,isolated,flux,7,1,e2e_ms,2.18336,recorder
20260805-032512_perlmutter_1067ad0b,hier_compress_lb_union_remotefrac_b8_k4_isolated,isolated,flux,7,2,e2e_ms,2.2128,recorder
20260805-032512_perlmutter_1067ad0b,hier_compress_lb_union_remotefrac_b8_k4_isolated,isolated,flux,7,3,e2e_ms,2.241984,recorder
20260805-032512_perlmutter_1067ad0b,hier_compress_lb_union_remotefrac_b8_k4_isolated,isolated,flux,7,4,e2e_ms,2.208288,recorder
20260805-032512_perlmutter_1067ad0b,hier_compress_lb_union_remotefrac_b8_k4_isolated,isolated,flux,7,5,e2e_ms,2.174176,recorder
20260805-032512_perlmutter_1067ad0b,hier_compress_lb_union_remotefrac_b8_k4_isolated,isolated,flux,7,6,e2e_ms,2.182016,recorder
20260805-032512_perlmutter_1067ad0b,hier_compress_lb_union_remotefrac_b8_k4_isolated,isolated,flux,7,7,e2e_ms,2.181632,recorder
20260805-032512_perlmutter_1067ad0b,hier_compress_lb_union_remotefrac_b8_k4_isolated,isolated,flux,7,8,e2e_ms,2.23232,recorder
20260805-032512_perlmutter_1067ad0b,hier_compress_lb_union_remotefrac_b8_k4_isolated,isolated,flux,7,9,e2e_ms,2.170816,recorder
20260805-032512_perlmutter_1067ad0b,hier_compress_lb_union_remotefrac_b8_k4_isolated,isolated,flux,7,0,iso_sync_ms,1.849339,recorder
20260805-032512_perlmutter_1067ad0b,hier_compress_lb_union_remotefrac_b8_k4_isolated,isolated,flux,7,1,iso_sync_ms,1.780005,recorder
20260805-032512_perlmutter_1067ad0b,hier_compress_lb_union_remotefrac_b8_k4_isolated,isolated,flux,7,2,iso_sync_ms,1.821486,recorder
20260805-032512_perlmutter_1067ad0b,hier_compress_lb_union_remotefrac_b8_k4_isolated,isolated,flux,7,3,iso_sync_ms,1.75671,recorder
20260805-032512_perlmutter_1067ad0b,hier_compress_lb_union_remotefrac_b8_k4_isolated,isolated,flux,7,4,iso_sync_ms,1.769736,recorder
20260805-032512_perlmutter_1067ad0b,hier_compress_lb_union_remotefrac_b8_k4_isolated,isolated,flux,7,5,iso_sync_ms,1.776228,recorder
20260805-032512_perlmutter_1067ad0b,hier_compress_lb_union_remotefrac_b8_k4_isolated,isolated,flux,7,6,iso_sync_ms,1.736651,recorder
20260805-032512_perlmutter_1067ad0b,hier_compress_lb_union_remotefrac_b8_k4_isolated,isolated,flux,7,7,iso_sync_ms,1.783943,recorder
20260805-032512_perlmutter_1067ad0b,hier_compress_lb_union_remotefrac_b8_k4_isolated,isolated,flux,7,8,iso_sync_ms,1.762341,recorder
20260805-032512_perlmutter_1067ad0b,hier_compress_lb_union_remotefrac_b8_k4_isolated,isolated,flux,7,9,iso_sync_ms,1.726101,recorder
20260805-032512_perlmutter_1067ad0b,hier_compress_lb_union_remotefrac_b8_k4_isolated,isolated,torch,8,0,comm_ms,2.070336,recorder
20260805-032512_perlmutter_1067ad0b,hier_compress_lb_union_remotefrac_b8_k4_isolated,isolated,torch,8,1,comm_ms,1.62864,recorder
20260805-032512_perlmutter_1067ad0b,hier_compress_lb_union_remotefrac_b8_k4_isolated,isolated,torch,8,2,comm_ms,1.850496,recorder
20260805-032512_perlmutter_1067ad0b,hier_compress_lb_union_remotefrac_b8_k4_isolated,isolated,torch,8,3,comm_ms,2.027264,recorder
20260805-032512_perlmutter_1067ad0b,hier_compress_lb_union_remotefrac_b8_k4_isolated,isolated,torch,8,4,comm_ms,1.717696,recorder
20260805-032512_perlmutter_1067ad0b,hier_compress_lb_union_remotefrac_b8_k4_isolated,isolated,torch,8,5,comm_ms,1.780448,recorder
20260805-032512_perlmutter_1067ad0b,hier_compress_lb_union_remotefrac_b8_k4_isolated,isolated,torch,8,6,comm_ms,1.88512,recorder
20260805-032512_perlmutter_1067ad0b,hier_compress_lb_union_remotefrac_b8_k4_isolated,isolated,torch,8,7,comm_ms,1.784384,recorder
20260805-032512_perlmutter_1067ad0b,hier_compress_lb_union_remotefrac_b8_k4_isolated,isolated,torch,8,8,comm_ms,1.952064,recorder
20260805-032512_perlmutter_1067ad0b,hier_compress_lb_union_remotefrac_b8_k4_isolated,isolated,torch,8,9,comm_ms,1.817152,recorder
20260805-032512_perlmutter_1067ad0b,hier_compress_lb_union_remotefrac_b8_k4_isolated,isolated,torch,8,0,scatter_ms,3.8136,recorder
20260805-032512_perlmutter_1067ad0b,hier_compress_lb_union_remotefrac_b8_k4_isolated,isolated,torch,8,1,scatter_ms,3.84032,recorder
20260805-032512_perlmutter_1067ad0b,hier_compress_lb_union_remotefrac_b8_k4_isolated,isolated,torch,8,2,scatter_ms,3.814016,recorder
20260805-032512_perlmutter_1067ad0b,hier_compress_lb_union_remotefrac_b8_k4_isolated,isolated,torch,8,3,scatter_ms,3.831648,recorder
20260805-032512_perlmutter_1067ad0b,hier_compress_lb_union_remotefrac_b8_k4_isolated,isolated,torch,8,4,scatter_ms,3.833184,recorder
20260805-032512_perlmutter_1067ad0b,hier_compress_lb_union_remotefrac_b8_k4_isolated,isolated,torch,8,5,scatter_ms,3.8264,recorder
20260805-032512_perlmutter_1067ad0b,hier_compress_lb_union_remotefrac_b8_k4_isolated,isolated,torch,8,6,scatter_ms,3.812544,recorder
20260805-032512_perlmutter_1067ad0b,hier_compress_lb_union_remotefrac_b8_k4_isolated,isolated,torch,8,7,scatter_ms,3.81248,recorder
20260805-032512_perlmutter_1067ad0b,hier_compress_lb_union_remotefrac_b8_k4_isolated,isolated,torch,8,8,scatter_ms,3.913984,recorder
20260805-032512_perlmutter_1067ad0b,hier_compress_lb_union_remotefrac_b8_k4_isolated,isolated,torch,8,9,scatter_ms,3.817376,recorder
20260805-032512_perlmutter_1067ad0b,hier_compress_lb_union_remotefrac_b8_k4_isolated,isolated,torch,8,0,gemm_ms,0.96208,recorder
20260805-032512_perlmutter_1067ad0b,hier_compress_lb_union_remotefrac_b8_k4_isolated,isolated,torch,8,1,gemm_ms,0.962816,recorder
20260805-032512_perlmutter_1067ad0b,hier_compress_lb_union_remotefrac_b8_k4_isolated,isolated,torch,8,2,gemm_ms,0.962336,recorder
20260805-032512_perlmutter_1067ad0b,hier_compress_lb_union_remotefrac_b8_k4_isolated,isolated,torch,8,3,gemm_ms,0.96448,recorder
20260805-032512_perlmutter_1067ad0b,hier_compress_lb_union_remotefrac_b8_k4_isolated,isolated,torch,8,4,gemm_ms,0.962848,recorder
20260805-032512_perlmutter_1067ad0b,hier_compress_lb_union_remotefrac_b8_k4_isolated,isolated,torch,8,5,gemm_ms,0.962592,recorder
20260805-032512_perlmutter_1067ad0b,hier_compress_lb_union_remotefrac_b8_k4_isolated,isolated,torch,8,6,gemm_ms,0.962656,recorder
20260805-032512_perlmutter_1067ad0b,hier_compress_lb_union_remotefrac_b8_k4_isolated,isolated,torch,8,7,gemm_ms,0.963584,recorder
20260805-032512_perlmutter_1067ad0b,hier_compress_lb_union_remotefrac_b8_k4_isolated,isolated,torch,8,8,gemm_ms,0.963936,recorder
20260805-032512_perlmutter_1067ad0b,hier_compress_lb_union_remotefrac_b8_k4_isolated,isolated,torch,8,9,gemm_ms,0.962976,recorder
20260805-032512_perlmutter_1067ad0b,hier_compress_lb_union_remotefrac_b8_k4_isolated,isolated,flux,8,0,e2e_ms,2.238112,recorder
20260805-032512_perlmutter_1067ad0b,hier_compress_lb_union_remotefrac_b8_k4_isolated,isolated,flux,8,1,e2e_ms,2.228736,recorder
20260805-032512_perlmutter_1067ad0b,hier_compress_lb_union_remotefrac_b8_k4_isolated,isolated,flux,8,2,e2e_ms,2.222688,recorder
20260805-032512_perlmutter_1067ad0b,hier_compress_lb_union_remotefrac_b8_k4_isolated,isolated,flux,8,3,e2e_ms,2.24912,recorder
20260805-032512_perlmutter_1067ad0b,hier_compress_lb_union_remotefrac_b8_k4_isolated,isolated,flux,8,4,e2e_ms,2.220576,recorder
20260805-032512_perlmutter_1067ad0b,hier_compress_lb_union_remotefrac_b8_k4_isolated,isolated,flux,8,5,e2e_ms,2.189696,recorder
20260805-032512_perlmutter_1067ad0b,hier_compress_lb_union_remotefrac_b8_k4_isolated,isolated,flux,8,6,e2e_ms,2.213632,recorder
20260805-032512_perlmutter_1067ad0b,hier_compress_lb_union_remotefrac_b8_k4_isolated,isolated,flux,8,7,e2e_ms,2.196672,recorder
20260805-032512_perlmutter_1067ad0b,hier_compress_lb_union_remotefrac_b8_k4_isolated,isolated,flux,8,8,e2e_ms,2.245536,recorder
20260805-032512_perlmutter_1067ad0b,hier_compress_lb_union_remotefrac_b8_k4_isolated,isolated,flux,8,9,e2e_ms,2.184544,recorder
20260805-032512_perlmutter_1067ad0b,hier_compress_lb_union_remotefrac_b8_k4_isolated,isolated,flux,8,0,iso_sync_ms,1.843949,recorder
20260805-032512_perlmutter_1067ad0b,hier_compress_lb_union_remotefrac_b8_k4_isolated,isolated,flux,8,1,iso_sync_ms,1.797761,recorder
20260805-032512_perlmutter_1067ad0b,hier_compress_lb_union_remotefrac_b8_k4_isolated,isolated,flux,8,2,iso_sync_ms,1.806006,recorder
20260805-032512_perlmutter_1067ad0b,hier_compress_lb_union_remotefrac_b8_k4_isolated,isolated,flux,8,3,iso_sync_ms,1.752393,recorder
20260805-032512_perlmutter_1067ad0b,hier_compress_lb_union_remotefrac_b8_k4_isolated,isolated,flux,8,4,iso_sync_ms,1.746492,recorder
20260805-032512_perlmutter_1067ad0b,hier_compress_lb_union_remotefrac_b8_k4_isolated,isolated,flux,8,5,iso_sync_ms,1.734778,recorder
20260805-032512_perlmutter_1067ad0b,hier_compress_lb_union_remotefrac_b8_k4_isolated,isolated,flux,8,6,iso_sync_ms,1.726041,recorder
20260805-032512_perlmutter_1067ad0b,hier_compress_lb_union_remotefrac_b8_k4_isolated,isolated,flux,8,7,iso_sync_ms,1.798231,recorder
20260805-032512_perlmutter_1067ad0b,hier_compress_lb_union_remotefrac_b8_k4_isolated,isolated,flux,8,8,iso_sync_ms,1.720351,recorder
20260805-032512_perlmutter_1067ad0b,hier_compress_lb_union_remotefrac_b8_k4_isolated,isolated,flux,8,9,iso_sync_ms,1.760227,recorder
20260805-032512_perlmutter_1067ad0b,hier_compress_lb_union_remotefrac_b8_k4_isolated,isolated,torch,9,0,comm_ms,2.08592,recorder
20260805-032512_perlmutter_1067ad0b,hier_compress_lb_union_remotefrac_b8_k4_isolated,isolated,torch,9,1,comm_ms,1.547968,recorder
20260805-032512_perlmutter_1067ad0b,hier_compress_lb_union_remotefrac_b8_k4_isolated,isolated,torch,9,2,comm_ms,1.819872,recorder
20260805-032512_perlmutter_1067ad0b,hier_compress_lb_union_remotefrac_b8_k4_isolated,isolated,torch,9,3,comm_ms,2.124096,recorder
20260805-032512_perlmutter_1067ad0b,hier_compress_lb_union_remotefrac_b8_k4_isolated,isolated,torch,9,4,comm_ms,1.629248,recorder
20260805-032512_perlmutter_1067ad0b,hier_compress_lb_union_remotefrac_b8_k4_isolated,isolated,torch,9,5,comm_ms,1.714464,recorder
20260805-032512_perlmutter_1067ad0b,hier_compress_lb_union_remotefrac_b8_k4_isolated,isolated,torch,9,6,comm_ms,2.024416,recorder
20260805-032512_perlmutter_1067ad0b,hier_compress_lb_union_remotefrac_b8_k4_isolated,isolated,torch,9,7,comm_ms,1.826976,recorder
20260805-032512_perlmutter_1067ad0b,hier_compress_lb_union_remotefrac_b8_k4_isolated,isolated,torch,9,8,comm_ms,1.778624,recorder
20260805-032512_perlmutter_1067ad0b,hier_compress_lb_union_remotefrac_b8_k4_isolated,isolated,torch,9,9,comm_ms,2.017632,recorder
20260805-032512_perlmutter_1067ad0b,hier_compress_lb_union_remotefrac_b8_k4_isolated,isolated,torch,9,0,scatter_ms,3.865984,recorder
20260805-032512_perlmutter_1067ad0b,hier_compress_lb_union_remotefrac_b8_k4_isolated,isolated,torch,9,1,scatter_ms,3.813568,recorder
20260805-032512_perlmutter_1067ad0b,hier_compress_lb_union_remotefrac_b8_k4_isolated,isolated,torch,9,2,scatter_ms,3.835776,recorder
20260805-032512_perlmutter_1067ad0b,hier_compress_lb_union_remotefrac_b8_k4_isolated,isolated,torch,9,3,scatter_ms,3.821888,recorder
20260805-032512_perlmutter_1067ad0b,hier_compress_lb_union_remotefrac_b8_k4_isolated,isolated,torch,9,4,scatter_ms,3.819904,recorder
20260805-032512_perlmutter_1067ad0b,hier_compress_lb_union_remotefrac_b8_k4_isolated,isolated,torch,9,5,scatter_ms,3.818208,recorder
20260805-032512_perlmutter_1067ad0b,hier_compress_lb_union_remotefrac_b8_k4_isolated,isolated,torch,9,6,scatter_ms,3.810688,recorder
20260805-032512_perlmutter_1067ad0b,hier_compress_lb_union_remotefrac_b8_k4_isolated,isolated,torch,9,7,scatter_ms,3.84016,recorder
20260805-032512_perlmutter_1067ad0b,hier_compress_lb_union_remotefrac_b8_k4_isolated,isolated,torch,9,8,scatter_ms,3.818496,recorder
20260805-032512_perlmutter_1067ad0b,hier_compress_lb_union_remotefrac_b8_k4_isolated,isolated,torch,9,9,scatter_ms,3.82784,recorder
20260805-032512_perlmutter_1067ad0b,hier_compress_lb_union_remotefrac_b8_k4_isolated,isolated,torch,9,0,gemm_ms,0.962624,recorder
20260805-032512_perlmutter_1067ad0b,hier_compress_lb_union_remotefrac_b8_k4_isolated,isolated,torch,9,1,gemm_ms,0.962496,recorder
20260805-032512_perlmutter_1067ad0b,hier_compress_lb_union_remotefrac_b8_k4_isolated,isolated,torch,9,2,gemm_ms,0.962336,recorder
20260805-032512_perlmutter_1067ad0b,hier_compress_lb_union_remotefrac_b8_k4_isolated,isolated,torch,9,3,gemm_ms,0.961376,recorder
20260805-032512_perlmutter_1067ad0b,hier_compress_lb_union_remotefrac_b8_k4_isolated,isolated,torch,9,4,gemm_ms,0.961472,recorder
20260805-032512_perlmutter_1067ad0b,hier_compress_lb_union_remotefrac_b8_k4_isolated,isolated,torch,9,5,gemm_ms,0.96048,recorder
20260805-032512_perlmutter_1067ad0b,hier_compress_lb_union_remotefrac_b8_k4_isolated,isolated,torch,9,6,gemm_ms,0.961408,recorder
20260805-032512_perlmutter_1067ad0b,hier_compress_lb_union_remotefrac_b8_k4_isolated,isolated,torch,9,7,gemm_ms,0.963744,recorder
20260805-032512_perlmutter_1067ad0b,hier_compress_lb_union_remotefrac_b8_k4_isolated,isolated,torch,9,8,gemm_ms,0.960608,recorder
20260805-032512_perlmutter_1067ad0b,hier_compress_lb_union_remotefrac_b8_k4_isolated,isolated,torch,9,9,gemm_ms,0.96096,recorder
20260805-032512_perlmutter_1067ad0b,hier_compress_lb_union_remotefrac_b8_k4_isolated,isolated,flux,9,0,e2e_ms,2.244256,recorder
20260805-032512_perlmutter_1067ad0b,hier_compress_lb_union_remotefrac_b8_k4_isolated,isolated,flux,9,1,e2e_ms,2.259456,recorder
20260805-032512_perlmutter_1067ad0b,hier_compress_lb_union_remotefrac_b8_k4_isolated,isolated,flux,9,2,e2e_ms,2.226976,recorder
20260805-032512_perlmutter_1067ad0b,hier_compress_lb_union_remotefrac_b8_k4_isolated,isolated,flux,9,3,e2e_ms,2.247136,recorder
20260805-032512_perlmutter_1067ad0b,hier_compress_lb_union_remotefrac_b8_k4_isolated,isolated,flux,9,4,e2e_ms,2.219424,recorder
20260805-032512_perlmutter_1067ad0b,hier_compress_lb_union_remotefrac_b8_k4_isolated,isolated,flux,9,5,e2e_ms,2.189536,recorder
20260805-032512_perlmutter_1067ad0b,hier_compress_lb_union_remotefrac_b8_k4_isolated,isolated,flux,9,6,e2e_ms,2.24464,recorder
20260805-032512_perlmutter_1067ad0b,hier_compress_lb_union_remotefrac_b8_k4_isolated,isolated,flux,9,7,e2e_ms,2.190016,recorder
20260805-032512_perlmutter_1067ad0b,hier_compress_lb_union_remotefrac_b8_k4_isolated,isolated,flux,9,8,e2e_ms,2.23872,recorder
20260805-032512_perlmutter_1067ad0b,hier_compress_lb_union_remotefrac_b8_k4_isolated,isolated,flux,9,9,e2e_ms,2.185472,recorder
20260805-032512_perlmutter_1067ad0b,hier_compress_lb_union_remotefrac_b8_k4_isolated,isolated,flux,9,0,iso_sync_ms,1.842577,recorder
20260805-032512_perlmutter_1067ad0b,hier_compress_lb_union_remotefrac_b8_k4_isolated,isolated,flux,9,1,iso_sync_ms,1.803751,recorder
20260805-032512_perlmutter_1067ad0b,hier_compress_lb_union_remotefrac_b8_k4_isolated,isolated,flux,9,2,iso_sync_ms,1.8084,recorder
20260805-032512_perlmutter_1067ad0b,hier_compress_lb_union_remotefrac_b8_k4_isolated,isolated,flux,9,3,iso_sync_ms,1.770758,recorder
20260805-032512_perlmutter_1067ad0b,hier_compress_lb_union_remotefrac_b8_k4_isolated,isolated,flux,9,4,iso_sync_ms,1.786117,recorder
20260805-032512_perlmutter_1067ad0b,hier_compress_lb_union_remotefrac_b8_k4_isolated,isolated,flux,9,5,iso_sync_ms,1.752623,recorder
20260805-032512_perlmutter_1067ad0b,hier_compress_lb_union_remotefrac_b8_k4_isolated,isolated,flux,9,6,iso_sync_ms,1.720691,recorder
20260805-032512_perlmutter_1067ad0b,hier_compress_lb_union_remotefrac_b8_k4_isolated,isolated,flux,9,7,iso_sync_ms,1.816647,recorder
20260805-032512_perlmutter_1067ad0b,hier_compress_lb_union_remotefrac_b8_k4_isolated,isolated,flux,9,8,iso_sync_ms,1.758615,recorder
20260805-032512_perlmutter_1067ad0b,hier_compress_lb_union_remotefrac_b8_k4_isolated,isolated,flux,9,9,iso_sync_ms,1.791248,recorder
20260805-032512_perlmutter_1067ad0b,hier_compress_lb_union_remotefrac_b8_k4_isolated,isolated,torch,10,0,comm_ms,2.070272,recorder
20260805-032512_perlmutter_1067ad0b,hier_compress_lb_union_remotefrac_b8_k4_isolated,isolated,torch,10,1,comm_ms,1.675136,recorder
20260805-032512_perlmutter_1067ad0b,hier_compress_lb_union_remotefrac_b8_k4_isolated,isolated,torch,10,2,comm_ms,1.6536,recorder
20260805-032512_perlmutter_1067ad0b,hier_compress_lb_union_remotefrac_b8_k4_isolated,isolated,torch,10,3,comm_ms,1.991552,recorder
20260805-032512_perlmutter_1067ad0b,hier_compress_lb_union_remotefrac_b8_k4_isolated,isolated,torch,10,4,comm_ms,1.860672,recorder
20260805-032512_perlmutter_1067ad0b,hier_compress_lb_union_remotefrac_b8_k4_isolated,isolated,torch,10,5,comm_ms,1.841632,recorder
20260805-032512_perlmutter_1067ad0b,hier_compress_lb_union_remotefrac_b8_k4_isolated,isolated,torch,10,6,comm_ms,1.899488,recorder
20260805-032512_perlmutter_1067ad0b,hier_compress_lb_union_remotefrac_b8_k4_isolated,isolated,torch,10,7,comm_ms,1.81936,recorder
20260805-032512_perlmutter_1067ad0b,hier_compress_lb_union_remotefrac_b8_k4_isolated,isolated,torch,10,8,comm_ms,1.892672,recorder
20260805-032512_perlmutter_1067ad0b,hier_compress_lb_union_remotefrac_b8_k4_isolated,isolated,torch,10,9,comm_ms,1.911072,recorder
20260805-032512_perlmutter_1067ad0b,hier_compress_lb_union_remotefrac_b8_k4_isolated,isolated,torch,10,0,scatter_ms,3.824256,recorder
20260805-032512_perlmutter_1067ad0b,hier_compress_lb_union_remotefrac_b8_k4_isolated,isolated,torch,10,1,scatter_ms,3.8368,recorder
20260805-032512_perlmutter_1067ad0b,hier_compress_lb_union_remotefrac_b8_k4_isolated,isolated,torch,10,2,scatter_ms,3.84192,recorder
20260805-032512_perlmutter_1067ad0b,hier_compress_lb_union_remotefrac_b8_k4_isolated,isolated,torch,10,3,scatter_ms,3.815776,recorder
20260805-032512_perlmutter_1067ad0b,hier_compress_lb_union_remotefrac_b8_k4_isolated,isolated,torch,10,4,scatter_ms,3.835424,recorder
20260805-032512_perlmutter_1067ad0b,hier_compress_lb_union_remotefrac_b8_k4_isolated,isolated,torch,10,5,scatter_ms,3.814496,recorder
20260805-032512_perlmutter_1067ad0b,hier_compress_lb_union_remotefrac_b8_k4_isolated,isolated,torch,10,6,scatter_ms,3.81456,recorder
20260805-032512_perlmutter_1067ad0b,hier_compress_lb_union_remotefrac_b8_k4_isolated,isolated,torch,10,7,scatter_ms,3.844,recorder
20260805-032512_perlmutter_1067ad0b,hier_compress_lb_union_remotefrac_b8_k4_isolated,isolated,torch,10,8,scatter_ms,3.827072,recorder
20260805-032512_perlmutter_1067ad0b,hier_compress_lb_union_remotefrac_b8_k4_isolated,isolated,torch,10,9,scatter_ms,3.82928,recorder
20260805-032512_perlmutter_1067ad0b,hier_compress_lb_union_remotefrac_b8_k4_isolated,isolated,torch,10,0,gemm_ms,0.955168,recorder
20260805-032512_perlmutter_1067ad0b,hier_compress_lb_union_remotefrac_b8_k4_isolated,isolated,torch,10,1,gemm_ms,0.955904,recorder
20260805-032512_perlmutter_1067ad0b,hier_compress_lb_union_remotefrac_b8_k4_isolated,isolated,torch,10,2,gemm_ms,0.954848,recorder
20260805-032512_perlmutter_1067ad0b,hier_compress_lb_union_remotefrac_b8_k4_isolated,isolated,torch,10,3,gemm_ms,0.956096,recorder
20260805-032512_perlmutter_1067ad0b,hier_compress_lb_union_remotefrac_b8_k4_isolated,isolated,torch,10,4,gemm_ms,0.95648,recorder
20260805-032512_perlmutter_1067ad0b,hier_compress_lb_union_remotefrac_b8_k4_isolated,isolated,torch,10,5,gemm_ms,0.957344,recorder
20260805-032512_perlmutter_1067ad0b,hier_compress_lb_union_remotefrac_b8_k4_isolated,isolated,torch,10,6,gemm_ms,0.957408,recorder
20260805-032512_perlmutter_1067ad0b,hier_compress_lb_union_remotefrac_b8_k4_isolated,isolated,torch,10,7,gemm_ms,0.958112,recorder
20260805-032512_perlmutter_1067ad0b,hier_compress_lb_union_remotefrac_b8_k4_isolated,isolated,torch,10,8,gemm_ms,0.956704,recorder
20260805-032512_perlmutter_1067ad0b,hier_compress_lb_union_remotefrac_b8_k4_isolated,isolated,torch,10,9,gemm_ms,0.957728,recorder
20260805-032512_perlmutter_1067ad0b,hier_compress_lb_union_remotefrac_b8_k4_isolated,isolated,flux,10,0,e2e_ms,2.261216,recorder
20260805-032512_perlmutter_1067ad0b,hier_compress_lb_union_remotefrac_b8_k4_isolated,isolated,flux,10,1,e2e_ms,2.267232,recorder
20260805-032512_perlmutter_1067ad0b,hier_compress_lb_union_remotefrac_b8_k4_isolated,isolated,flux,10,2,e2e_ms,2.225856,recorder
20260805-032512_perlmutter_1067ad0b,hier_compress_lb_union_remotefrac_b8_k4_isolated,isolated,flux,10,3,e2e_ms,2.251136,recorder
20260805-032512_perlmutter_1067ad0b,hier_compress_lb_union_remotefrac_b8_k4_isolated,isolated,flux,10,4,e2e_ms,2.221376,recorder
20260805-032512_perlmutter_1067ad0b,hier_compress_lb_union_remotefrac_b8_k4_isolated,isolated,flux,10,5,e2e_ms,2.193376,recorder
20260805-032512_perlmutter_1067ad0b,hier_compress_lb_union_remotefrac_b8_k4_isolated,isolated,flux,10,6,e2e_ms,2.249216,recorder
20260805-032512_perlmutter_1067ad0b,hier_compress_lb_union_remotefrac_b8_k4_isolated,isolated,flux,10,7,e2e_ms,2.19696,recorder
20260805-032512_perlmutter_1067ad0b,hier_compress_lb_union_remotefrac_b8_k4_isolated,isolated,flux,10,8,e2e_ms,2.248896,recorder
20260805-032512_perlmutter_1067ad0b,hier_compress_lb_union_remotefrac_b8_k4_isolated,isolated,flux,10,9,e2e_ms,2.186336,recorder
20260805-032512_perlmutter_1067ad0b,hier_compress_lb_union_remotefrac_b8_k4_isolated,isolated,flux,10,0,iso_sync_ms,1.860622,recorder
20260805-032512_perlmutter_1067ad0b,hier_compress_lb_union_remotefrac_b8_k4_isolated,isolated,flux,10,1,iso_sync_ms,1.797049,recorder
20260805-032512_perlmutter_1067ad0b,hier_compress_lb_union_remotefrac_b8_k4_isolated,isolated,flux,10,2,iso_sync_ms,1.801768,recorder
20260805-032512_perlmutter_1067ad0b,hier_compress_lb_union_remotefrac_b8_k4_isolated,isolated,flux,10,3,iso_sync_ms,1.745469,recorder
20260805-032512_perlmutter_1067ad0b,hier_compress_lb_union_remotefrac_b8_k4_isolated,isolated,flux,10,4,iso_sync_ms,1.74078,recorder
20260805-032512_perlmutter_1067ad0b,hier_compress_lb_union_remotefrac_b8_k4_isolated,isolated,flux,10,5,iso_sync_ms,1.723136,recorder
20260805-032512_perlmutter_1067ad0b,hier_compress_lb_union_remotefrac_b8_k4_isolated,isolated,flux,10,6,iso_sync_ms,1.730561,recorder
20260805-032512_perlmutter_1067ad0b,hier_compress_lb_union_remotefrac_b8_k4_isolated,isolated,flux,10,7,iso_sync_ms,1.775828,recorder
20260805-032512_perlmutter_1067ad0b,hier_compress_lb_union_remotefrac_b8_k4_isolated,isolated,flux,10,8,iso_sync_ms,1.727014,recorder
20260805-032512_perlmutter_1067ad0b,hier_compress_lb_union_remotefrac_b8_k4_isolated,isolated,flux,10,9,iso_sync_ms,1.760007,recorder
20260805-032512_perlmutter_1067ad0b,hier_compress_lb_union_remotefrac_b8_k4_isolated,isolated,torch,11,0,comm_ms,1.84912,recorder
20260805-032512_perlmutter_1067ad0b,hier_compress_lb_union_remotefrac_b8_k4_isolated,isolated,torch,11,1,comm_ms,1.727232,recorder
20260805-032512_perlmutter_1067ad0b,hier_compress_lb_union_remotefrac_b8_k4_isolated,isolated,torch,11,2,comm_ms,1.658432,recorder
20260805-032512_perlmutter_1067ad0b,hier_compress_lb_union_remotefrac_b8_k4_isolated,isolated,torch,11,3,comm_ms,2.130176,recorder
20260805-032512_perlmutter_1067ad0b,hier_compress_lb_union_remotefrac_b8_k4_isolated,isolated,torch,11,4,comm_ms,1.750816,recorder
20260805-032512_perlmutter_1067ad0b,hier_compress_lb_union_remotefrac_b8_k4_isolated,isolated,torch,11,5,comm_ms,1.735808,recorder
20260805-032512_perlmutter_1067ad0b,hier_compress_lb_union_remotefrac_b8_k4_isolated,isolated,torch,11,6,comm_ms,2.015296,recorder
20260805-032512_perlmutter_1067ad0b,hier_compress_lb_union_remotefrac_b8_k4_isolated,isolated,torch,11,7,comm_ms,1.843008,recorder
20260805-032512_perlmutter_1067ad0b,hier_compress_lb_union_remotefrac_b8_k4_isolated,isolated,torch,11,8,comm_ms,1.85424,recorder
20260805-032512_perlmutter_1067ad0b,hier_compress_lb_union_remotefrac_b8_k4_isolated,isolated,torch,11,9,comm_ms,1.811456,recorder
20260805-032512_perlmutter_1067ad0b,hier_compress_lb_union_remotefrac_b8_k4_isolated,isolated,torch,11,0,scatter_ms,3.818304,recorder
20260805-032512_perlmutter_1067ad0b,hier_compress_lb_union_remotefrac_b8_k4_isolated,isolated,torch,11,1,scatter_ms,3.819136,recorder
20260805-032512_perlmutter_1067ad0b,hier_compress_lb_union_remotefrac_b8_k4_isolated,isolated,torch,11,2,scatter_ms,3.822368,recorder
20260805-032512_perlmutter_1067ad0b,hier_compress_lb_union_remotefrac_b8_k4_isolated,isolated,torch,11,3,scatter_ms,3.826752,recorder
20260805-032512_perlmutter_1067ad0b,hier_compress_lb_union_remotefrac_b8_k4_isolated,isolated,torch,11,4,scatter_ms,3.839072,recorder
20260805-032512_perlmutter_1067ad0b,hier_compress_lb_union_remotefrac_b8_k4_isolated,isolated,torch,11,5,scatter_ms,3.828864,recorder
20260805-032512_perlmutter_1067ad0b,hier_compress_lb_union_remotefrac_b8_k4_isolated,isolated,torch,11,6,scatter_ms,3.825184,recorder
20260805-032512_perlmutter_1067ad0b,hier_compress_lb_union_remotefrac_b8_k4_isolated,isolated,torch,11,7,scatter_ms,3.812576,recorder
20260805-032512_perlmutter_1067ad0b,hier_compress_lb_union_remotefrac_b8_k4_isolated,isolated,torch,11,8,scatter_ms,3.829376,recorder
20260805-032512_perlmutter_1067ad0b,hier_compress_lb_union_remotefrac_b8_k4_isolated,isolated,torch,11,9,scatter_ms,3.84272,recorder
20260805-032512_perlmutter_1067ad0b,hier_compress_lb_union_remotefrac_b8_k4_isolated,isolated,torch,11,0,gemm_ms,0.961824,recorder
20260805-032512_perlmutter_1067ad0b,hier_compress_lb_union_remotefrac_b8_k4_isolated,isolated,torch,11,1,gemm_ms,0.961248,recorder
20260805-032512_perlmutter_1067ad0b,hier_compress_lb_union_remotefrac_b8_k4_isolated,isolated,torch,11,2,gemm_ms,0.96112,recorder
20260805-032512_perlmutter_1067ad0b,hier_compress_lb_union_remotefrac_b8_k4_isolated,isolated,torch,11,3,gemm_ms,0.962336,recorder
20260805-032512_perlmutter_1067ad0b,hier_compress_lb_union_remotefrac_b8_k4_isolated,isolated,torch,11,4,gemm_ms,0.962464,recorder
20260805-032512_perlmutter_1067ad0b,hier_compress_lb_union_remotefrac_b8_k4_isolated,isolated,torch,11,5,gemm_ms,0.962784,recorder
20260805-032512_perlmutter_1067ad0b,hier_compress_lb_union_remotefrac_b8_k4_isolated,isolated,torch,11,6,gemm_ms,0.962208,recorder
20260805-032512_perlmutter_1067ad0b,hier_compress_lb_union_remotefrac_b8_k4_isolated,isolated,torch,11,7,gemm_ms,0.962688,recorder
20260805-032512_perlmutter_1067ad0b,hier_compress_lb_union_remotefrac_b8_k4_isolated,isolated,torch,11,8,gemm_ms,0.963008,recorder
20260805-032512_perlmutter_1067ad0b,hier_compress_lb_union_remotefrac_b8_k4_isolated,isolated,torch,11,9,gemm_ms,0.961376,recorder
20260805-032512_perlmutter_1067ad0b,hier_compress_lb_union_remotefrac_b8_k4_isolated,isolated,flux,11,0,e2e_ms,2.26912,recorder
20260805-032512_perlmutter_1067ad0b,hier_compress_lb_union_remotefrac_b8_k4_isolated,isolated,flux,11,1,e2e_ms,2.291584,recorder
20260805-032512_perlmutter_1067ad0b,hier_compress_lb_union_remotefrac_b8_k4_isolated,isolated,flux,11,2,e2e_ms,2.225728,recorder
20260805-032512_perlmutter_1067ad0b,hier_compress_lb_union_remotefrac_b8_k4_isolated,isolated,flux,11,3,e2e_ms,2.217952,recorder
20260805-032512_perlmutter_1067ad0b,hier_compress_lb_union_remotefrac_b8_k4_isolated,isolated,flux,11,4,e2e_ms,2.19568,recorder
20260805-032512_perlmutter_1067ad0b,hier_compress_lb_union_remotefrac_b8_k4_isolated,isolated,flux,11,5,e2e_ms,2.207008,recorder
20260805-032512_perlmutter_1067ad0b,hier_compress_lb_union_remotefrac_b8_k4_isolated,isolated,flux,11,6,e2e_ms,2.27488,recorder
20260805-032512_perlmutter_1067ad0b,hier_compress_lb_union_remotefrac_b8_k4_isolated,isolated,flux,11,7,e2e_ms,2.200992,recorder
20260805-032512_perlmutter_1067ad0b,hier_compress_lb_union_remotefrac_b8_k4_isolated,isolated,flux,11,8,e2e_ms,2.209344,recorder
20260805-032512_perlmutter_1067ad0b,hier_compress_lb_union_remotefrac_b8_k4_isolated,isolated,flux,11,9,e2e_ms,2.21216,recorder
20260805-032512_perlmutter_1067ad0b,hier_compress_lb_union_remotefrac_b8_k4_isolated,isolated,flux,11,0,iso_sync_ms,1.877654,recorder
20260805-032512_perlmutter_1067ad0b,hier_compress_lb_union_remotefrac_b8_k4_isolated,isolated,flux,11,1,iso_sync_ms,1.816466,recorder
20260805-032512_perlmutter_1067ad0b,hier_compress_lb_union_remotefrac_b8_k4_isolated,isolated,flux,11,2,iso_sync_ms,1.796949,recorder
20260805-032512_perlmutter_1067ad0b,hier_compress_lb_union_remotefrac_b8_k4_isolated,isolated,flux,11,3,iso_sync_ms,1.764225,recorder
20260805-032512_perlmutter_1067ad0b,hier_compress_lb_union_remotefrac_b8_k4_isolated,isolated,flux,11,4,iso_sync_ms,1.766029,recorder
20260805-032512_perlmutter_1067ad0b,hier_compress_lb_union_remotefrac_b8_k4_isolated,isolated,flux,11,5,iso_sync_ms,1.746361,recorder
20260805-032512_perlmutter_1067ad0b,hier_compress_lb_union_remotefrac_b8_k4_isolated,isolated,flux,11,6,iso_sync_ms,1.74594,recorder
20260805-032512_perlmutter_1067ad0b,hier_compress_lb_union_remotefrac_b8_k4_isolated,isolated,flux,11,7,iso_sync_ms,1.794353,recorder
20260805-032512_perlmutter_1067ad0b,hier_compress_lb_union_remotefrac_b8_k4_isolated,isolated,flux,11,8,iso_sync_ms,1.757322,recorder
20260805-032512_perlmutter_1067ad0b,hier_compress_lb_union_remotefrac_b8_k4_isolated,isolated,flux,11,9,iso_sync_ms,1.769796,recorder
20260805-032512_perlmutter_1067ad0b,hier_compress_lb_union_remotefrac_b8_k4_isolated,isolated,torch,12,0,comm_ms,1.834528,recorder
20260805-032512_perlmutter_1067ad0b,hier_compress_lb_union_remotefrac_b8_k4_isolated,isolated,torch,12,1,comm_ms,1.919424,recorder
20260805-032512_perlmutter_1067ad0b,hier_compress_lb_union_remotefrac_b8_k4_isolated,isolated,torch,12,2,comm_ms,1.747616,recorder
20260805-032512_perlmutter_1067ad0b,hier_compress_lb_union_remotefrac_b8_k4_isolated,isolated,torch,12,3,comm_ms,1.6984,recorder
20260805-032512_perlmutter_1067ad0b,hier_compress_lb_union_remotefrac_b8_k4_isolated,isolated,torch,12,4,comm_ms,2.138144,recorder
20260805-032512_perlmutter_1067ad0b,hier_compress_lb_union_remotefrac_b8_k4_isolated,isolated,torch,12,5,comm_ms,1.599936,recorder
20260805-032512_perlmutter_1067ad0b,hier_compress_lb_union_remotefrac_b8_k4_isolated,isolated,torch,12,6,comm_ms,1.889248,recorder
20260805-032512_perlmutter_1067ad0b,hier_compress_lb_union_remotefrac_b8_k4_isolated,isolated,torch,12,7,comm_ms,1.934432,recorder
20260805-032512_perlmutter_1067ad0b,hier_compress_lb_union_remotefrac_b8_k4_isolated,isolated,torch,12,8,comm_ms,1.79392,recorder
20260805-032512_perlmutter_1067ad0b,hier_compress_lb_union_remotefrac_b8_k4_isolated,isolated,torch,12,9,comm_ms,1.8184,recorder
20260805-032512_perlmutter_1067ad0b,hier_compress_lb_union_remotefrac_b8_k4_isolated,isolated,torch,12,0,scatter_ms,3.8224,recorder
20260805-032512_perlmutter_1067ad0b,hier_compress_lb_union_remotefrac_b8_k4_isolated,isolated,torch,12,1,scatter_ms,3.826208,recorder
20260805-032512_perlmutter_1067ad0b,hier_compress_lb_union_remotefrac_b8_k4_isolated,isolated,torch,12,2,scatter_ms,3.815872,recorder
20260805-032512_perlmutter_1067ad0b,hier_compress_lb_union_remotefrac_b8_k4_isolated,isolated,torch,12,3,scatter_ms,3.82528,recorder
20260805-032512_perlmutter_1067ad0b,hier_compress_lb_union_remotefrac_b8_k4_isolated,isolated,torch,12,4,scatter_ms,3.836032,recorder
20260805-032512_perlmutter_1067ad0b,hier_compress_lb_union_remotefrac_b8_k4_isolated,isolated,torch,12,5,scatter_ms,3.8288,recorder
20260805-032512_perlmutter_1067ad0b,hier_compress_lb_union_remotefrac_b8_k4_isolated,isolated,torch,12,6,scatter_ms,3.824736,recorder
20260805-032512_perlmutter_1067ad0b,hier_compress_lb_union_remotefrac_b8_k4_isolated,isolated,torch,12,7,scatter_ms,3.812224,recorder
20260805-032512_perlmutter_1067ad0b,hier_compress_lb_union_remotefrac_b8_k4_isolated,isolated,torch,12,8,scatter_ms,3.818112,recorder
20260805-032512_perlmutter_1067ad0b,hier_compress_lb_union_remotefrac_b8_k4_isolated,isolated,torch,12,9,scatter_ms,3.819616,recorder
20260805-032512_perlmutter_1067ad0b,hier_compress_lb_union_remotefrac_b8_k4_isolated,isolated,torch,12,0,gemm_ms,0.956448,recorder
20260805-032512_perlmutter_1067ad0b,hier_compress_lb_union_remotefrac_b8_k4_isolated,isolated,torch,12,1,gemm_ms,0.955136,recorder
20260805-032512_perlmutter_1067ad0b,hier_compress_lb_union_remotefrac_b8_k4_isolated,isolated,torch,12,2,gemm_ms,0.956992,recorder
20260805-032512_perlmutter_1067ad0b,hier_compress_lb_union_remotefrac_b8_k4_isolated,isolated,torch,12,3,gemm_ms,0.956832,recorder
20260805-032512_perlmutter_1067ad0b,hier_compress_lb_union_remotefrac_b8_k4_isolated,isolated,torch,12,4,gemm_ms,0.955136,recorder
20260805-032512_perlmutter_1067ad0b,hier_compress_lb_union_remotefrac_b8_k4_isolated,isolated,torch,12,5,gemm_ms,0.955264,recorder
20260805-032512_perlmutter_1067ad0b,hier_compress_lb_union_remotefrac_b8_k4_isolated,isolated,torch,12,6,gemm_ms,0.955872,recorder
20260805-032512_perlmutter_1067ad0b,hier_compress_lb_union_remotefrac_b8_k4_isolated,isolated,torch,12,7,gemm_ms,0.956864,recorder
20260805-032512_perlmutter_1067ad0b,hier_compress_lb_union_remotefrac_b8_k4_isolated,isolated,torch,12,8,gemm_ms,0.956224,recorder
20260805-032512_perlmutter_1067ad0b,hier_compress_lb_union_remotefrac_b8_k4_isolated,isolated,torch,12,9,gemm_ms,0.955584,recorder
20260805-032512_perlmutter_1067ad0b,hier_compress_lb_union_remotefrac_b8_k4_isolated,isolated,flux,12,0,e2e_ms,2.245536,recorder
20260805-032512_perlmutter_1067ad0b,hier_compress_lb_union_remotefrac_b8_k4_isolated,isolated,flux,12,1,e2e_ms,2.289728,recorder
20260805-032512_perlmutter_1067ad0b,hier_compress_lb_union_remotefrac_b8_k4_isolated,isolated,flux,12,2,e2e_ms,2.226976,recorder
20260805-032512_perlmutter_1067ad0b,hier_compress_lb_union_remotefrac_b8_k4_isolated,isolated,flux,12,3,e2e_ms,2.220384,recorder
20260805-032512_perlmutter_1067ad0b,hier_compress_lb_union_remotefrac_b8_k4_isolated,isolated,flux,12,4,e2e_ms,2.198048,recorder
20260805-032512_perlmutter_1067ad0b,hier_compress_lb_union_remotefrac_b8_k4_isolated,isolated,flux,12,5,e2e_ms,2.206816,recorder
20260805-032512_perlmutter_1067ad0b,hier_compress_lb_union_remotefrac_b8_k4_isolated,isolated,flux,12,6,e2e_ms,2.275392,recorder
20260805-032512_perlmutter_1067ad0b,hier_compress_lb_union_remotefrac_b8_k4_isolated,isolated,flux,12,7,e2e_ms,2.199872,recorder
20260805-032512_perlmutter_1067ad0b,hier_compress_lb_union_remotefrac_b8_k4_isolated,isolated,flux,12,8,e2e_ms,2.212704,recorder
20260805-032512_perlmutter_1067ad0b,hier_compress_lb_union_remotefrac_b8_k4_isolated,isolated,flux,12,9,e2e_ms,2.211168,recorder
20260805-032512_perlmutter_1067ad0b,hier_compress_lb_union_remotefrac_b8_k4_isolated,isolated,flux,12,0,iso_sync_ms,1.856523,recorder
20260805-032512_perlmutter_1067ad0b,hier_compress_lb_union_remotefrac_b8_k4_isolated,isolated,flux,12,1,iso_sync_ms,1.758764,recorder
20260805-032512_perlmutter_1067ad0b,hier_compress_lb_union_remotefrac_b8_k4_isolated,isolated,flux,12,2,iso_sync_ms,1.807287,recorder
20260805-032512_perlmutter_1067ad0b,hier_compress_lb_union_remotefrac_b8_k4_isolated,isolated,flux,12,3,iso_sync_ms,1.741951,recorder
20260805-032512_perlmutter_1067ad0b,hier_compress_lb_union_remotefrac_b8_k4_isolated,isolated,flux,12,4,iso_sync_ms,1.762461,recorder
20260805-032512_perlmutter_1067ad0b,hier_compress_lb_union_remotefrac_b8_k4_isolated,isolated,flux,12,5,iso_sync_ms,1.744065,recorder
20260805-032512_perlmutter_1067ad0b,hier_compress_lb_union_remotefrac_b8_k4_isolated,isolated,flux,12,6,iso_sync_ms,1.722654,recorder
20260805-032512_perlmutter_1067ad0b,hier_compress_lb_union_remotefrac_b8_k4_isolated,isolated,flux,12,7,iso_sync_ms,1.797509,recorder
20260805-032512_perlmutter_1067ad0b,hier_compress_lb_union_remotefrac_b8_k4_isolated,isolated,flux,12,8,iso_sync_ms,1.754135,recorder
20260805-032512_perlmutter_1067ad0b,hier_compress_lb_union_remotefrac_b8_k4_isolated,isolated,flux,12,9,iso_sync_ms,1.743223,recorder
20260805-032512_perlmutter_1067ad0b,hier_compress_lb_union_remotefrac_b8_k4_isolated,isolated,torch,13,0,comm_ms,1.897216,recorder
20260805-032512_perlmutter_1067ad0b,hier_compress_lb_union_remotefrac_b8_k4_isolated,isolated,torch,13,1,comm_ms,1.783968,recorder
20260805-032512_perlmutter_1067ad0b,hier_compress_lb_union_remotefrac_b8_k4_isolated,isolated,torch,13,2,comm_ms,1.695584,recorder
20260805-032512_perlmutter_1067ad0b,hier_compress_lb_union_remotefrac_b8_k4_isolated,isolated,torch,13,3,comm_ms,1.807936,recorder
20260805-032512_perlmutter_1067ad0b,hier_compress_lb_union_remotefrac_b8_k4_isolated,isolated,torch,13,4,comm_ms,2.02,recorder
20260805-032512_perlmutter_1067ad0b,hier_compress_lb_union_remotefrac_b8_k4_isolated,isolated,torch,13,5,comm_ms,1.623232,recorder
20260805-032512_perlmutter_1067ad0b,hier_compress_lb_union_remotefrac_b8_k4_isolated,isolated,torch,13,6,comm_ms,1.811264,recorder
20260805-032512_perlmutter_1067ad0b,hier_compress_lb_union_remotefrac_b8_k4_isolated,isolated,torch,13,7,comm_ms,1.858528,recorder
20260805-032512_perlmutter_1067ad0b,hier_compress_lb_union_remotefrac_b8_k4_isolated,isolated,torch,13,8,comm_ms,1.890784,recorder
20260805-032512_perlmutter_1067ad0b,hier_compress_lb_union_remotefrac_b8_k4_isolated,isolated,torch,13,9,comm_ms,1.821344,recorder
20260805-032512_perlmutter_1067ad0b,hier_compress_lb_union_remotefrac_b8_k4_isolated,isolated,torch,13,0,scatter_ms,3.82016,recorder
20260805-032512_perlmutter_1067ad0b,hier_compress_lb_union_remotefrac_b8_k4_isolated,isolated,torch,13,1,scatter_ms,3.883456,recorder
20260805-032512_perlmutter_1067ad0b,hier_compress_lb_union_remotefrac_b8_k4_isolated,isolated,torch,13,2,scatter_ms,3.826944,recorder
20260805-032512_perlmutter_1067ad0b,hier_compress_lb_union_remotefrac_b8_k4_isolated,isolated,torch,13,3,scatter_ms,3.823936,recorder
20260805-032512_perlmutter_1067ad0b,hier_compress_lb_union_remotefrac_b8_k4_isolated,isolated,torch,13,4,scatter_ms,3.839104,recorder
20260805-032512_perlmutter_1067ad0b,hier_compress_lb_union_remotefrac_b8_k4_isolated,isolated,torch,13,5,scatter_ms,3.85536,recorder
20260805-032512_perlmutter_1067ad0b,hier_compress_lb_union_remotefrac_b8_k4_isolated,isolated,torch,13,6,scatter_ms,3.862272,recorder
20260805-032512_perlmutter_1067ad0b,hier_compress_lb_union_remotefrac_b8_k4_isolated,isolated,torch,13,7,scatter_ms,3.833376,recorder
20260805-032512_perlmutter_1067ad0b,hier_compress_lb_union_remotefrac_b8_k4_isolated,isolated,torch,13,8,scatter_ms,3.844448,recorder
20260805-032512_perlmutter_1067ad0b,hier_compress_lb_union_remotefrac_b8_k4_isolated,isolated,torch,13,9,scatter_ms,3.844512,recorder
20260805-032512_perlmutter_1067ad0b,hier_compress_lb_union_remotefrac_b8_k4_isolated,isolated,torch,13,0,gemm_ms,0.962368,recorder
20260805-032512_perlmutter_1067ad0b,hier_compress_lb_union_remotefrac_b8_k4_isolated,isolated,torch,13,1,gemm_ms,0.96208,recorder
20260805-032512_perlmutter_1067ad0b,hier_compress_lb_union_remotefrac_b8_k4_isolated,isolated,torch,13,2,gemm_ms,0.962272,recorder
20260805-032512_perlmutter_1067ad0b,hier_compress_lb_union_remotefrac_b8_k4_isolated,isolated,torch,13,3,gemm_ms,0.963328,recorder
20260805-032512_perlmutter_1067ad0b,hier_compress_lb_union_remotefrac_b8_k4_isolated,isolated,torch,13,4,gemm_ms,0.963488,recorder
20260805-032512_perlmutter_1067ad0b,hier_compress_lb_union_remotefrac_b8_k4_isolated,isolated,torch,13,5,gemm_ms,0.962656,recorder
20260805-032512_perlmutter_1067ad0b,hier_compress_lb_union_remotefrac_b8_k4_isolated,isolated,torch,13,6,gemm_ms,0.962912,recorder
20260805-032512_perlmutter_1067ad0b,hier_compress_lb_union_remotefrac_b8_k4_isolated,isolated,torch,13,7,gemm_ms,0.963616,recorder
20260805-032512_perlmutter_1067ad0b,hier_compress_lb_union_remotefrac_b8_k4_isolated,isolated,torch,13,8,gemm_ms,0.962144,recorder
20260805-032512_perlmutter_1067ad0b,hier_compress_lb_union_remotefrac_b8_k4_isolated,isolated,torch,13,9,gemm_ms,0.962624,recorder
20260805-032512_perlmutter_1067ad0b,hier_compress_lb_union_remotefrac_b8_k4_isolated,isolated,flux,13,0,e2e_ms,2.255168,recorder
20260805-032512_perlmutter_1067ad0b,hier_compress_lb_union_remotefrac_b8_k4_isolated,isolated,flux,13,1,e2e_ms,2.293344,recorder
20260805-032512_perlmutter_1067ad0b,hier_compress_lb_union_remotefrac_b8_k4_isolated,isolated,flux,13,2,e2e_ms,2.228928,recorder
20260805-032512_perlmutter_1067ad0b,hier_compress_lb_union_remotefrac_b8_k4_isolated,isolated,flux,13,3,e2e_ms,2.222624,recorder
20260805-032512_perlmutter_1067ad0b,hier_compress_lb_union_remotefrac_b8_k4_isolated,isolated,flux,13,4,e2e_ms,2.201408,recorder
20260805-032512_perlmutter_1067ad0b,hier_compress_lb_union_remotefrac_b8_k4_isolated,isolated,flux,13,5,e2e_ms,2.212512,recorder
20260805-032512_perlmutter_1067ad0b,hier_compress_lb_union_remotefrac_b8_k4_isolated,isolated,flux,13,6,e2e_ms,2.28048,recorder
20260805-032512_perlmutter_1067ad0b,hier_compress_lb_union_remotefrac_b8_k4_isolated,isolated,flux,13,7,e2e_ms,2.203872,recorder
20260805-032512_perlmutter_1067ad0b,hier_compress_lb_union_remotefrac_b8_k4_isolated,isolated,flux,13,8,e2e_ms,2.210656,recorder
20260805-032512_perlmutter_1067ad0b,hier_compress_lb_union_remotefrac_b8_k4_isolated,isolated,flux,13,9,e2e_ms,2.2168,recorder
20260805-032512_perlmutter_1067ad0b,hier_compress_lb_union_remotefrac_b8_k4_isolated,isolated,flux,13,0,iso_sync_ms,1.871061,recorder
20260805-032512_perlmutter_1067ad0b,hier_compress_lb_union_remotefrac_b8_k4_isolated,isolated,flux,13,1,iso_sync_ms,1.78306,recorder
20260805-032512_perlmutter_1067ad0b,hier_compress_lb_union_remotefrac_b8_k4_isolated,isolated,flux,13,2,iso_sync_ms,1.831013,recorder
20260805-032512_perlmutter_1067ad0b,hier_compress_lb_union_remotefrac_b8_k4_isolated,isolated,flux,13,3,iso_sync_ms,1.75165,recorder
20260805-032512_perlmutter_1067ad0b,hier_compress_lb_union_remotefrac_b8_k4_isolated,isolated,flux,13,4,iso_sync_ms,1.754636,recorder
20260805-032512_perlmutter_1067ad0b,hier_compress_lb_union_remotefrac_b8_k4_isolated,isolated,flux,13,5,iso_sync_ms,1.767009,recorder
20260805-032512_perlmutter_1067ad0b,hier_compress_lb_union_remotefrac_b8_k4_isolated,isolated,flux,13,6,iso_sync_ms,1.748684,recorder
20260805-032512_perlmutter_1067ad0b,hier_compress_lb_union_remotefrac_b8_k4_isolated,isolated,flux,13,7,iso_sync_ms,1.797648,recorder
20260805-032512_perlmutter_1067ad0b,hier_compress_lb_union_remotefrac_b8_k4_isolated,isolated,flux,13,8,iso_sync_ms,1.778912,recorder
20260805-032512_perlmutter_1067ad0b,hier_compress_lb_union_remotefrac_b8_k4_isolated,isolated,flux,13,9,iso_sync_ms,1.763623,recorder
20260805-032512_perlmutter_1067ad0b,hier_compress_lb_union_remotefrac_b8_k4_isolated,isolated,torch,14,0,comm_ms,2.012256,recorder
20260805-032512_perlmutter_1067ad0b,hier_compress_lb_union_remotefrac_b8_k4_isolated,isolated,torch,14,1,comm_ms,1.858016,recorder
20260805-032512_perlmutter_1067ad0b,hier_compress_lb_union_remotefrac_b8_k4_isolated,isolated,torch,14,2,comm_ms,1.678432,recorder
20260805-032512_perlmutter_1067ad0b,hier_compress_lb_union_remotefrac_b8_k4_isolated,isolated,torch,14,3,comm_ms,1.833152,recorder
20260805-032512_perlmutter_1067ad0b,hier_compress_lb_union_remotefrac_b8_k4_isolated,isolated,torch,14,4,comm_ms,1.875104,recorder
20260805-032512_perlmutter_1067ad0b,hier_compress_lb_union_remotefrac_b8_k4_isolated,isolated,torch,14,5,comm_ms,1.74496,recorder
20260805-032512_perlmutter_1067ad0b,hier_compress_lb_union_remotefrac_b8_k4_isolated,isolated,torch,14,6,comm_ms,1.737696,recorder
20260805-032512_perlmutter_1067ad0b,hier_compress_lb_union_remotefrac_b8_k4_isolated,isolated,torch,14,7,comm_ms,2.078208,recorder
20260805-032512_perlmutter_1067ad0b,hier_compress_lb_union_remotefrac_b8_k4_isolated,isolated,torch,14,8,comm_ms,1.67904,recorder
20260805-032512_perlmutter_1067ad0b,hier_compress_lb_union_remotefrac_b8_k4_isolated,isolated,torch,14,9,comm_ms,1.923808,recorder
20260805-032512_perlmutter_1067ad0b,hier_compress_lb_union_remotefrac_b8_k4_isolated,isolated,torch,14,0,scatter_ms,3.832384,recorder
20260805-032512_perlmutter_1067ad0b,hier_compress_lb_union_remotefrac_b8_k4_isolated,isolated,torch,14,1,scatter_ms,3.8224,recorder
20260805-032512_perlmutter_1067ad0b,hier_compress_lb_union_remotefrac_b8_k4_isolated,isolated,torch,14,2,scatter_ms,3.82896,recorder
20260805-032512_perlmutter_1067ad0b,hier_compress_lb_union_remotefrac_b8_k4_isolated,isolated,torch,14,3,scatter_ms,3.84464,recorder
20260805-032512_perlmutter_1067ad0b,hier_compress_lb_union_remotefrac_b8_k4_isolated,isolated,torch,14,4,scatter_ms,3.829184,recorder
20260805-032512_perlmutter_1067ad0b,hier_compress_lb_union_remotefrac_b8_k4_isolated,isolated,torch,14,5,scatter_ms,3.837952,recorder
20260805-032512_perlmutter_1067ad0b,hier_compress_lb_union_remotefrac_b8_k4_isolated,isolated,torch,14,6,scatter_ms,3.830592,recorder
20260805-032512_perlmutter_1067ad0b,hier_compress_lb_union_remotefrac_b8_k4_isolated,isolated,torch,14,7,scatter_ms,3.846272,recorder
20260805-032512_perlmutter_1067ad0b,hier_compress_lb_union_remotefrac_b8_k4_isolated,isolated,torch,14,8,scatter_ms,3.832832,recorder
20260805-032512_perlmutter_1067ad0b,hier_compress_lb_union_remotefrac_b8_k4_isolated,isolated,torch,14,9,scatter_ms,3.83104,recorder
20260805-032512_perlmutter_1067ad0b,hier_compress_lb_union_remotefrac_b8_k4_isolated,isolated,torch,14,0,gemm_ms,0.958944,recorder
20260805-032512_perlmutter_1067ad0b,hier_compress_lb_union_remotefrac_b8_k4_isolated,isolated,torch,14,1,gemm_ms,0.960576,recorder
20260805-032512_perlmutter_1067ad0b,hier_compress_lb_union_remotefrac_b8_k4_isolated,isolated,torch,14,2,gemm_ms,0.958912,recorder
20260805-032512_perlmutter_1067ad0b,hier_compress_lb_union_remotefrac_b8_k4_isolated,isolated,torch,14,3,gemm_ms,0.959648,recorder
20260805-032512_perlmutter_1067ad0b,hier_compress_lb_union_remotefrac_b8_k4_isolated,isolated,torch,14,4,gemm_ms,0.959104,recorder
20260805-032512_perlmutter_1067ad0b,hier_compress_lb_union_remotefrac_b8_k4_isolated,isolated,torch,14,5,gemm_ms,0.959072,recorder
20260805-032512_perlmutter_1067ad0b,hier_compress_lb_union_remotefrac_b8_k4_isolated,isolated,torch,14,6,gemm_ms,0.95808,recorder
20260805-032512_perlmutter_1067ad0b,hier_compress_lb_union_remotefrac_b8_k4_isolated,isolated,torch,14,7,gemm_ms,0.960704,recorder
20260805-032512_perlmutter_1067ad0b,hier_compress_lb_union_remotefrac_b8_k4_isolated,isolated,torch,14,8,gemm_ms,0.960448,recorder
20260805-032512_perlmutter_1067ad0b,hier_compress_lb_union_remotefrac_b8_k4_isolated,isolated,torch,14,9,gemm_ms,0.958336,recorder
20260805-032512_perlmutter_1067ad0b,hier_compress_lb_union_remotefrac_b8_k4_isolated,isolated,flux,14,0,e2e_ms,2.256768,recorder
20260805-032512_perlmutter_1067ad0b,hier_compress_lb_union_remotefrac_b8_k4_isolated,isolated,flux,14,1,e2e_ms,2.301312,recorder
20260805-032512_perlmutter_1067ad0b,hier_compress_lb_union_remotefrac_b8_k4_isolated,isolated,flux,14,2,e2e_ms,2.235392,recorder
20260805-032512_perlmutter_1067ad0b,hier_compress_lb_union_remotefrac_b8_k4_isolated,isolated,flux,14,3,e2e_ms,2.227424,recorder
20260805-032512_perlmutter_1067ad0b,hier_compress_lb_union_remotefrac_b8_k4_isolated,isolated,flux,14,4,e2e_ms,2.207712,recorder
20260805-032512_perlmutter_1067ad0b,hier_compress_lb_union_remotefrac_b8_k4_isolated,isolated,flux,14,5,e2e_ms,2.215104,recorder
20260805-032512_perlmutter_1067ad0b,hier_compress_lb_union_remotefrac_b8_k4_isolated,isolated,flux,14,6,e2e_ms,2.28272,recorder
20260805-032512_perlmutter_1067ad0b,hier_compress_lb_union_remotefrac_b8_k4_isolated,isolated,flux,14,7,e2e_ms,2.207456,recorder
20260805-032512_perlmutter_1067ad0b,hier_compress_lb_union_remotefrac_b8_k4_isolated,isolated,flux,14,8,e2e_ms,2.221984,recorder
20260805-032512_perlmutter_1067ad0b,hier_compress_lb_union_remotefrac_b8_k4_isolated,isolated,flux,14,9,e2e_ms,2.22064,recorder
20260805-032512_perlmutter_1067ad0b,hier_compress_lb_union_remotefrac_b8_k4_isolated,isolated,flux,14,0,iso_sync_ms,1.85015,recorder
20260805-032512_perlmutter_1067ad0b,hier_compress_lb_union_remotefrac_b8_k4_isolated,isolated,flux,14,1,iso_sync_ms,1.729407,recorder
20260805-032512_perlmutter_1067ad0b,hier_compress_lb_union_remotefrac_b8_k4_isolated,isolated,flux,14,2,iso_sync_ms,1.799702,recorder
20260805-032512_perlmutter_1067ad0b,hier_compress_lb_union_remotefrac_b8_k4_isolated,isolated,flux,14,3,iso_sync_ms,1.727564,recorder
20260805-032512_perlmutter_1067ad0b,hier_compress_lb_union_remotefrac_b8_k4_isolated,isolated,flux,14,4,iso_sync_ms,1.750628,recorder
20260805-032512_perlmutter_1067ad0b,hier_compress_lb_union_remotefrac_b8_k4_isolated,isolated,flux,14,5,iso_sync_ms,1.745648,recorder
20260805-032512_perlmutter_1067ad0b,hier_compress_lb_union_remotefrac_b8_k4_isolated,isolated,flux,14,6,iso_sync_ms,1.720049,recorder
20260805-032512_perlmutter_1067ad0b,hier_compress_lb_union_remotefrac_b8_k4_isolated,isolated,flux,14,7,iso_sync_ms,1.767299,recorder
20260805-032512_perlmutter_1067ad0b,hier_compress_lb_union_remotefrac_b8_k4_isolated,isolated,flux,14,8,iso_sync_ms,1.750597,recorder
20260805-032512_perlmutter_1067ad0b,hier_compress_lb_union_remotefrac_b8_k4_isolated,isolated,flux,14,9,iso_sync_ms,1.73603,recorder
20260805-032512_perlmutter_1067ad0b,hier_compress_lb_union_remotefrac_b8_k4_isolated,isolated,torch,15,0,comm_ms,2.021152,recorder
20260805-032512_perlmutter_1067ad0b,hier_compress_lb_union_remotefrac_b8_k4_isolated,isolated,torch,15,1,comm_ms,1.697056,recorder
20260805-032512_perlmutter_1067ad0b,hier_compress_lb_union_remotefrac_b8_k4_isolated,isolated,torch,15,2,comm_ms,1.72448,recorder
20260805-032512_perlmutter_1067ad0b,hier_compress_lb_union_remotefrac_b8_k4_isolated,isolated,torch,15,3,comm_ms,1.762784,recorder
20260805-032512_perlmutter_1067ad0b,hier_compress_lb_union_remotefrac_b8_k4_isolated,isolated,torch,15,4,comm_ms,1.962656,recorder
20260805-032512_perlmutter_1067ad0b,hier_compress_lb_union_remotefrac_b8_k4_isolated,isolated,torch,15,5,comm_ms,1.843648,recorder
20260805-032512_perlmutter_1067ad0b,hier_compress_lb_union_remotefrac_b8_k4_isolated,isolated,torch,15,6,comm_ms,1.749376,recorder
20260805-032512_perlmutter_1067ad0b,hier_compress_lb_union_remotefrac_b8_k4_isolated,isolated,torch,15,7,comm_ms,1.993856,recorder
20260805-032512_perlmutter_1067ad0b,hier_compress_lb_union_remotefrac_b8_k4_isolated,isolated,torch,15,8,comm_ms,1.65712,recorder
20260805-032512_perlmutter_1067ad0b,hier_compress_lb_union_remotefrac_b8_k4_isolated,isolated,torch,15,9,comm_ms,2.000928,recorder
20260805-032512_perlmutter_1067ad0b,hier_compress_lb_union_remotefrac_b8_k4_isolated,isolated,torch,15,0,scatter_ms,3.836768,recorder
20260805-032512_perlmutter_1067ad0b,hier_compress_lb_union_remotefrac_b8_k4_isolated,isolated,torch,15,1,scatter_ms,3.823424,recorder
20260805-032512_perlmutter_1067ad0b,hier_compress_lb_union_remotefrac_b8_k4_isolated,isolated,torch,15,2,scatter_ms,3.826368,recorder
20260805-032512_perlmutter_1067ad0b,hier_compress_lb_union_remotefrac_b8_k4_isolated,isolated,torch,15,3,scatter_ms,3.832224,recorder
20260805-032512_perlmutter_1067ad0b,hier_compress_lb_union_remotefrac_b8_k4_isolated,isolated,torch,15,4,scatter_ms,3.8296,recorder
20260805-032512_perlmutter_1067ad0b,hier_compress_lb_union_remotefrac_b8_k4_isolated,isolated,torch,15,5,scatter_ms,3.820128,recorder
20260805-032512_perlmutter_1067ad0b,hier_compress_lb_union_remotefrac_b8_k4_isolated,isolated,torch,15,6,scatter_ms,3.832064,recorder
20260805-032512_perlmutter_1067ad0b,hier_compress_lb_union_remotefrac_b8_k4_isolated,isolated,torch,15,7,scatter_ms,3.862048,recorder
20260805-032512_perlmutter_1067ad0b,hier_compress_lb_union_remotefrac_b8_k4_isolated,isolated,torch,15,8,scatter_ms,3.839616,recorder
20260805-032512_perlmutter_1067ad0b,hier_compress_lb_union_remotefrac_b8_k4_isolated,isolated,torch,15,9,scatter_ms,3.829056,recorder
20260805-032512_perlmutter_1067ad0b,hier_compress_lb_union_remotefrac_b8_k4_isolated,isolated,torch,15,0,gemm_ms,0.960704,recorder
20260805-032512_perlmutter_1067ad0b,hier_compress_lb_union_remotefrac_b8_k4_isolated,isolated,torch,15,1,gemm_ms,0.961568,recorder
20260805-032512_perlmutter_1067ad0b,hier_compress_lb_union_remotefrac_b8_k4_isolated,isolated,torch,15,2,gemm_ms,0.960256,recorder
20260805-032512_perlmutter_1067ad0b,hier_compress_lb_union_remotefrac_b8_k4_isolated,isolated,torch,15,3,gemm_ms,0.962176,recorder
20260805-032512_perlmutter_1067ad0b,hier_compress_lb_union_remotefrac_b8_k4_isolated,isolated,torch,15,4,gemm_ms,0.961568,recorder
20260805-032512_perlmutter_1067ad0b,hier_compress_lb_union_remotefrac_b8_k4_isolated,isolated,torch,15,5,gemm_ms,0.961184,recorder
20260805-032512_perlmutter_1067ad0b,hier_compress_lb_union_remotefrac_b8_k4_isolated,isolated,torch,15,6,gemm_ms,0.962688,recorder
20260805-032512_perlmutter_1067ad0b,hier_compress_lb_union_remotefrac_b8_k4_isolated,isolated,torch,15,7,gemm_ms,0.961568,recorder
20260805-032512_perlmutter_1067ad0b,hier_compress_lb_union_remotefrac_b8_k4_isolated,isolated,torch,15,8,gemm_ms,0.961088,recorder
20260805-032512_perlmutter_1067ad0b,hier_compress_lb_union_remotefrac_b8_k4_isolated,isolated,torch,15,9,gemm_ms,0.960832,recorder
20260805-032512_perlmutter_1067ad0b,hier_compress_lb_union_remotefrac_b8_k4_isolated,isolated,flux,15,0,e2e_ms,2.278208,recorder
20260805-032512_perlmutter_1067ad0b,hier_compress_lb_union_remotefrac_b8_k4_isolated,isolated,flux,15,1,e2e_ms,2.319648,recorder
20260805-032512_perlmutter_1067ad0b,hier_compress_lb_union_remotefrac_b8_k4_isolated,isolated,flux,15,2,e2e_ms,2.25296,recorder
20260805-032512_perlmutter_1067ad0b,hier_compress_lb_union_remotefrac_b8_k4_isolated,isolated,flux,15,3,e2e_ms,2.246272,recorder
20260805-032512_perlmutter_1067ad0b,hier_compress_lb_union_remotefrac_b8_k4_isolated,isolated,flux,15,4,e2e_ms,2.224896,recorder
20260805-032512_perlmutter_1067ad0b,hier_compress_lb_union_remotefrac_b8_k4_isolated,isolated,flux,15,5,e2e_ms,2.235552,recorder
20260805-032512_perlmutter_1067ad0b,hier_compress_lb_union_remotefrac_b8_k4_isolated,isolated,flux,15,6,e2e_ms,2.305504,recorder
20260805-032512_perlmutter_1067ad0b,hier_compress_lb_union_remotefrac_b8_k4_isolated,isolated,flux,15,7,e2e_ms,2.2304,recorder
20260805-032512_perlmutter_1067ad0b,hier_compress_lb_union_remotefrac_b8_k4_isolated,isolated,flux,15,8,e2e_ms,2.23856,recorder
20260805-032512_perlmutter_1067ad0b,hier_compress_lb_union_remotefrac_b8_k4_isolated,isolated,flux,15,9,e2e_ms,2.241184,recorder
20260805-032512_perlmutter_1067ad0b,hier_compress_lb_union_remotefrac_b8_k4_isolated,isolated,flux,15,0,iso_sync_ms,1.879448,recorder
20260805-032512_perlmutter_1067ad0b,hier_compress_lb_union_remotefrac_b8_k4_isolated,isolated,flux,15,1,iso_sync_ms,1.78265,recorder
20260805-032512_perlmutter_1067ad0b,hier_compress_lb_union_remotefrac_b8_k4_isolated,isolated,flux,15,2,iso_sync_ms,1.837395,recorder
20260805-032512_perlmutter_1067ad0b,hier_compress_lb_union_remotefrac_b8_k4_isolated,isolated,flux,15,3,iso_sync_ms,1.756549,recorder
20260805-032512_perlmutter_1067ad0b,hier_compress_lb_union_remotefrac_b8_k4_isolated,isolated,flux,15,4,iso_sync_ms,1.766488,recorder
20260805-032512_perlmutter_1067ad0b,hier_compress_lb_union_remotefrac_b8_k4_isolated,isolated,flux,15,5,iso_sync_ms,1.762351,recorder
20260805-032512_perlmutter_1067ad0b,hier_compress_lb_union_remotefrac_b8_k4_isolated,isolated,flux,15,6,iso_sync_ms,1.758012,recorder
20260805-032512_perlmutter_1067ad0b,hier_compress_lb_union_remotefrac_b8_k4_isolated,isolated,flux,15,7,iso_sync_ms,1.808941,recorder
20260805-032512_perlmutter_1067ad0b,hier_compress_lb_union_remotefrac_b8_k4_isolated,isolated,flux,15,8,iso_sync_ms,1.780214,recorder
20260805-032512_perlmutter_1067ad0b,hier_compress_lb_union_remotefrac_b8_k4_isolated,isolated,flux,15,9,iso_sync_ms,1.770006,recorder
