run_id,cell_id,mode,impl,rank,iter,metric,value_ms,source
20260829-090925_perlmutter_33522f83,ours_l01_s1_gate_pv2_r2_wa_trace-a2e8ab_b8_k8_isolated,isolated,ours,0,0,e2e_ms,6.591808,recorder
20260829-090925_perlmutter_33522f83,ours_l01_s1_gate_pv2_r2_wa_trace-a2e8ab_b8_k8_isolated,isolated,ours,0,1,e2e_ms,6.16096,recorder
20260829-090925_perlmutter_33522f83,ours_l01_s1_gate_pv2_r2_wa_trace-a2e8ab_b8_k8_isolated,isolated,ours,0,2,e2e_ms,6.071968,recorder
20260829-090925_perlmutter_33522f83,ours_l01_s1_gate_pv2_r2_wa_trace-a2e8ab_b8_k8_isolated,isolated,ours,0,3,e2e_ms,6.799744,recorder
20260829-090925_perlmutter_33522f83,ours_l01_s1_gate_pv2_r2_wa_trace-a2e8ab_b8_k8_isolated,isolated,ours,0,4,e2e_ms,5.809376,recorder
20260829-090925_perlmutter_33522f83,ours_l01_s1_gate_pv2_r2_wa_trace-a2e8ab_b8_k8_isolated,isolated,ours,0,5,e2e_ms,5.832416,recorder
20260829-090925_perlmutter_33522f83,ours_l01_s1_gate_pv2_r2_wa_trace-a2e8ab_b8_k8_isolated,isolated,ours,0,6,e2e_ms,6.240224,recorder
20260829-090925_perlmutter_33522f83,ours_l01_s1_gate_pv2_r2_wa_trace-a2e8ab_b8_k8_isolated,isolated,ours,0,7,e2e_ms,6.6688,recorder
20260829-090925_perlmutter_33522f83,ours_l01_s1_gate_pv2_r2_wa_trace-a2e8ab_b8_k8_isolated,isolated,ours,0,8,e2e_ms,6.270944,recorder
20260829-090925_perlmutter_33522f83,ours_l01_s1_gate_pv2_r2_wa_trace-a2e8ab_b8_k8_isolated,isolated,ours,0,9,e2e_ms,5.61824,recorder
20260829-090925_perlmutter_33522f83,ours_l01_s1_gate_pv2_r2_wa_trace-a2e8ab_b8_k8_isolated,isolated,ours,0,0,l0_ms,3.436832,recorder
20260829-090925_perlmutter_33522f83,ours_l01_s1_gate_pv2_r2_wa_trace-a2e8ab_b8_k8_isolated,isolated,ours,0,1,l0_ms,3.090272,recorder
20260829-090925_perlmutter_33522f83,ours_l01_s1_gate_pv2_r2_wa_trace-a2e8ab_b8_k8_isolated,isolated,ours,0,2,l0_ms,2.999744,recorder
20260829-090925_perlmutter_33522f83,ours_l01_s1_gate_pv2_r2_wa_trace-a2e8ab_b8_k8_isolated,isolated,ours,0,3,l0_ms,3.699232,recorder
20260829-090925_perlmutter_33522f83,ours_l01_s1_gate_pv2_r2_wa_trace-a2e8ab_b8_k8_isolated,isolated,ours,0,4,l0_ms,2.768736,recorder
20260829-090925_perlmutter_33522f83,ours_l01_s1_gate_pv2_r2_wa_trace-a2e8ab_b8_k8_isolated,isolated,ours,0,5,l0_ms,2.618144,recorder
20260829-090925_perlmutter_33522f83,ours_l01_s1_gate_pv2_r2_wa_trace-a2e8ab_b8_k8_isolated,isolated,ours,0,6,l0_ms,2.940256,recorder
20260829-090925_perlmutter_33522f83,ours_l01_s1_gate_pv2_r2_wa_trace-a2e8ab_b8_k8_isolated,isolated,ours,0,7,l0_ms,3.4744,recorder
20260829-090925_perlmutter_33522f83,ours_l01_s1_gate_pv2_r2_wa_trace-a2e8ab_b8_k8_isolated,isolated,ours,0,8,l0_ms,3.309504,recorder
20260829-090925_perlmutter_33522f83,ours_l01_s1_gate_pv2_r2_wa_trace-a2e8ab_b8_k8_isolated,isolated,ours,0,9,l0_ms,2.500896,recorder
20260829-090925_perlmutter_33522f83,ours_l01_s1_gate_pv2_r2_wa_trace-a2e8ab_b8_k8_isolated,isolated,ours,0,0,act_ms,0.048768,recorder
20260829-090925_perlmutter_33522f83,ours_l01_s1_gate_pv2_r2_wa_trace-a2e8ab_b8_k8_isolated,isolated,ours,0,1,act_ms,0.047776,recorder
20260829-090925_perlmutter_33522f83,ours_l01_s1_gate_pv2_r2_wa_trace-a2e8ab_b8_k8_isolated,isolated,ours,0,2,act_ms,0.048384,recorder
20260829-090925_perlmutter_33522f83,ours_l01_s1_gate_pv2_r2_wa_trace-a2e8ab_b8_k8_isolated,isolated,ours,0,3,act_ms,0.045344,recorder
20260829-090925_perlmutter_33522f83,ours_l01_s1_gate_pv2_r2_wa_trace-a2e8ab_b8_k8_isolated,isolated,ours,0,4,act_ms,0.047648,recorder
20260829-090925_perlmutter_33522f83,ours_l01_s1_gate_pv2_r2_wa_trace-a2e8ab_b8_k8_isolated,isolated,ours,0,5,act_ms,0.045696,recorder
20260829-090925_perlmutter_33522f83,ours_l01_s1_gate_pv2_r2_wa_trace-a2e8ab_b8_k8_isolated,isolated,ours,0,6,act_ms,0.047648,recorder
20260829-090925_perlmutter_33522f83,ours_l01_s1_gate_pv2_r2_wa_trace-a2e8ab_b8_k8_isolated,isolated,ours,0,7,act_ms,0.049152,recorder
20260829-090925_perlmutter_33522f83,ours_l01_s1_gate_pv2_r2_wa_trace-a2e8ab_b8_k8_isolated,isolated,ours,0,8,act_ms,0.04976,recorder
20260829-090925_perlmutter_33522f83,ours_l01_s1_gate_pv2_r2_wa_trace-a2e8ab_b8_k8_isolated,isolated,ours,0,9,act_ms,0.048992,recorder
20260829-090925_perlmutter_33522f83,ours_l01_s1_gate_pv2_r2_wa_trace-a2e8ab_b8_k8_isolated,isolated,ours,0,0,l1_ms,3.106208,recorder
20260829-090925_perlmutter_33522f83,ours_l01_s1_gate_pv2_r2_wa_trace-a2e8ab_b8_k8_isolated,isolated,ours,0,1,l1_ms,3.022912,recorder
20260829-090925_perlmutter_33522f83,ours_l01_s1_gate_pv2_r2_wa_trace-a2e8ab_b8_k8_isolated,isolated,ours,0,2,l1_ms,3.02384,recorder
20260829-090925_perlmutter_33522f83,ours_l01_s1_gate_pv2_r2_wa_trace-a2e8ab_b8_k8_isolated,isolated,ours,0,3,l1_ms,3.055168,recorder
20260829-090925_perlmutter_33522f83,ours_l01_s1_gate_pv2_r2_wa_trace-a2e8ab_b8_k8_isolated,isolated,ours,0,4,l1_ms,2.992992,recorder
20260829-090925_perlmutter_33522f83,ours_l01_s1_gate_pv2_r2_wa_trace-a2e8ab_b8_k8_isolated,isolated,ours,0,5,l1_ms,3.168576,recorder
20260829-090925_perlmutter_33522f83,ours_l01_s1_gate_pv2_r2_wa_trace-a2e8ab_b8_k8_isolated,isolated,ours,0,6,l1_ms,3.25232,recorder
20260829-090925_perlmutter_33522f83,ours_l01_s1_gate_pv2_r2_wa_trace-a2e8ab_b8_k8_isolated,isolated,ours,0,7,l1_ms,3.145248,recorder
20260829-090925_perlmutter_33522f83,ours_l01_s1_gate_pv2_r2_wa_trace-a2e8ab_b8_k8_isolated,isolated,ours,0,8,l1_ms,2.91168,recorder
20260829-090925_perlmutter_33522f83,ours_l01_s1_gate_pv2_r2_wa_trace-a2e8ab_b8_k8_isolated,isolated,ours,0,9,l1_ms,3.068352,recorder
20260829-090925_perlmutter_33522f83,ours_l01_s1_gate_pv2_r2_wa_trace-a2e8ab_b8_k8_isolated,isolated,ours,0,0,plan_comm_ms,0.55024,recorder
20260829-090925_perlmutter_33522f83,ours_l01_s1_gate_pv2_r2_wa_trace-a2e8ab_b8_k8_isolated,isolated,ours,0,1,plan_comm_ms,0.585888,recorder
20260829-090925_perlmutter_33522f83,ours_l01_s1_gate_pv2_r2_wa_trace-a2e8ab_b8_k8_isolated,isolated,ours,0,2,plan_comm_ms,0.52064,recorder
20260829-090925_perlmutter_33522f83,ours_l01_s1_gate_pv2_r2_wa_trace-a2e8ab_b8_k8_isolated,isolated,ours,0,3,plan_comm_ms,0.321056,recorder
20260829-090925_perlmutter_33522f83,ours_l01_s1_gate_pv2_r2_wa_trace-a2e8ab_b8_k8_isolated,isolated,ours,0,4,plan_comm_ms,0.26016,recorder
20260829-090925_perlmutter_33522f83,ours_l01_s1_gate_pv2_r2_wa_trace-a2e8ab_b8_k8_isolated,isolated,ours,0,5,plan_comm_ms,0.285312,recorder
20260829-090925_perlmutter_33522f83,ours_l01_s1_gate_pv2_r2_wa_trace-a2e8ab_b8_k8_isolated,isolated,ours,0,6,plan_comm_ms,0.849152,recorder
20260829-090925_perlmutter_33522f83,ours_l01_s1_gate_pv2_r2_wa_trace-a2e8ab_b8_k8_isolated,isolated,ours,0,7,plan_comm_ms,0.286112,recorder
20260829-090925_perlmutter_33522f83,ours_l01_s1_gate_pv2_r2_wa_trace-a2e8ab_b8_k8_isolated,isolated,ours,0,8,plan_comm_ms,0.280256,recorder
20260829-090925_perlmutter_33522f83,ours_l01_s1_gate_pv2_r2_wa_trace-a2e8ab_b8_k8_isolated,isolated,ours,0,9,plan_comm_ms,0.53856,recorder
20260829-090925_perlmutter_33522f83,ours_l01_s1_gate_pv2_r2_wa_trace-a2e8ab_b8_k8_isolated,isolated,ours,0,0,place_ms,0.002464,recorder
20260829-090925_perlmutter_33522f83,ours_l01_s1_gate_pv2_r2_wa_trace-a2e8ab_b8_k8_isolated,isolated,ours,0,1,place_ms,0.002368,recorder
20260829-090925_perlmutter_33522f83,ours_l01_s1_gate_pv2_r2_wa_trace-a2e8ab_b8_k8_isolated,isolated,ours,0,2,place_ms,0.002368,recorder
20260829-090925_perlmutter_33522f83,ours_l01_s1_gate_pv2_r2_wa_trace-a2e8ab_b8_k8_isolated,isolated,ours,0,3,place_ms,0.002656,recorder
20260829-090925_perlmutter_33522f83,ours_l01_s1_gate_pv2_r2_wa_trace-a2e8ab_b8_k8_isolated,isolated,ours,0,4,place_ms,0.002336,recorder
20260829-090925_perlmutter_33522f83,ours_l01_s1_gate_pv2_r2_wa_trace-a2e8ab_b8_k8_isolated,isolated,ours,0,5,place_ms,0.002368,recorder
20260829-090925_perlmutter_33522f83,ours_l01_s1_gate_pv2_r2_wa_trace-a2e8ab_b8_k8_isolated,isolated,ours,0,6,place_ms,0.002336,recorder
20260829-090925_perlmutter_33522f83,ours_l01_s1_gate_pv2_r2_wa_trace-a2e8ab_b8_k8_isolated,isolated,ours,0,7,place_ms,0.002368,recorder
20260829-090925_perlmutter_33522f83,ours_l01_s1_gate_pv2_r2_wa_trace-a2e8ab_b8_k8_isolated,isolated,ours,0,8,place_ms,0.002336,recorder
20260829-090925_perlmutter_33522f83,ours_l01_s1_gate_pv2_r2_wa_trace-a2e8ab_b8_k8_isolated,isolated,ours,0,9,place_ms,0.002368,recorder
20260829-090925_perlmutter_33522f83,ours_l01_s1_gate_pv2_r2_wa_trace-a2e8ab_b8_k8_isolated,isolated,ours,0,0,plan_ms,3.927584,recorder
20260829-090925_perlmutter_33522f83,ours_l01_s1_gate_pv2_r2_wa_trace-a2e8ab_b8_k8_isolated,isolated,ours,0,1,plan_ms,3.884992,recorder
20260829-090925_perlmutter_33522f83,ours_l01_s1_gate_pv2_r2_wa_trace-a2e8ab_b8_k8_isolated,isolated,ours,0,2,plan_ms,3.93104,recorder
20260829-090925_perlmutter_33522f83,ours_l01_s1_gate_pv2_r2_wa_trace-a2e8ab_b8_k8_isolated,isolated,ours,0,3,plan_ms,3.871488,recorder
20260829-090925_perlmutter_33522f83,ours_l01_s1_gate_pv2_r2_wa_trace-a2e8ab_b8_k8_isolated,isolated,ours,0,4,plan_ms,3.870592,recorder
20260829-090925_perlmutter_33522f83,ours_l01_s1_gate_pv2_r2_wa_trace-a2e8ab_b8_k8_isolated,isolated,ours,0,5,plan_ms,4.281376,recorder
20260829-090925_perlmutter_33522f83,ours_l01_s1_gate_pv2_r2_wa_trace-a2e8ab_b8_k8_isolated,isolated,ours,0,6,plan_ms,3.996096,recorder
20260829-090925_perlmutter_33522f83,ours_l01_s1_gate_pv2_r2_wa_trace-a2e8ab_b8_k8_isolated,isolated,ours,0,7,plan_ms,4.011072,recorder
20260829-090925_perlmutter_33522f83,ours_l01_s1_gate_pv2_r2_wa_trace-a2e8ab_b8_k8_isolated,isolated,ours,0,8,plan_ms,3.919264,recorder
20260829-090925_perlmutter_33522f83,ours_l01_s1_gate_pv2_r2_wa_trace-a2e8ab_b8_k8_isolated,isolated,ours,0,9,plan_ms,3.8112,recorder
20260829-090925_perlmutter_33522f83,ours_l01_s1_gate_pv2_r2_wa_trace-a2e8ab_b8_k8_isolated,isolated,ours,0,0,total_ms,11.086848,recorder
20260829-090925_perlmutter_33522f83,ours_l01_s1_gate_pv2_r2_wa_trace-a2e8ab_b8_k8_isolated,isolated,ours,0,1,total_ms,10.649088,recorder
20260829-090925_perlmutter_33522f83,ours_l01_s1_gate_pv2_r2_wa_trace-a2e8ab_b8_k8_isolated,isolated,ours,0,2,total_ms,10.541408,recorder
20260829-090925_perlmutter_33522f83,ours_l01_s1_gate_pv2_r2_wa_trace-a2e8ab_b8_k8_isolated,isolated,ours,0,3,total_ms,11.009504,recorder
20260829-090925_perlmutter_33522f83,ours_l01_s1_gate_pv2_r2_wa_trace-a2e8ab_b8_k8_isolated,isolated,ours,0,4,total_ms,9.957376,recorder
20260829-090925_perlmutter_33522f83,ours_l01_s1_gate_pv2_r2_wa_trace-a2e8ab_b8_k8_isolated,isolated,ours,0,5,total_ms,10.415968,recorder
20260829-090925_perlmutter_33522f83,ours_l01_s1_gate_pv2_r2_wa_trace-a2e8ab_b8_k8_isolated,isolated,ours,0,6,total_ms,11.102688,recorder
20260829-090925_perlmutter_33522f83,ours_l01_s1_gate_pv2_r2_wa_trace-a2e8ab_b8_k8_isolated,isolated,ours,0,7,total_ms,10.983328,recorder
20260829-090925_perlmutter_33522f83,ours_l01_s1_gate_pv2_r2_wa_trace-a2e8ab_b8_k8_isolated,isolated,ours,0,8,total_ms,10.487488,recorder
20260829-090925_perlmutter_33522f83,ours_l01_s1_gate_pv2_r2_wa_trace-a2e8ab_b8_k8_isolated,isolated,ours,0,9,total_ms,9.985248,recorder
20260829-090925_perlmutter_33522f83,ours_l01_s1_gate_pv2_r2_wa_trace-a2e8ab_b8_k8_isolated,isolated,ours,0,0,iso_sync_ms,205.892767,recorder
20260829-090925_perlmutter_33522f83,ours_l01_s1_gate_pv2_r2_wa_trace-a2e8ab_b8_k8_isolated,isolated,ours,0,1,iso_sync_ms,205.055679,recorder
20260829-090925_perlmutter_33522f83,ours_l01_s1_gate_pv2_r2_wa_trace-a2e8ab_b8_k8_isolated,isolated,ours,0,2,iso_sync_ms,205.200178,recorder
20260829-090925_perlmutter_33522f83,ours_l01_s1_gate_pv2_r2_wa_trace-a2e8ab_b8_k8_isolated,isolated,ours,0,3,iso_sync_ms,202.323693,recorder
20260829-090925_perlmutter_33522f83,ours_l01_s1_gate_pv2_r2_wa_trace-a2e8ab_b8_k8_isolated,isolated,ours,0,4,iso_sync_ms,202.784403,recorder
20260829-090925_perlmutter_33522f83,ours_l01_s1_gate_pv2_r2_wa_trace-a2e8ab_b8_k8_isolated,isolated,ours,0,5,iso_sync_ms,198.691689,recorder
20260829-090925_perlmutter_33522f83,ours_l01_s1_gate_pv2_r2_wa_trace-a2e8ab_b8_k8_isolated,isolated,ours,0,6,iso_sync_ms,202.651477,recorder
20260829-090925_perlmutter_33522f83,ours_l01_s1_gate_pv2_r2_wa_trace-a2e8ab_b8_k8_isolated,isolated,ours,0,7,iso_sync_ms,202.793411,recorder
20260829-090925_perlmutter_33522f83,ours_l01_s1_gate_pv2_r2_wa_trace-a2e8ab_b8_k8_isolated,isolated,ours,0,8,iso_sync_ms,202.366426,recorder
20260829-090925_perlmutter_33522f83,ours_l01_s1_gate_pv2_r2_wa_trace-a2e8ab_b8_k8_isolated,isolated,ours,0,9,iso_sync_ms,201.346585,recorder
20260829-090925_perlmutter_33522f83,ours_l01_s1_gate_pv2_r2_wa_trace-a2e8ab_b8_k8_isolated,isolated,ours,1,0,e2e_ms,6.564896,recorder
20260829-090925_perlmutter_33522f83,ours_l01_s1_gate_pv2_r2_wa_trace-a2e8ab_b8_k8_isolated,isolated,ours,1,1,e2e_ms,6.257568,recorder
20260829-090925_perlmutter_33522f83,ours_l01_s1_gate_pv2_r2_wa_trace-a2e8ab_b8_k8_isolated,isolated,ours,1,2,e2e_ms,6.170752,recorder
20260829-090925_perlmutter_33522f83,ours_l01_s1_gate_pv2_r2_wa_trace-a2e8ab_b8_k8_isolated,isolated,ours,1,3,e2e_ms,6.877824,recorder
20260829-090925_perlmutter_33522f83,ours_l01_s1_gate_pv2_r2_wa_trace-a2e8ab_b8_k8_isolated,isolated,ours,1,4,e2e_ms,5.97312,recorder
20260829-090925_perlmutter_33522f83,ours_l01_s1_gate_pv2_r2_wa_trace-a2e8ab_b8_k8_isolated,isolated,ours,1,5,e2e_ms,6.296672,recorder
20260829-090925_perlmutter_33522f83,ours_l01_s1_gate_pv2_r2_wa_trace-a2e8ab_b8_k8_isolated,isolated,ours,1,6,e2e_ms,6.186528,recorder
20260829-090925_perlmutter_33522f83,ours_l01_s1_gate_pv2_r2_wa_trace-a2e8ab_b8_k8_isolated,isolated,ours,1,7,e2e_ms,6.74704,recorder
20260829-090925_perlmutter_33522f83,ours_l01_s1_gate_pv2_r2_wa_trace-a2e8ab_b8_k8_isolated,isolated,ours,1,8,e2e_ms,6.35184,recorder
20260829-090925_perlmutter_33522f83,ours_l01_s1_gate_pv2_r2_wa_trace-a2e8ab_b8_k8_isolated,isolated,ours,1,9,e2e_ms,5.696224,recorder
20260829-090925_perlmutter_33522f83,ours_l01_s1_gate_pv2_r2_wa_trace-a2e8ab_b8_k8_isolated,isolated,ours,1,0,l0_ms,3.418432,recorder
20260829-090925_perlmutter_33522f83,ours_l01_s1_gate_pv2_r2_wa_trace-a2e8ab_b8_k8_isolated,isolated,ours,1,1,l0_ms,3.146496,recorder
20260829-090925_perlmutter_33522f83,ours_l01_s1_gate_pv2_r2_wa_trace-a2e8ab_b8_k8_isolated,isolated,ours,1,2,l0_ms,3.097216,recorder
20260829-090925_perlmutter_33522f83,ours_l01_s1_gate_pv2_r2_wa_trace-a2e8ab_b8_k8_isolated,isolated,ours,1,3,l0_ms,3.760576,recorder
20260829-090925_perlmutter_33522f83,ours_l01_s1_gate_pv2_r2_wa_trace-a2e8ab_b8_k8_isolated,isolated,ours,1,4,l0_ms,2.891296,recorder
20260829-090925_perlmutter_33522f83,ours_l01_s1_gate_pv2_r2_wa_trace-a2e8ab_b8_k8_isolated,isolated,ours,1,5,l0_ms,3.082496,recorder
20260829-090925_perlmutter_33522f83,ours_l01_s1_gate_pv2_r2_wa_trace-a2e8ab_b8_k8_isolated,isolated,ours,1,6,l0_ms,2.86752,recorder
20260829-090925_perlmutter_33522f83,ours_l01_s1_gate_pv2_r2_wa_trace-a2e8ab_b8_k8_isolated,isolated,ours,1,7,l0_ms,3.524544,recorder
20260829-090925_perlmutter_33522f83,ours_l01_s1_gate_pv2_r2_wa_trace-a2e8ab_b8_k8_isolated,isolated,ours,1,8,l0_ms,3.322432,recorder
20260829-090925_perlmutter_33522f83,ours_l01_s1_gate_pv2_r2_wa_trace-a2e8ab_b8_k8_isolated,isolated,ours,1,9,l0_ms,2.569376,recorder
20260829-090925_perlmutter_33522f83,ours_l01_s1_gate_pv2_r2_wa_trace-a2e8ab_b8_k8_isolated,isolated,ours,1,0,act_ms,0.058208,recorder
20260829-090925_perlmutter_33522f83,ours_l01_s1_gate_pv2_r2_wa_trace-a2e8ab_b8_k8_isolated,isolated,ours,1,1,act_ms,0.05568,recorder
20260829-090925_perlmutter_33522f83,ours_l01_s1_gate_pv2_r2_wa_trace-a2e8ab_b8_k8_isolated,isolated,ours,1,2,act_ms,0.05408,recorder
20260829-090925_perlmutter_33522f83,ours_l01_s1_gate_pv2_r2_wa_trace-a2e8ab_b8_k8_isolated,isolated,ours,1,3,act_ms,0.056384,recorder
20260829-090925_perlmutter_33522f83,ours_l01_s1_gate_pv2_r2_wa_trace-a2e8ab_b8_k8_isolated,isolated,ours,1,4,act_ms,0.053728,recorder
20260829-090925_perlmutter_33522f83,ours_l01_s1_gate_pv2_r2_wa_trace-a2e8ab_b8_k8_isolated,isolated,ours,1,5,act_ms,0.054176,recorder
20260829-090925_perlmutter_33522f83,ours_l01_s1_gate_pv2_r2_wa_trace-a2e8ab_b8_k8_isolated,isolated,ours,1,6,act_ms,0.054272,recorder
20260829-090925_perlmutter_33522f83,ours_l01_s1_gate_pv2_r2_wa_trace-a2e8ab_b8_k8_isolated,isolated,ours,1,7,act_ms,0.056608,recorder
20260829-090925_perlmutter_33522f83,ours_l01_s1_gate_pv2_r2_wa_trace-a2e8ab_b8_k8_isolated,isolated,ours,1,8,act_ms,0.0568,recorder
20260829-090925_perlmutter_33522f83,ours_l01_s1_gate_pv2_r2_wa_trace-a2e8ab_b8_k8_isolated,isolated,ours,1,9,act_ms,0.054336,recorder
20260829-090925_perlmutter_33522f83,ours_l01_s1_gate_pv2_r2_wa_trace-a2e8ab_b8_k8_isolated,isolated,ours,1,0,l1_ms,3.088256,recorder
20260829-090925_perlmutter_33522f83,ours_l01_s1_gate_pv2_r2_wa_trace-a2e8ab_b8_k8_isolated,isolated,ours,1,1,l1_ms,3.055392,recorder
20260829-090925_perlmutter_33522f83,ours_l01_s1_gate_pv2_r2_wa_trace-a2e8ab_b8_k8_isolated,isolated,ours,1,2,l1_ms,3.019456,recorder
20260829-090925_perlmutter_33522f83,ours_l01_s1_gate_pv2_r2_wa_trace-a2e8ab_b8_k8_isolated,isolated,ours,1,3,l1_ms,3.060864,recorder
20260829-090925_perlmutter_33522f83,ours_l01_s1_gate_pv2_r2_wa_trace-a2e8ab_b8_k8_isolated,isolated,ours,1,4,l1_ms,3.028096,recorder
20260829-090925_perlmutter_33522f83,ours_l01_s1_gate_pv2_r2_wa_trace-a2e8ab_b8_k8_isolated,isolated,ours,1,5,l1_ms,3.16,recorder
20260829-090925_perlmutter_33522f83,ours_l01_s1_gate_pv2_r2_wa_trace-a2e8ab_b8_k8_isolated,isolated,ours,1,6,l1_ms,3.264736,recorder
20260829-090925_perlmutter_33522f83,ours_l01_s1_gate_pv2_r2_wa_trace-a2e8ab_b8_k8_isolated,isolated,ours,1,7,l1_ms,3.165888,recorder
20260829-090925_perlmutter_33522f83,ours_l01_s1_gate_pv2_r2_wa_trace-a2e8ab_b8_k8_isolated,isolated,ours,1,8,l1_ms,2.972608,recorder
20260829-090925_perlmutter_33522f83,ours_l01_s1_gate_pv2_r2_wa_trace-a2e8ab_b8_k8_isolated,isolated,ours,1,9,l1_ms,3.072512,recorder
20260829-090925_perlmutter_33522f83,ours_l01_s1_gate_pv2_r2_wa_trace-a2e8ab_b8_k8_isolated,isolated,ours,1,0,plan_comm_ms,0.56512,recorder
20260829-090925_perlmutter_33522f83,ours_l01_s1_gate_pv2_r2_wa_trace-a2e8ab_b8_k8_isolated,isolated,ours,1,1,plan_comm_ms,0.60176,recorder
20260829-090925_perlmutter_33522f83,ours_l01_s1_gate_pv2_r2_wa_trace-a2e8ab_b8_k8_isolated,isolated,ours,1,2,plan_comm_ms,0.524896,recorder
20260829-090925_perlmutter_33522f83,ours_l01_s1_gate_pv2_r2_wa_trace-a2e8ab_b8_k8_isolated,isolated,ours,1,3,plan_comm_ms,0.3288,recorder
20260829-090925_perlmutter_33522f83,ours_l01_s1_gate_pv2_r2_wa_trace-a2e8ab_b8_k8_isolated,isolated,ours,1,4,plan_comm_ms,0.278272,recorder
20260829-090925_perlmutter_33522f83,ours_l01_s1_gate_pv2_r2_wa_trace-a2e8ab_b8_k8_isolated,isolated,ours,1,5,plan_comm_ms,0.296768,recorder
20260829-090925_perlmutter_33522f83,ours_l01_s1_gate_pv2_r2_wa_trace-a2e8ab_b8_k8_isolated,isolated,ours,1,6,plan_comm_ms,0.83232,recorder
20260829-090925_perlmutter_33522f83,ours_l01_s1_gate_pv2_r2_wa_trace-a2e8ab_b8_k8_isolated,isolated,ours,1,7,plan_comm_ms,0.293984,recorder
20260829-090925_perlmutter_33522f83,ours_l01_s1_gate_pv2_r2_wa_trace-a2e8ab_b8_k8_isolated,isolated,ours,1,8,plan_comm_ms,0.29008,recorder
20260829-090925_perlmutter_33522f83,ours_l01_s1_gate_pv2_r2_wa_trace-a2e8ab_b8_k8_isolated,isolated,ours,1,9,plan_comm_ms,0.537952,recorder
20260829-090925_perlmutter_33522f83,ours_l01_s1_gate_pv2_r2_wa_trace-a2e8ab_b8_k8_isolated,isolated,ours,1,0,place_ms,0.002304,recorder
20260829-090925_perlmutter_33522f83,ours_l01_s1_gate_pv2_r2_wa_trace-a2e8ab_b8_k8_isolated,isolated,ours,1,1,place_ms,0.002304,recorder
20260829-090925_perlmutter_33522f83,ours_l01_s1_gate_pv2_r2_wa_trace-a2e8ab_b8_k8_isolated,isolated,ours,1,2,place_ms,0.0024,recorder
20260829-090925_perlmutter_33522f83,ours_l01_s1_gate_pv2_r2_wa_trace-a2e8ab_b8_k8_isolated,isolated,ours,1,3,place_ms,0.002304,recorder
20260829-090925_perlmutter_33522f83,ours_l01_s1_gate_pv2_r2_wa_trace-a2e8ab_b8_k8_isolated,isolated,ours,1,4,place_ms,0.002304,recorder
20260829-090925_perlmutter_33522f83,ours_l01_s1_gate_pv2_r2_wa_trace-a2e8ab_b8_k8_isolated,isolated,ours,1,5,place_ms,0.002304,recorder
20260829-090925_perlmutter_33522f83,ours_l01_s1_gate_pv2_r2_wa_trace-a2e8ab_b8_k8_isolated,isolated,ours,1,6,place_ms,0.002336,recorder
20260829-090925_perlmutter_33522f83,ours_l01_s1_gate_pv2_r2_wa_trace-a2e8ab_b8_k8_isolated,isolated,ours,1,7,place_ms,0.002304,recorder
20260829-090925_perlmutter_33522f83,ours_l01_s1_gate_pv2_r2_wa_trace-a2e8ab_b8_k8_isolated,isolated,ours,1,8,place_ms,0.002304,recorder
20260829-090925_perlmutter_33522f83,ours_l01_s1_gate_pv2_r2_wa_trace-a2e8ab_b8_k8_isolated,isolated,ours,1,9,place_ms,0.002304,recorder
20260829-090925_perlmutter_33522f83,ours_l01_s1_gate_pv2_r2_wa_trace-a2e8ab_b8_k8_isolated,isolated,ours,1,0,plan_ms,3.960096,recorder
20260829-090925_perlmutter_33522f83,ours_l01_s1_gate_pv2_r2_wa_trace-a2e8ab_b8_k8_isolated,isolated,ours,1,1,plan_ms,3.793632,recorder
20260829-090925_perlmutter_33522f83,ours_l01_s1_gate_pv2_r2_wa_trace-a2e8ab_b8_k8_isolated,isolated,ours,1,2,plan_ms,3.840096,recorder
20260829-090925_perlmutter_33522f83,ours_l01_s1_gate_pv2_r2_wa_trace-a2e8ab_b8_k8_isolated,isolated,ours,1,3,plan_ms,3.800096,recorder
20260829-090925_perlmutter_33522f83,ours_l01_s1_gate_pv2_r2_wa_trace-a2e8ab_b8_k8_isolated,isolated,ours,1,4,plan_ms,3.71536,recorder
20260829-090925_perlmutter_33522f83,ours_l01_s1_gate_pv2_r2_wa_trace-a2e8ab_b8_k8_isolated,isolated,ours,1,5,plan_ms,3.823328,recorder
20260829-090925_perlmutter_33522f83,ours_l01_s1_gate_pv2_r2_wa_trace-a2e8ab_b8_k8_isolated,isolated,ours,1,6,plan_ms,4.079296,recorder
20260829-090925_perlmutter_33522f83,ours_l01_s1_gate_pv2_r2_wa_trace-a2e8ab_b8_k8_isolated,isolated,ours,1,7,plan_ms,3.962656,recorder
20260829-090925_perlmutter_33522f83,ours_l01_s1_gate_pv2_r2_wa_trace-a2e8ab_b8_k8_isolated,isolated,ours,1,8,plan_ms,3.846528,recorder
20260829-090925_perlmutter_33522f83,ours_l01_s1_gate_pv2_r2_wa_trace-a2e8ab_b8_k8_isolated,isolated,ours,1,9,plan_ms,3.737696,recorder
20260829-090925_perlmutter_33522f83,ours_l01_s1_gate_pv2_r2_wa_trace-a2e8ab_b8_k8_isolated,isolated,ours,1,0,total_ms,11.107104,recorder
20260829-090925_perlmutter_33522f83,ours_l01_s1_gate_pv2_r2_wa_trace-a2e8ab_b8_k8_isolated,isolated,ours,1,1,total_ms,10.670784,recorder
20260829-090925_perlmutter_33522f83,ours_l01_s1_gate_pv2_r2_wa_trace-a2e8ab_b8_k8_isolated,isolated,ours,1,2,total_ms,10.552416,recorder
20260829-090925_perlmutter_33522f83,ours_l01_s1_gate_pv2_r2_wa_trace-a2e8ab_b8_k8_isolated,isolated,ours,1,3,total_ms,11.022912,recorder
20260829-090925_perlmutter_33522f83,ours_l01_s1_gate_pv2_r2_wa_trace-a2e8ab_b8_k8_isolated,isolated,ours,1,4,total_ms,9.984896,recorder
20260829-090925_perlmutter_33522f83,ours_l01_s1_gate_pv2_r2_wa_trace-a2e8ab_b8_k8_isolated,isolated,ours,1,5,total_ms,10.433056,recorder
20260829-090925_perlmutter_33522f83,ours_l01_s1_gate_pv2_r2_wa_trace-a2e8ab_b8_k8_isolated,isolated,ours,1,6,total_ms,11.114304,recorder
20260829-090925_perlmutter_33522f83,ours_l01_s1_gate_pv2_r2_wa_trace-a2e8ab_b8_k8_isolated,isolated,ours,1,7,total_ms,11.019808,recorder
20260829-090925_perlmutter_33522f83,ours_l01_s1_gate_pv2_r2_wa_trace-a2e8ab_b8_k8_isolated,isolated,ours,1,8,total_ms,10.50464,recorder
20260829-090925_perlmutter_33522f83,ours_l01_s1_gate_pv2_r2_wa_trace-a2e8ab_b8_k8_isolated,isolated,ours,1,9,total_ms,9.989344,recorder
20260829-090925_perlmutter_33522f83,ours_l01_s1_gate_pv2_r2_wa_trace-a2e8ab_b8_k8_isolated,isolated,ours,1,0,iso_sync_ms,118.83429,recorder
20260829-090925_perlmutter_33522f83,ours_l01_s1_gate_pv2_r2_wa_trace-a2e8ab_b8_k8_isolated,isolated,ours,1,1,iso_sync_ms,115.609844,recorder
20260829-090925_perlmutter_33522f83,ours_l01_s1_gate_pv2_r2_wa_trace-a2e8ab_b8_k8_isolated,isolated,ours,1,2,iso_sync_ms,116.570288,recorder
20260829-090925_perlmutter_33522f83,ours_l01_s1_gate_pv2_r2_wa_trace-a2e8ab_b8_k8_isolated,isolated,ours,1,3,iso_sync_ms,116.902179,recorder
20260829-090925_perlmutter_33522f83,ours_l01_s1_gate_pv2_r2_wa_trace-a2e8ab_b8_k8_isolated,isolated,ours,1,4,iso_sync_ms,116.433173,recorder
20260829-090925_perlmutter_33522f83,ours_l01_s1_gate_pv2_r2_wa_trace-a2e8ab_b8_k8_isolated,isolated,ours,1,5,iso_sync_ms,115.20439,recorder
20260829-090925_perlmutter_33522f83,ours_l01_s1_gate_pv2_r2_wa_trace-a2e8ab_b8_k8_isolated,isolated,ours,1,6,iso_sync_ms,114.490732,recorder
20260829-090925_perlmutter_33522f83,ours_l01_s1_gate_pv2_r2_wa_trace-a2e8ab_b8_k8_isolated,isolated,ours,1,7,iso_sync_ms,117.239341,recorder
20260829-090925_perlmutter_33522f83,ours_l01_s1_gate_pv2_r2_wa_trace-a2e8ab_b8_k8_isolated,isolated,ours,1,8,iso_sync_ms,115.198229,recorder
20260829-090925_perlmutter_33522f83,ours_l01_s1_gate_pv2_r2_wa_trace-a2e8ab_b8_k8_isolated,isolated,ours,1,9,iso_sync_ms,114.604542,recorder
20260829-090925_perlmutter_33522f83,ours_l01_s1_gate_pv2_r2_wa_trace-a2e8ab_b8_k8_isolated,isolated,ours,2,0,e2e_ms,6.63536,recorder
20260829-090925_perlmutter_33522f83,ours_l01_s1_gate_pv2_r2_wa_trace-a2e8ab_b8_k8_isolated,isolated,ours,2,1,e2e_ms,6.233888,recorder
20260829-090925_perlmutter_33522f83,ours_l01_s1_gate_pv2_r2_wa_trace-a2e8ab_b8_k8_isolated,isolated,ours,2,2,e2e_ms,6.067712,recorder
20260829-090925_perlmutter_33522f83,ours_l01_s1_gate_pv2_r2_wa_trace-a2e8ab_b8_k8_isolated,isolated,ours,2,3,e2e_ms,6.842272,recorder
20260829-090925_perlmutter_33522f83,ours_l01_s1_gate_pv2_r2_wa_trace-a2e8ab_b8_k8_isolated,isolated,ours,2,4,e2e_ms,5.932992,recorder
20260829-090925_perlmutter_33522f83,ours_l01_s1_gate_pv2_r2_wa_trace-a2e8ab_b8_k8_isolated,isolated,ours,2,5,e2e_ms,6.15952,recorder
20260829-090925_perlmutter_33522f83,ours_l01_s1_gate_pv2_r2_wa_trace-a2e8ab_b8_k8_isolated,isolated,ours,2,6,e2e_ms,6.144384,recorder
20260829-090925_perlmutter_33522f83,ours_l01_s1_gate_pv2_r2_wa_trace-a2e8ab_b8_k8_isolated,isolated,ours,2,7,e2e_ms,6.28816,recorder
20260829-090925_perlmutter_33522f83,ours_l01_s1_gate_pv2_r2_wa_trace-a2e8ab_b8_k8_isolated,isolated,ours,2,8,e2e_ms,6.244096,recorder
20260829-090925_perlmutter_33522f83,ours_l01_s1_gate_pv2_r2_wa_trace-a2e8ab_b8_k8_isolated,isolated,ours,2,9,e2e_ms,5.707552,recorder
20260829-090925_perlmutter_33522f83,ours_l01_s1_gate_pv2_r2_wa_trace-a2e8ab_b8_k8_isolated,isolated,ours,2,0,l0_ms,3.357088,recorder
20260829-090925_perlmutter_33522f83,ours_l01_s1_gate_pv2_r2_wa_trace-a2e8ab_b8_k8_isolated,isolated,ours,2,1,l0_ms,3.122912,recorder
20260829-090925_perlmutter_33522f83,ours_l01_s1_gate_pv2_r2_wa_trace-a2e8ab_b8_k8_isolated,isolated,ours,2,2,l0_ms,2.839872,recorder
20260829-090925_perlmutter_33522f83,ours_l01_s1_gate_pv2_r2_wa_trace-a2e8ab_b8_k8_isolated,isolated,ours,2,3,l0_ms,3.70848,recorder
20260829-090925_perlmutter_33522f83,ours_l01_s1_gate_pv2_r2_wa_trace-a2e8ab_b8_k8_isolated,isolated,ours,2,4,l0_ms,2.852448,recorder
20260829-090925_perlmutter_33522f83,ours_l01_s1_gate_pv2_r2_wa_trace-a2e8ab_b8_k8_isolated,isolated,ours,2,5,l0_ms,2.950432,recorder
20260829-090925_perlmutter_33522f83,ours_l01_s1_gate_pv2_r2_wa_trace-a2e8ab_b8_k8_isolated,isolated,ours,2,6,l0_ms,2.8176,recorder
20260829-090925_perlmutter_33522f83,ours_l01_s1_gate_pv2_r2_wa_trace-a2e8ab_b8_k8_isolated,isolated,ours,2,7,l0_ms,3.063616,recorder
20260829-090925_perlmutter_33522f83,ours_l01_s1_gate_pv2_r2_wa_trace-a2e8ab_b8_k8_isolated,isolated,ours,2,8,l0_ms,3.163264,recorder
20260829-090925_perlmutter_33522f83,ours_l01_s1_gate_pv2_r2_wa_trace-a2e8ab_b8_k8_isolated,isolated,ours,2,9,l0_ms,2.5616,recorder
20260829-090925_perlmutter_33522f83,ours_l01_s1_gate_pv2_r2_wa_trace-a2e8ab_b8_k8_isolated,isolated,ours,2,0,act_ms,0.055616,recorder
20260829-090925_perlmutter_33522f83,ours_l01_s1_gate_pv2_r2_wa_trace-a2e8ab_b8_k8_isolated,isolated,ours,2,1,act_ms,0.057376,recorder
20260829-090925_perlmutter_33522f83,ours_l01_s1_gate_pv2_r2_wa_trace-a2e8ab_b8_k8_isolated,isolated,ours,2,2,act_ms,0.058336,recorder
20260829-090925_perlmutter_33522f83,ours_l01_s1_gate_pv2_r2_wa_trace-a2e8ab_b8_k8_isolated,isolated,ours,2,3,act_ms,0.058784,recorder
20260829-090925_perlmutter_33522f83,ours_l01_s1_gate_pv2_r2_wa_trace-a2e8ab_b8_k8_isolated,isolated,ours,2,4,act_ms,0.055936,recorder
20260829-090925_perlmutter_33522f83,ours_l01_s1_gate_pv2_r2_wa_trace-a2e8ab_b8_k8_isolated,isolated,ours,2,5,act_ms,0.056608,recorder
20260829-090925_perlmutter_33522f83,ours_l01_s1_gate_pv2_r2_wa_trace-a2e8ab_b8_k8_isolated,isolated,ours,2,6,act_ms,0.055008,recorder
20260829-090925_perlmutter_33522f83,ours_l01_s1_gate_pv2_r2_wa_trace-a2e8ab_b8_k8_isolated,isolated,ours,2,7,act_ms,0.054016,recorder
20260829-090925_perlmutter_33522f83,ours_l01_s1_gate_pv2_r2_wa_trace-a2e8ab_b8_k8_isolated,isolated,ours,2,8,act_ms,0.052928,recorder
20260829-090925_perlmutter_33522f83,ours_l01_s1_gate_pv2_r2_wa_trace-a2e8ab_b8_k8_isolated,isolated,ours,2,9,act_ms,0.056192,recorder
20260829-090925_perlmutter_33522f83,ours_l01_s1_gate_pv2_r2_wa_trace-a2e8ab_b8_k8_isolated,isolated,ours,2,0,l1_ms,3.222656,recorder
20260829-090925_perlmutter_33522f83,ours_l01_s1_gate_pv2_r2_wa_trace-a2e8ab_b8_k8_isolated,isolated,ours,2,1,l1_ms,3.0536,recorder
20260829-090925_perlmutter_33522f83,ours_l01_s1_gate_pv2_r2_wa_trace-a2e8ab_b8_k8_isolated,isolated,ours,2,2,l1_ms,3.169504,recorder
20260829-090925_perlmutter_33522f83,ours_l01_s1_gate_pv2_r2_wa_trace-a2e8ab_b8_k8_isolated,isolated,ours,2,3,l1_ms,3.075008,recorder
20260829-090925_perlmutter_33522f83,ours_l01_s1_gate_pv2_r2_wa_trace-a2e8ab_b8_k8_isolated,isolated,ours,2,4,l1_ms,3.024608,recorder
20260829-090925_perlmutter_33522f83,ours_l01_s1_gate_pv2_r2_wa_trace-a2e8ab_b8_k8_isolated,isolated,ours,2,5,l1_ms,3.15248,recorder
20260829-090925_perlmutter_33522f83,ours_l01_s1_gate_pv2_r2_wa_trace-a2e8ab_b8_k8_isolated,isolated,ours,2,6,l1_ms,3.271776,recorder
20260829-090925_perlmutter_33522f83,ours_l01_s1_gate_pv2_r2_wa_trace-a2e8ab_b8_k8_isolated,isolated,ours,2,7,l1_ms,3.170528,recorder
20260829-090925_perlmutter_33522f83,ours_l01_s1_gate_pv2_r2_wa_trace-a2e8ab_b8_k8_isolated,isolated,ours,2,8,l1_ms,3.027904,recorder
20260829-090925_perlmutter_33522f83,ours_l01_s1_gate_pv2_r2_wa_trace-a2e8ab_b8_k8_isolated,isolated,ours,2,9,l1_ms,3.08976,recorder
20260829-090925_perlmutter_33522f83,ours_l01_s1_gate_pv2_r2_wa_trace-a2e8ab_b8_k8_isolated,isolated,ours,2,0,plan_comm_ms,0.544896,recorder
20260829-090925_perlmutter_33522f83,ours_l01_s1_gate_pv2_r2_wa_trace-a2e8ab_b8_k8_isolated,isolated,ours,2,1,plan_comm_ms,0.594048,recorder
20260829-090925_perlmutter_33522f83,ours_l01_s1_gate_pv2_r2_wa_trace-a2e8ab_b8_k8_isolated,isolated,ours,2,2,plan_comm_ms,0.498944,recorder
20260829-090925_perlmutter_33522f83,ours_l01_s1_gate_pv2_r2_wa_trace-a2e8ab_b8_k8_isolated,isolated,ours,2,3,plan_comm_ms,0.32704,recorder
20260829-090925_perlmutter_33522f83,ours_l01_s1_gate_pv2_r2_wa_trace-a2e8ab_b8_k8_isolated,isolated,ours,2,4,plan_comm_ms,0.273568,recorder
20260829-090925_perlmutter_33522f83,ours_l01_s1_gate_pv2_r2_wa_trace-a2e8ab_b8_k8_isolated,isolated,ours,2,5,plan_comm_ms,0.323584,recorder
20260829-090925_perlmutter_33522f83,ours_l01_s1_gate_pv2_r2_wa_trace-a2e8ab_b8_k8_isolated,isolated,ours,2,6,plan_comm_ms,0.5712,recorder
20260829-090925_perlmutter_33522f83,ours_l01_s1_gate_pv2_r2_wa_trace-a2e8ab_b8_k8_isolated,isolated,ours,2,7,plan_comm_ms,0.256224,recorder
20260829-090925_perlmutter_33522f83,ours_l01_s1_gate_pv2_r2_wa_trace-a2e8ab_b8_k8_isolated,isolated,ours,2,8,plan_comm_ms,0.282432,recorder
20260829-090925_perlmutter_33522f83,ours_l01_s1_gate_pv2_r2_wa_trace-a2e8ab_b8_k8_isolated,isolated,ours,2,9,plan_comm_ms,0.529984,recorder
20260829-090925_perlmutter_33522f83,ours_l01_s1_gate_pv2_r2_wa_trace-a2e8ab_b8_k8_isolated,isolated,ours,2,0,place_ms,0.002368,recorder
20260829-090925_perlmutter_33522f83,ours_l01_s1_gate_pv2_r2_wa_trace-a2e8ab_b8_k8_isolated,isolated,ours,2,1,place_ms,0.002336,recorder
20260829-090925_perlmutter_33522f83,ours_l01_s1_gate_pv2_r2_wa_trace-a2e8ab_b8_k8_isolated,isolated,ours,2,2,place_ms,0.002336,recorder
20260829-090925_perlmutter_33522f83,ours_l01_s1_gate_pv2_r2_wa_trace-a2e8ab_b8_k8_isolated,isolated,ours,2,3,place_ms,0.002368,recorder
20260829-090925_perlmutter_33522f83,ours_l01_s1_gate_pv2_r2_wa_trace-a2e8ab_b8_k8_isolated,isolated,ours,2,4,place_ms,0.002336,recorder
20260829-090925_perlmutter_33522f83,ours_l01_s1_gate_pv2_r2_wa_trace-a2e8ab_b8_k8_isolated,isolated,ours,2,5,place_ms,0.002368,recorder
20260829-090925_perlmutter_33522f83,ours_l01_s1_gate_pv2_r2_wa_trace-a2e8ab_b8_k8_isolated,isolated,ours,2,6,place_ms,0.013536,recorder
20260829-090925_perlmutter_33522f83,ours_l01_s1_gate_pv2_r2_wa_trace-a2e8ab_b8_k8_isolated,isolated,ours,2,7,place_ms,0.016224,recorder
20260829-090925_perlmutter_33522f83,ours_l01_s1_gate_pv2_r2_wa_trace-a2e8ab_b8_k8_isolated,isolated,ours,2,8,place_ms,0.002336,recorder
20260829-090925_perlmutter_33522f83,ours_l01_s1_gate_pv2_r2_wa_trace-a2e8ab_b8_k8_isolated,isolated,ours,2,9,place_ms,0.002304,recorder
20260829-090925_perlmutter_33522f83,ours_l01_s1_gate_pv2_r2_wa_trace-a2e8ab_b8_k8_isolated,isolated,ours,2,0,plan_ms,3.898016,recorder
20260829-090925_perlmutter_33522f83,ours_l01_s1_gate_pv2_r2_wa_trace-a2e8ab_b8_k8_isolated,isolated,ours,2,1,plan_ms,3.822592,recorder
20260829-090925_perlmutter_33522f83,ours_l01_s1_gate_pv2_r2_wa_trace-a2e8ab_b8_k8_isolated,isolated,ours,2,2,plan_ms,3.945024,recorder
20260829-090925_perlmutter_33522f83,ours_l01_s1_gate_pv2_r2_wa_trace-a2e8ab_b8_k8_isolated,isolated,ours,2,3,plan_ms,3.855456,recorder
20260829-090925_perlmutter_33522f83,ours_l01_s1_gate_pv2_r2_wa_trace-a2e8ab_b8_k8_isolated,isolated,ours,2,4,plan_ms,3.764288,recorder
20260829-090925_perlmutter_33522f83,ours_l01_s1_gate_pv2_r2_wa_trace-a2e8ab_b8_k8_isolated,isolated,ours,2,5,plan_ms,3.811648,recorder
20260829-090925_perlmutter_33522f83,ours_l01_s1_gate_pv2_r2_wa_trace-a2e8ab_b8_k8_isolated,isolated,ours,2,6,plan_ms,4.08496,recorder
20260829-090925_perlmutter_33522f83,ours_l01_s1_gate_pv2_r2_wa_trace-a2e8ab_b8_k8_isolated,isolated,ours,2,7,plan_ms,4.398784,recorder
20260829-090925_perlmutter_33522f83,ours_l01_s1_gate_pv2_r2_wa_trace-a2e8ab_b8_k8_isolated,isolated,ours,2,8,plan_ms,3.955584,recorder
20260829-090925_perlmutter_33522f83,ours_l01_s1_gate_pv2_r2_wa_trace-a2e8ab_b8_k8_isolated,isolated,ours,2,9,plan_ms,3.758688,recorder
20260829-090925_perlmutter_33522f83,ours_l01_s1_gate_pv2_r2_wa_trace-a2e8ab_b8_k8_isolated,isolated,ours,2,0,total_ms,11.095232,recorder
20260829-090925_perlmutter_33522f83,ours_l01_s1_gate_pv2_r2_wa_trace-a2e8ab_b8_k8_isolated,isolated,ours,2,1,total_ms,10.666336,recorder
20260829-090925_perlmutter_33522f83,ours_l01_s1_gate_pv2_r2_wa_trace-a2e8ab_b8_k8_isolated,isolated,ours,2,2,total_ms,10.527552,recorder
20260829-090925_perlmutter_33522f83,ours_l01_s1_gate_pv2_r2_wa_trace-a2e8ab_b8_k8_isolated,isolated,ours,2,3,total_ms,11.042848,recorder
20260829-090925_perlmutter_33522f83,ours_l01_s1_gate_pv2_r2_wa_trace-a2e8ab_b8_k8_isolated,isolated,ours,2,4,total_ms,9.988,recorder
20260829-090925_perlmutter_33522f83,ours_l01_s1_gate_pv2_r2_wa_trace-a2e8ab_b8_k8_isolated,isolated,ours,2,5,total_ms,10.310528,recorder
20260829-090925_perlmutter_33522f83,ours_l01_s1_gate_pv2_r2_wa_trace-a2e8ab_b8_k8_isolated,isolated,ours,2,6,total_ms,10.829568,recorder
20260829-090925_perlmutter_33522f83,ours_l01_s1_gate_pv2_r2_wa_trace-a2e8ab_b8_k8_isolated,isolated,ours,2,7,total_ms,10.974816,recorder
20260829-090925_perlmutter_33522f83,ours_l01_s1_gate_pv2_r2_wa_trace-a2e8ab_b8_k8_isolated,isolated,ours,2,8,total_ms,10.498144,recorder
20260829-090925_perlmutter_33522f83,ours_l01_s1_gate_pv2_r2_wa_trace-a2e8ab_b8_k8_isolated,isolated,ours,2,9,total_ms,10.012288,recorder
20260829-090925_perlmutter_33522f83,ours_l01_s1_gate_pv2_r2_wa_trace-a2e8ab_b8_k8_isolated,isolated,ours,2,0,iso_sync_ms,214.138811,recorder
20260829-090925_perlmutter_33522f83,ours_l01_s1_gate_pv2_r2_wa_trace-a2e8ab_b8_k8_isolated,isolated,ours,2,1,iso_sync_ms,201.250441,recorder
20260829-090925_perlmutter_33522f83,ours_l01_s1_gate_pv2_r2_wa_trace-a2e8ab_b8_k8_isolated,isolated,ours,2,2,iso_sync_ms,206.184458,recorder
20260829-090925_perlmutter_33522f83,ours_l01_s1_gate_pv2_r2_wa_trace-a2e8ab_b8_k8_isolated,isolated,ours,2,3,iso_sync_ms,252.268134,recorder
20260829-090925_perlmutter_33522f83,ours_l01_s1_gate_pv2_r2_wa_trace-a2e8ab_b8_k8_isolated,isolated,ours,2,4,iso_sync_ms,251.802937,recorder
20260829-090925_perlmutter_33522f83,ours_l01_s1_gate_pv2_r2_wa_trace-a2e8ab_b8_k8_isolated,isolated,ours,2,5,iso_sync_ms,251.086663,recorder
20260829-090925_perlmutter_33522f83,ours_l01_s1_gate_pv2_r2_wa_trace-a2e8ab_b8_k8_isolated,isolated,ours,2,6,iso_sync_ms,251.976321,recorder
20260829-090925_perlmutter_33522f83,ours_l01_s1_gate_pv2_r2_wa_trace-a2e8ab_b8_k8_isolated,isolated,ours,2,7,iso_sync_ms,250.021977,recorder
20260829-090925_perlmutter_33522f83,ours_l01_s1_gate_pv2_r2_wa_trace-a2e8ab_b8_k8_isolated,isolated,ours,2,8,iso_sync_ms,239.554583,recorder
20260829-090925_perlmutter_33522f83,ours_l01_s1_gate_pv2_r2_wa_trace-a2e8ab_b8_k8_isolated,isolated,ours,2,9,iso_sync_ms,245.296461,recorder
20260829-090925_perlmutter_33522f83,ours_l01_s1_gate_pv2_r2_wa_trace-a2e8ab_b8_k8_isolated,isolated,ours,3,0,e2e_ms,6.644928,recorder
20260829-090925_perlmutter_33522f83,ours_l01_s1_gate_pv2_r2_wa_trace-a2e8ab_b8_k8_isolated,isolated,ours,3,1,e2e_ms,6.20256,recorder
20260829-090925_perlmutter_33522f83,ours_l01_s1_gate_pv2_r2_wa_trace-a2e8ab_b8_k8_isolated,isolated,ours,3,2,e2e_ms,6.060544,recorder
20260829-090925_perlmutter_33522f83,ours_l01_s1_gate_pv2_r2_wa_trace-a2e8ab_b8_k8_isolated,isolated,ours,3,3,e2e_ms,6.73792,recorder
20260829-090925_perlmutter_33522f83,ours_l01_s1_gate_pv2_r2_wa_trace-a2e8ab_b8_k8_isolated,isolated,ours,3,4,e2e_ms,5.830528,recorder
20260829-090925_perlmutter_33522f83,ours_l01_s1_gate_pv2_r2_wa_trace-a2e8ab_b8_k8_isolated,isolated,ours,3,5,e2e_ms,5.850336,recorder
20260829-090925_perlmutter_33522f83,ours_l01_s1_gate_pv2_r2_wa_trace-a2e8ab_b8_k8_isolated,isolated,ours,3,6,e2e_ms,6.157184,recorder
20260829-090925_perlmutter_33522f83,ours_l01_s1_gate_pv2_r2_wa_trace-a2e8ab_b8_k8_isolated,isolated,ours,3,7,e2e_ms,6.630848,recorder
20260829-090925_perlmutter_33522f83,ours_l01_s1_gate_pv2_r2_wa_trace-a2e8ab_b8_k8_isolated,isolated,ours,3,8,e2e_ms,6.293216,recorder
20260829-090925_perlmutter_33522f83,ours_l01_s1_gate_pv2_r2_wa_trace-a2e8ab_b8_k8_isolated,isolated,ours,3,9,e2e_ms,5.600448,recorder
20260829-090925_perlmutter_33522f83,ours_l01_s1_gate_pv2_r2_wa_trace-a2e8ab_b8_k8_isolated,isolated,ours,3,0,l0_ms,3.373984,recorder
20260829-090925_perlmutter_33522f83,ours_l01_s1_gate_pv2_r2_wa_trace-a2e8ab_b8_k8_isolated,isolated,ours,3,1,l0_ms,3.03536,recorder
20260829-090925_perlmutter_33522f83,ours_l01_s1_gate_pv2_r2_wa_trace-a2e8ab_b8_k8_isolated,isolated,ours,3,2,l0_ms,2.865088,recorder
20260829-090925_perlmutter_33522f83,ours_l01_s1_gate_pv2_r2_wa_trace-a2e8ab_b8_k8_isolated,isolated,ours,3,3,l0_ms,3.600896,recorder
20260829-090925_perlmutter_33522f83,ours_l01_s1_gate_pv2_r2_wa_trace-a2e8ab_b8_k8_isolated,isolated,ours,3,4,l0_ms,2.758528,recorder
20260829-090925_perlmutter_33522f83,ours_l01_s1_gate_pv2_r2_wa_trace-a2e8ab_b8_k8_isolated,isolated,ours,3,5,l0_ms,2.634048,recorder
20260829-090925_perlmutter_33522f83,ours_l01_s1_gate_pv2_r2_wa_trace-a2e8ab_b8_k8_isolated,isolated,ours,3,6,l0_ms,2.837728,recorder
20260829-090925_perlmutter_33522f83,ours_l01_s1_gate_pv2_r2_wa_trace-a2e8ab_b8_k8_isolated,isolated,ours,3,7,l0_ms,3.398432,recorder
20260829-090925_perlmutter_33522f83,ours_l01_s1_gate_pv2_r2_wa_trace-a2e8ab_b8_k8_isolated,isolated,ours,3,8,l0_ms,3.235744,recorder
20260829-090925_perlmutter_33522f83,ours_l01_s1_gate_pv2_r2_wa_trace-a2e8ab_b8_k8_isolated,isolated,ours,3,9,l0_ms,2.449376,recorder
20260829-090925_perlmutter_33522f83,ours_l01_s1_gate_pv2_r2_wa_trace-a2e8ab_b8_k8_isolated,isolated,ours,3,0,act_ms,0.049408,recorder
20260829-090925_perlmutter_33522f83,ours_l01_s1_gate_pv2_r2_wa_trace-a2e8ab_b8_k8_isolated,isolated,ours,3,1,act_ms,0.051232,recorder
20260829-090925_perlmutter_33522f83,ours_l01_s1_gate_pv2_r2_wa_trace-a2e8ab_b8_k8_isolated,isolated,ours,3,2,act_ms,0.049728,recorder
20260829-090925_perlmutter_33522f83,ours_l01_s1_gate_pv2_r2_wa_trace-a2e8ab_b8_k8_isolated,isolated,ours,3,3,act_ms,0.051008,recorder
20260829-090925_perlmutter_33522f83,ours_l01_s1_gate_pv2_r2_wa_trace-a2e8ab_b8_k8_isolated,isolated,ours,3,4,act_ms,0.052128,recorder
20260829-090925_perlmutter_33522f83,ours_l01_s1_gate_pv2_r2_wa_trace-a2e8ab_b8_k8_isolated,isolated,ours,3,5,act_ms,0.049888,recorder
20260829-090925_perlmutter_33522f83,ours_l01_s1_gate_pv2_r2_wa_trace-a2e8ab_b8_k8_isolated,isolated,ours,3,6,act_ms,0.050592,recorder
20260829-090925_perlmutter_33522f83,ours_l01_s1_gate_pv2_r2_wa_trace-a2e8ab_b8_k8_isolated,isolated,ours,3,7,act_ms,0.049248,recorder
20260829-090925_perlmutter_33522f83,ours_l01_s1_gate_pv2_r2_wa_trace-a2e8ab_b8_k8_isolated,isolated,ours,3,8,act_ms,0.050464,recorder
20260829-090925_perlmutter_33522f83,ours_l01_s1_gate_pv2_r2_wa_trace-a2e8ab_b8_k8_isolated,isolated,ours,3,9,act_ms,0.052096,recorder
20260829-090925_perlmutter_33522f83,ours_l01_s1_gate_pv2_r2_wa_trace-a2e8ab_b8_k8_isolated,isolated,ours,3,0,l1_ms,3.221536,recorder
20260829-090925_perlmutter_33522f83,ours_l01_s1_gate_pv2_r2_wa_trace-a2e8ab_b8_k8_isolated,isolated,ours,3,1,l1_ms,3.115968,recorder
20260829-090925_perlmutter_33522f83,ours_l01_s1_gate_pv2_r2_wa_trace-a2e8ab_b8_k8_isolated,isolated,ours,3,2,l1_ms,3.145728,recorder
20260829-090925_perlmutter_33522f83,ours_l01_s1_gate_pv2_r2_wa_trace-a2e8ab_b8_k8_isolated,isolated,ours,3,3,l1_ms,3.086016,recorder
20260829-090925_perlmutter_33522f83,ours_l01_s1_gate_pv2_r2_wa_trace-a2e8ab_b8_k8_isolated,isolated,ours,3,4,l1_ms,3.019872,recorder
20260829-090925_perlmutter_33522f83,ours_l01_s1_gate_pv2_r2_wa_trace-a2e8ab_b8_k8_isolated,isolated,ours,3,5,l1_ms,3.1664,recorder
20260829-090925_perlmutter_33522f83,ours_l01_s1_gate_pv2_r2_wa_trace-a2e8ab_b8_k8_isolated,isolated,ours,3,6,l1_ms,3.268864,recorder
20260829-090925_perlmutter_33522f83,ours_l01_s1_gate_pv2_r2_wa_trace-a2e8ab_b8_k8_isolated,isolated,ours,3,7,l1_ms,3.183168,recorder
20260829-090925_perlmutter_33522f83,ours_l01_s1_gate_pv2_r2_wa_trace-a2e8ab_b8_k8_isolated,isolated,ours,3,8,l1_ms,3.007008,recorder
20260829-090925_perlmutter_33522f83,ours_l01_s1_gate_pv2_r2_wa_trace-a2e8ab_b8_k8_isolated,isolated,ours,3,9,l1_ms,3.098976,recorder
20260829-090925_perlmutter_33522f83,ours_l01_s1_gate_pv2_r2_wa_trace-a2e8ab_b8_k8_isolated,isolated,ours,3,0,plan_comm_ms,0.553696,recorder
20260829-090925_perlmutter_33522f83,ours_l01_s1_gate_pv2_r2_wa_trace-a2e8ab_b8_k8_isolated,isolated,ours,3,1,plan_comm_ms,0.580768,recorder
20260829-090925_perlmutter_33522f83,ours_l01_s1_gate_pv2_r2_wa_trace-a2e8ab_b8_k8_isolated,isolated,ours,3,2,plan_comm_ms,0.445856,recorder
20260829-090925_perlmutter_33522f83,ours_l01_s1_gate_pv2_r2_wa_trace-a2e8ab_b8_k8_isolated,isolated,ours,3,3,plan_comm_ms,0.249504,recorder
20260829-090925_perlmutter_33522f83,ours_l01_s1_gate_pv2_r2_wa_trace-a2e8ab_b8_k8_isolated,isolated,ours,3,4,plan_comm_ms,0.264512,recorder
20260829-090925_perlmutter_33522f83,ours_l01_s1_gate_pv2_r2_wa_trace-a2e8ab_b8_k8_isolated,isolated,ours,3,5,plan_comm_ms,0.289088,recorder
20260829-090925_perlmutter_33522f83,ours_l01_s1_gate_pv2_r2_wa_trace-a2e8ab_b8_k8_isolated,isolated,ours,3,6,plan_comm_ms,0.83504,recorder
20260829-090925_perlmutter_33522f83,ours_l01_s1_gate_pv2_r2_wa_trace-a2e8ab_b8_k8_isolated,isolated,ours,3,7,plan_comm_ms,0.260544,recorder
20260829-090925_perlmutter_33522f83,ours_l01_s1_gate_pv2_r2_wa_trace-a2e8ab_b8_k8_isolated,isolated,ours,3,8,plan_comm_ms,0.23408,recorder
20260829-090925_perlmutter_33522f83,ours_l01_s1_gate_pv2_r2_wa_trace-a2e8ab_b8_k8_isolated,isolated,ours,3,9,plan_comm_ms,0.531872,recorder
20260829-090925_perlmutter_33522f83,ours_l01_s1_gate_pv2_r2_wa_trace-a2e8ab_b8_k8_isolated,isolated,ours,3,0,place_ms,0.002336,recorder
20260829-090925_perlmutter_33522f83,ours_l01_s1_gate_pv2_r2_wa_trace-a2e8ab_b8_k8_isolated,isolated,ours,3,1,place_ms,0.002336,recorder
20260829-090925_perlmutter_33522f83,ours_l01_s1_gate_pv2_r2_wa_trace-a2e8ab_b8_k8_isolated,isolated,ours,3,2,place_ms,0.0024,recorder
20260829-090925_perlmutter_33522f83,ours_l01_s1_gate_pv2_r2_wa_trace-a2e8ab_b8_k8_isolated,isolated,ours,3,3,place_ms,0.002336,recorder
20260829-090925_perlmutter_33522f83,ours_l01_s1_gate_pv2_r2_wa_trace-a2e8ab_b8_k8_isolated,isolated,ours,3,4,place_ms,0.002304,recorder
20260829-090925_perlmutter_33522f83,ours_l01_s1_gate_pv2_r2_wa_trace-a2e8ab_b8_k8_isolated,isolated,ours,3,5,place_ms,0.002336,recorder
20260829-090925_perlmutter_33522f83,ours_l01_s1_gate_pv2_r2_wa_trace-a2e8ab_b8_k8_isolated,isolated,ours,3,6,place_ms,0.002304,recorder
20260829-090925_perlmutter_33522f83,ours_l01_s1_gate_pv2_r2_wa_trace-a2e8ab_b8_k8_isolated,isolated,ours,3,7,place_ms,0.002336,recorder
20260829-090925_perlmutter_33522f83,ours_l01_s1_gate_pv2_r2_wa_trace-a2e8ab_b8_k8_isolated,isolated,ours,3,8,place_ms,0.002336,recorder
20260829-090925_perlmutter_33522f83,ours_l01_s1_gate_pv2_r2_wa_trace-a2e8ab_b8_k8_isolated,isolated,ours,3,9,place_ms,0.002304,recorder
20260829-090925_perlmutter_33522f83,ours_l01_s1_gate_pv2_r2_wa_trace-a2e8ab_b8_k8_isolated,isolated,ours,3,0,plan_ms,3.894048,recorder
20260829-090925_perlmutter_33522f83,ours_l01_s1_gate_pv2_r2_wa_trace-a2e8ab_b8_k8_isolated,isolated,ours,3,1,plan_ms,3.871584,recorder
20260829-090925_perlmutter_33522f83,ours_l01_s1_gate_pv2_r2_wa_trace-a2e8ab_b8_k8_isolated,isolated,ours,3,2,plan_ms,3.960128,recorder
20260829-090925_perlmutter_33522f83,ours_l01_s1_gate_pv2_r2_wa_trace-a2e8ab_b8_k8_isolated,isolated,ours,3,3,plan_ms,3.979712,recorder
20260829-090925_perlmutter_33522f83,ours_l01_s1_gate_pv2_r2_wa_trace-a2e8ab_b8_k8_isolated,isolated,ours,3,4,plan_ms,3.870368,recorder
20260829-090925_perlmutter_33522f83,ours_l01_s1_gate_pv2_r2_wa_trace-a2e8ab_b8_k8_isolated,isolated,ours,3,5,plan_ms,4.155264,recorder
20260829-090925_perlmutter_33522f83,ours_l01_s1_gate_pv2_r2_wa_trace-a2e8ab_b8_k8_isolated,isolated,ours,3,6,plan_ms,4.113184,recorder
20260829-090925_perlmutter_33522f83,ours_l01_s1_gate_pv2_r2_wa_trace-a2e8ab_b8_k8_isolated,isolated,ours,3,7,plan_ms,4.097344,recorder
20260829-090925_perlmutter_33522f83,ours_l01_s1_gate_pv2_r2_wa_trace-a2e8ab_b8_k8_isolated,isolated,ours,3,8,plan_ms,3.951584,recorder
20260829-090925_perlmutter_33522f83,ours_l01_s1_gate_pv2_r2_wa_trace-a2e8ab_b8_k8_isolated,isolated,ours,3,9,plan_ms,3.86736,recorder
20260829-090925_perlmutter_33522f83,ours_l01_s1_gate_pv2_r2_wa_trace-a2e8ab_b8_k8_isolated,isolated,ours,3,0,total_ms,11.108448,recorder
20260829-090925_perlmutter_33522f83,ours_l01_s1_gate_pv2_r2_wa_trace-a2e8ab_b8_k8_isolated,isolated,ours,3,1,total_ms,10.669632,recorder
20260829-090925_perlmutter_33522f83,ours_l01_s1_gate_pv2_r2_wa_trace-a2e8ab_b8_k8_isolated,isolated,ours,3,2,total_ms,10.48224,recorder
20260829-090925_perlmutter_33522f83,ours_l01_s1_gate_pv2_r2_wa_trace-a2e8ab_b8_k8_isolated,isolated,ours,3,3,total_ms,10.98336,recorder
20260829-090925_perlmutter_33522f83,ours_l01_s1_gate_pv2_r2_wa_trace-a2e8ab_b8_k8_isolated,isolated,ours,3,4,total_ms,9.982592,recorder
20260829-090925_perlmutter_33522f83,ours_l01_s1_gate_pv2_r2_wa_trace-a2e8ab_b8_k8_isolated,isolated,ours,3,5,total_ms,10.312768,recorder
20260829-090925_perlmutter_33522f83,ours_l01_s1_gate_pv2_r2_wa_trace-a2e8ab_b8_k8_isolated,isolated,ours,3,6,total_ms,11.123168,recorder
20260829-090925_perlmutter_33522f83,ours_l01_s1_gate_pv2_r2_wa_trace-a2e8ab_b8_k8_isolated,isolated,ours,3,7,total_ms,11.007488,recorder
20260829-090925_perlmutter_33522f83,ours_l01_s1_gate_pv2_r2_wa_trace-a2e8ab_b8_k8_isolated,isolated,ours,3,8,total_ms,10.495776,recorder
20260829-090925_perlmutter_33522f83,ours_l01_s1_gate_pv2_r2_wa_trace-a2e8ab_b8_k8_isolated,isolated,ours,3,9,total_ms,10.01648,recorder
20260829-090925_perlmutter_33522f83,ours_l01_s1_gate_pv2_r2_wa_trace-a2e8ab_b8_k8_isolated,isolated,ours,3,0,iso_sync_ms,162.646119,recorder
20260829-090925_perlmutter_33522f83,ours_l01_s1_gate_pv2_r2_wa_trace-a2e8ab_b8_k8_isolated,isolated,ours,3,1,iso_sync_ms,158.098526,recorder
20260829-090925_perlmutter_33522f83,ours_l01_s1_gate_pv2_r2_wa_trace-a2e8ab_b8_k8_isolated,isolated,ours,3,2,iso_sync_ms,158.971201,recorder
20260829-090925_perlmutter_33522f83,ours_l01_s1_gate_pv2_r2_wa_trace-a2e8ab_b8_k8_isolated,isolated,ours,3,3,iso_sync_ms,158.542704,recorder
20260829-090925_perlmutter_33522f83,ours_l01_s1_gate_pv2_r2_wa_trace-a2e8ab_b8_k8_isolated,isolated,ours,3,4,iso_sync_ms,160.407145,recorder
20260829-090925_perlmutter_33522f83,ours_l01_s1_gate_pv2_r2_wa_trace-a2e8ab_b8_k8_isolated,isolated,ours,3,5,iso_sync_ms,156.721857,recorder
20260829-090925_perlmutter_33522f83,ours_l01_s1_gate_pv2_r2_wa_trace-a2e8ab_b8_k8_isolated,isolated,ours,3,6,iso_sync_ms,160.667237,recorder
20260829-090925_perlmutter_33522f83,ours_l01_s1_gate_pv2_r2_wa_trace-a2e8ab_b8_k8_isolated,isolated,ours,3,7,iso_sync_ms,160.731241,recorder
20260829-090925_perlmutter_33522f83,ours_l01_s1_gate_pv2_r2_wa_trace-a2e8ab_b8_k8_isolated,isolated,ours,3,8,iso_sync_ms,147.363896,recorder
20260829-090925_perlmutter_33522f83,ours_l01_s1_gate_pv2_r2_wa_trace-a2e8ab_b8_k8_isolated,isolated,ours,3,9,iso_sync_ms,156.436577,recorder
20260829-090925_perlmutter_33522f83,ours_l01_s1_gate_pv2_r2_wa_trace-a2e8ab_b8_k8_isolated,isolated,ours,4,0,e2e_ms,6.75504,recorder
20260829-090925_perlmutter_33522f83,ours_l01_s1_gate_pv2_r2_wa_trace-a2e8ab_b8_k8_isolated,isolated,ours,4,1,e2e_ms,6.181792,recorder
20260829-090925_perlmutter_33522f83,ours_l01_s1_gate_pv2_r2_wa_trace-a2e8ab_b8_k8_isolated,isolated,ours,4,2,e2e_ms,6.184352,recorder
20260829-090925_perlmutter_33522f83,ours_l01_s1_gate_pv2_r2_wa_trace-a2e8ab_b8_k8_isolated,isolated,ours,4,3,e2e_ms,6.763488,recorder
20260829-090925_perlmutter_33522f83,ours_l01_s1_gate_pv2_r2_wa_trace-a2e8ab_b8_k8_isolated,isolated,ours,4,4,e2e_ms,5.974336,recorder
20260829-090925_perlmutter_33522f83,ours_l01_s1_gate_pv2_r2_wa_trace-a2e8ab_b8_k8_isolated,isolated,ours,4,5,e2e_ms,6.257376,recorder
20260829-090925_perlmutter_33522f83,ours_l01_s1_gate_pv2_r2_wa_trace-a2e8ab_b8_k8_isolated,isolated,ours,4,6,e2e_ms,6.362464,recorder
20260829-090925_perlmutter_33522f83,ours_l01_s1_gate_pv2_r2_wa_trace-a2e8ab_b8_k8_isolated,isolated,ours,4,7,e2e_ms,6.784192,recorder
20260829-090925_perlmutter_33522f83,ours_l01_s1_gate_pv2_r2_wa_trace-a2e8ab_b8_k8_isolated,isolated,ours,4,8,e2e_ms,6.36144,recorder
20260829-090925_perlmutter_33522f83,ours_l01_s1_gate_pv2_r2_wa_trace-a2e8ab_b8_k8_isolated,isolated,ours,4,9,e2e_ms,5.789216,recorder
20260829-090925_perlmutter_33522f83,ours_l01_s1_gate_pv2_r2_wa_trace-a2e8ab_b8_k8_isolated,isolated,ours,4,0,l0_ms,3.494496,recorder
20260829-090925_perlmutter_33522f83,ours_l01_s1_gate_pv2_r2_wa_trace-a2e8ab_b8_k8_isolated,isolated,ours,4,1,l0_ms,3.005216,recorder
20260829-090925_perlmutter_33522f83,ours_l01_s1_gate_pv2_r2_wa_trace-a2e8ab_b8_k8_isolated,isolated,ours,4,2,l0_ms,2.994688,recorder
20260829-090925_perlmutter_33522f83,ours_l01_s1_gate_pv2_r2_wa_trace-a2e8ab_b8_k8_isolated,isolated,ours,4,3,l0_ms,3.631936,recorder
20260829-090925_perlmutter_33522f83,ours_l01_s1_gate_pv2_r2_wa_trace-a2e8ab_b8_k8_isolated,isolated,ours,4,4,l0_ms,2.915104,recorder
20260829-090925_perlmutter_33522f83,ours_l01_s1_gate_pv2_r2_wa_trace-a2e8ab_b8_k8_isolated,isolated,ours,4,5,l0_ms,3.04272,recorder
20260829-090925_perlmutter_33522f83,ours_l01_s1_gate_pv2_r2_wa_trace-a2e8ab_b8_k8_isolated,isolated,ours,4,6,l0_ms,3.035232,recorder
20260829-090925_perlmutter_33522f83,ours_l01_s1_gate_pv2_r2_wa_trace-a2e8ab_b8_k8_isolated,isolated,ours,4,7,l0_ms,3.558976,recorder
20260829-090925_perlmutter_33522f83,ours_l01_s1_gate_pv2_r2_wa_trace-a2e8ab_b8_k8_isolated,isolated,ours,4,8,l0_ms,3.2896,recorder
20260829-090925_perlmutter_33522f83,ours_l01_s1_gate_pv2_r2_wa_trace-a2e8ab_b8_k8_isolated,isolated,ours,4,9,l0_ms,2.642784,recorder
20260829-090925_perlmutter_33522f83,ours_l01_s1_gate_pv2_r2_wa_trace-a2e8ab_b8_k8_isolated,isolated,ours,4,0,act_ms,0.047808,recorder
20260829-090925_perlmutter_33522f83,ours_l01_s1_gate_pv2_r2_wa_trace-a2e8ab_b8_k8_isolated,isolated,ours,4,1,act_ms,0.044736,recorder
20260829-090925_perlmutter_33522f83,ours_l01_s1_gate_pv2_r2_wa_trace-a2e8ab_b8_k8_isolated,isolated,ours,4,2,act_ms,0.04624,recorder
20260829-090925_perlmutter_33522f83,ours_l01_s1_gate_pv2_r2_wa_trace-a2e8ab_b8_k8_isolated,isolated,ours,4,3,act_ms,0.046144,recorder
20260829-090925_perlmutter_33522f83,ours_l01_s1_gate_pv2_r2_wa_trace-a2e8ab_b8_k8_isolated,isolated,ours,4,4,act_ms,0.046816,recorder
20260829-090925_perlmutter_33522f83,ours_l01_s1_gate_pv2_r2_wa_trace-a2e8ab_b8_k8_isolated,isolated,ours,4,5,act_ms,0.045792,recorder
20260829-090925_perlmutter_33522f83,ours_l01_s1_gate_pv2_r2_wa_trace-a2e8ab_b8_k8_isolated,isolated,ours,4,6,act_ms,0.049024,recorder
20260829-090925_perlmutter_33522f83,ours_l01_s1_gate_pv2_r2_wa_trace-a2e8ab_b8_k8_isolated,isolated,ours,4,7,act_ms,0.048096,recorder
20260829-090925_perlmutter_33522f83,ours_l01_s1_gate_pv2_r2_wa_trace-a2e8ab_b8_k8_isolated,isolated,ours,4,8,act_ms,0.046368,recorder
20260829-090925_perlmutter_33522f83,ours_l01_s1_gate_pv2_r2_wa_trace-a2e8ab_b8_k8_isolated,isolated,ours,4,9,act_ms,0.047136,recorder
20260829-090925_perlmutter_33522f83,ours_l01_s1_gate_pv2_r2_wa_trace-a2e8ab_b8_k8_isolated,isolated,ours,4,0,l1_ms,3.212736,recorder
20260829-090925_perlmutter_33522f83,ours_l01_s1_gate_pv2_r2_wa_trace-a2e8ab_b8_k8_isolated,isolated,ours,4,1,l1_ms,3.13184,recorder
20260829-090925_perlmutter_33522f83,ours_l01_s1_gate_pv2_r2_wa_trace-a2e8ab_b8_k8_isolated,isolated,ours,4,2,l1_ms,3.143424,recorder
20260829-090925_perlmutter_33522f83,ours_l01_s1_gate_pv2_r2_wa_trace-a2e8ab_b8_k8_isolated,isolated,ours,4,3,l1_ms,3.085408,recorder
20260829-090925_perlmutter_33522f83,ours_l01_s1_gate_pv2_r2_wa_trace-a2e8ab_b8_k8_isolated,isolated,ours,4,4,l1_ms,3.012416,recorder
20260829-090925_perlmutter_33522f83,ours_l01_s1_gate_pv2_r2_wa_trace-a2e8ab_b8_k8_isolated,isolated,ours,4,5,l1_ms,3.168864,recorder
20260829-090925_perlmutter_33522f83,ours_l01_s1_gate_pv2_r2_wa_trace-a2e8ab_b8_k8_isolated,isolated,ours,4,6,l1_ms,3.278208,recorder
20260829-090925_perlmutter_33522f83,ours_l01_s1_gate_pv2_r2_wa_trace-a2e8ab_b8_k8_isolated,isolated,ours,4,7,l1_ms,3.17712,recorder
20260829-090925_perlmutter_33522f83,ours_l01_s1_gate_pv2_r2_wa_trace-a2e8ab_b8_k8_isolated,isolated,ours,4,8,l1_ms,3.025472,recorder
20260829-090925_perlmutter_33522f83,ours_l01_s1_gate_pv2_r2_wa_trace-a2e8ab_b8_k8_isolated,isolated,ours,4,9,l1_ms,3.099296,recorder
20260829-090925_perlmutter_33522f83,ours_l01_s1_gate_pv2_r2_wa_trace-a2e8ab_b8_k8_isolated,isolated,ours,4,0,plan_comm_ms,0.47552,recorder
20260829-090925_perlmutter_33522f83,ours_l01_s1_gate_pv2_r2_wa_trace-a2e8ab_b8_k8_isolated,isolated,ours,4,1,plan_comm_ms,0.545888,recorder
20260829-090925_perlmutter_33522f83,ours_l01_s1_gate_pv2_r2_wa_trace-a2e8ab_b8_k8_isolated,isolated,ours,4,2,plan_comm_ms,0.513568,recorder
20260829-090925_perlmutter_33522f83,ours_l01_s1_gate_pv2_r2_wa_trace-a2e8ab_b8_k8_isolated,isolated,ours,4,3,plan_comm_ms,0.31184,recorder
20260829-090925_perlmutter_33522f83,ours_l01_s1_gate_pv2_r2_wa_trace-a2e8ab_b8_k8_isolated,isolated,ours,4,4,plan_comm_ms,0.260928,recorder
20260829-090925_perlmutter_33522f83,ours_l01_s1_gate_pv2_r2_wa_trace-a2e8ab_b8_k8_isolated,isolated,ours,4,5,plan_comm_ms,0.295072,recorder
20260829-090925_perlmutter_33522f83,ours_l01_s1_gate_pv2_r2_wa_trace-a2e8ab_b8_k8_isolated,isolated,ours,4,6,plan_comm_ms,0.998144,recorder
20260829-090925_perlmutter_33522f83,ours_l01_s1_gate_pv2_r2_wa_trace-a2e8ab_b8_k8_isolated,isolated,ours,4,7,plan_comm_ms,0.28048,recorder
20260829-090925_perlmutter_33522f83,ours_l01_s1_gate_pv2_r2_wa_trace-a2e8ab_b8_k8_isolated,isolated,ours,4,8,plan_comm_ms,0.27024,recorder
20260829-090925_perlmutter_33522f83,ours_l01_s1_gate_pv2_r2_wa_trace-a2e8ab_b8_k8_isolated,isolated,ours,4,9,plan_comm_ms,0.522496,recorder
20260829-090925_perlmutter_33522f83,ours_l01_s1_gate_pv2_r2_wa_trace-a2e8ab_b8_k8_isolated,isolated,ours,4,0,place_ms,0.002368,recorder
20260829-090925_perlmutter_33522f83,ours_l01_s1_gate_pv2_r2_wa_trace-a2e8ab_b8_k8_isolated,isolated,ours,4,1,place_ms,0.002336,recorder
20260829-090925_perlmutter_33522f83,ours_l01_s1_gate_pv2_r2_wa_trace-a2e8ab_b8_k8_isolated,isolated,ours,4,2,place_ms,0.002336,recorder
20260829-090925_perlmutter_33522f83,ours_l01_s1_gate_pv2_r2_wa_trace-a2e8ab_b8_k8_isolated,isolated,ours,4,3,place_ms,0.002336,recorder
20260829-090925_perlmutter_33522f83,ours_l01_s1_gate_pv2_r2_wa_trace-a2e8ab_b8_k8_isolated,isolated,ours,4,4,place_ms,0.002368,recorder
20260829-090925_perlmutter_33522f83,ours_l01_s1_gate_pv2_r2_wa_trace-a2e8ab_b8_k8_isolated,isolated,ours,4,5,place_ms,0.002368,recorder
20260829-090925_perlmutter_33522f83,ours_l01_s1_gate_pv2_r2_wa_trace-a2e8ab_b8_k8_isolated,isolated,ours,4,6,place_ms,0.002336,recorder
20260829-090925_perlmutter_33522f83,ours_l01_s1_gate_pv2_r2_wa_trace-a2e8ab_b8_k8_isolated,isolated,ours,4,7,place_ms,0.002336,recorder
20260829-090925_perlmutter_33522f83,ours_l01_s1_gate_pv2_r2_wa_trace-a2e8ab_b8_k8_isolated,isolated,ours,4,8,place_ms,0.002336,recorder
20260829-090925_perlmutter_33522f83,ours_l01_s1_gate_pv2_r2_wa_trace-a2e8ab_b8_k8_isolated,isolated,ours,4,9,place_ms,0.002336,recorder
20260829-090925_perlmutter_33522f83,ours_l01_s1_gate_pv2_r2_wa_trace-a2e8ab_b8_k8_isolated,isolated,ours,4,0,plan_ms,3.799552,recorder
20260829-090925_perlmutter_33522f83,ours_l01_s1_gate_pv2_r2_wa_trace-a2e8ab_b8_k8_isolated,isolated,ours,4,1,plan_ms,3.912576,recorder
20260829-090925_perlmutter_33522f83,ours_l01_s1_gate_pv2_r2_wa_trace-a2e8ab_b8_k8_isolated,isolated,ours,4,2,plan_ms,3.86528,recorder
20260829-090925_perlmutter_33522f83,ours_l01_s1_gate_pv2_r2_wa_trace-a2e8ab_b8_k8_isolated,isolated,ours,4,3,plan_ms,3.950528,recorder
20260829-090925_perlmutter_33522f83,ours_l01_s1_gate_pv2_r2_wa_trace-a2e8ab_b8_k8_isolated,isolated,ours,4,4,plan_ms,3.738048,recorder
20260829-090925_perlmutter_33522f83,ours_l01_s1_gate_pv2_r2_wa_trace-a2e8ab_b8_k8_isolated,isolated,ours,4,5,plan_ms,3.796608,recorder
20260829-090925_perlmutter_33522f83,ours_l01_s1_gate_pv2_r2_wa_trace-a2e8ab_b8_k8_isolated,isolated,ours,4,6,plan_ms,3.761984,recorder
20260829-090925_perlmutter_33522f83,ours_l01_s1_gate_pv2_r2_wa_trace-a2e8ab_b8_k8_isolated,isolated,ours,4,7,plan_ms,3.942656,recorder
20260829-090925_perlmutter_33522f83,ours_l01_s1_gate_pv2_r2_wa_trace-a2e8ab_b8_k8_isolated,isolated,ours,4,8,plan_ms,3.862976,recorder
20260829-090925_perlmutter_33522f83,ours_l01_s1_gate_pv2_r2_wa_trace-a2e8ab_b8_k8_isolated,isolated,ours,4,9,plan_ms,3.677024,recorder
20260829-090925_perlmutter_33522f83,ours_l01_s1_gate_pv2_r2_wa_trace-a2e8ab_b8_k8_isolated,isolated,ours,4,0,total_ms,11.046528,recorder
20260829-090925_perlmutter_33522f83,ours_l01_s1_gate_pv2_r2_wa_trace-a2e8ab_b8_k8_isolated,isolated,ours,4,1,total_ms,10.6544,recorder
20260829-090925_perlmutter_33522f83,ours_l01_s1_gate_pv2_r2_wa_trace-a2e8ab_b8_k8_isolated,isolated,ours,4,2,total_ms,10.579328,recorder
20260829-090925_perlmutter_33522f83,ours_l01_s1_gate_pv2_r2_wa_trace-a2e8ab_b8_k8_isolated,isolated,ours,4,3,total_ms,11.042528,recorder
20260829-090925_perlmutter_33522f83,ours_l01_s1_gate_pv2_r2_wa_trace-a2e8ab_b8_k8_isolated,isolated,ours,4,4,total_ms,9.989504,recorder
20260829-090925_perlmutter_33522f83,ours_l01_s1_gate_pv2_r2_wa_trace-a2e8ab_b8_k8_isolated,isolated,ours,4,5,total_ms,10.365152,recorder
20260829-090925_perlmutter_33522f83,ours_l01_s1_gate_pv2_r2_wa_trace-a2e8ab_b8_k8_isolated,isolated,ours,4,6,total_ms,11.139616,recorder
20260829-090925_perlmutter_33522f83,ours_l01_s1_gate_pv2_r2_wa_trace-a2e8ab_b8_k8_isolated,isolated,ours,4,7,total_ms,11.023104,recorder
20260829-090925_perlmutter_33522f83,ours_l01_s1_gate_pv2_r2_wa_trace-a2e8ab_b8_k8_isolated,isolated,ours,4,8,total_ms,10.510368,recorder
20260829-090925_perlmutter_33522f83,ours_l01_s1_gate_pv2_r2_wa_trace-a2e8ab_b8_k8_isolated,isolated,ours,4,9,total_ms,10.006176,recorder
20260829-090925_perlmutter_33522f83,ours_l01_s1_gate_pv2_r2_wa_trace-a2e8ab_b8_k8_isolated,isolated,ours,4,0,iso_sync_ms,118.725832,recorder
20260829-090925_perlmutter_33522f83,ours_l01_s1_gate_pv2_r2_wa_trace-a2e8ab_b8_k8_isolated,isolated,ours,4,1,iso_sync_ms,114.805915,recorder
20260829-090925_perlmutter_33522f83,ours_l01_s1_gate_pv2_r2_wa_trace-a2e8ab_b8_k8_isolated,isolated,ours,4,2,iso_sync_ms,116.064601,recorder
20260829-090925_perlmutter_33522f83,ours_l01_s1_gate_pv2_r2_wa_trace-a2e8ab_b8_k8_isolated,isolated,ours,4,3,iso_sync_ms,115.020919,recorder
20260829-090925_perlmutter_33522f83,ours_l01_s1_gate_pv2_r2_wa_trace-a2e8ab_b8_k8_isolated,isolated,ours,4,4,iso_sync_ms,116.007031,recorder
20260829-090925_perlmutter_33522f83,ours_l01_s1_gate_pv2_r2_wa_trace-a2e8ab_b8_k8_isolated,isolated,ours,4,5,iso_sync_ms,115.064283,recorder
20260829-090925_perlmutter_33522f83,ours_l01_s1_gate_pv2_r2_wa_trace-a2e8ab_b8_k8_isolated,isolated,ours,4,6,iso_sync_ms,116.646023,recorder
20260829-090925_perlmutter_33522f83,ours_l01_s1_gate_pv2_r2_wa_trace-a2e8ab_b8_k8_isolated,isolated,ours,4,7,iso_sync_ms,117.122341,recorder
20260829-090925_perlmutter_33522f83,ours_l01_s1_gate_pv2_r2_wa_trace-a2e8ab_b8_k8_isolated,isolated,ours,4,8,iso_sync_ms,114.391235,recorder
20260829-090925_perlmutter_33522f83,ours_l01_s1_gate_pv2_r2_wa_trace-a2e8ab_b8_k8_isolated,isolated,ours,4,9,iso_sync_ms,114.401404,recorder
20260829-090925_perlmutter_33522f83,ours_l01_s1_gate_pv2_r2_wa_trace-a2e8ab_b8_k8_isolated,isolated,ours,5,0,e2e_ms,6.722624,recorder
20260829-090925_perlmutter_33522f83,ours_l01_s1_gate_pv2_r2_wa_trace-a2e8ab_b8_k8_isolated,isolated,ours,5,1,e2e_ms,6.40096,recorder
20260829-090925_perlmutter_33522f83,ours_l01_s1_gate_pv2_r2_wa_trace-a2e8ab_b8_k8_isolated,isolated,ours,5,2,e2e_ms,6.121376,recorder
20260829-090925_perlmutter_33522f83,ours_l01_s1_gate_pv2_r2_wa_trace-a2e8ab_b8_k8_isolated,isolated,ours,5,3,e2e_ms,6.893216,recorder
20260829-090925_perlmutter_33522f83,ours_l01_s1_gate_pv2_r2_wa_trace-a2e8ab_b8_k8_isolated,isolated,ours,5,4,e2e_ms,5.98784,recorder
20260829-090925_perlmutter_33522f83,ours_l01_s1_gate_pv2_r2_wa_trace-a2e8ab_b8_k8_isolated,isolated,ours,5,5,e2e_ms,6.253376,recorder
20260829-090925_perlmutter_33522f83,ours_l01_s1_gate_pv2_r2_wa_trace-a2e8ab_b8_k8_isolated,isolated,ours,5,6,e2e_ms,6.396672,recorder
20260829-090925_perlmutter_33522f83,ours_l01_s1_gate_pv2_r2_wa_trace-a2e8ab_b8_k8_isolated,isolated,ours,5,7,e2e_ms,6.773792,recorder
20260829-090925_perlmutter_33522f83,ours_l01_s1_gate_pv2_r2_wa_trace-a2e8ab_b8_k8_isolated,isolated,ours,5,8,e2e_ms,6.315616,recorder
20260829-090925_perlmutter_33522f83,ours_l01_s1_gate_pv2_r2_wa_trace-a2e8ab_b8_k8_isolated,isolated,ours,5,9,e2e_ms,5.767296,recorder
20260829-090925_perlmutter_33522f83,ours_l01_s1_gate_pv2_r2_wa_trace-a2e8ab_b8_k8_isolated,isolated,ours,5,0,l0_ms,3.46416,recorder
20260829-090925_perlmutter_33522f83,ours_l01_s1_gate_pv2_r2_wa_trace-a2e8ab_b8_k8_isolated,isolated,ours,5,1,l0_ms,3.242144,recorder
20260829-090925_perlmutter_33522f83,ours_l01_s1_gate_pv2_r2_wa_trace-a2e8ab_b8_k8_isolated,isolated,ours,5,2,l0_ms,2.93712,recorder
20260829-090925_perlmutter_33522f83,ours_l01_s1_gate_pv2_r2_wa_trace-a2e8ab_b8_k8_isolated,isolated,ours,5,3,l0_ms,3.670176,recorder
20260829-090925_perlmutter_33522f83,ours_l01_s1_gate_pv2_r2_wa_trace-a2e8ab_b8_k8_isolated,isolated,ours,5,4,l0_ms,2.922784,recorder
20260829-090925_perlmutter_33522f83,ours_l01_s1_gate_pv2_r2_wa_trace-a2e8ab_b8_k8_isolated,isolated,ours,5,5,l0_ms,3.035552,recorder
20260829-090925_perlmutter_33522f83,ours_l01_s1_gate_pv2_r2_wa_trace-a2e8ab_b8_k8_isolated,isolated,ours,5,6,l0_ms,3.052544,recorder
20260829-090925_perlmutter_33522f83,ours_l01_s1_gate_pv2_r2_wa_trace-a2e8ab_b8_k8_isolated,isolated,ours,5,7,l0_ms,3.431104,recorder
20260829-090925_perlmutter_33522f83,ours_l01_s1_gate_pv2_r2_wa_trace-a2e8ab_b8_k8_isolated,isolated,ours,5,8,l0_ms,3.266272,recorder
20260829-090925_perlmutter_33522f83,ours_l01_s1_gate_pv2_r2_wa_trace-a2e8ab_b8_k8_isolated,isolated,ours,5,9,l0_ms,2.498848,recorder
20260829-090925_perlmutter_33522f83,ours_l01_s1_gate_pv2_r2_wa_trace-a2e8ab_b8_k8_isolated,isolated,ours,5,0,act_ms,0.049984,recorder
20260829-090925_perlmutter_33522f83,ours_l01_s1_gate_pv2_r2_wa_trace-a2e8ab_b8_k8_isolated,isolated,ours,5,1,act_ms,0.049856,recorder
20260829-090925_perlmutter_33522f83,ours_l01_s1_gate_pv2_r2_wa_trace-a2e8ab_b8_k8_isolated,isolated,ours,5,2,act_ms,0.051904,recorder
20260829-090925_perlmutter_33522f83,ours_l01_s1_gate_pv2_r2_wa_trace-a2e8ab_b8_k8_isolated,isolated,ours,5,3,act_ms,0.048288,recorder
20260829-090925_perlmutter_33522f83,ours_l01_s1_gate_pv2_r2_wa_trace-a2e8ab_b8_k8_isolated,isolated,ours,5,4,act_ms,0.052352,recorder
20260829-090925_perlmutter_33522f83,ours_l01_s1_gate_pv2_r2_wa_trace-a2e8ab_b8_k8_isolated,isolated,ours,5,5,act_ms,0.048,recorder
20260829-090925_perlmutter_33522f83,ours_l01_s1_gate_pv2_r2_wa_trace-a2e8ab_b8_k8_isolated,isolated,ours,5,6,act_ms,0.048672,recorder
20260829-090925_perlmutter_33522f83,ours_l01_s1_gate_pv2_r2_wa_trace-a2e8ab_b8_k8_isolated,isolated,ours,5,7,act_ms,0.047904,recorder
20260829-090925_perlmutter_33522f83,ours_l01_s1_gate_pv2_r2_wa_trace-a2e8ab_b8_k8_isolated,isolated,ours,5,8,act_ms,0.050592,recorder
20260829-090925_perlmutter_33522f83,ours_l01_s1_gate_pv2_r2_wa_trace-a2e8ab_b8_k8_isolated,isolated,ours,5,9,act_ms,0.050912,recorder
20260829-090925_perlmutter_33522f83,ours_l01_s1_gate_pv2_r2_wa_trace-a2e8ab_b8_k8_isolated,isolated,ours,5,0,l1_ms,3.20848,recorder
20260829-090925_perlmutter_33522f83,ours_l01_s1_gate_pv2_r2_wa_trace-a2e8ab_b8_k8_isolated,isolated,ours,5,1,l1_ms,3.10896,recorder
20260829-090925_perlmutter_33522f83,ours_l01_s1_gate_pv2_r2_wa_trace-a2e8ab_b8_k8_isolated,isolated,ours,5,2,l1_ms,3.132352,recorder
20260829-090925_perlmutter_33522f83,ours_l01_s1_gate_pv2_r2_wa_trace-a2e8ab_b8_k8_isolated,isolated,ours,5,3,l1_ms,3.174752,recorder
20260829-090925_perlmutter_33522f83,ours_l01_s1_gate_pv2_r2_wa_trace-a2e8ab_b8_k8_isolated,isolated,ours,5,4,l1_ms,3.012704,recorder
20260829-090925_perlmutter_33522f83,ours_l01_s1_gate_pv2_r2_wa_trace-a2e8ab_b8_k8_isolated,isolated,ours,5,5,l1_ms,3.169824,recorder
20260829-090925_perlmutter_33522f83,ours_l01_s1_gate_pv2_r2_wa_trace-a2e8ab_b8_k8_isolated,isolated,ours,5,6,l1_ms,3.295456,recorder
20260829-090925_perlmutter_33522f83,ours_l01_s1_gate_pv2_r2_wa_trace-a2e8ab_b8_k8_isolated,isolated,ours,5,7,l1_ms,3.294784,recorder
20260829-090925_perlmutter_33522f83,ours_l01_s1_gate_pv2_r2_wa_trace-a2e8ab_b8_k8_isolated,isolated,ours,5,8,l1_ms,2.998752,recorder
20260829-090925_perlmutter_33522f83,ours_l01_s1_gate_pv2_r2_wa_trace-a2e8ab_b8_k8_isolated,isolated,ours,5,9,l1_ms,3.217536,recorder
20260829-090925_perlmutter_33522f83,ours_l01_s1_gate_pv2_r2_wa_trace-a2e8ab_b8_k8_isolated,isolated,ours,5,0,plan_comm_ms,0.471936,recorder
20260829-090925_perlmutter_33522f83,ours_l01_s1_gate_pv2_r2_wa_trace-a2e8ab_b8_k8_isolated,isolated,ours,5,1,plan_comm_ms,0.574272,recorder
20260829-090925_perlmutter_33522f83,ours_l01_s1_gate_pv2_r2_wa_trace-a2e8ab_b8_k8_isolated,isolated,ours,5,2,plan_comm_ms,0.486816,recorder
20260829-090925_perlmutter_33522f83,ours_l01_s1_gate_pv2_r2_wa_trace-a2e8ab_b8_k8_isolated,isolated,ours,5,3,plan_comm_ms,0.31232,recorder
20260829-090925_perlmutter_33522f83,ours_l01_s1_gate_pv2_r2_wa_trace-a2e8ab_b8_k8_isolated,isolated,ours,5,4,plan_comm_ms,0.247264,recorder
20260829-090925_perlmutter_33522f83,ours_l01_s1_gate_pv2_r2_wa_trace-a2e8ab_b8_k8_isolated,isolated,ours,5,5,plan_comm_ms,0.309056,recorder
20260829-090925_perlmutter_33522f83,ours_l01_s1_gate_pv2_r2_wa_trace-a2e8ab_b8_k8_isolated,isolated,ours,5,6,plan_comm_ms,0.998112,recorder
20260829-090925_perlmutter_33522f83,ours_l01_s1_gate_pv2_r2_wa_trace-a2e8ab_b8_k8_isolated,isolated,ours,5,7,plan_comm_ms,0.26736,recorder
20260829-090925_perlmutter_33522f83,ours_l01_s1_gate_pv2_r2_wa_trace-a2e8ab_b8_k8_isolated,isolated,ours,5,8,plan_comm_ms,0.258112,recorder
20260829-090925_perlmutter_33522f83,ours_l01_s1_gate_pv2_r2_wa_trace-a2e8ab_b8_k8_isolated,isolated,ours,5,9,plan_comm_ms,0.519776,recorder
20260829-090925_perlmutter_33522f83,ours_l01_s1_gate_pv2_r2_wa_trace-a2e8ab_b8_k8_isolated,isolated,ours,5,0,place_ms,0.002304,recorder
20260829-090925_perlmutter_33522f83,ours_l01_s1_gate_pv2_r2_wa_trace-a2e8ab_b8_k8_isolated,isolated,ours,5,1,place_ms,0.002336,recorder
20260829-090925_perlmutter_33522f83,ours_l01_s1_gate_pv2_r2_wa_trace-a2e8ab_b8_k8_isolated,isolated,ours,5,2,place_ms,0.002336,recorder
20260829-090925_perlmutter_33522f83,ours_l01_s1_gate_pv2_r2_wa_trace-a2e8ab_b8_k8_isolated,isolated,ours,5,3,place_ms,0.002336,recorder
20260829-090925_perlmutter_33522f83,ours_l01_s1_gate_pv2_r2_wa_trace-a2e8ab_b8_k8_isolated,isolated,ours,5,4,place_ms,0.002304,recorder
20260829-090925_perlmutter_33522f83,ours_l01_s1_gate_pv2_r2_wa_trace-a2e8ab_b8_k8_isolated,isolated,ours,5,5,place_ms,0.002336,recorder
20260829-090925_perlmutter_33522f83,ours_l01_s1_gate_pv2_r2_wa_trace-a2e8ab_b8_k8_isolated,isolated,ours,5,6,place_ms,0.002304,recorder
20260829-090925_perlmutter_33522f83,ours_l01_s1_gate_pv2_r2_wa_trace-a2e8ab_b8_k8_isolated,isolated,ours,5,7,place_ms,0.002336,recorder
20260829-090925_perlmutter_33522f83,ours_l01_s1_gate_pv2_r2_wa_trace-a2e8ab_b8_k8_isolated,isolated,ours,5,8,place_ms,0.002336,recorder
20260829-090925_perlmutter_33522f83,ours_l01_s1_gate_pv2_r2_wa_trace-a2e8ab_b8_k8_isolated,isolated,ours,5,9,place_ms,0.002336,recorder
20260829-090925_perlmutter_33522f83,ours_l01_s1_gate_pv2_r2_wa_trace-a2e8ab_b8_k8_isolated,isolated,ours,5,0,plan_ms,3.83648,recorder
20260829-090925_perlmutter_33522f83,ours_l01_s1_gate_pv2_r2_wa_trace-a2e8ab_b8_k8_isolated,isolated,ours,5,1,plan_ms,3.698272,recorder
20260829-090925_perlmutter_33522f83,ours_l01_s1_gate_pv2_r2_wa_trace-a2e8ab_b8_k8_isolated,isolated,ours,5,2,plan_ms,3.940192,recorder
20260829-090925_perlmutter_33522f83,ours_l01_s1_gate_pv2_r2_wa_trace-a2e8ab_b8_k8_isolated,isolated,ours,5,3,plan_ms,3.821024,recorder
20260829-090925_perlmutter_33522f83,ours_l01_s1_gate_pv2_r2_wa_trace-a2e8ab_b8_k8_isolated,isolated,ours,5,4,plan_ms,3.73888,recorder
20260829-090925_perlmutter_33522f83,ours_l01_s1_gate_pv2_r2_wa_trace-a2e8ab_b8_k8_isolated,isolated,ours,5,5,plan_ms,3.78592,recorder
20260829-090925_perlmutter_33522f83,ours_l01_s1_gate_pv2_r2_wa_trace-a2e8ab_b8_k8_isolated,isolated,ours,5,6,plan_ms,3.744352,recorder
20260829-090925_perlmutter_33522f83,ours_l01_s1_gate_pv2_r2_wa_trace-a2e8ab_b8_k8_isolated,isolated,ours,5,7,plan_ms,3.964352,recorder
20260829-090925_perlmutter_33522f83,ours_l01_s1_gate_pv2_r2_wa_trace-a2e8ab_b8_k8_isolated,isolated,ours,5,8,plan_ms,3.913376,recorder
20260829-090925_perlmutter_33522f83,ours_l01_s1_gate_pv2_r2_wa_trace-a2e8ab_b8_k8_isolated,isolated,ours,5,9,plan_ms,3.705312,recorder
20260829-090925_perlmutter_33522f83,ours_l01_s1_gate_pv2_r2_wa_trace-a2e8ab_b8_k8_isolated,isolated,ours,5,0,total_ms,11.047936,recorder
20260829-090925_perlmutter_33522f83,ours_l01_s1_gate_pv2_r2_wa_trace-a2e8ab_b8_k8_isolated,isolated,ours,5,1,total_ms,10.688256,recorder
20260829-090925_perlmutter_33522f83,ours_l01_s1_gate_pv2_r2_wa_trace-a2e8ab_b8_k8_isolated,isolated,ours,5,2,total_ms,10.565728,recorder
20260829-090925_perlmutter_33522f83,ours_l01_s1_gate_pv2_r2_wa_trace-a2e8ab_b8_k8_isolated,isolated,ours,5,3,total_ms,11.042816,recorder
20260829-090925_perlmutter_33522f83,ours_l01_s1_gate_pv2_r2_wa_trace-a2e8ab_b8_k8_isolated,isolated,ours,5,4,total_ms,9.99072,recorder
20260829-090925_perlmutter_33522f83,ours_l01_s1_gate_pv2_r2_wa_trace-a2e8ab_b8_k8_isolated,isolated,ours,5,5,total_ms,10.364896,recorder
20260829-090925_perlmutter_33522f83,ours_l01_s1_gate_pv2_r2_wa_trace-a2e8ab_b8_k8_isolated,isolated,ours,5,6,total_ms,11.155232,recorder
20260829-090925_perlmutter_33522f83,ours_l01_s1_gate_pv2_r2_wa_trace-a2e8ab_b8_k8_isolated,isolated,ours,5,7,total_ms,11.023808,recorder
20260829-090925_perlmutter_33522f83,ours_l01_s1_gate_pv2_r2_wa_trace-a2e8ab_b8_k8_isolated,isolated,ours,5,8,total_ms,10.503552,recorder
20260829-090925_perlmutter_33522f83,ours_l01_s1_gate_pv2_r2_wa_trace-a2e8ab_b8_k8_isolated,isolated,ours,5,9,total_ms,10.008352,recorder
20260829-090925_perlmutter_33522f83,ours_l01_s1_gate_pv2_r2_wa_trace-a2e8ab_b8_k8_isolated,isolated,ours,5,0,iso_sync_ms,185.061423,recorder
20260829-090925_perlmutter_33522f83,ours_l01_s1_gate_pv2_r2_wa_trace-a2e8ab_b8_k8_isolated,isolated,ours,5,1,iso_sync_ms,183.250842,recorder
20260829-090925_perlmutter_33522f83,ours_l01_s1_gate_pv2_r2_wa_trace-a2e8ab_b8_k8_isolated,isolated,ours,5,2,iso_sync_ms,183.288424,recorder
20260829-090925_perlmutter_33522f83,ours_l01_s1_gate_pv2_r2_wa_trace-a2e8ab_b8_k8_isolated,isolated,ours,5,3,iso_sync_ms,185.430123,recorder
20260829-090925_perlmutter_33522f83,ours_l01_s1_gate_pv2_r2_wa_trace-a2e8ab_b8_k8_isolated,isolated,ours,5,4,iso_sync_ms,184.203529,recorder
20260829-090925_perlmutter_33522f83,ours_l01_s1_gate_pv2_r2_wa_trace-a2e8ab_b8_k8_isolated,isolated,ours,5,5,iso_sync_ms,183.253607,recorder
20260829-090925_perlmutter_33522f83,ours_l01_s1_gate_pv2_r2_wa_trace-a2e8ab_b8_k8_isolated,isolated,ours,5,6,iso_sync_ms,182.662627,recorder
20260829-090925_perlmutter_33522f83,ours_l01_s1_gate_pv2_r2_wa_trace-a2e8ab_b8_k8_isolated,isolated,ours,5,7,iso_sync_ms,182.86595,recorder
20260829-090925_perlmutter_33522f83,ours_l01_s1_gate_pv2_r2_wa_trace-a2e8ab_b8_k8_isolated,isolated,ours,5,8,iso_sync_ms,181.687768,recorder
20260829-090925_perlmutter_33522f83,ours_l01_s1_gate_pv2_r2_wa_trace-a2e8ab_b8_k8_isolated,isolated,ours,5,9,iso_sync_ms,181.297966,recorder
20260829-090925_perlmutter_33522f83,ours_l01_s1_gate_pv2_r2_wa_trace-a2e8ab_b8_k8_isolated,isolated,ours,6,0,e2e_ms,6.68544,recorder
20260829-090925_perlmutter_33522f83,ours_l01_s1_gate_pv2_r2_wa_trace-a2e8ab_b8_k8_isolated,isolated,ours,6,1,e2e_ms,6.35872,recorder
20260829-090925_perlmutter_33522f83,ours_l01_s1_gate_pv2_r2_wa_trace-a2e8ab_b8_k8_isolated,isolated,ours,6,2,e2e_ms,5.716192,recorder
20260829-090925_perlmutter_33522f83,ours_l01_s1_gate_pv2_r2_wa_trace-a2e8ab_b8_k8_isolated,isolated,ours,6,3,e2e_ms,6.935936,recorder
20260829-090925_perlmutter_33522f83,ours_l01_s1_gate_pv2_r2_wa_trace-a2e8ab_b8_k8_isolated,isolated,ours,6,4,e2e_ms,5.95216,recorder
20260829-090925_perlmutter_33522f83,ours_l01_s1_gate_pv2_r2_wa_trace-a2e8ab_b8_k8_isolated,isolated,ours,6,5,e2e_ms,6.296064,recorder
20260829-090925_perlmutter_33522f83,ours_l01_s1_gate_pv2_r2_wa_trace-a2e8ab_b8_k8_isolated,isolated,ours,6,6,e2e_ms,6.367392,recorder
20260829-090925_perlmutter_33522f83,ours_l01_s1_gate_pv2_r2_wa_trace-a2e8ab_b8_k8_isolated,isolated,ours,6,7,e2e_ms,6.662752,recorder
20260829-090925_perlmutter_33522f83,ours_l01_s1_gate_pv2_r2_wa_trace-a2e8ab_b8_k8_isolated,isolated,ours,6,8,e2e_ms,6.334336,recorder
20260829-090925_perlmutter_33522f83,ours_l01_s1_gate_pv2_r2_wa_trace-a2e8ab_b8_k8_isolated,isolated,ours,6,9,e2e_ms,5.77776,recorder
20260829-090925_perlmutter_33522f83,ours_l01_s1_gate_pv2_r2_wa_trace-a2e8ab_b8_k8_isolated,isolated,ours,6,0,l0_ms,3.449792,recorder
20260829-090925_perlmutter_33522f83,ours_l01_s1_gate_pv2_r2_wa_trace-a2e8ab_b8_k8_isolated,isolated,ours,6,1,l0_ms,3.20544,recorder
20260829-090925_perlmutter_33522f83,ours_l01_s1_gate_pv2_r2_wa_trace-a2e8ab_b8_k8_isolated,isolated,ours,6,2,l0_ms,2.553856,recorder
20260829-090925_perlmutter_33522f83,ours_l01_s1_gate_pv2_r2_wa_trace-a2e8ab_b8_k8_isolated,isolated,ours,6,3,l0_ms,3.702816,recorder
20260829-090925_perlmutter_33522f83,ours_l01_s1_gate_pv2_r2_wa_trace-a2e8ab_b8_k8_isolated,isolated,ours,6,4,l0_ms,2.883616,recorder
20260829-090925_perlmutter_33522f83,ours_l01_s1_gate_pv2_r2_wa_trace-a2e8ab_b8_k8_isolated,isolated,ours,6,5,l0_ms,3.081792,recorder
20260829-090925_perlmutter_33522f83,ours_l01_s1_gate_pv2_r2_wa_trace-a2e8ab_b8_k8_isolated,isolated,ours,6,6,l0_ms,3.019136,recorder
20260829-090925_perlmutter_33522f83,ours_l01_s1_gate_pv2_r2_wa_trace-a2e8ab_b8_k8_isolated,isolated,ours,6,7,l0_ms,3.318976,recorder
20260829-090925_perlmutter_33522f83,ours_l01_s1_gate_pv2_r2_wa_trace-a2e8ab_b8_k8_isolated,isolated,ours,6,8,l0_ms,3.28928,recorder
20260829-090925_perlmutter_33522f83,ours_l01_s1_gate_pv2_r2_wa_trace-a2e8ab_b8_k8_isolated,isolated,ours,6,9,l0_ms,2.517824,recorder
20260829-090925_perlmutter_33522f83,ours_l01_s1_gate_pv2_r2_wa_trace-a2e8ab_b8_k8_isolated,isolated,ours,6,0,act_ms,0.048576,recorder
20260829-090925_perlmutter_33522f83,ours_l01_s1_gate_pv2_r2_wa_trace-a2e8ab_b8_k8_isolated,isolated,ours,6,1,act_ms,0.051168,recorder
20260829-090925_perlmutter_33522f83,ours_l01_s1_gate_pv2_r2_wa_trace-a2e8ab_b8_k8_isolated,isolated,ours,6,2,act_ms,0.05088,recorder
20260829-090925_perlmutter_33522f83,ours_l01_s1_gate_pv2_r2_wa_trace-a2e8ab_b8_k8_isolated,isolated,ours,6,3,act_ms,0.052192,recorder
20260829-090925_perlmutter_33522f83,ours_l01_s1_gate_pv2_r2_wa_trace-a2e8ab_b8_k8_isolated,isolated,ours,6,4,act_ms,0.051328,recorder
20260829-090925_perlmutter_33522f83,ours_l01_s1_gate_pv2_r2_wa_trace-a2e8ab_b8_k8_isolated,isolated,ours,6,5,act_ms,0.053376,recorder
20260829-090925_perlmutter_33522f83,ours_l01_s1_gate_pv2_r2_wa_trace-a2e8ab_b8_k8_isolated,isolated,ours,6,6,act_ms,0.052416,recorder
20260829-090925_perlmutter_33522f83,ours_l01_s1_gate_pv2_r2_wa_trace-a2e8ab_b8_k8_isolated,isolated,ours,6,7,act_ms,0.051072,recorder
20260829-090925_perlmutter_33522f83,ours_l01_s1_gate_pv2_r2_wa_trace-a2e8ab_b8_k8_isolated,isolated,ours,6,8,act_ms,0.05456,recorder
20260829-090925_perlmutter_33522f83,ours_l01_s1_gate_pv2_r2_wa_trace-a2e8ab_b8_k8_isolated,isolated,ours,6,9,act_ms,0.047936,recorder
20260829-090925_perlmutter_33522f83,ours_l01_s1_gate_pv2_r2_wa_trace-a2e8ab_b8_k8_isolated,isolated,ours,6,0,l1_ms,3.187072,recorder
20260829-090925_perlmutter_33522f83,ours_l01_s1_gate_pv2_r2_wa_trace-a2e8ab_b8_k8_isolated,isolated,ours,6,1,l1_ms,3.102112,recorder
20260829-090925_perlmutter_33522f83,ours_l01_s1_gate_pv2_r2_wa_trace-a2e8ab_b8_k8_isolated,isolated,ours,6,2,l1_ms,3.111456,recorder
20260829-090925_perlmutter_33522f83,ours_l01_s1_gate_pv2_r2_wa_trace-a2e8ab_b8_k8_isolated,isolated,ours,6,3,l1_ms,3.180928,recorder
20260829-090925_perlmutter_33522f83,ours_l01_s1_gate_pv2_r2_wa_trace-a2e8ab_b8_k8_isolated,isolated,ours,6,4,l1_ms,3.017216,recorder
20260829-090925_perlmutter_33522f83,ours_l01_s1_gate_pv2_r2_wa_trace-a2e8ab_b8_k8_isolated,isolated,ours,6,5,l1_ms,3.160896,recorder
20260829-090925_perlmutter_33522f83,ours_l01_s1_gate_pv2_r2_wa_trace-a2e8ab_b8_k8_isolated,isolated,ours,6,6,l1_ms,3.29584,recorder
20260829-090925_perlmutter_33522f83,ours_l01_s1_gate_pv2_r2_wa_trace-a2e8ab_b8_k8_isolated,isolated,ours,6,7,l1_ms,3.292704,recorder
20260829-090925_perlmutter_33522f83,ours_l01_s1_gate_pv2_r2_wa_trace-a2e8ab_b8_k8_isolated,isolated,ours,6,8,l1_ms,2.990496,recorder
20260829-090925_perlmutter_33522f83,ours_l01_s1_gate_pv2_r2_wa_trace-a2e8ab_b8_k8_isolated,isolated,ours,6,9,l1_ms,3.212,recorder
20260829-090925_perlmutter_33522f83,ours_l01_s1_gate_pv2_r2_wa_trace-a2e8ab_b8_k8_isolated,isolated,ours,6,0,plan_comm_ms,0.462816,recorder
20260829-090925_perlmutter_33522f83,ours_l01_s1_gate_pv2_r2_wa_trace-a2e8ab_b8_k8_isolated,isolated,ours,6,1,plan_comm_ms,0.567456,recorder
20260829-090925_perlmutter_33522f83,ours_l01_s1_gate_pv2_r2_wa_trace-a2e8ab_b8_k8_isolated,isolated,ours,6,2,plan_comm_ms,0.385792,recorder
20260829-090925_perlmutter_33522f83,ours_l01_s1_gate_pv2_r2_wa_trace-a2e8ab_b8_k8_isolated,isolated,ours,6,3,plan_comm_ms,0.311264,recorder
20260829-090925_perlmutter_33522f83,ours_l01_s1_gate_pv2_r2_wa_trace-a2e8ab_b8_k8_isolated,isolated,ours,6,4,plan_comm_ms,0.245312,recorder
20260829-090925_perlmutter_33522f83,ours_l01_s1_gate_pv2_r2_wa_trace-a2e8ab_b8_k8_isolated,isolated,ours,6,5,plan_comm_ms,0.314496,recorder
20260829-090925_perlmutter_33522f83,ours_l01_s1_gate_pv2_r2_wa_trace-a2e8ab_b8_k8_isolated,isolated,ours,6,6,plan_comm_ms,0.995232,recorder
20260829-090925_perlmutter_33522f83,ours_l01_s1_gate_pv2_r2_wa_trace-a2e8ab_b8_k8_isolated,isolated,ours,6,7,plan_comm_ms,0.282336,recorder
20260829-090925_perlmutter_33522f83,ours_l01_s1_gate_pv2_r2_wa_trace-a2e8ab_b8_k8_isolated,isolated,ours,6,8,plan_comm_ms,0.266624,recorder
20260829-090925_perlmutter_33522f83,ours_l01_s1_gate_pv2_r2_wa_trace-a2e8ab_b8_k8_isolated,isolated,ours,6,9,plan_comm_ms,0.515808,recorder
20260829-090925_perlmutter_33522f83,ours_l01_s1_gate_pv2_r2_wa_trace-a2e8ab_b8_k8_isolated,isolated,ours,6,0,place_ms,0.002304,recorder
20260829-090925_perlmutter_33522f83,ours_l01_s1_gate_pv2_r2_wa_trace-a2e8ab_b8_k8_isolated,isolated,ours,6,1,place_ms,0.002336,recorder
20260829-090925_perlmutter_33522f83,ours_l01_s1_gate_pv2_r2_wa_trace-a2e8ab_b8_k8_isolated,isolated,ours,6,2,place_ms,0.015392,recorder
20260829-090925_perlmutter_33522f83,ours_l01_s1_gate_pv2_r2_wa_trace-a2e8ab_b8_k8_isolated,isolated,ours,6,3,place_ms,0.002336,recorder
20260829-090925_perlmutter_33522f83,ours_l01_s1_gate_pv2_r2_wa_trace-a2e8ab_b8_k8_isolated,isolated,ours,6,4,place_ms,0.002624,recorder
20260829-090925_perlmutter_33522f83,ours_l01_s1_gate_pv2_r2_wa_trace-a2e8ab_b8_k8_isolated,isolated,ours,6,5,place_ms,0.002368,recorder
20260829-090925_perlmutter_33522f83,ours_l01_s1_gate_pv2_r2_wa_trace-a2e8ab_b8_k8_isolated,isolated,ours,6,6,place_ms,0.002336,recorder
20260829-090925_perlmutter_33522f83,ours_l01_s1_gate_pv2_r2_wa_trace-a2e8ab_b8_k8_isolated,isolated,ours,6,7,place_ms,0.002336,recorder
20260829-090925_perlmutter_33522f83,ours_l01_s1_gate_pv2_r2_wa_trace-a2e8ab_b8_k8_isolated,isolated,ours,6,8,place_ms,0.002336,recorder
20260829-090925_perlmutter_33522f83,ours_l01_s1_gate_pv2_r2_wa_trace-a2e8ab_b8_k8_isolated,isolated,ours,6,9,place_ms,0.002368,recorder
20260829-090925_perlmutter_33522f83,ours_l01_s1_gate_pv2_r2_wa_trace-a2e8ab_b8_k8_isolated,isolated,ours,6,0,plan_ms,3.875744,recorder
20260829-090925_perlmutter_33522f83,ours_l01_s1_gate_pv2_r2_wa_trace-a2e8ab_b8_k8_isolated,isolated,ours,6,1,plan_ms,3.739744,recorder
20260829-090925_perlmutter_33522f83,ours_l01_s1_gate_pv2_r2_wa_trace-a2e8ab_b8_k8_isolated,isolated,ours,6,2,plan_ms,4.293024,recorder
20260829-090925_perlmutter_33522f83,ours_l01_s1_gate_pv2_r2_wa_trace-a2e8ab_b8_k8_isolated,isolated,ours,6,3,plan_ms,3.794272,recorder
20260829-090925_perlmutter_33522f83,ours_l01_s1_gate_pv2_r2_wa_trace-a2e8ab_b8_k8_isolated,isolated,ours,6,4,plan_ms,3.783904,recorder
20260829-090925_perlmutter_33522f83,ours_l01_s1_gate_pv2_r2_wa_trace-a2e8ab_b8_k8_isolated,isolated,ours,6,5,plan_ms,3.76752,recorder
20260829-090925_perlmutter_33522f83,ours_l01_s1_gate_pv2_r2_wa_trace-a2e8ab_b8_k8_isolated,isolated,ours,6,6,plan_ms,3.775776,recorder
20260829-090925_perlmutter_33522f83,ours_l01_s1_gate_pv2_r2_wa_trace-a2e8ab_b8_k8_isolated,isolated,ours,6,7,plan_ms,4.083136,recorder
20260829-090925_perlmutter_33522f83,ours_l01_s1_gate_pv2_r2_wa_trace-a2e8ab_b8_k8_isolated,isolated,ours,6,8,plan_ms,3.896192,recorder
20260829-090925_perlmutter_33522f83,ours_l01_s1_gate_pv2_r2_wa_trace-a2e8ab_b8_k8_isolated,isolated,ours,6,9,plan_ms,3.711392,recorder
20260829-090925_perlmutter_33522f83,ours_l01_s1_gate_pv2_r2_wa_trace-a2e8ab_b8_k8_isolated,isolated,ours,6,0,total_ms,11.040576,recorder
20260829-090925_perlmutter_33522f83,ours_l01_s1_gate_pv2_r2_wa_trace-a2e8ab_b8_k8_isolated,isolated,ours,6,1,total_ms,10.680864,recorder
20260829-090925_perlmutter_33522f83,ours_l01_s1_gate_pv2_r2_wa_trace-a2e8ab_b8_k8_isolated,isolated,ours,6,2,total_ms,10.42416,recorder
20260829-090925_perlmutter_33522f83,ours_l01_s1_gate_pv2_r2_wa_trace-a2e8ab_b8_k8_isolated,isolated,ours,6,3,total_ms,11.058464,recorder
20260829-090925_perlmutter_33522f83,ours_l01_s1_gate_pv2_r2_wa_trace-a2e8ab_b8_k8_isolated,isolated,ours,6,4,total_ms,9.99808,recorder
20260829-090925_perlmutter_33522f83,ours_l01_s1_gate_pv2_r2_wa_trace-a2e8ab_b8_k8_isolated,isolated,ours,6,5,total_ms,10.394432,recorder
20260829-090925_perlmutter_33522f83,ours_l01_s1_gate_pv2_r2_wa_trace-a2e8ab_b8_k8_isolated,isolated,ours,6,6,total_ms,11.154112,recorder
20260829-090925_perlmutter_33522f83,ours_l01_s1_gate_pv2_r2_wa_trace-a2e8ab_b8_k8_isolated,isolated,ours,6,7,total_ms,11.045504,recorder
20260829-090925_perlmutter_33522f83,ours_l01_s1_gate_pv2_r2_wa_trace-a2e8ab_b8_k8_isolated,isolated,ours,6,8,total_ms,10.513312,recorder
20260829-090925_perlmutter_33522f83,ours_l01_s1_gate_pv2_r2_wa_trace-a2e8ab_b8_k8_isolated,isolated,ours,6,9,total_ms,10.021664,recorder
20260829-090925_perlmutter_33522f83,ours_l01_s1_gate_pv2_r2_wa_trace-a2e8ab_b8_k8_isolated,isolated,ours,6,0,iso_sync_ms,219.814319,recorder
20260829-090925_perlmutter_33522f83,ours_l01_s1_gate_pv2_r2_wa_trace-a2e8ab_b8_k8_isolated,isolated,ours,6,1,iso_sync_ms,217.603577,recorder
20260829-090925_perlmutter_33522f83,ours_l01_s1_gate_pv2_r2_wa_trace-a2e8ab_b8_k8_isolated,isolated,ours,6,2,iso_sync_ms,218.810323,recorder
20260829-090925_perlmutter_33522f83,ours_l01_s1_gate_pv2_r2_wa_trace-a2e8ab_b8_k8_isolated,isolated,ours,6,3,iso_sync_ms,217.708228,recorder
20260829-090925_perlmutter_33522f83,ours_l01_s1_gate_pv2_r2_wa_trace-a2e8ab_b8_k8_isolated,isolated,ours,6,4,iso_sync_ms,218.512529,recorder
20260829-090925_perlmutter_33522f83,ours_l01_s1_gate_pv2_r2_wa_trace-a2e8ab_b8_k8_isolated,isolated,ours,6,5,iso_sync_ms,217.456643,recorder
20260829-090925_perlmutter_33522f83,ours_l01_s1_gate_pv2_r2_wa_trace-a2e8ab_b8_k8_isolated,isolated,ours,6,6,iso_sync_ms,218.778672,recorder
20260829-090925_perlmutter_33522f83,ours_l01_s1_gate_pv2_r2_wa_trace-a2e8ab_b8_k8_isolated,isolated,ours,6,7,iso_sync_ms,217.182214,recorder
20260829-090925_perlmutter_33522f83,ours_l01_s1_gate_pv2_r2_wa_trace-a2e8ab_b8_k8_isolated,isolated,ours,6,8,iso_sync_ms,216.785258,recorder
20260829-090925_perlmutter_33522f83,ours_l01_s1_gate_pv2_r2_wa_trace-a2e8ab_b8_k8_isolated,isolated,ours,6,9,iso_sync_ms,216.956559,recorder
20260829-090925_perlmutter_33522f83,ours_l01_s1_gate_pv2_r2_wa_trace-a2e8ab_b8_k8_isolated,isolated,ours,7,0,e2e_ms,6.652128,recorder
20260829-090925_perlmutter_33522f83,ours_l01_s1_gate_pv2_r2_wa_trace-a2e8ab_b8_k8_isolated,isolated,ours,7,1,e2e_ms,5.883136,recorder
20260829-090925_perlmutter_33522f83,ours_l01_s1_gate_pv2_r2_wa_trace-a2e8ab_b8_k8_isolated,isolated,ours,7,2,e2e_ms,6.098816,recorder
20260829-090925_perlmutter_33522f83,ours_l01_s1_gate_pv2_r2_wa_trace-a2e8ab_b8_k8_isolated,isolated,ours,7,3,e2e_ms,6.671456,recorder
20260829-090925_perlmutter_33522f83,ours_l01_s1_gate_pv2_r2_wa_trace-a2e8ab_b8_k8_isolated,isolated,ours,7,4,e2e_ms,5.90208,recorder
20260829-090925_perlmutter_33522f83,ours_l01_s1_gate_pv2_r2_wa_trace-a2e8ab_b8_k8_isolated,isolated,ours,7,5,e2e_ms,6.21104,recorder
20260829-090925_perlmutter_33522f83,ours_l01_s1_gate_pv2_r2_wa_trace-a2e8ab_b8_k8_isolated,isolated,ours,7,6,e2e_ms,5.984832,recorder
20260829-090925_perlmutter_33522f83,ours_l01_s1_gate_pv2_r2_wa_trace-a2e8ab_b8_k8_isolated,isolated,ours,7,7,e2e_ms,6.791456,recorder
20260829-090925_perlmutter_33522f83,ours_l01_s1_gate_pv2_r2_wa_trace-a2e8ab_b8_k8_isolated,isolated,ours,7,8,e2e_ms,5.729344,recorder
20260829-090925_perlmutter_33522f83,ours_l01_s1_gate_pv2_r2_wa_trace-a2e8ab_b8_k8_isolated,isolated,ours,7,9,e2e_ms,5.711104,recorder
20260829-090925_perlmutter_33522f83,ours_l01_s1_gate_pv2_r2_wa_trace-a2e8ab_b8_k8_isolated,isolated,ours,7,0,l0_ms,3.420352,recorder
20260829-090925_perlmutter_33522f83,ours_l01_s1_gate_pv2_r2_wa_trace-a2e8ab_b8_k8_isolated,isolated,ours,7,1,l0_ms,2.724064,recorder
20260829-090925_perlmutter_33522f83,ours_l01_s1_gate_pv2_r2_wa_trace-a2e8ab_b8_k8_isolated,isolated,ours,7,2,l0_ms,2.940352,recorder
20260829-090925_perlmutter_33522f83,ours_l01_s1_gate_pv2_r2_wa_trace-a2e8ab_b8_k8_isolated,isolated,ours,7,3,l0_ms,3.43168,recorder
20260829-090925_perlmutter_33522f83,ours_l01_s1_gate_pv2_r2_wa_trace-a2e8ab_b8_k8_isolated,isolated,ours,7,4,l0_ms,2.834816,recorder
20260829-090925_perlmutter_33522f83,ours_l01_s1_gate_pv2_r2_wa_trace-a2e8ab_b8_k8_isolated,isolated,ours,7,5,l0_ms,2.994432,recorder
20260829-090925_perlmutter_33522f83,ours_l01_s1_gate_pv2_r2_wa_trace-a2e8ab_b8_k8_isolated,isolated,ours,7,6,l0_ms,2.642528,recorder
20260829-090925_perlmutter_33522f83,ours_l01_s1_gate_pv2_r2_wa_trace-a2e8ab_b8_k8_isolated,isolated,ours,7,7,l0_ms,3.456768,recorder
20260829-090925_perlmutter_33522f83,ours_l01_s1_gate_pv2_r2_wa_trace-a2e8ab_b8_k8_isolated,isolated,ours,7,8,l0_ms,2.680608,recorder
20260829-090925_perlmutter_33522f83,ours_l01_s1_gate_pv2_r2_wa_trace-a2e8ab_b8_k8_isolated,isolated,ours,7,9,l0_ms,2.455264,recorder
20260829-090925_perlmutter_33522f83,ours_l01_s1_gate_pv2_r2_wa_trace-a2e8ab_b8_k8_isolated,isolated,ours,7,0,act_ms,0.045376,recorder
20260829-090925_perlmutter_33522f83,ours_l01_s1_gate_pv2_r2_wa_trace-a2e8ab_b8_k8_isolated,isolated,ours,7,1,act_ms,0.046528,recorder
20260829-090925_perlmutter_33522f83,ours_l01_s1_gate_pv2_r2_wa_trace-a2e8ab_b8_k8_isolated,isolated,ours,7,2,act_ms,0.043712,recorder
20260829-090925_perlmutter_33522f83,ours_l01_s1_gate_pv2_r2_wa_trace-a2e8ab_b8_k8_isolated,isolated,ours,7,3,act_ms,0.045728,recorder
20260829-090925_perlmutter_33522f83,ours_l01_s1_gate_pv2_r2_wa_trace-a2e8ab_b8_k8_isolated,isolated,ours,7,4,act_ms,0.046464,recorder
20260829-090925_perlmutter_33522f83,ours_l01_s1_gate_pv2_r2_wa_trace-a2e8ab_b8_k8_isolated,isolated,ours,7,5,act_ms,0.044384,recorder
20260829-090925_perlmutter_33522f83,ours_l01_s1_gate_pv2_r2_wa_trace-a2e8ab_b8_k8_isolated,isolated,ours,7,6,act_ms,0.043904,recorder
20260829-090925_perlmutter_33522f83,ours_l01_s1_gate_pv2_r2_wa_trace-a2e8ab_b8_k8_isolated,isolated,ours,7,7,act_ms,0.047168,recorder
20260829-090925_perlmutter_33522f83,ours_l01_s1_gate_pv2_r2_wa_trace-a2e8ab_b8_k8_isolated,isolated,ours,7,8,act_ms,0.045024,recorder
20260829-090925_perlmutter_33522f83,ours_l01_s1_gate_pv2_r2_wa_trace-a2e8ab_b8_k8_isolated,isolated,ours,7,9,act_ms,0.046944,recorder
20260829-090925_perlmutter_33522f83,ours_l01_s1_gate_pv2_r2_wa_trace-a2e8ab_b8_k8_isolated,isolated,ours,7,0,l1_ms,3.1864,recorder
20260829-090925_perlmutter_33522f83,ours_l01_s1_gate_pv2_r2_wa_trace-a2e8ab_b8_k8_isolated,isolated,ours,7,1,l1_ms,3.112544,recorder
20260829-090925_perlmutter_33522f83,ours_l01_s1_gate_pv2_r2_wa_trace-a2e8ab_b8_k8_isolated,isolated,ours,7,2,l1_ms,3.114752,recorder
20260829-090925_perlmutter_33522f83,ours_l01_s1_gate_pv2_r2_wa_trace-a2e8ab_b8_k8_isolated,isolated,ours,7,3,l1_ms,3.194048,recorder
20260829-090925_perlmutter_33522f83,ours_l01_s1_gate_pv2_r2_wa_trace-a2e8ab_b8_k8_isolated,isolated,ours,7,4,l1_ms,3.0208,recorder
20260829-090925_perlmutter_33522f83,ours_l01_s1_gate_pv2_r2_wa_trace-a2e8ab_b8_k8_isolated,isolated,ours,7,5,l1_ms,3.172224,recorder
20260829-090925_perlmutter_33522f83,ours_l01_s1_gate_pv2_r2_wa_trace-a2e8ab_b8_k8_isolated,isolated,ours,7,6,l1_ms,3.2984,recorder
20260829-090925_perlmutter_33522f83,ours_l01_s1_gate_pv2_r2_wa_trace-a2e8ab_b8_k8_isolated,isolated,ours,7,7,l1_ms,3.28752,recorder
20260829-090925_perlmutter_33522f83,ours_l01_s1_gate_pv2_r2_wa_trace-a2e8ab_b8_k8_isolated,isolated,ours,7,8,l1_ms,3.003712,recorder
20260829-090925_perlmutter_33522f83,ours_l01_s1_gate_pv2_r2_wa_trace-a2e8ab_b8_k8_isolated,isolated,ours,7,9,l1_ms,3.208896,recorder
20260829-090925_perlmutter_33522f83,ours_l01_s1_gate_pv2_r2_wa_trace-a2e8ab_b8_k8_isolated,isolated,ours,7,0,plan_comm_ms,0.464416,recorder
20260829-090925_perlmutter_33522f83,ours_l01_s1_gate_pv2_r2_wa_trace-a2e8ab_b8_k8_isolated,isolated,ours,7,1,plan_comm_ms,0.565152,recorder
20260829-090925_perlmutter_33522f83,ours_l01_s1_gate_pv2_r2_wa_trace-a2e8ab_b8_k8_isolated,isolated,ours,7,2,plan_comm_ms,0.502592,recorder
20260829-090925_perlmutter_33522f83,ours_l01_s1_gate_pv2_r2_wa_trace-a2e8ab_b8_k8_isolated,isolated,ours,7,3,plan_comm_ms,0.296992,recorder
20260829-090925_perlmutter_33522f83,ours_l01_s1_gate_pv2_r2_wa_trace-a2e8ab_b8_k8_isolated,isolated,ours,7,4,plan_comm_ms,0.24464,recorder
20260829-090925_perlmutter_33522f83,ours_l01_s1_gate_pv2_r2_wa_trace-a2e8ab_b8_k8_isolated,isolated,ours,7,5,plan_comm_ms,0.301984,recorder
20260829-090925_perlmutter_33522f83,ours_l01_s1_gate_pv2_r2_wa_trace-a2e8ab_b8_k8_isolated,isolated,ours,7,6,plan_comm_ms,0.967872,recorder
20260829-090925_perlmutter_33522f83,ours_l01_s1_gate_pv2_r2_wa_trace-a2e8ab_b8_k8_isolated,isolated,ours,7,7,plan_comm_ms,0.267904,recorder
20260829-090925_perlmutter_33522f83,ours_l01_s1_gate_pv2_r2_wa_trace-a2e8ab_b8_k8_isolated,isolated,ours,7,8,plan_comm_ms,0.251968,recorder
20260829-090925_perlmutter_33522f83,ours_l01_s1_gate_pv2_r2_wa_trace-a2e8ab_b8_k8_isolated,isolated,ours,7,9,plan_comm_ms,0.5096,recorder
20260829-090925_perlmutter_33522f83,ours_l01_s1_gate_pv2_r2_wa_trace-a2e8ab_b8_k8_isolated,isolated,ours,7,0,place_ms,0.002336,recorder
20260829-090925_perlmutter_33522f83,ours_l01_s1_gate_pv2_r2_wa_trace-a2e8ab_b8_k8_isolated,isolated,ours,7,1,place_ms,0.002336,recorder
20260829-090925_perlmutter_33522f83,ours_l01_s1_gate_pv2_r2_wa_trace-a2e8ab_b8_k8_isolated,isolated,ours,7,2,place_ms,0.002336,recorder
20260829-090925_perlmutter_33522f83,ours_l01_s1_gate_pv2_r2_wa_trace-a2e8ab_b8_k8_isolated,isolated,ours,7,3,place_ms,0.002304,recorder
20260829-090925_perlmutter_33522f83,ours_l01_s1_gate_pv2_r2_wa_trace-a2e8ab_b8_k8_isolated,isolated,ours,7,4,place_ms,0.002304,recorder
20260829-090925_perlmutter_33522f83,ours_l01_s1_gate_pv2_r2_wa_trace-a2e8ab_b8_k8_isolated,isolated,ours,7,5,place_ms,0.002304,recorder
20260829-090925_perlmutter_33522f83,ours_l01_s1_gate_pv2_r2_wa_trace-a2e8ab_b8_k8_isolated,isolated,ours,7,6,place_ms,0.002336,recorder
20260829-090925_perlmutter_33522f83,ours_l01_s1_gate_pv2_r2_wa_trace-a2e8ab_b8_k8_isolated,isolated,ours,7,7,place_ms,0.002336,recorder
20260829-090925_perlmutter_33522f83,ours_l01_s1_gate_pv2_r2_wa_trace-a2e8ab_b8_k8_isolated,isolated,ours,7,8,place_ms,0.002336,recorder
20260829-090925_perlmutter_33522f83,ours_l01_s1_gate_pv2_r2_wa_trace-a2e8ab_b8_k8_isolated,isolated,ours,7,9,place_ms,0.002304,recorder
20260829-090925_perlmutter_33522f83,ours_l01_s1_gate_pv2_r2_wa_trace-a2e8ab_b8_k8_isolated,isolated,ours,7,0,plan_ms,3.910656,recorder
20260829-090925_perlmutter_33522f83,ours_l01_s1_gate_pv2_r2_wa_trace-a2e8ab_b8_k8_isolated,isolated,ours,7,1,plan_ms,4.218176,recorder
20260829-090925_perlmutter_33522f83,ours_l01_s1_gate_pv2_r2_wa_trace-a2e8ab_b8_k8_isolated,isolated,ours,7,2,plan_ms,3.952832,recorder
20260829-090925_perlmutter_33522f83,ours_l01_s1_gate_pv2_r2_wa_trace-a2e8ab_b8_k8_isolated,isolated,ours,7,3,plan_ms,4.072256,recorder
20260829-090925_perlmutter_33522f83,ours_l01_s1_gate_pv2_r2_wa_trace-a2e8ab_b8_k8_isolated,isolated,ours,7,4,plan_ms,3.833344,recorder
20260829-090925_perlmutter_33522f83,ours_l01_s1_gate_pv2_r2_wa_trace-a2e8ab_b8_k8_isolated,isolated,ours,7,5,plan_ms,3.8624,recorder
20260829-090925_perlmutter_33522f83,ours_l01_s1_gate_pv2_r2_wa_trace-a2e8ab_b8_k8_isolated,isolated,ours,7,6,plan_ms,4.158112,recorder
20260829-090925_perlmutter_33522f83,ours_l01_s1_gate_pv2_r2_wa_trace-a2e8ab_b8_k8_isolated,isolated,ours,7,7,plan_ms,3.958944,recorder
20260829-090925_perlmutter_33522f83,ours_l01_s1_gate_pv2_r2_wa_trace-a2e8ab_b8_k8_isolated,isolated,ours,7,8,plan_ms,4.501984,recorder
20260829-090925_perlmutter_33522f83,ours_l01_s1_gate_pv2_r2_wa_trace-a2e8ab_b8_k8_isolated,isolated,ours,7,9,plan_ms,3.781312,recorder
20260829-090925_perlmutter_33522f83,ours_l01_s1_gate_pv2_r2_wa_trace-a2e8ab_b8_k8_isolated,isolated,ours,7,0,total_ms,11.044224,recorder
20260829-090925_perlmutter_33522f83,ours_l01_s1_gate_pv2_r2_wa_trace-a2e8ab_b8_k8_isolated,isolated,ours,7,1,total_ms,10.682944,recorder
20260829-090925_perlmutter_33522f83,ours_l01_s1_gate_pv2_r2_wa_trace-a2e8ab_b8_k8_isolated,isolated,ours,7,2,total_ms,10.571808,recorder
20260829-090925_perlmutter_33522f83,ours_l01_s1_gate_pv2_r2_wa_trace-a2e8ab_b8_k8_isolated,isolated,ours,7,3,total_ms,11.056992,recorder
20260829-090925_perlmutter_33522f83,ours_l01_s1_gate_pv2_r2_wa_trace-a2e8ab_b8_k8_isolated,isolated,ours,7,4,total_ms,9.996416,recorder
20260829-090925_perlmutter_33522f83,ours_l01_s1_gate_pv2_r2_wa_trace-a2e8ab_b8_k8_isolated,isolated,ours,7,5,total_ms,10.392096,recorder
20260829-090925_perlmutter_33522f83,ours_l01_s1_gate_pv2_r2_wa_trace-a2e8ab_b8_k8_isolated,isolated,ours,7,6,total_ms,11.127264,recorder
20260829-090925_perlmutter_33522f83,ours_l01_s1_gate_pv2_r2_wa_trace-a2e8ab_b8_k8_isolated,isolated,ours,7,7,total_ms,11.03536,recorder
20260829-090925_perlmutter_33522f83,ours_l01_s1_gate_pv2_r2_wa_trace-a2e8ab_b8_k8_isolated,isolated,ours,7,8,total_ms,10.501152,recorder
20260829-090925_perlmutter_33522f83,ours_l01_s1_gate_pv2_r2_wa_trace-a2e8ab_b8_k8_isolated,isolated,ours,7,9,total_ms,10.018048,recorder
20260829-090925_perlmutter_33522f83,ours_l01_s1_gate_pv2_r2_wa_trace-a2e8ab_b8_k8_isolated,isolated,ours,7,0,iso_sync_ms,223.729257,recorder
20260829-090925_perlmutter_33522f83,ours_l01_s1_gate_pv2_r2_wa_trace-a2e8ab_b8_k8_isolated,isolated,ours,7,1,iso_sync_ms,218.448376,recorder
20260829-090925_perlmutter_33522f83,ours_l01_s1_gate_pv2_r2_wa_trace-a2e8ab_b8_k8_isolated,isolated,ours,7,2,iso_sync_ms,222.013369,recorder
20260829-090925_perlmutter_33522f83,ours_l01_s1_gate_pv2_r2_wa_trace-a2e8ab_b8_k8_isolated,isolated,ours,7,3,iso_sync_ms,220.995506,recorder
20260829-090925_perlmutter_33522f83,ours_l01_s1_gate_pv2_r2_wa_trace-a2e8ab_b8_k8_isolated,isolated,ours,7,4,iso_sync_ms,222.35078,recorder
20260829-090925_perlmutter_33522f83,ours_l01_s1_gate_pv2_r2_wa_trace-a2e8ab_b8_k8_isolated,isolated,ours,7,5,iso_sync_ms,221.180533,recorder
20260829-090925_perlmutter_33522f83,ours_l01_s1_gate_pv2_r2_wa_trace-a2e8ab_b8_k8_isolated,isolated,ours,7,6,iso_sync_ms,222.52223,recorder
20260829-090925_perlmutter_33522f83,ours_l01_s1_gate_pv2_r2_wa_trace-a2e8ab_b8_k8_isolated,isolated,ours,7,7,iso_sync_ms,173.38529,recorder
20260829-090925_perlmutter_33522f83,ours_l01_s1_gate_pv2_r2_wa_trace-a2e8ab_b8_k8_isolated,isolated,ours,7,8,iso_sync_ms,210.888339,recorder
20260829-090925_perlmutter_33522f83,ours_l01_s1_gate_pv2_r2_wa_trace-a2e8ab_b8_k8_isolated,isolated,ours,7,9,iso_sync_ms,208.629274,recorder
20260829-090925_perlmutter_33522f83,ours_l01_s1_gate_pv2_r2_wa_trace-a2e8ab_b8_k8_isolated,isolated,ours,8,0,e2e_ms,6.73792,recorder
20260829-090925_perlmutter_33522f83,ours_l01_s1_gate_pv2_r2_wa_trace-a2e8ab_b8_k8_isolated,isolated,ours,8,1,e2e_ms,6.349728,recorder
20260829-090925_perlmutter_33522f83,ours_l01_s1_gate_pv2_r2_wa_trace-a2e8ab_b8_k8_isolated,isolated,ours,8,2,e2e_ms,6.169536,recorder
20260829-090925_perlmutter_33522f83,ours_l01_s1_gate_pv2_r2_wa_trace-a2e8ab_b8_k8_isolated,isolated,ours,8,3,e2e_ms,6.998752,recorder
20260829-090925_perlmutter_33522f83,ours_l01_s1_gate_pv2_r2_wa_trace-a2e8ab_b8_k8_isolated,isolated,ours,8,4,e2e_ms,5.942336,recorder
20260829-090925_perlmutter_33522f83,ours_l01_s1_gate_pv2_r2_wa_trace-a2e8ab_b8_k8_isolated,isolated,ours,8,5,e2e_ms,6.150368,recorder
20260829-090925_perlmutter_33522f83,ours_l01_s1_gate_pv2_r2_wa_trace-a2e8ab_b8_k8_isolated,isolated,ours,8,6,e2e_ms,6.43056,recorder
20260829-090925_perlmutter_33522f83,ours_l01_s1_gate_pv2_r2_wa_trace-a2e8ab_b8_k8_isolated,isolated,ours,8,7,e2e_ms,6.796544,recorder
20260829-090925_perlmutter_33522f83,ours_l01_s1_gate_pv2_r2_wa_trace-a2e8ab_b8_k8_isolated,isolated,ours,8,8,e2e_ms,6.396864,recorder
20260829-090925_perlmutter_33522f83,ours_l01_s1_gate_pv2_r2_wa_trace-a2e8ab_b8_k8_isolated,isolated,ours,8,9,e2e_ms,5.84816,recorder
20260829-090925_perlmutter_33522f83,ours_l01_s1_gate_pv2_r2_wa_trace-a2e8ab_b8_k8_isolated,isolated,ours,8,0,l0_ms,3.510528,recorder
20260829-090925_perlmutter_33522f83,ours_l01_s1_gate_pv2_r2_wa_trace-a2e8ab_b8_k8_isolated,isolated,ours,8,1,l0_ms,3.196928,recorder
20260829-090925_perlmutter_33522f83,ours_l01_s1_gate_pv2_r2_wa_trace-a2e8ab_b8_k8_isolated,isolated,ours,8,2,l0_ms,3.020864,recorder
20260829-090925_perlmutter_33522f83,ours_l01_s1_gate_pv2_r2_wa_trace-a2e8ab_b8_k8_isolated,isolated,ours,8,3,l0_ms,3.760544,recorder
20260829-090925_perlmutter_33522f83,ours_l01_s1_gate_pv2_r2_wa_trace-a2e8ab_b8_k8_isolated,isolated,ours,8,4,l0_ms,2.889888,recorder
20260829-090925_perlmutter_33522f83,ours_l01_s1_gate_pv2_r2_wa_trace-a2e8ab_b8_k8_isolated,isolated,ours,8,5,l0_ms,2.93712,recorder
20260829-090925_perlmutter_33522f83,ours_l01_s1_gate_pv2_r2_wa_trace-a2e8ab_b8_k8_isolated,isolated,ours,8,6,l0_ms,3.100544,recorder
20260829-090925_perlmutter_33522f83,ours_l01_s1_gate_pv2_r2_wa_trace-a2e8ab_b8_k8_isolated,isolated,ours,8,7,l0_ms,3.463872,recorder
20260829-090925_perlmutter_33522f83,ours_l01_s1_gate_pv2_r2_wa_trace-a2e8ab_b8_k8_isolated,isolated,ours,8,8,l0_ms,3.355648,recorder
20260829-090925_perlmutter_33522f83,ours_l01_s1_gate_pv2_r2_wa_trace-a2e8ab_b8_k8_isolated,isolated,ours,8,9,l0_ms,2.589088,recorder
20260829-090925_perlmutter_33522f83,ours_l01_s1_gate_pv2_r2_wa_trace-a2e8ab_b8_k8_isolated,isolated,ours,8,0,act_ms,0.037024,recorder
20260829-090925_perlmutter_33522f83,ours_l01_s1_gate_pv2_r2_wa_trace-a2e8ab_b8_k8_isolated,isolated,ours,8,1,act_ms,0.035936,recorder
20260829-090925_perlmutter_33522f83,ours_l01_s1_gate_pv2_r2_wa_trace-a2e8ab_b8_k8_isolated,isolated,ours,8,2,act_ms,0.035072,recorder
20260829-090925_perlmutter_33522f83,ours_l01_s1_gate_pv2_r2_wa_trace-a2e8ab_b8_k8_isolated,isolated,ours,8,3,act_ms,0.036032,recorder
20260829-090925_perlmutter_33522f83,ours_l01_s1_gate_pv2_r2_wa_trace-a2e8ab_b8_k8_isolated,isolated,ours,8,4,act_ms,0.037184,recorder
20260829-090925_perlmutter_33522f83,ours_l01_s1_gate_pv2_r2_wa_trace-a2e8ab_b8_k8_isolated,isolated,ours,8,5,act_ms,0.037536,recorder
20260829-090925_perlmutter_33522f83,ours_l01_s1_gate_pv2_r2_wa_trace-a2e8ab_b8_k8_isolated,isolated,ours,8,6,act_ms,0.037184,recorder
20260829-090925_perlmutter_33522f83,ours_l01_s1_gate_pv2_r2_wa_trace-a2e8ab_b8_k8_isolated,isolated,ours,8,7,act_ms,0.034336,recorder
20260829-090925_perlmutter_33522f83,ours_l01_s1_gate_pv2_r2_wa_trace-a2e8ab_b8_k8_isolated,isolated,ours,8,8,act_ms,0.03712,recorder
20260829-090925_perlmutter_33522f83,ours_l01_s1_gate_pv2_r2_wa_trace-a2e8ab_b8_k8_isolated,isolated,ours,8,9,act_ms,0.035808,recorder
20260829-090925_perlmutter_33522f83,ours_l01_s1_gate_pv2_r2_wa_trace-a2e8ab_b8_k8_isolated,isolated,ours,8,0,l1_ms,3.190368,recorder
20260829-090925_perlmutter_33522f83,ours_l01_s1_gate_pv2_r2_wa_trace-a2e8ab_b8_k8_isolated,isolated,ours,8,1,l1_ms,3.116864,recorder
20260829-090925_perlmutter_33522f83,ours_l01_s1_gate_pv2_r2_wa_trace-a2e8ab_b8_k8_isolated,isolated,ours,8,2,l1_ms,3.1136,recorder
20260829-090925_perlmutter_33522f83,ours_l01_s1_gate_pv2_r2_wa_trace-a2e8ab_b8_k8_isolated,isolated,ours,8,3,l1_ms,3.202176,recorder
20260829-090925_perlmutter_33522f83,ours_l01_s1_gate_pv2_r2_wa_trace-a2e8ab_b8_k8_isolated,isolated,ours,8,4,l1_ms,3.015264,recorder
20260829-090925_perlmutter_33522f83,ours_l01_s1_gate_pv2_r2_wa_trace-a2e8ab_b8_k8_isolated,isolated,ours,8,5,l1_ms,3.175712,recorder
20260829-090925_perlmutter_33522f83,ours_l01_s1_gate_pv2_r2_wa_trace-a2e8ab_b8_k8_isolated,isolated,ours,8,6,l1_ms,3.292832,recorder
20260829-090925_perlmutter_33522f83,ours_l01_s1_gate_pv2_r2_wa_trace-a2e8ab_b8_k8_isolated,isolated,ours,8,7,l1_ms,3.298336,recorder
20260829-090925_perlmutter_33522f83,ours_l01_s1_gate_pv2_r2_wa_trace-a2e8ab_b8_k8_isolated,isolated,ours,8,8,l1_ms,3.004096,recorder
20260829-090925_perlmutter_33522f83,ours_l01_s1_gate_pv2_r2_wa_trace-a2e8ab_b8_k8_isolated,isolated,ours,8,9,l1_ms,3.223264,recorder
20260829-090925_perlmutter_33522f83,ours_l01_s1_gate_pv2_r2_wa_trace-a2e8ab_b8_k8_isolated,isolated,ours,8,0,plan_comm_ms,0.5096,recorder
20260829-090925_perlmutter_33522f83,ours_l01_s1_gate_pv2_r2_wa_trace-a2e8ab_b8_k8_isolated,isolated,ours,8,1,plan_comm_ms,0.57984,recorder
20260829-090925_perlmutter_33522f83,ours_l01_s1_gate_pv2_r2_wa_trace-a2e8ab_b8_k8_isolated,isolated,ours,8,2,plan_comm_ms,0.493184,recorder
20260829-090925_perlmutter_33522f83,ours_l01_s1_gate_pv2_r2_wa_trace-a2e8ab_b8_k8_isolated,isolated,ours,8,3,plan_comm_ms,0.315392,recorder
20260829-090925_perlmutter_33522f83,ours_l01_s1_gate_pv2_r2_wa_trace-a2e8ab_b8_k8_isolated,isolated,ours,8,4,plan_comm_ms,0.254976,recorder
20260829-090925_perlmutter_33522f83,ours_l01_s1_gate_pv2_r2_wa_trace-a2e8ab_b8_k8_isolated,isolated,ours,8,5,plan_comm_ms,0.251264,recorder
20260829-090925_perlmutter_33522f83,ours_l01_s1_gate_pv2_r2_wa_trace-a2e8ab_b8_k8_isolated,isolated,ours,8,6,plan_comm_ms,1.002112,recorder
20260829-090925_perlmutter_33522f83,ours_l01_s1_gate_pv2_r2_wa_trace-a2e8ab_b8_k8_isolated,isolated,ours,8,7,plan_comm_ms,0.28176,recorder
20260829-090925_perlmutter_33522f83,ours_l01_s1_gate_pv2_r2_wa_trace-a2e8ab_b8_k8_isolated,isolated,ours,8,8,plan_comm_ms,0.274688,recorder
20260829-090925_perlmutter_33522f83,ours_l01_s1_gate_pv2_r2_wa_trace-a2e8ab_b8_k8_isolated,isolated,ours,8,9,plan_comm_ms,0.527936,recorder
20260829-090925_perlmutter_33522f83,ours_l01_s1_gate_pv2_r2_wa_trace-a2e8ab_b8_k8_isolated,isolated,ours,8,0,place_ms,0.002592,recorder
20260829-090925_perlmutter_33522f83,ours_l01_s1_gate_pv2_r2_wa_trace-a2e8ab_b8_k8_isolated,isolated,ours,8,1,place_ms,0.002336,recorder
20260829-090925_perlmutter_33522f83,ours_l01_s1_gate_pv2_r2_wa_trace-a2e8ab_b8_k8_isolated,isolated,ours,8,2,place_ms,0.002336,recorder
20260829-090925_perlmutter_33522f83,ours_l01_s1_gate_pv2_r2_wa_trace-a2e8ab_b8_k8_isolated,isolated,ours,8,3,place_ms,0.002304,recorder
20260829-090925_perlmutter_33522f83,ours_l01_s1_gate_pv2_r2_wa_trace-a2e8ab_b8_k8_isolated,isolated,ours,8,4,place_ms,0.002368,recorder
20260829-090925_perlmutter_33522f83,ours_l01_s1_gate_pv2_r2_wa_trace-a2e8ab_b8_k8_isolated,isolated,ours,8,5,place_ms,0.013792,recorder
20260829-090925_perlmutter_33522f83,ours_l01_s1_gate_pv2_r2_wa_trace-a2e8ab_b8_k8_isolated,isolated,ours,8,6,place_ms,0.002336,recorder
20260829-090925_perlmutter_33522f83,ours_l01_s1_gate_pv2_r2_wa_trace-a2e8ab_b8_k8_isolated,isolated,ours,8,7,place_ms,0.002336,recorder
20260829-090925_perlmutter_33522f83,ours_l01_s1_gate_pv2_r2_wa_trace-a2e8ab_b8_k8_isolated,isolated,ours,8,8,place_ms,0.002304,recorder
20260829-090925_perlmutter_33522f83,ours_l01_s1_gate_pv2_r2_wa_trace-a2e8ab_b8_k8_isolated,isolated,ours,8,9,place_ms,0.002464,recorder
20260829-090925_perlmutter_33522f83,ours_l01_s1_gate_pv2_r2_wa_trace-a2e8ab_b8_k8_isolated,isolated,ours,8,0,plan_ms,3.821952,recorder
20260829-090925_perlmutter_33522f83,ours_l01_s1_gate_pv2_r2_wa_trace-a2e8ab_b8_k8_isolated,isolated,ours,8,1,plan_ms,3.747936,recorder
20260829-090925_perlmutter_33522f83,ours_l01_s1_gate_pv2_r2_wa_trace-a2e8ab_b8_k8_isolated,isolated,ours,8,2,plan_ms,3.876288,recorder
20260829-090925_perlmutter_33522f83,ours_l01_s1_gate_pv2_r2_wa_trace-a2e8ab_b8_k8_isolated,isolated,ours,8,3,plan_ms,3.748416,recorder
20260829-090925_perlmutter_33522f83,ours_l01_s1_gate_pv2_r2_wa_trace-a2e8ab_b8_k8_isolated,isolated,ours,8,4,plan_ms,3.79328,recorder
20260829-090925_perlmutter_33522f83,ours_l01_s1_gate_pv2_r2_wa_trace-a2e8ab_b8_k8_isolated,isolated,ours,8,5,plan_ms,3.901184,recorder
20260829-090925_perlmutter_33522f83,ours_l01_s1_gate_pv2_r2_wa_trace-a2e8ab_b8_k8_isolated,isolated,ours,8,6,plan_ms,3.72352,recorder
20260829-090925_perlmutter_33522f83,ours_l01_s1_gate_pv2_r2_wa_trace-a2e8ab_b8_k8_isolated,isolated,ours,8,7,plan_ms,3.957696,recorder
20260829-090925_perlmutter_33522f83,ours_l01_s1_gate_pv2_r2_wa_trace-a2e8ab_b8_k8_isolated,isolated,ours,8,8,plan_ms,3.831744,recorder
20260829-090925_perlmutter_33522f83,ours_l01_s1_gate_pv2_r2_wa_trace-a2e8ab_b8_k8_isolated,isolated,ours,8,9,plan_ms,3.653152,recorder
20260829-090925_perlmutter_33522f83,ours_l01_s1_gate_pv2_r2_wa_trace-a2e8ab_b8_k8_isolated,isolated,ours,8,0,total_ms,11.085824,recorder
20260829-090925_perlmutter_33522f83,ours_l01_s1_gate_pv2_r2_wa_trace-a2e8ab_b8_k8_isolated,isolated,ours,8,1,total_ms,10.694304,recorder
20260829-090925_perlmutter_33522f83,ours_l01_s1_gate_pv2_r2_wa_trace-a2e8ab_b8_k8_isolated,isolated,ours,8,2,total_ms,10.555424,recorder
20260829-090925_perlmutter_33522f83,ours_l01_s1_gate_pv2_r2_wa_trace-a2e8ab_b8_k8_isolated,isolated,ours,8,3,total_ms,11.079936,recorder
20260829-090925_perlmutter_33522f83,ours_l01_s1_gate_pv2_r2_wa_trace-a2e8ab_b8_k8_isolated,isolated,ours,8,4,total_ms,10.007552,recorder
20260829-090925_perlmutter_33522f83,ours_l01_s1_gate_pv2_r2_wa_trace-a2e8ab_b8_k8_isolated,isolated,ours,8,5,total_ms,10.331552,recorder
20260829-090925_perlmutter_33522f83,ours_l01_s1_gate_pv2_r2_wa_trace-a2e8ab_b8_k8_isolated,isolated,ours,8,6,total_ms,11.172064,recorder
20260829-090925_perlmutter_33522f83,ours_l01_s1_gate_pv2_r2_wa_trace-a2e8ab_b8_k8_isolated,isolated,ours,8,7,total_ms,11.052544,recorder
20260829-090925_perlmutter_33522f83,ours_l01_s1_gate_pv2_r2_wa_trace-a2e8ab_b8_k8_isolated,isolated,ours,8,8,total_ms,10.519296,recorder
20260829-090925_perlmutter_33522f83,ours_l01_s1_gate_pv2_r2_wa_trace-a2e8ab_b8_k8_isolated,isolated,ours,8,9,total_ms,10.045792,recorder
20260829-090925_perlmutter_33522f83,ours_l01_s1_gate_pv2_r2_wa_trace-a2e8ab_b8_k8_isolated,isolated,ours,8,0,iso_sync_ms,197.797493,recorder
20260829-090925_perlmutter_33522f83,ours_l01_s1_gate_pv2_r2_wa_trace-a2e8ab_b8_k8_isolated,isolated,ours,8,1,iso_sync_ms,195.617318,recorder
20260829-090925_perlmutter_33522f83,ours_l01_s1_gate_pv2_r2_wa_trace-a2e8ab_b8_k8_isolated,isolated,ours,8,2,iso_sync_ms,194.861828,recorder
20260829-090925_perlmutter_33522f83,ours_l01_s1_gate_pv2_r2_wa_trace-a2e8ab_b8_k8_isolated,isolated,ours,8,3,iso_sync_ms,195.656324,recorder
20260829-090925_perlmutter_33522f83,ours_l01_s1_gate_pv2_r2_wa_trace-a2e8ab_b8_k8_isolated,isolated,ours,8,4,iso_sync_ms,195.419236,recorder
20260829-090925_perlmutter_33522f83,ours_l01_s1_gate_pv2_r2_wa_trace-a2e8ab_b8_k8_isolated,isolated,ours,8,5,iso_sync_ms,192.487469,recorder
20260829-090925_perlmutter_33522f83,ours_l01_s1_gate_pv2_r2_wa_trace-a2e8ab_b8_k8_isolated,isolated,ours,8,6,iso_sync_ms,196.077929,recorder
20260829-090925_perlmutter_33522f83,ours_l01_s1_gate_pv2_r2_wa_trace-a2e8ab_b8_k8_isolated,isolated,ours,8,7,iso_sync_ms,195.849808,recorder
20260829-090925_perlmutter_33522f83,ours_l01_s1_gate_pv2_r2_wa_trace-a2e8ab_b8_k8_isolated,isolated,ours,8,8,iso_sync_ms,191.502223,recorder
20260829-090925_perlmutter_33522f83,ours_l01_s1_gate_pv2_r2_wa_trace-a2e8ab_b8_k8_isolated,isolated,ours,8,9,iso_sync_ms,194.242261,recorder
20260829-090925_perlmutter_33522f83,ours_l01_s1_gate_pv2_r2_wa_trace-a2e8ab_b8_k8_isolated,isolated,ours,9,0,e2e_ms,6.737024,recorder
20260829-090925_perlmutter_33522f83,ours_l01_s1_gate_pv2_r2_wa_trace-a2e8ab_b8_k8_isolated,isolated,ours,9,1,e2e_ms,5.993216,recorder
20260829-090925_perlmutter_33522f83,ours_l01_s1_gate_pv2_r2_wa_trace-a2e8ab_b8_k8_isolated,isolated,ours,9,2,e2e_ms,6.164288,recorder
20260829-090925_perlmutter_33522f83,ours_l01_s1_gate_pv2_r2_wa_trace-a2e8ab_b8_k8_isolated,isolated,ours,9,3,e2e_ms,6.980672,recorder
20260829-090925_perlmutter_33522f83,ours_l01_s1_gate_pv2_r2_wa_trace-a2e8ab_b8_k8_isolated,isolated,ours,9,4,e2e_ms,5.949696,recorder
20260829-090925_perlmutter_33522f83,ours_l01_s1_gate_pv2_r2_wa_trace-a2e8ab_b8_k8_isolated,isolated,ours,9,5,e2e_ms,6.30768,recorder
20260829-090925_perlmutter_33522f83,ours_l01_s1_gate_pv2_r2_wa_trace-a2e8ab_b8_k8_isolated,isolated,ours,9,6,e2e_ms,6.343648,recorder
20260829-090925_perlmutter_33522f83,ours_l01_s1_gate_pv2_r2_wa_trace-a2e8ab_b8_k8_isolated,isolated,ours,9,7,e2e_ms,6.615456,recorder
20260829-090925_perlmutter_33522f83,ours_l01_s1_gate_pv2_r2_wa_trace-a2e8ab_b8_k8_isolated,isolated,ours,9,8,e2e_ms,6.348704,recorder
20260829-090925_perlmutter_33522f83,ours_l01_s1_gate_pv2_r2_wa_trace-a2e8ab_b8_k8_isolated,isolated,ours,9,9,e2e_ms,5.805696,recorder
20260829-090925_perlmutter_33522f83,ours_l01_s1_gate_pv2_r2_wa_trace-a2e8ab_b8_k8_isolated,isolated,ours,9,0,l0_ms,3.510912,recorder
20260829-090925_perlmutter_33522f83,ours_l01_s1_gate_pv2_r2_wa_trace-a2e8ab_b8_k8_isolated,isolated,ours,9,1,l0_ms,2.857024,recorder
20260829-090925_perlmutter_33522f83,ours_l01_s1_gate_pv2_r2_wa_trace-a2e8ab_b8_k8_isolated,isolated,ours,9,2,l0_ms,3.01664,recorder
20260829-090925_perlmutter_33522f83,ours_l01_s1_gate_pv2_r2_wa_trace-a2e8ab_b8_k8_isolated,isolated,ours,9,3,l0_ms,3.757248,recorder
20260829-090925_perlmutter_33522f83,ours_l01_s1_gate_pv2_r2_wa_trace-a2e8ab_b8_k8_isolated,isolated,ours,9,4,l0_ms,2.904672,recorder
20260829-090925_perlmutter_33522f83,ours_l01_s1_gate_pv2_r2_wa_trace-a2e8ab_b8_k8_isolated,isolated,ours,9,5,l0_ms,3.092768,recorder
20260829-090925_perlmutter_33522f83,ours_l01_s1_gate_pv2_r2_wa_trace-a2e8ab_b8_k8_isolated,isolated,ours,9,6,l0_ms,3.024192,recorder
20260829-090925_perlmutter_33522f83,ours_l01_s1_gate_pv2_r2_wa_trace-a2e8ab_b8_k8_isolated,isolated,ours,9,7,l0_ms,3.314848,recorder
20260829-090925_perlmutter_33522f83,ours_l01_s1_gate_pv2_r2_wa_trace-a2e8ab_b8_k8_isolated,isolated,ours,9,8,l0_ms,3.325152,recorder
20260829-090925_perlmutter_33522f83,ours_l01_s1_gate_pv2_r2_wa_trace-a2e8ab_b8_k8_isolated,isolated,ours,9,9,l0_ms,2.565568,recorder
20260829-090925_perlmutter_33522f83,ours_l01_s1_gate_pv2_r2_wa_trace-a2e8ab_b8_k8_isolated,isolated,ours,9,0,act_ms,0.0272,recorder
20260829-090925_perlmutter_33522f83,ours_l01_s1_gate_pv2_r2_wa_trace-a2e8ab_b8_k8_isolated,isolated,ours,9,1,act_ms,0.027552,recorder
20260829-090925_perlmutter_33522f83,ours_l01_s1_gate_pv2_r2_wa_trace-a2e8ab_b8_k8_isolated,isolated,ours,9,2,act_ms,0.026656,recorder
20260829-090925_perlmutter_33522f83,ours_l01_s1_gate_pv2_r2_wa_trace-a2e8ab_b8_k8_isolated,isolated,ours,9,3,act_ms,0.028288,recorder
20260829-090925_perlmutter_33522f83,ours_l01_s1_gate_pv2_r2_wa_trace-a2e8ab_b8_k8_isolated,isolated,ours,9,4,act_ms,0.027616,recorder
20260829-090925_perlmutter_33522f83,ours_l01_s1_gate_pv2_r2_wa_trace-a2e8ab_b8_k8_isolated,isolated,ours,9,5,act_ms,0.028896,recorder
20260829-090925_perlmutter_33522f83,ours_l01_s1_gate_pv2_r2_wa_trace-a2e8ab_b8_k8_isolated,isolated,ours,9,6,act_ms,0.028288,recorder
20260829-090925_perlmutter_33522f83,ours_l01_s1_gate_pv2_r2_wa_trace-a2e8ab_b8_k8_isolated,isolated,ours,9,7,act_ms,0.025536,recorder
20260829-090925_perlmutter_33522f83,ours_l01_s1_gate_pv2_r2_wa_trace-a2e8ab_b8_k8_isolated,isolated,ours,9,8,act_ms,0.029664,recorder
20260829-090925_perlmutter_33522f83,ours_l01_s1_gate_pv2_r2_wa_trace-a2e8ab_b8_k8_isolated,isolated,ours,9,9,act_ms,0.027072,recorder
20260829-090925_perlmutter_33522f83,ours_l01_s1_gate_pv2_r2_wa_trace-a2e8ab_b8_k8_isolated,isolated,ours,9,0,l1_ms,3.198912,recorder
20260829-090925_perlmutter_33522f83,ours_l01_s1_gate_pv2_r2_wa_trace-a2e8ab_b8_k8_isolated,isolated,ours,9,1,l1_ms,3.10864,recorder
20260829-090925_perlmutter_33522f83,ours_l01_s1_gate_pv2_r2_wa_trace-a2e8ab_b8_k8_isolated,isolated,ours,9,2,l1_ms,3.120992,recorder
20260829-090925_perlmutter_33522f83,ours_l01_s1_gate_pv2_r2_wa_trace-a2e8ab_b8_k8_isolated,isolated,ours,9,3,l1_ms,3.195136,recorder
20260829-090925_perlmutter_33522f83,ours_l01_s1_gate_pv2_r2_wa_trace-a2e8ab_b8_k8_isolated,isolated,ours,9,4,l1_ms,3.017408,recorder
20260829-090925_perlmutter_33522f83,ours_l01_s1_gate_pv2_r2_wa_trace-a2e8ab_b8_k8_isolated,isolated,ours,9,5,l1_ms,3.186016,recorder
20260829-090925_perlmutter_33522f83,ours_l01_s1_gate_pv2_r2_wa_trace-a2e8ab_b8_k8_isolated,isolated,ours,9,6,l1_ms,3.291168,recorder
20260829-090925_perlmutter_33522f83,ours_l01_s1_gate_pv2_r2_wa_trace-a2e8ab_b8_k8_isolated,isolated,ours,9,7,l1_ms,3.275072,recorder
20260829-090925_perlmutter_33522f83,ours_l01_s1_gate_pv2_r2_wa_trace-a2e8ab_b8_k8_isolated,isolated,ours,9,8,l1_ms,2.993888,recorder
20260829-090925_perlmutter_33522f83,ours_l01_s1_gate_pv2_r2_wa_trace-a2e8ab_b8_k8_isolated,isolated,ours,9,9,l1_ms,3.213056,recorder
20260829-090925_perlmutter_33522f83,ours_l01_s1_gate_pv2_r2_wa_trace-a2e8ab_b8_k8_isolated,isolated,ours,9,0,plan_comm_ms,0.497792,recorder
20260829-090925_perlmutter_33522f83,ours_l01_s1_gate_pv2_r2_wa_trace-a2e8ab_b8_k8_isolated,isolated,ours,9,1,plan_comm_ms,0.572256,recorder
20260829-090925_perlmutter_33522f83,ours_l01_s1_gate_pv2_r2_wa_trace-a2e8ab_b8_k8_isolated,isolated,ours,9,2,plan_comm_ms,0.5112,recorder
20260829-090925_perlmutter_33522f83,ours_l01_s1_gate_pv2_r2_wa_trace-a2e8ab_b8_k8_isolated,isolated,ours,9,3,plan_comm_ms,0.307552,recorder
20260829-090925_perlmutter_33522f83,ours_l01_s1_gate_pv2_r2_wa_trace-a2e8ab_b8_k8_isolated,isolated,ours,9,4,plan_comm_ms,0.253408,recorder
20260829-090925_perlmutter_33522f83,ours_l01_s1_gate_pv2_r2_wa_trace-a2e8ab_b8_k8_isolated,isolated,ours,9,5,plan_comm_ms,0.306144,recorder
20260829-090925_perlmutter_33522f83,ours_l01_s1_gate_pv2_r2_wa_trace-a2e8ab_b8_k8_isolated,isolated,ours,9,6,plan_comm_ms,0.98816,recorder
20260829-090925_perlmutter_33522f83,ours_l01_s1_gate_pv2_r2_wa_trace-a2e8ab_b8_k8_isolated,isolated,ours,9,7,plan_comm_ms,0.254464,recorder
20260829-090925_perlmutter_33522f83,ours_l01_s1_gate_pv2_r2_wa_trace-a2e8ab_b8_k8_isolated,isolated,ours,9,8,plan_comm_ms,0.268256,recorder
20260829-090925_perlmutter_33522f83,ours_l01_s1_gate_pv2_r2_wa_trace-a2e8ab_b8_k8_isolated,isolated,ours,9,9,plan_comm_ms,0.520832,recorder
20260829-090925_perlmutter_33522f83,ours_l01_s1_gate_pv2_r2_wa_trace-a2e8ab_b8_k8_isolated,isolated,ours,9,0,place_ms,0.002304,recorder
20260829-090925_perlmutter_33522f83,ours_l01_s1_gate_pv2_r2_wa_trace-a2e8ab_b8_k8_isolated,isolated,ours,9,1,place_ms,0.002304,recorder
20260829-090925_perlmutter_33522f83,ours_l01_s1_gate_pv2_r2_wa_trace-a2e8ab_b8_k8_isolated,isolated,ours,9,2,place_ms,0.002336,recorder
20260829-090925_perlmutter_33522f83,ours_l01_s1_gate_pv2_r2_wa_trace-a2e8ab_b8_k8_isolated,isolated,ours,9,3,place_ms,0.002272,recorder
20260829-090925_perlmutter_33522f83,ours_l01_s1_gate_pv2_r2_wa_trace-a2e8ab_b8_k8_isolated,isolated,ours,9,4,place_ms,0.002304,recorder
20260829-090925_perlmutter_33522f83,ours_l01_s1_gate_pv2_r2_wa_trace-a2e8ab_b8_k8_isolated,isolated,ours,9,5,place_ms,0.002336,recorder
20260829-090925_perlmutter_33522f83,ours_l01_s1_gate_pv2_r2_wa_trace-a2e8ab_b8_k8_isolated,isolated,ours,9,6,place_ms,0.002304,recorder
20260829-090925_perlmutter_33522f83,ours_l01_s1_gate_pv2_r2_wa_trace-a2e8ab_b8_k8_isolated,isolated,ours,9,7,place_ms,0.014688,recorder
20260829-090925_perlmutter_33522f83,ours_l01_s1_gate_pv2_r2_wa_trace-a2e8ab_b8_k8_isolated,isolated,ours,9,8,place_ms,0.002304,recorder
20260829-090925_perlmutter_33522f83,ours_l01_s1_gate_pv2_r2_wa_trace-a2e8ab_b8_k8_isolated,isolated,ours,9,9,place_ms,0.002304,recorder
20260829-090925_perlmutter_33522f83,ours_l01_s1_gate_pv2_r2_wa_trace-a2e8ab_b8_k8_isolated,isolated,ours,9,0,plan_ms,3.829728,recorder
20260829-090925_perlmutter_33522f83,ours_l01_s1_gate_pv2_r2_wa_trace-a2e8ab_b8_k8_isolated,isolated,ours,9,1,plan_ms,4.112512,recorder
20260829-090925_perlmutter_33522f83,ours_l01_s1_gate_pv2_r2_wa_trace-a2e8ab_b8_k8_isolated,isolated,ours,9,2,plan_ms,3.887136,recorder
20260829-090925_perlmutter_33522f83,ours_l01_s1_gate_pv2_r2_wa_trace-a2e8ab_b8_k8_isolated,isolated,ours,9,3,plan_ms,3.77696,recorder
20260829-090925_perlmutter_33522f83,ours_l01_s1_gate_pv2_r2_wa_trace-a2e8ab_b8_k8_isolated,isolated,ours,9,4,plan_ms,3.784064,recorder
20260829-090925_perlmutter_33522f83,ours_l01_s1_gate_pv2_r2_wa_trace-a2e8ab_b8_k8_isolated,isolated,ours,9,5,plan_ms,3.778144,recorder
20260829-090925_perlmutter_33522f83,ours_l01_s1_gate_pv2_r2_wa_trace-a2e8ab_b8_k8_isolated,isolated,ours,9,6,plan_ms,3.809792,recorder
20260829-090925_perlmutter_33522f83,ours_l01_s1_gate_pv2_r2_wa_trace-a2e8ab_b8_k8_isolated,isolated,ours,9,7,plan_ms,4.105056,recorder
20260829-090925_perlmutter_33522f83,ours_l01_s1_gate_pv2_r2_wa_trace-a2e8ab_b8_k8_isolated,isolated,ours,9,8,plan_ms,3.884192,recorder
20260829-090925_perlmutter_33522f83,ours_l01_s1_gate_pv2_r2_wa_trace-a2e8ab_b8_k8_isolated,isolated,ours,9,9,plan_ms,3.698848,recorder
20260829-090925_perlmutter_33522f83,ours_l01_s1_gate_pv2_r2_wa_trace-a2e8ab_b8_k8_isolated,isolated,ours,9,0,total_ms,11.080736,recorder
20260829-090925_perlmutter_33522f83,ours_l01_s1_gate_pv2_r2_wa_trace-a2e8ab_b8_k8_isolated,isolated,ours,9,1,total_ms,10.694816,recorder
20260829-090925_perlmutter_33522f83,ours_l01_s1_gate_pv2_r2_wa_trace-a2e8ab_b8_k8_isolated,isolated,ours,9,2,total_ms,10.578592,recorder
20260829-090925_perlmutter_33522f83,ours_l01_s1_gate_pv2_r2_wa_trace-a2e8ab_b8_k8_isolated,isolated,ours,9,3,total_ms,11.08128,recorder
20260829-090925_perlmutter_33522f83,ours_l01_s1_gate_pv2_r2_wa_trace-a2e8ab_b8_k8_isolated,isolated,ours,9,4,total_ms,10.00464,recorder
20260829-090925_perlmutter_33522f83,ours_l01_s1_gate_pv2_r2_wa_trace-a2e8ab_b8_k8_isolated,isolated,ours,9,5,total_ms,10.407904,recorder
20260829-090925_perlmutter_33522f83,ours_l01_s1_gate_pv2_r2_wa_trace-a2e8ab_b8_k8_isolated,isolated,ours,9,6,total_ms,11.15984,recorder
20260829-090925_perlmutter_33522f83,ours_l01_s1_gate_pv2_r2_wa_trace-a2e8ab_b8_k8_isolated,isolated,ours,9,7,total_ms,11.00432,recorder
20260829-090925_perlmutter_33522f83,ours_l01_s1_gate_pv2_r2_wa_trace-a2e8ab_b8_k8_isolated,isolated,ours,9,8,total_ms,10.517568,recorder
20260829-090925_perlmutter_33522f83,ours_l01_s1_gate_pv2_r2_wa_trace-a2e8ab_b8_k8_isolated,isolated,ours,9,9,total_ms,10.0416,recorder
20260829-090925_perlmutter_33522f83,ours_l01_s1_gate_pv2_r2_wa_trace-a2e8ab_b8_k8_isolated,isolated,ours,9,0,iso_sync_ms,174.72922,recorder
20260829-090925_perlmutter_33522f83,ours_l01_s1_gate_pv2_r2_wa_trace-a2e8ab_b8_k8_isolated,isolated,ours,9,1,iso_sync_ms,169.834297,recorder
20260829-090925_perlmutter_33522f83,ours_l01_s1_gate_pv2_r2_wa_trace-a2e8ab_b8_k8_isolated,isolated,ours,9,2,iso_sync_ms,172.963638,recorder
20260829-090925_perlmutter_33522f83,ours_l01_s1_gate_pv2_r2_wa_trace-a2e8ab_b8_k8_isolated,isolated,ours,9,3,iso_sync_ms,174.718258,recorder
20260829-090925_perlmutter_33522f83,ours_l01_s1_gate_pv2_r2_wa_trace-a2e8ab_b8_k8_isolated,isolated,ours,9,4,iso_sync_ms,173.952168,recorder
20260829-090925_perlmutter_33522f83,ours_l01_s1_gate_pv2_r2_wa_trace-a2e8ab_b8_k8_isolated,isolated,ours,9,5,iso_sync_ms,169.867663,recorder
20260829-090925_perlmutter_33522f83,ours_l01_s1_gate_pv2_r2_wa_trace-a2e8ab_b8_k8_isolated,isolated,ours,9,6,iso_sync_ms,172.991481,recorder
20260829-090925_perlmutter_33522f83,ours_l01_s1_gate_pv2_r2_wa_trace-a2e8ab_b8_k8_isolated,isolated,ours,9,7,iso_sync_ms,169.82035,recorder
20260829-090925_perlmutter_33522f83,ours_l01_s1_gate_pv2_r2_wa_trace-a2e8ab_b8_k8_isolated,isolated,ours,9,8,iso_sync_ms,168.968083,recorder
20260829-090925_perlmutter_33522f83,ours_l01_s1_gate_pv2_r2_wa_trace-a2e8ab_b8_k8_isolated,isolated,ours,9,9,iso_sync_ms,170.184073,recorder
20260829-090925_perlmutter_33522f83,ours_l01_s1_gate_pv2_r2_wa_trace-a2e8ab_b8_k8_isolated,isolated,ours,10,0,e2e_ms,6.601312,recorder
20260829-090925_perlmutter_33522f83,ours_l01_s1_gate_pv2_r2_wa_trace-a2e8ab_b8_k8_isolated,isolated,ours,10,1,e2e_ms,6.292128,recorder
20260829-090925_perlmutter_33522f83,ours_l01_s1_gate_pv2_r2_wa_trace-a2e8ab_b8_k8_isolated,isolated,ours,10,2,e2e_ms,6.152448,recorder
20260829-090925_perlmutter_33522f83,ours_l01_s1_gate_pv2_r2_wa_trace-a2e8ab_b8_k8_isolated,isolated,ours,10,3,e2e_ms,6.937728,recorder
20260829-090925_perlmutter_33522f83,ours_l01_s1_gate_pv2_r2_wa_trace-a2e8ab_b8_k8_isolated,isolated,ours,10,4,e2e_ms,6.008384,recorder
20260829-090925_perlmutter_33522f83,ours_l01_s1_gate_pv2_r2_wa_trace-a2e8ab_b8_k8_isolated,isolated,ours,10,5,e2e_ms,6.2984,recorder
20260829-090925_perlmutter_33522f83,ours_l01_s1_gate_pv2_r2_wa_trace-a2e8ab_b8_k8_isolated,isolated,ours,10,6,e2e_ms,6.425696,recorder
20260829-090925_perlmutter_33522f83,ours_l01_s1_gate_pv2_r2_wa_trace-a2e8ab_b8_k8_isolated,isolated,ours,10,7,e2e_ms,6.082272,recorder
20260829-090925_perlmutter_33522f83,ours_l01_s1_gate_pv2_r2_wa_trace-a2e8ab_b8_k8_isolated,isolated,ours,10,8,e2e_ms,6.086688,recorder
20260829-090925_perlmutter_33522f83,ours_l01_s1_gate_pv2_r2_wa_trace-a2e8ab_b8_k8_isolated,isolated,ours,10,9,e2e_ms,5.8192,recorder
20260829-090925_perlmutter_33522f83,ours_l01_s1_gate_pv2_r2_wa_trace-a2e8ab_b8_k8_isolated,isolated,ours,10,0,l0_ms,3.392704,recorder
20260829-090925_perlmutter_33522f83,ours_l01_s1_gate_pv2_r2_wa_trace-a2e8ab_b8_k8_isolated,isolated,ours,10,1,l0_ms,3.157856,recorder
20260829-090925_perlmutter_33522f83,ours_l01_s1_gate_pv2_r2_wa_trace-a2e8ab_b8_k8_isolated,isolated,ours,10,2,l0_ms,3.025312,recorder
20260829-090925_perlmutter_33522f83,ours_l01_s1_gate_pv2_r2_wa_trace-a2e8ab_b8_k8_isolated,isolated,ours,10,3,l0_ms,3.732832,recorder
20260829-090925_perlmutter_33522f83,ours_l01_s1_gate_pv2_r2_wa_trace-a2e8ab_b8_k8_isolated,isolated,ours,10,4,l0_ms,2.962496,recorder
20260829-090925_perlmutter_33522f83,ours_l01_s1_gate_pv2_r2_wa_trace-a2e8ab_b8_k8_isolated,isolated,ours,10,5,l0_ms,3.085632,recorder
20260829-090925_perlmutter_33522f83,ours_l01_s1_gate_pv2_r2_wa_trace-a2e8ab_b8_k8_isolated,isolated,ours,10,6,l0_ms,3.103968,recorder
20260829-090925_perlmutter_33522f83,ours_l01_s1_gate_pv2_r2_wa_trace-a2e8ab_b8_k8_isolated,isolated,ours,10,7,l0_ms,2.784832,recorder
20260829-090925_perlmutter_33522f83,ours_l01_s1_gate_pv2_r2_wa_trace-a2e8ab_b8_k8_isolated,isolated,ours,10,8,l0_ms,3.071584,recorder
20260829-090925_perlmutter_33522f83,ours_l01_s1_gate_pv2_r2_wa_trace-a2e8ab_b8_k8_isolated,isolated,ours,10,9,l0_ms,2.592992,recorder
20260829-090925_perlmutter_33522f83,ours_l01_s1_gate_pv2_r2_wa_trace-a2e8ab_b8_k8_isolated,isolated,ours,10,0,act_ms,0.041024,recorder
20260829-090925_perlmutter_33522f83,ours_l01_s1_gate_pv2_r2_wa_trace-a2e8ab_b8_k8_isolated,isolated,ours,10,1,act_ms,0.040768,recorder
20260829-090925_perlmutter_33522f83,ours_l01_s1_gate_pv2_r2_wa_trace-a2e8ab_b8_k8_isolated,isolated,ours,10,2,act_ms,0.040192,recorder
20260829-090925_perlmutter_33522f83,ours_l01_s1_gate_pv2_r2_wa_trace-a2e8ab_b8_k8_isolated,isolated,ours,10,3,act_ms,0.040832,recorder
20260829-090925_perlmutter_33522f83,ours_l01_s1_gate_pv2_r2_wa_trace-a2e8ab_b8_k8_isolated,isolated,ours,10,4,act_ms,0.04064,recorder
20260829-090925_perlmutter_33522f83,ours_l01_s1_gate_pv2_r2_wa_trace-a2e8ab_b8_k8_isolated,isolated,ours,10,5,act_ms,0.04304,recorder
20260829-090925_perlmutter_33522f83,ours_l01_s1_gate_pv2_r2_wa_trace-a2e8ab_b8_k8_isolated,isolated,ours,10,6,act_ms,0.044288,recorder
20260829-090925_perlmutter_33522f83,ours_l01_s1_gate_pv2_r2_wa_trace-a2e8ab_b8_k8_isolated,isolated,ours,10,7,act_ms,0.04144,recorder
20260829-090925_perlmutter_33522f83,ours_l01_s1_gate_pv2_r2_wa_trace-a2e8ab_b8_k8_isolated,isolated,ours,10,8,act_ms,0.041408,recorder
20260829-090925_perlmutter_33522f83,ours_l01_s1_gate_pv2_r2_wa_trace-a2e8ab_b8_k8_isolated,isolated,ours,10,9,act_ms,0.040992,recorder
20260829-090925_perlmutter_33522f83,ours_l01_s1_gate_pv2_r2_wa_trace-a2e8ab_b8_k8_isolated,isolated,ours,10,0,l1_ms,3.167584,recorder
20260829-090925_perlmutter_33522f83,ours_l01_s1_gate_pv2_r2_wa_trace-a2e8ab_b8_k8_isolated,isolated,ours,10,1,l1_ms,3.093504,recorder
20260829-090925_perlmutter_33522f83,ours_l01_s1_gate_pv2_r2_wa_trace-a2e8ab_b8_k8_isolated,isolated,ours,10,2,l1_ms,3.086944,recorder
20260829-090925_perlmutter_33522f83,ours_l01_s1_gate_pv2_r2_wa_trace-a2e8ab_b8_k8_isolated,isolated,ours,10,3,l1_ms,3.164064,recorder
20260829-090925_perlmutter_33522f83,ours_l01_s1_gate_pv2_r2_wa_trace-a2e8ab_b8_k8_isolated,isolated,ours,10,4,l1_ms,3.005248,recorder
20260829-090925_perlmutter_33522f83,ours_l01_s1_gate_pv2_r2_wa_trace-a2e8ab_b8_k8_isolated,isolated,ours,10,5,l1_ms,3.169728,recorder
20260829-090925_perlmutter_33522f83,ours_l01_s1_gate_pv2_r2_wa_trace-a2e8ab_b8_k8_isolated,isolated,ours,10,6,l1_ms,3.27744,recorder
20260829-090925_perlmutter_33522f83,ours_l01_s1_gate_pv2_r2_wa_trace-a2e8ab_b8_k8_isolated,isolated,ours,10,7,l1_ms,3.256,recorder
20260829-090925_perlmutter_33522f83,ours_l01_s1_gate_pv2_r2_wa_trace-a2e8ab_b8_k8_isolated,isolated,ours,10,8,l1_ms,2.973696,recorder
20260829-090925_perlmutter_33522f83,ours_l01_s1_gate_pv2_r2_wa_trace-a2e8ab_b8_k8_isolated,isolated,ours,10,9,l1_ms,3.185216,recorder
20260829-090925_perlmutter_33522f83,ours_l01_s1_gate_pv2_r2_wa_trace-a2e8ab_b8_k8_isolated,isolated,ours,10,0,plan_comm_ms,0.273472,recorder
20260829-090925_perlmutter_33522f83,ours_l01_s1_gate_pv2_r2_wa_trace-a2e8ab_b8_k8_isolated,isolated,ours,10,1,plan_comm_ms,0.577984,recorder
20260829-090925_perlmutter_33522f83,ours_l01_s1_gate_pv2_r2_wa_trace-a2e8ab_b8_k8_isolated,isolated,ours,10,2,plan_comm_ms,0.516928,recorder
20260829-090925_perlmutter_33522f83,ours_l01_s1_gate_pv2_r2_wa_trace-a2e8ab_b8_k8_isolated,isolated,ours,10,3,plan_comm_ms,0.309216,recorder
20260829-090925_perlmutter_33522f83,ours_l01_s1_gate_pv2_r2_wa_trace-a2e8ab_b8_k8_isolated,isolated,ours,10,4,plan_comm_ms,0.265568,recorder
20260829-090925_perlmutter_33522f83,ours_l01_s1_gate_pv2_r2_wa_trace-a2e8ab_b8_k8_isolated,isolated,ours,10,5,plan_comm_ms,0.313536,recorder
20260829-090925_perlmutter_33522f83,ours_l01_s1_gate_pv2_r2_wa_trace-a2e8ab_b8_k8_isolated,isolated,ours,10,6,plan_comm_ms,0.850144,recorder
20260829-090925_perlmutter_33522f83,ours_l01_s1_gate_pv2_r2_wa_trace-a2e8ab_b8_k8_isolated,isolated,ours,10,7,plan_comm_ms,0.25952,recorder
20260829-090925_perlmutter_33522f83,ours_l01_s1_gate_pv2_r2_wa_trace-a2e8ab_b8_k8_isolated,isolated,ours,10,8,plan_comm_ms,0.283648,recorder
20260829-090925_perlmutter_33522f83,ours_l01_s1_gate_pv2_r2_wa_trace-a2e8ab_b8_k8_isolated,isolated,ours,10,9,plan_comm_ms,0.530752,recorder
20260829-090925_perlmutter_33522f83,ours_l01_s1_gate_pv2_r2_wa_trace-a2e8ab_b8_k8_isolated,isolated,ours,10,0,place_ms,0.01328,recorder
20260829-090925_perlmutter_33522f83,ours_l01_s1_gate_pv2_r2_wa_trace-a2e8ab_b8_k8_isolated,isolated,ours,10,1,place_ms,0.002368,recorder
20260829-090925_perlmutter_33522f83,ours_l01_s1_gate_pv2_r2_wa_trace-a2e8ab_b8_k8_isolated,isolated,ours,10,2,place_ms,0.002368,recorder
20260829-090925_perlmutter_33522f83,ours_l01_s1_gate_pv2_r2_wa_trace-a2e8ab_b8_k8_isolated,isolated,ours,10,3,place_ms,0.002368,recorder
20260829-090925_perlmutter_33522f83,ours_l01_s1_gate_pv2_r2_wa_trace-a2e8ab_b8_k8_isolated,isolated,ours,10,4,place_ms,0.002368,recorder
20260829-090925_perlmutter_33522f83,ours_l01_s1_gate_pv2_r2_wa_trace-a2e8ab_b8_k8_isolated,isolated,ours,10,5,place_ms,0.002368,recorder
20260829-090925_perlmutter_33522f83,ours_l01_s1_gate_pv2_r2_wa_trace-a2e8ab_b8_k8_isolated,isolated,ours,10,6,place_ms,0.002336,recorder
20260829-090925_perlmutter_33522f83,ours_l01_s1_gate_pv2_r2_wa_trace-a2e8ab_b8_k8_isolated,isolated,ours,10,7,place_ms,0.0168,recorder
20260829-090925_perlmutter_33522f83,ours_l01_s1_gate_pv2_r2_wa_trace-a2e8ab_b8_k8_isolated,isolated,ours,10,8,place_ms,0.002368,recorder
20260829-090925_perlmutter_33522f83,ours_l01_s1_gate_pv2_r2_wa_trace-a2e8ab_b8_k8_isolated,isolated,ours,10,9,place_ms,0.002368,recorder
20260829-090925_perlmutter_33522f83,ours_l01_s1_gate_pv2_r2_wa_trace-a2e8ab_b8_k8_isolated,isolated,ours,10,0,plan_ms,3.917888,recorder
20260829-090925_perlmutter_33522f83,ours_l01_s1_gate_pv2_r2_wa_trace-a2e8ab_b8_k8_isolated,isolated,ours,10,1,plan_ms,3.821824,recorder
20260829-090925_perlmutter_33522f83,ours_l01_s1_gate_pv2_r2_wa_trace-a2e8ab_b8_k8_isolated,isolated,ours,10,2,plan_ms,3.899712,recorder
20260829-090925_perlmutter_33522f83,ours_l01_s1_gate_pv2_r2_wa_trace-a2e8ab_b8_k8_isolated,isolated,ours,10,3,plan_ms,3.808928,recorder
20260829-090925_perlmutter_33522f83,ours_l01_s1_gate_pv2_r2_wa_trace-a2e8ab_b8_k8_isolated,isolated,ours,10,4,plan_ms,3.727328,recorder
20260829-090925_perlmutter_33522f83,ours_l01_s1_gate_pv2_r2_wa_trace-a2e8ab_b8_k8_isolated,isolated,ours,10,5,plan_ms,3.8064,recorder
20260829-090925_perlmutter_33522f83,ours_l01_s1_gate_pv2_r2_wa_trace-a2e8ab_b8_k8_isolated,isolated,ours,10,6,plan_ms,3.886816,recorder
20260829-090925_perlmutter_33522f83,ours_l01_s1_gate_pv2_r2_wa_trace-a2e8ab_b8_k8_isolated,isolated,ours,10,7,plan_ms,4.647296,recorder
20260829-090925_perlmutter_33522f83,ours_l01_s1_gate_pv2_r2_wa_trace-a2e8ab_b8_k8_isolated,isolated,ours,10,8,plan_ms,4.146688,recorder
20260829-090925_perlmutter_33522f83,ours_l01_s1_gate_pv2_r2_wa_trace-a2e8ab_b8_k8_isolated,isolated,ours,10,9,plan_ms,3.682496,recorder
20260829-090925_perlmutter_33522f83,ours_l01_s1_gate_pv2_r2_wa_trace-a2e8ab_b8_k8_isolated,isolated,ours,10,0,total_ms,10.828224,recorder
20260829-090925_perlmutter_33522f83,ours_l01_s1_gate_pv2_r2_wa_trace-a2e8ab_b8_k8_isolated,isolated,ours,10,1,total_ms,10.708544,recorder
20260829-090925_perlmutter_33522f83,ours_l01_s1_gate_pv2_r2_wa_trace-a2e8ab_b8_k8_isolated,isolated,ours,10,2,total_ms,10.58576,recorder
20260829-090925_perlmutter_33522f83,ours_l01_s1_gate_pv2_r2_wa_trace-a2e8ab_b8_k8_isolated,isolated,ours,10,3,total_ms,11.073568,recorder
20260829-090925_perlmutter_33522f83,ours_l01_s1_gate_pv2_r2_wa_trace-a2e8ab_b8_k8_isolated,isolated,ours,10,4,total_ms,10.017888,recorder
20260829-090925_perlmutter_33522f83,ours_l01_s1_gate_pv2_r2_wa_trace-a2e8ab_b8_k8_isolated,isolated,ours,10,5,total_ms,10.435808,recorder
20260829-090925_perlmutter_33522f83,ours_l01_s1_gate_pv2_r2_wa_trace-a2e8ab_b8_k8_isolated,isolated,ours,10,6,total_ms,11.180512,recorder
20260829-090925_perlmutter_33522f83,ours_l01_s1_gate_pv2_r2_wa_trace-a2e8ab_b8_k8_isolated,isolated,ours,10,7,total_ms,11.01936,recorder
20260829-090925_perlmutter_33522f83,ours_l01_s1_gate_pv2_r2_wa_trace-a2e8ab_b8_k8_isolated,isolated,ours,10,8,total_ms,10.533248,recorder
20260829-090925_perlmutter_33522f83,ours_l01_s1_gate_pv2_r2_wa_trace-a2e8ab_b8_k8_isolated,isolated,ours,10,9,total_ms,10.04896,recorder
20260829-090925_perlmutter_33522f83,ours_l01_s1_gate_pv2_r2_wa_trace-a2e8ab_b8_k8_isolated,isolated,ours,10,0,iso_sync_ms,247.454616,recorder
20260829-090925_perlmutter_33522f83,ours_l01_s1_gate_pv2_r2_wa_trace-a2e8ab_b8_k8_isolated,isolated,ours,10,1,iso_sync_ms,244.446101,recorder
20260829-090925_perlmutter_33522f83,ours_l01_s1_gate_pv2_r2_wa_trace-a2e8ab_b8_k8_isolated,isolated,ours,10,2,iso_sync_ms,243.953297,recorder
20260829-090925_perlmutter_33522f83,ours_l01_s1_gate_pv2_r2_wa_trace-a2e8ab_b8_k8_isolated,isolated,ours,10,3,iso_sync_ms,245.763917,recorder
20260829-090925_perlmutter_33522f83,ours_l01_s1_gate_pv2_r2_wa_trace-a2e8ab_b8_k8_isolated,isolated,ours,10,4,iso_sync_ms,245.48604,recorder
20260829-090925_perlmutter_33522f83,ours_l01_s1_gate_pv2_r2_wa_trace-a2e8ab_b8_k8_isolated,isolated,ours,10,5,iso_sync_ms,244.527397,recorder
20260829-090925_perlmutter_33522f83,ours_l01_s1_gate_pv2_r2_wa_trace-a2e8ab_b8_k8_isolated,isolated,ours,10,6,iso_sync_ms,245.515638,recorder
20260829-090925_perlmutter_33522f83,ours_l01_s1_gate_pv2_r2_wa_trace-a2e8ab_b8_k8_isolated,isolated,ours,10,7,iso_sync_ms,240.323721,recorder
20260829-090925_perlmutter_33522f83,ours_l01_s1_gate_pv2_r2_wa_trace-a2e8ab_b8_k8_isolated,isolated,ours,10,8,iso_sync_ms,243.205061,recorder
20260829-090925_perlmutter_33522f83,ours_l01_s1_gate_pv2_r2_wa_trace-a2e8ab_b8_k8_isolated,isolated,ours,10,9,iso_sync_ms,244.184865,recorder
20260829-090925_perlmutter_33522f83,ours_l01_s1_gate_pv2_r2_wa_trace-a2e8ab_b8_k8_isolated,isolated,ours,11,0,e2e_ms,6.65904,recorder
20260829-090925_perlmutter_33522f83,ours_l01_s1_gate_pv2_r2_wa_trace-a2e8ab_b8_k8_isolated,isolated,ours,11,1,e2e_ms,6.204128,recorder
20260829-090925_perlmutter_33522f83,ours_l01_s1_gate_pv2_r2_wa_trace-a2e8ab_b8_k8_isolated,isolated,ours,11,2,e2e_ms,6.19936,recorder
20260829-090925_perlmutter_33522f83,ours_l01_s1_gate_pv2_r2_wa_trace-a2e8ab_b8_k8_isolated,isolated,ours,11,3,e2e_ms,6.998336,recorder
20260829-090925_perlmutter_33522f83,ours_l01_s1_gate_pv2_r2_wa_trace-a2e8ab_b8_k8_isolated,isolated,ours,11,4,e2e_ms,6.077568,recorder
20260829-090925_perlmutter_33522f83,ours_l01_s1_gate_pv2_r2_wa_trace-a2e8ab_b8_k8_isolated,isolated,ours,11,5,e2e_ms,5.779392,recorder
20260829-090925_perlmutter_33522f83,ours_l01_s1_gate_pv2_r2_wa_trace-a2e8ab_b8_k8_isolated,isolated,ours,11,6,e2e_ms,6.505888,recorder
20260829-090925_perlmutter_33522f83,ours_l01_s1_gate_pv2_r2_wa_trace-a2e8ab_b8_k8_isolated,isolated,ours,11,7,e2e_ms,6.842208,recorder
20260829-090925_perlmutter_33522f83,ours_l01_s1_gate_pv2_r2_wa_trace-a2e8ab_b8_k8_isolated,isolated,ours,11,8,e2e_ms,6.41264,recorder
20260829-090925_perlmutter_33522f83,ours_l01_s1_gate_pv2_r2_wa_trace-a2e8ab_b8_k8_isolated,isolated,ours,11,9,e2e_ms,5.91408,recorder
20260829-090925_perlmutter_33522f83,ours_l01_s1_gate_pv2_r2_wa_trace-a2e8ab_b8_k8_isolated,isolated,ours,11,0,l0_ms,3.455552,recorder
20260829-090925_perlmutter_33522f83,ours_l01_s1_gate_pv2_r2_wa_trace-a2e8ab_b8_k8_isolated,isolated,ours,11,1,l0_ms,3.069728,recorder
20260829-090925_perlmutter_33522f83,ours_l01_s1_gate_pv2_r2_wa_trace-a2e8ab_b8_k8_isolated,isolated,ours,11,2,l0_ms,3.070976,recorder
20260829-090925_perlmutter_33522f83,ours_l01_s1_gate_pv2_r2_wa_trace-a2e8ab_b8_k8_isolated,isolated,ours,11,3,l0_ms,3.780576,recorder
20260829-090925_perlmutter_33522f83,ours_l01_s1_gate_pv2_r2_wa_trace-a2e8ab_b8_k8_isolated,isolated,ours,11,4,l0_ms,3.037568,recorder
20260829-090925_perlmutter_33522f83,ours_l01_s1_gate_pv2_r2_wa_trace-a2e8ab_b8_k8_isolated,isolated,ours,11,5,l0_ms,2.560704,recorder
20260829-090925_perlmutter_33522f83,ours_l01_s1_gate_pv2_r2_wa_trace-a2e8ab_b8_k8_isolated,isolated,ours,11,6,l0_ms,3.186784,recorder
20260829-090925_perlmutter_33522f83,ours_l01_s1_gate_pv2_r2_wa_trace-a2e8ab_b8_k8_isolated,isolated,ours,11,7,l0_ms,3.536864,recorder
20260829-090925_perlmutter_33522f83,ours_l01_s1_gate_pv2_r2_wa_trace-a2e8ab_b8_k8_isolated,isolated,ours,11,8,l0_ms,3.389888,recorder
20260829-090925_perlmutter_33522f83,ours_l01_s1_gate_pv2_r2_wa_trace-a2e8ab_b8_k8_isolated,isolated,ours,11,9,l0_ms,2.681984,recorder
20260829-090925_perlmutter_33522f83,ours_l01_s1_gate_pv2_r2_wa_trace-a2e8ab_b8_k8_isolated,isolated,ours,11,0,act_ms,0.036032,recorder
20260829-090925_perlmutter_33522f83,ours_l01_s1_gate_pv2_r2_wa_trace-a2e8ab_b8_k8_isolated,isolated,ours,11,1,act_ms,0.03472,recorder
20260829-090925_perlmutter_33522f83,ours_l01_s1_gate_pv2_r2_wa_trace-a2e8ab_b8_k8_isolated,isolated,ours,11,2,act_ms,0.036736,recorder
20260829-090925_perlmutter_33522f83,ours_l01_s1_gate_pv2_r2_wa_trace-a2e8ab_b8_k8_isolated,isolated,ours,11,3,act_ms,0.034944,recorder
20260829-090925_perlmutter_33522f83,ours_l01_s1_gate_pv2_r2_wa_trace-a2e8ab_b8_k8_isolated,isolated,ours,11,4,act_ms,0.037056,recorder
20260829-090925_perlmutter_33522f83,ours_l01_s1_gate_pv2_r2_wa_trace-a2e8ab_b8_k8_isolated,isolated,ours,11,5,act_ms,0.034816,recorder
20260829-090925_perlmutter_33522f83,ours_l01_s1_gate_pv2_r2_wa_trace-a2e8ab_b8_k8_isolated,isolated,ours,11,6,act_ms,0.035392,recorder
20260829-090925_perlmutter_33522f83,ours_l01_s1_gate_pv2_r2_wa_trace-a2e8ab_b8_k8_isolated,isolated,ours,11,7,act_ms,0.03696,recorder
20260829-090925_perlmutter_33522f83,ours_l01_s1_gate_pv2_r2_wa_trace-a2e8ab_b8_k8_isolated,isolated,ours,11,8,act_ms,0.03488,recorder
20260829-090925_perlmutter_33522f83,ours_l01_s1_gate_pv2_r2_wa_trace-a2e8ab_b8_k8_isolated,isolated,ours,11,9,act_ms,0.036512,recorder
20260829-090925_perlmutter_33522f83,ours_l01_s1_gate_pv2_r2_wa_trace-a2e8ab_b8_k8_isolated,isolated,ours,11,0,l1_ms,3.167456,recorder
20260829-090925_perlmutter_33522f83,ours_l01_s1_gate_pv2_r2_wa_trace-a2e8ab_b8_k8_isolated,isolated,ours,11,1,l1_ms,3.09968,recorder
20260829-090925_perlmutter_33522f83,ours_l01_s1_gate_pv2_r2_wa_trace-a2e8ab_b8_k8_isolated,isolated,ours,11,2,l1_ms,3.091648,recorder
20260829-090925_perlmutter_33522f83,ours_l01_s1_gate_pv2_r2_wa_trace-a2e8ab_b8_k8_isolated,isolated,ours,11,3,l1_ms,3.182816,recorder
20260829-090925_perlmutter_33522f83,ours_l01_s1_gate_pv2_r2_wa_trace-a2e8ab_b8_k8_isolated,isolated,ours,11,4,l1_ms,3.002944,recorder
20260829-090925_perlmutter_33522f83,ours_l01_s1_gate_pv2_r2_wa_trace-a2e8ab_b8_k8_isolated,isolated,ours,11,5,l1_ms,3.183872,recorder
20260829-090925_perlmutter_33522f83,ours_l01_s1_gate_pv2_r2_wa_trace-a2e8ab_b8_k8_isolated,isolated,ours,11,6,l1_ms,3.283712,recorder
20260829-090925_perlmutter_33522f83,ours_l01_s1_gate_pv2_r2_wa_trace-a2e8ab_b8_k8_isolated,isolated,ours,11,7,l1_ms,3.268384,recorder
20260829-090925_perlmutter_33522f83,ours_l01_s1_gate_pv2_r2_wa_trace-a2e8ab_b8_k8_isolated,isolated,ours,11,8,l1_ms,2.987872,recorder
20260829-090925_perlmutter_33522f83,ours_l01_s1_gate_pv2_r2_wa_trace-a2e8ab_b8_k8_isolated,isolated,ours,11,9,l1_ms,3.195584,recorder
20260829-090925_perlmutter_33522f83,ours_l01_s1_gate_pv2_r2_wa_trace-a2e8ab_b8_k8_isolated,isolated,ours,11,0,plan_comm_ms,0.4824,recorder
20260829-090925_perlmutter_33522f83,ours_l01_s1_gate_pv2_r2_wa_trace-a2e8ab_b8_k8_isolated,isolated,ours,11,1,plan_comm_ms,0.341216,recorder
20260829-090925_perlmutter_33522f83,ours_l01_s1_gate_pv2_r2_wa_trace-a2e8ab_b8_k8_isolated,isolated,ours,11,2,plan_comm_ms,0.50016,recorder
20260829-090925_perlmutter_33522f83,ours_l01_s1_gate_pv2_r2_wa_trace-a2e8ab_b8_k8_isolated,isolated,ours,11,3,plan_comm_ms,0.294304,recorder
20260829-090925_perlmutter_33522f83,ours_l01_s1_gate_pv2_r2_wa_trace-a2e8ab_b8_k8_isolated,isolated,ours,11,4,plan_comm_ms,0.252544,recorder
20260829-090925_perlmutter_33522f83,ours_l01_s1_gate_pv2_r2_wa_trace-a2e8ab_b8_k8_isolated,isolated,ours,11,5,plan_comm_ms,0.311392,recorder
20260829-090925_perlmutter_33522f83,ours_l01_s1_gate_pv2_r2_wa_trace-a2e8ab_b8_k8_isolated,isolated,ours,11,6,plan_comm_ms,0.8472,recorder
20260829-090925_perlmutter_33522f83,ours_l01_s1_gate_pv2_r2_wa_trace-a2e8ab_b8_k8_isolated,isolated,ours,11,7,plan_comm_ms,0.28336,recorder
20260829-090925_perlmutter_33522f83,ours_l01_s1_gate_pv2_r2_wa_trace-a2e8ab_b8_k8_isolated,isolated,ours,11,8,plan_comm_ms,0.268768,recorder
20260829-090925_perlmutter_33522f83,ours_l01_s1_gate_pv2_r2_wa_trace-a2e8ab_b8_k8_isolated,isolated,ours,11,9,plan_comm_ms,0.520928,recorder
20260829-090925_perlmutter_33522f83,ours_l01_s1_gate_pv2_r2_wa_trace-a2e8ab_b8_k8_isolated,isolated,ours,11,0,place_ms,0.002336,recorder
20260829-090925_perlmutter_33522f83,ours_l01_s1_gate_pv2_r2_wa_trace-a2e8ab_b8_k8_isolated,isolated,ours,11,1,place_ms,0.002336,recorder
20260829-090925_perlmutter_33522f83,ours_l01_s1_gate_pv2_r2_wa_trace-a2e8ab_b8_k8_isolated,isolated,ours,11,2,place_ms,0.002304,recorder
20260829-090925_perlmutter_33522f83,ours_l01_s1_gate_pv2_r2_wa_trace-a2e8ab_b8_k8_isolated,isolated,ours,11,3,place_ms,0.002304,recorder
20260829-090925_perlmutter_33522f83,ours_l01_s1_gate_pv2_r2_wa_trace-a2e8ab_b8_k8_isolated,isolated,ours,11,4,place_ms,0.002656,recorder
20260829-090925_perlmutter_33522f83,ours_l01_s1_gate_pv2_r2_wa_trace-a2e8ab_b8_k8_isolated,isolated,ours,11,5,place_ms,0.002304,recorder
20260829-090925_perlmutter_33522f83,ours_l01_s1_gate_pv2_r2_wa_trace-a2e8ab_b8_k8_isolated,isolated,ours,11,6,place_ms,0.002304,recorder
20260829-090925_perlmutter_33522f83,ours_l01_s1_gate_pv2_r2_wa_trace-a2e8ab_b8_k8_isolated,isolated,ours,11,7,place_ms,0.002304,recorder
20260829-090925_perlmutter_33522f83,ours_l01_s1_gate_pv2_r2_wa_trace-a2e8ab_b8_k8_isolated,isolated,ours,11,8,place_ms,0.002336,recorder
20260829-090925_perlmutter_33522f83,ours_l01_s1_gate_pv2_r2_wa_trace-a2e8ab_b8_k8_isolated,isolated,ours,11,9,place_ms,0.002336,recorder
20260829-090925_perlmutter_33522f83,ours_l01_s1_gate_pv2_r2_wa_trace-a2e8ab_b8_k8_isolated,isolated,ours,11,0,plan_ms,3.917344,recorder
20260829-090925_perlmutter_33522f83,ours_l01_s1_gate_pv2_r2_wa_trace-a2e8ab_b8_k8_isolated,isolated,ours,11,1,plan_ms,4.099264,recorder
20260829-090925_perlmutter_33522f83,ours_l01_s1_gate_pv2_r2_wa_trace-a2e8ab_b8_k8_isolated,isolated,ours,11,2,plan_ms,3.859904,recorder
20260829-090925_perlmutter_33522f83,ours_l01_s1_gate_pv2_r2_wa_trace-a2e8ab_b8_k8_isolated,isolated,ours,11,3,plan_ms,3.764096,recorder
20260829-090925_perlmutter_33522f83,ours_l01_s1_gate_pv2_r2_wa_trace-a2e8ab_b8_k8_isolated,isolated,ours,11,4,plan_ms,3.666272,recorder
20260829-090925_perlmutter_33522f83,ours_l01_s1_gate_pv2_r2_wa_trace-a2e8ab_b8_k8_isolated,isolated,ours,11,5,plan_ms,4.334016,recorder
20260829-090925_perlmutter_33522f83,ours_l01_s1_gate_pv2_r2_wa_trace-a2e8ab_b8_k8_isolated,isolated,ours,11,6,plan_ms,3.80768,recorder
20260829-090925_perlmutter_33522f83,ours_l01_s1_gate_pv2_r2_wa_trace-a2e8ab_b8_k8_isolated,isolated,ours,11,7,plan_ms,3.921568,recorder
20260829-090925_perlmutter_33522f83,ours_l01_s1_gate_pv2_r2_wa_trace-a2e8ab_b8_k8_isolated,isolated,ours,11,8,plan_ms,3.830368,recorder
20260829-090925_perlmutter_33522f83,ours_l01_s1_gate_pv2_r2_wa_trace-a2e8ab_b8_k8_isolated,isolated,ours,11,9,plan_ms,3.596256,recorder
20260829-090925_perlmutter_33522f83,ours_l01_s1_gate_pv2_r2_wa_trace-a2e8ab_b8_k8_isolated,isolated,ours,11,0,total_ms,11.075808,recorder
20260829-090925_perlmutter_33522f83,ours_l01_s1_gate_pv2_r2_wa_trace-a2e8ab_b8_k8_isolated,isolated,ours,11,1,total_ms,10.661088,recorder
20260829-090925_perlmutter_33522f83,ours_l01_s1_gate_pv2_r2_wa_trace-a2e8ab_b8_k8_isolated,isolated,ours,11,2,total_ms,10.575776,recorder
20260829-090925_perlmutter_33522f83,ours_l01_s1_gate_pv2_r2_wa_trace-a2e8ab_b8_k8_isolated,isolated,ours,11,3,total_ms,11.072928,recorder
20260829-090925_perlmutter_33522f83,ours_l01_s1_gate_pv2_r2_wa_trace-a2e8ab_b8_k8_isolated,isolated,ours,11,4,total_ms,10.012928,recorder
20260829-090925_perlmutter_33522f83,ours_l01_s1_gate_pv2_r2_wa_trace-a2e8ab_b8_k8_isolated,isolated,ours,11,5,total_ms,10.442624,recorder
20260829-090925_perlmutter_33522f83,ours_l01_s1_gate_pv2_r2_wa_trace-a2e8ab_b8_k8_isolated,isolated,ours,11,6,total_ms,11.179104,recorder
20260829-090925_perlmutter_33522f83,ours_l01_s1_gate_pv2_r2_wa_trace-a2e8ab_b8_k8_isolated,isolated,ours,11,7,total_ms,11.065184,recorder
20260829-090925_perlmutter_33522f83,ours_l01_s1_gate_pv2_r2_wa_trace-a2e8ab_b8_k8_isolated,isolated,ours,11,8,total_ms,10.527968,recorder
20260829-090925_perlmutter_33522f83,ours_l01_s1_gate_pv2_r2_wa_trace-a2e8ab_b8_k8_isolated,isolated,ours,11,9,total_ms,10.04912,recorder
20260829-090925_perlmutter_33522f83,ours_l01_s1_gate_pv2_r2_wa_trace-a2e8ab_b8_k8_isolated,isolated,ours,11,0,iso_sync_ms,213.869652,recorder
20260829-090925_perlmutter_33522f83,ours_l01_s1_gate_pv2_r2_wa_trace-a2e8ab_b8_k8_isolated,isolated,ours,11,1,iso_sync_ms,208.04879,recorder
20260829-090925_perlmutter_33522f83,ours_l01_s1_gate_pv2_r2_wa_trace-a2e8ab_b8_k8_isolated,isolated,ours,11,2,iso_sync_ms,211.229439,recorder
20260829-090925_perlmutter_33522f83,ours_l01_s1_gate_pv2_r2_wa_trace-a2e8ab_b8_k8_isolated,isolated,ours,11,3,iso_sync_ms,209.994201,recorder
20260829-090925_perlmutter_33522f83,ours_l01_s1_gate_pv2_r2_wa_trace-a2e8ab_b8_k8_isolated,isolated,ours,11,4,iso_sync_ms,202.368079,recorder
20260829-090925_perlmutter_33522f83,ours_l01_s1_gate_pv2_r2_wa_trace-a2e8ab_b8_k8_isolated,isolated,ours,11,5,iso_sync_ms,201.456456,recorder
20260829-090925_perlmutter_33522f83,ours_l01_s1_gate_pv2_r2_wa_trace-a2e8ab_b8_k8_isolated,isolated,ours,11,6,iso_sync_ms,201.387423,recorder
20260829-090925_perlmutter_33522f83,ours_l01_s1_gate_pv2_r2_wa_trace-a2e8ab_b8_k8_isolated,isolated,ours,11,7,iso_sync_ms,206.261986,recorder
20260829-090925_perlmutter_33522f83,ours_l01_s1_gate_pv2_r2_wa_trace-a2e8ab_b8_k8_isolated,isolated,ours,11,8,iso_sync_ms,197.606123,recorder
20260829-090925_perlmutter_33522f83,ours_l01_s1_gate_pv2_r2_wa_trace-a2e8ab_b8_k8_isolated,isolated,ours,11,9,iso_sync_ms,194.1488,recorder
20260829-090925_perlmutter_33522f83,ours_l01_s1_gate_pv2_r2_wa_trace-a2e8ab_b8_k8_isolated,isolated,ours,12,0,e2e_ms,6.637792,recorder
20260829-090925_perlmutter_33522f83,ours_l01_s1_gate_pv2_r2_wa_trace-a2e8ab_b8_k8_isolated,isolated,ours,12,1,e2e_ms,6.392576,recorder
20260829-090925_perlmutter_33522f83,ours_l01_s1_gate_pv2_r2_wa_trace-a2e8ab_b8_k8_isolated,isolated,ours,12,2,e2e_ms,6.22048,recorder
20260829-090925_perlmutter_33522f83,ours_l01_s1_gate_pv2_r2_wa_trace-a2e8ab_b8_k8_isolated,isolated,ours,12,3,e2e_ms,6.96432,recorder
20260829-090925_perlmutter_33522f83,ours_l01_s1_gate_pv2_r2_wa_trace-a2e8ab_b8_k8_isolated,isolated,ours,12,4,e2e_ms,6.00224,recorder
20260829-090925_perlmutter_33522f83,ours_l01_s1_gate_pv2_r2_wa_trace-a2e8ab_b8_k8_isolated,isolated,ours,12,5,e2e_ms,6.366816,recorder
20260829-090925_perlmutter_33522f83,ours_l01_s1_gate_pv2_r2_wa_trace-a2e8ab_b8_k8_isolated,isolated,ours,12,6,e2e_ms,6.519712,recorder
20260829-090925_perlmutter_33522f83,ours_l01_s1_gate_pv2_r2_wa_trace-a2e8ab_b8_k8_isolated,isolated,ours,12,7,e2e_ms,6.834784,recorder
20260829-090925_perlmutter_33522f83,ours_l01_s1_gate_pv2_r2_wa_trace-a2e8ab_b8_k8_isolated,isolated,ours,12,8,e2e_ms,6.322208,recorder
20260829-090925_perlmutter_33522f83,ours_l01_s1_gate_pv2_r2_wa_trace-a2e8ab_b8_k8_isolated,isolated,ours,12,9,e2e_ms,5.842432,recorder
20260829-090925_perlmutter_33522f83,ours_l01_s1_gate_pv2_r2_wa_trace-a2e8ab_b8_k8_isolated,isolated,ours,12,0,l0_ms,3.583744,recorder
20260829-090925_perlmutter_33522f83,ours_l01_s1_gate_pv2_r2_wa_trace-a2e8ab_b8_k8_isolated,isolated,ours,12,1,l0_ms,3.319712,recorder
20260829-090925_perlmutter_33522f83,ours_l01_s1_gate_pv2_r2_wa_trace-a2e8ab_b8_k8_isolated,isolated,ours,12,2,l0_ms,3.107424,recorder
20260829-090925_perlmutter_33522f83,ours_l01_s1_gate_pv2_r2_wa_trace-a2e8ab_b8_k8_isolated,isolated,ours,12,3,l0_ms,3.752832,recorder
20260829-090925_perlmutter_33522f83,ours_l01_s1_gate_pv2_r2_wa_trace-a2e8ab_b8_k8_isolated,isolated,ours,12,4,l0_ms,2.953664,recorder
20260829-090925_perlmutter_33522f83,ours_l01_s1_gate_pv2_r2_wa_trace-a2e8ab_b8_k8_isolated,isolated,ours,12,5,l0_ms,3.1536,recorder
20260829-090925_perlmutter_33522f83,ours_l01_s1_gate_pv2_r2_wa_trace-a2e8ab_b8_k8_isolated,isolated,ours,12,6,l0_ms,3.188384,recorder
20260829-090925_perlmutter_33522f83,ours_l01_s1_gate_pv2_r2_wa_trace-a2e8ab_b8_k8_isolated,isolated,ours,12,7,l0_ms,3.534688,recorder
20260829-090925_perlmutter_33522f83,ours_l01_s1_gate_pv2_r2_wa_trace-a2e8ab_b8_k8_isolated,isolated,ours,12,8,l0_ms,3.38768,recorder
20260829-090925_perlmutter_33522f83,ours_l01_s1_gate_pv2_r2_wa_trace-a2e8ab_b8_k8_isolated,isolated,ours,12,9,l0_ms,2.620192,recorder
20260829-090925_perlmutter_33522f83,ours_l01_s1_gate_pv2_r2_wa_trace-a2e8ab_b8_k8_isolated,isolated,ours,12,0,act_ms,0.030976,recorder
20260829-090925_perlmutter_33522f83,ours_l01_s1_gate_pv2_r2_wa_trace-a2e8ab_b8_k8_isolated,isolated,ours,12,1,act_ms,0.030912,recorder
20260829-090925_perlmutter_33522f83,ours_l01_s1_gate_pv2_r2_wa_trace-a2e8ab_b8_k8_isolated,isolated,ours,12,2,act_ms,0.031488,recorder
20260829-090925_perlmutter_33522f83,ours_l01_s1_gate_pv2_r2_wa_trace-a2e8ab_b8_k8_isolated,isolated,ours,12,3,act_ms,0.031616,recorder
20260829-090925_perlmutter_33522f83,ours_l01_s1_gate_pv2_r2_wa_trace-a2e8ab_b8_k8_isolated,isolated,ours,12,4,act_ms,0.034176,recorder
20260829-090925_perlmutter_33522f83,ours_l01_s1_gate_pv2_r2_wa_trace-a2e8ab_b8_k8_isolated,isolated,ours,12,5,act_ms,0.031776,recorder
20260829-090925_perlmutter_33522f83,ours_l01_s1_gate_pv2_r2_wa_trace-a2e8ab_b8_k8_isolated,isolated,ours,12,6,act_ms,0.030912,recorder
20260829-090925_perlmutter_33522f83,ours_l01_s1_gate_pv2_r2_wa_trace-a2e8ab_b8_k8_isolated,isolated,ours,12,7,act_ms,0.034208,recorder
20260829-090925_perlmutter_33522f83,ours_l01_s1_gate_pv2_r2_wa_trace-a2e8ab_b8_k8_isolated,isolated,ours,12,8,act_ms,0.030624,recorder
20260829-090925_perlmutter_33522f83,ours_l01_s1_gate_pv2_r2_wa_trace-a2e8ab_b8_k8_isolated,isolated,ours,12,9,act_ms,0.030496,recorder
20260829-090925_perlmutter_33522f83,ours_l01_s1_gate_pv2_r2_wa_trace-a2e8ab_b8_k8_isolated,isolated,ours,12,0,l1_ms,3.023072,recorder
20260829-090925_perlmutter_33522f83,ours_l01_s1_gate_pv2_r2_wa_trace-a2e8ab_b8_k8_isolated,isolated,ours,12,1,l1_ms,3.041952,recorder
20260829-090925_perlmutter_33522f83,ours_l01_s1_gate_pv2_r2_wa_trace-a2e8ab_b8_k8_isolated,isolated,ours,12,2,l1_ms,3.081568,recorder
20260829-090925_perlmutter_33522f83,ours_l01_s1_gate_pv2_r2_wa_trace-a2e8ab_b8_k8_isolated,isolated,ours,12,3,l1_ms,3.179872,recorder
20260829-090925_perlmutter_33522f83,ours_l01_s1_gate_pv2_r2_wa_trace-a2e8ab_b8_k8_isolated,isolated,ours,12,4,l1_ms,3.0144,recorder
20260829-090925_perlmutter_33522f83,ours_l01_s1_gate_pv2_r2_wa_trace-a2e8ab_b8_k8_isolated,isolated,ours,12,5,l1_ms,3.18144,recorder
20260829-090925_perlmutter_33522f83,ours_l01_s1_gate_pv2_r2_wa_trace-a2e8ab_b8_k8_isolated,isolated,ours,12,6,l1_ms,3.300416,recorder
20260829-090925_perlmutter_33522f83,ours_l01_s1_gate_pv2_r2_wa_trace-a2e8ab_b8_k8_isolated,isolated,ours,12,7,l1_ms,3.265888,recorder
20260829-090925_perlmutter_33522f83,ours_l01_s1_gate_pv2_r2_wa_trace-a2e8ab_b8_k8_isolated,isolated,ours,12,8,l1_ms,2.903904,recorder
20260829-090925_perlmutter_33522f83,ours_l01_s1_gate_pv2_r2_wa_trace-a2e8ab_b8_k8_isolated,isolated,ours,12,9,l1_ms,3.191744,recorder
20260829-090925_perlmutter_33522f83,ours_l01_s1_gate_pv2_r2_wa_trace-a2e8ab_b8_k8_isolated,isolated,ours,12,0,plan_comm_ms,0.490592,recorder
20260829-090925_perlmutter_33522f83,ours_l01_s1_gate_pv2_r2_wa_trace-a2e8ab_b8_k8_isolated,isolated,ours,12,1,plan_comm_ms,0.598528,recorder
20260829-090925_perlmutter_33522f83,ours_l01_s1_gate_pv2_r2_wa_trace-a2e8ab_b8_k8_isolated,isolated,ours,12,2,plan_comm_ms,0.522848,recorder
20260829-090925_perlmutter_33522f83,ours_l01_s1_gate_pv2_r2_wa_trace-a2e8ab_b8_k8_isolated,isolated,ours,12,3,plan_comm_ms,0.319776,recorder
20260829-090925_perlmutter_33522f83,ours_l01_s1_gate_pv2_r2_wa_trace-a2e8ab_b8_k8_isolated,isolated,ours,12,4,plan_comm_ms,0.25968,recorder
20260829-090925_perlmutter_33522f83,ours_l01_s1_gate_pv2_r2_wa_trace-a2e8ab_b8_k8_isolated,isolated,ours,12,5,plan_comm_ms,0.266944,recorder
20260829-090925_perlmutter_33522f83,ours_l01_s1_gate_pv2_r2_wa_trace-a2e8ab_b8_k8_isolated,isolated,ours,12,6,plan_comm_ms,0.85296,recorder
20260829-090925_perlmutter_33522f83,ours_l01_s1_gate_pv2_r2_wa_trace-a2e8ab_b8_k8_isolated,isolated,ours,12,7,plan_comm_ms,0.293248,recorder
20260829-090925_perlmutter_33522f83,ours_l01_s1_gate_pv2_r2_wa_trace-a2e8ab_b8_k8_isolated,isolated,ours,12,8,plan_comm_ms,0.25824,recorder
20260829-090925_perlmutter_33522f83,ours_l01_s1_gate_pv2_r2_wa_trace-a2e8ab_b8_k8_isolated,isolated,ours,12,9,plan_comm_ms,0.52608,recorder
20260829-090925_perlmutter_33522f83,ours_l01_s1_gate_pv2_r2_wa_trace-a2e8ab_b8_k8_isolated,isolated,ours,12,0,place_ms,0.002336,recorder
20260829-090925_perlmutter_33522f83,ours_l01_s1_gate_pv2_r2_wa_trace-a2e8ab_b8_k8_isolated,isolated,ours,12,1,place_ms,0.002336,recorder
20260829-090925_perlmutter_33522f83,ours_l01_s1_gate_pv2_r2_wa_trace-a2e8ab_b8_k8_isolated,isolated,ours,12,2,place_ms,0.002336,recorder
20260829-090925_perlmutter_33522f83,ours_l01_s1_gate_pv2_r2_wa_trace-a2e8ab_b8_k8_isolated,isolated,ours,12,3,place_ms,0.0024,recorder
20260829-090925_perlmutter_33522f83,ours_l01_s1_gate_pv2_r2_wa_trace-a2e8ab_b8_k8_isolated,isolated,ours,12,4,place_ms,0.002336,recorder
20260829-090925_perlmutter_33522f83,ours_l01_s1_gate_pv2_r2_wa_trace-a2e8ab_b8_k8_isolated,isolated,ours,12,5,place_ms,0.002336,recorder
20260829-090925_perlmutter_33522f83,ours_l01_s1_gate_pv2_r2_wa_trace-a2e8ab_b8_k8_isolated,isolated,ours,12,6,place_ms,0.002336,recorder
20260829-090925_perlmutter_33522f83,ours_l01_s1_gate_pv2_r2_wa_trace-a2e8ab_b8_k8_isolated,isolated,ours,12,7,place_ms,0.002336,recorder
20260829-090925_perlmutter_33522f83,ours_l01_s1_gate_pv2_r2_wa_trace-a2e8ab_b8_k8_isolated,isolated,ours,12,8,place_ms,0.002336,recorder
20260829-090925_perlmutter_33522f83,ours_l01_s1_gate_pv2_r2_wa_trace-a2e8ab_b8_k8_isolated,isolated,ours,12,9,place_ms,0.002336,recorder
20260829-090925_perlmutter_33522f83,ours_l01_s1_gate_pv2_r2_wa_trace-a2e8ab_b8_k8_isolated,isolated,ours,12,0,plan_ms,3.7768,recorder
20260829-090925_perlmutter_33522f83,ours_l01_s1_gate_pv2_r2_wa_trace-a2e8ab_b8_k8_isolated,isolated,ours,12,1,plan_ms,3.646048,recorder
20260829-090925_perlmutter_33522f83,ours_l01_s1_gate_pv2_r2_wa_trace-a2e8ab_b8_k8_isolated,isolated,ours,12,2,plan_ms,3.822688,recorder
20260829-090925_perlmutter_33522f83,ours_l01_s1_gate_pv2_r2_wa_trace-a2e8ab_b8_k8_isolated,isolated,ours,12,3,plan_ms,3.790752,recorder
20260829-090925_perlmutter_33522f83,ours_l01_s1_gate_pv2_r2_wa_trace-a2e8ab_b8_k8_isolated,isolated,ours,12,4,plan_ms,3.743872,recorder
20260829-090925_perlmutter_33522f83,ours_l01_s1_gate_pv2_r2_wa_trace-a2e8ab_b8_k8_isolated,isolated,ours,12,5,plan_ms,3.746848,recorder
20260829-090925_perlmutter_33522f83,ours_l01_s1_gate_pv2_r2_wa_trace-a2e8ab_b8_k8_isolated,isolated,ours,12,6,plan_ms,3.794144,recorder
20260829-090925_perlmutter_33522f83,ours_l01_s1_gate_pv2_r2_wa_trace-a2e8ab_b8_k8_isolated,isolated,ours,12,7,plan_ms,3.926752,recorder
20260829-090925_perlmutter_33522f83,ours_l01_s1_gate_pv2_r2_wa_trace-a2e8ab_b8_k8_isolated,isolated,ours,12,8,plan_ms,3.836352,recorder
20260829-090925_perlmutter_33522f83,ours_l01_s1_gate_pv2_r2_wa_trace-a2e8ab_b8_k8_isolated,isolated,ours,12,9,plan_ms,3.665856,recorder
20260829-090925_perlmutter_33522f83,ours_l01_s1_gate_pv2_r2_wa_trace-a2e8ab_b8_k8_isolated,isolated,ours,12,0,total_ms,10.921568,recorder
20260829-090925_perlmutter_33522f83,ours_l01_s1_gate_pv2_r2_wa_trace-a2e8ab_b8_k8_isolated,isolated,ours,12,1,total_ms,10.652192,recorder
20260829-090925_perlmutter_33522f83,ours_l01_s1_gate_pv2_r2_wa_trace-a2e8ab_b8_k8_isolated,isolated,ours,12,2,total_ms,10.581856,recorder
20260829-090925_perlmutter_33522f83,ours_l01_s1_gate_pv2_r2_wa_trace-a2e8ab_b8_k8_isolated,isolated,ours,12,3,total_ms,11.09072,recorder
20260829-090925_perlmutter_33522f83,ours_l01_s1_gate_pv2_r2_wa_trace-a2e8ab_b8_k8_isolated,isolated,ours,12,4,total_ms,10.022272,recorder
20260829-090925_perlmutter_33522f83,ours_l01_s1_gate_pv2_r2_wa_trace-a2e8ab_b8_k8_isolated,isolated,ours,12,5,total_ms,10.395552,recorder
20260829-090925_perlmutter_33522f83,ours_l01_s1_gate_pv2_r2_wa_trace-a2e8ab_b8_k8_isolated,isolated,ours,12,6,total_ms,11.185248,recorder
20260829-090925_perlmutter_33522f83,ours_l01_s1_gate_pv2_r2_wa_trace-a2e8ab_b8_k8_isolated,isolated,ours,12,7,total_ms,11.070656,recorder
20260829-090925_perlmutter_33522f83,ours_l01_s1_gate_pv2_r2_wa_trace-a2e8ab_b8_k8_isolated,isolated,ours,12,8,total_ms,10.434208,recorder
20260829-090925_perlmutter_33522f83,ours_l01_s1_gate_pv2_r2_wa_trace-a2e8ab_b8_k8_isolated,isolated,ours,12,9,total_ms,10.050912,recorder
20260829-090925_perlmutter_33522f83,ours_l01_s1_gate_pv2_r2_wa_trace-a2e8ab_b8_k8_isolated,isolated,ours,12,0,iso_sync_ms,0.486942,recorder
20260829-090925_perlmutter_33522f83,ours_l01_s1_gate_pv2_r2_wa_trace-a2e8ab_b8_k8_isolated,isolated,ours,12,1,iso_sync_ms,0.283018,recorder
20260829-090925_perlmutter_33522f83,ours_l01_s1_gate_pv2_r2_wa_trace-a2e8ab_b8_k8_isolated,isolated,ours,12,2,iso_sync_ms,0.349977,recorder
20260829-090925_perlmutter_33522f83,ours_l01_s1_gate_pv2_r2_wa_trace-a2e8ab_b8_k8_isolated,isolated,ours,12,3,iso_sync_ms,0.390225,recorder
20260829-090925_perlmutter_33522f83,ours_l01_s1_gate_pv2_r2_wa_trace-a2e8ab_b8_k8_isolated,isolated,ours,12,4,iso_sync_ms,0.302416,recorder
20260829-090925_perlmutter_33522f83,ours_l01_s1_gate_pv2_r2_wa_trace-a2e8ab_b8_k8_isolated,isolated,ours,12,5,iso_sync_ms,0.324718,recorder
20260829-090925_perlmutter_33522f83,ours_l01_s1_gate_pv2_r2_wa_trace-a2e8ab_b8_k8_isolated,isolated,ours,12,6,iso_sync_ms,0.355457,recorder
20260829-090925_perlmutter_33522f83,ours_l01_s1_gate_pv2_r2_wa_trace-a2e8ab_b8_k8_isolated,isolated,ours,12,7,iso_sync_ms,0.300852,recorder
20260829-090925_perlmutter_33522f83,ours_l01_s1_gate_pv2_r2_wa_trace-a2e8ab_b8_k8_isolated,isolated,ours,12,8,iso_sync_ms,0.39798,recorder
20260829-090925_perlmutter_33522f83,ours_l01_s1_gate_pv2_r2_wa_trace-a2e8ab_b8_k8_isolated,isolated,ours,12,9,iso_sync_ms,0.303877,recorder
20260829-090925_perlmutter_33522f83,ours_l01_s1_gate_pv2_r2_wa_trace-a2e8ab_b8_k8_isolated,isolated,ours,13,0,e2e_ms,6.685792,recorder
20260829-090925_perlmutter_33522f83,ours_l01_s1_gate_pv2_r2_wa_trace-a2e8ab_b8_k8_isolated,isolated,ours,13,1,e2e_ms,5.692704,recorder
20260829-090925_perlmutter_33522f83,ours_l01_s1_gate_pv2_r2_wa_trace-a2e8ab_b8_k8_isolated,isolated,ours,13,2,e2e_ms,5.900288,recorder
20260829-090925_perlmutter_33522f83,ours_l01_s1_gate_pv2_r2_wa_trace-a2e8ab_b8_k8_isolated,isolated,ours,13,3,e2e_ms,7.046912,recorder
20260829-090925_perlmutter_33522f83,ours_l01_s1_gate_pv2_r2_wa_trace-a2e8ab_b8_k8_isolated,isolated,ours,13,4,e2e_ms,6.026016,recorder
20260829-090925_perlmutter_33522f83,ours_l01_s1_gate_pv2_r2_wa_trace-a2e8ab_b8_k8_isolated,isolated,ours,13,5,e2e_ms,6.4232,recorder
20260829-090925_perlmutter_33522f83,ours_l01_s1_gate_pv2_r2_wa_trace-a2e8ab_b8_k8_isolated,isolated,ours,13,6,e2e_ms,6.306112,recorder
20260829-090925_perlmutter_33522f83,ours_l01_s1_gate_pv2_r2_wa_trace-a2e8ab_b8_k8_isolated,isolated,ours,13,7,e2e_ms,6.8344,recorder
20260829-090925_perlmutter_33522f83,ours_l01_s1_gate_pv2_r2_wa_trace-a2e8ab_b8_k8_isolated,isolated,ours,13,8,e2e_ms,6.217472,recorder
20260829-090925_perlmutter_33522f83,ours_l01_s1_gate_pv2_r2_wa_trace-a2e8ab_b8_k8_isolated,isolated,ours,13,9,e2e_ms,5.813792,recorder
20260829-090925_perlmutter_33522f83,ours_l01_s1_gate_pv2_r2_wa_trace-a2e8ab_b8_k8_isolated,isolated,ours,13,0,l0_ms,3.600928,recorder
20260829-090925_perlmutter_33522f83,ours_l01_s1_gate_pv2_r2_wa_trace-a2e8ab_b8_k8_isolated,isolated,ours,13,1,l0_ms,2.614592,recorder
20260829-090925_perlmutter_33522f83,ours_l01_s1_gate_pv2_r2_wa_trace-a2e8ab_b8_k8_isolated,isolated,ours,13,2,l0_ms,2.78992,recorder
20260829-090925_perlmutter_33522f83,ours_l01_s1_gate_pv2_r2_wa_trace-a2e8ab_b8_k8_isolated,isolated,ours,13,3,l0_ms,3.850368,recorder
20260829-090925_perlmutter_33522f83,ours_l01_s1_gate_pv2_r2_wa_trace-a2e8ab_b8_k8_isolated,isolated,ours,13,4,l0_ms,2.977856,recorder
20260829-090925_perlmutter_33522f83,ours_l01_s1_gate_pv2_r2_wa_trace-a2e8ab_b8_k8_isolated,isolated,ours,13,5,l0_ms,3.209184,recorder
20260829-090925_perlmutter_33522f83,ours_l01_s1_gate_pv2_r2_wa_trace-a2e8ab_b8_k8_isolated,isolated,ours,13,6,l0_ms,3.131776,recorder
20260829-090925_perlmutter_33522f83,ours_l01_s1_gate_pv2_r2_wa_trace-a2e8ab_b8_k8_isolated,isolated,ours,13,7,l0_ms,3.580384,recorder
20260829-090925_perlmutter_33522f83,ours_l01_s1_gate_pv2_r2_wa_trace-a2e8ab_b8_k8_isolated,isolated,ours,13,8,l0_ms,3.279456,recorder
20260829-090925_perlmutter_33522f83,ours_l01_s1_gate_pv2_r2_wa_trace-a2e8ab_b8_k8_isolated,isolated,ours,13,9,l0_ms,2.603104,recorder
20260829-090925_perlmutter_33522f83,ours_l01_s1_gate_pv2_r2_wa_trace-a2e8ab_b8_k8_isolated,isolated,ours,13,0,act_ms,0.0368,recorder
20260829-090925_perlmutter_33522f83,ours_l01_s1_gate_pv2_r2_wa_trace-a2e8ab_b8_k8_isolated,isolated,ours,13,1,act_ms,0.037344,recorder
20260829-090925_perlmutter_33522f83,ours_l01_s1_gate_pv2_r2_wa_trace-a2e8ab_b8_k8_isolated,isolated,ours,13,2,act_ms,0.039776,recorder
20260829-090925_perlmutter_33522f83,ours_l01_s1_gate_pv2_r2_wa_trace-a2e8ab_b8_k8_isolated,isolated,ours,13,3,act_ms,0.037472,recorder
20260829-090925_perlmutter_33522f83,ours_l01_s1_gate_pv2_r2_wa_trace-a2e8ab_b8_k8_isolated,isolated,ours,13,4,act_ms,0.036768,recorder
20260829-090925_perlmutter_33522f83,ours_l01_s1_gate_pv2_r2_wa_trace-a2e8ab_b8_k8_isolated,isolated,ours,13,5,act_ms,0.03888,recorder
20260829-090925_perlmutter_33522f83,ours_l01_s1_gate_pv2_r2_wa_trace-a2e8ab_b8_k8_isolated,isolated,ours,13,6,act_ms,0.038336,recorder
20260829-090925_perlmutter_33522f83,ours_l01_s1_gate_pv2_r2_wa_trace-a2e8ab_b8_k8_isolated,isolated,ours,13,7,act_ms,0.036512,recorder
20260829-090925_perlmutter_33522f83,ours_l01_s1_gate_pv2_r2_wa_trace-a2e8ab_b8_k8_isolated,isolated,ours,13,8,act_ms,0.038016,recorder
20260829-090925_perlmutter_33522f83,ours_l01_s1_gate_pv2_r2_wa_trace-a2e8ab_b8_k8_isolated,isolated,ours,13,9,act_ms,0.040256,recorder
20260829-090925_perlmutter_33522f83,ours_l01_s1_gate_pv2_r2_wa_trace-a2e8ab_b8_k8_isolated,isolated,ours,13,0,l1_ms,3.048064,recorder
20260829-090925_perlmutter_33522f83,ours_l01_s1_gate_pv2_r2_wa_trace-a2e8ab_b8_k8_isolated,isolated,ours,13,1,l1_ms,3.040768,recorder
20260829-090925_perlmutter_33522f83,ours_l01_s1_gate_pv2_r2_wa_trace-a2e8ab_b8_k8_isolated,isolated,ours,13,2,l1_ms,3.070592,recorder
20260829-090925_perlmutter_33522f83,ours_l01_s1_gate_pv2_r2_wa_trace-a2e8ab_b8_k8_isolated,isolated,ours,13,3,l1_ms,3.159072,recorder
20260829-090925_perlmutter_33522f83,ours_l01_s1_gate_pv2_r2_wa_trace-a2e8ab_b8_k8_isolated,isolated,ours,13,4,l1_ms,3.011392,recorder
20260829-090925_perlmutter_33522f83,ours_l01_s1_gate_pv2_r2_wa_trace-a2e8ab_b8_k8_isolated,isolated,ours,13,5,l1_ms,3.175136,recorder
20260829-090925_perlmutter_33522f83,ours_l01_s1_gate_pv2_r2_wa_trace-a2e8ab_b8_k8_isolated,isolated,ours,13,6,l1_ms,3.136,recorder
20260829-090925_perlmutter_33522f83,ours_l01_s1_gate_pv2_r2_wa_trace-a2e8ab_b8_k8_isolated,isolated,ours,13,7,l1_ms,3.217504,recorder
20260829-090925_perlmutter_33522f83,ours_l01_s1_gate_pv2_r2_wa_trace-a2e8ab_b8_k8_isolated,isolated,ours,13,8,l1_ms,2.9,recorder
20260829-090925_perlmutter_33522f83,ours_l01_s1_gate_pv2_r2_wa_trace-a2e8ab_b8_k8_isolated,isolated,ours,13,9,l1_ms,3.170432,recorder
20260829-090925_perlmutter_33522f83,ours_l01_s1_gate_pv2_r2_wa_trace-a2e8ab_b8_k8_isolated,isolated,ours,13,0,plan_comm_ms,0.476736,recorder
20260829-090925_perlmutter_33522f83,ours_l01_s1_gate_pv2_r2_wa_trace-a2e8ab_b8_k8_isolated,isolated,ours,13,1,plan_comm_ms,0.552,recorder
20260829-090925_perlmutter_33522f83,ours_l01_s1_gate_pv2_r2_wa_trace-a2e8ab_b8_k8_isolated,isolated,ours,13,2,plan_comm_ms,0.517472,recorder
20260829-090925_perlmutter_33522f83,ours_l01_s1_gate_pv2_r2_wa_trace-a2e8ab_b8_k8_isolated,isolated,ours,13,3,plan_comm_ms,0.322368,recorder
20260829-090925_perlmutter_33522f83,ours_l01_s1_gate_pv2_r2_wa_trace-a2e8ab_b8_k8_isolated,isolated,ours,13,4,plan_comm_ms,0.264608,recorder
20260829-090925_perlmutter_33522f83,ours_l01_s1_gate_pv2_r2_wa_trace-a2e8ab_b8_k8_isolated,isolated,ours,13,5,plan_comm_ms,0.315904,recorder
20260829-090925_perlmutter_33522f83,ours_l01_s1_gate_pv2_r2_wa_trace-a2e8ab_b8_k8_isolated,isolated,ours,13,6,plan_comm_ms,0.850592,recorder
20260829-090925_perlmutter_33522f83,ours_l01_s1_gate_pv2_r2_wa_trace-a2e8ab_b8_k8_isolated,isolated,ours,13,7,plan_comm_ms,0.284384,recorder
20260829-090925_perlmutter_33522f83,ours_l01_s1_gate_pv2_r2_wa_trace-a2e8ab_b8_k8_isolated,isolated,ours,13,8,plan_comm_ms,0.277344,recorder
20260829-090925_perlmutter_33522f83,ours_l01_s1_gate_pv2_r2_wa_trace-a2e8ab_b8_k8_isolated,isolated,ours,13,9,plan_comm_ms,0.524416,recorder
20260829-090925_perlmutter_33522f83,ours_l01_s1_gate_pv2_r2_wa_trace-a2e8ab_b8_k8_isolated,isolated,ours,13,0,place_ms,0.002336,recorder
20260829-090925_perlmutter_33522f83,ours_l01_s1_gate_pv2_r2_wa_trace-a2e8ab_b8_k8_isolated,isolated,ours,13,1,place_ms,0.002304,recorder
20260829-090925_perlmutter_33522f83,ours_l01_s1_gate_pv2_r2_wa_trace-a2e8ab_b8_k8_isolated,isolated,ours,13,2,place_ms,0.002304,recorder
20260829-090925_perlmutter_33522f83,ours_l01_s1_gate_pv2_r2_wa_trace-a2e8ab_b8_k8_isolated,isolated,ours,13,3,place_ms,0.002272,recorder
20260829-090925_perlmutter_33522f83,ours_l01_s1_gate_pv2_r2_wa_trace-a2e8ab_b8_k8_isolated,isolated,ours,13,4,place_ms,0.002304,recorder
20260829-090925_perlmutter_33522f83,ours_l01_s1_gate_pv2_r2_wa_trace-a2e8ab_b8_k8_isolated,isolated,ours,13,5,place_ms,0.002336,recorder
20260829-090925_perlmutter_33522f83,ours_l01_s1_gate_pv2_r2_wa_trace-a2e8ab_b8_k8_isolated,isolated,ours,13,6,place_ms,0.002304,recorder
20260829-090925_perlmutter_33522f83,ours_l01_s1_gate_pv2_r2_wa_trace-a2e8ab_b8_k8_isolated,isolated,ours,13,7,place_ms,0.002272,recorder
20260829-090925_perlmutter_33522f83,ours_l01_s1_gate_pv2_r2_wa_trace-a2e8ab_b8_k8_isolated,isolated,ours,13,8,place_ms,0.002304,recorder
20260829-090925_perlmutter_33522f83,ours_l01_s1_gate_pv2_r2_wa_trace-a2e8ab_b8_k8_isolated,isolated,ours,13,9,place_ms,0.002272,recorder
20260829-090925_perlmutter_33522f83,ours_l01_s1_gate_pv2_r2_wa_trace-a2e8ab_b8_k8_isolated,isolated,ours,13,0,plan_ms,3.77168,recorder
20260829-090925_perlmutter_33522f83,ours_l01_s1_gate_pv2_r2_wa_trace-a2e8ab_b8_k8_isolated,isolated,ours,13,1,plan_ms,4.345952,recorder
20260829-090925_perlmutter_33522f83,ours_l01_s1_gate_pv2_r2_wa_trace-a2e8ab_b8_k8_isolated,isolated,ours,13,2,plan_ms,4.146304,recorder
20260829-090925_perlmutter_33522f83,ours_l01_s1_gate_pv2_r2_wa_trace-a2e8ab_b8_k8_isolated,isolated,ours,13,3,plan_ms,3.707424,recorder
20260829-090925_perlmutter_33522f83,ours_l01_s1_gate_pv2_r2_wa_trace-a2e8ab_b8_k8_isolated,isolated,ours,13,4,plan_ms,3.721664,recorder
20260829-090925_perlmutter_33522f83,ours_l01_s1_gate_pv2_r2_wa_trace-a2e8ab_b8_k8_isolated,isolated,ours,13,5,plan_ms,3.695008,recorder
20260829-090925_perlmutter_33522f83,ours_l01_s1_gate_pv2_r2_wa_trace-a2e8ab_b8_k8_isolated,isolated,ours,13,6,plan_ms,3.859488,recorder
20260829-090925_perlmutter_33522f83,ours_l01_s1_gate_pv2_r2_wa_trace-a2e8ab_b8_k8_isolated,isolated,ours,13,7,plan_ms,3.89984,recorder
20260829-090925_perlmutter_33522f83,ours_l01_s1_gate_pv2_r2_wa_trace-a2e8ab_b8_k8_isolated,isolated,ours,13,8,plan_ms,3.94176,recorder
20260829-090925_perlmutter_33522f83,ours_l01_s1_gate_pv2_r2_wa_trace-a2e8ab_b8_k8_isolated,isolated,ours,13,9,plan_ms,3.699392,recorder
20260829-090925_perlmutter_33522f83,ours_l01_s1_gate_pv2_r2_wa_trace-a2e8ab_b8_k8_isolated,isolated,ours,13,0,total_ms,10.94944,recorder
20260829-090925_perlmutter_33522f83,ours_l01_s1_gate_pv2_r2_wa_trace-a2e8ab_b8_k8_isolated,isolated,ours,13,1,total_ms,10.606048,recorder
20260829-090925_perlmutter_33522f83,ours_l01_s1_gate_pv2_r2_wa_trace-a2e8ab_b8_k8_isolated,isolated,ours,13,2,total_ms,10.580896,recorder
20260829-090925_perlmutter_33522f83,ours_l01_s1_gate_pv2_r2_wa_trace-a2e8ab_b8_k8_isolated,isolated,ours,13,3,total_ms,11.092096,recorder
20260829-090925_perlmutter_33522f83,ours_l01_s1_gate_pv2_r2_wa_trace-a2e8ab_b8_k8_isolated,isolated,ours,13,4,total_ms,10.030432,recorder
20260829-090925_perlmutter_33522f83,ours_l01_s1_gate_pv2_r2_wa_trace-a2e8ab_b8_k8_isolated,isolated,ours,13,5,total_ms,10.448416,recorder
20260829-090925_perlmutter_33522f83,ours_l01_s1_gate_pv2_r2_wa_trace-a2e8ab_b8_k8_isolated,isolated,ours,13,6,total_ms,11.033408,recorder
20260829-090925_perlmutter_33522f83,ours_l01_s1_gate_pv2_r2_wa_trace-a2e8ab_b8_k8_isolated,isolated,ours,13,7,total_ms,11.03472,recorder
20260829-090925_perlmutter_33522f83,ours_l01_s1_gate_pv2_r2_wa_trace-a2e8ab_b8_k8_isolated,isolated,ours,13,8,total_ms,10.452416,recorder
20260829-090925_perlmutter_33522f83,ours_l01_s1_gate_pv2_r2_wa_trace-a2e8ab_b8_k8_isolated,isolated,ours,13,9,total_ms,10.054944,recorder
20260829-090925_perlmutter_33522f83,ours_l01_s1_gate_pv2_r2_wa_trace-a2e8ab_b8_k8_isolated,isolated,ours,13,0,iso_sync_ms,45.719678,recorder
20260829-090925_perlmutter_33522f83,ours_l01_s1_gate_pv2_r2_wa_trace-a2e8ab_b8_k8_isolated,isolated,ours,13,1,iso_sync_ms,30.397987,recorder
20260829-090925_perlmutter_33522f83,ours_l01_s1_gate_pv2_r2_wa_trace-a2e8ab_b8_k8_isolated,isolated,ours,13,2,iso_sync_ms,36.058017,recorder
20260829-090925_perlmutter_33522f83,ours_l01_s1_gate_pv2_r2_wa_trace-a2e8ab_b8_k8_isolated,isolated,ours,13,3,iso_sync_ms,34.921859,recorder
20260829-090925_perlmutter_33522f83,ours_l01_s1_gate_pv2_r2_wa_trace-a2e8ab_b8_k8_isolated,isolated,ours,13,4,iso_sync_ms,36.408214,recorder
20260829-090925_perlmutter_33522f83,ours_l01_s1_gate_pv2_r2_wa_trace-a2e8ab_b8_k8_isolated,isolated,ours,13,5,iso_sync_ms,34.864468,recorder
20260829-090925_perlmutter_33522f83,ours_l01_s1_gate_pv2_r2_wa_trace-a2e8ab_b8_k8_isolated,isolated,ours,13,6,iso_sync_ms,35.337623,recorder
20260829-090925_perlmutter_33522f83,ours_l01_s1_gate_pv2_r2_wa_trace-a2e8ab_b8_k8_isolated,isolated,ours,13,7,iso_sync_ms,35.948025,recorder
20260829-090925_perlmutter_33522f83,ours_l01_s1_gate_pv2_r2_wa_trace-a2e8ab_b8_k8_isolated,isolated,ours,13,8,iso_sync_ms,37.337532,recorder
20260829-090925_perlmutter_33522f83,ours_l01_s1_gate_pv2_r2_wa_trace-a2e8ab_b8_k8_isolated,isolated,ours,13,9,iso_sync_ms,29.130806,recorder
20260829-090925_perlmutter_33522f83,ours_l01_s1_gate_pv2_r2_wa_trace-a2e8ab_b8_k8_isolated,isolated,ours,14,0,e2e_ms,6.02192,recorder
20260829-090925_perlmutter_33522f83,ours_l01_s1_gate_pv2_r2_wa_trace-a2e8ab_b8_k8_isolated,isolated,ours,14,1,e2e_ms,6.291744,recorder
20260829-090925_perlmutter_33522f83,ours_l01_s1_gate_pv2_r2_wa_trace-a2e8ab_b8_k8_isolated,isolated,ours,14,2,e2e_ms,6.173376,recorder
20260829-090925_perlmutter_33522f83,ours_l01_s1_gate_pv2_r2_wa_trace-a2e8ab_b8_k8_isolated,isolated,ours,14,3,e2e_ms,6.845952,recorder
20260829-090925_perlmutter_33522f83,ours_l01_s1_gate_pv2_r2_wa_trace-a2e8ab_b8_k8_isolated,isolated,ours,14,4,e2e_ms,6.009632,recorder
20260829-090925_perlmutter_33522f83,ours_l01_s1_gate_pv2_r2_wa_trace-a2e8ab_b8_k8_isolated,isolated,ours,14,5,e2e_ms,6.385888,recorder
20260829-090925_perlmutter_33522f83,ours_l01_s1_gate_pv2_r2_wa_trace-a2e8ab_b8_k8_isolated,isolated,ours,14,6,e2e_ms,6.133728,recorder
20260829-090925_perlmutter_33522f83,ours_l01_s1_gate_pv2_r2_wa_trace-a2e8ab_b8_k8_isolated,isolated,ours,14,7,e2e_ms,6.664288,recorder
20260829-090925_perlmutter_33522f83,ours_l01_s1_gate_pv2_r2_wa_trace-a2e8ab_b8_k8_isolated,isolated,ours,14,8,e2e_ms,6.304448,recorder
20260829-090925_perlmutter_33522f83,ours_l01_s1_gate_pv2_r2_wa_trace-a2e8ab_b8_k8_isolated,isolated,ours,14,9,e2e_ms,5.718464,recorder
20260829-090925_perlmutter_33522f83,ours_l01_s1_gate_pv2_r2_wa_trace-a2e8ab_b8_k8_isolated,isolated,ours,14,0,l0_ms,2.8984,recorder
20260829-090925_perlmutter_33522f83,ours_l01_s1_gate_pv2_r2_wa_trace-a2e8ab_b8_k8_isolated,isolated,ours,14,1,l0_ms,3.216096,recorder
20260829-090925_perlmutter_33522f83,ours_l01_s1_gate_pv2_r2_wa_trace-a2e8ab_b8_k8_isolated,isolated,ours,14,2,l0_ms,3.09696,recorder
20260829-090925_perlmutter_33522f83,ours_l01_s1_gate_pv2_r2_wa_trace-a2e8ab_b8_k8_isolated,isolated,ours,14,3,l0_ms,3.786976,recorder
20260829-090925_perlmutter_33522f83,ours_l01_s1_gate_pv2_r2_wa_trace-a2e8ab_b8_k8_isolated,isolated,ours,14,4,l0_ms,3.007776,recorder
20260829-090925_perlmutter_33522f83,ours_l01_s1_gate_pv2_r2_wa_trace-a2e8ab_b8_k8_isolated,isolated,ours,14,5,l0_ms,3.170816,recorder
20260829-090925_perlmutter_33522f83,ours_l01_s1_gate_pv2_r2_wa_trace-a2e8ab_b8_k8_isolated,isolated,ours,14,6,l0_ms,2.928032,recorder
20260829-090925_perlmutter_33522f83,ours_l01_s1_gate_pv2_r2_wa_trace-a2e8ab_b8_k8_isolated,isolated,ours,14,7,l0_ms,3.50496,recorder
20260829-090925_perlmutter_33522f83,ours_l01_s1_gate_pv2_r2_wa_trace-a2e8ab_b8_k8_isolated,isolated,ours,14,8,l0_ms,3.366752,recorder
20260829-090925_perlmutter_33522f83,ours_l01_s1_gate_pv2_r2_wa_trace-a2e8ab_b8_k8_isolated,isolated,ours,14,9,l0_ms,2.64304,recorder
20260829-090925_perlmutter_33522f83,ours_l01_s1_gate_pv2_r2_wa_trace-a2e8ab_b8_k8_isolated,isolated,ours,14,0,act_ms,0.034592,recorder
20260829-090925_perlmutter_33522f83,ours_l01_s1_gate_pv2_r2_wa_trace-a2e8ab_b8_k8_isolated,isolated,ours,14,1,act_ms,0.033184,recorder
20260829-090925_perlmutter_33522f83,ours_l01_s1_gate_pv2_r2_wa_trace-a2e8ab_b8_k8_isolated,isolated,ours,14,2,act_ms,0.03344,recorder
20260829-090925_perlmutter_33522f83,ours_l01_s1_gate_pv2_r2_wa_trace-a2e8ab_b8_k8_isolated,isolated,ours,14,3,act_ms,0.032896,recorder
20260829-090925_perlmutter_33522f83,ours_l01_s1_gate_pv2_r2_wa_trace-a2e8ab_b8_k8_isolated,isolated,ours,14,4,act_ms,0.036704,recorder
20260829-090925_perlmutter_33522f83,ours_l01_s1_gate_pv2_r2_wa_trace-a2e8ab_b8_k8_isolated,isolated,ours,14,5,act_ms,0.03472,recorder
20260829-090925_perlmutter_33522f83,ours_l01_s1_gate_pv2_r2_wa_trace-a2e8ab_b8_k8_isolated,isolated,ours,14,6,act_ms,0.035072,recorder
20260829-090925_perlmutter_33522f83,ours_l01_s1_gate_pv2_r2_wa_trace-a2e8ab_b8_k8_isolated,isolated,ours,14,7,act_ms,0.034944,recorder
20260829-090925_perlmutter_33522f83,ours_l01_s1_gate_pv2_r2_wa_trace-a2e8ab_b8_k8_isolated,isolated,ours,14,8,act_ms,0.035744,recorder
20260829-090925_perlmutter_33522f83,ours_l01_s1_gate_pv2_r2_wa_trace-a2e8ab_b8_k8_isolated,isolated,ours,14,9,act_ms,0.033632,recorder
20260829-090925_perlmutter_33522f83,ours_l01_s1_gate_pv2_r2_wa_trace-a2e8ab_b8_k8_isolated,isolated,ours,14,0,l1_ms,3.088928,recorder
20260829-090925_perlmutter_33522f83,ours_l01_s1_gate_pv2_r2_wa_trace-a2e8ab_b8_k8_isolated,isolated,ours,14,1,l1_ms,3.042464,recorder
20260829-090925_perlmutter_33522f83,ours_l01_s1_gate_pv2_r2_wa_trace-a2e8ab_b8_k8_isolated,isolated,ours,14,2,l1_ms,3.042976,recorder
20260829-090925_perlmutter_33522f83,ours_l01_s1_gate_pv2_r2_wa_trace-a2e8ab_b8_k8_isolated,isolated,ours,14,3,l1_ms,3.02608,recorder
20260829-090925_perlmutter_33522f83,ours_l01_s1_gate_pv2_r2_wa_trace-a2e8ab_b8_k8_isolated,isolated,ours,14,4,l1_ms,2.965152,recorder
20260829-090925_perlmutter_33522f83,ours_l01_s1_gate_pv2_r2_wa_trace-a2e8ab_b8_k8_isolated,isolated,ours,14,5,l1_ms,3.180352,recorder
20260829-090925_perlmutter_33522f83,ours_l01_s1_gate_pv2_r2_wa_trace-a2e8ab_b8_k8_isolated,isolated,ours,14,6,l1_ms,3.170624,recorder
20260829-090925_perlmutter_33522f83,ours_l01_s1_gate_pv2_r2_wa_trace-a2e8ab_b8_k8_isolated,isolated,ours,14,7,l1_ms,3.124384,recorder
20260829-090925_perlmutter_33522f83,ours_l01_s1_gate_pv2_r2_wa_trace-a2e8ab_b8_k8_isolated,isolated,ours,14,8,l1_ms,2.901952,recorder
20260829-090925_perlmutter_33522f83,ours_l01_s1_gate_pv2_r2_wa_trace-a2e8ab_b8_k8_isolated,isolated,ours,14,9,l1_ms,3.041792,recorder
20260829-090925_perlmutter_33522f83,ours_l01_s1_gate_pv2_r2_wa_trace-a2e8ab_b8_k8_isolated,isolated,ours,14,0,plan_comm_ms,0.420768,recorder
20260829-090925_perlmutter_33522f83,ours_l01_s1_gate_pv2_r2_wa_trace-a2e8ab_b8_k8_isolated,isolated,ours,14,1,plan_comm_ms,0.596224,recorder
20260829-090925_perlmutter_33522f83,ours_l01_s1_gate_pv2_r2_wa_trace-a2e8ab_b8_k8_isolated,isolated,ours,14,2,plan_comm_ms,0.5072,recorder
20260829-090925_perlmutter_33522f83,ours_l01_s1_gate_pv2_r2_wa_trace-a2e8ab_b8_k8_isolated,isolated,ours,14,3,plan_comm_ms,0.315808,recorder
20260829-090925_perlmutter_33522f83,ours_l01_s1_gate_pv2_r2_wa_trace-a2e8ab_b8_k8_isolated,isolated,ours,14,4,plan_comm_ms,0.2584,recorder
20260829-090925_perlmutter_33522f83,ours_l01_s1_gate_pv2_r2_wa_trace-a2e8ab_b8_k8_isolated,isolated,ours,14,5,plan_comm_ms,0.31104,recorder
20260829-090925_perlmutter_33522f83,ours_l01_s1_gate_pv2_r2_wa_trace-a2e8ab_b8_k8_isolated,isolated,ours,14,6,plan_comm_ms,0.80176,recorder
20260829-090925_perlmutter_33522f83,ours_l01_s1_gate_pv2_r2_wa_trace-a2e8ab_b8_k8_isolated,isolated,ours,14,7,plan_comm_ms,0.280768,recorder
20260829-090925_perlmutter_33522f83,ours_l01_s1_gate_pv2_r2_wa_trace-a2e8ab_b8_k8_isolated,isolated,ours,14,8,plan_comm_ms,0.282784,recorder
20260829-090925_perlmutter_33522f83,ours_l01_s1_gate_pv2_r2_wa_trace-a2e8ab_b8_k8_isolated,isolated,ours,14,9,plan_comm_ms,0.521632,recorder
20260829-090925_perlmutter_33522f83,ours_l01_s1_gate_pv2_r2_wa_trace-a2e8ab_b8_k8_isolated,isolated,ours,14,0,place_ms,0.002368,recorder
20260829-090925_perlmutter_33522f83,ours_l01_s1_gate_pv2_r2_wa_trace-a2e8ab_b8_k8_isolated,isolated,ours,14,1,place_ms,0.002368,recorder
20260829-090925_perlmutter_33522f83,ours_l01_s1_gate_pv2_r2_wa_trace-a2e8ab_b8_k8_isolated,isolated,ours,14,2,place_ms,0.002688,recorder
20260829-090925_perlmutter_33522f83,ours_l01_s1_gate_pv2_r2_wa_trace-a2e8ab_b8_k8_isolated,isolated,ours,14,3,place_ms,0.002368,recorder
20260829-090925_perlmutter_33522f83,ours_l01_s1_gate_pv2_r2_wa_trace-a2e8ab_b8_k8_isolated,isolated,ours,14,4,place_ms,0.002368,recorder
20260829-090925_perlmutter_33522f83,ours_l01_s1_gate_pv2_r2_wa_trace-a2e8ab_b8_k8_isolated,isolated,ours,14,5,place_ms,0.002368,recorder
20260829-090925_perlmutter_33522f83,ours_l01_s1_gate_pv2_r2_wa_trace-a2e8ab_b8_k8_isolated,isolated,ours,14,6,place_ms,0.002336,recorder
20260829-090925_perlmutter_33522f83,ours_l01_s1_gate_pv2_r2_wa_trace-a2e8ab_b8_k8_isolated,isolated,ours,14,7,place_ms,0.002336,recorder
20260829-090925_perlmutter_33522f83,ours_l01_s1_gate_pv2_r2_wa_trace-a2e8ab_b8_k8_isolated,isolated,ours,14,8,place_ms,0.002336,recorder
20260829-090925_perlmutter_33522f83,ours_l01_s1_gate_pv2_r2_wa_trace-a2e8ab_b8_k8_isolated,isolated,ours,14,9,place_ms,0.002368,recorder
20260829-090925_perlmutter_33522f83,ours_l01_s1_gate_pv2_r2_wa_trace-a2e8ab_b8_k8_isolated,isolated,ours,14,0,plan_ms,4.467616,recorder
20260829-090925_perlmutter_33522f83,ours_l01_s1_gate_pv2_r2_wa_trace-a2e8ab_b8_k8_isolated,isolated,ours,14,1,plan_ms,3.753248,recorder
20260829-090925_perlmutter_33522f83,ours_l01_s1_gate_pv2_r2_wa_trace-a2e8ab_b8_k8_isolated,isolated,ours,14,2,plan_ms,3.828992,recorder
20260829-090925_perlmutter_33522f83,ours_l01_s1_gate_pv2_r2_wa_trace-a2e8ab_b8_k8_isolated,isolated,ours,14,3,plan_ms,3.776448,recorder
20260829-090925_perlmutter_33522f83,ours_l01_s1_gate_pv2_r2_wa_trace-a2e8ab_b8_k8_isolated,isolated,ours,14,4,plan_ms,3.691552,recorder
20260829-090925_perlmutter_33522f83,ours_l01_s1_gate_pv2_r2_wa_trace-a2e8ab_b8_k8_isolated,isolated,ours,14,5,plan_ms,3.725024,recorder
20260829-090925_perlmutter_33522f83,ours_l01_s1_gate_pv2_r2_wa_trace-a2e8ab_b8_k8_isolated,isolated,ours,14,6,plan_ms,4.066272,recorder
20260829-090925_perlmutter_33522f83,ours_l01_s1_gate_pv2_r2_wa_trace-a2e8ab_b8_k8_isolated,isolated,ours,14,7,plan_ms,3.986304,recorder
20260829-090925_perlmutter_33522f83,ours_l01_s1_gate_pv2_r2_wa_trace-a2e8ab_b8_k8_isolated,isolated,ours,14,8,plan_ms,3.85664,recorder
20260829-090925_perlmutter_33522f83,ours_l01_s1_gate_pv2_r2_wa_trace-a2e8ab_b8_k8_isolated,isolated,ours,14,9,plan_ms,3.671648,recorder
20260829-090925_perlmutter_33522f83,ours_l01_s1_gate_pv2_r2_wa_trace-a2e8ab_b8_k8_isolated,isolated,ours,14,0,total_ms,10.925248,recorder
20260829-090925_perlmutter_33522f83,ours_l01_s1_gate_pv2_r2_wa_trace-a2e8ab_b8_k8_isolated,isolated,ours,14,1,total_ms,10.656,recorder
20260829-090925_perlmutter_33522f83,ours_l01_s1_gate_pv2_r2_wa_trace-a2e8ab_b8_k8_isolated,isolated,ours,14,2,total_ms,10.525696,recorder
20260829-090925_perlmutter_33522f83,ours_l01_s1_gate_pv2_r2_wa_trace-a2e8ab_b8_k8_isolated,isolated,ours,14,3,total_ms,10.954912,recorder
20260829-090925_perlmutter_33522f83,ours_l01_s1_gate_pv2_r2_wa_trace-a2e8ab_b8_k8_isolated,isolated,ours,14,4,total_ms,9.975872,recorder
20260829-090925_perlmutter_33522f83,ours_l01_s1_gate_pv2_r2_wa_trace-a2e8ab_b8_k8_isolated,isolated,ours,14,5,total_ms,10.438144,recorder
20260829-090925_perlmutter_33522f83,ours_l01_s1_gate_pv2_r2_wa_trace-a2e8ab_b8_k8_isolated,isolated,ours,14,6,total_ms,11.020352,recorder
20260829-090925_perlmutter_33522f83,ours_l01_s1_gate_pv2_r2_wa_trace-a2e8ab_b8_k8_isolated,isolated,ours,14,7,total_ms,10.947232,recorder
20260829-090925_perlmutter_33522f83,ours_l01_s1_gate_pv2_r2_wa_trace-a2e8ab_b8_k8_isolated,isolated,ours,14,8,total_ms,10.460352,recorder
20260829-090925_perlmutter_33522f83,ours_l01_s1_gate_pv2_r2_wa_trace-a2e8ab_b8_k8_isolated,isolated,ours,14,9,total_ms,9.927584,recorder
20260829-090925_perlmutter_33522f83,ours_l01_s1_gate_pv2_r2_wa_trace-a2e8ab_b8_k8_isolated,isolated,ours,14,0,iso_sync_ms,78.979993,recorder
20260829-090925_perlmutter_33522f83,ours_l01_s1_gate_pv2_r2_wa_trace-a2e8ab_b8_k8_isolated,isolated,ours,14,1,iso_sync_ms,99.903661,recorder
20260829-090925_perlmutter_33522f83,ours_l01_s1_gate_pv2_r2_wa_trace-a2e8ab_b8_k8_isolated,isolated,ours,14,2,iso_sync_ms,101.981991,recorder
20260829-090925_perlmutter_33522f83,ours_l01_s1_gate_pv2_r2_wa_trace-a2e8ab_b8_k8_isolated,isolated,ours,14,3,iso_sync_ms,103.389144,recorder
20260829-090925_perlmutter_33522f83,ours_l01_s1_gate_pv2_r2_wa_trace-a2e8ab_b8_k8_isolated,isolated,ours,14,4,iso_sync_ms,101.725856,recorder
20260829-090925_perlmutter_33522f83,ours_l01_s1_gate_pv2_r2_wa_trace-a2e8ab_b8_k8_isolated,isolated,ours,14,5,iso_sync_ms,101.275435,recorder
20260829-090925_perlmutter_33522f83,ours_l01_s1_gate_pv2_r2_wa_trace-a2e8ab_b8_k8_isolated,isolated,ours,14,6,iso_sync_ms,101.043455,recorder
20260829-090925_perlmutter_33522f83,ours_l01_s1_gate_pv2_r2_wa_trace-a2e8ab_b8_k8_isolated,isolated,ours,14,7,iso_sync_ms,97.493268,recorder
20260829-090925_perlmutter_33522f83,ours_l01_s1_gate_pv2_r2_wa_trace-a2e8ab_b8_k8_isolated,isolated,ours,14,8,iso_sync_ms,22.275494,recorder
20260829-090925_perlmutter_33522f83,ours_l01_s1_gate_pv2_r2_wa_trace-a2e8ab_b8_k8_isolated,isolated,ours,14,9,iso_sync_ms,49.639111,recorder
20260829-090925_perlmutter_33522f83,ours_l01_s1_gate_pv2_r2_wa_trace-a2e8ab_b8_k8_isolated,isolated,ours,15,0,e2e_ms,6.611328,recorder
20260829-090925_perlmutter_33522f83,ours_l01_s1_gate_pv2_r2_wa_trace-a2e8ab_b8_k8_isolated,isolated,ours,15,1,e2e_ms,6.32576,recorder
20260829-090925_perlmutter_33522f83,ours_l01_s1_gate_pv2_r2_wa_trace-a2e8ab_b8_k8_isolated,isolated,ours,15,2,e2e_ms,6.095168,recorder
20260829-090925_perlmutter_33522f83,ours_l01_s1_gate_pv2_r2_wa_trace-a2e8ab_b8_k8_isolated,isolated,ours,15,3,e2e_ms,6.52736,recorder
20260829-090925_perlmutter_33522f83,ours_l01_s1_gate_pv2_r2_wa_trace-a2e8ab_b8_k8_isolated,isolated,ours,15,4,e2e_ms,5.853152,recorder
20260829-090925_perlmutter_33522f83,ours_l01_s1_gate_pv2_r2_wa_trace-a2e8ab_b8_k8_isolated,isolated,ours,15,5,e2e_ms,6.328064,recorder
20260829-090925_perlmutter_33522f83,ours_l01_s1_gate_pv2_r2_wa_trace-a2e8ab_b8_k8_isolated,isolated,ours,15,6,e2e_ms,6.170432,recorder
20260829-090925_perlmutter_33522f83,ours_l01_s1_gate_pv2_r2_wa_trace-a2e8ab_b8_k8_isolated,isolated,ours,15,7,e2e_ms,6.631584,recorder
20260829-090925_perlmutter_33522f83,ours_l01_s1_gate_pv2_r2_wa_trace-a2e8ab_b8_k8_isolated,isolated,ours,15,8,e2e_ms,6.26864,recorder
20260829-090925_perlmutter_33522f83,ours_l01_s1_gate_pv2_r2_wa_trace-a2e8ab_b8_k8_isolated,isolated,ours,15,9,e2e_ms,5.56624,recorder
20260829-090925_perlmutter_33522f83,ours_l01_s1_gate_pv2_r2_wa_trace-a2e8ab_b8_k8_isolated,isolated,ours,15,0,l0_ms,3.486208,recorder
20260829-090925_perlmutter_33522f83,ours_l01_s1_gate_pv2_r2_wa_trace-a2e8ab_b8_k8_isolated,isolated,ours,15,1,l0_ms,3.271424,recorder
20260829-090925_perlmutter_33522f83,ours_l01_s1_gate_pv2_r2_wa_trace-a2e8ab_b8_k8_isolated,isolated,ours,15,2,l0_ms,3.029152,recorder
20260829-090925_perlmutter_33522f83,ours_l01_s1_gate_pv2_r2_wa_trace-a2e8ab_b8_k8_isolated,isolated,ours,15,3,l0_ms,3.451488,recorder
20260829-090925_perlmutter_33522f83,ours_l01_s1_gate_pv2_r2_wa_trace-a2e8ab_b8_k8_isolated,isolated,ours,15,4,l0_ms,2.896064,recorder
20260829-090925_perlmutter_33522f83,ours_l01_s1_gate_pv2_r2_wa_trace-a2e8ab_b8_k8_isolated,isolated,ours,15,5,l0_ms,3.111584,recorder
20260829-090925_perlmutter_33522f83,ours_l01_s1_gate_pv2_r2_wa_trace-a2e8ab_b8_k8_isolated,isolated,ours,15,6,l0_ms,2.935488,recorder
20260829-090925_perlmutter_33522f83,ours_l01_s1_gate_pv2_r2_wa_trace-a2e8ab_b8_k8_isolated,isolated,ours,15,7,l0_ms,3.436032,recorder
20260829-090925_perlmutter_33522f83,ours_l01_s1_gate_pv2_r2_wa_trace-a2e8ab_b8_k8_isolated,isolated,ours,15,8,l0_ms,3.327104,recorder
20260829-090925_perlmutter_33522f83,ours_l01_s1_gate_pv2_r2_wa_trace-a2e8ab_b8_k8_isolated,isolated,ours,15,9,l0_ms,2.472576,recorder
20260829-090925_perlmutter_33522f83,ours_l01_s1_gate_pv2_r2_wa_trace-a2e8ab_b8_k8_isolated,isolated,ours,15,0,act_ms,0.039136,recorder
20260829-090925_perlmutter_33522f83,ours_l01_s1_gate_pv2_r2_wa_trace-a2e8ab_b8_k8_isolated,isolated,ours,15,1,act_ms,0.042144,recorder
20260829-090925_perlmutter_33522f83,ours_l01_s1_gate_pv2_r2_wa_trace-a2e8ab_b8_k8_isolated,isolated,ours,15,2,act_ms,0.040224,recorder
20260829-090925_perlmutter_33522f83,ours_l01_s1_gate_pv2_r2_wa_trace-a2e8ab_b8_k8_isolated,isolated,ours,15,3,act_ms,0.039392,recorder
20260829-090925_perlmutter_33522f83,ours_l01_s1_gate_pv2_r2_wa_trace-a2e8ab_b8_k8_isolated,isolated,ours,15,4,act_ms,0.042624,recorder
20260829-090925_perlmutter_33522f83,ours_l01_s1_gate_pv2_r2_wa_trace-a2e8ab_b8_k8_isolated,isolated,ours,15,5,act_ms,0.038688,recorder
20260829-090925_perlmutter_33522f83,ours_l01_s1_gate_pv2_r2_wa_trace-a2e8ab_b8_k8_isolated,isolated,ours,15,6,act_ms,0.041728,recorder
20260829-090925_perlmutter_33522f83,ours_l01_s1_gate_pv2_r2_wa_trace-a2e8ab_b8_k8_isolated,isolated,ours,15,7,act_ms,0.041632,recorder
20260829-090925_perlmutter_33522f83,ours_l01_s1_gate_pv2_r2_wa_trace-a2e8ab_b8_k8_isolated,isolated,ours,15,8,act_ms,0.041632,recorder
20260829-090925_perlmutter_33522f83,ours_l01_s1_gate_pv2_r2_wa_trace-a2e8ab_b8_k8_isolated,isolated,ours,15,9,act_ms,0.040896,recorder
20260829-090925_perlmutter_33522f83,ours_l01_s1_gate_pv2_r2_wa_trace-a2e8ab_b8_k8_isolated,isolated,ours,15,0,l1_ms,3.085984,recorder
20260829-090925_perlmutter_33522f83,ours_l01_s1_gate_pv2_r2_wa_trace-a2e8ab_b8_k8_isolated,isolated,ours,15,1,l1_ms,3.012192,recorder
20260829-090925_perlmutter_33522f83,ours_l01_s1_gate_pv2_r2_wa_trace-a2e8ab_b8_k8_isolated,isolated,ours,15,2,l1_ms,3.025792,recorder
20260829-090925_perlmutter_33522f83,ours_l01_s1_gate_pv2_r2_wa_trace-a2e8ab_b8_k8_isolated,isolated,ours,15,3,l1_ms,3.03648,recorder
20260829-090925_perlmutter_33522f83,ours_l01_s1_gate_pv2_r2_wa_trace-a2e8ab_b8_k8_isolated,isolated,ours,15,4,l1_ms,2.914464,recorder
20260829-090925_perlmutter_33522f83,ours_l01_s1_gate_pv2_r2_wa_trace-a2e8ab_b8_k8_isolated,isolated,ours,15,5,l1_ms,3.177792,recorder
20260829-090925_perlmutter_33522f83,ours_l01_s1_gate_pv2_r2_wa_trace-a2e8ab_b8_k8_isolated,isolated,ours,15,6,l1_ms,3.193216,recorder
20260829-090925_perlmutter_33522f83,ours_l01_s1_gate_pv2_r2_wa_trace-a2e8ab_b8_k8_isolated,isolated,ours,15,7,l1_ms,3.15392,recorder
20260829-090925_perlmutter_33522f83,ours_l01_s1_gate_pv2_r2_wa_trace-a2e8ab_b8_k8_isolated,isolated,ours,15,8,l1_ms,2.899904,recorder
20260829-090925_perlmutter_33522f83,ours_l01_s1_gate_pv2_r2_wa_trace-a2e8ab_b8_k8_isolated,isolated,ours,15,9,l1_ms,3.052768,recorder
20260829-090925_perlmutter_33522f83,ours_l01_s1_gate_pv2_r2_wa_trace-a2e8ab_b8_k8_isolated,isolated,ours,15,0,plan_comm_ms,0.473504,recorder
20260829-090925_perlmutter_33522f83,ours_l01_s1_gate_pv2_r2_wa_trace-a2e8ab_b8_k8_isolated,isolated,ours,15,1,plan_comm_ms,0.59008,recorder
20260829-090925_perlmutter_33522f83,ours_l01_s1_gate_pv2_r2_wa_trace-a2e8ab_b8_k8_isolated,isolated,ours,15,2,plan_comm_ms,0.5248,recorder
20260829-090925_perlmutter_33522f83,ours_l01_s1_gate_pv2_r2_wa_trace-a2e8ab_b8_k8_isolated,isolated,ours,15,3,plan_comm_ms,0.281024,recorder
20260829-090925_perlmutter_33522f83,ours_l01_s1_gate_pv2_r2_wa_trace-a2e8ab_b8_k8_isolated,isolated,ours,15,4,plan_comm_ms,0.254848,recorder
20260829-090925_perlmutter_33522f83,ours_l01_s1_gate_pv2_r2_wa_trace-a2e8ab_b8_k8_isolated,isolated,ours,15,5,plan_comm_ms,0.310368,recorder
20260829-090925_perlmutter_33522f83,ours_l01_s1_gate_pv2_r2_wa_trace-a2e8ab_b8_k8_isolated,isolated,ours,15,6,plan_comm_ms,0.841984,recorder
20260829-090925_perlmutter_33522f83,ours_l01_s1_gate_pv2_r2_wa_trace-a2e8ab_b8_k8_isolated,isolated,ours,15,7,plan_comm_ms,0.276192,recorder
20260829-090925_perlmutter_33522f83,ours_l01_s1_gate_pv2_r2_wa_trace-a2e8ab_b8_k8_isolated,isolated,ours,15,8,plan_comm_ms,0.2744,recorder
20260829-090925_perlmutter_33522f83,ours_l01_s1_gate_pv2_r2_wa_trace-a2e8ab_b8_k8_isolated,isolated,ours,15,9,plan_comm_ms,0.514976,recorder
20260829-090925_perlmutter_33522f83,ours_l01_s1_gate_pv2_r2_wa_trace-a2e8ab_b8_k8_isolated,isolated,ours,15,0,place_ms,0.002304,recorder
20260829-090925_perlmutter_33522f83,ours_l01_s1_gate_pv2_r2_wa_trace-a2e8ab_b8_k8_isolated,isolated,ours,15,1,place_ms,0.002336,recorder
20260829-090925_perlmutter_33522f83,ours_l01_s1_gate_pv2_r2_wa_trace-a2e8ab_b8_k8_isolated,isolated,ours,15,2,place_ms,0.002336,recorder
20260829-090925_perlmutter_33522f83,ours_l01_s1_gate_pv2_r2_wa_trace-a2e8ab_b8_k8_isolated,isolated,ours,15,3,place_ms,0.002336,recorder
20260829-090925_perlmutter_33522f83,ours_l01_s1_gate_pv2_r2_wa_trace-a2e8ab_b8_k8_isolated,isolated,ours,15,4,place_ms,0.002336,recorder
20260829-090925_perlmutter_33522f83,ours_l01_s1_gate_pv2_r2_wa_trace-a2e8ab_b8_k8_isolated,isolated,ours,15,5,place_ms,0.002304,recorder
20260829-090925_perlmutter_33522f83,ours_l01_s1_gate_pv2_r2_wa_trace-a2e8ab_b8_k8_isolated,isolated,ours,15,6,place_ms,0.002528,recorder
20260829-090925_perlmutter_33522f83,ours_l01_s1_gate_pv2_r2_wa_trace-a2e8ab_b8_k8_isolated,isolated,ours,15,7,place_ms,0.002336,recorder
20260829-090925_perlmutter_33522f83,ours_l01_s1_gate_pv2_r2_wa_trace-a2e8ab_b8_k8_isolated,isolated,ours,15,8,place_ms,0.002336,recorder
20260829-090925_perlmutter_33522f83,ours_l01_s1_gate_pv2_r2_wa_trace-a2e8ab_b8_k8_isolated,isolated,ours,15,9,place_ms,0.002336,recorder
20260829-090925_perlmutter_33522f83,ours_l01_s1_gate_pv2_r2_wa_trace-a2e8ab_b8_k8_isolated,isolated,ours,15,0,plan_ms,3.880576,recorder
20260829-090925_perlmutter_33522f83,ours_l01_s1_gate_pv2_r2_wa_trace-a2e8ab_b8_k8_isolated,isolated,ours,15,1,plan_ms,3.701088,recorder
20260829-090925_perlmutter_33522f83,ours_l01_s1_gate_pv2_r2_wa_trace-a2e8ab_b8_k8_isolated,isolated,ours,15,2,plan_ms,3.89664,recorder
20260829-090925_perlmutter_33522f83,ours_l01_s1_gate_pv2_r2_wa_trace-a2e8ab_b8_k8_isolated,isolated,ours,15,3,plan_ms,4.116128,recorder
20260829-090925_perlmutter_33522f83,ours_l01_s1_gate_pv2_r2_wa_trace-a2e8ab_b8_k8_isolated,isolated,ours,15,4,plan_ms,3.811264,recorder
20260829-090925_perlmutter_33522f83,ours_l01_s1_gate_pv2_r2_wa_trace-a2e8ab_b8_k8_isolated,isolated,ours,15,5,plan_ms,3.787712,recorder
20260829-090925_perlmutter_33522f83,ours_l01_s1_gate_pv2_r2_wa_trace-a2e8ab_b8_k8_isolated,isolated,ours,15,6,plan_ms,4.06304,recorder
20260829-090925_perlmutter_33522f83,ours_l01_s1_gate_pv2_r2_wa_trace-a2e8ab_b8_k8_isolated,isolated,ours,15,7,plan_ms,4.050688,recorder
20260829-090925_perlmutter_33522f83,ours_l01_s1_gate_pv2_r2_wa_trace-a2e8ab_b8_k8_isolated,isolated,ours,15,8,plan_ms,3.896352,recorder
20260829-090925_perlmutter_33522f83,ours_l01_s1_gate_pv2_r2_wa_trace-a2e8ab_b8_k8_isolated,isolated,ours,15,9,plan_ms,3.837952,recorder
20260829-090925_perlmutter_33522f83,ours_l01_s1_gate_pv2_r2_wa_trace-a2e8ab_b8_k8_isolated,isolated,ours,15,0,total_ms,10.980896,recorder
20260829-090925_perlmutter_33522f83,ours_l01_s1_gate_pv2_r2_wa_trace-a2e8ab_b8_k8_isolated,isolated,ours,15,1,total_ms,10.631072,recorder
20260829-090925_perlmutter_33522f83,ours_l01_s1_gate_pv2_r2_wa_trace-a2e8ab_b8_k8_isolated,isolated,ours,15,2,total_ms,10.53344,recorder
20260829-090925_perlmutter_33522f83,ours_l01_s1_gate_pv2_r2_wa_trace-a2e8ab_b8_k8_isolated,isolated,ours,15,3,total_ms,10.940832,recorder
20260829-090925_perlmutter_33522f83,ours_l01_s1_gate_pv2_r2_wa_trace-a2e8ab_b8_k8_isolated,isolated,ours,15,4,total_ms,9.934912,recorder
20260829-090925_perlmutter_33522f83,ours_l01_s1_gate_pv2_r2_wa_trace-a2e8ab_b8_k8_isolated,isolated,ours,15,5,total_ms,10.44176,recorder
20260829-090925_perlmutter_33522f83,ours_l01_s1_gate_pv2_r2_wa_trace-a2e8ab_b8_k8_isolated,isolated,ours,15,6,total_ms,11.09104,recorder
20260829-090925_perlmutter_33522f83,ours_l01_s1_gate_pv2_r2_wa_trace-a2e8ab_b8_k8_isolated,isolated,ours,15,7,total_ms,10.974432,recorder
20260829-090925_perlmutter_33522f83,ours_l01_s1_gate_pv2_r2_wa_trace-a2e8ab_b8_k8_isolated,isolated,ours,15,8,total_ms,10.454912,recorder
20260829-090925_perlmutter_33522f83,ours_l01_s1_gate_pv2_r2_wa_trace-a2e8ab_b8_k8_isolated,isolated,ours,15,9,total_ms,9.933984,recorder
20260829-090925_perlmutter_33522f83,ours_l01_s1_gate_pv2_r2_wa_trace-a2e8ab_b8_k8_isolated,isolated,ours,15,0,iso_sync_ms,218.888044,recorder
20260829-090925_perlmutter_33522f83,ours_l01_s1_gate_pv2_r2_wa_trace-a2e8ab_b8_k8_isolated,isolated,ours,15,1,iso_sync_ms,217.013689,recorder
20260829-090925_perlmutter_33522f83,ours_l01_s1_gate_pv2_r2_wa_trace-a2e8ab_b8_k8_isolated,isolated,ours,15,2,iso_sync_ms,217.552341,recorder
20260829-090925_perlmutter_33522f83,ours_l01_s1_gate_pv2_r2_wa_trace-a2e8ab_b8_k8_isolated,isolated,ours,15,3,iso_sync_ms,216.483453,recorder
20260829-090925_perlmutter_33522f83,ours_l01_s1_gate_pv2_r2_wa_trace-a2e8ab_b8_k8_isolated,isolated,ours,15,4,iso_sync_ms,218.189573,recorder
20260829-090925_perlmutter_33522f83,ours_l01_s1_gate_pv2_r2_wa_trace-a2e8ab_b8_k8_isolated,isolated,ours,15,5,iso_sync_ms,216.555332,recorder
20260829-090925_perlmutter_33522f83,ours_l01_s1_gate_pv2_r2_wa_trace-a2e8ab_b8_k8_isolated,isolated,ours,15,6,iso_sync_ms,214.725862,recorder
20260829-090925_perlmutter_33522f83,ours_l01_s1_gate_pv2_r2_wa_trace-a2e8ab_b8_k8_isolated,isolated,ours,15,7,iso_sync_ms,217.482305,recorder
20260829-090925_perlmutter_33522f83,ours_l01_s1_gate_pv2_r2_wa_trace-a2e8ab_b8_k8_isolated,isolated,ours,15,8,iso_sync_ms,216.746081,recorder
20260829-090925_perlmutter_33522f83,ours_l01_s1_gate_pv2_r2_wa_trace-a2e8ab_b8_k8_isolated,isolated,ours,15,9,iso_sync_ms,209.67435,recorder
