run_id,cell_id,mode,impl,rank,iter,metric,value_ms,source
20260824-100751_perlmutter_3c2ea15d,l01_slipstream_v2_trace-610042_b8_k8_isolated,isolated,flux,0,0,e2e_ms,9.289152,recorder
20260824-100751_perlmutter_3c2ea15d,l01_slipstream_v2_trace-610042_b8_k8_isolated,isolated,flux,0,1,e2e_ms,8.97408,recorder
20260824-100751_perlmutter_3c2ea15d,l01_slipstream_v2_trace-610042_b8_k8_isolated,isolated,flux,0,2,e2e_ms,9.223168,recorder
20260824-100751_perlmutter_3c2ea15d,l01_slipstream_v2_trace-610042_b8_k8_isolated,isolated,flux,0,3,e2e_ms,8.942592,recorder
20260824-100751_perlmutter_3c2ea15d,l01_slipstream_v2_trace-610042_b8_k8_isolated,isolated,flux,0,4,e2e_ms,9.708352,recorder
20260824-100751_perlmutter_3c2ea15d,l01_slipstream_v2_trace-610042_b8_k8_isolated,isolated,flux,0,5,e2e_ms,9.134496,recorder
20260824-100751_perlmutter_3c2ea15d,l01_slipstream_v2_trace-610042_b8_k8_isolated,isolated,flux,0,6,e2e_ms,9.098304,recorder
20260824-100751_perlmutter_3c2ea15d,l01_slipstream_v2_trace-610042_b8_k8_isolated,isolated,flux,0,7,e2e_ms,9.048736,recorder
20260824-100751_perlmutter_3c2ea15d,l01_slipstream_v2_trace-610042_b8_k8_isolated,isolated,flux,0,8,e2e_ms,9.282752,recorder
20260824-100751_perlmutter_3c2ea15d,l01_slipstream_v2_trace-610042_b8_k8_isolated,isolated,flux,0,9,e2e_ms,8.896672,recorder
20260824-100751_perlmutter_3c2ea15d,l01_slipstream_v2_trace-610042_b8_k8_isolated,isolated,flux,0,0,l0_ms,4.027744,recorder
20260824-100751_perlmutter_3c2ea15d,l01_slipstream_v2_trace-610042_b8_k8_isolated,isolated,flux,0,1,l0_ms,3.788608,recorder
20260824-100751_perlmutter_3c2ea15d,l01_slipstream_v2_trace-610042_b8_k8_isolated,isolated,flux,0,2,l0_ms,3.966912,recorder
20260824-100751_perlmutter_3c2ea15d,l01_slipstream_v2_trace-610042_b8_k8_isolated,isolated,flux,0,3,l0_ms,3.792736,recorder
20260824-100751_perlmutter_3c2ea15d,l01_slipstream_v2_trace-610042_b8_k8_isolated,isolated,flux,0,4,l0_ms,4.098112,recorder
20260824-100751_perlmutter_3c2ea15d,l01_slipstream_v2_trace-610042_b8_k8_isolated,isolated,flux,0,5,l0_ms,3.935488,recorder
20260824-100751_perlmutter_3c2ea15d,l01_slipstream_v2_trace-610042_b8_k8_isolated,isolated,flux,0,6,l0_ms,4.000768,recorder
20260824-100751_perlmutter_3c2ea15d,l01_slipstream_v2_trace-610042_b8_k8_isolated,isolated,flux,0,7,l0_ms,3.90448,recorder
20260824-100751_perlmutter_3c2ea15d,l01_slipstream_v2_trace-610042_b8_k8_isolated,isolated,flux,0,8,l0_ms,3.989056,recorder
20260824-100751_perlmutter_3c2ea15d,l01_slipstream_v2_trace-610042_b8_k8_isolated,isolated,flux,0,9,l0_ms,3.74384,recorder
20260824-100751_perlmutter_3c2ea15d,l01_slipstream_v2_trace-610042_b8_k8_isolated,isolated,flux,0,0,act_ms,0.046784,recorder
20260824-100751_perlmutter_3c2ea15d,l01_slipstream_v2_trace-610042_b8_k8_isolated,isolated,flux,0,1,act_ms,0.046752,recorder
20260824-100751_perlmutter_3c2ea15d,l01_slipstream_v2_trace-610042_b8_k8_isolated,isolated,flux,0,2,act_ms,0.048,recorder
20260824-100751_perlmutter_3c2ea15d,l01_slipstream_v2_trace-610042_b8_k8_isolated,isolated,flux,0,3,act_ms,0.048512,recorder
20260824-100751_perlmutter_3c2ea15d,l01_slipstream_v2_trace-610042_b8_k8_isolated,isolated,flux,0,4,act_ms,0.046688,recorder
20260824-100751_perlmutter_3c2ea15d,l01_slipstream_v2_trace-610042_b8_k8_isolated,isolated,flux,0,5,act_ms,0.04864,recorder
20260824-100751_perlmutter_3c2ea15d,l01_slipstream_v2_trace-610042_b8_k8_isolated,isolated,flux,0,6,act_ms,0.047392,recorder
20260824-100751_perlmutter_3c2ea15d,l01_slipstream_v2_trace-610042_b8_k8_isolated,isolated,flux,0,7,act_ms,0.047552,recorder
20260824-100751_perlmutter_3c2ea15d,l01_slipstream_v2_trace-610042_b8_k8_isolated,isolated,flux,0,8,act_ms,0.047104,recorder
20260824-100751_perlmutter_3c2ea15d,l01_slipstream_v2_trace-610042_b8_k8_isolated,isolated,flux,0,9,act_ms,0.047872,recorder
20260824-100751_perlmutter_3c2ea15d,l01_slipstream_v2_trace-610042_b8_k8_isolated,isolated,flux,0,0,l1_ms,5.214624,recorder
20260824-100751_perlmutter_3c2ea15d,l01_slipstream_v2_trace-610042_b8_k8_isolated,isolated,flux,0,1,l1_ms,5.13872,recorder
20260824-100751_perlmutter_3c2ea15d,l01_slipstream_v2_trace-610042_b8_k8_isolated,isolated,flux,0,2,l1_ms,5.208256,recorder
20260824-100751_perlmutter_3c2ea15d,l01_slipstream_v2_trace-610042_b8_k8_isolated,isolated,flux,0,3,l1_ms,5.101344,recorder
20260824-100751_perlmutter_3c2ea15d,l01_slipstream_v2_trace-610042_b8_k8_isolated,isolated,flux,0,4,l1_ms,5.563552,recorder
20260824-100751_perlmutter_3c2ea15d,l01_slipstream_v2_trace-610042_b8_k8_isolated,isolated,flux,0,5,l1_ms,5.150368,recorder
20260824-100751_perlmutter_3c2ea15d,l01_slipstream_v2_trace-610042_b8_k8_isolated,isolated,flux,0,6,l1_ms,5.050144,recorder
20260824-100751_perlmutter_3c2ea15d,l01_slipstream_v2_trace-610042_b8_k8_isolated,isolated,flux,0,7,l1_ms,5.096704,recorder
20260824-100751_perlmutter_3c2ea15d,l01_slipstream_v2_trace-610042_b8_k8_isolated,isolated,flux,0,8,l1_ms,5.246592,recorder
20260824-100751_perlmutter_3c2ea15d,l01_slipstream_v2_trace-610042_b8_k8_isolated,isolated,flux,0,9,l1_ms,5.10496,recorder
20260824-100751_perlmutter_3c2ea15d,l01_slipstream_v2_trace-610042_b8_k8_isolated,isolated,flux,0,0,plan_comm_ms,0.491264,recorder
20260824-100751_perlmutter_3c2ea15d,l01_slipstream_v2_trace-610042_b8_k8_isolated,isolated,flux,0,1,plan_comm_ms,0.964608,recorder
20260824-100751_perlmutter_3c2ea15d,l01_slipstream_v2_trace-610042_b8_k8_isolated,isolated,flux,0,2,plan_comm_ms,0.178144,recorder
20260824-100751_perlmutter_3c2ea15d,l01_slipstream_v2_trace-610042_b8_k8_isolated,isolated,flux,0,3,plan_comm_ms,0.321728,recorder
20260824-100751_perlmutter_3c2ea15d,l01_slipstream_v2_trace-610042_b8_k8_isolated,isolated,flux,0,4,plan_comm_ms,0.631904,recorder
20260824-100751_perlmutter_3c2ea15d,l01_slipstream_v2_trace-610042_b8_k8_isolated,isolated,flux,0,5,plan_comm_ms,0.200384,recorder
20260824-100751_perlmutter_3c2ea15d,l01_slipstream_v2_trace-610042_b8_k8_isolated,isolated,flux,0,6,plan_comm_ms,0.209728,recorder
20260824-100751_perlmutter_3c2ea15d,l01_slipstream_v2_trace-610042_b8_k8_isolated,isolated,flux,0,7,plan_comm_ms,0.500128,recorder
20260824-100751_perlmutter_3c2ea15d,l01_slipstream_v2_trace-610042_b8_k8_isolated,isolated,flux,0,8,plan_comm_ms,0.20352,recorder
20260824-100751_perlmutter_3c2ea15d,l01_slipstream_v2_trace-610042_b8_k8_isolated,isolated,flux,0,9,plan_comm_ms,0.194048,recorder
20260824-100751_perlmutter_3c2ea15d,l01_slipstream_v2_trace-610042_b8_k8_isolated,isolated,flux,0,0,plan_ms,0.784512,recorder
20260824-100751_perlmutter_3c2ea15d,l01_slipstream_v2_trace-610042_b8_k8_isolated,isolated,flux,0,1,plan_ms,0.777792,recorder
20260824-100751_perlmutter_3c2ea15d,l01_slipstream_v2_trace-610042_b8_k8_isolated,isolated,flux,0,2,plan_ms,0.7616,recorder
20260824-100751_perlmutter_3c2ea15d,l01_slipstream_v2_trace-610042_b8_k8_isolated,isolated,flux,0,3,plan_ms,0.767744,recorder
20260824-100751_perlmutter_3c2ea15d,l01_slipstream_v2_trace-610042_b8_k8_isolated,isolated,flux,0,4,plan_ms,0.775872,recorder
20260824-100751_perlmutter_3c2ea15d,l01_slipstream_v2_trace-610042_b8_k8_isolated,isolated,flux,0,5,plan_ms,0.7672,recorder
20260824-100751_perlmutter_3c2ea15d,l01_slipstream_v2_trace-610042_b8_k8_isolated,isolated,flux,0,6,plan_ms,0.777696,recorder
20260824-100751_perlmutter_3c2ea15d,l01_slipstream_v2_trace-610042_b8_k8_isolated,isolated,flux,0,7,plan_ms,0.763232,recorder
20260824-100751_perlmutter_3c2ea15d,l01_slipstream_v2_trace-610042_b8_k8_isolated,isolated,flux,0,8,plan_ms,0.766656,recorder
20260824-100751_perlmutter_3c2ea15d,l01_slipstream_v2_trace-610042_b8_k8_isolated,isolated,flux,0,9,plan_ms,0.763552,recorder
20260824-100751_perlmutter_3c2ea15d,l01_slipstream_v2_trace-610042_b8_k8_isolated,isolated,flux,0,0,total_ms,10.567264,recorder
20260824-100751_perlmutter_3c2ea15d,l01_slipstream_v2_trace-610042_b8_k8_isolated,isolated,flux,0,1,total_ms,10.718816,recorder
20260824-100751_perlmutter_3c2ea15d,l01_slipstream_v2_trace-610042_b8_k8_isolated,isolated,flux,0,2,total_ms,10.16528,recorder
20260824-100751_perlmutter_3c2ea15d,l01_slipstream_v2_trace-610042_b8_k8_isolated,isolated,flux,0,3,total_ms,10.034432,recorder
20260824-100751_perlmutter_3c2ea15d,l01_slipstream_v2_trace-610042_b8_k8_isolated,isolated,flux,0,4,total_ms,11.118496,recorder
20260824-100751_perlmutter_3c2ea15d,l01_slipstream_v2_trace-610042_b8_k8_isolated,isolated,flux,0,5,total_ms,10.104416,recorder
20260824-100751_perlmutter_3c2ea15d,l01_slipstream_v2_trace-610042_b8_k8_isolated,isolated,flux,0,6,total_ms,10.088064,recorder
20260824-100751_perlmutter_3c2ea15d,l01_slipstream_v2_trace-610042_b8_k8_isolated,isolated,flux,0,7,total_ms,10.314432,recorder
20260824-100751_perlmutter_3c2ea15d,l01_slipstream_v2_trace-610042_b8_k8_isolated,isolated,flux,0,8,total_ms,10.255296,recorder
20260824-100751_perlmutter_3c2ea15d,l01_slipstream_v2_trace-610042_b8_k8_isolated,isolated,flux,0,9,total_ms,9.856576,recorder
20260824-100751_perlmutter_3c2ea15d,l01_slipstream_v2_trace-610042_b8_k8_isolated,isolated,flux,0,0,iso_sync_ms,8.452999,recorder
20260824-100751_perlmutter_3c2ea15d,l01_slipstream_v2_trace-610042_b8_k8_isolated,isolated,flux,0,1,iso_sync_ms,9.095335,recorder
20260824-100751_perlmutter_3c2ea15d,l01_slipstream_v2_trace-610042_b8_k8_isolated,isolated,flux,0,2,iso_sync_ms,8.374096,recorder
20260824-100751_perlmutter_3c2ea15d,l01_slipstream_v2_trace-610042_b8_k8_isolated,isolated,flux,0,3,iso_sync_ms,8.627728,recorder
20260824-100751_perlmutter_3c2ea15d,l01_slipstream_v2_trace-610042_b8_k8_isolated,isolated,flux,0,4,iso_sync_ms,8.413332,recorder
20260824-100751_perlmutter_3c2ea15d,l01_slipstream_v2_trace-610042_b8_k8_isolated,isolated,flux,0,5,iso_sync_ms,9.177674,recorder
20260824-100751_perlmutter_3c2ea15d,l01_slipstream_v2_trace-610042_b8_k8_isolated,isolated,flux,0,6,iso_sync_ms,8.572129,recorder
20260824-100751_perlmutter_3c2ea15d,l01_slipstream_v2_trace-610042_b8_k8_isolated,isolated,flux,0,7,iso_sync_ms,8.760726,recorder
20260824-100751_perlmutter_3c2ea15d,l01_slipstream_v2_trace-610042_b8_k8_isolated,isolated,flux,0,8,iso_sync_ms,8.575306,recorder
20260824-100751_perlmutter_3c2ea15d,l01_slipstream_v2_trace-610042_b8_k8_isolated,isolated,flux,0,9,iso_sync_ms,8.732771,recorder
20260824-100751_perlmutter_3c2ea15d,l01_slipstream_v2_trace-610042_b8_k8_isolated,isolated,flux,1,0,e2e_ms,9.300352,recorder
20260824-100751_perlmutter_3c2ea15d,l01_slipstream_v2_trace-610042_b8_k8_isolated,isolated,flux,1,1,e2e_ms,9.01712,recorder
20260824-100751_perlmutter_3c2ea15d,l01_slipstream_v2_trace-610042_b8_k8_isolated,isolated,flux,1,2,e2e_ms,9.234272,recorder
20260824-100751_perlmutter_3c2ea15d,l01_slipstream_v2_trace-610042_b8_k8_isolated,isolated,flux,1,3,e2e_ms,8.967104,recorder
20260824-100751_perlmutter_3c2ea15d,l01_slipstream_v2_trace-610042_b8_k8_isolated,isolated,flux,1,4,e2e_ms,9.757088,recorder
20260824-100751_perlmutter_3c2ea15d,l01_slipstream_v2_trace-610042_b8_k8_isolated,isolated,flux,1,5,e2e_ms,9.153952,recorder
20260824-100751_perlmutter_3c2ea15d,l01_slipstream_v2_trace-610042_b8_k8_isolated,isolated,flux,1,6,e2e_ms,9.142656,recorder
20260824-100751_perlmutter_3c2ea15d,l01_slipstream_v2_trace-610042_b8_k8_isolated,isolated,flux,1,7,e2e_ms,9.07632,recorder
20260824-100751_perlmutter_3c2ea15d,l01_slipstream_v2_trace-610042_b8_k8_isolated,isolated,flux,1,8,e2e_ms,9.325696,recorder
20260824-100751_perlmutter_3c2ea15d,l01_slipstream_v2_trace-610042_b8_k8_isolated,isolated,flux,1,9,e2e_ms,8.920608,recorder
20260824-100751_perlmutter_3c2ea15d,l01_slipstream_v2_trace-610042_b8_k8_isolated,isolated,flux,1,0,l0_ms,4.044448,recorder
20260824-100751_perlmutter_3c2ea15d,l01_slipstream_v2_trace-610042_b8_k8_isolated,isolated,flux,1,1,l0_ms,3.83152,recorder
20260824-100751_perlmutter_3c2ea15d,l01_slipstream_v2_trace-610042_b8_k8_isolated,isolated,flux,1,2,l0_ms,3.982304,recorder
20260824-100751_perlmutter_3c2ea15d,l01_slipstream_v2_trace-610042_b8_k8_isolated,isolated,flux,1,3,l0_ms,3.810944,recorder
20260824-100751_perlmutter_3c2ea15d,l01_slipstream_v2_trace-610042_b8_k8_isolated,isolated,flux,1,4,l0_ms,4.14592,recorder
20260824-100751_perlmutter_3c2ea15d,l01_slipstream_v2_trace-610042_b8_k8_isolated,isolated,flux,1,5,l0_ms,3.963424,recorder
20260824-100751_perlmutter_3c2ea15d,l01_slipstream_v2_trace-610042_b8_k8_isolated,isolated,flux,1,6,l0_ms,4.049696,recorder
20260824-100751_perlmutter_3c2ea15d,l01_slipstream_v2_trace-610042_b8_k8_isolated,isolated,flux,1,7,l0_ms,3.934912,recorder
20260824-100751_perlmutter_3c2ea15d,l01_slipstream_v2_trace-610042_b8_k8_isolated,isolated,flux,1,8,l0_ms,4.029152,recorder
20260824-100751_perlmutter_3c2ea15d,l01_slipstream_v2_trace-610042_b8_k8_isolated,isolated,flux,1,9,l0_ms,3.75232,recorder
20260824-100751_perlmutter_3c2ea15d,l01_slipstream_v2_trace-610042_b8_k8_isolated,isolated,flux,1,0,act_ms,0.03136,recorder
20260824-100751_perlmutter_3c2ea15d,l01_slipstream_v2_trace-610042_b8_k8_isolated,isolated,flux,1,1,act_ms,0.033152,recorder
20260824-100751_perlmutter_3c2ea15d,l01_slipstream_v2_trace-610042_b8_k8_isolated,isolated,flux,1,2,act_ms,0.033184,recorder
20260824-100751_perlmutter_3c2ea15d,l01_slipstream_v2_trace-610042_b8_k8_isolated,isolated,flux,1,3,act_ms,0.035328,recorder
20260824-100751_perlmutter_3c2ea15d,l01_slipstream_v2_trace-610042_b8_k8_isolated,isolated,flux,1,4,act_ms,0.03184,recorder
20260824-100751_perlmutter_3c2ea15d,l01_slipstream_v2_trace-610042_b8_k8_isolated,isolated,flux,1,5,act_ms,0.034816,recorder
20260824-100751_perlmutter_3c2ea15d,l01_slipstream_v2_trace-610042_b8_k8_isolated,isolated,flux,1,6,act_ms,0.03264,recorder
20260824-100751_perlmutter_3c2ea15d,l01_slipstream_v2_trace-610042_b8_k8_isolated,isolated,flux,1,7,act_ms,0.033792,recorder
20260824-100751_perlmutter_3c2ea15d,l01_slipstream_v2_trace-610042_b8_k8_isolated,isolated,flux,1,8,act_ms,0.032192,recorder
20260824-100751_perlmutter_3c2ea15d,l01_slipstream_v2_trace-610042_b8_k8_isolated,isolated,flux,1,9,act_ms,0.035264,recorder
20260824-100751_perlmutter_3c2ea15d,l01_slipstream_v2_trace-610042_b8_k8_isolated,isolated,flux,1,0,l1_ms,5.224544,recorder
20260824-100751_perlmutter_3c2ea15d,l01_slipstream_v2_trace-610042_b8_k8_isolated,isolated,flux,1,1,l1_ms,5.152448,recorder
20260824-100751_perlmutter_3c2ea15d,l01_slipstream_v2_trace-610042_b8_k8_isolated,isolated,flux,1,2,l1_ms,5.218784,recorder
20260824-100751_perlmutter_3c2ea15d,l01_slipstream_v2_trace-610042_b8_k8_isolated,isolated,flux,1,3,l1_ms,5.120832,recorder
20260824-100751_perlmutter_3c2ea15d,l01_slipstream_v2_trace-610042_b8_k8_isolated,isolated,flux,1,4,l1_ms,5.579328,recorder
20260824-100751_perlmutter_3c2ea15d,l01_slipstream_v2_trace-610042_b8_k8_isolated,isolated,flux,1,5,l1_ms,5.155712,recorder
20260824-100751_perlmutter_3c2ea15d,l01_slipstream_v2_trace-610042_b8_k8_isolated,isolated,flux,1,6,l1_ms,5.06032,recorder
20260824-100751_perlmutter_3c2ea15d,l01_slipstream_v2_trace-610042_b8_k8_isolated,isolated,flux,1,7,l1_ms,5.107616,recorder
20260824-100751_perlmutter_3c2ea15d,l01_slipstream_v2_trace-610042_b8_k8_isolated,isolated,flux,1,8,l1_ms,5.264352,recorder
20260824-100751_perlmutter_3c2ea15d,l01_slipstream_v2_trace-610042_b8_k8_isolated,isolated,flux,1,9,l1_ms,5.133024,recorder
20260824-100751_perlmutter_3c2ea15d,l01_slipstream_v2_trace-610042_b8_k8_isolated,isolated,flux,1,0,plan_comm_ms,0.490048,recorder
20260824-100751_perlmutter_3c2ea15d,l01_slipstream_v2_trace-610042_b8_k8_isolated,isolated,flux,1,1,plan_comm_ms,0.965376,recorder
20260824-100751_perlmutter_3c2ea15d,l01_slipstream_v2_trace-610042_b8_k8_isolated,isolated,flux,1,2,plan_comm_ms,0.173952,recorder
20260824-100751_perlmutter_3c2ea15d,l01_slipstream_v2_trace-610042_b8_k8_isolated,isolated,flux,1,3,plan_comm_ms,0.323232,recorder
20260824-100751_perlmutter_3c2ea15d,l01_slipstream_v2_trace-610042_b8_k8_isolated,isolated,flux,1,4,plan_comm_ms,0.629344,recorder
20260824-100751_perlmutter_3c2ea15d,l01_slipstream_v2_trace-610042_b8_k8_isolated,isolated,flux,1,5,plan_comm_ms,0.196064,recorder
20260824-100751_perlmutter_3c2ea15d,l01_slipstream_v2_trace-610042_b8_k8_isolated,isolated,flux,1,6,plan_comm_ms,0.202656,recorder
20260824-100751_perlmutter_3c2ea15d,l01_slipstream_v2_trace-610042_b8_k8_isolated,isolated,flux,1,7,plan_comm_ms,0.496768,recorder
20260824-100751_perlmutter_3c2ea15d,l01_slipstream_v2_trace-610042_b8_k8_isolated,isolated,flux,1,8,plan_comm_ms,0.198656,recorder
20260824-100751_perlmutter_3c2ea15d,l01_slipstream_v2_trace-610042_b8_k8_isolated,isolated,flux,1,9,plan_comm_ms,0.187456,recorder
20260824-100751_perlmutter_3c2ea15d,l01_slipstream_v2_trace-610042_b8_k8_isolated,isolated,flux,1,0,plan_ms,0.77632,recorder
20260824-100751_perlmutter_3c2ea15d,l01_slipstream_v2_trace-610042_b8_k8_isolated,isolated,flux,1,1,plan_ms,0.740576,recorder
20260824-100751_perlmutter_3c2ea15d,l01_slipstream_v2_trace-610042_b8_k8_isolated,isolated,flux,1,2,plan_ms,0.756064,recorder
20260824-100751_perlmutter_3c2ea15d,l01_slipstream_v2_trace-610042_b8_k8_isolated,isolated,flux,1,3,plan_ms,0.750208,recorder
20260824-100751_perlmutter_3c2ea15d,l01_slipstream_v2_trace-610042_b8_k8_isolated,isolated,flux,1,4,plan_ms,0.736352,recorder
20260824-100751_perlmutter_3c2ea15d,l01_slipstream_v2_trace-610042_b8_k8_isolated,isolated,flux,1,5,plan_ms,0.751744,recorder
20260824-100751_perlmutter_3c2ea15d,l01_slipstream_v2_trace-610042_b8_k8_isolated,isolated,flux,1,6,plan_ms,0.739648,recorder
20260824-100751_perlmutter_3c2ea15d,l01_slipstream_v2_trace-610042_b8_k8_isolated,isolated,flux,1,7,plan_ms,0.749024,recorder
20260824-100751_perlmutter_3c2ea15d,l01_slipstream_v2_trace-610042_b8_k8_isolated,isolated,flux,1,8,plan_ms,0.73712,recorder
20260824-100751_perlmutter_3c2ea15d,l01_slipstream_v2_trace-610042_b8_k8_isolated,isolated,flux,1,9,plan_ms,0.769088,recorder
20260824-100751_perlmutter_3c2ea15d,l01_slipstream_v2_trace-610042_b8_k8_isolated,isolated,flux,1,0,total_ms,10.569056,recorder
20260824-100751_perlmutter_3c2ea15d,l01_slipstream_v2_trace-610042_b8_k8_isolated,isolated,flux,1,1,total_ms,10.725536,recorder
20260824-100751_perlmutter_3c2ea15d,l01_slipstream_v2_trace-610042_b8_k8_isolated,isolated,flux,1,2,total_ms,10.166624,recorder
20260824-100751_perlmutter_3c2ea15d,l01_slipstream_v2_trace-610042_b8_k8_isolated,isolated,flux,1,3,total_ms,10.04288,recorder
20260824-100751_perlmutter_3c2ea15d,l01_slipstream_v2_trace-610042_b8_k8_isolated,isolated,flux,1,4,total_ms,11.125088,recorder
20260824-100751_perlmutter_3c2ea15d,l01_slipstream_v2_trace-610042_b8_k8_isolated,isolated,flux,1,5,total_ms,10.104352,recorder
20260824-100751_perlmutter_3c2ea15d,l01_slipstream_v2_trace-610042_b8_k8_isolated,isolated,flux,1,6,total_ms,10.087264,recorder
20260824-100751_perlmutter_3c2ea15d,l01_slipstream_v2_trace-610042_b8_k8_isolated,isolated,flux,1,7,total_ms,10.324416,recorder
20260824-100751_perlmutter_3c2ea15d,l01_slipstream_v2_trace-610042_b8_k8_isolated,isolated,flux,1,8,total_ms,10.263776,recorder
20260824-100751_perlmutter_3c2ea15d,l01_slipstream_v2_trace-610042_b8_k8_isolated,isolated,flux,1,9,total_ms,9.879488,recorder
20260824-100751_perlmutter_3c2ea15d,l01_slipstream_v2_trace-610042_b8_k8_isolated,isolated,flux,1,0,iso_sync_ms,8.538485,recorder
20260824-100751_perlmutter_3c2ea15d,l01_slipstream_v2_trace-610042_b8_k8_isolated,isolated,flux,1,1,iso_sync_ms,9.146463,recorder
20260824-100751_perlmutter_3c2ea15d,l01_slipstream_v2_trace-610042_b8_k8_isolated,isolated,flux,1,2,iso_sync_ms,8.398503,recorder
20260824-100751_perlmutter_3c2ea15d,l01_slipstream_v2_trace-610042_b8_k8_isolated,isolated,flux,1,3,iso_sync_ms,8.666383,recorder
20260824-100751_perlmutter_3c2ea15d,l01_slipstream_v2_trace-610042_b8_k8_isolated,isolated,flux,1,4,iso_sync_ms,8.456005,recorder
20260824-100751_perlmutter_3c2ea15d,l01_slipstream_v2_trace-610042_b8_k8_isolated,isolated,flux,1,5,iso_sync_ms,9.240677,recorder
20260824-100751_perlmutter_3c2ea15d,l01_slipstream_v2_trace-610042_b8_k8_isolated,isolated,flux,1,6,iso_sync_ms,8.622166,recorder
20260824-100751_perlmutter_3c2ea15d,l01_slipstream_v2_trace-610042_b8_k8_isolated,isolated,flux,1,7,iso_sync_ms,8.807226,recorder
20260824-100751_perlmutter_3c2ea15d,l01_slipstream_v2_trace-610042_b8_k8_isolated,isolated,flux,1,8,iso_sync_ms,8.624983,recorder
20260824-100751_perlmutter_3c2ea15d,l01_slipstream_v2_trace-610042_b8_k8_isolated,isolated,flux,1,9,iso_sync_ms,8.816513,recorder
20260824-100751_perlmutter_3c2ea15d,l01_slipstream_v2_trace-610042_b8_k8_isolated,isolated,flux,2,0,e2e_ms,9.313408,recorder
20260824-100751_perlmutter_3c2ea15d,l01_slipstream_v2_trace-610042_b8_k8_isolated,isolated,flux,2,1,e2e_ms,8.974624,recorder
20260824-100751_perlmutter_3c2ea15d,l01_slipstream_v2_trace-610042_b8_k8_isolated,isolated,flux,2,2,e2e_ms,9.234144,recorder
20260824-100751_perlmutter_3c2ea15d,l01_slipstream_v2_trace-610042_b8_k8_isolated,isolated,flux,2,3,e2e_ms,8.980544,recorder
20260824-100751_perlmutter_3c2ea15d,l01_slipstream_v2_trace-610042_b8_k8_isolated,isolated,flux,2,4,e2e_ms,9.748256,recorder
20260824-100751_perlmutter_3c2ea15d,l01_slipstream_v2_trace-610042_b8_k8_isolated,isolated,flux,2,5,e2e_ms,9.160256,recorder
20260824-100751_perlmutter_3c2ea15d,l01_slipstream_v2_trace-610042_b8_k8_isolated,isolated,flux,2,6,e2e_ms,9.154496,recorder
20260824-100751_perlmutter_3c2ea15d,l01_slipstream_v2_trace-610042_b8_k8_isolated,isolated,flux,2,7,e2e_ms,9.099136,recorder
20260824-100751_perlmutter_3c2ea15d,l01_slipstream_v2_trace-610042_b8_k8_isolated,isolated,flux,2,8,e2e_ms,9.32,recorder
20260824-100751_perlmutter_3c2ea15d,l01_slipstream_v2_trace-610042_b8_k8_isolated,isolated,flux,2,9,e2e_ms,8.946528,recorder
20260824-100751_perlmutter_3c2ea15d,l01_slipstream_v2_trace-610042_b8_k8_isolated,isolated,flux,2,0,l0_ms,4.052416,recorder
20260824-100751_perlmutter_3c2ea15d,l01_slipstream_v2_trace-610042_b8_k8_isolated,isolated,flux,2,1,l0_ms,3.816192,recorder
20260824-100751_perlmutter_3c2ea15d,l01_slipstream_v2_trace-610042_b8_k8_isolated,isolated,flux,2,2,l0_ms,3.978528,recorder
20260824-100751_perlmutter_3c2ea15d,l01_slipstream_v2_trace-610042_b8_k8_isolated,isolated,flux,2,3,l0_ms,3.823104,recorder
20260824-100751_perlmutter_3c2ea15d,l01_slipstream_v2_trace-610042_b8_k8_isolated,isolated,flux,2,4,l0_ms,4.133792,recorder
20260824-100751_perlmutter_3c2ea15d,l01_slipstream_v2_trace-610042_b8_k8_isolated,isolated,flux,2,5,l0_ms,3.961184,recorder
20260824-100751_perlmutter_3c2ea15d,l01_slipstream_v2_trace-610042_b8_k8_isolated,isolated,flux,2,6,l0_ms,4.055264,recorder
20260824-100751_perlmutter_3c2ea15d,l01_slipstream_v2_trace-610042_b8_k8_isolated,isolated,flux,2,7,l0_ms,3.9304,recorder
20260824-100751_perlmutter_3c2ea15d,l01_slipstream_v2_trace-610042_b8_k8_isolated,isolated,flux,2,8,l0_ms,4.024128,recorder
20260824-100751_perlmutter_3c2ea15d,l01_slipstream_v2_trace-610042_b8_k8_isolated,isolated,flux,2,9,l0_ms,3.771456,recorder
20260824-100751_perlmutter_3c2ea15d,l01_slipstream_v2_trace-610042_b8_k8_isolated,isolated,flux,2,0,act_ms,0.027296,recorder
20260824-100751_perlmutter_3c2ea15d,l01_slipstream_v2_trace-610042_b8_k8_isolated,isolated,flux,2,1,act_ms,0.025952,recorder
20260824-100751_perlmutter_3c2ea15d,l01_slipstream_v2_trace-610042_b8_k8_isolated,isolated,flux,2,2,act_ms,0.0288,recorder
20260824-100751_perlmutter_3c2ea15d,l01_slipstream_v2_trace-610042_b8_k8_isolated,isolated,flux,2,3,act_ms,0.027712,recorder
20260824-100751_perlmutter_3c2ea15d,l01_slipstream_v2_trace-610042_b8_k8_isolated,isolated,flux,2,4,act_ms,0.026688,recorder
20260824-100751_perlmutter_3c2ea15d,l01_slipstream_v2_trace-610042_b8_k8_isolated,isolated,flux,2,5,act_ms,0.027584,recorder
20260824-100751_perlmutter_3c2ea15d,l01_slipstream_v2_trace-610042_b8_k8_isolated,isolated,flux,2,6,act_ms,0.0272,recorder
20260824-100751_perlmutter_3c2ea15d,l01_slipstream_v2_trace-610042_b8_k8_isolated,isolated,flux,2,7,act_ms,0.028032,recorder
20260824-100751_perlmutter_3c2ea15d,l01_slipstream_v2_trace-610042_b8_k8_isolated,isolated,flux,2,8,act_ms,0.025568,recorder
20260824-100751_perlmutter_3c2ea15d,l01_slipstream_v2_trace-610042_b8_k8_isolated,isolated,flux,2,9,act_ms,0.029024,recorder
20260824-100751_perlmutter_3c2ea15d,l01_slipstream_v2_trace-610042_b8_k8_isolated,isolated,flux,2,0,l1_ms,5.233696,recorder
20260824-100751_perlmutter_3c2ea15d,l01_slipstream_v2_trace-610042_b8_k8_isolated,isolated,flux,2,1,l1_ms,5.13248,recorder
20260824-100751_perlmutter_3c2ea15d,l01_slipstream_v2_trace-610042_b8_k8_isolated,isolated,flux,2,2,l1_ms,5.226816,recorder
20260824-100751_perlmutter_3c2ea15d,l01_slipstream_v2_trace-610042_b8_k8_isolated,isolated,flux,2,3,l1_ms,5.129728,recorder
20260824-100751_perlmutter_3c2ea15d,l01_slipstream_v2_trace-610042_b8_k8_isolated,isolated,flux,2,4,l1_ms,5.587776,recorder
20260824-100751_perlmutter_3c2ea15d,l01_slipstream_v2_trace-610042_b8_k8_isolated,isolated,flux,2,5,l1_ms,5.171488,recorder
20260824-100751_perlmutter_3c2ea15d,l01_slipstream_v2_trace-610042_b8_k8_isolated,isolated,flux,2,6,l1_ms,5.072032,recorder
20260824-100751_perlmutter_3c2ea15d,l01_slipstream_v2_trace-610042_b8_k8_isolated,isolated,flux,2,7,l1_ms,5.140704,recorder
20260824-100751_perlmutter_3c2ea15d,l01_slipstream_v2_trace-610042_b8_k8_isolated,isolated,flux,2,8,l1_ms,5.270304,recorder
20260824-100751_perlmutter_3c2ea15d,l01_slipstream_v2_trace-610042_b8_k8_isolated,isolated,flux,2,9,l1_ms,5.146048,recorder
20260824-100751_perlmutter_3c2ea15d,l01_slipstream_v2_trace-610042_b8_k8_isolated,isolated,flux,2,0,plan_comm_ms,0.490048,recorder
20260824-100751_perlmutter_3c2ea15d,l01_slipstream_v2_trace-610042_b8_k8_isolated,isolated,flux,2,1,plan_comm_ms,0.964416,recorder
20260824-100751_perlmutter_3c2ea15d,l01_slipstream_v2_trace-610042_b8_k8_isolated,isolated,flux,2,2,plan_comm_ms,0.174272,recorder
20260824-100751_perlmutter_3c2ea15d,l01_slipstream_v2_trace-610042_b8_k8_isolated,isolated,flux,2,3,plan_comm_ms,0.323904,recorder
20260824-100751_perlmutter_3c2ea15d,l01_slipstream_v2_trace-610042_b8_k8_isolated,isolated,flux,2,4,plan_comm_ms,0.627104,recorder
20260824-100751_perlmutter_3c2ea15d,l01_slipstream_v2_trace-610042_b8_k8_isolated,isolated,flux,2,5,plan_comm_ms,0.193472,recorder
20260824-100751_perlmutter_3c2ea15d,l01_slipstream_v2_trace-610042_b8_k8_isolated,isolated,flux,2,6,plan_comm_ms,0.194688,recorder
20260824-100751_perlmutter_3c2ea15d,l01_slipstream_v2_trace-610042_b8_k8_isolated,isolated,flux,2,7,plan_comm_ms,0.491712,recorder
20260824-100751_perlmutter_3c2ea15d,l01_slipstream_v2_trace-610042_b8_k8_isolated,isolated,flux,2,8,plan_comm_ms,0.194848,recorder
20260824-100751_perlmutter_3c2ea15d,l01_slipstream_v2_trace-610042_b8_k8_isolated,isolated,flux,2,9,plan_comm_ms,0.180032,recorder
20260824-100751_perlmutter_3c2ea15d,l01_slipstream_v2_trace-610042_b8_k8_isolated,isolated,flux,2,0,plan_ms,0.76752,recorder
20260824-100751_perlmutter_3c2ea15d,l01_slipstream_v2_trace-610042_b8_k8_isolated,isolated,flux,2,1,plan_ms,0.753632,recorder
20260824-100751_perlmutter_3c2ea15d,l01_slipstream_v2_trace-610042_b8_k8_isolated,isolated,flux,2,2,plan_ms,0.757472,recorder
20260824-100751_perlmutter_3c2ea15d,l01_slipstream_v2_trace-610042_b8_k8_isolated,isolated,flux,2,3,plan_ms,0.742688,recorder
20260824-100751_perlmutter_3c2ea15d,l01_slipstream_v2_trace-610042_b8_k8_isolated,isolated,flux,2,4,plan_ms,0.748544,recorder
20260824-100751_perlmutter_3c2ea15d,l01_slipstream_v2_trace-610042_b8_k8_isolated,isolated,flux,2,5,plan_ms,0.754624,recorder
20260824-100751_perlmutter_3c2ea15d,l01_slipstream_v2_trace-610042_b8_k8_isolated,isolated,flux,2,6,plan_ms,0.740512,recorder
20260824-100751_perlmutter_3c2ea15d,l01_slipstream_v2_trace-610042_b8_k8_isolated,isolated,flux,2,7,plan_ms,0.753568,recorder
20260824-100751_perlmutter_3c2ea15d,l01_slipstream_v2_trace-610042_b8_k8_isolated,isolated,flux,2,8,plan_ms,0.744736,recorder
20260824-100751_perlmutter_3c2ea15d,l01_slipstream_v2_trace-610042_b8_k8_isolated,isolated,flux,2,9,plan_ms,0.758272,recorder
20260824-100751_perlmutter_3c2ea15d,l01_slipstream_v2_trace-610042_b8_k8_isolated,isolated,flux,2,0,total_ms,10.573312,recorder
20260824-100751_perlmutter_3c2ea15d,l01_slipstream_v2_trace-610042_b8_k8_isolated,isolated,flux,2,1,total_ms,10.69504,recorder
20260824-100751_perlmutter_3c2ea15d,l01_slipstream_v2_trace-610042_b8_k8_isolated,isolated,flux,2,2,total_ms,10.168256,recorder
20260824-100751_perlmutter_3c2ea15d,l01_slipstream_v2_trace-610042_b8_k8_isolated,isolated,flux,2,3,total_ms,10.049472,recorder
20260824-100751_perlmutter_3c2ea15d,l01_slipstream_v2_trace-610042_b8_k8_isolated,isolated,flux,2,4,total_ms,11.12624,recorder
20260824-100751_perlmutter_3c2ea15d,l01_slipstream_v2_trace-610042_b8_k8_isolated,isolated,flux,2,5,total_ms,10.110688,recorder
20260824-100751_perlmutter_3c2ea15d,l01_slipstream_v2_trace-610042_b8_k8_isolated,isolated,flux,2,6,total_ms,10.092352,recorder
20260824-100751_perlmutter_3c2ea15d,l01_slipstream_v2_trace-610042_b8_k8_isolated,isolated,flux,2,7,total_ms,10.346752,recorder
20260824-100751_perlmutter_3c2ea15d,l01_slipstream_v2_trace-610042_b8_k8_isolated,isolated,flux,2,8,total_ms,10.261952,recorder
20260824-100751_perlmutter_3c2ea15d,l01_slipstream_v2_trace-610042_b8_k8_isolated,isolated,flux,2,9,total_ms,9.8872,recorder
20260824-100751_perlmutter_3c2ea15d,l01_slipstream_v2_trace-610042_b8_k8_isolated,isolated,flux,2,0,iso_sync_ms,8.560037,recorder
20260824-100751_perlmutter_3c2ea15d,l01_slipstream_v2_trace-610042_b8_k8_isolated,isolated,flux,2,1,iso_sync_ms,9.167264,recorder
20260824-100751_perlmutter_3c2ea15d,l01_slipstream_v2_trace-610042_b8_k8_isolated,isolated,flux,2,2,iso_sync_ms,8.456075,recorder
20260824-100751_perlmutter_3c2ea15d,l01_slipstream_v2_trace-610042_b8_k8_isolated,isolated,flux,2,3,iso_sync_ms,8.675771,recorder
20260824-100751_perlmutter_3c2ea15d,l01_slipstream_v2_trace-610042_b8_k8_isolated,isolated,flux,2,4,iso_sync_ms,8.505641,recorder
20260824-100751_perlmutter_3c2ea15d,l01_slipstream_v2_trace-610042_b8_k8_isolated,isolated,flux,2,5,iso_sync_ms,9.259864,recorder
20260824-100751_perlmutter_3c2ea15d,l01_slipstream_v2_trace-610042_b8_k8_isolated,isolated,flux,2,6,iso_sync_ms,8.667253,recorder
20260824-100751_perlmutter_3c2ea15d,l01_slipstream_v2_trace-610042_b8_k8_isolated,isolated,flux,2,7,iso_sync_ms,8.889315,recorder
20260824-100751_perlmutter_3c2ea15d,l01_slipstream_v2_trace-610042_b8_k8_isolated,isolated,flux,2,8,iso_sync_ms,8.660701,recorder
20260824-100751_perlmutter_3c2ea15d,l01_slipstream_v2_trace-610042_b8_k8_isolated,isolated,flux,2,9,iso_sync_ms,8.820301,recorder
20260824-100751_perlmutter_3c2ea15d,l01_slipstream_v2_trace-610042_b8_k8_isolated,isolated,flux,3,0,e2e_ms,9.12304,recorder
20260824-100751_perlmutter_3c2ea15d,l01_slipstream_v2_trace-610042_b8_k8_isolated,isolated,flux,3,1,e2e_ms,8.903008,recorder
20260824-100751_perlmutter_3c2ea15d,l01_slipstream_v2_trace-610042_b8_k8_isolated,isolated,flux,3,2,e2e_ms,9.091456,recorder
20260824-100751_perlmutter_3c2ea15d,l01_slipstream_v2_trace-610042_b8_k8_isolated,isolated,flux,3,3,e2e_ms,8.97136,recorder
20260824-100751_perlmutter_3c2ea15d,l01_slipstream_v2_trace-610042_b8_k8_isolated,isolated,flux,3,4,e2e_ms,9.754528,recorder
20260824-100751_perlmutter_3c2ea15d,l01_slipstream_v2_trace-610042_b8_k8_isolated,isolated,flux,3,5,e2e_ms,9.11008,recorder
20260824-100751_perlmutter_3c2ea15d,l01_slipstream_v2_trace-610042_b8_k8_isolated,isolated,flux,3,6,e2e_ms,8.997888,recorder
20260824-100751_perlmutter_3c2ea15d,l01_slipstream_v2_trace-610042_b8_k8_isolated,isolated,flux,3,7,e2e_ms,9.03264,recorder
20260824-100751_perlmutter_3c2ea15d,l01_slipstream_v2_trace-610042_b8_k8_isolated,isolated,flux,3,8,e2e_ms,9.313504,recorder
20260824-100751_perlmutter_3c2ea15d,l01_slipstream_v2_trace-610042_b8_k8_isolated,isolated,flux,3,9,e2e_ms,8.91184,recorder
20260824-100751_perlmutter_3c2ea15d,l01_slipstream_v2_trace-610042_b8_k8_isolated,isolated,flux,3,0,l0_ms,4.01632,recorder
20260824-100751_perlmutter_3c2ea15d,l01_slipstream_v2_trace-610042_b8_k8_isolated,isolated,flux,3,1,l0_ms,3.811456,recorder
20260824-100751_perlmutter_3c2ea15d,l01_slipstream_v2_trace-610042_b8_k8_isolated,isolated,flux,3,2,l0_ms,3.984672,recorder
20260824-100751_perlmutter_3c2ea15d,l01_slipstream_v2_trace-610042_b8_k8_isolated,isolated,flux,3,3,l0_ms,3.832256,recorder
20260824-100751_perlmutter_3c2ea15d,l01_slipstream_v2_trace-610042_b8_k8_isolated,isolated,flux,3,4,l0_ms,4.144832,recorder
20260824-100751_perlmutter_3c2ea15d,l01_slipstream_v2_trace-610042_b8_k8_isolated,isolated,flux,3,5,l0_ms,3.968256,recorder
20260824-100751_perlmutter_3c2ea15d,l01_slipstream_v2_trace-610042_b8_k8_isolated,isolated,flux,3,6,l0_ms,4.0448,recorder
20260824-100751_perlmutter_3c2ea15d,l01_slipstream_v2_trace-610042_b8_k8_isolated,isolated,flux,3,7,l0_ms,3.86096,recorder
20260824-100751_perlmutter_3c2ea15d,l01_slipstream_v2_trace-610042_b8_k8_isolated,isolated,flux,3,8,l0_ms,4.017536,recorder
20260824-100751_perlmutter_3c2ea15d,l01_slipstream_v2_trace-610042_b8_k8_isolated,isolated,flux,3,9,l0_ms,3.74592,recorder
20260824-100751_perlmutter_3c2ea15d,l01_slipstream_v2_trace-610042_b8_k8_isolated,isolated,flux,3,0,act_ms,0.03456,recorder
20260824-100751_perlmutter_3c2ea15d,l01_slipstream_v2_trace-610042_b8_k8_isolated,isolated,flux,3,1,act_ms,0.033376,recorder
20260824-100751_perlmutter_3c2ea15d,l01_slipstream_v2_trace-610042_b8_k8_isolated,isolated,flux,3,2,act_ms,0.0352,recorder
20260824-100751_perlmutter_3c2ea15d,l01_slipstream_v2_trace-610042_b8_k8_isolated,isolated,flux,3,3,act_ms,0.03424,recorder
20260824-100751_perlmutter_3c2ea15d,l01_slipstream_v2_trace-610042_b8_k8_isolated,isolated,flux,3,4,act_ms,0.033632,recorder
20260824-100751_perlmutter_3c2ea15d,l01_slipstream_v2_trace-610042_b8_k8_isolated,isolated,flux,3,5,act_ms,0.035072,recorder
20260824-100751_perlmutter_3c2ea15d,l01_slipstream_v2_trace-610042_b8_k8_isolated,isolated,flux,3,6,act_ms,0.03568,recorder
20260824-100751_perlmutter_3c2ea15d,l01_slipstream_v2_trace-610042_b8_k8_isolated,isolated,flux,3,7,act_ms,0.034016,recorder
20260824-100751_perlmutter_3c2ea15d,l01_slipstream_v2_trace-610042_b8_k8_isolated,isolated,flux,3,8,act_ms,0.034752,recorder
20260824-100751_perlmutter_3c2ea15d,l01_slipstream_v2_trace-610042_b8_k8_isolated,isolated,flux,3,9,act_ms,0.034528,recorder
20260824-100751_perlmutter_3c2ea15d,l01_slipstream_v2_trace-610042_b8_k8_isolated,isolated,flux,3,0,l1_ms,5.07216,recorder
20260824-100751_perlmutter_3c2ea15d,l01_slipstream_v2_trace-610042_b8_k8_isolated,isolated,flux,3,1,l1_ms,5.058176,recorder
20260824-100751_perlmutter_3c2ea15d,l01_slipstream_v2_trace-610042_b8_k8_isolated,isolated,flux,3,2,l1_ms,5.071584,recorder
20260824-100751_perlmutter_3c2ea15d,l01_slipstream_v2_trace-610042_b8_k8_isolated,isolated,flux,3,3,l1_ms,5.104864,recorder
20260824-100751_perlmutter_3c2ea15d,l01_slipstream_v2_trace-610042_b8_k8_isolated,isolated,flux,3,4,l1_ms,5.576064,recorder
20260824-100751_perlmutter_3c2ea15d,l01_slipstream_v2_trace-610042_b8_k8_isolated,isolated,flux,3,5,l1_ms,5.106752,recorder
20260824-100751_perlmutter_3c2ea15d,l01_slipstream_v2_trace-610042_b8_k8_isolated,isolated,flux,3,6,l1_ms,4.917408,recorder
20260824-100751_perlmutter_3c2ea15d,l01_slipstream_v2_trace-610042_b8_k8_isolated,isolated,flux,3,7,l1_ms,5.137664,recorder
20260824-100751_perlmutter_3c2ea15d,l01_slipstream_v2_trace-610042_b8_k8_isolated,isolated,flux,3,8,l1_ms,5.261216,recorder
20260824-100751_perlmutter_3c2ea15d,l01_slipstream_v2_trace-610042_b8_k8_isolated,isolated,flux,3,9,l1_ms,5.131392,recorder
20260824-100751_perlmutter_3c2ea15d,l01_slipstream_v2_trace-610042_b8_k8_isolated,isolated,flux,3,0,plan_comm_ms,0.488096,recorder
20260824-100751_perlmutter_3c2ea15d,l01_slipstream_v2_trace-610042_b8_k8_isolated,isolated,flux,3,1,plan_comm_ms,0.964448,recorder
20260824-100751_perlmutter_3c2ea15d,l01_slipstream_v2_trace-610042_b8_k8_isolated,isolated,flux,3,2,plan_comm_ms,0.17328,recorder
20260824-100751_perlmutter_3c2ea15d,l01_slipstream_v2_trace-610042_b8_k8_isolated,isolated,flux,3,3,plan_comm_ms,0.323008,recorder
20260824-100751_perlmutter_3c2ea15d,l01_slipstream_v2_trace-610042_b8_k8_isolated,isolated,flux,3,4,plan_comm_ms,0.62752,recorder
20260824-100751_perlmutter_3c2ea15d,l01_slipstream_v2_trace-610042_b8_k8_isolated,isolated,flux,3,5,plan_comm_ms,0.189408,recorder
20260824-100751_perlmutter_3c2ea15d,l01_slipstream_v2_trace-610042_b8_k8_isolated,isolated,flux,3,6,plan_comm_ms,0.196192,recorder
20260824-100751_perlmutter_3c2ea15d,l01_slipstream_v2_trace-610042_b8_k8_isolated,isolated,flux,3,7,plan_comm_ms,0.22848,recorder
20260824-100751_perlmutter_3c2ea15d,l01_slipstream_v2_trace-610042_b8_k8_isolated,isolated,flux,3,8,plan_comm_ms,0.189888,recorder
20260824-100751_perlmutter_3c2ea15d,l01_slipstream_v2_trace-610042_b8_k8_isolated,isolated,flux,3,9,plan_comm_ms,0.180224,recorder
20260824-100751_perlmutter_3c2ea15d,l01_slipstream_v2_trace-610042_b8_k8_isolated,isolated,flux,3,0,plan_ms,0.807872,recorder
20260824-100751_perlmutter_3c2ea15d,l01_slipstream_v2_trace-610042_b8_k8_isolated,isolated,flux,3,1,plan_ms,0.750016,recorder
20260824-100751_perlmutter_3c2ea15d,l01_slipstream_v2_trace-610042_b8_k8_isolated,isolated,flux,3,2,plan_ms,0.75744,recorder
20260824-100751_perlmutter_3c2ea15d,l01_slipstream_v2_trace-610042_b8_k8_isolated,isolated,flux,3,3,plan_ms,0.750272,recorder
20260824-100751_perlmutter_3c2ea15d,l01_slipstream_v2_trace-610042_b8_k8_isolated,isolated,flux,3,4,plan_ms,0.746848,recorder
20260824-100751_perlmutter_3c2ea15d,l01_slipstream_v2_trace-610042_b8_k8_isolated,isolated,flux,3,5,plan_ms,0.757408,recorder
20260824-100751_perlmutter_3c2ea15d,l01_slipstream_v2_trace-610042_b8_k8_isolated,isolated,flux,3,6,plan_ms,0.751776,recorder
20260824-100751_perlmutter_3c2ea15d,l01_slipstream_v2_trace-610042_b8_k8_isolated,isolated,flux,3,7,plan_ms,0.828512,recorder
20260824-100751_perlmutter_3c2ea15d,l01_slipstream_v2_trace-610042_b8_k8_isolated,isolated,flux,3,8,plan_ms,0.761216,recorder
20260824-100751_perlmutter_3c2ea15d,l01_slipstream_v2_trace-610042_b8_k8_isolated,isolated,flux,3,9,plan_ms,0.788032,recorder
20260824-100751_perlmutter_3c2ea15d,l01_slipstream_v2_trace-610042_b8_k8_isolated,isolated,flux,3,0,total_ms,10.421344,recorder
20260824-100751_perlmutter_3c2ea15d,l01_slipstream_v2_trace-610042_b8_k8_isolated,isolated,flux,3,1,total_ms,10.635872,recorder
20260824-100751_perlmutter_3c2ea15d,l01_slipstream_v2_trace-610042_b8_k8_isolated,isolated,flux,3,2,total_ms,10.02448,recorder
20260824-100751_perlmutter_3c2ea15d,l01_slipstream_v2_trace-610042_b8_k8_isolated,isolated,flux,3,3,total_ms,10.046944,recorder
20260824-100751_perlmutter_3c2ea15d,l01_slipstream_v2_trace-610042_b8_k8_isolated,isolated,flux,3,4,total_ms,11.1312,recorder
20260824-100751_perlmutter_3c2ea15d,l01_slipstream_v2_trace-610042_b8_k8_isolated,isolated,flux,3,5,total_ms,10.0592,recorder
20260824-100751_perlmutter_3c2ea15d,l01_slipstream_v2_trace-610042_b8_k8_isolated,isolated,flux,3,6,total_ms,9.94816,recorder
20260824-100751_perlmutter_3c2ea15d,l01_slipstream_v2_trace-610042_b8_k8_isolated,isolated,flux,3,7,total_ms,10.091936,recorder
20260824-100751_perlmutter_3c2ea15d,l01_slipstream_v2_trace-610042_b8_k8_isolated,isolated,flux,3,8,total_ms,10.266912,recorder
20260824-100751_perlmutter_3c2ea15d,l01_slipstream_v2_trace-610042_b8_k8_isolated,isolated,flux,3,9,total_ms,9.882432,recorder
20260824-100751_perlmutter_3c2ea15d,l01_slipstream_v2_trace-610042_b8_k8_isolated,isolated,flux,3,0,iso_sync_ms,8.528906,recorder
20260824-100751_perlmutter_3c2ea15d,l01_slipstream_v2_trace-610042_b8_k8_isolated,isolated,flux,3,1,iso_sync_ms,9.1137,recorder
20260824-100751_perlmutter_3c2ea15d,l01_slipstream_v2_trace-610042_b8_k8_isolated,isolated,flux,3,2,iso_sync_ms,8.394435,recorder
20260824-100751_perlmutter_3c2ea15d,l01_slipstream_v2_trace-610042_b8_k8_isolated,isolated,flux,3,3,iso_sync_ms,8.655521,recorder
20260824-100751_perlmutter_3c2ea15d,l01_slipstream_v2_trace-610042_b8_k8_isolated,isolated,flux,3,4,iso_sync_ms,8.414585,recorder
20260824-100751_perlmutter_3c2ea15d,l01_slipstream_v2_trace-610042_b8_k8_isolated,isolated,flux,3,5,iso_sync_ms,9.217451,recorder
20260824-100751_perlmutter_3c2ea15d,l01_slipstream_v2_trace-610042_b8_k8_isolated,isolated,flux,3,6,iso_sync_ms,8.60869,recorder
20260824-100751_perlmutter_3c2ea15d,l01_slipstream_v2_trace-610042_b8_k8_isolated,isolated,flux,3,7,iso_sync_ms,8.866932,recorder
20260824-100751_perlmutter_3c2ea15d,l01_slipstream_v2_trace-610042_b8_k8_isolated,isolated,flux,3,8,iso_sync_ms,8.360379,recorder
20260824-100751_perlmutter_3c2ea15d,l01_slipstream_v2_trace-610042_b8_k8_isolated,isolated,flux,3,9,iso_sync_ms,8.772057,recorder
20260824-100751_perlmutter_3c2ea15d,l01_slipstream_v2_trace-610042_b8_k8_isolated,isolated,flux,4,0,e2e_ms,9.179712,recorder
20260824-100751_perlmutter_3c2ea15d,l01_slipstream_v2_trace-610042_b8_k8_isolated,isolated,flux,4,1,e2e_ms,8.929856,recorder
20260824-100751_perlmutter_3c2ea15d,l01_slipstream_v2_trace-610042_b8_k8_isolated,isolated,flux,4,2,e2e_ms,9.107168,recorder
20260824-100751_perlmutter_3c2ea15d,l01_slipstream_v2_trace-610042_b8_k8_isolated,isolated,flux,4,3,e2e_ms,8.953216,recorder
20260824-100751_perlmutter_3c2ea15d,l01_slipstream_v2_trace-610042_b8_k8_isolated,isolated,flux,4,4,e2e_ms,9.752448,recorder
20260824-100751_perlmutter_3c2ea15d,l01_slipstream_v2_trace-610042_b8_k8_isolated,isolated,flux,4,5,e2e_ms,9.113216,recorder
20260824-100751_perlmutter_3c2ea15d,l01_slipstream_v2_trace-610042_b8_k8_isolated,isolated,flux,4,6,e2e_ms,9.045152,recorder
20260824-100751_perlmutter_3c2ea15d,l01_slipstream_v2_trace-610042_b8_k8_isolated,isolated,flux,4,7,e2e_ms,9.092736,recorder
20260824-100751_perlmutter_3c2ea15d,l01_slipstream_v2_trace-610042_b8_k8_isolated,isolated,flux,4,8,e2e_ms,9.323296,recorder
20260824-100751_perlmutter_3c2ea15d,l01_slipstream_v2_trace-610042_b8_k8_isolated,isolated,flux,4,9,e2e_ms,8.96496,recorder
20260824-100751_perlmutter_3c2ea15d,l01_slipstream_v2_trace-610042_b8_k8_isolated,isolated,flux,4,0,l0_ms,4.033472,recorder
20260824-100751_perlmutter_3c2ea15d,l01_slipstream_v2_trace-610042_b8_k8_isolated,isolated,flux,4,1,l0_ms,3.838144,recorder
20260824-100751_perlmutter_3c2ea15d,l01_slipstream_v2_trace-610042_b8_k8_isolated,isolated,flux,4,2,l0_ms,3.987424,recorder
20260824-100751_perlmutter_3c2ea15d,l01_slipstream_v2_trace-610042_b8_k8_isolated,isolated,flux,4,3,l0_ms,3.814112,recorder
20260824-100751_perlmutter_3c2ea15d,l01_slipstream_v2_trace-610042_b8_k8_isolated,isolated,flux,4,4,l0_ms,3.97584,recorder
20260824-100751_perlmutter_3c2ea15d,l01_slipstream_v2_trace-610042_b8_k8_isolated,isolated,flux,4,5,l0_ms,3.945344,recorder
20260824-100751_perlmutter_3c2ea15d,l01_slipstream_v2_trace-610042_b8_k8_isolated,isolated,flux,4,6,l0_ms,4.058656,recorder
20260824-100751_perlmutter_3c2ea15d,l01_slipstream_v2_trace-610042_b8_k8_isolated,isolated,flux,4,7,l0_ms,3.78032,recorder
20260824-100751_perlmutter_3c2ea15d,l01_slipstream_v2_trace-610042_b8_k8_isolated,isolated,flux,4,8,l0_ms,4.024128,recorder
20260824-100751_perlmutter_3c2ea15d,l01_slipstream_v2_trace-610042_b8_k8_isolated,isolated,flux,4,9,l0_ms,3.714304,recorder
20260824-100751_perlmutter_3c2ea15d,l01_slipstream_v2_trace-610042_b8_k8_isolated,isolated,flux,4,0,act_ms,0.048096,recorder
20260824-100751_perlmutter_3c2ea15d,l01_slipstream_v2_trace-610042_b8_k8_isolated,isolated,flux,4,1,act_ms,0.048352,recorder
20260824-100751_perlmutter_3c2ea15d,l01_slipstream_v2_trace-610042_b8_k8_isolated,isolated,flux,4,2,act_ms,0.047968,recorder
20260824-100751_perlmutter_3c2ea15d,l01_slipstream_v2_trace-610042_b8_k8_isolated,isolated,flux,4,3,act_ms,0.047552,recorder
20260824-100751_perlmutter_3c2ea15d,l01_slipstream_v2_trace-610042_b8_k8_isolated,isolated,flux,4,4,act_ms,0.048704,recorder
20260824-100751_perlmutter_3c2ea15d,l01_slipstream_v2_trace-610042_b8_k8_isolated,isolated,flux,4,5,act_ms,0.047232,recorder
20260824-100751_perlmutter_3c2ea15d,l01_slipstream_v2_trace-610042_b8_k8_isolated,isolated,flux,4,6,act_ms,0.047936,recorder
20260824-100751_perlmutter_3c2ea15d,l01_slipstream_v2_trace-610042_b8_k8_isolated,isolated,flux,4,7,act_ms,0.048416,recorder
20260824-100751_perlmutter_3c2ea15d,l01_slipstream_v2_trace-610042_b8_k8_isolated,isolated,flux,4,8,act_ms,0.048608,recorder
20260824-100751_perlmutter_3c2ea15d,l01_slipstream_v2_trace-610042_b8_k8_isolated,isolated,flux,4,9,act_ms,0.047776,recorder
20260824-100751_perlmutter_3c2ea15d,l01_slipstream_v2_trace-610042_b8_k8_isolated,isolated,flux,4,0,l1_ms,5.098144,recorder
20260824-100751_perlmutter_3c2ea15d,l01_slipstream_v2_trace-610042_b8_k8_isolated,isolated,flux,4,1,l1_ms,5.04336,recorder
20260824-100751_perlmutter_3c2ea15d,l01_slipstream_v2_trace-610042_b8_k8_isolated,isolated,flux,4,2,l1_ms,5.071776,recorder
20260824-100751_perlmutter_3c2ea15d,l01_slipstream_v2_trace-610042_b8_k8_isolated,isolated,flux,4,3,l1_ms,5.091552,recorder
20260824-100751_perlmutter_3c2ea15d,l01_slipstream_v2_trace-610042_b8_k8_isolated,isolated,flux,4,4,l1_ms,5.727904,recorder
20260824-100751_perlmutter_3c2ea15d,l01_slipstream_v2_trace-610042_b8_k8_isolated,isolated,flux,4,5,l1_ms,5.12064,recorder
20260824-100751_perlmutter_3c2ea15d,l01_slipstream_v2_trace-610042_b8_k8_isolated,isolated,flux,4,6,l1_ms,4.93856,recorder
20260824-100751_perlmutter_3c2ea15d,l01_slipstream_v2_trace-610042_b8_k8_isolated,isolated,flux,4,7,l1_ms,5.264,recorder
20260824-100751_perlmutter_3c2ea15d,l01_slipstream_v2_trace-610042_b8_k8_isolated,isolated,flux,4,8,l1_ms,5.25056,recorder
20260824-100751_perlmutter_3c2ea15d,l01_slipstream_v2_trace-610042_b8_k8_isolated,isolated,flux,4,9,l1_ms,5.20288,recorder
20260824-100751_perlmutter_3c2ea15d,l01_slipstream_v2_trace-610042_b8_k8_isolated,isolated,flux,4,0,plan_comm_ms,0.432224,recorder
20260824-100751_perlmutter_3c2ea15d,l01_slipstream_v2_trace-610042_b8_k8_isolated,isolated,flux,4,1,plan_comm_ms,0.901184,recorder
20260824-100751_perlmutter_3c2ea15d,l01_slipstream_v2_trace-610042_b8_k8_isolated,isolated,flux,4,2,plan_comm_ms,0.160128,recorder
20260824-100751_perlmutter_3c2ea15d,l01_slipstream_v2_trace-610042_b8_k8_isolated,isolated,flux,4,3,plan_comm_ms,0.322272,recorder
20260824-100751_perlmutter_3c2ea15d,l01_slipstream_v2_trace-610042_b8_k8_isolated,isolated,flux,4,4,plan_comm_ms,0.622048,recorder
20260824-100751_perlmutter_3c2ea15d,l01_slipstream_v2_trace-610042_b8_k8_isolated,isolated,flux,4,5,plan_comm_ms,0.181184,recorder
20260824-100751_perlmutter_3c2ea15d,l01_slipstream_v2_trace-610042_b8_k8_isolated,isolated,flux,4,6,plan_comm_ms,0.169216,recorder
20260824-100751_perlmutter_3c2ea15d,l01_slipstream_v2_trace-610042_b8_k8_isolated,isolated,flux,4,7,plan_comm_ms,0.489056,recorder
20260824-100751_perlmutter_3c2ea15d,l01_slipstream_v2_trace-610042_b8_k8_isolated,isolated,flux,4,8,plan_comm_ms,0.177664,recorder
20260824-100751_perlmutter_3c2ea15d,l01_slipstream_v2_trace-610042_b8_k8_isolated,isolated,flux,4,9,plan_comm_ms,0.156256,recorder
20260824-100751_perlmutter_3c2ea15d,l01_slipstream_v2_trace-610042_b8_k8_isolated,isolated,flux,4,0,plan_ms,0.780192,recorder
20260824-100751_perlmutter_3c2ea15d,l01_slipstream_v2_trace-610042_b8_k8_isolated,isolated,flux,4,1,plan_ms,0.759168,recorder
20260824-100751_perlmutter_3c2ea15d,l01_slipstream_v2_trace-610042_b8_k8_isolated,isolated,flux,4,2,plan_ms,0.778048,recorder
20260824-100751_perlmutter_3c2ea15d,l01_slipstream_v2_trace-610042_b8_k8_isolated,isolated,flux,4,3,plan_ms,0.77168,recorder
20260824-100751_perlmutter_3c2ea15d,l01_slipstream_v2_trace-610042_b8_k8_isolated,isolated,flux,4,4,plan_ms,0.762464,recorder
20260824-100751_perlmutter_3c2ea15d,l01_slipstream_v2_trace-610042_b8_k8_isolated,isolated,flux,4,5,plan_ms,0.774144,recorder
20260824-100751_perlmutter_3c2ea15d,l01_slipstream_v2_trace-610042_b8_k8_isolated,isolated,flux,4,6,plan_ms,0.753248,recorder
20260824-100751_perlmutter_3c2ea15d,l01_slipstream_v2_trace-610042_b8_k8_isolated,isolated,flux,4,7,plan_ms,0.760832,recorder
20260824-100751_perlmutter_3c2ea15d,l01_slipstream_v2_trace-610042_b8_k8_isolated,isolated,flux,4,8,plan_ms,0.773504,recorder
20260824-100751_perlmutter_3c2ea15d,l01_slipstream_v2_trace-610042_b8_k8_isolated,isolated,flux,4,9,plan_ms,0.760928,recorder
20260824-100751_perlmutter_3c2ea15d,l01_slipstream_v2_trace-610042_b8_k8_isolated,isolated,flux,4,0,total_ms,10.394464,recorder
20260824-100751_perlmutter_3c2ea15d,l01_slipstream_v2_trace-610042_b8_k8_isolated,isolated,flux,4,1,total_ms,10.592576,recorder
20260824-100751_perlmutter_3c2ea15d,l01_slipstream_v2_trace-610042_b8_k8_isolated,isolated,flux,4,2,total_ms,10.04768,recorder
20260824-100751_perlmutter_3c2ea15d,l01_slipstream_v2_trace-610042_b8_k8_isolated,isolated,flux,4,3,total_ms,10.049504,recorder
20260824-100751_perlmutter_3c2ea15d,l01_slipstream_v2_trace-610042_b8_k8_isolated,isolated,flux,4,4,total_ms,11.139296,recorder
20260824-100751_perlmutter_3c2ea15d,l01_slipstream_v2_trace-610042_b8_k8_isolated,isolated,flux,4,5,total_ms,10.070912,recorder
20260824-100751_perlmutter_3c2ea15d,l01_slipstream_v2_trace-610042_b8_k8_isolated,isolated,flux,4,6,total_ms,9.96992,recorder
20260824-100751_perlmutter_3c2ea15d,l01_slipstream_v2_trace-610042_b8_k8_isolated,isolated,flux,4,7,total_ms,10.34496,recorder
20260824-100751_perlmutter_3c2ea15d,l01_slipstream_v2_trace-610042_b8_k8_isolated,isolated,flux,4,8,total_ms,10.2768,recorder
20260824-100751_perlmutter_3c2ea15d,l01_slipstream_v2_trace-610042_b8_k8_isolated,isolated,flux,4,9,total_ms,9.88448,recorder
20260824-100751_perlmutter_3c2ea15d,l01_slipstream_v2_trace-610042_b8_k8_isolated,isolated,flux,4,0,iso_sync_ms,8.605232,recorder
20260824-100751_perlmutter_3c2ea15d,l01_slipstream_v2_trace-610042_b8_k8_isolated,isolated,flux,4,1,iso_sync_ms,9.164481,recorder
20260824-100751_perlmutter_3c2ea15d,l01_slipstream_v2_trace-610042_b8_k8_isolated,isolated,flux,4,2,iso_sync_ms,8.444572,recorder
20260824-100751_perlmutter_3c2ea15d,l01_slipstream_v2_trace-610042_b8_k8_isolated,isolated,flux,4,3,iso_sync_ms,8.670228,recorder
20260824-100751_perlmutter_3c2ea15d,l01_slipstream_v2_trace-610042_b8_k8_isolated,isolated,flux,4,4,iso_sync_ms,8.461855,recorder
20260824-100751_perlmutter_3c2ea15d,l01_slipstream_v2_trace-610042_b8_k8_isolated,isolated,flux,4,5,iso_sync_ms,9.204969,recorder
20260824-100751_perlmutter_3c2ea15d,l01_slipstream_v2_trace-610042_b8_k8_isolated,isolated,flux,4,6,iso_sync_ms,8.596455,recorder
20260824-100751_perlmutter_3c2ea15d,l01_slipstream_v2_trace-610042_b8_k8_isolated,isolated,flux,4,7,iso_sync_ms,8.836338,recorder
20260824-100751_perlmutter_3c2ea15d,l01_slipstream_v2_trace-610042_b8_k8_isolated,isolated,flux,4,8,iso_sync_ms,8.596295,recorder
20260824-100751_perlmutter_3c2ea15d,l01_slipstream_v2_trace-610042_b8_k8_isolated,isolated,flux,4,9,iso_sync_ms,8.789518,recorder
20260824-100751_perlmutter_3c2ea15d,l01_slipstream_v2_trace-610042_b8_k8_isolated,isolated,flux,5,0,e2e_ms,9.23056,recorder
20260824-100751_perlmutter_3c2ea15d,l01_slipstream_v2_trace-610042_b8_k8_isolated,isolated,flux,5,1,e2e_ms,8.949024,recorder
20260824-100751_perlmutter_3c2ea15d,l01_slipstream_v2_trace-610042_b8_k8_isolated,isolated,flux,5,2,e2e_ms,9.128,recorder
20260824-100751_perlmutter_3c2ea15d,l01_slipstream_v2_trace-610042_b8_k8_isolated,isolated,flux,5,3,e2e_ms,8.977184,recorder
20260824-100751_perlmutter_3c2ea15d,l01_slipstream_v2_trace-610042_b8_k8_isolated,isolated,flux,5,4,e2e_ms,9.775136,recorder
20260824-100751_perlmutter_3c2ea15d,l01_slipstream_v2_trace-610042_b8_k8_isolated,isolated,flux,5,5,e2e_ms,9.132096,recorder
20260824-100751_perlmutter_3c2ea15d,l01_slipstream_v2_trace-610042_b8_k8_isolated,isolated,flux,5,6,e2e_ms,9.071904,recorder
20260824-100751_perlmutter_3c2ea15d,l01_slipstream_v2_trace-610042_b8_k8_isolated,isolated,flux,5,7,e2e_ms,9.100384,recorder
20260824-100751_perlmutter_3c2ea15d,l01_slipstream_v2_trace-610042_b8_k8_isolated,isolated,flux,5,8,e2e_ms,9.357248,recorder
20260824-100751_perlmutter_3c2ea15d,l01_slipstream_v2_trace-610042_b8_k8_isolated,isolated,flux,5,9,e2e_ms,8.966656,recorder
20260824-100751_perlmutter_3c2ea15d,l01_slipstream_v2_trace-610042_b8_k8_isolated,isolated,flux,5,0,l0_ms,4.060736,recorder
20260824-100751_perlmutter_3c2ea15d,l01_slipstream_v2_trace-610042_b8_k8_isolated,isolated,flux,5,1,l0_ms,3.850528,recorder
20260824-100751_perlmutter_3c2ea15d,l01_slipstream_v2_trace-610042_b8_k8_isolated,isolated,flux,5,2,l0_ms,3.984096,recorder
20260824-100751_perlmutter_3c2ea15d,l01_slipstream_v2_trace-610042_b8_k8_isolated,isolated,flux,5,3,l0_ms,3.821216,recorder
20260824-100751_perlmutter_3c2ea15d,l01_slipstream_v2_trace-610042_b8_k8_isolated,isolated,flux,5,4,l0_ms,4.031104,recorder
20260824-100751_perlmutter_3c2ea15d,l01_slipstream_v2_trace-610042_b8_k8_isolated,isolated,flux,5,5,l0_ms,3.964992,recorder
20260824-100751_perlmutter_3c2ea15d,l01_slipstream_v2_trace-610042_b8_k8_isolated,isolated,flux,5,6,l0_ms,4.057856,recorder
20260824-100751_perlmutter_3c2ea15d,l01_slipstream_v2_trace-610042_b8_k8_isolated,isolated,flux,5,7,l0_ms,3.807424,recorder
20260824-100751_perlmutter_3c2ea15d,l01_slipstream_v2_trace-610042_b8_k8_isolated,isolated,flux,5,8,l0_ms,4.059168,recorder
20260824-100751_perlmutter_3c2ea15d,l01_slipstream_v2_trace-610042_b8_k8_isolated,isolated,flux,5,9,l0_ms,3.710912,recorder
20260824-100751_perlmutter_3c2ea15d,l01_slipstream_v2_trace-610042_b8_k8_isolated,isolated,flux,5,0,act_ms,0.031744,recorder
20260824-100751_perlmutter_3c2ea15d,l01_slipstream_v2_trace-610042_b8_k8_isolated,isolated,flux,5,1,act_ms,0.031584,recorder
20260824-100751_perlmutter_3c2ea15d,l01_slipstream_v2_trace-610042_b8_k8_isolated,isolated,flux,5,2,act_ms,0.03104,recorder
20260824-100751_perlmutter_3c2ea15d,l01_slipstream_v2_trace-610042_b8_k8_isolated,isolated,flux,5,3,act_ms,0.030336,recorder
20260824-100751_perlmutter_3c2ea15d,l01_slipstream_v2_trace-610042_b8_k8_isolated,isolated,flux,5,4,act_ms,0.031936,recorder
20260824-100751_perlmutter_3c2ea15d,l01_slipstream_v2_trace-610042_b8_k8_isolated,isolated,flux,5,5,act_ms,0.03152,recorder
20260824-100751_perlmutter_3c2ea15d,l01_slipstream_v2_trace-610042_b8_k8_isolated,isolated,flux,5,6,act_ms,0.030368,recorder
20260824-100751_perlmutter_3c2ea15d,l01_slipstream_v2_trace-610042_b8_k8_isolated,isolated,flux,5,7,act_ms,0.031456,recorder
20260824-100751_perlmutter_3c2ea15d,l01_slipstream_v2_trace-610042_b8_k8_isolated,isolated,flux,5,8,act_ms,0.032288,recorder
20260824-100751_perlmutter_3c2ea15d,l01_slipstream_v2_trace-610042_b8_k8_isolated,isolated,flux,5,9,act_ms,0.031488,recorder
20260824-100751_perlmutter_3c2ea15d,l01_slipstream_v2_trace-610042_b8_k8_isolated,isolated,flux,5,0,l1_ms,5.13808,recorder
20260824-100751_perlmutter_3c2ea15d,l01_slipstream_v2_trace-610042_b8_k8_isolated,isolated,flux,5,1,l1_ms,5.066912,recorder
20260824-100751_perlmutter_3c2ea15d,l01_slipstream_v2_trace-610042_b8_k8_isolated,isolated,flux,5,2,l1_ms,5.112864,recorder
20260824-100751_perlmutter_3c2ea15d,l01_slipstream_v2_trace-610042_b8_k8_isolated,isolated,flux,5,3,l1_ms,5.125632,recorder
20260824-100751_perlmutter_3c2ea15d,l01_slipstream_v2_trace-610042_b8_k8_isolated,isolated,flux,5,4,l1_ms,5.712096,recorder
20260824-100751_perlmutter_3c2ea15d,l01_slipstream_v2_trace-610042_b8_k8_isolated,isolated,flux,5,5,l1_ms,5.135584,recorder
20260824-100751_perlmutter_3c2ea15d,l01_slipstream_v2_trace-610042_b8_k8_isolated,isolated,flux,5,6,l1_ms,4.98368,recorder
20260824-100751_perlmutter_3c2ea15d,l01_slipstream_v2_trace-610042_b8_k8_isolated,isolated,flux,5,7,l1_ms,5.261504,recorder
20260824-100751_perlmutter_3c2ea15d,l01_slipstream_v2_trace-610042_b8_k8_isolated,isolated,flux,5,8,l1_ms,5.265792,recorder
20260824-100751_perlmutter_3c2ea15d,l01_slipstream_v2_trace-610042_b8_k8_isolated,isolated,flux,5,9,l1_ms,5.224256,recorder
20260824-100751_perlmutter_3c2ea15d,l01_slipstream_v2_trace-610042_b8_k8_isolated,isolated,flux,5,0,plan_comm_ms,0.432608,recorder
20260824-100751_perlmutter_3c2ea15d,l01_slipstream_v2_trace-610042_b8_k8_isolated,isolated,flux,5,1,plan_comm_ms,0.90032,recorder
20260824-100751_perlmutter_3c2ea15d,l01_slipstream_v2_trace-610042_b8_k8_isolated,isolated,flux,5,2,plan_comm_ms,0.17152,recorder
20260824-100751_perlmutter_3c2ea15d,l01_slipstream_v2_trace-610042_b8_k8_isolated,isolated,flux,5,3,plan_comm_ms,0.32128,recorder
20260824-100751_perlmutter_3c2ea15d,l01_slipstream_v2_trace-610042_b8_k8_isolated,isolated,flux,5,4,plan_comm_ms,0.61712,recorder
20260824-100751_perlmutter_3c2ea15d,l01_slipstream_v2_trace-610042_b8_k8_isolated,isolated,flux,5,5,plan_comm_ms,0.180544,recorder
20260824-100751_perlmutter_3c2ea15d,l01_slipstream_v2_trace-610042_b8_k8_isolated,isolated,flux,5,6,plan_comm_ms,0.176704,recorder
20260824-100751_perlmutter_3c2ea15d,l01_slipstream_v2_trace-610042_b8_k8_isolated,isolated,flux,5,7,plan_comm_ms,0.487296,recorder
20260824-100751_perlmutter_3c2ea15d,l01_slipstream_v2_trace-610042_b8_k8_isolated,isolated,flux,5,8,plan_comm_ms,0.176512,recorder
20260824-100751_perlmutter_3c2ea15d,l01_slipstream_v2_trace-610042_b8_k8_isolated,isolated,flux,5,9,plan_comm_ms,0.170432,recorder
20260824-100751_perlmutter_3c2ea15d,l01_slipstream_v2_trace-610042_b8_k8_isolated,isolated,flux,5,0,plan_ms,0.761312,recorder
20260824-100751_perlmutter_3c2ea15d,l01_slipstream_v2_trace-610042_b8_k8_isolated,isolated,flux,5,1,plan_ms,0.75184,recorder
20260824-100751_perlmutter_3c2ea15d,l01_slipstream_v2_trace-610042_b8_k8_isolated,isolated,flux,5,2,plan_ms,0.782784,recorder
20260824-100751_perlmutter_3c2ea15d,l01_slipstream_v2_trace-610042_b8_k8_isolated,isolated,flux,5,3,plan_ms,0.768704,recorder
20260824-100751_perlmutter_3c2ea15d,l01_slipstream_v2_trace-610042_b8_k8_isolated,isolated,flux,5,4,plan_ms,0.74976,recorder
20260824-100751_perlmutter_3c2ea15d,l01_slipstream_v2_trace-610042_b8_k8_isolated,isolated,flux,5,5,plan_ms,0.762336,recorder
20260824-100751_perlmutter_3c2ea15d,l01_slipstream_v2_trace-610042_b8_k8_isolated,isolated,flux,5,6,plan_ms,0.749632,recorder
20260824-100751_perlmutter_3c2ea15d,l01_slipstream_v2_trace-610042_b8_k8_isolated,isolated,flux,5,7,plan_ms,0.763936,recorder
20260824-100751_perlmutter_3c2ea15d,l01_slipstream_v2_trace-610042_b8_k8_isolated,isolated,flux,5,8,plan_ms,0.748,recorder
20260824-100751_perlmutter_3c2ea15d,l01_slipstream_v2_trace-610042_b8_k8_isolated,isolated,flux,5,9,plan_ms,0.761152,recorder
20260824-100751_perlmutter_3c2ea15d,l01_slipstream_v2_trace-610042_b8_k8_isolated,isolated,flux,5,0,total_ms,10.426816,recorder
20260824-100751_perlmutter_3c2ea15d,l01_slipstream_v2_trace-610042_b8_k8_isolated,isolated,flux,5,1,total_ms,10.60352,recorder
20260824-100751_perlmutter_3c2ea15d,l01_slipstream_v2_trace-610042_b8_k8_isolated,isolated,flux,5,2,total_ms,10.084608,recorder
20260824-100751_perlmutter_3c2ea15d,l01_slipstream_v2_trace-610042_b8_k8_isolated,isolated,flux,5,3,total_ms,10.069472,recorder
20260824-100751_perlmutter_3c2ea15d,l01_slipstream_v2_trace-610042_b8_k8_isolated,isolated,flux,5,4,total_ms,11.144416,recorder
20260824-100751_perlmutter_3c2ea15d,l01_slipstream_v2_trace-610042_b8_k8_isolated,isolated,flux,5,5,total_ms,10.07728,recorder
20260824-100751_perlmutter_3c2ea15d,l01_slipstream_v2_trace-610042_b8_k8_isolated,isolated,flux,5,6,total_ms,10.000544,recorder
20260824-100751_perlmutter_3c2ea15d,l01_slipstream_v2_trace-610042_b8_k8_isolated,isolated,flux,5,7,total_ms,10.353952,recorder
20260824-100751_perlmutter_3c2ea15d,l01_slipstream_v2_trace-610042_b8_k8_isolated,isolated,flux,5,8,total_ms,10.284096,recorder
20260824-100751_perlmutter_3c2ea15d,l01_slipstream_v2_trace-610042_b8_k8_isolated,isolated,flux,5,9,total_ms,9.900576,recorder
20260824-100751_perlmutter_3c2ea15d,l01_slipstream_v2_trace-610042_b8_k8_isolated,isolated,flux,5,0,iso_sync_ms,8.575995,recorder
20260824-100751_perlmutter_3c2ea15d,l01_slipstream_v2_trace-610042_b8_k8_isolated,isolated,flux,5,1,iso_sync_ms,9.167688,recorder
20260824-100751_perlmutter_3c2ea15d,l01_slipstream_v2_trace-610042_b8_k8_isolated,isolated,flux,5,2,iso_sync_ms,8.451886,recorder
20260824-100751_perlmutter_3c2ea15d,l01_slipstream_v2_trace-610042_b8_k8_isolated,isolated,flux,5,3,iso_sync_ms,8.615883,recorder
20260824-100751_perlmutter_3c2ea15d,l01_slipstream_v2_trace-610042_b8_k8_isolated,isolated,flux,5,4,iso_sync_ms,8.424534,recorder
20260824-100751_perlmutter_3c2ea15d,l01_slipstream_v2_trace-610042_b8_k8_isolated,isolated,flux,5,5,iso_sync_ms,9.24679,recorder
20260824-100751_perlmutter_3c2ea15d,l01_slipstream_v2_trace-610042_b8_k8_isolated,isolated,flux,5,6,iso_sync_ms,8.577088,recorder
20260824-100751_perlmutter_3c2ea15d,l01_slipstream_v2_trace-610042_b8_k8_isolated,isolated,flux,5,7,iso_sync_ms,8.818504,recorder
20260824-100751_perlmutter_3c2ea15d,l01_slipstream_v2_trace-610042_b8_k8_isolated,isolated,flux,5,8,iso_sync_ms,8.621162,recorder
20260824-100751_perlmutter_3c2ea15d,l01_slipstream_v2_trace-610042_b8_k8_isolated,isolated,flux,5,9,iso_sync_ms,8.799808,recorder
20260824-100751_perlmutter_3c2ea15d,l01_slipstream_v2_trace-610042_b8_k8_isolated,isolated,flux,6,0,e2e_ms,9.243104,recorder
20260824-100751_perlmutter_3c2ea15d,l01_slipstream_v2_trace-610042_b8_k8_isolated,isolated,flux,6,1,e2e_ms,8.959584,recorder
20260824-100751_perlmutter_3c2ea15d,l01_slipstream_v2_trace-610042_b8_k8_isolated,isolated,flux,6,2,e2e_ms,9.165984,recorder
20260824-100751_perlmutter_3c2ea15d,l01_slipstream_v2_trace-610042_b8_k8_isolated,isolated,flux,6,3,e2e_ms,8.985536,recorder
20260824-100751_perlmutter_3c2ea15d,l01_slipstream_v2_trace-610042_b8_k8_isolated,isolated,flux,6,4,e2e_ms,9.767296,recorder
20260824-100751_perlmutter_3c2ea15d,l01_slipstream_v2_trace-610042_b8_k8_isolated,isolated,flux,6,5,e2e_ms,9.129568,recorder
20260824-100751_perlmutter_3c2ea15d,l01_slipstream_v2_trace-610042_b8_k8_isolated,isolated,flux,6,6,e2e_ms,9.073184,recorder
20260824-100751_perlmutter_3c2ea15d,l01_slipstream_v2_trace-610042_b8_k8_isolated,isolated,flux,6,7,e2e_ms,9.122176,recorder
20260824-100751_perlmutter_3c2ea15d,l01_slipstream_v2_trace-610042_b8_k8_isolated,isolated,flux,6,8,e2e_ms,9.34256,recorder
20260824-100751_perlmutter_3c2ea15d,l01_slipstream_v2_trace-610042_b8_k8_isolated,isolated,flux,6,9,e2e_ms,8.971488,recorder
20260824-100751_perlmutter_3c2ea15d,l01_slipstream_v2_trace-610042_b8_k8_isolated,isolated,flux,6,0,l0_ms,4.064064,recorder
20260824-100751_perlmutter_3c2ea15d,l01_slipstream_v2_trace-610042_b8_k8_isolated,isolated,flux,6,1,l0_ms,3.857344,recorder
20260824-100751_perlmutter_3c2ea15d,l01_slipstream_v2_trace-610042_b8_k8_isolated,isolated,flux,6,2,l0_ms,4.019232,recorder
20260824-100751_perlmutter_3c2ea15d,l01_slipstream_v2_trace-610042_b8_k8_isolated,isolated,flux,6,3,l0_ms,3.826848,recorder
20260824-100751_perlmutter_3c2ea15d,l01_slipstream_v2_trace-610042_b8_k8_isolated,isolated,flux,6,4,l0_ms,4.050848,recorder
20260824-100751_perlmutter_3c2ea15d,l01_slipstream_v2_trace-610042_b8_k8_isolated,isolated,flux,6,5,l0_ms,3.958144,recorder
20260824-100751_perlmutter_3c2ea15d,l01_slipstream_v2_trace-610042_b8_k8_isolated,isolated,flux,6,6,l0_ms,4.060512,recorder
20260824-100751_perlmutter_3c2ea15d,l01_slipstream_v2_trace-610042_b8_k8_isolated,isolated,flux,6,7,l0_ms,3.846528,recorder
20260824-100751_perlmutter_3c2ea15d,l01_slipstream_v2_trace-610042_b8_k8_isolated,isolated,flux,6,8,l0_ms,4.044928,recorder
20260824-100751_perlmutter_3c2ea15d,l01_slipstream_v2_trace-610042_b8_k8_isolated,isolated,flux,6,9,l0_ms,3.702176,recorder
20260824-100751_perlmutter_3c2ea15d,l01_slipstream_v2_trace-610042_b8_k8_isolated,isolated,flux,6,0,act_ms,0.025472,recorder
20260824-100751_perlmutter_3c2ea15d,l01_slipstream_v2_trace-610042_b8_k8_isolated,isolated,flux,6,1,act_ms,0.025888,recorder
20260824-100751_perlmutter_3c2ea15d,l01_slipstream_v2_trace-610042_b8_k8_isolated,isolated,flux,6,2,act_ms,0.025184,recorder
20260824-100751_perlmutter_3c2ea15d,l01_slipstream_v2_trace-610042_b8_k8_isolated,isolated,flux,6,3,act_ms,0.024544,recorder
20260824-100751_perlmutter_3c2ea15d,l01_slipstream_v2_trace-610042_b8_k8_isolated,isolated,flux,6,4,act_ms,0.026784,recorder
20260824-100751_perlmutter_3c2ea15d,l01_slipstream_v2_trace-610042_b8_k8_isolated,isolated,flux,6,5,act_ms,0.024608,recorder
20260824-100751_perlmutter_3c2ea15d,l01_slipstream_v2_trace-610042_b8_k8_isolated,isolated,flux,6,6,act_ms,0.02592,recorder
20260824-100751_perlmutter_3c2ea15d,l01_slipstream_v2_trace-610042_b8_k8_isolated,isolated,flux,6,7,act_ms,0.02464,recorder
20260824-100751_perlmutter_3c2ea15d,l01_slipstream_v2_trace-610042_b8_k8_isolated,isolated,flux,6,8,act_ms,0.024192,recorder
20260824-100751_perlmutter_3c2ea15d,l01_slipstream_v2_trace-610042_b8_k8_isolated,isolated,flux,6,9,act_ms,0.025376,recorder
20260824-100751_perlmutter_3c2ea15d,l01_slipstream_v2_trace-610042_b8_k8_isolated,isolated,flux,6,0,l1_ms,5.153568,recorder
20260824-100751_perlmutter_3c2ea15d,l01_slipstream_v2_trace-610042_b8_k8_isolated,isolated,flux,6,1,l1_ms,5.076352,recorder
20260824-100751_perlmutter_3c2ea15d,l01_slipstream_v2_trace-610042_b8_k8_isolated,isolated,flux,6,2,l1_ms,5.121568,recorder
20260824-100751_perlmutter_3c2ea15d,l01_slipstream_v2_trace-610042_b8_k8_isolated,isolated,flux,6,3,l1_ms,5.134144,recorder
20260824-100751_perlmutter_3c2ea15d,l01_slipstream_v2_trace-610042_b8_k8_isolated,isolated,flux,6,4,l1_ms,5.689664,recorder
20260824-100751_perlmutter_3c2ea15d,l01_slipstream_v2_trace-610042_b8_k8_isolated,isolated,flux,6,5,l1_ms,5.146816,recorder
20260824-100751_perlmutter_3c2ea15d,l01_slipstream_v2_trace-610042_b8_k8_isolated,isolated,flux,6,6,l1_ms,4.986752,recorder
20260824-100751_perlmutter_3c2ea15d,l01_slipstream_v2_trace-610042_b8_k8_isolated,isolated,flux,6,7,l1_ms,5.251008,recorder
20260824-100751_perlmutter_3c2ea15d,l01_slipstream_v2_trace-610042_b8_k8_isolated,isolated,flux,6,8,l1_ms,5.27344,recorder
20260824-100751_perlmutter_3c2ea15d,l01_slipstream_v2_trace-610042_b8_k8_isolated,isolated,flux,6,9,l1_ms,5.243936,recorder
20260824-100751_perlmutter_3c2ea15d,l01_slipstream_v2_trace-610042_b8_k8_isolated,isolated,flux,6,0,plan_comm_ms,0.419328,recorder
20260824-100751_perlmutter_3c2ea15d,l01_slipstream_v2_trace-610042_b8_k8_isolated,isolated,flux,6,1,plan_comm_ms,0.895008,recorder
20260824-100751_perlmutter_3c2ea15d,l01_slipstream_v2_trace-610042_b8_k8_isolated,isolated,flux,6,2,plan_comm_ms,0.155392,recorder
20260824-100751_perlmutter_3c2ea15d,l01_slipstream_v2_trace-610042_b8_k8_isolated,isolated,flux,6,3,plan_comm_ms,0.321536,recorder
20260824-100751_perlmutter_3c2ea15d,l01_slipstream_v2_trace-610042_b8_k8_isolated,isolated,flux,6,4,plan_comm_ms,0.622016,recorder
20260824-100751_perlmutter_3c2ea15d,l01_slipstream_v2_trace-610042_b8_k8_isolated,isolated,flux,6,5,plan_comm_ms,0.17776,recorder
20260824-100751_perlmutter_3c2ea15d,l01_slipstream_v2_trace-610042_b8_k8_isolated,isolated,flux,6,6,plan_comm_ms,0.178848,recorder
20260824-100751_perlmutter_3c2ea15d,l01_slipstream_v2_trace-610042_b8_k8_isolated,isolated,flux,6,7,plan_comm_ms,0.488064,recorder
20260824-100751_perlmutter_3c2ea15d,l01_slipstream_v2_trace-610042_b8_k8_isolated,isolated,flux,6,8,plan_comm_ms,0.18576,recorder
20260824-100751_perlmutter_3c2ea15d,l01_slipstream_v2_trace-610042_b8_k8_isolated,isolated,flux,6,9,plan_comm_ms,0.173056,recorder
20260824-100751_perlmutter_3c2ea15d,l01_slipstream_v2_trace-610042_b8_k8_isolated,isolated,flux,6,0,plan_ms,0.767776,recorder
20260824-100751_perlmutter_3c2ea15d,l01_slipstream_v2_trace-610042_b8_k8_isolated,isolated,flux,6,1,plan_ms,0.75168,recorder
20260824-100751_perlmutter_3c2ea15d,l01_slipstream_v2_trace-610042_b8_k8_isolated,isolated,flux,6,2,plan_ms,0.760064,recorder
20260824-100751_perlmutter_3c2ea15d,l01_slipstream_v2_trace-610042_b8_k8_isolated,isolated,flux,6,3,plan_ms,0.76576,recorder
20260824-100751_perlmutter_3c2ea15d,l01_slipstream_v2_trace-610042_b8_k8_isolated,isolated,flux,6,4,plan_ms,0.755392,recorder
20260824-100751_perlmutter_3c2ea15d,l01_slipstream_v2_trace-610042_b8_k8_isolated,isolated,flux,6,5,plan_ms,0.768224,recorder
20260824-100751_perlmutter_3c2ea15d,l01_slipstream_v2_trace-610042_b8_k8_isolated,isolated,flux,6,6,plan_ms,0.753824,recorder
20260824-100751_perlmutter_3c2ea15d,l01_slipstream_v2_trace-610042_b8_k8_isolated,isolated,flux,6,7,plan_ms,0.75696,recorder
20260824-100751_perlmutter_3c2ea15d,l01_slipstream_v2_trace-610042_b8_k8_isolated,isolated,flux,6,8,plan_ms,0.752256,recorder
20260824-100751_perlmutter_3c2ea15d,l01_slipstream_v2_trace-610042_b8_k8_isolated,isolated,flux,6,9,plan_ms,0.761632,recorder
20260824-100751_perlmutter_3c2ea15d,l01_slipstream_v2_trace-610042_b8_k8_isolated,isolated,flux,6,0,total_ms,10.432544,recorder
20260824-100751_perlmutter_3c2ea15d,l01_slipstream_v2_trace-610042_b8_k8_isolated,isolated,flux,6,1,total_ms,10.608608,recorder
20260824-100751_perlmutter_3c2ea15d,l01_slipstream_v2_trace-610042_b8_k8_isolated,isolated,flux,6,2,total_ms,10.084096,recorder
20260824-100751_perlmutter_3c2ea15d,l01_slipstream_v2_trace-610042_b8_k8_isolated,isolated,flux,6,3,total_ms,10.0752,recorder
20260824-100751_perlmutter_3c2ea15d,l01_slipstream_v2_trace-610042_b8_k8_isolated,isolated,flux,6,4,total_ms,11.14704,recorder
20260824-100751_perlmutter_3c2ea15d,l01_slipstream_v2_trace-610042_b8_k8_isolated,isolated,flux,6,5,total_ms,10.077888,recorder
20260824-100751_perlmutter_3c2ea15d,l01_slipstream_v2_trace-610042_b8_k8_isolated,isolated,flux,6,6,total_ms,10.008192,recorder
20260824-100751_perlmutter_3c2ea15d,l01_slipstream_v2_trace-610042_b8_k8_isolated,isolated,flux,6,7,total_ms,10.369536,recorder
20260824-100751_perlmutter_3c2ea15d,l01_slipstream_v2_trace-610042_b8_k8_isolated,isolated,flux,6,8,total_ms,10.283136,recorder
20260824-100751_perlmutter_3c2ea15d,l01_slipstream_v2_trace-610042_b8_k8_isolated,isolated,flux,6,9,total_ms,9.908512,recorder
20260824-100751_perlmutter_3c2ea15d,l01_slipstream_v2_trace-610042_b8_k8_isolated,isolated,flux,6,0,iso_sync_ms,8.591005,recorder
20260824-100751_perlmutter_3c2ea15d,l01_slipstream_v2_trace-610042_b8_k8_isolated,isolated,flux,6,1,iso_sync_ms,9.202605,recorder
20260824-100751_perlmutter_3c2ea15d,l01_slipstream_v2_trace-610042_b8_k8_isolated,isolated,flux,6,2,iso_sync_ms,8.467587,recorder
20260824-100751_perlmutter_3c2ea15d,l01_slipstream_v2_trace-610042_b8_k8_isolated,isolated,flux,6,3,iso_sync_ms,8.662052,recorder
20260824-100751_perlmutter_3c2ea15d,l01_slipstream_v2_trace-610042_b8_k8_isolated,isolated,flux,6,4,iso_sync_ms,8.432037,recorder
20260824-100751_perlmutter_3c2ea15d,l01_slipstream_v2_trace-610042_b8_k8_isolated,isolated,flux,6,5,iso_sync_ms,9.228846,recorder
20260824-100751_perlmutter_3c2ea15d,l01_slipstream_v2_trace-610042_b8_k8_isolated,isolated,flux,6,6,iso_sync_ms,8.601846,recorder
20260824-100751_perlmutter_3c2ea15d,l01_slipstream_v2_trace-610042_b8_k8_isolated,isolated,flux,6,7,iso_sync_ms,8.822272,recorder
20260824-100751_perlmutter_3c2ea15d,l01_slipstream_v2_trace-610042_b8_k8_isolated,isolated,flux,6,8,iso_sync_ms,8.625141,recorder
20260824-100751_perlmutter_3c2ea15d,l01_slipstream_v2_trace-610042_b8_k8_isolated,isolated,flux,6,9,iso_sync_ms,8.781072,recorder
20260824-100751_perlmutter_3c2ea15d,l01_slipstream_v2_trace-610042_b8_k8_isolated,isolated,flux,7,0,e2e_ms,9.253728,recorder
20260824-100751_perlmutter_3c2ea15d,l01_slipstream_v2_trace-610042_b8_k8_isolated,isolated,flux,7,1,e2e_ms,8.807616,recorder
20260824-100751_perlmutter_3c2ea15d,l01_slipstream_v2_trace-610042_b8_k8_isolated,isolated,flux,7,2,e2e_ms,9.180928,recorder
20260824-100751_perlmutter_3c2ea15d,l01_slipstream_v2_trace-610042_b8_k8_isolated,isolated,flux,7,3,e2e_ms,8.985504,recorder
20260824-100751_perlmutter_3c2ea15d,l01_slipstream_v2_trace-610042_b8_k8_isolated,isolated,flux,7,4,e2e_ms,9.76608,recorder
20260824-100751_perlmutter_3c2ea15d,l01_slipstream_v2_trace-610042_b8_k8_isolated,isolated,flux,7,5,e2e_ms,9.131712,recorder
20260824-100751_perlmutter_3c2ea15d,l01_slipstream_v2_trace-610042_b8_k8_isolated,isolated,flux,7,6,e2e_ms,9.08896,recorder
20260824-100751_perlmutter_3c2ea15d,l01_slipstream_v2_trace-610042_b8_k8_isolated,isolated,flux,7,7,e2e_ms,9.133696,recorder
20260824-100751_perlmutter_3c2ea15d,l01_slipstream_v2_trace-610042_b8_k8_isolated,isolated,flux,7,8,e2e_ms,9.334464,recorder
20260824-100751_perlmutter_3c2ea15d,l01_slipstream_v2_trace-610042_b8_k8_isolated,isolated,flux,7,9,e2e_ms,8.976736,recorder
20260824-100751_perlmutter_3c2ea15d,l01_slipstream_v2_trace-610042_b8_k8_isolated,isolated,flux,7,0,l0_ms,4.05248,recorder
20260824-100751_perlmutter_3c2ea15d,l01_slipstream_v2_trace-610042_b8_k8_isolated,isolated,flux,7,1,l0_ms,3.706528,recorder
20260824-100751_perlmutter_3c2ea15d,l01_slipstream_v2_trace-610042_b8_k8_isolated,isolated,flux,7,2,l0_ms,4.01072,recorder
20260824-100751_perlmutter_3c2ea15d,l01_slipstream_v2_trace-610042_b8_k8_isolated,isolated,flux,7,3,l0_ms,3.822432,recorder
20260824-100751_perlmutter_3c2ea15d,l01_slipstream_v2_trace-610042_b8_k8_isolated,isolated,flux,7,4,l0_ms,4.045312,recorder
20260824-100751_perlmutter_3c2ea15d,l01_slipstream_v2_trace-610042_b8_k8_isolated,isolated,flux,7,5,l0_ms,3.96224,recorder
20260824-100751_perlmutter_3c2ea15d,l01_slipstream_v2_trace-610042_b8_k8_isolated,isolated,flux,7,6,l0_ms,4.053728,recorder
20260824-100751_perlmutter_3c2ea15d,l01_slipstream_v2_trace-610042_b8_k8_isolated,isolated,flux,7,7,l0_ms,3.854176,recorder
20260824-100751_perlmutter_3c2ea15d,l01_slipstream_v2_trace-610042_b8_k8_isolated,isolated,flux,7,8,l0_ms,4.035296,recorder
20260824-100751_perlmutter_3c2ea15d,l01_slipstream_v2_trace-610042_b8_k8_isolated,isolated,flux,7,9,l0_ms,3.7168,recorder
20260824-100751_perlmutter_3c2ea15d,l01_slipstream_v2_trace-610042_b8_k8_isolated,isolated,flux,7,0,act_ms,0.032544,recorder
20260824-100751_perlmutter_3c2ea15d,l01_slipstream_v2_trace-610042_b8_k8_isolated,isolated,flux,7,1,act_ms,0.031872,recorder
20260824-100751_perlmutter_3c2ea15d,l01_slipstream_v2_trace-610042_b8_k8_isolated,isolated,flux,7,2,act_ms,0.033152,recorder
20260824-100751_perlmutter_3c2ea15d,l01_slipstream_v2_trace-610042_b8_k8_isolated,isolated,flux,7,3,act_ms,0.031776,recorder
20260824-100751_perlmutter_3c2ea15d,l01_slipstream_v2_trace-610042_b8_k8_isolated,isolated,flux,7,4,act_ms,0.032192,recorder
20260824-100751_perlmutter_3c2ea15d,l01_slipstream_v2_trace-610042_b8_k8_isolated,isolated,flux,7,5,act_ms,0.032384,recorder
20260824-100751_perlmutter_3c2ea15d,l01_slipstream_v2_trace-610042_b8_k8_isolated,isolated,flux,7,6,act_ms,0.032,recorder
20260824-100751_perlmutter_3c2ea15d,l01_slipstream_v2_trace-610042_b8_k8_isolated,isolated,flux,7,7,act_ms,0.031584,recorder
20260824-100751_perlmutter_3c2ea15d,l01_slipstream_v2_trace-610042_b8_k8_isolated,isolated,flux,7,8,act_ms,0.03248,recorder
20260824-100751_perlmutter_3c2ea15d,l01_slipstream_v2_trace-610042_b8_k8_isolated,isolated,flux,7,9,act_ms,0.030976,recorder
20260824-100751_perlmutter_3c2ea15d,l01_slipstream_v2_trace-610042_b8_k8_isolated,isolated,flux,7,0,l1_ms,5.168704,recorder
20260824-100751_perlmutter_3c2ea15d,l01_slipstream_v2_trace-610042_b8_k8_isolated,isolated,flux,7,1,l1_ms,5.069216,recorder
20260824-100751_perlmutter_3c2ea15d,l01_slipstream_v2_trace-610042_b8_k8_isolated,isolated,flux,7,2,l1_ms,5.137056,recorder
20260824-100751_perlmutter_3c2ea15d,l01_slipstream_v2_trace-610042_b8_k8_isolated,isolated,flux,7,3,l1_ms,5.131296,recorder
20260824-100751_perlmutter_3c2ea15d,l01_slipstream_v2_trace-610042_b8_k8_isolated,isolated,flux,7,4,l1_ms,5.688576,recorder
20260824-100751_perlmutter_3c2ea15d,l01_slipstream_v2_trace-610042_b8_k8_isolated,isolated,flux,7,5,l1_ms,5.137088,recorder
20260824-100751_perlmutter_3c2ea15d,l01_slipstream_v2_trace-610042_b8_k8_isolated,isolated,flux,7,6,l1_ms,5.003232,recorder
20260824-100751_perlmutter_3c2ea15d,l01_slipstream_v2_trace-610042_b8_k8_isolated,isolated,flux,7,7,l1_ms,5.247936,recorder
20260824-100751_perlmutter_3c2ea15d,l01_slipstream_v2_trace-610042_b8_k8_isolated,isolated,flux,7,8,l1_ms,5.266688,recorder
20260824-100751_perlmutter_3c2ea15d,l01_slipstream_v2_trace-610042_b8_k8_isolated,isolated,flux,7,9,l1_ms,5.22896,recorder
20260824-100751_perlmutter_3c2ea15d,l01_slipstream_v2_trace-610042_b8_k8_isolated,isolated,flux,7,0,plan_comm_ms,0.42864,recorder
20260824-100751_perlmutter_3c2ea15d,l01_slipstream_v2_trace-610042_b8_k8_isolated,isolated,flux,7,1,plan_comm_ms,0.6384,recorder
20260824-100751_perlmutter_3c2ea15d,l01_slipstream_v2_trace-610042_b8_k8_isolated,isolated,flux,7,2,plan_comm_ms,0.157152,recorder
20260824-100751_perlmutter_3c2ea15d,l01_slipstream_v2_trace-610042_b8_k8_isolated,isolated,flux,7,3,plan_comm_ms,0.325024,recorder
20260824-100751_perlmutter_3c2ea15d,l01_slipstream_v2_trace-610042_b8_k8_isolated,isolated,flux,7,4,plan_comm_ms,0.625056,recorder
20260824-100751_perlmutter_3c2ea15d,l01_slipstream_v2_trace-610042_b8_k8_isolated,isolated,flux,7,5,plan_comm_ms,0.180736,recorder
20260824-100751_perlmutter_3c2ea15d,l01_slipstream_v2_trace-610042_b8_k8_isolated,isolated,flux,7,6,plan_comm_ms,0.182048,recorder
20260824-100751_perlmutter_3c2ea15d,l01_slipstream_v2_trace-610042_b8_k8_isolated,isolated,flux,7,7,plan_comm_ms,0.488832,recorder
20260824-100751_perlmutter_3c2ea15d,l01_slipstream_v2_trace-610042_b8_k8_isolated,isolated,flux,7,8,plan_comm_ms,0.187744,recorder
20260824-100751_perlmutter_3c2ea15d,l01_slipstream_v2_trace-610042_b8_k8_isolated,isolated,flux,7,9,plan_comm_ms,0.173632,recorder
20260824-100751_perlmutter_3c2ea15d,l01_slipstream_v2_trace-610042_b8_k8_isolated,isolated,flux,7,0,plan_ms,0.77232,recorder
20260824-100751_perlmutter_3c2ea15d,l01_slipstream_v2_trace-610042_b8_k8_isolated,isolated,flux,7,1,plan_ms,0.907776,recorder
20260824-100751_perlmutter_3c2ea15d,l01_slipstream_v2_trace-610042_b8_k8_isolated,isolated,flux,7,2,plan_ms,0.772192,recorder
20260824-100751_perlmutter_3c2ea15d,l01_slipstream_v2_trace-610042_b8_k8_isolated,isolated,flux,7,3,plan_ms,0.76144,recorder
20260824-100751_perlmutter_3c2ea15d,l01_slipstream_v2_trace-610042_b8_k8_isolated,isolated,flux,7,4,plan_ms,0.760512,recorder
20260824-100751_perlmutter_3c2ea15d,l01_slipstream_v2_trace-610042_b8_k8_isolated,isolated,flux,7,5,plan_ms,0.765632,recorder
20260824-100751_perlmutter_3c2ea15d,l01_slipstream_v2_trace-610042_b8_k8_isolated,isolated,flux,7,6,plan_ms,0.75552,recorder
20260824-100751_perlmutter_3c2ea15d,l01_slipstream_v2_trace-610042_b8_k8_isolated,isolated,flux,7,7,plan_ms,0.751264,recorder
20260824-100751_perlmutter_3c2ea15d,l01_slipstream_v2_trace-610042_b8_k8_isolated,isolated,flux,7,8,plan_ms,0.765728,recorder
20260824-100751_perlmutter_3c2ea15d,l01_slipstream_v2_trace-610042_b8_k8_isolated,isolated,flux,7,9,plan_ms,0.752448,recorder
20260824-100751_perlmutter_3c2ea15d,l01_slipstream_v2_trace-610042_b8_k8_isolated,isolated,flux,7,0,total_ms,10.457024,recorder
20260824-100751_perlmutter_3c2ea15d,l01_slipstream_v2_trace-610042_b8_k8_isolated,isolated,flux,7,1,total_ms,10.356128,recorder
20260824-100751_perlmutter_3c2ea15d,l01_slipstream_v2_trace-610042_b8_k8_isolated,isolated,flux,7,2,total_ms,10.112576,recorder
20260824-100751_perlmutter_3c2ea15d,l01_slipstream_v2_trace-610042_b8_k8_isolated,isolated,flux,7,3,total_ms,10.074304,recorder
20260824-100751_perlmutter_3c2ea15d,l01_slipstream_v2_trace-610042_b8_k8_isolated,isolated,flux,7,4,total_ms,11.153952,recorder
20260824-100751_perlmutter_3c2ea15d,l01_slipstream_v2_trace-610042_b8_k8_isolated,isolated,flux,7,5,total_ms,10.080384,recorder
20260824-100751_perlmutter_3c2ea15d,l01_slipstream_v2_trace-610042_b8_k8_isolated,isolated,flux,7,6,total_ms,10.028864,recorder
20260824-100751_perlmutter_3c2ea15d,l01_slipstream_v2_trace-610042_b8_k8_isolated,isolated,flux,7,7,total_ms,10.376128,recorder
20260824-100751_perlmutter_3c2ea15d,l01_slipstream_v2_trace-610042_b8_k8_isolated,isolated,flux,7,8,total_ms,10.290272,recorder
20260824-100751_perlmutter_3c2ea15d,l01_slipstream_v2_trace-610042_b8_k8_isolated,isolated,flux,7,9,total_ms,9.905152,recorder
20260824-100751_perlmutter_3c2ea15d,l01_slipstream_v2_trace-610042_b8_k8_isolated,isolated,flux,7,0,iso_sync_ms,8.559524,recorder
20260824-100751_perlmutter_3c2ea15d,l01_slipstream_v2_trace-610042_b8_k8_isolated,isolated,flux,7,1,iso_sync_ms,9.183468,recorder
20260824-100751_perlmutter_3c2ea15d,l01_slipstream_v2_trace-610042_b8_k8_isolated,isolated,flux,7,2,iso_sync_ms,8.146116,recorder
20260824-100751_perlmutter_3c2ea15d,l01_slipstream_v2_trace-610042_b8_k8_isolated,isolated,flux,7,3,iso_sync_ms,8.644919,recorder
20260824-100751_perlmutter_3c2ea15d,l01_slipstream_v2_trace-610042_b8_k8_isolated,isolated,flux,7,4,iso_sync_ms,8.43344,recorder
20260824-100751_perlmutter_3c2ea15d,l01_slipstream_v2_trace-610042_b8_k8_isolated,isolated,flux,7,5,iso_sync_ms,9.1793,recorder
20260824-100751_perlmutter_3c2ea15d,l01_slipstream_v2_trace-610042_b8_k8_isolated,isolated,flux,7,6,iso_sync_ms,8.578802,recorder
20260824-100751_perlmutter_3c2ea15d,l01_slipstream_v2_trace-610042_b8_k8_isolated,isolated,flux,7,7,iso_sync_ms,8.81111,recorder
20260824-100751_perlmutter_3c2ea15d,l01_slipstream_v2_trace-610042_b8_k8_isolated,isolated,flux,7,8,iso_sync_ms,8.643436,recorder
20260824-100751_perlmutter_3c2ea15d,l01_slipstream_v2_trace-610042_b8_k8_isolated,isolated,flux,7,9,iso_sync_ms,8.759981,recorder
20260824-100751_perlmutter_3c2ea15d,l01_slipstream_v2_trace-610042_b8_k8_isolated,isolated,flux,8,0,e2e_ms,9.278848,recorder
20260824-100751_perlmutter_3c2ea15d,l01_slipstream_v2_trace-610042_b8_k8_isolated,isolated,flux,8,1,e2e_ms,8.943168,recorder
20260824-100751_perlmutter_3c2ea15d,l01_slipstream_v2_trace-610042_b8_k8_isolated,isolated,flux,8,2,e2e_ms,9.183488,recorder
20260824-100751_perlmutter_3c2ea15d,l01_slipstream_v2_trace-610042_b8_k8_isolated,isolated,flux,8,3,e2e_ms,8.976864,recorder
20260824-100751_perlmutter_3c2ea15d,l01_slipstream_v2_trace-610042_b8_k8_isolated,isolated,flux,8,4,e2e_ms,9.75424,recorder
20260824-100751_perlmutter_3c2ea15d,l01_slipstream_v2_trace-610042_b8_k8_isolated,isolated,flux,8,5,e2e_ms,9.13552,recorder
20260824-100751_perlmutter_3c2ea15d,l01_slipstream_v2_trace-610042_b8_k8_isolated,isolated,flux,8,6,e2e_ms,9.107872,recorder
20260824-100751_perlmutter_3c2ea15d,l01_slipstream_v2_trace-610042_b8_k8_isolated,isolated,flux,8,7,e2e_ms,9.11248,recorder
20260824-100751_perlmutter_3c2ea15d,l01_slipstream_v2_trace-610042_b8_k8_isolated,isolated,flux,8,8,e2e_ms,9.354944,recorder
20260824-100751_perlmutter_3c2ea15d,l01_slipstream_v2_trace-610042_b8_k8_isolated,isolated,flux,8,9,e2e_ms,8.988704,recorder
20260824-100751_perlmutter_3c2ea15d,l01_slipstream_v2_trace-610042_b8_k8_isolated,isolated,flux,8,0,l0_ms,3.974016,recorder
20260824-100751_perlmutter_3c2ea15d,l01_slipstream_v2_trace-610042_b8_k8_isolated,isolated,flux,8,1,l0_ms,3.833344,recorder
20260824-100751_perlmutter_3c2ea15d,l01_slipstream_v2_trace-610042_b8_k8_isolated,isolated,flux,8,2,l0_ms,4.002464,recorder
20260824-100751_perlmutter_3c2ea15d,l01_slipstream_v2_trace-610042_b8_k8_isolated,isolated,flux,8,3,l0_ms,3.81392,recorder
20260824-100751_perlmutter_3c2ea15d,l01_slipstream_v2_trace-610042_b8_k8_isolated,isolated,flux,8,4,l0_ms,4.068864,recorder
20260824-100751_perlmutter_3c2ea15d,l01_slipstream_v2_trace-610042_b8_k8_isolated,isolated,flux,8,5,l0_ms,3.851776,recorder
20260824-100751_perlmutter_3c2ea15d,l01_slipstream_v2_trace-610042_b8_k8_isolated,isolated,flux,8,6,l0_ms,3.962944,recorder
20260824-100751_perlmutter_3c2ea15d,l01_slipstream_v2_trace-610042_b8_k8_isolated,isolated,flux,8,7,l0_ms,3.86016,recorder
20260824-100751_perlmutter_3c2ea15d,l01_slipstream_v2_trace-610042_b8_k8_isolated,isolated,flux,8,8,l0_ms,4.058944,recorder
20260824-100751_perlmutter_3c2ea15d,l01_slipstream_v2_trace-610042_b8_k8_isolated,isolated,flux,8,9,l0_ms,3.727072,recorder
20260824-100751_perlmutter_3c2ea15d,l01_slipstream_v2_trace-610042_b8_k8_isolated,isolated,flux,8,0,act_ms,0.024928,recorder
20260824-100751_perlmutter_3c2ea15d,l01_slipstream_v2_trace-610042_b8_k8_isolated,isolated,flux,8,1,act_ms,0.024512,recorder
20260824-100751_perlmutter_3c2ea15d,l01_slipstream_v2_trace-610042_b8_k8_isolated,isolated,flux,8,2,act_ms,0.024608,recorder
20260824-100751_perlmutter_3c2ea15d,l01_slipstream_v2_trace-610042_b8_k8_isolated,isolated,flux,8,3,act_ms,0.025888,recorder
20260824-100751_perlmutter_3c2ea15d,l01_slipstream_v2_trace-610042_b8_k8_isolated,isolated,flux,8,4,act_ms,0.026208,recorder
20260824-100751_perlmutter_3c2ea15d,l01_slipstream_v2_trace-610042_b8_k8_isolated,isolated,flux,8,5,act_ms,0.0256,recorder
20260824-100751_perlmutter_3c2ea15d,l01_slipstream_v2_trace-610042_b8_k8_isolated,isolated,flux,8,6,act_ms,0.0256,recorder
20260824-100751_perlmutter_3c2ea15d,l01_slipstream_v2_trace-610042_b8_k8_isolated,isolated,flux,8,7,act_ms,0.023712,recorder
20260824-100751_perlmutter_3c2ea15d,l01_slipstream_v2_trace-610042_b8_k8_isolated,isolated,flux,8,8,act_ms,0.025632,recorder
20260824-100751_perlmutter_3c2ea15d,l01_slipstream_v2_trace-610042_b8_k8_isolated,isolated,flux,8,9,act_ms,0.023648,recorder
20260824-100751_perlmutter_3c2ea15d,l01_slipstream_v2_trace-610042_b8_k8_isolated,isolated,flux,8,0,l1_ms,5.279904,recorder
20260824-100751_perlmutter_3c2ea15d,l01_slipstream_v2_trace-610042_b8_k8_isolated,isolated,flux,8,1,l1_ms,5.085312,recorder
20260824-100751_perlmutter_3c2ea15d,l01_slipstream_v2_trace-610042_b8_k8_isolated,isolated,flux,8,2,l1_ms,5.156416,recorder
20260824-100751_perlmutter_3c2ea15d,l01_slipstream_v2_trace-610042_b8_k8_isolated,isolated,flux,8,3,l1_ms,5.137056,recorder
20260824-100751_perlmutter_3c2ea15d,l01_slipstream_v2_trace-610042_b8_k8_isolated,isolated,flux,8,4,l1_ms,5.659168,recorder
20260824-100751_perlmutter_3c2ea15d,l01_slipstream_v2_trace-610042_b8_k8_isolated,isolated,flux,8,5,l1_ms,5.258144,recorder
20260824-100751_perlmutter_3c2ea15d,l01_slipstream_v2_trace-610042_b8_k8_isolated,isolated,flux,8,6,l1_ms,5.119328,recorder
20260824-100751_perlmutter_3c2ea15d,l01_slipstream_v2_trace-610042_b8_k8_isolated,isolated,flux,8,7,l1_ms,5.228608,recorder
20260824-100751_perlmutter_3c2ea15d,l01_slipstream_v2_trace-610042_b8_k8_isolated,isolated,flux,8,8,l1_ms,5.270368,recorder
20260824-100751_perlmutter_3c2ea15d,l01_slipstream_v2_trace-610042_b8_k8_isolated,isolated,flux,8,9,l1_ms,5.237984,recorder
20260824-100751_perlmutter_3c2ea15d,l01_slipstream_v2_trace-610042_b8_k8_isolated,isolated,flux,8,0,plan_comm_ms,0.458176,recorder
20260824-100751_perlmutter_3c2ea15d,l01_slipstream_v2_trace-610042_b8_k8_isolated,isolated,flux,8,1,plan_comm_ms,0.930816,recorder
20260824-100751_perlmutter_3c2ea15d,l01_slipstream_v2_trace-610042_b8_k8_isolated,isolated,flux,8,2,plan_comm_ms,0.180736,recorder
20260824-100751_perlmutter_3c2ea15d,l01_slipstream_v2_trace-610042_b8_k8_isolated,isolated,flux,8,3,plan_comm_ms,0.32816,recorder
20260824-100751_perlmutter_3c2ea15d,l01_slipstream_v2_trace-610042_b8_k8_isolated,isolated,flux,8,4,plan_comm_ms,0.635872,recorder
20260824-100751_perlmutter_3c2ea15d,l01_slipstream_v2_trace-610042_b8_k8_isolated,isolated,flux,8,5,plan_comm_ms,0.190144,recorder
20260824-100751_perlmutter_3c2ea15d,l01_slipstream_v2_trace-610042_b8_k8_isolated,isolated,flux,8,6,plan_comm_ms,0.18224,recorder
20260824-100751_perlmutter_3c2ea15d,l01_slipstream_v2_trace-610042_b8_k8_isolated,isolated,flux,8,7,plan_comm_ms,0.500352,recorder
20260824-100751_perlmutter_3c2ea15d,l01_slipstream_v2_trace-610042_b8_k8_isolated,isolated,flux,8,8,plan_comm_ms,0.175168,recorder
20260824-100751_perlmutter_3c2ea15d,l01_slipstream_v2_trace-610042_b8_k8_isolated,isolated,flux,8,9,plan_comm_ms,0.167072,recorder
20260824-100751_perlmutter_3c2ea15d,l01_slipstream_v2_trace-610042_b8_k8_isolated,isolated,flux,8,0,plan_ms,0.758496,recorder
20260824-100751_perlmutter_3c2ea15d,l01_slipstream_v2_trace-610042_b8_k8_isolated,isolated,flux,8,1,plan_ms,0.771968,recorder
20260824-100751_perlmutter_3c2ea15d,l01_slipstream_v2_trace-610042_b8_k8_isolated,isolated,flux,8,2,plan_ms,0.756928,recorder
20260824-100751_perlmutter_3c2ea15d,l01_slipstream_v2_trace-610042_b8_k8_isolated,isolated,flux,8,3,plan_ms,0.775552,recorder
20260824-100751_perlmutter_3c2ea15d,l01_slipstream_v2_trace-610042_b8_k8_isolated,isolated,flux,8,4,plan_ms,0.759744,recorder
20260824-100751_perlmutter_3c2ea15d,l01_slipstream_v2_trace-610042_b8_k8_isolated,isolated,flux,8,5,plan_ms,0.754368,recorder
20260824-100751_perlmutter_3c2ea15d,l01_slipstream_v2_trace-610042_b8_k8_isolated,isolated,flux,8,6,plan_ms,0.75408,recorder
20260824-100751_perlmutter_3c2ea15d,l01_slipstream_v2_trace-610042_b8_k8_isolated,isolated,flux,8,7,plan_ms,0.766112,recorder
20260824-100751_perlmutter_3c2ea15d,l01_slipstream_v2_trace-610042_b8_k8_isolated,isolated,flux,8,8,plan_ms,0.75488,recorder
20260824-100751_perlmutter_3c2ea15d,l01_slipstream_v2_trace-610042_b8_k8_isolated,isolated,flux,8,9,plan_ms,0.763584,recorder
20260824-100751_perlmutter_3c2ea15d,l01_slipstream_v2_trace-610042_b8_k8_isolated,isolated,flux,8,0,total_ms,10.497856,recorder
20260824-100751_perlmutter_3c2ea15d,l01_slipstream_v2_trace-610042_b8_k8_isolated,isolated,flux,8,1,total_ms,10.648288,recorder
20260824-100751_perlmutter_3c2ea15d,l01_slipstream_v2_trace-610042_b8_k8_isolated,isolated,flux,8,2,total_ms,10.123488,recorder
20260824-100751_perlmutter_3c2ea15d,l01_slipstream_v2_trace-610042_b8_k8_isolated,isolated,flux,8,3,total_ms,10.082944,recorder
20260824-100751_perlmutter_3c2ea15d,l01_slipstream_v2_trace-610042_b8_k8_isolated,isolated,flux,8,4,total_ms,11.152192,recorder
20260824-100751_perlmutter_3c2ea15d,l01_slipstream_v2_trace-610042_b8_k8_isolated,isolated,flux,8,5,total_ms,10.0824,recorder
20260824-100751_perlmutter_3c2ea15d,l01_slipstream_v2_trace-610042_b8_k8_isolated,isolated,flux,8,6,total_ms,10.04656,recorder
20260824-100751_perlmutter_3c2ea15d,l01_slipstream_v2_trace-610042_b8_k8_isolated,isolated,flux,8,7,total_ms,10.381664,recorder
20260824-100751_perlmutter_3c2ea15d,l01_slipstream_v2_trace-610042_b8_k8_isolated,isolated,flux,8,8,total_ms,10.28736,recorder
20260824-100751_perlmutter_3c2ea15d,l01_slipstream_v2_trace-610042_b8_k8_isolated,isolated,flux,8,9,total_ms,9.921728,recorder
20260824-100751_perlmutter_3c2ea15d,l01_slipstream_v2_trace-610042_b8_k8_isolated,isolated,flux,8,0,iso_sync_ms,8.508764,recorder
20260824-100751_perlmutter_3c2ea15d,l01_slipstream_v2_trace-610042_b8_k8_isolated,isolated,flux,8,1,iso_sync_ms,9.150894,recorder
20260824-100751_perlmutter_3c2ea15d,l01_slipstream_v2_trace-610042_b8_k8_isolated,isolated,flux,8,2,iso_sync_ms,8.401366,recorder
20260824-100751_perlmutter_3c2ea15d,l01_slipstream_v2_trace-610042_b8_k8_isolated,isolated,flux,8,3,iso_sync_ms,8.652011,recorder
20260824-100751_perlmutter_3c2ea15d,l01_slipstream_v2_trace-610042_b8_k8_isolated,isolated,flux,8,4,iso_sync_ms,8.440262,recorder
20260824-100751_perlmutter_3c2ea15d,l01_slipstream_v2_trace-610042_b8_k8_isolated,isolated,flux,8,5,iso_sync_ms,9.20082,recorder
20260824-100751_perlmutter_3c2ea15d,l01_slipstream_v2_trace-610042_b8_k8_isolated,isolated,flux,8,6,iso_sync_ms,8.629027,recorder
20260824-100751_perlmutter_3c2ea15d,l01_slipstream_v2_trace-610042_b8_k8_isolated,isolated,flux,8,7,iso_sync_ms,8.841497,recorder
20260824-100751_perlmutter_3c2ea15d,l01_slipstream_v2_trace-610042_b8_k8_isolated,isolated,flux,8,8,iso_sync_ms,8.590922,recorder
20260824-100751_perlmutter_3c2ea15d,l01_slipstream_v2_trace-610042_b8_k8_isolated,isolated,flux,8,9,iso_sync_ms,8.778596,recorder
20260824-100751_perlmutter_3c2ea15d,l01_slipstream_v2_trace-610042_b8_k8_isolated,isolated,flux,9,0,e2e_ms,9.26816,recorder
20260824-100751_perlmutter_3c2ea15d,l01_slipstream_v2_trace-610042_b8_k8_isolated,isolated,flux,9,1,e2e_ms,8.980288,recorder
20260824-100751_perlmutter_3c2ea15d,l01_slipstream_v2_trace-610042_b8_k8_isolated,isolated,flux,9,2,e2e_ms,9.179072,recorder
20260824-100751_perlmutter_3c2ea15d,l01_slipstream_v2_trace-610042_b8_k8_isolated,isolated,flux,9,3,e2e_ms,8.992768,recorder
20260824-100751_perlmutter_3c2ea15d,l01_slipstream_v2_trace-610042_b8_k8_isolated,isolated,flux,9,4,e2e_ms,9.750272,recorder
20260824-100751_perlmutter_3c2ea15d,l01_slipstream_v2_trace-610042_b8_k8_isolated,isolated,flux,9,5,e2e_ms,9.143328,recorder
20260824-100751_perlmutter_3c2ea15d,l01_slipstream_v2_trace-610042_b8_k8_isolated,isolated,flux,9,6,e2e_ms,9.094944,recorder
20260824-100751_perlmutter_3c2ea15d,l01_slipstream_v2_trace-610042_b8_k8_isolated,isolated,flux,9,7,e2e_ms,9.115904,recorder
20260824-100751_perlmutter_3c2ea15d,l01_slipstream_v2_trace-610042_b8_k8_isolated,isolated,flux,9,8,e2e_ms,9.362432,recorder
20260824-100751_perlmutter_3c2ea15d,l01_slipstream_v2_trace-610042_b8_k8_isolated,isolated,flux,9,9,e2e_ms,8.997856,recorder
20260824-100751_perlmutter_3c2ea15d,l01_slipstream_v2_trace-610042_b8_k8_isolated,isolated,flux,9,0,l0_ms,3.970752,recorder
20260824-100751_perlmutter_3c2ea15d,l01_slipstream_v2_trace-610042_b8_k8_isolated,isolated,flux,9,1,l0_ms,3.85792,recorder
20260824-100751_perlmutter_3c2ea15d,l01_slipstream_v2_trace-610042_b8_k8_isolated,isolated,flux,9,2,l0_ms,4.004096,recorder
20260824-100751_perlmutter_3c2ea15d,l01_slipstream_v2_trace-610042_b8_k8_isolated,isolated,flux,9,3,l0_ms,3.835072,recorder
20260824-100751_perlmutter_3c2ea15d,l01_slipstream_v2_trace-610042_b8_k8_isolated,isolated,flux,9,4,l0_ms,4.063264,recorder
20260824-100751_perlmutter_3c2ea15d,l01_slipstream_v2_trace-610042_b8_k8_isolated,isolated,flux,9,5,l0_ms,3.860256,recorder
20260824-100751_perlmutter_3c2ea15d,l01_slipstream_v2_trace-610042_b8_k8_isolated,isolated,flux,9,6,l0_ms,3.959072,recorder
20260824-100751_perlmutter_3c2ea15d,l01_slipstream_v2_trace-610042_b8_k8_isolated,isolated,flux,9,7,l0_ms,3.86464,recorder
20260824-100751_perlmutter_3c2ea15d,l01_slipstream_v2_trace-610042_b8_k8_isolated,isolated,flux,9,8,l0_ms,4.064544,recorder
20260824-100751_perlmutter_3c2ea15d,l01_slipstream_v2_trace-610042_b8_k8_isolated,isolated,flux,9,9,l0_ms,3.750592,recorder
20260824-100751_perlmutter_3c2ea15d,l01_slipstream_v2_trace-610042_b8_k8_isolated,isolated,flux,9,0,act_ms,0.033792,recorder
20260824-100751_perlmutter_3c2ea15d,l01_slipstream_v2_trace-610042_b8_k8_isolated,isolated,flux,9,1,act_ms,0.033152,recorder
20260824-100751_perlmutter_3c2ea15d,l01_slipstream_v2_trace-610042_b8_k8_isolated,isolated,flux,9,2,act_ms,0.03296,recorder
20260824-100751_perlmutter_3c2ea15d,l01_slipstream_v2_trace-610042_b8_k8_isolated,isolated,flux,9,3,act_ms,0.035008,recorder
20260824-100751_perlmutter_3c2ea15d,l01_slipstream_v2_trace-610042_b8_k8_isolated,isolated,flux,9,4,act_ms,0.034048,recorder
20260824-100751_perlmutter_3c2ea15d,l01_slipstream_v2_trace-610042_b8_k8_isolated,isolated,flux,9,5,act_ms,0.034176,recorder
20260824-100751_perlmutter_3c2ea15d,l01_slipstream_v2_trace-610042_b8_k8_isolated,isolated,flux,9,6,act_ms,0.03184,recorder
20260824-100751_perlmutter_3c2ea15d,l01_slipstream_v2_trace-610042_b8_k8_isolated,isolated,flux,9,7,act_ms,0.033024,recorder
20260824-100751_perlmutter_3c2ea15d,l01_slipstream_v2_trace-610042_b8_k8_isolated,isolated,flux,9,8,act_ms,0.033728,recorder
20260824-100751_perlmutter_3c2ea15d,l01_slipstream_v2_trace-610042_b8_k8_isolated,isolated,flux,9,9,act_ms,0.03504,recorder
20260824-100751_perlmutter_3c2ea15d,l01_slipstream_v2_trace-610042_b8_k8_isolated,isolated,flux,9,0,l1_ms,5.263616,recorder
20260824-100751_perlmutter_3c2ea15d,l01_slipstream_v2_trace-610042_b8_k8_isolated,isolated,flux,9,1,l1_ms,5.089216,recorder
20260824-100751_perlmutter_3c2ea15d,l01_slipstream_v2_trace-610042_b8_k8_isolated,isolated,flux,9,2,l1_ms,5.142016,recorder
20260824-100751_perlmutter_3c2ea15d,l01_slipstream_v2_trace-610042_b8_k8_isolated,isolated,flux,9,3,l1_ms,5.122688,recorder
20260824-100751_perlmutter_3c2ea15d,l01_slipstream_v2_trace-610042_b8_k8_isolated,isolated,flux,9,4,l1_ms,5.65296,recorder
20260824-100751_perlmutter_3c2ea15d,l01_slipstream_v2_trace-610042_b8_k8_isolated,isolated,flux,9,5,l1_ms,5.248896,recorder
20260824-100751_perlmutter_3c2ea15d,l01_slipstream_v2_trace-610042_b8_k8_isolated,isolated,flux,9,6,l1_ms,5.104032,recorder
20260824-100751_perlmutter_3c2ea15d,l01_slipstream_v2_trace-610042_b8_k8_isolated,isolated,flux,9,7,l1_ms,5.21824,recorder
20260824-100751_perlmutter_3c2ea15d,l01_slipstream_v2_trace-610042_b8_k8_isolated,isolated,flux,9,8,l1_ms,5.26416,recorder
20260824-100751_perlmutter_3c2ea15d,l01_slipstream_v2_trace-610042_b8_k8_isolated,isolated,flux,9,9,l1_ms,5.212224,recorder
20260824-100751_perlmutter_3c2ea15d,l01_slipstream_v2_trace-610042_b8_k8_isolated,isolated,flux,9,0,plan_comm_ms,0.452224,recorder
20260824-100751_perlmutter_3c2ea15d,l01_slipstream_v2_trace-610042_b8_k8_isolated,isolated,flux,9,1,plan_comm_ms,0.930624,recorder
20260824-100751_perlmutter_3c2ea15d,l01_slipstream_v2_trace-610042_b8_k8_isolated,isolated,flux,9,2,plan_comm_ms,0.168608,recorder
20260824-100751_perlmutter_3c2ea15d,l01_slipstream_v2_trace-610042_b8_k8_isolated,isolated,flux,9,3,plan_comm_ms,0.328512,recorder
20260824-100751_perlmutter_3c2ea15d,l01_slipstream_v2_trace-610042_b8_k8_isolated,isolated,flux,9,4,plan_comm_ms,0.63072,recorder
20260824-100751_perlmutter_3c2ea15d,l01_slipstream_v2_trace-610042_b8_k8_isolated,isolated,flux,9,5,plan_comm_ms,0.190688,recorder
20260824-100751_perlmutter_3c2ea15d,l01_slipstream_v2_trace-610042_b8_k8_isolated,isolated,flux,9,6,plan_comm_ms,0.180704,recorder
20260824-100751_perlmutter_3c2ea15d,l01_slipstream_v2_trace-610042_b8_k8_isolated,isolated,flux,9,7,plan_comm_ms,0.494464,recorder
20260824-100751_perlmutter_3c2ea15d,l01_slipstream_v2_trace-610042_b8_k8_isolated,isolated,flux,9,8,plan_comm_ms,0.169344,recorder
20260824-100751_perlmutter_3c2ea15d,l01_slipstream_v2_trace-610042_b8_k8_isolated,isolated,flux,9,9,plan_comm_ms,0.163584,recorder
20260824-100751_perlmutter_3c2ea15d,l01_slipstream_v2_trace-610042_b8_k8_isolated,isolated,flux,9,0,plan_ms,0.776064,recorder
20260824-100751_perlmutter_3c2ea15d,l01_slipstream_v2_trace-610042_b8_k8_isolated,isolated,flux,9,1,plan_ms,0.755904,recorder
20260824-100751_perlmutter_3c2ea15d,l01_slipstream_v2_trace-610042_b8_k8_isolated,isolated,flux,9,2,plan_ms,0.766816,recorder
20260824-100751_perlmutter_3c2ea15d,l01_slipstream_v2_trace-610042_b8_k8_isolated,isolated,flux,9,3,plan_ms,0.753376,recorder
20260824-100751_perlmutter_3c2ea15d,l01_slipstream_v2_trace-610042_b8_k8_isolated,isolated,flux,9,4,plan_ms,0.773312,recorder
20260824-100751_perlmutter_3c2ea15d,l01_slipstream_v2_trace-610042_b8_k8_isolated,isolated,flux,9,5,plan_ms,0.753728,recorder
20260824-100751_perlmutter_3c2ea15d,l01_slipstream_v2_trace-610042_b8_k8_isolated,isolated,flux,9,6,plan_ms,0.766784,recorder
20260824-100751_perlmutter_3c2ea15d,l01_slipstream_v2_trace-610042_b8_k8_isolated,isolated,flux,9,7,plan_ms,0.777728,recorder
20260824-100751_perlmutter_3c2ea15d,l01_slipstream_v2_trace-610042_b8_k8_isolated,isolated,flux,9,8,plan_ms,0.761376,recorder
20260824-100751_perlmutter_3c2ea15d,l01_slipstream_v2_trace-610042_b8_k8_isolated,isolated,flux,9,9,plan_ms,0.750912,recorder
20260824-100751_perlmutter_3c2ea15d,l01_slipstream_v2_trace-610042_b8_k8_isolated,isolated,flux,9,0,total_ms,10.498752,recorder
20260824-100751_perlmutter_3c2ea15d,l01_slipstream_v2_trace-610042_b8_k8_isolated,isolated,flux,9,1,total_ms,10.66912,recorder
20260824-100751_perlmutter_3c2ea15d,l01_slipstream_v2_trace-610042_b8_k8_isolated,isolated,flux,9,2,total_ms,10.1168,recorder
20260824-100751_perlmutter_3c2ea15d,l01_slipstream_v2_trace-610042_b8_k8_isolated,isolated,flux,9,3,total_ms,10.07696,recorder
20260824-100751_perlmutter_3c2ea15d,l01_slipstream_v2_trace-610042_b8_k8_isolated,isolated,flux,9,4,total_ms,11.156576,recorder
20260824-100751_perlmutter_3c2ea15d,l01_slipstream_v2_trace-610042_b8_k8_isolated,isolated,flux,9,5,total_ms,10.090016,recorder
20260824-100751_perlmutter_3c2ea15d,l01_slipstream_v2_trace-610042_b8_k8_isolated,isolated,flux,9,6,total_ms,10.044704,recorder
20260824-100751_perlmutter_3c2ea15d,l01_slipstream_v2_trace-610042_b8_k8_isolated,isolated,flux,9,7,total_ms,10.390368,recorder
20260824-100751_perlmutter_3c2ea15d,l01_slipstream_v2_trace-610042_b8_k8_isolated,isolated,flux,9,8,total_ms,10.295456,recorder
20260824-100751_perlmutter_3c2ea15d,l01_slipstream_v2_trace-610042_b8_k8_isolated,isolated,flux,9,9,total_ms,9.914624,recorder
20260824-100751_perlmutter_3c2ea15d,l01_slipstream_v2_trace-610042_b8_k8_isolated,isolated,flux,9,0,iso_sync_ms,8.515737,recorder
20260824-100751_perlmutter_3c2ea15d,l01_slipstream_v2_trace-610042_b8_k8_isolated,isolated,flux,9,1,iso_sync_ms,9.154481,recorder
20260824-100751_perlmutter_3c2ea15d,l01_slipstream_v2_trace-610042_b8_k8_isolated,isolated,flux,9,2,iso_sync_ms,8.408831,recorder
20260824-100751_perlmutter_3c2ea15d,l01_slipstream_v2_trace-610042_b8_k8_isolated,isolated,flux,9,3,iso_sync_ms,8.619367,recorder
20260824-100751_perlmutter_3c2ea15d,l01_slipstream_v2_trace-610042_b8_k8_isolated,isolated,flux,9,4,iso_sync_ms,8.46036,recorder
20260824-100751_perlmutter_3c2ea15d,l01_slipstream_v2_trace-610042_b8_k8_isolated,isolated,flux,9,5,iso_sync_ms,9.198426,recorder
20260824-100751_perlmutter_3c2ea15d,l01_slipstream_v2_trace-610042_b8_k8_isolated,isolated,flux,9,6,iso_sync_ms,8.572969,recorder
20260824-100751_perlmutter_3c2ea15d,l01_slipstream_v2_trace-610042_b8_k8_isolated,isolated,flux,9,7,iso_sync_ms,8.789666,recorder
20260824-100751_perlmutter_3c2ea15d,l01_slipstream_v2_trace-610042_b8_k8_isolated,isolated,flux,9,8,iso_sync_ms,8.559432,recorder
20260824-100751_perlmutter_3c2ea15d,l01_slipstream_v2_trace-610042_b8_k8_isolated,isolated,flux,9,9,iso_sync_ms,8.792292,recorder
20260824-100751_perlmutter_3c2ea15d,l01_slipstream_v2_trace-610042_b8_k8_isolated,isolated,flux,10,0,e2e_ms,9.273824,recorder
20260824-100751_perlmutter_3c2ea15d,l01_slipstream_v2_trace-610042_b8_k8_isolated,isolated,flux,10,1,e2e_ms,8.981952,recorder
20260824-100751_perlmutter_3c2ea15d,l01_slipstream_v2_trace-610042_b8_k8_isolated,isolated,flux,10,2,e2e_ms,9.1792,recorder
20260824-100751_perlmutter_3c2ea15d,l01_slipstream_v2_trace-610042_b8_k8_isolated,isolated,flux,10,3,e2e_ms,8.986464,recorder
20260824-100751_perlmutter_3c2ea15d,l01_slipstream_v2_trace-610042_b8_k8_isolated,isolated,flux,10,4,e2e_ms,9.761184,recorder
20260824-100751_perlmutter_3c2ea15d,l01_slipstream_v2_trace-610042_b8_k8_isolated,isolated,flux,10,5,e2e_ms,9.137152,recorder
20260824-100751_perlmutter_3c2ea15d,l01_slipstream_v2_trace-610042_b8_k8_isolated,isolated,flux,10,6,e2e_ms,9.110432,recorder
20260824-100751_perlmutter_3c2ea15d,l01_slipstream_v2_trace-610042_b8_k8_isolated,isolated,flux,10,7,e2e_ms,9.131392,recorder
20260824-100751_perlmutter_3c2ea15d,l01_slipstream_v2_trace-610042_b8_k8_isolated,isolated,flux,10,8,e2e_ms,9.349376,recorder
20260824-100751_perlmutter_3c2ea15d,l01_slipstream_v2_trace-610042_b8_k8_isolated,isolated,flux,10,9,e2e_ms,9.000064,recorder
20260824-100751_perlmutter_3c2ea15d,l01_slipstream_v2_trace-610042_b8_k8_isolated,isolated,flux,10,0,l0_ms,3.9784,recorder
20260824-100751_perlmutter_3c2ea15d,l01_slipstream_v2_trace-610042_b8_k8_isolated,isolated,flux,10,1,l0_ms,3.85408,recorder
20260824-100751_perlmutter_3c2ea15d,l01_slipstream_v2_trace-610042_b8_k8_isolated,isolated,flux,10,2,l0_ms,3.999968,recorder
20260824-100751_perlmutter_3c2ea15d,l01_slipstream_v2_trace-610042_b8_k8_isolated,isolated,flux,10,3,l0_ms,3.827488,recorder
20260824-100751_perlmutter_3c2ea15d,l01_slipstream_v2_trace-610042_b8_k8_isolated,isolated,flux,10,4,l0_ms,4.072672,recorder
20260824-100751_perlmutter_3c2ea15d,l01_slipstream_v2_trace-610042_b8_k8_isolated,isolated,flux,10,5,l0_ms,3.886368,recorder
20260824-100751_perlmutter_3c2ea15d,l01_slipstream_v2_trace-610042_b8_k8_isolated,isolated,flux,10,6,l0_ms,3.979424,recorder
20260824-100751_perlmutter_3c2ea15d,l01_slipstream_v2_trace-610042_b8_k8_isolated,isolated,flux,10,7,l0_ms,3.88832,recorder
20260824-100751_perlmutter_3c2ea15d,l01_slipstream_v2_trace-610042_b8_k8_isolated,isolated,flux,10,8,l0_ms,4.048576,recorder
20260824-100751_perlmutter_3c2ea15d,l01_slipstream_v2_trace-610042_b8_k8_isolated,isolated,flux,10,9,l0_ms,3.745856,recorder
20260824-100751_perlmutter_3c2ea15d,l01_slipstream_v2_trace-610042_b8_k8_isolated,isolated,flux,10,0,act_ms,0.036,recorder
20260824-100751_perlmutter_3c2ea15d,l01_slipstream_v2_trace-610042_b8_k8_isolated,isolated,flux,10,1,act_ms,0.035808,recorder
20260824-100751_perlmutter_3c2ea15d,l01_slipstream_v2_trace-610042_b8_k8_isolated,isolated,flux,10,2,act_ms,0.034496,recorder
20260824-100751_perlmutter_3c2ea15d,l01_slipstream_v2_trace-610042_b8_k8_isolated,isolated,flux,10,3,act_ms,0.036256,recorder
20260824-100751_perlmutter_3c2ea15d,l01_slipstream_v2_trace-610042_b8_k8_isolated,isolated,flux,10,4,act_ms,0.035712,recorder
20260824-100751_perlmutter_3c2ea15d,l01_slipstream_v2_trace-610042_b8_k8_isolated,isolated,flux,10,5,act_ms,0.036576,recorder
20260824-100751_perlmutter_3c2ea15d,l01_slipstream_v2_trace-610042_b8_k8_isolated,isolated,flux,10,6,act_ms,0.03552,recorder
20260824-100751_perlmutter_3c2ea15d,l01_slipstream_v2_trace-610042_b8_k8_isolated,isolated,flux,10,7,act_ms,0.03648,recorder
20260824-100751_perlmutter_3c2ea15d,l01_slipstream_v2_trace-610042_b8_k8_isolated,isolated,flux,10,8,act_ms,0.037088,recorder
20260824-100751_perlmutter_3c2ea15d,l01_slipstream_v2_trace-610042_b8_k8_isolated,isolated,flux,10,9,act_ms,0.035424,recorder
20260824-100751_perlmutter_3c2ea15d,l01_slipstream_v2_trace-610042_b8_k8_isolated,isolated,flux,10,0,l1_ms,5.259424,recorder
20260824-100751_perlmutter_3c2ea15d,l01_slipstream_v2_trace-610042_b8_k8_isolated,isolated,flux,10,1,l1_ms,5.092064,recorder
20260824-100751_perlmutter_3c2ea15d,l01_slipstream_v2_trace-610042_b8_k8_isolated,isolated,flux,10,2,l1_ms,5.144736,recorder
20260824-100751_perlmutter_3c2ea15d,l01_slipstream_v2_trace-610042_b8_k8_isolated,isolated,flux,10,3,l1_ms,5.12272,recorder
20260824-100751_perlmutter_3c2ea15d,l01_slipstream_v2_trace-610042_b8_k8_isolated,isolated,flux,10,4,l1_ms,5.6528,recorder
20260824-100751_perlmutter_3c2ea15d,l01_slipstream_v2_trace-610042_b8_k8_isolated,isolated,flux,10,5,l1_ms,5.214208,recorder
20260824-100751_perlmutter_3c2ea15d,l01_slipstream_v2_trace-610042_b8_k8_isolated,isolated,flux,10,6,l1_ms,5.095488,recorder
20260824-100751_perlmutter_3c2ea15d,l01_slipstream_v2_trace-610042_b8_k8_isolated,isolated,flux,10,7,l1_ms,5.206592,recorder
20260824-100751_perlmutter_3c2ea15d,l01_slipstream_v2_trace-610042_b8_k8_isolated,isolated,flux,10,8,l1_ms,5.263712,recorder
20260824-100751_perlmutter_3c2ea15d,l01_slipstream_v2_trace-610042_b8_k8_isolated,isolated,flux,10,9,l1_ms,5.218784,recorder
20260824-100751_perlmutter_3c2ea15d,l01_slipstream_v2_trace-610042_b8_k8_isolated,isolated,flux,10,0,plan_comm_ms,0.458464,recorder
20260824-100751_perlmutter_3c2ea15d,l01_slipstream_v2_trace-610042_b8_k8_isolated,isolated,flux,10,1,plan_comm_ms,0.935072,recorder
20260824-100751_perlmutter_3c2ea15d,l01_slipstream_v2_trace-610042_b8_k8_isolated,isolated,flux,10,2,plan_comm_ms,0.176768,recorder
20260824-100751_perlmutter_3c2ea15d,l01_slipstream_v2_trace-610042_b8_k8_isolated,isolated,flux,10,3,plan_comm_ms,0.33328,recorder
20260824-100751_perlmutter_3c2ea15d,l01_slipstream_v2_trace-610042_b8_k8_isolated,isolated,flux,10,4,plan_comm_ms,0.62752,recorder
20260824-100751_perlmutter_3c2ea15d,l01_slipstream_v2_trace-610042_b8_k8_isolated,isolated,flux,10,5,plan_comm_ms,0.190912,recorder
20260824-100751_perlmutter_3c2ea15d,l01_slipstream_v2_trace-610042_b8_k8_isolated,isolated,flux,10,6,plan_comm_ms,0.177024,recorder
20260824-100751_perlmutter_3c2ea15d,l01_slipstream_v2_trace-610042_b8_k8_isolated,isolated,flux,10,7,plan_comm_ms,0.490912,recorder
20260824-100751_perlmutter_3c2ea15d,l01_slipstream_v2_trace-610042_b8_k8_isolated,isolated,flux,10,8,plan_comm_ms,0.17136,recorder
20260824-100751_perlmutter_3c2ea15d,l01_slipstream_v2_trace-610042_b8_k8_isolated,isolated,flux,10,9,plan_comm_ms,0.160576,recorder
20260824-100751_perlmutter_3c2ea15d,l01_slipstream_v2_trace-610042_b8_k8_isolated,isolated,flux,10,0,plan_ms,0.769792,recorder
20260824-100751_perlmutter_3c2ea15d,l01_slipstream_v2_trace-610042_b8_k8_isolated,isolated,flux,10,1,plan_ms,0.755424,recorder
20260824-100751_perlmutter_3c2ea15d,l01_slipstream_v2_trace-610042_b8_k8_isolated,isolated,flux,10,2,plan_ms,0.767296,recorder
20260824-100751_perlmutter_3c2ea15d,l01_slipstream_v2_trace-610042_b8_k8_isolated,isolated,flux,10,3,plan_ms,0.76,recorder
20260824-100751_perlmutter_3c2ea15d,l01_slipstream_v2_trace-610042_b8_k8_isolated,isolated,flux,10,4,plan_ms,0.76864,recorder
20260824-100751_perlmutter_3c2ea15d,l01_slipstream_v2_trace-610042_b8_k8_isolated,isolated,flux,10,5,plan_ms,0.759264,recorder
20260824-100751_perlmutter_3c2ea15d,l01_slipstream_v2_trace-610042_b8_k8_isolated,isolated,flux,10,6,plan_ms,0.759488,recorder
20260824-100751_perlmutter_3c2ea15d,l01_slipstream_v2_trace-610042_b8_k8_isolated,isolated,flux,10,7,plan_ms,0.754368,recorder
20260824-100751_perlmutter_3c2ea15d,l01_slipstream_v2_trace-610042_b8_k8_isolated,isolated,flux,10,8,plan_ms,0.769696,recorder
20260824-100751_perlmutter_3c2ea15d,l01_slipstream_v2_trace-610042_b8_k8_isolated,isolated,flux,10,9,plan_ms,0.757152,recorder
20260824-100751_perlmutter_3c2ea15d,l01_slipstream_v2_trace-610042_b8_k8_isolated,isolated,flux,10,0,total_ms,10.504416,recorder
20260824-100751_perlmutter_3c2ea15d,l01_slipstream_v2_trace-610042_b8_k8_isolated,isolated,flux,10,1,total_ms,10.674816,recorder
20260824-100751_perlmutter_3c2ea15d,l01_slipstream_v2_trace-610042_b8_k8_isolated,isolated,flux,10,2,total_ms,10.125568,recorder
20260824-100751_perlmutter_3c2ea15d,l01_slipstream_v2_trace-610042_b8_k8_isolated,isolated,flux,10,3,total_ms,10.08208,recorder
20260824-100751_perlmutter_3c2ea15d,l01_slipstream_v2_trace-610042_b8_k8_isolated,isolated,flux,10,4,total_ms,11.159648,recorder
20260824-100751_perlmutter_3c2ea15d,l01_slipstream_v2_trace-610042_b8_k8_isolated,isolated,flux,10,5,total_ms,10.089632,recorder
20260824-100751_perlmutter_3c2ea15d,l01_slipstream_v2_trace-610042_b8_k8_isolated,isolated,flux,10,6,total_ms,10.049504,recorder
20260824-100751_perlmutter_3c2ea15d,l01_slipstream_v2_trace-610042_b8_k8_isolated,isolated,flux,10,7,total_ms,10.379008,recorder
20260824-100751_perlmutter_3c2ea15d,l01_slipstream_v2_trace-610042_b8_k8_isolated,isolated,flux,10,8,total_ms,10.293152,recorder
20260824-100751_perlmutter_3c2ea15d,l01_slipstream_v2_trace-610042_b8_k8_isolated,isolated,flux,10,9,total_ms,9.920128,recorder
20260824-100751_perlmutter_3c2ea15d,l01_slipstream_v2_trace-610042_b8_k8_isolated,isolated,flux,10,0,iso_sync_ms,8.526748,recorder
20260824-100751_perlmutter_3c2ea15d,l01_slipstream_v2_trace-610042_b8_k8_isolated,isolated,flux,10,1,iso_sync_ms,9.14842,recorder
20260824-100751_perlmutter_3c2ea15d,l01_slipstream_v2_trace-610042_b8_k8_isolated,isolated,flux,10,2,iso_sync_ms,8.414603,recorder
20260824-100751_perlmutter_3c2ea15d,l01_slipstream_v2_trace-610042_b8_k8_isolated,isolated,flux,10,3,iso_sync_ms,8.617003,recorder
20260824-100751_perlmutter_3c2ea15d,l01_slipstream_v2_trace-610042_b8_k8_isolated,isolated,flux,10,4,iso_sync_ms,8.443748,recorder
20260824-100751_perlmutter_3c2ea15d,l01_slipstream_v2_trace-610042_b8_k8_isolated,isolated,flux,10,5,iso_sync_ms,9.23167,recorder
20260824-100751_perlmutter_3c2ea15d,l01_slipstream_v2_trace-610042_b8_k8_isolated,isolated,flux,10,6,iso_sync_ms,8.589029,recorder
20260824-100751_perlmutter_3c2ea15d,l01_slipstream_v2_trace-610042_b8_k8_isolated,isolated,flux,10,7,iso_sync_ms,8.849132,recorder
20260824-100751_perlmutter_3c2ea15d,l01_slipstream_v2_trace-610042_b8_k8_isolated,isolated,flux,10,8,iso_sync_ms,8.648103,recorder
20260824-100751_perlmutter_3c2ea15d,l01_slipstream_v2_trace-610042_b8_k8_isolated,isolated,flux,10,9,iso_sync_ms,8.762544,recorder
20260824-100751_perlmutter_3c2ea15d,l01_slipstream_v2_trace-610042_b8_k8_isolated,isolated,flux,11,0,e2e_ms,9.292512,recorder
20260824-100751_perlmutter_3c2ea15d,l01_slipstream_v2_trace-610042_b8_k8_isolated,isolated,flux,11,1,e2e_ms,8.985632,recorder
20260824-100751_perlmutter_3c2ea15d,l01_slipstream_v2_trace-610042_b8_k8_isolated,isolated,flux,11,2,e2e_ms,9.216448,recorder
20260824-100751_perlmutter_3c2ea15d,l01_slipstream_v2_trace-610042_b8_k8_isolated,isolated,flux,11,3,e2e_ms,8.976224,recorder
20260824-100751_perlmutter_3c2ea15d,l01_slipstream_v2_trace-610042_b8_k8_isolated,isolated,flux,11,4,e2e_ms,9.78752,recorder
20260824-100751_perlmutter_3c2ea15d,l01_slipstream_v2_trace-610042_b8_k8_isolated,isolated,flux,11,5,e2e_ms,9.135584,recorder
20260824-100751_perlmutter_3c2ea15d,l01_slipstream_v2_trace-610042_b8_k8_isolated,isolated,flux,11,6,e2e_ms,9.136,recorder
20260824-100751_perlmutter_3c2ea15d,l01_slipstream_v2_trace-610042_b8_k8_isolated,isolated,flux,11,7,e2e_ms,9.135392,recorder
20260824-100751_perlmutter_3c2ea15d,l01_slipstream_v2_trace-610042_b8_k8_isolated,isolated,flux,11,8,e2e_ms,9.3744,recorder
20260824-100751_perlmutter_3c2ea15d,l01_slipstream_v2_trace-610042_b8_k8_isolated,isolated,flux,11,9,e2e_ms,8.992576,recorder
20260824-100751_perlmutter_3c2ea15d,l01_slipstream_v2_trace-610042_b8_k8_isolated,isolated,flux,11,0,l0_ms,3.985472,recorder
20260824-100751_perlmutter_3c2ea15d,l01_slipstream_v2_trace-610042_b8_k8_isolated,isolated,flux,11,1,l0_ms,3.859392,recorder
20260824-100751_perlmutter_3c2ea15d,l01_slipstream_v2_trace-610042_b8_k8_isolated,isolated,flux,11,2,l0_ms,4.017568,recorder
20260824-100751_perlmutter_3c2ea15d,l01_slipstream_v2_trace-610042_b8_k8_isolated,isolated,flux,11,3,l0_ms,3.813856,recorder
20260824-100751_perlmutter_3c2ea15d,l01_slipstream_v2_trace-610042_b8_k8_isolated,isolated,flux,11,4,l0_ms,4.099072,recorder
20260824-100751_perlmutter_3c2ea15d,l01_slipstream_v2_trace-610042_b8_k8_isolated,isolated,flux,11,5,l0_ms,3.886368,recorder
20260824-100751_perlmutter_3c2ea15d,l01_slipstream_v2_trace-610042_b8_k8_isolated,isolated,flux,11,6,l0_ms,3.994528,recorder
20260824-100751_perlmutter_3c2ea15d,l01_slipstream_v2_trace-610042_b8_k8_isolated,isolated,flux,11,7,l0_ms,3.888544,recorder
20260824-100751_perlmutter_3c2ea15d,l01_slipstream_v2_trace-610042_b8_k8_isolated,isolated,flux,11,8,l0_ms,4.078048,recorder
20260824-100751_perlmutter_3c2ea15d,l01_slipstream_v2_trace-610042_b8_k8_isolated,isolated,flux,11,9,l0_ms,3.751776,recorder
20260824-100751_perlmutter_3c2ea15d,l01_slipstream_v2_trace-610042_b8_k8_isolated,isolated,flux,11,0,act_ms,0.031008,recorder
20260824-100751_perlmutter_3c2ea15d,l01_slipstream_v2_trace-610042_b8_k8_isolated,isolated,flux,11,1,act_ms,0.03168,recorder
20260824-100751_perlmutter_3c2ea15d,l01_slipstream_v2_trace-610042_b8_k8_isolated,isolated,flux,11,2,act_ms,0.030112,recorder
20260824-100751_perlmutter_3c2ea15d,l01_slipstream_v2_trace-610042_b8_k8_isolated,isolated,flux,11,3,act_ms,0.030464,recorder
20260824-100751_perlmutter_3c2ea15d,l01_slipstream_v2_trace-610042_b8_k8_isolated,isolated,flux,11,4,act_ms,0.030752,recorder
20260824-100751_perlmutter_3c2ea15d,l01_slipstream_v2_trace-610042_b8_k8_isolated,isolated,flux,11,5,act_ms,0.02944,recorder
20260824-100751_perlmutter_3c2ea15d,l01_slipstream_v2_trace-610042_b8_k8_isolated,isolated,flux,11,6,act_ms,0.031456,recorder
20260824-100751_perlmutter_3c2ea15d,l01_slipstream_v2_trace-610042_b8_k8_isolated,isolated,flux,11,7,act_ms,0.02896,recorder
20260824-100751_perlmutter_3c2ea15d,l01_slipstream_v2_trace-610042_b8_k8_isolated,isolated,flux,11,8,act_ms,0.030528,recorder
20260824-100751_perlmutter_3c2ea15d,l01_slipstream_v2_trace-610042_b8_k8_isolated,isolated,flux,11,9,act_ms,0.029856,recorder
20260824-100751_perlmutter_3c2ea15d,l01_slipstream_v2_trace-610042_b8_k8_isolated,isolated,flux,11,0,l1_ms,5.276032,recorder
20260824-100751_perlmutter_3c2ea15d,l01_slipstream_v2_trace-610042_b8_k8_isolated,isolated,flux,11,1,l1_ms,5.09456,recorder
20260824-100751_perlmutter_3c2ea15d,l01_slipstream_v2_trace-610042_b8_k8_isolated,isolated,flux,11,2,l1_ms,5.168768,recorder
20260824-100751_perlmutter_3c2ea15d,l01_slipstream_v2_trace-610042_b8_k8_isolated,isolated,flux,11,3,l1_ms,5.131904,recorder
20260824-100751_perlmutter_3c2ea15d,l01_slipstream_v2_trace-610042_b8_k8_isolated,isolated,flux,11,4,l1_ms,5.657696,recorder
20260824-100751_perlmutter_3c2ea15d,l01_slipstream_v2_trace-610042_b8_k8_isolated,isolated,flux,11,5,l1_ms,5.219776,recorder
20260824-100751_perlmutter_3c2ea15d,l01_slipstream_v2_trace-610042_b8_k8_isolated,isolated,flux,11,6,l1_ms,5.110016,recorder
20260824-100751_perlmutter_3c2ea15d,l01_slipstream_v2_trace-610042_b8_k8_isolated,isolated,flux,11,7,l1_ms,5.217888,recorder
20260824-100751_perlmutter_3c2ea15d,l01_slipstream_v2_trace-610042_b8_k8_isolated,isolated,flux,11,8,l1_ms,5.265824,recorder
20260824-100751_perlmutter_3c2ea15d,l01_slipstream_v2_trace-610042_b8_k8_isolated,isolated,flux,11,9,l1_ms,5.210944,recorder
20260824-100751_perlmutter_3c2ea15d,l01_slipstream_v2_trace-610042_b8_k8_isolated,isolated,flux,11,0,plan_comm_ms,0.459104,recorder
20260824-100751_perlmutter_3c2ea15d,l01_slipstream_v2_trace-610042_b8_k8_isolated,isolated,flux,11,1,plan_comm_ms,0.93536,recorder
20260824-100751_perlmutter_3c2ea15d,l01_slipstream_v2_trace-610042_b8_k8_isolated,isolated,flux,11,2,plan_comm_ms,0.173664,recorder
20260824-100751_perlmutter_3c2ea15d,l01_slipstream_v2_trace-610042_b8_k8_isolated,isolated,flux,11,3,plan_comm_ms,0.335392,recorder
20260824-100751_perlmutter_3c2ea15d,l01_slipstream_v2_trace-610042_b8_k8_isolated,isolated,flux,11,4,plan_comm_ms,0.62048,recorder
20260824-100751_perlmutter_3c2ea15d,l01_slipstream_v2_trace-610042_b8_k8_isolated,isolated,flux,11,5,plan_comm_ms,0.193696,recorder
20260824-100751_perlmutter_3c2ea15d,l01_slipstream_v2_trace-610042_b8_k8_isolated,isolated,flux,11,6,plan_comm_ms,0.175488,recorder
20260824-100751_perlmutter_3c2ea15d,l01_slipstream_v2_trace-610042_b8_k8_isolated,isolated,flux,11,7,plan_comm_ms,0.487264,recorder
20260824-100751_perlmutter_3c2ea15d,l01_slipstream_v2_trace-610042_b8_k8_isolated,isolated,flux,11,8,plan_comm_ms,0.17408,recorder
20260824-100751_perlmutter_3c2ea15d,l01_slipstream_v2_trace-610042_b8_k8_isolated,isolated,flux,11,9,plan_comm_ms,0.168384,recorder
20260824-100751_perlmutter_3c2ea15d,l01_slipstream_v2_trace-610042_b8_k8_isolated,isolated,flux,11,0,plan_ms,0.770912,recorder
20260824-100751_perlmutter_3c2ea15d,l01_slipstream_v2_trace-610042_b8_k8_isolated,isolated,flux,11,1,plan_ms,0.75408,recorder
20260824-100751_perlmutter_3c2ea15d,l01_slipstream_v2_trace-610042_b8_k8_isolated,isolated,flux,11,2,plan_ms,0.754784,recorder
20260824-100751_perlmutter_3c2ea15d,l01_slipstream_v2_trace-610042_b8_k8_isolated,isolated,flux,11,3,plan_ms,0.768256,recorder
20260824-100751_perlmutter_3c2ea15d,l01_slipstream_v2_trace-610042_b8_k8_isolated,isolated,flux,11,4,plan_ms,0.755488,recorder
20260824-100751_perlmutter_3c2ea15d,l01_slipstream_v2_trace-610042_b8_k8_isolated,isolated,flux,11,5,plan_ms,0.761024,recorder
20260824-100751_perlmutter_3c2ea15d,l01_slipstream_v2_trace-610042_b8_k8_isolated,isolated,flux,11,6,plan_ms,0.750976,recorder
20260824-100751_perlmutter_3c2ea15d,l01_slipstream_v2_trace-610042_b8_k8_isolated,isolated,flux,11,7,plan_ms,0.764928,recorder
20260824-100751_perlmutter_3c2ea15d,l01_slipstream_v2_trace-610042_b8_k8_isolated,isolated,flux,11,8,plan_ms,0.751744,recorder
20260824-100751_perlmutter_3c2ea15d,l01_slipstream_v2_trace-610042_b8_k8_isolated,isolated,flux,11,9,plan_ms,0.754304,recorder
20260824-100751_perlmutter_3c2ea15d,l01_slipstream_v2_trace-610042_b8_k8_isolated,isolated,flux,11,0,total_ms,10.524832,recorder
20260824-100751_perlmutter_3c2ea15d,l01_slipstream_v2_trace-610042_b8_k8_isolated,isolated,flux,11,1,total_ms,10.677728,recorder
20260824-100751_perlmutter_3c2ea15d,l01_slipstream_v2_trace-610042_b8_k8_isolated,isolated,flux,11,2,total_ms,10.147232,recorder
20260824-100751_perlmutter_3c2ea15d,l01_slipstream_v2_trace-610042_b8_k8_isolated,isolated,flux,11,3,total_ms,10.082208,recorder
20260824-100751_perlmutter_3c2ea15d,l01_slipstream_v2_trace-610042_b8_k8_isolated,isolated,flux,11,4,total_ms,11.165824,recorder
20260824-100751_perlmutter_3c2ea15d,l01_slipstream_v2_trace-610042_b8_k8_isolated,isolated,flux,11,5,total_ms,10.092608,recorder
20260824-100751_perlmutter_3c2ea15d,l01_slipstream_v2_trace-610042_b8_k8_isolated,isolated,flux,11,6,total_ms,10.064768,recorder
20260824-100751_perlmutter_3c2ea15d,l01_slipstream_v2_trace-610042_b8_k8_isolated,isolated,flux,11,7,total_ms,10.38992,recorder
20260824-100751_perlmutter_3c2ea15d,l01_slipstream_v2_trace-610042_b8_k8_isolated,isolated,flux,11,8,total_ms,10.302528,recorder
20260824-100751_perlmutter_3c2ea15d,l01_slipstream_v2_trace-610042_b8_k8_isolated,isolated,flux,11,9,total_ms,9.9176,recorder
20260824-100751_perlmutter_3c2ea15d,l01_slipstream_v2_trace-610042_b8_k8_isolated,isolated,flux,11,0,iso_sync_ms,8.58463,recorder
20260824-100751_perlmutter_3c2ea15d,l01_slipstream_v2_trace-610042_b8_k8_isolated,isolated,flux,11,1,iso_sync_ms,9.170452,recorder
20260824-100751_perlmutter_3c2ea15d,l01_slipstream_v2_trace-610042_b8_k8_isolated,isolated,flux,11,2,iso_sync_ms,8.453086,recorder
20260824-100751_perlmutter_3c2ea15d,l01_slipstream_v2_trace-610042_b8_k8_isolated,isolated,flux,11,3,iso_sync_ms,8.681317,recorder
20260824-100751_perlmutter_3c2ea15d,l01_slipstream_v2_trace-610042_b8_k8_isolated,isolated,flux,11,4,iso_sync_ms,8.434571,recorder
20260824-100751_perlmutter_3c2ea15d,l01_slipstream_v2_trace-610042_b8_k8_isolated,isolated,flux,11,5,iso_sync_ms,9.256177,recorder
20260824-100751_perlmutter_3c2ea15d,l01_slipstream_v2_trace-610042_b8_k8_isolated,isolated,flux,11,6,iso_sync_ms,8.61563,recorder
20260824-100751_perlmutter_3c2ea15d,l01_slipstream_v2_trace-610042_b8_k8_isolated,isolated,flux,11,7,iso_sync_ms,8.863429,recorder
20260824-100751_perlmutter_3c2ea15d,l01_slipstream_v2_trace-610042_b8_k8_isolated,isolated,flux,11,8,iso_sync_ms,8.632884,recorder
20260824-100751_perlmutter_3c2ea15d,l01_slipstream_v2_trace-610042_b8_k8_isolated,isolated,flux,11,9,iso_sync_ms,8.823401,recorder
20260824-100751_perlmutter_3c2ea15d,l01_slipstream_v2_trace-610042_b8_k8_isolated,isolated,flux,12,0,e2e_ms,9.289632,recorder
20260824-100751_perlmutter_3c2ea15d,l01_slipstream_v2_trace-610042_b8_k8_isolated,isolated,flux,12,1,e2e_ms,8.978752,recorder
20260824-100751_perlmutter_3c2ea15d,l01_slipstream_v2_trace-610042_b8_k8_isolated,isolated,flux,12,2,e2e_ms,9.197184,recorder
20260824-100751_perlmutter_3c2ea15d,l01_slipstream_v2_trace-610042_b8_k8_isolated,isolated,flux,12,3,e2e_ms,9.005248,recorder
20260824-100751_perlmutter_3c2ea15d,l01_slipstream_v2_trace-610042_b8_k8_isolated,isolated,flux,12,4,e2e_ms,9.63776,recorder
20260824-100751_perlmutter_3c2ea15d,l01_slipstream_v2_trace-610042_b8_k8_isolated,isolated,flux,12,5,e2e_ms,9.123264,recorder
20260824-100751_perlmutter_3c2ea15d,l01_slipstream_v2_trace-610042_b8_k8_isolated,isolated,flux,12,6,e2e_ms,9.129984,recorder
20260824-100751_perlmutter_3c2ea15d,l01_slipstream_v2_trace-610042_b8_k8_isolated,isolated,flux,12,7,e2e_ms,9.131776,recorder
20260824-100751_perlmutter_3c2ea15d,l01_slipstream_v2_trace-610042_b8_k8_isolated,isolated,flux,12,8,e2e_ms,9.32256,recorder
20260824-100751_perlmutter_3c2ea15d,l01_slipstream_v2_trace-610042_b8_k8_isolated,isolated,flux,12,9,e2e_ms,8.981056,recorder
20260824-100751_perlmutter_3c2ea15d,l01_slipstream_v2_trace-610042_b8_k8_isolated,isolated,flux,12,0,l0_ms,4.003072,recorder
20260824-100751_perlmutter_3c2ea15d,l01_slipstream_v2_trace-610042_b8_k8_isolated,isolated,flux,12,1,l0_ms,3.749312,recorder
20260824-100751_perlmutter_3c2ea15d,l01_slipstream_v2_trace-610042_b8_k8_isolated,isolated,flux,12,2,l0_ms,3.897664,recorder
20260824-100751_perlmutter_3c2ea15d,l01_slipstream_v2_trace-610042_b8_k8_isolated,isolated,flux,12,3,l0_ms,3.743392,recorder
20260824-100751_perlmutter_3c2ea15d,l01_slipstream_v2_trace-610042_b8_k8_isolated,isolated,flux,12,4,l0_ms,4.122816,recorder
20260824-100751_perlmutter_3c2ea15d,l01_slipstream_v2_trace-610042_b8_k8_isolated,isolated,flux,12,5,l0_ms,3.900256,recorder
20260824-100751_perlmutter_3c2ea15d,l01_slipstream_v2_trace-610042_b8_k8_isolated,isolated,flux,12,6,l0_ms,4.004256,recorder
20260824-100751_perlmutter_3c2ea15d,l01_slipstream_v2_trace-610042_b8_k8_isolated,isolated,flux,12,7,l0_ms,3.903616,recorder
20260824-100751_perlmutter_3c2ea15d,l01_slipstream_v2_trace-610042_b8_k8_isolated,isolated,flux,12,8,l0_ms,4.003168,recorder
20260824-100751_perlmutter_3c2ea15d,l01_slipstream_v2_trace-610042_b8_k8_isolated,isolated,flux,12,9,l0_ms,3.744704,recorder
20260824-100751_perlmutter_3c2ea15d,l01_slipstream_v2_trace-610042_b8_k8_isolated,isolated,flux,12,0,act_ms,0.038336,recorder
20260824-100751_perlmutter_3c2ea15d,l01_slipstream_v2_trace-610042_b8_k8_isolated,isolated,flux,12,1,act_ms,0.040064,recorder
20260824-100751_perlmutter_3c2ea15d,l01_slipstream_v2_trace-610042_b8_k8_isolated,isolated,flux,12,2,act_ms,0.037248,recorder
20260824-100751_perlmutter_3c2ea15d,l01_slipstream_v2_trace-610042_b8_k8_isolated,isolated,flux,12,3,act_ms,0.03904,recorder
20260824-100751_perlmutter_3c2ea15d,l01_slipstream_v2_trace-610042_b8_k8_isolated,isolated,flux,12,4,act_ms,0.0392,recorder
20260824-100751_perlmutter_3c2ea15d,l01_slipstream_v2_trace-610042_b8_k8_isolated,isolated,flux,12,5,act_ms,0.038688,recorder
20260824-100751_perlmutter_3c2ea15d,l01_slipstream_v2_trace-610042_b8_k8_isolated,isolated,flux,12,6,act_ms,0.039488,recorder
20260824-100751_perlmutter_3c2ea15d,l01_slipstream_v2_trace-610042_b8_k8_isolated,isolated,flux,12,7,act_ms,0.039744,recorder
20260824-100751_perlmutter_3c2ea15d,l01_slipstream_v2_trace-610042_b8_k8_isolated,isolated,flux,12,8,act_ms,0.038912,recorder
20260824-100751_perlmutter_3c2ea15d,l01_slipstream_v2_trace-610042_b8_k8_isolated,isolated,flux,12,9,act_ms,0.039328,recorder
20260824-100751_perlmutter_3c2ea15d,l01_slipstream_v2_trace-610042_b8_k8_isolated,isolated,flux,12,0,l1_ms,5.248224,recorder
20260824-100751_perlmutter_3c2ea15d,l01_slipstream_v2_trace-610042_b8_k8_isolated,isolated,flux,12,1,l1_ms,5.189376,recorder
20260824-100751_perlmutter_3c2ea15d,l01_slipstream_v2_trace-610042_b8_k8_isolated,isolated,flux,12,2,l1_ms,5.262272,recorder
20260824-100751_perlmutter_3c2ea15d,l01_slipstream_v2_trace-610042_b8_k8_isolated,isolated,flux,12,3,l1_ms,5.222816,recorder
20260824-100751_perlmutter_3c2ea15d,l01_slipstream_v2_trace-610042_b8_k8_isolated,isolated,flux,12,4,l1_ms,5.475744,recorder
20260824-100751_perlmutter_3c2ea15d,l01_slipstream_v2_trace-610042_b8_k8_isolated,isolated,flux,12,5,l1_ms,5.18432,recorder
20260824-100751_perlmutter_3c2ea15d,l01_slipstream_v2_trace-610042_b8_k8_isolated,isolated,flux,12,6,l1_ms,5.08624,recorder
20260824-100751_perlmutter_3c2ea15d,l01_slipstream_v2_trace-610042_b8_k8_isolated,isolated,flux,12,7,l1_ms,5.188416,recorder
20260824-100751_perlmutter_3c2ea15d,l01_slipstream_v2_trace-610042_b8_k8_isolated,isolated,flux,12,8,l1_ms,5.28048,recorder
20260824-100751_perlmutter_3c2ea15d,l01_slipstream_v2_trace-610042_b8_k8_isolated,isolated,flux,12,9,l1_ms,5.197024,recorder
20260824-100751_perlmutter_3c2ea15d,l01_slipstream_v2_trace-610042_b8_k8_isolated,isolated,flux,12,0,plan_comm_ms,0.424224,recorder
20260824-100751_perlmutter_3c2ea15d,l01_slipstream_v2_trace-610042_b8_k8_isolated,isolated,flux,12,1,plan_comm_ms,0.90864,recorder
20260824-100751_perlmutter_3c2ea15d,l01_slipstream_v2_trace-610042_b8_k8_isolated,isolated,flux,12,2,plan_comm_ms,0.17824,recorder
20260824-100751_perlmutter_3c2ea15d,l01_slipstream_v2_trace-610042_b8_k8_isolated,isolated,flux,12,3,plan_comm_ms,0.32704,recorder
20260824-100751_perlmutter_3c2ea15d,l01_slipstream_v2_trace-610042_b8_k8_isolated,isolated,flux,12,4,plan_comm_ms,0.617408,recorder
20260824-100751_perlmutter_3c2ea15d,l01_slipstream_v2_trace-610042_b8_k8_isolated,isolated,flux,12,5,plan_comm_ms,0.199456,recorder
20260824-100751_perlmutter_3c2ea15d,l01_slipstream_v2_trace-610042_b8_k8_isolated,isolated,flux,12,6,plan_comm_ms,0.192032,recorder
20260824-100751_perlmutter_3c2ea15d,l01_slipstream_v2_trace-610042_b8_k8_isolated,isolated,flux,12,7,plan_comm_ms,0.485184,recorder
20260824-100751_perlmutter_3c2ea15d,l01_slipstream_v2_trace-610042_b8_k8_isolated,isolated,flux,12,8,plan_comm_ms,0.184864,recorder
20260824-100751_perlmutter_3c2ea15d,l01_slipstream_v2_trace-610042_b8_k8_isolated,isolated,flux,12,9,plan_comm_ms,0.176352,recorder
20260824-100751_perlmutter_3c2ea15d,l01_slipstream_v2_trace-610042_b8_k8_isolated,isolated,flux,12,0,plan_ms,0.78288,recorder
20260824-100751_perlmutter_3c2ea15d,l01_slipstream_v2_trace-610042_b8_k8_isolated,isolated,flux,12,1,plan_ms,0.7648,recorder
20260824-100751_perlmutter_3c2ea15d,l01_slipstream_v2_trace-610042_b8_k8_isolated,isolated,flux,12,2,plan_ms,0.770496,recorder
20260824-100751_perlmutter_3c2ea15d,l01_slipstream_v2_trace-610042_b8_k8_isolated,isolated,flux,12,3,plan_ms,0.75088,recorder
20260824-100751_perlmutter_3c2ea15d,l01_slipstream_v2_trace-610042_b8_k8_isolated,isolated,flux,12,4,plan_ms,0.74944,recorder
20260824-100751_perlmutter_3c2ea15d,l01_slipstream_v2_trace-610042_b8_k8_isolated,isolated,flux,12,5,plan_ms,0.764864,recorder
20260824-100751_perlmutter_3c2ea15d,l01_slipstream_v2_trace-610042_b8_k8_isolated,isolated,flux,12,6,plan_ms,0.750752,recorder
20260824-100751_perlmutter_3c2ea15d,l01_slipstream_v2_trace-610042_b8_k8_isolated,isolated,flux,12,7,plan_ms,0.76736,recorder
20260824-100751_perlmutter_3c2ea15d,l01_slipstream_v2_trace-610042_b8_k8_isolated,isolated,flux,12,8,plan_ms,0.746784,recorder
20260824-100751_perlmutter_3c2ea15d,l01_slipstream_v2_trace-610042_b8_k8_isolated,isolated,flux,12,9,plan_ms,0.766848,recorder
20260824-100751_perlmutter_3c2ea15d,l01_slipstream_v2_trace-610042_b8_k8_isolated,isolated,flux,12,0,total_ms,10.499072,recorder
20260824-100751_perlmutter_3c2ea15d,l01_slipstream_v2_trace-610042_b8_k8_isolated,isolated,flux,12,1,total_ms,10.65456,recorder
20260824-100751_perlmutter_3c2ea15d,l01_slipstream_v2_trace-610042_b8_k8_isolated,isolated,flux,12,2,total_ms,10.148288,recorder
20260824-100751_perlmutter_3c2ea15d,l01_slipstream_v2_trace-610042_b8_k8_isolated,isolated,flux,12,3,total_ms,10.085536,recorder
20260824-100751_perlmutter_3c2ea15d,l01_slipstream_v2_trace-610042_b8_k8_isolated,isolated,flux,12,4,total_ms,11.006976,recorder
20260824-100751_perlmutter_3c2ea15d,l01_slipstream_v2_trace-610042_b8_k8_isolated,isolated,flux,12,5,total_ms,10.08992,recorder
20260824-100751_perlmutter_3c2ea15d,l01_slipstream_v2_trace-610042_b8_k8_isolated,isolated,flux,12,6,total_ms,10.075136,recorder
20260824-100751_perlmutter_3c2ea15d,l01_slipstream_v2_trace-610042_b8_k8_isolated,isolated,flux,12,7,total_ms,10.386656,recorder
20260824-100751_perlmutter_3c2ea15d,l01_slipstream_v2_trace-610042_b8_k8_isolated,isolated,flux,12,8,total_ms,10.256544,recorder
20260824-100751_perlmutter_3c2ea15d,l01_slipstream_v2_trace-610042_b8_k8_isolated,isolated,flux,12,9,total_ms,9.926592,recorder
20260824-100751_perlmutter_3c2ea15d,l01_slipstream_v2_trace-610042_b8_k8_isolated,isolated,flux,12,0,iso_sync_ms,8.572494,recorder
20260824-100751_perlmutter_3c2ea15d,l01_slipstream_v2_trace-610042_b8_k8_isolated,isolated,flux,12,1,iso_sync_ms,9.162285,recorder
20260824-100751_perlmutter_3c2ea15d,l01_slipstream_v2_trace-610042_b8_k8_isolated,isolated,flux,12,2,iso_sync_ms,8.401482,recorder
20260824-100751_perlmutter_3c2ea15d,l01_slipstream_v2_trace-610042_b8_k8_isolated,isolated,flux,12,3,iso_sync_ms,8.618122,recorder
20260824-100751_perlmutter_3c2ea15d,l01_slipstream_v2_trace-610042_b8_k8_isolated,isolated,flux,12,4,iso_sync_ms,8.444646,recorder
20260824-100751_perlmutter_3c2ea15d,l01_slipstream_v2_trace-610042_b8_k8_isolated,isolated,flux,12,5,iso_sync_ms,9.203064,recorder
20260824-100751_perlmutter_3c2ea15d,l01_slipstream_v2_trace-610042_b8_k8_isolated,isolated,flux,12,6,iso_sync_ms,8.589836,recorder
20260824-100751_perlmutter_3c2ea15d,l01_slipstream_v2_trace-610042_b8_k8_isolated,isolated,flux,12,7,iso_sync_ms,8.826004,recorder
20260824-100751_perlmutter_3c2ea15d,l01_slipstream_v2_trace-610042_b8_k8_isolated,isolated,flux,12,8,iso_sync_ms,8.585258,recorder
20260824-100751_perlmutter_3c2ea15d,l01_slipstream_v2_trace-610042_b8_k8_isolated,isolated,flux,12,9,iso_sync_ms,8.776117,recorder
20260824-100751_perlmutter_3c2ea15d,l01_slipstream_v2_trace-610042_b8_k8_isolated,isolated,flux,13,0,e2e_ms,9.281472,recorder
20260824-100751_perlmutter_3c2ea15d,l01_slipstream_v2_trace-610042_b8_k8_isolated,isolated,flux,13,1,e2e_ms,8.981888,recorder
20260824-100751_perlmutter_3c2ea15d,l01_slipstream_v2_trace-610042_b8_k8_isolated,isolated,flux,13,2,e2e_ms,9.199968,recorder
20260824-100751_perlmutter_3c2ea15d,l01_slipstream_v2_trace-610042_b8_k8_isolated,isolated,flux,13,3,e2e_ms,8.993056,recorder
20260824-100751_perlmutter_3c2ea15d,l01_slipstream_v2_trace-610042_b8_k8_isolated,isolated,flux,13,4,e2e_ms,9.666592,recorder
20260824-100751_perlmutter_3c2ea15d,l01_slipstream_v2_trace-610042_b8_k8_isolated,isolated,flux,13,5,e2e_ms,9.143712,recorder
20260824-100751_perlmutter_3c2ea15d,l01_slipstream_v2_trace-610042_b8_k8_isolated,isolated,flux,13,6,e2e_ms,9.122208,recorder
20260824-100751_perlmutter_3c2ea15d,l01_slipstream_v2_trace-610042_b8_k8_isolated,isolated,flux,13,7,e2e_ms,9.147296,recorder
20260824-100751_perlmutter_3c2ea15d,l01_slipstream_v2_trace-610042_b8_k8_isolated,isolated,flux,13,8,e2e_ms,9.310944,recorder
20260824-100751_perlmutter_3c2ea15d,l01_slipstream_v2_trace-610042_b8_k8_isolated,isolated,flux,13,9,e2e_ms,8.96272,recorder
20260824-100751_perlmutter_3c2ea15d,l01_slipstream_v2_trace-610042_b8_k8_isolated,isolated,flux,13,0,l0_ms,4.003616,recorder
20260824-100751_perlmutter_3c2ea15d,l01_slipstream_v2_trace-610042_b8_k8_isolated,isolated,flux,13,1,l0_ms,3.746336,recorder
20260824-100751_perlmutter_3c2ea15d,l01_slipstream_v2_trace-610042_b8_k8_isolated,isolated,flux,13,2,l0_ms,3.88784,recorder
20260824-100751_perlmutter_3c2ea15d,l01_slipstream_v2_trace-610042_b8_k8_isolated,isolated,flux,13,3,l0_ms,3.755584,recorder
20260824-100751_perlmutter_3c2ea15d,l01_slipstream_v2_trace-610042_b8_k8_isolated,isolated,flux,13,4,l0_ms,4.11728,recorder
20260824-100751_perlmutter_3c2ea15d,l01_slipstream_v2_trace-610042_b8_k8_isolated,isolated,flux,13,5,l0_ms,3.92752,recorder
20260824-100751_perlmutter_3c2ea15d,l01_slipstream_v2_trace-610042_b8_k8_isolated,isolated,flux,13,6,l0_ms,4.00368,recorder
20260824-100751_perlmutter_3c2ea15d,l01_slipstream_v2_trace-610042_b8_k8_isolated,isolated,flux,13,7,l0_ms,3.922528,recorder
20260824-100751_perlmutter_3c2ea15d,l01_slipstream_v2_trace-610042_b8_k8_isolated,isolated,flux,13,8,l0_ms,3.992256,recorder
20260824-100751_perlmutter_3c2ea15d,l01_slipstream_v2_trace-610042_b8_k8_isolated,isolated,flux,13,9,l0_ms,3.767232,recorder
20260824-100751_perlmutter_3c2ea15d,l01_slipstream_v2_trace-610042_b8_k8_isolated,isolated,flux,13,0,act_ms,0.027744,recorder
20260824-100751_perlmutter_3c2ea15d,l01_slipstream_v2_trace-610042_b8_k8_isolated,isolated,flux,13,1,act_ms,0.029216,recorder
20260824-100751_perlmutter_3c2ea15d,l01_slipstream_v2_trace-610042_b8_k8_isolated,isolated,flux,13,2,act_ms,0.028288,recorder
20260824-100751_perlmutter_3c2ea15d,l01_slipstream_v2_trace-610042_b8_k8_isolated,isolated,flux,13,3,act_ms,0.027776,recorder
20260824-100751_perlmutter_3c2ea15d,l01_slipstream_v2_trace-610042_b8_k8_isolated,isolated,flux,13,4,act_ms,0.0296,recorder
20260824-100751_perlmutter_3c2ea15d,l01_slipstream_v2_trace-610042_b8_k8_isolated,isolated,flux,13,5,act_ms,0.027904,recorder
20260824-100751_perlmutter_3c2ea15d,l01_slipstream_v2_trace-610042_b8_k8_isolated,isolated,flux,13,6,act_ms,0.02704,recorder
20260824-100751_perlmutter_3c2ea15d,l01_slipstream_v2_trace-610042_b8_k8_isolated,isolated,flux,13,7,act_ms,0.0288,recorder
20260824-100751_perlmutter_3c2ea15d,l01_slipstream_v2_trace-610042_b8_k8_isolated,isolated,flux,13,8,act_ms,0.0296,recorder
20260824-100751_perlmutter_3c2ea15d,l01_slipstream_v2_trace-610042_b8_k8_isolated,isolated,flux,13,9,act_ms,0.027616,recorder
20260824-100751_perlmutter_3c2ea15d,l01_slipstream_v2_trace-610042_b8_k8_isolated,isolated,flux,13,0,l1_ms,5.250112,recorder
20260824-100751_perlmutter_3c2ea15d,l01_slipstream_v2_trace-610042_b8_k8_isolated,isolated,flux,13,1,l1_ms,5.206336,recorder
20260824-100751_perlmutter_3c2ea15d,l01_slipstream_v2_trace-610042_b8_k8_isolated,isolated,flux,13,2,l1_ms,5.28384,recorder
20260824-100751_perlmutter_3c2ea15d,l01_slipstream_v2_trace-610042_b8_k8_isolated,isolated,flux,13,3,l1_ms,5.209696,recorder
20260824-100751_perlmutter_3c2ea15d,l01_slipstream_v2_trace-610042_b8_k8_isolated,isolated,flux,13,4,l1_ms,5.519712,recorder
20260824-100751_perlmutter_3c2ea15d,l01_slipstream_v2_trace-610042_b8_k8_isolated,isolated,flux,13,5,l1_ms,5.188288,recorder
20260824-100751_perlmutter_3c2ea15d,l01_slipstream_v2_trace-610042_b8_k8_isolated,isolated,flux,13,6,l1_ms,5.091488,recorder
20260824-100751_perlmutter_3c2ea15d,l01_slipstream_v2_trace-610042_b8_k8_isolated,isolated,flux,13,7,l1_ms,5.195968,recorder
20260824-100751_perlmutter_3c2ea15d,l01_slipstream_v2_trace-610042_b8_k8_isolated,isolated,flux,13,8,l1_ms,5.289088,recorder
20260824-100751_perlmutter_3c2ea15d,l01_slipstream_v2_trace-610042_b8_k8_isolated,isolated,flux,13,9,l1_ms,5.167872,recorder
20260824-100751_perlmutter_3c2ea15d,l01_slipstream_v2_trace-610042_b8_k8_isolated,isolated,flux,13,0,plan_comm_ms,0.42816,recorder
20260824-100751_perlmutter_3c2ea15d,l01_slipstream_v2_trace-610042_b8_k8_isolated,isolated,flux,13,1,plan_comm_ms,0.907424,recorder
20260824-100751_perlmutter_3c2ea15d,l01_slipstream_v2_trace-610042_b8_k8_isolated,isolated,flux,13,2,plan_comm_ms,0.178368,recorder
20260824-100751_perlmutter_3c2ea15d,l01_slipstream_v2_trace-610042_b8_k8_isolated,isolated,flux,13,3,plan_comm_ms,0.326112,recorder
20260824-100751_perlmutter_3c2ea15d,l01_slipstream_v2_trace-610042_b8_k8_isolated,isolated,flux,13,4,plan_comm_ms,0.619648,recorder
20260824-100751_perlmutter_3c2ea15d,l01_slipstream_v2_trace-610042_b8_k8_isolated,isolated,flux,13,5,plan_comm_ms,0.185152,recorder
20260824-100751_perlmutter_3c2ea15d,l01_slipstream_v2_trace-610042_b8_k8_isolated,isolated,flux,13,6,plan_comm_ms,0.19024,recorder
20260824-100751_perlmutter_3c2ea15d,l01_slipstream_v2_trace-610042_b8_k8_isolated,isolated,flux,13,7,plan_comm_ms,0.489088,recorder
20260824-100751_perlmutter_3c2ea15d,l01_slipstream_v2_trace-610042_b8_k8_isolated,isolated,flux,13,8,plan_comm_ms,0.184896,recorder
20260824-100751_perlmutter_3c2ea15d,l01_slipstream_v2_trace-610042_b8_k8_isolated,isolated,flux,13,9,plan_comm_ms,0.176256,recorder
20260824-100751_perlmutter_3c2ea15d,l01_slipstream_v2_trace-610042_b8_k8_isolated,isolated,flux,13,0,plan_ms,0.786912,recorder
20260824-100751_perlmutter_3c2ea15d,l01_slipstream_v2_trace-610042_b8_k8_isolated,isolated,flux,13,1,plan_ms,0.76896,recorder
20260824-100751_perlmutter_3c2ea15d,l01_slipstream_v2_trace-610042_b8_k8_isolated,isolated,flux,13,2,plan_ms,0.768832,recorder
20260824-100751_perlmutter_3c2ea15d,l01_slipstream_v2_trace-610042_b8_k8_isolated,isolated,flux,13,3,plan_ms,0.753088,recorder
20260824-100751_perlmutter_3c2ea15d,l01_slipstream_v2_trace-610042_b8_k8_isolated,isolated,flux,13,4,plan_ms,0.75872,recorder
20260824-100751_perlmutter_3c2ea15d,l01_slipstream_v2_trace-610042_b8_k8_isolated,isolated,flux,13,5,plan_ms,0.75872,recorder
20260824-100751_perlmutter_3c2ea15d,l01_slipstream_v2_trace-610042_b8_k8_isolated,isolated,flux,13,6,plan_ms,0.758592,recorder
20260824-100751_perlmutter_3c2ea15d,l01_slipstream_v2_trace-610042_b8_k8_isolated,isolated,flux,13,7,plan_ms,0.75568,recorder
20260824-100751_perlmutter_3c2ea15d,l01_slipstream_v2_trace-610042_b8_k8_isolated,isolated,flux,13,8,plan_ms,0.767616,recorder
20260824-100751_perlmutter_3c2ea15d,l01_slipstream_v2_trace-610042_b8_k8_isolated,isolated,flux,13,9,plan_ms,0.75184,recorder
20260824-100751_perlmutter_3c2ea15d,l01_slipstream_v2_trace-610042_b8_k8_isolated,isolated,flux,13,0,total_ms,10.49888,recorder
20260824-100751_perlmutter_3c2ea15d,l01_slipstream_v2_trace-610042_b8_k8_isolated,isolated,flux,13,1,total_ms,10.660576,recorder
20260824-100751_perlmutter_3c2ea15d,l01_slipstream_v2_trace-610042_b8_k8_isolated,isolated,flux,13,2,total_ms,10.149696,recorder
20260824-100751_perlmutter_3c2ea15d,l01_slipstream_v2_trace-610042_b8_k8_isolated,isolated,flux,13,3,total_ms,10.07456,recorder
20260824-100751_perlmutter_3c2ea15d,l01_slipstream_v2_trace-610042_b8_k8_isolated,isolated,flux,13,4,total_ms,11.047264,recorder
20260824-100751_perlmutter_3c2ea15d,l01_slipstream_v2_trace-610042_b8_k8_isolated,isolated,flux,13,5,total_ms,10.089888,recorder
20260824-100751_perlmutter_3c2ea15d,l01_slipstream_v2_trace-610042_b8_k8_isolated,isolated,flux,13,6,total_ms,10.073376,recorder
20260824-100751_perlmutter_3c2ea15d,l01_slipstream_v2_trace-610042_b8_k8_isolated,isolated,flux,13,7,total_ms,10.3944,recorder
20260824-100751_perlmutter_3c2ea15d,l01_slipstream_v2_trace-610042_b8_k8_isolated,isolated,flux,13,8,total_ms,10.265792,recorder
20260824-100751_perlmutter_3c2ea15d,l01_slipstream_v2_trace-610042_b8_k8_isolated,isolated,flux,13,9,total_ms,9.893152,recorder
20260824-100751_perlmutter_3c2ea15d,l01_slipstream_v2_trace-610042_b8_k8_isolated,isolated,flux,13,0,iso_sync_ms,8.574517,recorder
20260824-100751_perlmutter_3c2ea15d,l01_slipstream_v2_trace-610042_b8_k8_isolated,isolated,flux,13,1,iso_sync_ms,9.175691,recorder
20260824-100751_perlmutter_3c2ea15d,l01_slipstream_v2_trace-610042_b8_k8_isolated,isolated,flux,13,2,iso_sync_ms,8.417463,recorder
20260824-100751_perlmutter_3c2ea15d,l01_slipstream_v2_trace-610042_b8_k8_isolated,isolated,flux,13,3,iso_sync_ms,8.640615,recorder
20260824-100751_perlmutter_3c2ea15d,l01_slipstream_v2_trace-610042_b8_k8_isolated,isolated,flux,13,4,iso_sync_ms,8.442001,recorder
20260824-100751_perlmutter_3c2ea15d,l01_slipstream_v2_trace-610042_b8_k8_isolated,isolated,flux,13,5,iso_sync_ms,9.206901,recorder
20260824-100751_perlmutter_3c2ea15d,l01_slipstream_v2_trace-610042_b8_k8_isolated,isolated,flux,13,6,iso_sync_ms,8.597672,recorder
20260824-100751_perlmutter_3c2ea15d,l01_slipstream_v2_trace-610042_b8_k8_isolated,isolated,flux,13,7,iso_sync_ms,8.839831,recorder
20260824-100751_perlmutter_3c2ea15d,l01_slipstream_v2_trace-610042_b8_k8_isolated,isolated,flux,13,8,iso_sync_ms,8.616388,recorder
20260824-100751_perlmutter_3c2ea15d,l01_slipstream_v2_trace-610042_b8_k8_isolated,isolated,flux,13,9,iso_sync_ms,8.788251,recorder
20260824-100751_perlmutter_3c2ea15d,l01_slipstream_v2_trace-610042_b8_k8_isolated,isolated,flux,14,0,e2e_ms,9.316928,recorder
20260824-100751_perlmutter_3c2ea15d,l01_slipstream_v2_trace-610042_b8_k8_isolated,isolated,flux,14,1,e2e_ms,8.983808,recorder
20260824-100751_perlmutter_3c2ea15d,l01_slipstream_v2_trace-610042_b8_k8_isolated,isolated,flux,14,2,e2e_ms,9.224704,recorder
20260824-100751_perlmutter_3c2ea15d,l01_slipstream_v2_trace-610042_b8_k8_isolated,isolated,flux,14,3,e2e_ms,9.002016,recorder
20260824-100751_perlmutter_3c2ea15d,l01_slipstream_v2_trace-610042_b8_k8_isolated,isolated,flux,14,4,e2e_ms,9.693344,recorder
20260824-100751_perlmutter_3c2ea15d,l01_slipstream_v2_trace-610042_b8_k8_isolated,isolated,flux,14,5,e2e_ms,9.153312,recorder
20260824-100751_perlmutter_3c2ea15d,l01_slipstream_v2_trace-610042_b8_k8_isolated,isolated,flux,14,6,e2e_ms,9.135552,recorder
20260824-100751_perlmutter_3c2ea15d,l01_slipstream_v2_trace-610042_b8_k8_isolated,isolated,flux,14,7,e2e_ms,8.994912,recorder
20260824-100751_perlmutter_3c2ea15d,l01_slipstream_v2_trace-610042_b8_k8_isolated,isolated,flux,14,8,e2e_ms,9.275904,recorder
20260824-100751_perlmutter_3c2ea15d,l01_slipstream_v2_trace-610042_b8_k8_isolated,isolated,flux,14,9,e2e_ms,8.972416,recorder
20260824-100751_perlmutter_3c2ea15d,l01_slipstream_v2_trace-610042_b8_k8_isolated,isolated,flux,14,0,l0_ms,4.028736,recorder
20260824-100751_perlmutter_3c2ea15d,l01_slipstream_v2_trace-610042_b8_k8_isolated,isolated,flux,14,1,l0_ms,3.774016,recorder
20260824-100751_perlmutter_3c2ea15d,l01_slipstream_v2_trace-610042_b8_k8_isolated,isolated,flux,14,2,l0_ms,3.939136,recorder
20260824-100751_perlmutter_3c2ea15d,l01_slipstream_v2_trace-610042_b8_k8_isolated,isolated,flux,14,3,l0_ms,3.770592,recorder
20260824-100751_perlmutter_3c2ea15d,l01_slipstream_v2_trace-610042_b8_k8_isolated,isolated,flux,14,4,l0_ms,4.110336,recorder
20260824-100751_perlmutter_3c2ea15d,l01_slipstream_v2_trace-610042_b8_k8_isolated,isolated,flux,14,5,l0_ms,3.930432,recorder
20260824-100751_perlmutter_3c2ea15d,l01_slipstream_v2_trace-610042_b8_k8_isolated,isolated,flux,14,6,l0_ms,4.012352,recorder
20260824-100751_perlmutter_3c2ea15d,l01_slipstream_v2_trace-610042_b8_k8_isolated,isolated,flux,14,7,l0_ms,3.925408,recorder
20260824-100751_perlmutter_3c2ea15d,l01_slipstream_v2_trace-610042_b8_k8_isolated,isolated,flux,14,8,l0_ms,4.010496,recorder
20260824-100751_perlmutter_3c2ea15d,l01_slipstream_v2_trace-610042_b8_k8_isolated,isolated,flux,14,9,l0_ms,3.769376,recorder
20260824-100751_perlmutter_3c2ea15d,l01_slipstream_v2_trace-610042_b8_k8_isolated,isolated,flux,14,0,act_ms,0.031168,recorder
20260824-100751_perlmutter_3c2ea15d,l01_slipstream_v2_trace-610042_b8_k8_isolated,isolated,flux,14,1,act_ms,0.031296,recorder
20260824-100751_perlmutter_3c2ea15d,l01_slipstream_v2_trace-610042_b8_k8_isolated,isolated,flux,14,2,act_ms,0.030432,recorder
20260824-100751_perlmutter_3c2ea15d,l01_slipstream_v2_trace-610042_b8_k8_isolated,isolated,flux,14,3,act_ms,0.032736,recorder
20260824-100751_perlmutter_3c2ea15d,l01_slipstream_v2_trace-610042_b8_k8_isolated,isolated,flux,14,4,act_ms,0.030944,recorder
20260824-100751_perlmutter_3c2ea15d,l01_slipstream_v2_trace-610042_b8_k8_isolated,isolated,flux,14,5,act_ms,0.031872,recorder
20260824-100751_perlmutter_3c2ea15d,l01_slipstream_v2_trace-610042_b8_k8_isolated,isolated,flux,14,6,act_ms,0.032,recorder
20260824-100751_perlmutter_3c2ea15d,l01_slipstream_v2_trace-610042_b8_k8_isolated,isolated,flux,14,7,act_ms,0.032672,recorder
20260824-100751_perlmutter_3c2ea15d,l01_slipstream_v2_trace-610042_b8_k8_isolated,isolated,flux,14,8,act_ms,0.032192,recorder
20260824-100751_perlmutter_3c2ea15d,l01_slipstream_v2_trace-610042_b8_k8_isolated,isolated,flux,14,9,act_ms,0.034208,recorder
20260824-100751_perlmutter_3c2ea15d,l01_slipstream_v2_trace-610042_b8_k8_isolated,isolated,flux,14,0,l1_ms,5.257024,recorder
20260824-100751_perlmutter_3c2ea15d,l01_slipstream_v2_trace-610042_b8_k8_isolated,isolated,flux,14,1,l1_ms,5.178496,recorder
20260824-100751_perlmutter_3c2ea15d,l01_slipstream_v2_trace-610042_b8_k8_isolated,isolated,flux,14,2,l1_ms,5.255136,recorder
20260824-100751_perlmutter_3c2ea15d,l01_slipstream_v2_trace-610042_b8_k8_isolated,isolated,flux,14,3,l1_ms,5.198688,recorder
20260824-100751_perlmutter_3c2ea15d,l01_slipstream_v2_trace-610042_b8_k8_isolated,isolated,flux,14,4,l1_ms,5.552064,recorder
20260824-100751_perlmutter_3c2ea15d,l01_slipstream_v2_trace-610042_b8_k8_isolated,isolated,flux,14,5,l1_ms,5.191008,recorder
20260824-100751_perlmutter_3c2ea15d,l01_slipstream_v2_trace-610042_b8_k8_isolated,isolated,flux,14,6,l1_ms,5.0912,recorder
20260824-100751_perlmutter_3c2ea15d,l01_slipstream_v2_trace-610042_b8_k8_isolated,isolated,flux,14,7,l1_ms,5.036832,recorder
20260824-100751_perlmutter_3c2ea15d,l01_slipstream_v2_trace-610042_b8_k8_isolated,isolated,flux,14,8,l1_ms,5.233216,recorder
20260824-100751_perlmutter_3c2ea15d,l01_slipstream_v2_trace-610042_b8_k8_isolated,isolated,flux,14,9,l1_ms,5.168832,recorder
20260824-100751_perlmutter_3c2ea15d,l01_slipstream_v2_trace-610042_b8_k8_isolated,isolated,flux,14,0,plan_comm_ms,0.40976,recorder
20260824-100751_perlmutter_3c2ea15d,l01_slipstream_v2_trace-610042_b8_k8_isolated,isolated,flux,14,1,plan_comm_ms,0.907552,recorder
20260824-100751_perlmutter_3c2ea15d,l01_slipstream_v2_trace-610042_b8_k8_isolated,isolated,flux,14,2,plan_comm_ms,0.163232,recorder
20260824-100751_perlmutter_3c2ea15d,l01_slipstream_v2_trace-610042_b8_k8_isolated,isolated,flux,14,3,plan_comm_ms,0.32256,recorder
20260824-100751_perlmutter_3c2ea15d,l01_slipstream_v2_trace-610042_b8_k8_isolated,isolated,flux,14,4,plan_comm_ms,0.62224,recorder
20260824-100751_perlmutter_3c2ea15d,l01_slipstream_v2_trace-610042_b8_k8_isolated,isolated,flux,14,5,plan_comm_ms,0.18224,recorder
20260824-100751_perlmutter_3c2ea15d,l01_slipstream_v2_trace-610042_b8_k8_isolated,isolated,flux,14,6,plan_comm_ms,0.185312,recorder
20260824-100751_perlmutter_3c2ea15d,l01_slipstream_v2_trace-610042_b8_k8_isolated,isolated,flux,14,7,plan_comm_ms,0.488608,recorder
20260824-100751_perlmutter_3c2ea15d,l01_slipstream_v2_trace-610042_b8_k8_isolated,isolated,flux,14,8,plan_comm_ms,0.179008,recorder
20260824-100751_perlmutter_3c2ea15d,l01_slipstream_v2_trace-610042_b8_k8_isolated,isolated,flux,14,9,plan_comm_ms,0.168224,recorder
20260824-100751_perlmutter_3c2ea15d,l01_slipstream_v2_trace-610042_b8_k8_isolated,isolated,flux,14,0,plan_ms,0.776832,recorder
20260824-100751_perlmutter_3c2ea15d,l01_slipstream_v2_trace-610042_b8_k8_isolated,isolated,flux,14,1,plan_ms,0.762208,recorder
20260824-100751_perlmutter_3c2ea15d,l01_slipstream_v2_trace-610042_b8_k8_isolated,isolated,flux,14,2,plan_ms,0.762112,recorder
20260824-100751_perlmutter_3c2ea15d,l01_slipstream_v2_trace-610042_b8_k8_isolated,isolated,flux,14,3,plan_ms,0.750336,recorder
20260824-100751_perlmutter_3c2ea15d,l01_slipstream_v2_trace-610042_b8_k8_isolated,isolated,flux,14,4,plan_ms,0.760704,recorder
20260824-100751_perlmutter_3c2ea15d,l01_slipstream_v2_trace-610042_b8_k8_isolated,isolated,flux,14,5,plan_ms,0.757568,recorder
20260824-100751_perlmutter_3c2ea15d,l01_slipstream_v2_trace-610042_b8_k8_isolated,isolated,flux,14,6,plan_ms,0.756416,recorder
20260824-100751_perlmutter_3c2ea15d,l01_slipstream_v2_trace-610042_b8_k8_isolated,isolated,flux,14,7,plan_ms,0.74928,recorder
20260824-100751_perlmutter_3c2ea15d,l01_slipstream_v2_trace-610042_b8_k8_isolated,isolated,flux,14,8,plan_ms,0.755872,recorder
20260824-100751_perlmutter_3c2ea15d,l01_slipstream_v2_trace-610042_b8_k8_isolated,isolated,flux,14,9,plan_ms,0.755712,recorder
20260824-100751_perlmutter_3c2ea15d,l01_slipstream_v2_trace-610042_b8_k8_isolated,isolated,flux,14,0,total_ms,10.505856,recorder
20260824-100751_perlmutter_3c2ea15d,l01_slipstream_v2_trace-610042_b8_k8_isolated,isolated,flux,14,1,total_ms,10.655904,recorder
20260824-100751_perlmutter_3c2ea15d,l01_slipstream_v2_trace-610042_b8_k8_isolated,isolated,flux,14,2,total_ms,10.152384,recorder
20260824-100751_perlmutter_3c2ea15d,l01_slipstream_v2_trace-610042_b8_k8_isolated,isolated,flux,14,3,total_ms,10.07728,recorder
20260824-100751_perlmutter_3c2ea15d,l01_slipstream_v2_trace-610042_b8_k8_isolated,isolated,flux,14,4,total_ms,11.078624,recorder
20260824-100751_perlmutter_3c2ea15d,l01_slipstream_v2_trace-610042_b8_k8_isolated,isolated,flux,14,5,total_ms,10.095456,recorder
20260824-100751_perlmutter_3c2ea15d,l01_slipstream_v2_trace-610042_b8_k8_isolated,isolated,flux,14,6,total_ms,10.079616,recorder
20260824-100751_perlmutter_3c2ea15d,l01_slipstream_v2_trace-610042_b8_k8_isolated,isolated,flux,14,7,total_ms,10.235136,recorder
20260824-100751_perlmutter_3c2ea15d,l01_slipstream_v2_trace-610042_b8_k8_isolated,isolated,flux,14,8,total_ms,10.21312,recorder
20260824-100751_perlmutter_3c2ea15d,l01_slipstream_v2_trace-610042_b8_k8_isolated,isolated,flux,14,9,total_ms,9.898688,recorder
20260824-100751_perlmutter_3c2ea15d,l01_slipstream_v2_trace-610042_b8_k8_isolated,isolated,flux,14,0,iso_sync_ms,8.307721,recorder
20260824-100751_perlmutter_3c2ea15d,l01_slipstream_v2_trace-610042_b8_k8_isolated,isolated,flux,14,1,iso_sync_ms,9.205939,recorder
20260824-100751_perlmutter_3c2ea15d,l01_slipstream_v2_trace-610042_b8_k8_isolated,isolated,flux,14,2,iso_sync_ms,8.380541,recorder
20260824-100751_perlmutter_3c2ea15d,l01_slipstream_v2_trace-610042_b8_k8_isolated,isolated,flux,14,3,iso_sync_ms,8.623852,recorder
20260824-100751_perlmutter_3c2ea15d,l01_slipstream_v2_trace-610042_b8_k8_isolated,isolated,flux,14,4,iso_sync_ms,8.435428,recorder
20260824-100751_perlmutter_3c2ea15d,l01_slipstream_v2_trace-610042_b8_k8_isolated,isolated,flux,14,5,iso_sync_ms,9.190429,recorder
20260824-100751_perlmutter_3c2ea15d,l01_slipstream_v2_trace-610042_b8_k8_isolated,isolated,flux,14,6,iso_sync_ms,8.584136,recorder
20260824-100751_perlmutter_3c2ea15d,l01_slipstream_v2_trace-610042_b8_k8_isolated,isolated,flux,14,7,iso_sync_ms,8.795997,recorder
20260824-100751_perlmutter_3c2ea15d,l01_slipstream_v2_trace-610042_b8_k8_isolated,isolated,flux,14,8,iso_sync_ms,8.608443,recorder
20260824-100751_perlmutter_3c2ea15d,l01_slipstream_v2_trace-610042_b8_k8_isolated,isolated,flux,14,9,iso_sync_ms,8.773563,recorder
20260824-100751_perlmutter_3c2ea15d,l01_slipstream_v2_trace-610042_b8_k8_isolated,isolated,flux,15,0,e2e_ms,9.29088,recorder
20260824-100751_perlmutter_3c2ea15d,l01_slipstream_v2_trace-610042_b8_k8_isolated,isolated,flux,15,1,e2e_ms,8.989504,recorder
20260824-100751_perlmutter_3c2ea15d,l01_slipstream_v2_trace-610042_b8_k8_isolated,isolated,flux,15,2,e2e_ms,9.205888,recorder
20260824-100751_perlmutter_3c2ea15d,l01_slipstream_v2_trace-610042_b8_k8_isolated,isolated,flux,15,3,e2e_ms,8.950496,recorder
20260824-100751_perlmutter_3c2ea15d,l01_slipstream_v2_trace-610042_b8_k8_isolated,isolated,flux,15,4,e2e_ms,9.706272,recorder
20260824-100751_perlmutter_3c2ea15d,l01_slipstream_v2_trace-610042_b8_k8_isolated,isolated,flux,15,5,e2e_ms,9.147328,recorder
20260824-100751_perlmutter_3c2ea15d,l01_slipstream_v2_trace-610042_b8_k8_isolated,isolated,flux,15,6,e2e_ms,9.13328,recorder
20260824-100751_perlmutter_3c2ea15d,l01_slipstream_v2_trace-610042_b8_k8_isolated,isolated,flux,15,7,e2e_ms,9.013344,recorder
20260824-100751_perlmutter_3c2ea15d,l01_slipstream_v2_trace-610042_b8_k8_isolated,isolated,flux,15,8,e2e_ms,9.289056,recorder
20260824-100751_perlmutter_3c2ea15d,l01_slipstream_v2_trace-610042_b8_k8_isolated,isolated,flux,15,9,e2e_ms,8.901248,recorder
20260824-100751_perlmutter_3c2ea15d,l01_slipstream_v2_trace-610042_b8_k8_isolated,isolated,flux,15,0,l0_ms,4.017568,recorder
20260824-100751_perlmutter_3c2ea15d,l01_slipstream_v2_trace-610042_b8_k8_isolated,isolated,flux,15,1,l0_ms,3.77808,recorder
20260824-100751_perlmutter_3c2ea15d,l01_slipstream_v2_trace-610042_b8_k8_isolated,isolated,flux,15,2,l0_ms,3.93072,recorder
20260824-100751_perlmutter_3c2ea15d,l01_slipstream_v2_trace-610042_b8_k8_isolated,isolated,flux,15,3,l0_ms,3.80096,recorder
20260824-100751_perlmutter_3c2ea15d,l01_slipstream_v2_trace-610042_b8_k8_isolated,isolated,flux,15,4,l0_ms,4.12656,recorder
20260824-100751_perlmutter_3c2ea15d,l01_slipstream_v2_trace-610042_b8_k8_isolated,isolated,flux,15,5,l0_ms,3.938304,recorder
20260824-100751_perlmutter_3c2ea15d,l01_slipstream_v2_trace-610042_b8_k8_isolated,isolated,flux,15,6,l0_ms,4.01904,recorder
20260824-100751_perlmutter_3c2ea15d,l01_slipstream_v2_trace-610042_b8_k8_isolated,isolated,flux,15,7,l0_ms,3.91056,recorder
20260824-100751_perlmutter_3c2ea15d,l01_slipstream_v2_trace-610042_b8_k8_isolated,isolated,flux,15,8,l0_ms,4.019936,recorder
20260824-100751_perlmutter_3c2ea15d,l01_slipstream_v2_trace-610042_b8_k8_isolated,isolated,flux,15,9,l0_ms,3.76688,recorder
20260824-100751_perlmutter_3c2ea15d,l01_slipstream_v2_trace-610042_b8_k8_isolated,isolated,flux,15,0,act_ms,0.021504,recorder
20260824-100751_perlmutter_3c2ea15d,l01_slipstream_v2_trace-610042_b8_k8_isolated,isolated,flux,15,1,act_ms,0.019264,recorder
20260824-100751_perlmutter_3c2ea15d,l01_slipstream_v2_trace-610042_b8_k8_isolated,isolated,flux,15,2,act_ms,0.020864,recorder
20260824-100751_perlmutter_3c2ea15d,l01_slipstream_v2_trace-610042_b8_k8_isolated,isolated,flux,15,3,act_ms,0.020992,recorder
20260824-100751_perlmutter_3c2ea15d,l01_slipstream_v2_trace-610042_b8_k8_isolated,isolated,flux,15,4,act_ms,0.020384,recorder
20260824-100751_perlmutter_3c2ea15d,l01_slipstream_v2_trace-610042_b8_k8_isolated,isolated,flux,15,5,act_ms,0.020896,recorder
20260824-100751_perlmutter_3c2ea15d,l01_slipstream_v2_trace-610042_b8_k8_isolated,isolated,flux,15,6,act_ms,0.02224,recorder
20260824-100751_perlmutter_3c2ea15d,l01_slipstream_v2_trace-610042_b8_k8_isolated,isolated,flux,15,7,act_ms,0.019744,recorder
20260824-100751_perlmutter_3c2ea15d,l01_slipstream_v2_trace-610042_b8_k8_isolated,isolated,flux,15,8,act_ms,0.020288,recorder
20260824-100751_perlmutter_3c2ea15d,l01_slipstream_v2_trace-610042_b8_k8_isolated,isolated,flux,15,9,act_ms,0.02128,recorder
20260824-100751_perlmutter_3c2ea15d,l01_slipstream_v2_trace-610042_b8_k8_isolated,isolated,flux,15,0,l1_ms,5.251808,recorder
20260824-100751_perlmutter_3c2ea15d,l01_slipstream_v2_trace-610042_b8_k8_isolated,isolated,flux,15,1,l1_ms,5.19216,recorder
20260824-100751_perlmutter_3c2ea15d,l01_slipstream_v2_trace-610042_b8_k8_isolated,isolated,flux,15,2,l1_ms,5.254304,recorder
20260824-100751_perlmutter_3c2ea15d,l01_slipstream_v2_trace-610042_b8_k8_isolated,isolated,flux,15,3,l1_ms,5.128544,recorder
20260824-100751_perlmutter_3c2ea15d,l01_slipstream_v2_trace-610042_b8_k8_isolated,isolated,flux,15,4,l1_ms,5.559328,recorder
20260824-100751_perlmutter_3c2ea15d,l01_slipstream_v2_trace-610042_b8_k8_isolated,isolated,flux,15,5,l1_ms,5.188128,recorder
20260824-100751_perlmutter_3c2ea15d,l01_slipstream_v2_trace-610042_b8_k8_isolated,isolated,flux,15,6,l1_ms,5.092,recorder
20260824-100751_perlmutter_3c2ea15d,l01_slipstream_v2_trace-610042_b8_k8_isolated,isolated,flux,15,7,l1_ms,5.08304,recorder
20260824-100751_perlmutter_3c2ea15d,l01_slipstream_v2_trace-610042_b8_k8_isolated,isolated,flux,15,8,l1_ms,5.248832,recorder
20260824-100751_perlmutter_3c2ea15d,l01_slipstream_v2_trace-610042_b8_k8_isolated,isolated,flux,15,9,l1_ms,5.113088,recorder
20260824-100751_perlmutter_3c2ea15d,l01_slipstream_v2_trace-610042_b8_k8_isolated,isolated,flux,15,0,plan_comm_ms,0.419136,recorder
20260824-100751_perlmutter_3c2ea15d,l01_slipstream_v2_trace-610042_b8_k8_isolated,isolated,flux,15,1,plan_comm_ms,0.899552,recorder
20260824-100751_perlmutter_3c2ea15d,l01_slipstream_v2_trace-610042_b8_k8_isolated,isolated,flux,15,2,plan_comm_ms,0.17664,recorder
20260824-100751_perlmutter_3c2ea15d,l01_slipstream_v2_trace-610042_b8_k8_isolated,isolated,flux,15,3,plan_comm_ms,0.308992,recorder
20260824-100751_perlmutter_3c2ea15d,l01_slipstream_v2_trace-610042_b8_k8_isolated,isolated,flux,15,4,plan_comm_ms,0.621568,recorder
20260824-100751_perlmutter_3c2ea15d,l01_slipstream_v2_trace-610042_b8_k8_isolated,isolated,flux,15,5,plan_comm_ms,0.175232,recorder
20260824-100751_perlmutter_3c2ea15d,l01_slipstream_v2_trace-610042_b8_k8_isolated,isolated,flux,15,6,plan_comm_ms,0.181696,recorder
20260824-100751_perlmutter_3c2ea15d,l01_slipstream_v2_trace-610042_b8_k8_isolated,isolated,flux,15,7,plan_comm_ms,0.48864,recorder
20260824-100751_perlmutter_3c2ea15d,l01_slipstream_v2_trace-610042_b8_k8_isolated,isolated,flux,15,8,plan_comm_ms,0.175712,recorder
20260824-100751_perlmutter_3c2ea15d,l01_slipstream_v2_trace-610042_b8_k8_isolated,isolated,flux,15,9,plan_comm_ms,0.1656,recorder
20260824-100751_perlmutter_3c2ea15d,l01_slipstream_v2_trace-610042_b8_k8_isolated,isolated,flux,15,0,plan_ms,0.784064,recorder
20260824-100751_perlmutter_3c2ea15d,l01_slipstream_v2_trace-610042_b8_k8_isolated,isolated,flux,15,1,plan_ms,0.765728,recorder
20260824-100751_perlmutter_3c2ea15d,l01_slipstream_v2_trace-610042_b8_k8_isolated,isolated,flux,15,2,plan_ms,0.765472,recorder
20260824-100751_perlmutter_3c2ea15d,l01_slipstream_v2_trace-610042_b8_k8_isolated,isolated,flux,15,3,plan_ms,0.75584,recorder
20260824-100751_perlmutter_3c2ea15d,l01_slipstream_v2_trace-610042_b8_k8_isolated,isolated,flux,15,4,plan_ms,0.752096,recorder
20260824-100751_perlmutter_3c2ea15d,l01_slipstream_v2_trace-610042_b8_k8_isolated,isolated,flux,15,5,plan_ms,0.76112,recorder
20260824-100751_perlmutter_3c2ea15d,l01_slipstream_v2_trace-610042_b8_k8_isolated,isolated,flux,15,6,plan_ms,0.753472,recorder
20260824-100751_perlmutter_3c2ea15d,l01_slipstream_v2_trace-610042_b8_k8_isolated,isolated,flux,15,7,plan_ms,0.769792,recorder
20260824-100751_perlmutter_3c2ea15d,l01_slipstream_v2_trace-610042_b8_k8_isolated,isolated,flux,15,8,plan_ms,0.752192,recorder
20260824-100751_perlmutter_3c2ea15d,l01_slipstream_v2_trace-610042_b8_k8_isolated,isolated,flux,15,9,plan_ms,0.767072,recorder
20260824-100751_perlmutter_3c2ea15d,l01_slipstream_v2_trace-610042_b8_k8_isolated,isolated,flux,15,0,total_ms,10.496384,recorder
20260824-100751_perlmutter_3c2ea15d,l01_slipstream_v2_trace-610042_b8_k8_isolated,isolated,flux,15,1,total_ms,10.65712,recorder
20260824-100751_perlmutter_3c2ea15d,l01_slipstream_v2_trace-610042_b8_k8_isolated,isolated,flux,15,2,total_ms,10.150336,recorder
20260824-100751_perlmutter_3c2ea15d,l01_slipstream_v2_trace-610042_b8_k8_isolated,isolated,flux,15,3,total_ms,10.017632,recorder
20260824-100751_perlmutter_3c2ea15d,l01_slipstream_v2_trace-610042_b8_k8_isolated,isolated,flux,15,4,total_ms,11.082272,recorder
20260824-100751_perlmutter_3c2ea15d,l01_slipstream_v2_trace-610042_b8_k8_isolated,isolated,flux,15,5,total_ms,10.08624,recorder
20260824-100751_perlmutter_3c2ea15d,l01_slipstream_v2_trace-610042_b8_k8_isolated,isolated,flux,15,6,total_ms,10.070784,recorder
20260824-100751_perlmutter_3c2ea15d,l01_slipstream_v2_trace-610042_b8_k8_isolated,isolated,flux,15,7,total_ms,10.274112,recorder
20260824-100751_perlmutter_3c2ea15d,l01_slipstream_v2_trace-610042_b8_k8_isolated,isolated,flux,15,8,total_ms,10.219264,recorder
20260824-100751_perlmutter_3c2ea15d,l01_slipstream_v2_trace-610042_b8_k8_isolated,isolated,flux,15,9,total_ms,9.836224,recorder
20260824-100751_perlmutter_3c2ea15d,l01_slipstream_v2_trace-610042_b8_k8_isolated,isolated,flux,15,0,iso_sync_ms,8.589255,recorder
20260824-100751_perlmutter_3c2ea15d,l01_slipstream_v2_trace-610042_b8_k8_isolated,isolated,flux,15,1,iso_sync_ms,9.18519,recorder
20260824-100751_perlmutter_3c2ea15d,l01_slipstream_v2_trace-610042_b8_k8_isolated,isolated,flux,15,2,iso_sync_ms,8.433825,recorder
20260824-100751_perlmutter_3c2ea15d,l01_slipstream_v2_trace-610042_b8_k8_isolated,isolated,flux,15,3,iso_sync_ms,8.649733,recorder
20260824-100751_perlmutter_3c2ea15d,l01_slipstream_v2_trace-610042_b8_k8_isolated,isolated,flux,15,4,iso_sync_ms,8.474424,recorder
20260824-100751_perlmutter_3c2ea15d,l01_slipstream_v2_trace-610042_b8_k8_isolated,isolated,flux,15,5,iso_sync_ms,9.220838,recorder
20260824-100751_perlmutter_3c2ea15d,l01_slipstream_v2_trace-610042_b8_k8_isolated,isolated,flux,15,6,iso_sync_ms,8.601479,recorder
20260824-100751_perlmutter_3c2ea15d,l01_slipstream_v2_trace-610042_b8_k8_isolated,isolated,flux,15,7,iso_sync_ms,8.814181,recorder
20260824-100751_perlmutter_3c2ea15d,l01_slipstream_v2_trace-610042_b8_k8_isolated,isolated,flux,15,8,iso_sync_ms,8.619894,recorder
20260824-100751_perlmutter_3c2ea15d,l01_slipstream_v2_trace-610042_b8_k8_isolated,isolated,flux,15,9,iso_sync_ms,8.801005,recorder
