run_id,cell_id,mode,impl,rank,iter,metric,value_ms,source
20260826-210624_perlmutter_55838841,ours_l01_s2_gate_trace-610042_b8_k8_isolated,isolated,ours,0,0,e2e_ms,69.971039,recorder
20260826-210624_perlmutter_55838841,ours_l01_s2_gate_trace-610042_b8_k8_isolated,isolated,ours,0,1,e2e_ms,69.431648,recorder
20260826-210624_perlmutter_55838841,ours_l01_s2_gate_trace-610042_b8_k8_isolated,isolated,ours,0,2,e2e_ms,68.138977,recorder
20260826-210624_perlmutter_55838841,ours_l01_s2_gate_trace-610042_b8_k8_isolated,isolated,ours,0,3,e2e_ms,70.291618,recorder
20260826-210624_perlmutter_55838841,ours_l01_s2_gate_trace-610042_b8_k8_isolated,isolated,ours,0,0,l0_ms,5.143424,recorder
20260826-210624_perlmutter_55838841,ours_l01_s2_gate_trace-610042_b8_k8_isolated,isolated,ours,0,1,l0_ms,5.20256,recorder
20260826-210624_perlmutter_55838841,ours_l01_s2_gate_trace-610042_b8_k8_isolated,isolated,ours,0,2,l0_ms,5.41984,recorder
20260826-210624_perlmutter_55838841,ours_l01_s2_gate_trace-610042_b8_k8_isolated,isolated,ours,0,3,l0_ms,5.136864,recorder
20260826-210624_perlmutter_55838841,ours_l01_s2_gate_trace-610042_b8_k8_isolated,isolated,ours,0,0,act_ms,0.042368,recorder
20260826-210624_perlmutter_55838841,ours_l01_s2_gate_trace-610042_b8_k8_isolated,isolated,ours,0,1,act_ms,0.03728,recorder
20260826-210624_perlmutter_55838841,ours_l01_s2_gate_trace-610042_b8_k8_isolated,isolated,ours,0,2,act_ms,0.03664,recorder
20260826-210624_perlmutter_55838841,ours_l01_s2_gate_trace-610042_b8_k8_isolated,isolated,ours,0,3,act_ms,0.041312,recorder
20260826-210624_perlmutter_55838841,ours_l01_s2_gate_trace-610042_b8_k8_isolated,isolated,ours,0,0,l1_ms,64.785248,recorder
20260826-210624_perlmutter_55838841,ours_l01_s2_gate_trace-610042_b8_k8_isolated,isolated,ours,0,1,l1_ms,64.191811,recorder
20260826-210624_perlmutter_55838841,ours_l01_s2_gate_trace-610042_b8_k8_isolated,isolated,ours,0,2,l1_ms,62.682495,recorder
20260826-210624_perlmutter_55838841,ours_l01_s2_gate_trace-610042_b8_k8_isolated,isolated,ours,0,3,l1_ms,65.113441,recorder
20260826-210624_perlmutter_55838841,ours_l01_s2_gate_trace-610042_b8_k8_isolated,isolated,ours,0,0,plan_comm_ms,0.970272,recorder
20260826-210624_perlmutter_55838841,ours_l01_s2_gate_trace-610042_b8_k8_isolated,isolated,ours,0,1,plan_comm_ms,0.459936,recorder
20260826-210624_perlmutter_55838841,ours_l01_s2_gate_trace-610042_b8_k8_isolated,isolated,ours,0,2,plan_comm_ms,0.417184,recorder
20260826-210624_perlmutter_55838841,ours_l01_s2_gate_trace-610042_b8_k8_isolated,isolated,ours,0,3,plan_comm_ms,0.823232,recorder
20260826-210624_perlmutter_55838841,ours_l01_s2_gate_trace-610042_b8_k8_isolated,isolated,ours,0,0,place_ms,1617.638184,recorder
20260826-210624_perlmutter_55838841,ours_l01_s2_gate_trace-610042_b8_k8_isolated,isolated,ours,0,1,place_ms,1546.148926,recorder
20260826-210624_perlmutter_55838841,ours_l01_s2_gate_trace-610042_b8_k8_isolated,isolated,ours,0,2,place_ms,1547.473389,recorder
20260826-210624_perlmutter_55838841,ours_l01_s2_gate_trace-610042_b8_k8_isolated,isolated,ours,0,3,place_ms,1535.172241,recorder
20260826-210624_perlmutter_55838841,ours_l01_s2_gate_trace-610042_b8_k8_isolated,isolated,ours,0,0,plan_ms,8.994048,recorder
20260826-210624_perlmutter_55838841,ours_l01_s2_gate_trace-610042_b8_k8_isolated,isolated,ours,0,1,plan_ms,7.718336,recorder
20260826-210624_perlmutter_55838841,ours_l01_s2_gate_trace-610042_b8_k8_isolated,isolated,ours,0,2,plan_ms,12.154656,recorder
20260826-210624_perlmutter_55838841,ours_l01_s2_gate_trace-610042_b8_k8_isolated,isolated,ours,0,3,plan_ms,9.705568,recorder
20260826-210624_perlmutter_55838841,ours_l01_s2_gate_trace-610042_b8_k8_isolated,isolated,ours,0,0,total_ms,1697.588623,recorder
20260826-210624_perlmutter_55838841,ours_l01_s2_gate_trace-610042_b8_k8_isolated,isolated,ours,0,1,total_ms,1623.772827,recorder
20260826-210624_perlmutter_55838841,ours_l01_s2_gate_trace-610042_b8_k8_isolated,isolated,ours,0,2,total_ms,1628.199585,recorder
20260826-210624_perlmutter_55838841,ours_l01_s2_gate_trace-610042_b8_k8_isolated,isolated,ours,0,3,total_ms,1616.00708,recorder
20260826-210624_perlmutter_55838841,ours_l01_s2_gate_trace-610042_b8_k8_isolated,isolated,ours,0,0,iso_sync_ms,508.757752,recorder
20260826-210624_perlmutter_55838841,ours_l01_s2_gate_trace-610042_b8_k8_isolated,isolated,ours,0,1,iso_sync_ms,435.167187,recorder
20260826-210624_perlmutter_55838841,ours_l01_s2_gate_trace-610042_b8_k8_isolated,isolated,ours,0,2,iso_sync_ms,436.070795,recorder
20260826-210624_perlmutter_55838841,ours_l01_s2_gate_trace-610042_b8_k8_isolated,isolated,ours,0,3,iso_sync_ms,453.224872,recorder
20260826-210624_perlmutter_55838841,ours_l01_s2_gate_trace-610042_b8_k8_isolated,isolated,ours,1,0,e2e_ms,69.917091,recorder
20260826-210624_perlmutter_55838841,ours_l01_s2_gate_trace-610042_b8_k8_isolated,isolated,ours,1,1,e2e_ms,69.357887,recorder
20260826-210624_perlmutter_55838841,ours_l01_s2_gate_trace-610042_b8_k8_isolated,isolated,ours,1,2,e2e_ms,68.138878,recorder
20260826-210624_perlmutter_55838841,ours_l01_s2_gate_trace-610042_b8_k8_isolated,isolated,ours,1,3,e2e_ms,70.325089,recorder
20260826-210624_perlmutter_55838841,ours_l01_s2_gate_trace-610042_b8_k8_isolated,isolated,ours,1,0,l0_ms,5.364832,recorder
20260826-210624_perlmutter_55838841,ours_l01_s2_gate_trace-610042_b8_k8_isolated,isolated,ours,1,1,l0_ms,4.926432,recorder
20260826-210624_perlmutter_55838841,ours_l01_s2_gate_trace-610042_b8_k8_isolated,isolated,ours,1,2,l0_ms,5.057248,recorder
20260826-210624_perlmutter_55838841,ours_l01_s2_gate_trace-610042_b8_k8_isolated,isolated,ours,1,3,l0_ms,5.037888,recorder
20260826-210624_perlmutter_55838841,ours_l01_s2_gate_trace-610042_b8_k8_isolated,isolated,ours,1,0,act_ms,0.040832,recorder
20260826-210624_perlmutter_55838841,ours_l01_s2_gate_trace-610042_b8_k8_isolated,isolated,ours,1,1,act_ms,0.04368,recorder
20260826-210624_perlmutter_55838841,ours_l01_s2_gate_trace-610042_b8_k8_isolated,isolated,ours,1,2,act_ms,0.04496,recorder
20260826-210624_perlmutter_55838841,ours_l01_s2_gate_trace-610042_b8_k8_isolated,isolated,ours,1,3,act_ms,0.038912,recorder
20260826-210624_perlmutter_55838841,ours_l01_s2_gate_trace-610042_b8_k8_isolated,isolated,ours,1,0,l1_ms,64.511421,recorder
20260826-210624_perlmutter_55838841,ours_l01_s2_gate_trace-610042_b8_k8_isolated,isolated,ours,1,1,l1_ms,64.387779,recorder
20260826-210624_perlmutter_55838841,ours_l01_s2_gate_trace-610042_b8_k8_isolated,isolated,ours,1,2,l1_ms,63.036671,recorder
20260826-210624_perlmutter_55838841,ours_l01_s2_gate_trace-610042_b8_k8_isolated,isolated,ours,1,3,l1_ms,65.248291,recorder
20260826-210624_perlmutter_55838841,ours_l01_s2_gate_trace-610042_b8_k8_isolated,isolated,ours,1,0,plan_comm_ms,0.954496,recorder
20260826-210624_perlmutter_55838841,ours_l01_s2_gate_trace-610042_b8_k8_isolated,isolated,ours,1,1,plan_comm_ms,0.322304,recorder
20260826-210624_perlmutter_55838841,ours_l01_s2_gate_trace-610042_b8_k8_isolated,isolated,ours,1,2,plan_comm_ms,0.375072,recorder
20260826-210624_perlmutter_55838841,ours_l01_s2_gate_trace-610042_b8_k8_isolated,isolated,ours,1,3,plan_comm_ms,0.793888,recorder
20260826-210624_perlmutter_55838841,ours_l01_s2_gate_trace-610042_b8_k8_isolated,isolated,ours,1,0,place_ms,1616.082153,recorder
20260826-210624_perlmutter_55838841,ours_l01_s2_gate_trace-610042_b8_k8_isolated,isolated,ours,1,1,place_ms,1542.245117,recorder
20260826-210624_perlmutter_55838841,ours_l01_s2_gate_trace-610042_b8_k8_isolated,isolated,ours,1,2,place_ms,1545.302124,recorder
20260826-210624_perlmutter_55838841,ours_l01_s2_gate_trace-610042_b8_k8_isolated,isolated,ours,1,3,place_ms,1534.24231,recorder
20260826-210624_perlmutter_55838841,ours_l01_s2_gate_trace-610042_b8_k8_isolated,isolated,ours,1,0,plan_ms,10.595168,recorder
20260826-210624_perlmutter_55838841,ours_l01_s2_gate_trace-610042_b8_k8_isolated,isolated,ours,1,1,plan_ms,11.699456,recorder
20260826-210624_perlmutter_55838841,ours_l01_s2_gate_trace-610042_b8_k8_isolated,isolated,ours,1,2,plan_ms,14.330112,recorder
20260826-210624_perlmutter_55838841,ours_l01_s2_gate_trace-610042_b8_k8_isolated,isolated,ours,1,3,plan_ms,10.620032,recorder
20260826-210624_perlmutter_55838841,ours_l01_s2_gate_trace-610042_b8_k8_isolated,isolated,ours,1,0,total_ms,1697.564331,recorder
20260826-210624_perlmutter_55838841,ours_l01_s2_gate_trace-610042_b8_k8_isolated,isolated,ours,1,1,total_ms,1623.642456,recorder
20260826-210624_perlmutter_55838841,ours_l01_s2_gate_trace-610042_b8_k8_isolated,isolated,ours,1,2,total_ms,1628.1604,recorder
20260826-210624_perlmutter_55838841,ours_l01_s2_gate_trace-610042_b8_k8_isolated,isolated,ours,1,3,total_ms,1615.995239,recorder
20260826-210624_perlmutter_55838841,ours_l01_s2_gate_trace-610042_b8_k8_isolated,isolated,ours,1,0,iso_sync_ms,1389.752735,recorder
20260826-210624_perlmutter_55838841,ours_l01_s2_gate_trace-610042_b8_k8_isolated,isolated,ours,1,1,iso_sync_ms,1277.266323,recorder
20260826-210624_perlmutter_55838841,ours_l01_s2_gate_trace-610042_b8_k8_isolated,isolated,ours,1,2,iso_sync_ms,1349.059931,recorder
20260826-210624_perlmutter_55838841,ours_l01_s2_gate_trace-610042_b8_k8_isolated,isolated,ours,1,3,iso_sync_ms,1351.870851,recorder
20260826-210624_perlmutter_55838841,ours_l01_s2_gate_trace-610042_b8_k8_isolated,isolated,ours,2,0,e2e_ms,69.961891,recorder
20260826-210624_perlmutter_55838841,ours_l01_s2_gate_trace-610042_b8_k8_isolated,isolated,ours,2,1,e2e_ms,69.377693,recorder
20260826-210624_perlmutter_55838841,ours_l01_s2_gate_trace-610042_b8_k8_isolated,isolated,ours,2,2,e2e_ms,68.132195,recorder
20260826-210624_perlmutter_55838841,ours_l01_s2_gate_trace-610042_b8_k8_isolated,isolated,ours,2,3,e2e_ms,70.290276,recorder
20260826-210624_perlmutter_55838841,ours_l01_s2_gate_trace-610042_b8_k8_isolated,isolated,ours,2,0,l0_ms,5.297696,recorder
20260826-210624_perlmutter_55838841,ours_l01_s2_gate_trace-610042_b8_k8_isolated,isolated,ours,2,1,l0_ms,5.175072,recorder
20260826-210624_perlmutter_55838841,ours_l01_s2_gate_trace-610042_b8_k8_isolated,isolated,ours,2,2,l0_ms,4.983648,recorder
20260826-210624_perlmutter_55838841,ours_l01_s2_gate_trace-610042_b8_k8_isolated,isolated,ours,2,3,l0_ms,5.004448,recorder
20260826-210624_perlmutter_55838841,ours_l01_s2_gate_trace-610042_b8_k8_isolated,isolated,ours,2,0,act_ms,0.045056,recorder
20260826-210624_perlmutter_55838841,ours_l01_s2_gate_trace-610042_b8_k8_isolated,isolated,ours,2,1,act_ms,0.043616,recorder
20260826-210624_perlmutter_55838841,ours_l01_s2_gate_trace-610042_b8_k8_isolated,isolated,ours,2,2,act_ms,0.04944,recorder
20260826-210624_perlmutter_55838841,ours_l01_s2_gate_trace-610042_b8_k8_isolated,isolated,ours,2,3,act_ms,0.038816,recorder
20260826-210624_perlmutter_55838841,ours_l01_s2_gate_trace-610042_b8_k8_isolated,isolated,ours,2,0,l1_ms,64.619133,recorder
20260826-210624_perlmutter_55838841,ours_l01_s2_gate_trace-610042_b8_k8_isolated,isolated,ours,2,1,l1_ms,64.159004,recorder
20260826-210624_perlmutter_55838841,ours_l01_s2_gate_trace-610042_b8_k8_isolated,isolated,ours,2,2,l1_ms,63.099106,recorder
20260826-210624_perlmutter_55838841,ours_l01_s2_gate_trace-610042_b8_k8_isolated,isolated,ours,2,3,l1_ms,65.247009,recorder
20260826-210624_perlmutter_55838841,ours_l01_s2_gate_trace-610042_b8_k8_isolated,isolated,ours,2,0,plan_comm_ms,0.985504,recorder
20260826-210624_perlmutter_55838841,ours_l01_s2_gate_trace-610042_b8_k8_isolated,isolated,ours,2,1,plan_comm_ms,0.464992,recorder
20260826-210624_perlmutter_55838841,ours_l01_s2_gate_trace-610042_b8_k8_isolated,isolated,ours,2,2,plan_comm_ms,0.423264,recorder
20260826-210624_perlmutter_55838841,ours_l01_s2_gate_trace-610042_b8_k8_isolated,isolated,ours,2,3,plan_comm_ms,0.82816,recorder
20260826-210624_perlmutter_55838841,ours_l01_s2_gate_trace-610042_b8_k8_isolated,isolated,ours,2,0,place_ms,1617.992554,recorder
20260826-210624_perlmutter_55838841,ours_l01_s2_gate_trace-610042_b8_k8_isolated,isolated,ours,2,1,place_ms,1541.177368,recorder
20260826-210624_perlmutter_55838841,ours_l01_s2_gate_trace-610042_b8_k8_isolated,isolated,ours,2,2,place_ms,1548.028687,recorder
20260826-210624_perlmutter_55838841,ours_l01_s2_gate_trace-610042_b8_k8_isolated,isolated,ours,2,3,place_ms,1533.559814,recorder
20260826-210624_perlmutter_55838841,ours_l01_s2_gate_trace-610042_b8_k8_isolated,isolated,ours,2,0,plan_ms,8.645792,recorder
20260826-210624_perlmutter_55838841,ours_l01_s2_gate_trace-610042_b8_k8_isolated,isolated,ours,2,1,plan_ms,12.74832,recorder
20260826-210624_perlmutter_55838841,ours_l01_s2_gate_trace-610042_b8_k8_isolated,isolated,ours,2,2,plan_ms,11.612,recorder
20260826-210624_perlmutter_55838841,ours_l01_s2_gate_trace-610042_b8_k8_isolated,isolated,ours,2,3,plan_ms,11.338784,recorder
20260826-210624_perlmutter_55838841,ours_l01_s2_gate_trace-610042_b8_k8_isolated,isolated,ours,2,0,total_ms,1697.600952,recorder
20260826-210624_perlmutter_55838841,ours_l01_s2_gate_trace-610042_b8_k8_isolated,isolated,ours,2,1,total_ms,1623.783203,recorder
20260826-210624_perlmutter_55838841,ours_l01_s2_gate_trace-610042_b8_k8_isolated,isolated,ours,2,2,total_ms,1628.211548,recorder
20260826-210624_perlmutter_55838841,ours_l01_s2_gate_trace-610042_b8_k8_isolated,isolated,ours,2,3,total_ms,1616.030762,recorder
20260826-210624_perlmutter_55838841,ours_l01_s2_gate_trace-610042_b8_k8_isolated,isolated,ours,2,0,iso_sync_ms,479.201678,recorder
20260826-210624_perlmutter_55838841,ours_l01_s2_gate_trace-610042_b8_k8_isolated,isolated,ours,2,1,iso_sync_ms,394.064068,recorder
20260826-210624_perlmutter_55838841,ours_l01_s2_gate_trace-610042_b8_k8_isolated,isolated,ours,2,2,iso_sync_ms,379.838589,recorder
20260826-210624_perlmutter_55838841,ours_l01_s2_gate_trace-610042_b8_k8_isolated,isolated,ours,2,3,iso_sync_ms,396.95691,recorder
20260826-210624_perlmutter_55838841,ours_l01_s2_gate_trace-610042_b8_k8_isolated,isolated,ours,3,0,e2e_ms,70.008125,recorder
20260826-210624_perlmutter_55838841,ours_l01_s2_gate_trace-610042_b8_k8_isolated,isolated,ours,3,1,e2e_ms,69.424835,recorder
20260826-210624_perlmutter_55838841,ours_l01_s2_gate_trace-610042_b8_k8_isolated,isolated,ours,3,2,e2e_ms,68.199715,recorder
20260826-210624_perlmutter_55838841,ours_l01_s2_gate_trace-610042_b8_k8_isolated,isolated,ours,3,3,e2e_ms,70.340157,recorder
20260826-210624_perlmutter_55838841,ours_l01_s2_gate_trace-610042_b8_k8_isolated,isolated,ours,3,0,l0_ms,5.27984,recorder
20260826-210624_perlmutter_55838841,ours_l01_s2_gate_trace-610042_b8_k8_isolated,isolated,ours,3,1,l0_ms,4.899488,recorder
20260826-210624_perlmutter_55838841,ours_l01_s2_gate_trace-610042_b8_k8_isolated,isolated,ours,3,2,l0_ms,5.063072,recorder
20260826-210624_perlmutter_55838841,ours_l01_s2_gate_trace-610042_b8_k8_isolated,isolated,ours,3,3,l0_ms,5.067808,recorder
20260826-210624_perlmutter_55838841,ours_l01_s2_gate_trace-610042_b8_k8_isolated,isolated,ours,3,0,act_ms,0.048416,recorder
20260826-210624_perlmutter_55838841,ours_l01_s2_gate_trace-610042_b8_k8_isolated,isolated,ours,3,1,act_ms,0.038912,recorder
20260826-210624_perlmutter_55838841,ours_l01_s2_gate_trace-610042_b8_k8_isolated,isolated,ours,3,2,act_ms,0.04352,recorder
20260826-210624_perlmutter_55838841,ours_l01_s2_gate_trace-610042_b8_k8_isolated,isolated,ours,3,3,act_ms,0.040064,recorder
20260826-210624_perlmutter_55838841,ours_l01_s2_gate_trace-610042_b8_k8_isolated,isolated,ours,3,0,l1_ms,64.679871,recorder
20260826-210624_perlmutter_55838841,ours_l01_s2_gate_trace-610042_b8_k8_isolated,isolated,ours,3,1,l1_ms,64.486435,recorder
20260826-210624_perlmutter_55838841,ours_l01_s2_gate_trace-610042_b8_k8_isolated,isolated,ours,3,2,l1_ms,63.093121,recorder
20260826-210624_perlmutter_55838841,ours_l01_s2_gate_trace-610042_b8_k8_isolated,isolated,ours,3,3,l1_ms,65.232285,recorder
20260826-210624_perlmutter_55838841,ours_l01_s2_gate_trace-610042_b8_k8_isolated,isolated,ours,3,0,plan_comm_ms,0.96656,recorder
20260826-210624_perlmutter_55838841,ours_l01_s2_gate_trace-610042_b8_k8_isolated,isolated,ours,3,1,plan_comm_ms,0.440448,recorder
20260826-210624_perlmutter_55838841,ours_l01_s2_gate_trace-610042_b8_k8_isolated,isolated,ours,3,2,plan_comm_ms,0.405344,recorder
20260826-210624_perlmutter_55838841,ours_l01_s2_gate_trace-610042_b8_k8_isolated,isolated,ours,3,3,plan_comm_ms,0.804,recorder
20260826-210624_perlmutter_55838841,ours_l01_s2_gate_trace-610042_b8_k8_isolated,isolated,ours,3,0,place_ms,1619.160278,recorder
20260826-210624_perlmutter_55838841,ours_l01_s2_gate_trace-610042_b8_k8_isolated,isolated,ours,3,1,place_ms,1545.845581,recorder
20260826-210624_perlmutter_55838841,ours_l01_s2_gate_trace-610042_b8_k8_isolated,isolated,ours,3,2,place_ms,1548.243896,recorder
20260826-210624_perlmutter_55838841,ours_l01_s2_gate_trace-610042_b8_k8_isolated,isolated,ours,3,3,place_ms,1537.94458,recorder
20260826-210624_perlmutter_55838841,ours_l01_s2_gate_trace-610042_b8_k8_isolated,isolated,ours,3,0,plan_ms,7.447328,recorder
20260826-210624_perlmutter_55838841,ours_l01_s2_gate_trace-610042_b8_k8_isolated,isolated,ours,3,1,plan_ms,8.043552,recorder
20260826-210624_perlmutter_55838841,ours_l01_s2_gate_trace-610042_b8_k8_isolated,isolated,ours,3,2,plan_ms,11.34336,recorder
20260826-210624_perlmutter_55838841,ours_l01_s2_gate_trace-610042_b8_k8_isolated,isolated,ours,3,3,plan_ms,6.91216,recorder
20260826-210624_perlmutter_55838841,ours_l01_s2_gate_trace-610042_b8_k8_isolated,isolated,ours,3,0,total_ms,1697.597168,recorder
20260826-210624_perlmutter_55838841,ours_l01_s2_gate_trace-610042_b8_k8_isolated,isolated,ours,3,1,total_ms,1623.7677,recorder
20260826-210624_perlmutter_55838841,ours_l01_s2_gate_trace-610042_b8_k8_isolated,isolated,ours,3,2,total_ms,1628.206177,recorder
20260826-210624_perlmutter_55838841,ours_l01_s2_gate_trace-610042_b8_k8_isolated,isolated,ours,3,3,total_ms,1616.014526,recorder
20260826-210624_perlmutter_55838841,ours_l01_s2_gate_trace-610042_b8_k8_isolated,isolated,ours,3,0,iso_sync_ms,1464.012456,recorder
20260826-210624_perlmutter_55838841,ours_l01_s2_gate_trace-610042_b8_k8_isolated,isolated,ours,3,1,iso_sync_ms,1423.003179,recorder
20260826-210624_perlmutter_55838841,ours_l01_s2_gate_trace-610042_b8_k8_isolated,isolated,ours,3,2,iso_sync_ms,1390.242373,recorder
20260826-210624_perlmutter_55838841,ours_l01_s2_gate_trace-610042_b8_k8_isolated,isolated,ours,3,3,iso_sync_ms,1393.347673,recorder
20260826-210624_perlmutter_55838841,ours_l01_s2_gate_trace-610042_b8_k8_isolated,isolated,ours,4,0,e2e_ms,69.620575,recorder
20260826-210624_perlmutter_55838841,ours_l01_s2_gate_trace-610042_b8_k8_isolated,isolated,ours,4,1,e2e_ms,69.30938,recorder
20260826-210624_perlmutter_55838841,ours_l01_s2_gate_trace-610042_b8_k8_isolated,isolated,ours,4,2,e2e_ms,68.187073,recorder
20260826-210624_perlmutter_55838841,ours_l01_s2_gate_trace-610042_b8_k8_isolated,isolated,ours,4,3,e2e_ms,70.177696,recorder
20260826-210624_perlmutter_55838841,ours_l01_s2_gate_trace-610042_b8_k8_isolated,isolated,ours,4,0,l0_ms,4.788736,recorder
20260826-210624_perlmutter_55838841,ours_l01_s2_gate_trace-610042_b8_k8_isolated,isolated,ours,4,1,l0_ms,4.716352,recorder
20260826-210624_perlmutter_55838841,ours_l01_s2_gate_trace-610042_b8_k8_isolated,isolated,ours,4,2,l0_ms,5.157088,recorder
20260826-210624_perlmutter_55838841,ours_l01_s2_gate_trace-610042_b8_k8_isolated,isolated,ours,4,3,l0_ms,4.9056,recorder
20260826-210624_perlmutter_55838841,ours_l01_s2_gate_trace-610042_b8_k8_isolated,isolated,ours,4,0,act_ms,0.038496,recorder
20260826-210624_perlmutter_55838841,ours_l01_s2_gate_trace-610042_b8_k8_isolated,isolated,ours,4,1,act_ms,0.045504,recorder
20260826-210624_perlmutter_55838841,ours_l01_s2_gate_trace-610042_b8_k8_isolated,isolated,ours,4,2,act_ms,0.0392,recorder
20260826-210624_perlmutter_55838841,ours_l01_s2_gate_trace-610042_b8_k8_isolated,isolated,ours,4,3,act_ms,0.042368,recorder
20260826-210624_perlmutter_55838841,ours_l01_s2_gate_trace-610042_b8_k8_isolated,isolated,ours,4,0,l1_ms,64.793343,recorder
20260826-210624_perlmutter_55838841,ours_l01_s2_gate_trace-610042_b8_k8_isolated,isolated,ours,4,1,l1_ms,64.547523,recorder
20260826-210624_perlmutter_55838841,ours_l01_s2_gate_trace-610042_b8_k8_isolated,isolated,ours,4,2,l1_ms,62.990784,recorder
20260826-210624_perlmutter_55838841,ours_l01_s2_gate_trace-610042_b8_k8_isolated,isolated,ours,4,3,l1_ms,65.229729,recorder
20260826-210624_perlmutter_55838841,ours_l01_s2_gate_trace-610042_b8_k8_isolated,isolated,ours,4,0,plan_comm_ms,0.610944,recorder
20260826-210624_perlmutter_55838841,ours_l01_s2_gate_trace-610042_b8_k8_isolated,isolated,ours,4,1,plan_comm_ms,0.29504,recorder
20260826-210624_perlmutter_55838841,ours_l01_s2_gate_trace-610042_b8_k8_isolated,isolated,ours,4,2,plan_comm_ms,0.272224,recorder
20260826-210624_perlmutter_55838841,ours_l01_s2_gate_trace-610042_b8_k8_isolated,isolated,ours,4,3,plan_comm_ms,0.582432,recorder
20260826-210624_perlmutter_55838841,ours_l01_s2_gate_trace-610042_b8_k8_isolated,isolated,ours,4,0,place_ms,1624.86084,recorder
20260826-210624_perlmutter_55838841,ours_l01_s2_gate_trace-610042_b8_k8_isolated,isolated,ours,4,1,place_ms,1548.145386,recorder
20260826-210624_perlmutter_55838841,ours_l01_s2_gate_trace-610042_b8_k8_isolated,isolated,ours,4,2,place_ms,1554.141602,recorder
20260826-210624_perlmutter_55838841,ours_l01_s2_gate_trace-610042_b8_k8_isolated,isolated,ours,4,3,place_ms,1540.760986,recorder
20260826-210624_perlmutter_55838841,ours_l01_s2_gate_trace-610042_b8_k8_isolated,isolated,ours,4,0,plan_ms,2.161536,recorder
20260826-210624_perlmutter_55838841,ours_l01_s2_gate_trace-610042_b8_k8_isolated,isolated,ours,4,1,plan_ms,5.826752,recorder
20260826-210624_perlmutter_55838841,ours_l01_s2_gate_trace-610042_b8_k8_isolated,isolated,ours,4,2,plan_ms,5.474816,recorder
20260826-210624_perlmutter_55838841,ours_l01_s2_gate_trace-610042_b8_k8_isolated,isolated,ours,4,3,plan_ms,4.267328,recorder
20260826-210624_perlmutter_55838841,ours_l01_s2_gate_trace-610042_b8_k8_isolated,isolated,ours,4,0,total_ms,1697.269287,recorder
20260826-210624_perlmutter_55838841,ours_l01_s2_gate_trace-610042_b8_k8_isolated,isolated,ours,4,1,total_ms,1623.598022,recorder
20260826-210624_perlmutter_55838841,ours_l01_s2_gate_trace-610042_b8_k8_isolated,isolated,ours,4,2,total_ms,1628.089478,recorder
20260826-210624_perlmutter_55838841,ours_l01_s2_gate_trace-610042_b8_k8_isolated,isolated,ours,4,3,total_ms,1615.803467,recorder
20260826-210624_perlmutter_55838841,ours_l01_s2_gate_trace-610042_b8_k8_isolated,isolated,ours,4,0,iso_sync_ms,1740.039282,recorder
20260826-210624_perlmutter_55838841,ours_l01_s2_gate_trace-610042_b8_k8_isolated,isolated,ours,4,1,iso_sync_ms,1706.196988,recorder
20260826-210624_perlmutter_55838841,ours_l01_s2_gate_trace-610042_b8_k8_isolated,isolated,ours,4,2,iso_sync_ms,1668.727197,recorder
20260826-210624_perlmutter_55838841,ours_l01_s2_gate_trace-610042_b8_k8_isolated,isolated,ours,4,3,iso_sync_ms,1700.933153,recorder
20260826-210624_perlmutter_55838841,ours_l01_s2_gate_trace-610042_b8_k8_isolated,isolated,ours,5,0,e2e_ms,70.001022,recorder
20260826-210624_perlmutter_55838841,ours_l01_s2_gate_trace-610042_b8_k8_isolated,isolated,ours,5,1,e2e_ms,69.430496,recorder
20260826-210624_perlmutter_55838841,ours_l01_s2_gate_trace-610042_b8_k8_isolated,isolated,ours,5,2,e2e_ms,68.16349,recorder
20260826-210624_perlmutter_55838841,ours_l01_s2_gate_trace-610042_b8_k8_isolated,isolated,ours,5,3,e2e_ms,70.316673,recorder
20260826-210624_perlmutter_55838841,ours_l01_s2_gate_trace-610042_b8_k8_isolated,isolated,ours,5,0,l0_ms,5.43808,recorder
20260826-210624_perlmutter_55838841,ours_l01_s2_gate_trace-610042_b8_k8_isolated,isolated,ours,5,1,l0_ms,4.858688,recorder
20260826-210624_perlmutter_55838841,ours_l01_s2_gate_trace-610042_b8_k8_isolated,isolated,ours,5,2,l0_ms,5.0312,recorder
20260826-210624_perlmutter_55838841,ours_l01_s2_gate_trace-610042_b8_k8_isolated,isolated,ours,5,3,l0_ms,5.108192,recorder
20260826-210624_perlmutter_55838841,ours_l01_s2_gate_trace-610042_b8_k8_isolated,isolated,ours,5,0,act_ms,0.043264,recorder
20260826-210624_perlmutter_55838841,ours_l01_s2_gate_trace-610042_b8_k8_isolated,isolated,ours,5,1,act_ms,0.04144,recorder
20260826-210624_perlmutter_55838841,ours_l01_s2_gate_trace-610042_b8_k8_isolated,isolated,ours,5,2,act_ms,0.040544,recorder
20260826-210624_perlmutter_55838841,ours_l01_s2_gate_trace-610042_b8_k8_isolated,isolated,ours,5,3,act_ms,0.045888,recorder
20260826-210624_perlmutter_55838841,ours_l01_s2_gate_trace-610042_b8_k8_isolated,isolated,ours,5,0,l1_ms,64.519676,recorder
20260826-210624_perlmutter_55838841,ours_l01_s2_gate_trace-610042_b8_k8_isolated,isolated,ours,5,1,l1_ms,64.530365,recorder
20260826-210624_perlmutter_55838841,ours_l01_s2_gate_trace-610042_b8_k8_isolated,isolated,ours,5,2,l1_ms,63.091743,recorder
20260826-210624_perlmutter_55838841,ours_l01_s2_gate_trace-610042_b8_k8_isolated,isolated,ours,5,3,l1_ms,65.16259,recorder
20260826-210624_perlmutter_55838841,ours_l01_s2_gate_trace-610042_b8_k8_isolated,isolated,ours,5,0,plan_comm_ms,0.83664,recorder
20260826-210624_perlmutter_55838841,ours_l01_s2_gate_trace-610042_b8_k8_isolated,isolated,ours,5,1,plan_comm_ms,0.295872,recorder
20260826-210624_perlmutter_55838841,ours_l01_s2_gate_trace-610042_b8_k8_isolated,isolated,ours,5,2,plan_comm_ms,0.28208,recorder
20260826-210624_perlmutter_55838841,ours_l01_s2_gate_trace-610042_b8_k8_isolated,isolated,ours,5,3,plan_comm_ms,0.66624,recorder
20260826-210624_perlmutter_55838841,ours_l01_s2_gate_trace-610042_b8_k8_isolated,isolated,ours,5,0,place_ms,1622.717773,recorder
20260826-210624_perlmutter_55838841,ours_l01_s2_gate_trace-610042_b8_k8_isolated,isolated,ours,5,1,place_ms,1548.383301,recorder
20260826-210624_perlmutter_55838841,ours_l01_s2_gate_trace-610042_b8_k8_isolated,isolated,ours,5,2,place_ms,1551.833862,recorder
20260826-210624_perlmutter_55838841,ours_l01_s2_gate_trace-610042_b8_k8_isolated,isolated,ours,5,3,place_ms,1540.598633,recorder
20260826-210624_perlmutter_55838841,ours_l01_s2_gate_trace-610042_b8_k8_isolated,isolated,ours,5,0,plan_ms,3.921152,recorder
20260826-210624_perlmutter_55838841,ours_l01_s2_gate_trace-610042_b8_k8_isolated,isolated,ours,5,1,plan_ms,5.507136,recorder
20260826-210624_perlmutter_55838841,ours_l01_s2_gate_trace-610042_b8_k8_isolated,isolated,ours,5,2,plan_ms,7.811904,recorder
20260826-210624_perlmutter_55838841,ours_l01_s2_gate_trace-610042_b8_k8_isolated,isolated,ours,5,3,plan_ms,4.28784,recorder
20260826-210624_perlmutter_55838841,ours_l01_s2_gate_trace-610042_b8_k8_isolated,isolated,ours,5,0,total_ms,1697.491821,recorder
20260826-210624_perlmutter_55838841,ours_l01_s2_gate_trace-610042_b8_k8_isolated,isolated,ours,5,1,total_ms,1623.631104,recorder
20260826-210624_perlmutter_55838841,ours_l01_s2_gate_trace-610042_b8_k8_isolated,isolated,ours,5,2,total_ms,1628.106201,recorder
20260826-210624_perlmutter_55838841,ours_l01_s2_gate_trace-610042_b8_k8_isolated,isolated,ours,5,3,total_ms,1615.883667,recorder
20260826-210624_perlmutter_55838841,ours_l01_s2_gate_trace-610042_b8_k8_isolated,isolated,ours,5,0,iso_sync_ms,1777.64764,recorder
20260826-210624_perlmutter_55838841,ours_l01_s2_gate_trace-610042_b8_k8_isolated,isolated,ours,5,1,iso_sync_ms,1687.601302,recorder
20260826-210624_perlmutter_55838841,ours_l01_s2_gate_trace-610042_b8_k8_isolated,isolated,ours,5,2,iso_sync_ms,1675.596451,recorder
20260826-210624_perlmutter_55838841,ours_l01_s2_gate_trace-610042_b8_k8_isolated,isolated,ours,5,3,iso_sync_ms,1682.0289,recorder
20260826-210624_perlmutter_55838841,ours_l01_s2_gate_trace-610042_b8_k8_isolated,isolated,ours,6,0,e2e_ms,69.995583,recorder
20260826-210624_perlmutter_55838841,ours_l01_s2_gate_trace-610042_b8_k8_isolated,isolated,ours,6,1,e2e_ms,69.426559,recorder
20260826-210624_perlmutter_55838841,ours_l01_s2_gate_trace-610042_b8_k8_isolated,isolated,ours,6,2,e2e_ms,68.190979,recorder
20260826-210624_perlmutter_55838841,ours_l01_s2_gate_trace-610042_b8_k8_isolated,isolated,ours,6,3,e2e_ms,70.113632,recorder
20260826-210624_perlmutter_55838841,ours_l01_s2_gate_trace-610042_b8_k8_isolated,isolated,ours,6,0,l0_ms,5.322112,recorder
20260826-210624_perlmutter_55838841,ours_l01_s2_gate_trace-610042_b8_k8_isolated,isolated,ours,6,1,l0_ms,4.974688,recorder
20260826-210624_perlmutter_55838841,ours_l01_s2_gate_trace-610042_b8_k8_isolated,isolated,ours,6,2,l0_ms,5.176544,recorder
20260826-210624_perlmutter_55838841,ours_l01_s2_gate_trace-610042_b8_k8_isolated,isolated,ours,6,3,l0_ms,4.944544,recorder
20260826-210624_perlmutter_55838841,ours_l01_s2_gate_trace-610042_b8_k8_isolated,isolated,ours,6,0,act_ms,0.037664,recorder
20260826-210624_perlmutter_55838841,ours_l01_s2_gate_trace-610042_b8_k8_isolated,isolated,ours,6,1,act_ms,0.040384,recorder
20260826-210624_perlmutter_55838841,ours_l01_s2_gate_trace-610042_b8_k8_isolated,isolated,ours,6,2,act_ms,0.047104,recorder
20260826-210624_perlmutter_55838841,ours_l01_s2_gate_trace-610042_b8_k8_isolated,isolated,ours,6,3,act_ms,0.040416,recorder
20260826-210624_perlmutter_55838841,ours_l01_s2_gate_trace-610042_b8_k8_isolated,isolated,ours,6,0,l1_ms,64.635811,recorder
20260826-210624_perlmutter_55838841,ours_l01_s2_gate_trace-610042_b8_k8_isolated,isolated,ours,6,1,l1_ms,64.411491,recorder
20260826-210624_perlmutter_55838841,ours_l01_s2_gate_trace-610042_b8_k8_isolated,isolated,ours,6,2,l1_ms,62.967327,recorder
20260826-210624_perlmutter_55838841,ours_l01_s2_gate_trace-610042_b8_k8_isolated,isolated,ours,6,3,l1_ms,65.12867,recorder
20260826-210624_perlmutter_55838841,ours_l01_s2_gate_trace-610042_b8_k8_isolated,isolated,ours,6,0,plan_comm_ms,0.837696,recorder
20260826-210624_perlmutter_55838841,ours_l01_s2_gate_trace-610042_b8_k8_isolated,isolated,ours,6,1,plan_comm_ms,0.304896,recorder
20260826-210624_perlmutter_55838841,ours_l01_s2_gate_trace-610042_b8_k8_isolated,isolated,ours,6,2,plan_comm_ms,0.283008,recorder
20260826-210624_perlmutter_55838841,ours_l01_s2_gate_trace-610042_b8_k8_isolated,isolated,ours,6,3,plan_comm_ms,0.466176,recorder
20260826-210624_perlmutter_55838841,ours_l01_s2_gate_trace-610042_b8_k8_isolated,isolated,ours,6,0,place_ms,1624.496338,recorder
20260826-210624_perlmutter_55838841,ours_l01_s2_gate_trace-610042_b8_k8_isolated,isolated,ours,6,1,place_ms,1547.779541,recorder
20260826-210624_perlmutter_55838841,ours_l01_s2_gate_trace-610042_b8_k8_isolated,isolated,ours,6,2,place_ms,1554.662354,recorder
20260826-210624_perlmutter_55838841,ours_l01_s2_gate_trace-610042_b8_k8_isolated,isolated,ours,6,3,place_ms,1540.139893,recorder
20260826-210624_perlmutter_55838841,ours_l01_s2_gate_trace-610042_b8_k8_isolated,isolated,ours,6,0,plan_ms,2.1512,recorder
20260826-210624_perlmutter_55838841,ours_l01_s2_gate_trace-610042_b8_k8_isolated,isolated,ours,6,1,plan_ms,6.099392,recorder
20260826-210624_perlmutter_55838841,ours_l01_s2_gate_trace-610042_b8_k8_isolated,isolated,ours,6,2,plan_ms,4.951232,recorder
20260826-210624_perlmutter_55838841,ours_l01_s2_gate_trace-610042_b8_k8_isolated,isolated,ours,6,3,plan_ms,4.913056,recorder
20260826-210624_perlmutter_55838841,ours_l01_s2_gate_trace-610042_b8_k8_isolated,isolated,ours,6,0,total_ms,1697.494873,recorder
20260826-210624_perlmutter_55838841,ours_l01_s2_gate_trace-610042_b8_k8_isolated,isolated,ours,6,1,total_ms,1623.624634,recorder
20260826-210624_perlmutter_55838841,ours_l01_s2_gate_trace-610042_b8_k8_isolated,isolated,ours,6,2,total_ms,1628.102051,recorder
20260826-210624_perlmutter_55838841,ours_l01_s2_gate_trace-610042_b8_k8_isolated,isolated,ours,6,3,total_ms,1615.647217,recorder
20260826-210624_perlmutter_55838841,ours_l01_s2_gate_trace-610042_b8_k8_isolated,isolated,ours,6,0,iso_sync_ms,1495.448568,recorder
20260826-210624_perlmutter_55838841,ours_l01_s2_gate_trace-610042_b8_k8_isolated,isolated,ours,6,1,iso_sync_ms,1630.935794,recorder
20260826-210624_perlmutter_55838841,ours_l01_s2_gate_trace-610042_b8_k8_isolated,isolated,ours,6,2,iso_sync_ms,1623.192598,recorder
20260826-210624_perlmutter_55838841,ours_l01_s2_gate_trace-610042_b8_k8_isolated,isolated,ours,6,3,iso_sync_ms,1648.149554,recorder
20260826-210624_perlmutter_55838841,ours_l01_s2_gate_trace-610042_b8_k8_isolated,isolated,ours,7,0,e2e_ms,69.989731,recorder
20260826-210624_perlmutter_55838841,ours_l01_s2_gate_trace-610042_b8_k8_isolated,isolated,ours,7,1,e2e_ms,69.443169,recorder
20260826-210624_perlmutter_55838841,ours_l01_s2_gate_trace-610042_b8_k8_isolated,isolated,ours,7,2,e2e_ms,68.21843,recorder
20260826-210624_perlmutter_55838841,ours_l01_s2_gate_trace-610042_b8_k8_isolated,isolated,ours,7,3,e2e_ms,70.242691,recorder
20260826-210624_perlmutter_55838841,ours_l01_s2_gate_trace-610042_b8_k8_isolated,isolated,ours,7,0,l0_ms,5.265376,recorder
20260826-210624_perlmutter_55838841,ours_l01_s2_gate_trace-610042_b8_k8_isolated,isolated,ours,7,1,l0_ms,4.901536,recorder
20260826-210624_perlmutter_55838841,ours_l01_s2_gate_trace-610042_b8_k8_isolated,isolated,ours,7,2,l0_ms,5.105056,recorder
20260826-210624_perlmutter_55838841,ours_l01_s2_gate_trace-610042_b8_k8_isolated,isolated,ours,7,3,l0_ms,5.101088,recorder
20260826-210624_perlmutter_55838841,ours_l01_s2_gate_trace-610042_b8_k8_isolated,isolated,ours,7,0,act_ms,0.044256,recorder
20260826-210624_perlmutter_55838841,ours_l01_s2_gate_trace-610042_b8_k8_isolated,isolated,ours,7,1,act_ms,0.043776,recorder
20260826-210624_perlmutter_55838841,ours_l01_s2_gate_trace-610042_b8_k8_isolated,isolated,ours,7,2,act_ms,0.045728,recorder
20260826-210624_perlmutter_55838841,ours_l01_s2_gate_trace-610042_b8_k8_isolated,isolated,ours,7,3,act_ms,0.037664,recorder
20260826-210624_perlmutter_55838841,ours_l01_s2_gate_trace-610042_b8_k8_isolated,isolated,ours,7,0,l1_ms,64.680099,recorder
20260826-210624_perlmutter_55838841,ours_l01_s2_gate_trace-610042_b8_k8_isolated,isolated,ours,7,1,l1_ms,64.497856,recorder
20260826-210624_perlmutter_55838841,ours_l01_s2_gate_trace-610042_b8_k8_isolated,isolated,ours,7,2,l1_ms,63.06765,recorder
20260826-210624_perlmutter_55838841,ours_l01_s2_gate_trace-610042_b8_k8_isolated,isolated,ours,7,3,l1_ms,65.103935,recorder
20260826-210624_perlmutter_55838841,ours_l01_s2_gate_trace-610042_b8_k8_isolated,isolated,ours,7,0,plan_comm_ms,0.846624,recorder
20260826-210624_perlmutter_55838841,ours_l01_s2_gate_trace-610042_b8_k8_isolated,isolated,ours,7,1,plan_comm_ms,0.31136,recorder
20260826-210624_perlmutter_55838841,ours_l01_s2_gate_trace-610042_b8_k8_isolated,isolated,ours,7,2,plan_comm_ms,0.28464,recorder
20260826-210624_perlmutter_55838841,ours_l01_s2_gate_trace-610042_b8_k8_isolated,isolated,ours,7,3,plan_comm_ms,0.677824,recorder
20260826-210624_perlmutter_55838841,ours_l01_s2_gate_trace-610042_b8_k8_isolated,isolated,ours,7,0,place_ms,1624.590942,recorder
20260826-210624_perlmutter_55838841,ours_l01_s2_gate_trace-610042_b8_k8_isolated,isolated,ours,7,1,place_ms,1551.293579,recorder
20260826-210624_perlmutter_55838841,ours_l01_s2_gate_trace-610042_b8_k8_isolated,isolated,ours,7,2,place_ms,1553.641235,recorder
20260826-210624_perlmutter_55838841,ours_l01_s2_gate_trace-610042_b8_k8_isolated,isolated,ours,7,3,place_ms,1543.276245,recorder
20260826-210624_perlmutter_55838841,ours_l01_s2_gate_trace-610042_b8_k8_isolated,isolated,ours,7,0,plan_ms,2.054208,recorder
20260826-210624_perlmutter_55838841,ours_l01_s2_gate_trace-610042_b8_k8_isolated,isolated,ours,7,1,plan_ms,2.581184,recorder
20260826-210624_perlmutter_55838841,ours_l01_s2_gate_trace-610042_b8_k8_isolated,isolated,ours,7,2,plan_ms,5.959136,recorder
20260826-210624_perlmutter_55838841,ours_l01_s2_gate_trace-610042_b8_k8_isolated,isolated,ours,7,3,plan_ms,1.682752,recorder
20260826-210624_perlmutter_55838841,ours_l01_s2_gate_trace-610042_b8_k8_isolated,isolated,ours,7,0,total_ms,1697.496094,recorder
20260826-210624_perlmutter_55838841,ours_l01_s2_gate_trace-610042_b8_k8_isolated,isolated,ours,7,1,total_ms,1623.643066,recorder
20260826-210624_perlmutter_55838841,ours_l01_s2_gate_trace-610042_b8_k8_isolated,isolated,ours,7,2,total_ms,1628.117798,recorder
20260826-210624_perlmutter_55838841,ours_l01_s2_gate_trace-610042_b8_k8_isolated,isolated,ours,7,3,total_ms,1615.893921,recorder
20260826-210624_perlmutter_55838841,ours_l01_s2_gate_trace-610042_b8_k8_isolated,isolated,ours,7,0,iso_sync_ms,1536.389461,recorder
20260826-210624_perlmutter_55838841,ours_l01_s2_gate_trace-610042_b8_k8_isolated,isolated,ours,7,1,iso_sync_ms,1666.381634,recorder
20260826-210624_perlmutter_55838841,ours_l01_s2_gate_trace-610042_b8_k8_isolated,isolated,ours,7,2,iso_sync_ms,1648.057345,recorder
20260826-210624_perlmutter_55838841,ours_l01_s2_gate_trace-610042_b8_k8_isolated,isolated,ours,7,3,iso_sync_ms,1654.781047,recorder
20260826-210624_perlmutter_55838841,ours_l01_s2_gate_trace-610042_b8_k8_isolated,isolated,ours,8,0,e2e_ms,69.952675,recorder
20260826-210624_perlmutter_55838841,ours_l01_s2_gate_trace-610042_b8_k8_isolated,isolated,ours,8,1,e2e_ms,69.273277,recorder
20260826-210624_perlmutter_55838841,ours_l01_s2_gate_trace-610042_b8_k8_isolated,isolated,ours,8,2,e2e_ms,68.161346,recorder
20260826-210624_perlmutter_55838841,ours_l01_s2_gate_trace-610042_b8_k8_isolated,isolated,ours,8,3,e2e_ms,70.326302,recorder
20260826-210624_perlmutter_55838841,ours_l01_s2_gate_trace-610042_b8_k8_isolated,isolated,ours,8,0,l0_ms,5.1608,recorder
20260826-210624_perlmutter_55838841,ours_l01_s2_gate_trace-610042_b8_k8_isolated,isolated,ours,8,1,l0_ms,4.977568,recorder
20260826-210624_perlmutter_55838841,ours_l01_s2_gate_trace-610042_b8_k8_isolated,isolated,ours,8,2,l0_ms,5.261408,recorder
20260826-210624_perlmutter_55838841,ours_l01_s2_gate_trace-610042_b8_k8_isolated,isolated,ours,8,3,l0_ms,4.979008,recorder
20260826-210624_perlmutter_55838841,ours_l01_s2_gate_trace-610042_b8_k8_isolated,isolated,ours,8,0,act_ms,0.03552,recorder
20260826-210624_perlmutter_55838841,ours_l01_s2_gate_trace-610042_b8_k8_isolated,isolated,ours,8,1,act_ms,0.03792,recorder
20260826-210624_perlmutter_55838841,ours_l01_s2_gate_trace-610042_b8_k8_isolated,isolated,ours,8,2,act_ms,0.05264,recorder
20260826-210624_perlmutter_55838841,ours_l01_s2_gate_trace-610042_b8_k8_isolated,isolated,ours,8,3,act_ms,0.045152,recorder
20260826-210624_perlmutter_55838841,ours_l01_s2_gate_trace-610042_b8_k8_isolated,isolated,ours,8,0,l1_ms,64.756355,recorder
20260826-210624_perlmutter_55838841,ours_l01_s2_gate_trace-610042_b8_k8_isolated,isolated,ours,8,1,l1_ms,64.25779,recorder
20260826-210624_perlmutter_55838841,ours_l01_s2_gate_trace-610042_b8_k8_isolated,isolated,ours,8,2,l1_ms,62.847298,recorder
20260826-210624_perlmutter_55838841,ours_l01_s2_gate_trace-610042_b8_k8_isolated,isolated,ours,8,3,l1_ms,65.302147,recorder
20260826-210624_perlmutter_55838841,ours_l01_s2_gate_trace-610042_b8_k8_isolated,isolated,ours,8,0,plan_comm_ms,0.877952,recorder
20260826-210624_perlmutter_55838841,ours_l01_s2_gate_trace-610042_b8_k8_isolated,isolated,ours,8,1,plan_comm_ms,0.35136,recorder
20260826-210624_perlmutter_55838841,ours_l01_s2_gate_trace-610042_b8_k8_isolated,isolated,ours,8,2,plan_comm_ms,0.341408,recorder
20260826-210624_perlmutter_55838841,ours_l01_s2_gate_trace-610042_b8_k8_isolated,isolated,ours,8,3,plan_comm_ms,0.729216,recorder
20260826-210624_perlmutter_55838841,ours_l01_s2_gate_trace-610042_b8_k8_isolated,isolated,ours,8,0,place_ms,1625.025513,recorder
20260826-210624_perlmutter_55838841,ours_l01_s2_gate_trace-610042_b8_k8_isolated,isolated,ours,8,1,place_ms,1551.692627,recorder
20260826-210624_perlmutter_55838841,ours_l01_s2_gate_trace-610042_b8_k8_isolated,isolated,ours,8,2,place_ms,1557.980591,recorder
20260826-210624_perlmutter_55838841,ours_l01_s2_gate_trace-610042_b8_k8_isolated,isolated,ours,8,3,place_ms,1543.140625,recorder
20260826-210624_perlmutter_55838841,ours_l01_s2_gate_trace-610042_b8_k8_isolated,isolated,ours,8,0,plan_ms,1.661376,recorder
20260826-210624_perlmutter_55838841,ours_l01_s2_gate_trace-610042_b8_k8_isolated,isolated,ours,8,1,plan_ms,2.23824,recorder
20260826-210624_perlmutter_55838841,ours_l01_s2_gate_trace-610042_b8_k8_isolated,isolated,ours,8,2,plan_ms,1.658944,recorder
20260826-210624_perlmutter_55838841,ours_l01_s2_gate_trace-610042_b8_k8_isolated,isolated,ours,8,3,plan_ms,1.732896,recorder
20260826-210624_perlmutter_55838841,ours_l01_s2_gate_trace-610042_b8_k8_isolated,isolated,ours,8,0,total_ms,1697.531128,recorder
20260826-210624_perlmutter_55838841,ours_l01_s2_gate_trace-610042_b8_k8_isolated,isolated,ours,8,1,total_ms,1623.569946,recorder
20260826-210624_perlmutter_55838841,ours_l01_s2_gate_trace-610042_b8_k8_isolated,isolated,ours,8,2,total_ms,1628.155273,recorder
20260826-210624_perlmutter_55838841,ours_l01_s2_gate_trace-610042_b8_k8_isolated,isolated,ours,8,3,total_ms,1615.942383,recorder
20260826-210624_perlmutter_55838841,ours_l01_s2_gate_trace-610042_b8_k8_isolated,isolated,ours,8,0,iso_sync_ms,1934.907261,recorder
20260826-210624_perlmutter_55838841,ours_l01_s2_gate_trace-610042_b8_k8_isolated,isolated,ours,8,1,iso_sync_ms,1978.746885,recorder
20260826-210624_perlmutter_55838841,ours_l01_s2_gate_trace-610042_b8_k8_isolated,isolated,ours,8,2,iso_sync_ms,1971.26589,recorder
20260826-210624_perlmutter_55838841,ours_l01_s2_gate_trace-610042_b8_k8_isolated,isolated,ours,8,3,iso_sync_ms,1977.133886,recorder
20260826-210624_perlmutter_55838841,ours_l01_s2_gate_trace-610042_b8_k8_isolated,isolated,ours,9,0,e2e_ms,69.990685,recorder
20260826-210624_perlmutter_55838841,ours_l01_s2_gate_trace-610042_b8_k8_isolated,isolated,ours,9,1,e2e_ms,69.356354,recorder
20260826-210624_perlmutter_55838841,ours_l01_s2_gate_trace-610042_b8_k8_isolated,isolated,ours,9,2,e2e_ms,68.124001,recorder
20260826-210624_perlmutter_55838841,ours_l01_s2_gate_trace-610042_b8_k8_isolated,isolated,ours,9,3,e2e_ms,70.187263,recorder
20260826-210624_perlmutter_55838841,ours_l01_s2_gate_trace-610042_b8_k8_isolated,isolated,ours,9,0,l0_ms,5.454848,recorder
20260826-210624_perlmutter_55838841,ours_l01_s2_gate_trace-610042_b8_k8_isolated,isolated,ours,9,1,l0_ms,4.938336,recorder
20260826-210624_perlmutter_55838841,ours_l01_s2_gate_trace-610042_b8_k8_isolated,isolated,ours,9,2,l0_ms,5.018976,recorder
20260826-210624_perlmutter_55838841,ours_l01_s2_gate_trace-610042_b8_k8_isolated,isolated,ours,9,3,l0_ms,5.082432,recorder
20260826-210624_perlmutter_55838841,ours_l01_s2_gate_trace-610042_b8_k8_isolated,isolated,ours,9,0,act_ms,0.04352,recorder
20260826-210624_perlmutter_55838841,ours_l01_s2_gate_trace-610042_b8_k8_isolated,isolated,ours,9,1,act_ms,0.044032,recorder
20260826-210624_perlmutter_55838841,ours_l01_s2_gate_trace-610042_b8_k8_isolated,isolated,ours,9,2,act_ms,0.040896,recorder
20260826-210624_perlmutter_55838841,ours_l01_s2_gate_trace-610042_b8_k8_isolated,isolated,ours,9,3,act_ms,0.03856,recorder
20260826-210624_perlmutter_55838841,ours_l01_s2_gate_trace-610042_b8_k8_isolated,isolated,ours,9,0,l1_ms,64.492317,recorder
20260826-210624_perlmutter_55838841,ours_l01_s2_gate_trace-610042_b8_k8_isolated,isolated,ours,9,1,l1_ms,64.373985,recorder
20260826-210624_perlmutter_55838841,ours_l01_s2_gate_trace-610042_b8_k8_isolated,isolated,ours,9,2,l1_ms,63.064129,recorder
20260826-210624_perlmutter_55838841,ours_l01_s2_gate_trace-610042_b8_k8_isolated,isolated,ours,9,3,l1_ms,65.066269,recorder
20260826-210624_perlmutter_55838841,ours_l01_s2_gate_trace-610042_b8_k8_isolated,isolated,ours,9,0,plan_comm_ms,0.90048,recorder
20260826-210624_perlmutter_55838841,ours_l01_s2_gate_trace-610042_b8_k8_isolated,isolated,ours,9,1,plan_comm_ms,0.359584,recorder
20260826-210624_perlmutter_55838841,ours_l01_s2_gate_trace-610042_b8_k8_isolated,isolated,ours,9,2,plan_comm_ms,0.34224,recorder
20260826-210624_perlmutter_55838841,ours_l01_s2_gate_trace-610042_b8_k8_isolated,isolated,ours,9,3,plan_comm_ms,0.728256,recorder
20260826-210624_perlmutter_55838841,ours_l01_s2_gate_trace-610042_b8_k8_isolated,isolated,ours,9,0,place_ms,1624.19043,recorder
20260826-210624_perlmutter_55838841,ours_l01_s2_gate_trace-610042_b8_k8_isolated,isolated,ours,9,1,place_ms,1551.466431,recorder
20260826-210624_perlmutter_55838841,ours_l01_s2_gate_trace-610042_b8_k8_isolated,isolated,ours,9,2,place_ms,1554.001343,recorder
20260826-210624_perlmutter_55838841,ours_l01_s2_gate_trace-610042_b8_k8_isolated,isolated,ours,9,3,place_ms,1542.281494,recorder
20260826-210624_perlmutter_55838841,ours_l01_s2_gate_trace-610042_b8_k8_isolated,isolated,ours,9,0,plan_ms,2.46928,recorder
20260826-210624_perlmutter_55838841,ours_l01_s2_gate_trace-610042_b8_k8_isolated,isolated,ours,9,1,plan_ms,2.396192,recorder
20260826-210624_perlmutter_55838841,ours_l01_s2_gate_trace-610042_b8_k8_isolated,isolated,ours,9,2,plan_ms,5.69504,recorder
20260826-210624_perlmutter_55838841,ours_l01_s2_gate_trace-610042_b8_k8_isolated,isolated,ours,9,3,plan_ms,2.650784,recorder
20260826-210624_perlmutter_55838841,ours_l01_s2_gate_trace-610042_b8_k8_isolated,isolated,ours,9,0,total_ms,1697.563477,recorder
20260826-210624_perlmutter_55838841,ours_l01_s2_gate_trace-610042_b8_k8_isolated,isolated,ours,9,1,total_ms,1623.594727,recorder
20260826-210624_perlmutter_55838841,ours_l01_s2_gate_trace-610042_b8_k8_isolated,isolated,ours,9,2,total_ms,1628.175781,recorder
20260826-210624_perlmutter_55838841,ours_l01_s2_gate_trace-610042_b8_k8_isolated,isolated,ours,9,3,total_ms,1615.861328,recorder
20260826-210624_perlmutter_55838841,ours_l01_s2_gate_trace-610042_b8_k8_isolated,isolated,ours,9,0,iso_sync_ms,1644.154084,recorder
20260826-210624_perlmutter_55838841,ours_l01_s2_gate_trace-610042_b8_k8_isolated,isolated,ours,9,1,iso_sync_ms,1615.472619,recorder
20260826-210624_perlmutter_55838841,ours_l01_s2_gate_trace-610042_b8_k8_isolated,isolated,ours,9,2,iso_sync_ms,1600.337378,recorder
20260826-210624_perlmutter_55838841,ours_l01_s2_gate_trace-610042_b8_k8_isolated,isolated,ours,9,3,iso_sync_ms,1597.468893,recorder
20260826-210624_perlmutter_55838841,ours_l01_s2_gate_trace-610042_b8_k8_isolated,isolated,ours,10,0,e2e_ms,70.040001,recorder
20260826-210624_perlmutter_55838841,ours_l01_s2_gate_trace-610042_b8_k8_isolated,isolated,ours,10,1,e2e_ms,69.329216,recorder
20260826-210624_perlmutter_55838841,ours_l01_s2_gate_trace-610042_b8_k8_isolated,isolated,ours,10,2,e2e_ms,68.24707,recorder
20260826-210624_perlmutter_55838841,ours_l01_s2_gate_trace-610042_b8_k8_isolated,isolated,ours,10,3,e2e_ms,70.072067,recorder
20260826-210624_perlmutter_55838841,ours_l01_s2_gate_trace-610042_b8_k8_isolated,isolated,ours,10,0,l0_ms,5.367456,recorder
20260826-210624_perlmutter_55838841,ours_l01_s2_gate_trace-610042_b8_k8_isolated,isolated,ours,10,1,l0_ms,4.98448,recorder
20260826-210624_perlmutter_55838841,ours_l01_s2_gate_trace-610042_b8_k8_isolated,isolated,ours,10,2,l0_ms,5.247648,recorder
20260826-210624_perlmutter_55838841,ours_l01_s2_gate_trace-610042_b8_k8_isolated,isolated,ours,10,3,l0_ms,4.80608,recorder
20260826-210624_perlmutter_55838841,ours_l01_s2_gate_trace-610042_b8_k8_isolated,isolated,ours,10,0,act_ms,0.04064,recorder
20260826-210624_perlmutter_55838841,ours_l01_s2_gate_trace-610042_b8_k8_isolated,isolated,ours,10,1,act_ms,0.039808,recorder
20260826-210624_perlmutter_55838841,ours_l01_s2_gate_trace-610042_b8_k8_isolated,isolated,ours,10,2,act_ms,0.039872,recorder
20260826-210624_perlmutter_55838841,ours_l01_s2_gate_trace-610042_b8_k8_isolated,isolated,ours,10,3,act_ms,0.037728,recorder
20260826-210624_perlmutter_55838841,ours_l01_s2_gate_trace-610042_b8_k8_isolated,isolated,ours,10,0,l1_ms,64.631905,recorder
20260826-210624_perlmutter_55838841,ours_l01_s2_gate_trace-610042_b8_k8_isolated,isolated,ours,10,1,l1_ms,64.304932,recorder
20260826-210624_perlmutter_55838841,ours_l01_s2_gate_trace-610042_b8_k8_isolated,isolated,ours,10,2,l1_ms,62.959553,recorder
20260826-210624_perlmutter_55838841,ours_l01_s2_gate_trace-610042_b8_k8_isolated,isolated,ours,10,3,l1_ms,65.228256,recorder
20260826-210624_perlmutter_55838841,ours_l01_s2_gate_trace-610042_b8_k8_isolated,isolated,ours,10,0,plan_comm_ms,0.89616,recorder
20260826-210624_perlmutter_55838841,ours_l01_s2_gate_trace-610042_b8_k8_isolated,isolated,ours,10,1,plan_comm_ms,0.375936,recorder
20260826-210624_perlmutter_55838841,ours_l01_s2_gate_trace-610042_b8_k8_isolated,isolated,ours,10,2,plan_comm_ms,0.338592,recorder
20260826-210624_perlmutter_55838841,ours_l01_s2_gate_trace-610042_b8_k8_isolated,isolated,ours,10,3,plan_comm_ms,0.66704,recorder
20260826-210624_perlmutter_55838841,ours_l01_s2_gate_trace-610042_b8_k8_isolated,isolated,ours,10,0,place_ms,1622.196899,recorder
20260826-210624_perlmutter_55838841,ours_l01_s2_gate_trace-610042_b8_k8_isolated,isolated,ours,10,1,place_ms,1548.809204,recorder
20260826-210624_perlmutter_55838841,ours_l01_s2_gate_trace-610042_b8_k8_isolated,isolated,ours,10,2,place_ms,1553.217651,recorder
20260826-210624_perlmutter_55838841,ours_l01_s2_gate_trace-610042_b8_k8_isolated,isolated,ours,10,3,place_ms,1541.414185,recorder
20260826-210624_perlmutter_55838841,ours_l01_s2_gate_trace-610042_b8_k8_isolated,isolated,ours,10,0,plan_ms,4.42448,recorder
20260826-210624_perlmutter_55838841,ours_l01_s2_gate_trace-610042_b8_k8_isolated,isolated,ours,10,1,plan_ms,5.109536,recorder
20260826-210624_perlmutter_55838841,ours_l01_s2_gate_trace-610042_b8_k8_isolated,isolated,ours,10,2,plan_ms,6.362368,recorder
20260826-210624_perlmutter_55838841,ours_l01_s2_gate_trace-610042_b8_k8_isolated,isolated,ours,10,3,plan_ms,3.630112,recorder
20260826-210624_perlmutter_55838841,ours_l01_s2_gate_trace-610042_b8_k8_isolated,isolated,ours,10,0,total_ms,1697.572021,recorder
20260826-210624_perlmutter_55838841,ours_l01_s2_gate_trace-610042_b8_k8_isolated,isolated,ours,10,1,total_ms,1623.637329,recorder
20260826-210624_perlmutter_55838841,ours_l01_s2_gate_trace-610042_b8_k8_isolated,isolated,ours,10,2,total_ms,1628.178711,recorder
20260826-210624_perlmutter_55838841,ours_l01_s2_gate_trace-610042_b8_k8_isolated,isolated,ours,10,3,total_ms,1615.801514,recorder
20260826-210624_perlmutter_55838841,ours_l01_s2_gate_trace-610042_b8_k8_isolated,isolated,ours,10,0,iso_sync_ms,1370.893264,recorder
20260826-210624_perlmutter_55838841,ours_l01_s2_gate_trace-610042_b8_k8_isolated,isolated,ours,10,1,iso_sync_ms,1348.074337,recorder
20260826-210624_perlmutter_55838841,ours_l01_s2_gate_trace-610042_b8_k8_isolated,isolated,ours,10,2,iso_sync_ms,1366.8083,recorder
20260826-210624_perlmutter_55838841,ours_l01_s2_gate_trace-610042_b8_k8_isolated,isolated,ours,10,3,iso_sync_ms,1417.187138,recorder
20260826-210624_perlmutter_55838841,ours_l01_s2_gate_trace-610042_b8_k8_isolated,isolated,ours,11,0,e2e_ms,69.907745,recorder
20260826-210624_perlmutter_55838841,ours_l01_s2_gate_trace-610042_b8_k8_isolated,isolated,ours,11,1,e2e_ms,69.391838,recorder
20260826-210624_perlmutter_55838841,ours_l01_s2_gate_trace-610042_b8_k8_isolated,isolated,ours,11,2,e2e_ms,68.247421,recorder
20260826-210624_perlmutter_55838841,ours_l01_s2_gate_trace-610042_b8_k8_isolated,isolated,ours,11,3,e2e_ms,70.209724,recorder
20260826-210624_perlmutter_55838841,ours_l01_s2_gate_trace-610042_b8_k8_isolated,isolated,ours,11,0,l0_ms,5.081568,recorder
20260826-210624_perlmutter_55838841,ours_l01_s2_gate_trace-610042_b8_k8_isolated,isolated,ours,11,1,l0_ms,4.96176,recorder
20260826-210624_perlmutter_55838841,ours_l01_s2_gate_trace-610042_b8_k8_isolated,isolated,ours,11,2,l0_ms,5.154016,recorder
20260826-210624_perlmutter_55838841,ours_l01_s2_gate_trace-610042_b8_k8_isolated,isolated,ours,11,3,l0_ms,4.925888,recorder
20260826-210624_perlmutter_55838841,ours_l01_s2_gate_trace-610042_b8_k8_isolated,isolated,ours,11,0,act_ms,0.043776,recorder
20260826-210624_perlmutter_55838841,ours_l01_s2_gate_trace-610042_b8_k8_isolated,isolated,ours,11,1,act_ms,0.040128,recorder
20260826-210624_perlmutter_55838841,ours_l01_s2_gate_trace-610042_b8_k8_isolated,isolated,ours,11,2,act_ms,0.035072,recorder
20260826-210624_perlmutter_55838841,ours_l01_s2_gate_trace-610042_b8_k8_isolated,isolated,ours,11,3,act_ms,0.041056,recorder
20260826-210624_perlmutter_55838841,ours_l01_s2_gate_trace-610042_b8_k8_isolated,isolated,ours,11,0,l1_ms,64.782402,recorder
20260826-210624_perlmutter_55838841,ours_l01_s2_gate_trace-610042_b8_k8_isolated,isolated,ours,11,1,l1_ms,64.389954,recorder
20260826-210624_perlmutter_55838841,ours_l01_s2_gate_trace-610042_b8_k8_isolated,isolated,ours,11,2,l1_ms,63.058334,recorder
20260826-210624_perlmutter_55838841,ours_l01_s2_gate_trace-610042_b8_k8_isolated,isolated,ours,11,3,l1_ms,65.242783,recorder
20260826-210624_perlmutter_55838841,ours_l01_s2_gate_trace-610042_b8_k8_isolated,isolated,ours,11,0,plan_comm_ms,0.806112,recorder
20260826-210624_perlmutter_55838841,ours_l01_s2_gate_trace-610042_b8_k8_isolated,isolated,ours,11,1,plan_comm_ms,0.366848,recorder
20260826-210624_perlmutter_55838841,ours_l01_s2_gate_trace-610042_b8_k8_isolated,isolated,ours,11,2,plan_comm_ms,0.333984,recorder
20260826-210624_perlmutter_55838841,ours_l01_s2_gate_trace-610042_b8_k8_isolated,isolated,ours,11,3,plan_comm_ms,0.732704,recorder
20260826-210624_perlmutter_55838841,ours_l01_s2_gate_trace-610042_b8_k8_isolated,isolated,ours,11,0,place_ms,1624.636108,recorder
20260826-210624_perlmutter_55838841,ours_l01_s2_gate_trace-610042_b8_k8_isolated,isolated,ours,11,1,place_ms,1551.40686,recorder
20260826-210624_perlmutter_55838841,ours_l01_s2_gate_trace-610042_b8_k8_isolated,isolated,ours,11,2,place_ms,1554.59314,recorder
20260826-210624_perlmutter_55838841,ours_l01_s2_gate_trace-610042_b8_k8_isolated,isolated,ours,11,3,place_ms,1542.882446,recorder
20260826-210624_perlmutter_55838841,ours_l01_s2_gate_trace-610042_b8_k8_isolated,isolated,ours,11,0,plan_ms,2.067136,recorder
20260826-210624_perlmutter_55838841,ours_l01_s2_gate_trace-610042_b8_k8_isolated,isolated,ours,11,1,plan_ms,2.45744,recorder
20260826-210624_perlmutter_55838841,ours_l01_s2_gate_trace-610042_b8_k8_isolated,isolated,ours,11,2,plan_ms,4.992768,recorder
20260826-210624_perlmutter_55838841,ours_l01_s2_gate_trace-610042_b8_k8_isolated,isolated,ours,11,3,plan_ms,2.038336,recorder
20260826-210624_perlmutter_55838841,ours_l01_s2_gate_trace-610042_b8_k8_isolated,isolated,ours,11,0,total_ms,1697.430054,recorder
20260826-210624_perlmutter_55838841,ours_l01_s2_gate_trace-610042_b8_k8_isolated,isolated,ours,11,1,total_ms,1623.637817,recorder
20260826-210624_perlmutter_55838841,ours_l01_s2_gate_trace-610042_b8_k8_isolated,isolated,ours,11,2,total_ms,1628.181152,recorder
20260826-210624_perlmutter_55838841,ours_l01_s2_gate_trace-610042_b8_k8_isolated,isolated,ours,11,3,total_ms,1615.878784,recorder
20260826-210624_perlmutter_55838841,ours_l01_s2_gate_trace-610042_b8_k8_isolated,isolated,ours,11,0,iso_sync_ms,1383.8592,recorder
20260826-210624_perlmutter_55838841,ours_l01_s2_gate_trace-610042_b8_k8_isolated,isolated,ours,11,1,iso_sync_ms,1312.291888,recorder
20260826-210624_perlmutter_55838841,ours_l01_s2_gate_trace-610042_b8_k8_isolated,isolated,ours,11,2,iso_sync_ms,1314.949035,recorder
20260826-210624_perlmutter_55838841,ours_l01_s2_gate_trace-610042_b8_k8_isolated,isolated,ours,11,3,iso_sync_ms,1323.128677,recorder
20260826-210624_perlmutter_55838841,ours_l01_s2_gate_trace-610042_b8_k8_isolated,isolated,ours,12,0,e2e_ms,69.885826,recorder
20260826-210624_perlmutter_55838841,ours_l01_s2_gate_trace-610042_b8_k8_isolated,isolated,ours,12,1,e2e_ms,69.350815,recorder
20260826-210624_perlmutter_55838841,ours_l01_s2_gate_trace-610042_b8_k8_isolated,isolated,ours,12,2,e2e_ms,68.026207,recorder
20260826-210624_perlmutter_55838841,ours_l01_s2_gate_trace-610042_b8_k8_isolated,isolated,ours,12,3,e2e_ms,70.151108,recorder
20260826-210624_perlmutter_55838841,ours_l01_s2_gate_trace-610042_b8_k8_isolated,isolated,ours,12,0,l0_ms,5.146816,recorder
20260826-210624_perlmutter_55838841,ours_l01_s2_gate_trace-610042_b8_k8_isolated,isolated,ours,12,1,l0_ms,4.996128,recorder
20260826-210624_perlmutter_55838841,ours_l01_s2_gate_trace-610042_b8_k8_isolated,isolated,ours,12,2,l0_ms,5.2968,recorder
20260826-210624_perlmutter_55838841,ours_l01_s2_gate_trace-610042_b8_k8_isolated,isolated,ours,12,3,l0_ms,4.860224,recorder
20260826-210624_perlmutter_55838841,ours_l01_s2_gate_trace-610042_b8_k8_isolated,isolated,ours,12,0,act_ms,0.038816,recorder
20260826-210624_perlmutter_55838841,ours_l01_s2_gate_trace-610042_b8_k8_isolated,isolated,ours,12,1,act_ms,0.044672,recorder
20260826-210624_perlmutter_55838841,ours_l01_s2_gate_trace-610042_b8_k8_isolated,isolated,ours,12,2,act_ms,0.044416,recorder
20260826-210624_perlmutter_55838841,ours_l01_s2_gate_trace-610042_b8_k8_isolated,isolated,ours,12,3,act_ms,0.05136,recorder
20260826-210624_perlmutter_55838841,ours_l01_s2_gate_trace-610042_b8_k8_isolated,isolated,ours,12,0,l1_ms,64.700195,recorder
20260826-210624_perlmutter_55838841,ours_l01_s2_gate_trace-610042_b8_k8_isolated,isolated,ours,12,1,l1_ms,64.310013,recorder
20260826-210624_perlmutter_55838841,ours_l01_s2_gate_trace-610042_b8_k8_isolated,isolated,ours,12,2,l1_ms,62.684994,recorder
20260826-210624_perlmutter_55838841,ours_l01_s2_gate_trace-610042_b8_k8_isolated,isolated,ours,12,3,l1_ms,65.239517,recorder
20260826-210624_perlmutter_55838841,ours_l01_s2_gate_trace-610042_b8_k8_isolated,isolated,ours,12,0,plan_comm_ms,0.904032,recorder
20260826-210624_perlmutter_55838841,ours_l01_s2_gate_trace-610042_b8_k8_isolated,isolated,ours,12,1,plan_comm_ms,0.380224,recorder
20260826-210624_perlmutter_55838841,ours_l01_s2_gate_trace-610042_b8_k8_isolated,isolated,ours,12,2,plan_comm_ms,0.346624,recorder
20260826-210624_perlmutter_55838841,ours_l01_s2_gate_trace-610042_b8_k8_isolated,isolated,ours,12,3,plan_comm_ms,0.738464,recorder
20260826-210624_perlmutter_55838841,ours_l01_s2_gate_trace-610042_b8_k8_isolated,isolated,ours,12,0,place_ms,1615.518677,recorder
20260826-210624_perlmutter_55838841,ours_l01_s2_gate_trace-610042_b8_k8_isolated,isolated,ours,12,1,place_ms,1542.697266,recorder
20260826-210624_perlmutter_55838841,ours_l01_s2_gate_trace-610042_b8_k8_isolated,isolated,ours,12,2,place_ms,1544.786377,recorder
20260826-210624_perlmutter_55838841,ours_l01_s2_gate_trace-610042_b8_k8_isolated,isolated,ours,12,3,place_ms,1532.293213,recorder
20260826-210624_perlmutter_55838841,ours_l01_s2_gate_trace-610042_b8_k8_isolated,isolated,ours,12,0,plan_ms,11.117568,recorder
20260826-210624_perlmutter_55838841,ours_l01_s2_gate_trace-610042_b8_k8_isolated,isolated,ours,12,1,plan_ms,11.213472,recorder
20260826-210624_perlmutter_55838841,ours_l01_s2_gate_trace-610042_b8_k8_isolated,isolated,ours,12,2,plan_ms,14.852352,recorder
20260826-210624_perlmutter_55838841,ours_l01_s2_gate_trace-610042_b8_k8_isolated,isolated,ours,12,3,plan_ms,12.679008,recorder
20260826-210624_perlmutter_55838841,ours_l01_s2_gate_trace-610042_b8_k8_isolated,isolated,ours,12,0,total_ms,1697.439697,recorder
20260826-210624_perlmutter_55838841,ours_l01_s2_gate_trace-610042_b8_k8_isolated,isolated,ours,12,1,total_ms,1623.656616,recorder
20260826-210624_perlmutter_55838841,ours_l01_s2_gate_trace-610042_b8_k8_isolated,isolated,ours,12,2,total_ms,1628.024414,recorder
20260826-210624_perlmutter_55838841,ours_l01_s2_gate_trace-610042_b8_k8_isolated,isolated,ours,12,3,total_ms,1615.878662,recorder
20260826-210624_perlmutter_55838841,ours_l01_s2_gate_trace-610042_b8_k8_isolated,isolated,ours,12,0,iso_sync_ms,0.5114,recorder
20260826-210624_perlmutter_55838841,ours_l01_s2_gate_trace-610042_b8_k8_isolated,isolated,ours,12,1,iso_sync_ms,0.466313,recorder
20260826-210624_perlmutter_55838841,ours_l01_s2_gate_trace-610042_b8_k8_isolated,isolated,ours,12,2,iso_sync_ms,0.442186,recorder
20260826-210624_perlmutter_55838841,ours_l01_s2_gate_trace-610042_b8_k8_isolated,isolated,ours,12,3,iso_sync_ms,0.448077,recorder
20260826-210624_perlmutter_55838841,ours_l01_s2_gate_trace-610042_b8_k8_isolated,isolated,ours,13,0,e2e_ms,69.902908,recorder
20260826-210624_perlmutter_55838841,ours_l01_s2_gate_trace-610042_b8_k8_isolated,isolated,ours,13,1,e2e_ms,69.376579,recorder
20260826-210624_perlmutter_55838841,ours_l01_s2_gate_trace-610042_b8_k8_isolated,isolated,ours,13,2,e2e_ms,68.048767,recorder
20260826-210624_perlmutter_55838841,ours_l01_s2_gate_trace-610042_b8_k8_isolated,isolated,ours,13,3,e2e_ms,70.247742,recorder
20260826-210624_perlmutter_55838841,ours_l01_s2_gate_trace-610042_b8_k8_isolated,isolated,ours,13,0,l0_ms,5.181536,recorder
20260826-210624_perlmutter_55838841,ours_l01_s2_gate_trace-610042_b8_k8_isolated,isolated,ours,13,1,l0_ms,4.919168,recorder
20260826-210624_perlmutter_55838841,ours_l01_s2_gate_trace-610042_b8_k8_isolated,isolated,ours,13,2,l0_ms,5.145888,recorder
20260826-210624_perlmutter_55838841,ours_l01_s2_gate_trace-610042_b8_k8_isolated,isolated,ours,13,3,l0_ms,5.005984,recorder
20260826-210624_perlmutter_55838841,ours_l01_s2_gate_trace-610042_b8_k8_isolated,isolated,ours,13,0,act_ms,0.040192,recorder
20260826-210624_perlmutter_55838841,ours_l01_s2_gate_trace-610042_b8_k8_isolated,isolated,ours,13,1,act_ms,0.04144,recorder
20260826-210624_perlmutter_55838841,ours_l01_s2_gate_trace-610042_b8_k8_isolated,isolated,ours,13,2,act_ms,0.039776,recorder
20260826-210624_perlmutter_55838841,ours_l01_s2_gate_trace-610042_b8_k8_isolated,isolated,ours,13,3,act_ms,0.046336,recorder
20260826-210624_perlmutter_55838841,ours_l01_s2_gate_trace-610042_b8_k8_isolated,isolated,ours,13,0,l1_ms,64.681183,recorder
20260826-210624_perlmutter_55838841,ours_l01_s2_gate_trace-610042_b8_k8_isolated,isolated,ours,13,1,l1_ms,64.41597,recorder
20260826-210624_perlmutter_55838841,ours_l01_s2_gate_trace-610042_b8_k8_isolated,isolated,ours,13,2,l1_ms,62.863106,recorder
20260826-210624_perlmutter_55838841,ours_l01_s2_gate_trace-610042_b8_k8_isolated,isolated,ours,13,3,l1_ms,65.195427,recorder
20260826-210624_perlmutter_55838841,ours_l01_s2_gate_trace-610042_b8_k8_isolated,isolated,ours,13,0,plan_comm_ms,0.88944,recorder
20260826-210624_perlmutter_55838841,ours_l01_s2_gate_trace-610042_b8_k8_isolated,isolated,ours,13,1,plan_comm_ms,0.3464,recorder
20260826-210624_perlmutter_55838841,ours_l01_s2_gate_trace-610042_b8_k8_isolated,isolated,ours,13,2,plan_comm_ms,0.318304,recorder
20260826-210624_perlmutter_55838841,ours_l01_s2_gate_trace-610042_b8_k8_isolated,isolated,ours,13,3,plan_comm_ms,0.721632,recorder
20260826-210624_perlmutter_55838841,ours_l01_s2_gate_trace-610042_b8_k8_isolated,isolated,ours,13,0,place_ms,1609.479248,recorder
20260826-210624_perlmutter_55838841,ours_l01_s2_gate_trace-610042_b8_k8_isolated,isolated,ours,13,1,place_ms,1535.560913,recorder
20260826-210624_perlmutter_55838841,ours_l01_s2_gate_trace-610042_b8_k8_isolated,isolated,ours,13,2,place_ms,1539.243896,recorder
20260826-210624_perlmutter_55838841,ours_l01_s2_gate_trace-610042_b8_k8_isolated,isolated,ours,13,3,place_ms,1526.57605,recorder
20260826-210624_perlmutter_55838841,ours_l01_s2_gate_trace-610042_b8_k8_isolated,isolated,ours,13,0,plan_ms,17.179264,recorder
20260826-210624_perlmutter_55838841,ours_l01_s2_gate_trace-610042_b8_k8_isolated,isolated,ours,13,1,plan_ms,18.34128,recorder
20260826-210624_perlmutter_55838841,ours_l01_s2_gate_trace-610042_b8_k8_isolated,isolated,ours,13,2,plan_ms,20.414976,recorder
20260826-210624_perlmutter_55838841,ours_l01_s2_gate_trace-610042_b8_k8_isolated,isolated,ours,13,3,plan_ms,18.324991,recorder
20260826-210624_perlmutter_55838841,ours_l01_s2_gate_trace-610042_b8_k8_isolated,isolated,ours,13,0,total_ms,1697.463745,recorder
20260826-210624_perlmutter_55838841,ours_l01_s2_gate_trace-610042_b8_k8_isolated,isolated,ours,13,1,total_ms,1623.638672,recorder
20260826-210624_perlmutter_55838841,ours_l01_s2_gate_trace-610042_b8_k8_isolated,isolated,ours,13,2,total_ms,1628.041504,recorder
20260826-210624_perlmutter_55838841,ours_l01_s2_gate_trace-610042_b8_k8_isolated,isolated,ours,13,3,total_ms,1615.88562,recorder
20260826-210624_perlmutter_55838841,ours_l01_s2_gate_trace-610042_b8_k8_isolated,isolated,ours,13,0,iso_sync_ms,776.227025,recorder
20260826-210624_perlmutter_55838841,ours_l01_s2_gate_trace-610042_b8_k8_isolated,isolated,ours,13,1,iso_sync_ms,552.467598,recorder
20260826-210624_perlmutter_55838841,ours_l01_s2_gate_trace-610042_b8_k8_isolated,isolated,ours,13,2,iso_sync_ms,676.402622,recorder
20260826-210624_perlmutter_55838841,ours_l01_s2_gate_trace-610042_b8_k8_isolated,isolated,ours,13,3,iso_sync_ms,671.754851,recorder
20260826-210624_perlmutter_55838841,ours_l01_s2_gate_trace-610042_b8_k8_isolated,isolated,ours,14,0,e2e_ms,69.924095,recorder
20260826-210624_perlmutter_55838841,ours_l01_s2_gate_trace-610042_b8_k8_isolated,isolated,ours,14,1,e2e_ms,69.3535,recorder
20260826-210624_perlmutter_55838841,ours_l01_s2_gate_trace-610042_b8_k8_isolated,isolated,ours,14,2,e2e_ms,68.117599,recorder
20260826-210624_perlmutter_55838841,ours_l01_s2_gate_trace-610042_b8_k8_isolated,isolated,ours,14,3,e2e_ms,70.185631,recorder
20260826-210624_perlmutter_55838841,ours_l01_s2_gate_trace-610042_b8_k8_isolated,isolated,ours,14,0,l0_ms,5.088288,recorder
20260826-210624_perlmutter_55838841,ours_l01_s2_gate_trace-610042_b8_k8_isolated,isolated,ours,14,1,l0_ms,5.014528,recorder
20260826-210624_perlmutter_55838841,ours_l01_s2_gate_trace-610042_b8_k8_isolated,isolated,ours,14,2,l0_ms,5.332832,recorder
20260826-210624_perlmutter_55838841,ours_l01_s2_gate_trace-610042_b8_k8_isolated,isolated,ours,14,3,l0_ms,4.90336,recorder
20260826-210624_perlmutter_55838841,ours_l01_s2_gate_trace-610042_b8_k8_isolated,isolated,ours,14,0,act_ms,0.042592,recorder
20260826-210624_perlmutter_55838841,ours_l01_s2_gate_trace-610042_b8_k8_isolated,isolated,ours,14,1,act_ms,0.043744,recorder
20260826-210624_perlmutter_55838841,ours_l01_s2_gate_trace-610042_b8_k8_isolated,isolated,ours,14,2,act_ms,0.035712,recorder
20260826-210624_perlmutter_55838841,ours_l01_s2_gate_trace-610042_b8_k8_isolated,isolated,ours,14,3,act_ms,0.039808,recorder
20260826-210624_perlmutter_55838841,ours_l01_s2_gate_trace-610042_b8_k8_isolated,isolated,ours,14,0,l1_ms,64.793213,recorder
20260826-210624_perlmutter_55838841,ours_l01_s2_gate_trace-610042_b8_k8_isolated,isolated,ours,14,1,l1_ms,64.295235,recorder
20260826-210624_perlmutter_55838841,ours_l01_s2_gate_trace-610042_b8_k8_isolated,isolated,ours,14,2,l1_ms,62.749058,recorder
20260826-210624_perlmutter_55838841,ours_l01_s2_gate_trace-610042_b8_k8_isolated,isolated,ours,14,3,l1_ms,65.242462,recorder
20260826-210624_perlmutter_55838841,ours_l01_s2_gate_trace-610042_b8_k8_isolated,isolated,ours,14,0,plan_comm_ms,0.886304,recorder
20260826-210624_perlmutter_55838841,ours_l01_s2_gate_trace-610042_b8_k8_isolated,isolated,ours,14,1,plan_comm_ms,0.366336,recorder
20260826-210624_perlmutter_55838841,ours_l01_s2_gate_trace-610042_b8_k8_isolated,isolated,ours,14,2,plan_comm_ms,0.333504,recorder
20260826-210624_perlmutter_55838841,ours_l01_s2_gate_trace-610042_b8_k8_isolated,isolated,ours,14,3,plan_comm_ms,0.73456,recorder
20260826-210624_perlmutter_55838841,ours_l01_s2_gate_trace-610042_b8_k8_isolated,isolated,ours,14,0,place_ms,1610.024048,recorder
20260826-210624_perlmutter_55838841,ours_l01_s2_gate_trace-610042_b8_k8_isolated,isolated,ours,14,1,place_ms,1535.06189,recorder
20260826-210624_perlmutter_55838841,ours_l01_s2_gate_trace-610042_b8_k8_isolated,isolated,ours,14,2,place_ms,1540.15564,recorder
20260826-210624_perlmutter_55838841,ours_l01_s2_gate_trace-610042_b8_k8_isolated,isolated,ours,14,3,place_ms,1526.533203,recorder
20260826-210624_perlmutter_55838841,ours_l01_s2_gate_trace-610042_b8_k8_isolated,isolated,ours,14,0,plan_ms,16.632992,recorder
20260826-210624_perlmutter_55838841,ours_l01_s2_gate_trace-610042_b8_k8_isolated,isolated,ours,14,1,plan_ms,18.867872,recorder
20260826-210624_perlmutter_55838841,ours_l01_s2_gate_trace-610042_b8_k8_isolated,isolated,ours,14,2,plan_ms,19.476353,recorder
20260826-210624_perlmutter_55838841,ours_l01_s2_gate_trace-610042_b8_k8_isolated,isolated,ours,14,3,plan_ms,18.441664,recorder
20260826-210624_perlmutter_55838841,ours_l01_s2_gate_trace-610042_b8_k8_isolated,isolated,ours,14,0,total_ms,1697.482178,recorder
20260826-210624_perlmutter_55838841,ours_l01_s2_gate_trace-610042_b8_k8_isolated,isolated,ours,14,1,total_ms,1623.663452,recorder
20260826-210624_perlmutter_55838841,ours_l01_s2_gate_trace-610042_b8_k8_isolated,isolated,ours,14,2,total_ms,1628.097656,recorder
20260826-210624_perlmutter_55838841,ours_l01_s2_gate_trace-610042_b8_k8_isolated,isolated,ours,14,3,total_ms,1615.909302,recorder
20260826-210624_perlmutter_55838841,ours_l01_s2_gate_trace-610042_b8_k8_isolated,isolated,ours,14,0,iso_sync_ms,613.493546,recorder
20260826-210624_perlmutter_55838841,ours_l01_s2_gate_trace-610042_b8_k8_isolated,isolated,ours,14,1,iso_sync_ms,395.606092,recorder
20260826-210624_perlmutter_55838841,ours_l01_s2_gate_trace-610042_b8_k8_isolated,isolated,ours,14,2,iso_sync_ms,383.013055,recorder
20260826-210624_perlmutter_55838841,ours_l01_s2_gate_trace-610042_b8_k8_isolated,isolated,ours,14,3,iso_sync_ms,395.733088,recorder
20260826-210624_perlmutter_55838841,ours_l01_s2_gate_trace-610042_b8_k8_isolated,isolated,ours,15,0,e2e_ms,69.386879,recorder
20260826-210624_perlmutter_55838841,ours_l01_s2_gate_trace-610042_b8_k8_isolated,isolated,ours,15,1,e2e_ms,69.373123,recorder
20260826-210624_perlmutter_55838841,ours_l01_s2_gate_trace-610042_b8_k8_isolated,isolated,ours,15,2,e2e_ms,67.956001,recorder
20260826-210624_perlmutter_55838841,ours_l01_s2_gate_trace-610042_b8_k8_isolated,isolated,ours,15,3,e2e_ms,70.188995,recorder
20260826-210624_perlmutter_55838841,ours_l01_s2_gate_trace-610042_b8_k8_isolated,isolated,ours,15,0,l0_ms,4.658464,recorder
20260826-210624_perlmutter_55838841,ours_l01_s2_gate_trace-610042_b8_k8_isolated,isolated,ours,15,1,l0_ms,4.953088,recorder
20260826-210624_perlmutter_55838841,ours_l01_s2_gate_trace-610042_b8_k8_isolated,isolated,ours,15,2,l0_ms,4.986432,recorder
20260826-210624_perlmutter_55838841,ours_l01_s2_gate_trace-610042_b8_k8_isolated,isolated,ours,15,3,l0_ms,4.933696,recorder
20260826-210624_perlmutter_55838841,ours_l01_s2_gate_trace-610042_b8_k8_isolated,isolated,ours,15,0,act_ms,0.034144,recorder
20260826-210624_perlmutter_55838841,ours_l01_s2_gate_trace-610042_b8_k8_isolated,isolated,ours,15,1,act_ms,0.041184,recorder
20260826-210624_perlmutter_55838841,ours_l01_s2_gate_trace-610042_b8_k8_isolated,isolated,ours,15,2,act_ms,0.036576,recorder
20260826-210624_perlmutter_55838841,ours_l01_s2_gate_trace-610042_b8_k8_isolated,isolated,ours,15,3,act_ms,0.043296,recorder
20260826-210624_perlmutter_55838841,ours_l01_s2_gate_trace-610042_b8_k8_isolated,isolated,ours,15,0,l1_ms,64.694275,recorder
20260826-210624_perlmutter_55838841,ours_l01_s2_gate_trace-610042_b8_k8_isolated,isolated,ours,15,1,l1_ms,64.378845,recorder
20260826-210624_perlmutter_55838841,ours_l01_s2_gate_trace-610042_b8_k8_isolated,isolated,ours,15,2,l1_ms,62.932991,recorder
20260826-210624_perlmutter_55838841,ours_l01_s2_gate_trace-610042_b8_k8_isolated,isolated,ours,15,3,l1_ms,65.211998,recorder
20260826-210624_perlmutter_55838841,ours_l01_s2_gate_trace-610042_b8_k8_isolated,isolated,ours,15,0,plan_comm_ms,0.628928,recorder
20260826-210624_perlmutter_55838841,ours_l01_s2_gate_trace-610042_b8_k8_isolated,isolated,ours,15,1,plan_comm_ms,0.334048,recorder
20260826-210624_perlmutter_55838841,ours_l01_s2_gate_trace-610042_b8_k8_isolated,isolated,ours,15,2,plan_comm_ms,0.304928,recorder
20260826-210624_perlmutter_55838841,ours_l01_s2_gate_trace-610042_b8_k8_isolated,isolated,ours,15,3,plan_comm_ms,0.680192,recorder
20260826-210624_perlmutter_55838841,ours_l01_s2_gate_trace-610042_b8_k8_isolated,isolated,ours,15,0,place_ms,1610.379028,recorder
20260826-210624_perlmutter_55838841,ours_l01_s2_gate_trace-610042_b8_k8_isolated,isolated,ours,15,1,place_ms,1536.123413,recorder
20260826-210624_perlmutter_55838841,ours_l01_s2_gate_trace-610042_b8_k8_isolated,isolated,ours,15,2,place_ms,1540.028687,recorder
20260826-210624_perlmutter_55838841,ours_l01_s2_gate_trace-610042_b8_k8_isolated,isolated,ours,15,3,place_ms,1527.928711,recorder
20260826-210624_perlmutter_55838841,ours_l01_s2_gate_trace-610042_b8_k8_isolated,isolated,ours,15,0,plan_ms,16.830463,recorder
20260826-210624_perlmutter_55838841,ours_l01_s2_gate_trace-610042_b8_k8_isolated,isolated,ours,15,1,plan_ms,17.784449,recorder
20260826-210624_perlmutter_55838841,ours_l01_s2_gate_trace-610042_b8_k8_isolated,isolated,ours,15,2,plan_ms,19.758335,recorder
20260826-210624_perlmutter_55838841,ours_l01_s2_gate_trace-610042_b8_k8_isolated,isolated,ours,15,3,plan_ms,17.037024,recorder
20260826-210624_perlmutter_55838841,ours_l01_s2_gate_trace-610042_b8_k8_isolated,isolated,ours,15,0,total_ms,1697.239258,recorder
20260826-210624_perlmutter_55838841,ours_l01_s2_gate_trace-610042_b8_k8_isolated,isolated,ours,15,1,total_ms,1623.628906,recorder
20260826-210624_perlmutter_55838841,ours_l01_s2_gate_trace-610042_b8_k8_isolated,isolated,ours,15,2,total_ms,1628.062866,recorder
20260826-210624_perlmutter_55838841,ours_l01_s2_gate_trace-610042_b8_k8_isolated,isolated,ours,15,3,total_ms,1615.849487,recorder
20260826-210624_perlmutter_55838841,ours_l01_s2_gate_trace-610042_b8_k8_isolated,isolated,ours,15,0,iso_sync_ms,1995.881228,recorder
20260826-210624_perlmutter_55838841,ours_l01_s2_gate_trace-610042_b8_k8_isolated,isolated,ours,15,1,iso_sync_ms,2041.518656,recorder
20260826-210624_perlmutter_55838841,ours_l01_s2_gate_trace-610042_b8_k8_isolated,isolated,ours,15,2,iso_sync_ms,2001.66545,recorder
20260826-210624_perlmutter_55838841,ours_l01_s2_gate_trace-610042_b8_k8_isolated,isolated,ours,15,3,iso_sync_ms,2036.312926,recorder
20260826-210624_perlmutter_55838841,ours_l01_s2_gate_ml_trace-610042_b8_k8_isolated,isolated,ours,0,0,e2e_ms,68.67421,recorder
20260826-210624_perlmutter_55838841,ours_l01_s2_gate_ml_trace-610042_b8_k8_isolated,isolated,ours,0,1,e2e_ms,69.017342,recorder
20260826-210624_perlmutter_55838841,ours_l01_s2_gate_ml_trace-610042_b8_k8_isolated,isolated,ours,0,2,e2e_ms,69.204605,recorder
20260826-210624_perlmutter_55838841,ours_l01_s2_gate_ml_trace-610042_b8_k8_isolated,isolated,ours,0,3,e2e_ms,72.594269,recorder
20260826-210624_perlmutter_55838841,ours_l01_s2_gate_ml_trace-610042_b8_k8_isolated,isolated,ours,0,0,l0_ms,5.506624,recorder
20260826-210624_perlmutter_55838841,ours_l01_s2_gate_ml_trace-610042_b8_k8_isolated,isolated,ours,0,1,l0_ms,6.374176,recorder
20260826-210624_perlmutter_55838841,ours_l01_s2_gate_ml_trace-610042_b8_k8_isolated,isolated,ours,0,2,l0_ms,5.19408,recorder
20260826-210624_perlmutter_55838841,ours_l01_s2_gate_ml_trace-610042_b8_k8_isolated,isolated,ours,0,3,l0_ms,5.220448,recorder
20260826-210624_perlmutter_55838841,ours_l01_s2_gate_ml_trace-610042_b8_k8_isolated,isolated,ours,0,0,act_ms,0.044384,recorder
20260826-210624_perlmutter_55838841,ours_l01_s2_gate_ml_trace-610042_b8_k8_isolated,isolated,ours,0,1,act_ms,0.04432,recorder
20260826-210624_perlmutter_55838841,ours_l01_s2_gate_ml_trace-610042_b8_k8_isolated,isolated,ours,0,2,act_ms,0.036832,recorder
20260826-210624_perlmutter_55838841,ours_l01_s2_gate_ml_trace-610042_b8_k8_isolated,isolated,ours,0,3,act_ms,0.041632,recorder
20260826-210624_perlmutter_55838841,ours_l01_s2_gate_ml_trace-610042_b8_k8_isolated,isolated,ours,0,0,l1_ms,63.123199,recorder
20260826-210624_perlmutter_55838841,ours_l01_s2_gate_ml_trace-610042_b8_k8_isolated,isolated,ours,0,1,l1_ms,62.598846,recorder
20260826-210624_perlmutter_55838841,ours_l01_s2_gate_ml_trace-610042_b8_k8_isolated,isolated,ours,0,2,l1_ms,63.973698,recorder
20260826-210624_perlmutter_55838841,ours_l01_s2_gate_ml_trace-610042_b8_k8_isolated,isolated,ours,0,3,l1_ms,67.332191,recorder
20260826-210624_perlmutter_55838841,ours_l01_s2_gate_ml_trace-610042_b8_k8_isolated,isolated,ours,0,0,plan_comm_ms,1.154016,recorder
20260826-210624_perlmutter_55838841,ours_l01_s2_gate_ml_trace-610042_b8_k8_isolated,isolated,ours,0,1,plan_comm_ms,0.8208,recorder
20260826-210624_perlmutter_55838841,ours_l01_s2_gate_ml_trace-610042_b8_k8_isolated,isolated,ours,0,2,plan_comm_ms,0.688416,recorder
20260826-210624_perlmutter_55838841,ours_l01_s2_gate_ml_trace-610042_b8_k8_isolated,isolated,ours,0,3,plan_comm_ms,0.810336,recorder
20260826-210624_perlmutter_55838841,ours_l01_s2_gate_ml_trace-610042_b8_k8_isolated,isolated,ours,0,0,place_ms,1620.997314,recorder
20260826-210624_perlmutter_55838841,ours_l01_s2_gate_ml_trace-610042_b8_k8_isolated,isolated,ours,0,1,place_ms,1538.773804,recorder
20260826-210624_perlmutter_55838841,ours_l01_s2_gate_ml_trace-610042_b8_k8_isolated,isolated,ours,0,2,place_ms,1510.661987,recorder
20260826-210624_perlmutter_55838841,ours_l01_s2_gate_ml_trace-610042_b8_k8_isolated,isolated,ours,0,3,place_ms,1516.564087,recorder
20260826-210624_perlmutter_55838841,ours_l01_s2_gate_ml_trace-610042_b8_k8_isolated,isolated,ours,0,0,plan_ms,12.88848,recorder
20260826-210624_perlmutter_55838841,ours_l01_s2_gate_ml_trace-610042_b8_k8_isolated,isolated,ours,0,1,plan_ms,10.291488,recorder
20260826-210624_perlmutter_55838841,ours_l01_s2_gate_ml_trace-610042_b8_k8_isolated,isolated,ours,0,2,plan_ms,9.67104,recorder
20260826-210624_perlmutter_55838841,ours_l01_s2_gate_ml_trace-610042_b8_k8_isolated,isolated,ours,0,3,plan_ms,12.509376,recorder
20260826-210624_perlmutter_55838841,ours_l01_s2_gate_ml_trace-610042_b8_k8_isolated,isolated,ours,0,0,total_ms,1703.729614,recorder
20260826-210624_perlmutter_55838841,ours_l01_s2_gate_ml_trace-610042_b8_k8_isolated,isolated,ours,0,1,total_ms,1618.916992,recorder
20260826-210624_perlmutter_55838841,ours_l01_s2_gate_ml_trace-610042_b8_k8_isolated,isolated,ours,0,2,total_ms,1590.23999,recorder
20260826-210624_perlmutter_55838841,ours_l01_s2_gate_ml_trace-610042_b8_k8_isolated,isolated,ours,0,3,total_ms,1602.493164,recorder
20260826-210624_perlmutter_55838841,ours_l01_s2_gate_ml_trace-610042_b8_k8_isolated,isolated,ours,0,0,iso_sync_ms,113.763853,recorder
20260826-210624_perlmutter_55838841,ours_l01_s2_gate_ml_trace-610042_b8_k8_isolated,isolated,ours,0,1,iso_sync_ms,55.192553,recorder
20260826-210624_perlmutter_55838841,ours_l01_s2_gate_ml_trace-610042_b8_k8_isolated,isolated,ours,0,2,iso_sync_ms,50.493853,recorder
20260826-210624_perlmutter_55838841,ours_l01_s2_gate_ml_trace-610042_b8_k8_isolated,isolated,ours,0,3,iso_sync_ms,55.570024,recorder
20260826-210624_perlmutter_55838841,ours_l01_s2_gate_ml_trace-610042_b8_k8_isolated,isolated,ours,1,0,e2e_ms,68.534531,recorder
20260826-210624_perlmutter_55838841,ours_l01_s2_gate_ml_trace-610042_b8_k8_isolated,isolated,ours,1,1,e2e_ms,69.013954,recorder
20260826-210624_perlmutter_55838841,ours_l01_s2_gate_ml_trace-610042_b8_k8_isolated,isolated,ours,1,2,e2e_ms,69.189888,recorder
20260826-210624_perlmutter_55838841,ours_l01_s2_gate_ml_trace-610042_b8_k8_isolated,isolated,ours,1,3,e2e_ms,72.615456,recorder
20260826-210624_perlmutter_55838841,ours_l01_s2_gate_ml_trace-610042_b8_k8_isolated,isolated,ours,1,0,l0_ms,5.171168,recorder
20260826-210624_perlmutter_55838841,ours_l01_s2_gate_ml_trace-610042_b8_k8_isolated,isolated,ours,1,1,l0_ms,5.904192,recorder
20260826-210624_perlmutter_55838841,ours_l01_s2_gate_ml_trace-610042_b8_k8_isolated,isolated,ours,1,2,l0_ms,5.098208,recorder
20260826-210624_perlmutter_55838841,ours_l01_s2_gate_ml_trace-610042_b8_k8_isolated,isolated,ours,1,3,l0_ms,5.310528,recorder
20260826-210624_perlmutter_55838841,ours_l01_s2_gate_ml_trace-610042_b8_k8_isolated,isolated,ours,1,0,act_ms,0.040512,recorder
20260826-210624_perlmutter_55838841,ours_l01_s2_gate_ml_trace-610042_b8_k8_isolated,isolated,ours,1,1,act_ms,0.03824,recorder
20260826-210624_perlmutter_55838841,ours_l01_s2_gate_ml_trace-610042_b8_k8_isolated,isolated,ours,1,2,act_ms,0.041952,recorder
20260826-210624_perlmutter_55838841,ours_l01_s2_gate_ml_trace-610042_b8_k8_isolated,isolated,ours,1,3,act_ms,0.046368,recorder
20260826-210624_perlmutter_55838841,ours_l01_s2_gate_ml_trace-610042_b8_k8_isolated,isolated,ours,1,0,l1_ms,63.322849,recorder
20260826-210624_perlmutter_55838841,ours_l01_s2_gate_ml_trace-610042_b8_k8_isolated,isolated,ours,1,1,l1_ms,63.071522,recorder
20260826-210624_perlmutter_55838841,ours_l01_s2_gate_ml_trace-610042_b8_k8_isolated,isolated,ours,1,2,l1_ms,64.049728,recorder
20260826-210624_perlmutter_55838841,ours_l01_s2_gate_ml_trace-610042_b8_k8_isolated,isolated,ours,1,3,l1_ms,67.25856,recorder
20260826-210624_perlmutter_55838841,ours_l01_s2_gate_ml_trace-610042_b8_k8_isolated,isolated,ours,1,0,plan_comm_ms,1.03504,recorder
20260826-210624_perlmutter_55838841,ours_l01_s2_gate_ml_trace-610042_b8_k8_isolated,isolated,ours,1,1,plan_comm_ms,0.79328,recorder
20260826-210624_perlmutter_55838841,ours_l01_s2_gate_ml_trace-610042_b8_k8_isolated,isolated,ours,1,2,plan_comm_ms,0.679456,recorder
20260826-210624_perlmutter_55838841,ours_l01_s2_gate_ml_trace-610042_b8_k8_isolated,isolated,ours,1,3,plan_comm_ms,0.798752,recorder
20260826-210624_perlmutter_55838841,ours_l01_s2_gate_ml_trace-610042_b8_k8_isolated,isolated,ours,1,0,place_ms,1621.770752,recorder
20260826-210624_perlmutter_55838841,ours_l01_s2_gate_ml_trace-610042_b8_k8_isolated,isolated,ours,1,1,place_ms,1537.408691,recorder
20260826-210624_perlmutter_55838841,ours_l01_s2_gate_ml_trace-610042_b8_k8_isolated,isolated,ours,1,2,place_ms,1508.192627,recorder
20260826-210624_perlmutter_55838841,ours_l01_s2_gate_ml_trace-610042_b8_k8_isolated,isolated,ours,1,3,place_ms,1517.043091,recorder
20260826-210624_perlmutter_55838841,ours_l01_s2_gate_ml_trace-610042_b8_k8_isolated,isolated,ours,1,0,plan_ms,12.270304,recorder
20260826-210624_perlmutter_55838841,ours_l01_s2_gate_ml_trace-610042_b8_k8_isolated,isolated,ours,1,1,plan_ms,11.659264,recorder
20260826-210624_perlmutter_55838841,ours_l01_s2_gate_ml_trace-610042_b8_k8_isolated,isolated,ours,1,2,plan_ms,12.151264,recorder
20260826-210624_perlmutter_55838841,ours_l01_s2_gate_ml_trace-610042_b8_k8_isolated,isolated,ours,1,3,plan_ms,12.018624,recorder
20260826-210624_perlmutter_55838841,ours_l01_s2_gate_ml_trace-610042_b8_k8_isolated,isolated,ours,1,0,total_ms,1703.626831,recorder
20260826-210624_perlmutter_55838841,ours_l01_s2_gate_ml_trace-610042_b8_k8_isolated,isolated,ours,1,1,total_ms,1618.894531,recorder
20260826-210624_perlmutter_55838841,ours_l01_s2_gate_ml_trace-610042_b8_k8_isolated,isolated,ours,1,2,total_ms,1590.228027,recorder
20260826-210624_perlmutter_55838841,ours_l01_s2_gate_ml_trace-610042_b8_k8_isolated,isolated,ours,1,3,total_ms,1602.488892,recorder
20260826-210624_perlmutter_55838841,ours_l01_s2_gate_ml_trace-610042_b8_k8_isolated,isolated,ours,1,0,iso_sync_ms,316.415973,recorder
20260826-210624_perlmutter_55838841,ours_l01_s2_gate_ml_trace-610042_b8_k8_isolated,isolated,ours,1,1,iso_sync_ms,451.133306,recorder
20260826-210624_perlmutter_55838841,ours_l01_s2_gate_ml_trace-610042_b8_k8_isolated,isolated,ours,1,2,iso_sync_ms,423.962337,recorder
20260826-210624_perlmutter_55838841,ours_l01_s2_gate_ml_trace-610042_b8_k8_isolated,isolated,ours,1,3,iso_sync_ms,450.730607,recorder
20260826-210624_perlmutter_55838841,ours_l01_s2_gate_ml_trace-610042_b8_k8_isolated,isolated,ours,2,0,e2e_ms,68.730751,recorder
20260826-210624_perlmutter_55838841,ours_l01_s2_gate_ml_trace-610042_b8_k8_isolated,isolated,ours,2,1,e2e_ms,69.024544,recorder
20260826-210624_perlmutter_55838841,ours_l01_s2_gate_ml_trace-610042_b8_k8_isolated,isolated,ours,2,2,e2e_ms,69.232544,recorder
20260826-210624_perlmutter_55838841,ours_l01_s2_gate_ml_trace-610042_b8_k8_isolated,isolated,ours,2,3,e2e_ms,72.613632,recorder
20260826-210624_perlmutter_55838841,ours_l01_s2_gate_ml_trace-610042_b8_k8_isolated,isolated,ours,2,0,l0_ms,5.280736,recorder
20260826-210624_perlmutter_55838841,ours_l01_s2_gate_ml_trace-610042_b8_k8_isolated,isolated,ours,2,1,l0_ms,5.963712,recorder
20260826-210624_perlmutter_55838841,ours_l01_s2_gate_ml_trace-610042_b8_k8_isolated,isolated,ours,2,2,l0_ms,5.099584,recorder
20260826-210624_perlmutter_55838841,ours_l01_s2_gate_ml_trace-610042_b8_k8_isolated,isolated,ours,2,3,l0_ms,5.547776,recorder
20260826-210624_perlmutter_55838841,ours_l01_s2_gate_ml_trace-610042_b8_k8_isolated,isolated,ours,2,0,act_ms,0.044896,recorder
20260826-210624_perlmutter_55838841,ours_l01_s2_gate_ml_trace-610042_b8_k8_isolated,isolated,ours,2,1,act_ms,0.039936,recorder
20260826-210624_perlmutter_55838841,ours_l01_s2_gate_ml_trace-610042_b8_k8_isolated,isolated,ours,2,2,act_ms,0.046464,recorder
20260826-210624_perlmutter_55838841,ours_l01_s2_gate_ml_trace-610042_b8_k8_isolated,isolated,ours,2,3,act_ms,0.047104,recorder
20260826-210624_perlmutter_55838841,ours_l01_s2_gate_ml_trace-610042_b8_k8_isolated,isolated,ours,2,0,l1_ms,63.405121,recorder
20260826-210624_perlmutter_55838841,ours_l01_s2_gate_ml_trace-610042_b8_k8_isolated,isolated,ours,2,1,l1_ms,63.020897,recorder
20260826-210624_perlmutter_55838841,ours_l01_s2_gate_ml_trace-610042_b8_k8_isolated,isolated,ours,2,2,l1_ms,64.086494,recorder
20260826-210624_perlmutter_55838841,ours_l01_s2_gate_ml_trace-610042_b8_k8_isolated,isolated,ours,2,3,l1_ms,67.018753,recorder
20260826-210624_perlmutter_55838841,ours_l01_s2_gate_ml_trace-610042_b8_k8_isolated,isolated,ours,2,0,plan_comm_ms,1.114304,recorder
20260826-210624_perlmutter_55838841,ours_l01_s2_gate_ml_trace-610042_b8_k8_isolated,isolated,ours,2,1,plan_comm_ms,0.804224,recorder
20260826-210624_perlmutter_55838841,ours_l01_s2_gate_ml_trace-610042_b8_k8_isolated,isolated,ours,2,2,plan_comm_ms,0.673344,recorder
20260826-210624_perlmutter_55838841,ours_l01_s2_gate_ml_trace-610042_b8_k8_isolated,isolated,ours,2,3,plan_comm_ms,0.755456,recorder
20260826-210624_perlmutter_55838841,ours_l01_s2_gate_ml_trace-610042_b8_k8_isolated,isolated,ours,2,0,place_ms,1624.088135,recorder
20260826-210624_perlmutter_55838841,ours_l01_s2_gate_ml_trace-610042_b8_k8_isolated,isolated,ours,2,1,place_ms,1538.360718,recorder
20260826-210624_perlmutter_55838841,ours_l01_s2_gate_ml_trace-610042_b8_k8_isolated,isolated,ours,2,2,place_ms,1507.881592,recorder
20260826-210624_perlmutter_55838841,ours_l01_s2_gate_ml_trace-610042_b8_k8_isolated,isolated,ours,2,3,place_ms,1517.832764,recorder
20260826-210624_perlmutter_55838841,ours_l01_s2_gate_ml_trace-610042_b8_k8_isolated,isolated,ours,2,0,plan_ms,9.767872,recorder
20260826-210624_perlmutter_55838841,ours_l01_s2_gate_ml_trace-610042_b8_k8_isolated,isolated,ours,2,1,plan_ms,10.706912,recorder
20260826-210624_perlmutter_55838841,ours_l01_s2_gate_ml_trace-610042_b8_k8_isolated,isolated,ours,2,2,plan_ms,12.427552,recorder
20260826-210624_perlmutter_55838841,ours_l01_s2_gate_ml_trace-610042_b8_k8_isolated,isolated,ours,2,3,plan_ms,11.2328,recorder
20260826-210624_perlmutter_55838841,ours_l01_s2_gate_ml_trace-610042_b8_k8_isolated,isolated,ours,2,0,total_ms,1703.715332,recorder
20260826-210624_perlmutter_55838841,ours_l01_s2_gate_ml_trace-610042_b8_k8_isolated,isolated,ours,2,1,total_ms,1618.911133,recorder
20260826-210624_perlmutter_55838841,ours_l01_s2_gate_ml_trace-610042_b8_k8_isolated,isolated,ours,2,2,total_ms,1590.230103,recorder
20260826-210624_perlmutter_55838841,ours_l01_s2_gate_ml_trace-610042_b8_k8_isolated,isolated,ours,2,3,total_ms,1602.44751,recorder
20260826-210624_perlmutter_55838841,ours_l01_s2_gate_ml_trace-610042_b8_k8_isolated,isolated,ours,2,0,iso_sync_ms,574.211851,recorder
20260826-210624_perlmutter_55838841,ours_l01_s2_gate_ml_trace-610042_b8_k8_isolated,isolated,ours,2,1,iso_sync_ms,609.080062,recorder
20260826-210624_perlmutter_55838841,ours_l01_s2_gate_ml_trace-610042_b8_k8_isolated,isolated,ours,2,2,iso_sync_ms,607.032801,recorder
20260826-210624_perlmutter_55838841,ours_l01_s2_gate_ml_trace-610042_b8_k8_isolated,isolated,ours,2,3,iso_sync_ms,615.089869,recorder
20260826-210624_perlmutter_55838841,ours_l01_s2_gate_ml_trace-610042_b8_k8_isolated,isolated,ours,3,0,e2e_ms,68.448029,recorder
20260826-210624_perlmutter_55838841,ours_l01_s2_gate_ml_trace-610042_b8_k8_isolated,isolated,ours,3,1,e2e_ms,68.775009,recorder
20260826-210624_perlmutter_55838841,ours_l01_s2_gate_ml_trace-610042_b8_k8_isolated,isolated,ours,3,2,e2e_ms,69.166656,recorder
20260826-210624_perlmutter_55838841,ours_l01_s2_gate_ml_trace-610042_b8_k8_isolated,isolated,ours,3,3,e2e_ms,72.621277,recorder
20260826-210624_perlmutter_55838841,ours_l01_s2_gate_ml_trace-610042_b8_k8_isolated,isolated,ours,3,0,l0_ms,5.02432,recorder
20260826-210624_perlmutter_55838841,ours_l01_s2_gate_ml_trace-610042_b8_k8_isolated,isolated,ours,3,1,l0_ms,5.748256,recorder
20260826-210624_perlmutter_55838841,ours_l01_s2_gate_ml_trace-610042_b8_k8_isolated,isolated,ours,3,2,l0_ms,5.021472,recorder
20260826-210624_perlmutter_55838841,ours_l01_s2_gate_ml_trace-610042_b8_k8_isolated,isolated,ours,3,3,l0_ms,5.0832,recorder
20260826-210624_perlmutter_55838841,ours_l01_s2_gate_ml_trace-610042_b8_k8_isolated,isolated,ours,3,0,act_ms,0.041056,recorder
20260826-210624_perlmutter_55838841,ours_l01_s2_gate_ml_trace-610042_b8_k8_isolated,isolated,ours,3,1,act_ms,0.040224,recorder
20260826-210624_perlmutter_55838841,ours_l01_s2_gate_ml_trace-610042_b8_k8_isolated,isolated,ours,3,2,act_ms,0.040512,recorder
20260826-210624_perlmutter_55838841,ours_l01_s2_gate_ml_trace-610042_b8_k8_isolated,isolated,ours,3,3,act_ms,0.036896,recorder
20260826-210624_perlmutter_55838841,ours_l01_s2_gate_ml_trace-610042_b8_k8_isolated,isolated,ours,3,0,l1_ms,63.382656,recorder
20260826-210624_perlmutter_55838841,ours_l01_s2_gate_ml_trace-610042_b8_k8_isolated,isolated,ours,3,1,l1_ms,62.986526,recorder
20260826-210624_perlmutter_55838841,ours_l01_s2_gate_ml_trace-610042_b8_k8_isolated,isolated,ours,3,2,l1_ms,64.104675,recorder
20260826-210624_perlmutter_55838841,ours_l01_s2_gate_ml_trace-610042_b8_k8_isolated,isolated,ours,3,3,l1_ms,67.501183,recorder
20260826-210624_perlmutter_55838841,ours_l01_s2_gate_ml_trace-610042_b8_k8_isolated,isolated,ours,3,0,plan_comm_ms,0.646816,recorder
20260826-210624_perlmutter_55838841,ours_l01_s2_gate_ml_trace-610042_b8_k8_isolated,isolated,ours,3,1,plan_comm_ms,0.50464,recorder
20260826-210624_perlmutter_55838841,ours_l01_s2_gate_ml_trace-610042_b8_k8_isolated,isolated,ours,3,2,plan_comm_ms,0.419296,recorder
20260826-210624_perlmutter_55838841,ours_l01_s2_gate_ml_trace-610042_b8_k8_isolated,isolated,ours,3,3,plan_comm_ms,0.730464,recorder
20260826-210624_perlmutter_55838841,ours_l01_s2_gate_ml_trace-610042_b8_k8_isolated,isolated,ours,3,0,place_ms,1624.711304,recorder
20260826-210624_perlmutter_55838841,ours_l01_s2_gate_ml_trace-610042_b8_k8_isolated,isolated,ours,3,1,place_ms,1540.165771,recorder
20260826-210624_perlmutter_55838841,ours_l01_s2_gate_ml_trace-610042_b8_k8_isolated,isolated,ours,3,2,place_ms,1510.45105,recorder
20260826-210624_perlmutter_55838841,ours_l01_s2_gate_ml_trace-610042_b8_k8_isolated,isolated,ours,3,3,place_ms,1519.110474,recorder
20260826-210624_perlmutter_55838841,ours_l01_s2_gate_ml_trace-610042_b8_k8_isolated,isolated,ours,3,0,plan_ms,9.423872,recorder
20260826-210624_perlmutter_55838841,ours_l01_s2_gate_ml_trace-610042_b8_k8_isolated,isolated,ours,3,1,plan_ms,9.13152,recorder
20260826-210624_perlmutter_55838841,ours_l01_s2_gate_ml_trace-610042_b8_k8_isolated,isolated,ours,3,2,plan_ms,9.94496,recorder
20260826-210624_perlmutter_55838841,ours_l01_s2_gate_ml_trace-610042_b8_k8_isolated,isolated,ours,3,3,plan_ms,10.003744,recorder
20260826-210624_perlmutter_55838841,ours_l01_s2_gate_ml_trace-610042_b8_k8_isolated,isolated,ours,3,0,total_ms,1703.245239,recorder
20260826-210624_perlmutter_55838841,ours_l01_s2_gate_ml_trace-610042_b8_k8_isolated,isolated,ours,3,1,total_ms,1618.591064,recorder
20260826-210624_perlmutter_55838841,ours_l01_s2_gate_ml_trace-610042_b8_k8_isolated,isolated,ours,3,2,total_ms,1589.996094,recorder
20260826-210624_perlmutter_55838841,ours_l01_s2_gate_ml_trace-610042_b8_k8_isolated,isolated,ours,3,3,total_ms,1602.481201,recorder
20260826-210624_perlmutter_55838841,ours_l01_s2_gate_ml_trace-610042_b8_k8_isolated,isolated,ours,3,0,iso_sync_ms,1246.672577,recorder
20260826-210624_perlmutter_55838841,ours_l01_s2_gate_ml_trace-610042_b8_k8_isolated,isolated,ours,3,1,iso_sync_ms,1100.267142,recorder
20260826-210624_perlmutter_55838841,ours_l01_s2_gate_ml_trace-610042_b8_k8_isolated,isolated,ours,3,2,iso_sync_ms,1094.232195,recorder
20260826-210624_perlmutter_55838841,ours_l01_s2_gate_ml_trace-610042_b8_k8_isolated,isolated,ours,3,3,iso_sync_ms,1055.730044,recorder
20260826-210624_perlmutter_55838841,ours_l01_s2_gate_ml_trace-610042_b8_k8_isolated,isolated,ours,4,0,e2e_ms,68.533409,recorder
20260826-210624_perlmutter_55838841,ours_l01_s2_gate_ml_trace-610042_b8_k8_isolated,isolated,ours,4,1,e2e_ms,69.026909,recorder
20260826-210624_perlmutter_55838841,ours_l01_s2_gate_ml_trace-610042_b8_k8_isolated,isolated,ours,4,2,e2e_ms,69.196899,recorder
20260826-210624_perlmutter_55838841,ours_l01_s2_gate_ml_trace-610042_b8_k8_isolated,isolated,ours,4,3,e2e_ms,72.625053,recorder
20260826-210624_perlmutter_55838841,ours_l01_s2_gate_ml_trace-610042_b8_k8_isolated,isolated,ours,4,0,l0_ms,5.164704,recorder
20260826-210624_perlmutter_55838841,ours_l01_s2_gate_ml_trace-610042_b8_k8_isolated,isolated,ours,4,1,l0_ms,6.184384,recorder
20260826-210624_perlmutter_55838841,ours_l01_s2_gate_ml_trace-610042_b8_k8_isolated,isolated,ours,4,2,l0_ms,5.069952,recorder
20260826-210624_perlmutter_55838841,ours_l01_s2_gate_ml_trace-610042_b8_k8_isolated,isolated,ours,4,3,l0_ms,5.107488,recorder
20260826-210624_perlmutter_55838841,ours_l01_s2_gate_ml_trace-610042_b8_k8_isolated,isolated,ours,4,0,act_ms,0.040288,recorder
20260826-210624_perlmutter_55838841,ours_l01_s2_gate_ml_trace-610042_b8_k8_isolated,isolated,ours,4,1,act_ms,0.039136,recorder
20260826-210624_perlmutter_55838841,ours_l01_s2_gate_ml_trace-610042_b8_k8_isolated,isolated,ours,4,2,act_ms,0.047584,recorder
20260826-210624_perlmutter_55838841,ours_l01_s2_gate_ml_trace-610042_b8_k8_isolated,isolated,ours,4,3,act_ms,0.050912,recorder
20260826-210624_perlmutter_55838841,ours_l01_s2_gate_ml_trace-610042_b8_k8_isolated,isolated,ours,4,0,l1_ms,63.328415,recorder
20260826-210624_perlmutter_55838841,ours_l01_s2_gate_ml_trace-610042_b8_k8_isolated,isolated,ours,4,1,l1_ms,62.803391,recorder
20260826-210624_perlmutter_55838841,ours_l01_s2_gate_ml_trace-610042_b8_k8_isolated,isolated,ours,4,2,l1_ms,64.079361,recorder
20260826-210624_perlmutter_55838841,ours_l01_s2_gate_ml_trace-610042_b8_k8_isolated,isolated,ours,4,3,l1_ms,67.46666,recorder
20260826-210624_perlmutter_55838841,ours_l01_s2_gate_ml_trace-610042_b8_k8_isolated,isolated,ours,4,0,plan_comm_ms,1.000064,recorder
20260826-210624_perlmutter_55838841,ours_l01_s2_gate_ml_trace-610042_b8_k8_isolated,isolated,ours,4,1,plan_comm_ms,0.696704,recorder
20260826-210624_perlmutter_55838841,ours_l01_s2_gate_ml_trace-610042_b8_k8_isolated,isolated,ours,4,2,plan_comm_ms,0.581824,recorder
20260826-210624_perlmutter_55838841,ours_l01_s2_gate_ml_trace-610042_b8_k8_isolated,isolated,ours,4,3,plan_comm_ms,0.688608,recorder
20260826-210624_perlmutter_55838841,ours_l01_s2_gate_ml_trace-610042_b8_k8_isolated,isolated,ours,4,0,place_ms,1628.030884,recorder
20260826-210624_perlmutter_55838841,ours_l01_s2_gate_ml_trace-610042_b8_k8_isolated,isolated,ours,4,1,place_ms,1546.307129,recorder
20260826-210624_perlmutter_55838841,ours_l01_s2_gate_ml_trace-610042_b8_k8_isolated,isolated,ours,4,2,place_ms,1515.499878,recorder
20260826-210624_perlmutter_55838841,ours_l01_s2_gate_ml_trace-610042_b8_k8_isolated,isolated,ours,4,3,place_ms,1524.032227,recorder
20260826-210624_perlmutter_55838841,ours_l01_s2_gate_ml_trace-610042_b8_k8_isolated,isolated,ours,4,0,plan_ms,6.025664,recorder
20260826-210624_perlmutter_55838841,ours_l01_s2_gate_ml_trace-610042_b8_k8_isolated,isolated,ours,4,1,plan_ms,2.729856,recorder
20260826-210624_perlmutter_55838841,ours_l01_s2_gate_ml_trace-610042_b8_k8_isolated,isolated,ours,4,2,plan_ms,4.865632,recorder
20260826-210624_perlmutter_55838841,ours_l01_s2_gate_ml_trace-610042_b8_k8_isolated,isolated,ours,4,3,plan_ms,5.031104,recorder
20260826-210624_perlmutter_55838841,ours_l01_s2_gate_ml_trace-610042_b8_k8_isolated,isolated,ours,4,0,total_ms,1703.604858,recorder
20260826-210624_perlmutter_55838841,ours_l01_s2_gate_ml_trace-610042_b8_k8_isolated,isolated,ours,4,1,total_ms,1618.779419,recorder
20260826-210624_perlmutter_55838841,ours_l01_s2_gate_ml_trace-610042_b8_k8_isolated,isolated,ours,4,2,total_ms,1590.159302,recorder
20260826-210624_perlmutter_55838841,ours_l01_s2_gate_ml_trace-610042_b8_k8_isolated,isolated,ours,4,3,total_ms,1602.390503,recorder
20260826-210624_perlmutter_55838841,ours_l01_s2_gate_ml_trace-610042_b8_k8_isolated,isolated,ours,4,0,iso_sync_ms,925.899873,recorder
20260826-210624_perlmutter_55838841,ours_l01_s2_gate_ml_trace-610042_b8_k8_isolated,isolated,ours,4,1,iso_sync_ms,840.832664,recorder
20260826-210624_perlmutter_55838841,ours_l01_s2_gate_ml_trace-610042_b8_k8_isolated,isolated,ours,4,2,iso_sync_ms,814.036168,recorder
20260826-210624_perlmutter_55838841,ours_l01_s2_gate_ml_trace-610042_b8_k8_isolated,isolated,ours,4,3,iso_sync_ms,850.604543,recorder
20260826-210624_perlmutter_55838841,ours_l01_s2_gate_ml_trace-610042_b8_k8_isolated,isolated,ours,5,0,e2e_ms,68.718369,recorder
20260826-210624_perlmutter_55838841,ours_l01_s2_gate_ml_trace-610042_b8_k8_isolated,isolated,ours,5,1,e2e_ms,69.031235,recorder
20260826-210624_perlmutter_55838841,ours_l01_s2_gate_ml_trace-610042_b8_k8_isolated,isolated,ours,5,2,e2e_ms,69.249763,recorder
20260826-210624_perlmutter_55838841,ours_l01_s2_gate_ml_trace-610042_b8_k8_isolated,isolated,ours,5,3,e2e_ms,72.64064,recorder
20260826-210624_perlmutter_55838841,ours_l01_s2_gate_ml_trace-610042_b8_k8_isolated,isolated,ours,5,0,l0_ms,5.323136,recorder
20260826-210624_perlmutter_55838841,ours_l01_s2_gate_ml_trace-610042_b8_k8_isolated,isolated,ours,5,1,l0_ms,6.042464,recorder
20260826-210624_perlmutter_55838841,ours_l01_s2_gate_ml_trace-610042_b8_k8_isolated,isolated,ours,5,2,l0_ms,5.164256,recorder
20260826-210624_perlmutter_55838841,ours_l01_s2_gate_ml_trace-610042_b8_k8_isolated,isolated,ours,5,3,l0_ms,5.186496,recorder
20260826-210624_perlmutter_55838841,ours_l01_s2_gate_ml_trace-610042_b8_k8_isolated,isolated,ours,5,0,act_ms,0.042432,recorder
20260826-210624_perlmutter_55838841,ours_l01_s2_gate_ml_trace-610042_b8_k8_isolated,isolated,ours,5,1,act_ms,0.045248,recorder
20260826-210624_perlmutter_55838841,ours_l01_s2_gate_ml_trace-610042_b8_k8_isolated,isolated,ours,5,2,act_ms,0.048864,recorder
20260826-210624_perlmutter_55838841,ours_l01_s2_gate_ml_trace-610042_b8_k8_isolated,isolated,ours,5,3,act_ms,0.045536,recorder
20260826-210624_perlmutter_55838841,ours_l01_s2_gate_ml_trace-610042_b8_k8_isolated,isolated,ours,5,0,l1_ms,63.352798,recorder
20260826-210624_perlmutter_55838841,ours_l01_s2_gate_ml_trace-610042_b8_k8_isolated,isolated,ours,5,1,l1_ms,62.94352,recorder
20260826-210624_perlmutter_55838841,ours_l01_s2_gate_ml_trace-610042_b8_k8_isolated,isolated,ours,5,2,l1_ms,64.036636,recorder
20260826-210624_perlmutter_55838841,ours_l01_s2_gate_ml_trace-610042_b8_k8_isolated,isolated,ours,5,3,l1_ms,67.408607,recorder
20260826-210624_perlmutter_55838841,ours_l01_s2_gate_ml_trace-610042_b8_k8_isolated,isolated,ours,5,0,plan_comm_ms,1.034048,recorder
20260826-210624_perlmutter_55838841,ours_l01_s2_gate_ml_trace-610042_b8_k8_isolated,isolated,ours,5,1,plan_comm_ms,0.715648,recorder
20260826-210624_perlmutter_55838841,ours_l01_s2_gate_ml_trace-610042_b8_k8_isolated,isolated,ours,5,2,plan_comm_ms,0.597408,recorder
20260826-210624_perlmutter_55838841,ours_l01_s2_gate_ml_trace-610042_b8_k8_isolated,isolated,ours,5,3,plan_comm_ms,0.706304,recorder
20260826-210624_perlmutter_55838841,ours_l01_s2_gate_ml_trace-610042_b8_k8_isolated,isolated,ours,5,0,place_ms,1628.310181,recorder
20260826-210624_perlmutter_55838841,ours_l01_s2_gate_ml_trace-610042_b8_k8_isolated,isolated,ours,5,1,place_ms,1544.056274,recorder
20260826-210624_perlmutter_55838841,ours_l01_s2_gate_ml_trace-610042_b8_k8_isolated,isolated,ours,5,2,place_ms,1514.717896,recorder
20260826-210624_perlmutter_55838841,ours_l01_s2_gate_ml_trace-610042_b8_k8_isolated,isolated,ours,5,3,place_ms,1523.454956,recorder
20260826-210624_perlmutter_55838841,ours_l01_s2_gate_ml_trace-610042_b8_k8_isolated,isolated,ours,5,0,plan_ms,5.556704,recorder
20260826-210624_perlmutter_55838841,ours_l01_s2_gate_ml_trace-610042_b8_k8_isolated,isolated,ours,5,1,plan_ms,4.988672,recorder
20260826-210624_perlmutter_55838841,ours_l01_s2_gate_ml_trace-610042_b8_k8_isolated,isolated,ours,5,2,plan_ms,5.596512,recorder
20260826-210624_perlmutter_55838841,ours_l01_s2_gate_ml_trace-610042_b8_k8_isolated,isolated,ours,5,3,plan_ms,5.600992,recorder
20260826-210624_perlmutter_55838841,ours_l01_s2_gate_ml_trace-610042_b8_k8_isolated,isolated,ours,5,0,total_ms,1703.634277,recorder
20260826-210624_perlmutter_55838841,ours_l01_s2_gate_ml_trace-610042_b8_k8_isolated,isolated,ours,5,1,total_ms,1618.806396,recorder
20260826-210624_perlmutter_55838841,ours_l01_s2_gate_ml_trace-610042_b8_k8_isolated,isolated,ours,5,2,total_ms,1590.175903,recorder
20260826-210624_perlmutter_55838841,ours_l01_s2_gate_ml_trace-610042_b8_k8_isolated,isolated,ours,5,3,total_ms,1602.417114,recorder
20260826-210624_perlmutter_55838841,ours_l01_s2_gate_ml_trace-610042_b8_k8_isolated,isolated,ours,5,0,iso_sync_ms,1048.895773,recorder
20260826-210624_perlmutter_55838841,ours_l01_s2_gate_ml_trace-610042_b8_k8_isolated,isolated,ours,5,1,iso_sync_ms,680.804392,recorder
20260826-210624_perlmutter_55838841,ours_l01_s2_gate_ml_trace-610042_b8_k8_isolated,isolated,ours,5,2,iso_sync_ms,659.990624,recorder
20260826-210624_perlmutter_55838841,ours_l01_s2_gate_ml_trace-610042_b8_k8_isolated,isolated,ours,5,3,iso_sync_ms,723.685054,recorder
20260826-210624_perlmutter_55838841,ours_l01_s2_gate_ml_trace-610042_b8_k8_isolated,isolated,ours,6,0,e2e_ms,68.701088,recorder
20260826-210624_perlmutter_55838841,ours_l01_s2_gate_ml_trace-610042_b8_k8_isolated,isolated,ours,6,1,e2e_ms,69.006973,recorder
20260826-210624_perlmutter_55838841,ours_l01_s2_gate_ml_trace-610042_b8_k8_isolated,isolated,ours,6,2,e2e_ms,69.247169,recorder
20260826-210624_perlmutter_55838841,ours_l01_s2_gate_ml_trace-610042_b8_k8_isolated,isolated,ours,6,3,e2e_ms,72.632286,recorder
20260826-210624_perlmutter_55838841,ours_l01_s2_gate_ml_trace-610042_b8_k8_isolated,isolated,ours,6,0,l0_ms,5.341152,recorder
20260826-210624_perlmutter_55838841,ours_l01_s2_gate_ml_trace-610042_b8_k8_isolated,isolated,ours,6,1,l0_ms,6.18784,recorder
20260826-210624_perlmutter_55838841,ours_l01_s2_gate_ml_trace-610042_b8_k8_isolated,isolated,ours,6,2,l0_ms,5.118272,recorder
20260826-210624_perlmutter_55838841,ours_l01_s2_gate_ml_trace-610042_b8_k8_isolated,isolated,ours,6,3,l0_ms,5.13984,recorder
20260826-210624_perlmutter_55838841,ours_l01_s2_gate_ml_trace-610042_b8_k8_isolated,isolated,ours,6,0,act_ms,0.043936,recorder
20260826-210624_perlmutter_55838841,ours_l01_s2_gate_ml_trace-610042_b8_k8_isolated,isolated,ours,6,1,act_ms,0.041568,recorder
20260826-210624_perlmutter_55838841,ours_l01_s2_gate_ml_trace-610042_b8_k8_isolated,isolated,ours,6,2,act_ms,0.05024,recorder
20260826-210624_perlmutter_55838841,ours_l01_s2_gate_ml_trace-610042_b8_k8_isolated,isolated,ours,6,3,act_ms,0.046368,recorder
20260826-210624_perlmutter_55838841,ours_l01_s2_gate_ml_trace-610042_b8_k8_isolated,isolated,ours,6,0,l1_ms,63.316002,recorder
20260826-210624_perlmutter_55838841,ours_l01_s2_gate_ml_trace-610042_b8_k8_isolated,isolated,ours,6,1,l1_ms,62.777569,recorder
20260826-210624_perlmutter_55838841,ours_l01_s2_gate_ml_trace-610042_b8_k8_isolated,isolated,ours,6,2,l1_ms,64.078659,recorder
20260826-210624_perlmutter_55838841,ours_l01_s2_gate_ml_trace-610042_b8_k8_isolated,isolated,ours,6,3,l1_ms,67.446083,recorder
20260826-210624_perlmutter_55838841,ours_l01_s2_gate_ml_trace-610042_b8_k8_isolated,isolated,ours,6,0,plan_comm_ms,1.072,recorder
20260826-210624_perlmutter_55838841,ours_l01_s2_gate_ml_trace-610042_b8_k8_isolated,isolated,ours,6,1,plan_comm_ms,0.740544,recorder
20260826-210624_perlmutter_55838841,ours_l01_s2_gate_ml_trace-610042_b8_k8_isolated,isolated,ours,6,2,plan_comm_ms,0.612672,recorder
20260826-210624_perlmutter_55838841,ours_l01_s2_gate_ml_trace-610042_b8_k8_isolated,isolated,ours,6,3,plan_comm_ms,0.72928,recorder
20260826-210624_perlmutter_55838841,ours_l01_s2_gate_ml_trace-610042_b8_k8_isolated,isolated,ours,6,0,place_ms,1630.560547,recorder
20260826-210624_perlmutter_55838841,ours_l01_s2_gate_ml_trace-610042_b8_k8_isolated,isolated,ours,6,1,place_ms,1545.01416,recorder
20260826-210624_perlmutter_55838841,ours_l01_s2_gate_ml_trace-610042_b8_k8_isolated,isolated,ours,6,2,place_ms,1514.670044,recorder
20260826-210624_perlmutter_55838841,ours_l01_s2_gate_ml_trace-610042_b8_k8_isolated,isolated,ours,6,3,place_ms,1524.304565,recorder
20260826-210624_perlmutter_55838841,ours_l01_s2_gate_ml_trace-610042_b8_k8_isolated,isolated,ours,6,0,plan_ms,3.32336,recorder
20260826-210624_perlmutter_55838841,ours_l01_s2_gate_ml_trace-610042_b8_k8_isolated,isolated,ours,6,1,plan_ms,4.054464,recorder
20260826-210624_perlmutter_55838841,ours_l01_s2_gate_ml_trace-610042_b8_k8_isolated,isolated,ours,6,2,plan_ms,5.64944,recorder
20260826-210624_perlmutter_55838841,ours_l01_s2_gate_ml_trace-610042_b8_k8_isolated,isolated,ours,6,3,plan_ms,4.752384,recorder
20260826-210624_perlmutter_55838841,ours_l01_s2_gate_ml_trace-610042_b8_k8_isolated,isolated,ours,6,0,total_ms,1703.670654,recorder
20260826-210624_perlmutter_55838841,ours_l01_s2_gate_ml_trace-610042_b8_k8_isolated,isolated,ours,6,1,total_ms,1618.829956,recorder
20260826-210624_perlmutter_55838841,ours_l01_s2_gate_ml_trace-610042_b8_k8_isolated,isolated,ours,6,2,total_ms,1590.193237,recorder
20260826-210624_perlmutter_55838841,ours_l01_s2_gate_ml_trace-610042_b8_k8_isolated,isolated,ours,6,3,total_ms,1602.432007,recorder
20260826-210624_perlmutter_55838841,ours_l01_s2_gate_ml_trace-610042_b8_k8_isolated,isolated,ours,6,0,iso_sync_ms,0.405386,recorder
20260826-210624_perlmutter_55838841,ours_l01_s2_gate_ml_trace-610042_b8_k8_isolated,isolated,ours,6,1,iso_sync_ms,0.393993,recorder
20260826-210624_perlmutter_55838841,ours_l01_s2_gate_ml_trace-610042_b8_k8_isolated,isolated,ours,6,2,iso_sync_ms,0.39264,recorder
20260826-210624_perlmutter_55838841,ours_l01_s2_gate_ml_trace-610042_b8_k8_isolated,isolated,ours,6,3,iso_sync_ms,0.40287,recorder
20260826-210624_perlmutter_55838841,ours_l01_s2_gate_ml_trace-610042_b8_k8_isolated,isolated,ours,7,0,e2e_ms,68.722878,recorder
20260826-210624_perlmutter_55838841,ours_l01_s2_gate_ml_trace-610042_b8_k8_isolated,isolated,ours,7,1,e2e_ms,68.888191,recorder
20260826-210624_perlmutter_55838841,ours_l01_s2_gate_ml_trace-610042_b8_k8_isolated,isolated,ours,7,2,e2e_ms,69.217056,recorder
20260826-210624_perlmutter_55838841,ours_l01_s2_gate_ml_trace-610042_b8_k8_isolated,isolated,ours,7,3,e2e_ms,72.464668,recorder
20260826-210624_perlmutter_55838841,ours_l01_s2_gate_ml_trace-610042_b8_k8_isolated,isolated,ours,7,0,l0_ms,5.424736,recorder
20260826-210624_perlmutter_55838841,ours_l01_s2_gate_ml_trace-610042_b8_k8_isolated,isolated,ours,7,1,l0_ms,5.932352,recorder
20260826-210624_perlmutter_55838841,ours_l01_s2_gate_ml_trace-610042_b8_k8_isolated,isolated,ours,7,2,l0_ms,5.1552,recorder
20260826-210624_perlmutter_55838841,ours_l01_s2_gate_ml_trace-610042_b8_k8_isolated,isolated,ours,7,3,l0_ms,4.975488,recorder
20260826-210624_perlmutter_55838841,ours_l01_s2_gate_ml_trace-610042_b8_k8_isolated,isolated,ours,7,0,act_ms,0.035712,recorder
20260826-210624_perlmutter_55838841,ours_l01_s2_gate_ml_trace-610042_b8_k8_isolated,isolated,ours,7,1,act_ms,0.046016,recorder
20260826-210624_perlmutter_55838841,ours_l01_s2_gate_ml_trace-610042_b8_k8_isolated,isolated,ours,7,2,act_ms,0.03568,recorder
20260826-210624_perlmutter_55838841,ours_l01_s2_gate_ml_trace-610042_b8_k8_isolated,isolated,ours,7,3,act_ms,0.042048,recorder
20260826-210624_perlmutter_55838841,ours_l01_s2_gate_ml_trace-610042_b8_k8_isolated,isolated,ours,7,0,l1_ms,63.262432,recorder
20260826-210624_perlmutter_55838841,ours_l01_s2_gate_ml_trace-610042_b8_k8_isolated,isolated,ours,7,1,l1_ms,62.909824,recorder
20260826-210624_perlmutter_55838841,ours_l01_s2_gate_ml_trace-610042_b8_k8_isolated,isolated,ours,7,2,l1_ms,64.026176,recorder
20260826-210624_perlmutter_55838841,ours_l01_s2_gate_ml_trace-610042_b8_k8_isolated,isolated,ours,7,3,l1_ms,67.447136,recorder
20260826-210624_perlmutter_55838841,ours_l01_s2_gate_ml_trace-610042_b8_k8_isolated,isolated,ours,7,0,plan_comm_ms,1.048,recorder
20260826-210624_perlmutter_55838841,ours_l01_s2_gate_ml_trace-610042_b8_k8_isolated,isolated,ours,7,1,plan_comm_ms,0.58608,recorder
20260826-210624_perlmutter_55838841,ours_l01_s2_gate_ml_trace-610042_b8_k8_isolated,isolated,ours,7,2,plan_comm_ms,0.588192,recorder
20260826-210624_perlmutter_55838841,ours_l01_s2_gate_ml_trace-610042_b8_k8_isolated,isolated,ours,7,3,plan_comm_ms,0.46544,recorder
20260826-210624_perlmutter_55838841,ours_l01_s2_gate_ml_trace-610042_b8_k8_isolated,isolated,ours,7,0,place_ms,1630.054199,recorder
20260826-210624_perlmutter_55838841,ours_l01_s2_gate_ml_trace-610042_b8_k8_isolated,isolated,ours,7,1,place_ms,1545.525879,recorder
20260826-210624_perlmutter_55838841,ours_l01_s2_gate_ml_trace-610042_b8_k8_isolated,isolated,ours,7,2,place_ms,1515.795288,recorder
20260826-210624_perlmutter_55838841,ours_l01_s2_gate_ml_trace-610042_b8_k8_isolated,isolated,ours,7,3,place_ms,1524.53418,recorder
20260826-210624_perlmutter_55838841,ours_l01_s2_gate_ml_trace-610042_b8_k8_isolated,isolated,ours,7,0,plan_ms,3.815584,recorder
20260826-210624_perlmutter_55838841,ours_l01_s2_gate_ml_trace-610042_b8_k8_isolated,isolated,ours,7,1,plan_ms,3.66272,recorder
20260826-210624_perlmutter_55838841,ours_l01_s2_gate_ml_trace-610042_b8_k8_isolated,isolated,ours,7,2,plan_ms,4.555104,recorder
20260826-210624_perlmutter_55838841,ours_l01_s2_gate_ml_trace-610042_b8_k8_isolated,isolated,ours,7,3,plan_ms,4.70752,recorder
20260826-210624_perlmutter_55838841,ours_l01_s2_gate_ml_trace-610042_b8_k8_isolated,isolated,ours,7,0,total_ms,1703.654175,recorder
20260826-210624_perlmutter_55838841,ours_l01_s2_gate_ml_trace-610042_b8_k8_isolated,isolated,ours,7,1,total_ms,1618.676636,recorder
20260826-210624_perlmutter_55838841,ours_l01_s2_gate_ml_trace-610042_b8_k8_isolated,isolated,ours,7,2,total_ms,1590.169556,recorder
20260826-210624_perlmutter_55838841,ours_l01_s2_gate_ml_trace-610042_b8_k8_isolated,isolated,ours,7,3,total_ms,1602.185547,recorder
20260826-210624_perlmutter_55838841,ours_l01_s2_gate_ml_trace-610042_b8_k8_isolated,isolated,ours,7,0,iso_sync_ms,363.21706,recorder
20260826-210624_perlmutter_55838841,ours_l01_s2_gate_ml_trace-610042_b8_k8_isolated,isolated,ours,7,1,iso_sync_ms,397.735343,recorder
20260826-210624_perlmutter_55838841,ours_l01_s2_gate_ml_trace-610042_b8_k8_isolated,isolated,ours,7,2,iso_sync_ms,461.723441,recorder
20260826-210624_perlmutter_55838841,ours_l01_s2_gate_ml_trace-610042_b8_k8_isolated,isolated,ours,7,3,iso_sync_ms,388.664442,recorder
20260826-210624_perlmutter_55838841,ours_l01_s2_gate_ml_trace-610042_b8_k8_isolated,isolated,ours,8,0,e2e_ms,68.676575,recorder
20260826-210624_perlmutter_55838841,ours_l01_s2_gate_ml_trace-610042_b8_k8_isolated,isolated,ours,8,1,e2e_ms,69.016861,recorder
20260826-210624_perlmutter_55838841,ours_l01_s2_gate_ml_trace-610042_b8_k8_isolated,isolated,ours,8,2,e2e_ms,69.198273,recorder
20260826-210624_perlmutter_55838841,ours_l01_s2_gate_ml_trace-610042_b8_k8_isolated,isolated,ours,8,3,e2e_ms,72.378525,recorder
20260826-210624_perlmutter_55838841,ours_l01_s2_gate_ml_trace-610042_b8_k8_isolated,isolated,ours,8,0,l0_ms,5.423936,recorder
20260826-210624_perlmutter_55838841,ours_l01_s2_gate_ml_trace-610042_b8_k8_isolated,isolated,ours,8,1,l0_ms,6.248896,recorder
20260826-210624_perlmutter_55838841,ours_l01_s2_gate_ml_trace-610042_b8_k8_isolated,isolated,ours,8,2,l0_ms,5.126368,recorder
20260826-210624_perlmutter_55838841,ours_l01_s2_gate_ml_trace-610042_b8_k8_isolated,isolated,ours,8,3,l0_ms,4.904704,recorder
20260826-210624_perlmutter_55838841,ours_l01_s2_gate_ml_trace-610042_b8_k8_isolated,isolated,ours,8,0,act_ms,0.041088,recorder
20260826-210624_perlmutter_55838841,ours_l01_s2_gate_ml_trace-610042_b8_k8_isolated,isolated,ours,8,1,act_ms,0.038368,recorder
20260826-210624_perlmutter_55838841,ours_l01_s2_gate_ml_trace-610042_b8_k8_isolated,isolated,ours,8,2,act_ms,0.045152,recorder
20260826-210624_perlmutter_55838841,ours_l01_s2_gate_ml_trace-610042_b8_k8_isolated,isolated,ours,8,3,act_ms,0.044128,recorder
20260826-210624_perlmutter_55838841,ours_l01_s2_gate_ml_trace-610042_b8_k8_isolated,isolated,ours,8,0,l1_ms,63.211552,recorder
20260826-210624_perlmutter_55838841,ours_l01_s2_gate_ml_trace-610042_b8_k8_isolated,isolated,ours,8,1,l1_ms,62.729599,recorder
20260826-210624_perlmutter_55838841,ours_l01_s2_gate_ml_trace-610042_b8_k8_isolated,isolated,ours,8,2,l1_ms,64.026749,recorder
20260826-210624_perlmutter_55838841,ours_l01_s2_gate_ml_trace-610042_b8_k8_isolated,isolated,ours,8,3,l1_ms,67.429695,recorder
20260826-210624_perlmutter_55838841,ours_l01_s2_gate_ml_trace-610042_b8_k8_isolated,isolated,ours,8,0,plan_comm_ms,1.092672,recorder
20260826-210624_perlmutter_55838841,ours_l01_s2_gate_ml_trace-610042_b8_k8_isolated,isolated,ours,8,1,plan_comm_ms,0.767008,recorder
20260826-210624_perlmutter_55838841,ours_l01_s2_gate_ml_trace-610042_b8_k8_isolated,isolated,ours,8,2,plan_comm_ms,0.623616,recorder
20260826-210624_perlmutter_55838841,ours_l01_s2_gate_ml_trace-610042_b8_k8_isolated,isolated,ours,8,3,plan_comm_ms,0.722144,recorder
20260826-210624_perlmutter_55838841,ours_l01_s2_gate_ml_trace-610042_b8_k8_isolated,isolated,ours,8,0,place_ms,1631.083374,recorder
20260826-210624_perlmutter_55838841,ours_l01_s2_gate_ml_trace-610042_b8_k8_isolated,isolated,ours,8,1,place_ms,1545.597534,recorder
20260826-210624_perlmutter_55838841,ours_l01_s2_gate_ml_trace-610042_b8_k8_isolated,isolated,ours,8,2,place_ms,1517.272827,recorder
20260826-210624_perlmutter_55838841,ours_l01_s2_gate_ml_trace-610042_b8_k8_isolated,isolated,ours,8,3,place_ms,1526.480713,recorder
20260826-210624_perlmutter_55838841,ours_l01_s2_gate_ml_trace-610042_b8_k8_isolated,isolated,ours,8,0,plan_ms,2.825824,recorder
20260826-210624_perlmutter_55838841,ours_l01_s2_gate_ml_trace-610042_b8_k8_isolated,isolated,ours,8,1,plan_ms,3.450624,recorder
20260826-210624_perlmutter_55838841,ours_l01_s2_gate_ml_trace-610042_b8_k8_isolated,isolated,ours,8,2,plan_ms,3.090016,recorder
20260826-210624_perlmutter_55838841,ours_l01_s2_gate_ml_trace-610042_b8_k8_isolated,isolated,ours,8,3,plan_ms,2.828608,recorder
20260826-210624_perlmutter_55838841,ours_l01_s2_gate_ml_trace-610042_b8_k8_isolated,isolated,ours,8,0,total_ms,1703.692627,recorder
20260826-210624_perlmutter_55838841,ours_l01_s2_gate_ml_trace-610042_b8_k8_isolated,isolated,ours,8,1,total_ms,1618.845459,recorder
20260826-210624_perlmutter_55838841,ours_l01_s2_gate_ml_trace-610042_b8_k8_isolated,isolated,ours,8,2,total_ms,1590.19751,recorder
20260826-210624_perlmutter_55838841,ours_l01_s2_gate_ml_trace-610042_b8_k8_isolated,isolated,ours,8,3,total_ms,1602.422974,recorder
20260826-210624_perlmutter_55838841,ours_l01_s2_gate_ml_trace-610042_b8_k8_isolated,isolated,ours,8,0,iso_sync_ms,308.738293,recorder
20260826-210624_perlmutter_55838841,ours_l01_s2_gate_ml_trace-610042_b8_k8_isolated,isolated,ours,8,1,iso_sync_ms,188.059709,recorder
20260826-210624_perlmutter_55838841,ours_l01_s2_gate_ml_trace-610042_b8_k8_isolated,isolated,ours,8,2,iso_sync_ms,187.959215,recorder
20260826-210624_perlmutter_55838841,ours_l01_s2_gate_ml_trace-610042_b8_k8_isolated,isolated,ours,8,3,iso_sync_ms,186.564665,recorder
20260826-210624_perlmutter_55838841,ours_l01_s2_gate_ml_trace-610042_b8_k8_isolated,isolated,ours,9,0,e2e_ms,68.72493,recorder
20260826-210624_perlmutter_55838841,ours_l01_s2_gate_ml_trace-610042_b8_k8_isolated,isolated,ours,9,1,e2e_ms,69.040001,recorder
20260826-210624_perlmutter_55838841,ours_l01_s2_gate_ml_trace-610042_b8_k8_isolated,isolated,ours,9,2,e2e_ms,69.220772,recorder
20260826-210624_perlmutter_55838841,ours_l01_s2_gate_ml_trace-610042_b8_k8_isolated,isolated,ours,9,3,e2e_ms,72.628769,recorder
20260826-210624_perlmutter_55838841,ours_l01_s2_gate_ml_trace-610042_b8_k8_isolated,isolated,ours,9,0,l0_ms,5.369888,recorder
20260826-210624_perlmutter_55838841,ours_l01_s2_gate_ml_trace-610042_b8_k8_isolated,isolated,ours,9,1,l0_ms,6.060864,recorder
20260826-210624_perlmutter_55838841,ours_l01_s2_gate_ml_trace-610042_b8_k8_isolated,isolated,ours,9,2,l0_ms,5.226112,recorder
20260826-210624_perlmutter_55838841,ours_l01_s2_gate_ml_trace-610042_b8_k8_isolated,isolated,ours,9,3,l0_ms,5.227008,recorder
20260826-210624_perlmutter_55838841,ours_l01_s2_gate_ml_trace-610042_b8_k8_isolated,isolated,ours,9,0,act_ms,0.039104,recorder
20260826-210624_perlmutter_55838841,ours_l01_s2_gate_ml_trace-610042_b8_k8_isolated,isolated,ours,9,1,act_ms,0.0392,recorder
20260826-210624_perlmutter_55838841,ours_l01_s2_gate_ml_trace-610042_b8_k8_isolated,isolated,ours,9,2,act_ms,0.045792,recorder
20260826-210624_perlmutter_55838841,ours_l01_s2_gate_ml_trace-610042_b8_k8_isolated,isolated,ours,9,3,act_ms,0.042592,recorder
20260826-210624_perlmutter_55838841,ours_l01_s2_gate_ml_trace-610042_b8_k8_isolated,isolated,ours,9,0,l1_ms,63.315937,recorder
20260826-210624_perlmutter_55838841,ours_l01_s2_gate_ml_trace-610042_b8_k8_isolated,isolated,ours,9,1,l1_ms,62.939938,recorder
20260826-210624_perlmutter_55838841,ours_l01_s2_gate_ml_trace-610042_b8_k8_isolated,isolated,ours,9,2,l1_ms,63.948864,recorder
20260826-210624_perlmutter_55838841,ours_l01_s2_gate_ml_trace-610042_b8_k8_isolated,isolated,ours,9,3,l1_ms,67.359169,recorder
20260826-210624_perlmutter_55838841,ours_l01_s2_gate_ml_trace-610042_b8_k8_isolated,isolated,ours,9,0,plan_comm_ms,1.086976,recorder
20260826-210624_perlmutter_55838841,ours_l01_s2_gate_ml_trace-610042_b8_k8_isolated,isolated,ours,9,1,plan_comm_ms,0.7744,recorder
20260826-210624_perlmutter_55838841,ours_l01_s2_gate_ml_trace-610042_b8_k8_isolated,isolated,ours,9,2,plan_comm_ms,0.644768,recorder
20260826-210624_perlmutter_55838841,ours_l01_s2_gate_ml_trace-610042_b8_k8_isolated,isolated,ours,9,3,plan_comm_ms,0.765024,recorder
20260826-210624_perlmutter_55838841,ours_l01_s2_gate_ml_trace-610042_b8_k8_isolated,isolated,ours,9,0,place_ms,1628.710693,recorder
20260826-210624_perlmutter_55838841,ours_l01_s2_gate_ml_trace-610042_b8_k8_isolated,isolated,ours,9,1,place_ms,1544.38269,recorder
20260826-210624_perlmutter_55838841,ours_l01_s2_gate_ml_trace-610042_b8_k8_isolated,isolated,ours,9,2,place_ms,1514.148193,recorder
20260826-210624_perlmutter_55838841,ours_l01_s2_gate_ml_trace-610042_b8_k8_isolated,isolated,ours,9,3,place_ms,1524.401123,recorder
20260826-210624_perlmutter_55838841,ours_l01_s2_gate_ml_trace-610042_b8_k8_isolated,isolated,ours,9,0,plan_ms,5.144896,recorder
20260826-210624_perlmutter_55838841,ours_l01_s2_gate_ml_trace-610042_b8_k8_isolated,isolated,ours,9,1,plan_ms,4.656864,recorder
20260826-210624_perlmutter_55838841,ours_l01_s2_gate_ml_trace-610042_b8_k8_isolated,isolated,ours,9,2,plan_ms,6.205568,recorder
20260826-210624_perlmutter_55838841,ours_l01_s2_gate_ml_trace-610042_b8_k8_isolated,isolated,ours,9,3,plan_ms,4.677376,recorder
20260826-210624_perlmutter_55838841,ours_l01_s2_gate_ml_trace-610042_b8_k8_isolated,isolated,ours,9,0,total_ms,1703.681274,recorder
20260826-210624_perlmutter_55838841,ours_l01_s2_gate_ml_trace-610042_b8_k8_isolated,isolated,ours,9,1,total_ms,1618.868652,recorder
20260826-210624_perlmutter_55838841,ours_l01_s2_gate_ml_trace-610042_b8_k8_isolated,isolated,ours,9,2,total_ms,1590.231567,recorder
20260826-210624_perlmutter_55838841,ours_l01_s2_gate_ml_trace-610042_b8_k8_isolated,isolated,ours,9,3,total_ms,1602.486938,recorder
20260826-210624_perlmutter_55838841,ours_l01_s2_gate_ml_trace-610042_b8_k8_isolated,isolated,ours,9,0,iso_sync_ms,129.430092,recorder
20260826-210624_perlmutter_55838841,ours_l01_s2_gate_ml_trace-610042_b8_k8_isolated,isolated,ours,9,1,iso_sync_ms,2.348435,recorder
20260826-210624_perlmutter_55838841,ours_l01_s2_gate_ml_trace-610042_b8_k8_isolated,isolated,ours,9,2,iso_sync_ms,1.151158,recorder
20260826-210624_perlmutter_55838841,ours_l01_s2_gate_ml_trace-610042_b8_k8_isolated,isolated,ours,9,3,iso_sync_ms,8.976647,recorder
20260826-210624_perlmutter_55838841,ours_l01_s2_gate_ml_trace-610042_b8_k8_isolated,isolated,ours,10,0,e2e_ms,68.732735,recorder
20260826-210624_perlmutter_55838841,ours_l01_s2_gate_ml_trace-610042_b8_k8_isolated,isolated,ours,10,1,e2e_ms,69.029343,recorder
20260826-210624_perlmutter_55838841,ours_l01_s2_gate_ml_trace-610042_b8_k8_isolated,isolated,ours,10,2,e2e_ms,69.216576,recorder
20260826-210624_perlmutter_55838841,ours_l01_s2_gate_ml_trace-610042_b8_k8_isolated,isolated,ours,10,3,e2e_ms,72.517021,recorder
20260826-210624_perlmutter_55838841,ours_l01_s2_gate_ml_trace-610042_b8_k8_isolated,isolated,ours,10,0,l0_ms,5.407424,recorder
20260826-210624_perlmutter_55838841,ours_l01_s2_gate_ml_trace-610042_b8_k8_isolated,isolated,ours,10,1,l0_ms,6.231648,recorder
20260826-210624_perlmutter_55838841,ours_l01_s2_gate_ml_trace-610042_b8_k8_isolated,isolated,ours,10,2,l0_ms,5.099552,recorder
20260826-210624_perlmutter_55838841,ours_l01_s2_gate_ml_trace-610042_b8_k8_isolated,isolated,ours,10,3,l0_ms,5.194752,recorder
20260826-210624_perlmutter_55838841,ours_l01_s2_gate_ml_trace-610042_b8_k8_isolated,isolated,ours,10,0,act_ms,0.04176,recorder
20260826-210624_perlmutter_55838841,ours_l01_s2_gate_ml_trace-610042_b8_k8_isolated,isolated,ours,10,1,act_ms,0.042496,recorder
20260826-210624_perlmutter_55838841,ours_l01_s2_gate_ml_trace-610042_b8_k8_isolated,isolated,ours,10,2,act_ms,0.040288,recorder
20260826-210624_perlmutter_55838841,ours_l01_s2_gate_ml_trace-610042_b8_k8_isolated,isolated,ours,10,3,act_ms,0.04576,recorder
20260826-210624_perlmutter_55838841,ours_l01_s2_gate_ml_trace-610042_b8_k8_isolated,isolated,ours,10,0,l1_ms,63.28355,recorder
20260826-210624_perlmutter_55838841,ours_l01_s2_gate_ml_trace-610042_b8_k8_isolated,isolated,ours,10,1,l1_ms,62.755199,recorder
20260826-210624_perlmutter_55838841,ours_l01_s2_gate_ml_trace-610042_b8_k8_isolated,isolated,ours,10,2,l1_ms,64.076736,recorder
20260826-210624_perlmutter_55838841,ours_l01_s2_gate_ml_trace-610042_b8_k8_isolated,isolated,ours,10,3,l1_ms,67.276512,recorder
20260826-210624_perlmutter_55838841,ours_l01_s2_gate_ml_trace-610042_b8_k8_isolated,isolated,ours,10,0,plan_comm_ms,1.086496,recorder
20260826-210624_perlmutter_55838841,ours_l01_s2_gate_ml_trace-610042_b8_k8_isolated,isolated,ours,10,1,plan_comm_ms,0.75184,recorder
20260826-210624_perlmutter_55838841,ours_l01_s2_gate_ml_trace-610042_b8_k8_isolated,isolated,ours,10,2,plan_comm_ms,0.619168,recorder
20260826-210624_perlmutter_55838841,ours_l01_s2_gate_ml_trace-610042_b8_k8_isolated,isolated,ours,10,3,plan_comm_ms,0.653952,recorder
20260826-210624_perlmutter_55838841,ours_l01_s2_gate_ml_trace-610042_b8_k8_isolated,isolated,ours,10,0,place_ms,1629.854736,recorder
20260826-210624_perlmutter_55838841,ours_l01_s2_gate_ml_trace-610042_b8_k8_isolated,isolated,ours,10,1,place_ms,1543.876587,recorder
20260826-210624_perlmutter_55838841,ours_l01_s2_gate_ml_trace-610042_b8_k8_isolated,isolated,ours,10,2,place_ms,1514.101196,recorder
20260826-210624_perlmutter_55838841,ours_l01_s2_gate_ml_trace-610042_b8_k8_isolated,isolated,ours,10,3,place_ms,1527.48291,recorder
20260826-210624_perlmutter_55838841,ours_l01_s2_gate_ml_trace-610042_b8_k8_isolated,isolated,ours,10,0,plan_ms,3.988608,recorder
20260826-210624_perlmutter_55838841,ours_l01_s2_gate_ml_trace-610042_b8_k8_isolated,isolated,ours,10,1,plan_ms,5.182688,recorder
20260826-210624_perlmutter_55838841,ours_l01_s2_gate_ml_trace-610042_b8_k8_isolated,isolated,ours,10,2,plan_ms,6.259232,recorder
20260826-210624_perlmutter_55838841,ours_l01_s2_gate_ml_trace-610042_b8_k8_isolated,isolated,ours,10,3,plan_ms,1.705888,recorder
20260826-210624_perlmutter_55838841,ours_l01_s2_gate_ml_trace-610042_b8_k8_isolated,isolated,ours,10,0,total_ms,1703.678467,recorder
20260826-210624_perlmutter_55838841,ours_l01_s2_gate_ml_trace-610042_b8_k8_isolated,isolated,ours,10,1,total_ms,1618.854614,recorder
20260826-210624_perlmutter_55838841,ours_l01_s2_gate_ml_trace-610042_b8_k8_isolated,isolated,ours,10,2,total_ms,1590.215088,recorder
20260826-210624_perlmutter_55838841,ours_l01_s2_gate_ml_trace-610042_b8_k8_isolated,isolated,ours,10,3,total_ms,1602.376465,recorder
20260826-210624_perlmutter_55838841,ours_l01_s2_gate_ml_trace-610042_b8_k8_isolated,isolated,ours,10,0,iso_sync_ms,733.440245,recorder
20260826-210624_perlmutter_55838841,ours_l01_s2_gate_ml_trace-610042_b8_k8_isolated,isolated,ours,10,1,iso_sync_ms,870.978771,recorder
20260826-210624_perlmutter_55838841,ours_l01_s2_gate_ml_trace-610042_b8_k8_isolated,isolated,ours,10,2,iso_sync_ms,888.108465,recorder
20260826-210624_perlmutter_55838841,ours_l01_s2_gate_ml_trace-610042_b8_k8_isolated,isolated,ours,10,3,iso_sync_ms,862.234714,recorder
20260826-210624_perlmutter_55838841,ours_l01_s2_gate_ml_trace-610042_b8_k8_isolated,isolated,ours,11,0,e2e_ms,68.609695,recorder
20260826-210624_perlmutter_55838841,ours_l01_s2_gate_ml_trace-610042_b8_k8_isolated,isolated,ours,11,1,e2e_ms,68.969505,recorder
20260826-210624_perlmutter_55838841,ours_l01_s2_gate_ml_trace-610042_b8_k8_isolated,isolated,ours,11,2,e2e_ms,69.158592,recorder
20260826-210624_perlmutter_55838841,ours_l01_s2_gate_ml_trace-610042_b8_k8_isolated,isolated,ours,11,3,e2e_ms,72.680801,recorder
20260826-210624_perlmutter_55838841,ours_l01_s2_gate_ml_trace-610042_b8_k8_isolated,isolated,ours,11,0,l0_ms,5.342944,recorder
20260826-210624_perlmutter_55838841,ours_l01_s2_gate_ml_trace-610042_b8_k8_isolated,isolated,ours,11,1,l0_ms,6.049504,recorder
20260826-210624_perlmutter_55838841,ours_l01_s2_gate_ml_trace-610042_b8_k8_isolated,isolated,ours,11,2,l0_ms,5.15008,recorder
20260826-210624_perlmutter_55838841,ours_l01_s2_gate_ml_trace-610042_b8_k8_isolated,isolated,ours,11,3,l0_ms,5.388896,recorder
20260826-210624_perlmutter_55838841,ours_l01_s2_gate_ml_trace-610042_b8_k8_isolated,isolated,ours,11,0,act_ms,0.037952,recorder
20260826-210624_perlmutter_55838841,ours_l01_s2_gate_ml_trace-610042_b8_k8_isolated,isolated,ours,11,1,act_ms,0.036992,recorder
20260826-210624_perlmutter_55838841,ours_l01_s2_gate_ml_trace-610042_b8_k8_isolated,isolated,ours,11,2,act_ms,0.036288,recorder
20260826-210624_perlmutter_55838841,ours_l01_s2_gate_ml_trace-610042_b8_k8_isolated,isolated,ours,11,3,act_ms,0.045824,recorder
20260826-210624_perlmutter_55838841,ours_l01_s2_gate_ml_trace-610042_b8_k8_isolated,isolated,ours,11,0,l1_ms,63.228802,recorder
20260826-210624_perlmutter_55838841,ours_l01_s2_gate_ml_trace-610042_b8_k8_isolated,isolated,ours,11,1,l1_ms,62.883007,recorder
20260826-210624_perlmutter_55838841,ours_l01_s2_gate_ml_trace-610042_b8_k8_isolated,isolated,ours,11,2,l1_ms,63.972225,recorder
20260826-210624_perlmutter_55838841,ours_l01_s2_gate_ml_trace-610042_b8_k8_isolated,isolated,ours,11,3,l1_ms,67.246078,recorder
20260826-210624_perlmutter_55838841,ours_l01_s2_gate_ml_trace-610042_b8_k8_isolated,isolated,ours,11,0,plan_comm_ms,1.086656,recorder
20260826-210624_perlmutter_55838841,ours_l01_s2_gate_ml_trace-610042_b8_k8_isolated,isolated,ours,11,1,plan_comm_ms,0.761792,recorder
20260826-210624_perlmutter_55838841,ours_l01_s2_gate_ml_trace-610042_b8_k8_isolated,isolated,ours,11,2,plan_comm_ms,0.614976,recorder
20260826-210624_perlmutter_55838841,ours_l01_s2_gate_ml_trace-610042_b8_k8_isolated,isolated,ours,11,3,plan_comm_ms,0.74128,recorder
20260826-210624_perlmutter_55838841,ours_l01_s2_gate_ml_trace-610042_b8_k8_isolated,isolated,ours,11,0,place_ms,1632.246216,recorder
20260826-210624_perlmutter_55838841,ours_l01_s2_gate_ml_trace-610042_b8_k8_isolated,isolated,ours,11,1,place_ms,1547.464844,recorder
20260826-210624_perlmutter_55838841,ours_l01_s2_gate_ml_trace-610042_b8_k8_isolated,isolated,ours,11,2,place_ms,1518.750488,recorder
20260826-210624_perlmutter_55838841,ours_l01_s2_gate_ml_trace-610042_b8_k8_isolated,isolated,ours,11,3,place_ms,1525.973755,recorder
20260826-210624_perlmutter_55838841,ours_l01_s2_gate_ml_trace-610042_b8_k8_isolated,isolated,ours,11,0,plan_ms,1.732416,recorder
20260826-210624_perlmutter_55838841,ours_l01_s2_gate_ml_trace-610042_b8_k8_isolated,isolated,ours,11,1,plan_ms,1.638176,recorder
20260826-210624_perlmutter_55838841,ours_l01_s2_gate_ml_trace-610042_b8_k8_isolated,isolated,ours,11,2,plan_ms,1.635744,recorder
20260826-210624_perlmutter_55838841,ours_l01_s2_gate_ml_trace-610042_b8_k8_isolated,isolated,ours,11,3,plan_ms,3.074368,recorder
20260826-210624_perlmutter_55838841,ours_l01_s2_gate_ml_trace-610042_b8_k8_isolated,isolated,ours,11,0,total_ms,1703.689697,recorder
20260826-210624_perlmutter_55838841,ours_l01_s2_gate_ml_trace-610042_b8_k8_isolated,isolated,ours,11,1,total_ms,1618.847656,recorder
20260826-210624_perlmutter_55838841,ours_l01_s2_gate_ml_trace-610042_b8_k8_isolated,isolated,ours,11,2,total_ms,1590.174805,recorder
20260826-210624_perlmutter_55838841,ours_l01_s2_gate_ml_trace-610042_b8_k8_isolated,isolated,ours,11,3,total_ms,1602.484619,recorder
20260826-210624_perlmutter_55838841,ours_l01_s2_gate_ml_trace-610042_b8_k8_isolated,isolated,ours,11,0,iso_sync_ms,898.50064,recorder
20260826-210624_perlmutter_55838841,ours_l01_s2_gate_ml_trace-610042_b8_k8_isolated,isolated,ours,11,1,iso_sync_ms,798.418841,recorder
20260826-210624_perlmutter_55838841,ours_l01_s2_gate_ml_trace-610042_b8_k8_isolated,isolated,ours,11,2,iso_sync_ms,825.93572,recorder
20260826-210624_perlmutter_55838841,ours_l01_s2_gate_ml_trace-610042_b8_k8_isolated,isolated,ours,11,3,iso_sync_ms,828.889616,recorder
20260826-210624_perlmutter_55838841,ours_l01_s2_gate_ml_trace-610042_b8_k8_isolated,isolated,ours,12,0,e2e_ms,68.693764,recorder
20260826-210624_perlmutter_55838841,ours_l01_s2_gate_ml_trace-610042_b8_k8_isolated,isolated,ours,12,1,e2e_ms,69.00531,recorder
20260826-210624_perlmutter_55838841,ours_l01_s2_gate_ml_trace-610042_b8_k8_isolated,isolated,ours,12,2,e2e_ms,69.160004,recorder
20260826-210624_perlmutter_55838841,ours_l01_s2_gate_ml_trace-610042_b8_k8_isolated,isolated,ours,12,3,e2e_ms,72.543617,recorder
20260826-210624_perlmutter_55838841,ours_l01_s2_gate_ml_trace-610042_b8_k8_isolated,isolated,ours,12,0,l0_ms,5.4992,recorder
20260826-210624_perlmutter_55838841,ours_l01_s2_gate_ml_trace-610042_b8_k8_isolated,isolated,ours,12,1,l0_ms,6.272576,recorder
20260826-210624_perlmutter_55838841,ours_l01_s2_gate_ml_trace-610042_b8_k8_isolated,isolated,ours,12,2,l0_ms,5.139776,recorder
20260826-210624_perlmutter_55838841,ours_l01_s2_gate_ml_trace-610042_b8_k8_isolated,isolated,ours,12,3,l0_ms,5.133792,recorder
20260826-210624_perlmutter_55838841,ours_l01_s2_gate_ml_trace-610042_b8_k8_isolated,isolated,ours,12,0,act_ms,0.045568,recorder
20260826-210624_perlmutter_55838841,ours_l01_s2_gate_ml_trace-610042_b8_k8_isolated,isolated,ours,12,1,act_ms,0.054592,recorder
20260826-210624_perlmutter_55838841,ours_l01_s2_gate_ml_trace-610042_b8_k8_isolated,isolated,ours,12,2,act_ms,0.050336,recorder
20260826-210624_perlmutter_55838841,ours_l01_s2_gate_ml_trace-610042_b8_k8_isolated,isolated,ours,12,3,act_ms,0.046656,recorder
20260826-210624_perlmutter_55838841,ours_l01_s2_gate_ml_trace-610042_b8_k8_isolated,isolated,ours,12,0,l1_ms,63.148991,recorder
20260826-210624_perlmutter_55838841,ours_l01_s2_gate_ml_trace-610042_b8_k8_isolated,isolated,ours,12,1,l1_ms,62.678143,recorder
20260826-210624_perlmutter_55838841,ours_l01_s2_gate_ml_trace-610042_b8_k8_isolated,isolated,ours,12,2,l1_ms,63.969887,recorder
20260826-210624_perlmutter_55838841,ours_l01_s2_gate_ml_trace-610042_b8_k8_isolated,isolated,ours,12,3,l1_ms,67.363167,recorder
20260826-210624_perlmutter_55838841,ours_l01_s2_gate_ml_trace-610042_b8_k8_isolated,isolated,ours,12,0,plan_comm_ms,1.062944,recorder
20260826-210624_perlmutter_55838841,ours_l01_s2_gate_ml_trace-610042_b8_k8_isolated,isolated,ours,12,1,plan_comm_ms,0.743296,recorder
20260826-210624_perlmutter_55838841,ours_l01_s2_gate_ml_trace-610042_b8_k8_isolated,isolated,ours,12,2,plan_comm_ms,0.605216,recorder
20260826-210624_perlmutter_55838841,ours_l01_s2_gate_ml_trace-610042_b8_k8_isolated,isolated,ours,12,3,plan_comm_ms,0.721536,recorder
20260826-210624_perlmutter_55838841,ours_l01_s2_gate_ml_trace-610042_b8_k8_isolated,isolated,ours,12,0,place_ms,1618.526245,recorder
20260826-210624_perlmutter_55838841,ours_l01_s2_gate_ml_trace-610042_b8_k8_isolated,isolated,ours,12,1,place_ms,1536.79248,recorder
20260826-210624_perlmutter_55838841,ours_l01_s2_gate_ml_trace-610042_b8_k8_isolated,isolated,ours,12,2,place_ms,1507.817017,recorder
20260826-210624_perlmutter_55838841,ours_l01_s2_gate_ml_trace-610042_b8_k8_isolated,isolated,ours,12,3,place_ms,1514.463501,recorder
20260826-210624_perlmutter_55838841,ours_l01_s2_gate_ml_trace-610042_b8_k8_isolated,isolated,ours,12,0,plan_ms,15.351904,recorder
20260826-210624_perlmutter_55838841,ours_l01_s2_gate_ml_trace-610042_b8_k8_isolated,isolated,ours,12,1,plan_ms,12.272512,recorder
20260826-210624_perlmutter_55838841,ours_l01_s2_gate_ml_trace-610042_b8_k8_isolated,isolated,ours,12,2,plan_ms,12.55088,recorder
20260826-210624_perlmutter_55838841,ours_l01_s2_gate_ml_trace-610042_b8_k8_isolated,isolated,ours,12,3,plan_ms,14.66048,recorder
20260826-210624_perlmutter_55838841,ours_l01_s2_gate_ml_trace-610042_b8_k8_isolated,isolated,ours,12,0,total_ms,1703.650513,recorder
20260826-210624_perlmutter_55838841,ours_l01_s2_gate_ml_trace-610042_b8_k8_isolated,isolated,ours,12,1,total_ms,1618.828369,recorder
20260826-210624_perlmutter_55838841,ours_l01_s2_gate_ml_trace-610042_b8_k8_isolated,isolated,ours,12,2,total_ms,1590.148438,recorder
20260826-210624_perlmutter_55838841,ours_l01_s2_gate_ml_trace-610042_b8_k8_isolated,isolated,ours,12,3,total_ms,1602.405762,recorder
20260826-210624_perlmutter_55838841,ours_l01_s2_gate_ml_trace-610042_b8_k8_isolated,isolated,ours,12,0,iso_sync_ms,184.693239,recorder
20260826-210624_perlmutter_55838841,ours_l01_s2_gate_ml_trace-610042_b8_k8_isolated,isolated,ours,12,1,iso_sync_ms,182.259345,recorder
20260826-210624_perlmutter_55838841,ours_l01_s2_gate_ml_trace-610042_b8_k8_isolated,isolated,ours,12,2,iso_sync_ms,181.307942,recorder
20260826-210624_perlmutter_55838841,ours_l01_s2_gate_ml_trace-610042_b8_k8_isolated,isolated,ours,12,3,iso_sync_ms,180.334937,recorder
20260826-210624_perlmutter_55838841,ours_l01_s2_gate_ml_trace-610042_b8_k8_isolated,isolated,ours,13,0,e2e_ms,68.707619,recorder
20260826-210624_perlmutter_55838841,ours_l01_s2_gate_ml_trace-610042_b8_k8_isolated,isolated,ours,13,1,e2e_ms,68.992355,recorder
20260826-210624_perlmutter_55838841,ours_l01_s2_gate_ml_trace-610042_b8_k8_isolated,isolated,ours,13,2,e2e_ms,69.018211,recorder
20260826-210624_perlmutter_55838841,ours_l01_s2_gate_ml_trace-610042_b8_k8_isolated,isolated,ours,13,3,e2e_ms,72.488831,recorder
20260826-210624_perlmutter_55838841,ours_l01_s2_gate_ml_trace-610042_b8_k8_isolated,isolated,ours,13,0,l0_ms,5.349248,recorder
20260826-210624_perlmutter_55838841,ours_l01_s2_gate_ml_trace-610042_b8_k8_isolated,isolated,ours,13,1,l0_ms,6.07168,recorder
20260826-210624_perlmutter_55838841,ours_l01_s2_gate_ml_trace-610042_b8_k8_isolated,isolated,ours,13,2,l0_ms,4.999008,recorder
20260826-210624_perlmutter_55838841,ours_l01_s2_gate_ml_trace-610042_b8_k8_isolated,isolated,ours,13,3,l0_ms,5.135104,recorder
20260826-210624_perlmutter_55838841,ours_l01_s2_gate_ml_trace-610042_b8_k8_isolated,isolated,ours,13,0,act_ms,0.039968,recorder
20260826-210624_perlmutter_55838841,ours_l01_s2_gate_ml_trace-610042_b8_k8_isolated,isolated,ours,13,1,act_ms,0.050688,recorder
20260826-210624_perlmutter_55838841,ours_l01_s2_gate_ml_trace-610042_b8_k8_isolated,isolated,ours,13,2,act_ms,0.036832,recorder
20260826-210624_perlmutter_55838841,ours_l01_s2_gate_ml_trace-610042_b8_k8_isolated,isolated,ours,13,3,act_ms,0.039264,recorder
20260826-210624_perlmutter_55838841,ours_l01_s2_gate_ml_trace-610042_b8_k8_isolated,isolated,ours,13,0,l1_ms,63.318401,recorder
20260826-210624_perlmutter_55838841,ours_l01_s2_gate_ml_trace-610042_b8_k8_isolated,isolated,ours,13,1,l1_ms,62.869984,recorder
20260826-210624_perlmutter_55838841,ours_l01_s2_gate_ml_trace-610042_b8_k8_isolated,isolated,ours,13,2,l1_ms,63.982368,recorder
20260826-210624_perlmutter_55838841,ours_l01_s2_gate_ml_trace-610042_b8_k8_isolated,isolated,ours,13,3,l1_ms,67.314461,recorder
20260826-210624_perlmutter_55838841,ours_l01_s2_gate_ml_trace-610042_b8_k8_isolated,isolated,ours,13,0,plan_comm_ms,1.062464,recorder
20260826-210624_perlmutter_55838841,ours_l01_s2_gate_ml_trace-610042_b8_k8_isolated,isolated,ours,13,1,plan_comm_ms,0.71184,recorder
20260826-210624_perlmutter_55838841,ours_l01_s2_gate_ml_trace-610042_b8_k8_isolated,isolated,ours,13,2,plan_comm_ms,0.610144,recorder
20260826-210624_perlmutter_55838841,ours_l01_s2_gate_ml_trace-610042_b8_k8_isolated,isolated,ours,13,3,plan_comm_ms,0.725856,recorder
20260826-210624_perlmutter_55838841,ours_l01_s2_gate_ml_trace-610042_b8_k8_isolated,isolated,ours,13,0,place_ms,1615.591919,recorder
20260826-210624_perlmutter_55838841,ours_l01_s2_gate_ml_trace-610042_b8_k8_isolated,isolated,ours,13,1,place_ms,1528.352051,recorder
20260826-210624_perlmutter_55838841,ours_l01_s2_gate_ml_trace-610042_b8_k8_isolated,isolated,ours,13,2,place_ms,1499.836182,recorder
20260826-210624_perlmutter_55838841,ours_l01_s2_gate_ml_trace-610042_b8_k8_isolated,isolated,ours,13,3,place_ms,1508.525879,recorder
20260826-210624_perlmutter_55838841,ours_l01_s2_gate_ml_trace-610042_b8_k8_isolated,isolated,ours,13,0,plan_ms,18.288992,recorder
20260826-210624_perlmutter_55838841,ours_l01_s2_gate_ml_trace-610042_b8_k8_isolated,isolated,ours,13,1,plan_ms,20.730721,recorder
20260826-210624_perlmutter_55838841,ours_l01_s2_gate_ml_trace-610042_b8_k8_isolated,isolated,ours,13,2,plan_ms,20.651104,recorder
20260826-210624_perlmutter_55838841,ours_l01_s2_gate_ml_trace-610042_b8_k8_isolated,isolated,ours,13,3,plan_ms,20.659136,recorder
20260826-210624_perlmutter_55838841,ours_l01_s2_gate_ml_trace-610042_b8_k8_isolated,isolated,ours,13,0,total_ms,1703.665771,recorder
20260826-210624_perlmutter_55838841,ours_l01_s2_gate_ml_trace-610042_b8_k8_isolated,isolated,ours,13,1,total_ms,1618.803711,recorder
20260826-210624_perlmutter_55838841,ours_l01_s2_gate_ml_trace-610042_b8_k8_isolated,isolated,ours,13,2,total_ms,1590.128906,recorder
20260826-210624_perlmutter_55838841,ours_l01_s2_gate_ml_trace-610042_b8_k8_isolated,isolated,ours,13,3,total_ms,1602.418701,recorder
20260826-210624_perlmutter_55838841,ours_l01_s2_gate_ml_trace-610042_b8_k8_isolated,isolated,ours,13,0,iso_sync_ms,366.921734,recorder
20260826-210624_perlmutter_55838841,ours_l01_s2_gate_ml_trace-610042_b8_k8_isolated,isolated,ours,13,1,iso_sync_ms,190.492232,recorder
20260826-210624_perlmutter_55838841,ours_l01_s2_gate_ml_trace-610042_b8_k8_isolated,isolated,ours,13,2,iso_sync_ms,182.755946,recorder
20260826-210624_perlmutter_55838841,ours_l01_s2_gate_ml_trace-610042_b8_k8_isolated,isolated,ours,13,3,iso_sync_ms,185.823398,recorder
20260826-210624_perlmutter_55838841,ours_l01_s2_gate_ml_trace-610042_b8_k8_isolated,isolated,ours,14,0,e2e_ms,68.365471,recorder
20260826-210624_perlmutter_55838841,ours_l01_s2_gate_ml_trace-610042_b8_k8_isolated,isolated,ours,14,1,e2e_ms,68.222466,recorder
20260826-210624_perlmutter_55838841,ours_l01_s2_gate_ml_trace-610042_b8_k8_isolated,isolated,ours,14,2,e2e_ms,69.151901,recorder
20260826-210624_perlmutter_55838841,ours_l01_s2_gate_ml_trace-610042_b8_k8_isolated,isolated,ours,14,3,e2e_ms,72.549889,recorder
20260826-210624_perlmutter_55838841,ours_l01_s2_gate_ml_trace-610042_b8_k8_isolated,isolated,ours,14,0,l0_ms,5.208096,recorder
20260826-210624_perlmutter_55838841,ours_l01_s2_gate_ml_trace-610042_b8_k8_isolated,isolated,ours,14,1,l0_ms,5.563296,recorder
20260826-210624_perlmutter_55838841,ours_l01_s2_gate_ml_trace-610042_b8_k8_isolated,isolated,ours,14,2,l0_ms,5.089632,recorder
20260826-210624_perlmutter_55838841,ours_l01_s2_gate_ml_trace-610042_b8_k8_isolated,isolated,ours,14,3,l0_ms,5.327968,recorder
20260826-210624_perlmutter_55838841,ours_l01_s2_gate_ml_trace-610042_b8_k8_isolated,isolated,ours,14,0,act_ms,0.043456,recorder
20260826-210624_perlmutter_55838841,ours_l01_s2_gate_ml_trace-610042_b8_k8_isolated,isolated,ours,14,1,act_ms,0.049568,recorder
20260826-210624_perlmutter_55838841,ours_l01_s2_gate_ml_trace-610042_b8_k8_isolated,isolated,ours,14,2,act_ms,0.038304,recorder
20260826-210624_perlmutter_55838841,ours_l01_s2_gate_ml_trace-610042_b8_k8_isolated,isolated,ours,14,3,act_ms,0.03696,recorder
20260826-210624_perlmutter_55838841,ours_l01_s2_gate_ml_trace-610042_b8_k8_isolated,isolated,ours,14,0,l1_ms,63.113918,recorder
20260826-210624_perlmutter_55838841,ours_l01_s2_gate_ml_trace-610042_b8_k8_isolated,isolated,ours,14,1,l1_ms,62.6096,recorder
20260826-210624_perlmutter_55838841,ours_l01_s2_gate_ml_trace-610042_b8_k8_isolated,isolated,ours,14,2,l1_ms,64.023972,recorder
20260826-210624_perlmutter_55838841,ours_l01_s2_gate_ml_trace-610042_b8_k8_isolated,isolated,ours,14,3,l1_ms,67.184959,recorder
20260826-210624_perlmutter_55838841,ours_l01_s2_gate_ml_trace-610042_b8_k8_isolated,isolated,ours,14,0,plan_comm_ms,1.042208,recorder
20260826-210624_perlmutter_55838841,ours_l01_s2_gate_ml_trace-610042_b8_k8_isolated,isolated,ours,14,1,plan_comm_ms,0.731904,recorder
20260826-210624_perlmutter_55838841,ours_l01_s2_gate_ml_trace-610042_b8_k8_isolated,isolated,ours,14,2,plan_comm_ms,0.608032,recorder
20260826-210624_perlmutter_55838841,ours_l01_s2_gate_ml_trace-610042_b8_k8_isolated,isolated,ours,14,3,plan_comm_ms,0.706816,recorder
20260826-210624_perlmutter_55838841,ours_l01_s2_gate_ml_trace-610042_b8_k8_isolated,isolated,ours,14,0,place_ms,1616.053101,recorder
20260826-210624_perlmutter_55838841,ours_l01_s2_gate_ml_trace-610042_b8_k8_isolated,isolated,ours,14,1,place_ms,1529.591675,recorder
20260826-210624_perlmutter_55838841,ours_l01_s2_gate_ml_trace-610042_b8_k8_isolated,isolated,ours,14,2,place_ms,1501.138916,recorder
20260826-210624_perlmutter_55838841,ours_l01_s2_gate_ml_trace-610042_b8_k8_isolated,isolated,ours,14,3,place_ms,1507.775879,recorder
20260826-210624_perlmutter_55838841,ours_l01_s2_gate_ml_trace-610042_b8_k8_isolated,isolated,ours,14,0,plan_ms,18.173857,recorder
20260826-210624_perlmutter_55838841,ours_l01_s2_gate_ml_trace-610042_b8_k8_isolated,isolated,ours,14,1,plan_ms,20.275072,recorder
20260826-210624_perlmutter_55838841,ours_l01_s2_gate_ml_trace-610042_b8_k8_isolated,isolated,ours,14,2,plan_ms,19.22736,recorder
20260826-210624_perlmutter_55838841,ours_l01_s2_gate_ml_trace-610042_b8_k8_isolated,isolated,ours,14,3,plan_ms,21.326401,recorder
20260826-210624_perlmutter_55838841,ours_l01_s2_gate_ml_trace-610042_b8_k8_isolated,isolated,ours,14,0,total_ms,1703.649658,recorder
20260826-210624_perlmutter_55838841,ours_l01_s2_gate_ml_trace-610042_b8_k8_isolated,isolated,ours,14,1,total_ms,1618.835205,recorder
20260826-210624_perlmutter_55838841,ours_l01_s2_gate_ml_trace-610042_b8_k8_isolated,isolated,ours,14,2,total_ms,1590.140503,recorder
20260826-210624_perlmutter_55838841,ours_l01_s2_gate_ml_trace-610042_b8_k8_isolated,isolated,ours,14,3,total_ms,1602.372314,recorder
20260826-210624_perlmutter_55838841,ours_l01_s2_gate_ml_trace-610042_b8_k8_isolated,isolated,ours,14,0,iso_sync_ms,426.737146,recorder
20260826-210624_perlmutter_55838841,ours_l01_s2_gate_ml_trace-610042_b8_k8_isolated,isolated,ours,14,1,iso_sync_ms,106.552801,recorder
20260826-210624_perlmutter_55838841,ours_l01_s2_gate_ml_trace-610042_b8_k8_isolated,isolated,ours,14,2,iso_sync_ms,107.748859,recorder
20260826-210624_perlmutter_55838841,ours_l01_s2_gate_ml_trace-610042_b8_k8_isolated,isolated,ours,14,3,iso_sync_ms,115.613122,recorder
20260826-210624_perlmutter_55838841,ours_l01_s2_gate_ml_trace-610042_b8_k8_isolated,isolated,ours,15,0,e2e_ms,68.730209,recorder
20260826-210624_perlmutter_55838841,ours_l01_s2_gate_ml_trace-610042_b8_k8_isolated,isolated,ours,15,1,e2e_ms,69.025246,recorder
20260826-210624_perlmutter_55838841,ours_l01_s2_gate_ml_trace-610042_b8_k8_isolated,isolated,ours,15,2,e2e_ms,69.22998,recorder
20260826-210624_perlmutter_55838841,ours_l01_s2_gate_ml_trace-610042_b8_k8_isolated,isolated,ours,15,3,e2e_ms,72.59568,recorder
20260826-210624_perlmutter_55838841,ours_l01_s2_gate_ml_trace-610042_b8_k8_isolated,isolated,ours,15,0,l0_ms,5.582336,recorder
20260826-210624_perlmutter_55838841,ours_l01_s2_gate_ml_trace-610042_b8_k8_isolated,isolated,ours,15,1,l0_ms,6.107136,recorder
20260826-210624_perlmutter_55838841,ours_l01_s2_gate_ml_trace-610042_b8_k8_isolated,isolated,ours,15,2,l0_ms,5.286528,recorder
20260826-210624_perlmutter_55838841,ours_l01_s2_gate_ml_trace-610042_b8_k8_isolated,isolated,ours,15,3,l0_ms,5.224128,recorder
20260826-210624_perlmutter_55838841,ours_l01_s2_gate_ml_trace-610042_b8_k8_isolated,isolated,ours,15,0,act_ms,0.04256,recorder
20260826-210624_perlmutter_55838841,ours_l01_s2_gate_ml_trace-610042_b8_k8_isolated,isolated,ours,15,1,act_ms,0.040192,recorder
20260826-210624_perlmutter_55838841,ours_l01_s2_gate_ml_trace-610042_b8_k8_isolated,isolated,ours,15,2,act_ms,0.037376,recorder
20260826-210624_perlmutter_55838841,ours_l01_s2_gate_ml_trace-610042_b8_k8_isolated,isolated,ours,15,3,act_ms,0.035776,recorder
20260826-210624_perlmutter_55838841,ours_l01_s2_gate_ml_trace-610042_b8_k8_isolated,isolated,ours,15,0,l1_ms,63.105312,recorder
20260826-210624_perlmutter_55838841,ours_l01_s2_gate_ml_trace-610042_b8_k8_isolated,isolated,ours,15,1,l1_ms,62.877918,recorder
20260826-210624_perlmutter_55838841,ours_l01_s2_gate_ml_trace-610042_b8_k8_isolated,isolated,ours,15,2,l1_ms,63.906078,recorder
20260826-210624_perlmutter_55838841,ours_l01_s2_gate_ml_trace-610042_b8_k8_isolated,isolated,ours,15,3,l1_ms,67.335777,recorder
20260826-210624_perlmutter_55838841,ours_l01_s2_gate_ml_trace-610042_b8_k8_isolated,isolated,ours,15,0,plan_comm_ms,1.051968,recorder
20260826-210624_perlmutter_55838841,ours_l01_s2_gate_ml_trace-610042_b8_k8_isolated,isolated,ours,15,1,plan_comm_ms,0.738592,recorder
20260826-210624_perlmutter_55838841,ours_l01_s2_gate_ml_trace-610042_b8_k8_isolated,isolated,ours,15,2,plan_comm_ms,0.58608,recorder
20260826-210624_perlmutter_55838841,ours_l01_s2_gate_ml_trace-610042_b8_k8_isolated,isolated,ours,15,3,plan_comm_ms,0.70928,recorder
20260826-210624_perlmutter_55838841,ours_l01_s2_gate_ml_trace-610042_b8_k8_isolated,isolated,ours,15,0,place_ms,1615.13916,recorder
20260826-210624_perlmutter_55838841,ours_l01_s2_gate_ml_trace-610042_b8_k8_isolated,isolated,ours,15,1,place_ms,1530.553589,recorder
20260826-210624_perlmutter_55838841,ours_l01_s2_gate_ml_trace-610042_b8_k8_isolated,isolated,ours,15,2,place_ms,1501.212769,recorder
20260826-210624_perlmutter_55838841,ours_l01_s2_gate_ml_trace-610042_b8_k8_isolated,isolated,ours,15,3,place_ms,1509.179443,recorder
20260826-210624_perlmutter_55838841,ours_l01_s2_gate_ml_trace-610042_b8_k8_isolated,isolated,ours,15,0,plan_ms,18.718208,recorder
20260826-210624_perlmutter_55838841,ours_l01_s2_gate_ml_trace-610042_b8_k8_isolated,isolated,ours,15,1,plan_ms,18.486624,recorder
20260826-210624_perlmutter_55838841,ours_l01_s2_gate_ml_trace-610042_b8_k8_isolated,isolated,ours,15,2,plan_ms,19.087969,recorder
20260826-210624_perlmutter_55838841,ours_l01_s2_gate_ml_trace-610042_b8_k8_isolated,isolated,ours,15,3,plan_ms,19.866432,recorder
20260826-210624_perlmutter_55838841,ours_l01_s2_gate_ml_trace-610042_b8_k8_isolated,isolated,ours,15,0,total_ms,1703.653809,recorder
20260826-210624_perlmutter_55838841,ours_l01_s2_gate_ml_trace-610042_b8_k8_isolated,isolated,ours,15,1,total_ms,1618.81897,recorder
20260826-210624_perlmutter_55838841,ours_l01_s2_gate_ml_trace-610042_b8_k8_isolated,isolated,ours,15,2,total_ms,1590.13147,recorder
20260826-210624_perlmutter_55838841,ours_l01_s2_gate_ml_trace-610042_b8_k8_isolated,isolated,ours,15,3,total_ms,1602.365479,recorder
20260826-210624_perlmutter_55838841,ours_l01_s2_gate_ml_trace-610042_b8_k8_isolated,isolated,ours,15,0,iso_sync_ms,996.417853,recorder
20260826-210624_perlmutter_55838841,ours_l01_s2_gate_ml_trace-610042_b8_k8_isolated,isolated,ours,15,1,iso_sync_ms,868.828894,recorder
20260826-210624_perlmutter_55838841,ours_l01_s2_gate_ml_trace-610042_b8_k8_isolated,isolated,ours,15,2,iso_sync_ms,869.026576,recorder
20260826-210624_perlmutter_55838841,ours_l01_s2_gate_ml_trace-610042_b8_k8_isolated,isolated,ours,15,3,iso_sync_ms,873.932901,recorder
20260826-210624_perlmutter_55838841,ours_l01_s2_gate_mlw2_trace-610042_b8_k8_isolated,isolated,ours,0,0,e2e_ms,193.820709,recorder
20260826-210624_perlmutter_55838841,ours_l01_s2_gate_mlw2_trace-610042_b8_k8_isolated,isolated,ours,0,1,e2e_ms,191.746719,recorder
20260826-210624_perlmutter_55838841,ours_l01_s2_gate_mlw2_trace-610042_b8_k8_isolated,isolated,ours,0,2,e2e_ms,194.827774,recorder
20260826-210624_perlmutter_55838841,ours_l01_s2_gate_mlw2_trace-610042_b8_k8_isolated,isolated,ours,0,3,e2e_ms,193.151993,recorder
20260826-210624_perlmutter_55838841,ours_l01_s2_gate_mlw2_trace-610042_b8_k8_isolated,isolated,ours,0,0,l0_ms,88.905952,recorder
20260826-210624_perlmutter_55838841,ours_l01_s2_gate_mlw2_trace-610042_b8_k8_isolated,isolated,ours,0,1,l0_ms,87.056931,recorder
20260826-210624_perlmutter_55838841,ours_l01_s2_gate_mlw2_trace-610042_b8_k8_isolated,isolated,ours,0,2,l0_ms,89.004639,recorder
20260826-210624_perlmutter_55838841,ours_l01_s2_gate_mlw2_trace-610042_b8_k8_isolated,isolated,ours,0,3,l0_ms,87.861053,recorder
20260826-210624_perlmutter_55838841,ours_l01_s2_gate_mlw2_trace-610042_b8_k8_isolated,isolated,ours,0,0,act_ms,6.729344,recorder
20260826-210624_perlmutter_55838841,ours_l01_s2_gate_mlw2_trace-610042_b8_k8_isolated,isolated,ours,0,1,act_ms,6.324128,recorder
20260826-210624_perlmutter_55838841,ours_l01_s2_gate_mlw2_trace-610042_b8_k8_isolated,isolated,ours,0,2,act_ms,6.771936,recorder
20260826-210624_perlmutter_55838841,ours_l01_s2_gate_mlw2_trace-610042_b8_k8_isolated,isolated,ours,0,3,act_ms,6.767648,recorder
20260826-210624_perlmutter_55838841,ours_l01_s2_gate_mlw2_trace-610042_b8_k8_isolated,isolated,ours,0,0,l1_ms,98.18541,recorder
20260826-210624_perlmutter_55838841,ours_l01_s2_gate_mlw2_trace-610042_b8_k8_isolated,isolated,ours,0,1,l1_ms,98.365662,recorder
20260826-210624_perlmutter_55838841,ours_l01_s2_gate_mlw2_trace-610042_b8_k8_isolated,isolated,ours,0,2,l1_ms,99.051201,recorder
20260826-210624_perlmutter_55838841,ours_l01_s2_gate_mlw2_trace-610042_b8_k8_isolated,isolated,ours,0,3,l1_ms,98.523293,recorder
20260826-210624_perlmutter_55838841,ours_l01_s2_gate_mlw2_trace-610042_b8_k8_isolated,isolated,ours,0,0,plan_comm_ms,0.375328,recorder
20260826-210624_perlmutter_55838841,ours_l01_s2_gate_mlw2_trace-610042_b8_k8_isolated,isolated,ours,0,1,plan_comm_ms,0.812768,recorder
20260826-210624_perlmutter_55838841,ours_l01_s2_gate_mlw2_trace-610042_b8_k8_isolated,isolated,ours,0,2,plan_comm_ms,0.467136,recorder
20260826-210624_perlmutter_55838841,ours_l01_s2_gate_mlw2_trace-610042_b8_k8_isolated,isolated,ours,0,3,plan_comm_ms,0.439616,recorder
20260826-210624_perlmutter_55838841,ours_l01_s2_gate_mlw2_trace-610042_b8_k8_isolated,isolated,ours,0,0,place_ms,1507.16687,recorder
20260826-210624_perlmutter_55838841,ours_l01_s2_gate_mlw2_trace-610042_b8_k8_isolated,isolated,ours,0,1,place_ms,1493.261597,recorder
20260826-210624_perlmutter_55838841,ours_l01_s2_gate_mlw2_trace-610042_b8_k8_isolated,isolated,ours,0,2,place_ms,1447.07312,recorder
20260826-210624_perlmutter_55838841,ours_l01_s2_gate_mlw2_trace-610042_b8_k8_isolated,isolated,ours,0,3,place_ms,1462.701782,recorder
20260826-210624_perlmutter_55838841,ours_l01_s2_gate_mlw2_trace-610042_b8_k8_isolated,isolated,ours,0,0,plan_ms,1.786656,recorder
20260826-210624_perlmutter_55838841,ours_l01_s2_gate_mlw2_trace-610042_b8_k8_isolated,isolated,ours,0,1,plan_ms,2.287296,recorder
20260826-210624_perlmutter_55838841,ours_l01_s2_gate_mlw2_trace-610042_b8_k8_isolated,isolated,ours,0,2,plan_ms,2.190112,recorder
20260826-210624_perlmutter_55838841,ours_l01_s2_gate_mlw2_trace-610042_b8_k8_isolated,isolated,ours,0,3,plan_ms,2.099328,recorder
20260826-210624_perlmutter_55838841,ours_l01_s2_gate_mlw2_trace-610042_b8_k8_isolated,isolated,ours,0,0,total_ms,1703.164551,recorder
20260826-210624_perlmutter_55838841,ours_l01_s2_gate_mlw2_trace-610042_b8_k8_isolated,isolated,ours,0,1,total_ms,1688.122314,recorder
20260826-210624_perlmutter_55838841,ours_l01_s2_gate_mlw2_trace-610042_b8_k8_isolated,isolated,ours,0,2,total_ms,1644.580322,recorder
20260826-210624_perlmutter_55838841,ours_l01_s2_gate_mlw2_trace-610042_b8_k8_isolated,isolated,ours,0,3,total_ms,1658.40686,recorder
20260826-210624_perlmutter_55838841,ours_l01_s2_gate_mlw2_trace-610042_b8_k8_isolated,isolated,ours,0,0,iso_sync_ms,1188.708567,recorder
20260826-210624_perlmutter_55838841,ours_l01_s2_gate_mlw2_trace-610042_b8_k8_isolated,isolated,ours,0,1,iso_sync_ms,1085.990474,recorder
20260826-210624_perlmutter_55838841,ours_l01_s2_gate_mlw2_trace-610042_b8_k8_isolated,isolated,ours,0,2,iso_sync_ms,1073.06724,recorder
20260826-210624_perlmutter_55838841,ours_l01_s2_gate_mlw2_trace-610042_b8_k8_isolated,isolated,ours,0,3,iso_sync_ms,1138.24996,recorder
20260826-210624_perlmutter_55838841,ours_l01_s2_gate_mlw2_trace-610042_b8_k8_isolated,isolated,ours,1,0,e2e_ms,193.827545,recorder
20260826-210624_perlmutter_55838841,ours_l01_s2_gate_mlw2_trace-610042_b8_k8_isolated,isolated,ours,1,1,e2e_ms,191.684357,recorder
20260826-210624_perlmutter_55838841,ours_l01_s2_gate_mlw2_trace-610042_b8_k8_isolated,isolated,ours,1,2,e2e_ms,194.896286,recorder
20260826-210624_perlmutter_55838841,ours_l01_s2_gate_mlw2_trace-610042_b8_k8_isolated,isolated,ours,1,3,e2e_ms,193.291748,recorder
20260826-210624_perlmutter_55838841,ours_l01_s2_gate_mlw2_trace-610042_b8_k8_isolated,isolated,ours,1,0,l0_ms,88.914497,recorder
20260826-210624_perlmutter_55838841,ours_l01_s2_gate_mlw2_trace-610042_b8_k8_isolated,isolated,ours,1,1,l0_ms,86.995972,recorder
20260826-210624_perlmutter_55838841,ours_l01_s2_gate_mlw2_trace-610042_b8_k8_isolated,isolated,ours,1,2,l0_ms,89.074783,recorder
20260826-210624_perlmutter_55838841,ours_l01_s2_gate_mlw2_trace-610042_b8_k8_isolated,isolated,ours,1,3,l0_ms,87.995842,recorder
20260826-210624_perlmutter_55838841,ours_l01_s2_gate_mlw2_trace-610042_b8_k8_isolated,isolated,ours,1,0,act_ms,6.58832,recorder
20260826-210624_perlmutter_55838841,ours_l01_s2_gate_mlw2_trace-610042_b8_k8_isolated,isolated,ours,1,1,act_ms,6.167328,recorder
20260826-210624_perlmutter_55838841,ours_l01_s2_gate_mlw2_trace-610042_b8_k8_isolated,isolated,ours,1,2,act_ms,6.071936,recorder
20260826-210624_perlmutter_55838841,ours_l01_s2_gate_mlw2_trace-610042_b8_k8_isolated,isolated,ours,1,3,act_ms,6.612512,recorder
20260826-210624_perlmutter_55838841,ours_l01_s2_gate_mlw2_trace-610042_b8_k8_isolated,isolated,ours,1,0,l1_ms,98.324738,recorder
20260826-210624_perlmutter_55838841,ours_l01_s2_gate_mlw2_trace-610042_b8_k8_isolated,isolated,ours,1,1,l1_ms,98.521057,recorder
20260826-210624_perlmutter_55838841,ours_l01_s2_gate_mlw2_trace-610042_b8_k8_isolated,isolated,ours,1,2,l1_ms,99.749565,recorder
20260826-210624_perlmutter_55838841,ours_l01_s2_gate_mlw2_trace-610042_b8_k8_isolated,isolated,ours,1,3,l1_ms,98.683395,recorder
20260826-210624_perlmutter_55838841,ours_l01_s2_gate_mlw2_trace-610042_b8_k8_isolated,isolated,ours,1,0,plan_comm_ms,0.366048,recorder
20260826-210624_perlmutter_55838841,ours_l01_s2_gate_mlw2_trace-610042_b8_k8_isolated,isolated,ours,1,1,plan_comm_ms,0.807744,recorder
20260826-210624_perlmutter_55838841,ours_l01_s2_gate_mlw2_trace-610042_b8_k8_isolated,isolated,ours,1,2,plan_comm_ms,0.465024,recorder
20260826-210624_perlmutter_55838841,ours_l01_s2_gate_mlw2_trace-610042_b8_k8_isolated,isolated,ours,1,3,plan_comm_ms,0.48304,recorder
20260826-210624_perlmutter_55838841,ours_l01_s2_gate_mlw2_trace-610042_b8_k8_isolated,isolated,ours,1,0,place_ms,1506.951538,recorder
20260826-210624_perlmutter_55838841,ours_l01_s2_gate_mlw2_trace-610042_b8_k8_isolated,isolated,ours,1,1,place_ms,1492.450806,recorder
20260826-210624_perlmutter_55838841,ours_l01_s2_gate_mlw2_trace-610042_b8_k8_isolated,isolated,ours,1,2,place_ms,1446.809814,recorder
20260826-210624_perlmutter_55838841,ours_l01_s2_gate_mlw2_trace-610042_b8_k8_isolated,isolated,ours,1,3,place_ms,1462.467285,recorder
20260826-210624_perlmutter_55838841,ours_l01_s2_gate_mlw2_trace-610042_b8_k8_isolated,isolated,ours,1,0,plan_ms,1.998944,recorder
20260826-210624_perlmutter_55838841,ours_l01_s2_gate_mlw2_trace-610042_b8_k8_isolated,isolated,ours,1,1,plan_ms,3.168096,recorder
20260826-210624_perlmutter_55838841,ours_l01_s2_gate_mlw2_trace-610042_b8_k8_isolated,isolated,ours,1,2,plan_ms,2.398208,recorder
20260826-210624_perlmutter_55838841,ours_l01_s2_gate_mlw2_trace-610042_b8_k8_isolated,isolated,ours,1,3,plan_ms,2.210112,recorder
20260826-210624_perlmutter_55838841,ours_l01_s2_gate_mlw2_trace-610042_b8_k8_isolated,isolated,ours,1,0,total_ms,1703.161377,recorder
20260826-210624_perlmutter_55838841,ours_l01_s2_gate_mlw2_trace-610042_b8_k8_isolated,isolated,ours,1,1,total_ms,1688.12561,recorder
20260826-210624_perlmutter_55838841,ours_l01_s2_gate_mlw2_trace-610042_b8_k8_isolated,isolated,ours,1,2,total_ms,1644.58313,recorder
20260826-210624_perlmutter_55838841,ours_l01_s2_gate_mlw2_trace-610042_b8_k8_isolated,isolated,ours,1,3,total_ms,1658.466431,recorder
20260826-210624_perlmutter_55838841,ours_l01_s2_gate_mlw2_trace-610042_b8_k8_isolated,isolated,ours,1,0,iso_sync_ms,1266.687463,recorder
20260826-210624_perlmutter_55838841,ours_l01_s2_gate_mlw2_trace-610042_b8_k8_isolated,isolated,ours,1,1,iso_sync_ms,1161.38935,recorder
20260826-210624_perlmutter_55838841,ours_l01_s2_gate_mlw2_trace-610042_b8_k8_isolated,isolated,ours,1,2,iso_sync_ms,1133.971131,recorder
20260826-210624_perlmutter_55838841,ours_l01_s2_gate_mlw2_trace-610042_b8_k8_isolated,isolated,ours,1,3,iso_sync_ms,1140.258986,recorder
20260826-210624_perlmutter_55838841,ours_l01_s2_gate_mlw2_trace-610042_b8_k8_isolated,isolated,ours,2,0,e2e_ms,193.846085,recorder
20260826-210624_perlmutter_55838841,ours_l01_s2_gate_mlw2_trace-610042_b8_k8_isolated,isolated,ours,2,1,e2e_ms,191.711899,recorder
20260826-210624_perlmutter_55838841,ours_l01_s2_gate_mlw2_trace-610042_b8_k8_isolated,isolated,ours,2,2,e2e_ms,194.889511,recorder
20260826-210624_perlmutter_55838841,ours_l01_s2_gate_mlw2_trace-610042_b8_k8_isolated,isolated,ours,2,3,e2e_ms,193.297668,recorder
20260826-210624_perlmutter_55838841,ours_l01_s2_gate_mlw2_trace-610042_b8_k8_isolated,isolated,ours,2,0,l0_ms,88.924835,recorder
20260826-210624_perlmutter_55838841,ours_l01_s2_gate_mlw2_trace-610042_b8_k8_isolated,isolated,ours,2,1,l0_ms,87.039299,recorder
20260826-210624_perlmutter_55838841,ours_l01_s2_gate_mlw2_trace-610042_b8_k8_isolated,isolated,ours,2,2,l0_ms,89.045692,recorder
20260826-210624_perlmutter_55838841,ours_l01_s2_gate_mlw2_trace-610042_b8_k8_isolated,isolated,ours,2,3,l0_ms,87.963905,recorder
20260826-210624_perlmutter_55838841,ours_l01_s2_gate_mlw2_trace-610042_b8_k8_isolated,isolated,ours,2,0,act_ms,6.60608,recorder
20260826-210624_perlmutter_55838841,ours_l01_s2_gate_mlw2_trace-610042_b8_k8_isolated,isolated,ours,2,1,act_ms,6.122848,recorder
20260826-210624_perlmutter_55838841,ours_l01_s2_gate_mlw2_trace-610042_b8_k8_isolated,isolated,ours,2,2,act_ms,6.133344,recorder
20260826-210624_perlmutter_55838841,ours_l01_s2_gate_mlw2_trace-610042_b8_k8_isolated,isolated,ours,2,3,act_ms,6.657984,recorder
20260826-210624_perlmutter_55838841,ours_l01_s2_gate_mlw2_trace-610042_b8_k8_isolated,isolated,ours,2,0,l1_ms,98.31517,recorder
20260826-210624_perlmutter_55838841,ours_l01_s2_gate_mlw2_trace-610042_b8_k8_isolated,isolated,ours,2,1,l1_ms,98.549759,recorder
20260826-210624_perlmutter_55838841,ours_l01_s2_gate_mlw2_trace-610042_b8_k8_isolated,isolated,ours,2,2,l1_ms,99.710464,recorder
20260826-210624_perlmutter_55838841,ours_l01_s2_gate_mlw2_trace-610042_b8_k8_isolated,isolated,ours,2,3,l1_ms,98.675774,recorder
20260826-210624_perlmutter_55838841,ours_l01_s2_gate_mlw2_trace-610042_b8_k8_isolated,isolated,ours,2,0,plan_comm_ms,0.390208,recorder
20260826-210624_perlmutter_55838841,ours_l01_s2_gate_mlw2_trace-610042_b8_k8_isolated,isolated,ours,2,1,plan_comm_ms,0.827936,recorder
20260826-210624_perlmutter_55838841,ours_l01_s2_gate_mlw2_trace-610042_b8_k8_isolated,isolated,ours,2,2,plan_comm_ms,0.485088,recorder
20260826-210624_perlmutter_55838841,ours_l01_s2_gate_mlw2_trace-610042_b8_k8_isolated,isolated,ours,2,3,plan_comm_ms,0.486848,recorder
20260826-210624_perlmutter_55838841,ours_l01_s2_gate_mlw2_trace-610042_b8_k8_isolated,isolated,ours,2,0,place_ms,1506.980103,recorder
20260826-210624_perlmutter_55838841,ours_l01_s2_gate_mlw2_trace-610042_b8_k8_isolated,isolated,ours,2,1,place_ms,1492.45166,recorder
20260826-210624_perlmutter_55838841,ours_l01_s2_gate_mlw2_trace-610042_b8_k8_isolated,isolated,ours,2,2,place_ms,1446.825806,recorder
20260826-210624_perlmutter_55838841,ours_l01_s2_gate_mlw2_trace-610042_b8_k8_isolated,isolated,ours,2,3,place_ms,1462.496338,recorder
20260826-210624_perlmutter_55838841,ours_l01_s2_gate_mlw2_trace-610042_b8_k8_isolated,isolated,ours,2,0,plan_ms,1.955328,recorder
20260826-210624_perlmutter_55838841,ours_l01_s2_gate_mlw2_trace-610042_b8_k8_isolated,isolated,ours,2,1,plan_ms,3.135968,recorder
20260826-210624_perlmutter_55838841,ours_l01_s2_gate_mlw2_trace-610042_b8_k8_isolated,isolated,ours,2,2,plan_ms,2.403584,recorder
20260826-210624_perlmutter_55838841,ours_l01_s2_gate_mlw2_trace-610042_b8_k8_isolated,isolated,ours,2,3,plan_ms,2.207168,recorder
20260826-210624_perlmutter_55838841,ours_l01_s2_gate_mlw2_trace-610042_b8_k8_isolated,isolated,ours,2,0,total_ms,1703.186401,recorder
20260826-210624_perlmutter_55838841,ours_l01_s2_gate_mlw2_trace-610042_b8_k8_isolated,isolated,ours,2,1,total_ms,1688.142822,recorder
20260826-210624_perlmutter_55838841,ours_l01_s2_gate_mlw2_trace-610042_b8_k8_isolated,isolated,ours,2,2,total_ms,1644.619385,recorder
20260826-210624_perlmutter_55838841,ours_l01_s2_gate_mlw2_trace-610042_b8_k8_isolated,isolated,ours,2,3,total_ms,1658.501831,recorder
20260826-210624_perlmutter_55838841,ours_l01_s2_gate_mlw2_trace-610042_b8_k8_isolated,isolated,ours,2,0,iso_sync_ms,349.075955,recorder
20260826-210624_perlmutter_55838841,ours_l01_s2_gate_mlw2_trace-610042_b8_k8_isolated,isolated,ours,2,1,iso_sync_ms,335.646943,recorder
20260826-210624_perlmutter_55838841,ours_l01_s2_gate_mlw2_trace-610042_b8_k8_isolated,isolated,ours,2,2,iso_sync_ms,323.88005,recorder
20260826-210624_perlmutter_55838841,ours_l01_s2_gate_mlw2_trace-610042_b8_k8_isolated,isolated,ours,2,3,iso_sync_ms,327.777861,recorder
20260826-210624_perlmutter_55838841,ours_l01_s2_gate_mlw2_trace-610042_b8_k8_isolated,isolated,ours,3,0,e2e_ms,193.84729,recorder
20260826-210624_perlmutter_55838841,ours_l01_s2_gate_mlw2_trace-610042_b8_k8_isolated,isolated,ours,3,1,e2e_ms,191.71405,recorder
20260826-210624_perlmutter_55838841,ours_l01_s2_gate_mlw2_trace-610042_b8_k8_isolated,isolated,ours,3,2,e2e_ms,194.937927,recorder
20260826-210624_perlmutter_55838841,ours_l01_s2_gate_mlw2_trace-610042_b8_k8_isolated,isolated,ours,3,3,e2e_ms,193.305313,recorder
20260826-210624_perlmutter_55838841,ours_l01_s2_gate_mlw2_trace-610042_b8_k8_isolated,isolated,ours,3,0,l0_ms,88.92749,recorder
20260826-210624_perlmutter_55838841,ours_l01_s2_gate_mlw2_trace-610042_b8_k8_isolated,isolated,ours,3,1,l0_ms,87.045662,recorder
20260826-210624_perlmutter_55838841,ours_l01_s2_gate_mlw2_trace-610042_b8_k8_isolated,isolated,ours,3,2,l0_ms,89.090591,recorder
20260826-210624_perlmutter_55838841,ours_l01_s2_gate_mlw2_trace-610042_b8_k8_isolated,isolated,ours,3,3,l0_ms,87.975235,recorder
20260826-210624_perlmutter_55838841,ours_l01_s2_gate_mlw2_trace-610042_b8_k8_isolated,isolated,ours,3,0,act_ms,6.540992,recorder
20260826-210624_perlmutter_55838841,ours_l01_s2_gate_mlw2_trace-610042_b8_k8_isolated,isolated,ours,3,1,act_ms,6.103744,recorder
20260826-210624_perlmutter_55838841,ours_l01_s2_gate_mlw2_trace-610042_b8_k8_isolated,isolated,ours,3,2,act_ms,6.101056,recorder
20260826-210624_perlmutter_55838841,ours_l01_s2_gate_mlw2_trace-610042_b8_k8_isolated,isolated,ours,3,3,act_ms,6.712608,recorder
20260826-210624_perlmutter_55838841,ours_l01_s2_gate_mlw2_trace-610042_b8_k8_isolated,isolated,ours,3,0,l1_ms,98.378815,recorder
20260826-210624_perlmutter_55838841,ours_l01_s2_gate_mlw2_trace-610042_b8_k8_isolated,isolated,ours,3,1,l1_ms,98.564636,recorder
20260826-210624_perlmutter_55838841,ours_l01_s2_gate_mlw2_trace-610042_b8_k8_isolated,isolated,ours,3,2,l1_ms,99.746269,recorder
20260826-210624_perlmutter_55838841,ours_l01_s2_gate_mlw2_trace-610042_b8_k8_isolated,isolated,ours,3,3,l1_ms,98.61747,recorder
20260826-210624_perlmutter_55838841,ours_l01_s2_gate_mlw2_trace-610042_b8_k8_isolated,isolated,ours,3,0,plan_comm_ms,0.342944,recorder
20260826-210624_perlmutter_55838841,ours_l01_s2_gate_mlw2_trace-610042_b8_k8_isolated,isolated,ours,3,1,plan_comm_ms,0.800704,recorder
20260826-210624_perlmutter_55838841,ours_l01_s2_gate_mlw2_trace-610042_b8_k8_isolated,isolated,ours,3,2,plan_comm_ms,0.466112,recorder
20260826-210624_perlmutter_55838841,ours_l01_s2_gate_mlw2_trace-610042_b8_k8_isolated,isolated,ours,3,3,plan_comm_ms,0.4544,recorder
20260826-210624_perlmutter_55838841,ours_l01_s2_gate_mlw2_trace-610042_b8_k8_isolated,isolated,ours,3,0,place_ms,1506.991821,recorder
20260826-210624_perlmutter_55838841,ours_l01_s2_gate_mlw2_trace-610042_b8_k8_isolated,isolated,ours,3,1,place_ms,1492.377563,recorder
20260826-210624_perlmutter_55838841,ours_l01_s2_gate_mlw2_trace-610042_b8_k8_isolated,isolated,ours,3,2,place_ms,1446.842896,recorder
20260826-210624_perlmutter_55838841,ours_l01_s2_gate_mlw2_trace-610042_b8_k8_isolated,isolated,ours,3,3,place_ms,1462.55896,recorder
20260826-210624_perlmutter_55838841,ours_l01_s2_gate_mlw2_trace-610042_b8_k8_isolated,isolated,ours,3,0,plan_ms,1.966336,recorder
20260826-210624_perlmutter_55838841,ours_l01_s2_gate_mlw2_trace-610042_b8_k8_isolated,isolated,ours,3,1,plan_ms,3.225536,recorder
20260826-210624_perlmutter_55838841,ours_l01_s2_gate_mlw2_trace-610042_b8_k8_isolated,isolated,ours,3,2,plan_ms,2.348512,recorder
20260826-210624_perlmutter_55838841,ours_l01_s2_gate_mlw2_trace-610042_b8_k8_isolated,isolated,ours,3,3,plan_ms,2.152352,recorder
20260826-210624_perlmutter_55838841,ours_l01_s2_gate_mlw2_trace-610042_b8_k8_isolated,isolated,ours,3,0,total_ms,1703.163086,recorder
20260826-210624_perlmutter_55838841,ours_l01_s2_gate_mlw2_trace-610042_b8_k8_isolated,isolated,ours,3,1,total_ms,1688.131592,recorder
20260826-210624_perlmutter_55838841,ours_l01_s2_gate_mlw2_trace-610042_b8_k8_isolated,isolated,ours,3,2,total_ms,1644.609863,recorder
20260826-210624_perlmutter_55838841,ours_l01_s2_gate_mlw2_trace-610042_b8_k8_isolated,isolated,ours,3,3,total_ms,1658.490845,recorder
20260826-210624_perlmutter_55838841,ours_l01_s2_gate_mlw2_trace-610042_b8_k8_isolated,isolated,ours,3,0,iso_sync_ms,1177.030812,recorder
20260826-210624_perlmutter_55838841,ours_l01_s2_gate_mlw2_trace-610042_b8_k8_isolated,isolated,ours,3,1,iso_sync_ms,903.258399,recorder
20260826-210624_perlmutter_55838841,ours_l01_s2_gate_mlw2_trace-610042_b8_k8_isolated,isolated,ours,3,2,iso_sync_ms,882.155865,recorder
20260826-210624_perlmutter_55838841,ours_l01_s2_gate_mlw2_trace-610042_b8_k8_isolated,isolated,ours,3,3,iso_sync_ms,897.088805,recorder
20260826-210624_perlmutter_55838841,ours_l01_s2_gate_mlw2_trace-610042_b8_k8_isolated,isolated,ours,4,0,e2e_ms,193.868225,recorder
20260826-210624_perlmutter_55838841,ours_l01_s2_gate_mlw2_trace-610042_b8_k8_isolated,isolated,ours,4,1,e2e_ms,191.741638,recorder
20260826-210624_perlmutter_55838841,ours_l01_s2_gate_mlw2_trace-610042_b8_k8_isolated,isolated,ours,4,2,e2e_ms,194.943329,recorder
20260826-210624_perlmutter_55838841,ours_l01_s2_gate_mlw2_trace-610042_b8_k8_isolated,isolated,ours,4,3,e2e_ms,193.321793,recorder
20260826-210624_perlmutter_55838841,ours_l01_s2_gate_mlw2_trace-610042_b8_k8_isolated,isolated,ours,4,0,l0_ms,88.934753,recorder
20260826-210624_perlmutter_55838841,ours_l01_s2_gate_mlw2_trace-610042_b8_k8_isolated,isolated,ours,4,1,l0_ms,87.051231,recorder
20260826-210624_perlmutter_55838841,ours_l01_s2_gate_mlw2_trace-610042_b8_k8_isolated,isolated,ours,4,2,l0_ms,89.095009,recorder
20260826-210624_perlmutter_55838841,ours_l01_s2_gate_mlw2_trace-610042_b8_k8_isolated,isolated,ours,4,3,l0_ms,87.963005,recorder
20260826-210624_perlmutter_55838841,ours_l01_s2_gate_mlw2_trace-610042_b8_k8_isolated,isolated,ours,4,0,act_ms,6.775104,recorder
20260826-210624_perlmutter_55838841,ours_l01_s2_gate_mlw2_trace-610042_b8_k8_isolated,isolated,ours,4,1,act_ms,6.31632,recorder
20260826-210624_perlmutter_55838841,ours_l01_s2_gate_mlw2_trace-610042_b8_k8_isolated,isolated,ours,4,2,act_ms,6.456896,recorder
20260826-210624_perlmutter_55838841,ours_l01_s2_gate_mlw2_trace-610042_b8_k8_isolated,isolated,ours,4,3,act_ms,6.835456,recorder
20260826-210624_perlmutter_55838841,ours_l01_s2_gate_mlw2_trace-610042_b8_k8_isolated,isolated,ours,4,0,l1_ms,98.158371,recorder
20260826-210624_perlmutter_55838841,ours_l01_s2_gate_mlw2_trace-610042_b8_k8_isolated,isolated,ours,4,1,l1_ms,98.374077,recorder
20260826-210624_perlmutter_55838841,ours_l01_s2_gate_mlw2_trace-610042_b8_k8_isolated,isolated,ours,4,2,l1_ms,99.391426,recorder
20260826-210624_perlmutter_55838841,ours_l01_s2_gate_mlw2_trace-610042_b8_k8_isolated,isolated,ours,4,3,l1_ms,98.523331,recorder
20260826-210624_perlmutter_55838841,ours_l01_s2_gate_mlw2_trace-610042_b8_k8_isolated,isolated,ours,4,0,plan_comm_ms,0.25072,recorder
20260826-210624_perlmutter_55838841,ours_l01_s2_gate_mlw2_trace-610042_b8_k8_isolated,isolated,ours,4,1,plan_comm_ms,0.704832,recorder
20260826-210624_perlmutter_55838841,ours_l01_s2_gate_mlw2_trace-610042_b8_k8_isolated,isolated,ours,4,2,plan_comm_ms,0.32256,recorder
20260826-210624_perlmutter_55838841,ours_l01_s2_gate_mlw2_trace-610042_b8_k8_isolated,isolated,ours,4,3,plan_comm_ms,0.375424,recorder
20260826-210624_perlmutter_55838841,ours_l01_s2_gate_mlw2_trace-610042_b8_k8_isolated,isolated,ours,4,0,place_ms,1507.196533,recorder
20260826-210624_perlmutter_55838841,ours_l01_s2_gate_mlw2_trace-610042_b8_k8_isolated,isolated,ours,4,1,place_ms,1492.748169,recorder
20260826-210624_perlmutter_55838841,ours_l01_s2_gate_mlw2_trace-610042_b8_k8_isolated,isolated,ours,4,2,place_ms,1447.223022,recorder
20260826-210624_perlmutter_55838841,ours_l01_s2_gate_mlw2_trace-610042_b8_k8_isolated,isolated,ours,4,3,place_ms,1462.449707,recorder
20260826-210624_perlmutter_55838841,ours_l01_s2_gate_mlw2_trace-610042_b8_k8_isolated,isolated,ours,4,0,plan_ms,1.737984,recorder
20260826-210624_perlmutter_55838841,ours_l01_s2_gate_mlw2_trace-610042_b8_k8_isolated,isolated,ours,4,1,plan_ms,2.846944,recorder
20260826-210624_perlmutter_55838841,ours_l01_s2_gate_mlw2_trace-610042_b8_k8_isolated,isolated,ours,4,2,plan_ms,1.986016,recorder
20260826-210624_perlmutter_55838841,ours_l01_s2_gate_mlw2_trace-610042_b8_k8_isolated,isolated,ours,4,3,plan_ms,2.238432,recorder
20260826-210624_perlmutter_55838841,ours_l01_s2_gate_mlw2_trace-610042_b8_k8_isolated,isolated,ours,4,0,total_ms,1703.068604,recorder
20260826-210624_perlmutter_55838841,ours_l01_s2_gate_mlw2_trace-610042_b8_k8_isolated,isolated,ours,4,1,total_ms,1688.054565,recorder
20260826-210624_perlmutter_55838841,ours_l01_s2_gate_mlw2_trace-610042_b8_k8_isolated,isolated,ours,4,2,total_ms,1644.489624,recorder
20260826-210624_perlmutter_55838841,ours_l01_s2_gate_mlw2_trace-610042_b8_k8_isolated,isolated,ours,4,3,total_ms,1658.400269,recorder
20260826-210624_perlmutter_55838841,ours_l01_s2_gate_mlw2_trace-610042_b8_k8_isolated,isolated,ours,4,0,iso_sync_ms,1823.818487,recorder
20260826-210624_perlmutter_55838841,ours_l01_s2_gate_mlw2_trace-610042_b8_k8_isolated,isolated,ours,4,1,iso_sync_ms,1662.572183,recorder
20260826-210624_perlmutter_55838841,ours_l01_s2_gate_mlw2_trace-610042_b8_k8_isolated,isolated,ours,4,2,iso_sync_ms,1649.947181,recorder
20260826-210624_perlmutter_55838841,ours_l01_s2_gate_mlw2_trace-610042_b8_k8_isolated,isolated,ours,4,3,iso_sync_ms,1663.986563,recorder
20260826-210624_perlmutter_55838841,ours_l01_s2_gate_mlw2_trace-610042_b8_k8_isolated,isolated,ours,5,0,e2e_ms,193.898117,recorder
20260826-210624_perlmutter_55838841,ours_l01_s2_gate_mlw2_trace-610042_b8_k8_isolated,isolated,ours,5,1,e2e_ms,191.757889,recorder
20260826-210624_perlmutter_55838841,ours_l01_s2_gate_mlw2_trace-610042_b8_k8_isolated,isolated,ours,5,2,e2e_ms,194.936218,recorder
20260826-210624_perlmutter_55838841,ours_l01_s2_gate_mlw2_trace-610042_b8_k8_isolated,isolated,ours,5,3,e2e_ms,193.330017,recorder
20260826-210624_perlmutter_55838841,ours_l01_s2_gate_mlw2_trace-610042_b8_k8_isolated,isolated,ours,5,0,l0_ms,88.965378,recorder
20260826-210624_perlmutter_55838841,ours_l01_s2_gate_mlw2_trace-610042_b8_k8_isolated,isolated,ours,5,1,l0_ms,87.068481,recorder
20260826-210624_perlmutter_55838841,ours_l01_s2_gate_mlw2_trace-610042_b8_k8_isolated,isolated,ours,5,2,l0_ms,89.089409,recorder
20260826-210624_perlmutter_55838841,ours_l01_s2_gate_mlw2_trace-610042_b8_k8_isolated,isolated,ours,5,3,l0_ms,87.968094,recorder
20260826-210624_perlmutter_55838841,ours_l01_s2_gate_mlw2_trace-610042_b8_k8_isolated,isolated,ours,5,0,act_ms,6.796736,recorder
20260826-210624_perlmutter_55838841,ours_l01_s2_gate_mlw2_trace-610042_b8_k8_isolated,isolated,ours,5,1,act_ms,6.426816,recorder
20260826-210624_perlmutter_55838841,ours_l01_s2_gate_mlw2_trace-610042_b8_k8_isolated,isolated,ours,5,2,act_ms,6.4944,recorder
20260826-210624_perlmutter_55838841,ours_l01_s2_gate_mlw2_trace-610042_b8_k8_isolated,isolated,ours,5,3,act_ms,6.950688,recorder
20260826-210624_perlmutter_55838841,ours_l01_s2_gate_mlw2_trace-610042_b8_k8_isolated,isolated,ours,5,0,l1_ms,98.136002,recorder
20260826-210624_perlmutter_55838841,ours_l01_s2_gate_mlw2_trace-610042_b8_k8_isolated,isolated,ours,5,1,l1_ms,98.262589,recorder
20260826-210624_perlmutter_55838841,ours_l01_s2_gate_mlw2_trace-610042_b8_k8_isolated,isolated,ours,5,2,l1_ms,99.352417,recorder
20260826-210624_perlmutter_55838841,ours_l01_s2_gate_mlw2_trace-610042_b8_k8_isolated,isolated,ours,5,3,l1_ms,98.411232,recorder
20260826-210624_perlmutter_55838841,ours_l01_s2_gate_mlw2_trace-610042_b8_k8_isolated,isolated,ours,5,0,plan_comm_ms,0.281248,recorder
20260826-210624_perlmutter_55838841,ours_l01_s2_gate_mlw2_trace-610042_b8_k8_isolated,isolated,ours,5,1,plan_comm_ms,0.738944,recorder
20260826-210624_perlmutter_55838841,ours_l01_s2_gate_mlw2_trace-610042_b8_k8_isolated,isolated,ours,5,2,plan_comm_ms,0.37968,recorder
20260826-210624_perlmutter_55838841,ours_l01_s2_gate_mlw2_trace-610042_b8_k8_isolated,isolated,ours,5,3,plan_comm_ms,0.409504,recorder
20260826-210624_perlmutter_55838841,ours_l01_s2_gate_mlw2_trace-610042_b8_k8_isolated,isolated,ours,5,0,place_ms,1507.233765,recorder
20260826-210624_perlmutter_55838841,ours_l01_s2_gate_mlw2_trace-610042_b8_k8_isolated,isolated,ours,5,1,place_ms,1492.847534,recorder
20260826-210624_perlmutter_55838841,ours_l01_s2_gate_mlw2_trace-610042_b8_k8_isolated,isolated,ours,5,2,place_ms,1447.330566,recorder
20260826-210624_perlmutter_55838841,ours_l01_s2_gate_mlw2_trace-610042_b8_k8_isolated,isolated,ours,5,3,place_ms,1462.588135,recorder
20260826-210624_perlmutter_55838841,ours_l01_s2_gate_mlw2_trace-610042_b8_k8_isolated,isolated,ours,5,0,plan_ms,1.68352,recorder
20260826-210624_perlmutter_55838841,ours_l01_s2_gate_mlw2_trace-610042_b8_k8_isolated,isolated,ours,5,1,plan_ms,2.739296,recorder
20260826-210624_perlmutter_55838841,ours_l01_s2_gate_mlw2_trace-610042_b8_k8_isolated,isolated,ours,5,2,plan_ms,1.871712,recorder
20260826-210624_perlmutter_55838841,ours_l01_s2_gate_mlw2_trace-610042_b8_k8_isolated,isolated,ours,5,3,plan_ms,2.109568,recorder
20260826-210624_perlmutter_55838841,ours_l01_s2_gate_mlw2_trace-610042_b8_k8_isolated,isolated,ours,5,0,total_ms,1703.109863,recorder
20260826-210624_perlmutter_55838841,ours_l01_s2_gate_mlw2_trace-610042_b8_k8_isolated,isolated,ours,5,1,total_ms,1688.097534,recorder
20260826-210624_perlmutter_55838841,ours_l01_s2_gate_mlw2_trace-610042_b8_k8_isolated,isolated,ours,5,2,total_ms,1644.532104,recorder
20260826-210624_perlmutter_55838841,ours_l01_s2_gate_mlw2_trace-610042_b8_k8_isolated,isolated,ours,5,3,total_ms,1658.452271,recorder
20260826-210624_perlmutter_55838841,ours_l01_s2_gate_mlw2_trace-610042_b8_k8_isolated,isolated,ours,5,0,iso_sync_ms,422.007317,recorder
20260826-210624_perlmutter_55838841,ours_l01_s2_gate_mlw2_trace-610042_b8_k8_isolated,isolated,ours,5,1,iso_sync_ms,44.006342,recorder
20260826-210624_perlmutter_55838841,ours_l01_s2_gate_mlw2_trace-610042_b8_k8_isolated,isolated,ours,5,2,iso_sync_ms,70.844602,recorder
20260826-210624_perlmutter_55838841,ours_l01_s2_gate_mlw2_trace-610042_b8_k8_isolated,isolated,ours,5,3,iso_sync_ms,111.61176,recorder
20260826-210624_perlmutter_55838841,ours_l01_s2_gate_mlw2_trace-610042_b8_k8_isolated,isolated,ours,6,0,e2e_ms,193.732483,recorder
20260826-210624_perlmutter_55838841,ours_l01_s2_gate_mlw2_trace-610042_b8_k8_isolated,isolated,ours,6,1,e2e_ms,191.439133,recorder
20260826-210624_perlmutter_55838841,ours_l01_s2_gate_mlw2_trace-610042_b8_k8_isolated,isolated,ours,6,2,e2e_ms,194.908615,recorder
20260826-210624_perlmutter_55838841,ours_l01_s2_gate_mlw2_trace-610042_b8_k8_isolated,isolated,ours,6,3,e2e_ms,193.338364,recorder
20260826-210624_perlmutter_55838841,ours_l01_s2_gate_mlw2_trace-610042_b8_k8_isolated,isolated,ours,6,0,l0_ms,88.641602,recorder
20260826-210624_perlmutter_55838841,ours_l01_s2_gate_mlw2_trace-610042_b8_k8_isolated,isolated,ours,6,1,l0_ms,86.740669,recorder
20260826-210624_perlmutter_55838841,ours_l01_s2_gate_mlw2_trace-610042_b8_k8_isolated,isolated,ours,6,2,l0_ms,88.914909,recorder
20260826-210624_perlmutter_55838841,ours_l01_s2_gate_mlw2_trace-610042_b8_k8_isolated,isolated,ours,6,3,l0_ms,87.828644,recorder
20260826-210624_perlmutter_55838841,ours_l01_s2_gate_mlw2_trace-610042_b8_k8_isolated,isolated,ours,6,0,act_ms,7.059616,recorder
20260826-210624_perlmutter_55838841,ours_l01_s2_gate_mlw2_trace-610042_b8_k8_isolated,isolated,ours,6,1,act_ms,6.487488,recorder
20260826-210624_perlmutter_55838841,ours_l01_s2_gate_mlw2_trace-610042_b8_k8_isolated,isolated,ours,6,2,act_ms,6.746368,recorder
20260826-210624_perlmutter_55838841,ours_l01_s2_gate_mlw2_trace-610042_b8_k8_isolated,isolated,ours,6,3,act_ms,7.14672,recorder
20260826-210624_perlmutter_55838841,ours_l01_s2_gate_mlw2_trace-610042_b8_k8_isolated,isolated,ours,6,0,l1_ms,98.031265,recorder
20260826-210624_perlmutter_55838841,ours_l01_s2_gate_mlw2_trace-610042_b8_k8_isolated,isolated,ours,6,1,l1_ms,98.210976,recorder
20260826-210624_perlmutter_55838841,ours_l01_s2_gate_mlw2_trace-610042_b8_k8_isolated,isolated,ours,6,2,l1_ms,99.24733,recorder
20260826-210624_perlmutter_55838841,ours_l01_s2_gate_mlw2_trace-610042_b8_k8_isolated,isolated,ours,6,3,l1_ms,98.363007,recorder
20260826-210624_perlmutter_55838841,ours_l01_s2_gate_mlw2_trace-610042_b8_k8_isolated,isolated,ours,6,0,plan_comm_ms,0.294816,recorder
20260826-210624_perlmutter_55838841,ours_l01_s2_gate_mlw2_trace-610042_b8_k8_isolated,isolated,ours,6,1,plan_comm_ms,0.651552,recorder
20260826-210624_perlmutter_55838841,ours_l01_s2_gate_mlw2_trace-610042_b8_k8_isolated,isolated,ours,6,2,plan_comm_ms,0.393728,recorder
20260826-210624_perlmutter_55838841,ours_l01_s2_gate_mlw2_trace-610042_b8_k8_isolated,isolated,ours,6,3,plan_comm_ms,0.41856,recorder
20260826-210624_perlmutter_55838841,ours_l01_s2_gate_mlw2_trace-610042_b8_k8_isolated,isolated,ours,6,0,place_ms,1507.354614,recorder
20260826-210624_perlmutter_55838841,ours_l01_s2_gate_mlw2_trace-610042_b8_k8_isolated,isolated,ours,6,1,place_ms,1493.372925,recorder
20260826-210624_perlmutter_55838841,ours_l01_s2_gate_mlw2_trace-610042_b8_k8_isolated,isolated,ours,6,2,place_ms,1447.373291,recorder
20260826-210624_perlmutter_55838841,ours_l01_s2_gate_mlw2_trace-610042_b8_k8_isolated,isolated,ours,6,3,place_ms,1462.628418,recorder
20260826-210624_perlmutter_55838841,ours_l01_s2_gate_mlw2_trace-610042_b8_k8_isolated,isolated,ours,6,0,plan_ms,1.722304,recorder
20260826-210624_perlmutter_55838841,ours_l01_s2_gate_mlw2_trace-610042_b8_k8_isolated,isolated,ours,6,1,plan_ms,2.518784,recorder
20260826-210624_perlmutter_55838841,ours_l01_s2_gate_mlw2_trace-610042_b8_k8_isolated,isolated,ours,6,2,plan_ms,1.841824,recorder
20260826-210624_perlmutter_55838841,ours_l01_s2_gate_mlw2_trace-610042_b8_k8_isolated,isolated,ours,6,3,plan_ms,2.050976,recorder
20260826-210624_perlmutter_55838841,ours_l01_s2_gate_mlw2_trace-610042_b8_k8_isolated,isolated,ours,6,0,total_ms,1703.118774,recorder
20260826-210624_perlmutter_55838841,ours_l01_s2_gate_mlw2_trace-610042_b8_k8_isolated,isolated,ours,6,1,total_ms,1688.000366,recorder
20260826-210624_perlmutter_55838841,ours_l01_s2_gate_mlw2_trace-610042_b8_k8_isolated,isolated,ours,6,2,total_ms,1644.532349,recorder
20260826-210624_perlmutter_55838841,ours_l01_s2_gate_mlw2_trace-610042_b8_k8_isolated,isolated,ours,6,3,total_ms,1658.449951,recorder
20260826-210624_perlmutter_55838841,ours_l01_s2_gate_mlw2_trace-610042_b8_k8_isolated,isolated,ours,6,0,iso_sync_ms,0.411918,recorder
20260826-210624_perlmutter_55838841,ours_l01_s2_gate_mlw2_trace-610042_b8_k8_isolated,isolated,ours,6,1,iso_sync_ms,0.600373,recorder
20260826-210624_perlmutter_55838841,ours_l01_s2_gate_mlw2_trace-610042_b8_k8_isolated,isolated,ours,6,2,iso_sync_ms,0.430103,recorder
20260826-210624_perlmutter_55838841,ours_l01_s2_gate_mlw2_trace-610042_b8_k8_isolated,isolated,ours,6,3,iso_sync_ms,0.40267,recorder
20260826-210624_perlmutter_55838841,ours_l01_s2_gate_mlw2_trace-610042_b8_k8_isolated,isolated,ours,7,0,e2e_ms,193.841919,recorder
20260826-210624_perlmutter_55838841,ours_l01_s2_gate_mlw2_trace-610042_b8_k8_isolated,isolated,ours,7,1,e2e_ms,191.758652,recorder
20260826-210624_perlmutter_55838841,ours_l01_s2_gate_mlw2_trace-610042_b8_k8_isolated,isolated,ours,7,2,e2e_ms,194.918076,recorder
20260826-210624_perlmutter_55838841,ours_l01_s2_gate_mlw2_trace-610042_b8_k8_isolated,isolated,ours,7,3,e2e_ms,193.335129,recorder
20260826-210624_perlmutter_55838841,ours_l01_s2_gate_mlw2_trace-610042_b8_k8_isolated,isolated,ours,7,0,l0_ms,88.785439,recorder
20260826-210624_perlmutter_55838841,ours_l01_s2_gate_mlw2_trace-610042_b8_k8_isolated,isolated,ours,7,1,l0_ms,87.065216,recorder
20260826-210624_perlmutter_55838841,ours_l01_s2_gate_mlw2_trace-610042_b8_k8_isolated,isolated,ours,7,2,l0_ms,88.959518,recorder
20260826-210624_perlmutter_55838841,ours_l01_s2_gate_mlw2_trace-610042_b8_k8_isolated,isolated,ours,7,3,l0_ms,87.853348,recorder
20260826-210624_perlmutter_55838841,ours_l01_s2_gate_mlw2_trace-610042_b8_k8_isolated,isolated,ours,7,0,act_ms,6.940576,recorder
20260826-210624_perlmutter_55838841,ours_l01_s2_gate_mlw2_trace-610042_b8_k8_isolated,isolated,ours,7,1,act_ms,6.398368,recorder
20260826-210624_perlmutter_55838841,ours_l01_s2_gate_mlw2_trace-610042_b8_k8_isolated,isolated,ours,7,2,act_ms,6.652608,recorder
20260826-210624_perlmutter_55838841,ours_l01_s2_gate_mlw2_trace-610042_b8_k8_isolated,isolated,ours,7,3,act_ms,7.053056,recorder
20260826-210624_perlmutter_55838841,ours_l01_s2_gate_mlw2_trace-610042_b8_k8_isolated,isolated,ours,7,0,l1_ms,98.115906,recorder
20260826-210624_perlmutter_55838841,ours_l01_s2_gate_mlw2_trace-610042_b8_k8_isolated,isolated,ours,7,1,l1_ms,98.295074,recorder
20260826-210624_perlmutter_55838841,ours_l01_s2_gate_mlw2_trace-610042_b8_k8_isolated,isolated,ours,7,2,l1_ms,99.305954,recorder
20260826-210624_perlmutter_55838841,ours_l01_s2_gate_mlw2_trace-610042_b8_k8_isolated,isolated,ours,7,3,l1_ms,98.428734,recorder
20260826-210624_perlmutter_55838841,ours_l01_s2_gate_mlw2_trace-610042_b8_k8_isolated,isolated,ours,7,0,plan_comm_ms,0.256256,recorder
20260826-210624_perlmutter_55838841,ours_l01_s2_gate_mlw2_trace-610042_b8_k8_isolated,isolated,ours,7,1,plan_comm_ms,0.713472,recorder
20260826-210624_perlmutter_55838841,ours_l01_s2_gate_mlw2_trace-610042_b8_k8_isolated,isolated,ours,7,2,plan_comm_ms,0.360352,recorder
20260826-210624_perlmutter_55838841,ours_l01_s2_gate_mlw2_trace-610042_b8_k8_isolated,isolated,ours,7,3,plan_comm_ms,0.378816,recorder
20260826-210624_perlmutter_55838841,ours_l01_s2_gate_mlw2_trace-610042_b8_k8_isolated,isolated,ours,7,0,place_ms,1507.303589,recorder
20260826-210624_perlmutter_55838841,ours_l01_s2_gate_mlw2_trace-610042_b8_k8_isolated,isolated,ours,7,1,place_ms,1492.811768,recorder
20260826-210624_perlmutter_55838841,ours_l01_s2_gate_mlw2_trace-610042_b8_k8_isolated,isolated,ours,7,2,place_ms,1447.294678,recorder
20260826-210624_perlmutter_55838841,ours_l01_s2_gate_mlw2_trace-610042_b8_k8_isolated,isolated,ours,7,3,place_ms,1462.5448,recorder
20260826-210624_perlmutter_55838841,ours_l01_s2_gate_mlw2_trace-610042_b8_k8_isolated,isolated,ours,7,0,plan_ms,1.67904,recorder
20260826-210624_perlmutter_55838841,ours_l01_s2_gate_mlw2_trace-610042_b8_k8_isolated,isolated,ours,7,1,plan_ms,2.774912,recorder
20260826-210624_perlmutter_55838841,ours_l01_s2_gate_mlw2_trace-610042_b8_k8_isolated,isolated,ours,7,2,plan_ms,1.916896,recorder
20260826-210624_perlmutter_55838841,ours_l01_s2_gate_mlw2_trace-610042_b8_k8_isolated,isolated,ours,7,3,plan_ms,2.152608,recorder
20260826-210624_perlmutter_55838841,ours_l01_s2_gate_mlw2_trace-610042_b8_k8_isolated,isolated,ours,7,0,total_ms,1703.094238,recorder
20260826-210624_perlmutter_55838841,ours_l01_s2_gate_mlw2_trace-610042_b8_k8_isolated,isolated,ours,7,1,total_ms,1688.07373,recorder
20260826-210624_perlmutter_55838841,ours_l01_s2_gate_mlw2_trace-610042_b8_k8_isolated,isolated,ours,7,2,total_ms,1644.504272,recorder
20260826-210624_perlmutter_55838841,ours_l01_s2_gate_mlw2_trace-610042_b8_k8_isolated,isolated,ours,7,3,total_ms,1658.424805,recorder
20260826-210624_perlmutter_55838841,ours_l01_s2_gate_mlw2_trace-610042_b8_k8_isolated,isolated,ours,7,0,iso_sync_ms,1052.562035,recorder
20260826-210624_perlmutter_55838841,ours_l01_s2_gate_mlw2_trace-610042_b8_k8_isolated,isolated,ours,7,1,iso_sync_ms,1127.372638,recorder
20260826-210624_perlmutter_55838841,ours_l01_s2_gate_mlw2_trace-610042_b8_k8_isolated,isolated,ours,7,2,iso_sync_ms,1117.316421,recorder
20260826-210624_perlmutter_55838841,ours_l01_s2_gate_mlw2_trace-610042_b8_k8_isolated,isolated,ours,7,3,iso_sync_ms,1125.247872,recorder
20260826-210624_perlmutter_55838841,ours_l01_s2_gate_mlw2_trace-610042_b8_k8_isolated,isolated,ours,8,0,e2e_ms,193.863647,recorder
20260826-210624_perlmutter_55838841,ours_l01_s2_gate_mlw2_trace-610042_b8_k8_isolated,isolated,ours,8,1,e2e_ms,191.728638,recorder
20260826-210624_perlmutter_55838841,ours_l01_s2_gate_mlw2_trace-610042_b8_k8_isolated,isolated,ours,8,2,e2e_ms,194.610748,recorder
20260826-210624_perlmutter_55838841,ours_l01_s2_gate_mlw2_trace-610042_b8_k8_isolated,isolated,ours,8,3,e2e_ms,193.014297,recorder
20260826-210624_perlmutter_55838841,ours_l01_s2_gate_mlw2_trace-610042_b8_k8_isolated,isolated,ours,8,0,l0_ms,88.849213,recorder
20260826-210624_perlmutter_55838841,ours_l01_s2_gate_mlw2_trace-610042_b8_k8_isolated,isolated,ours,8,1,l0_ms,87.038658,recorder
20260826-210624_perlmutter_55838841,ours_l01_s2_gate_mlw2_trace-610042_b8_k8_isolated,isolated,ours,8,2,l0_ms,88.686012,recorder
20260826-210624_perlmutter_55838841,ours_l01_s2_gate_mlw2_trace-610042_b8_k8_isolated,isolated,ours,8,3,l0_ms,87.55056,recorder
20260826-210624_perlmutter_55838841,ours_l01_s2_gate_mlw2_trace-610042_b8_k8_isolated,isolated,ours,8,0,act_ms,6.925248,recorder
20260826-210624_perlmutter_55838841,ours_l01_s2_gate_mlw2_trace-610042_b8_k8_isolated,isolated,ours,8,1,act_ms,6.287168,recorder
20260826-210624_perlmutter_55838841,ours_l01_s2_gate_mlw2_trace-610042_b8_k8_isolated,isolated,ours,8,2,act_ms,6.704096,recorder
20260826-210624_perlmutter_55838841,ours_l01_s2_gate_mlw2_trace-610042_b8_k8_isolated,isolated,ours,8,3,act_ms,6.8864,recorder
20260826-210624_perlmutter_55838841,ours_l01_s2_gate_mlw2_trace-610042_b8_k8_isolated,isolated,ours,8,0,l1_ms,98.089188,recorder
20260826-210624_perlmutter_55838841,ours_l01_s2_gate_mlw2_trace-610042_b8_k8_isolated,isolated,ours,8,1,l1_ms,98.402817,recorder
20260826-210624_perlmutter_55838841,ours_l01_s2_gate_mlw2_trace-610042_b8_k8_isolated,isolated,ours,8,2,l1_ms,99.220642,recorder
20260826-210624_perlmutter_55838841,ours_l01_s2_gate_mlw2_trace-610042_b8_k8_isolated,isolated,ours,8,3,l1_ms,98.577347,recorder
20260826-210624_perlmutter_55838841,ours_l01_s2_gate_mlw2_trace-610042_b8_k8_isolated,isolated,ours,8,0,plan_comm_ms,0.304,recorder
20260826-210624_perlmutter_55838841,ours_l01_s2_gate_mlw2_trace-610042_b8_k8_isolated,isolated,ours,8,1,plan_comm_ms,0.754176,recorder
20260826-210624_perlmutter_55838841,ours_l01_s2_gate_mlw2_trace-610042_b8_k8_isolated,isolated,ours,8,2,plan_comm_ms,0.354944,recorder
20260826-210624_perlmutter_55838841,ours_l01_s2_gate_mlw2_trace-610042_b8_k8_isolated,isolated,ours,8,3,plan_comm_ms,0.353792,recorder
20260826-210624_perlmutter_55838841,ours_l01_s2_gate_mlw2_trace-610042_b8_k8_isolated,isolated,ours,8,0,place_ms,1507.218018,recorder
20260826-210624_perlmutter_55838841,ours_l01_s2_gate_mlw2_trace-610042_b8_k8_isolated,isolated,ours,8,1,place_ms,1492.586182,recorder
20260826-210624_perlmutter_55838841,ours_l01_s2_gate_mlw2_trace-610042_b8_k8_isolated,isolated,ours,8,2,place_ms,1447.481201,recorder
20260826-210624_perlmutter_55838841,ours_l01_s2_gate_mlw2_trace-610042_b8_k8_isolated,isolated,ours,8,3,place_ms,1462.935669,recorder
20260826-210624_perlmutter_55838841,ours_l01_s2_gate_mlw2_trace-610042_b8_k8_isolated,isolated,ours,8,0,plan_ms,1.714784,recorder
20260826-210624_perlmutter_55838841,ours_l01_s2_gate_mlw2_trace-610042_b8_k8_isolated,isolated,ours,8,1,plan_ms,3.015808,recorder
20260826-210624_perlmutter_55838841,ours_l01_s2_gate_mlw2_trace-610042_b8_k8_isolated,isolated,ours,8,2,plan_ms,2.01584,recorder
20260826-210624_perlmutter_55838841,ours_l01_s2_gate_mlw2_trace-610042_b8_k8_isolated,isolated,ours,8,3,plan_ms,2.081376,recorder
20260826-210624_perlmutter_55838841,ours_l01_s2_gate_mlw2_trace-610042_b8_k8_isolated,isolated,ours,8,0,total_ms,1703.115479,recorder
20260826-210624_perlmutter_55838841,ours_l01_s2_gate_mlw2_trace-610042_b8_k8_isolated,isolated,ours,8,1,total_ms,1688.098999,recorder
20260826-210624_perlmutter_55838841,ours_l01_s2_gate_mlw2_trace-610042_b8_k8_isolated,isolated,ours,8,2,total_ms,1644.477539,recorder
20260826-210624_perlmutter_55838841,ours_l01_s2_gate_mlw2_trace-610042_b8_k8_isolated,isolated,ours,8,3,total_ms,1658.400024,recorder
20260826-210624_perlmutter_55838841,ours_l01_s2_gate_mlw2_trace-610042_b8_k8_isolated,isolated,ours,8,0,iso_sync_ms,1280.511783,recorder
20260826-210624_perlmutter_55838841,ours_l01_s2_gate_mlw2_trace-610042_b8_k8_isolated,isolated,ours,8,1,iso_sync_ms,1175.042596,recorder
20260826-210624_perlmutter_55838841,ours_l01_s2_gate_mlw2_trace-610042_b8_k8_isolated,isolated,ours,8,2,iso_sync_ms,1158.39843,recorder
20260826-210624_perlmutter_55838841,ours_l01_s2_gate_mlw2_trace-610042_b8_k8_isolated,isolated,ours,8,3,iso_sync_ms,1159.280297,recorder
20260826-210624_perlmutter_55838841,ours_l01_s2_gate_mlw2_trace-610042_b8_k8_isolated,isolated,ours,9,0,e2e_ms,193.852798,recorder
20260826-210624_perlmutter_55838841,ours_l01_s2_gate_mlw2_trace-610042_b8_k8_isolated,isolated,ours,9,1,e2e_ms,191.739807,recorder
20260826-210624_perlmutter_55838841,ours_l01_s2_gate_mlw2_trace-610042_b8_k8_isolated,isolated,ours,9,2,e2e_ms,194.618683,recorder
20260826-210624_perlmutter_55838841,ours_l01_s2_gate_mlw2_trace-610042_b8_k8_isolated,isolated,ours,9,3,e2e_ms,193.345016,recorder
20260826-210624_perlmutter_55838841,ours_l01_s2_gate_mlw2_trace-610042_b8_k8_isolated,isolated,ours,9,0,l0_ms,88.835007,recorder
20260826-210624_perlmutter_55838841,ours_l01_s2_gate_mlw2_trace-610042_b8_k8_isolated,isolated,ours,9,1,l0_ms,87.05011,recorder
20260826-210624_perlmutter_55838841,ours_l01_s2_gate_mlw2_trace-610042_b8_k8_isolated,isolated,ours,9,2,l0_ms,88.688576,recorder
20260826-210624_perlmutter_55838841,ours_l01_s2_gate_mlw2_trace-610042_b8_k8_isolated,isolated,ours,9,3,l0_ms,87.88208,recorder
20260826-210624_perlmutter_55838841,ours_l01_s2_gate_mlw2_trace-610042_b8_k8_isolated,isolated,ours,9,0,act_ms,6.79616,recorder
20260826-210624_perlmutter_55838841,ours_l01_s2_gate_mlw2_trace-610042_b8_k8_isolated,isolated,ours,9,1,act_ms,6.174272,recorder
20260826-210624_perlmutter_55838841,ours_l01_s2_gate_mlw2_trace-610042_b8_k8_isolated,isolated,ours,9,2,act_ms,6.610464,recorder
20260826-210624_perlmutter_55838841,ours_l01_s2_gate_mlw2_trace-610042_b8_k8_isolated,isolated,ours,9,3,act_ms,6.733472,recorder
20260826-210624_perlmutter_55838841,ours_l01_s2_gate_mlw2_trace-610042_b8_k8_isolated,isolated,ours,9,0,l1_ms,98.221634,recorder
20260826-210624_perlmutter_55838841,ours_l01_s2_gate_mlw2_trace-610042_b8_k8_isolated,isolated,ours,9,1,l1_ms,98.515427,recorder
20260826-210624_perlmutter_55838841,ours_l01_s2_gate_mlw2_trace-610042_b8_k8_isolated,isolated,ours,9,2,l1_ms,99.319649,recorder
20260826-210624_perlmutter_55838841,ours_l01_s2_gate_mlw2_trace-610042_b8_k8_isolated,isolated,ours,9,3,l1_ms,98.729469,recorder
20260826-210624_perlmutter_55838841,ours_l01_s2_gate_mlw2_trace-610042_b8_k8_isolated,isolated,ours,9,0,plan_comm_ms,0.286304,recorder
20260826-210624_perlmutter_55838841,ours_l01_s2_gate_mlw2_trace-610042_b8_k8_isolated,isolated,ours,9,1,plan_comm_ms,0.759552,recorder
20260826-210624_perlmutter_55838841,ours_l01_s2_gate_mlw2_trace-610042_b8_k8_isolated,isolated,ours,9,2,plan_comm_ms,0.36624,recorder
20260826-210624_perlmutter_55838841,ours_l01_s2_gate_mlw2_trace-610042_b8_k8_isolated,isolated,ours,9,3,plan_comm_ms,0.43376,recorder
20260826-210624_perlmutter_55838841,ours_l01_s2_gate_mlw2_trace-610042_b8_k8_isolated,isolated,ours,9,0,place_ms,1507.085693,recorder
20260826-210624_perlmutter_55838841,ours_l01_s2_gate_mlw2_trace-610042_b8_k8_isolated,isolated,ours,9,1,place_ms,1492.529541,recorder
20260826-210624_perlmutter_55838841,ours_l01_s2_gate_mlw2_trace-610042_b8_k8_isolated,isolated,ours,9,2,place_ms,1447.541016,recorder
20260826-210624_perlmutter_55838841,ours_l01_s2_gate_mlw2_trace-610042_b8_k8_isolated,isolated,ours,9,3,place_ms,1462.54834,recorder
20260826-210624_perlmutter_55838841,ours_l01_s2_gate_mlw2_trace-610042_b8_k8_isolated,isolated,ours,9,0,plan_ms,1.879808,recorder
20260826-210624_perlmutter_55838841,ours_l01_s2_gate_mlw2_trace-610042_b8_k8_isolated,isolated,ours,9,1,plan_ms,3.085216,recorder
20260826-210624_perlmutter_55838841,ours_l01_s2_gate_mlw2_trace-610042_b8_k8_isolated,isolated,ours,9,2,plan_ms,1.988832,recorder
20260826-210624_perlmutter_55838841,ours_l01_s2_gate_mlw2_trace-610042_b8_k8_isolated,isolated,ours,9,3,plan_ms,2.16384,recorder
20260826-210624_perlmutter_55838841,ours_l01_s2_gate_mlw2_trace-610042_b8_k8_isolated,isolated,ours,9,0,total_ms,1703.119629,recorder
20260826-210624_perlmutter_55838841,ours_l01_s2_gate_mlw2_trace-610042_b8_k8_isolated,isolated,ours,9,1,total_ms,1688.128174,recorder
20260826-210624_perlmutter_55838841,ours_l01_s2_gate_mlw2_trace-610042_b8_k8_isolated,isolated,ours,9,2,total_ms,1644.528442,recorder
20260826-210624_perlmutter_55838841,ours_l01_s2_gate_mlw2_trace-610042_b8_k8_isolated,isolated,ours,9,3,total_ms,1658.506104,recorder
20260826-210624_perlmutter_55838841,ours_l01_s2_gate_mlw2_trace-610042_b8_k8_isolated,isolated,ours,9,0,iso_sync_ms,473.639166,recorder
20260826-210624_perlmutter_55838841,ours_l01_s2_gate_mlw2_trace-610042_b8_k8_isolated,isolated,ours,9,1,iso_sync_ms,343.730374,recorder
20260826-210624_perlmutter_55838841,ours_l01_s2_gate_mlw2_trace-610042_b8_k8_isolated,isolated,ours,9,2,iso_sync_ms,321.45042,recorder
20260826-210624_perlmutter_55838841,ours_l01_s2_gate_mlw2_trace-610042_b8_k8_isolated,isolated,ours,9,3,iso_sync_ms,329.741137,recorder
20260826-210624_perlmutter_55838841,ours_l01_s2_gate_mlw2_trace-610042_b8_k8_isolated,isolated,ours,10,0,e2e_ms,193.85881,recorder
20260826-210624_perlmutter_55838841,ours_l01_s2_gate_mlw2_trace-610042_b8_k8_isolated,isolated,ours,10,1,e2e_ms,191.745407,recorder
20260826-210624_perlmutter_55838841,ours_l01_s2_gate_mlw2_trace-610042_b8_k8_isolated,isolated,ours,10,2,e2e_ms,194.857178,recorder
20260826-210624_perlmutter_55838841,ours_l01_s2_gate_mlw2_trace-610042_b8_k8_isolated,isolated,ours,10,3,e2e_ms,193.353378,recorder
20260826-210624_perlmutter_55838841,ours_l01_s2_gate_mlw2_trace-610042_b8_k8_isolated,isolated,ours,10,0,l0_ms,88.860001,recorder
20260826-210624_perlmutter_55838841,ours_l01_s2_gate_mlw2_trace-610042_b8_k8_isolated,isolated,ours,10,1,l0_ms,86.899811,recorder
20260826-210624_perlmutter_55838841,ours_l01_s2_gate_mlw2_trace-610042_b8_k8_isolated,isolated,ours,10,2,l0_ms,89.047554,recorder
20260826-210624_perlmutter_55838841,ours_l01_s2_gate_mlw2_trace-610042_b8_k8_isolated,isolated,ours,10,3,l0_ms,87.913437,recorder
20260826-210624_perlmutter_55838841,ours_l01_s2_gate_mlw2_trace-610042_b8_k8_isolated,isolated,ours,10,0,act_ms,6.744608,recorder
20260826-210624_perlmutter_55838841,ours_l01_s2_gate_mlw2_trace-610042_b8_k8_isolated,isolated,ours,10,1,act_ms,6.355552,recorder
20260826-210624_perlmutter_55838841,ours_l01_s2_gate_mlw2_trace-610042_b8_k8_isolated,isolated,ours,10,2,act_ms,6.594432,recorder
20260826-210624_perlmutter_55838841,ours_l01_s2_gate_mlw2_trace-610042_b8_k8_isolated,isolated,ours,10,3,act_ms,6.744768,recorder
20260826-210624_perlmutter_55838841,ours_l01_s2_gate_mlw2_trace-610042_b8_k8_isolated,isolated,ours,10,0,l1_ms,98.254211,recorder
20260826-210624_perlmutter_55838841,ours_l01_s2_gate_mlw2_trace-610042_b8_k8_isolated,isolated,ours,10,1,l1_ms,98.490051,recorder
20260826-210624_perlmutter_55838841,ours_l01_s2_gate_mlw2_trace-610042_b8_k8_isolated,isolated,ours,10,2,l1_ms,99.215202,recorder
20260826-210624_perlmutter_55838841,ours_l01_s2_gate_mlw2_trace-610042_b8_k8_isolated,isolated,ours,10,3,l1_ms,98.695168,recorder
20260826-210624_perlmutter_55838841,ours_l01_s2_gate_mlw2_trace-610042_b8_k8_isolated,isolated,ours,10,0,plan_comm_ms,0.342464,recorder
20260826-210624_perlmutter_55838841,ours_l01_s2_gate_mlw2_trace-610042_b8_k8_isolated,isolated,ours,10,1,plan_comm_ms,0.753984,recorder
20260826-210624_perlmutter_55838841,ours_l01_s2_gate_mlw2_trace-610042_b8_k8_isolated,isolated,ours,10,2,plan_comm_ms,0.415264,recorder
20260826-210624_perlmutter_55838841,ours_l01_s2_gate_mlw2_trace-610042_b8_k8_isolated,isolated,ours,10,3,plan_comm_ms,0.432576,recorder
20260826-210624_perlmutter_55838841,ours_l01_s2_gate_mlw2_trace-610042_b8_k8_isolated,isolated,ours,10,0,place_ms,1507.14502,recorder
20260826-210624_perlmutter_55838841,ours_l01_s2_gate_mlw2_trace-610042_b8_k8_isolated,isolated,ours,10,1,place_ms,1492.554688,recorder
20260826-210624_perlmutter_55838841,ours_l01_s2_gate_mlw2_trace-610042_b8_k8_isolated,isolated,ours,10,2,place_ms,1447.186035,recorder
20260826-210624_perlmutter_55838841,ours_l01_s2_gate_mlw2_trace-610042_b8_k8_isolated,isolated,ours,10,3,place_ms,1462.596436,recorder
20260826-210624_perlmutter_55838841,ours_l01_s2_gate_mlw2_trace-610042_b8_k8_isolated,isolated,ours,10,0,plan_ms,1.81952,recorder
20260826-210624_perlmutter_55838841,ours_l01_s2_gate_mlw2_trace-610042_b8_k8_isolated,isolated,ours,10,1,plan_ms,3.050336,recorder
20260826-210624_perlmutter_55838841,ours_l01_s2_gate_mlw2_trace-610042_b8_k8_isolated,isolated,ours,10,2,plan_ms,2.011264,recorder
20260826-210624_perlmutter_55838841,ours_l01_s2_gate_mlw2_trace-610042_b8_k8_isolated,isolated,ours,10,3,plan_ms,2.106272,recorder
20260826-210624_perlmutter_55838841,ours_l01_s2_gate_mlw2_trace-610042_b8_k8_isolated,isolated,ours,10,0,total_ms,1703.180786,recorder
20260826-210624_perlmutter_55838841,ours_l01_s2_gate_mlw2_trace-610042_b8_k8_isolated,isolated,ours,10,1,total_ms,1688.120361,recorder
20260826-210624_perlmutter_55838841,ours_l01_s2_gate_mlw2_trace-610042_b8_k8_isolated,isolated,ours,10,2,total_ms,1644.484253,recorder
20260826-210624_perlmutter_55838841,ours_l01_s2_gate_mlw2_trace-610042_b8_k8_isolated,isolated,ours,10,3,total_ms,1658.501465,recorder
20260826-210624_perlmutter_55838841,ours_l01_s2_gate_mlw2_trace-610042_b8_k8_isolated,isolated,ours,10,0,iso_sync_ms,740.030602,recorder
20260826-210624_perlmutter_55838841,ours_l01_s2_gate_mlw2_trace-610042_b8_k8_isolated,isolated,ours,10,1,iso_sync_ms,986.319629,recorder
20260826-210624_perlmutter_55838841,ours_l01_s2_gate_mlw2_trace-610042_b8_k8_isolated,isolated,ours,10,2,iso_sync_ms,1014.546384,recorder
20260826-210624_perlmutter_55838841,ours_l01_s2_gate_mlw2_trace-610042_b8_k8_isolated,isolated,ours,10,3,iso_sync_ms,1032.673981,recorder
20260826-210624_perlmutter_55838841,ours_l01_s2_gate_mlw2_trace-610042_b8_k8_isolated,isolated,ours,11,0,e2e_ms,193.895111,recorder
20260826-210624_perlmutter_55838841,ours_l01_s2_gate_mlw2_trace-610042_b8_k8_isolated,isolated,ours,11,1,e2e_ms,191.601791,recorder
20260826-210624_perlmutter_55838841,ours_l01_s2_gate_mlw2_trace-610042_b8_k8_isolated,isolated,ours,11,2,e2e_ms,194.872513,recorder
20260826-210624_perlmutter_55838841,ours_l01_s2_gate_mlw2_trace-610042_b8_k8_isolated,isolated,ours,11,3,e2e_ms,193.369949,recorder
20260826-210624_perlmutter_55838841,ours_l01_s2_gate_mlw2_trace-610042_b8_k8_isolated,isolated,ours,11,0,l0_ms,88.902817,recorder
20260826-210624_perlmutter_55838841,ours_l01_s2_gate_mlw2_trace-610042_b8_k8_isolated,isolated,ours,11,1,l0_ms,86.793152,recorder
20260826-210624_perlmutter_55838841,ours_l01_s2_gate_mlw2_trace-610042_b8_k8_isolated,isolated,ours,11,2,l0_ms,89.065598,recorder
20260826-210624_perlmutter_55838841,ours_l01_s2_gate_mlw2_trace-610042_b8_k8_isolated,isolated,ours,11,3,l0_ms,87.935425,recorder
20260826-210624_perlmutter_55838841,ours_l01_s2_gate_mlw2_trace-610042_b8_k8_isolated,isolated,ours,11,0,act_ms,7.396224,recorder
20260826-210624_perlmutter_55838841,ours_l01_s2_gate_mlw2_trace-610042_b8_k8_isolated,isolated,ours,11,1,act_ms,6.490368,recorder
20260826-210624_perlmutter_55838841,ours_l01_s2_gate_mlw2_trace-610042_b8_k8_isolated,isolated,ours,11,2,act_ms,6.769696,recorder
20260826-210624_perlmutter_55838841,ours_l01_s2_gate_mlw2_trace-610042_b8_k8_isolated,isolated,ours,11,3,act_ms,6.848128,recorder
20260826-210624_perlmutter_55838841,ours_l01_s2_gate_mlw2_trace-610042_b8_k8_isolated,isolated,ours,11,0,l1_ms,97.596062,recorder
20260826-210624_perlmutter_55838841,ours_l01_s2_gate_mlw2_trace-610042_b8_k8_isolated,isolated,ours,11,1,l1_ms,98.318275,recorder
20260826-210624_perlmutter_55838841,ours_l01_s2_gate_mlw2_trace-610042_b8_k8_isolated,isolated,ours,11,2,l1_ms,99.037216,recorder
20260826-210624_perlmutter_55838841,ours_l01_s2_gate_mlw2_trace-610042_b8_k8_isolated,isolated,ours,11,3,l1_ms,98.586403,recorder
20260826-210624_perlmutter_55838841,ours_l01_s2_gate_mlw2_trace-610042_b8_k8_isolated,isolated,ours,11,0,plan_comm_ms,0.315392,recorder
20260826-210624_perlmutter_55838841,ours_l01_s2_gate_mlw2_trace-610042_b8_k8_isolated,isolated,ours,11,1,plan_comm_ms,0.610528,recorder
20260826-210624_perlmutter_55838841,ours_l01_s2_gate_mlw2_trace-610042_b8_k8_isolated,isolated,ours,11,2,plan_comm_ms,0.405248,recorder
20260826-210624_perlmutter_55838841,ours_l01_s2_gate_mlw2_trace-610042_b8_k8_isolated,isolated,ours,11,3,plan_comm_ms,0.413408,recorder
20260826-210624_perlmutter_55838841,ours_l01_s2_gate_mlw2_trace-610042_b8_k8_isolated,isolated,ours,11,0,place_ms,1507.281006,recorder
20260826-210624_perlmutter_55838841,ours_l01_s2_gate_mlw2_trace-610042_b8_k8_isolated,isolated,ours,11,1,place_ms,1492.796143,recorder
20260826-210624_perlmutter_55838841,ours_l01_s2_gate_mlw2_trace-610042_b8_k8_isolated,isolated,ours,11,2,place_ms,1447.355469,recorder
20260826-210624_perlmutter_55838841,ours_l01_s2_gate_mlw2_trace-610042_b8_k8_isolated,isolated,ours,11,3,place_ms,1462.720337,recorder
20260826-210624_perlmutter_55838841,ours_l01_s2_gate_mlw2_trace-610042_b8_k8_isolated,isolated,ours,11,0,plan_ms,1.656512,recorder
20260826-210624_perlmutter_55838841,ours_l01_s2_gate_mlw2_trace-610042_b8_k8_isolated,isolated,ours,11,1,plan_ms,3.041248,recorder
20260826-210624_perlmutter_55838841,ours_l01_s2_gate_mlw2_trace-610042_b8_k8_isolated,isolated,ours,11,2,plan_ms,1.83216,recorder
20260826-210624_perlmutter_55838841,ours_l01_s2_gate_mlw2_trace-610042_b8_k8_isolated,isolated,ours,11,3,plan_ms,1.99776,recorder
20260826-210624_perlmutter_55838841,ours_l01_s2_gate_mlw2_trace-610042_b8_k8_isolated,isolated,ours,11,0,total_ms,1703.161011,recorder
20260826-210624_perlmutter_55838841,ours_l01_s2_gate_mlw2_trace-610042_b8_k8_isolated,isolated,ours,11,1,total_ms,1688.064087,recorder
20260826-210624_perlmutter_55838841,ours_l01_s2_gate_mlw2_trace-610042_b8_k8_isolated,isolated,ours,11,2,total_ms,1644.47876,recorder
20260826-210624_perlmutter_55838841,ours_l01_s2_gate_mlw2_trace-610042_b8_k8_isolated,isolated,ours,11,3,total_ms,1658.515259,recorder
20260826-210624_perlmutter_55838841,ours_l01_s2_gate_mlw2_trace-610042_b8_k8_isolated,isolated,ours,11,0,iso_sync_ms,1283.998795,recorder
20260826-210624_perlmutter_55838841,ours_l01_s2_gate_mlw2_trace-610042_b8_k8_isolated,isolated,ours,11,1,iso_sync_ms,1179.290598,recorder
20260826-210624_perlmutter_55838841,ours_l01_s2_gate_mlw2_trace-610042_b8_k8_isolated,isolated,ours,11,2,iso_sync_ms,1155.069256,recorder
20260826-210624_perlmutter_55838841,ours_l01_s2_gate_mlw2_trace-610042_b8_k8_isolated,isolated,ours,11,3,iso_sync_ms,1152.555821,recorder
20260826-210624_perlmutter_55838841,ours_l01_s2_gate_mlw2_trace-610042_b8_k8_isolated,isolated,ours,12,0,e2e_ms,193.764709,recorder
20260826-210624_perlmutter_55838841,ours_l01_s2_gate_mlw2_trace-610042_b8_k8_isolated,isolated,ours,12,1,e2e_ms,191.497437,recorder
20260826-210624_perlmutter_55838841,ours_l01_s2_gate_mlw2_trace-610042_b8_k8_isolated,isolated,ours,12,2,e2e_ms,194.755646,recorder
20260826-210624_perlmutter_55838841,ours_l01_s2_gate_mlw2_trace-610042_b8_k8_isolated,isolated,ours,12,3,e2e_ms,193.337158,recorder
20260826-210624_perlmutter_55838841,ours_l01_s2_gate_mlw2_trace-610042_b8_k8_isolated,isolated,ours,12,0,l0_ms,88.875618,recorder
20260826-210624_perlmutter_55838841,ours_l01_s2_gate_mlw2_trace-610042_b8_k8_isolated,isolated,ours,12,1,l0_ms,86.856644,recorder
20260826-210624_perlmutter_55838841,ours_l01_s2_gate_mlw2_trace-610042_b8_k8_isolated,isolated,ours,12,2,l0_ms,88.93766,recorder
20260826-210624_perlmutter_55838841,ours_l01_s2_gate_mlw2_trace-610042_b8_k8_isolated,isolated,ours,12,3,l0_ms,87.905151,recorder
20260826-210624_perlmutter_55838841,ours_l01_s2_gate_mlw2_trace-610042_b8_k8_isolated,isolated,ours,12,0,act_ms,6.653216,recorder
20260826-210624_perlmutter_55838841,ours_l01_s2_gate_mlw2_trace-610042_b8_k8_isolated,isolated,ours,12,1,act_ms,6.190336,recorder
20260826-210624_perlmutter_55838841,ours_l01_s2_gate_mlw2_trace-610042_b8_k8_isolated,isolated,ours,12,2,act_ms,6.329504,recorder
20260826-210624_perlmutter_55838841,ours_l01_s2_gate_mlw2_trace-610042_b8_k8_isolated,isolated,ours,12,3,act_ms,6.578624,recorder
20260826-210624_perlmutter_55838841,ours_l01_s2_gate_mlw2_trace-610042_b8_k8_isolated,isolated,ours,12,0,l1_ms,98.23587,recorder
20260826-210624_perlmutter_55838841,ours_l01_s2_gate_mlw2_trace-610042_b8_k8_isolated,isolated,ours,12,1,l1_ms,98.450462,recorder
20260826-210624_perlmutter_55838841,ours_l01_s2_gate_mlw2_trace-610042_b8_k8_isolated,isolated,ours,12,2,l1_ms,99.48848,recorder
20260826-210624_perlmutter_55838841,ours_l01_s2_gate_mlw2_trace-610042_b8_k8_isolated,isolated,ours,12,3,l1_ms,98.853378,recorder
20260826-210624_perlmutter_55838841,ours_l01_s2_gate_mlw2_trace-610042_b8_k8_isolated,isolated,ours,12,0,plan_comm_ms,0.294656,recorder
20260826-210624_perlmutter_55838841,ours_l01_s2_gate_mlw2_trace-610042_b8_k8_isolated,isolated,ours,12,1,plan_comm_ms,0.675584,recorder
20260826-210624_perlmutter_55838841,ours_l01_s2_gate_mlw2_trace-610042_b8_k8_isolated,isolated,ours,12,2,plan_comm_ms,0.372672,recorder
20260826-210624_perlmutter_55838841,ours_l01_s2_gate_mlw2_trace-610042_b8_k8_isolated,isolated,ours,12,3,plan_comm_ms,0.383168,recorder
20260826-210624_perlmutter_55838841,ours_l01_s2_gate_mlw2_trace-610042_b8_k8_isolated,isolated,ours,12,0,place_ms,1506.791626,recorder
20260826-210624_perlmutter_55838841,ours_l01_s2_gate_mlw2_trace-610042_b8_k8_isolated,isolated,ours,12,1,place_ms,1492.853149,recorder
20260826-210624_perlmutter_55838841,ours_l01_s2_gate_mlw2_trace-610042_b8_k8_isolated,isolated,ours,12,2,place_ms,1446.835693,recorder
20260826-210624_perlmutter_55838841,ours_l01_s2_gate_mlw2_trace-610042_b8_k8_isolated,isolated,ours,12,3,place_ms,1462.303955,recorder
20260826-210624_perlmutter_55838841,ours_l01_s2_gate_mlw2_trace-610042_b8_k8_isolated,isolated,ours,12,0,plan_ms,2.159424,recorder
20260826-210624_perlmutter_55838841,ours_l01_s2_gate_mlw2_trace-610042_b8_k8_isolated,isolated,ours,12,1,plan_ms,2.853088,recorder
20260826-210624_perlmutter_55838841,ours_l01_s2_gate_mlw2_trace-610042_b8_k8_isolated,isolated,ours,12,2,plan_ms,2.46128,recorder
20260826-210624_perlmutter_55838841,ours_l01_s2_gate_mlw2_trace-610042_b8_k8_isolated,isolated,ours,12,3,plan_ms,2.418944,recorder
20260826-210624_perlmutter_55838841,ours_l01_s2_gate_mlw2_trace-610042_b8_k8_isolated,isolated,ours,12,0,total_ms,1703.02417,recorder
20260826-210624_perlmutter_55838841,ours_l01_s2_gate_mlw2_trace-610042_b8_k8_isolated,isolated,ours,12,1,total_ms,1687.893799,recorder
20260826-210624_perlmutter_55838841,ours_l01_s2_gate_mlw2_trace-610042_b8_k8_isolated,isolated,ours,12,2,total_ms,1644.439209,recorder
20260826-210624_perlmutter_55838841,ours_l01_s2_gate_mlw2_trace-610042_b8_k8_isolated,isolated,ours,12,3,total_ms,1658.45752,recorder
20260826-210624_perlmutter_55838841,ours_l01_s2_gate_mlw2_trace-610042_b8_k8_isolated,isolated,ours,12,0,iso_sync_ms,905.022324,recorder
20260826-210624_perlmutter_55838841,ours_l01_s2_gate_mlw2_trace-610042_b8_k8_isolated,isolated,ours,12,1,iso_sync_ms,1146.933409,recorder
20260826-210624_perlmutter_55838841,ours_l01_s2_gate_mlw2_trace-610042_b8_k8_isolated,isolated,ours,12,2,iso_sync_ms,1133.057316,recorder
20260826-210624_perlmutter_55838841,ours_l01_s2_gate_mlw2_trace-610042_b8_k8_isolated,isolated,ours,12,3,iso_sync_ms,1115.865142,recorder
20260826-210624_perlmutter_55838841,ours_l01_s2_gate_mlw2_trace-610042_b8_k8_isolated,isolated,ours,13,0,e2e_ms,193.77594,recorder
20260826-210624_perlmutter_55838841,ours_l01_s2_gate_mlw2_trace-610042_b8_k8_isolated,isolated,ours,13,1,e2e_ms,191.642746,recorder
20260826-210624_perlmutter_55838841,ours_l01_s2_gate_mlw2_trace-610042_b8_k8_isolated,isolated,ours,13,2,e2e_ms,194.837631,recorder
20260826-210624_perlmutter_55838841,ours_l01_s2_gate_mlw2_trace-610042_b8_k8_isolated,isolated,ours,13,3,e2e_ms,193.376709,recorder
20260826-210624_perlmutter_55838841,ours_l01_s2_gate_mlw2_trace-610042_b8_k8_isolated,isolated,ours,13,0,l0_ms,88.886909,recorder
20260826-210624_perlmutter_55838841,ours_l01_s2_gate_mlw2_trace-610042_b8_k8_isolated,isolated,ours,13,1,l0_ms,86.979134,recorder
20260826-210624_perlmutter_55838841,ours_l01_s2_gate_mlw2_trace-610042_b8_k8_isolated,isolated,ours,13,2,l0_ms,89.021347,recorder
20260826-210624_perlmutter_55838841,ours_l01_s2_gate_mlw2_trace-610042_b8_k8_isolated,isolated,ours,13,3,l0_ms,87.944481,recorder
20260826-210624_perlmutter_55838841,ours_l01_s2_gate_mlw2_trace-610042_b8_k8_isolated,isolated,ours,13,0,act_ms,6.542688,recorder
20260826-210624_perlmutter_55838841,ours_l01_s2_gate_mlw2_trace-610042_b8_k8_isolated,isolated,ours,13,1,act_ms,6.12256,recorder
20260826-210624_perlmutter_55838841,ours_l01_s2_gate_mlw2_trace-610042_b8_k8_isolated,isolated,ours,13,2,act_ms,6.278656,recorder
20260826-210624_perlmutter_55838841,ours_l01_s2_gate_mlw2_trace-610042_b8_k8_isolated,isolated,ours,13,3,act_ms,6.563424,recorder
20260826-210624_perlmutter_55838841,ours_l01_s2_gate_mlw2_trace-610042_b8_k8_isolated,isolated,ours,13,0,l1_ms,98.346336,recorder
20260826-210624_perlmutter_55838841,ours_l01_s2_gate_mlw2_trace-610042_b8_k8_isolated,isolated,ours,13,1,l1_ms,98.541054,recorder
20260826-210624_perlmutter_55838841,ours_l01_s2_gate_mlw2_trace-610042_b8_k8_isolated,isolated,ours,13,2,l1_ms,99.537636,recorder
20260826-210624_perlmutter_55838841,ours_l01_s2_gate_mlw2_trace-610042_b8_k8_isolated,isolated,ours,13,3,l1_ms,98.868797,recorder
20260826-210624_perlmutter_55838841,ours_l01_s2_gate_mlw2_trace-610042_b8_k8_isolated,isolated,ours,13,0,plan_comm_ms,0.297312,recorder
20260826-210624_perlmutter_55838841,ours_l01_s2_gate_mlw2_trace-610042_b8_k8_isolated,isolated,ours,13,1,plan_comm_ms,0.73584,recorder
20260826-210624_perlmutter_55838841,ours_l01_s2_gate_mlw2_trace-610042_b8_k8_isolated,isolated,ours,13,2,plan_comm_ms,0.391968,recorder
20260826-210624_perlmutter_55838841,ours_l01_s2_gate_mlw2_trace-610042_b8_k8_isolated,isolated,ours,13,3,plan_comm_ms,0.38672,recorder
20260826-210624_perlmutter_55838841,ours_l01_s2_gate_mlw2_trace-610042_b8_k8_isolated,isolated,ours,13,0,place_ms,1506.82019,recorder
20260826-210624_perlmutter_55838841,ours_l01_s2_gate_mlw2_trace-610042_b8_k8_isolated,isolated,ours,13,1,place_ms,1492.523682,recorder
20260826-210624_perlmutter_55838841,ours_l01_s2_gate_mlw2_trace-610042_b8_k8_isolated,isolated,ours,13,2,place_ms,1446.847778,recorder
20260826-210624_perlmutter_55838841,ours_l01_s2_gate_mlw2_trace-610042_b8_k8_isolated,isolated,ours,13,3,place_ms,1462.302734,recorder
20260826-210624_perlmutter_55838841,ours_l01_s2_gate_mlw2_trace-610042_b8_k8_isolated,isolated,ours,13,0,plan_ms,2.130304,recorder
20260826-210624_perlmutter_55838841,ours_l01_s2_gate_mlw2_trace-610042_b8_k8_isolated,isolated,ours,13,1,plan_ms,3.077664,recorder
20260826-210624_perlmutter_55838841,ours_l01_s2_gate_mlw2_trace-610042_b8_k8_isolated,isolated,ours,13,2,plan_ms,2.37808,recorder
20260826-210624_perlmutter_55838841,ours_l01_s2_gate_mlw2_trace-610042_b8_k8_isolated,isolated,ours,13,3,plan_ms,2.399648,recorder
20260826-210624_perlmutter_55838841,ours_l01_s2_gate_mlw2_trace-610042_b8_k8_isolated,isolated,ours,13,0,total_ms,1703.03772,recorder
20260826-210624_perlmutter_55838841,ours_l01_s2_gate_mlw2_trace-610042_b8_k8_isolated,isolated,ours,13,1,total_ms,1687.993652,recorder
20260826-210624_perlmutter_55838841,ours_l01_s2_gate_mlw2_trace-610042_b8_k8_isolated,isolated,ours,13,2,total_ms,1644.470093,recorder
20260826-210624_perlmutter_55838841,ours_l01_s2_gate_mlw2_trace-610042_b8_k8_isolated,isolated,ours,13,3,total_ms,1658.480347,recorder
20260826-210624_perlmutter_55838841,ours_l01_s2_gate_mlw2_trace-610042_b8_k8_isolated,isolated,ours,13,0,iso_sync_ms,1288.855088,recorder
20260826-210624_perlmutter_55838841,ours_l01_s2_gate_mlw2_trace-610042_b8_k8_isolated,isolated,ours,13,1,iso_sync_ms,1174.585513,recorder
20260826-210624_perlmutter_55838841,ours_l01_s2_gate_mlw2_trace-610042_b8_k8_isolated,isolated,ours,13,2,iso_sync_ms,1161.670362,recorder
20260826-210624_perlmutter_55838841,ours_l01_s2_gate_mlw2_trace-610042_b8_k8_isolated,isolated,ours,13,3,iso_sync_ms,1171.214286,recorder
20260826-210624_perlmutter_55838841,ours_l01_s2_gate_mlw2_trace-610042_b8_k8_isolated,isolated,ours,14,0,e2e_ms,193.804001,recorder
20260826-210624_perlmutter_55838841,ours_l01_s2_gate_mlw2_trace-610042_b8_k8_isolated,isolated,ours,14,1,e2e_ms,191.671738,recorder
20260826-210624_perlmutter_55838841,ours_l01_s2_gate_mlw2_trace-610042_b8_k8_isolated,isolated,ours,14,2,e2e_ms,194.862427,recorder
20260826-210624_perlmutter_55838841,ours_l01_s2_gate_mlw2_trace-610042_b8_k8_isolated,isolated,ours,14,3,e2e_ms,193.337112,recorder
20260826-210624_perlmutter_55838841,ours_l01_s2_gate_mlw2_trace-610042_b8_k8_isolated,isolated,ours,14,0,l0_ms,88.915329,recorder
20260826-210624_perlmutter_55838841,ours_l01_s2_gate_mlw2_trace-610042_b8_k8_isolated,isolated,ours,14,1,l0_ms,87.00592,recorder
20260826-210624_perlmutter_55838841,ours_l01_s2_gate_mlw2_trace-610042_b8_k8_isolated,isolated,ours,14,2,l0_ms,89.038589,recorder
20260826-210624_perlmutter_55838841,ours_l01_s2_gate_mlw2_trace-610042_b8_k8_isolated,isolated,ours,14,3,l0_ms,87.922211,recorder
20260826-210624_perlmutter_55838841,ours_l01_s2_gate_mlw2_trace-610042_b8_k8_isolated,isolated,ours,14,0,act_ms,6.55456,recorder
20260826-210624_perlmutter_55838841,ours_l01_s2_gate_mlw2_trace-610042_b8_k8_isolated,isolated,ours,14,1,act_ms,6.13232,recorder
20260826-210624_perlmutter_55838841,ours_l01_s2_gate_mlw2_trace-610042_b8_k8_isolated,isolated,ours,14,2,act_ms,6.26656,recorder
20260826-210624_perlmutter_55838841,ours_l01_s2_gate_mlw2_trace-610042_b8_k8_isolated,isolated,ours,14,3,act_ms,6.549472,recorder
20260826-210624_perlmutter_55838841,ours_l01_s2_gate_mlw2_trace-610042_b8_k8_isolated,isolated,ours,14,0,l1_ms,98.334114,recorder
20260826-210624_perlmutter_55838841,ours_l01_s2_gate_mlw2_trace-610042_b8_k8_isolated,isolated,ours,14,1,l1_ms,98.533501,recorder
20260826-210624_perlmutter_55838841,ours_l01_s2_gate_mlw2_trace-610042_b8_k8_isolated,isolated,ours,14,2,l1_ms,99.557281,recorder
20260826-210624_perlmutter_55838841,ours_l01_s2_gate_mlw2_trace-610042_b8_k8_isolated,isolated,ours,14,3,l1_ms,98.86544,recorder
20260826-210624_perlmutter_55838841,ours_l01_s2_gate_mlw2_trace-610042_b8_k8_isolated,isolated,ours,14,0,plan_comm_ms,0.295072,recorder
20260826-210624_perlmutter_55838841,ours_l01_s2_gate_mlw2_trace-610042_b8_k8_isolated,isolated,ours,14,1,plan_comm_ms,0.732768,recorder
20260826-210624_perlmutter_55838841,ours_l01_s2_gate_mlw2_trace-610042_b8_k8_isolated,isolated,ours,14,2,plan_comm_ms,0.384192,recorder
20260826-210624_perlmutter_55838841,ours_l01_s2_gate_mlw2_trace-610042_b8_k8_isolated,isolated,ours,14,3,plan_comm_ms,0.379776,recorder
20260826-210624_perlmutter_55838841,ours_l01_s2_gate_mlw2_trace-610042_b8_k8_isolated,isolated,ours,14,0,place_ms,1506.828491,recorder
20260826-210624_perlmutter_55838841,ours_l01_s2_gate_mlw2_trace-610042_b8_k8_isolated,isolated,ours,14,1,place_ms,1492.521484,recorder
20260826-210624_perlmutter_55838841,ours_l01_s2_gate_mlw2_trace-610042_b8_k8_isolated,isolated,ours,14,2,place_ms,1446.854248,recorder
20260826-210624_perlmutter_55838841,ours_l01_s2_gate_mlw2_trace-610042_b8_k8_isolated,isolated,ours,14,3,place_ms,1462.327026,recorder
20260826-210624_perlmutter_55838841,ours_l01_s2_gate_mlw2_trace-610042_b8_k8_isolated,isolated,ours,14,0,plan_ms,2.113856,recorder
20260826-210624_perlmutter_55838841,ours_l01_s2_gate_mlw2_trace-610042_b8_k8_isolated,isolated,ours,14,1,plan_ms,3.083552,recorder
20260826-210624_perlmutter_55838841,ours_l01_s2_gate_mlw2_trace-610042_b8_k8_isolated,isolated,ours,14,2,plan_ms,2.381056,recorder
20260826-210624_perlmutter_55838841,ours_l01_s2_gate_mlw2_trace-610042_b8_k8_isolated,isolated,ours,14,3,plan_ms,2.420416,recorder
20260826-210624_perlmutter_55838841,ours_l01_s2_gate_mlw2_trace-610042_b8_k8_isolated,isolated,ours,14,0,total_ms,1703.055664,recorder
20260826-210624_perlmutter_55838841,ours_l01_s2_gate_mlw2_trace-610042_b8_k8_isolated,isolated,ours,14,1,total_ms,1688.023071,recorder
20260826-210624_perlmutter_55838841,ours_l01_s2_gate_mlw2_trace-610042_b8_k8_isolated,isolated,ours,14,2,total_ms,1644.496216,recorder
20260826-210624_perlmutter_55838841,ours_l01_s2_gate_mlw2_trace-610042_b8_k8_isolated,isolated,ours,14,3,total_ms,1658.47876,recorder
20260826-210624_perlmutter_55838841,ours_l01_s2_gate_mlw2_trace-610042_b8_k8_isolated,isolated,ours,14,0,iso_sync_ms,1322.330342,recorder
20260826-210624_perlmutter_55838841,ours_l01_s2_gate_mlw2_trace-610042_b8_k8_isolated,isolated,ours,14,1,iso_sync_ms,1167.165336,recorder
20260826-210624_perlmutter_55838841,ours_l01_s2_gate_mlw2_trace-610042_b8_k8_isolated,isolated,ours,14,2,iso_sync_ms,1148.91492,recorder
20260826-210624_perlmutter_55838841,ours_l01_s2_gate_mlw2_trace-610042_b8_k8_isolated,isolated,ours,14,3,iso_sync_ms,1164.709595,recorder
20260826-210624_perlmutter_55838841,ours_l01_s2_gate_mlw2_trace-610042_b8_k8_isolated,isolated,ours,15,0,e2e_ms,193.830139,recorder
20260826-210624_perlmutter_55838841,ours_l01_s2_gate_mlw2_trace-610042_b8_k8_isolated,isolated,ours,15,1,e2e_ms,191.705338,recorder
20260826-210624_perlmutter_55838841,ours_l01_s2_gate_mlw2_trace-610042_b8_k8_isolated,isolated,ours,15,2,e2e_ms,194.906311,recorder
20260826-210624_perlmutter_55838841,ours_l01_s2_gate_mlw2_trace-610042_b8_k8_isolated,isolated,ours,15,3,e2e_ms,193.414841,recorder
20260826-210624_perlmutter_55838841,ours_l01_s2_gate_mlw2_trace-610042_b8_k8_isolated,isolated,ours,15,0,l0_ms,88.943069,recorder
20260826-210624_perlmutter_55838841,ours_l01_s2_gate_mlw2_trace-610042_b8_k8_isolated,isolated,ours,15,1,l0_ms,87.041885,recorder
20260826-210624_perlmutter_55838841,ours_l01_s2_gate_mlw2_trace-610042_b8_k8_isolated,isolated,ours,15,2,l0_ms,89.082977,recorder
20260826-210624_perlmutter_55838841,ours_l01_s2_gate_mlw2_trace-610042_b8_k8_isolated,isolated,ours,15,3,l0_ms,88.00576,recorder
20260826-210624_perlmutter_55838841,ours_l01_s2_gate_mlw2_trace-610042_b8_k8_isolated,isolated,ours,15,0,act_ms,6.318944,recorder
20260826-210624_perlmutter_55838841,ours_l01_s2_gate_mlw2_trace-610042_b8_k8_isolated,isolated,ours,15,1,act_ms,5.919456,recorder
20260826-210624_perlmutter_55838841,ours_l01_s2_gate_mlw2_trace-610042_b8_k8_isolated,isolated,ours,15,2,act_ms,6.094688,recorder
20260826-210624_perlmutter_55838841,ours_l01_s2_gate_mlw2_trace-610042_b8_k8_isolated,isolated,ours,15,3,act_ms,6.343264,recorder
20260826-210624_perlmutter_55838841,ours_l01_s2_gate_mlw2_trace-610042_b8_k8_isolated,isolated,ours,15,0,l1_ms,98.56813,recorder
20260826-210624_perlmutter_55838841,ours_l01_s2_gate_mlw2_trace-610042_b8_k8_isolated,isolated,ours,15,1,l1_ms,98.744003,recorder
20260826-210624_perlmutter_55838841,ours_l01_s2_gate_mlw2_trace-610042_b8_k8_isolated,isolated,ours,15,2,l1_ms,99.728638,recorder
20260826-210624_perlmutter_55838841,ours_l01_s2_gate_mlw2_trace-610042_b8_k8_isolated,isolated,ours,15,3,l1_ms,99.065826,recorder
20260826-210624_perlmutter_55838841,ours_l01_s2_gate_mlw2_trace-610042_b8_k8_isolated,isolated,ours,15,0,plan_comm_ms,0.292256,recorder
20260826-210624_perlmutter_55838841,ours_l01_s2_gate_mlw2_trace-610042_b8_k8_isolated,isolated,ours,15,1,plan_comm_ms,0.726464,recorder
20260826-210624_perlmutter_55838841,ours_l01_s2_gate_mlw2_trace-610042_b8_k8_isolated,isolated,ours,15,2,plan_comm_ms,0.38288,recorder
20260826-210624_perlmutter_55838841,ours_l01_s2_gate_mlw2_trace-610042_b8_k8_isolated,isolated,ours,15,3,plan_comm_ms,0.378592,recorder
20260826-210624_perlmutter_55838841,ours_l01_s2_gate_mlw2_trace-610042_b8_k8_isolated,isolated,ours,15,0,place_ms,1506.619385,recorder
20260826-210624_perlmutter_55838841,ours_l01_s2_gate_mlw2_trace-610042_b8_k8_isolated,isolated,ours,15,1,place_ms,1492.320679,recorder
20260826-210624_perlmutter_55838841,ours_l01_s2_gate_mlw2_trace-610042_b8_k8_isolated,isolated,ours,15,2,place_ms,1446.673828,recorder
20260826-210624_perlmutter_55838841,ours_l01_s2_gate_mlw2_trace-610042_b8_k8_isolated,isolated,ours,15,3,place_ms,1462.131592,recorder
20260826-210624_perlmutter_55838841,ours_l01_s2_gate_mlw2_trace-610042_b8_k8_isolated,isolated,ours,15,0,plan_ms,2.297728,recorder
20260826-210624_perlmutter_55838841,ours_l01_s2_gate_mlw2_trace-610042_b8_k8_isolated,isolated,ours,15,1,plan_ms,3.2528,recorder
20260826-210624_perlmutter_55838841,ours_l01_s2_gate_mlw2_trace-610042_b8_k8_isolated,isolated,ours,15,2,plan_ms,2.514368,recorder
20260826-210624_perlmutter_55838841,ours_l01_s2_gate_mlw2_trace-610042_b8_k8_isolated,isolated,ours,15,3,plan_ms,2.53392,recorder
20260826-210624_perlmutter_55838841,ours_l01_s2_gate_mlw2_trace-610042_b8_k8_isolated,isolated,ours,15,0,total_ms,1703.053955,recorder
20260826-210624_perlmutter_55838841,ours_l01_s2_gate_mlw2_trace-610042_b8_k8_isolated,isolated,ours,15,1,total_ms,1688.018311,recorder
20260826-210624_perlmutter_55838841,ours_l01_s2_gate_mlw2_trace-610042_b8_k8_isolated,isolated,ours,15,2,total_ms,1644.491577,recorder
20260826-210624_perlmutter_55838841,ours_l01_s2_gate_mlw2_trace-610042_b8_k8_isolated,isolated,ours,15,3,total_ms,1658.474365,recorder
20260826-210624_perlmutter_55838841,ours_l01_s2_gate_mlw2_trace-610042_b8_k8_isolated,isolated,ours,15,0,iso_sync_ms,1348.408324,recorder
20260826-210624_perlmutter_55838841,ours_l01_s2_gate_mlw2_trace-610042_b8_k8_isolated,isolated,ours,15,1,iso_sync_ms,1215.914726,recorder
20260826-210624_perlmutter_55838841,ours_l01_s2_gate_mlw2_trace-610042_b8_k8_isolated,isolated,ours,15,2,iso_sync_ms,1199.060687,recorder
20260826-210624_perlmutter_55838841,ours_l01_s2_gate_mlw2_trace-610042_b8_k8_isolated,isolated,ours,15,3,iso_sync_ms,1212.473473,recorder
