run_id,cell_id,mode,impl,rank,iter,metric,value_ms,source
20260909-114553_perlmutter_8b85bc5a,ablation_l01_s2_swapall_rst_3d_dual3_str4_p2p_r2_gate_trace-573d7a_b64_k8_isolated,isolated,ours,0,0,e2e_ms,54.012127,recorder
20260909-114553_perlmutter_8b85bc5a,ablation_l01_s2_swapall_rst_3d_dual3_str4_p2p_r2_gate_trace-573d7a_b64_k8_isolated,isolated,ours,0,1,e2e_ms,53.877087,recorder
20260909-114553_perlmutter_8b85bc5a,ablation_l01_s2_swapall_rst_3d_dual3_str4_p2p_r2_gate_trace-573d7a_b64_k8_isolated,isolated,ours,0,2,e2e_ms,53.703743,recorder
20260909-114553_perlmutter_8b85bc5a,ablation_l01_s2_swapall_rst_3d_dual3_str4_p2p_r2_gate_trace-573d7a_b64_k8_isolated,isolated,ours,0,3,e2e_ms,53.649471,recorder
20260909-114553_perlmutter_8b85bc5a,ablation_l01_s2_swapall_rst_3d_dual3_str4_p2p_r2_gate_trace-573d7a_b64_k8_isolated,isolated,ours,0,4,e2e_ms,56.463776,recorder
20260909-114553_perlmutter_8b85bc5a,ablation_l01_s2_swapall_rst_3d_dual3_str4_p2p_r2_gate_trace-573d7a_b64_k8_isolated,isolated,ours,0,5,e2e_ms,53.667358,recorder
20260909-114553_perlmutter_8b85bc5a,ablation_l01_s2_swapall_rst_3d_dual3_str4_p2p_r2_gate_trace-573d7a_b64_k8_isolated,isolated,ours,0,0,l0_ms,24.170431,recorder
20260909-114553_perlmutter_8b85bc5a,ablation_l01_s2_swapall_rst_3d_dual3_str4_p2p_r2_gate_trace-573d7a_b64_k8_isolated,isolated,ours,0,1,l0_ms,23.241217,recorder
20260909-114553_perlmutter_8b85bc5a,ablation_l01_s2_swapall_rst_3d_dual3_str4_p2p_r2_gate_trace-573d7a_b64_k8_isolated,isolated,ours,0,2,l0_ms,23.605536,recorder
20260909-114553_perlmutter_8b85bc5a,ablation_l01_s2_swapall_rst_3d_dual3_str4_p2p_r2_gate_trace-573d7a_b64_k8_isolated,isolated,ours,0,3,l0_ms,23.070496,recorder
20260909-114553_perlmutter_8b85bc5a,ablation_l01_s2_swapall_rst_3d_dual3_str4_p2p_r2_gate_trace-573d7a_b64_k8_isolated,isolated,ours,0,4,l0_ms,24.808865,recorder
20260909-114553_perlmutter_8b85bc5a,ablation_l01_s2_swapall_rst_3d_dual3_str4_p2p_r2_gate_trace-573d7a_b64_k8_isolated,isolated,ours,0,5,l0_ms,23.169249,recorder
20260909-114553_perlmutter_8b85bc5a,ablation_l01_s2_swapall_rst_3d_dual3_str4_p2p_r2_gate_trace-573d7a_b64_k8_isolated,isolated,ours,0,0,act_ms,0.204192,recorder
20260909-114553_perlmutter_8b85bc5a,ablation_l01_s2_swapall_rst_3d_dual3_str4_p2p_r2_gate_trace-573d7a_b64_k8_isolated,isolated,ours,0,1,act_ms,0.20432,recorder
20260909-114553_perlmutter_8b85bc5a,ablation_l01_s2_swapall_rst_3d_dual3_str4_p2p_r2_gate_trace-573d7a_b64_k8_isolated,isolated,ours,0,2,act_ms,0.210688,recorder
20260909-114553_perlmutter_8b85bc5a,ablation_l01_s2_swapall_rst_3d_dual3_str4_p2p_r2_gate_trace-573d7a_b64_k8_isolated,isolated,ours,0,3,act_ms,0.209568,recorder
20260909-114553_perlmutter_8b85bc5a,ablation_l01_s2_swapall_rst_3d_dual3_str4_p2p_r2_gate_trace-573d7a_b64_k8_isolated,isolated,ours,0,4,act_ms,0.20976,recorder
20260909-114553_perlmutter_8b85bc5a,ablation_l01_s2_swapall_rst_3d_dual3_str4_p2p_r2_gate_trace-573d7a_b64_k8_isolated,isolated,ours,0,5,act_ms,0.205856,recorder
20260909-114553_perlmutter_8b85bc5a,ablation_l01_s2_swapall_rst_3d_dual3_str4_p2p_r2_gate_trace-573d7a_b64_k8_isolated,isolated,ours,0,0,l1_ms,29.637505,recorder
20260909-114553_perlmutter_8b85bc5a,ablation_l01_s2_swapall_rst_3d_dual3_str4_p2p_r2_gate_trace-573d7a_b64_k8_isolated,isolated,ours,0,1,l1_ms,30.431553,recorder
20260909-114553_perlmutter_8b85bc5a,ablation_l01_s2_swapall_rst_3d_dual3_str4_p2p_r2_gate_trace-573d7a_b64_k8_isolated,isolated,ours,0,2,l1_ms,29.88752,recorder
20260909-114553_perlmutter_8b85bc5a,ablation_l01_s2_swapall_rst_3d_dual3_str4_p2p_r2_gate_trace-573d7a_b64_k8_isolated,isolated,ours,0,3,l1_ms,30.369408,recorder
20260909-114553_perlmutter_8b85bc5a,ablation_l01_s2_swapall_rst_3d_dual3_str4_p2p_r2_gate_trace-573d7a_b64_k8_isolated,isolated,ours,0,4,l1_ms,31.445152,recorder
20260909-114553_perlmutter_8b85bc5a,ablation_l01_s2_swapall_rst_3d_dual3_str4_p2p_r2_gate_trace-573d7a_b64_k8_isolated,isolated,ours,0,5,l1_ms,30.292255,recorder
20260909-114553_perlmutter_8b85bc5a,ablation_l01_s2_swapall_rst_3d_dual3_str4_p2p_r2_gate_trace-573d7a_b64_k8_isolated,isolated,ours,0,0,plan_comm_ms,0.36832,recorder
20260909-114553_perlmutter_8b85bc5a,ablation_l01_s2_swapall_rst_3d_dual3_str4_p2p_r2_gate_trace-573d7a_b64_k8_isolated,isolated,ours,0,1,plan_comm_ms,0.271712,recorder
20260909-114553_perlmutter_8b85bc5a,ablation_l01_s2_swapall_rst_3d_dual3_str4_p2p_r2_gate_trace-573d7a_b64_k8_isolated,isolated,ours,0,2,plan_comm_ms,0.259648,recorder
20260909-114553_perlmutter_8b85bc5a,ablation_l01_s2_swapall_rst_3d_dual3_str4_p2p_r2_gate_trace-573d7a_b64_k8_isolated,isolated,ours,0,3,plan_comm_ms,0.46848,recorder
20260909-114553_perlmutter_8b85bc5a,ablation_l01_s2_swapall_rst_3d_dual3_str4_p2p_r2_gate_trace-573d7a_b64_k8_isolated,isolated,ours,0,4,plan_comm_ms,0.520608,recorder
20260909-114553_perlmutter_8b85bc5a,ablation_l01_s2_swapall_rst_3d_dual3_str4_p2p_r2_gate_trace-573d7a_b64_k8_isolated,isolated,ours,0,5,plan_comm_ms,0.233216,recorder
20260909-114553_perlmutter_8b85bc5a,ablation_l01_s2_swapall_rst_3d_dual3_str4_p2p_r2_gate_trace-573d7a_b64_k8_isolated,isolated,ours,0,0,place_ms,2.561824,recorder
20260909-114553_perlmutter_8b85bc5a,ablation_l01_s2_swapall_rst_3d_dual3_str4_p2p_r2_gate_trace-573d7a_b64_k8_isolated,isolated,ours,0,1,place_ms,2.421152,recorder
20260909-114553_perlmutter_8b85bc5a,ablation_l01_s2_swapall_rst_3d_dual3_str4_p2p_r2_gate_trace-573d7a_b64_k8_isolated,isolated,ours,0,2,place_ms,2.424896,recorder
20260909-114553_perlmutter_8b85bc5a,ablation_l01_s2_swapall_rst_3d_dual3_str4_p2p_r2_gate_trace-573d7a_b64_k8_isolated,isolated,ours,0,3,place_ms,2.52976,recorder
20260909-114553_perlmutter_8b85bc5a,ablation_l01_s2_swapall_rst_3d_dual3_str4_p2p_r2_gate_trace-573d7a_b64_k8_isolated,isolated,ours,0,4,place_ms,2.437792,recorder
20260909-114553_perlmutter_8b85bc5a,ablation_l01_s2_swapall_rst_3d_dual3_str4_p2p_r2_gate_trace-573d7a_b64_k8_isolated,isolated,ours,0,5,place_ms,2.555808,recorder
20260909-114553_perlmutter_8b85bc5a,ablation_l01_s2_swapall_rst_3d_dual3_str4_p2p_r2_gate_trace-573d7a_b64_k8_isolated,isolated,ours,0,0,plan_ms,2.389952,recorder
20260909-114553_perlmutter_8b85bc5a,ablation_l01_s2_swapall_rst_3d_dual3_str4_p2p_r2_gate_trace-573d7a_b64_k8_isolated,isolated,ours,0,1,plan_ms,2.82048,recorder
20260909-114553_perlmutter_8b85bc5a,ablation_l01_s2_swapall_rst_3d_dual3_str4_p2p_r2_gate_trace-573d7a_b64_k8_isolated,isolated,ours,0,2,plan_ms,2.297824,recorder
20260909-114553_perlmutter_8b85bc5a,ablation_l01_s2_swapall_rst_3d_dual3_str4_p2p_r2_gate_trace-573d7a_b64_k8_isolated,isolated,ours,0,3,plan_ms,2.450688,recorder
20260909-114553_perlmutter_8b85bc5a,ablation_l01_s2_swapall_rst_3d_dual3_str4_p2p_r2_gate_trace-573d7a_b64_k8_isolated,isolated,ours,0,4,plan_ms,3.079232,recorder
20260909-114553_perlmutter_8b85bc5a,ablation_l01_s2_swapall_rst_3d_dual3_str4_p2p_r2_gate_trace-573d7a_b64_k8_isolated,isolated,ours,0,5,plan_ms,2.28304,recorder
20260909-114553_perlmutter_8b85bc5a,ablation_l01_s2_swapall_rst_3d_dual3_str4_p2p_r2_gate_trace-573d7a_b64_k8_isolated,isolated,ours,0,0,total_ms,59.334816,recorder
20260909-114553_perlmutter_8b85bc5a,ablation_l01_s2_swapall_rst_3d_dual3_str4_p2p_r2_gate_trace-573d7a_b64_k8_isolated,isolated,ours,0,1,total_ms,59.393089,recorder
20260909-114553_perlmutter_8b85bc5a,ablation_l01_s2_swapall_rst_3d_dual3_str4_p2p_r2_gate_trace-573d7a_b64_k8_isolated,isolated,ours,0,2,total_ms,58.688801,recorder
20260909-114553_perlmutter_8b85bc5a,ablation_l01_s2_swapall_rst_3d_dual3_str4_p2p_r2_gate_trace-573d7a_b64_k8_isolated,isolated,ours,0,3,total_ms,59.10099,recorder
20260909-114553_perlmutter_8b85bc5a,ablation_l01_s2_swapall_rst_3d_dual3_str4_p2p_r2_gate_trace-573d7a_b64_k8_isolated,isolated,ours,0,4,total_ms,62.504002,recorder
20260909-114553_perlmutter_8b85bc5a,ablation_l01_s2_swapall_rst_3d_dual3_str4_p2p_r2_gate_trace-573d7a_b64_k8_isolated,isolated,ours,0,5,total_ms,58.742016,recorder
20260909-114553_perlmutter_8b85bc5a,ablation_l01_s2_swapall_rst_3d_dual3_str4_p2p_r2_gate_trace-573d7a_b64_k8_isolated,isolated,ours,0,0,iso_sync_ms,1316.580529,recorder
20260909-114553_perlmutter_8b85bc5a,ablation_l01_s2_swapall_rst_3d_dual3_str4_p2p_r2_gate_trace-573d7a_b64_k8_isolated,isolated,ours,0,1,iso_sync_ms,1298.974475,recorder
20260909-114553_perlmutter_8b85bc5a,ablation_l01_s2_swapall_rst_3d_dual3_str4_p2p_r2_gate_trace-573d7a_b64_k8_isolated,isolated,ours,0,2,iso_sync_ms,1293.822603,recorder
20260909-114553_perlmutter_8b85bc5a,ablation_l01_s2_swapall_rst_3d_dual3_str4_p2p_r2_gate_trace-573d7a_b64_k8_isolated,isolated,ours,0,3,iso_sync_ms,1294.505243,recorder
20260909-114553_perlmutter_8b85bc5a,ablation_l01_s2_swapall_rst_3d_dual3_str4_p2p_r2_gate_trace-573d7a_b64_k8_isolated,isolated,ours,0,4,iso_sync_ms,1293.931725,recorder
20260909-114553_perlmutter_8b85bc5a,ablation_l01_s2_swapall_rst_3d_dual3_str4_p2p_r2_gate_trace-573d7a_b64_k8_isolated,isolated,ours,0,5,iso_sync_ms,1284.654737,recorder
20260909-114553_perlmutter_8b85bc5a,ablation_l01_s2_swapall_rst_3d_dual3_str4_p2p_r2_gate_trace-573d7a_b64_k8_isolated,isolated,ours,1,0,e2e_ms,54.030144,recorder
20260909-114553_perlmutter_8b85bc5a,ablation_l01_s2_swapall_rst_3d_dual3_str4_p2p_r2_gate_trace-573d7a_b64_k8_isolated,isolated,ours,1,1,e2e_ms,53.859425,recorder
20260909-114553_perlmutter_8b85bc5a,ablation_l01_s2_swapall_rst_3d_dual3_str4_p2p_r2_gate_trace-573d7a_b64_k8_isolated,isolated,ours,1,2,e2e_ms,53.693249,recorder
20260909-114553_perlmutter_8b85bc5a,ablation_l01_s2_swapall_rst_3d_dual3_str4_p2p_r2_gate_trace-573d7a_b64_k8_isolated,isolated,ours,1,3,e2e_ms,53.628258,recorder
20260909-114553_perlmutter_8b85bc5a,ablation_l01_s2_swapall_rst_3d_dual3_str4_p2p_r2_gate_trace-573d7a_b64_k8_isolated,isolated,ours,1,4,e2e_ms,56.450272,recorder
20260909-114553_perlmutter_8b85bc5a,ablation_l01_s2_swapall_rst_3d_dual3_str4_p2p_r2_gate_trace-573d7a_b64_k8_isolated,isolated,ours,1,5,e2e_ms,53.664062,recorder
20260909-114553_perlmutter_8b85bc5a,ablation_l01_s2_swapall_rst_3d_dual3_str4_p2p_r2_gate_trace-573d7a_b64_k8_isolated,isolated,ours,1,0,l0_ms,24.196159,recorder
20260909-114553_perlmutter_8b85bc5a,ablation_l01_s2_swapall_rst_3d_dual3_str4_p2p_r2_gate_trace-573d7a_b64_k8_isolated,isolated,ours,1,1,l0_ms,23.227776,recorder
20260909-114553_perlmutter_8b85bc5a,ablation_l01_s2_swapall_rst_3d_dual3_str4_p2p_r2_gate_trace-573d7a_b64_k8_isolated,isolated,ours,1,2,l0_ms,23.601728,recorder
20260909-114553_perlmutter_8b85bc5a,ablation_l01_s2_swapall_rst_3d_dual3_str4_p2p_r2_gate_trace-573d7a_b64_k8_isolated,isolated,ours,1,3,l0_ms,23.049473,recorder
20260909-114553_perlmutter_8b85bc5a,ablation_l01_s2_swapall_rst_3d_dual3_str4_p2p_r2_gate_trace-573d7a_b64_k8_isolated,isolated,ours,1,4,l0_ms,24.802431,recorder
20260909-114553_perlmutter_8b85bc5a,ablation_l01_s2_swapall_rst_3d_dual3_str4_p2p_r2_gate_trace-573d7a_b64_k8_isolated,isolated,ours,1,5,l0_ms,23.171425,recorder
20260909-114553_perlmutter_8b85bc5a,ablation_l01_s2_swapall_rst_3d_dual3_str4_p2p_r2_gate_trace-573d7a_b64_k8_isolated,isolated,ours,1,0,act_ms,0.202912,recorder
20260909-114553_perlmutter_8b85bc5a,ablation_l01_s2_swapall_rst_3d_dual3_str4_p2p_r2_gate_trace-573d7a_b64_k8_isolated,isolated,ours,1,1,act_ms,0.20416,recorder
20260909-114553_perlmutter_8b85bc5a,ablation_l01_s2_swapall_rst_3d_dual3_str4_p2p_r2_gate_trace-573d7a_b64_k8_isolated,isolated,ours,1,2,act_ms,0.205408,recorder
20260909-114553_perlmutter_8b85bc5a,ablation_l01_s2_swapall_rst_3d_dual3_str4_p2p_r2_gate_trace-573d7a_b64_k8_isolated,isolated,ours,1,3,act_ms,0.200288,recorder
20260909-114553_perlmutter_8b85bc5a,ablation_l01_s2_swapall_rst_3d_dual3_str4_p2p_r2_gate_trace-573d7a_b64_k8_isolated,isolated,ours,1,4,act_ms,0.200288,recorder
20260909-114553_perlmutter_8b85bc5a,ablation_l01_s2_swapall_rst_3d_dual3_str4_p2p_r2_gate_trace-573d7a_b64_k8_isolated,isolated,ours,1,5,act_ms,0.200672,recorder
20260909-114553_perlmutter_8b85bc5a,ablation_l01_s2_swapall_rst_3d_dual3_str4_p2p_r2_gate_trace-573d7a_b64_k8_isolated,isolated,ours,1,0,l1_ms,29.631071,recorder
20260909-114553_perlmutter_8b85bc5a,ablation_l01_s2_swapall_rst_3d_dual3_str4_p2p_r2_gate_trace-573d7a_b64_k8_isolated,isolated,ours,1,1,l1_ms,30.427488,recorder
20260909-114553_perlmutter_8b85bc5a,ablation_l01_s2_swapall_rst_3d_dual3_str4_p2p_r2_gate_trace-573d7a_b64_k8_isolated,isolated,ours,1,2,l1_ms,29.886112,recorder
20260909-114553_perlmutter_8b85bc5a,ablation_l01_s2_swapall_rst_3d_dual3_str4_p2p_r2_gate_trace-573d7a_b64_k8_isolated,isolated,ours,1,3,l1_ms,30.378496,recorder
20260909-114553_perlmutter_8b85bc5a,ablation_l01_s2_swapall_rst_3d_dual3_str4_p2p_r2_gate_trace-573d7a_b64_k8_isolated,isolated,ours,1,4,l1_ms,31.447552,recorder
20260909-114553_perlmutter_8b85bc5a,ablation_l01_s2_swapall_rst_3d_dual3_str4_p2p_r2_gate_trace-573d7a_b64_k8_isolated,isolated,ours,1,5,l1_ms,30.291967,recorder
20260909-114553_perlmutter_8b85bc5a,ablation_l01_s2_swapall_rst_3d_dual3_str4_p2p_r2_gate_trace-573d7a_b64_k8_isolated,isolated,ours,1,0,plan_comm_ms,0.357248,recorder
20260909-114553_perlmutter_8b85bc5a,ablation_l01_s2_swapall_rst_3d_dual3_str4_p2p_r2_gate_trace-573d7a_b64_k8_isolated,isolated,ours,1,1,plan_comm_ms,0.27376,recorder
20260909-114553_perlmutter_8b85bc5a,ablation_l01_s2_swapall_rst_3d_dual3_str4_p2p_r2_gate_trace-573d7a_b64_k8_isolated,isolated,ours,1,2,plan_comm_ms,0.248,recorder
20260909-114553_perlmutter_8b85bc5a,ablation_l01_s2_swapall_rst_3d_dual3_str4_p2p_r2_gate_trace-573d7a_b64_k8_isolated,isolated,ours,1,3,plan_comm_ms,0.45568,recorder
20260909-114553_perlmutter_8b85bc5a,ablation_l01_s2_swapall_rst_3d_dual3_str4_p2p_r2_gate_trace-573d7a_b64_k8_isolated,isolated,ours,1,4,plan_comm_ms,0.514528,recorder
20260909-114553_perlmutter_8b85bc5a,ablation_l01_s2_swapall_rst_3d_dual3_str4_p2p_r2_gate_trace-573d7a_b64_k8_isolated,isolated,ours,1,5,plan_comm_ms,0.331264,recorder
20260909-114553_perlmutter_8b85bc5a,ablation_l01_s2_swapall_rst_3d_dual3_str4_p2p_r2_gate_trace-573d7a_b64_k8_isolated,isolated,ours,1,0,place_ms,2.428928,recorder
20260909-114553_perlmutter_8b85bc5a,ablation_l01_s2_swapall_rst_3d_dual3_str4_p2p_r2_gate_trace-573d7a_b64_k8_isolated,isolated,ours,1,1,place_ms,2.369824,recorder
20260909-114553_perlmutter_8b85bc5a,ablation_l01_s2_swapall_rst_3d_dual3_str4_p2p_r2_gate_trace-573d7a_b64_k8_isolated,isolated,ours,1,2,place_ms,2.37648,recorder
20260909-114553_perlmutter_8b85bc5a,ablation_l01_s2_swapall_rst_3d_dual3_str4_p2p_r2_gate_trace-573d7a_b64_k8_isolated,isolated,ours,1,3,place_ms,2.378688,recorder
20260909-114553_perlmutter_8b85bc5a,ablation_l01_s2_swapall_rst_3d_dual3_str4_p2p_r2_gate_trace-573d7a_b64_k8_isolated,isolated,ours,1,4,place_ms,2.3904,recorder
20260909-114553_perlmutter_8b85bc5a,ablation_l01_s2_swapall_rst_3d_dual3_str4_p2p_r2_gate_trace-573d7a_b64_k8_isolated,isolated,ours,1,5,place_ms,2.383104,recorder
20260909-114553_perlmutter_8b85bc5a,ablation_l01_s2_swapall_rst_3d_dual3_str4_p2p_r2_gate_trace-573d7a_b64_k8_isolated,isolated,ours,1,0,plan_ms,2.501664,recorder
20260909-114553_perlmutter_8b85bc5a,ablation_l01_s2_swapall_rst_3d_dual3_str4_p2p_r2_gate_trace-573d7a_b64_k8_isolated,isolated,ours,1,1,plan_ms,2.89136,recorder
20260909-114553_perlmutter_8b85bc5a,ablation_l01_s2_swapall_rst_3d_dual3_str4_p2p_r2_gate_trace-573d7a_b64_k8_isolated,isolated,ours,1,2,plan_ms,2.352544,recorder
20260909-114553_perlmutter_8b85bc5a,ablation_l01_s2_swapall_rst_3d_dual3_str4_p2p_r2_gate_trace-573d7a_b64_k8_isolated,isolated,ours,1,3,plan_ms,2.628256,recorder
20260909-114553_perlmutter_8b85bc5a,ablation_l01_s2_swapall_rst_3d_dual3_str4_p2p_r2_gate_trace-573d7a_b64_k8_isolated,isolated,ours,1,4,plan_ms,3.139168,recorder
20260909-114553_perlmutter_8b85bc5a,ablation_l01_s2_swapall_rst_3d_dual3_str4_p2p_r2_gate_trace-573d7a_b64_k8_isolated,isolated,ours,1,5,plan_ms,2.457536,recorder
20260909-114553_perlmutter_8b85bc5a,ablation_l01_s2_swapall_rst_3d_dual3_str4_p2p_r2_gate_trace-573d7a_b64_k8_isolated,isolated,ours,1,0,total_ms,59.320545,recorder
20260909-114553_perlmutter_8b85bc5a,ablation_l01_s2_swapall_rst_3d_dual3_str4_p2p_r2_gate_trace-573d7a_b64_k8_isolated,isolated,ours,1,1,total_ms,59.396961,recorder
20260909-114553_perlmutter_8b85bc5a,ablation_l01_s2_swapall_rst_3d_dual3_str4_p2p_r2_gate_trace-573d7a_b64_k8_isolated,isolated,ours,1,2,total_ms,58.672832,recorder
20260909-114553_perlmutter_8b85bc5a,ablation_l01_s2_swapall_rst_3d_dual3_str4_p2p_r2_gate_trace-573d7a_b64_k8_isolated,isolated,ours,1,3,total_ms,59.093441,recorder
20260909-114553_perlmutter_8b85bc5a,ablation_l01_s2_swapall_rst_3d_dual3_str4_p2p_r2_gate_trace-573d7a_b64_k8_isolated,isolated,ours,1,4,total_ms,62.497055,recorder
20260909-114553_perlmutter_8b85bc5a,ablation_l01_s2_swapall_rst_3d_dual3_str4_p2p_r2_gate_trace-573d7a_b64_k8_isolated,isolated,ours,1,5,total_ms,58.838558,recorder
20260909-114553_perlmutter_8b85bc5a,ablation_l01_s2_swapall_rst_3d_dual3_str4_p2p_r2_gate_trace-573d7a_b64_k8_isolated,isolated,ours,1,0,iso_sync_ms,1333.956809,recorder
20260909-114553_perlmutter_8b85bc5a,ablation_l01_s2_swapall_rst_3d_dual3_str4_p2p_r2_gate_trace-573d7a_b64_k8_isolated,isolated,ours,1,1,iso_sync_ms,1303.104461,recorder
20260909-114553_perlmutter_8b85bc5a,ablation_l01_s2_swapall_rst_3d_dual3_str4_p2p_r2_gate_trace-573d7a_b64_k8_isolated,isolated,ours,1,2,iso_sync_ms,1289.380284,recorder
20260909-114553_perlmutter_8b85bc5a,ablation_l01_s2_swapall_rst_3d_dual3_str4_p2p_r2_gate_trace-573d7a_b64_k8_isolated,isolated,ours,1,3,iso_sync_ms,1289.738827,recorder
20260909-114553_perlmutter_8b85bc5a,ablation_l01_s2_swapall_rst_3d_dual3_str4_p2p_r2_gate_trace-573d7a_b64_k8_isolated,isolated,ours,1,4,iso_sync_ms,1287.854374,recorder
20260909-114553_perlmutter_8b85bc5a,ablation_l01_s2_swapall_rst_3d_dual3_str4_p2p_r2_gate_trace-573d7a_b64_k8_isolated,isolated,ours,1,5,iso_sync_ms,1278.369524,recorder
20260909-114553_perlmutter_8b85bc5a,ablation_l01_s2_swapall_rst_3d_dual3_str4_p2p_r2_gate_trace-573d7a_b64_k8_isolated,isolated,ours,2,0,e2e_ms,53.989151,recorder
20260909-114553_perlmutter_8b85bc5a,ablation_l01_s2_swapall_rst_3d_dual3_str4_p2p_r2_gate_trace-573d7a_b64_k8_isolated,isolated,ours,2,1,e2e_ms,53.816513,recorder
20260909-114553_perlmutter_8b85bc5a,ablation_l01_s2_swapall_rst_3d_dual3_str4_p2p_r2_gate_trace-573d7a_b64_k8_isolated,isolated,ours,2,2,e2e_ms,53.669056,recorder
20260909-114553_perlmutter_8b85bc5a,ablation_l01_s2_swapall_rst_3d_dual3_str4_p2p_r2_gate_trace-573d7a_b64_k8_isolated,isolated,ours,2,3,e2e_ms,53.618687,recorder
20260909-114553_perlmutter_8b85bc5a,ablation_l01_s2_swapall_rst_3d_dual3_str4_p2p_r2_gate_trace-573d7a_b64_k8_isolated,isolated,ours,2,4,e2e_ms,56.4552,recorder
20260909-114553_perlmutter_8b85bc5a,ablation_l01_s2_swapall_rst_3d_dual3_str4_p2p_r2_gate_trace-573d7a_b64_k8_isolated,isolated,ours,2,5,e2e_ms,53.62928,recorder
20260909-114553_perlmutter_8b85bc5a,ablation_l01_s2_swapall_rst_3d_dual3_str4_p2p_r2_gate_trace-573d7a_b64_k8_isolated,isolated,ours,2,0,l0_ms,24.149343,recorder
20260909-114553_perlmutter_8b85bc5a,ablation_l01_s2_swapall_rst_3d_dual3_str4_p2p_r2_gate_trace-573d7a_b64_k8_isolated,isolated,ours,2,1,l0_ms,23.182816,recorder
20260909-114553_perlmutter_8b85bc5a,ablation_l01_s2_swapall_rst_3d_dual3_str4_p2p_r2_gate_trace-573d7a_b64_k8_isolated,isolated,ours,2,2,l0_ms,23.569153,recorder
20260909-114553_perlmutter_8b85bc5a,ablation_l01_s2_swapall_rst_3d_dual3_str4_p2p_r2_gate_trace-573d7a_b64_k8_isolated,isolated,ours,2,3,l0_ms,23.039265,recorder
20260909-114553_perlmutter_8b85bc5a,ablation_l01_s2_swapall_rst_3d_dual3_str4_p2p_r2_gate_trace-573d7a_b64_k8_isolated,isolated,ours,2,4,l0_ms,24.805441,recorder
20260909-114553_perlmutter_8b85bc5a,ablation_l01_s2_swapall_rst_3d_dual3_str4_p2p_r2_gate_trace-573d7a_b64_k8_isolated,isolated,ours,2,5,l0_ms,23.13472,recorder
20260909-114553_perlmutter_8b85bc5a,ablation_l01_s2_swapall_rst_3d_dual3_str4_p2p_r2_gate_trace-573d7a_b64_k8_isolated,isolated,ours,2,0,act_ms,0.204352,recorder
20260909-114553_perlmutter_8b85bc5a,ablation_l01_s2_swapall_rst_3d_dual3_str4_p2p_r2_gate_trace-573d7a_b64_k8_isolated,isolated,ours,2,1,act_ms,0.206208,recorder
20260909-114553_perlmutter_8b85bc5a,ablation_l01_s2_swapall_rst_3d_dual3_str4_p2p_r2_gate_trace-573d7a_b64_k8_isolated,isolated,ours,2,2,act_ms,0.203488,recorder
20260909-114553_perlmutter_8b85bc5a,ablation_l01_s2_swapall_rst_3d_dual3_str4_p2p_r2_gate_trace-573d7a_b64_k8_isolated,isolated,ours,2,3,act_ms,0.209024,recorder
20260909-114553_perlmutter_8b85bc5a,ablation_l01_s2_swapall_rst_3d_dual3_str4_p2p_r2_gate_trace-573d7a_b64_k8_isolated,isolated,ours,2,4,act_ms,0.209344,recorder
20260909-114553_perlmutter_8b85bc5a,ablation_l01_s2_swapall_rst_3d_dual3_str4_p2p_r2_gate_trace-573d7a_b64_k8_isolated,isolated,ours,2,5,act_ms,0.209344,recorder
20260909-114553_perlmutter_8b85bc5a,ablation_l01_s2_swapall_rst_3d_dual3_str4_p2p_r2_gate_trace-573d7a_b64_k8_isolated,isolated,ours,2,0,l1_ms,29.635456,recorder
20260909-114553_perlmutter_8b85bc5a,ablation_l01_s2_swapall_rst_3d_dual3_str4_p2p_r2_gate_trace-573d7a_b64_k8_isolated,isolated,ours,2,1,l1_ms,30.427488,recorder
20260909-114553_perlmutter_8b85bc5a,ablation_l01_s2_swapall_rst_3d_dual3_str4_p2p_r2_gate_trace-573d7a_b64_k8_isolated,isolated,ours,2,2,l1_ms,29.896416,recorder
20260909-114553_perlmutter_8b85bc5a,ablation_l01_s2_swapall_rst_3d_dual3_str4_p2p_r2_gate_trace-573d7a_b64_k8_isolated,isolated,ours,2,3,l1_ms,30.370399,recorder
20260909-114553_perlmutter_8b85bc5a,ablation_l01_s2_swapall_rst_3d_dual3_str4_p2p_r2_gate_trace-573d7a_b64_k8_isolated,isolated,ours,2,4,l1_ms,31.440416,recorder
20260909-114553_perlmutter_8b85bc5a,ablation_l01_s2_swapall_rst_3d_dual3_str4_p2p_r2_gate_trace-573d7a_b64_k8_isolated,isolated,ours,2,5,l1_ms,30.285215,recorder
20260909-114553_perlmutter_8b85bc5a,ablation_l01_s2_swapall_rst_3d_dual3_str4_p2p_r2_gate_trace-573d7a_b64_k8_isolated,isolated,ours,2,0,plan_comm_ms,0.376928,recorder
20260909-114553_perlmutter_8b85bc5a,ablation_l01_s2_swapall_rst_3d_dual3_str4_p2p_r2_gate_trace-573d7a_b64_k8_isolated,isolated,ours,2,1,plan_comm_ms,0.269696,recorder
20260909-114553_perlmutter_8b85bc5a,ablation_l01_s2_swapall_rst_3d_dual3_str4_p2p_r2_gate_trace-573d7a_b64_k8_isolated,isolated,ours,2,2,plan_comm_ms,0.259712,recorder
20260909-114553_perlmutter_8b85bc5a,ablation_l01_s2_swapall_rst_3d_dual3_str4_p2p_r2_gate_trace-573d7a_b64_k8_isolated,isolated,ours,2,3,plan_comm_ms,0.455232,recorder
20260909-114553_perlmutter_8b85bc5a,ablation_l01_s2_swapall_rst_3d_dual3_str4_p2p_r2_gate_trace-573d7a_b64_k8_isolated,isolated,ours,2,4,plan_comm_ms,0.520064,recorder
20260909-114553_perlmutter_8b85bc5a,ablation_l01_s2_swapall_rst_3d_dual3_str4_p2p_r2_gate_trace-573d7a_b64_k8_isolated,isolated,ours,2,5,plan_comm_ms,0.333184,recorder
20260909-114553_perlmutter_8b85bc5a,ablation_l01_s2_swapall_rst_3d_dual3_str4_p2p_r2_gate_trace-573d7a_b64_k8_isolated,isolated,ours,2,0,place_ms,2.375456,recorder
20260909-114553_perlmutter_8b85bc5a,ablation_l01_s2_swapall_rst_3d_dual3_str4_p2p_r2_gate_trace-573d7a_b64_k8_isolated,isolated,ours,2,1,place_ms,2.375872,recorder
20260909-114553_perlmutter_8b85bc5a,ablation_l01_s2_swapall_rst_3d_dual3_str4_p2p_r2_gate_trace-573d7a_b64_k8_isolated,isolated,ours,2,2,place_ms,2.368736,recorder
20260909-114553_perlmutter_8b85bc5a,ablation_l01_s2_swapall_rst_3d_dual3_str4_p2p_r2_gate_trace-573d7a_b64_k8_isolated,isolated,ours,2,3,place_ms,2.360288,recorder
20260909-114553_perlmutter_8b85bc5a,ablation_l01_s2_swapall_rst_3d_dual3_str4_p2p_r2_gate_trace-573d7a_b64_k8_isolated,isolated,ours,2,4,place_ms,2.36608,recorder
20260909-114553_perlmutter_8b85bc5a,ablation_l01_s2_swapall_rst_3d_dual3_str4_p2p_r2_gate_trace-573d7a_b64_k8_isolated,isolated,ours,2,5,place_ms,2.377184,recorder
20260909-114553_perlmutter_8b85bc5a,ablation_l01_s2_swapall_rst_3d_dual3_str4_p2p_r2_gate_trace-573d7a_b64_k8_isolated,isolated,ours,2,0,plan_ms,2.603104,recorder
20260909-114553_perlmutter_8b85bc5a,ablation_l01_s2_swapall_rst_3d_dual3_str4_p2p_r2_gate_trace-573d7a_b64_k8_isolated,isolated,ours,2,1,plan_ms,2.935168,recorder
20260909-114553_perlmutter_8b85bc5a,ablation_l01_s2_swapall_rst_3d_dual3_str4_p2p_r2_gate_trace-573d7a_b64_k8_isolated,isolated,ours,2,2,plan_ms,2.393952,recorder
20260909-114553_perlmutter_8b85bc5a,ablation_l01_s2_swapall_rst_3d_dual3_str4_p2p_r2_gate_trace-573d7a_b64_k8_isolated,isolated,ours,2,3,plan_ms,2.667328,recorder
20260909-114553_perlmutter_8b85bc5a,ablation_l01_s2_swapall_rst_3d_dual3_str4_p2p_r2_gate_trace-573d7a_b64_k8_isolated,isolated,ours,2,4,plan_ms,3.171232,recorder
20260909-114553_perlmutter_8b85bc5a,ablation_l01_s2_swapall_rst_3d_dual3_str4_p2p_r2_gate_trace-573d7a_b64_k8_isolated,isolated,ours,2,5,plan_ms,2.504448,recorder
20260909-114553_perlmutter_8b85bc5a,ablation_l01_s2_swapall_rst_3d_dual3_str4_p2p_r2_gate_trace-573d7a_b64_k8_isolated,isolated,ours,2,0,total_ms,59.347137,recorder
20260909-114553_perlmutter_8b85bc5a,ablation_l01_s2_swapall_rst_3d_dual3_str4_p2p_r2_gate_trace-573d7a_b64_k8_isolated,isolated,ours,2,1,total_ms,59.399742,recorder
20260909-114553_perlmutter_8b85bc5a,ablation_l01_s2_swapall_rst_3d_dual3_str4_p2p_r2_gate_trace-573d7a_b64_k8_isolated,isolated,ours,2,2,total_ms,58.693985,recorder
20260909-114553_perlmutter_8b85bc5a,ablation_l01_s2_swapall_rst_3d_dual3_str4_p2p_r2_gate_trace-573d7a_b64_k8_isolated,isolated,ours,2,3,total_ms,59.104065,recorder
20260909-114553_perlmutter_8b85bc5a,ablation_l01_s2_swapall_rst_3d_dual3_str4_p2p_r2_gate_trace-573d7a_b64_k8_isolated,isolated,ours,2,4,total_ms,62.515102,recorder
20260909-114553_perlmutter_8b85bc5a,ablation_l01_s2_swapall_rst_3d_dual3_str4_p2p_r2_gate_trace-573d7a_b64_k8_isolated,isolated,ours,2,5,total_ms,58.846592,recorder
20260909-114553_perlmutter_8b85bc5a,ablation_l01_s2_swapall_rst_3d_dual3_str4_p2p_r2_gate_trace-573d7a_b64_k8_isolated,isolated,ours,2,0,iso_sync_ms,1324.000597,recorder
20260909-114553_perlmutter_8b85bc5a,ablation_l01_s2_swapall_rst_3d_dual3_str4_p2p_r2_gate_trace-573d7a_b64_k8_isolated,isolated,ours,2,1,iso_sync_ms,1307.666592,recorder
20260909-114553_perlmutter_8b85bc5a,ablation_l01_s2_swapall_rst_3d_dual3_str4_p2p_r2_gate_trace-573d7a_b64_k8_isolated,isolated,ours,2,2,iso_sync_ms,1296.655331,recorder
20260909-114553_perlmutter_8b85bc5a,ablation_l01_s2_swapall_rst_3d_dual3_str4_p2p_r2_gate_trace-573d7a_b64_k8_isolated,isolated,ours,2,3,iso_sync_ms,1299.906006,recorder
20260909-114553_perlmutter_8b85bc5a,ablation_l01_s2_swapall_rst_3d_dual3_str4_p2p_r2_gate_trace-573d7a_b64_k8_isolated,isolated,ours,2,4,iso_sync_ms,1296.199338,recorder
20260909-114553_perlmutter_8b85bc5a,ablation_l01_s2_swapall_rst_3d_dual3_str4_p2p_r2_gate_trace-573d7a_b64_k8_isolated,isolated,ours,2,5,iso_sync_ms,1288.50899,recorder
20260909-114553_perlmutter_8b85bc5a,ablation_l01_s2_swapall_rst_3d_dual3_str4_p2p_r2_gate_trace-573d7a_b64_k8_isolated,isolated,ours,3,0,e2e_ms,53.99155,recorder
20260909-114553_perlmutter_8b85bc5a,ablation_l01_s2_swapall_rst_3d_dual3_str4_p2p_r2_gate_trace-573d7a_b64_k8_isolated,isolated,ours,3,1,e2e_ms,53.819489,recorder
20260909-114553_perlmutter_8b85bc5a,ablation_l01_s2_swapall_rst_3d_dual3_str4_p2p_r2_gate_trace-573d7a_b64_k8_isolated,isolated,ours,3,2,e2e_ms,53.671329,recorder
20260909-114553_perlmutter_8b85bc5a,ablation_l01_s2_swapall_rst_3d_dual3_str4_p2p_r2_gate_trace-573d7a_b64_k8_isolated,isolated,ours,3,3,e2e_ms,53.627872,recorder
20260909-114553_perlmutter_8b85bc5a,ablation_l01_s2_swapall_rst_3d_dual3_str4_p2p_r2_gate_trace-573d7a_b64_k8_isolated,isolated,ours,3,4,e2e_ms,56.453697,recorder
20260909-114553_perlmutter_8b85bc5a,ablation_l01_s2_swapall_rst_3d_dual3_str4_p2p_r2_gate_trace-573d7a_b64_k8_isolated,isolated,ours,3,5,e2e_ms,53.630623,recorder
20260909-114553_perlmutter_8b85bc5a,ablation_l01_s2_swapall_rst_3d_dual3_str4_p2p_r2_gate_trace-573d7a_b64_k8_isolated,isolated,ours,3,0,l0_ms,24.16256,recorder
20260909-114553_perlmutter_8b85bc5a,ablation_l01_s2_swapall_rst_3d_dual3_str4_p2p_r2_gate_trace-573d7a_b64_k8_isolated,isolated,ours,3,1,l0_ms,23.194912,recorder
20260909-114553_perlmutter_8b85bc5a,ablation_l01_s2_swapall_rst_3d_dual3_str4_p2p_r2_gate_trace-573d7a_b64_k8_isolated,isolated,ours,3,2,l0_ms,23.591455,recorder
20260909-114553_perlmutter_8b85bc5a,ablation_l01_s2_swapall_rst_3d_dual3_str4_p2p_r2_gate_trace-573d7a_b64_k8_isolated,isolated,ours,3,3,l0_ms,23.060127,recorder
20260909-114553_perlmutter_8b85bc5a,ablation_l01_s2_swapall_rst_3d_dual3_str4_p2p_r2_gate_trace-573d7a_b64_k8_isolated,isolated,ours,3,4,l0_ms,24.808832,recorder
20260909-114553_perlmutter_8b85bc5a,ablation_l01_s2_swapall_rst_3d_dual3_str4_p2p_r2_gate_trace-573d7a_b64_k8_isolated,isolated,ours,3,5,l0_ms,23.145344,recorder
20260909-114553_perlmutter_8b85bc5a,ablation_l01_s2_swapall_rst_3d_dual3_str4_p2p_r2_gate_trace-573d7a_b64_k8_isolated,isolated,ours,3,0,act_ms,0.203776,recorder
20260909-114553_perlmutter_8b85bc5a,ablation_l01_s2_swapall_rst_3d_dual3_str4_p2p_r2_gate_trace-573d7a_b64_k8_isolated,isolated,ours,3,1,act_ms,0.204448,recorder
20260909-114553_perlmutter_8b85bc5a,ablation_l01_s2_swapall_rst_3d_dual3_str4_p2p_r2_gate_trace-573d7a_b64_k8_isolated,isolated,ours,3,2,act_ms,0.204544,recorder
20260909-114553_perlmutter_8b85bc5a,ablation_l01_s2_swapall_rst_3d_dual3_str4_p2p_r2_gate_trace-573d7a_b64_k8_isolated,isolated,ours,3,3,act_ms,0.20784,recorder
20260909-114553_perlmutter_8b85bc5a,ablation_l01_s2_swapall_rst_3d_dual3_str4_p2p_r2_gate_trace-573d7a_b64_k8_isolated,isolated,ours,3,4,act_ms,0.203648,recorder
20260909-114553_perlmutter_8b85bc5a,ablation_l01_s2_swapall_rst_3d_dual3_str4_p2p_r2_gate_trace-573d7a_b64_k8_isolated,isolated,ours,3,5,act_ms,0.20608,recorder
20260909-114553_perlmutter_8b85bc5a,ablation_l01_s2_swapall_rst_3d_dual3_str4_p2p_r2_gate_trace-573d7a_b64_k8_isolated,isolated,ours,3,0,l1_ms,29.625216,recorder
20260909-114553_perlmutter_8b85bc5a,ablation_l01_s2_swapall_rst_3d_dual3_str4_p2p_r2_gate_trace-573d7a_b64_k8_isolated,isolated,ours,3,1,l1_ms,30.420128,recorder
20260909-114553_perlmutter_8b85bc5a,ablation_l01_s2_swapall_rst_3d_dual3_str4_p2p_r2_gate_trace-573d7a_b64_k8_isolated,isolated,ours,3,2,l1_ms,29.875328,recorder
20260909-114553_perlmutter_8b85bc5a,ablation_l01_s2_swapall_rst_3d_dual3_str4_p2p_r2_gate_trace-573d7a_b64_k8_isolated,isolated,ours,3,3,l1_ms,30.359903,recorder
20260909-114553_perlmutter_8b85bc5a,ablation_l01_s2_swapall_rst_3d_dual3_str4_p2p_r2_gate_trace-573d7a_b64_k8_isolated,isolated,ours,3,4,l1_ms,31.441216,recorder
20260909-114553_perlmutter_8b85bc5a,ablation_l01_s2_swapall_rst_3d_dual3_str4_p2p_r2_gate_trace-573d7a_b64_k8_isolated,isolated,ours,3,5,l1_ms,30.2792,recorder
20260909-114553_perlmutter_8b85bc5a,ablation_l01_s2_swapall_rst_3d_dual3_str4_p2p_r2_gate_trace-573d7a_b64_k8_isolated,isolated,ours,3,0,plan_comm_ms,0.378144,recorder
20260909-114553_perlmutter_8b85bc5a,ablation_l01_s2_swapall_rst_3d_dual3_str4_p2p_r2_gate_trace-573d7a_b64_k8_isolated,isolated,ours,3,1,plan_comm_ms,0.271456,recorder
20260909-114553_perlmutter_8b85bc5a,ablation_l01_s2_swapall_rst_3d_dual3_str4_p2p_r2_gate_trace-573d7a_b64_k8_isolated,isolated,ours,3,2,plan_comm_ms,0.261024,recorder
20260909-114553_perlmutter_8b85bc5a,ablation_l01_s2_swapall_rst_3d_dual3_str4_p2p_r2_gate_trace-573d7a_b64_k8_isolated,isolated,ours,3,3,plan_comm_ms,0.459136,recorder
20260909-114553_perlmutter_8b85bc5a,ablation_l01_s2_swapall_rst_3d_dual3_str4_p2p_r2_gate_trace-573d7a_b64_k8_isolated,isolated,ours,3,4,plan_comm_ms,0.515328,recorder
20260909-114553_perlmutter_8b85bc5a,ablation_l01_s2_swapall_rst_3d_dual3_str4_p2p_r2_gate_trace-573d7a_b64_k8_isolated,isolated,ours,3,5,plan_comm_ms,0.33744,recorder
20260909-114553_perlmutter_8b85bc5a,ablation_l01_s2_swapall_rst_3d_dual3_str4_p2p_r2_gate_trace-573d7a_b64_k8_isolated,isolated,ours,3,0,place_ms,2.392256,recorder
20260909-114553_perlmutter_8b85bc5a,ablation_l01_s2_swapall_rst_3d_dual3_str4_p2p_r2_gate_trace-573d7a_b64_k8_isolated,isolated,ours,3,1,place_ms,2.357024,recorder
20260909-114553_perlmutter_8b85bc5a,ablation_l01_s2_swapall_rst_3d_dual3_str4_p2p_r2_gate_trace-573d7a_b64_k8_isolated,isolated,ours,3,2,place_ms,2.373344,recorder
20260909-114553_perlmutter_8b85bc5a,ablation_l01_s2_swapall_rst_3d_dual3_str4_p2p_r2_gate_trace-573d7a_b64_k8_isolated,isolated,ours,3,3,place_ms,2.367552,recorder
20260909-114553_perlmutter_8b85bc5a,ablation_l01_s2_swapall_rst_3d_dual3_str4_p2p_r2_gate_trace-573d7a_b64_k8_isolated,isolated,ours,3,4,place_ms,2.387808,recorder
20260909-114553_perlmutter_8b85bc5a,ablation_l01_s2_swapall_rst_3d_dual3_str4_p2p_r2_gate_trace-573d7a_b64_k8_isolated,isolated,ours,3,5,place_ms,2.35168,recorder
20260909-114553_perlmutter_8b85bc5a,ablation_l01_s2_swapall_rst_3d_dual3_str4_p2p_r2_gate_trace-573d7a_b64_k8_isolated,isolated,ours,3,0,plan_ms,2.576192,recorder
20260909-114553_perlmutter_8b85bc5a,ablation_l01_s2_swapall_rst_3d_dual3_str4_p2p_r2_gate_trace-573d7a_b64_k8_isolated,isolated,ours,3,1,plan_ms,2.942784,recorder
20260909-114553_perlmutter_8b85bc5a,ablation_l01_s2_swapall_rst_3d_dual3_str4_p2p_r2_gate_trace-573d7a_b64_k8_isolated,isolated,ours,3,2,plan_ms,2.377472,recorder
20260909-114553_perlmutter_8b85bc5a,ablation_l01_s2_swapall_rst_3d_dual3_str4_p2p_r2_gate_trace-573d7a_b64_k8_isolated,isolated,ours,3,3,plan_ms,2.642112,recorder
20260909-114553_perlmutter_8b85bc5a,ablation_l01_s2_swapall_rst_3d_dual3_str4_p2p_r2_gate_trace-573d7a_b64_k8_isolated,isolated,ours,3,4,plan_ms,3.145472,recorder
20260909-114553_perlmutter_8b85bc5a,ablation_l01_s2_swapall_rst_3d_dual3_str4_p2p_r2_gate_trace-573d7a_b64_k8_isolated,isolated,ours,3,5,plan_ms,2.520768,recorder
20260909-114553_perlmutter_8b85bc5a,ablation_l01_s2_swapall_rst_3d_dual3_str4_p2p_r2_gate_trace-573d7a_b64_k8_isolated,isolated,ours,3,0,total_ms,59.340641,recorder
20260909-114553_perlmutter_8b85bc5a,ablation_l01_s2_swapall_rst_3d_dual3_str4_p2p_r2_gate_trace-573d7a_b64_k8_isolated,isolated,ours,3,1,total_ms,59.393215,recorder
20260909-114553_perlmutter_8b85bc5a,ablation_l01_s2_swapall_rst_3d_dual3_str4_p2p_r2_gate_trace-573d7a_b64_k8_isolated,isolated,ours,3,2,total_ms,58.685631,recorder
20260909-114553_perlmutter_8b85bc5a,ablation_l01_s2_swapall_rst_3d_dual3_str4_p2p_r2_gate_trace-573d7a_b64_k8_isolated,isolated,ours,3,3,total_ms,59.099136,recorder
20260909-114553_perlmutter_8b85bc5a,ablation_l01_s2_swapall_rst_3d_dual3_str4_p2p_r2_gate_trace-573d7a_b64_k8_isolated,isolated,ours,3,4,total_ms,62.504768,recorder
20260909-114553_perlmutter_8b85bc5a,ablation_l01_s2_swapall_rst_3d_dual3_str4_p2p_r2_gate_trace-573d7a_b64_k8_isolated,isolated,ours,3,5,total_ms,58.842976,recorder
20260909-114553_perlmutter_8b85bc5a,ablation_l01_s2_swapall_rst_3d_dual3_str4_p2p_r2_gate_trace-573d7a_b64_k8_isolated,isolated,ours,3,0,iso_sync_ms,1350.525906,recorder
20260909-114553_perlmutter_8b85bc5a,ablation_l01_s2_swapall_rst_3d_dual3_str4_p2p_r2_gate_trace-573d7a_b64_k8_isolated,isolated,ours,3,1,iso_sync_ms,1332.661031,recorder
20260909-114553_perlmutter_8b85bc5a,ablation_l01_s2_swapall_rst_3d_dual3_str4_p2p_r2_gate_trace-573d7a_b64_k8_isolated,isolated,ours,3,2,iso_sync_ms,1318.579292,recorder
20260909-114553_perlmutter_8b85bc5a,ablation_l01_s2_swapall_rst_3d_dual3_str4_p2p_r2_gate_trace-573d7a_b64_k8_isolated,isolated,ours,3,3,iso_sync_ms,1318.369337,recorder
20260909-114553_perlmutter_8b85bc5a,ablation_l01_s2_swapall_rst_3d_dual3_str4_p2p_r2_gate_trace-573d7a_b64_k8_isolated,isolated,ours,3,4,iso_sync_ms,1320.270043,recorder
20260909-114553_perlmutter_8b85bc5a,ablation_l01_s2_swapall_rst_3d_dual3_str4_p2p_r2_gate_trace-573d7a_b64_k8_isolated,isolated,ours,3,5,iso_sync_ms,1312.596635,recorder
20260909-114553_perlmutter_8b85bc5a,ablation_l01_s2_swapall_rst_3d_dual3_str4_p2p_r2_gate_trace-573d7a_b64_k8_isolated,isolated,ours,4,0,e2e_ms,53.926594,recorder
20260909-114553_perlmutter_8b85bc5a,ablation_l01_s2_swapall_rst_3d_dual3_str4_p2p_r2_gate_trace-573d7a_b64_k8_isolated,isolated,ours,4,1,e2e_ms,53.762207,recorder
20260909-114553_perlmutter_8b85bc5a,ablation_l01_s2_swapall_rst_3d_dual3_str4_p2p_r2_gate_trace-573d7a_b64_k8_isolated,isolated,ours,4,2,e2e_ms,53.659744,recorder
20260909-114553_perlmutter_8b85bc5a,ablation_l01_s2_swapall_rst_3d_dual3_str4_p2p_r2_gate_trace-573d7a_b64_k8_isolated,isolated,ours,4,3,e2e_ms,53.635071,recorder
20260909-114553_perlmutter_8b85bc5a,ablation_l01_s2_swapall_rst_3d_dual3_str4_p2p_r2_gate_trace-573d7a_b64_k8_isolated,isolated,ours,4,4,e2e_ms,56.410751,recorder
20260909-114553_perlmutter_8b85bc5a,ablation_l01_s2_swapall_rst_3d_dual3_str4_p2p_r2_gate_trace-573d7a_b64_k8_isolated,isolated,ours,4,5,e2e_ms,53.617249,recorder
20260909-114553_perlmutter_8b85bc5a,ablation_l01_s2_swapall_rst_3d_dual3_str4_p2p_r2_gate_trace-573d7a_b64_k8_isolated,isolated,ours,4,0,l0_ms,24.08144,recorder
20260909-114553_perlmutter_8b85bc5a,ablation_l01_s2_swapall_rst_3d_dual3_str4_p2p_r2_gate_trace-573d7a_b64_k8_isolated,isolated,ours,4,1,l0_ms,23.122688,recorder
20260909-114553_perlmutter_8b85bc5a,ablation_l01_s2_swapall_rst_3d_dual3_str4_p2p_r2_gate_trace-573d7a_b64_k8_isolated,isolated,ours,4,2,l0_ms,23.559328,recorder
20260909-114553_perlmutter_8b85bc5a,ablation_l01_s2_swapall_rst_3d_dual3_str4_p2p_r2_gate_trace-573d7a_b64_k8_isolated,isolated,ours,4,3,l0_ms,23.053761,recorder
20260909-114553_perlmutter_8b85bc5a,ablation_l01_s2_swapall_rst_3d_dual3_str4_p2p_r2_gate_trace-573d7a_b64_k8_isolated,isolated,ours,4,4,l0_ms,24.760639,recorder
20260909-114553_perlmutter_8b85bc5a,ablation_l01_s2_swapall_rst_3d_dual3_str4_p2p_r2_gate_trace-573d7a_b64_k8_isolated,isolated,ours,4,5,l0_ms,23.121887,recorder
20260909-114553_perlmutter_8b85bc5a,ablation_l01_s2_swapall_rst_3d_dual3_str4_p2p_r2_gate_trace-573d7a_b64_k8_isolated,isolated,ours,4,0,act_ms,0.18496,recorder
20260909-114553_perlmutter_8b85bc5a,ablation_l01_s2_swapall_rst_3d_dual3_str4_p2p_r2_gate_trace-573d7a_b64_k8_isolated,isolated,ours,4,1,act_ms,0.185408,recorder
20260909-114553_perlmutter_8b85bc5a,ablation_l01_s2_swapall_rst_3d_dual3_str4_p2p_r2_gate_trace-573d7a_b64_k8_isolated,isolated,ours,4,2,act_ms,0.18128,recorder
20260909-114553_perlmutter_8b85bc5a,ablation_l01_s2_swapall_rst_3d_dual3_str4_p2p_r2_gate_trace-573d7a_b64_k8_isolated,isolated,ours,4,3,act_ms,0.185472,recorder
20260909-114553_perlmutter_8b85bc5a,ablation_l01_s2_swapall_rst_3d_dual3_str4_p2p_r2_gate_trace-573d7a_b64_k8_isolated,isolated,ours,4,4,act_ms,0.185472,recorder
20260909-114553_perlmutter_8b85bc5a,ablation_l01_s2_swapall_rst_3d_dual3_str4_p2p_r2_gate_trace-573d7a_b64_k8_isolated,isolated,ours,4,5,act_ms,0.186528,recorder
20260909-114553_perlmutter_8b85bc5a,ablation_l01_s2_swapall_rst_3d_dual3_str4_p2p_r2_gate_trace-573d7a_b64_k8_isolated,isolated,ours,4,0,l1_ms,29.660192,recorder
20260909-114553_perlmutter_8b85bc5a,ablation_l01_s2_swapall_rst_3d_dual3_str4_p2p_r2_gate_trace-573d7a_b64_k8_isolated,isolated,ours,4,1,l1_ms,30.454111,recorder
20260909-114553_perlmutter_8b85bc5a,ablation_l01_s2_swapall_rst_3d_dual3_str4_p2p_r2_gate_trace-573d7a_b64_k8_isolated,isolated,ours,4,2,l1_ms,29.919136,recorder
20260909-114553_perlmutter_8b85bc5a,ablation_l01_s2_swapall_rst_3d_dual3_str4_p2p_r2_gate_trace-573d7a_b64_k8_isolated,isolated,ours,4,3,l1_ms,30.39584,recorder
20260909-114553_perlmutter_8b85bc5a,ablation_l01_s2_swapall_rst_3d_dual3_str4_p2p_r2_gate_trace-573d7a_b64_k8_isolated,isolated,ours,4,4,l1_ms,31.46464,recorder
20260909-114553_perlmutter_8b85bc5a,ablation_l01_s2_swapall_rst_3d_dual3_str4_p2p_r2_gate_trace-573d7a_b64_k8_isolated,isolated,ours,4,5,l1_ms,30.308832,recorder
20260909-114553_perlmutter_8b85bc5a,ablation_l01_s2_swapall_rst_3d_dual3_str4_p2p_r2_gate_trace-573d7a_b64_k8_isolated,isolated,ours,4,0,plan_comm_ms,0.279328,recorder
20260909-114553_perlmutter_8b85bc5a,ablation_l01_s2_swapall_rst_3d_dual3_str4_p2p_r2_gate_trace-573d7a_b64_k8_isolated,isolated,ours,4,1,plan_comm_ms,0.197504,recorder
20260909-114553_perlmutter_8b85bc5a,ablation_l01_s2_swapall_rst_3d_dual3_str4_p2p_r2_gate_trace-573d7a_b64_k8_isolated,isolated,ours,4,2,plan_comm_ms,0.241856,recorder
20260909-114553_perlmutter_8b85bc5a,ablation_l01_s2_swapall_rst_3d_dual3_str4_p2p_r2_gate_trace-573d7a_b64_k8_isolated,isolated,ours,4,3,plan_comm_ms,0.458464,recorder
20260909-114553_perlmutter_8b85bc5a,ablation_l01_s2_swapall_rst_3d_dual3_str4_p2p_r2_gate_trace-573d7a_b64_k8_isolated,isolated,ours,4,4,plan_comm_ms,0.509088,recorder
20260909-114553_perlmutter_8b85bc5a,ablation_l01_s2_swapall_rst_3d_dual3_str4_p2p_r2_gate_trace-573d7a_b64_k8_isolated,isolated,ours,4,5,plan_comm_ms,0.321888,recorder
20260909-114553_perlmutter_8b85bc5a,ablation_l01_s2_swapall_rst_3d_dual3_str4_p2p_r2_gate_trace-573d7a_b64_k8_isolated,isolated,ours,4,0,place_ms,2.459616,recorder
20260909-114553_perlmutter_8b85bc5a,ablation_l01_s2_swapall_rst_3d_dual3_str4_p2p_r2_gate_trace-573d7a_b64_k8_isolated,isolated,ours,4,1,place_ms,2.432128,recorder
20260909-114553_perlmutter_8b85bc5a,ablation_l01_s2_swapall_rst_3d_dual3_str4_p2p_r2_gate_trace-573d7a_b64_k8_isolated,isolated,ours,4,2,place_ms,2.354912,recorder
20260909-114553_perlmutter_8b85bc5a,ablation_l01_s2_swapall_rst_3d_dual3_str4_p2p_r2_gate_trace-573d7a_b64_k8_isolated,isolated,ours,4,3,place_ms,2.374368,recorder
20260909-114553_perlmutter_8b85bc5a,ablation_l01_s2_swapall_rst_3d_dual3_str4_p2p_r2_gate_trace-573d7a_b64_k8_isolated,isolated,ours,4,4,place_ms,2.372832,recorder
20260909-114553_perlmutter_8b85bc5a,ablation_l01_s2_swapall_rst_3d_dual3_str4_p2p_r2_gate_trace-573d7a_b64_k8_isolated,isolated,ours,4,5,place_ms,2.34976,recorder
20260909-114553_perlmutter_8b85bc5a,ablation_l01_s2_swapall_rst_3d_dual3_str4_p2p_r2_gate_trace-573d7a_b64_k8_isolated,isolated,ours,4,0,plan_ms,2.584,recorder
20260909-114553_perlmutter_8b85bc5a,ablation_l01_s2_swapall_rst_3d_dual3_str4_p2p_r2_gate_trace-573d7a_b64_k8_isolated,isolated,ours,4,1,plan_ms,2.931648,recorder
20260909-114553_perlmutter_8b85bc5a,ablation_l01_s2_swapall_rst_3d_dual3_str4_p2p_r2_gate_trace-573d7a_b64_k8_isolated,isolated,ours,4,2,plan_ms,2.429728,recorder
20260909-114553_perlmutter_8b85bc5a,ablation_l01_s2_swapall_rst_3d_dual3_str4_p2p_r2_gate_trace-573d7a_b64_k8_isolated,isolated,ours,4,3,plan_ms,2.630848,recorder
20260909-114553_perlmutter_8b85bc5a,ablation_l01_s2_swapall_rst_3d_dual3_str4_p2p_r2_gate_trace-573d7a_b64_k8_isolated,isolated,ours,4,4,plan_ms,3.202624,recorder
20260909-114553_perlmutter_8b85bc5a,ablation_l01_s2_swapall_rst_3d_dual3_str4_p2p_r2_gate_trace-573d7a_b64_k8_isolated,isolated,ours,4,5,plan_ms,2.54864,recorder
20260909-114553_perlmutter_8b85bc5a,ablation_l01_s2_swapall_rst_3d_dual3_str4_p2p_r2_gate_trace-573d7a_b64_k8_isolated,isolated,ours,4,0,total_ms,59.252254,recorder
20260909-114553_perlmutter_8b85bc5a,ablation_l01_s2_swapall_rst_3d_dual3_str4_p2p_r2_gate_trace-573d7a_b64_k8_isolated,isolated,ours,4,1,total_ms,59.326176,recorder
20260909-114553_perlmutter_8b85bc5a,ablation_l01_s2_swapall_rst_3d_dual3_str4_p2p_r2_gate_trace-573d7a_b64_k8_isolated,isolated,ours,4,2,total_ms,58.688961,recorder
20260909-114553_perlmutter_8b85bc5a,ablation_l01_s2_swapall_rst_3d_dual3_str4_p2p_r2_gate_trace-573d7a_b64_k8_isolated,isolated,ours,4,3,total_ms,59.10144,recorder
20260909-114553_perlmutter_8b85bc5a,ablation_l01_s2_swapall_rst_3d_dual3_str4_p2p_r2_gate_trace-573d7a_b64_k8_isolated,isolated,ours,4,4,total_ms,62.497952,recorder
20260909-114553_perlmutter_8b85bc5a,ablation_l01_s2_swapall_rst_3d_dual3_str4_p2p_r2_gate_trace-573d7a_b64_k8_isolated,isolated,ours,4,5,total_ms,58.840191,recorder
20260909-114553_perlmutter_8b85bc5a,ablation_l01_s2_swapall_rst_3d_dual3_str4_p2p_r2_gate_trace-573d7a_b64_k8_isolated,isolated,ours,4,0,iso_sync_ms,1015.433563,recorder
20260909-114553_perlmutter_8b85bc5a,ablation_l01_s2_swapall_rst_3d_dual3_str4_p2p_r2_gate_trace-573d7a_b64_k8_isolated,isolated,ours,4,1,iso_sync_ms,971.628907,recorder
20260909-114553_perlmutter_8b85bc5a,ablation_l01_s2_swapall_rst_3d_dual3_str4_p2p_r2_gate_trace-573d7a_b64_k8_isolated,isolated,ours,4,2,iso_sync_ms,949.45529,recorder
20260909-114553_perlmutter_8b85bc5a,ablation_l01_s2_swapall_rst_3d_dual3_str4_p2p_r2_gate_trace-573d7a_b64_k8_isolated,isolated,ours,4,3,iso_sync_ms,957.803324,recorder
20260909-114553_perlmutter_8b85bc5a,ablation_l01_s2_swapall_rst_3d_dual3_str4_p2p_r2_gate_trace-573d7a_b64_k8_isolated,isolated,ours,4,4,iso_sync_ms,953.709803,recorder
20260909-114553_perlmutter_8b85bc5a,ablation_l01_s2_swapall_rst_3d_dual3_str4_p2p_r2_gate_trace-573d7a_b64_k8_isolated,isolated,ours,4,5,iso_sync_ms,962.229389,recorder
20260909-114553_perlmutter_8b85bc5a,ablation_l01_s2_swapall_rst_3d_dual3_str4_p2p_r2_gate_trace-573d7a_b64_k8_isolated,isolated,ours,5,0,e2e_ms,54.023682,recorder
20260909-114553_perlmutter_8b85bc5a,ablation_l01_s2_swapall_rst_3d_dual3_str4_p2p_r2_gate_trace-573d7a_b64_k8_isolated,isolated,ours,5,1,e2e_ms,53.836769,recorder
20260909-114553_perlmutter_8b85bc5a,ablation_l01_s2_swapall_rst_3d_dual3_str4_p2p_r2_gate_trace-573d7a_b64_k8_isolated,isolated,ours,5,2,e2e_ms,53.686722,recorder
20260909-114553_perlmutter_8b85bc5a,ablation_l01_s2_swapall_rst_3d_dual3_str4_p2p_r2_gate_trace-573d7a_b64_k8_isolated,isolated,ours,5,3,e2e_ms,53.651775,recorder
20260909-114553_perlmutter_8b85bc5a,ablation_l01_s2_swapall_rst_3d_dual3_str4_p2p_r2_gate_trace-573d7a_b64_k8_isolated,isolated,ours,5,4,e2e_ms,56.4328,recorder
20260909-114553_perlmutter_8b85bc5a,ablation_l01_s2_swapall_rst_3d_dual3_str4_p2p_r2_gate_trace-573d7a_b64_k8_isolated,isolated,ours,5,5,e2e_ms,53.653568,recorder
20260909-114553_perlmutter_8b85bc5a,ablation_l01_s2_swapall_rst_3d_dual3_str4_p2p_r2_gate_trace-573d7a_b64_k8_isolated,isolated,ours,5,0,l0_ms,24.185984,recorder
20260909-114553_perlmutter_8b85bc5a,ablation_l01_s2_swapall_rst_3d_dual3_str4_p2p_r2_gate_trace-573d7a_b64_k8_isolated,isolated,ours,5,1,l0_ms,23.199327,recorder
20260909-114553_perlmutter_8b85bc5a,ablation_l01_s2_swapall_rst_3d_dual3_str4_p2p_r2_gate_trace-573d7a_b64_k8_isolated,isolated,ours,5,2,l0_ms,23.597055,recorder
20260909-114553_perlmutter_8b85bc5a,ablation_l01_s2_swapall_rst_3d_dual3_str4_p2p_r2_gate_trace-573d7a_b64_k8_isolated,isolated,ours,5,3,l0_ms,23.076704,recorder
20260909-114553_perlmutter_8b85bc5a,ablation_l01_s2_swapall_rst_3d_dual3_str4_p2p_r2_gate_trace-573d7a_b64_k8_isolated,isolated,ours,5,4,l0_ms,24.784351,recorder
20260909-114553_perlmutter_8b85bc5a,ablation_l01_s2_swapall_rst_3d_dual3_str4_p2p_r2_gate_trace-573d7a_b64_k8_isolated,isolated,ours,5,5,l0_ms,23.158913,recorder
20260909-114553_perlmutter_8b85bc5a,ablation_l01_s2_swapall_rst_3d_dual3_str4_p2p_r2_gate_trace-573d7a_b64_k8_isolated,isolated,ours,5,0,act_ms,0.181472,recorder
20260909-114553_perlmutter_8b85bc5a,ablation_l01_s2_swapall_rst_3d_dual3_str4_p2p_r2_gate_trace-573d7a_b64_k8_isolated,isolated,ours,5,1,act_ms,0.181408,recorder
20260909-114553_perlmutter_8b85bc5a,ablation_l01_s2_swapall_rst_3d_dual3_str4_p2p_r2_gate_trace-573d7a_b64_k8_isolated,isolated,ours,5,2,act_ms,0.182496,recorder
20260909-114553_perlmutter_8b85bc5a,ablation_l01_s2_swapall_rst_3d_dual3_str4_p2p_r2_gate_trace-573d7a_b64_k8_isolated,isolated,ours,5,3,act_ms,0.183488,recorder
20260909-114553_perlmutter_8b85bc5a,ablation_l01_s2_swapall_rst_3d_dual3_str4_p2p_r2_gate_trace-573d7a_b64_k8_isolated,isolated,ours,5,4,act_ms,0.1824,recorder
20260909-114553_perlmutter_8b85bc5a,ablation_l01_s2_swapall_rst_3d_dual3_str4_p2p_r2_gate_trace-573d7a_b64_k8_isolated,isolated,ours,5,5,act_ms,0.18224,recorder
20260909-114553_perlmutter_8b85bc5a,ablation_l01_s2_swapall_rst_3d_dual3_str4_p2p_r2_gate_trace-573d7a_b64_k8_isolated,isolated,ours,5,0,l1_ms,29.656223,recorder
20260909-114553_perlmutter_8b85bc5a,ablation_l01_s2_swapall_rst_3d_dual3_str4_p2p_r2_gate_trace-573d7a_b64_k8_isolated,isolated,ours,5,1,l1_ms,30.456032,recorder
20260909-114553_perlmutter_8b85bc5a,ablation_l01_s2_swapall_rst_3d_dual3_str4_p2p_r2_gate_trace-573d7a_b64_k8_isolated,isolated,ours,5,2,l1_ms,29.907167,recorder
20260909-114553_perlmutter_8b85bc5a,ablation_l01_s2_swapall_rst_3d_dual3_str4_p2p_r2_gate_trace-573d7a_b64_k8_isolated,isolated,ours,5,3,l1_ms,30.391584,recorder
20260909-114553_perlmutter_8b85bc5a,ablation_l01_s2_swapall_rst_3d_dual3_str4_p2p_r2_gate_trace-573d7a_b64_k8_isolated,isolated,ours,5,4,l1_ms,31.466047,recorder
20260909-114553_perlmutter_8b85bc5a,ablation_l01_s2_swapall_rst_3d_dual3_str4_p2p_r2_gate_trace-573d7a_b64_k8_isolated,isolated,ours,5,5,l1_ms,30.312416,recorder
20260909-114553_perlmutter_8b85bc5a,ablation_l01_s2_swapall_rst_3d_dual3_str4_p2p_r2_gate_trace-573d7a_b64_k8_isolated,isolated,ours,5,0,plan_comm_ms,0.291328,recorder
20260909-114553_perlmutter_8b85bc5a,ablation_l01_s2_swapall_rst_3d_dual3_str4_p2p_r2_gate_trace-573d7a_b64_k8_isolated,isolated,ours,5,1,plan_comm_ms,0.193984,recorder
20260909-114553_perlmutter_8b85bc5a,ablation_l01_s2_swapall_rst_3d_dual3_str4_p2p_r2_gate_trace-573d7a_b64_k8_isolated,isolated,ours,5,2,plan_comm_ms,0.23136,recorder
20260909-114553_perlmutter_8b85bc5a,ablation_l01_s2_swapall_rst_3d_dual3_str4_p2p_r2_gate_trace-573d7a_b64_k8_isolated,isolated,ours,5,3,plan_comm_ms,0.446976,recorder
20260909-114553_perlmutter_8b85bc5a,ablation_l01_s2_swapall_rst_3d_dual3_str4_p2p_r2_gate_trace-573d7a_b64_k8_isolated,isolated,ours,5,4,plan_comm_ms,0.49792,recorder
20260909-114553_perlmutter_8b85bc5a,ablation_l01_s2_swapall_rst_3d_dual3_str4_p2p_r2_gate_trace-573d7a_b64_k8_isolated,isolated,ours,5,5,plan_comm_ms,0.322528,recorder
20260909-114553_perlmutter_8b85bc5a,ablation_l01_s2_swapall_rst_3d_dual3_str4_p2p_r2_gate_trace-573d7a_b64_k8_isolated,isolated,ours,5,0,place_ms,2.432864,recorder
20260909-114553_perlmutter_8b85bc5a,ablation_l01_s2_swapall_rst_3d_dual3_str4_p2p_r2_gate_trace-573d7a_b64_k8_isolated,isolated,ours,5,1,place_ms,2.394912,recorder
20260909-114553_perlmutter_8b85bc5a,ablation_l01_s2_swapall_rst_3d_dual3_str4_p2p_r2_gate_trace-573d7a_b64_k8_isolated,isolated,ours,5,2,place_ms,2.38512,recorder
20260909-114553_perlmutter_8b85bc5a,ablation_l01_s2_swapall_rst_3d_dual3_str4_p2p_r2_gate_trace-573d7a_b64_k8_isolated,isolated,ours,5,3,place_ms,2.381824,recorder
20260909-114553_perlmutter_8b85bc5a,ablation_l01_s2_swapall_rst_3d_dual3_str4_p2p_r2_gate_trace-573d7a_b64_k8_isolated,isolated,ours,5,4,place_ms,2.35664,recorder
20260909-114553_perlmutter_8b85bc5a,ablation_l01_s2_swapall_rst_3d_dual3_str4_p2p_r2_gate_trace-573d7a_b64_k8_isolated,isolated,ours,5,5,place_ms,2.389024,recorder
20260909-114553_perlmutter_8b85bc5a,ablation_l01_s2_swapall_rst_3d_dual3_str4_p2p_r2_gate_trace-573d7a_b64_k8_isolated,isolated,ours,5,0,plan_ms,2.513024,recorder
20260909-114553_perlmutter_8b85bc5a,ablation_l01_s2_swapall_rst_3d_dual3_str4_p2p_r2_gate_trace-573d7a_b64_k8_isolated,isolated,ours,5,1,plan_ms,2.887776,recorder
20260909-114553_perlmutter_8b85bc5a,ablation_l01_s2_swapall_rst_3d_dual3_str4_p2p_r2_gate_trace-573d7a_b64_k8_isolated,isolated,ours,5,2,plan_ms,2.367616,recorder
20260909-114553_perlmutter_8b85bc5a,ablation_l01_s2_swapall_rst_3d_dual3_str4_p2p_r2_gate_trace-573d7a_b64_k8_isolated,isolated,ours,5,3,plan_ms,2.605376,recorder
20260909-114553_perlmutter_8b85bc5a,ablation_l01_s2_swapall_rst_3d_dual3_str4_p2p_r2_gate_trace-573d7a_b64_k8_isolated,isolated,ours,5,4,plan_ms,3.193856,recorder
20260909-114553_perlmutter_8b85bc5a,ablation_l01_s2_swapall_rst_3d_dual3_str4_p2p_r2_gate_trace-573d7a_b64_k8_isolated,isolated,ours,5,5,plan_ms,2.464448,recorder
20260909-114553_perlmutter_8b85bc5a,ablation_l01_s2_swapall_rst_3d_dual3_str4_p2p_r2_gate_trace-573d7a_b64_k8_isolated,isolated,ours,5,0,total_ms,59.263454,recorder
20260909-114553_perlmutter_8b85bc5a,ablation_l01_s2_swapall_rst_3d_dual3_str4_p2p_r2_gate_trace-573d7a_b64_k8_isolated,isolated,ours,5,1,total_ms,59.315968,recorder
20260909-114553_perlmutter_8b85bc5a,ablation_l01_s2_swapall_rst_3d_dual3_str4_p2p_r2_gate_trace-573d7a_b64_k8_isolated,isolated,ours,5,2,total_ms,58.673344,recorder
20260909-114553_perlmutter_8b85bc5a,ablation_l01_s2_swapall_rst_3d_dual3_str4_p2p_r2_gate_trace-573d7a_b64_k8_isolated,isolated,ours,5,3,total_ms,59.088482,recorder
20260909-114553_perlmutter_8b85bc5a,ablation_l01_s2_swapall_rst_3d_dual3_str4_p2p_r2_gate_trace-573d7a_b64_k8_isolated,isolated,ours,5,4,total_ms,62.483776,recorder
20260909-114553_perlmutter_8b85bc5a,ablation_l01_s2_swapall_rst_3d_dual3_str4_p2p_r2_gate_trace-573d7a_b64_k8_isolated,isolated,ours,5,5,total_ms,58.832127,recorder
20260909-114553_perlmutter_8b85bc5a,ablation_l01_s2_swapall_rst_3d_dual3_str4_p2p_r2_gate_trace-573d7a_b64_k8_isolated,isolated,ours,5,0,iso_sync_ms,1325.923301,recorder
20260909-114553_perlmutter_8b85bc5a,ablation_l01_s2_swapall_rst_3d_dual3_str4_p2p_r2_gate_trace-573d7a_b64_k8_isolated,isolated,ours,5,1,iso_sync_ms,1302.259885,recorder
20260909-114553_perlmutter_8b85bc5a,ablation_l01_s2_swapall_rst_3d_dual3_str4_p2p_r2_gate_trace-573d7a_b64_k8_isolated,isolated,ours,5,2,iso_sync_ms,1300.737522,recorder
20260909-114553_perlmutter_8b85bc5a,ablation_l01_s2_swapall_rst_3d_dual3_str4_p2p_r2_gate_trace-573d7a_b64_k8_isolated,isolated,ours,5,3,iso_sync_ms,1304.87022,recorder
20260909-114553_perlmutter_8b85bc5a,ablation_l01_s2_swapall_rst_3d_dual3_str4_p2p_r2_gate_trace-573d7a_b64_k8_isolated,isolated,ours,5,4,iso_sync_ms,1304.887955,recorder
20260909-114553_perlmutter_8b85bc5a,ablation_l01_s2_swapall_rst_3d_dual3_str4_p2p_r2_gate_trace-573d7a_b64_k8_isolated,isolated,ours,5,5,iso_sync_ms,1297.918554,recorder
20260909-114553_perlmutter_8b85bc5a,ablation_l01_s2_swapall_rst_3d_dual3_str4_p2p_r2_gate_trace-573d7a_b64_k8_isolated,isolated,ours,6,0,e2e_ms,54.055519,recorder
20260909-114553_perlmutter_8b85bc5a,ablation_l01_s2_swapall_rst_3d_dual3_str4_p2p_r2_gate_trace-573d7a_b64_k8_isolated,isolated,ours,6,1,e2e_ms,53.815937,recorder
20260909-114553_perlmutter_8b85bc5a,ablation_l01_s2_swapall_rst_3d_dual3_str4_p2p_r2_gate_trace-573d7a_b64_k8_isolated,isolated,ours,6,2,e2e_ms,53.656834,recorder
20260909-114553_perlmutter_8b85bc5a,ablation_l01_s2_swapall_rst_3d_dual3_str4_p2p_r2_gate_trace-573d7a_b64_k8_isolated,isolated,ours,6,3,e2e_ms,53.620865,recorder
20260909-114553_perlmutter_8b85bc5a,ablation_l01_s2_swapall_rst_3d_dual3_str4_p2p_r2_gate_trace-573d7a_b64_k8_isolated,isolated,ours,6,4,e2e_ms,56.443199,recorder
20260909-114553_perlmutter_8b85bc5a,ablation_l01_s2_swapall_rst_3d_dual3_str4_p2p_r2_gate_trace-573d7a_b64_k8_isolated,isolated,ours,6,5,e2e_ms,53.499264,recorder
20260909-114553_perlmutter_8b85bc5a,ablation_l01_s2_swapall_rst_3d_dual3_str4_p2p_r2_gate_trace-573d7a_b64_k8_isolated,isolated,ours,6,0,l0_ms,24.211456,recorder
20260909-114553_perlmutter_8b85bc5a,ablation_l01_s2_swapall_rst_3d_dual3_str4_p2p_r2_gate_trace-573d7a_b64_k8_isolated,isolated,ours,6,1,l0_ms,23.179199,recorder
20260909-114553_perlmutter_8b85bc5a,ablation_l01_s2_swapall_rst_3d_dual3_str4_p2p_r2_gate_trace-573d7a_b64_k8_isolated,isolated,ours,6,2,l0_ms,23.561695,recorder
20260909-114553_perlmutter_8b85bc5a,ablation_l01_s2_swapall_rst_3d_dual3_str4_p2p_r2_gate_trace-573d7a_b64_k8_isolated,isolated,ours,6,3,l0_ms,23.036385,recorder
20260909-114553_perlmutter_8b85bc5a,ablation_l01_s2_swapall_rst_3d_dual3_str4_p2p_r2_gate_trace-573d7a_b64_k8_isolated,isolated,ours,6,4,l0_ms,24.78912,recorder
20260909-114553_perlmutter_8b85bc5a,ablation_l01_s2_swapall_rst_3d_dual3_str4_p2p_r2_gate_trace-573d7a_b64_k8_isolated,isolated,ours,6,5,l0_ms,23.006048,recorder
20260909-114553_perlmutter_8b85bc5a,ablation_l01_s2_swapall_rst_3d_dual3_str4_p2p_r2_gate_trace-573d7a_b64_k8_isolated,isolated,ours,6,0,act_ms,0.181408,recorder
20260909-114553_perlmutter_8b85bc5a,ablation_l01_s2_swapall_rst_3d_dual3_str4_p2p_r2_gate_trace-573d7a_b64_k8_isolated,isolated,ours,6,1,act_ms,0.18336,recorder
20260909-114553_perlmutter_8b85bc5a,ablation_l01_s2_swapall_rst_3d_dual3_str4_p2p_r2_gate_trace-573d7a_b64_k8_isolated,isolated,ours,6,2,act_ms,0.185696,recorder
20260909-114553_perlmutter_8b85bc5a,ablation_l01_s2_swapall_rst_3d_dual3_str4_p2p_r2_gate_trace-573d7a_b64_k8_isolated,isolated,ours,6,3,act_ms,0.185216,recorder
20260909-114553_perlmutter_8b85bc5a,ablation_l01_s2_swapall_rst_3d_dual3_str4_p2p_r2_gate_trace-573d7a_b64_k8_isolated,isolated,ours,6,4,act_ms,0.190688,recorder
20260909-114553_perlmutter_8b85bc5a,ablation_l01_s2_swapall_rst_3d_dual3_str4_p2p_r2_gate_trace-573d7a_b64_k8_isolated,isolated,ours,6,5,act_ms,0.181184,recorder
20260909-114553_perlmutter_8b85bc5a,ablation_l01_s2_swapall_rst_3d_dual3_str4_p2p_r2_gate_trace-573d7a_b64_k8_isolated,isolated,ours,6,0,l1_ms,29.662657,recorder
20260909-114553_perlmutter_8b85bc5a,ablation_l01_s2_swapall_rst_3d_dual3_str4_p2p_r2_gate_trace-573d7a_b64_k8_isolated,isolated,ours,6,1,l1_ms,30.453377,recorder
20260909-114553_perlmutter_8b85bc5a,ablation_l01_s2_swapall_rst_3d_dual3_str4_p2p_r2_gate_trace-573d7a_b64_k8_isolated,isolated,ours,6,2,l1_ms,29.909439,recorder
20260909-114553_perlmutter_8b85bc5a,ablation_l01_s2_swapall_rst_3d_dual3_str4_p2p_r2_gate_trace-573d7a_b64_k8_isolated,isolated,ours,6,3,l1_ms,30.399263,recorder
20260909-114553_perlmutter_8b85bc5a,ablation_l01_s2_swapall_rst_3d_dual3_str4_p2p_r2_gate_trace-573d7a_b64_k8_isolated,isolated,ours,6,4,l1_ms,31.463392,recorder
20260909-114553_perlmutter_8b85bc5a,ablation_l01_s2_swapall_rst_3d_dual3_str4_p2p_r2_gate_trace-573d7a_b64_k8_isolated,isolated,ours,6,5,l1_ms,30.312033,recorder
20260909-114553_perlmutter_8b85bc5a,ablation_l01_s2_swapall_rst_3d_dual3_str4_p2p_r2_gate_trace-573d7a_b64_k8_isolated,isolated,ours,6,0,plan_comm_ms,0.296256,recorder
20260909-114553_perlmutter_8b85bc5a,ablation_l01_s2_swapall_rst_3d_dual3_str4_p2p_r2_gate_trace-573d7a_b64_k8_isolated,isolated,ours,6,1,plan_comm_ms,0.204608,recorder
20260909-114553_perlmutter_8b85bc5a,ablation_l01_s2_swapall_rst_3d_dual3_str4_p2p_r2_gate_trace-573d7a_b64_k8_isolated,isolated,ours,6,2,plan_comm_ms,0.199168,recorder
20260909-114553_perlmutter_8b85bc5a,ablation_l01_s2_swapall_rst_3d_dual3_str4_p2p_r2_gate_trace-573d7a_b64_k8_isolated,isolated,ours,6,3,plan_comm_ms,0.45184,recorder
20260909-114553_perlmutter_8b85bc5a,ablation_l01_s2_swapall_rst_3d_dual3_str4_p2p_r2_gate_trace-573d7a_b64_k8_isolated,isolated,ours,6,4,plan_comm_ms,0.506592,recorder
20260909-114553_perlmutter_8b85bc5a,ablation_l01_s2_swapall_rst_3d_dual3_str4_p2p_r2_gate_trace-573d7a_b64_k8_isolated,isolated,ours,6,5,plan_comm_ms,0.2536,recorder
20260909-114553_perlmutter_8b85bc5a,ablation_l01_s2_swapall_rst_3d_dual3_str4_p2p_r2_gate_trace-573d7a_b64_k8_isolated,isolated,ours,6,0,place_ms,2.375776,recorder
20260909-114553_perlmutter_8b85bc5a,ablation_l01_s2_swapall_rst_3d_dual3_str4_p2p_r2_gate_trace-573d7a_b64_k8_isolated,isolated,ours,6,1,place_ms,2.388704,recorder
20260909-114553_perlmutter_8b85bc5a,ablation_l01_s2_swapall_rst_3d_dual3_str4_p2p_r2_gate_trace-573d7a_b64_k8_isolated,isolated,ours,6,2,place_ms,2.53456,recorder
20260909-114553_perlmutter_8b85bc5a,ablation_l01_s2_swapall_rst_3d_dual3_str4_p2p_r2_gate_trace-573d7a_b64_k8_isolated,isolated,ours,6,3,place_ms,2.36,recorder
20260909-114553_perlmutter_8b85bc5a,ablation_l01_s2_swapall_rst_3d_dual3_str4_p2p_r2_gate_trace-573d7a_b64_k8_isolated,isolated,ours,6,4,place_ms,2.349728,recorder
20260909-114553_perlmutter_8b85bc5a,ablation_l01_s2_swapall_rst_3d_dual3_str4_p2p_r2_gate_trace-573d7a_b64_k8_isolated,isolated,ours,6,5,place_ms,2.559264,recorder
20260909-114553_perlmutter_8b85bc5a,ablation_l01_s2_swapall_rst_3d_dual3_str4_p2p_r2_gate_trace-573d7a_b64_k8_isolated,isolated,ours,6,0,plan_ms,2.543712,recorder
20260909-114553_perlmutter_8b85bc5a,ablation_l01_s2_swapall_rst_3d_dual3_str4_p2p_r2_gate_trace-573d7a_b64_k8_isolated,isolated,ours,6,1,plan_ms,2.916032,recorder
20260909-114553_perlmutter_8b85bc5a,ablation_l01_s2_swapall_rst_3d_dual3_str4_p2p_r2_gate_trace-573d7a_b64_k8_isolated,isolated,ours,6,2,plan_ms,2.239072,recorder
20260909-114553_perlmutter_8b85bc5a,ablation_l01_s2_swapall_rst_3d_dual3_str4_p2p_r2_gate_trace-573d7a_b64_k8_isolated,isolated,ours,6,3,plan_ms,2.665408,recorder
20260909-114553_perlmutter_8b85bc5a,ablation_l01_s2_swapall_rst_3d_dual3_str4_p2p_r2_gate_trace-573d7a_b64_k8_isolated,isolated,ours,6,4,plan_ms,3.200288,recorder
20260909-114553_perlmutter_8b85bc5a,ablation_l01_s2_swapall_rst_3d_dual3_str4_p2p_r2_gate_trace-573d7a_b64_k8_isolated,isolated,ours,6,5,plan_ms,2.453536,recorder
20260909-114553_perlmutter_8b85bc5a,ablation_l01_s2_swapall_rst_3d_dual3_str4_p2p_r2_gate_trace-573d7a_b64_k8_isolated,isolated,ours,6,0,total_ms,59.273857,recorder
20260909-114553_perlmutter_8b85bc5a,ablation_l01_s2_swapall_rst_3d_dual3_str4_p2p_r2_gate_trace-573d7a_b64_k8_isolated,isolated,ours,6,1,total_ms,59.327873,recorder
20260909-114553_perlmutter_8b85bc5a,ablation_l01_s2_swapall_rst_3d_dual3_str4_p2p_r2_gate_trace-573d7a_b64_k8_isolated,isolated,ours,6,2,total_ms,58.632256,recorder
20260909-114553_perlmutter_8b85bc5a,ablation_l01_s2_swapall_rst_3d_dual3_str4_p2p_r2_gate_trace-573d7a_b64_k8_isolated,isolated,ours,6,3,total_ms,59.100735,recorder
20260909-114553_perlmutter_8b85bc5a,ablation_l01_s2_swapall_rst_3d_dual3_str4_p2p_r2_gate_trace-573d7a_b64_k8_isolated,isolated,ours,6,4,total_ms,62.502399,recorder
20260909-114553_perlmutter_8b85bc5a,ablation_l01_s2_swapall_rst_3d_dual3_str4_p2p_r2_gate_trace-573d7a_b64_k8_isolated,isolated,ours,6,5,total_ms,58.768257,recorder
20260909-114553_perlmutter_8b85bc5a,ablation_l01_s2_swapall_rst_3d_dual3_str4_p2p_r2_gate_trace-573d7a_b64_k8_isolated,isolated,ours,6,0,iso_sync_ms,1337.628756,recorder
20260909-114553_perlmutter_8b85bc5a,ablation_l01_s2_swapall_rst_3d_dual3_str4_p2p_r2_gate_trace-573d7a_b64_k8_isolated,isolated,ours,6,1,iso_sync_ms,1315.986065,recorder
20260909-114553_perlmutter_8b85bc5a,ablation_l01_s2_swapall_rst_3d_dual3_str4_p2p_r2_gate_trace-573d7a_b64_k8_isolated,isolated,ours,6,2,iso_sync_ms,1309.538683,recorder
20260909-114553_perlmutter_8b85bc5a,ablation_l01_s2_swapall_rst_3d_dual3_str4_p2p_r2_gate_trace-573d7a_b64_k8_isolated,isolated,ours,6,3,iso_sync_ms,1316.850586,recorder
20260909-114553_perlmutter_8b85bc5a,ablation_l01_s2_swapall_rst_3d_dual3_str4_p2p_r2_gate_trace-573d7a_b64_k8_isolated,isolated,ours,6,4,iso_sync_ms,1317.773219,recorder
20260909-114553_perlmutter_8b85bc5a,ablation_l01_s2_swapall_rst_3d_dual3_str4_p2p_r2_gate_trace-573d7a_b64_k8_isolated,isolated,ours,6,5,iso_sync_ms,1308.680025,recorder
20260909-114553_perlmutter_8b85bc5a,ablation_l01_s2_swapall_rst_3d_dual3_str4_p2p_r2_gate_trace-573d7a_b64_k8_isolated,isolated,ours,7,0,e2e_ms,53.881855,recorder
20260909-114553_perlmutter_8b85bc5a,ablation_l01_s2_swapall_rst_3d_dual3_str4_p2p_r2_gate_trace-573d7a_b64_k8_isolated,isolated,ours,7,1,e2e_ms,53.66848,recorder
20260909-114553_perlmutter_8b85bc5a,ablation_l01_s2_swapall_rst_3d_dual3_str4_p2p_r2_gate_trace-573d7a_b64_k8_isolated,isolated,ours,7,2,e2e_ms,53.52256,recorder
20260909-114553_perlmutter_8b85bc5a,ablation_l01_s2_swapall_rst_3d_dual3_str4_p2p_r2_gate_trace-573d7a_b64_k8_isolated,isolated,ours,7,3,e2e_ms,53.475487,recorder
20260909-114553_perlmutter_8b85bc5a,ablation_l01_s2_swapall_rst_3d_dual3_str4_p2p_r2_gate_trace-573d7a_b64_k8_isolated,isolated,ours,7,4,e2e_ms,56.300865,recorder
20260909-114553_perlmutter_8b85bc5a,ablation_l01_s2_swapall_rst_3d_dual3_str4_p2p_r2_gate_trace-573d7a_b64_k8_isolated,isolated,ours,7,5,e2e_ms,53.484768,recorder
20260909-114553_perlmutter_8b85bc5a,ablation_l01_s2_swapall_rst_3d_dual3_str4_p2p_r2_gate_trace-573d7a_b64_k8_isolated,isolated,ours,7,0,l0_ms,24.19696,recorder
20260909-114553_perlmutter_8b85bc5a,ablation_l01_s2_swapall_rst_3d_dual3_str4_p2p_r2_gate_trace-573d7a_b64_k8_isolated,isolated,ours,7,1,l0_ms,23.192097,recorder
20260909-114553_perlmutter_8b85bc5a,ablation_l01_s2_swapall_rst_3d_dual3_str4_p2p_r2_gate_trace-573d7a_b64_k8_isolated,isolated,ours,7,2,l0_ms,23.578848,recorder
20260909-114553_perlmutter_8b85bc5a,ablation_l01_s2_swapall_rst_3d_dual3_str4_p2p_r2_gate_trace-573d7a_b64_k8_isolated,isolated,ours,7,3,l0_ms,23.053345,recorder
20260909-114553_perlmutter_8b85bc5a,ablation_l01_s2_swapall_rst_3d_dual3_str4_p2p_r2_gate_trace-573d7a_b64_k8_isolated,isolated,ours,7,4,l0_ms,24.807232,recorder
20260909-114553_perlmutter_8b85bc5a,ablation_l01_s2_swapall_rst_3d_dual3_str4_p2p_r2_gate_trace-573d7a_b64_k8_isolated,isolated,ours,7,5,l0_ms,23.145121,recorder
20260909-114553_perlmutter_8b85bc5a,ablation_l01_s2_swapall_rst_3d_dual3_str4_p2p_r2_gate_trace-573d7a_b64_k8_isolated,isolated,ours,7,0,act_ms,0.183392,recorder
20260909-114553_perlmutter_8b85bc5a,ablation_l01_s2_swapall_rst_3d_dual3_str4_p2p_r2_gate_trace-573d7a_b64_k8_isolated,isolated,ours,7,1,act_ms,0.179296,recorder
20260909-114553_perlmutter_8b85bc5a,ablation_l01_s2_swapall_rst_3d_dual3_str4_p2p_r2_gate_trace-573d7a_b64_k8_isolated,isolated,ours,7,2,act_ms,0.1792,recorder
20260909-114553_perlmutter_8b85bc5a,ablation_l01_s2_swapall_rst_3d_dual3_str4_p2p_r2_gate_trace-573d7a_b64_k8_isolated,isolated,ours,7,3,act_ms,0.184224,recorder
20260909-114553_perlmutter_8b85bc5a,ablation_l01_s2_swapall_rst_3d_dual3_str4_p2p_r2_gate_trace-573d7a_b64_k8_isolated,isolated,ours,7,4,act_ms,0.179552,recorder
20260909-114553_perlmutter_8b85bc5a,ablation_l01_s2_swapall_rst_3d_dual3_str4_p2p_r2_gate_trace-573d7a_b64_k8_isolated,isolated,ours,7,5,act_ms,0.184192,recorder
20260909-114553_perlmutter_8b85bc5a,ablation_l01_s2_swapall_rst_3d_dual3_str4_p2p_r2_gate_trace-573d7a_b64_k8_isolated,isolated,ours,7,0,l1_ms,29.501505,recorder
20260909-114553_perlmutter_8b85bc5a,ablation_l01_s2_swapall_rst_3d_dual3_str4_p2p_r2_gate_trace-573d7a_b64_k8_isolated,isolated,ours,7,1,l1_ms,30.297089,recorder
20260909-114553_perlmutter_8b85bc5a,ablation_l01_s2_swapall_rst_3d_dual3_str4_p2p_r2_gate_trace-573d7a_b64_k8_isolated,isolated,ours,7,2,l1_ms,29.764511,recorder
20260909-114553_perlmutter_8b85bc5a,ablation_l01_s2_swapall_rst_3d_dual3_str4_p2p_r2_gate_trace-573d7a_b64_k8_isolated,isolated,ours,7,3,l1_ms,30.237921,recorder
20260909-114553_perlmutter_8b85bc5a,ablation_l01_s2_swapall_rst_3d_dual3_str4_p2p_r2_gate_trace-573d7a_b64_k8_isolated,isolated,ours,7,4,l1_ms,31.314079,recorder
20260909-114553_perlmutter_8b85bc5a,ablation_l01_s2_swapall_rst_3d_dual3_str4_p2p_r2_gate_trace-573d7a_b64_k8_isolated,isolated,ours,7,5,l1_ms,30.155457,recorder
20260909-114553_perlmutter_8b85bc5a,ablation_l01_s2_swapall_rst_3d_dual3_str4_p2p_r2_gate_trace-573d7a_b64_k8_isolated,isolated,ours,7,0,plan_comm_ms,0.316832,recorder
20260909-114553_perlmutter_8b85bc5a,ablation_l01_s2_swapall_rst_3d_dual3_str4_p2p_r2_gate_trace-573d7a_b64_k8_isolated,isolated,ours,7,1,plan_comm_ms,0.210496,recorder
20260909-114553_perlmutter_8b85bc5a,ablation_l01_s2_swapall_rst_3d_dual3_str4_p2p_r2_gate_trace-573d7a_b64_k8_isolated,isolated,ours,7,2,plan_comm_ms,0.251168,recorder
20260909-114553_perlmutter_8b85bc5a,ablation_l01_s2_swapall_rst_3d_dual3_str4_p2p_r2_gate_trace-573d7a_b64_k8_isolated,isolated,ours,7,3,plan_comm_ms,0.463936,recorder
20260909-114553_perlmutter_8b85bc5a,ablation_l01_s2_swapall_rst_3d_dual3_str4_p2p_r2_gate_trace-573d7a_b64_k8_isolated,isolated,ours,7,4,plan_comm_ms,0.506752,recorder
20260909-114553_perlmutter_8b85bc5a,ablation_l01_s2_swapall_rst_3d_dual3_str4_p2p_r2_gate_trace-573d7a_b64_k8_isolated,isolated,ours,7,5,plan_comm_ms,0.33456,recorder
20260909-114553_perlmutter_8b85bc5a,ablation_l01_s2_swapall_rst_3d_dual3_str4_p2p_r2_gate_trace-573d7a_b64_k8_isolated,isolated,ours,7,0,place_ms,2.385536,recorder
20260909-114553_perlmutter_8b85bc5a,ablation_l01_s2_swapall_rst_3d_dual3_str4_p2p_r2_gate_trace-573d7a_b64_k8_isolated,isolated,ours,7,1,place_ms,2.370624,recorder
20260909-114553_perlmutter_8b85bc5a,ablation_l01_s2_swapall_rst_3d_dual3_str4_p2p_r2_gate_trace-573d7a_b64_k8_isolated,isolated,ours,7,2,place_ms,2.353632,recorder
20260909-114553_perlmutter_8b85bc5a,ablation_l01_s2_swapall_rst_3d_dual3_str4_p2p_r2_gate_trace-573d7a_b64_k8_isolated,isolated,ours,7,3,place_ms,2.37872,recorder
20260909-114553_perlmutter_8b85bc5a,ablation_l01_s2_swapall_rst_3d_dual3_str4_p2p_r2_gate_trace-573d7a_b64_k8_isolated,isolated,ours,7,4,place_ms,2.36944,recorder
20260909-114553_perlmutter_8b85bc5a,ablation_l01_s2_swapall_rst_3d_dual3_str4_p2p_r2_gate_trace-573d7a_b64_k8_isolated,isolated,ours,7,5,place_ms,2.359808,recorder
20260909-114553_perlmutter_8b85bc5a,ablation_l01_s2_swapall_rst_3d_dual3_str4_p2p_r2_gate_trace-573d7a_b64_k8_isolated,isolated,ours,7,0,plan_ms,2.549376,recorder
20260909-114553_perlmutter_8b85bc5a,ablation_l01_s2_swapall_rst_3d_dual3_str4_p2p_r2_gate_trace-573d7a_b64_k8_isolated,isolated,ours,7,1,plan_ms,2.925216,recorder
20260909-114553_perlmutter_8b85bc5a,ablation_l01_s2_swapall_rst_3d_dual3_str4_p2p_r2_gate_trace-573d7a_b64_k8_isolated,isolated,ours,7,2,plan_ms,2.418208,recorder
20260909-114553_perlmutter_8b85bc5a,ablation_l01_s2_swapall_rst_3d_dual3_str4_p2p_r2_gate_trace-573d7a_b64_k8_isolated,isolated,ours,7,3,plan_ms,2.634976,recorder
20260909-114553_perlmutter_8b85bc5a,ablation_l01_s2_swapall_rst_3d_dual3_str4_p2p_r2_gate_trace-573d7a_b64_k8_isolated,isolated,ours,7,4,plan_ms,3.17152,recorder
20260909-114553_perlmutter_8b85bc5a,ablation_l01_s2_swapall_rst_3d_dual3_str4_p2p_r2_gate_trace-573d7a_b64_k8_isolated,isolated,ours,7,5,plan_ms,2.514688,recorder
20260909-114553_perlmutter_8b85bc5a,ablation_l01_s2_swapall_rst_3d_dual3_str4_p2p_r2_gate_trace-573d7a_b64_k8_isolated,isolated,ours,7,0,total_ms,59.136162,recorder
20260909-114553_perlmutter_8b85bc5a,ablation_l01_s2_swapall_rst_3d_dual3_str4_p2p_r2_gate_trace-573d7a_b64_k8_isolated,isolated,ours,7,1,total_ms,59.177406,recorder
20260909-114553_perlmutter_8b85bc5a,ablation_l01_s2_swapall_rst_3d_dual3_str4_p2p_r2_gate_trace-573d7a_b64_k8_isolated,isolated,ours,7,2,total_ms,58.548191,recorder
20260909-114553_perlmutter_8b85bc5a,ablation_l01_s2_swapall_rst_3d_dual3_str4_p2p_r2_gate_trace-573d7a_b64_k8_isolated,isolated,ours,7,3,total_ms,58.955776,recorder
20260909-114553_perlmutter_8b85bc5a,ablation_l01_s2_swapall_rst_3d_dual3_str4_p2p_r2_gate_trace-573d7a_b64_k8_isolated,isolated,ours,7,4,total_ms,62.351135,recorder
20260909-114553_perlmutter_8b85bc5a,ablation_l01_s2_swapall_rst_3d_dual3_str4_p2p_r2_gate_trace-573d7a_b64_k8_isolated,isolated,ours,7,5,total_ms,58.69635,recorder
20260909-114553_perlmutter_8b85bc5a,ablation_l01_s2_swapall_rst_3d_dual3_str4_p2p_r2_gate_trace-573d7a_b64_k8_isolated,isolated,ours,7,0,iso_sync_ms,516.23221,recorder
20260909-114553_perlmutter_8b85bc5a,ablation_l01_s2_swapall_rst_3d_dual3_str4_p2p_r2_gate_trace-573d7a_b64_k8_isolated,isolated,ours,7,1,iso_sync_ms,491.329468,recorder
20260909-114553_perlmutter_8b85bc5a,ablation_l01_s2_swapall_rst_3d_dual3_str4_p2p_r2_gate_trace-573d7a_b64_k8_isolated,isolated,ours,7,2,iso_sync_ms,491.349477,recorder
20260909-114553_perlmutter_8b85bc5a,ablation_l01_s2_swapall_rst_3d_dual3_str4_p2p_r2_gate_trace-573d7a_b64_k8_isolated,isolated,ours,7,3,iso_sync_ms,493.884526,recorder
20260909-114553_perlmutter_8b85bc5a,ablation_l01_s2_swapall_rst_3d_dual3_str4_p2p_r2_gate_trace-573d7a_b64_k8_isolated,isolated,ours,7,4,iso_sync_ms,496.719616,recorder
20260909-114553_perlmutter_8b85bc5a,ablation_l01_s2_swapall_rst_3d_dual3_str4_p2p_r2_gate_trace-573d7a_b64_k8_isolated,isolated,ours,7,5,iso_sync_ms,491.051691,recorder
20260909-114553_perlmutter_8b85bc5a,ablation_l01_s2_swapall_rst_3d_dual3_str4_p2p_r2_gate_trace-573d7a_b64_k8_isolated,isolated,ours,8,0,e2e_ms,53.919647,recorder
20260909-114553_perlmutter_8b85bc5a,ablation_l01_s2_swapall_rst_3d_dual3_str4_p2p_r2_gate_trace-573d7a_b64_k8_isolated,isolated,ours,8,1,e2e_ms,53.738976,recorder
20260909-114553_perlmutter_8b85bc5a,ablation_l01_s2_swapall_rst_3d_dual3_str4_p2p_r2_gate_trace-573d7a_b64_k8_isolated,isolated,ours,8,2,e2e_ms,53.590466,recorder
20260909-114553_perlmutter_8b85bc5a,ablation_l01_s2_swapall_rst_3d_dual3_str4_p2p_r2_gate_trace-573d7a_b64_k8_isolated,isolated,ours,8,3,e2e_ms,53.51683,recorder
20260909-114553_perlmutter_8b85bc5a,ablation_l01_s2_swapall_rst_3d_dual3_str4_p2p_r2_gate_trace-573d7a_b64_k8_isolated,isolated,ours,8,4,e2e_ms,56.361313,recorder
20260909-114553_perlmutter_8b85bc5a,ablation_l01_s2_swapall_rst_3d_dual3_str4_p2p_r2_gate_trace-573d7a_b64_k8_isolated,isolated,ours,8,5,e2e_ms,53.54509,recorder
20260909-114553_perlmutter_8b85bc5a,ablation_l01_s2_swapall_rst_3d_dual3_str4_p2p_r2_gate_trace-573d7a_b64_k8_isolated,isolated,ours,8,0,l0_ms,24.045824,recorder
20260909-114553_perlmutter_8b85bc5a,ablation_l01_s2_swapall_rst_3d_dual3_str4_p2p_r2_gate_trace-573d7a_b64_k8_isolated,isolated,ours,8,1,l0_ms,23.068064,recorder
20260909-114553_perlmutter_8b85bc5a,ablation_l01_s2_swapall_rst_3d_dual3_str4_p2p_r2_gate_trace-573d7a_b64_k8_isolated,isolated,ours,8,2,l0_ms,23.460384,recorder
20260909-114553_perlmutter_8b85bc5a,ablation_l01_s2_swapall_rst_3d_dual3_str4_p2p_r2_gate_trace-573d7a_b64_k8_isolated,isolated,ours,8,3,l0_ms,22.9072,recorder
20260909-114553_perlmutter_8b85bc5a,ablation_l01_s2_swapall_rst_3d_dual3_str4_p2p_r2_gate_trace-573d7a_b64_k8_isolated,isolated,ours,8,4,l0_ms,24.675167,recorder
20260909-114553_perlmutter_8b85bc5a,ablation_l01_s2_swapall_rst_3d_dual3_str4_p2p_r2_gate_trace-573d7a_b64_k8_isolated,isolated,ours,8,5,l0_ms,23.012032,recorder
20260909-114553_perlmutter_8b85bc5a,ablation_l01_s2_swapall_rst_3d_dual3_str4_p2p_r2_gate_trace-573d7a_b64_k8_isolated,isolated,ours,8,0,act_ms,0.304928,recorder
20260909-114553_perlmutter_8b85bc5a,ablation_l01_s2_swapall_rst_3d_dual3_str4_p2p_r2_gate_trace-573d7a_b64_k8_isolated,isolated,ours,8,1,act_ms,0.308384,recorder
20260909-114553_perlmutter_8b85bc5a,ablation_l01_s2_swapall_rst_3d_dual3_str4_p2p_r2_gate_trace-573d7a_b64_k8_isolated,isolated,ours,8,2,act_ms,0.306976,recorder
20260909-114553_perlmutter_8b85bc5a,ablation_l01_s2_swapall_rst_3d_dual3_str4_p2p_r2_gate_trace-573d7a_b64_k8_isolated,isolated,ours,8,3,act_ms,0.305536,recorder
20260909-114553_perlmutter_8b85bc5a,ablation_l01_s2_swapall_rst_3d_dual3_str4_p2p_r2_gate_trace-573d7a_b64_k8_isolated,isolated,ours,8,4,act_ms,0.307872,recorder
20260909-114553_perlmutter_8b85bc5a,ablation_l01_s2_swapall_rst_3d_dual3_str4_p2p_r2_gate_trace-573d7a_b64_k8_isolated,isolated,ours,8,5,act_ms,0.3088,recorder
20260909-114553_perlmutter_8b85bc5a,ablation_l01_s2_swapall_rst_3d_dual3_str4_p2p_r2_gate_trace-573d7a_b64_k8_isolated,isolated,ours,8,0,l1_ms,29.568895,recorder
20260909-114553_perlmutter_8b85bc5a,ablation_l01_s2_swapall_rst_3d_dual3_str4_p2p_r2_gate_trace-573d7a_b64_k8_isolated,isolated,ours,8,1,l1_ms,30.362528,recorder
20260909-114553_perlmutter_8b85bc5a,ablation_l01_s2_swapall_rst_3d_dual3_str4_p2p_r2_gate_trace-573d7a_b64_k8_isolated,isolated,ours,8,2,l1_ms,29.823105,recorder
20260909-114553_perlmutter_8b85bc5a,ablation_l01_s2_swapall_rst_3d_dual3_str4_p2p_r2_gate_trace-573d7a_b64_k8_isolated,isolated,ours,8,3,l1_ms,30.304096,recorder
20260909-114553_perlmutter_8b85bc5a,ablation_l01_s2_swapall_rst_3d_dual3_str4_p2p_r2_gate_trace-573d7a_b64_k8_isolated,isolated,ours,8,4,l1_ms,31.378271,recorder
20260909-114553_perlmutter_8b85bc5a,ablation_l01_s2_swapall_rst_3d_dual3_str4_p2p_r2_gate_trace-573d7a_b64_k8_isolated,isolated,ours,8,5,l1_ms,30.224257,recorder
20260909-114553_perlmutter_8b85bc5a,ablation_l01_s2_swapall_rst_3d_dual3_str4_p2p_r2_gate_trace-573d7a_b64_k8_isolated,isolated,ours,8,0,plan_comm_ms,0.34224,recorder
20260909-114553_perlmutter_8b85bc5a,ablation_l01_s2_swapall_rst_3d_dual3_str4_p2p_r2_gate_trace-573d7a_b64_k8_isolated,isolated,ours,8,1,plan_comm_ms,0.221248,recorder
20260909-114553_perlmutter_8b85bc5a,ablation_l01_s2_swapall_rst_3d_dual3_str4_p2p_r2_gate_trace-573d7a_b64_k8_isolated,isolated,ours,8,2,plan_comm_ms,0.249664,recorder
20260909-114553_perlmutter_8b85bc5a,ablation_l01_s2_swapall_rst_3d_dual3_str4_p2p_r2_gate_trace-573d7a_b64_k8_isolated,isolated,ours,8,3,plan_comm_ms,0.47008,recorder
20260909-114553_perlmutter_8b85bc5a,ablation_l01_s2_swapall_rst_3d_dual3_str4_p2p_r2_gate_trace-573d7a_b64_k8_isolated,isolated,ours,8,4,plan_comm_ms,0.503808,recorder
20260909-114553_perlmutter_8b85bc5a,ablation_l01_s2_swapall_rst_3d_dual3_str4_p2p_r2_gate_trace-573d7a_b64_k8_isolated,isolated,ours,8,5,plan_comm_ms,0.33984,recorder
20260909-114553_perlmutter_8b85bc5a,ablation_l01_s2_swapall_rst_3d_dual3_str4_p2p_r2_gate_trace-573d7a_b64_k8_isolated,isolated,ours,8,0,place_ms,2.348288,recorder
20260909-114553_perlmutter_8b85bc5a,ablation_l01_s2_swapall_rst_3d_dual3_str4_p2p_r2_gate_trace-573d7a_b64_k8_isolated,isolated,ours,8,1,place_ms,2.34048,recorder
20260909-114553_perlmutter_8b85bc5a,ablation_l01_s2_swapall_rst_3d_dual3_str4_p2p_r2_gate_trace-573d7a_b64_k8_isolated,isolated,ours,8,2,place_ms,2.345952,recorder
20260909-114553_perlmutter_8b85bc5a,ablation_l01_s2_swapall_rst_3d_dual3_str4_p2p_r2_gate_trace-573d7a_b64_k8_isolated,isolated,ours,8,3,place_ms,2.363392,recorder
20260909-114553_perlmutter_8b85bc5a,ablation_l01_s2_swapall_rst_3d_dual3_str4_p2p_r2_gate_trace-573d7a_b64_k8_isolated,isolated,ours,8,4,place_ms,2.334048,recorder
20260909-114553_perlmutter_8b85bc5a,ablation_l01_s2_swapall_rst_3d_dual3_str4_p2p_r2_gate_trace-573d7a_b64_k8_isolated,isolated,ours,8,5,place_ms,2.330112,recorder
20260909-114553_perlmutter_8b85bc5a,ablation_l01_s2_swapall_rst_3d_dual3_str4_p2p_r2_gate_trace-573d7a_b64_k8_isolated,isolated,ours,8,0,plan_ms,2.588544,recorder
20260909-114553_perlmutter_8b85bc5a,ablation_l01_s2_swapall_rst_3d_dual3_str4_p2p_r2_gate_trace-573d7a_b64_k8_isolated,isolated,ours,8,1,plan_ms,2.94192,recorder
20260909-114553_perlmutter_8b85bc5a,ablation_l01_s2_swapall_rst_3d_dual3_str4_p2p_r2_gate_trace-573d7a_b64_k8_isolated,isolated,ours,8,2,plan_ms,2.395744,recorder
20260909-114553_perlmutter_8b85bc5a,ablation_l01_s2_swapall_rst_3d_dual3_str4_p2p_r2_gate_trace-573d7a_b64_k8_isolated,isolated,ours,8,3,plan_ms,2.647328,recorder
20260909-114553_perlmutter_8b85bc5a,ablation_l01_s2_swapall_rst_3d_dual3_str4_p2p_r2_gate_trace-573d7a_b64_k8_isolated,isolated,ours,8,4,plan_ms,3.177792,recorder
20260909-114553_perlmutter_8b85bc5a,ablation_l01_s2_swapall_rst_3d_dual3_str4_p2p_r2_gate_trace-573d7a_b64_k8_isolated,isolated,ours,8,5,plan_ms,2.522176,recorder
20260909-114553_perlmutter_8b85bc5a,ablation_l01_s2_swapall_rst_3d_dual3_str4_p2p_r2_gate_trace-573d7a_b64_k8_isolated,isolated,ours,8,0,total_ms,59.201313,recorder
20260909-114553_perlmutter_8b85bc5a,ablation_l01_s2_swapall_rst_3d_dual3_str4_p2p_r2_gate_trace-573d7a_b64_k8_isolated,isolated,ours,8,1,total_ms,59.245186,recorder
20260909-114553_perlmutter_8b85bc5a,ablation_l01_s2_swapall_rst_3d_dual3_str4_p2p_r2_gate_trace-573d7a_b64_k8_isolated,isolated,ours,8,2,total_ms,58.584415,recorder
20260909-114553_perlmutter_8b85bc5a,ablation_l01_s2_swapall_rst_3d_dual3_str4_p2p_r2_gate_trace-573d7a_b64_k8_isolated,isolated,ours,8,3,total_ms,59.000191,recorder
20260909-114553_perlmutter_8b85bc5a,ablation_l01_s2_swapall_rst_3d_dual3_str4_p2p_r2_gate_trace-573d7a_b64_k8_isolated,isolated,ours,8,4,total_ms,62.379551,recorder
20260909-114553_perlmutter_8b85bc5a,ablation_l01_s2_swapall_rst_3d_dual3_str4_p2p_r2_gate_trace-573d7a_b64_k8_isolated,isolated,ours,8,5,total_ms,58.739872,recorder
20260909-114553_perlmutter_8b85bc5a,ablation_l01_s2_swapall_rst_3d_dual3_str4_p2p_r2_gate_trace-573d7a_b64_k8_isolated,isolated,ours,8,0,iso_sync_ms,1038.990769,recorder
20260909-114553_perlmutter_8b85bc5a,ablation_l01_s2_swapall_rst_3d_dual3_str4_p2p_r2_gate_trace-573d7a_b64_k8_isolated,isolated,ours,8,1,iso_sync_ms,1015.581104,recorder
20260909-114553_perlmutter_8b85bc5a,ablation_l01_s2_swapall_rst_3d_dual3_str4_p2p_r2_gate_trace-573d7a_b64_k8_isolated,isolated,ours,8,2,iso_sync_ms,1004.46678,recorder
20260909-114553_perlmutter_8b85bc5a,ablation_l01_s2_swapall_rst_3d_dual3_str4_p2p_r2_gate_trace-573d7a_b64_k8_isolated,isolated,ours,8,3,iso_sync_ms,1006.291863,recorder
20260909-114553_perlmutter_8b85bc5a,ablation_l01_s2_swapall_rst_3d_dual3_str4_p2p_r2_gate_trace-573d7a_b64_k8_isolated,isolated,ours,8,4,iso_sync_ms,1015.118769,recorder
20260909-114553_perlmutter_8b85bc5a,ablation_l01_s2_swapall_rst_3d_dual3_str4_p2p_r2_gate_trace-573d7a_b64_k8_isolated,isolated,ours,8,5,iso_sync_ms,1022.428118,recorder
20260909-114553_perlmutter_8b85bc5a,ablation_l01_s2_swapall_rst_3d_dual3_str4_p2p_r2_gate_trace-573d7a_b64_k8_isolated,isolated,ours,9,0,e2e_ms,53.840351,recorder
20260909-114553_perlmutter_8b85bc5a,ablation_l01_s2_swapall_rst_3d_dual3_str4_p2p_r2_gate_trace-573d7a_b64_k8_isolated,isolated,ours,9,1,e2e_ms,53.74461,recorder
20260909-114553_perlmutter_8b85bc5a,ablation_l01_s2_swapall_rst_3d_dual3_str4_p2p_r2_gate_trace-573d7a_b64_k8_isolated,isolated,ours,9,2,e2e_ms,53.602592,recorder
20260909-114553_perlmutter_8b85bc5a,ablation_l01_s2_swapall_rst_3d_dual3_str4_p2p_r2_gate_trace-573d7a_b64_k8_isolated,isolated,ours,9,3,e2e_ms,53.545727,recorder
20260909-114553_perlmutter_8b85bc5a,ablation_l01_s2_swapall_rst_3d_dual3_str4_p2p_r2_gate_trace-573d7a_b64_k8_isolated,isolated,ours,9,4,e2e_ms,56.377121,recorder
20260909-114553_perlmutter_8b85bc5a,ablation_l01_s2_swapall_rst_3d_dual3_str4_p2p_r2_gate_trace-573d7a_b64_k8_isolated,isolated,ours,9,5,e2e_ms,53.563263,recorder
20260909-114553_perlmutter_8b85bc5a,ablation_l01_s2_swapall_rst_3d_dual3_str4_p2p_r2_gate_trace-573d7a_b64_k8_isolated,isolated,ours,9,0,l0_ms,23.972992,recorder
20260909-114553_perlmutter_8b85bc5a,ablation_l01_s2_swapall_rst_3d_dual3_str4_p2p_r2_gate_trace-573d7a_b64_k8_isolated,isolated,ours,9,1,l0_ms,23.085279,recorder
20260909-114553_perlmutter_8b85bc5a,ablation_l01_s2_swapall_rst_3d_dual3_str4_p2p_r2_gate_trace-573d7a_b64_k8_isolated,isolated,ours,9,2,l0_ms,23.481632,recorder
20260909-114553_perlmutter_8b85bc5a,ablation_l01_s2_swapall_rst_3d_dual3_str4_p2p_r2_gate_trace-573d7a_b64_k8_isolated,isolated,ours,9,3,l0_ms,22.93968,recorder
20260909-114553_perlmutter_8b85bc5a,ablation_l01_s2_swapall_rst_3d_dual3_str4_p2p_r2_gate_trace-573d7a_b64_k8_isolated,isolated,ours,9,4,l0_ms,24.701153,recorder
20260909-114553_perlmutter_8b85bc5a,ablation_l01_s2_swapall_rst_3d_dual3_str4_p2p_r2_gate_trace-573d7a_b64_k8_isolated,isolated,ours,9,5,l0_ms,23.036448,recorder
20260909-114553_perlmutter_8b85bc5a,ablation_l01_s2_swapall_rst_3d_dual3_str4_p2p_r2_gate_trace-573d7a_b64_k8_isolated,isolated,ours,9,0,act_ms,0.303424,recorder
20260909-114553_perlmutter_8b85bc5a,ablation_l01_s2_swapall_rst_3d_dual3_str4_p2p_r2_gate_trace-573d7a_b64_k8_isolated,isolated,ours,9,1,act_ms,0.304416,recorder
20260909-114553_perlmutter_8b85bc5a,ablation_l01_s2_swapall_rst_3d_dual3_str4_p2p_r2_gate_trace-573d7a_b64_k8_isolated,isolated,ours,9,2,act_ms,0.305216,recorder
20260909-114553_perlmutter_8b85bc5a,ablation_l01_s2_swapall_rst_3d_dual3_str4_p2p_r2_gate_trace-573d7a_b64_k8_isolated,isolated,ours,9,3,act_ms,0.305184,recorder
20260909-114553_perlmutter_8b85bc5a,ablation_l01_s2_swapall_rst_3d_dual3_str4_p2p_r2_gate_trace-573d7a_b64_k8_isolated,isolated,ours,9,4,act_ms,0.306048,recorder
20260909-114553_perlmutter_8b85bc5a,ablation_l01_s2_swapall_rst_3d_dual3_str4_p2p_r2_gate_trace-573d7a_b64_k8_isolated,isolated,ours,9,5,act_ms,0.302368,recorder
20260909-114553_perlmutter_8b85bc5a,ablation_l01_s2_swapall_rst_3d_dual3_str4_p2p_r2_gate_trace-573d7a_b64_k8_isolated,isolated,ours,9,0,l1_ms,29.563936,recorder
20260909-114553_perlmutter_8b85bc5a,ablation_l01_s2_swapall_rst_3d_dual3_str4_p2p_r2_gate_trace-573d7a_b64_k8_isolated,isolated,ours,9,1,l1_ms,30.354912,recorder
20260909-114553_perlmutter_8b85bc5a,ablation_l01_s2_swapall_rst_3d_dual3_str4_p2p_r2_gate_trace-573d7a_b64_k8_isolated,isolated,ours,9,2,l1_ms,29.815744,recorder
20260909-114553_perlmutter_8b85bc5a,ablation_l01_s2_swapall_rst_3d_dual3_str4_p2p_r2_gate_trace-573d7a_b64_k8_isolated,isolated,ours,9,3,l1_ms,30.300863,recorder
20260909-114553_perlmutter_8b85bc5a,ablation_l01_s2_swapall_rst_3d_dual3_str4_p2p_r2_gate_trace-573d7a_b64_k8_isolated,isolated,ours,9,4,l1_ms,31.369921,recorder
20260909-114553_perlmutter_8b85bc5a,ablation_l01_s2_swapall_rst_3d_dual3_str4_p2p_r2_gate_trace-573d7a_b64_k8_isolated,isolated,ours,9,5,l1_ms,30.224447,recorder
20260909-114553_perlmutter_8b85bc5a,ablation_l01_s2_swapall_rst_3d_dual3_str4_p2p_r2_gate_trace-573d7a_b64_k8_isolated,isolated,ours,9,0,plan_comm_ms,0.268576,recorder
20260909-114553_perlmutter_8b85bc5a,ablation_l01_s2_swapall_rst_3d_dual3_str4_p2p_r2_gate_trace-573d7a_b64_k8_isolated,isolated,ours,9,1,plan_comm_ms,0.182336,recorder
20260909-114553_perlmutter_8b85bc5a,ablation_l01_s2_swapall_rst_3d_dual3_str4_p2p_r2_gate_trace-573d7a_b64_k8_isolated,isolated,ours,9,2,plan_comm_ms,0.251648,recorder
20260909-114553_perlmutter_8b85bc5a,ablation_l01_s2_swapall_rst_3d_dual3_str4_p2p_r2_gate_trace-573d7a_b64_k8_isolated,isolated,ours,9,3,plan_comm_ms,0.463616,recorder
20260909-114553_perlmutter_8b85bc5a,ablation_l01_s2_swapall_rst_3d_dual3_str4_p2p_r2_gate_trace-573d7a_b64_k8_isolated,isolated,ours,9,4,plan_comm_ms,0.524064,recorder
20260909-114553_perlmutter_8b85bc5a,ablation_l01_s2_swapall_rst_3d_dual3_str4_p2p_r2_gate_trace-573d7a_b64_k8_isolated,isolated,ours,9,5,plan_comm_ms,0.345024,recorder
20260909-114553_perlmutter_8b85bc5a,ablation_l01_s2_swapall_rst_3d_dual3_str4_p2p_r2_gate_trace-573d7a_b64_k8_isolated,isolated,ours,9,0,place_ms,2.70432,recorder
20260909-114553_perlmutter_8b85bc5a,ablation_l01_s2_swapall_rst_3d_dual3_str4_p2p_r2_gate_trace-573d7a_b64_k8_isolated,isolated,ours,9,1,place_ms,2.58992,recorder
20260909-114553_perlmutter_8b85bc5a,ablation_l01_s2_swapall_rst_3d_dual3_str4_p2p_r2_gate_trace-573d7a_b64_k8_isolated,isolated,ours,9,2,place_ms,2.372832,recorder
20260909-114553_perlmutter_8b85bc5a,ablation_l01_s2_swapall_rst_3d_dual3_str4_p2p_r2_gate_trace-573d7a_b64_k8_isolated,isolated,ours,9,3,place_ms,2.359392,recorder
20260909-114553_perlmutter_8b85bc5a,ablation_l01_s2_swapall_rst_3d_dual3_str4_p2p_r2_gate_trace-573d7a_b64_k8_isolated,isolated,ours,9,4,place_ms,2.354944,recorder
20260909-114553_perlmutter_8b85bc5a,ablation_l01_s2_swapall_rst_3d_dual3_str4_p2p_r2_gate_trace-573d7a_b64_k8_isolated,isolated,ours,9,5,place_ms,2.34704,recorder
20260909-114553_perlmutter_8b85bc5a,ablation_l01_s2_swapall_rst_3d_dual3_str4_p2p_r2_gate_trace-573d7a_b64_k8_isolated,isolated,ours,9,0,plan_ms,2.344416,recorder
20260909-114553_perlmutter_8b85bc5a,ablation_l01_s2_swapall_rst_3d_dual3_str4_p2p_r2_gate_trace-573d7a_b64_k8_isolated,isolated,ours,9,1,plan_ms,2.719104,recorder
20260909-114553_perlmutter_8b85bc5a,ablation_l01_s2_swapall_rst_3d_dual3_str4_p2p_r2_gate_trace-573d7a_b64_k8_isolated,isolated,ours,9,2,plan_ms,2.383392,recorder
20260909-114553_perlmutter_8b85bc5a,ablation_l01_s2_swapall_rst_3d_dual3_str4_p2p_r2_gate_trace-573d7a_b64_k8_isolated,isolated,ours,9,3,plan_ms,2.658016,recorder
20260909-114553_perlmutter_8b85bc5a,ablation_l01_s2_swapall_rst_3d_dual3_str4_p2p_r2_gate_trace-573d7a_b64_k8_isolated,isolated,ours,9,4,plan_ms,3.17328,recorder
20260909-114553_perlmutter_8b85bc5a,ablation_l01_s2_swapall_rst_3d_dual3_str4_p2p_r2_gate_trace-573d7a_b64_k8_isolated,isolated,ours,9,5,plan_ms,2.519456,recorder
20260909-114553_perlmutter_8b85bc5a,ablation_l01_s2_swapall_rst_3d_dual3_str4_p2p_r2_gate_trace-573d7a_b64_k8_isolated,isolated,ours,9,0,total_ms,59.16013,recorder
20260909-114553_perlmutter_8b85bc5a,ablation_l01_s2_swapall_rst_3d_dual3_str4_p2p_r2_gate_trace-573d7a_b64_k8_isolated,isolated,ours,9,1,total_ms,59.238434,recorder
20260909-114553_perlmutter_8b85bc5a,ablation_l01_s2_swapall_rst_3d_dual3_str4_p2p_r2_gate_trace-573d7a_b64_k8_isolated,isolated,ours,9,2,total_ms,58.612896,recorder
20260909-114553_perlmutter_8b85bc5a,ablation_l01_s2_swapall_rst_3d_dual3_str4_p2p_r2_gate_trace-573d7a_b64_k8_isolated,isolated,ours,9,3,total_ms,59.029217,recorder
20260909-114553_perlmutter_8b85bc5a,ablation_l01_s2_swapall_rst_3d_dual3_str4_p2p_r2_gate_trace-573d7a_b64_k8_isolated,isolated,ours,9,4,total_ms,62.431873,recorder
20260909-114553_perlmutter_8b85bc5a,ablation_l01_s2_swapall_rst_3d_dual3_str4_p2p_r2_gate_trace-573d7a_b64_k8_isolated,isolated,ours,9,5,total_ms,58.777248,recorder
20260909-114553_perlmutter_8b85bc5a,ablation_l01_s2_swapall_rst_3d_dual3_str4_p2p_r2_gate_trace-573d7a_b64_k8_isolated,isolated,ours,9,0,iso_sync_ms,486.468318,recorder
20260909-114553_perlmutter_8b85bc5a,ablation_l01_s2_swapall_rst_3d_dual3_str4_p2p_r2_gate_trace-573d7a_b64_k8_isolated,isolated,ours,9,1,iso_sync_ms,439.762499,recorder
20260909-114553_perlmutter_8b85bc5a,ablation_l01_s2_swapall_rst_3d_dual3_str4_p2p_r2_gate_trace-573d7a_b64_k8_isolated,isolated,ours,9,2,iso_sync_ms,429.332088,recorder
20260909-114553_perlmutter_8b85bc5a,ablation_l01_s2_swapall_rst_3d_dual3_str4_p2p_r2_gate_trace-573d7a_b64_k8_isolated,isolated,ours,9,3,iso_sync_ms,432.284804,recorder
20260909-114553_perlmutter_8b85bc5a,ablation_l01_s2_swapall_rst_3d_dual3_str4_p2p_r2_gate_trace-573d7a_b64_k8_isolated,isolated,ours,9,4,iso_sync_ms,432.511773,recorder
20260909-114553_perlmutter_8b85bc5a,ablation_l01_s2_swapall_rst_3d_dual3_str4_p2p_r2_gate_trace-573d7a_b64_k8_isolated,isolated,ours,9,5,iso_sync_ms,439.038096,recorder
20260909-114553_perlmutter_8b85bc5a,ablation_l01_s2_swapall_rst_3d_dual3_str4_p2p_r2_gate_trace-573d7a_b64_k8_isolated,isolated,ours,10,0,e2e_ms,53.840481,recorder
20260909-114553_perlmutter_8b85bc5a,ablation_l01_s2_swapall_rst_3d_dual3_str4_p2p_r2_gate_trace-573d7a_b64_k8_isolated,isolated,ours,10,1,e2e_ms,53.746529,recorder
20260909-114553_perlmutter_8b85bc5a,ablation_l01_s2_swapall_rst_3d_dual3_str4_p2p_r2_gate_trace-573d7a_b64_k8_isolated,isolated,ours,10,2,e2e_ms,53.604321,recorder
20260909-114553_perlmutter_8b85bc5a,ablation_l01_s2_swapall_rst_3d_dual3_str4_p2p_r2_gate_trace-573d7a_b64_k8_isolated,isolated,ours,10,3,e2e_ms,53.450497,recorder
20260909-114553_perlmutter_8b85bc5a,ablation_l01_s2_swapall_rst_3d_dual3_str4_p2p_r2_gate_trace-573d7a_b64_k8_isolated,isolated,ours,10,4,e2e_ms,56.319138,recorder
20260909-114553_perlmutter_8b85bc5a,ablation_l01_s2_swapall_rst_3d_dual3_str4_p2p_r2_gate_trace-573d7a_b64_k8_isolated,isolated,ours,10,5,e2e_ms,53.558079,recorder
20260909-114553_perlmutter_8b85bc5a,ablation_l01_s2_swapall_rst_3d_dual3_str4_p2p_r2_gate_trace-573d7a_b64_k8_isolated,isolated,ours,10,0,l0_ms,24.004032,recorder
20260909-114553_perlmutter_8b85bc5a,ablation_l01_s2_swapall_rst_3d_dual3_str4_p2p_r2_gate_trace-573d7a_b64_k8_isolated,isolated,ours,10,1,l0_ms,23.109568,recorder
20260909-114553_perlmutter_8b85bc5a,ablation_l01_s2_swapall_rst_3d_dual3_str4_p2p_r2_gate_trace-573d7a_b64_k8_isolated,isolated,ours,10,2,l0_ms,23.504383,recorder
20260909-114553_perlmutter_8b85bc5a,ablation_l01_s2_swapall_rst_3d_dual3_str4_p2p_r2_gate_trace-573d7a_b64_k8_isolated,isolated,ours,10,3,l0_ms,22.873119,recorder
20260909-114553_perlmutter_8b85bc5a,ablation_l01_s2_swapall_rst_3d_dual3_str4_p2p_r2_gate_trace-573d7a_b64_k8_isolated,isolated,ours,10,4,l0_ms,24.665119,recorder
20260909-114553_perlmutter_8b85bc5a,ablation_l01_s2_swapall_rst_3d_dual3_str4_p2p_r2_gate_trace-573d7a_b64_k8_isolated,isolated,ours,10,5,l0_ms,23.061152,recorder
20260909-114553_perlmutter_8b85bc5a,ablation_l01_s2_swapall_rst_3d_dual3_str4_p2p_r2_gate_trace-573d7a_b64_k8_isolated,isolated,ours,10,0,act_ms,0.29888,recorder
20260909-114553_perlmutter_8b85bc5a,ablation_l01_s2_swapall_rst_3d_dual3_str4_p2p_r2_gate_trace-573d7a_b64_k8_isolated,isolated,ours,10,1,act_ms,0.303776,recorder
20260909-114553_perlmutter_8b85bc5a,ablation_l01_s2_swapall_rst_3d_dual3_str4_p2p_r2_gate_trace-573d7a_b64_k8_isolated,isolated,ours,10,2,act_ms,0.302272,recorder
20260909-114553_perlmutter_8b85bc5a,ablation_l01_s2_swapall_rst_3d_dual3_str4_p2p_r2_gate_trace-573d7a_b64_k8_isolated,isolated,ours,10,3,act_ms,0.30176,recorder
20260909-114553_perlmutter_8b85bc5a,ablation_l01_s2_swapall_rst_3d_dual3_str4_p2p_r2_gate_trace-573d7a_b64_k8_isolated,isolated,ours,10,4,act_ms,0.308224,recorder
20260909-114553_perlmutter_8b85bc5a,ablation_l01_s2_swapall_rst_3d_dual3_str4_p2p_r2_gate_trace-573d7a_b64_k8_isolated,isolated,ours,10,5,act_ms,0.302208,recorder
20260909-114553_perlmutter_8b85bc5a,ablation_l01_s2_swapall_rst_3d_dual3_str4_p2p_r2_gate_trace-573d7a_b64_k8_isolated,isolated,ours,10,0,l1_ms,29.537567,recorder
20260909-114553_perlmutter_8b85bc5a,ablation_l01_s2_swapall_rst_3d_dual3_str4_p2p_r2_gate_trace-573d7a_b64_k8_isolated,isolated,ours,10,1,l1_ms,30.333183,recorder
20260909-114553_perlmutter_8b85bc5a,ablation_l01_s2_swapall_rst_3d_dual3_str4_p2p_r2_gate_trace-573d7a_b64_k8_isolated,isolated,ours,10,2,l1_ms,29.797665,recorder
20260909-114553_perlmutter_8b85bc5a,ablation_l01_s2_swapall_rst_3d_dual3_str4_p2p_r2_gate_trace-573d7a_b64_k8_isolated,isolated,ours,10,3,l1_ms,30.275616,recorder
20260909-114553_perlmutter_8b85bc5a,ablation_l01_s2_swapall_rst_3d_dual3_str4_p2p_r2_gate_trace-573d7a_b64_k8_isolated,isolated,ours,10,4,l1_ms,31.345793,recorder
20260909-114553_perlmutter_8b85bc5a,ablation_l01_s2_swapall_rst_3d_dual3_str4_p2p_r2_gate_trace-573d7a_b64_k8_isolated,isolated,ours,10,5,l1_ms,30.194719,recorder
20260909-114553_perlmutter_8b85bc5a,ablation_l01_s2_swapall_rst_3d_dual3_str4_p2p_r2_gate_trace-573d7a_b64_k8_isolated,isolated,ours,10,0,plan_comm_ms,0.30208,recorder
20260909-114553_perlmutter_8b85bc5a,ablation_l01_s2_swapall_rst_3d_dual3_str4_p2p_r2_gate_trace-573d7a_b64_k8_isolated,isolated,ours,10,1,plan_comm_ms,0.222144,recorder
20260909-114553_perlmutter_8b85bc5a,ablation_l01_s2_swapall_rst_3d_dual3_str4_p2p_r2_gate_trace-573d7a_b64_k8_isolated,isolated,ours,10,2,plan_comm_ms,0.247904,recorder
20260909-114553_perlmutter_8b85bc5a,ablation_l01_s2_swapall_rst_3d_dual3_str4_p2p_r2_gate_trace-573d7a_b64_k8_isolated,isolated,ours,10,3,plan_comm_ms,0.299136,recorder
20260909-114553_perlmutter_8b85bc5a,ablation_l01_s2_swapall_rst_3d_dual3_str4_p2p_r2_gate_trace-573d7a_b64_k8_isolated,isolated,ours,10,4,plan_comm_ms,0.510336,recorder
20260909-114553_perlmutter_8b85bc5a,ablation_l01_s2_swapall_rst_3d_dual3_str4_p2p_r2_gate_trace-573d7a_b64_k8_isolated,isolated,ours,10,5,plan_comm_ms,0.334848,recorder
20260909-114553_perlmutter_8b85bc5a,ablation_l01_s2_swapall_rst_3d_dual3_str4_p2p_r2_gate_trace-573d7a_b64_k8_isolated,isolated,ours,10,0,place_ms,2.52352,recorder
20260909-114553_perlmutter_8b85bc5a,ablation_l01_s2_swapall_rst_3d_dual3_str4_p2p_r2_gate_trace-573d7a_b64_k8_isolated,isolated,ours,10,1,place_ms,2.390368,recorder
20260909-114553_perlmutter_8b85bc5a,ablation_l01_s2_swapall_rst_3d_dual3_str4_p2p_r2_gate_trace-573d7a_b64_k8_isolated,isolated,ours,10,2,place_ms,2.372224,recorder
20260909-114553_perlmutter_8b85bc5a,ablation_l01_s2_swapall_rst_3d_dual3_str4_p2p_r2_gate_trace-573d7a_b64_k8_isolated,isolated,ours,10,3,place_ms,2.756736,recorder
20260909-114553_perlmutter_8b85bc5a,ablation_l01_s2_swapall_rst_3d_dual3_str4_p2p_r2_gate_trace-573d7a_b64_k8_isolated,isolated,ours,10,4,place_ms,2.459072,recorder
20260909-114553_perlmutter_8b85bc5a,ablation_l01_s2_swapall_rst_3d_dual3_str4_p2p_r2_gate_trace-573d7a_b64_k8_isolated,isolated,ours,10,5,place_ms,2.36096,recorder
20260909-114553_perlmutter_8b85bc5a,ablation_l01_s2_swapall_rst_3d_dual3_str4_p2p_r2_gate_trace-573d7a_b64_k8_isolated,isolated,ours,10,0,plan_ms,2.531776,recorder
20260909-114553_perlmutter_8b85bc5a,ablation_l01_s2_swapall_rst_3d_dual3_str4_p2p_r2_gate_trace-573d7a_b64_k8_isolated,isolated,ours,10,1,plan_ms,2.920576,recorder
20260909-114553_perlmutter_8b85bc5a,ablation_l01_s2_swapall_rst_3d_dual3_str4_p2p_r2_gate_trace-573d7a_b64_k8_isolated,isolated,ours,10,2,plan_ms,2.391104,recorder
20260909-114553_perlmutter_8b85bc5a,ablation_l01_s2_swapall_rst_3d_dual3_str4_p2p_r2_gate_trace-573d7a_b64_k8_isolated,isolated,ours,10,3,plan_ms,2.339104,recorder
20260909-114553_perlmutter_8b85bc5a,ablation_l01_s2_swapall_rst_3d_dual3_str4_p2p_r2_gate_trace-573d7a_b64_k8_isolated,isolated,ours,10,4,plan_ms,3.12784,recorder
20260909-114553_perlmutter_8b85bc5a,ablation_l01_s2_swapall_rst_3d_dual3_str4_p2p_r2_gate_trace-573d7a_b64_k8_isolated,isolated,ours,10,5,plan_ms,2.523776,recorder
20260909-114553_perlmutter_8b85bc5a,ablation_l01_s2_swapall_rst_3d_dual3_str4_p2p_r2_gate_trace-573d7a_b64_k8_isolated,isolated,ours,10,0,total_ms,59.200577,recorder
20260909-114553_perlmutter_8b85bc5a,ablation_l01_s2_swapall_rst_3d_dual3_str4_p2p_r2_gate_trace-573d7a_b64_k8_isolated,isolated,ours,10,1,total_ms,59.282082,recorder
20260909-114553_perlmutter_8b85bc5a,ablation_l01_s2_swapall_rst_3d_dual3_str4_p2p_r2_gate_trace-573d7a_b64_k8_isolated,isolated,ours,10,2,total_ms,58.61805,recorder
20260909-114553_perlmutter_8b85bc5a,ablation_l01_s2_swapall_rst_3d_dual3_str4_p2p_r2_gate_trace-573d7a_b64_k8_isolated,isolated,ours,10,3,total_ms,58.848255,recorder
20260909-114553_perlmutter_8b85bc5a,ablation_l01_s2_swapall_rst_3d_dual3_str4_p2p_r2_gate_trace-573d7a_b64_k8_isolated,isolated,ours,10,4,total_ms,62.418846,recorder
20260909-114553_perlmutter_8b85bc5a,ablation_l01_s2_swapall_rst_3d_dual3_str4_p2p_r2_gate_trace-573d7a_b64_k8_isolated,isolated,ours,10,5,total_ms,58.780159,recorder
20260909-114553_perlmutter_8b85bc5a,ablation_l01_s2_swapall_rst_3d_dual3_str4_p2p_r2_gate_trace-573d7a_b64_k8_isolated,isolated,ours,10,0,iso_sync_ms,1034.453005,recorder
20260909-114553_perlmutter_8b85bc5a,ablation_l01_s2_swapall_rst_3d_dual3_str4_p2p_r2_gate_trace-573d7a_b64_k8_isolated,isolated,ours,10,1,iso_sync_ms,1011.762241,recorder
20260909-114553_perlmutter_8b85bc5a,ablation_l01_s2_swapall_rst_3d_dual3_str4_p2p_r2_gate_trace-573d7a_b64_k8_isolated,isolated,ours,10,2,iso_sync_ms,1013.733368,recorder
20260909-114553_perlmutter_8b85bc5a,ablation_l01_s2_swapall_rst_3d_dual3_str4_p2p_r2_gate_trace-573d7a_b64_k8_isolated,isolated,ours,10,3,iso_sync_ms,1013.104681,recorder
20260909-114553_perlmutter_8b85bc5a,ablation_l01_s2_swapall_rst_3d_dual3_str4_p2p_r2_gate_trace-573d7a_b64_k8_isolated,isolated,ours,10,4,iso_sync_ms,1014.41171,recorder
20260909-114553_perlmutter_8b85bc5a,ablation_l01_s2_swapall_rst_3d_dual3_str4_p2p_r2_gate_trace-573d7a_b64_k8_isolated,isolated,ours,10,5,iso_sync_ms,986.058457,recorder
20260909-114553_perlmutter_8b85bc5a,ablation_l01_s2_swapall_rst_3d_dual3_str4_p2p_r2_gate_trace-573d7a_b64_k8_isolated,isolated,ours,11,0,e2e_ms,53.968063,recorder
20260909-114553_perlmutter_8b85bc5a,ablation_l01_s2_swapall_rst_3d_dual3_str4_p2p_r2_gate_trace-573d7a_b64_k8_isolated,isolated,ours,11,1,e2e_ms,53.788479,recorder
20260909-114553_perlmutter_8b85bc5a,ablation_l01_s2_swapall_rst_3d_dual3_str4_p2p_r2_gate_trace-573d7a_b64_k8_isolated,isolated,ours,11,2,e2e_ms,53.639904,recorder
20260909-114553_perlmutter_8b85bc5a,ablation_l01_s2_swapall_rst_3d_dual3_str4_p2p_r2_gate_trace-573d7a_b64_k8_isolated,isolated,ours,11,3,e2e_ms,53.559616,recorder
20260909-114553_perlmutter_8b85bc5a,ablation_l01_s2_swapall_rst_3d_dual3_str4_p2p_r2_gate_trace-573d7a_b64_k8_isolated,isolated,ours,11,4,e2e_ms,56.394527,recorder
20260909-114553_perlmutter_8b85bc5a,ablation_l01_s2_swapall_rst_3d_dual3_str4_p2p_r2_gate_trace-573d7a_b64_k8_isolated,isolated,ours,11,5,e2e_ms,53.587646,recorder
20260909-114553_perlmutter_8b85bc5a,ablation_l01_s2_swapall_rst_3d_dual3_str4_p2p_r2_gate_trace-573d7a_b64_k8_isolated,isolated,ours,11,0,l0_ms,24.109856,recorder
20260909-114553_perlmutter_8b85bc5a,ablation_l01_s2_swapall_rst_3d_dual3_str4_p2p_r2_gate_trace-573d7a_b64_k8_isolated,isolated,ours,11,1,l0_ms,23.133057,recorder
20260909-114553_perlmutter_8b85bc5a,ablation_l01_s2_swapall_rst_3d_dual3_str4_p2p_r2_gate_trace-573d7a_b64_k8_isolated,isolated,ours,11,2,l0_ms,23.52352,recorder
20260909-114553_perlmutter_8b85bc5a,ablation_l01_s2_swapall_rst_3d_dual3_str4_p2p_r2_gate_trace-573d7a_b64_k8_isolated,isolated,ours,11,3,l0_ms,22.9568,recorder
20260909-114553_perlmutter_8b85bc5a,ablation_l01_s2_swapall_rst_3d_dual3_str4_p2p_r2_gate_trace-573d7a_b64_k8_isolated,isolated,ours,11,4,l0_ms,24.720127,recorder
20260909-114553_perlmutter_8b85bc5a,ablation_l01_s2_swapall_rst_3d_dual3_str4_p2p_r2_gate_trace-573d7a_b64_k8_isolated,isolated,ours,11,5,l0_ms,23.069696,recorder
20260909-114553_perlmutter_8b85bc5a,ablation_l01_s2_swapall_rst_3d_dual3_str4_p2p_r2_gate_trace-573d7a_b64_k8_isolated,isolated,ours,11,0,act_ms,0.409376,recorder
20260909-114553_perlmutter_8b85bc5a,ablation_l01_s2_swapall_rst_3d_dual3_str4_p2p_r2_gate_trace-573d7a_b64_k8_isolated,isolated,ours,11,1,act_ms,0.409312,recorder
20260909-114553_perlmutter_8b85bc5a,ablation_l01_s2_swapall_rst_3d_dual3_str4_p2p_r2_gate_trace-573d7a_b64_k8_isolated,isolated,ours,11,2,act_ms,0.409312,recorder
20260909-114553_perlmutter_8b85bc5a,ablation_l01_s2_swapall_rst_3d_dual3_str4_p2p_r2_gate_trace-573d7a_b64_k8_isolated,isolated,ours,11,3,act_ms,0.407392,recorder
20260909-114553_perlmutter_8b85bc5a,ablation_l01_s2_swapall_rst_3d_dual3_str4_p2p_r2_gate_trace-573d7a_b64_k8_isolated,isolated,ours,11,4,act_ms,0.407232,recorder
20260909-114553_perlmutter_8b85bc5a,ablation_l01_s2_swapall_rst_3d_dual3_str4_p2p_r2_gate_trace-573d7a_b64_k8_isolated,isolated,ours,11,5,act_ms,0.412,recorder
20260909-114553_perlmutter_8b85bc5a,ablation_l01_s2_swapall_rst_3d_dual3_str4_p2p_r2_gate_trace-573d7a_b64_k8_isolated,isolated,ours,11,0,l1_ms,29.448832,recorder
20260909-114553_perlmutter_8b85bc5a,ablation_l01_s2_swapall_rst_3d_dual3_str4_p2p_r2_gate_trace-573d7a_b64_k8_isolated,isolated,ours,11,1,l1_ms,30.246113,recorder
20260909-114553_perlmutter_8b85bc5a,ablation_l01_s2_swapall_rst_3d_dual3_str4_p2p_r2_gate_trace-573d7a_b64_k8_isolated,isolated,ours,11,2,l1_ms,29.707071,recorder
20260909-114553_perlmutter_8b85bc5a,ablation_l01_s2_swapall_rst_3d_dual3_str4_p2p_r2_gate_trace-573d7a_b64_k8_isolated,isolated,ours,11,3,l1_ms,30.195423,recorder
20260909-114553_perlmutter_8b85bc5a,ablation_l01_s2_swapall_rst_3d_dual3_str4_p2p_r2_gate_trace-573d7a_b64_k8_isolated,isolated,ours,11,4,l1_ms,31.267168,recorder
20260909-114553_perlmutter_8b85bc5a,ablation_l01_s2_swapall_rst_3d_dual3_str4_p2p_r2_gate_trace-573d7a_b64_k8_isolated,isolated,ours,11,5,l1_ms,30.105951,recorder
20260909-114553_perlmutter_8b85bc5a,ablation_l01_s2_swapall_rst_3d_dual3_str4_p2p_r2_gate_trace-573d7a_b64_k8_isolated,isolated,ours,11,0,plan_comm_ms,0.333632,recorder
20260909-114553_perlmutter_8b85bc5a,ablation_l01_s2_swapall_rst_3d_dual3_str4_p2p_r2_gate_trace-573d7a_b64_k8_isolated,isolated,ours,11,1,plan_comm_ms,0.213184,recorder
20260909-114553_perlmutter_8b85bc5a,ablation_l01_s2_swapall_rst_3d_dual3_str4_p2p_r2_gate_trace-573d7a_b64_k8_isolated,isolated,ours,11,2,plan_comm_ms,0.24208,recorder
20260909-114553_perlmutter_8b85bc5a,ablation_l01_s2_swapall_rst_3d_dual3_str4_p2p_r2_gate_trace-573d7a_b64_k8_isolated,isolated,ours,11,3,plan_comm_ms,0.45168,recorder
20260909-114553_perlmutter_8b85bc5a,ablation_l01_s2_swapall_rst_3d_dual3_str4_p2p_r2_gate_trace-573d7a_b64_k8_isolated,isolated,ours,11,4,plan_comm_ms,0.497856,recorder
20260909-114553_perlmutter_8b85bc5a,ablation_l01_s2_swapall_rst_3d_dual3_str4_p2p_r2_gate_trace-573d7a_b64_k8_isolated,isolated,ours,11,5,plan_comm_ms,0.331168,recorder
20260909-114553_perlmutter_8b85bc5a,ablation_l01_s2_swapall_rst_3d_dual3_str4_p2p_r2_gate_trace-573d7a_b64_k8_isolated,isolated,ours,11,0,place_ms,2.349984,recorder
20260909-114553_perlmutter_8b85bc5a,ablation_l01_s2_swapall_rst_3d_dual3_str4_p2p_r2_gate_trace-573d7a_b64_k8_isolated,isolated,ours,11,1,place_ms,2.390208,recorder
20260909-114553_perlmutter_8b85bc5a,ablation_l01_s2_swapall_rst_3d_dual3_str4_p2p_r2_gate_trace-573d7a_b64_k8_isolated,isolated,ours,11,2,place_ms,2.365984,recorder
20260909-114553_perlmutter_8b85bc5a,ablation_l01_s2_swapall_rst_3d_dual3_str4_p2p_r2_gate_trace-573d7a_b64_k8_isolated,isolated,ours,11,3,place_ms,2.36304,recorder
20260909-114553_perlmutter_8b85bc5a,ablation_l01_s2_swapall_rst_3d_dual3_str4_p2p_r2_gate_trace-573d7a_b64_k8_isolated,isolated,ours,11,4,place_ms,2.339936,recorder
20260909-114553_perlmutter_8b85bc5a,ablation_l01_s2_swapall_rst_3d_dual3_str4_p2p_r2_gate_trace-573d7a_b64_k8_isolated,isolated,ours,11,5,place_ms,2.353792,recorder
20260909-114553_perlmutter_8b85bc5a,ablation_l01_s2_swapall_rst_3d_dual3_str4_p2p_r2_gate_trace-573d7a_b64_k8_isolated,isolated,ours,11,0,plan_ms,2.605184,recorder
20260909-114553_perlmutter_8b85bc5a,ablation_l01_s2_swapall_rst_3d_dual3_str4_p2p_r2_gate_trace-573d7a_b64_k8_isolated,isolated,ours,11,1,plan_ms,2.908,recorder
20260909-114553_perlmutter_8b85bc5a,ablation_l01_s2_swapall_rst_3d_dual3_str4_p2p_r2_gate_trace-573d7a_b64_k8_isolated,isolated,ours,11,2,plan_ms,2.388576,recorder
20260909-114553_perlmutter_8b85bc5a,ablation_l01_s2_swapall_rst_3d_dual3_str4_p2p_r2_gate_trace-573d7a_b64_k8_isolated,isolated,ours,11,3,plan_ms,2.677536,recorder
20260909-114553_perlmutter_8b85bc5a,ablation_l01_s2_swapall_rst_3d_dual3_str4_p2p_r2_gate_trace-573d7a_b64_k8_isolated,isolated,ours,11,4,plan_ms,3.21456,recorder
20260909-114553_perlmutter_8b85bc5a,ablation_l01_s2_swapall_rst_3d_dual3_str4_p2p_r2_gate_trace-573d7a_b64_k8_isolated,isolated,ours,11,5,plan_ms,2.525024,recorder
20260909-114553_perlmutter_8b85bc5a,ablation_l01_s2_swapall_rst_3d_dual3_str4_p2p_r2_gate_trace-573d7a_b64_k8_isolated,isolated,ours,11,0,total_ms,59.259327,recorder
20260909-114553_perlmutter_8b85bc5a,ablation_l01_s2_swapall_rst_3d_dual3_str4_p2p_r2_gate_trace-573d7a_b64_k8_isolated,isolated,ours,11,1,total_ms,59.302338,recorder
20260909-114553_perlmutter_8b85bc5a,ablation_l01_s2_swapall_rst_3d_dual3_str4_p2p_r2_gate_trace-573d7a_b64_k8_isolated,isolated,ours,11,2,total_ms,58.639042,recorder
20260909-114553_perlmutter_8b85bc5a,ablation_l01_s2_swapall_rst_3d_dual3_str4_p2p_r2_gate_trace-573d7a_b64_k8_isolated,isolated,ours,11,3,total_ms,59.054367,recorder
20260909-114553_perlmutter_8b85bc5a,ablation_l01_s2_swapall_rst_3d_dual3_str4_p2p_r2_gate_trace-573d7a_b64_k8_isolated,isolated,ours,11,4,total_ms,62.449375,recorder
20260909-114553_perlmutter_8b85bc5a,ablation_l01_s2_swapall_rst_3d_dual3_str4_p2p_r2_gate_trace-573d7a_b64_k8_isolated,isolated,ours,11,5,total_ms,58.800095,recorder
20260909-114553_perlmutter_8b85bc5a,ablation_l01_s2_swapall_rst_3d_dual3_str4_p2p_r2_gate_trace-573d7a_b64_k8_isolated,isolated,ours,11,0,iso_sync_ms,1051.674041,recorder
20260909-114553_perlmutter_8b85bc5a,ablation_l01_s2_swapall_rst_3d_dual3_str4_p2p_r2_gate_trace-573d7a_b64_k8_isolated,isolated,ours,11,1,iso_sync_ms,1038.706238,recorder
20260909-114553_perlmutter_8b85bc5a,ablation_l01_s2_swapall_rst_3d_dual3_str4_p2p_r2_gate_trace-573d7a_b64_k8_isolated,isolated,ours,11,2,iso_sync_ms,1053.134157,recorder
20260909-114553_perlmutter_8b85bc5a,ablation_l01_s2_swapall_rst_3d_dual3_str4_p2p_r2_gate_trace-573d7a_b64_k8_isolated,isolated,ours,11,3,iso_sync_ms,1064.559673,recorder
20260909-114553_perlmutter_8b85bc5a,ablation_l01_s2_swapall_rst_3d_dual3_str4_p2p_r2_gate_trace-573d7a_b64_k8_isolated,isolated,ours,11,4,iso_sync_ms,1029.991027,recorder
20260909-114553_perlmutter_8b85bc5a,ablation_l01_s2_swapall_rst_3d_dual3_str4_p2p_r2_gate_trace-573d7a_b64_k8_isolated,isolated,ours,11,5,iso_sync_ms,1034.25925,recorder
20260909-114553_perlmutter_8b85bc5a,ablation_l01_s2_swapall_rst_3d_dual3_str4_p2p_r2_gate_trace-573d7a_b64_k8_isolated,isolated,ours,12,0,e2e_ms,53.973057,recorder
20260909-114553_perlmutter_8b85bc5a,ablation_l01_s2_swapall_rst_3d_dual3_str4_p2p_r2_gate_trace-573d7a_b64_k8_isolated,isolated,ours,12,1,e2e_ms,53.807297,recorder
20260909-114553_perlmutter_8b85bc5a,ablation_l01_s2_swapall_rst_3d_dual3_str4_p2p_r2_gate_trace-573d7a_b64_k8_isolated,isolated,ours,12,2,e2e_ms,53.663746,recorder
20260909-114553_perlmutter_8b85bc5a,ablation_l01_s2_swapall_rst_3d_dual3_str4_p2p_r2_gate_trace-573d7a_b64_k8_isolated,isolated,ours,12,3,e2e_ms,53.580864,recorder
20260909-114553_perlmutter_8b85bc5a,ablation_l01_s2_swapall_rst_3d_dual3_str4_p2p_r2_gate_trace-573d7a_b64_k8_isolated,isolated,ours,12,4,e2e_ms,56.425728,recorder
20260909-114553_perlmutter_8b85bc5a,ablation_l01_s2_swapall_rst_3d_dual3_str4_p2p_r2_gate_trace-573d7a_b64_k8_isolated,isolated,ours,12,5,e2e_ms,53.617889,recorder
20260909-114553_perlmutter_8b85bc5a,ablation_l01_s2_swapall_rst_3d_dual3_str4_p2p_r2_gate_trace-573d7a_b64_k8_isolated,isolated,ours,12,0,l0_ms,24.133472,recorder
20260909-114553_perlmutter_8b85bc5a,ablation_l01_s2_swapall_rst_3d_dual3_str4_p2p_r2_gate_trace-573d7a_b64_k8_isolated,isolated,ours,12,1,l0_ms,23.174208,recorder
20260909-114553_perlmutter_8b85bc5a,ablation_l01_s2_swapall_rst_3d_dual3_str4_p2p_r2_gate_trace-573d7a_b64_k8_isolated,isolated,ours,12,2,l0_ms,23.56496,recorder
20260909-114553_perlmutter_8b85bc5a,ablation_l01_s2_swapall_rst_3d_dual3_str4_p2p_r2_gate_trace-573d7a_b64_k8_isolated,isolated,ours,12,3,l0_ms,22.999071,recorder
20260909-114553_perlmutter_8b85bc5a,ablation_l01_s2_swapall_rst_3d_dual3_str4_p2p_r2_gate_trace-573d7a_b64_k8_isolated,isolated,ours,12,4,l0_ms,24.773121,recorder
20260909-114553_perlmutter_8b85bc5a,ablation_l01_s2_swapall_rst_3d_dual3_str4_p2p_r2_gate_trace-573d7a_b64_k8_isolated,isolated,ours,12,5,l0_ms,23.122881,recorder
20260909-114553_perlmutter_8b85bc5a,ablation_l01_s2_swapall_rst_3d_dual3_str4_p2p_r2_gate_trace-573d7a_b64_k8_isolated,isolated,ours,12,0,act_ms,0.2128,recorder
20260909-114553_perlmutter_8b85bc5a,ablation_l01_s2_swapall_rst_3d_dual3_str4_p2p_r2_gate_trace-573d7a_b64_k8_isolated,isolated,ours,12,1,act_ms,0.21376,recorder
20260909-114553_perlmutter_8b85bc5a,ablation_l01_s2_swapall_rst_3d_dual3_str4_p2p_r2_gate_trace-573d7a_b64_k8_isolated,isolated,ours,12,2,act_ms,0.215616,recorder
20260909-114553_perlmutter_8b85bc5a,ablation_l01_s2_swapall_rst_3d_dual3_str4_p2p_r2_gate_trace-573d7a_b64_k8_isolated,isolated,ours,12,3,act_ms,0.22032,recorder
20260909-114553_perlmutter_8b85bc5a,ablation_l01_s2_swapall_rst_3d_dual3_str4_p2p_r2_gate_trace-573d7a_b64_k8_isolated,isolated,ours,12,4,act_ms,0.212352,recorder
20260909-114553_perlmutter_8b85bc5a,ablation_l01_s2_swapall_rst_3d_dual3_str4_p2p_r2_gate_trace-573d7a_b64_k8_isolated,isolated,ours,12,5,act_ms,0.218336,recorder
20260909-114553_perlmutter_8b85bc5a,ablation_l01_s2_swapall_rst_3d_dual3_str4_p2p_r2_gate_trace-573d7a_b64_k8_isolated,isolated,ours,12,0,l1_ms,29.626783,recorder
20260909-114553_perlmutter_8b85bc5a,ablation_l01_s2_swapall_rst_3d_dual3_str4_p2p_r2_gate_trace-573d7a_b64_k8_isolated,isolated,ours,12,1,l1_ms,30.419329,recorder
20260909-114553_perlmutter_8b85bc5a,ablation_l01_s2_swapall_rst_3d_dual3_str4_p2p_r2_gate_trace-573d7a_b64_k8_isolated,isolated,ours,12,2,l1_ms,29.883167,recorder
20260909-114553_perlmutter_8b85bc5a,ablation_l01_s2_swapall_rst_3d_dual3_str4_p2p_r2_gate_trace-573d7a_b64_k8_isolated,isolated,ours,12,3,l1_ms,30.361471,recorder
20260909-114553_perlmutter_8b85bc5a,ablation_l01_s2_swapall_rst_3d_dual3_str4_p2p_r2_gate_trace-573d7a_b64_k8_isolated,isolated,ours,12,4,l1_ms,31.440256,recorder
20260909-114553_perlmutter_8b85bc5a,ablation_l01_s2_swapall_rst_3d_dual3_str4_p2p_r2_gate_trace-573d7a_b64_k8_isolated,isolated,ours,12,5,l1_ms,30.276672,recorder
20260909-114553_perlmutter_8b85bc5a,ablation_l01_s2_swapall_rst_3d_dual3_str4_p2p_r2_gate_trace-573d7a_b64_k8_isolated,isolated,ours,12,0,plan_comm_ms,0.316928,recorder
20260909-114553_perlmutter_8b85bc5a,ablation_l01_s2_swapall_rst_3d_dual3_str4_p2p_r2_gate_trace-573d7a_b64_k8_isolated,isolated,ours,12,1,plan_comm_ms,0.210688,recorder
20260909-114553_perlmutter_8b85bc5a,ablation_l01_s2_swapall_rst_3d_dual3_str4_p2p_r2_gate_trace-573d7a_b64_k8_isolated,isolated,ours,12,2,plan_comm_ms,0.255808,recorder
20260909-114553_perlmutter_8b85bc5a,ablation_l01_s2_swapall_rst_3d_dual3_str4_p2p_r2_gate_trace-573d7a_b64_k8_isolated,isolated,ours,12,3,plan_comm_ms,0.466464,recorder
20260909-114553_perlmutter_8b85bc5a,ablation_l01_s2_swapall_rst_3d_dual3_str4_p2p_r2_gate_trace-573d7a_b64_k8_isolated,isolated,ours,12,4,plan_comm_ms,0.51552,recorder
20260909-114553_perlmutter_8b85bc5a,ablation_l01_s2_swapall_rst_3d_dual3_str4_p2p_r2_gate_trace-573d7a_b64_k8_isolated,isolated,ours,12,5,plan_comm_ms,0.322592,recorder
20260909-114553_perlmutter_8b85bc5a,ablation_l01_s2_swapall_rst_3d_dual3_str4_p2p_r2_gate_trace-573d7a_b64_k8_isolated,isolated,ours,12,0,place_ms,2.339936,recorder
20260909-114553_perlmutter_8b85bc5a,ablation_l01_s2_swapall_rst_3d_dual3_str4_p2p_r2_gate_trace-573d7a_b64_k8_isolated,isolated,ours,12,1,place_ms,2.358304,recorder
20260909-114553_perlmutter_8b85bc5a,ablation_l01_s2_swapall_rst_3d_dual3_str4_p2p_r2_gate_trace-573d7a_b64_k8_isolated,isolated,ours,12,2,place_ms,2.34752,recorder
20260909-114553_perlmutter_8b85bc5a,ablation_l01_s2_swapall_rst_3d_dual3_str4_p2p_r2_gate_trace-573d7a_b64_k8_isolated,isolated,ours,12,3,place_ms,2.360736,recorder
20260909-114553_perlmutter_8b85bc5a,ablation_l01_s2_swapall_rst_3d_dual3_str4_p2p_r2_gate_trace-573d7a_b64_k8_isolated,isolated,ours,12,4,place_ms,2.350592,recorder
20260909-114553_perlmutter_8b85bc5a,ablation_l01_s2_swapall_rst_3d_dual3_str4_p2p_r2_gate_trace-573d7a_b64_k8_isolated,isolated,ours,12,5,place_ms,2.331744,recorder
20260909-114553_perlmutter_8b85bc5a,ablation_l01_s2_swapall_rst_3d_dual3_str4_p2p_r2_gate_trace-573d7a_b64_k8_isolated,isolated,ours,12,0,plan_ms,2.622976,recorder
20260909-114553_perlmutter_8b85bc5a,ablation_l01_s2_swapall_rst_3d_dual3_str4_p2p_r2_gate_trace-573d7a_b64_k8_isolated,isolated,ours,12,1,plan_ms,2.92544,recorder
20260909-114553_perlmutter_8b85bc5a,ablation_l01_s2_swapall_rst_3d_dual3_str4_p2p_r2_gate_trace-573d7a_b64_k8_isolated,isolated,ours,12,2,plan_ms,2.386848,recorder
20260909-114553_perlmutter_8b85bc5a,ablation_l01_s2_swapall_rst_3d_dual3_str4_p2p_r2_gate_trace-573d7a_b64_k8_isolated,isolated,ours,12,3,plan_ms,2.658112,recorder
20260909-114553_perlmutter_8b85bc5a,ablation_l01_s2_swapall_rst_3d_dual3_str4_p2p_r2_gate_trace-573d7a_b64_k8_isolated,isolated,ours,12,4,plan_ms,3.176448,recorder
20260909-114553_perlmutter_8b85bc5a,ablation_l01_s2_swapall_rst_3d_dual3_str4_p2p_r2_gate_trace-573d7a_b64_k8_isolated,isolated,ours,12,5,plan_ms,2.545696,recorder
20260909-114553_perlmutter_8b85bc5a,ablation_l01_s2_swapall_rst_3d_dual3_str4_p2p_r2_gate_trace-573d7a_b64_k8_isolated,isolated,ours,12,0,total_ms,59.25555,recorder
20260909-114553_perlmutter_8b85bc5a,ablation_l01_s2_swapall_rst_3d_dual3_str4_p2p_r2_gate_trace-573d7a_b64_k8_isolated,isolated,ours,12,1,total_ms,59.304642,recorder
20260909-114553_perlmutter_8b85bc5a,ablation_l01_s2_swapall_rst_3d_dual3_str4_p2p_r2_gate_trace-573d7a_b64_k8_isolated,isolated,ours,12,2,total_ms,58.656544,recorder
20260909-114553_perlmutter_8b85bc5a,ablation_l01_s2_swapall_rst_3d_dual3_str4_p2p_r2_gate_trace-573d7a_b64_k8_isolated,isolated,ours,12,3,total_ms,59.069023,recorder
20260909-114553_perlmutter_8b85bc5a,ablation_l01_s2_swapall_rst_3d_dual3_str4_p2p_r2_gate_trace-573d7a_b64_k8_isolated,isolated,ours,12,4,total_ms,62.470943,recorder
20260909-114553_perlmutter_8b85bc5a,ablation_l01_s2_swapall_rst_3d_dual3_str4_p2p_r2_gate_trace-573d7a_b64_k8_isolated,isolated,ours,12,5,total_ms,58.820545,recorder
20260909-114553_perlmutter_8b85bc5a,ablation_l01_s2_swapall_rst_3d_dual3_str4_p2p_r2_gate_trace-573d7a_b64_k8_isolated,isolated,ours,12,0,iso_sync_ms,447.022753,recorder
20260909-114553_perlmutter_8b85bc5a,ablation_l01_s2_swapall_rst_3d_dual3_str4_p2p_r2_gate_trace-573d7a_b64_k8_isolated,isolated,ours,12,1,iso_sync_ms,407.71791,recorder
20260909-114553_perlmutter_8b85bc5a,ablation_l01_s2_swapall_rst_3d_dual3_str4_p2p_r2_gate_trace-573d7a_b64_k8_isolated,isolated,ours,12,2,iso_sync_ms,432.639982,recorder
20260909-114553_perlmutter_8b85bc5a,ablation_l01_s2_swapall_rst_3d_dual3_str4_p2p_r2_gate_trace-573d7a_b64_k8_isolated,isolated,ours,12,3,iso_sync_ms,431.038653,recorder
20260909-114553_perlmutter_8b85bc5a,ablation_l01_s2_swapall_rst_3d_dual3_str4_p2p_r2_gate_trace-573d7a_b64_k8_isolated,isolated,ours,12,4,iso_sync_ms,420.724851,recorder
20260909-114553_perlmutter_8b85bc5a,ablation_l01_s2_swapall_rst_3d_dual3_str4_p2p_r2_gate_trace-573d7a_b64_k8_isolated,isolated,ours,12,5,iso_sync_ms,390.478161,recorder
20260909-114553_perlmutter_8b85bc5a,ablation_l01_s2_swapall_rst_3d_dual3_str4_p2p_r2_gate_trace-573d7a_b64_k8_isolated,isolated,ours,13,0,e2e_ms,53.890175,recorder
20260909-114553_perlmutter_8b85bc5a,ablation_l01_s2_swapall_rst_3d_dual3_str4_p2p_r2_gate_trace-573d7a_b64_k8_isolated,isolated,ours,13,1,e2e_ms,53.814751,recorder
20260909-114553_perlmutter_8b85bc5a,ablation_l01_s2_swapall_rst_3d_dual3_str4_p2p_r2_gate_trace-573d7a_b64_k8_isolated,isolated,ours,13,2,e2e_ms,53.67395,recorder
20260909-114553_perlmutter_8b85bc5a,ablation_l01_s2_swapall_rst_3d_dual3_str4_p2p_r2_gate_trace-573d7a_b64_k8_isolated,isolated,ours,13,3,e2e_ms,53.581055,recorder
20260909-114553_perlmutter_8b85bc5a,ablation_l01_s2_swapall_rst_3d_dual3_str4_p2p_r2_gate_trace-573d7a_b64_k8_isolated,isolated,ours,13,4,e2e_ms,56.436417,recorder
20260909-114553_perlmutter_8b85bc5a,ablation_l01_s2_swapall_rst_3d_dual3_str4_p2p_r2_gate_trace-573d7a_b64_k8_isolated,isolated,ours,13,5,e2e_ms,53.630848,recorder
20260909-114553_perlmutter_8b85bc5a,ablation_l01_s2_swapall_rst_3d_dual3_str4_p2p_r2_gate_trace-573d7a_b64_k8_isolated,isolated,ours,13,0,l0_ms,24.055679,recorder
20260909-114553_perlmutter_8b85bc5a,ablation_l01_s2_swapall_rst_3d_dual3_str4_p2p_r2_gate_trace-573d7a_b64_k8_isolated,isolated,ours,13,1,l0_ms,23.182337,recorder
20260909-114553_perlmutter_8b85bc5a,ablation_l01_s2_swapall_rst_3d_dual3_str4_p2p_r2_gate_trace-573d7a_b64_k8_isolated,isolated,ours,13,2,l0_ms,23.582592,recorder
20260909-114553_perlmutter_8b85bc5a,ablation_l01_s2_swapall_rst_3d_dual3_str4_p2p_r2_gate_trace-573d7a_b64_k8_isolated,isolated,ours,13,3,l0_ms,23.006464,recorder
20260909-114553_perlmutter_8b85bc5a,ablation_l01_s2_swapall_rst_3d_dual3_str4_p2p_r2_gate_trace-573d7a_b64_k8_isolated,isolated,ours,13,4,l0_ms,24.786848,recorder
20260909-114553_perlmutter_8b85bc5a,ablation_l01_s2_swapall_rst_3d_dual3_str4_p2p_r2_gate_trace-573d7a_b64_k8_isolated,isolated,ours,13,5,l0_ms,23.136383,recorder
20260909-114553_perlmutter_8b85bc5a,ablation_l01_s2_swapall_rst_3d_dual3_str4_p2p_r2_gate_trace-573d7a_b64_k8_isolated,isolated,ours,13,0,act_ms,0.213856,recorder
20260909-114553_perlmutter_8b85bc5a,ablation_l01_s2_swapall_rst_3d_dual3_str4_p2p_r2_gate_trace-573d7a_b64_k8_isolated,isolated,ours,13,1,act_ms,0.216736,recorder
20260909-114553_perlmutter_8b85bc5a,ablation_l01_s2_swapall_rst_3d_dual3_str4_p2p_r2_gate_trace-573d7a_b64_k8_isolated,isolated,ours,13,2,act_ms,0.213088,recorder
20260909-114553_perlmutter_8b85bc5a,ablation_l01_s2_swapall_rst_3d_dual3_str4_p2p_r2_gate_trace-573d7a_b64_k8_isolated,isolated,ours,13,3,act_ms,0.21648,recorder
20260909-114553_perlmutter_8b85bc5a,ablation_l01_s2_swapall_rst_3d_dual3_str4_p2p_r2_gate_trace-573d7a_b64_k8_isolated,isolated,ours,13,4,act_ms,0.213792,recorder
20260909-114553_perlmutter_8b85bc5a,ablation_l01_s2_swapall_rst_3d_dual3_str4_p2p_r2_gate_trace-573d7a_b64_k8_isolated,isolated,ours,13,5,act_ms,0.215136,recorder
20260909-114553_perlmutter_8b85bc5a,ablation_l01_s2_swapall_rst_3d_dual3_str4_p2p_r2_gate_trace-573d7a_b64_k8_isolated,isolated,ours,13,0,l1_ms,29.62064,recorder
20260909-114553_perlmutter_8b85bc5a,ablation_l01_s2_swapall_rst_3d_dual3_str4_p2p_r2_gate_trace-573d7a_b64_k8_isolated,isolated,ours,13,1,l1_ms,30.41568,recorder
20260909-114553_perlmutter_8b85bc5a,ablation_l01_s2_swapall_rst_3d_dual3_str4_p2p_r2_gate_trace-573d7a_b64_k8_isolated,isolated,ours,13,2,l1_ms,29.878271,recorder
20260909-114553_perlmutter_8b85bc5a,ablation_l01_s2_swapall_rst_3d_dual3_str4_p2p_r2_gate_trace-573d7a_b64_k8_isolated,isolated,ours,13,3,l1_ms,30.358112,recorder
20260909-114553_perlmutter_8b85bc5a,ablation_l01_s2_swapall_rst_3d_dual3_str4_p2p_r2_gate_trace-573d7a_b64_k8_isolated,isolated,ours,13,4,l1_ms,31.435776,recorder
20260909-114553_perlmutter_8b85bc5a,ablation_l01_s2_swapall_rst_3d_dual3_str4_p2p_r2_gate_trace-573d7a_b64_k8_isolated,isolated,ours,13,5,l1_ms,30.279327,recorder
20260909-114553_perlmutter_8b85bc5a,ablation_l01_s2_swapall_rst_3d_dual3_str4_p2p_r2_gate_trace-573d7a_b64_k8_isolated,isolated,ours,13,0,plan_comm_ms,0.243808,recorder
20260909-114553_perlmutter_8b85bc5a,ablation_l01_s2_swapall_rst_3d_dual3_str4_p2p_r2_gate_trace-573d7a_b64_k8_isolated,isolated,ours,13,1,plan_comm_ms,0.17696,recorder
20260909-114553_perlmutter_8b85bc5a,ablation_l01_s2_swapall_rst_3d_dual3_str4_p2p_r2_gate_trace-573d7a_b64_k8_isolated,isolated,ours,13,2,plan_comm_ms,0.21728,recorder
20260909-114553_perlmutter_8b85bc5a,ablation_l01_s2_swapall_rst_3d_dual3_str4_p2p_r2_gate_trace-573d7a_b64_k8_isolated,isolated,ours,13,3,plan_comm_ms,0.442976,recorder
20260909-114553_perlmutter_8b85bc5a,ablation_l01_s2_swapall_rst_3d_dual3_str4_p2p_r2_gate_trace-573d7a_b64_k8_isolated,isolated,ours,13,4,plan_comm_ms,0.494112,recorder
20260909-114553_perlmutter_8b85bc5a,ablation_l01_s2_swapall_rst_3d_dual3_str4_p2p_r2_gate_trace-573d7a_b64_k8_isolated,isolated,ours,13,5,plan_comm_ms,0.31936,recorder
20260909-114553_perlmutter_8b85bc5a,ablation_l01_s2_swapall_rst_3d_dual3_str4_p2p_r2_gate_trace-573d7a_b64_k8_isolated,isolated,ours,13,0,place_ms,2.602304,recorder
20260909-114553_perlmutter_8b85bc5a,ablation_l01_s2_swapall_rst_3d_dual3_str4_p2p_r2_gate_trace-573d7a_b64_k8_isolated,isolated,ours,13,1,place_ms,2.390624,recorder
20260909-114553_perlmutter_8b85bc5a,ablation_l01_s2_swapall_rst_3d_dual3_str4_p2p_r2_gate_trace-573d7a_b64_k8_isolated,isolated,ours,13,2,place_ms,2.419648,recorder
20260909-114553_perlmutter_8b85bc5a,ablation_l01_s2_swapall_rst_3d_dual3_str4_p2p_r2_gate_trace-573d7a_b64_k8_isolated,isolated,ours,13,3,place_ms,2.445568,recorder
20260909-114553_perlmutter_8b85bc5a,ablation_l01_s2_swapall_rst_3d_dual3_str4_p2p_r2_gate_trace-573d7a_b64_k8_isolated,isolated,ours,13,4,place_ms,2.397536,recorder
20260909-114553_perlmutter_8b85bc5a,ablation_l01_s2_swapall_rst_3d_dual3_str4_p2p_r2_gate_trace-573d7a_b64_k8_isolated,isolated,ours,13,5,place_ms,2.361824,recorder
20260909-114553_perlmutter_8b85bc5a,ablation_l01_s2_swapall_rst_3d_dual3_str4_p2p_r2_gate_trace-573d7a_b64_k8_isolated,isolated,ours,13,0,plan_ms,2.412992,recorder
20260909-114553_perlmutter_8b85bc5a,ablation_l01_s2_swapall_rst_3d_dual3_str4_p2p_r2_gate_trace-573d7a_b64_k8_isolated,isolated,ours,13,1,plan_ms,2.8824,recorder
20260909-114553_perlmutter_8b85bc5a,ablation_l01_s2_swapall_rst_3d_dual3_str4_p2p_r2_gate_trace-573d7a_b64_k8_isolated,isolated,ours,13,2,plan_ms,2.300896,recorder
20260909-114553_perlmutter_8b85bc5a,ablation_l01_s2_swapall_rst_3d_dual3_str4_p2p_r2_gate_trace-573d7a_b64_k8_isolated,isolated,ours,13,3,plan_ms,2.572032,recorder
20260909-114553_perlmutter_8b85bc5a,ablation_l01_s2_swapall_rst_3d_dual3_str4_p2p_r2_gate_trace-573d7a_b64_k8_isolated,isolated,ours,13,4,plan_ms,3.117312,recorder
20260909-114553_perlmutter_8b85bc5a,ablation_l01_s2_swapall_rst_3d_dual3_str4_p2p_r2_gate_trace-573d7a_b64_k8_isolated,isolated,ours,13,5,plan_ms,2.478112,recorder
20260909-114553_perlmutter_8b85bc5a,ablation_l01_s2_swapall_rst_3d_dual3_str4_p2p_r2_gate_trace-573d7a_b64_k8_isolated,isolated,ours,13,0,total_ms,59.151871,recorder
20260909-114553_perlmutter_8b85bc5a,ablation_l01_s2_swapall_rst_3d_dual3_str4_p2p_r2_gate_trace-573d7a_b64_k8_isolated,isolated,ours,13,1,total_ms,59.267296,recorder
20260909-114553_perlmutter_8b85bc5a,ablation_l01_s2_swapall_rst_3d_dual3_str4_p2p_r2_gate_trace-573d7a_b64_k8_isolated,isolated,ours,13,2,total_ms,58.614334,recorder
20260909-114553_perlmutter_8b85bc5a,ablation_l01_s2_swapall_rst_3d_dual3_str4_p2p_r2_gate_trace-573d7a_b64_k8_isolated,isolated,ours,13,3,total_ms,59.044193,recorder
20260909-114553_perlmutter_8b85bc5a,ablation_l01_s2_swapall_rst_3d_dual3_str4_p2p_r2_gate_trace-573d7a_b64_k8_isolated,isolated,ours,13,4,total_ms,62.447937,recorder
20260909-114553_perlmutter_8b85bc5a,ablation_l01_s2_swapall_rst_3d_dual3_str4_p2p_r2_gate_trace-573d7a_b64_k8_isolated,isolated,ours,13,5,total_ms,58.792736,recorder
20260909-114553_perlmutter_8b85bc5a,ablation_l01_s2_swapall_rst_3d_dual3_str4_p2p_r2_gate_trace-573d7a_b64_k8_isolated,isolated,ours,13,0,iso_sync_ms,1354.519525,recorder
20260909-114553_perlmutter_8b85bc5a,ablation_l01_s2_swapall_rst_3d_dual3_str4_p2p_r2_gate_trace-573d7a_b64_k8_isolated,isolated,ours,13,1,iso_sync_ms,1334.085084,recorder
20260909-114553_perlmutter_8b85bc5a,ablation_l01_s2_swapall_rst_3d_dual3_str4_p2p_r2_gate_trace-573d7a_b64_k8_isolated,isolated,ours,13,2,iso_sync_ms,1331.773588,recorder
20260909-114553_perlmutter_8b85bc5a,ablation_l01_s2_swapall_rst_3d_dual3_str4_p2p_r2_gate_trace-573d7a_b64_k8_isolated,isolated,ours,13,3,iso_sync_ms,1333.592378,recorder
20260909-114553_perlmutter_8b85bc5a,ablation_l01_s2_swapall_rst_3d_dual3_str4_p2p_r2_gate_trace-573d7a_b64_k8_isolated,isolated,ours,13,4,iso_sync_ms,1333.988507,recorder
20260909-114553_perlmutter_8b85bc5a,ablation_l01_s2_swapall_rst_3d_dual3_str4_p2p_r2_gate_trace-573d7a_b64_k8_isolated,isolated,ours,13,5,iso_sync_ms,1329.097572,recorder
20260909-114553_perlmutter_8b85bc5a,ablation_l01_s2_swapall_rst_3d_dual3_str4_p2p_r2_gate_trace-573d7a_b64_k8_isolated,isolated,ours,14,0,e2e_ms,54.018848,recorder
20260909-114553_perlmutter_8b85bc5a,ablation_l01_s2_swapall_rst_3d_dual3_str4_p2p_r2_gate_trace-573d7a_b64_k8_isolated,isolated,ours,14,1,e2e_ms,53.841953,recorder
20260909-114553_perlmutter_8b85bc5a,ablation_l01_s2_swapall_rst_3d_dual3_str4_p2p_r2_gate_trace-573d7a_b64_k8_isolated,isolated,ours,14,2,e2e_ms,53.69949,recorder
20260909-114553_perlmutter_8b85bc5a,ablation_l01_s2_swapall_rst_3d_dual3_str4_p2p_r2_gate_trace-573d7a_b64_k8_isolated,isolated,ours,14,3,e2e_ms,53.611809,recorder
20260909-114553_perlmutter_8b85bc5a,ablation_l01_s2_swapall_rst_3d_dual3_str4_p2p_r2_gate_trace-573d7a_b64_k8_isolated,isolated,ours,14,4,e2e_ms,56.442818,recorder
20260909-114553_perlmutter_8b85bc5a,ablation_l01_s2_swapall_rst_3d_dual3_str4_p2p_r2_gate_trace-573d7a_b64_k8_isolated,isolated,ours,14,5,e2e_ms,53.654305,recorder
20260909-114553_perlmutter_8b85bc5a,ablation_l01_s2_swapall_rst_3d_dual3_str4_p2p_r2_gate_trace-573d7a_b64_k8_isolated,isolated,ours,14,0,l0_ms,24.179392,recorder
20260909-114553_perlmutter_8b85bc5a,ablation_l01_s2_swapall_rst_3d_dual3_str4_p2p_r2_gate_trace-573d7a_b64_k8_isolated,isolated,ours,14,1,l0_ms,23.208288,recorder
20260909-114553_perlmutter_8b85bc5a,ablation_l01_s2_swapall_rst_3d_dual3_str4_p2p_r2_gate_trace-573d7a_b64_k8_isolated,isolated,ours,14,2,l0_ms,23.604288,recorder
20260909-114553_perlmutter_8b85bc5a,ablation_l01_s2_swapall_rst_3d_dual3_str4_p2p_r2_gate_trace-573d7a_b64_k8_isolated,isolated,ours,14,3,l0_ms,23.0312,recorder
20260909-114553_perlmutter_8b85bc5a,ablation_l01_s2_swapall_rst_3d_dual3_str4_p2p_r2_gate_trace-573d7a_b64_k8_isolated,isolated,ours,14,4,l0_ms,24.787201,recorder
20260909-114553_perlmutter_8b85bc5a,ablation_l01_s2_swapall_rst_3d_dual3_str4_p2p_r2_gate_trace-573d7a_b64_k8_isolated,isolated,ours,14,5,l0_ms,23.153601,recorder
20260909-114553_perlmutter_8b85bc5a,ablation_l01_s2_swapall_rst_3d_dual3_str4_p2p_r2_gate_trace-573d7a_b64_k8_isolated,isolated,ours,14,0,act_ms,0.212928,recorder
20260909-114553_perlmutter_8b85bc5a,ablation_l01_s2_swapall_rst_3d_dual3_str4_p2p_r2_gate_trace-573d7a_b64_k8_isolated,isolated,ours,14,1,act_ms,0.21792,recorder
20260909-114553_perlmutter_8b85bc5a,ablation_l01_s2_swapall_rst_3d_dual3_str4_p2p_r2_gate_trace-573d7a_b64_k8_isolated,isolated,ours,14,2,act_ms,0.212288,recorder
20260909-114553_perlmutter_8b85bc5a,ablation_l01_s2_swapall_rst_3d_dual3_str4_p2p_r2_gate_trace-573d7a_b64_k8_isolated,isolated,ours,14,3,act_ms,0.217248,recorder
20260909-114553_perlmutter_8b85bc5a,ablation_l01_s2_swapall_rst_3d_dual3_str4_p2p_r2_gate_trace-573d7a_b64_k8_isolated,isolated,ours,14,4,act_ms,0.217856,recorder
20260909-114553_perlmutter_8b85bc5a,ablation_l01_s2_swapall_rst_3d_dual3_str4_p2p_r2_gate_trace-573d7a_b64_k8_isolated,isolated,ours,14,5,act_ms,0.213376,recorder
20260909-114553_perlmutter_8b85bc5a,ablation_l01_s2_swapall_rst_3d_dual3_str4_p2p_r2_gate_trace-573d7a_b64_k8_isolated,isolated,ours,14,0,l1_ms,29.626528,recorder
20260909-114553_perlmutter_8b85bc5a,ablation_l01_s2_swapall_rst_3d_dual3_str4_p2p_r2_gate_trace-573d7a_b64_k8_isolated,isolated,ours,14,1,l1_ms,30.415745,recorder
20260909-114553_perlmutter_8b85bc5a,ablation_l01_s2_swapall_rst_3d_dual3_str4_p2p_r2_gate_trace-573d7a_b64_k8_isolated,isolated,ours,14,2,l1_ms,29.882912,recorder
20260909-114553_perlmutter_8b85bc5a,ablation_l01_s2_swapall_rst_3d_dual3_str4_p2p_r2_gate_trace-573d7a_b64_k8_isolated,isolated,ours,14,3,l1_ms,30.363359,recorder
20260909-114553_perlmutter_8b85bc5a,ablation_l01_s2_swapall_rst_3d_dual3_str4_p2p_r2_gate_trace-573d7a_b64_k8_isolated,isolated,ours,14,4,l1_ms,31.437759,recorder
20260909-114553_perlmutter_8b85bc5a,ablation_l01_s2_swapall_rst_3d_dual3_str4_p2p_r2_gate_trace-573d7a_b64_k8_isolated,isolated,ours,14,5,l1_ms,30.287329,recorder
20260909-114553_perlmutter_8b85bc5a,ablation_l01_s2_swapall_rst_3d_dual3_str4_p2p_r2_gate_trace-573d7a_b64_k8_isolated,isolated,ours,14,0,plan_comm_ms,0.324384,recorder
20260909-114553_perlmutter_8b85bc5a,ablation_l01_s2_swapall_rst_3d_dual3_str4_p2p_r2_gate_trace-573d7a_b64_k8_isolated,isolated,ours,14,1,plan_comm_ms,0.224,recorder
20260909-114553_perlmutter_8b85bc5a,ablation_l01_s2_swapall_rst_3d_dual3_str4_p2p_r2_gate_trace-573d7a_b64_k8_isolated,isolated,ours,14,2,plan_comm_ms,0.263328,recorder
20260909-114553_perlmutter_8b85bc5a,ablation_l01_s2_swapall_rst_3d_dual3_str4_p2p_r2_gate_trace-573d7a_b64_k8_isolated,isolated,ours,14,3,plan_comm_ms,0.47248,recorder
20260909-114553_perlmutter_8b85bc5a,ablation_l01_s2_swapall_rst_3d_dual3_str4_p2p_r2_gate_trace-573d7a_b64_k8_isolated,isolated,ours,14,4,plan_comm_ms,0.53296,recorder
20260909-114553_perlmutter_8b85bc5a,ablation_l01_s2_swapall_rst_3d_dual3_str4_p2p_r2_gate_trace-573d7a_b64_k8_isolated,isolated,ours,14,5,plan_comm_ms,0.327872,recorder
20260909-114553_perlmutter_8b85bc5a,ablation_l01_s2_swapall_rst_3d_dual3_str4_p2p_r2_gate_trace-573d7a_b64_k8_isolated,isolated,ours,14,0,place_ms,2.363968,recorder
20260909-114553_perlmutter_8b85bc5a,ablation_l01_s2_swapall_rst_3d_dual3_str4_p2p_r2_gate_trace-573d7a_b64_k8_isolated,isolated,ours,14,1,place_ms,2.332544,recorder
20260909-114553_perlmutter_8b85bc5a,ablation_l01_s2_swapall_rst_3d_dual3_str4_p2p_r2_gate_trace-573d7a_b64_k8_isolated,isolated,ours,14,2,place_ms,2.336288,recorder
20260909-114553_perlmutter_8b85bc5a,ablation_l01_s2_swapall_rst_3d_dual3_str4_p2p_r2_gate_trace-573d7a_b64_k8_isolated,isolated,ours,14,3,place_ms,2.352128,recorder
20260909-114553_perlmutter_8b85bc5a,ablation_l01_s2_swapall_rst_3d_dual3_str4_p2p_r2_gate_trace-573d7a_b64_k8_isolated,isolated,ours,14,4,place_ms,2.35856,recorder
20260909-114553_perlmutter_8b85bc5a,ablation_l01_s2_swapall_rst_3d_dual3_str4_p2p_r2_gate_trace-573d7a_b64_k8_isolated,isolated,ours,14,5,place_ms,2.327872,recorder
20260909-114553_perlmutter_8b85bc5a,ablation_l01_s2_swapall_rst_3d_dual3_str4_p2p_r2_gate_trace-573d7a_b64_k8_isolated,isolated,ours,14,0,plan_ms,2.550944,recorder
20260909-114553_perlmutter_8b85bc5a,ablation_l01_s2_swapall_rst_3d_dual3_str4_p2p_r2_gate_trace-573d7a_b64_k8_isolated,isolated,ours,14,1,plan_ms,2.920608,recorder
20260909-114553_perlmutter_8b85bc5a,ablation_l01_s2_swapall_rst_3d_dual3_str4_p2p_r2_gate_trace-573d7a_b64_k8_isolated,isolated,ours,14,2,plan_ms,2.367872,recorder
20260909-114553_perlmutter_8b85bc5a,ablation_l01_s2_swapall_rst_3d_dual3_str4_p2p_r2_gate_trace-573d7a_b64_k8_isolated,isolated,ours,14,3,plan_ms,2.6432,recorder
20260909-114553_perlmutter_8b85bc5a,ablation_l01_s2_swapall_rst_3d_dual3_str4_p2p_r2_gate_trace-573d7a_b64_k8_isolated,isolated,ours,14,4,plan_ms,3.15728,recorder
20260909-114553_perlmutter_8b85bc5a,ablation_l01_s2_swapall_rst_3d_dual3_str4_p2p_r2_gate_trace-573d7a_b64_k8_isolated,isolated,ours,14,5,plan_ms,2.492736,recorder
20260909-114553_perlmutter_8b85bc5a,ablation_l01_s2_swapall_rst_3d_dual3_str4_p2p_r2_gate_trace-573d7a_b64_k8_isolated,isolated,ours,14,0,total_ms,59.260704,recorder
20260909-114553_perlmutter_8b85bc5a,ablation_l01_s2_swapall_rst_3d_dual3_str4_p2p_r2_gate_trace-573d7a_b64_k8_isolated,isolated,ours,14,1,total_ms,59.321663,recorder
20260909-114553_perlmutter_8b85bc5a,ablation_l01_s2_swapall_rst_3d_dual3_str4_p2p_r2_gate_trace-573d7a_b64_k8_isolated,isolated,ours,14,2,total_ms,58.669502,recorder
20260909-114553_perlmutter_8b85bc5a,ablation_l01_s2_swapall_rst_3d_dual3_str4_p2p_r2_gate_trace-573d7a_b64_k8_isolated,isolated,ours,14,3,total_ms,59.082146,recorder
20260909-114553_perlmutter_8b85bc5a,ablation_l01_s2_swapall_rst_3d_dual3_str4_p2p_r2_gate_trace-573d7a_b64_k8_isolated,isolated,ours,14,4,total_ms,62.494175,recorder
20260909-114553_perlmutter_8b85bc5a,ablation_l01_s2_swapall_rst_3d_dual3_str4_p2p_r2_gate_trace-573d7a_b64_k8_isolated,isolated,ours,14,5,total_ms,58.805344,recorder
20260909-114553_perlmutter_8b85bc5a,ablation_l01_s2_swapall_rst_3d_dual3_str4_p2p_r2_gate_trace-573d7a_b64_k8_isolated,isolated,ours,14,0,iso_sync_ms,0.440375,recorder
20260909-114553_perlmutter_8b85bc5a,ablation_l01_s2_swapall_rst_3d_dual3_str4_p2p_r2_gate_trace-573d7a_b64_k8_isolated,isolated,ours,14,1,iso_sync_ms,0.382383,recorder
20260909-114553_perlmutter_8b85bc5a,ablation_l01_s2_swapall_rst_3d_dual3_str4_p2p_r2_gate_trace-573d7a_b64_k8_isolated,isolated,ours,14,2,iso_sync_ms,0.266518,recorder
20260909-114553_perlmutter_8b85bc5a,ablation_l01_s2_swapall_rst_3d_dual3_str4_p2p_r2_gate_trace-573d7a_b64_k8_isolated,isolated,ours,14,3,iso_sync_ms,0.260626,recorder
20260909-114553_perlmutter_8b85bc5a,ablation_l01_s2_swapall_rst_3d_dual3_str4_p2p_r2_gate_trace-573d7a_b64_k8_isolated,isolated,ours,14,4,iso_sync_ms,0.232121,recorder
20260909-114553_perlmutter_8b85bc5a,ablation_l01_s2_swapall_rst_3d_dual3_str4_p2p_r2_gate_trace-573d7a_b64_k8_isolated,isolated,ours,14,5,iso_sync_ms,0.258131,recorder
20260909-114553_perlmutter_8b85bc5a,ablation_l01_s2_swapall_rst_3d_dual3_str4_p2p_r2_gate_trace-573d7a_b64_k8_isolated,isolated,ours,15,0,e2e_ms,54.016384,recorder
20260909-114553_perlmutter_8b85bc5a,ablation_l01_s2_swapall_rst_3d_dual3_str4_p2p_r2_gate_trace-573d7a_b64_k8_isolated,isolated,ours,15,1,e2e_ms,53.858433,recorder
20260909-114553_perlmutter_8b85bc5a,ablation_l01_s2_swapall_rst_3d_dual3_str4_p2p_r2_gate_trace-573d7a_b64_k8_isolated,isolated,ours,15,2,e2e_ms,53.700768,recorder
20260909-114553_perlmutter_8b85bc5a,ablation_l01_s2_swapall_rst_3d_dual3_str4_p2p_r2_gate_trace-573d7a_b64_k8_isolated,isolated,ours,15,3,e2e_ms,53.629345,recorder
20260909-114553_perlmutter_8b85bc5a,ablation_l01_s2_swapall_rst_3d_dual3_str4_p2p_r2_gate_trace-573d7a_b64_k8_isolated,isolated,ours,15,4,e2e_ms,56.436226,recorder
20260909-114553_perlmutter_8b85bc5a,ablation_l01_s2_swapall_rst_3d_dual3_str4_p2p_r2_gate_trace-573d7a_b64_k8_isolated,isolated,ours,15,5,e2e_ms,53.665314,recorder
20260909-114553_perlmutter_8b85bc5a,ablation_l01_s2_swapall_rst_3d_dual3_str4_p2p_r2_gate_trace-573d7a_b64_k8_isolated,isolated,ours,15,0,l0_ms,24.160831,recorder
20260909-114553_perlmutter_8b85bc5a,ablation_l01_s2_swapall_rst_3d_dual3_str4_p2p_r2_gate_trace-573d7a_b64_k8_isolated,isolated,ours,15,1,l0_ms,23.205631,recorder
20260909-114553_perlmutter_8b85bc5a,ablation_l01_s2_swapall_rst_3d_dual3_str4_p2p_r2_gate_trace-573d7a_b64_k8_isolated,isolated,ours,15,2,l0_ms,23.592928,recorder
20260909-114553_perlmutter_8b85bc5a,ablation_l01_s2_swapall_rst_3d_dual3_str4_p2p_r2_gate_trace-573d7a_b64_k8_isolated,isolated,ours,15,3,l0_ms,23.038912,recorder
20260909-114553_perlmutter_8b85bc5a,ablation_l01_s2_swapall_rst_3d_dual3_str4_p2p_r2_gate_trace-573d7a_b64_k8_isolated,isolated,ours,15,4,l0_ms,24.773792,recorder
20260909-114553_perlmutter_8b85bc5a,ablation_l01_s2_swapall_rst_3d_dual3_str4_p2p_r2_gate_trace-573d7a_b64_k8_isolated,isolated,ours,15,5,l0_ms,23.158049,recorder
20260909-114553_perlmutter_8b85bc5a,ablation_l01_s2_swapall_rst_3d_dual3_str4_p2p_r2_gate_trace-573d7a_b64_k8_isolated,isolated,ours,15,0,act_ms,0.240832,recorder
20260909-114553_perlmutter_8b85bc5a,ablation_l01_s2_swapall_rst_3d_dual3_str4_p2p_r2_gate_trace-573d7a_b64_k8_isolated,isolated,ours,15,1,act_ms,0.23936,recorder
20260909-114553_perlmutter_8b85bc5a,ablation_l01_s2_swapall_rst_3d_dual3_str4_p2p_r2_gate_trace-573d7a_b64_k8_isolated,isolated,ours,15,2,act_ms,0.24032,recorder
20260909-114553_perlmutter_8b85bc5a,ablation_l01_s2_swapall_rst_3d_dual3_str4_p2p_r2_gate_trace-573d7a_b64_k8_isolated,isolated,ours,15,3,act_ms,0.243072,recorder
20260909-114553_perlmutter_8b85bc5a,ablation_l01_s2_swapall_rst_3d_dual3_str4_p2p_r2_gate_trace-573d7a_b64_k8_isolated,isolated,ours,15,4,act_ms,0.240512,recorder
20260909-114553_perlmutter_8b85bc5a,ablation_l01_s2_swapall_rst_3d_dual3_str4_p2p_r2_gate_trace-573d7a_b64_k8_isolated,isolated,ours,15,5,act_ms,0.243072,recorder
20260909-114553_perlmutter_8b85bc5a,ablation_l01_s2_swapall_rst_3d_dual3_str4_p2p_r2_gate_trace-573d7a_b64_k8_isolated,isolated,ours,15,0,l1_ms,29.614719,recorder
20260909-114553_perlmutter_8b85bc5a,ablation_l01_s2_swapall_rst_3d_dual3_str4_p2p_r2_gate_trace-573d7a_b64_k8_isolated,isolated,ours,15,1,l1_ms,30.413441,recorder
20260909-114553_perlmutter_8b85bc5a,ablation_l01_s2_swapall_rst_3d_dual3_str4_p2p_r2_gate_trace-573d7a_b64_k8_isolated,isolated,ours,15,2,l1_ms,29.867519,recorder
20260909-114553_perlmutter_8b85bc5a,ablation_l01_s2_swapall_rst_3d_dual3_str4_p2p_r2_gate_trace-573d7a_b64_k8_isolated,isolated,ours,15,3,l1_ms,30.347361,recorder
20260909-114553_perlmutter_8b85bc5a,ablation_l01_s2_swapall_rst_3d_dual3_str4_p2p_r2_gate_trace-573d7a_b64_k8_isolated,isolated,ours,15,4,l1_ms,31.421921,recorder
20260909-114553_perlmutter_8b85bc5a,ablation_l01_s2_swapall_rst_3d_dual3_str4_p2p_r2_gate_trace-573d7a_b64_k8_isolated,isolated,ours,15,5,l1_ms,30.264193,recorder
20260909-114553_perlmutter_8b85bc5a,ablation_l01_s2_swapall_rst_3d_dual3_str4_p2p_r2_gate_trace-573d7a_b64_k8_isolated,isolated,ours,15,0,plan_comm_ms,0.339648,recorder
20260909-114553_perlmutter_8b85bc5a,ablation_l01_s2_swapall_rst_3d_dual3_str4_p2p_r2_gate_trace-573d7a_b64_k8_isolated,isolated,ours,15,1,plan_comm_ms,0.215392,recorder
20260909-114553_perlmutter_8b85bc5a,ablation_l01_s2_swapall_rst_3d_dual3_str4_p2p_r2_gate_trace-573d7a_b64_k8_isolated,isolated,ours,15,2,plan_comm_ms,0.261312,recorder
20260909-114553_perlmutter_8b85bc5a,ablation_l01_s2_swapall_rst_3d_dual3_str4_p2p_r2_gate_trace-573d7a_b64_k8_isolated,isolated,ours,15,3,plan_comm_ms,0.4744,recorder
20260909-114553_perlmutter_8b85bc5a,ablation_l01_s2_swapall_rst_3d_dual3_str4_p2p_r2_gate_trace-573d7a_b64_k8_isolated,isolated,ours,15,4,plan_comm_ms,0.527008,recorder
20260909-114553_perlmutter_8b85bc5a,ablation_l01_s2_swapall_rst_3d_dual3_str4_p2p_r2_gate_trace-573d7a_b64_k8_isolated,isolated,ours,15,5,plan_comm_ms,0.35376,recorder
20260909-114553_perlmutter_8b85bc5a,ablation_l01_s2_swapall_rst_3d_dual3_str4_p2p_r2_gate_trace-573d7a_b64_k8_isolated,isolated,ours,15,0,place_ms,2.335936,recorder
20260909-114553_perlmutter_8b85bc5a,ablation_l01_s2_swapall_rst_3d_dual3_str4_p2p_r2_gate_trace-573d7a_b64_k8_isolated,isolated,ours,15,1,place_ms,2.351808,recorder
20260909-114553_perlmutter_8b85bc5a,ablation_l01_s2_swapall_rst_3d_dual3_str4_p2p_r2_gate_trace-573d7a_b64_k8_isolated,isolated,ours,15,2,place_ms,2.356544,recorder
20260909-114553_perlmutter_8b85bc5a,ablation_l01_s2_swapall_rst_3d_dual3_str4_p2p_r2_gate_trace-573d7a_b64_k8_isolated,isolated,ours,15,3,place_ms,2.35568,recorder
20260909-114553_perlmutter_8b85bc5a,ablation_l01_s2_swapall_rst_3d_dual3_str4_p2p_r2_gate_trace-573d7a_b64_k8_isolated,isolated,ours,15,4,place_ms,2.379296,recorder
20260909-114553_perlmutter_8b85bc5a,ablation_l01_s2_swapall_rst_3d_dual3_str4_p2p_r2_gate_trace-573d7a_b64_k8_isolated,isolated,ours,15,5,place_ms,2.336032,recorder
20260909-114553_perlmutter_8b85bc5a,ablation_l01_s2_swapall_rst_3d_dual3_str4_p2p_r2_gate_trace-573d7a_b64_k8_isolated,isolated,ours,15,0,plan_ms,2.598688,recorder
20260909-114553_perlmutter_8b85bc5a,ablation_l01_s2_swapall_rst_3d_dual3_str4_p2p_r2_gate_trace-573d7a_b64_k8_isolated,isolated,ours,15,1,plan_ms,2.90592,recorder
20260909-114553_perlmutter_8b85bc5a,ablation_l01_s2_swapall_rst_3d_dual3_str4_p2p_r2_gate_trace-573d7a_b64_k8_isolated,isolated,ours,15,2,plan_ms,2.36256,recorder
20260909-114553_perlmutter_8b85bc5a,ablation_l01_s2_swapall_rst_3d_dual3_str4_p2p_r2_gate_trace-573d7a_b64_k8_isolated,isolated,ours,15,3,plan_ms,2.642336,recorder
20260909-114553_perlmutter_8b85bc5a,ablation_l01_s2_swapall_rst_3d_dual3_str4_p2p_r2_gate_trace-573d7a_b64_k8_isolated,isolated,ours,15,4,plan_ms,3.160416,recorder
20260909-114553_perlmutter_8b85bc5a,ablation_l01_s2_swapall_rst_3d_dual3_str4_p2p_r2_gate_trace-573d7a_b64_k8_isolated,isolated,ours,15,5,plan_ms,2.491968,recorder
20260909-114553_perlmutter_8b85bc5a,ablation_l01_s2_swapall_rst_3d_dual3_str4_p2p_r2_gate_trace-573d7a_b64_k8_isolated,isolated,ours,15,0,total_ms,59.293121,recorder
20260909-114553_perlmutter_8b85bc5a,ablation_l01_s2_swapall_rst_3d_dual3_str4_p2p_r2_gate_trace-573d7a_b64_k8_isolated,isolated,ours,15,1,total_ms,59.334015,recorder
20260909-114553_perlmutter_8b85bc5a,ablation_l01_s2_swapall_rst_3d_dual3_str4_p2p_r2_gate_trace-573d7a_b64_k8_isolated,isolated,ours,15,2,total_ms,58.683647,recorder
20260909-114553_perlmutter_8b85bc5a,ablation_l01_s2_swapall_rst_3d_dual3_str4_p2p_r2_gate_trace-573d7a_b64_k8_isolated,isolated,ours,15,3,total_ms,59.104321,recorder
20260909-114553_perlmutter_8b85bc5a,ablation_l01_s2_swapall_rst_3d_dual3_str4_p2p_r2_gate_trace-573d7a_b64_k8_isolated,isolated,ours,15,4,total_ms,62.5056,recorder
20260909-114553_perlmutter_8b85bc5a,ablation_l01_s2_swapall_rst_3d_dual3_str4_p2p_r2_gate_trace-573d7a_b64_k8_isolated,isolated,ours,15,5,total_ms,58.849567,recorder
20260909-114553_perlmutter_8b85bc5a,ablation_l01_s2_swapall_rst_3d_dual3_str4_p2p_r2_gate_trace-573d7a_b64_k8_isolated,isolated,ours,15,0,iso_sync_ms,8.663339,recorder
20260909-114553_perlmutter_8b85bc5a,ablation_l01_s2_swapall_rst_3d_dual3_str4_p2p_r2_gate_trace-573d7a_b64_k8_isolated,isolated,ours,15,1,iso_sync_ms,8.616798,recorder
20260909-114553_perlmutter_8b85bc5a,ablation_l01_s2_swapall_rst_3d_dual3_str4_p2p_r2_gate_trace-573d7a_b64_k8_isolated,isolated,ours,15,2,iso_sync_ms,8.472999,recorder
20260909-114553_perlmutter_8b85bc5a,ablation_l01_s2_swapall_rst_3d_dual3_str4_p2p_r2_gate_trace-573d7a_b64_k8_isolated,isolated,ours,15,3,iso_sync_ms,8.473139,recorder
20260909-114553_perlmutter_8b85bc5a,ablation_l01_s2_swapall_rst_3d_dual3_str4_p2p_r2_gate_trace-573d7a_b64_k8_isolated,isolated,ours,15,4,iso_sync_ms,9.816737,recorder
20260909-114553_perlmutter_8b85bc5a,ablation_l01_s2_swapall_rst_3d_dual3_str4_p2p_r2_gate_trace-573d7a_b64_k8_isolated,isolated,ours,15,5,iso_sync_ms,6.190788,recorder
20260909-114553_perlmutter_8b85bc5a,ablation_l01_s2_swapall_rst_3d_dual3_p2p_r2_gate_trace-573d7a_b64_k8_isolated,isolated,ours,0,0,e2e_ms,57.093983,recorder
20260909-114553_perlmutter_8b85bc5a,ablation_l01_s2_swapall_rst_3d_dual3_p2p_r2_gate_trace-573d7a_b64_k8_isolated,isolated,ours,0,1,e2e_ms,56.62381,recorder
20260909-114553_perlmutter_8b85bc5a,ablation_l01_s2_swapall_rst_3d_dual3_p2p_r2_gate_trace-573d7a_b64_k8_isolated,isolated,ours,0,2,e2e_ms,58.074242,recorder
20260909-114553_perlmutter_8b85bc5a,ablation_l01_s2_swapall_rst_3d_dual3_p2p_r2_gate_trace-573d7a_b64_k8_isolated,isolated,ours,0,3,e2e_ms,56.166782,recorder
20260909-114553_perlmutter_8b85bc5a,ablation_l01_s2_swapall_rst_3d_dual3_p2p_r2_gate_trace-573d7a_b64_k8_isolated,isolated,ours,0,4,e2e_ms,58.991615,recorder
20260909-114553_perlmutter_8b85bc5a,ablation_l01_s2_swapall_rst_3d_dual3_p2p_r2_gate_trace-573d7a_b64_k8_isolated,isolated,ours,0,5,e2e_ms,56.374817,recorder
20260909-114553_perlmutter_8b85bc5a,ablation_l01_s2_swapall_rst_3d_dual3_p2p_r2_gate_trace-573d7a_b64_k8_isolated,isolated,ours,0,0,l0_ms,25.558336,recorder
20260909-114553_perlmutter_8b85bc5a,ablation_l01_s2_swapall_rst_3d_dual3_p2p_r2_gate_trace-573d7a_b64_k8_isolated,isolated,ours,0,1,l0_ms,24.812449,recorder
20260909-114553_perlmutter_8b85bc5a,ablation_l01_s2_swapall_rst_3d_dual3_p2p_r2_gate_trace-573d7a_b64_k8_isolated,isolated,ours,0,2,l0_ms,26.159584,recorder
20260909-114553_perlmutter_8b85bc5a,ablation_l01_s2_swapall_rst_3d_dual3_p2p_r2_gate_trace-573d7a_b64_k8_isolated,isolated,ours,0,3,l0_ms,24.791456,recorder
20260909-114553_perlmutter_8b85bc5a,ablation_l01_s2_swapall_rst_3d_dual3_p2p_r2_gate_trace-573d7a_b64_k8_isolated,isolated,ours,0,4,l0_ms,26.374559,recorder
20260909-114553_perlmutter_8b85bc5a,ablation_l01_s2_swapall_rst_3d_dual3_p2p_r2_gate_trace-573d7a_b64_k8_isolated,isolated,ours,0,5,l0_ms,24.095455,recorder
20260909-114553_perlmutter_8b85bc5a,ablation_l01_s2_swapall_rst_3d_dual3_p2p_r2_gate_trace-573d7a_b64_k8_isolated,isolated,ours,0,0,act_ms,0.207648,recorder
20260909-114553_perlmutter_8b85bc5a,ablation_l01_s2_swapall_rst_3d_dual3_p2p_r2_gate_trace-573d7a_b64_k8_isolated,isolated,ours,0,1,act_ms,0.2056,recorder
20260909-114553_perlmutter_8b85bc5a,ablation_l01_s2_swapall_rst_3d_dual3_p2p_r2_gate_trace-573d7a_b64_k8_isolated,isolated,ours,0,2,act_ms,0.204608,recorder
20260909-114553_perlmutter_8b85bc5a,ablation_l01_s2_swapall_rst_3d_dual3_p2p_r2_gate_trace-573d7a_b64_k8_isolated,isolated,ours,0,3,act_ms,0.206208,recorder
20260909-114553_perlmutter_8b85bc5a,ablation_l01_s2_swapall_rst_3d_dual3_p2p_r2_gate_trace-573d7a_b64_k8_isolated,isolated,ours,0,4,act_ms,0.207072,recorder
20260909-114553_perlmutter_8b85bc5a,ablation_l01_s2_swapall_rst_3d_dual3_p2p_r2_gate_trace-573d7a_b64_k8_isolated,isolated,ours,0,5,act_ms,0.206848,recorder
20260909-114553_perlmutter_8b85bc5a,ablation_l01_s2_swapall_rst_3d_dual3_p2p_r2_gate_trace-573d7a_b64_k8_isolated,isolated,ours,0,0,l1_ms,31.327999,recorder
20260909-114553_perlmutter_8b85bc5a,ablation_l01_s2_swapall_rst_3d_dual3_p2p_r2_gate_trace-573d7a_b64_k8_isolated,isolated,ours,0,1,l1_ms,31.605761,recorder
20260909-114553_perlmutter_8b85bc5a,ablation_l01_s2_swapall_rst_3d_dual3_p2p_r2_gate_trace-573d7a_b64_k8_isolated,isolated,ours,0,2,l1_ms,31.710049,recorder
20260909-114553_perlmutter_8b85bc5a,ablation_l01_s2_swapall_rst_3d_dual3_p2p_r2_gate_trace-573d7a_b64_k8_isolated,isolated,ours,0,3,l1_ms,31.169121,recorder
20260909-114553_perlmutter_8b85bc5a,ablation_l01_s2_swapall_rst_3d_dual3_p2p_r2_gate_trace-573d7a_b64_k8_isolated,isolated,ours,0,4,l1_ms,32.409985,recorder
20260909-114553_perlmutter_8b85bc5a,ablation_l01_s2_swapall_rst_3d_dual3_p2p_r2_gate_trace-573d7a_b64_k8_isolated,isolated,ours,0,5,l1_ms,32.072514,recorder
20260909-114553_perlmutter_8b85bc5a,ablation_l01_s2_swapall_rst_3d_dual3_p2p_r2_gate_trace-573d7a_b64_k8_isolated,isolated,ours,0,0,plan_comm_ms,0.842944,recorder
20260909-114553_perlmutter_8b85bc5a,ablation_l01_s2_swapall_rst_3d_dual3_p2p_r2_gate_trace-573d7a_b64_k8_isolated,isolated,ours,0,1,plan_comm_ms,0.605408,recorder
20260909-114553_perlmutter_8b85bc5a,ablation_l01_s2_swapall_rst_3d_dual3_p2p_r2_gate_trace-573d7a_b64_k8_isolated,isolated,ours,0,2,plan_comm_ms,0.297536,recorder
20260909-114553_perlmutter_8b85bc5a,ablation_l01_s2_swapall_rst_3d_dual3_p2p_r2_gate_trace-573d7a_b64_k8_isolated,isolated,ours,0,3,plan_comm_ms,0.66064,recorder
20260909-114553_perlmutter_8b85bc5a,ablation_l01_s2_swapall_rst_3d_dual3_p2p_r2_gate_trace-573d7a_b64_k8_isolated,isolated,ours,0,4,plan_comm_ms,0.306144,recorder
20260909-114553_perlmutter_8b85bc5a,ablation_l01_s2_swapall_rst_3d_dual3_p2p_r2_gate_trace-573d7a_b64_k8_isolated,isolated,ours,0,5,plan_comm_ms,0.5672,recorder
20260909-114553_perlmutter_8b85bc5a,ablation_l01_s2_swapall_rst_3d_dual3_p2p_r2_gate_trace-573d7a_b64_k8_isolated,isolated,ours,0,0,place_ms,2.580768,recorder
20260909-114553_perlmutter_8b85bc5a,ablation_l01_s2_swapall_rst_3d_dual3_p2p_r2_gate_trace-573d7a_b64_k8_isolated,isolated,ours,0,1,place_ms,2.597728,recorder
20260909-114553_perlmutter_8b85bc5a,ablation_l01_s2_swapall_rst_3d_dual3_p2p_r2_gate_trace-573d7a_b64_k8_isolated,isolated,ours,0,2,place_ms,2.450976,recorder
20260909-114553_perlmutter_8b85bc5a,ablation_l01_s2_swapall_rst_3d_dual3_p2p_r2_gate_trace-573d7a_b64_k8_isolated,isolated,ours,0,3,place_ms,2.472928,recorder
20260909-114553_perlmutter_8b85bc5a,ablation_l01_s2_swapall_rst_3d_dual3_p2p_r2_gate_trace-573d7a_b64_k8_isolated,isolated,ours,0,4,place_ms,2.376224,recorder
20260909-114553_perlmutter_8b85bc5a,ablation_l01_s2_swapall_rst_3d_dual3_p2p_r2_gate_trace-573d7a_b64_k8_isolated,isolated,ours,0,5,place_ms,2.46016,recorder
20260909-114553_perlmutter_8b85bc5a,ablation_l01_s2_swapall_rst_3d_dual3_p2p_r2_gate_trace-573d7a_b64_k8_isolated,isolated,ours,0,0,plan_ms,3.191232,recorder
20260909-114553_perlmutter_8b85bc5a,ablation_l01_s2_swapall_rst_3d_dual3_p2p_r2_gate_trace-573d7a_b64_k8_isolated,isolated,ours,0,1,plan_ms,2.520576,recorder
20260909-114553_perlmutter_8b85bc5a,ablation_l01_s2_swapall_rst_3d_dual3_p2p_r2_gate_trace-573d7a_b64_k8_isolated,isolated,ours,0,2,plan_ms,2.23392,recorder
20260909-114553_perlmutter_8b85bc5a,ablation_l01_s2_swapall_rst_3d_dual3_p2p_r2_gate_trace-573d7a_b64_k8_isolated,isolated,ours,0,3,plan_ms,3.022816,recorder
20260909-114553_perlmutter_8b85bc5a,ablation_l01_s2_swapall_rst_3d_dual3_p2p_r2_gate_trace-573d7a_b64_k8_isolated,isolated,ours,0,4,plan_ms,2.47056,recorder
20260909-114553_perlmutter_8b85bc5a,ablation_l01_s2_swapall_rst_3d_dual3_p2p_r2_gate_trace-573d7a_b64_k8_isolated,isolated,ours,0,5,plan_ms,2.36896,recorder
20260909-114553_perlmutter_8b85bc5a,ablation_l01_s2_swapall_rst_3d_dual3_p2p_r2_gate_trace-573d7a_b64_k8_isolated,isolated,ours,0,0,total_ms,63.711426,recorder
20260909-114553_perlmutter_8b85bc5a,ablation_l01_s2_swapall_rst_3d_dual3_p2p_r2_gate_trace-573d7a_b64_k8_isolated,isolated,ours,0,1,total_ms,62.350018,recorder
20260909-114553_perlmutter_8b85bc5a,ablation_l01_s2_swapall_rst_3d_dual3_p2p_r2_gate_trace-573d7a_b64_k8_isolated,isolated,ours,0,2,total_ms,63.059456,recorder
20260909-114553_perlmutter_8b85bc5a,ablation_l01_s2_swapall_rst_3d_dual3_p2p_r2_gate_trace-573d7a_b64_k8_isolated,isolated,ours,0,3,total_ms,62.325665,recorder
20260909-114553_perlmutter_8b85bc5a,ablation_l01_s2_swapall_rst_3d_dual3_p2p_r2_gate_trace-573d7a_b64_k8_isolated,isolated,ours,0,4,total_ms,64.147041,recorder
20260909-114553_perlmutter_8b85bc5a,ablation_l01_s2_swapall_rst_3d_dual3_p2p_r2_gate_trace-573d7a_b64_k8_isolated,isolated,ours,0,5,total_ms,61.773663,recorder
20260909-114553_perlmutter_8b85bc5a,ablation_l01_s2_swapall_rst_3d_dual3_p2p_r2_gate_trace-573d7a_b64_k8_isolated,isolated,ours,0,0,iso_sync_ms,0.262258,recorder
20260909-114553_perlmutter_8b85bc5a,ablation_l01_s2_swapall_rst_3d_dual3_p2p_r2_gate_trace-573d7a_b64_k8_isolated,isolated,ours,0,1,iso_sync_ms,0.346269,recorder
20260909-114553_perlmutter_8b85bc5a,ablation_l01_s2_swapall_rst_3d_dual3_p2p_r2_gate_trace-573d7a_b64_k8_isolated,isolated,ours,0,2,iso_sync_ms,0.270914,recorder
20260909-114553_perlmutter_8b85bc5a,ablation_l01_s2_swapall_rst_3d_dual3_p2p_r2_gate_trace-573d7a_b64_k8_isolated,isolated,ours,0,3,iso_sync_ms,0.269481,recorder
20260909-114553_perlmutter_8b85bc5a,ablation_l01_s2_swapall_rst_3d_dual3_p2p_r2_gate_trace-573d7a_b64_k8_isolated,isolated,ours,0,4,iso_sync_ms,0.266195,recorder
20260909-114553_perlmutter_8b85bc5a,ablation_l01_s2_swapall_rst_3d_dual3_p2p_r2_gate_trace-573d7a_b64_k8_isolated,isolated,ours,0,5,iso_sync_ms,0.259562,recorder
20260909-114553_perlmutter_8b85bc5a,ablation_l01_s2_swapall_rst_3d_dual3_p2p_r2_gate_trace-573d7a_b64_k8_isolated,isolated,ours,1,0,e2e_ms,57.070625,recorder
20260909-114553_perlmutter_8b85bc5a,ablation_l01_s2_swapall_rst_3d_dual3_p2p_r2_gate_trace-573d7a_b64_k8_isolated,isolated,ours,1,1,e2e_ms,56.682911,recorder
20260909-114553_perlmutter_8b85bc5a,ablation_l01_s2_swapall_rst_3d_dual3_p2p_r2_gate_trace-573d7a_b64_k8_isolated,isolated,ours,1,2,e2e_ms,58.062912,recorder
20260909-114553_perlmutter_8b85bc5a,ablation_l01_s2_swapall_rst_3d_dual3_p2p_r2_gate_trace-573d7a_b64_k8_isolated,isolated,ours,1,3,e2e_ms,56.144863,recorder
20260909-114553_perlmutter_8b85bc5a,ablation_l01_s2_swapall_rst_3d_dual3_p2p_r2_gate_trace-573d7a_b64_k8_isolated,isolated,ours,1,4,e2e_ms,58.975296,recorder
20260909-114553_perlmutter_8b85bc5a,ablation_l01_s2_swapall_rst_3d_dual3_p2p_r2_gate_trace-573d7a_b64_k8_isolated,isolated,ours,1,5,e2e_ms,56.378048,recorder
20260909-114553_perlmutter_8b85bc5a,ablation_l01_s2_swapall_rst_3d_dual3_p2p_r2_gate_trace-573d7a_b64_k8_isolated,isolated,ours,1,0,l0_ms,25.532255,recorder
20260909-114553_perlmutter_8b85bc5a,ablation_l01_s2_swapall_rst_3d_dual3_p2p_r2_gate_trace-573d7a_b64_k8_isolated,isolated,ours,1,1,l0_ms,24.878496,recorder
20260909-114553_perlmutter_8b85bc5a,ablation_l01_s2_swapall_rst_3d_dual3_p2p_r2_gate_trace-573d7a_b64_k8_isolated,isolated,ours,1,2,l0_ms,26.153601,recorder
20260909-114553_perlmutter_8b85bc5a,ablation_l01_s2_swapall_rst_3d_dual3_p2p_r2_gate_trace-573d7a_b64_k8_isolated,isolated,ours,1,3,l0_ms,24.780001,recorder
20260909-114553_perlmutter_8b85bc5a,ablation_l01_s2_swapall_rst_3d_dual3_p2p_r2_gate_trace-573d7a_b64_k8_isolated,isolated,ours,1,4,l0_ms,26.372831,recorder
20260909-114553_perlmutter_8b85bc5a,ablation_l01_s2_swapall_rst_3d_dual3_p2p_r2_gate_trace-573d7a_b64_k8_isolated,isolated,ours,1,5,l0_ms,24.096895,recorder
20260909-114553_perlmutter_8b85bc5a,ablation_l01_s2_swapall_rst_3d_dual3_p2p_r2_gate_trace-573d7a_b64_k8_isolated,isolated,ours,1,0,act_ms,0.201376,recorder
20260909-114553_perlmutter_8b85bc5a,ablation_l01_s2_swapall_rst_3d_dual3_p2p_r2_gate_trace-573d7a_b64_k8_isolated,isolated,ours,1,1,act_ms,0.204736,recorder
20260909-114553_perlmutter_8b85bc5a,ablation_l01_s2_swapall_rst_3d_dual3_p2p_r2_gate_trace-573d7a_b64_k8_isolated,isolated,ours,1,2,act_ms,0.204544,recorder
20260909-114553_perlmutter_8b85bc5a,ablation_l01_s2_swapall_rst_3d_dual3_p2p_r2_gate_trace-573d7a_b64_k8_isolated,isolated,ours,1,3,act_ms,0.201984,recorder
20260909-114553_perlmutter_8b85bc5a,ablation_l01_s2_swapall_rst_3d_dual3_p2p_r2_gate_trace-573d7a_b64_k8_isolated,isolated,ours,1,4,act_ms,0.203968,recorder
20260909-114553_perlmutter_8b85bc5a,ablation_l01_s2_swapall_rst_3d_dual3_p2p_r2_gate_trace-573d7a_b64_k8_isolated,isolated,ours,1,5,act_ms,0.204224,recorder
20260909-114553_perlmutter_8b85bc5a,ablation_l01_s2_swapall_rst_3d_dual3_p2p_r2_gate_trace-573d7a_b64_k8_isolated,isolated,ours,1,0,l1_ms,31.336992,recorder
20260909-114553_perlmutter_8b85bc5a,ablation_l01_s2_swapall_rst_3d_dual3_p2p_r2_gate_trace-573d7a_b64_k8_isolated,isolated,ours,1,1,l1_ms,31.59968,recorder
20260909-114553_perlmutter_8b85bc5a,ablation_l01_s2_swapall_rst_3d_dual3_p2p_r2_gate_trace-573d7a_b64_k8_isolated,isolated,ours,1,2,l1_ms,31.704767,recorder
20260909-114553_perlmutter_8b85bc5a,ablation_l01_s2_swapall_rst_3d_dual3_p2p_r2_gate_trace-573d7a_b64_k8_isolated,isolated,ours,1,3,l1_ms,31.16288,recorder
20260909-114553_perlmutter_8b85bc5a,ablation_l01_s2_swapall_rst_3d_dual3_p2p_r2_gate_trace-573d7a_b64_k8_isolated,isolated,ours,1,4,l1_ms,32.398495,recorder
20260909-114553_perlmutter_8b85bc5a,ablation_l01_s2_swapall_rst_3d_dual3_p2p_r2_gate_trace-573d7a_b64_k8_isolated,isolated,ours,1,5,l1_ms,32.076927,recorder
20260909-114553_perlmutter_8b85bc5a,ablation_l01_s2_swapall_rst_3d_dual3_p2p_r2_gate_trace-573d7a_b64_k8_isolated,isolated,ours,1,0,plan_comm_ms,0.820672,recorder
20260909-114553_perlmutter_8b85bc5a,ablation_l01_s2_swapall_rst_3d_dual3_p2p_r2_gate_trace-573d7a_b64_k8_isolated,isolated,ours,1,1,plan_comm_ms,0.625632,recorder
20260909-114553_perlmutter_8b85bc5a,ablation_l01_s2_swapall_rst_3d_dual3_p2p_r2_gate_trace-573d7a_b64_k8_isolated,isolated,ours,1,2,plan_comm_ms,0.289216,recorder
20260909-114553_perlmutter_8b85bc5a,ablation_l01_s2_swapall_rst_3d_dual3_p2p_r2_gate_trace-573d7a_b64_k8_isolated,isolated,ours,1,3,plan_comm_ms,0.646496,recorder
20260909-114553_perlmutter_8b85bc5a,ablation_l01_s2_swapall_rst_3d_dual3_p2p_r2_gate_trace-573d7a_b64_k8_isolated,isolated,ours,1,4,plan_comm_ms,0.282848,recorder
20260909-114553_perlmutter_8b85bc5a,ablation_l01_s2_swapall_rst_3d_dual3_p2p_r2_gate_trace-573d7a_b64_k8_isolated,isolated,ours,1,5,plan_comm_ms,0.544576,recorder
20260909-114553_perlmutter_8b85bc5a,ablation_l01_s2_swapall_rst_3d_dual3_p2p_r2_gate_trace-573d7a_b64_k8_isolated,isolated,ours,1,0,place_ms,2.380256,recorder
20260909-114553_perlmutter_8b85bc5a,ablation_l01_s2_swapall_rst_3d_dual3_p2p_r2_gate_trace-573d7a_b64_k8_isolated,isolated,ours,1,1,place_ms,2.350176,recorder
20260909-114553_perlmutter_8b85bc5a,ablation_l01_s2_swapall_rst_3d_dual3_p2p_r2_gate_trace-573d7a_b64_k8_isolated,isolated,ours,1,2,place_ms,2.347968,recorder
20260909-114553_perlmutter_8b85bc5a,ablation_l01_s2_swapall_rst_3d_dual3_p2p_r2_gate_trace-573d7a_b64_k8_isolated,isolated,ours,1,3,place_ms,2.363936,recorder
20260909-114553_perlmutter_8b85bc5a,ablation_l01_s2_swapall_rst_3d_dual3_p2p_r2_gate_trace-573d7a_b64_k8_isolated,isolated,ours,1,4,place_ms,2.286624,recorder
20260909-114553_perlmutter_8b85bc5a,ablation_l01_s2_swapall_rst_3d_dual3_p2p_r2_gate_trace-573d7a_b64_k8_isolated,isolated,ours,1,5,place_ms,2.36288,recorder
20260909-114553_perlmutter_8b85bc5a,ablation_l01_s2_swapall_rst_3d_dual3_p2p_r2_gate_trace-573d7a_b64_k8_isolated,isolated,ours,1,0,plan_ms,3.425824,recorder
20260909-114553_perlmutter_8b85bc5a,ablation_l01_s2_swapall_rst_3d_dual3_p2p_r2_gate_trace-573d7a_b64_k8_isolated,isolated,ours,1,1,plan_ms,2.71088,recorder
20260909-114553_perlmutter_8b85bc5a,ablation_l01_s2_swapall_rst_3d_dual3_p2p_r2_gate_trace-573d7a_b64_k8_isolated,isolated,ours,1,2,plan_ms,2.348352,recorder
20260909-114553_perlmutter_8b85bc5a,ablation_l01_s2_swapall_rst_3d_dual3_p2p_r2_gate_trace-573d7a_b64_k8_isolated,isolated,ours,1,3,plan_ms,3.154592,recorder
20260909-114553_perlmutter_8b85bc5a,ablation_l01_s2_swapall_rst_3d_dual3_p2p_r2_gate_trace-573d7a_b64_k8_isolated,isolated,ours,1,4,plan_ms,2.582112,recorder
20260909-114553_perlmutter_8b85bc5a,ablation_l01_s2_swapall_rst_3d_dual3_p2p_r2_gate_trace-573d7a_b64_k8_isolated,isolated,ours,1,5,plan_ms,2.462784,recorder
20260909-114553_perlmutter_8b85bc5a,ablation_l01_s2_swapall_rst_3d_dual3_p2p_r2_gate_trace-573d7a_b64_k8_isolated,isolated,ours,1,0,total_ms,63.699936,recorder
20260909-114553_perlmutter_8b85bc5a,ablation_l01_s2_swapall_rst_3d_dual3_p2p_r2_gate_trace-573d7a_b64_k8_isolated,isolated,ours,1,1,total_ms,62.372128,recorder
20260909-114553_perlmutter_8b85bc5a,ablation_l01_s2_swapall_rst_3d_dual3_p2p_r2_gate_trace-573d7a_b64_k8_isolated,isolated,ours,1,2,total_ms,63.051006,recorder
20260909-114553_perlmutter_8b85bc5a,ablation_l01_s2_swapall_rst_3d_dual3_p2p_r2_gate_trace-573d7a_b64_k8_isolated,isolated,ours,1,3,total_ms,62.312447,recorder
20260909-114553_perlmutter_8b85bc5a,ablation_l01_s2_swapall_rst_3d_dual3_p2p_r2_gate_trace-573d7a_b64_k8_isolated,isolated,ours,1,4,total_ms,64.12941,recorder
20260909-114553_perlmutter_8b85bc5a,ablation_l01_s2_swapall_rst_3d_dual3_p2p_r2_gate_trace-573d7a_b64_k8_isolated,isolated,ours,1,5,total_ms,61.750847,recorder
20260909-114553_perlmutter_8b85bc5a,ablation_l01_s2_swapall_rst_3d_dual3_p2p_r2_gate_trace-573d7a_b64_k8_isolated,isolated,ours,1,0,iso_sync_ms,335.467781,recorder
20260909-114553_perlmutter_8b85bc5a,ablation_l01_s2_swapall_rst_3d_dual3_p2p_r2_gate_trace-573d7a_b64_k8_isolated,isolated,ours,1,1,iso_sync_ms,361.026268,recorder
20260909-114553_perlmutter_8b85bc5a,ablation_l01_s2_swapall_rst_3d_dual3_p2p_r2_gate_trace-573d7a_b64_k8_isolated,isolated,ours,1,2,iso_sync_ms,386.198116,recorder
20260909-114553_perlmutter_8b85bc5a,ablation_l01_s2_swapall_rst_3d_dual3_p2p_r2_gate_trace-573d7a_b64_k8_isolated,isolated,ours,1,3,iso_sync_ms,381.118362,recorder
20260909-114553_perlmutter_8b85bc5a,ablation_l01_s2_swapall_rst_3d_dual3_p2p_r2_gate_trace-573d7a_b64_k8_isolated,isolated,ours,1,4,iso_sync_ms,372.77098,recorder
20260909-114553_perlmutter_8b85bc5a,ablation_l01_s2_swapall_rst_3d_dual3_p2p_r2_gate_trace-573d7a_b64_k8_isolated,isolated,ours,1,5,iso_sync_ms,384.450747,recorder
20260909-114553_perlmutter_8b85bc5a,ablation_l01_s2_swapall_rst_3d_dual3_p2p_r2_gate_trace-573d7a_b64_k8_isolated,isolated,ours,2,0,e2e_ms,57.082401,recorder
20260909-114553_perlmutter_8b85bc5a,ablation_l01_s2_swapall_rst_3d_dual3_p2p_r2_gate_trace-573d7a_b64_k8_isolated,isolated,ours,2,1,e2e_ms,56.653088,recorder
20260909-114553_perlmutter_8b85bc5a,ablation_l01_s2_swapall_rst_3d_dual3_p2p_r2_gate_trace-573d7a_b64_k8_isolated,isolated,ours,2,2,e2e_ms,58.048832,recorder
20260909-114553_perlmutter_8b85bc5a,ablation_l01_s2_swapall_rst_3d_dual3_p2p_r2_gate_trace-573d7a_b64_k8_isolated,isolated,ours,2,3,e2e_ms,56.143745,recorder
20260909-114553_perlmutter_8b85bc5a,ablation_l01_s2_swapall_rst_3d_dual3_p2p_r2_gate_trace-573d7a_b64_k8_isolated,isolated,ours,2,4,e2e_ms,58.953728,recorder
20260909-114553_perlmutter_8b85bc5a,ablation_l01_s2_swapall_rst_3d_dual3_p2p_r2_gate_trace-573d7a_b64_k8_isolated,isolated,ours,2,5,e2e_ms,56.370434,recorder
20260909-114553_perlmutter_8b85bc5a,ablation_l01_s2_swapall_rst_3d_dual3_p2p_r2_gate_trace-573d7a_b64_k8_isolated,isolated,ours,2,0,l0_ms,25.553984,recorder
20260909-114553_perlmutter_8b85bc5a,ablation_l01_s2_swapall_rst_3d_dual3_p2p_r2_gate_trace-573d7a_b64_k8_isolated,isolated,ours,2,1,l0_ms,24.843937,recorder
20260909-114553_perlmutter_8b85bc5a,ablation_l01_s2_swapall_rst_3d_dual3_p2p_r2_gate_trace-573d7a_b64_k8_isolated,isolated,ours,2,2,l0_ms,26.132223,recorder
20260909-114553_perlmutter_8b85bc5a,ablation_l01_s2_swapall_rst_3d_dual3_p2p_r2_gate_trace-573d7a_b64_k8_isolated,isolated,ours,2,3,l0_ms,24.767168,recorder
20260909-114553_perlmutter_8b85bc5a,ablation_l01_s2_swapall_rst_3d_dual3_p2p_r2_gate_trace-573d7a_b64_k8_isolated,isolated,ours,2,4,l0_ms,26.357023,recorder
20260909-114553_perlmutter_8b85bc5a,ablation_l01_s2_swapall_rst_3d_dual3_p2p_r2_gate_trace-573d7a_b64_k8_isolated,isolated,ours,2,5,l0_ms,24.087681,recorder
20260909-114553_perlmutter_8b85bc5a,ablation_l01_s2_swapall_rst_3d_dual3_p2p_r2_gate_trace-573d7a_b64_k8_isolated,isolated,ours,2,0,act_ms,0.201568,recorder
20260909-114553_perlmutter_8b85bc5a,ablation_l01_s2_swapall_rst_3d_dual3_p2p_r2_gate_trace-573d7a_b64_k8_isolated,isolated,ours,2,1,act_ms,0.203968,recorder
20260909-114553_perlmutter_8b85bc5a,ablation_l01_s2_swapall_rst_3d_dual3_p2p_r2_gate_trace-573d7a_b64_k8_isolated,isolated,ours,2,2,act_ms,0.204768,recorder
20260909-114553_perlmutter_8b85bc5a,ablation_l01_s2_swapall_rst_3d_dual3_p2p_r2_gate_trace-573d7a_b64_k8_isolated,isolated,ours,2,3,act_ms,0.20592,recorder
20260909-114553_perlmutter_8b85bc5a,ablation_l01_s2_swapall_rst_3d_dual3_p2p_r2_gate_trace-573d7a_b64_k8_isolated,isolated,ours,2,4,act_ms,0.20144,recorder
20260909-114553_perlmutter_8b85bc5a,ablation_l01_s2_swapall_rst_3d_dual3_p2p_r2_gate_trace-573d7a_b64_k8_isolated,isolated,ours,2,5,act_ms,0.207744,recorder
20260909-114553_perlmutter_8b85bc5a,ablation_l01_s2_swapall_rst_3d_dual3_p2p_r2_gate_trace-573d7a_b64_k8_isolated,isolated,ours,2,0,l1_ms,31.326847,recorder
20260909-114553_perlmutter_8b85bc5a,ablation_l01_s2_swapall_rst_3d_dual3_p2p_r2_gate_trace-573d7a_b64_k8_isolated,isolated,ours,2,1,l1_ms,31.605185,recorder
20260909-114553_perlmutter_8b85bc5a,ablation_l01_s2_swapall_rst_3d_dual3_p2p_r2_gate_trace-573d7a_b64_k8_isolated,isolated,ours,2,2,l1_ms,31.71184,recorder
20260909-114553_perlmutter_8b85bc5a,ablation_l01_s2_swapall_rst_3d_dual3_p2p_r2_gate_trace-573d7a_b64_k8_isolated,isolated,ours,2,3,l1_ms,31.170656,recorder
20260909-114553_perlmutter_8b85bc5a,ablation_l01_s2_swapall_rst_3d_dual3_p2p_r2_gate_trace-573d7a_b64_k8_isolated,isolated,ours,2,4,l1_ms,32.395264,recorder
20260909-114553_perlmutter_8b85bc5a,ablation_l01_s2_swapall_rst_3d_dual3_p2p_r2_gate_trace-573d7a_b64_k8_isolated,isolated,ours,2,5,l1_ms,32.075008,recorder
20260909-114553_perlmutter_8b85bc5a,ablation_l01_s2_swapall_rst_3d_dual3_p2p_r2_gate_trace-573d7a_b64_k8_isolated,isolated,ours,2,0,plan_comm_ms,0.808256,recorder
20260909-114553_perlmutter_8b85bc5a,ablation_l01_s2_swapall_rst_3d_dual3_p2p_r2_gate_trace-573d7a_b64_k8_isolated,isolated,ours,2,1,plan_comm_ms,0.618912,recorder
20260909-114553_perlmutter_8b85bc5a,ablation_l01_s2_swapall_rst_3d_dual3_p2p_r2_gate_trace-573d7a_b64_k8_isolated,isolated,ours,2,2,plan_comm_ms,0.2816,recorder
20260909-114553_perlmutter_8b85bc5a,ablation_l01_s2_swapall_rst_3d_dual3_p2p_r2_gate_trace-573d7a_b64_k8_isolated,isolated,ours,2,3,plan_comm_ms,0.640576,recorder
20260909-114553_perlmutter_8b85bc5a,ablation_l01_s2_swapall_rst_3d_dual3_p2p_r2_gate_trace-573d7a_b64_k8_isolated,isolated,ours,2,4,plan_comm_ms,0.280288,recorder
20260909-114553_perlmutter_8b85bc5a,ablation_l01_s2_swapall_rst_3d_dual3_p2p_r2_gate_trace-573d7a_b64_k8_isolated,isolated,ours,2,5,plan_comm_ms,0.545888,recorder
20260909-114553_perlmutter_8b85bc5a,ablation_l01_s2_swapall_rst_3d_dual3_p2p_r2_gate_trace-573d7a_b64_k8_isolated,isolated,ours,2,0,place_ms,2.385728,recorder
20260909-114553_perlmutter_8b85bc5a,ablation_l01_s2_swapall_rst_3d_dual3_p2p_r2_gate_trace-573d7a_b64_k8_isolated,isolated,ours,2,1,place_ms,2.344352,recorder
20260909-114553_perlmutter_8b85bc5a,ablation_l01_s2_swapall_rst_3d_dual3_p2p_r2_gate_trace-573d7a_b64_k8_isolated,isolated,ours,2,2,place_ms,2.347552,recorder
20260909-114553_perlmutter_8b85bc5a,ablation_l01_s2_swapall_rst_3d_dual3_p2p_r2_gate_trace-573d7a_b64_k8_isolated,isolated,ours,2,3,place_ms,2.333984,recorder
20260909-114553_perlmutter_8b85bc5a,ablation_l01_s2_swapall_rst_3d_dual3_p2p_r2_gate_trace-573d7a_b64_k8_isolated,isolated,ours,2,4,place_ms,2.258944,recorder
20260909-114553_perlmutter_8b85bc5a,ablation_l01_s2_swapall_rst_3d_dual3_p2p_r2_gate_trace-573d7a_b64_k8_isolated,isolated,ours,2,5,place_ms,2.311552,recorder
20260909-114553_perlmutter_8b85bc5a,ablation_l01_s2_swapall_rst_3d_dual3_p2p_r2_gate_trace-573d7a_b64_k8_isolated,isolated,ours,2,0,plan_ms,3.404448,recorder
20260909-114553_perlmutter_8b85bc5a,ablation_l01_s2_swapall_rst_3d_dual3_p2p_r2_gate_trace-573d7a_b64_k8_isolated,isolated,ours,2,1,plan_ms,2.754176,recorder
20260909-114553_perlmutter_8b85bc5a,ablation_l01_s2_swapall_rst_3d_dual3_p2p_r2_gate_trace-573d7a_b64_k8_isolated,isolated,ours,2,2,plan_ms,2.372416,recorder
20260909-114553_perlmutter_8b85bc5a,ablation_l01_s2_swapall_rst_3d_dual3_p2p_r2_gate_trace-573d7a_b64_k8_isolated,isolated,ours,2,3,plan_ms,3.194848,recorder
20260909-114553_perlmutter_8b85bc5a,ablation_l01_s2_swapall_rst_3d_dual3_p2p_r2_gate_trace-573d7a_b64_k8_isolated,isolated,ours,2,4,plan_ms,2.639744,recorder
20260909-114553_perlmutter_8b85bc5a,ablation_l01_s2_swapall_rst_3d_dual3_p2p_r2_gate_trace-573d7a_b64_k8_isolated,isolated,ours,2,5,plan_ms,2.528896,recorder
20260909-114553_perlmutter_8b85bc5a,ablation_l01_s2_swapall_rst_3d_dual3_p2p_r2_gate_trace-573d7a_b64_k8_isolated,isolated,ours,2,0,total_ms,63.683456,recorder
20260909-114553_perlmutter_8b85bc5a,ablation_l01_s2_swapall_rst_3d_dual3_p2p_r2_gate_trace-573d7a_b64_k8_isolated,isolated,ours,2,1,total_ms,62.373119,recorder
20260909-114553_perlmutter_8b85bc5a,ablation_l01_s2_swapall_rst_3d_dual3_p2p_r2_gate_trace-573d7a_b64_k8_isolated,isolated,ours,2,2,total_ms,63.052994,recorder
20260909-114553_perlmutter_8b85bc5a,ablation_l01_s2_swapall_rst_3d_dual3_p2p_r2_gate_trace-573d7a_b64_k8_isolated,isolated,ours,2,3,total_ms,62.315777,recorder
20260909-114553_perlmutter_8b85bc5a,ablation_l01_s2_swapall_rst_3d_dual3_p2p_r2_gate_trace-573d7a_b64_k8_isolated,isolated,ours,2,4,total_ms,64.13533,recorder
20260909-114553_perlmutter_8b85bc5a,ablation_l01_s2_swapall_rst_3d_dual3_p2p_r2_gate_trace-573d7a_b64_k8_isolated,isolated,ours,2,5,total_ms,61.759361,recorder
20260909-114553_perlmutter_8b85bc5a,ablation_l01_s2_swapall_rst_3d_dual3_p2p_r2_gate_trace-573d7a_b64_k8_isolated,isolated,ours,2,0,iso_sync_ms,45.854877,recorder
20260909-114553_perlmutter_8b85bc5a,ablation_l01_s2_swapall_rst_3d_dual3_p2p_r2_gate_trace-573d7a_b64_k8_isolated,isolated,ours,2,1,iso_sync_ms,72.790327,recorder
20260909-114553_perlmutter_8b85bc5a,ablation_l01_s2_swapall_rst_3d_dual3_p2p_r2_gate_trace-573d7a_b64_k8_isolated,isolated,ours,2,2,iso_sync_ms,120.060722,recorder
20260909-114553_perlmutter_8b85bc5a,ablation_l01_s2_swapall_rst_3d_dual3_p2p_r2_gate_trace-573d7a_b64_k8_isolated,isolated,ours,2,3,iso_sync_ms,97.469503,recorder
20260909-114553_perlmutter_8b85bc5a,ablation_l01_s2_swapall_rst_3d_dual3_p2p_r2_gate_trace-573d7a_b64_k8_isolated,isolated,ours,2,4,iso_sync_ms,91.7487,recorder
20260909-114553_perlmutter_8b85bc5a,ablation_l01_s2_swapall_rst_3d_dual3_p2p_r2_gate_trace-573d7a_b64_k8_isolated,isolated,ours,2,5,iso_sync_ms,96.855035,recorder
20260909-114553_perlmutter_8b85bc5a,ablation_l01_s2_swapall_rst_3d_dual3_p2p_r2_gate_trace-573d7a_b64_k8_isolated,isolated,ours,3,0,e2e_ms,57.104576,recorder
20260909-114553_perlmutter_8b85bc5a,ablation_l01_s2_swapall_rst_3d_dual3_p2p_r2_gate_trace-573d7a_b64_k8_isolated,isolated,ours,3,1,e2e_ms,56.67411,recorder
20260909-114553_perlmutter_8b85bc5a,ablation_l01_s2_swapall_rst_3d_dual3_p2p_r2_gate_trace-573d7a_b64_k8_isolated,isolated,ours,3,2,e2e_ms,58.06451,recorder
20260909-114553_perlmutter_8b85bc5a,ablation_l01_s2_swapall_rst_3d_dual3_p2p_r2_gate_trace-573d7a_b64_k8_isolated,isolated,ours,3,3,e2e_ms,56.159264,recorder
20260909-114553_perlmutter_8b85bc5a,ablation_l01_s2_swapall_rst_3d_dual3_p2p_r2_gate_trace-573d7a_b64_k8_isolated,isolated,ours,3,4,e2e_ms,58.953503,recorder
20260909-114553_perlmutter_8b85bc5a,ablation_l01_s2_swapall_rst_3d_dual3_p2p_r2_gate_trace-573d7a_b64_k8_isolated,isolated,ours,3,5,e2e_ms,56.351105,recorder
20260909-114553_perlmutter_8b85bc5a,ablation_l01_s2_swapall_rst_3d_dual3_p2p_r2_gate_trace-573d7a_b64_k8_isolated,isolated,ours,3,0,l0_ms,25.57584,recorder
20260909-114553_perlmutter_8b85bc5a,ablation_l01_s2_swapall_rst_3d_dual3_p2p_r2_gate_trace-573d7a_b64_k8_isolated,isolated,ours,3,1,l0_ms,24.877407,recorder
20260909-114553_perlmutter_8b85bc5a,ablation_l01_s2_swapall_rst_3d_dual3_p2p_r2_gate_trace-573d7a_b64_k8_isolated,isolated,ours,3,2,l0_ms,26.163233,recorder
20260909-114553_perlmutter_8b85bc5a,ablation_l01_s2_swapall_rst_3d_dual3_p2p_r2_gate_trace-573d7a_b64_k8_isolated,isolated,ours,3,3,l0_ms,24.796831,recorder
20260909-114553_perlmutter_8b85bc5a,ablation_l01_s2_swapall_rst_3d_dual3_p2p_r2_gate_trace-573d7a_b64_k8_isolated,isolated,ours,3,4,l0_ms,26.359936,recorder
20260909-114553_perlmutter_8b85bc5a,ablation_l01_s2_swapall_rst_3d_dual3_p2p_r2_gate_trace-573d7a_b64_k8_isolated,isolated,ours,3,5,l0_ms,24.074911,recorder
20260909-114553_perlmutter_8b85bc5a,ablation_l01_s2_swapall_rst_3d_dual3_p2p_r2_gate_trace-573d7a_b64_k8_isolated,isolated,ours,3,0,act_ms,0.202304,recorder
20260909-114553_perlmutter_8b85bc5a,ablation_l01_s2_swapall_rst_3d_dual3_p2p_r2_gate_trace-573d7a_b64_k8_isolated,isolated,ours,3,1,act_ms,0.206144,recorder
20260909-114553_perlmutter_8b85bc5a,ablation_l01_s2_swapall_rst_3d_dual3_p2p_r2_gate_trace-573d7a_b64_k8_isolated,isolated,ours,3,2,act_ms,0.205952,recorder
20260909-114553_perlmutter_8b85bc5a,ablation_l01_s2_swapall_rst_3d_dual3_p2p_r2_gate_trace-573d7a_b64_k8_isolated,isolated,ours,3,3,act_ms,0.203424,recorder
20260909-114553_perlmutter_8b85bc5a,ablation_l01_s2_swapall_rst_3d_dual3_p2p_r2_gate_trace-573d7a_b64_k8_isolated,isolated,ours,3,4,act_ms,0.203104,recorder
20260909-114553_perlmutter_8b85bc5a,ablation_l01_s2_swapall_rst_3d_dual3_p2p_r2_gate_trace-573d7a_b64_k8_isolated,isolated,ours,3,5,act_ms,0.208352,recorder
20260909-114553_perlmutter_8b85bc5a,ablation_l01_s2_swapall_rst_3d_dual3_p2p_r2_gate_trace-573d7a_b64_k8_isolated,isolated,ours,3,0,l1_ms,31.326431,recorder
20260909-114553_perlmutter_8b85bc5a,ablation_l01_s2_swapall_rst_3d_dual3_p2p_r2_gate_trace-573d7a_b64_k8_isolated,isolated,ours,3,1,l1_ms,31.590561,recorder
20260909-114553_perlmutter_8b85bc5a,ablation_l01_s2_swapall_rst_3d_dual3_p2p_r2_gate_trace-573d7a_b64_k8_isolated,isolated,ours,3,2,l1_ms,31.695328,recorder
20260909-114553_perlmutter_8b85bc5a,ablation_l01_s2_swapall_rst_3d_dual3_p2p_r2_gate_trace-573d7a_b64_k8_isolated,isolated,ours,3,3,l1_ms,31.159008,recorder
20260909-114553_perlmutter_8b85bc5a,ablation_l01_s2_swapall_rst_3d_dual3_p2p_r2_gate_trace-573d7a_b64_k8_isolated,isolated,ours,3,4,l1_ms,32.390465,recorder
20260909-114553_perlmutter_8b85bc5a,ablation_l01_s2_swapall_rst_3d_dual3_p2p_r2_gate_trace-573d7a_b64_k8_isolated,isolated,ours,3,5,l1_ms,32.067841,recorder
20260909-114553_perlmutter_8b85bc5a,ablation_l01_s2_swapall_rst_3d_dual3_p2p_r2_gate_trace-573d7a_b64_k8_isolated,isolated,ours,3,0,plan_comm_ms,0.753376,recorder
20260909-114553_perlmutter_8b85bc5a,ablation_l01_s2_swapall_rst_3d_dual3_p2p_r2_gate_trace-573d7a_b64_k8_isolated,isolated,ours,3,1,plan_comm_ms,0.629376,recorder
20260909-114553_perlmutter_8b85bc5a,ablation_l01_s2_swapall_rst_3d_dual3_p2p_r2_gate_trace-573d7a_b64_k8_isolated,isolated,ours,3,2,plan_comm_ms,0.286016,recorder
20260909-114553_perlmutter_8b85bc5a,ablation_l01_s2_swapall_rst_3d_dual3_p2p_r2_gate_trace-573d7a_b64_k8_isolated,isolated,ours,3,3,plan_comm_ms,0.375168,recorder
20260909-114553_perlmutter_8b85bc5a,ablation_l01_s2_swapall_rst_3d_dual3_p2p_r2_gate_trace-573d7a_b64_k8_isolated,isolated,ours,3,4,plan_comm_ms,0.278272,recorder
20260909-114553_perlmutter_8b85bc5a,ablation_l01_s2_swapall_rst_3d_dual3_p2p_r2_gate_trace-573d7a_b64_k8_isolated,isolated,ours,3,5,plan_comm_ms,0.545024,recorder
20260909-114553_perlmutter_8b85bc5a,ablation_l01_s2_swapall_rst_3d_dual3_p2p_r2_gate_trace-573d7a_b64_k8_isolated,isolated,ours,3,0,place_ms,2.68176,recorder
20260909-114553_perlmutter_8b85bc5a,ablation_l01_s2_swapall_rst_3d_dual3_p2p_r2_gate_trace-573d7a_b64_k8_isolated,isolated,ours,3,1,place_ms,2.381664,recorder
20260909-114553_perlmutter_8b85bc5a,ablation_l01_s2_swapall_rst_3d_dual3_p2p_r2_gate_trace-573d7a_b64_k8_isolated,isolated,ours,3,2,place_ms,2.359424,recorder
20260909-114553_perlmutter_8b85bc5a,ablation_l01_s2_swapall_rst_3d_dual3_p2p_r2_gate_trace-573d7a_b64_k8_isolated,isolated,ours,3,3,place_ms,2.399104,recorder
20260909-114553_perlmutter_8b85bc5a,ablation_l01_s2_swapall_rst_3d_dual3_p2p_r2_gate_trace-573d7a_b64_k8_isolated,isolated,ours,3,4,place_ms,2.297792,recorder
20260909-114553_perlmutter_8b85bc5a,ablation_l01_s2_swapall_rst_3d_dual3_p2p_r2_gate_trace-573d7a_b64_k8_isolated,isolated,ours,3,5,place_ms,2.344768,recorder
20260909-114553_perlmutter_8b85bc5a,ablation_l01_s2_swapall_rst_3d_dual3_p2p_r2_gate_trace-573d7a_b64_k8_isolated,isolated,ours,3,0,plan_ms,3.092864,recorder
20260909-114553_perlmutter_8b85bc5a,ablation_l01_s2_swapall_rst_3d_dual3_p2p_r2_gate_trace-573d7a_b64_k8_isolated,isolated,ours,3,1,plan_ms,2.688736,recorder
20260909-114553_perlmutter_8b85bc5a,ablation_l01_s2_swapall_rst_3d_dual3_p2p_r2_gate_trace-573d7a_b64_k8_isolated,isolated,ours,3,2,plan_ms,2.338368,recorder
20260909-114553_perlmutter_8b85bc5a,ablation_l01_s2_swapall_rst_3d_dual3_p2p_r2_gate_trace-573d7a_b64_k8_isolated,isolated,ours,3,3,plan_ms,3.374144,recorder
20260909-114553_perlmutter_8b85bc5a,ablation_l01_s2_swapall_rst_3d_dual3_p2p_r2_gate_trace-573d7a_b64_k8_isolated,isolated,ours,3,4,plan_ms,2.604,recorder
20260909-114553_perlmutter_8b85bc5a,ablation_l01_s2_swapall_rst_3d_dual3_p2p_r2_gate_trace-573d7a_b64_k8_isolated,isolated,ours,3,5,plan_ms,2.5104,recorder
20260909-114553_perlmutter_8b85bc5a,ablation_l01_s2_swapall_rst_3d_dual3_p2p_r2_gate_trace-573d7a_b64_k8_isolated,isolated,ours,3,0,total_ms,63.635136,recorder
20260909-114553_perlmutter_8b85bc5a,ablation_l01_s2_swapall_rst_3d_dual3_p2p_r2_gate_trace-573d7a_b64_k8_isolated,isolated,ours,3,1,total_ms,62.376415,recorder
20260909-114553_perlmutter_8b85bc5a,ablation_l01_s2_swapall_rst_3d_dual3_p2p_r2_gate_trace-573d7a_b64_k8_isolated,isolated,ours,3,2,total_ms,63.051296,recorder
20260909-114553_perlmutter_8b85bc5a,ablation_l01_s2_swapall_rst_3d_dual3_p2p_r2_gate_trace-573d7a_b64_k8_isolated,isolated,ours,3,3,total_ms,62.310242,recorder
20260909-114553_perlmutter_8b85bc5a,ablation_l01_s2_swapall_rst_3d_dual3_p2p_r2_gate_trace-573d7a_b64_k8_isolated,isolated,ours,3,4,total_ms,64.136093,recorder
20260909-114553_perlmutter_8b85bc5a,ablation_l01_s2_swapall_rst_3d_dual3_p2p_r2_gate_trace-573d7a_b64_k8_isolated,isolated,ours,3,5,total_ms,61.753857,recorder
20260909-114553_perlmutter_8b85bc5a,ablation_l01_s2_swapall_rst_3d_dual3_p2p_r2_gate_trace-573d7a_b64_k8_isolated,isolated,ours,3,0,iso_sync_ms,393.75481,recorder
20260909-114553_perlmutter_8b85bc5a,ablation_l01_s2_swapall_rst_3d_dual3_p2p_r2_gate_trace-573d7a_b64_k8_isolated,isolated,ours,3,1,iso_sync_ms,451.476165,recorder
20260909-114553_perlmutter_8b85bc5a,ablation_l01_s2_swapall_rst_3d_dual3_p2p_r2_gate_trace-573d7a_b64_k8_isolated,isolated,ours,3,2,iso_sync_ms,456.398755,recorder
20260909-114553_perlmutter_8b85bc5a,ablation_l01_s2_swapall_rst_3d_dual3_p2p_r2_gate_trace-573d7a_b64_k8_isolated,isolated,ours,3,3,iso_sync_ms,465.789165,recorder
20260909-114553_perlmutter_8b85bc5a,ablation_l01_s2_swapall_rst_3d_dual3_p2p_r2_gate_trace-573d7a_b64_k8_isolated,isolated,ours,3,4,iso_sync_ms,453.76958,recorder
20260909-114553_perlmutter_8b85bc5a,ablation_l01_s2_swapall_rst_3d_dual3_p2p_r2_gate_trace-573d7a_b64_k8_isolated,isolated,ours,3,5,iso_sync_ms,460.122998,recorder
20260909-114553_perlmutter_8b85bc5a,ablation_l01_s2_swapall_rst_3d_dual3_p2p_r2_gate_trace-573d7a_b64_k8_isolated,isolated,ours,4,0,e2e_ms,57.07571,recorder
20260909-114553_perlmutter_8b85bc5a,ablation_l01_s2_swapall_rst_3d_dual3_p2p_r2_gate_trace-573d7a_b64_k8_isolated,isolated,ours,4,1,e2e_ms,56.658562,recorder
20260909-114553_perlmutter_8b85bc5a,ablation_l01_s2_swapall_rst_3d_dual3_p2p_r2_gate_trace-573d7a_b64_k8_isolated,isolated,ours,4,2,e2e_ms,58.033119,recorder
20260909-114553_perlmutter_8b85bc5a,ablation_l01_s2_swapall_rst_3d_dual3_p2p_r2_gate_trace-573d7a_b64_k8_isolated,isolated,ours,4,3,e2e_ms,56.150398,recorder
20260909-114553_perlmutter_8b85bc5a,ablation_l01_s2_swapall_rst_3d_dual3_p2p_r2_gate_trace-573d7a_b64_k8_isolated,isolated,ours,4,4,e2e_ms,58.954689,recorder
20260909-114553_perlmutter_8b85bc5a,ablation_l01_s2_swapall_rst_3d_dual3_p2p_r2_gate_trace-573d7a_b64_k8_isolated,isolated,ours,4,5,e2e_ms,56.214367,recorder
20260909-114553_perlmutter_8b85bc5a,ablation_l01_s2_swapall_rst_3d_dual3_p2p_r2_gate_trace-573d7a_b64_k8_isolated,isolated,ours,4,0,l0_ms,25.540447,recorder
20260909-114553_perlmutter_8b85bc5a,ablation_l01_s2_swapall_rst_3d_dual3_p2p_r2_gate_trace-573d7a_b64_k8_isolated,isolated,ours,4,1,l0_ms,24.847328,recorder
20260909-114553_perlmutter_8b85bc5a,ablation_l01_s2_swapall_rst_3d_dual3_p2p_r2_gate_trace-573d7a_b64_k8_isolated,isolated,ours,4,2,l0_ms,26.114496,recorder
20260909-114553_perlmutter_8b85bc5a,ablation_l01_s2_swapall_rst_3d_dual3_p2p_r2_gate_trace-573d7a_b64_k8_isolated,isolated,ours,4,3,l0_ms,24.775105,recorder
20260909-114553_perlmutter_8b85bc5a,ablation_l01_s2_swapall_rst_3d_dual3_p2p_r2_gate_trace-573d7a_b64_k8_isolated,isolated,ours,4,4,l0_ms,26.364384,recorder
20260909-114553_perlmutter_8b85bc5a,ablation_l01_s2_swapall_rst_3d_dual3_p2p_r2_gate_trace-573d7a_b64_k8_isolated,isolated,ours,4,5,l0_ms,23.934784,recorder
20260909-114553_perlmutter_8b85bc5a,ablation_l01_s2_swapall_rst_3d_dual3_p2p_r2_gate_trace-573d7a_b64_k8_isolated,isolated,ours,4,0,act_ms,0.18448,recorder
20260909-114553_perlmutter_8b85bc5a,ablation_l01_s2_swapall_rst_3d_dual3_p2p_r2_gate_trace-573d7a_b64_k8_isolated,isolated,ours,4,1,act_ms,0.184704,recorder
20260909-114553_perlmutter_8b85bc5a,ablation_l01_s2_swapall_rst_3d_dual3_p2p_r2_gate_trace-573d7a_b64_k8_isolated,isolated,ours,4,2,act_ms,0.186208,recorder
20260909-114553_perlmutter_8b85bc5a,ablation_l01_s2_swapall_rst_3d_dual3_p2p_r2_gate_trace-573d7a_b64_k8_isolated,isolated,ours,4,3,act_ms,0.185152,recorder
20260909-114553_perlmutter_8b85bc5a,ablation_l01_s2_swapall_rst_3d_dual3_p2p_r2_gate_trace-573d7a_b64_k8_isolated,isolated,ours,4,4,act_ms,0.186048,recorder
20260909-114553_perlmutter_8b85bc5a,ablation_l01_s2_swapall_rst_3d_dual3_p2p_r2_gate_trace-573d7a_b64_k8_isolated,isolated,ours,4,5,act_ms,0.186368,recorder
20260909-114553_perlmutter_8b85bc5a,ablation_l01_s2_swapall_rst_3d_dual3_p2p_r2_gate_trace-573d7a_b64_k8_isolated,isolated,ours,4,0,l1_ms,31.350784,recorder
20260909-114553_perlmutter_8b85bc5a,ablation_l01_s2_swapall_rst_3d_dual3_p2p_r2_gate_trace-573d7a_b64_k8_isolated,isolated,ours,4,1,l1_ms,31.626528,recorder
20260909-114553_perlmutter_8b85bc5a,ablation_l01_s2_swapall_rst_3d_dual3_p2p_r2_gate_trace-573d7a_b64_k8_isolated,isolated,ours,4,2,l1_ms,31.732416,recorder
20260909-114553_perlmutter_8b85bc5a,ablation_l01_s2_swapall_rst_3d_dual3_p2p_r2_gate_trace-573d7a_b64_k8_isolated,isolated,ours,4,3,l1_ms,31.190144,recorder
20260909-114553_perlmutter_8b85bc5a,ablation_l01_s2_swapall_rst_3d_dual3_p2p_r2_gate_trace-573d7a_b64_k8_isolated,isolated,ours,4,4,l1_ms,32.404255,recorder
20260909-114553_perlmutter_8b85bc5a,ablation_l01_s2_swapall_rst_3d_dual3_p2p_r2_gate_trace-573d7a_b64_k8_isolated,isolated,ours,4,5,l1_ms,32.093216,recorder
20260909-114553_perlmutter_8b85bc5a,ablation_l01_s2_swapall_rst_3d_dual3_p2p_r2_gate_trace-573d7a_b64_k8_isolated,isolated,ours,4,0,plan_comm_ms,0.647168,recorder
20260909-114553_perlmutter_8b85bc5a,ablation_l01_s2_swapall_rst_3d_dual3_p2p_r2_gate_trace-573d7a_b64_k8_isolated,isolated,ours,4,1,plan_comm_ms,0.452992,recorder
20260909-114553_perlmutter_8b85bc5a,ablation_l01_s2_swapall_rst_3d_dual3_p2p_r2_gate_trace-573d7a_b64_k8_isolated,isolated,ours,4,2,plan_comm_ms,0.2248,recorder
20260909-114553_perlmutter_8b85bc5a,ablation_l01_s2_swapall_rst_3d_dual3_p2p_r2_gate_trace-573d7a_b64_k8_isolated,isolated,ours,4,3,plan_comm_ms,0.595168,recorder
20260909-114553_perlmutter_8b85bc5a,ablation_l01_s2_swapall_rst_3d_dual3_p2p_r2_gate_trace-573d7a_b64_k8_isolated,isolated,ours,4,4,plan_comm_ms,0.243776,recorder
20260909-114553_perlmutter_8b85bc5a,ablation_l01_s2_swapall_rst_3d_dual3_p2p_r2_gate_trace-573d7a_b64_k8_isolated,isolated,ours,4,5,plan_comm_ms,0.419424,recorder
20260909-114553_perlmutter_8b85bc5a,ablation_l01_s2_swapall_rst_3d_dual3_p2p_r2_gate_trace-573d7a_b64_k8_isolated,isolated,ours,4,0,place_ms,2.39248,recorder
20260909-114553_perlmutter_8b85bc5a,ablation_l01_s2_swapall_rst_3d_dual3_p2p_r2_gate_trace-573d7a_b64_k8_isolated,isolated,ours,4,1,place_ms,2.37136,recorder
20260909-114553_perlmutter_8b85bc5a,ablation_l01_s2_swapall_rst_3d_dual3_p2p_r2_gate_trace-573d7a_b64_k8_isolated,isolated,ours,4,2,place_ms,2.389248,recorder
20260909-114553_perlmutter_8b85bc5a,ablation_l01_s2_swapall_rst_3d_dual3_p2p_r2_gate_trace-573d7a_b64_k8_isolated,isolated,ours,4,3,place_ms,2.385408,recorder
20260909-114553_perlmutter_8b85bc5a,ablation_l01_s2_swapall_rst_3d_dual3_p2p_r2_gate_trace-573d7a_b64_k8_isolated,isolated,ours,4,4,place_ms,2.379872,recorder
20260909-114553_perlmutter_8b85bc5a,ablation_l01_s2_swapall_rst_3d_dual3_p2p_r2_gate_trace-573d7a_b64_k8_isolated,isolated,ours,4,5,place_ms,2.5864,recorder
20260909-114553_perlmutter_8b85bc5a,ablation_l01_s2_swapall_rst_3d_dual3_p2p_r2_gate_trace-573d7a_b64_k8_isolated,isolated,ours,4,0,plan_ms,3.407552,recorder
20260909-114553_perlmutter_8b85bc5a,ablation_l01_s2_swapall_rst_3d_dual3_p2p_r2_gate_trace-573d7a_b64_k8_isolated,isolated,ours,4,1,plan_ms,2.720576,recorder
20260909-114553_perlmutter_8b85bc5a,ablation_l01_s2_swapall_rst_3d_dual3_p2p_r2_gate_trace-573d7a_b64_k8_isolated,isolated,ours,4,2,plan_ms,2.356896,recorder
20260909-114553_perlmutter_8b85bc5a,ablation_l01_s2_swapall_rst_3d_dual3_p2p_r2_gate_trace-573d7a_b64_k8_isolated,isolated,ours,4,3,plan_ms,3.1256,recorder
20260909-114553_perlmutter_8b85bc5a,ablation_l01_s2_swapall_rst_3d_dual3_p2p_r2_gate_trace-573d7a_b64_k8_isolated,isolated,ours,4,4,plan_ms,2.507488,recorder
20260909-114553_perlmutter_8b85bc5a,ablation_l01_s2_swapall_rst_3d_dual3_p2p_r2_gate_trace-573d7a_b64_k8_isolated,isolated,ours,4,5,plan_ms,2.43808,recorder
20260909-114553_perlmutter_8b85bc5a,ablation_l01_s2_swapall_rst_3d_dual3_p2p_r2_gate_trace-573d7a_b64_k8_isolated,isolated,ours,4,0,total_ms,63.525566,recorder
20260909-114553_perlmutter_8b85bc5a,ablation_l01_s2_swapall_rst_3d_dual3_p2p_r2_gate_trace-573d7a_b64_k8_isolated,isolated,ours,4,1,total_ms,62.206177,recorder
20260909-114553_perlmutter_8b85bc5a,ablation_l01_s2_swapall_rst_3d_dual3_p2p_r2_gate_trace-573d7a_b64_k8_isolated,isolated,ours,4,2,total_ms,63.007038,recorder
20260909-114553_perlmutter_8b85bc5a,ablation_l01_s2_swapall_rst_3d_dual3_p2p_r2_gate_trace-573d7a_b64_k8_isolated,isolated,ours,4,3,total_ms,62.259266,recorder
20260909-114553_perlmutter_8b85bc5a,ablation_l01_s2_swapall_rst_3d_dual3_p2p_r2_gate_trace-573d7a_b64_k8_isolated,isolated,ours,4,4,total_ms,64.088509,recorder
20260909-114553_perlmutter_8b85bc5a,ablation_l01_s2_swapall_rst_3d_dual3_p2p_r2_gate_trace-573d7a_b64_k8_isolated,isolated,ours,4,5,total_ms,61.660896,recorder
20260909-114553_perlmutter_8b85bc5a,ablation_l01_s2_swapall_rst_3d_dual3_p2p_r2_gate_trace-573d7a_b64_k8_isolated,isolated,ours,4,0,iso_sync_ms,2124.715483,recorder
20260909-114553_perlmutter_8b85bc5a,ablation_l01_s2_swapall_rst_3d_dual3_p2p_r2_gate_trace-573d7a_b64_k8_isolated,isolated,ours,4,1,iso_sync_ms,2277.176967,recorder
20260909-114553_perlmutter_8b85bc5a,ablation_l01_s2_swapall_rst_3d_dual3_p2p_r2_gate_trace-573d7a_b64_k8_isolated,isolated,ours,4,2,iso_sync_ms,2272.59427,recorder
20260909-114553_perlmutter_8b85bc5a,ablation_l01_s2_swapall_rst_3d_dual3_p2p_r2_gate_trace-573d7a_b64_k8_isolated,isolated,ours,4,3,iso_sync_ms,2235.495519,recorder
20260909-114553_perlmutter_8b85bc5a,ablation_l01_s2_swapall_rst_3d_dual3_p2p_r2_gate_trace-573d7a_b64_k8_isolated,isolated,ours,4,4,iso_sync_ms,2253.063738,recorder
20260909-114553_perlmutter_8b85bc5a,ablation_l01_s2_swapall_rst_3d_dual3_p2p_r2_gate_trace-573d7a_b64_k8_isolated,isolated,ours,4,5,iso_sync_ms,2252.295604,recorder
20260909-114553_perlmutter_8b85bc5a,ablation_l01_s2_swapall_rst_3d_dual3_p2p_r2_gate_trace-573d7a_b64_k8_isolated,isolated,ours,5,0,e2e_ms,57.066498,recorder
20260909-114553_perlmutter_8b85bc5a,ablation_l01_s2_swapall_rst_3d_dual3_p2p_r2_gate_trace-573d7a_b64_k8_isolated,isolated,ours,5,1,e2e_ms,56.592415,recorder
20260909-114553_perlmutter_8b85bc5a,ablation_l01_s2_swapall_rst_3d_dual3_p2p_r2_gate_trace-573d7a_b64_k8_isolated,isolated,ours,5,2,e2e_ms,58.057793,recorder
20260909-114553_perlmutter_8b85bc5a,ablation_l01_s2_swapall_rst_3d_dual3_p2p_r2_gate_trace-573d7a_b64_k8_isolated,isolated,ours,5,3,e2e_ms,56.163586,recorder
20260909-114553_perlmutter_8b85bc5a,ablation_l01_s2_swapall_rst_3d_dual3_p2p_r2_gate_trace-573d7a_b64_k8_isolated,isolated,ours,5,4,e2e_ms,58.917599,recorder
20260909-114553_perlmutter_8b85bc5a,ablation_l01_s2_swapall_rst_3d_dual3_p2p_r2_gate_trace-573d7a_b64_k8_isolated,isolated,ours,5,5,e2e_ms,56.351616,recorder
20260909-114553_perlmutter_8b85bc5a,ablation_l01_s2_swapall_rst_3d_dual3_p2p_r2_gate_trace-573d7a_b64_k8_isolated,isolated,ours,5,0,l0_ms,25.529087,recorder
20260909-114553_perlmutter_8b85bc5a,ablation_l01_s2_swapall_rst_3d_dual3_p2p_r2_gate_trace-573d7a_b64_k8_isolated,isolated,ours,5,1,l0_ms,24.787935,recorder
20260909-114553_perlmutter_8b85bc5a,ablation_l01_s2_swapall_rst_3d_dual3_p2p_r2_gate_trace-573d7a_b64_k8_isolated,isolated,ours,5,2,l0_ms,26.144993,recorder
20260909-114553_perlmutter_8b85bc5a,ablation_l01_s2_swapall_rst_3d_dual3_p2p_r2_gate_trace-573d7a_b64_k8_isolated,isolated,ours,5,3,l0_ms,24.794111,recorder
20260909-114553_perlmutter_8b85bc5a,ablation_l01_s2_swapall_rst_3d_dual3_p2p_r2_gate_trace-573d7a_b64_k8_isolated,isolated,ours,5,4,l0_ms,26.317984,recorder
20260909-114553_perlmutter_8b85bc5a,ablation_l01_s2_swapall_rst_3d_dual3_p2p_r2_gate_trace-573d7a_b64_k8_isolated,isolated,ours,5,5,l0_ms,24.071104,recorder
20260909-114553_perlmutter_8b85bc5a,ablation_l01_s2_swapall_rst_3d_dual3_p2p_r2_gate_trace-573d7a_b64_k8_isolated,isolated,ours,5,0,act_ms,0.179872,recorder
20260909-114553_perlmutter_8b85bc5a,ablation_l01_s2_swapall_rst_3d_dual3_p2p_r2_gate_trace-573d7a_b64_k8_isolated,isolated,ours,5,1,act_ms,0.18112,recorder
20260909-114553_perlmutter_8b85bc5a,ablation_l01_s2_swapall_rst_3d_dual3_p2p_r2_gate_trace-573d7a_b64_k8_isolated,isolated,ours,5,2,act_ms,0.184448,recorder
20260909-114553_perlmutter_8b85bc5a,ablation_l01_s2_swapall_rst_3d_dual3_p2p_r2_gate_trace-573d7a_b64_k8_isolated,isolated,ours,5,3,act_ms,0.180544,recorder
20260909-114553_perlmutter_8b85bc5a,ablation_l01_s2_swapall_rst_3d_dual3_p2p_r2_gate_trace-573d7a_b64_k8_isolated,isolated,ours,5,4,act_ms,0.180768,recorder
20260909-114553_perlmutter_8b85bc5a,ablation_l01_s2_swapall_rst_3d_dual3_p2p_r2_gate_trace-573d7a_b64_k8_isolated,isolated,ours,5,5,act_ms,0.181824,recorder
20260909-114553_perlmutter_8b85bc5a,ablation_l01_s2_swapall_rst_3d_dual3_p2p_r2_gate_trace-573d7a_b64_k8_isolated,isolated,ours,5,0,l1_ms,31.357536,recorder
20260909-114553_perlmutter_8b85bc5a,ablation_l01_s2_swapall_rst_3d_dual3_p2p_r2_gate_trace-573d7a_b64_k8_isolated,isolated,ours,5,1,l1_ms,31.62336,recorder
20260909-114553_perlmutter_8b85bc5a,ablation_l01_s2_swapall_rst_3d_dual3_p2p_r2_gate_trace-573d7a_b64_k8_isolated,isolated,ours,5,2,l1_ms,31.728352,recorder
20260909-114553_perlmutter_8b85bc5a,ablation_l01_s2_swapall_rst_3d_dual3_p2p_r2_gate_trace-573d7a_b64_k8_isolated,isolated,ours,5,3,l1_ms,31.188929,recorder
20260909-114553_perlmutter_8b85bc5a,ablation_l01_s2_swapall_rst_3d_dual3_p2p_r2_gate_trace-573d7a_b64_k8_isolated,isolated,ours,5,4,l1_ms,32.418846,recorder
20260909-114553_perlmutter_8b85bc5a,ablation_l01_s2_swapall_rst_3d_dual3_p2p_r2_gate_trace-573d7a_b64_k8_isolated,isolated,ours,5,5,l1_ms,32.098686,recorder
20260909-114553_perlmutter_8b85bc5a,ablation_l01_s2_swapall_rst_3d_dual3_p2p_r2_gate_trace-573d7a_b64_k8_isolated,isolated,ours,5,0,plan_comm_ms,0.552064,recorder
20260909-114553_perlmutter_8b85bc5a,ablation_l01_s2_swapall_rst_3d_dual3_p2p_r2_gate_trace-573d7a_b64_k8_isolated,isolated,ours,5,1,plan_comm_ms,0.437632,recorder
20260909-114553_perlmutter_8b85bc5a,ablation_l01_s2_swapall_rst_3d_dual3_p2p_r2_gate_trace-573d7a_b64_k8_isolated,isolated,ours,5,2,plan_comm_ms,0.221696,recorder
20260909-114553_perlmutter_8b85bc5a,ablation_l01_s2_swapall_rst_3d_dual3_p2p_r2_gate_trace-573d7a_b64_k8_isolated,isolated,ours,5,3,plan_comm_ms,0.600992,recorder
20260909-114553_perlmutter_8b85bc5a,ablation_l01_s2_swapall_rst_3d_dual3_p2p_r2_gate_trace-573d7a_b64_k8_isolated,isolated,ours,5,4,plan_comm_ms,0.227552,recorder
20260909-114553_perlmutter_8b85bc5a,ablation_l01_s2_swapall_rst_3d_dual3_p2p_r2_gate_trace-573d7a_b64_k8_isolated,isolated,ours,5,5,plan_comm_ms,0.498848,recorder
20260909-114553_perlmutter_8b85bc5a,ablation_l01_s2_swapall_rst_3d_dual3_p2p_r2_gate_trace-573d7a_b64_k8_isolated,isolated,ours,5,0,place_ms,2.485536,recorder
20260909-114553_perlmutter_8b85bc5a,ablation_l01_s2_swapall_rst_3d_dual3_p2p_r2_gate_trace-573d7a_b64_k8_isolated,isolated,ours,5,1,place_ms,2.475488,recorder
20260909-114553_perlmutter_8b85bc5a,ablation_l01_s2_swapall_rst_3d_dual3_p2p_r2_gate_trace-573d7a_b64_k8_isolated,isolated,ours,5,2,place_ms,2.403584,recorder
20260909-114553_perlmutter_8b85bc5a,ablation_l01_s2_swapall_rst_3d_dual3_p2p_r2_gate_trace-573d7a_b64_k8_isolated,isolated,ours,5,3,place_ms,2.363296,recorder
20260909-114553_perlmutter_8b85bc5a,ablation_l01_s2_swapall_rst_3d_dual3_p2p_r2_gate_trace-573d7a_b64_k8_isolated,isolated,ours,5,4,place_ms,2.484544,recorder
20260909-114553_perlmutter_8b85bc5a,ablation_l01_s2_swapall_rst_3d_dual3_p2p_r2_gate_trace-573d7a_b64_k8_isolated,isolated,ours,5,5,place_ms,2.375264,recorder
20260909-114553_perlmutter_8b85bc5a,ablation_l01_s2_swapall_rst_3d_dual3_p2p_r2_gate_trace-573d7a_b64_k8_isolated,isolated,ours,5,0,plan_ms,3.331424,recorder
20260909-114553_perlmutter_8b85bc5a,ablation_l01_s2_swapall_rst_3d_dual3_p2p_r2_gate_trace-573d7a_b64_k8_isolated,isolated,ours,5,1,plan_ms,2.679136,recorder
20260909-114553_perlmutter_8b85bc5a,ablation_l01_s2_swapall_rst_3d_dual3_p2p_r2_gate_trace-573d7a_b64_k8_isolated,isolated,ours,5,2,plan_ms,2.317472,recorder
20260909-114553_perlmutter_8b85bc5a,ablation_l01_s2_swapall_rst_3d_dual3_p2p_r2_gate_trace-573d7a_b64_k8_isolated,isolated,ours,5,3,plan_ms,3.132768,recorder
20260909-114553_perlmutter_8b85bc5a,ablation_l01_s2_swapall_rst_3d_dual3_p2p_r2_gate_trace-573d7a_b64_k8_isolated,isolated,ours,5,4,plan_ms,2.442208,recorder
20260909-114553_perlmutter_8b85bc5a,ablation_l01_s2_swapall_rst_3d_dual3_p2p_r2_gate_trace-573d7a_b64_k8_isolated,isolated,ours,5,5,plan_ms,2.481312,recorder
20260909-114553_perlmutter_8b85bc5a,ablation_l01_s2_swapall_rst_3d_dual3_p2p_r2_gate_trace-573d7a_b64_k8_isolated,isolated,ours,5,0,total_ms,63.43821,recorder
20260909-114553_perlmutter_8b85bc5a,ablation_l01_s2_swapall_rst_3d_dual3_p2p_r2_gate_trace-573d7a_b64_k8_isolated,isolated,ours,5,1,total_ms,62.187393,recorder
20260909-114553_perlmutter_8b85bc5a,ablation_l01_s2_swapall_rst_3d_dual3_p2p_r2_gate_trace-573d7a_b64_k8_isolated,isolated,ours,5,2,total_ms,63.003136,recorder
20260909-114553_perlmutter_8b85bc5a,ablation_l01_s2_swapall_rst_3d_dual3_p2p_r2_gate_trace-573d7a_b64_k8_isolated,isolated,ours,5,3,total_ms,62.263233,recorder
20260909-114553_perlmutter_8b85bc5a,ablation_l01_s2_swapall_rst_3d_dual3_p2p_r2_gate_trace-573d7a_b64_k8_isolated,isolated,ours,5,4,total_ms,64.074493,recorder
20260909-114553_perlmutter_8b85bc5a,ablation_l01_s2_swapall_rst_3d_dual3_p2p_r2_gate_trace-573d7a_b64_k8_isolated,isolated,ours,5,5,total_ms,61.709633,recorder
20260909-114553_perlmutter_8b85bc5a,ablation_l01_s2_swapall_rst_3d_dual3_p2p_r2_gate_trace-573d7a_b64_k8_isolated,isolated,ours,5,0,iso_sync_ms,2815.864375,recorder
20260909-114553_perlmutter_8b85bc5a,ablation_l01_s2_swapall_rst_3d_dual3_p2p_r2_gate_trace-573d7a_b64_k8_isolated,isolated,ours,5,1,iso_sync_ms,2387.965439,recorder
20260909-114553_perlmutter_8b85bc5a,ablation_l01_s2_swapall_rst_3d_dual3_p2p_r2_gate_trace-573d7a_b64_k8_isolated,isolated,ours,5,2,iso_sync_ms,2267.430921,recorder
20260909-114553_perlmutter_8b85bc5a,ablation_l01_s2_swapall_rst_3d_dual3_p2p_r2_gate_trace-573d7a_b64_k8_isolated,isolated,ours,5,3,iso_sync_ms,2207.279516,recorder
20260909-114553_perlmutter_8b85bc5a,ablation_l01_s2_swapall_rst_3d_dual3_p2p_r2_gate_trace-573d7a_b64_k8_isolated,isolated,ours,5,4,iso_sync_ms,2221.762318,recorder
20260909-114553_perlmutter_8b85bc5a,ablation_l01_s2_swapall_rst_3d_dual3_p2p_r2_gate_trace-573d7a_b64_k8_isolated,isolated,ours,5,5,iso_sync_ms,2252.234015,recorder
20260909-114553_perlmutter_8b85bc5a,ablation_l01_s2_swapall_rst_3d_dual3_p2p_r2_gate_trace-573d7a_b64_k8_isolated,isolated,ours,6,0,e2e_ms,56.946785,recorder
20260909-114553_perlmutter_8b85bc5a,ablation_l01_s2_swapall_rst_3d_dual3_p2p_r2_gate_trace-573d7a_b64_k8_isolated,isolated,ours,6,1,e2e_ms,56.660255,recorder
20260909-114553_perlmutter_8b85bc5a,ablation_l01_s2_swapall_rst_3d_dual3_p2p_r2_gate_trace-573d7a_b64_k8_isolated,isolated,ours,6,2,e2e_ms,58.050079,recorder
20260909-114553_perlmutter_8b85bc5a,ablation_l01_s2_swapall_rst_3d_dual3_p2p_r2_gate_trace-573d7a_b64_k8_isolated,isolated,ours,6,3,e2e_ms,56.154305,recorder
20260909-114553_perlmutter_8b85bc5a,ablation_l01_s2_swapall_rst_3d_dual3_p2p_r2_gate_trace-573d7a_b64_k8_isolated,isolated,ours,6,4,e2e_ms,58.989601,recorder
20260909-114553_perlmutter_8b85bc5a,ablation_l01_s2_swapall_rst_3d_dual3_p2p_r2_gate_trace-573d7a_b64_k8_isolated,isolated,ours,6,5,e2e_ms,56.351616,recorder
20260909-114553_perlmutter_8b85bc5a,ablation_l01_s2_swapall_rst_3d_dual3_p2p_r2_gate_trace-573d7a_b64_k8_isolated,isolated,ours,6,0,l0_ms,25.562431,recorder
20260909-114553_perlmutter_8b85bc5a,ablation_l01_s2_swapall_rst_3d_dual3_p2p_r2_gate_trace-573d7a_b64_k8_isolated,isolated,ours,6,1,l0_ms,24.846657,recorder
20260909-114553_perlmutter_8b85bc5a,ablation_l01_s2_swapall_rst_3d_dual3_p2p_r2_gate_trace-573d7a_b64_k8_isolated,isolated,ours,6,2,l0_ms,26.131329,recorder
20260909-114553_perlmutter_8b85bc5a,ablation_l01_s2_swapall_rst_3d_dual3_p2p_r2_gate_trace-573d7a_b64_k8_isolated,isolated,ours,6,3,l0_ms,24.783648,recorder
20260909-114553_perlmutter_8b85bc5a,ablation_l01_s2_swapall_rst_3d_dual3_p2p_r2_gate_trace-573d7a_b64_k8_isolated,isolated,ours,6,4,l0_ms,26.387104,recorder
20260909-114553_perlmutter_8b85bc5a,ablation_l01_s2_swapall_rst_3d_dual3_p2p_r2_gate_trace-573d7a_b64_k8_isolated,isolated,ours,6,5,l0_ms,24.068447,recorder
20260909-114553_perlmutter_8b85bc5a,ablation_l01_s2_swapall_rst_3d_dual3_p2p_r2_gate_trace-573d7a_b64_k8_isolated,isolated,ours,6,0,act_ms,0.185024,recorder
20260909-114553_perlmutter_8b85bc5a,ablation_l01_s2_swapall_rst_3d_dual3_p2p_r2_gate_trace-573d7a_b64_k8_isolated,isolated,ours,6,1,act_ms,0.184256,recorder
20260909-114553_perlmutter_8b85bc5a,ablation_l01_s2_swapall_rst_3d_dual3_p2p_r2_gate_trace-573d7a_b64_k8_isolated,isolated,ours,6,2,act_ms,0.184768,recorder
20260909-114553_perlmutter_8b85bc5a,ablation_l01_s2_swapall_rst_3d_dual3_p2p_r2_gate_trace-573d7a_b64_k8_isolated,isolated,ours,6,3,act_ms,0.185728,recorder
20260909-114553_perlmutter_8b85bc5a,ablation_l01_s2_swapall_rst_3d_dual3_p2p_r2_gate_trace-573d7a_b64_k8_isolated,isolated,ours,6,4,act_ms,0.184896,recorder
20260909-114553_perlmutter_8b85bc5a,ablation_l01_s2_swapall_rst_3d_dual3_p2p_r2_gate_trace-573d7a_b64_k8_isolated,isolated,ours,6,5,act_ms,0.181952,recorder
20260909-114553_perlmutter_8b85bc5a,ablation_l01_s2_swapall_rst_3d_dual3_p2p_r2_gate_trace-573d7a_b64_k8_isolated,isolated,ours,6,0,l1_ms,31.199327,recorder
20260909-114553_perlmutter_8b85bc5a,ablation_l01_s2_swapall_rst_3d_dual3_p2p_r2_gate_trace-573d7a_b64_k8_isolated,isolated,ours,6,1,l1_ms,31.629345,recorder
20260909-114553_perlmutter_8b85bc5a,ablation_l01_s2_swapall_rst_3d_dual3_p2p_r2_gate_trace-573d7a_b64_k8_isolated,isolated,ours,6,2,l1_ms,31.733984,recorder
20260909-114553_perlmutter_8b85bc5a,ablation_l01_s2_swapall_rst_3d_dual3_p2p_r2_gate_trace-573d7a_b64_k8_isolated,isolated,ours,6,3,l1_ms,31.184929,recorder
20260909-114553_perlmutter_8b85bc5a,ablation_l01_s2_swapall_rst_3d_dual3_p2p_r2_gate_trace-573d7a_b64_k8_isolated,isolated,ours,6,4,l1_ms,32.417599,recorder
20260909-114553_perlmutter_8b85bc5a,ablation_l01_s2_swapall_rst_3d_dual3_p2p_r2_gate_trace-573d7a_b64_k8_isolated,isolated,ours,6,5,l1_ms,32.101215,recorder
20260909-114553_perlmutter_8b85bc5a,ablation_l01_s2_swapall_rst_3d_dual3_p2p_r2_gate_trace-573d7a_b64_k8_isolated,isolated,ours,6,0,plan_comm_ms,0.644096,recorder
20260909-114553_perlmutter_8b85bc5a,ablation_l01_s2_swapall_rst_3d_dual3_p2p_r2_gate_trace-573d7a_b64_k8_isolated,isolated,ours,6,1,plan_comm_ms,0.449696,recorder
20260909-114553_perlmutter_8b85bc5a,ablation_l01_s2_swapall_rst_3d_dual3_p2p_r2_gate_trace-573d7a_b64_k8_isolated,isolated,ours,6,2,plan_comm_ms,0.236448,recorder
20260909-114553_perlmutter_8b85bc5a,ablation_l01_s2_swapall_rst_3d_dual3_p2p_r2_gate_trace-573d7a_b64_k8_isolated,isolated,ours,6,3,plan_comm_ms,0.574592,recorder
20260909-114553_perlmutter_8b85bc5a,ablation_l01_s2_swapall_rst_3d_dual3_p2p_r2_gate_trace-573d7a_b64_k8_isolated,isolated,ours,6,4,plan_comm_ms,0.213536,recorder
20260909-114553_perlmutter_8b85bc5a,ablation_l01_s2_swapall_rst_3d_dual3_p2p_r2_gate_trace-573d7a_b64_k8_isolated,isolated,ours,6,5,plan_comm_ms,0.477664,recorder
20260909-114553_perlmutter_8b85bc5a,ablation_l01_s2_swapall_rst_3d_dual3_p2p_r2_gate_trace-573d7a_b64_k8_isolated,isolated,ours,6,0,place_ms,2.413184,recorder
20260909-114553_perlmutter_8b85bc5a,ablation_l01_s2_swapall_rst_3d_dual3_p2p_r2_gate_trace-573d7a_b64_k8_isolated,isolated,ours,6,1,place_ms,2.362976,recorder
20260909-114553_perlmutter_8b85bc5a,ablation_l01_s2_swapall_rst_3d_dual3_p2p_r2_gate_trace-573d7a_b64_k8_isolated,isolated,ours,6,2,place_ms,2.437696,recorder
20260909-114553_perlmutter_8b85bc5a,ablation_l01_s2_swapall_rst_3d_dual3_p2p_r2_gate_trace-573d7a_b64_k8_isolated,isolated,ours,6,3,place_ms,2.376672,recorder
20260909-114553_perlmutter_8b85bc5a,ablation_l01_s2_swapall_rst_3d_dual3_p2p_r2_gate_trace-573d7a_b64_k8_isolated,isolated,ours,6,4,place_ms,2.443552,recorder
20260909-114553_perlmutter_8b85bc5a,ablation_l01_s2_swapall_rst_3d_dual3_p2p_r2_gate_trace-573d7a_b64_k8_isolated,isolated,ours,6,5,place_ms,2.41424,recorder
20260909-114553_perlmutter_8b85bc5a,ablation_l01_s2_swapall_rst_3d_dual3_p2p_r2_gate_trace-573d7a_b64_k8_isolated,isolated,ours,6,0,plan_ms,3.36656,recorder
20260909-114553_perlmutter_8b85bc5a,ablation_l01_s2_swapall_rst_3d_dual3_p2p_r2_gate_trace-573d7a_b64_k8_isolated,isolated,ours,6,1,plan_ms,2.730624,recorder
20260909-114553_perlmutter_8b85bc5a,ablation_l01_s2_swapall_rst_3d_dual3_p2p_r2_gate_trace-573d7a_b64_k8_isolated,isolated,ours,6,2,plan_ms,2.27072,recorder
20260909-114553_perlmutter_8b85bc5a,ablation_l01_s2_swapall_rst_3d_dual3_p2p_r2_gate_trace-573d7a_b64_k8_isolated,isolated,ours,6,3,plan_ms,3.137504,recorder
20260909-114553_perlmutter_8b85bc5a,ablation_l01_s2_swapall_rst_3d_dual3_p2p_r2_gate_trace-573d7a_b64_k8_isolated,isolated,ours,6,4,plan_ms,2.420832,recorder
20260909-114553_perlmutter_8b85bc5a,ablation_l01_s2_swapall_rst_3d_dual3_p2p_r2_gate_trace-573d7a_b64_k8_isolated,isolated,ours,6,5,plan_ms,2.446528,recorder
20260909-114553_perlmutter_8b85bc5a,ablation_l01_s2_swapall_rst_3d_dual3_p2p_r2_gate_trace-573d7a_b64_k8_isolated,isolated,ours,6,0,total_ms,63.373184,recorder
20260909-114553_perlmutter_8b85bc5a,ablation_l01_s2_swapall_rst_3d_dual3_p2p_r2_gate_trace-573d7a_b64_k8_isolated,isolated,ours,6,1,total_ms,62.206081,recorder
20260909-114553_perlmutter_8b85bc5a,ablation_l01_s2_swapall_rst_3d_dual3_p2p_r2_gate_trace-573d7a_b64_k8_isolated,isolated,ours,6,2,total_ms,62.997471,recorder
20260909-114553_perlmutter_8b85bc5a,ablation_l01_s2_swapall_rst_3d_dual3_p2p_r2_gate_trace-573d7a_b64_k8_isolated,isolated,ours,6,3,total_ms,62.245602,recorder
20260909-114553_perlmutter_8b85bc5a,ablation_l01_s2_swapall_rst_3d_dual3_p2p_r2_gate_trace-573d7a_b64_k8_isolated,isolated,ours,6,4,total_ms,64.070084,recorder
20260909-114553_perlmutter_8b85bc5a,ablation_l01_s2_swapall_rst_3d_dual3_p2p_r2_gate_trace-573d7a_b64_k8_isolated,isolated,ours,6,5,total_ms,61.692799,recorder
20260909-114553_perlmutter_8b85bc5a,ablation_l01_s2_swapall_rst_3d_dual3_p2p_r2_gate_trace-573d7a_b64_k8_isolated,isolated,ours,6,0,iso_sync_ms,3078.901339,recorder
20260909-114553_perlmutter_8b85bc5a,ablation_l01_s2_swapall_rst_3d_dual3_p2p_r2_gate_trace-573d7a_b64_k8_isolated,isolated,ours,6,1,iso_sync_ms,2425.998697,recorder
20260909-114553_perlmutter_8b85bc5a,ablation_l01_s2_swapall_rst_3d_dual3_p2p_r2_gate_trace-573d7a_b64_k8_isolated,isolated,ours,6,2,iso_sync_ms,2481.703177,recorder
20260909-114553_perlmutter_8b85bc5a,ablation_l01_s2_swapall_rst_3d_dual3_p2p_r2_gate_trace-573d7a_b64_k8_isolated,isolated,ours,6,3,iso_sync_ms,2514.534952,recorder
20260909-114553_perlmutter_8b85bc5a,ablation_l01_s2_swapall_rst_3d_dual3_p2p_r2_gate_trace-573d7a_b64_k8_isolated,isolated,ours,6,4,iso_sync_ms,2524.9783,recorder
20260909-114553_perlmutter_8b85bc5a,ablation_l01_s2_swapall_rst_3d_dual3_p2p_r2_gate_trace-573d7a_b64_k8_isolated,isolated,ours,6,5,iso_sync_ms,2477.589124,recorder
20260909-114553_perlmutter_8b85bc5a,ablation_l01_s2_swapall_rst_3d_dual3_p2p_r2_gate_trace-573d7a_b64_k8_isolated,isolated,ours,7,0,e2e_ms,56.946114,recorder
20260909-114553_perlmutter_8b85bc5a,ablation_l01_s2_swapall_rst_3d_dual3_p2p_r2_gate_trace-573d7a_b64_k8_isolated,isolated,ours,7,1,e2e_ms,56.494591,recorder
20260909-114553_perlmutter_8b85bc5a,ablation_l01_s2_swapall_rst_3d_dual3_p2p_r2_gate_trace-573d7a_b64_k8_isolated,isolated,ours,7,2,e2e_ms,57.891422,recorder
20260909-114553_perlmutter_8b85bc5a,ablation_l01_s2_swapall_rst_3d_dual3_p2p_r2_gate_trace-573d7a_b64_k8_isolated,isolated,ours,7,3,e2e_ms,55.884514,recorder
20260909-114553_perlmutter_8b85bc5a,ablation_l01_s2_swapall_rst_3d_dual3_p2p_r2_gate_trace-573d7a_b64_k8_isolated,isolated,ours,7,4,e2e_ms,58.828609,recorder
20260909-114553_perlmutter_8b85bc5a,ablation_l01_s2_swapall_rst_3d_dual3_p2p_r2_gate_trace-573d7a_b64_k8_isolated,isolated,ours,7,5,e2e_ms,56.212994,recorder
20260909-114553_perlmutter_8b85bc5a,ablation_l01_s2_swapall_rst_3d_dual3_p2p_r2_gate_trace-573d7a_b64_k8_isolated,isolated,ours,7,0,l0_ms,25.530527,recorder
20260909-114553_perlmutter_8b85bc5a,ablation_l01_s2_swapall_rst_3d_dual3_p2p_r2_gate_trace-573d7a_b64_k8_isolated,isolated,ours,7,1,l0_ms,24.844959,recorder
20260909-114553_perlmutter_8b85bc5a,ablation_l01_s2_swapall_rst_3d_dual3_p2p_r2_gate_trace-573d7a_b64_k8_isolated,isolated,ours,7,2,l0_ms,26.136608,recorder
20260909-114553_perlmutter_8b85bc5a,ablation_l01_s2_swapall_rst_3d_dual3_p2p_r2_gate_trace-573d7a_b64_k8_isolated,isolated,ours,7,3,l0_ms,24.673056,recorder
20260909-114553_perlmutter_8b85bc5a,ablation_l01_s2_swapall_rst_3d_dual3_p2p_r2_gate_trace-573d7a_b64_k8_isolated,isolated,ours,7,4,l0_ms,26.382463,recorder
20260909-114553_perlmutter_8b85bc5a,ablation_l01_s2_swapall_rst_3d_dual3_p2p_r2_gate_trace-573d7a_b64_k8_isolated,isolated,ours,7,5,l0_ms,24.080608,recorder
20260909-114553_perlmutter_8b85bc5a,ablation_l01_s2_swapall_rst_3d_dual3_p2p_r2_gate_trace-573d7a_b64_k8_isolated,isolated,ours,7,0,act_ms,0.180576,recorder
20260909-114553_perlmutter_8b85bc5a,ablation_l01_s2_swapall_rst_3d_dual3_p2p_r2_gate_trace-573d7a_b64_k8_isolated,isolated,ours,7,1,act_ms,0.181792,recorder
20260909-114553_perlmutter_8b85bc5a,ablation_l01_s2_swapall_rst_3d_dual3_p2p_r2_gate_trace-573d7a_b64_k8_isolated,isolated,ours,7,2,act_ms,0.181568,recorder
20260909-114553_perlmutter_8b85bc5a,ablation_l01_s2_swapall_rst_3d_dual3_p2p_r2_gate_trace-573d7a_b64_k8_isolated,isolated,ours,7,3,act_ms,0.18336,recorder
20260909-114553_perlmutter_8b85bc5a,ablation_l01_s2_swapall_rst_3d_dual3_p2p_r2_gate_trace-573d7a_b64_k8_isolated,isolated,ours,7,4,act_ms,0.180032,recorder
20260909-114553_perlmutter_8b85bc5a,ablation_l01_s2_swapall_rst_3d_dual3_p2p_r2_gate_trace-573d7a_b64_k8_isolated,isolated,ours,7,5,act_ms,0.18144,recorder
20260909-114553_perlmutter_8b85bc5a,ablation_l01_s2_swapall_rst_3d_dual3_p2p_r2_gate_trace-573d7a_b64_k8_isolated,isolated,ours,7,0,l1_ms,31.235008,recorder
20260909-114553_perlmutter_8b85bc5a,ablation_l01_s2_swapall_rst_3d_dual3_p2p_r2_gate_trace-573d7a_b64_k8_isolated,isolated,ours,7,1,l1_ms,31.46784,recorder
20260909-114553_perlmutter_8b85bc5a,ablation_l01_s2_swapall_rst_3d_dual3_p2p_r2_gate_trace-573d7a_b64_k8_isolated,isolated,ours,7,2,l1_ms,31.573248,recorder
20260909-114553_perlmutter_8b85bc5a,ablation_l01_s2_swapall_rst_3d_dual3_p2p_r2_gate_trace-573d7a_b64_k8_isolated,isolated,ours,7,3,l1_ms,31.028095,recorder
20260909-114553_perlmutter_8b85bc5a,ablation_l01_s2_swapall_rst_3d_dual3_p2p_r2_gate_trace-573d7a_b64_k8_isolated,isolated,ours,7,4,l1_ms,32.266113,recorder
20260909-114553_perlmutter_8b85bc5a,ablation_l01_s2_swapall_rst_3d_dual3_p2p_r2_gate_trace-573d7a_b64_k8_isolated,isolated,ours,7,5,l1_ms,31.950945,recorder
20260909-114553_perlmutter_8b85bc5a,ablation_l01_s2_swapall_rst_3d_dual3_p2p_r2_gate_trace-573d7a_b64_k8_isolated,isolated,ours,7,0,plan_comm_ms,0.65424,recorder
20260909-114553_perlmutter_8b85bc5a,ablation_l01_s2_swapall_rst_3d_dual3_p2p_r2_gate_trace-573d7a_b64_k8_isolated,isolated,ours,7,1,plan_comm_ms,0.449824,recorder
20260909-114553_perlmutter_8b85bc5a,ablation_l01_s2_swapall_rst_3d_dual3_p2p_r2_gate_trace-573d7a_b64_k8_isolated,isolated,ours,7,2,plan_comm_ms,0.236704,recorder
20260909-114553_perlmutter_8b85bc5a,ablation_l01_s2_swapall_rst_3d_dual3_p2p_r2_gate_trace-573d7a_b64_k8_isolated,isolated,ours,7,3,plan_comm_ms,0.555456,recorder
20260909-114553_perlmutter_8b85bc5a,ablation_l01_s2_swapall_rst_3d_dual3_p2p_r2_gate_trace-573d7a_b64_k8_isolated,isolated,ours,7,4,plan_comm_ms,0.232576,recorder
20260909-114553_perlmutter_8b85bc5a,ablation_l01_s2_swapall_rst_3d_dual3_p2p_r2_gate_trace-573d7a_b64_k8_isolated,isolated,ours,7,5,plan_comm_ms,0.507584,recorder
20260909-114553_perlmutter_8b85bc5a,ablation_l01_s2_swapall_rst_3d_dual3_p2p_r2_gate_trace-573d7a_b64_k8_isolated,isolated,ours,7,0,place_ms,2.435744,recorder
20260909-114553_perlmutter_8b85bc5a,ablation_l01_s2_swapall_rst_3d_dual3_p2p_r2_gate_trace-573d7a_b64_k8_isolated,isolated,ours,7,1,place_ms,2.366816,recorder
20260909-114553_perlmutter_8b85bc5a,ablation_l01_s2_swapall_rst_3d_dual3_p2p_r2_gate_trace-573d7a_b64_k8_isolated,isolated,ours,7,2,place_ms,2.397888,recorder
20260909-114553_perlmutter_8b85bc5a,ablation_l01_s2_swapall_rst_3d_dual3_p2p_r2_gate_trace-573d7a_b64_k8_isolated,isolated,ours,7,3,place_ms,2.671712,recorder
20260909-114553_perlmutter_8b85bc5a,ablation_l01_s2_swapall_rst_3d_dual3_p2p_r2_gate_trace-573d7a_b64_k8_isolated,isolated,ours,7,4,place_ms,2.444928,recorder
20260909-114553_perlmutter_8b85bc5a,ablation_l01_s2_swapall_rst_3d_dual3_p2p_r2_gate_trace-573d7a_b64_k8_isolated,isolated,ours,7,5,place_ms,2.486208,recorder
20260909-114553_perlmutter_8b85bc5a,ablation_l01_s2_swapall_rst_3d_dual3_p2p_r2_gate_trace-573d7a_b64_k8_isolated,isolated,ours,7,0,plan_ms,3.385472,recorder
20260909-114553_perlmutter_8b85bc5a,ablation_l01_s2_swapall_rst_3d_dual3_p2p_r2_gate_trace-573d7a_b64_k8_isolated,isolated,ours,7,1,plan_ms,2.740576,recorder
20260909-114553_perlmutter_8b85bc5a,ablation_l01_s2_swapall_rst_3d_dual3_p2p_r2_gate_trace-573d7a_b64_k8_isolated,isolated,ours,7,2,plan_ms,2.326336,recorder
20260909-114553_perlmutter_8b85bc5a,ablation_l01_s2_swapall_rst_3d_dual3_p2p_r2_gate_trace-573d7a_b64_k8_isolated,isolated,ours,7,3,plan_ms,2.964288,recorder
20260909-114553_perlmutter_8b85bc5a,ablation_l01_s2_swapall_rst_3d_dual3_p2p_r2_gate_trace-573d7a_b64_k8_isolated,isolated,ours,7,4,plan_ms,2.42752,recorder
20260909-114553_perlmutter_8b85bc5a,ablation_l01_s2_swapall_rst_3d_dual3_p2p_r2_gate_trace-573d7a_b64_k8_isolated,isolated,ours,7,5,plan_ms,2.363264,recorder
20260909-114553_perlmutter_8b85bc5a,ablation_l01_s2_swapall_rst_3d_dual3_p2p_r2_gate_trace-573d7a_b64_k8_isolated,isolated,ours,7,0,total_ms,63.42403,recorder
20260909-114553_perlmutter_8b85bc5a,ablation_l01_s2_swapall_rst_3d_dual3_p2p_r2_gate_trace-573d7a_b64_k8_isolated,isolated,ours,7,1,total_ms,62.054657,recorder
20260909-114553_perlmutter_8b85bc5a,ablation_l01_s2_swapall_rst_3d_dual3_p2p_r2_gate_trace-573d7a_b64_k8_isolated,isolated,ours,7,2,total_ms,62.854816,recorder
20260909-114553_perlmutter_8b85bc5a,ablation_l01_s2_swapall_rst_3d_dual3_p2p_r2_gate_trace-573d7a_b64_k8_isolated,isolated,ours,7,3,total_ms,62.07843,recorder
20260909-114553_perlmutter_8b85bc5a,ablation_l01_s2_swapall_rst_3d_dual3_p2p_r2_gate_trace-573d7a_b64_k8_isolated,isolated,ours,7,4,total_ms,63.936863,recorder
20260909-114553_perlmutter_8b85bc5a,ablation_l01_s2_swapall_rst_3d_dual3_p2p_r2_gate_trace-573d7a_b64_k8_isolated,isolated,ours,7,5,total_ms,61.572514,recorder
20260909-114553_perlmutter_8b85bc5a,ablation_l01_s2_swapall_rst_3d_dual3_p2p_r2_gate_trace-573d7a_b64_k8_isolated,isolated,ours,7,0,iso_sync_ms,2341.351638,recorder
20260909-114553_perlmutter_8b85bc5a,ablation_l01_s2_swapall_rst_3d_dual3_p2p_r2_gate_trace-573d7a_b64_k8_isolated,isolated,ours,7,1,iso_sync_ms,2340.201455,recorder
20260909-114553_perlmutter_8b85bc5a,ablation_l01_s2_swapall_rst_3d_dual3_p2p_r2_gate_trace-573d7a_b64_k8_isolated,isolated,ours,7,2,iso_sync_ms,2393.678922,recorder
20260909-114553_perlmutter_8b85bc5a,ablation_l01_s2_swapall_rst_3d_dual3_p2p_r2_gate_trace-573d7a_b64_k8_isolated,isolated,ours,7,3,iso_sync_ms,2214.858373,recorder
20260909-114553_perlmutter_8b85bc5a,ablation_l01_s2_swapall_rst_3d_dual3_p2p_r2_gate_trace-573d7a_b64_k8_isolated,isolated,ours,7,4,iso_sync_ms,2172.24515,recorder
20260909-114553_perlmutter_8b85bc5a,ablation_l01_s2_swapall_rst_3d_dual3_p2p_r2_gate_trace-573d7a_b64_k8_isolated,isolated,ours,7,5,iso_sync_ms,2246.865568,recorder
20260909-114553_perlmutter_8b85bc5a,ablation_l01_s2_swapall_rst_3d_dual3_p2p_r2_gate_trace-573d7a_b64_k8_isolated,isolated,ours,8,0,e2e_ms,57.032097,recorder
20260909-114553_perlmutter_8b85bc5a,ablation_l01_s2_swapall_rst_3d_dual3_p2p_r2_gate_trace-573d7a_b64_k8_isolated,isolated,ours,8,1,e2e_ms,56.548897,recorder
20260909-114553_perlmutter_8b85bc5a,ablation_l01_s2_swapall_rst_3d_dual3_p2p_r2_gate_trace-573d7a_b64_k8_isolated,isolated,ours,8,2,e2e_ms,57.974434,recorder
20260909-114553_perlmutter_8b85bc5a,ablation_l01_s2_swapall_rst_3d_dual3_p2p_r2_gate_trace-573d7a_b64_k8_isolated,isolated,ours,8,3,e2e_ms,56.072063,recorder
20260909-114553_perlmutter_8b85bc5a,ablation_l01_s2_swapall_rst_3d_dual3_p2p_r2_gate_trace-573d7a_b64_k8_isolated,isolated,ours,8,4,e2e_ms,58.913311,recorder
20260909-114553_perlmutter_8b85bc5a,ablation_l01_s2_swapall_rst_3d_dual3_p2p_r2_gate_trace-573d7a_b64_k8_isolated,isolated,ours,8,5,e2e_ms,56.091778,recorder
20260909-114553_perlmutter_8b85bc5a,ablation_l01_s2_swapall_rst_3d_dual3_p2p_r2_gate_trace-573d7a_b64_k8_isolated,isolated,ours,8,0,l0_ms,25.425152,recorder
20260909-114553_perlmutter_8b85bc5a,ablation_l01_s2_swapall_rst_3d_dual3_p2p_r2_gate_trace-573d7a_b64_k8_isolated,isolated,ours,8,1,l0_ms,24.706783,recorder
20260909-114553_perlmutter_8b85bc5a,ablation_l01_s2_swapall_rst_3d_dual3_p2p_r2_gate_trace-573d7a_b64_k8_isolated,isolated,ours,8,2,l0_ms,26.031361,recorder
20260909-114553_perlmutter_8b85bc5a,ablation_l01_s2_swapall_rst_3d_dual3_p2p_r2_gate_trace-573d7a_b64_k8_isolated,isolated,ours,8,3,l0_ms,24.669312,recorder
20260909-114553_perlmutter_8b85bc5a,ablation_l01_s2_swapall_rst_3d_dual3_p2p_r2_gate_trace-573d7a_b64_k8_isolated,isolated,ours,8,4,l0_ms,26.438496,recorder
20260909-114553_perlmutter_8b85bc5a,ablation_l01_s2_swapall_rst_3d_dual3_p2p_r2_gate_trace-573d7a_b64_k8_isolated,isolated,ours,8,5,l0_ms,23.769407,recorder
20260909-114553_perlmutter_8b85bc5a,ablation_l01_s2_swapall_rst_3d_dual3_p2p_r2_gate_trace-573d7a_b64_k8_isolated,isolated,ours,8,0,act_ms,0.306912,recorder
20260909-114553_perlmutter_8b85bc5a,ablation_l01_s2_swapall_rst_3d_dual3_p2p_r2_gate_trace-573d7a_b64_k8_isolated,isolated,ours,8,1,act_ms,0.304224,recorder
20260909-114553_perlmutter_8b85bc5a,ablation_l01_s2_swapall_rst_3d_dual3_p2p_r2_gate_trace-573d7a_b64_k8_isolated,isolated,ours,8,2,act_ms,0.304576,recorder
20260909-114553_perlmutter_8b85bc5a,ablation_l01_s2_swapall_rst_3d_dual3_p2p_r2_gate_trace-573d7a_b64_k8_isolated,isolated,ours,8,3,act_ms,0.305856,recorder
20260909-114553_perlmutter_8b85bc5a,ablation_l01_s2_swapall_rst_3d_dual3_p2p_r2_gate_trace-573d7a_b64_k8_isolated,isolated,ours,8,4,act_ms,0.305408,recorder
20260909-114553_perlmutter_8b85bc5a,ablation_l01_s2_swapall_rst_3d_dual3_p2p_r2_gate_trace-573d7a_b64_k8_isolated,isolated,ours,8,5,act_ms,0.303136,recorder
20260909-114553_perlmutter_8b85bc5a,ablation_l01_s2_swapall_rst_3d_dual3_p2p_r2_gate_trace-573d7a_b64_k8_isolated,isolated,ours,8,0,l1_ms,31.300032,recorder
20260909-114553_perlmutter_8b85bc5a,ablation_l01_s2_swapall_rst_3d_dual3_p2p_r2_gate_trace-573d7a_b64_k8_isolated,isolated,ours,8,1,l1_ms,31.537888,recorder
20260909-114553_perlmutter_8b85bc5a,ablation_l01_s2_swapall_rst_3d_dual3_p2p_r2_gate_trace-573d7a_b64_k8_isolated,isolated,ours,8,2,l1_ms,31.638496,recorder
20260909-114553_perlmutter_8b85bc5a,ablation_l01_s2_swapall_rst_3d_dual3_p2p_r2_gate_trace-573d7a_b64_k8_isolated,isolated,ours,8,3,l1_ms,31.096895,recorder
20260909-114553_perlmutter_8b85bc5a,ablation_l01_s2_swapall_rst_3d_dual3_p2p_r2_gate_trace-573d7a_b64_k8_isolated,isolated,ours,8,4,l1_ms,32.169407,recorder
20260909-114553_perlmutter_8b85bc5a,ablation_l01_s2_swapall_rst_3d_dual3_p2p_r2_gate_trace-573d7a_b64_k8_isolated,isolated,ours,8,5,l1_ms,32.019234,recorder
20260909-114553_perlmutter_8b85bc5a,ablation_l01_s2_swapall_rst_3d_dual3_p2p_r2_gate_trace-573d7a_b64_k8_isolated,isolated,ours,8,0,plan_comm_ms,0.643776,recorder
20260909-114553_perlmutter_8b85bc5a,ablation_l01_s2_swapall_rst_3d_dual3_p2p_r2_gate_trace-573d7a_b64_k8_isolated,isolated,ours,8,1,plan_comm_ms,0.509984,recorder
20260909-114553_perlmutter_8b85bc5a,ablation_l01_s2_swapall_rst_3d_dual3_p2p_r2_gate_trace-573d7a_b64_k8_isolated,isolated,ours,8,2,plan_comm_ms,0.240672,recorder
20260909-114553_perlmutter_8b85bc5a,ablation_l01_s2_swapall_rst_3d_dual3_p2p_r2_gate_trace-573d7a_b64_k8_isolated,isolated,ours,8,3,plan_comm_ms,0.62304,recorder
20260909-114553_perlmutter_8b85bc5a,ablation_l01_s2_swapall_rst_3d_dual3_p2p_r2_gate_trace-573d7a_b64_k8_isolated,isolated,ours,8,4,plan_comm_ms,0.23824,recorder
20260909-114553_perlmutter_8b85bc5a,ablation_l01_s2_swapall_rst_3d_dual3_p2p_r2_gate_trace-573d7a_b64_k8_isolated,isolated,ours,8,5,plan_comm_ms,0.366688,recorder
20260909-114553_perlmutter_8b85bc5a,ablation_l01_s2_swapall_rst_3d_dual3_p2p_r2_gate_trace-573d7a_b64_k8_isolated,isolated,ours,8,0,place_ms,2.423104,recorder
20260909-114553_perlmutter_8b85bc5a,ablation_l01_s2_swapall_rst_3d_dual3_p2p_r2_gate_trace-573d7a_b64_k8_isolated,isolated,ours,8,1,place_ms,2.404896,recorder
20260909-114553_perlmutter_8b85bc5a,ablation_l01_s2_swapall_rst_3d_dual3_p2p_r2_gate_trace-573d7a_b64_k8_isolated,isolated,ours,8,2,place_ms,2.33872,recorder
20260909-114553_perlmutter_8b85bc5a,ablation_l01_s2_swapall_rst_3d_dual3_p2p_r2_gate_trace-573d7a_b64_k8_isolated,isolated,ours,8,3,place_ms,2.327168,recorder
20260909-114553_perlmutter_8b85bc5a,ablation_l01_s2_swapall_rst_3d_dual3_p2p_r2_gate_trace-573d7a_b64_k8_isolated,isolated,ours,8,4,place_ms,2.420448,recorder
20260909-114553_perlmutter_8b85bc5a,ablation_l01_s2_swapall_rst_3d_dual3_p2p_r2_gate_trace-573d7a_b64_k8_isolated,isolated,ours,8,5,place_ms,2.62384,recorder
20260909-114553_perlmutter_8b85bc5a,ablation_l01_s2_swapall_rst_3d_dual3_p2p_r2_gate_trace-573d7a_b64_k8_isolated,isolated,ours,8,0,plan_ms,3.342016,recorder
20260909-114553_perlmutter_8b85bc5a,ablation_l01_s2_swapall_rst_3d_dual3_p2p_r2_gate_trace-573d7a_b64_k8_isolated,isolated,ours,8,1,plan_ms,2.683104,recorder
20260909-114553_perlmutter_8b85bc5a,ablation_l01_s2_swapall_rst_3d_dual3_p2p_r2_gate_trace-573d7a_b64_k8_isolated,isolated,ours,8,2,plan_ms,2.35232,recorder
20260909-114553_perlmutter_8b85bc5a,ablation_l01_s2_swapall_rst_3d_dual3_p2p_r2_gate_trace-573d7a_b64_k8_isolated,isolated,ours,8,3,plan_ms,3.150912,recorder
20260909-114553_perlmutter_8b85bc5a,ablation_l01_s2_swapall_rst_3d_dual3_p2p_r2_gate_trace-573d7a_b64_k8_isolated,isolated,ours,8,4,plan_ms,2.399072,recorder
20260909-114553_perlmutter_8b85bc5a,ablation_l01_s2_swapall_rst_3d_dual3_p2p_r2_gate_trace-573d7a_b64_k8_isolated,isolated,ours,8,5,plan_ms,2.37296,recorder
20260909-114553_perlmutter_8b85bc5a,ablation_l01_s2_swapall_rst_3d_dual3_p2p_r2_gate_trace-573d7a_b64_k8_isolated,isolated,ours,8,0,total_ms,63.443615,recorder
20260909-114553_perlmutter_8b85bc5a,ablation_l01_s2_swapall_rst_3d_dual3_p2p_r2_gate_trace-573d7a_b64_k8_isolated,isolated,ours,8,1,total_ms,62.149536,recorder
20260909-114553_perlmutter_8b85bc5a,ablation_l01_s2_swapall_rst_3d_dual3_p2p_r2_gate_trace-573d7a_b64_k8_isolated,isolated,ours,8,2,total_ms,62.909088,recorder
20260909-114553_perlmutter_8b85bc5a,ablation_l01_s2_swapall_rst_3d_dual3_p2p_r2_gate_trace-573d7a_b64_k8_isolated,isolated,ours,8,3,total_ms,62.175838,recorder
20260909-114553_perlmutter_8b85bc5a,ablation_l01_s2_swapall_rst_3d_dual3_p2p_r2_gate_trace-573d7a_b64_k8_isolated,isolated,ours,8,4,total_ms,63.973858,recorder
20260909-114553_perlmutter_8b85bc5a,ablation_l01_s2_swapall_rst_3d_dual3_p2p_r2_gate_trace-573d7a_b64_k8_isolated,isolated,ours,8,5,total_ms,61.45792,recorder
20260909-114553_perlmutter_8b85bc5a,ablation_l01_s2_swapall_rst_3d_dual3_p2p_r2_gate_trace-573d7a_b64_k8_isolated,isolated,ours,8,0,iso_sync_ms,1794.377832,recorder
20260909-114553_perlmutter_8b85bc5a,ablation_l01_s2_swapall_rst_3d_dual3_p2p_r2_gate_trace-573d7a_b64_k8_isolated,isolated,ours,8,1,iso_sync_ms,1799.032735,recorder
20260909-114553_perlmutter_8b85bc5a,ablation_l01_s2_swapall_rst_3d_dual3_p2p_r2_gate_trace-573d7a_b64_k8_isolated,isolated,ours,8,2,iso_sync_ms,1850.280897,recorder
20260909-114553_perlmutter_8b85bc5a,ablation_l01_s2_swapall_rst_3d_dual3_p2p_r2_gate_trace-573d7a_b64_k8_isolated,isolated,ours,8,3,iso_sync_ms,1824.233205,recorder
20260909-114553_perlmutter_8b85bc5a,ablation_l01_s2_swapall_rst_3d_dual3_p2p_r2_gate_trace-573d7a_b64_k8_isolated,isolated,ours,8,4,iso_sync_ms,1820.138838,recorder
20260909-114553_perlmutter_8b85bc5a,ablation_l01_s2_swapall_rst_3d_dual3_p2p_r2_gate_trace-573d7a_b64_k8_isolated,isolated,ours,8,5,iso_sync_ms,1819.331832,recorder
20260909-114553_perlmutter_8b85bc5a,ablation_l01_s2_swapall_rst_3d_dual3_p2p_r2_gate_trace-573d7a_b64_k8_isolated,isolated,ours,9,0,e2e_ms,57.018913,recorder
20260909-114553_perlmutter_8b85bc5a,ablation_l01_s2_swapall_rst_3d_dual3_p2p_r2_gate_trace-573d7a_b64_k8_isolated,isolated,ours,9,1,e2e_ms,56.570465,recorder
20260909-114553_perlmutter_8b85bc5a,ablation_l01_s2_swapall_rst_3d_dual3_p2p_r2_gate_trace-573d7a_b64_k8_isolated,isolated,ours,9,2,e2e_ms,57.977535,recorder
20260909-114553_perlmutter_8b85bc5a,ablation_l01_s2_swapall_rst_3d_dual3_p2p_r2_gate_trace-573d7a_b64_k8_isolated,isolated,ours,9,3,e2e_ms,55.967167,recorder
20260909-114553_perlmutter_8b85bc5a,ablation_l01_s2_swapall_rst_3d_dual3_p2p_r2_gate_trace-573d7a_b64_k8_isolated,isolated,ours,9,4,e2e_ms,58.931583,recorder
20260909-114553_perlmutter_8b85bc5a,ablation_l01_s2_swapall_rst_3d_dual3_p2p_r2_gate_trace-573d7a_b64_k8_isolated,isolated,ours,9,5,e2e_ms,56.232513,recorder
20260909-114553_perlmutter_8b85bc5a,ablation_l01_s2_swapall_rst_3d_dual3_p2p_r2_gate_trace-573d7a_b64_k8_isolated,isolated,ours,9,0,l0_ms,25.445568,recorder
20260909-114553_perlmutter_8b85bc5a,ablation_l01_s2_swapall_rst_3d_dual3_p2p_r2_gate_trace-573d7a_b64_k8_isolated,isolated,ours,9,1,l0_ms,24.736864,recorder
20260909-114553_perlmutter_8b85bc5a,ablation_l01_s2_swapall_rst_3d_dual3_p2p_r2_gate_trace-573d7a_b64_k8_isolated,isolated,ours,9,2,l0_ms,26.038048,recorder
20260909-114553_perlmutter_8b85bc5a,ablation_l01_s2_swapall_rst_3d_dual3_p2p_r2_gate_trace-573d7a_b64_k8_isolated,isolated,ours,9,3,l0_ms,24.569376,recorder
20260909-114553_perlmutter_8b85bc5a,ablation_l01_s2_swapall_rst_3d_dual3_p2p_r2_gate_trace-573d7a_b64_k8_isolated,isolated,ours,9,4,l0_ms,26.268513,recorder
20260909-114553_perlmutter_8b85bc5a,ablation_l01_s2_swapall_rst_3d_dual3_p2p_r2_gate_trace-573d7a_b64_k8_isolated,isolated,ours,9,5,l0_ms,23.9184,recorder
20260909-114553_perlmutter_8b85bc5a,ablation_l01_s2_swapall_rst_3d_dual3_p2p_r2_gate_trace-573d7a_b64_k8_isolated,isolated,ours,9,0,act_ms,0.304224,recorder
20260909-114553_perlmutter_8b85bc5a,ablation_l01_s2_swapall_rst_3d_dual3_p2p_r2_gate_trace-573d7a_b64_k8_isolated,isolated,ours,9,1,act_ms,0.303104,recorder
20260909-114553_perlmutter_8b85bc5a,ablation_l01_s2_swapall_rst_3d_dual3_p2p_r2_gate_trace-573d7a_b64_k8_isolated,isolated,ours,9,2,act_ms,0.304384,recorder
20260909-114553_perlmutter_8b85bc5a,ablation_l01_s2_swapall_rst_3d_dual3_p2p_r2_gate_trace-573d7a_b64_k8_isolated,isolated,ours,9,3,act_ms,0.30368,recorder
20260909-114553_perlmutter_8b85bc5a,ablation_l01_s2_swapall_rst_3d_dual3_p2p_r2_gate_trace-573d7a_b64_k8_isolated,isolated,ours,9,4,act_ms,0.303776,recorder
20260909-114553_perlmutter_8b85bc5a,ablation_l01_s2_swapall_rst_3d_dual3_p2p_r2_gate_trace-573d7a_b64_k8_isolated,isolated,ours,9,5,act_ms,0.302464,recorder
20260909-114553_perlmutter_8b85bc5a,ablation_l01_s2_swapall_rst_3d_dual3_p2p_r2_gate_trace-573d7a_b64_k8_isolated,isolated,ours,9,0,l1_ms,31.269119,recorder
20260909-114553_perlmutter_8b85bc5a,ablation_l01_s2_swapall_rst_3d_dual3_p2p_r2_gate_trace-573d7a_b64_k8_isolated,isolated,ours,9,1,l1_ms,31.530497,recorder
20260909-114553_perlmutter_8b85bc5a,ablation_l01_s2_swapall_rst_3d_dual3_p2p_r2_gate_trace-573d7a_b64_k8_isolated,isolated,ours,9,2,l1_ms,31.635103,recorder
20260909-114553_perlmutter_8b85bc5a,ablation_l01_s2_swapall_rst_3d_dual3_p2p_r2_gate_trace-573d7a_b64_k8_isolated,isolated,ours,9,3,l1_ms,31.094112,recorder
20260909-114553_perlmutter_8b85bc5a,ablation_l01_s2_swapall_rst_3d_dual3_p2p_r2_gate_trace-573d7a_b64_k8_isolated,isolated,ours,9,4,l1_ms,32.359295,recorder
20260909-114553_perlmutter_8b85bc5a,ablation_l01_s2_swapall_rst_3d_dual3_p2p_r2_gate_trace-573d7a_b64_k8_isolated,isolated,ours,9,5,l1_ms,32.011646,recorder
20260909-114553_perlmutter_8b85bc5a,ablation_l01_s2_swapall_rst_3d_dual3_p2p_r2_gate_trace-573d7a_b64_k8_isolated,isolated,ours,9,0,plan_comm_ms,0.676832,recorder
20260909-114553_perlmutter_8b85bc5a,ablation_l01_s2_swapall_rst_3d_dual3_p2p_r2_gate_trace-573d7a_b64_k8_isolated,isolated,ours,9,1,plan_comm_ms,0.434592,recorder
20260909-114553_perlmutter_8b85bc5a,ablation_l01_s2_swapall_rst_3d_dual3_p2p_r2_gate_trace-573d7a_b64_k8_isolated,isolated,ours,9,2,plan_comm_ms,0.233696,recorder
20260909-114553_perlmutter_8b85bc5a,ablation_l01_s2_swapall_rst_3d_dual3_p2p_r2_gate_trace-573d7a_b64_k8_isolated,isolated,ours,9,3,plan_comm_ms,0.518272,recorder
20260909-114553_perlmutter_8b85bc5a,ablation_l01_s2_swapall_rst_3d_dual3_p2p_r2_gate_trace-573d7a_b64_k8_isolated,isolated,ours,9,4,plan_comm_ms,0.256416,recorder
20260909-114553_perlmutter_8b85bc5a,ablation_l01_s2_swapall_rst_3d_dual3_p2p_r2_gate_trace-573d7a_b64_k8_isolated,isolated,ours,9,5,plan_comm_ms,0.510688,recorder
20260909-114553_perlmutter_8b85bc5a,ablation_l01_s2_swapall_rst_3d_dual3_p2p_r2_gate_trace-573d7a_b64_k8_isolated,isolated,ours,9,0,place_ms,2.391712,recorder
20260909-114553_perlmutter_8b85bc5a,ablation_l01_s2_swapall_rst_3d_dual3_p2p_r2_gate_trace-573d7a_b64_k8_isolated,isolated,ours,9,1,place_ms,2.458048,recorder
20260909-114553_perlmutter_8b85bc5a,ablation_l01_s2_swapall_rst_3d_dual3_p2p_r2_gate_trace-573d7a_b64_k8_isolated,isolated,ours,9,2,place_ms,2.425536,recorder
20260909-114553_perlmutter_8b85bc5a,ablation_l01_s2_swapall_rst_3d_dual3_p2p_r2_gate_trace-573d7a_b64_k8_isolated,isolated,ours,9,3,place_ms,2.70864,recorder
20260909-114553_perlmutter_8b85bc5a,ablation_l01_s2_swapall_rst_3d_dual3_p2p_r2_gate_trace-573d7a_b64_k8_isolated,isolated,ours,9,4,place_ms,2.37904,recorder
20260909-114553_perlmutter_8b85bc5a,ablation_l01_s2_swapall_rst_3d_dual3_p2p_r2_gate_trace-573d7a_b64_k8_isolated,isolated,ours,9,5,place_ms,2.382656,recorder
20260909-114553_perlmutter_8b85bc5a,ablation_l01_s2_swapall_rst_3d_dual3_p2p_r2_gate_trace-573d7a_b64_k8_isolated,isolated,ours,9,0,plan_ms,3.394304,recorder
20260909-114553_perlmutter_8b85bc5a,ablation_l01_s2_swapall_rst_3d_dual3_p2p_r2_gate_trace-573d7a_b64_k8_isolated,isolated,ours,9,1,plan_ms,2.644416,recorder
20260909-114553_perlmutter_8b85bc5a,ablation_l01_s2_swapall_rst_3d_dual3_p2p_r2_gate_trace-573d7a_b64_k8_isolated,isolated,ours,9,2,plan_ms,2.291008,recorder
20260909-114553_perlmutter_8b85bc5a,ablation_l01_s2_swapall_rst_3d_dual3_p2p_r2_gate_trace-573d7a_b64_k8_isolated,isolated,ours,9,3,plan_ms,2.909024,recorder
20260909-114553_perlmutter_8b85bc5a,ablation_l01_s2_swapall_rst_3d_dual3_p2p_r2_gate_trace-573d7a_b64_k8_isolated,isolated,ours,9,4,plan_ms,2.450432,recorder
20260909-114553_perlmutter_8b85bc5a,ablation_l01_s2_swapall_rst_3d_dual3_p2p_r2_gate_trace-573d7a_b64_k8_isolated,isolated,ours,9,5,plan_ms,2.517088,recorder
20260909-114553_perlmutter_8b85bc5a,ablation_l01_s2_swapall_rst_3d_dual3_p2p_r2_gate_trace-573d7a_b64_k8_isolated,isolated,ours,9,0,total_ms,63.484577,recorder
20260909-114553_perlmutter_8b85bc5a,ablation_l01_s2_swapall_rst_3d_dual3_p2p_r2_gate_trace-573d7a_b64_k8_isolated,isolated,ours,9,1,total_ms,62.110207,recorder
20260909-114553_perlmutter_8b85bc5a,ablation_l01_s2_swapall_rst_3d_dual3_p2p_r2_gate_trace-573d7a_b64_k8_isolated,isolated,ours,9,2,total_ms,62.930336,recorder
20260909-114553_perlmutter_8b85bc5a,ablation_l01_s2_swapall_rst_3d_dual3_p2p_r2_gate_trace-573d7a_b64_k8_isolated,isolated,ours,9,3,total_ms,62.105663,recorder
20260909-114553_perlmutter_8b85bc5a,ablation_l01_s2_swapall_rst_3d_dual3_p2p_r2_gate_trace-573d7a_b64_k8_isolated,isolated,ours,9,4,total_ms,64.020035,recorder
20260909-114553_perlmutter_8b85bc5a,ablation_l01_s2_swapall_rst_3d_dual3_p2p_r2_gate_trace-573d7a_b64_k8_isolated,isolated,ours,9,5,total_ms,61.645535,recorder
20260909-114553_perlmutter_8b85bc5a,ablation_l01_s2_swapall_rst_3d_dual3_p2p_r2_gate_trace-573d7a_b64_k8_isolated,isolated,ours,9,0,iso_sync_ms,2799.002886,recorder
20260909-114553_perlmutter_8b85bc5a,ablation_l01_s2_swapall_rst_3d_dual3_p2p_r2_gate_trace-573d7a_b64_k8_isolated,isolated,ours,9,1,iso_sync_ms,2807.349446,recorder
20260909-114553_perlmutter_8b85bc5a,ablation_l01_s2_swapall_rst_3d_dual3_p2p_r2_gate_trace-573d7a_b64_k8_isolated,isolated,ours,9,2,iso_sync_ms,2826.813791,recorder
20260909-114553_perlmutter_8b85bc5a,ablation_l01_s2_swapall_rst_3d_dual3_p2p_r2_gate_trace-573d7a_b64_k8_isolated,isolated,ours,9,3,iso_sync_ms,2818.827529,recorder
20260909-114553_perlmutter_8b85bc5a,ablation_l01_s2_swapall_rst_3d_dual3_p2p_r2_gate_trace-573d7a_b64_k8_isolated,isolated,ours,9,4,iso_sync_ms,2787.506959,recorder
20260909-114553_perlmutter_8b85bc5a,ablation_l01_s2_swapall_rst_3d_dual3_p2p_r2_gate_trace-573d7a_b64_k8_isolated,isolated,ours,9,5,iso_sync_ms,2782.963658,recorder
20260909-114553_perlmutter_8b85bc5a,ablation_l01_s2_swapall_rst_3d_dual3_p2p_r2_gate_trace-573d7a_b64_k8_isolated,isolated,ours,10,0,e2e_ms,56.914082,recorder
20260909-114553_perlmutter_8b85bc5a,ablation_l01_s2_swapall_rst_3d_dual3_p2p_r2_gate_trace-573d7a_b64_k8_isolated,isolated,ours,10,1,e2e_ms,56.411457,recorder
20260909-114553_perlmutter_8b85bc5a,ablation_l01_s2_swapall_rst_3d_dual3_p2p_r2_gate_trace-573d7a_b64_k8_isolated,isolated,ours,10,2,e2e_ms,57.977119,recorder
20260909-114553_perlmutter_8b85bc5a,ablation_l01_s2_swapall_rst_3d_dual3_p2p_r2_gate_trace-573d7a_b64_k8_isolated,isolated,ours,10,3,e2e_ms,56.094559,recorder
20260909-114553_perlmutter_8b85bc5a,ablation_l01_s2_swapall_rst_3d_dual3_p2p_r2_gate_trace-573d7a_b64_k8_isolated,isolated,ours,10,4,e2e_ms,58.921249,recorder
20260909-114553_perlmutter_8b85bc5a,ablation_l01_s2_swapall_rst_3d_dual3_p2p_r2_gate_trace-573d7a_b64_k8_isolated,isolated,ours,10,5,e2e_ms,56.250786,recorder
20260909-114553_perlmutter_8b85bc5a,ablation_l01_s2_swapall_rst_3d_dual3_p2p_r2_gate_trace-573d7a_b64_k8_isolated,isolated,ours,10,0,l0_ms,25.350977,recorder
20260909-114553_perlmutter_8b85bc5a,ablation_l01_s2_swapall_rst_3d_dual3_p2p_r2_gate_trace-573d7a_b64_k8_isolated,isolated,ours,10,1,l0_ms,24.603552,recorder
20260909-114553_perlmutter_8b85bc5a,ablation_l01_s2_swapall_rst_3d_dual3_p2p_r2_gate_trace-573d7a_b64_k8_isolated,isolated,ours,10,2,l0_ms,26.063168,recorder
20260909-114553_perlmutter_8b85bc5a,ablation_l01_s2_swapall_rst_3d_dual3_p2p_r2_gate_trace-573d7a_b64_k8_isolated,isolated,ours,10,3,l0_ms,24.723583,recorder
20260909-114553_perlmutter_8b85bc5a,ablation_l01_s2_swapall_rst_3d_dual3_p2p_r2_gate_trace-573d7a_b64_k8_isolated,isolated,ours,10,4,l0_ms,26.286976,recorder
20260909-114553_perlmutter_8b85bc5a,ablation_l01_s2_swapall_rst_3d_dual3_p2p_r2_gate_trace-573d7a_b64_k8_isolated,isolated,ours,10,5,l0_ms,23.966656,recorder
20260909-114553_perlmutter_8b85bc5a,ablation_l01_s2_swapall_rst_3d_dual3_p2p_r2_gate_trace-573d7a_b64_k8_isolated,isolated,ours,10,0,act_ms,0.303808,recorder
20260909-114553_perlmutter_8b85bc5a,ablation_l01_s2_swapall_rst_3d_dual3_p2p_r2_gate_trace-573d7a_b64_k8_isolated,isolated,ours,10,1,act_ms,0.29936,recorder
20260909-114553_perlmutter_8b85bc5a,ablation_l01_s2_swapall_rst_3d_dual3_p2p_r2_gate_trace-573d7a_b64_k8_isolated,isolated,ours,10,2,act_ms,0.302656,recorder
20260909-114553_perlmutter_8b85bc5a,ablation_l01_s2_swapall_rst_3d_dual3_p2p_r2_gate_trace-573d7a_b64_k8_isolated,isolated,ours,10,3,act_ms,0.30016,recorder
20260909-114553_perlmutter_8b85bc5a,ablation_l01_s2_swapall_rst_3d_dual3_p2p_r2_gate_trace-573d7a_b64_k8_isolated,isolated,ours,10,4,act_ms,0.30208,recorder
20260909-114553_perlmutter_8b85bc5a,ablation_l01_s2_swapall_rst_3d_dual3_p2p_r2_gate_trace-573d7a_b64_k8_isolated,isolated,ours,10,5,act_ms,0.300448,recorder
20260909-114553_perlmutter_8b85bc5a,ablation_l01_s2_swapall_rst_3d_dual3_p2p_r2_gate_trace-573d7a_b64_k8_isolated,isolated,ours,10,0,l1_ms,31.259296,recorder
20260909-114553_perlmutter_8b85bc5a,ablation_l01_s2_swapall_rst_3d_dual3_p2p_r2_gate_trace-573d7a_b64_k8_isolated,isolated,ours,10,1,l1_ms,31.508545,recorder
20260909-114553_perlmutter_8b85bc5a,ablation_l01_s2_swapall_rst_3d_dual3_p2p_r2_gate_trace-573d7a_b64_k8_isolated,isolated,ours,10,2,l1_ms,31.611296,recorder
20260909-114553_perlmutter_8b85bc5a,ablation_l01_s2_swapall_rst_3d_dual3_p2p_r2_gate_trace-573d7a_b64_k8_isolated,isolated,ours,10,3,l1_ms,31.070816,recorder
20260909-114553_perlmutter_8b85bc5a,ablation_l01_s2_swapall_rst_3d_dual3_p2p_r2_gate_trace-573d7a_b64_k8_isolated,isolated,ours,10,4,l1_ms,32.332191,recorder
20260909-114553_perlmutter_8b85bc5a,ablation_l01_s2_swapall_rst_3d_dual3_p2p_r2_gate_trace-573d7a_b64_k8_isolated,isolated,ours,10,5,l1_ms,31.983681,recorder
20260909-114553_perlmutter_8b85bc5a,ablation_l01_s2_swapall_rst_3d_dual3_p2p_r2_gate_trace-573d7a_b64_k8_isolated,isolated,ours,10,0,plan_comm_ms,0.43632,recorder
20260909-114553_perlmutter_8b85bc5a,ablation_l01_s2_swapall_rst_3d_dual3_p2p_r2_gate_trace-573d7a_b64_k8_isolated,isolated,ours,10,1,plan_comm_ms,0.353312,recorder
20260909-114553_perlmutter_8b85bc5a,ablation_l01_s2_swapall_rst_3d_dual3_p2p_r2_gate_trace-573d7a_b64_k8_isolated,isolated,ours,10,2,plan_comm_ms,0.234592,recorder
20260909-114553_perlmutter_8b85bc5a,ablation_l01_s2_swapall_rst_3d_dual3_p2p_r2_gate_trace-573d7a_b64_k8_isolated,isolated,ours,10,3,plan_comm_ms,0.61216,recorder
20260909-114553_perlmutter_8b85bc5a,ablation_l01_s2_swapall_rst_3d_dual3_p2p_r2_gate_trace-573d7a_b64_k8_isolated,isolated,ours,10,4,plan_comm_ms,0.256608,recorder
20260909-114553_perlmutter_8b85bc5a,ablation_l01_s2_swapall_rst_3d_dual3_p2p_r2_gate_trace-573d7a_b64_k8_isolated,isolated,ours,10,5,plan_comm_ms,0.518848,recorder
20260909-114553_perlmutter_8b85bc5a,ablation_l01_s2_swapall_rst_3d_dual3_p2p_r2_gate_trace-573d7a_b64_k8_isolated,isolated,ours,10,0,place_ms,2.892192,recorder
20260909-114553_perlmutter_8b85bc5a,ablation_l01_s2_swapall_rst_3d_dual3_p2p_r2_gate_trace-573d7a_b64_k8_isolated,isolated,ours,10,1,place_ms,2.719296,recorder
20260909-114553_perlmutter_8b85bc5a,ablation_l01_s2_swapall_rst_3d_dual3_p2p_r2_gate_trace-573d7a_b64_k8_isolated,isolated,ours,10,2,place_ms,2.393568,recorder
20260909-114553_perlmutter_8b85bc5a,ablation_l01_s2_swapall_rst_3d_dual3_p2p_r2_gate_trace-573d7a_b64_k8_isolated,isolated,ours,10,3,place_ms,2.38016,recorder
20260909-114553_perlmutter_8b85bc5a,ablation_l01_s2_swapall_rst_3d_dual3_p2p_r2_gate_trace-573d7a_b64_k8_isolated,isolated,ours,10,4,place_ms,2.37936,recorder
20260909-114553_perlmutter_8b85bc5a,ablation_l01_s2_swapall_rst_3d_dual3_p2p_r2_gate_trace-573d7a_b64_k8_isolated,isolated,ours,10,5,place_ms,2.374688,recorder
20260909-114553_perlmutter_8b85bc5a,ablation_l01_s2_swapall_rst_3d_dual3_p2p_r2_gate_trace-573d7a_b64_k8_isolated,isolated,ours,10,0,plan_ms,2.990208,recorder
20260909-114553_perlmutter_8b85bc5a,ablation_l01_s2_swapall_rst_3d_dual3_p2p_r2_gate_trace-573d7a_b64_k8_isolated,isolated,ours,10,1,plan_ms,2.515424,recorder
20260909-114553_perlmutter_8b85bc5a,ablation_l01_s2_swapall_rst_3d_dual3_p2p_r2_gate_trace-573d7a_b64_k8_isolated,isolated,ours,10,2,plan_ms,2.331904,recorder
20260909-114553_perlmutter_8b85bc5a,ablation_l01_s2_swapall_rst_3d_dual3_p2p_r2_gate_trace-573d7a_b64_k8_isolated,isolated,ours,10,3,plan_ms,3.117472,recorder
20260909-114553_perlmutter_8b85bc5a,ablation_l01_s2_swapall_rst_3d_dual3_p2p_r2_gate_trace-573d7a_b64_k8_isolated,isolated,ours,10,4,plan_ms,2.469568,recorder
20260909-114553_perlmutter_8b85bc5a,ablation_l01_s2_swapall_rst_3d_dual3_p2p_r2_gate_trace-573d7a_b64_k8_isolated,isolated,ours,10,5,plan_ms,2.512352,recorder
20260909-114553_perlmutter_8b85bc5a,ablation_l01_s2_swapall_rst_3d_dual3_p2p_r2_gate_trace-573d7a_b64_k8_isolated,isolated,ours,10,0,total_ms,63.235294,recorder
20260909-114553_perlmutter_8b85bc5a,ablation_l01_s2_swapall_rst_3d_dual3_p2p_r2_gate_trace-573d7a_b64_k8_isolated,isolated,ours,10,1,total_ms,62.001984,recorder
20260909-114553_perlmutter_8b85bc5a,ablation_l01_s2_swapall_rst_3d_dual3_p2p_r2_gate_trace-573d7a_b64_k8_isolated,isolated,ours,10,2,total_ms,62.939678,recorder
20260909-114553_perlmutter_8b85bc5a,ablation_l01_s2_swapall_rst_3d_dual3_p2p_r2_gate_trace-573d7a_b64_k8_isolated,isolated,ours,10,3,total_ms,62.206879,recorder
20260909-114553_perlmutter_8b85bc5a,ablation_l01_s2_swapall_rst_3d_dual3_p2p_r2_gate_trace-573d7a_b64_k8_isolated,isolated,ours,10,4,total_ms,64.029312,recorder
20260909-114553_perlmutter_8b85bc5a,ablation_l01_s2_swapall_rst_3d_dual3_p2p_r2_gate_trace-573d7a_b64_k8_isolated,isolated,ours,10,5,total_ms,61.659168,recorder
20260909-114553_perlmutter_8b85bc5a,ablation_l01_s2_swapall_rst_3d_dual3_p2p_r2_gate_trace-573d7a_b64_k8_isolated,isolated,ours,10,0,iso_sync_ms,2487.188599,recorder
20260909-114553_perlmutter_8b85bc5a,ablation_l01_s2_swapall_rst_3d_dual3_p2p_r2_gate_trace-573d7a_b64_k8_isolated,isolated,ours,10,1,iso_sync_ms,2495.425948,recorder
20260909-114553_perlmutter_8b85bc5a,ablation_l01_s2_swapall_rst_3d_dual3_p2p_r2_gate_trace-573d7a_b64_k8_isolated,isolated,ours,10,2,iso_sync_ms,2472.852904,recorder
20260909-114553_perlmutter_8b85bc5a,ablation_l01_s2_swapall_rst_3d_dual3_p2p_r2_gate_trace-573d7a_b64_k8_isolated,isolated,ours,10,3,iso_sync_ms,2452.047803,recorder
20260909-114553_perlmutter_8b85bc5a,ablation_l01_s2_swapall_rst_3d_dual3_p2p_r2_gate_trace-573d7a_b64_k8_isolated,isolated,ours,10,4,iso_sync_ms,2475.758368,recorder
20260909-114553_perlmutter_8b85bc5a,ablation_l01_s2_swapall_rst_3d_dual3_p2p_r2_gate_trace-573d7a_b64_k8_isolated,isolated,ours,10,5,iso_sync_ms,2466.232249,recorder
20260909-114553_perlmutter_8b85bc5a,ablation_l01_s2_swapall_rst_3d_dual3_p2p_r2_gate_trace-573d7a_b64_k8_isolated,isolated,ours,11,0,e2e_ms,57.054241,recorder
20260909-114553_perlmutter_8b85bc5a,ablation_l01_s2_swapall_rst_3d_dual3_p2p_r2_gate_trace-573d7a_b64_k8_isolated,isolated,ours,11,1,e2e_ms,56.605438,recorder
20260909-114553_perlmutter_8b85bc5a,ablation_l01_s2_swapall_rst_3d_dual3_p2p_r2_gate_trace-573d7a_b64_k8_isolated,isolated,ours,11,2,e2e_ms,58.025311,recorder
20260909-114553_perlmutter_8b85bc5a,ablation_l01_s2_swapall_rst_3d_dual3_p2p_r2_gate_trace-573d7a_b64_k8_isolated,isolated,ours,11,3,e2e_ms,56.123966,recorder
20260909-114553_perlmutter_8b85bc5a,ablation_l01_s2_swapall_rst_3d_dual3_p2p_r2_gate_trace-573d7a_b64_k8_isolated,isolated,ours,11,4,e2e_ms,58.956287,recorder
20260909-114553_perlmutter_8b85bc5a,ablation_l01_s2_swapall_rst_3d_dual3_p2p_r2_gate_trace-573d7a_b64_k8_isolated,isolated,ours,11,5,e2e_ms,56.289375,recorder
20260909-114553_perlmutter_8b85bc5a,ablation_l01_s2_swapall_rst_3d_dual3_p2p_r2_gate_trace-573d7a_b64_k8_isolated,isolated,ours,11,0,l0_ms,25.488417,recorder
20260909-114553_perlmutter_8b85bc5a,ablation_l01_s2_swapall_rst_3d_dual3_p2p_r2_gate_trace-573d7a_b64_k8_isolated,isolated,ours,11,1,l0_ms,24.776129,recorder
20260909-114553_perlmutter_8b85bc5a,ablation_l01_s2_swapall_rst_3d_dual3_p2p_r2_gate_trace-573d7a_b64_k8_isolated,isolated,ours,11,2,l0_ms,26.090816,recorder
20260909-114553_perlmutter_8b85bc5a,ablation_l01_s2_swapall_rst_3d_dual3_p2p_r2_gate_trace-573d7a_b64_k8_isolated,isolated,ours,11,3,l0_ms,24.734016,recorder
20260909-114553_perlmutter_8b85bc5a,ablation_l01_s2_swapall_rst_3d_dual3_p2p_r2_gate_trace-573d7a_b64_k8_isolated,isolated,ours,11,4,l0_ms,26.335424,recorder
20260909-114553_perlmutter_8b85bc5a,ablation_l01_s2_swapall_rst_3d_dual3_p2p_r2_gate_trace-573d7a_b64_k8_isolated,isolated,ours,11,5,l0_ms,23.979839,recorder
20260909-114553_perlmutter_8b85bc5a,ablation_l01_s2_swapall_rst_3d_dual3_p2p_r2_gate_trace-573d7a_b64_k8_isolated,isolated,ours,11,0,act_ms,0.409312,recorder
20260909-114553_perlmutter_8b85bc5a,ablation_l01_s2_swapall_rst_3d_dual3_p2p_r2_gate_trace-573d7a_b64_k8_isolated,isolated,ours,11,1,act_ms,0.406528,recorder
20260909-114553_perlmutter_8b85bc5a,ablation_l01_s2_swapall_rst_3d_dual3_p2p_r2_gate_trace-573d7a_b64_k8_isolated,isolated,ours,11,2,act_ms,0.410688,recorder
20260909-114553_perlmutter_8b85bc5a,ablation_l01_s2_swapall_rst_3d_dual3_p2p_r2_gate_trace-573d7a_b64_k8_isolated,isolated,ours,11,3,act_ms,0.40672,recorder
20260909-114553_perlmutter_8b85bc5a,ablation_l01_s2_swapall_rst_3d_dual3_p2p_r2_gate_trace-573d7a_b64_k8_isolated,isolated,ours,11,4,act_ms,0.408992,recorder
20260909-114553_perlmutter_8b85bc5a,ablation_l01_s2_swapall_rst_3d_dual3_p2p_r2_gate_trace-573d7a_b64_k8_isolated,isolated,ours,11,5,act_ms,0.408192,recorder
20260909-114553_perlmutter_8b85bc5a,ablation_l01_s2_swapall_rst_3d_dual3_p2p_r2_gate_trace-573d7a_b64_k8_isolated,isolated,ours,11,0,l1_ms,31.156511,recorder
20260909-114553_perlmutter_8b85bc5a,ablation_l01_s2_swapall_rst_3d_dual3_p2p_r2_gate_trace-573d7a_b64_k8_isolated,isolated,ours,11,1,l1_ms,31.422785,recorder
20260909-114553_perlmutter_8b85bc5a,ablation_l01_s2_swapall_rst_3d_dual3_p2p_r2_gate_trace-573d7a_b64_k8_isolated,isolated,ours,11,2,l1_ms,31.523808,recorder
20260909-114553_perlmutter_8b85bc5a,ablation_l01_s2_swapall_rst_3d_dual3_p2p_r2_gate_trace-573d7a_b64_k8_isolated,isolated,ours,11,3,l1_ms,30.983232,recorder
20260909-114553_perlmutter_8b85bc5a,ablation_l01_s2_swapall_rst_3d_dual3_p2p_r2_gate_trace-573d7a_b64_k8_isolated,isolated,ours,11,4,l1_ms,32.211872,recorder
20260909-114553_perlmutter_8b85bc5a,ablation_l01_s2_swapall_rst_3d_dual3_p2p_r2_gate_trace-573d7a_b64_k8_isolated,isolated,ours,11,5,l1_ms,31.901344,recorder
20260909-114553_perlmutter_8b85bc5a,ablation_l01_s2_swapall_rst_3d_dual3_p2p_r2_gate_trace-573d7a_b64_k8_isolated,isolated,ours,11,0,plan_comm_ms,0.653376,recorder
20260909-114553_perlmutter_8b85bc5a,ablation_l01_s2_swapall_rst_3d_dual3_p2p_r2_gate_trace-573d7a_b64_k8_isolated,isolated,ours,11,1,plan_comm_ms,0.503232,recorder
20260909-114553_perlmutter_8b85bc5a,ablation_l01_s2_swapall_rst_3d_dual3_p2p_r2_gate_trace-573d7a_b64_k8_isolated,isolated,ours,11,2,plan_comm_ms,0.246592,recorder
20260909-114553_perlmutter_8b85bc5a,ablation_l01_s2_swapall_rst_3d_dual3_p2p_r2_gate_trace-573d7a_b64_k8_isolated,isolated,ours,11,3,plan_comm_ms,0.615936,recorder
20260909-114553_perlmutter_8b85bc5a,ablation_l01_s2_swapall_rst_3d_dual3_p2p_r2_gate_trace-573d7a_b64_k8_isolated,isolated,ours,11,4,plan_comm_ms,0.25024,recorder
20260909-114553_perlmutter_8b85bc5a,ablation_l01_s2_swapall_rst_3d_dual3_p2p_r2_gate_trace-573d7a_b64_k8_isolated,isolated,ours,11,5,plan_comm_ms,0.519744,recorder
20260909-114553_perlmutter_8b85bc5a,ablation_l01_s2_swapall_rst_3d_dual3_p2p_r2_gate_trace-573d7a_b64_k8_isolated,isolated,ours,11,0,place_ms,2.705088,recorder
20260909-114553_perlmutter_8b85bc5a,ablation_l01_s2_swapall_rst_3d_dual3_p2p_r2_gate_trace-573d7a_b64_k8_isolated,isolated,ours,11,1,place_ms,2.362464,recorder
20260909-114553_perlmutter_8b85bc5a,ablation_l01_s2_swapall_rst_3d_dual3_p2p_r2_gate_trace-573d7a_b64_k8_isolated,isolated,ours,11,2,place_ms,2.378336,recorder
20260909-114553_perlmutter_8b85bc5a,ablation_l01_s2_swapall_rst_3d_dual3_p2p_r2_gate_trace-573d7a_b64_k8_isolated,isolated,ours,11,3,place_ms,2.384832,recorder
20260909-114553_perlmutter_8b85bc5a,ablation_l01_s2_swapall_rst_3d_dual3_p2p_r2_gate_trace-573d7a_b64_k8_isolated,isolated,ours,11,4,place_ms,2.36352,recorder
20260909-114553_perlmutter_8b85bc5a,ablation_l01_s2_swapall_rst_3d_dual3_p2p_r2_gate_trace-573d7a_b64_k8_isolated,isolated,ours,11,5,place_ms,2.3792,recorder
20260909-114553_perlmutter_8b85bc5a,ablation_l01_s2_swapall_rst_3d_dual3_p2p_r2_gate_trace-573d7a_b64_k8_isolated,isolated,ours,11,0,plan_ms,3.0848,recorder
20260909-114553_perlmutter_8b85bc5a,ablation_l01_s2_swapall_rst_3d_dual3_p2p_r2_gate_trace-573d7a_b64_k8_isolated,isolated,ours,11,1,plan_ms,2.741408,recorder
20260909-114553_perlmutter_8b85bc5a,ablation_l01_s2_swapall_rst_3d_dual3_p2p_r2_gate_trace-573d7a_b64_k8_isolated,isolated,ours,11,2,plan_ms,2.324096,recorder
20260909-114553_perlmutter_8b85bc5a,ablation_l01_s2_swapall_rst_3d_dual3_p2p_r2_gate_trace-573d7a_b64_k8_isolated,isolated,ours,11,3,plan_ms,3.112768,recorder
20260909-114553_perlmutter_8b85bc5a,ablation_l01_s2_swapall_rst_3d_dual3_p2p_r2_gate_trace-573d7a_b64_k8_isolated,isolated,ours,11,4,plan_ms,2.483648,recorder
20260909-114553_perlmutter_8b85bc5a,ablation_l01_s2_swapall_rst_3d_dual3_p2p_r2_gate_trace-573d7a_b64_k8_isolated,isolated,ours,11,5,plan_ms,2.495968,recorder
20260909-114553_perlmutter_8b85bc5a,ablation_l01_s2_swapall_rst_3d_dual3_p2p_r2_gate_trace-573d7a_b64_k8_isolated,isolated,ours,11,0,total_ms,63.499969,recorder
20260909-114553_perlmutter_8b85bc5a,ablation_l01_s2_swapall_rst_3d_dual3_p2p_r2_gate_trace-573d7a_b64_k8_isolated,isolated,ours,11,1,total_ms,62.214977,recorder
20260909-114553_perlmutter_8b85bc5a,ablation_l01_s2_swapall_rst_3d_dual3_p2p_r2_gate_trace-573d7a_b64_k8_isolated,isolated,ours,11,2,total_ms,62.977345,recorder
20260909-114553_perlmutter_8b85bc5a,ablation_l01_s2_swapall_rst_3d_dual3_p2p_r2_gate_trace-573d7a_b64_k8_isolated,isolated,ours,11,3,total_ms,62.240002,recorder
20260909-114553_perlmutter_8b85bc5a,ablation_l01_s2_swapall_rst_3d_dual3_p2p_r2_gate_trace-573d7a_b64_k8_isolated,isolated,ours,11,4,total_ms,64.05616,recorder
20260909-114553_perlmutter_8b85bc5a,ablation_l01_s2_swapall_rst_3d_dual3_p2p_r2_gate_trace-573d7a_b64_k8_isolated,isolated,ours,11,5,total_ms,61.686752,recorder
20260909-114553_perlmutter_8b85bc5a,ablation_l01_s2_swapall_rst_3d_dual3_p2p_r2_gate_trace-573d7a_b64_k8_isolated,isolated,ours,11,0,iso_sync_ms,1535.566395,recorder
20260909-114553_perlmutter_8b85bc5a,ablation_l01_s2_swapall_rst_3d_dual3_p2p_r2_gate_trace-573d7a_b64_k8_isolated,isolated,ours,11,1,iso_sync_ms,1542.121376,recorder
20260909-114553_perlmutter_8b85bc5a,ablation_l01_s2_swapall_rst_3d_dual3_p2p_r2_gate_trace-573d7a_b64_k8_isolated,isolated,ours,11,2,iso_sync_ms,1583.237591,recorder
20260909-114553_perlmutter_8b85bc5a,ablation_l01_s2_swapall_rst_3d_dual3_p2p_r2_gate_trace-573d7a_b64_k8_isolated,isolated,ours,11,3,iso_sync_ms,1564.776409,recorder
20260909-114553_perlmutter_8b85bc5a,ablation_l01_s2_swapall_rst_3d_dual3_p2p_r2_gate_trace-573d7a_b64_k8_isolated,isolated,ours,11,4,iso_sync_ms,1560.881427,recorder
20260909-114553_perlmutter_8b85bc5a,ablation_l01_s2_swapall_rst_3d_dual3_p2p_r2_gate_trace-573d7a_b64_k8_isolated,isolated,ours,11,5,iso_sync_ms,1563.013224,recorder
20260909-114553_perlmutter_8b85bc5a,ablation_l01_s2_swapall_rst_3d_dual3_p2p_r2_gate_trace-573d7a_b64_k8_isolated,isolated,ours,12,0,e2e_ms,57.028385,recorder
20260909-114553_perlmutter_8b85bc5a,ablation_l01_s2_swapall_rst_3d_dual3_p2p_r2_gate_trace-573d7a_b64_k8_isolated,isolated,ours,12,1,e2e_ms,56.608734,recorder
20260909-114553_perlmutter_8b85bc5a,ablation_l01_s2_swapall_rst_3d_dual3_p2p_r2_gate_trace-573d7a_b64_k8_isolated,isolated,ours,12,2,e2e_ms,58.040257,recorder
20260909-114553_perlmutter_8b85bc5a,ablation_l01_s2_swapall_rst_3d_dual3_p2p_r2_gate_trace-573d7a_b64_k8_isolated,isolated,ours,12,3,e2e_ms,56.119808,recorder
20260909-114553_perlmutter_8b85bc5a,ablation_l01_s2_swapall_rst_3d_dual3_p2p_r2_gate_trace-573d7a_b64_k8_isolated,isolated,ours,12,4,e2e_ms,58.971294,recorder
20260909-114553_perlmutter_8b85bc5a,ablation_l01_s2_swapall_rst_3d_dual3_p2p_r2_gate_trace-573d7a_b64_k8_isolated,isolated,ours,12,5,e2e_ms,56.310368,recorder
20260909-114553_perlmutter_8b85bc5a,ablation_l01_s2_swapall_rst_3d_dual3_p2p_r2_gate_trace-573d7a_b64_k8_isolated,isolated,ours,12,0,l0_ms,25.491137,recorder
20260909-114553_perlmutter_8b85bc5a,ablation_l01_s2_swapall_rst_3d_dual3_p2p_r2_gate_trace-573d7a_b64_k8_isolated,isolated,ours,12,1,l0_ms,24.794975,recorder
20260909-114553_perlmutter_8b85bc5a,ablation_l01_s2_swapall_rst_3d_dual3_p2p_r2_gate_trace-573d7a_b64_k8_isolated,isolated,ours,12,2,l0_ms,26.123137,recorder
20260909-114553_perlmutter_8b85bc5a,ablation_l01_s2_swapall_rst_3d_dual3_p2p_r2_gate_trace-573d7a_b64_k8_isolated,isolated,ours,12,3,l0_ms,24.747776,recorder
20260909-114553_perlmutter_8b85bc5a,ablation_l01_s2_swapall_rst_3d_dual3_p2p_r2_gate_trace-573d7a_b64_k8_isolated,isolated,ours,12,4,l0_ms,26.345951,recorder
20260909-114553_perlmutter_8b85bc5a,ablation_l01_s2_swapall_rst_3d_dual3_p2p_r2_gate_trace-573d7a_b64_k8_isolated,isolated,ours,12,5,l0_ms,24.030592,recorder
20260909-114553_perlmutter_8b85bc5a,ablation_l01_s2_swapall_rst_3d_dual3_p2p_r2_gate_trace-573d7a_b64_k8_isolated,isolated,ours,12,0,act_ms,0.219904,recorder
20260909-114553_perlmutter_8b85bc5a,ablation_l01_s2_swapall_rst_3d_dual3_p2p_r2_gate_trace-573d7a_b64_k8_isolated,isolated,ours,12,1,act_ms,0.212864,recorder
20260909-114553_perlmutter_8b85bc5a,ablation_l01_s2_swapall_rst_3d_dual3_p2p_r2_gate_trace-573d7a_b64_k8_isolated,isolated,ours,12,2,act_ms,0.217696,recorder
20260909-114553_perlmutter_8b85bc5a,ablation_l01_s2_swapall_rst_3d_dual3_p2p_r2_gate_trace-573d7a_b64_k8_isolated,isolated,ours,12,3,act_ms,0.216032,recorder
20260909-114553_perlmutter_8b85bc5a,ablation_l01_s2_swapall_rst_3d_dual3_p2p_r2_gate_trace-573d7a_b64_k8_isolated,isolated,ours,12,4,act_ms,0.213792,recorder
20260909-114553_perlmutter_8b85bc5a,ablation_l01_s2_swapall_rst_3d_dual3_p2p_r2_gate_trace-573d7a_b64_k8_isolated,isolated,ours,12,5,act_ms,0.216928,recorder
20260909-114553_perlmutter_8b85bc5a,ablation_l01_s2_swapall_rst_3d_dual3_p2p_r2_gate_trace-573d7a_b64_k8_isolated,isolated,ours,12,0,l1_ms,31.317345,recorder
20260909-114553_perlmutter_8b85bc5a,ablation_l01_s2_swapall_rst_3d_dual3_p2p_r2_gate_trace-573d7a_b64_k8_isolated,isolated,ours,12,1,l1_ms,31.600897,recorder
20260909-114553_perlmutter_8b85bc5a,ablation_l01_s2_swapall_rst_3d_dual3_p2p_r2_gate_trace-573d7a_b64_k8_isolated,isolated,ours,12,2,l1_ms,31.699425,recorder
20260909-114553_perlmutter_8b85bc5a,ablation_l01_s2_swapall_rst_3d_dual3_p2p_r2_gate_trace-573d7a_b64_k8_isolated,isolated,ours,12,3,l1_ms,31.156,recorder
20260909-114553_perlmutter_8b85bc5a,ablation_l01_s2_swapall_rst_3d_dual3_p2p_r2_gate_trace-573d7a_b64_k8_isolated,isolated,ours,12,4,l1_ms,32.411552,recorder
20260909-114553_perlmutter_8b85bc5a,ablation_l01_s2_swapall_rst_3d_dual3_p2p_r2_gate_trace-573d7a_b64_k8_isolated,isolated,ours,12,5,l1_ms,32.062847,recorder
20260909-114553_perlmutter_8b85bc5a,ablation_l01_s2_swapall_rst_3d_dual3_p2p_r2_gate_trace-573d7a_b64_k8_isolated,isolated,ours,12,0,plan_comm_ms,0.655072,recorder
20260909-114553_perlmutter_8b85bc5a,ablation_l01_s2_swapall_rst_3d_dual3_p2p_r2_gate_trace-573d7a_b64_k8_isolated,isolated,ours,12,1,plan_comm_ms,0.45616,recorder
20260909-114553_perlmutter_8b85bc5a,ablation_l01_s2_swapall_rst_3d_dual3_p2p_r2_gate_trace-573d7a_b64_k8_isolated,isolated,ours,12,2,plan_comm_ms,0.233568,recorder
20260909-114553_perlmutter_8b85bc5a,ablation_l01_s2_swapall_rst_3d_dual3_p2p_r2_gate_trace-573d7a_b64_k8_isolated,isolated,ours,12,3,plan_comm_ms,0.600288,recorder
20260909-114553_perlmutter_8b85bc5a,ablation_l01_s2_swapall_rst_3d_dual3_p2p_r2_gate_trace-573d7a_b64_k8_isolated,isolated,ours,12,4,plan_comm_ms,0.247648,recorder
20260909-114553_perlmutter_8b85bc5a,ablation_l01_s2_swapall_rst_3d_dual3_p2p_r2_gate_trace-573d7a_b64_k8_isolated,isolated,ours,12,5,plan_comm_ms,0.504288,recorder
20260909-114553_perlmutter_8b85bc5a,ablation_l01_s2_swapall_rst_3d_dual3_p2p_r2_gate_trace-573d7a_b64_k8_isolated,isolated,ours,12,0,place_ms,2.474464,recorder
20260909-114553_perlmutter_8b85bc5a,ablation_l01_s2_swapall_rst_3d_dual3_p2p_r2_gate_trace-573d7a_b64_k8_isolated,isolated,ours,12,1,place_ms,2.382016,recorder
20260909-114553_perlmutter_8b85bc5a,ablation_l01_s2_swapall_rst_3d_dual3_p2p_r2_gate_trace-573d7a_b64_k8_isolated,isolated,ours,12,2,place_ms,2.381568,recorder
20260909-114553_perlmutter_8b85bc5a,ablation_l01_s2_swapall_rst_3d_dual3_p2p_r2_gate_trace-573d7a_b64_k8_isolated,isolated,ours,12,3,place_ms,2.372864,recorder
20260909-114553_perlmutter_8b85bc5a,ablation_l01_s2_swapall_rst_3d_dual3_p2p_r2_gate_trace-573d7a_b64_k8_isolated,isolated,ours,12,4,place_ms,2.33248,recorder
20260909-114553_perlmutter_8b85bc5a,ablation_l01_s2_swapall_rst_3d_dual3_p2p_r2_gate_trace-573d7a_b64_k8_isolated,isolated,ours,12,5,place_ms,2.355424,recorder
20260909-114553_perlmutter_8b85bc5a,ablation_l01_s2_swapall_rst_3d_dual3_p2p_r2_gate_trace-573d7a_b64_k8_isolated,isolated,ours,12,0,plan_ms,3.333472,recorder
20260909-114553_perlmutter_8b85bc5a,ablation_l01_s2_swapall_rst_3d_dual3_p2p_r2_gate_trace-573d7a_b64_k8_isolated,isolated,ours,12,1,plan_ms,2.7208,recorder
20260909-114553_perlmutter_8b85bc5a,ablation_l01_s2_swapall_rst_3d_dual3_p2p_r2_gate_trace-573d7a_b64_k8_isolated,isolated,ours,12,2,plan_ms,2.304736,recorder
20260909-114553_perlmutter_8b85bc5a,ablation_l01_s2_swapall_rst_3d_dual3_p2p_r2_gate_trace-573d7a_b64_k8_isolated,isolated,ours,12,3,plan_ms,3.141408,recorder
20260909-114553_perlmutter_8b85bc5a,ablation_l01_s2_swapall_rst_3d_dual3_p2p_r2_gate_trace-573d7a_b64_k8_isolated,isolated,ours,12,4,plan_ms,2.50688,recorder
20260909-114553_perlmutter_8b85bc5a,ablation_l01_s2_swapall_rst_3d_dual3_p2p_r2_gate_trace-573d7a_b64_k8_isolated,isolated,ours,12,5,plan_ms,2.50976,recorder
20260909-114553_perlmutter_8b85bc5a,ablation_l01_s2_swapall_rst_3d_dual3_p2p_r2_gate_trace-573d7a_b64_k8_isolated,isolated,ours,12,0,total_ms,63.493954,recorder
20260909-114553_perlmutter_8b85bc5a,ablation_l01_s2_swapall_rst_3d_dual3_p2p_r2_gate_trace-573d7a_b64_k8_isolated,isolated,ours,12,1,total_ms,62.170273,recorder
20260909-114553_perlmutter_8b85bc5a,ablation_l01_s2_swapall_rst_3d_dual3_p2p_r2_gate_trace-573d7a_b64_k8_isolated,isolated,ours,12,2,total_ms,62.962654,recorder
20260909-114553_perlmutter_8b85bc5a,ablation_l01_s2_swapall_rst_3d_dual3_p2p_r2_gate_trace-573d7a_b64_k8_isolated,isolated,ours,12,3,total_ms,62.236927,recorder
20260909-114553_perlmutter_8b85bc5a,ablation_l01_s2_swapall_rst_3d_dual3_p2p_r2_gate_trace-573d7a_b64_k8_isolated,isolated,ours,12,4,total_ms,64.060867,recorder
20260909-114553_perlmutter_8b85bc5a,ablation_l01_s2_swapall_rst_3d_dual3_p2p_r2_gate_trace-573d7a_b64_k8_isolated,isolated,ours,12,5,total_ms,61.682369,recorder
20260909-114553_perlmutter_8b85bc5a,ablation_l01_s2_swapall_rst_3d_dual3_p2p_r2_gate_trace-573d7a_b64_k8_isolated,isolated,ours,12,0,iso_sync_ms,3232.58942,recorder
20260909-114553_perlmutter_8b85bc5a,ablation_l01_s2_swapall_rst_3d_dual3_p2p_r2_gate_trace-573d7a_b64_k8_isolated,isolated,ours,12,1,iso_sync_ms,3243.031261,recorder
20260909-114553_perlmutter_8b85bc5a,ablation_l01_s2_swapall_rst_3d_dual3_p2p_r2_gate_trace-573d7a_b64_k8_isolated,isolated,ours,12,2,iso_sync_ms,3264.044185,recorder
20260909-114553_perlmutter_8b85bc5a,ablation_l01_s2_swapall_rst_3d_dual3_p2p_r2_gate_trace-573d7a_b64_k8_isolated,isolated,ours,12,3,iso_sync_ms,3241.197742,recorder
20260909-114553_perlmutter_8b85bc5a,ablation_l01_s2_swapall_rst_3d_dual3_p2p_r2_gate_trace-573d7a_b64_k8_isolated,isolated,ours,12,4,iso_sync_ms,3233.798628,recorder
20260909-114553_perlmutter_8b85bc5a,ablation_l01_s2_swapall_rst_3d_dual3_p2p_r2_gate_trace-573d7a_b64_k8_isolated,isolated,ours,12,5,iso_sync_ms,3234.404063,recorder
20260909-114553_perlmutter_8b85bc5a,ablation_l01_s2_swapall_rst_3d_dual3_p2p_r2_gate_trace-573d7a_b64_k8_isolated,isolated,ours,13,0,e2e_ms,57.083138,recorder
20260909-114553_perlmutter_8b85bc5a,ablation_l01_s2_swapall_rst_3d_dual3_p2p_r2_gate_trace-573d7a_b64_k8_isolated,isolated,ours,13,1,e2e_ms,56.623234,recorder
20260909-114553_perlmutter_8b85bc5a,ablation_l01_s2_swapall_rst_3d_dual3_p2p_r2_gate_trace-573d7a_b64_k8_isolated,isolated,ours,13,2,e2e_ms,58.058529,recorder
20260909-114553_perlmutter_8b85bc5a,ablation_l01_s2_swapall_rst_3d_dual3_p2p_r2_gate_trace-573d7a_b64_k8_isolated,isolated,ours,13,3,e2e_ms,56.135456,recorder
20260909-114553_perlmutter_8b85bc5a,ablation_l01_s2_swapall_rst_3d_dual3_p2p_r2_gate_trace-573d7a_b64_k8_isolated,isolated,ours,13,4,e2e_ms,58.993889,recorder
20260909-114553_perlmutter_8b85bc5a,ablation_l01_s2_swapall_rst_3d_dual3_p2p_r2_gate_trace-573d7a_b64_k8_isolated,isolated,ours,13,5,e2e_ms,56.325569,recorder
20260909-114553_perlmutter_8b85bc5a,ablation_l01_s2_swapall_rst_3d_dual3_p2p_r2_gate_trace-573d7a_b64_k8_isolated,isolated,ours,13,0,l0_ms,25.5464,recorder
20260909-114553_perlmutter_8b85bc5a,ablation_l01_s2_swapall_rst_3d_dual3_p2p_r2_gate_trace-573d7a_b64_k8_isolated,isolated,ours,13,1,l0_ms,24.817951,recorder
20260909-114553_perlmutter_8b85bc5a,ablation_l01_s2_swapall_rst_3d_dual3_p2p_r2_gate_trace-573d7a_b64_k8_isolated,isolated,ours,13,2,l0_ms,26.147936,recorder
20260909-114553_perlmutter_8b85bc5a,ablation_l01_s2_swapall_rst_3d_dual3_p2p_r2_gate_trace-573d7a_b64_k8_isolated,isolated,ours,13,3,l0_ms,24.767712,recorder
20260909-114553_perlmutter_8b85bc5a,ablation_l01_s2_swapall_rst_3d_dual3_p2p_r2_gate_trace-573d7a_b64_k8_isolated,isolated,ours,13,4,l0_ms,26.392864,recorder
20260909-114553_perlmutter_8b85bc5a,ablation_l01_s2_swapall_rst_3d_dual3_p2p_r2_gate_trace-573d7a_b64_k8_isolated,isolated,ours,13,5,l0_ms,24.045313,recorder
20260909-114553_perlmutter_8b85bc5a,ablation_l01_s2_swapall_rst_3d_dual3_p2p_r2_gate_trace-573d7a_b64_k8_isolated,isolated,ours,13,0,act_ms,0.211008,recorder
20260909-114553_perlmutter_8b85bc5a,ablation_l01_s2_swapall_rst_3d_dual3_p2p_r2_gate_trace-573d7a_b64_k8_isolated,isolated,ours,13,1,act_ms,0.213568,recorder
20260909-114553_perlmutter_8b85bc5a,ablation_l01_s2_swapall_rst_3d_dual3_p2p_r2_gate_trace-573d7a_b64_k8_isolated,isolated,ours,13,2,act_ms,0.212096,recorder
20260909-114553_perlmutter_8b85bc5a,ablation_l01_s2_swapall_rst_3d_dual3_p2p_r2_gate_trace-573d7a_b64_k8_isolated,isolated,ours,13,3,act_ms,0.211872,recorder
20260909-114553_perlmutter_8b85bc5a,ablation_l01_s2_swapall_rst_3d_dual3_p2p_r2_gate_trace-573d7a_b64_k8_isolated,isolated,ours,13,4,act_ms,0.214848,recorder
20260909-114553_perlmutter_8b85bc5a,ablation_l01_s2_swapall_rst_3d_dual3_p2p_r2_gate_trace-573d7a_b64_k8_isolated,isolated,ours,13,5,act_ms,0.2152,recorder
20260909-114553_perlmutter_8b85bc5a,ablation_l01_s2_swapall_rst_3d_dual3_p2p_r2_gate_trace-573d7a_b64_k8_isolated,isolated,ours,13,0,l1_ms,31.325727,recorder
20260909-114553_perlmutter_8b85bc5a,ablation_l01_s2_swapall_rst_3d_dual3_p2p_r2_gate_trace-573d7a_b64_k8_isolated,isolated,ours,13,1,l1_ms,31.591713,recorder
20260909-114553_perlmutter_8b85bc5a,ablation_l01_s2_swapall_rst_3d_dual3_p2p_r2_gate_trace-573d7a_b64_k8_isolated,isolated,ours,13,2,l1_ms,31.698496,recorder
20260909-114553_perlmutter_8b85bc5a,ablation_l01_s2_swapall_rst_3d_dual3_p2p_r2_gate_trace-573d7a_b64_k8_isolated,isolated,ours,13,3,l1_ms,31.155872,recorder
20260909-114553_perlmutter_8b85bc5a,ablation_l01_s2_swapall_rst_3d_dual3_p2p_r2_gate_trace-573d7a_b64_k8_isolated,isolated,ours,13,4,l1_ms,32.386177,recorder
20260909-114553_perlmutter_8b85bc5a,ablation_l01_s2_swapall_rst_3d_dual3_p2p_r2_gate_trace-573d7a_b64_k8_isolated,isolated,ours,13,5,l1_ms,32.065056,recorder
20260909-114553_perlmutter_8b85bc5a,ablation_l01_s2_swapall_rst_3d_dual3_p2p_r2_gate_trace-573d7a_b64_k8_isolated,isolated,ours,13,0,plan_comm_ms,0.61344,recorder
20260909-114553_perlmutter_8b85bc5a,ablation_l01_s2_swapall_rst_3d_dual3_p2p_r2_gate_trace-573d7a_b64_k8_isolated,isolated,ours,13,1,plan_comm_ms,0.464256,recorder
20260909-114553_perlmutter_8b85bc5a,ablation_l01_s2_swapall_rst_3d_dual3_p2p_r2_gate_trace-573d7a_b64_k8_isolated,isolated,ours,13,2,plan_comm_ms,0.24048,recorder
20260909-114553_perlmutter_8b85bc5a,ablation_l01_s2_swapall_rst_3d_dual3_p2p_r2_gate_trace-573d7a_b64_k8_isolated,isolated,ours,13,3,plan_comm_ms,0.597728,recorder
20260909-114553_perlmutter_8b85bc5a,ablation_l01_s2_swapall_rst_3d_dual3_p2p_r2_gate_trace-573d7a_b64_k8_isolated,isolated,ours,13,4,plan_comm_ms,0.242464,recorder
20260909-114553_perlmutter_8b85bc5a,ablation_l01_s2_swapall_rst_3d_dual3_p2p_r2_gate_trace-573d7a_b64_k8_isolated,isolated,ours,13,5,plan_comm_ms,0.50688,recorder
20260909-114553_perlmutter_8b85bc5a,ablation_l01_s2_swapall_rst_3d_dual3_p2p_r2_gate_trace-573d7a_b64_k8_isolated,isolated,ours,13,0,place_ms,2.642688,recorder
20260909-114553_perlmutter_8b85bc5a,ablation_l01_s2_swapall_rst_3d_dual3_p2p_r2_gate_trace-573d7a_b64_k8_isolated,isolated,ours,13,1,place_ms,2.380256,recorder
20260909-114553_perlmutter_8b85bc5a,ablation_l01_s2_swapall_rst_3d_dual3_p2p_r2_gate_trace-573d7a_b64_k8_isolated,isolated,ours,13,2,place_ms,2.377952,recorder
20260909-114553_perlmutter_8b85bc5a,ablation_l01_s2_swapall_rst_3d_dual3_p2p_r2_gate_trace-573d7a_b64_k8_isolated,isolated,ours,13,3,place_ms,2.383328,recorder
20260909-114553_perlmutter_8b85bc5a,ablation_l01_s2_swapall_rst_3d_dual3_p2p_r2_gate_trace-573d7a_b64_k8_isolated,isolated,ours,13,4,place_ms,2.381088,recorder
20260909-114553_perlmutter_8b85bc5a,ablation_l01_s2_swapall_rst_3d_dual3_p2p_r2_gate_trace-573d7a_b64_k8_isolated,isolated,ours,13,5,place_ms,2.388128,recorder
20260909-114553_perlmutter_8b85bc5a,ablation_l01_s2_swapall_rst_3d_dual3_p2p_r2_gate_trace-573d7a_b64_k8_isolated,isolated,ours,13,0,plan_ms,3.11632,recorder
20260909-114553_perlmutter_8b85bc5a,ablation_l01_s2_swapall_rst_3d_dual3_p2p_r2_gate_trace-573d7a_b64_k8_isolated,isolated,ours,13,1,plan_ms,2.704736,recorder
20260909-114553_perlmutter_8b85bc5a,ablation_l01_s2_swapall_rst_3d_dual3_p2p_r2_gate_trace-573d7a_b64_k8_isolated,isolated,ours,13,2,plan_ms,2.288576,recorder
20260909-114553_perlmutter_8b85bc5a,ablation_l01_s2_swapall_rst_3d_dual3_p2p_r2_gate_trace-573d7a_b64_k8_isolated,isolated,ours,13,3,plan_ms,3.112704,recorder
20260909-114553_perlmutter_8b85bc5a,ablation_l01_s2_swapall_rst_3d_dual3_p2p_r2_gate_trace-573d7a_b64_k8_isolated,isolated,ours,13,4,plan_ms,2.432704,recorder
20260909-114553_perlmutter_8b85bc5a,ablation_l01_s2_swapall_rst_3d_dual3_p2p_r2_gate_trace-573d7a_b64_k8_isolated,isolated,ours,13,5,plan_ms,2.453312,recorder
20260909-114553_perlmutter_8b85bc5a,ablation_l01_s2_swapall_rst_3d_dual3_p2p_r2_gate_trace-573d7a_b64_k8_isolated,isolated,ours,13,0,total_ms,63.458206,recorder
20260909-114553_perlmutter_8b85bc5a,ablation_l01_s2_swapall_rst_3d_dual3_p2p_r2_gate_trace-573d7a_b64_k8_isolated,isolated,ours,13,1,total_ms,62.175072,recorder
20260909-114553_perlmutter_8b85bc5a,ablation_l01_s2_swapall_rst_3d_dual3_p2p_r2_gate_trace-573d7a_b64_k8_isolated,isolated,ours,13,2,total_ms,62.968159,recorder
20260909-114553_perlmutter_8b85bc5a,ablation_l01_s2_swapall_rst_3d_dual3_p2p_r2_gate_trace-573d7a_b64_k8_isolated,isolated,ours,13,3,total_ms,62.231808,recorder
20260909-114553_perlmutter_8b85bc5a,ablation_l01_s2_swapall_rst_3d_dual3_p2p_r2_gate_trace-573d7a_b64_k8_isolated,isolated,ours,13,4,total_ms,64.052734,recorder
20260909-114553_perlmutter_8b85bc5a,ablation_l01_s2_swapall_rst_3d_dual3_p2p_r2_gate_trace-573d7a_b64_k8_isolated,isolated,ours,13,5,total_ms,61.67664,recorder
20260909-114553_perlmutter_8b85bc5a,ablation_l01_s2_swapall_rst_3d_dual3_p2p_r2_gate_trace-573d7a_b64_k8_isolated,isolated,ours,13,0,iso_sync_ms,3268.813644,recorder
20260909-114553_perlmutter_8b85bc5a,ablation_l01_s2_swapall_rst_3d_dual3_p2p_r2_gate_trace-573d7a_b64_k8_isolated,isolated,ours,13,1,iso_sync_ms,3245.118444,recorder
20260909-114553_perlmutter_8b85bc5a,ablation_l01_s2_swapall_rst_3d_dual3_p2p_r2_gate_trace-573d7a_b64_k8_isolated,isolated,ours,13,2,iso_sync_ms,3240.008173,recorder
20260909-114553_perlmutter_8b85bc5a,ablation_l01_s2_swapall_rst_3d_dual3_p2p_r2_gate_trace-573d7a_b64_k8_isolated,isolated,ours,13,3,iso_sync_ms,3237.463313,recorder
20260909-114553_perlmutter_8b85bc5a,ablation_l01_s2_swapall_rst_3d_dual3_p2p_r2_gate_trace-573d7a_b64_k8_isolated,isolated,ours,13,4,iso_sync_ms,3234.778571,recorder
20260909-114553_perlmutter_8b85bc5a,ablation_l01_s2_swapall_rst_3d_dual3_p2p_r2_gate_trace-573d7a_b64_k8_isolated,isolated,ours,13,5,iso_sync_ms,3231.397757,recorder
20260909-114553_perlmutter_8b85bc5a,ablation_l01_s2_swapall_rst_3d_dual3_p2p_r2_gate_trace-573d7a_b64_k8_isolated,isolated,ours,14,0,e2e_ms,57.119232,recorder
20260909-114553_perlmutter_8b85bc5a,ablation_l01_s2_swapall_rst_3d_dual3_p2p_r2_gate_trace-573d7a_b64_k8_isolated,isolated,ours,14,1,e2e_ms,56.664703,recorder
20260909-114553_perlmutter_8b85bc5a,ablation_l01_s2_swapall_rst_3d_dual3_p2p_r2_gate_trace-573d7a_b64_k8_isolated,isolated,ours,14,2,e2e_ms,58.083263,recorder
20260909-114553_perlmutter_8b85bc5a,ablation_l01_s2_swapall_rst_3d_dual3_p2p_r2_gate_trace-573d7a_b64_k8_isolated,isolated,ours,14,3,e2e_ms,56.155422,recorder
20260909-114553_perlmutter_8b85bc5a,ablation_l01_s2_swapall_rst_3d_dual3_p2p_r2_gate_trace-573d7a_b64_k8_isolated,isolated,ours,14,4,e2e_ms,59.00563,recorder
20260909-114553_perlmutter_8b85bc5a,ablation_l01_s2_swapall_rst_3d_dual3_p2p_r2_gate_trace-573d7a_b64_k8_isolated,isolated,ours,14,5,e2e_ms,56.32317,recorder
20260909-114553_perlmutter_8b85bc5a,ablation_l01_s2_swapall_rst_3d_dual3_p2p_r2_gate_trace-573d7a_b64_k8_isolated,isolated,ours,14,0,l0_ms,25.566496,recorder
20260909-114553_perlmutter_8b85bc5a,ablation_l01_s2_swapall_rst_3d_dual3_p2p_r2_gate_trace-573d7a_b64_k8_isolated,isolated,ours,14,1,l0_ms,24.853409,recorder
20260909-114553_perlmutter_8b85bc5a,ablation_l01_s2_swapall_rst_3d_dual3_p2p_r2_gate_trace-573d7a_b64_k8_isolated,isolated,ours,14,2,l0_ms,26.168545,recorder
20260909-114553_perlmutter_8b85bc5a,ablation_l01_s2_swapall_rst_3d_dual3_p2p_r2_gate_trace-573d7a_b64_k8_isolated,isolated,ours,14,3,l0_ms,24.78256,recorder
20260909-114553_perlmutter_8b85bc5a,ablation_l01_s2_swapall_rst_3d_dual3_p2p_r2_gate_trace-573d7a_b64_k8_isolated,isolated,ours,14,4,l0_ms,26.402975,recorder
20260909-114553_perlmutter_8b85bc5a,ablation_l01_s2_swapall_rst_3d_dual3_p2p_r2_gate_trace-573d7a_b64_k8_isolated,isolated,ours,14,5,l0_ms,24.037567,recorder
20260909-114553_perlmutter_8b85bc5a,ablation_l01_s2_swapall_rst_3d_dual3_p2p_r2_gate_trace-573d7a_b64_k8_isolated,isolated,ours,14,0,act_ms,0.2136,recorder
20260909-114553_perlmutter_8b85bc5a,ablation_l01_s2_swapall_rst_3d_dual3_p2p_r2_gate_trace-573d7a_b64_k8_isolated,isolated,ours,14,1,act_ms,0.212832,recorder
20260909-114553_perlmutter_8b85bc5a,ablation_l01_s2_swapall_rst_3d_dual3_p2p_r2_gate_trace-573d7a_b64_k8_isolated,isolated,ours,14,2,act_ms,0.21648,recorder
20260909-114553_perlmutter_8b85bc5a,ablation_l01_s2_swapall_rst_3d_dual3_p2p_r2_gate_trace-573d7a_b64_k8_isolated,isolated,ours,14,3,act_ms,0.213696,recorder
20260909-114553_perlmutter_8b85bc5a,ablation_l01_s2_swapall_rst_3d_dual3_p2p_r2_gate_trace-573d7a_b64_k8_isolated,isolated,ours,14,4,act_ms,0.213664,recorder
20260909-114553_perlmutter_8b85bc5a,ablation_l01_s2_swapall_rst_3d_dual3_p2p_r2_gate_trace-573d7a_b64_k8_isolated,isolated,ours,14,5,act_ms,0.213536,recorder
20260909-114553_perlmutter_8b85bc5a,ablation_l01_s2_swapall_rst_3d_dual3_p2p_r2_gate_trace-573d7a_b64_k8_isolated,isolated,ours,14,0,l1_ms,31.339136,recorder
20260909-114553_perlmutter_8b85bc5a,ablation_l01_s2_swapall_rst_3d_dual3_p2p_r2_gate_trace-573d7a_b64_k8_isolated,isolated,ours,14,1,l1_ms,31.598463,recorder
20260909-114553_perlmutter_8b85bc5a,ablation_l01_s2_swapall_rst_3d_dual3_p2p_r2_gate_trace-573d7a_b64_k8_isolated,isolated,ours,14,2,l1_ms,31.69824,recorder
20260909-114553_perlmutter_8b85bc5a,ablation_l01_s2_swapall_rst_3d_dual3_p2p_r2_gate_trace-573d7a_b64_k8_isolated,isolated,ours,14,3,l1_ms,31.159168,recorder
20260909-114553_perlmutter_8b85bc5a,ablation_l01_s2_swapall_rst_3d_dual3_p2p_r2_gate_trace-573d7a_b64_k8_isolated,isolated,ours,14,4,l1_ms,32.388992,recorder
20260909-114553_perlmutter_8b85bc5a,ablation_l01_s2_swapall_rst_3d_dual3_p2p_r2_gate_trace-573d7a_b64_k8_isolated,isolated,ours,14,5,l1_ms,32.072063,recorder
20260909-114553_perlmutter_8b85bc5a,ablation_l01_s2_swapall_rst_3d_dual3_p2p_r2_gate_trace-573d7a_b64_k8_isolated,isolated,ours,14,0,plan_comm_ms,0.674272,recorder
20260909-114553_perlmutter_8b85bc5a,ablation_l01_s2_swapall_rst_3d_dual3_p2p_r2_gate_trace-573d7a_b64_k8_isolated,isolated,ours,14,1,plan_comm_ms,0.469152,recorder
20260909-114553_perlmutter_8b85bc5a,ablation_l01_s2_swapall_rst_3d_dual3_p2p_r2_gate_trace-573d7a_b64_k8_isolated,isolated,ours,14,2,plan_comm_ms,0.234912,recorder
20260909-114553_perlmutter_8b85bc5a,ablation_l01_s2_swapall_rst_3d_dual3_p2p_r2_gate_trace-573d7a_b64_k8_isolated,isolated,ours,14,3,plan_comm_ms,0.601472,recorder
20260909-114553_perlmutter_8b85bc5a,ablation_l01_s2_swapall_rst_3d_dual3_p2p_r2_gate_trace-573d7a_b64_k8_isolated,isolated,ours,14,4,plan_comm_ms,0.248736,recorder
20260909-114553_perlmutter_8b85bc5a,ablation_l01_s2_swapall_rst_3d_dual3_p2p_r2_gate_trace-573d7a_b64_k8_isolated,isolated,ours,14,5,plan_comm_ms,0.511424,recorder
20260909-114553_perlmutter_8b85bc5a,ablation_l01_s2_swapall_rst_3d_dual3_p2p_r2_gate_trace-573d7a_b64_k8_isolated,isolated,ours,14,0,place_ms,2.370816,recorder
20260909-114553_perlmutter_8b85bc5a,ablation_l01_s2_swapall_rst_3d_dual3_p2p_r2_gate_trace-573d7a_b64_k8_isolated,isolated,ours,14,1,place_ms,2.352128,recorder
20260909-114553_perlmutter_8b85bc5a,ablation_l01_s2_swapall_rst_3d_dual3_p2p_r2_gate_trace-573d7a_b64_k8_isolated,isolated,ours,14,2,place_ms,2.366944,recorder
20260909-114553_perlmutter_8b85bc5a,ablation_l01_s2_swapall_rst_3d_dual3_p2p_r2_gate_trace-573d7a_b64_k8_isolated,isolated,ours,14,3,place_ms,2.34992,recorder
20260909-114553_perlmutter_8b85bc5a,ablation_l01_s2_swapall_rst_3d_dual3_p2p_r2_gate_trace-573d7a_b64_k8_isolated,isolated,ours,14,4,place_ms,2.363136,recorder
20260909-114553_perlmutter_8b85bc5a,ablation_l01_s2_swapall_rst_3d_dual3_p2p_r2_gate_trace-573d7a_b64_k8_isolated,isolated,ours,14,5,place_ms,2.3304,recorder
20260909-114553_perlmutter_8b85bc5a,ablation_l01_s2_swapall_rst_3d_dual3_p2p_r2_gate_trace-573d7a_b64_k8_isolated,isolated,ours,14,0,plan_ms,3.371136,recorder
20260909-114553_perlmutter_8b85bc5a,ablation_l01_s2_swapall_rst_3d_dual3_p2p_r2_gate_trace-573d7a_b64_k8_isolated,isolated,ours,14,1,plan_ms,2.697632,recorder
20260909-114553_perlmutter_8b85bc5a,ablation_l01_s2_swapall_rst_3d_dual3_p2p_r2_gate_trace-573d7a_b64_k8_isolated,isolated,ours,14,2,plan_ms,2.285344,recorder
20260909-114553_perlmutter_8b85bc5a,ablation_l01_s2_swapall_rst_3d_dual3_p2p_r2_gate_trace-573d7a_b64_k8_isolated,isolated,ours,14,3,plan_ms,3.129792,recorder
20260909-114553_perlmutter_8b85bc5a,ablation_l01_s2_swapall_rst_3d_dual3_p2p_r2_gate_trace-573d7a_b64_k8_isolated,isolated,ours,14,4,plan_ms,2.446208,recorder
20260909-114553_perlmutter_8b85bc5a,ablation_l01_s2_swapall_rst_3d_dual3_p2p_r2_gate_trace-573d7a_b64_k8_isolated,isolated,ours,14,5,plan_ms,2.5192,recorder
20260909-114553_perlmutter_8b85bc5a,ablation_l01_s2_swapall_rst_3d_dual3_p2p_r2_gate_trace-573d7a_b64_k8_isolated,isolated,ours,14,0,total_ms,63.538113,recorder
20260909-114553_perlmutter_8b85bc5a,ablation_l01_s2_swapall_rst_3d_dual3_p2p_r2_gate_trace-573d7a_b64_k8_isolated,isolated,ours,14,1,total_ms,62.186272,recorder
20260909-114553_perlmutter_8b85bc5a,ablation_l01_s2_swapall_rst_3d_dual3_p2p_r2_gate_trace-573d7a_b64_k8_isolated,isolated,ours,14,2,total_ms,62.973122,recorder
20260909-114553_perlmutter_8b85bc5a,ablation_l01_s2_swapall_rst_3d_dual3_p2p_r2_gate_trace-573d7a_b64_k8_isolated,isolated,ours,14,3,total_ms,62.239296,recorder
20260909-114553_perlmutter_8b85bc5a,ablation_l01_s2_swapall_rst_3d_dual3_p2p_r2_gate_trace-573d7a_b64_k8_isolated,isolated,ours,14,4,total_ms,64.066368,recorder
20260909-114553_perlmutter_8b85bc5a,ablation_l01_s2_swapall_rst_3d_dual3_p2p_r2_gate_trace-573d7a_b64_k8_isolated,isolated,ours,14,5,total_ms,61.686817,recorder
20260909-114553_perlmutter_8b85bc5a,ablation_l01_s2_swapall_rst_3d_dual3_p2p_r2_gate_trace-573d7a_b64_k8_isolated,isolated,ours,14,0,iso_sync_ms,3234.820842,recorder
20260909-114553_perlmutter_8b85bc5a,ablation_l01_s2_swapall_rst_3d_dual3_p2p_r2_gate_trace-573d7a_b64_k8_isolated,isolated,ours,14,1,iso_sync_ms,3229.259766,recorder
20260909-114553_perlmutter_8b85bc5a,ablation_l01_s2_swapall_rst_3d_dual3_p2p_r2_gate_trace-573d7a_b64_k8_isolated,isolated,ours,14,2,iso_sync_ms,3215.905201,recorder
20260909-114553_perlmutter_8b85bc5a,ablation_l01_s2_swapall_rst_3d_dual3_p2p_r2_gate_trace-573d7a_b64_k8_isolated,isolated,ours,14,3,iso_sync_ms,3220.212032,recorder
20260909-114553_perlmutter_8b85bc5a,ablation_l01_s2_swapall_rst_3d_dual3_p2p_r2_gate_trace-573d7a_b64_k8_isolated,isolated,ours,14,4,iso_sync_ms,3217.838093,recorder
20260909-114553_perlmutter_8b85bc5a,ablation_l01_s2_swapall_rst_3d_dual3_p2p_r2_gate_trace-573d7a_b64_k8_isolated,isolated,ours,14,5,iso_sync_ms,3203.709425,recorder
20260909-114553_perlmutter_8b85bc5a,ablation_l01_s2_swapall_rst_3d_dual3_p2p_r2_gate_trace-573d7a_b64_k8_isolated,isolated,ours,15,0,e2e_ms,57.124802,recorder
20260909-114553_perlmutter_8b85bc5a,ablation_l01_s2_swapall_rst_3d_dual3_p2p_r2_gate_trace-573d7a_b64_k8_isolated,isolated,ours,15,1,e2e_ms,56.663712,recorder
20260909-114553_perlmutter_8b85bc5a,ablation_l01_s2_swapall_rst_3d_dual3_p2p_r2_gate_trace-573d7a_b64_k8_isolated,isolated,ours,15,2,e2e_ms,58.085087,recorder
20260909-114553_perlmutter_8b85bc5a,ablation_l01_s2_swapall_rst_3d_dual3_p2p_r2_gate_trace-573d7a_b64_k8_isolated,isolated,ours,15,3,e2e_ms,56.172222,recorder
20260909-114553_perlmutter_8b85bc5a,ablation_l01_s2_swapall_rst_3d_dual3_p2p_r2_gate_trace-573d7a_b64_k8_isolated,isolated,ours,15,4,e2e_ms,58.98605,recorder
20260909-114553_perlmutter_8b85bc5a,ablation_l01_s2_swapall_rst_3d_dual3_p2p_r2_gate_trace-573d7a_b64_k8_isolated,isolated,ours,15,5,e2e_ms,56.321568,recorder
20260909-114553_perlmutter_8b85bc5a,ablation_l01_s2_swapall_rst_3d_dual3_p2p_r2_gate_trace-573d7a_b64_k8_isolated,isolated,ours,15,0,l0_ms,25.566336,recorder
20260909-114553_perlmutter_8b85bc5a,ablation_l01_s2_swapall_rst_3d_dual3_p2p_r2_gate_trace-573d7a_b64_k8_isolated,isolated,ours,15,1,l0_ms,24.840609,recorder
20260909-114553_perlmutter_8b85bc5a,ablation_l01_s2_swapall_rst_3d_dual3_p2p_r2_gate_trace-573d7a_b64_k8_isolated,isolated,ours,15,2,l0_ms,26.158432,recorder
20260909-114553_perlmutter_8b85bc5a,ablation_l01_s2_swapall_rst_3d_dual3_p2p_r2_gate_trace-573d7a_b64_k8_isolated,isolated,ours,15,3,l0_ms,24.789087,recorder
20260909-114553_perlmutter_8b85bc5a,ablation_l01_s2_swapall_rst_3d_dual3_p2p_r2_gate_trace-573d7a_b64_k8_isolated,isolated,ours,15,4,l0_ms,26.367359,recorder
20260909-114553_perlmutter_8b85bc5a,ablation_l01_s2_swapall_rst_3d_dual3_p2p_r2_gate_trace-573d7a_b64_k8_isolated,isolated,ours,15,5,l0_ms,24.022112,recorder
20260909-114553_perlmutter_8b85bc5a,ablation_l01_s2_swapall_rst_3d_dual3_p2p_r2_gate_trace-573d7a_b64_k8_isolated,isolated,ours,15,0,act_ms,0.23696,recorder
20260909-114553_perlmutter_8b85bc5a,ablation_l01_s2_swapall_rst_3d_dual3_p2p_r2_gate_trace-573d7a_b64_k8_isolated,isolated,ours,15,1,act_ms,0.23776,recorder
20260909-114553_perlmutter_8b85bc5a,ablation_l01_s2_swapall_rst_3d_dual3_p2p_r2_gate_trace-573d7a_b64_k8_isolated,isolated,ours,15,2,act_ms,0.24176,recorder
20260909-114553_perlmutter_8b85bc5a,ablation_l01_s2_swapall_rst_3d_dual3_p2p_r2_gate_trace-573d7a_b64_k8_isolated,isolated,ours,15,3,act_ms,0.241568,recorder
20260909-114553_perlmutter_8b85bc5a,ablation_l01_s2_swapall_rst_3d_dual3_p2p_r2_gate_trace-573d7a_b64_k8_isolated,isolated,ours,15,4,act_ms,0.237696,recorder
20260909-114553_perlmutter_8b85bc5a,ablation_l01_s2_swapall_rst_3d_dual3_p2p_r2_gate_trace-573d7a_b64_k8_isolated,isolated,ours,15,5,act_ms,0.236512,recorder
20260909-114553_perlmutter_8b85bc5a,ablation_l01_s2_swapall_rst_3d_dual3_p2p_r2_gate_trace-573d7a_b64_k8_isolated,isolated,ours,15,0,l1_ms,31.321505,recorder
20260909-114553_perlmutter_8b85bc5a,ablation_l01_s2_swapall_rst_3d_dual3_p2p_r2_gate_trace-573d7a_b64_k8_isolated,isolated,ours,15,1,l1_ms,31.585344,recorder
20260909-114553_perlmutter_8b85bc5a,ablation_l01_s2_swapall_rst_3d_dual3_p2p_r2_gate_trace-573d7a_b64_k8_isolated,isolated,ours,15,2,l1_ms,31.684896,recorder
20260909-114553_perlmutter_8b85bc5a,ablation_l01_s2_swapall_rst_3d_dual3_p2p_r2_gate_trace-573d7a_b64_k8_isolated,isolated,ours,15,3,l1_ms,31.141567,recorder
20260909-114553_perlmutter_8b85bc5a,ablation_l01_s2_swapall_rst_3d_dual3_p2p_r2_gate_trace-573d7a_b64_k8_isolated,isolated,ours,15,4,l1_ms,32.380993,recorder
20260909-114553_perlmutter_8b85bc5a,ablation_l01_s2_swapall_rst_3d_dual3_p2p_r2_gate_trace-573d7a_b64_k8_isolated,isolated,ours,15,5,l1_ms,32.062943,recorder
20260909-114553_perlmutter_8b85bc5a,ablation_l01_s2_swapall_rst_3d_dual3_p2p_r2_gate_trace-573d7a_b64_k8_isolated,isolated,ours,15,0,plan_comm_ms,0.668192,recorder
20260909-114553_perlmutter_8b85bc5a,ablation_l01_s2_swapall_rst_3d_dual3_p2p_r2_gate_trace-573d7a_b64_k8_isolated,isolated,ours,15,1,plan_comm_ms,0.47136,recorder
20260909-114553_perlmutter_8b85bc5a,ablation_l01_s2_swapall_rst_3d_dual3_p2p_r2_gate_trace-573d7a_b64_k8_isolated,isolated,ours,15,2,plan_comm_ms,0.241856,recorder
20260909-114553_perlmutter_8b85bc5a,ablation_l01_s2_swapall_rst_3d_dual3_p2p_r2_gate_trace-573d7a_b64_k8_isolated,isolated,ours,15,3,plan_comm_ms,0.603744,recorder
20260909-114553_perlmutter_8b85bc5a,ablation_l01_s2_swapall_rst_3d_dual3_p2p_r2_gate_trace-573d7a_b64_k8_isolated,isolated,ours,15,4,plan_comm_ms,0.24432,recorder
20260909-114553_perlmutter_8b85bc5a,ablation_l01_s2_swapall_rst_3d_dual3_p2p_r2_gate_trace-573d7a_b64_k8_isolated,isolated,ours,15,5,plan_comm_ms,0.512032,recorder
20260909-114553_perlmutter_8b85bc5a,ablation_l01_s2_swapall_rst_3d_dual3_p2p_r2_gate_trace-573d7a_b64_k8_isolated,isolated,ours,15,0,place_ms,2.353536,recorder
20260909-114553_perlmutter_8b85bc5a,ablation_l01_s2_swapall_rst_3d_dual3_p2p_r2_gate_trace-573d7a_b64_k8_isolated,isolated,ours,15,1,place_ms,2.354976,recorder
20260909-114553_perlmutter_8b85bc5a,ablation_l01_s2_swapall_rst_3d_dual3_p2p_r2_gate_trace-573d7a_b64_k8_isolated,isolated,ours,15,2,place_ms,2.399456,recorder
20260909-114553_perlmutter_8b85bc5a,ablation_l01_s2_swapall_rst_3d_dual3_p2p_r2_gate_trace-573d7a_b64_k8_isolated,isolated,ours,15,3,place_ms,2.397888,recorder
20260909-114553_perlmutter_8b85bc5a,ablation_l01_s2_swapall_rst_3d_dual3_p2p_r2_gate_trace-573d7a_b64_k8_isolated,isolated,ours,15,4,place_ms,2.386432,recorder
20260909-114553_perlmutter_8b85bc5a,ablation_l01_s2_swapall_rst_3d_dual3_p2p_r2_gate_trace-573d7a_b64_k8_isolated,isolated,ours,15,5,place_ms,2.387456,recorder
20260909-114553_perlmutter_8b85bc5a,ablation_l01_s2_swapall_rst_3d_dual3_p2p_r2_gate_trace-573d7a_b64_k8_isolated,isolated,ours,15,0,plan_ms,3.393888,recorder
20260909-114553_perlmutter_8b85bc5a,ablation_l01_s2_swapall_rst_3d_dual3_p2p_r2_gate_trace-573d7a_b64_k8_isolated,isolated,ours,15,1,plan_ms,2.718112,recorder
20260909-114553_perlmutter_8b85bc5a,ablation_l01_s2_swapall_rst_3d_dual3_p2p_r2_gate_trace-573d7a_b64_k8_isolated,isolated,ours,15,2,plan_ms,2.27088,recorder
20260909-114553_perlmutter_8b85bc5a,ablation_l01_s2_swapall_rst_3d_dual3_p2p_r2_gate_trace-573d7a_b64_k8_isolated,isolated,ours,15,3,plan_ms,3.084256,recorder
20260909-114553_perlmutter_8b85bc5a,ablation_l01_s2_swapall_rst_3d_dual3_p2p_r2_gate_trace-573d7a_b64_k8_isolated,isolated,ours,15,4,plan_ms,2.45888,recorder
20260909-114553_perlmutter_8b85bc5a,ablation_l01_s2_swapall_rst_3d_dual3_p2p_r2_gate_trace-573d7a_b64_k8_isolated,isolated,ours,15,5,plan_ms,2.481824,recorder
20260909-114553_perlmutter_8b85bc5a,ablation_l01_s2_swapall_rst_3d_dual3_p2p_r2_gate_trace-573d7a_b64_k8_isolated,isolated,ours,15,0,total_ms,63.542976,recorder
20260909-114553_perlmutter_8b85bc5a,ablation_l01_s2_swapall_rst_3d_dual3_p2p_r2_gate_trace-573d7a_b64_k8_isolated,isolated,ours,15,1,total_ms,62.210751,recorder
20260909-114553_perlmutter_8b85bc5a,ablation_l01_s2_swapall_rst_3d_dual3_p2p_r2_gate_trace-573d7a_b64_k8_isolated,isolated,ours,15,2,total_ms,62.999809,recorder
20260909-114553_perlmutter_8b85bc5a,ablation_l01_s2_swapall_rst_3d_dual3_p2p_r2_gate_trace-573d7a_b64_k8_isolated,isolated,ours,15,3,total_ms,62.260704,recorder
20260909-114553_perlmutter_8b85bc5a,ablation_l01_s2_swapall_rst_3d_dual3_p2p_r2_gate_trace-573d7a_b64_k8_isolated,isolated,ours,15,4,total_ms,64.078239,recorder
20260909-114553_perlmutter_8b85bc5a,ablation_l01_s2_swapall_rst_3d_dual3_p2p_r2_gate_trace-573d7a_b64_k8_isolated,isolated,ours,15,5,total_ms,61.705406,recorder
20260909-114553_perlmutter_8b85bc5a,ablation_l01_s2_swapall_rst_3d_dual3_p2p_r2_gate_trace-573d7a_b64_k8_isolated,isolated,ours,15,0,iso_sync_ms,3227.945004,recorder
20260909-114553_perlmutter_8b85bc5a,ablation_l01_s2_swapall_rst_3d_dual3_p2p_r2_gate_trace-573d7a_b64_k8_isolated,isolated,ours,15,1,iso_sync_ms,3236.343418,recorder
20260909-114553_perlmutter_8b85bc5a,ablation_l01_s2_swapall_rst_3d_dual3_p2p_r2_gate_trace-573d7a_b64_k8_isolated,isolated,ours,15,2,iso_sync_ms,3255.675418,recorder
20260909-114553_perlmutter_8b85bc5a,ablation_l01_s2_swapall_rst_3d_dual3_p2p_r2_gate_trace-573d7a_b64_k8_isolated,isolated,ours,15,3,iso_sync_ms,3231.9039,recorder
20260909-114553_perlmutter_8b85bc5a,ablation_l01_s2_swapall_rst_3d_dual3_p2p_r2_gate_trace-573d7a_b64_k8_isolated,isolated,ours,15,4,iso_sync_ms,3225.649438,recorder
20260909-114553_perlmutter_8b85bc5a,ablation_l01_s2_swapall_rst_3d_dual3_p2p_r2_gate_trace-573d7a_b64_k8_isolated,isolated,ours,15,5,iso_sync_ms,3229.68935,recorder
