run_id,cell_id,mode,impl,rank,iter,metric,value_ms,source
20260925-142559_perlmutter_effc80dd,ours_l01_s1_pv2_r2_pv3c_eps025_trace-a2e8ab_b16_k8_isolated,isolated,ours,0,0,e2e_ms,13.489216,recorder
20260925-142559_perlmutter_effc80dd,ours_l01_s1_pv2_r2_pv3c_eps025_trace-a2e8ab_b16_k8_isolated,isolated,ours,0,1,e2e_ms,13.626688,recorder
20260925-142559_perlmutter_effc80dd,ours_l01_s1_pv2_r2_pv3c_eps025_trace-a2e8ab_b16_k8_isolated,isolated,ours,0,2,e2e_ms,13.094272,recorder
20260925-142559_perlmutter_effc80dd,ours_l01_s1_pv2_r2_pv3c_eps025_trace-a2e8ab_b16_k8_isolated,isolated,ours,0,3,e2e_ms,13.51968,recorder
20260925-142559_perlmutter_effc80dd,ours_l01_s1_pv2_r2_pv3c_eps025_trace-a2e8ab_b16_k8_isolated,isolated,ours,0,4,e2e_ms,13.671392,recorder
20260925-142559_perlmutter_effc80dd,ours_l01_s1_pv2_r2_pv3c_eps025_trace-a2e8ab_b16_k8_isolated,isolated,ours,0,5,e2e_ms,14.468416,recorder
20260925-142559_perlmutter_effc80dd,ours_l01_s1_pv2_r2_pv3c_eps025_trace-a2e8ab_b16_k8_isolated,isolated,ours,0,6,e2e_ms,13.373216,recorder
20260925-142559_perlmutter_effc80dd,ours_l01_s1_pv2_r2_pv3c_eps025_trace-a2e8ab_b16_k8_isolated,isolated,ours,0,7,e2e_ms,13.778464,recorder
20260925-142559_perlmutter_effc80dd,ours_l01_s1_pv2_r2_pv3c_eps025_trace-a2e8ab_b16_k8_isolated,isolated,ours,0,8,e2e_ms,13.984256,recorder
20260925-142559_perlmutter_effc80dd,ours_l01_s1_pv2_r2_pv3c_eps025_trace-a2e8ab_b16_k8_isolated,isolated,ours,0,9,e2e_ms,13.989472,recorder
20260925-142559_perlmutter_effc80dd,ours_l01_s1_pv2_r2_pv3c_eps025_trace-a2e8ab_b16_k8_isolated,isolated,ours,0,0,l0_ms,6.936832,recorder
20260925-142559_perlmutter_effc80dd,ours_l01_s1_pv2_r2_pv3c_eps025_trace-a2e8ab_b16_k8_isolated,isolated,ours,0,1,l0_ms,6.723008,recorder
20260925-142559_perlmutter_effc80dd,ours_l01_s1_pv2_r2_pv3c_eps025_trace-a2e8ab_b16_k8_isolated,isolated,ours,0,2,l0_ms,6.48944,recorder
20260925-142559_perlmutter_effc80dd,ours_l01_s1_pv2_r2_pv3c_eps025_trace-a2e8ab_b16_k8_isolated,isolated,ours,0,3,l0_ms,6.438944,recorder
20260925-142559_perlmutter_effc80dd,ours_l01_s1_pv2_r2_pv3c_eps025_trace-a2e8ab_b16_k8_isolated,isolated,ours,0,4,l0_ms,6.715232,recorder
20260925-142559_perlmutter_effc80dd,ours_l01_s1_pv2_r2_pv3c_eps025_trace-a2e8ab_b16_k8_isolated,isolated,ours,0,5,l0_ms,7.036096,recorder
20260925-142559_perlmutter_effc80dd,ours_l01_s1_pv2_r2_pv3c_eps025_trace-a2e8ab_b16_k8_isolated,isolated,ours,0,6,l0_ms,6.615808,recorder
20260925-142559_perlmutter_effc80dd,ours_l01_s1_pv2_r2_pv3c_eps025_trace-a2e8ab_b16_k8_isolated,isolated,ours,0,7,l0_ms,6.604544,recorder
20260925-142559_perlmutter_effc80dd,ours_l01_s1_pv2_r2_pv3c_eps025_trace-a2e8ab_b16_k8_isolated,isolated,ours,0,8,l0_ms,6.783648,recorder
20260925-142559_perlmutter_effc80dd,ours_l01_s1_pv2_r2_pv3c_eps025_trace-a2e8ab_b16_k8_isolated,isolated,ours,0,9,l0_ms,6.542208,recorder
20260925-142559_perlmutter_effc80dd,ours_l01_s1_pv2_r2_pv3c_eps025_trace-a2e8ab_b16_k8_isolated,isolated,ours,0,0,act_ms,0.12016,recorder
20260925-142559_perlmutter_effc80dd,ours_l01_s1_pv2_r2_pv3c_eps025_trace-a2e8ab_b16_k8_isolated,isolated,ours,0,1,act_ms,0.119008,recorder
20260925-142559_perlmutter_effc80dd,ours_l01_s1_pv2_r2_pv3c_eps025_trace-a2e8ab_b16_k8_isolated,isolated,ours,0,2,act_ms,0.122048,recorder
20260925-142559_perlmutter_effc80dd,ours_l01_s1_pv2_r2_pv3c_eps025_trace-a2e8ab_b16_k8_isolated,isolated,ours,0,3,act_ms,0.120448,recorder
20260925-142559_perlmutter_effc80dd,ours_l01_s1_pv2_r2_pv3c_eps025_trace-a2e8ab_b16_k8_isolated,isolated,ours,0,4,act_ms,0.120736,recorder
20260925-142559_perlmutter_effc80dd,ours_l01_s1_pv2_r2_pv3c_eps025_trace-a2e8ab_b16_k8_isolated,isolated,ours,0,5,act_ms,0.122592,recorder
20260925-142559_perlmutter_effc80dd,ours_l01_s1_pv2_r2_pv3c_eps025_trace-a2e8ab_b16_k8_isolated,isolated,ours,0,6,act_ms,0.119104,recorder
20260925-142559_perlmutter_effc80dd,ours_l01_s1_pv2_r2_pv3c_eps025_trace-a2e8ab_b16_k8_isolated,isolated,ours,0,7,act_ms,0.119936,recorder
20260925-142559_perlmutter_effc80dd,ours_l01_s1_pv2_r2_pv3c_eps025_trace-a2e8ab_b16_k8_isolated,isolated,ours,0,8,act_ms,0.12096,recorder
20260925-142559_perlmutter_effc80dd,ours_l01_s1_pv2_r2_pv3c_eps025_trace-a2e8ab_b16_k8_isolated,isolated,ours,0,9,act_ms,0.12016,recorder
20260925-142559_perlmutter_effc80dd,ours_l01_s1_pv2_r2_pv3c_eps025_trace-a2e8ab_b16_k8_isolated,isolated,ours,0,0,l1_ms,6.432224,recorder
20260925-142559_perlmutter_effc80dd,ours_l01_s1_pv2_r2_pv3c_eps025_trace-a2e8ab_b16_k8_isolated,isolated,ours,0,1,l1_ms,6.784672,recorder
20260925-142559_perlmutter_effc80dd,ours_l01_s1_pv2_r2_pv3c_eps025_trace-a2e8ab_b16_k8_isolated,isolated,ours,0,2,l1_ms,6.482784,recorder
20260925-142559_perlmutter_effc80dd,ours_l01_s1_pv2_r2_pv3c_eps025_trace-a2e8ab_b16_k8_isolated,isolated,ours,0,3,l1_ms,6.960288,recorder
20260925-142559_perlmutter_effc80dd,ours_l01_s1_pv2_r2_pv3c_eps025_trace-a2e8ab_b16_k8_isolated,isolated,ours,0,4,l1_ms,6.835424,recorder
20260925-142559_perlmutter_effc80dd,ours_l01_s1_pv2_r2_pv3c_eps025_trace-a2e8ab_b16_k8_isolated,isolated,ours,0,5,l1_ms,7.309728,recorder
20260925-142559_perlmutter_effc80dd,ours_l01_s1_pv2_r2_pv3c_eps025_trace-a2e8ab_b16_k8_isolated,isolated,ours,0,6,l1_ms,6.638304,recorder
20260925-142559_perlmutter_effc80dd,ours_l01_s1_pv2_r2_pv3c_eps025_trace-a2e8ab_b16_k8_isolated,isolated,ours,0,7,l1_ms,7.053984,recorder
20260925-142559_perlmutter_effc80dd,ours_l01_s1_pv2_r2_pv3c_eps025_trace-a2e8ab_b16_k8_isolated,isolated,ours,0,8,l1_ms,7.079648,recorder
20260925-142559_perlmutter_effc80dd,ours_l01_s1_pv2_r2_pv3c_eps025_trace-a2e8ab_b16_k8_isolated,isolated,ours,0,9,l1_ms,7.327104,recorder
20260925-142559_perlmutter_effc80dd,ours_l01_s1_pv2_r2_pv3c_eps025_trace-a2e8ab_b16_k8_isolated,isolated,ours,0,0,plan_comm_ms,0.635648,recorder
20260925-142559_perlmutter_effc80dd,ours_l01_s1_pv2_r2_pv3c_eps025_trace-a2e8ab_b16_k8_isolated,isolated,ours,0,1,plan_comm_ms,0.46976,recorder
20260925-142559_perlmutter_effc80dd,ours_l01_s1_pv2_r2_pv3c_eps025_trace-a2e8ab_b16_k8_isolated,isolated,ours,0,2,plan_comm_ms,0.583968,recorder
20260925-142559_perlmutter_effc80dd,ours_l01_s1_pv2_r2_pv3c_eps025_trace-a2e8ab_b16_k8_isolated,isolated,ours,0,3,plan_comm_ms,0.444032,recorder
20260925-142559_perlmutter_effc80dd,ours_l01_s1_pv2_r2_pv3c_eps025_trace-a2e8ab_b16_k8_isolated,isolated,ours,0,4,plan_comm_ms,0.219264,recorder
20260925-142559_perlmutter_effc80dd,ours_l01_s1_pv2_r2_pv3c_eps025_trace-a2e8ab_b16_k8_isolated,isolated,ours,0,5,plan_comm_ms,0.671168,recorder
20260925-142559_perlmutter_effc80dd,ours_l01_s1_pv2_r2_pv3c_eps025_trace-a2e8ab_b16_k8_isolated,isolated,ours,0,6,plan_comm_ms,0.205632,recorder
20260925-142559_perlmutter_effc80dd,ours_l01_s1_pv2_r2_pv3c_eps025_trace-a2e8ab_b16_k8_isolated,isolated,ours,0,7,plan_comm_ms,0.205824,recorder
20260925-142559_perlmutter_effc80dd,ours_l01_s1_pv2_r2_pv3c_eps025_trace-a2e8ab_b16_k8_isolated,isolated,ours,0,8,plan_comm_ms,0.212544,recorder
20260925-142559_perlmutter_effc80dd,ours_l01_s1_pv2_r2_pv3c_eps025_trace-a2e8ab_b16_k8_isolated,isolated,ours,0,9,plan_comm_ms,0.204576,recorder
20260925-142559_perlmutter_effc80dd,ours_l01_s1_pv2_r2_pv3c_eps025_trace-a2e8ab_b16_k8_isolated,isolated,ours,0,0,place_ms,0.002336,recorder
20260925-142559_perlmutter_effc80dd,ours_l01_s1_pv2_r2_pv3c_eps025_trace-a2e8ab_b16_k8_isolated,isolated,ours,0,1,place_ms,0.002336,recorder
20260925-142559_perlmutter_effc80dd,ours_l01_s1_pv2_r2_pv3c_eps025_trace-a2e8ab_b16_k8_isolated,isolated,ours,0,2,place_ms,0.002336,recorder
20260925-142559_perlmutter_effc80dd,ours_l01_s1_pv2_r2_pv3c_eps025_trace-a2e8ab_b16_k8_isolated,isolated,ours,0,3,place_ms,0.002336,recorder
20260925-142559_perlmutter_effc80dd,ours_l01_s1_pv2_r2_pv3c_eps025_trace-a2e8ab_b16_k8_isolated,isolated,ours,0,4,place_ms,0.002336,recorder
20260925-142559_perlmutter_effc80dd,ours_l01_s1_pv2_r2_pv3c_eps025_trace-a2e8ab_b16_k8_isolated,isolated,ours,0,5,place_ms,0.002368,recorder
20260925-142559_perlmutter_effc80dd,ours_l01_s1_pv2_r2_pv3c_eps025_trace-a2e8ab_b16_k8_isolated,isolated,ours,0,6,place_ms,0.00256,recorder
20260925-142559_perlmutter_effc80dd,ours_l01_s1_pv2_r2_pv3c_eps025_trace-a2e8ab_b16_k8_isolated,isolated,ours,0,7,place_ms,0.002368,recorder
20260925-142559_perlmutter_effc80dd,ours_l01_s1_pv2_r2_pv3c_eps025_trace-a2e8ab_b16_k8_isolated,isolated,ours,0,8,place_ms,0.002368,recorder
20260925-142559_perlmutter_effc80dd,ours_l01_s1_pv2_r2_pv3c_eps025_trace-a2e8ab_b16_k8_isolated,isolated,ours,0,9,place_ms,0.002336,recorder
20260925-142559_perlmutter_effc80dd,ours_l01_s1_pv2_r2_pv3c_eps025_trace-a2e8ab_b16_k8_isolated,isolated,ours,0,0,plan_ms,1.120992,recorder
20260925-142559_perlmutter_effc80dd,ours_l01_s1_pv2_r2_pv3c_eps025_trace-a2e8ab_b16_k8_isolated,isolated,ours,0,1,plan_ms,1.132256,recorder
20260925-142559_perlmutter_effc80dd,ours_l01_s1_pv2_r2_pv3c_eps025_trace-a2e8ab_b16_k8_isolated,isolated,ours,0,2,plan_ms,1.120032,recorder
20260925-142559_perlmutter_effc80dd,ours_l01_s1_pv2_r2_pv3c_eps025_trace-a2e8ab_b16_k8_isolated,isolated,ours,0,3,plan_ms,1.1056,recorder
20260925-142559_perlmutter_effc80dd,ours_l01_s1_pv2_r2_pv3c_eps025_trace-a2e8ab_b16_k8_isolated,isolated,ours,0,4,plan_ms,1.132352,recorder
20260925-142559_perlmutter_effc80dd,ours_l01_s1_pv2_r2_pv3c_eps025_trace-a2e8ab_b16_k8_isolated,isolated,ours,0,5,plan_ms,1.10688,recorder
20260925-142559_perlmutter_effc80dd,ours_l01_s1_pv2_r2_pv3c_eps025_trace-a2e8ab_b16_k8_isolated,isolated,ours,0,6,plan_ms,1.125056,recorder
20260925-142559_perlmutter_effc80dd,ours_l01_s1_pv2_r2_pv3c_eps025_trace-a2e8ab_b16_k8_isolated,isolated,ours,0,7,plan_ms,1.108384,recorder
20260925-142559_perlmutter_effc80dd,ours_l01_s1_pv2_r2_pv3c_eps025_trace-a2e8ab_b16_k8_isolated,isolated,ours,0,8,plan_ms,1.105824,recorder
20260925-142559_perlmutter_effc80dd,ours_l01_s1_pv2_r2_pv3c_eps025_trace-a2e8ab_b16_k8_isolated,isolated,ours,0,9,plan_ms,1.107712,recorder
20260925-142559_perlmutter_effc80dd,ours_l01_s1_pv2_r2_pv3c_eps025_trace-a2e8ab_b16_k8_isolated,isolated,ours,0,0,total_ms,15.25712,recorder
20260925-142559_perlmutter_effc80dd,ours_l01_s1_pv2_r2_pv3c_eps025_trace-a2e8ab_b16_k8_isolated,isolated,ours,0,1,total_ms,15.240032,recorder
20260925-142559_perlmutter_effc80dd,ours_l01_s1_pv2_r2_pv3c_eps025_trace-a2e8ab_b16_k8_isolated,isolated,ours,0,2,total_ms,14.809088,recorder
20260925-142559_perlmutter_effc80dd,ours_l01_s1_pv2_r2_pv3c_eps025_trace-a2e8ab_b16_k8_isolated,isolated,ours,0,3,total_ms,15.0808,recorder
20260925-142559_perlmutter_effc80dd,ours_l01_s1_pv2_r2_pv3c_eps025_trace-a2e8ab_b16_k8_isolated,isolated,ours,0,4,total_ms,15.034272,recorder
20260925-142559_perlmutter_effc80dd,ours_l01_s1_pv2_r2_pv3c_eps025_trace-a2e8ab_b16_k8_isolated,isolated,ours,0,5,total_ms,16.257856,recorder
20260925-142559_perlmutter_effc80dd,ours_l01_s1_pv2_r2_pv3c_eps025_trace-a2e8ab_b16_k8_isolated,isolated,ours,0,6,total_ms,14.715424,recorder
20260925-142559_perlmutter_effc80dd,ours_l01_s1_pv2_r2_pv3c_eps025_trace-a2e8ab_b16_k8_isolated,isolated,ours,0,7,total_ms,15.103456,recorder
20260925-142559_perlmutter_effc80dd,ours_l01_s1_pv2_r2_pv3c_eps025_trace-a2e8ab_b16_k8_isolated,isolated,ours,0,8,total_ms,15.313152,recorder
20260925-142559_perlmutter_effc80dd,ours_l01_s1_pv2_r2_pv3c_eps025_trace-a2e8ab_b16_k8_isolated,isolated,ours,0,9,total_ms,15.313152,recorder
20260925-142559_perlmutter_effc80dd,ours_l01_s1_pv2_r2_pv3c_eps025_trace-a2e8ab_b16_k8_isolated,isolated,ours,0,0,iso_sync_ms,12.19953,recorder
20260925-142559_perlmutter_effc80dd,ours_l01_s1_pv2_r2_pv3c_eps025_trace-a2e8ab_b16_k8_isolated,isolated,ours,0,1,iso_sync_ms,12.345613,recorder
20260925-142559_perlmutter_effc80dd,ours_l01_s1_pv2_r2_pv3c_eps025_trace-a2e8ab_b16_k8_isolated,isolated,ours,0,2,iso_sync_ms,12.333129,recorder
20260925-142559_perlmutter_effc80dd,ours_l01_s1_pv2_r2_pv3c_eps025_trace-a2e8ab_b16_k8_isolated,isolated,ours,0,3,iso_sync_ms,13.397359,recorder
20260925-142559_perlmutter_effc80dd,ours_l01_s1_pv2_r2_pv3c_eps025_trace-a2e8ab_b16_k8_isolated,isolated,ours,0,4,iso_sync_ms,12.245068,recorder
20260925-142559_perlmutter_effc80dd,ours_l01_s1_pv2_r2_pv3c_eps025_trace-a2e8ab_b16_k8_isolated,isolated,ours,0,5,iso_sync_ms,12.299785,recorder
20260925-142559_perlmutter_effc80dd,ours_l01_s1_pv2_r2_pv3c_eps025_trace-a2e8ab_b16_k8_isolated,isolated,ours,0,6,iso_sync_ms,13.125774,recorder
20260925-142559_perlmutter_effc80dd,ours_l01_s1_pv2_r2_pv3c_eps025_trace-a2e8ab_b16_k8_isolated,isolated,ours,0,7,iso_sync_ms,12.140826,recorder
20260925-142559_perlmutter_effc80dd,ours_l01_s1_pv2_r2_pv3c_eps025_trace-a2e8ab_b16_k8_isolated,isolated,ours,0,8,iso_sync_ms,12.69018,recorder
20260925-142559_perlmutter_effc80dd,ours_l01_s1_pv2_r2_pv3c_eps025_trace-a2e8ab_b16_k8_isolated,isolated,ours,0,9,iso_sync_ms,13.064284,recorder
20260925-142559_perlmutter_effc80dd,ours_l01_s1_pv2_r2_pv3c_eps025_trace-a2e8ab_b16_k8_isolated,isolated,ours,0,0,l0_enq_ms,0.692671,recorder
20260925-142559_perlmutter_effc80dd,ours_l01_s1_pv2_r2_pv3c_eps025_trace-a2e8ab_b16_k8_isolated,isolated,ours,0,1,l0_enq_ms,0.704624,recorder
20260925-142559_perlmutter_effc80dd,ours_l01_s1_pv2_r2_pv3c_eps025_trace-a2e8ab_b16_k8_isolated,isolated,ours,0,2,l0_enq_ms,0.679886,recorder
20260925-142559_perlmutter_effc80dd,ours_l01_s1_pv2_r2_pv3c_eps025_trace-a2e8ab_b16_k8_isolated,isolated,ours,0,3,l0_enq_ms,0.660439,recorder
20260925-142559_perlmutter_effc80dd,ours_l01_s1_pv2_r2_pv3c_eps025_trace-a2e8ab_b16_k8_isolated,isolated,ours,0,4,l0_enq_ms,0.662032,recorder
20260925-142559_perlmutter_effc80dd,ours_l01_s1_pv2_r2_pv3c_eps025_trace-a2e8ab_b16_k8_isolated,isolated,ours,0,5,l0_enq_ms,0.658885,recorder
20260925-142559_perlmutter_effc80dd,ours_l01_s1_pv2_r2_pv3c_eps025_trace-a2e8ab_b16_k8_isolated,isolated,ours,0,6,l0_enq_ms,0.648937,recorder
20260925-142559_perlmutter_effc80dd,ours_l01_s1_pv2_r2_pv3c_eps025_trace-a2e8ab_b16_k8_isolated,isolated,ours,0,7,l0_enq_ms,0.655328,recorder
20260925-142559_perlmutter_effc80dd,ours_l01_s1_pv2_r2_pv3c_eps025_trace-a2e8ab_b16_k8_isolated,isolated,ours,0,8,l0_enq_ms,0.656762,recorder
20260925-142559_perlmutter_effc80dd,ours_l01_s1_pv2_r2_pv3c_eps025_trace-a2e8ab_b16_k8_isolated,isolated,ours,0,9,l0_enq_ms,0.668856,recorder
20260925-142559_perlmutter_effc80dd,ours_l01_s1_pv2_r2_pv3c_eps025_trace-a2e8ab_b16_k8_isolated,isolated,ours,0,0,l1_enq_ms,0.493285,recorder
20260925-142559_perlmutter_effc80dd,ours_l01_s1_pv2_r2_pv3c_eps025_trace-a2e8ab_b16_k8_isolated,isolated,ours,0,1,l1_enq_ms,0.524405,recorder
20260925-142559_perlmutter_effc80dd,ours_l01_s1_pv2_r2_pv3c_eps025_trace-a2e8ab_b16_k8_isolated,isolated,ours,0,2,l1_enq_ms,0.516791,recorder
20260925-142559_perlmutter_effc80dd,ours_l01_s1_pv2_r2_pv3c_eps025_trace-a2e8ab_b16_k8_isolated,isolated,ours,0,3,l1_enq_ms,0.496431,recorder
20260925-142559_perlmutter_effc80dd,ours_l01_s1_pv2_r2_pv3c_eps025_trace-a2e8ab_b16_k8_isolated,isolated,ours,0,4,l1_enq_ms,0.524525,recorder
20260925-142559_perlmutter_effc80dd,ours_l01_s1_pv2_r2_pv3c_eps025_trace-a2e8ab_b16_k8_isolated,isolated,ours,0,5,l1_enq_ms,0.494878,recorder
20260925-142559_perlmutter_effc80dd,ours_l01_s1_pv2_r2_pv3c_eps025_trace-a2e8ab_b16_k8_isolated,isolated,ours,0,6,l1_enq_ms,0.492894,recorder
20260925-142559_perlmutter_effc80dd,ours_l01_s1_pv2_r2_pv3c_eps025_trace-a2e8ab_b16_k8_isolated,isolated,ours,0,7,l1_enq_ms,0.480771,recorder
20260925-142559_perlmutter_effc80dd,ours_l01_s1_pv2_r2_pv3c_eps025_trace-a2e8ab_b16_k8_isolated,isolated,ours,0,8,l1_enq_ms,0.451854,recorder
20260925-142559_perlmutter_effc80dd,ours_l01_s1_pv2_r2_pv3c_eps025_trace-a2e8ab_b16_k8_isolated,isolated,ours,0,9,l1_enq_ms,0.450683,recorder
20260925-142559_perlmutter_effc80dd,ours_l01_s1_pv2_r2_pv3c_eps025_trace-a2e8ab_b16_k8_isolated,isolated,ours,1,0,e2e_ms,13.49568,recorder
20260925-142559_perlmutter_effc80dd,ours_l01_s1_pv2_r2_pv3c_eps025_trace-a2e8ab_b16_k8_isolated,isolated,ours,1,1,e2e_ms,13.64016,recorder
20260925-142559_perlmutter_effc80dd,ours_l01_s1_pv2_r2_pv3c_eps025_trace-a2e8ab_b16_k8_isolated,isolated,ours,1,2,e2e_ms,13.0936,recorder
20260925-142559_perlmutter_effc80dd,ours_l01_s1_pv2_r2_pv3c_eps025_trace-a2e8ab_b16_k8_isolated,isolated,ours,1,3,e2e_ms,13.519776,recorder
20260925-142559_perlmutter_effc80dd,ours_l01_s1_pv2_r2_pv3c_eps025_trace-a2e8ab_b16_k8_isolated,isolated,ours,1,4,e2e_ms,13.694304,recorder
20260925-142559_perlmutter_effc80dd,ours_l01_s1_pv2_r2_pv3c_eps025_trace-a2e8ab_b16_k8_isolated,isolated,ours,1,5,e2e_ms,14.479744,recorder
20260925-142559_perlmutter_effc80dd,ours_l01_s1_pv2_r2_pv3c_eps025_trace-a2e8ab_b16_k8_isolated,isolated,ours,1,6,e2e_ms,13.39056,recorder
20260925-142559_perlmutter_effc80dd,ours_l01_s1_pv2_r2_pv3c_eps025_trace-a2e8ab_b16_k8_isolated,isolated,ours,1,7,e2e_ms,13.795936,recorder
20260925-142559_perlmutter_effc80dd,ours_l01_s1_pv2_r2_pv3c_eps025_trace-a2e8ab_b16_k8_isolated,isolated,ours,1,8,e2e_ms,13.994528,recorder
20260925-142559_perlmutter_effc80dd,ours_l01_s1_pv2_r2_pv3c_eps025_trace-a2e8ab_b16_k8_isolated,isolated,ours,1,9,e2e_ms,14.001504,recorder
20260925-142559_perlmutter_effc80dd,ours_l01_s1_pv2_r2_pv3c_eps025_trace-a2e8ab_b16_k8_isolated,isolated,ours,1,0,l0_ms,6.945888,recorder
20260925-142559_perlmutter_effc80dd,ours_l01_s1_pv2_r2_pv3c_eps025_trace-a2e8ab_b16_k8_isolated,isolated,ours,1,1,l0_ms,6.74944,recorder
20260925-142559_perlmutter_effc80dd,ours_l01_s1_pv2_r2_pv3c_eps025_trace-a2e8ab_b16_k8_isolated,isolated,ours,1,2,l0_ms,6.49376,recorder
20260925-142559_perlmutter_effc80dd,ours_l01_s1_pv2_r2_pv3c_eps025_trace-a2e8ab_b16_k8_isolated,isolated,ours,1,3,l0_ms,6.44176,recorder
20260925-142559_perlmutter_effc80dd,ours_l01_s1_pv2_r2_pv3c_eps025_trace-a2e8ab_b16_k8_isolated,isolated,ours,1,4,l0_ms,6.734336,recorder
20260925-142559_perlmutter_effc80dd,ours_l01_s1_pv2_r2_pv3c_eps025_trace-a2e8ab_b16_k8_isolated,isolated,ours,1,5,l0_ms,7.043936,recorder
20260925-142559_perlmutter_effc80dd,ours_l01_s1_pv2_r2_pv3c_eps025_trace-a2e8ab_b16_k8_isolated,isolated,ours,1,6,l0_ms,6.640864,recorder
20260925-142559_perlmutter_effc80dd,ours_l01_s1_pv2_r2_pv3c_eps025_trace-a2e8ab_b16_k8_isolated,isolated,ours,1,7,l0_ms,6.639776,recorder
20260925-142559_perlmutter_effc80dd,ours_l01_s1_pv2_r2_pv3c_eps025_trace-a2e8ab_b16_k8_isolated,isolated,ours,1,8,l0_ms,6.793504,recorder
20260925-142559_perlmutter_effc80dd,ours_l01_s1_pv2_r2_pv3c_eps025_trace-a2e8ab_b16_k8_isolated,isolated,ours,1,9,l0_ms,6.51232,recorder
20260925-142559_perlmutter_effc80dd,ours_l01_s1_pv2_r2_pv3c_eps025_trace-a2e8ab_b16_k8_isolated,isolated,ours,1,0,act_ms,0.111392,recorder
20260925-142559_perlmutter_effc80dd,ours_l01_s1_pv2_r2_pv3c_eps025_trace-a2e8ab_b16_k8_isolated,isolated,ours,1,1,act_ms,0.110848,recorder
20260925-142559_perlmutter_effc80dd,ours_l01_s1_pv2_r2_pv3c_eps025_trace-a2e8ab_b16_k8_isolated,isolated,ours,1,2,act_ms,0.113696,recorder
20260925-142559_perlmutter_effc80dd,ours_l01_s1_pv2_r2_pv3c_eps025_trace-a2e8ab_b16_k8_isolated,isolated,ours,1,3,act_ms,0.116,recorder
20260925-142559_perlmutter_effc80dd,ours_l01_s1_pv2_r2_pv3c_eps025_trace-a2e8ab_b16_k8_isolated,isolated,ours,1,4,act_ms,0.115136,recorder
20260925-142559_perlmutter_effc80dd,ours_l01_s1_pv2_r2_pv3c_eps025_trace-a2e8ab_b16_k8_isolated,isolated,ours,1,5,act_ms,0.111712,recorder
20260925-142559_perlmutter_effc80dd,ours_l01_s1_pv2_r2_pv3c_eps025_trace-a2e8ab_b16_k8_isolated,isolated,ours,1,6,act_ms,0.114368,recorder
20260925-142559_perlmutter_effc80dd,ours_l01_s1_pv2_r2_pv3c_eps025_trace-a2e8ab_b16_k8_isolated,isolated,ours,1,7,act_ms,0.112384,recorder
20260925-142559_perlmutter_effc80dd,ours_l01_s1_pv2_r2_pv3c_eps025_trace-a2e8ab_b16_k8_isolated,isolated,ours,1,8,act_ms,0.11136,recorder
20260925-142559_perlmutter_effc80dd,ours_l01_s1_pv2_r2_pv3c_eps025_trace-a2e8ab_b16_k8_isolated,isolated,ours,1,9,act_ms,0.116832,recorder
20260925-142559_perlmutter_effc80dd,ours_l01_s1_pv2_r2_pv3c_eps025_trace-a2e8ab_b16_k8_isolated,isolated,ours,1,0,l1_ms,6.4384,recorder
20260925-142559_perlmutter_effc80dd,ours_l01_s1_pv2_r2_pv3c_eps025_trace-a2e8ab_b16_k8_isolated,isolated,ours,1,1,l1_ms,6.779872,recorder
20260925-142559_perlmutter_effc80dd,ours_l01_s1_pv2_r2_pv3c_eps025_trace-a2e8ab_b16_k8_isolated,isolated,ours,1,2,l1_ms,6.486144,recorder
20260925-142559_perlmutter_effc80dd,ours_l01_s1_pv2_r2_pv3c_eps025_trace-a2e8ab_b16_k8_isolated,isolated,ours,1,3,l1_ms,6.962016,recorder
20260925-142559_perlmutter_effc80dd,ours_l01_s1_pv2_r2_pv3c_eps025_trace-a2e8ab_b16_k8_isolated,isolated,ours,1,4,l1_ms,6.844832,recorder
20260925-142559_perlmutter_effc80dd,ours_l01_s1_pv2_r2_pv3c_eps025_trace-a2e8ab_b16_k8_isolated,isolated,ours,1,5,l1_ms,7.324096,recorder
20260925-142559_perlmutter_effc80dd,ours_l01_s1_pv2_r2_pv3c_eps025_trace-a2e8ab_b16_k8_isolated,isolated,ours,1,6,l1_ms,6.635328,recorder
20260925-142559_perlmutter_effc80dd,ours_l01_s1_pv2_r2_pv3c_eps025_trace-a2e8ab_b16_k8_isolated,isolated,ours,1,7,l1_ms,7.043776,recorder
20260925-142559_perlmutter_effc80dd,ours_l01_s1_pv2_r2_pv3c_eps025_trace-a2e8ab_b16_k8_isolated,isolated,ours,1,8,l1_ms,7.089664,recorder
20260925-142559_perlmutter_effc80dd,ours_l01_s1_pv2_r2_pv3c_eps025_trace-a2e8ab_b16_k8_isolated,isolated,ours,1,9,l1_ms,7.372352,recorder
20260925-142559_perlmutter_effc80dd,ours_l01_s1_pv2_r2_pv3c_eps025_trace-a2e8ab_b16_k8_isolated,isolated,ours,1,0,plan_comm_ms,0.633344,recorder
20260925-142559_perlmutter_effc80dd,ours_l01_s1_pv2_r2_pv3c_eps025_trace-a2e8ab_b16_k8_isolated,isolated,ours,1,1,plan_comm_ms,0.45328,recorder
20260925-142559_perlmutter_effc80dd,ours_l01_s1_pv2_r2_pv3c_eps025_trace-a2e8ab_b16_k8_isolated,isolated,ours,1,2,plan_comm_ms,0.580064,recorder
20260925-142559_perlmutter_effc80dd,ours_l01_s1_pv2_r2_pv3c_eps025_trace-a2e8ab_b16_k8_isolated,isolated,ours,1,3,plan_comm_ms,0.445312,recorder
20260925-142559_perlmutter_effc80dd,ours_l01_s1_pv2_r2_pv3c_eps025_trace-a2e8ab_b16_k8_isolated,isolated,ours,1,4,plan_comm_ms,0.218912,recorder
20260925-142559_perlmutter_effc80dd,ours_l01_s1_pv2_r2_pv3c_eps025_trace-a2e8ab_b16_k8_isolated,isolated,ours,1,5,plan_comm_ms,0.66896,recorder
20260925-142559_perlmutter_effc80dd,ours_l01_s1_pv2_r2_pv3c_eps025_trace-a2e8ab_b16_k8_isolated,isolated,ours,1,6,plan_comm_ms,0.206304,recorder
20260925-142559_perlmutter_effc80dd,ours_l01_s1_pv2_r2_pv3c_eps025_trace-a2e8ab_b16_k8_isolated,isolated,ours,1,7,plan_comm_ms,0.203936,recorder
20260925-142559_perlmutter_effc80dd,ours_l01_s1_pv2_r2_pv3c_eps025_trace-a2e8ab_b16_k8_isolated,isolated,ours,1,8,plan_comm_ms,0.210592,recorder
20260925-142559_perlmutter_effc80dd,ours_l01_s1_pv2_r2_pv3c_eps025_trace-a2e8ab_b16_k8_isolated,isolated,ours,1,9,plan_comm_ms,0.20608,recorder
20260925-142559_perlmutter_effc80dd,ours_l01_s1_pv2_r2_pv3c_eps025_trace-a2e8ab_b16_k8_isolated,isolated,ours,1,0,place_ms,0.002336,recorder
20260925-142559_perlmutter_effc80dd,ours_l01_s1_pv2_r2_pv3c_eps025_trace-a2e8ab_b16_k8_isolated,isolated,ours,1,1,place_ms,0.002304,recorder
20260925-142559_perlmutter_effc80dd,ours_l01_s1_pv2_r2_pv3c_eps025_trace-a2e8ab_b16_k8_isolated,isolated,ours,1,2,place_ms,0.002304,recorder
20260925-142559_perlmutter_effc80dd,ours_l01_s1_pv2_r2_pv3c_eps025_trace-a2e8ab_b16_k8_isolated,isolated,ours,1,3,place_ms,0.002304,recorder
20260925-142559_perlmutter_effc80dd,ours_l01_s1_pv2_r2_pv3c_eps025_trace-a2e8ab_b16_k8_isolated,isolated,ours,1,4,place_ms,0.002336,recorder
20260925-142559_perlmutter_effc80dd,ours_l01_s1_pv2_r2_pv3c_eps025_trace-a2e8ab_b16_k8_isolated,isolated,ours,1,5,place_ms,0.002336,recorder
20260925-142559_perlmutter_effc80dd,ours_l01_s1_pv2_r2_pv3c_eps025_trace-a2e8ab_b16_k8_isolated,isolated,ours,1,6,place_ms,0.002336,recorder
20260925-142559_perlmutter_effc80dd,ours_l01_s1_pv2_r2_pv3c_eps025_trace-a2e8ab_b16_k8_isolated,isolated,ours,1,7,place_ms,0.002336,recorder
20260925-142559_perlmutter_effc80dd,ours_l01_s1_pv2_r2_pv3c_eps025_trace-a2e8ab_b16_k8_isolated,isolated,ours,1,8,place_ms,0.002336,recorder
20260925-142559_perlmutter_effc80dd,ours_l01_s1_pv2_r2_pv3c_eps025_trace-a2e8ab_b16_k8_isolated,isolated,ours,1,9,place_ms,0.002336,recorder
20260925-142559_perlmutter_effc80dd,ours_l01_s1_pv2_r2_pv3c_eps025_trace-a2e8ab_b16_k8_isolated,isolated,ours,1,0,plan_ms,1.12208,recorder
20260925-142559_perlmutter_effc80dd,ours_l01_s1_pv2_r2_pv3c_eps025_trace-a2e8ab_b16_k8_isolated,isolated,ours,1,1,plan_ms,1.129184,recorder
20260925-142559_perlmutter_effc80dd,ours_l01_s1_pv2_r2_pv3c_eps025_trace-a2e8ab_b16_k8_isolated,isolated,ours,1,2,plan_ms,1.11808,recorder
20260925-142559_perlmutter_effc80dd,ours_l01_s1_pv2_r2_pv3c_eps025_trace-a2e8ab_b16_k8_isolated,isolated,ours,1,3,plan_ms,1.10896,recorder
20260925-142559_perlmutter_effc80dd,ours_l01_s1_pv2_r2_pv3c_eps025_trace-a2e8ab_b16_k8_isolated,isolated,ours,1,4,plan_ms,1.117184,recorder
20260925-142559_perlmutter_effc80dd,ours_l01_s1_pv2_r2_pv3c_eps025_trace-a2e8ab_b16_k8_isolated,isolated,ours,1,5,plan_ms,1.104064,recorder
20260925-142559_perlmutter_effc80dd,ours_l01_s1_pv2_r2_pv3c_eps025_trace-a2e8ab_b16_k8_isolated,isolated,ours,1,6,plan_ms,1.111008,recorder
20260925-142559_perlmutter_effc80dd,ours_l01_s1_pv2_r2_pv3c_eps025_trace-a2e8ab_b16_k8_isolated,isolated,ours,1,7,plan_ms,1.093312,recorder
20260925-142559_perlmutter_effc80dd,ours_l01_s1_pv2_r2_pv3c_eps025_trace-a2e8ab_b16_k8_isolated,isolated,ours,1,8,plan_ms,1.100288,recorder
20260925-142559_perlmutter_effc80dd,ours_l01_s1_pv2_r2_pv3c_eps025_trace-a2e8ab_b16_k8_isolated,isolated,ours,1,9,plan_ms,1.103392,recorder
20260925-142559_perlmutter_effc80dd,ours_l01_s1_pv2_r2_pv3c_eps025_trace-a2e8ab_b16_k8_isolated,isolated,ours,1,0,total_ms,15.261728,recorder
20260925-142559_perlmutter_effc80dd,ours_l01_s1_pv2_r2_pv3c_eps025_trace-a2e8ab_b16_k8_isolated,isolated,ours,1,1,total_ms,15.234176,recorder
20260925-142559_perlmutter_effc80dd,ours_l01_s1_pv2_r2_pv3c_eps025_trace-a2e8ab_b16_k8_isolated,isolated,ours,1,2,total_ms,14.81536,recorder
20260925-142559_perlmutter_effc80dd,ours_l01_s1_pv2_r2_pv3c_eps025_trace-a2e8ab_b16_k8_isolated,isolated,ours,1,3,total_ms,15.085536,recorder
20260925-142559_perlmutter_effc80dd,ours_l01_s1_pv2_r2_pv3c_eps025_trace-a2e8ab_b16_k8_isolated,isolated,ours,1,4,total_ms,15.04192,recorder
20260925-142559_perlmutter_effc80dd,ours_l01_s1_pv2_r2_pv3c_eps025_trace-a2e8ab_b16_k8_isolated,isolated,ours,1,5,total_ms,16.264799,recorder
20260925-142559_perlmutter_effc80dd,ours_l01_s1_pv2_r2_pv3c_eps025_trace-a2e8ab_b16_k8_isolated,isolated,ours,1,6,total_ms,14.719712,recorder
20260925-142559_perlmutter_effc80dd,ours_l01_s1_pv2_r2_pv3c_eps025_trace-a2e8ab_b16_k8_isolated,isolated,ours,1,7,total_ms,15.105152,recorder
20260925-142559_perlmutter_effc80dd,ours_l01_s1_pv2_r2_pv3c_eps025_trace-a2e8ab_b16_k8_isolated,isolated,ours,1,8,total_ms,15.316896,recorder
20260925-142559_perlmutter_effc80dd,ours_l01_s1_pv2_r2_pv3c_eps025_trace-a2e8ab_b16_k8_isolated,isolated,ours,1,9,total_ms,15.322208,recorder
20260925-142559_perlmutter_effc80dd,ours_l01_s1_pv2_r2_pv3c_eps025_trace-a2e8ab_b16_k8_isolated,isolated,ours,1,0,iso_sync_ms,12.254517,recorder
20260925-142559_perlmutter_effc80dd,ours_l01_s1_pv2_r2_pv3c_eps025_trace-a2e8ab_b16_k8_isolated,isolated,ours,1,1,iso_sync_ms,12.392975,recorder
20260925-142559_perlmutter_effc80dd,ours_l01_s1_pv2_r2_pv3c_eps025_trace-a2e8ab_b16_k8_isolated,isolated,ours,1,2,iso_sync_ms,12.358027,recorder
20260925-142559_perlmutter_effc80dd,ours_l01_s1_pv2_r2_pv3c_eps025_trace-a2e8ab_b16_k8_isolated,isolated,ours,1,3,iso_sync_ms,13.401688,recorder
20260925-142559_perlmutter_effc80dd,ours_l01_s1_pv2_r2_pv3c_eps025_trace-a2e8ab_b16_k8_isolated,isolated,ours,1,4,iso_sync_ms,12.284724,recorder
20260925-142559_perlmutter_effc80dd,ours_l01_s1_pv2_r2_pv3c_eps025_trace-a2e8ab_b16_k8_isolated,isolated,ours,1,5,iso_sync_ms,12.340433,recorder
20260925-142559_perlmutter_effc80dd,ours_l01_s1_pv2_r2_pv3c_eps025_trace-a2e8ab_b16_k8_isolated,isolated,ours,1,6,iso_sync_ms,13.112598,recorder
20260925-142559_perlmutter_effc80dd,ours_l01_s1_pv2_r2_pv3c_eps025_trace-a2e8ab_b16_k8_isolated,isolated,ours,1,7,iso_sync_ms,12.189862,recorder
20260925-142559_perlmutter_effc80dd,ours_l01_s1_pv2_r2_pv3c_eps025_trace-a2e8ab_b16_k8_isolated,isolated,ours,1,8,iso_sync_ms,12.705179,recorder
20260925-142559_perlmutter_effc80dd,ours_l01_s1_pv2_r2_pv3c_eps025_trace-a2e8ab_b16_k8_isolated,isolated,ours,1,9,iso_sync_ms,13.081578,recorder
20260925-142559_perlmutter_effc80dd,ours_l01_s1_pv2_r2_pv3c_eps025_trace-a2e8ab_b16_k8_isolated,isolated,ours,1,0,l0_enq_ms,0.663294,recorder
20260925-142559_perlmutter_effc80dd,ours_l01_s1_pv2_r2_pv3c_eps025_trace-a2e8ab_b16_k8_isolated,isolated,ours,1,1,l0_enq_ms,0.648195,recorder
20260925-142559_perlmutter_effc80dd,ours_l01_s1_pv2_r2_pv3c_eps025_trace-a2e8ab_b16_k8_isolated,isolated,ours,1,2,l0_enq_ms,0.670368,recorder
20260925-142559_perlmutter_effc80dd,ours_l01_s1_pv2_r2_pv3c_eps025_trace-a2e8ab_b16_k8_isolated,isolated,ours,1,3,l0_enq_ms,0.65087,recorder
20260925-142559_perlmutter_effc80dd,ours_l01_s1_pv2_r2_pv3c_eps025_trace-a2e8ab_b16_k8_isolated,isolated,ours,1,4,l0_enq_ms,0.637374,recorder
20260925-142559_perlmutter_effc80dd,ours_l01_s1_pv2_r2_pv3c_eps025_trace-a2e8ab_b16_k8_isolated,isolated,ours,1,5,l0_enq_ms,0.663775,recorder
20260925-142559_perlmutter_effc80dd,ours_l01_s1_pv2_r2_pv3c_eps025_trace-a2e8ab_b16_k8_isolated,isolated,ours,1,6,l0_enq_ms,0.637935,recorder
20260925-142559_perlmutter_effc80dd,ours_l01_s1_pv2_r2_pv3c_eps025_trace-a2e8ab_b16_k8_isolated,isolated,ours,1,7,l0_enq_ms,0.633507,recorder
20260925-142559_perlmutter_effc80dd,ours_l01_s1_pv2_r2_pv3c_eps025_trace-a2e8ab_b16_k8_isolated,isolated,ours,1,8,l0_enq_ms,0.648495,recorder
20260925-142559_perlmutter_effc80dd,ours_l01_s1_pv2_r2_pv3c_eps025_trace-a2e8ab_b16_k8_isolated,isolated,ours,1,9,l0_enq_ms,0.639669,recorder
20260925-142559_perlmutter_effc80dd,ours_l01_s1_pv2_r2_pv3c_eps025_trace-a2e8ab_b16_k8_isolated,isolated,ours,1,0,l1_enq_ms,0.484688,recorder
20260925-142559_perlmutter_effc80dd,ours_l01_s1_pv2_r2_pv3c_eps025_trace-a2e8ab_b16_k8_isolated,isolated,ours,1,1,l1_enq_ms,0.52668,recorder
20260925-142559_perlmutter_effc80dd,ours_l01_s1_pv2_r2_pv3c_eps025_trace-a2e8ab_b16_k8_isolated,isolated,ours,1,2,l1_enq_ms,0.494156,recorder
20260925-142559_perlmutter_effc80dd,ours_l01_s1_pv2_r2_pv3c_eps025_trace-a2e8ab_b16_k8_isolated,isolated,ours,1,3,l1_enq_ms,0.475871,recorder
20260925-142559_perlmutter_effc80dd,ours_l01_s1_pv2_r2_pv3c_eps025_trace-a2e8ab_b16_k8_isolated,isolated,ours,1,4,l1_enq_ms,0.510649,recorder
20260925-142559_perlmutter_effc80dd,ours_l01_s1_pv2_r2_pv3c_eps025_trace-a2e8ab_b16_k8_isolated,isolated,ours,1,5,l1_enq_ms,0.507833,recorder
20260925-142559_perlmutter_effc80dd,ours_l01_s1_pv2_r2_pv3c_eps025_trace-a2e8ab_b16_k8_isolated,isolated,ours,1,6,l1_enq_ms,0.48024,recorder
20260925-142559_perlmutter_effc80dd,ours_l01_s1_pv2_r2_pv3c_eps025_trace-a2e8ab_b16_k8_isolated,isolated,ours,1,7,l1_enq_ms,0.520688,recorder
20260925-142559_perlmutter_effc80dd,ours_l01_s1_pv2_r2_pv3c_eps025_trace-a2e8ab_b16_k8_isolated,isolated,ours,1,8,l1_enq_ms,0.4648,recorder
20260925-142559_perlmutter_effc80dd,ours_l01_s1_pv2_r2_pv3c_eps025_trace-a2e8ab_b16_k8_isolated,isolated,ours,1,9,l1_enq_ms,0.461573,recorder
20260925-142559_perlmutter_effc80dd,ours_l01_s1_pv2_r2_pv3c_eps025_trace-a2e8ab_b16_k8_isolated,isolated,ours,2,0,e2e_ms,13.478784,recorder
20260925-142559_perlmutter_effc80dd,ours_l01_s1_pv2_r2_pv3c_eps025_trace-a2e8ab_b16_k8_isolated,isolated,ours,2,1,e2e_ms,13.653056,recorder
20260925-142559_perlmutter_effc80dd,ours_l01_s1_pv2_r2_pv3c_eps025_trace-a2e8ab_b16_k8_isolated,isolated,ours,2,2,e2e_ms,13.095872,recorder
20260925-142559_perlmutter_effc80dd,ours_l01_s1_pv2_r2_pv3c_eps025_trace-a2e8ab_b16_k8_isolated,isolated,ours,2,3,e2e_ms,13.556864,recorder
20260925-142559_perlmutter_effc80dd,ours_l01_s1_pv2_r2_pv3c_eps025_trace-a2e8ab_b16_k8_isolated,isolated,ours,2,4,e2e_ms,13.677824,recorder
20260925-142559_perlmutter_effc80dd,ours_l01_s1_pv2_r2_pv3c_eps025_trace-a2e8ab_b16_k8_isolated,isolated,ours,2,5,e2e_ms,14.479904,recorder
20260925-142559_perlmutter_effc80dd,ours_l01_s1_pv2_r2_pv3c_eps025_trace-a2e8ab_b16_k8_isolated,isolated,ours,2,6,e2e_ms,13.397664,recorder
20260925-142559_perlmutter_effc80dd,ours_l01_s1_pv2_r2_pv3c_eps025_trace-a2e8ab_b16_k8_isolated,isolated,ours,2,7,e2e_ms,13.770048,recorder
20260925-142559_perlmutter_effc80dd,ours_l01_s1_pv2_r2_pv3c_eps025_trace-a2e8ab_b16_k8_isolated,isolated,ours,2,8,e2e_ms,13.988096,recorder
20260925-142559_perlmutter_effc80dd,ours_l01_s1_pv2_r2_pv3c_eps025_trace-a2e8ab_b16_k8_isolated,isolated,ours,2,9,e2e_ms,13.992512,recorder
20260925-142559_perlmutter_effc80dd,ours_l01_s1_pv2_r2_pv3c_eps025_trace-a2e8ab_b16_k8_isolated,isolated,ours,2,0,l0_ms,6.934592,recorder
20260925-142559_perlmutter_effc80dd,ours_l01_s1_pv2_r2_pv3c_eps025_trace-a2e8ab_b16_k8_isolated,isolated,ours,2,1,l0_ms,6.72928,recorder
20260925-142559_perlmutter_effc80dd,ours_l01_s1_pv2_r2_pv3c_eps025_trace-a2e8ab_b16_k8_isolated,isolated,ours,2,2,l0_ms,6.493344,recorder
20260925-142559_perlmutter_effc80dd,ours_l01_s1_pv2_r2_pv3c_eps025_trace-a2e8ab_b16_k8_isolated,isolated,ours,2,3,l0_ms,6.446464,recorder
20260925-142559_perlmutter_effc80dd,ours_l01_s1_pv2_r2_pv3c_eps025_trace-a2e8ab_b16_k8_isolated,isolated,ours,2,4,l0_ms,6.724416,recorder
20260925-142559_perlmutter_effc80dd,ours_l01_s1_pv2_r2_pv3c_eps025_trace-a2e8ab_b16_k8_isolated,isolated,ours,2,5,l0_ms,6.869408,recorder
20260925-142559_perlmutter_effc80dd,ours_l01_s1_pv2_r2_pv3c_eps025_trace-a2e8ab_b16_k8_isolated,isolated,ours,2,6,l0_ms,6.610464,recorder
20260925-142559_perlmutter_effc80dd,ours_l01_s1_pv2_r2_pv3c_eps025_trace-a2e8ab_b16_k8_isolated,isolated,ours,2,7,l0_ms,6.644384,recorder
20260925-142559_perlmutter_effc80dd,ours_l01_s1_pv2_r2_pv3c_eps025_trace-a2e8ab_b16_k8_isolated,isolated,ours,2,8,l0_ms,6.787904,recorder
20260925-142559_perlmutter_effc80dd,ours_l01_s1_pv2_r2_pv3c_eps025_trace-a2e8ab_b16_k8_isolated,isolated,ours,2,9,l0_ms,6.50832,recorder
20260925-142559_perlmutter_effc80dd,ours_l01_s1_pv2_r2_pv3c_eps025_trace-a2e8ab_b16_k8_isolated,isolated,ours,2,0,act_ms,0.10992,recorder
20260925-142559_perlmutter_effc80dd,ours_l01_s1_pv2_r2_pv3c_eps025_trace-a2e8ab_b16_k8_isolated,isolated,ours,2,1,act_ms,0.112224,recorder
20260925-142559_perlmutter_effc80dd,ours_l01_s1_pv2_r2_pv3c_eps025_trace-a2e8ab_b16_k8_isolated,isolated,ours,2,2,act_ms,0.10928,recorder
20260925-142559_perlmutter_effc80dd,ours_l01_s1_pv2_r2_pv3c_eps025_trace-a2e8ab_b16_k8_isolated,isolated,ours,2,3,act_ms,0.113216,recorder
20260925-142559_perlmutter_effc80dd,ours_l01_s1_pv2_r2_pv3c_eps025_trace-a2e8ab_b16_k8_isolated,isolated,ours,2,4,act_ms,0.1128,recorder
20260925-142559_perlmutter_effc80dd,ours_l01_s1_pv2_r2_pv3c_eps025_trace-a2e8ab_b16_k8_isolated,isolated,ours,2,5,act_ms,0.10944,recorder
20260925-142559_perlmutter_effc80dd,ours_l01_s1_pv2_r2_pv3c_eps025_trace-a2e8ab_b16_k8_isolated,isolated,ours,2,6,act_ms,0.11504,recorder
20260925-142559_perlmutter_effc80dd,ours_l01_s1_pv2_r2_pv3c_eps025_trace-a2e8ab_b16_k8_isolated,isolated,ours,2,7,act_ms,0.114944,recorder
20260925-142559_perlmutter_effc80dd,ours_l01_s1_pv2_r2_pv3c_eps025_trace-a2e8ab_b16_k8_isolated,isolated,ours,2,8,act_ms,0.114336,recorder
20260925-142559_perlmutter_effc80dd,ours_l01_s1_pv2_r2_pv3c_eps025_trace-a2e8ab_b16_k8_isolated,isolated,ours,2,9,act_ms,0.111808,recorder
20260925-142559_perlmutter_effc80dd,ours_l01_s1_pv2_r2_pv3c_eps025_trace-a2e8ab_b16_k8_isolated,isolated,ours,2,0,l1_ms,6.434272,recorder
20260925-142559_perlmutter_effc80dd,ours_l01_s1_pv2_r2_pv3c_eps025_trace-a2e8ab_b16_k8_isolated,isolated,ours,2,1,l1_ms,6.811552,recorder
20260925-142559_perlmutter_effc80dd,ours_l01_s1_pv2_r2_pv3c_eps025_trace-a2e8ab_b16_k8_isolated,isolated,ours,2,2,l1_ms,6.493248,recorder
20260925-142559_perlmutter_effc80dd,ours_l01_s1_pv2_r2_pv3c_eps025_trace-a2e8ab_b16_k8_isolated,isolated,ours,2,3,l1_ms,6.997184,recorder
20260925-142559_perlmutter_effc80dd,ours_l01_s1_pv2_r2_pv3c_eps025_trace-a2e8ab_b16_k8_isolated,isolated,ours,2,4,l1_ms,6.840608,recorder
20260925-142559_perlmutter_effc80dd,ours_l01_s1_pv2_r2_pv3c_eps025_trace-a2e8ab_b16_k8_isolated,isolated,ours,2,5,l1_ms,7.501056,recorder
20260925-142559_perlmutter_effc80dd,ours_l01_s1_pv2_r2_pv3c_eps025_trace-a2e8ab_b16_k8_isolated,isolated,ours,2,6,l1_ms,6.67216,recorder
20260925-142559_perlmutter_effc80dd,ours_l01_s1_pv2_r2_pv3c_eps025_trace-a2e8ab_b16_k8_isolated,isolated,ours,2,7,l1_ms,7.01072,recorder
20260925-142559_perlmutter_effc80dd,ours_l01_s1_pv2_r2_pv3c_eps025_trace-a2e8ab_b16_k8_isolated,isolated,ours,2,8,l1_ms,7.085856,recorder
20260925-142559_perlmutter_effc80dd,ours_l01_s1_pv2_r2_pv3c_eps025_trace-a2e8ab_b16_k8_isolated,isolated,ours,2,9,l1_ms,7.372384,recorder
20260925-142559_perlmutter_effc80dd,ours_l01_s1_pv2_r2_pv3c_eps025_trace-a2e8ab_b16_k8_isolated,isolated,ours,2,0,plan_comm_ms,0.628576,recorder
20260925-142559_perlmutter_effc80dd,ours_l01_s1_pv2_r2_pv3c_eps025_trace-a2e8ab_b16_k8_isolated,isolated,ours,2,1,plan_comm_ms,0.460768,recorder
20260925-142559_perlmutter_effc80dd,ours_l01_s1_pv2_r2_pv3c_eps025_trace-a2e8ab_b16_k8_isolated,isolated,ours,2,2,plan_comm_ms,0.57504,recorder
20260925-142559_perlmutter_effc80dd,ours_l01_s1_pv2_r2_pv3c_eps025_trace-a2e8ab_b16_k8_isolated,isolated,ours,2,3,plan_comm_ms,0.443584,recorder
20260925-142559_perlmutter_effc80dd,ours_l01_s1_pv2_r2_pv3c_eps025_trace-a2e8ab_b16_k8_isolated,isolated,ours,2,4,plan_comm_ms,0.2128,recorder
20260925-142559_perlmutter_effc80dd,ours_l01_s1_pv2_r2_pv3c_eps025_trace-a2e8ab_b16_k8_isolated,isolated,ours,2,5,plan_comm_ms,0.668352,recorder
20260925-142559_perlmutter_effc80dd,ours_l01_s1_pv2_r2_pv3c_eps025_trace-a2e8ab_b16_k8_isolated,isolated,ours,2,6,plan_comm_ms,0.206304,recorder
20260925-142559_perlmutter_effc80dd,ours_l01_s1_pv2_r2_pv3c_eps025_trace-a2e8ab_b16_k8_isolated,isolated,ours,2,7,plan_comm_ms,0.198976,recorder
20260925-142559_perlmutter_effc80dd,ours_l01_s1_pv2_r2_pv3c_eps025_trace-a2e8ab_b16_k8_isolated,isolated,ours,2,8,plan_comm_ms,0.205984,recorder
20260925-142559_perlmutter_effc80dd,ours_l01_s1_pv2_r2_pv3c_eps025_trace-a2e8ab_b16_k8_isolated,isolated,ours,2,9,plan_comm_ms,0.21168,recorder
20260925-142559_perlmutter_effc80dd,ours_l01_s1_pv2_r2_pv3c_eps025_trace-a2e8ab_b16_k8_isolated,isolated,ours,2,0,place_ms,0.002336,recorder
20260925-142559_perlmutter_effc80dd,ours_l01_s1_pv2_r2_pv3c_eps025_trace-a2e8ab_b16_k8_isolated,isolated,ours,2,1,place_ms,0.002336,recorder
20260925-142559_perlmutter_effc80dd,ours_l01_s1_pv2_r2_pv3c_eps025_trace-a2e8ab_b16_k8_isolated,isolated,ours,2,2,place_ms,0.002336,recorder
20260925-142559_perlmutter_effc80dd,ours_l01_s1_pv2_r2_pv3c_eps025_trace-a2e8ab_b16_k8_isolated,isolated,ours,2,3,place_ms,0.002336,recorder
20260925-142559_perlmutter_effc80dd,ours_l01_s1_pv2_r2_pv3c_eps025_trace-a2e8ab_b16_k8_isolated,isolated,ours,2,4,place_ms,0.002368,recorder
20260925-142559_perlmutter_effc80dd,ours_l01_s1_pv2_r2_pv3c_eps025_trace-a2e8ab_b16_k8_isolated,isolated,ours,2,5,place_ms,0.002368,recorder
20260925-142559_perlmutter_effc80dd,ours_l01_s1_pv2_r2_pv3c_eps025_trace-a2e8ab_b16_k8_isolated,isolated,ours,2,6,place_ms,0.002336,recorder
20260925-142559_perlmutter_effc80dd,ours_l01_s1_pv2_r2_pv3c_eps025_trace-a2e8ab_b16_k8_isolated,isolated,ours,2,7,place_ms,0.002336,recorder
20260925-142559_perlmutter_effc80dd,ours_l01_s1_pv2_r2_pv3c_eps025_trace-a2e8ab_b16_k8_isolated,isolated,ours,2,8,place_ms,0.002336,recorder
20260925-142559_perlmutter_effc80dd,ours_l01_s1_pv2_r2_pv3c_eps025_trace-a2e8ab_b16_k8_isolated,isolated,ours,2,9,place_ms,0.002336,recorder
20260925-142559_perlmutter_effc80dd,ours_l01_s1_pv2_r2_pv3c_eps025_trace-a2e8ab_b16_k8_isolated,isolated,ours,2,0,plan_ms,1.134272,recorder
20260925-142559_perlmutter_effc80dd,ours_l01_s1_pv2_r2_pv3c_eps025_trace-a2e8ab_b16_k8_isolated,isolated,ours,2,1,plan_ms,1.144128,recorder
20260925-142559_perlmutter_effc80dd,ours_l01_s1_pv2_r2_pv3c_eps025_trace-a2e8ab_b16_k8_isolated,isolated,ours,2,2,plan_ms,1.12672,recorder
20260925-142559_perlmutter_effc80dd,ours_l01_s1_pv2_r2_pv3c_eps025_trace-a2e8ab_b16_k8_isolated,isolated,ours,2,3,plan_ms,1.102016,recorder
20260925-142559_perlmutter_effc80dd,ours_l01_s1_pv2_r2_pv3c_eps025_trace-a2e8ab_b16_k8_isolated,isolated,ours,2,4,plan_ms,1.137568,recorder
20260925-142559_perlmutter_effc80dd,ours_l01_s1_pv2_r2_pv3c_eps025_trace-a2e8ab_b16_k8_isolated,isolated,ours,2,5,plan_ms,1.105632,recorder
20260925-142559_perlmutter_effc80dd,ours_l01_s1_pv2_r2_pv3c_eps025_trace-a2e8ab_b16_k8_isolated,isolated,ours,2,6,plan_ms,1.133696,recorder
20260925-142559_perlmutter_effc80dd,ours_l01_s1_pv2_r2_pv3c_eps025_trace-a2e8ab_b16_k8_isolated,isolated,ours,2,7,plan_ms,1.125984,recorder
20260925-142559_perlmutter_effc80dd,ours_l01_s1_pv2_r2_pv3c_eps025_trace-a2e8ab_b16_k8_isolated,isolated,ours,2,8,plan_ms,1.109408,recorder
20260925-142559_perlmutter_effc80dd,ours_l01_s1_pv2_r2_pv3c_eps025_trace-a2e8ab_b16_k8_isolated,isolated,ours,2,9,plan_ms,1.11056,recorder
20260925-142559_perlmutter_effc80dd,ours_l01_s1_pv2_r2_pv3c_eps025_trace-a2e8ab_b16_k8_isolated,isolated,ours,2,0,total_ms,15.253056,recorder
20260925-142559_perlmutter_effc80dd,ours_l01_s1_pv2_r2_pv3c_eps025_trace-a2e8ab_b16_k8_isolated,isolated,ours,2,1,total_ms,15.269632,recorder
20260925-142559_perlmutter_effc80dd,ours_l01_s1_pv2_r2_pv3c_eps025_trace-a2e8ab_b16_k8_isolated,isolated,ours,2,2,total_ms,14.809024,recorder
20260925-142559_perlmutter_effc80dd,ours_l01_s1_pv2_r2_pv3c_eps025_trace-a2e8ab_b16_k8_isolated,isolated,ours,2,3,total_ms,15.1136,recorder
20260925-142559_perlmutter_effc80dd,ours_l01_s1_pv2_r2_pv3c_eps025_trace-a2e8ab_b16_k8_isolated,isolated,ours,2,4,total_ms,15.039392,recorder
20260925-142559_perlmutter_effc80dd,ours_l01_s1_pv2_r2_pv3c_eps025_trace-a2e8ab_b16_k8_isolated,isolated,ours,2,5,total_ms,16.265087,recorder
20260925-142559_perlmutter_effc80dd,ours_l01_s1_pv2_r2_pv3c_eps025_trace-a2e8ab_b16_k8_isolated,isolated,ours,2,6,total_ms,14.751328,recorder
20260925-142559_perlmutter_effc80dd,ours_l01_s1_pv2_r2_pv3c_eps025_trace-a2e8ab_b16_k8_isolated,isolated,ours,2,7,total_ms,15.105824,recorder
20260925-142559_perlmutter_effc80dd,ours_l01_s1_pv2_r2_pv3c_eps025_trace-a2e8ab_b16_k8_isolated,isolated,ours,2,8,total_ms,15.314176,recorder
20260925-142559_perlmutter_effc80dd,ours_l01_s1_pv2_r2_pv3c_eps025_trace-a2e8ab_b16_k8_isolated,isolated,ours,2,9,total_ms,15.326912,recorder
20260925-142559_perlmutter_effc80dd,ours_l01_s1_pv2_r2_pv3c_eps025_trace-a2e8ab_b16_k8_isolated,isolated,ours,2,0,iso_sync_ms,12.309283,recorder
20260925-142559_perlmutter_effc80dd,ours_l01_s1_pv2_r2_pv3c_eps025_trace-a2e8ab_b16_k8_isolated,isolated,ours,2,1,iso_sync_ms,12.448913,recorder
20260925-142559_perlmutter_effc80dd,ours_l01_s1_pv2_r2_pv3c_eps025_trace-a2e8ab_b16_k8_isolated,isolated,ours,2,2,iso_sync_ms,12.430318,recorder
20260925-142559_perlmutter_effc80dd,ours_l01_s1_pv2_r2_pv3c_eps025_trace-a2e8ab_b16_k8_isolated,isolated,ours,2,3,iso_sync_ms,13.453898,recorder
20260925-142559_perlmutter_effc80dd,ours_l01_s1_pv2_r2_pv3c_eps025_trace-a2e8ab_b16_k8_isolated,isolated,ours,2,4,iso_sync_ms,12.315394,recorder
20260925-142559_perlmutter_effc80dd,ours_l01_s1_pv2_r2_pv3c_eps025_trace-a2e8ab_b16_k8_isolated,isolated,ours,2,5,iso_sync_ms,12.37016,recorder
20260925-142559_perlmutter_effc80dd,ours_l01_s1_pv2_r2_pv3c_eps025_trace-a2e8ab_b16_k8_isolated,isolated,ours,2,6,iso_sync_ms,13.193785,recorder
20260925-142559_perlmutter_effc80dd,ours_l01_s1_pv2_r2_pv3c_eps025_trace-a2e8ab_b16_k8_isolated,isolated,ours,2,7,iso_sync_ms,12.186404,recorder
20260925-142559_perlmutter_effc80dd,ours_l01_s1_pv2_r2_pv3c_eps025_trace-a2e8ab_b16_k8_isolated,isolated,ours,2,8,iso_sync_ms,12.717022,recorder
20260925-142559_perlmutter_effc80dd,ours_l01_s1_pv2_r2_pv3c_eps025_trace-a2e8ab_b16_k8_isolated,isolated,ours,2,9,iso_sync_ms,13.121595,recorder
20260925-142559_perlmutter_effc80dd,ours_l01_s1_pv2_r2_pv3c_eps025_trace-a2e8ab_b16_k8_isolated,isolated,ours,2,0,l0_enq_ms,0.644508,recorder
20260925-142559_perlmutter_effc80dd,ours_l01_s1_pv2_r2_pv3c_eps025_trace-a2e8ab_b16_k8_isolated,isolated,ours,2,1,l0_enq_ms,0.627945,recorder
20260925-142559_perlmutter_effc80dd,ours_l01_s1_pv2_r2_pv3c_eps025_trace-a2e8ab_b16_k8_isolated,isolated,ours,2,2,l0_enq_ms,0.643887,recorder
20260925-142559_perlmutter_effc80dd,ours_l01_s1_pv2_r2_pv3c_eps025_trace-a2e8ab_b16_k8_isolated,isolated,ours,2,3,l0_enq_ms,0.637144,recorder
20260925-142559_perlmutter_effc80dd,ours_l01_s1_pv2_r2_pv3c_eps025_trace-a2e8ab_b16_k8_isolated,isolated,ours,2,4,l0_enq_ms,0.624068,recorder
20260925-142559_perlmutter_effc80dd,ours_l01_s1_pv2_r2_pv3c_eps025_trace-a2e8ab_b16_k8_isolated,isolated,ours,2,5,l0_enq_ms,0.630962,recorder
20260925-142559_perlmutter_effc80dd,ours_l01_s1_pv2_r2_pv3c_eps025_trace-a2e8ab_b16_k8_isolated,isolated,ours,2,6,l0_enq_ms,0.637423,recorder
20260925-142559_perlmutter_effc80dd,ours_l01_s1_pv2_r2_pv3c_eps025_trace-a2e8ab_b16_k8_isolated,isolated,ours,2,7,l0_enq_ms,0.633476,recorder
20260925-142559_perlmutter_effc80dd,ours_l01_s1_pv2_r2_pv3c_eps025_trace-a2e8ab_b16_k8_isolated,isolated,ours,2,8,l0_enq_ms,0.62537,recorder
20260925-142559_perlmutter_effc80dd,ours_l01_s1_pv2_r2_pv3c_eps025_trace-a2e8ab_b16_k8_isolated,isolated,ours,2,9,l0_enq_ms,0.640711,recorder
20260925-142559_perlmutter_effc80dd,ours_l01_s1_pv2_r2_pv3c_eps025_trace-a2e8ab_b16_k8_isolated,isolated,ours,2,0,l1_enq_ms,0.480861,recorder
20260925-142559_perlmutter_effc80dd,ours_l01_s1_pv2_r2_pv3c_eps025_trace-a2e8ab_b16_k8_isolated,isolated,ours,2,1,l1_enq_ms,0.504397,recorder
20260925-142559_perlmutter_effc80dd,ours_l01_s1_pv2_r2_pv3c_eps025_trace-a2e8ab_b16_k8_isolated,isolated,ours,2,2,l1_enq_ms,0.502272,recorder
20260925-142559_perlmutter_effc80dd,ours_l01_s1_pv2_r2_pv3c_eps025_trace-a2e8ab_b16_k8_isolated,isolated,ours,2,3,l1_enq_ms,0.495098,recorder
20260925-142559_perlmutter_effc80dd,ours_l01_s1_pv2_r2_pv3c_eps025_trace-a2e8ab_b16_k8_isolated,isolated,ours,2,4,l1_enq_ms,0.488646,recorder
20260925-142559_perlmutter_effc80dd,ours_l01_s1_pv2_r2_pv3c_eps025_trace-a2e8ab_b16_k8_isolated,isolated,ours,2,5,l1_enq_ms,0.487775,recorder
20260925-142559_perlmutter_effc80dd,ours_l01_s1_pv2_r2_pv3c_eps025_trace-a2e8ab_b16_k8_isolated,isolated,ours,2,6,l1_enq_ms,0.487915,recorder
20260925-142559_perlmutter_effc80dd,ours_l01_s1_pv2_r2_pv3c_eps025_trace-a2e8ab_b16_k8_isolated,isolated,ours,2,7,l1_enq_ms,0.484619,recorder
20260925-142559_perlmutter_effc80dd,ours_l01_s1_pv2_r2_pv3c_eps025_trace-a2e8ab_b16_k8_isolated,isolated,ours,2,8,l1_enq_ms,0.447236,recorder
20260925-142559_perlmutter_effc80dd,ours_l01_s1_pv2_r2_pv3c_eps025_trace-a2e8ab_b16_k8_isolated,isolated,ours,2,9,l1_enq_ms,0.462666,recorder
20260925-142559_perlmutter_effc80dd,ours_l01_s1_pv2_r2_pv3c_eps025_trace-a2e8ab_b16_k8_isolated,isolated,ours,3,0,e2e_ms,13.492768,recorder
20260925-142559_perlmutter_effc80dd,ours_l01_s1_pv2_r2_pv3c_eps025_trace-a2e8ab_b16_k8_isolated,isolated,ours,3,1,e2e_ms,13.615264,recorder
20260925-142559_perlmutter_effc80dd,ours_l01_s1_pv2_r2_pv3c_eps025_trace-a2e8ab_b16_k8_isolated,isolated,ours,3,2,e2e_ms,13.072544,recorder
20260925-142559_perlmutter_effc80dd,ours_l01_s1_pv2_r2_pv3c_eps025_trace-a2e8ab_b16_k8_isolated,isolated,ours,3,3,e2e_ms,13.560992,recorder
20260925-142559_perlmutter_effc80dd,ours_l01_s1_pv2_r2_pv3c_eps025_trace-a2e8ab_b16_k8_isolated,isolated,ours,3,4,e2e_ms,13.683648,recorder
20260925-142559_perlmutter_effc80dd,ours_l01_s1_pv2_r2_pv3c_eps025_trace-a2e8ab_b16_k8_isolated,isolated,ours,3,5,e2e_ms,14.490496,recorder
20260925-142559_perlmutter_effc80dd,ours_l01_s1_pv2_r2_pv3c_eps025_trace-a2e8ab_b16_k8_isolated,isolated,ours,3,6,e2e_ms,13.411072,recorder
20260925-142559_perlmutter_effc80dd,ours_l01_s1_pv2_r2_pv3c_eps025_trace-a2e8ab_b16_k8_isolated,isolated,ours,3,7,e2e_ms,13.769728,recorder
20260925-142559_perlmutter_effc80dd,ours_l01_s1_pv2_r2_pv3c_eps025_trace-a2e8ab_b16_k8_isolated,isolated,ours,3,8,e2e_ms,13.990848,recorder
20260925-142559_perlmutter_effc80dd,ours_l01_s1_pv2_r2_pv3c_eps025_trace-a2e8ab_b16_k8_isolated,isolated,ours,3,9,e2e_ms,13.999392,recorder
20260925-142559_perlmutter_effc80dd,ours_l01_s1_pv2_r2_pv3c_eps025_trace-a2e8ab_b16_k8_isolated,isolated,ours,3,0,l0_ms,6.941536,recorder
20260925-142559_perlmutter_effc80dd,ours_l01_s1_pv2_r2_pv3c_eps025_trace-a2e8ab_b16_k8_isolated,isolated,ours,3,1,l0_ms,6.697216,recorder
20260925-142559_perlmutter_effc80dd,ours_l01_s1_pv2_r2_pv3c_eps025_trace-a2e8ab_b16_k8_isolated,isolated,ours,3,2,l0_ms,6.479424,recorder
20260925-142559_perlmutter_effc80dd,ours_l01_s1_pv2_r2_pv3c_eps025_trace-a2e8ab_b16_k8_isolated,isolated,ours,3,3,l0_ms,6.447456,recorder
20260925-142559_perlmutter_effc80dd,ours_l01_s1_pv2_r2_pv3c_eps025_trace-a2e8ab_b16_k8_isolated,isolated,ours,3,4,l0_ms,6.698528,recorder
20260925-142559_perlmutter_effc80dd,ours_l01_s1_pv2_r2_pv3c_eps025_trace-a2e8ab_b16_k8_isolated,isolated,ours,3,5,l0_ms,6.895424,recorder
20260925-142559_perlmutter_effc80dd,ours_l01_s1_pv2_r2_pv3c_eps025_trace-a2e8ab_b16_k8_isolated,isolated,ours,3,6,l0_ms,6.624448,recorder
20260925-142559_perlmutter_effc80dd,ours_l01_s1_pv2_r2_pv3c_eps025_trace-a2e8ab_b16_k8_isolated,isolated,ours,3,7,l0_ms,6.654464,recorder
20260925-142559_perlmutter_effc80dd,ours_l01_s1_pv2_r2_pv3c_eps025_trace-a2e8ab_b16_k8_isolated,isolated,ours,3,8,l0_ms,6.7864,recorder
20260925-142559_perlmutter_effc80dd,ours_l01_s1_pv2_r2_pv3c_eps025_trace-a2e8ab_b16_k8_isolated,isolated,ours,3,9,l0_ms,6.50864,recorder
20260925-142559_perlmutter_effc80dd,ours_l01_s1_pv2_r2_pv3c_eps025_trace-a2e8ab_b16_k8_isolated,isolated,ours,3,0,act_ms,0.106336,recorder
20260925-142559_perlmutter_effc80dd,ours_l01_s1_pv2_r2_pv3c_eps025_trace-a2e8ab_b16_k8_isolated,isolated,ours,3,1,act_ms,0.109216,recorder
20260925-142559_perlmutter_effc80dd,ours_l01_s1_pv2_r2_pv3c_eps025_trace-a2e8ab_b16_k8_isolated,isolated,ours,3,2,act_ms,0.109856,recorder
20260925-142559_perlmutter_effc80dd,ours_l01_s1_pv2_r2_pv3c_eps025_trace-a2e8ab_b16_k8_isolated,isolated,ours,3,3,act_ms,0.11024,recorder
20260925-142559_perlmutter_effc80dd,ours_l01_s1_pv2_r2_pv3c_eps025_trace-a2e8ab_b16_k8_isolated,isolated,ours,3,4,act_ms,0.105472,recorder
20260925-142559_perlmutter_effc80dd,ours_l01_s1_pv2_r2_pv3c_eps025_trace-a2e8ab_b16_k8_isolated,isolated,ours,3,5,act_ms,0.10592,recorder
20260925-142559_perlmutter_effc80dd,ours_l01_s1_pv2_r2_pv3c_eps025_trace-a2e8ab_b16_k8_isolated,isolated,ours,3,6,act_ms,0.106816,recorder
20260925-142559_perlmutter_effc80dd,ours_l01_s1_pv2_r2_pv3c_eps025_trace-a2e8ab_b16_k8_isolated,isolated,ours,3,7,act_ms,0.105728,recorder
20260925-142559_perlmutter_effc80dd,ours_l01_s1_pv2_r2_pv3c_eps025_trace-a2e8ab_b16_k8_isolated,isolated,ours,3,8,act_ms,0.108896,recorder
20260925-142559_perlmutter_effc80dd,ours_l01_s1_pv2_r2_pv3c_eps025_trace-a2e8ab_b16_k8_isolated,isolated,ours,3,9,act_ms,0.108448,recorder
20260925-142559_perlmutter_effc80dd,ours_l01_s1_pv2_r2_pv3c_eps025_trace-a2e8ab_b16_k8_isolated,isolated,ours,3,0,l1_ms,6.444896,recorder
20260925-142559_perlmutter_effc80dd,ours_l01_s1_pv2_r2_pv3c_eps025_trace-a2e8ab_b16_k8_isolated,isolated,ours,3,1,l1_ms,6.808832,recorder
20260925-142559_perlmutter_effc80dd,ours_l01_s1_pv2_r2_pv3c_eps025_trace-a2e8ab_b16_k8_isolated,isolated,ours,3,2,l1_ms,6.483264,recorder
20260925-142559_perlmutter_effc80dd,ours_l01_s1_pv2_r2_pv3c_eps025_trace-a2e8ab_b16_k8_isolated,isolated,ours,3,3,l1_ms,7.003296,recorder
20260925-142559_perlmutter_effc80dd,ours_l01_s1_pv2_r2_pv3c_eps025_trace-a2e8ab_b16_k8_isolated,isolated,ours,3,4,l1_ms,6.879648,recorder
20260925-142559_perlmutter_effc80dd,ours_l01_s1_pv2_r2_pv3c_eps025_trace-a2e8ab_b16_k8_isolated,isolated,ours,3,5,l1_ms,7.489152,recorder
20260925-142559_perlmutter_effc80dd,ours_l01_s1_pv2_r2_pv3c_eps025_trace-a2e8ab_b16_k8_isolated,isolated,ours,3,6,l1_ms,6.679808,recorder
20260925-142559_perlmutter_effc80dd,ours_l01_s1_pv2_r2_pv3c_eps025_trace-a2e8ab_b16_k8_isolated,isolated,ours,3,7,l1_ms,7.009536,recorder
20260925-142559_perlmutter_effc80dd,ours_l01_s1_pv2_r2_pv3c_eps025_trace-a2e8ab_b16_k8_isolated,isolated,ours,3,8,l1_ms,7.095552,recorder
20260925-142559_perlmutter_effc80dd,ours_l01_s1_pv2_r2_pv3c_eps025_trace-a2e8ab_b16_k8_isolated,isolated,ours,3,9,l1_ms,7.382304,recorder
20260925-142559_perlmutter_effc80dd,ours_l01_s1_pv2_r2_pv3c_eps025_trace-a2e8ab_b16_k8_isolated,isolated,ours,3,0,plan_comm_ms,0.206048,recorder
20260925-142559_perlmutter_effc80dd,ours_l01_s1_pv2_r2_pv3c_eps025_trace-a2e8ab_b16_k8_isolated,isolated,ours,3,1,plan_comm_ms,0.22416,recorder
20260925-142559_perlmutter_effc80dd,ours_l01_s1_pv2_r2_pv3c_eps025_trace-a2e8ab_b16_k8_isolated,isolated,ours,3,2,plan_comm_ms,0.232256,recorder
20260925-142559_perlmutter_effc80dd,ours_l01_s1_pv2_r2_pv3c_eps025_trace-a2e8ab_b16_k8_isolated,isolated,ours,3,3,plan_comm_ms,0.442368,recorder
20260925-142559_perlmutter_effc80dd,ours_l01_s1_pv2_r2_pv3c_eps025_trace-a2e8ab_b16_k8_isolated,isolated,ours,3,4,plan_comm_ms,0.207616,recorder
20260925-142559_perlmutter_effc80dd,ours_l01_s1_pv2_r2_pv3c_eps025_trace-a2e8ab_b16_k8_isolated,isolated,ours,3,5,plan_comm_ms,0.200064,recorder
20260925-142559_perlmutter_effc80dd,ours_l01_s1_pv2_r2_pv3c_eps025_trace-a2e8ab_b16_k8_isolated,isolated,ours,3,6,plan_comm_ms,0.199872,recorder
20260925-142559_perlmutter_effc80dd,ours_l01_s1_pv2_r2_pv3c_eps025_trace-a2e8ab_b16_k8_isolated,isolated,ours,3,7,plan_comm_ms,0.19872,recorder
20260925-142559_perlmutter_effc80dd,ours_l01_s1_pv2_r2_pv3c_eps025_trace-a2e8ab_b16_k8_isolated,isolated,ours,3,8,plan_comm_ms,0.19776,recorder
20260925-142559_perlmutter_effc80dd,ours_l01_s1_pv2_r2_pv3c_eps025_trace-a2e8ab_b16_k8_isolated,isolated,ours,3,9,plan_comm_ms,0.202656,recorder
20260925-142559_perlmutter_effc80dd,ours_l01_s1_pv2_r2_pv3c_eps025_trace-a2e8ab_b16_k8_isolated,isolated,ours,3,0,place_ms,0.002304,recorder
20260925-142559_perlmutter_effc80dd,ours_l01_s1_pv2_r2_pv3c_eps025_trace-a2e8ab_b16_k8_isolated,isolated,ours,3,1,place_ms,0.002336,recorder
20260925-142559_perlmutter_effc80dd,ours_l01_s1_pv2_r2_pv3c_eps025_trace-a2e8ab_b16_k8_isolated,isolated,ours,3,2,place_ms,0.002304,recorder
20260925-142559_perlmutter_effc80dd,ours_l01_s1_pv2_r2_pv3c_eps025_trace-a2e8ab_b16_k8_isolated,isolated,ours,3,3,place_ms,0.002304,recorder
20260925-142559_perlmutter_effc80dd,ours_l01_s1_pv2_r2_pv3c_eps025_trace-a2e8ab_b16_k8_isolated,isolated,ours,3,4,place_ms,0.002304,recorder
20260925-142559_perlmutter_effc80dd,ours_l01_s1_pv2_r2_pv3c_eps025_trace-a2e8ab_b16_k8_isolated,isolated,ours,3,5,place_ms,0.002304,recorder
20260925-142559_perlmutter_effc80dd,ours_l01_s1_pv2_r2_pv3c_eps025_trace-a2e8ab_b16_k8_isolated,isolated,ours,3,6,place_ms,0.002304,recorder
20260925-142559_perlmutter_effc80dd,ours_l01_s1_pv2_r2_pv3c_eps025_trace-a2e8ab_b16_k8_isolated,isolated,ours,3,7,place_ms,0.002368,recorder
20260925-142559_perlmutter_effc80dd,ours_l01_s1_pv2_r2_pv3c_eps025_trace-a2e8ab_b16_k8_isolated,isolated,ours,3,8,place_ms,0.002304,recorder
20260925-142559_perlmutter_effc80dd,ours_l01_s1_pv2_r2_pv3c_eps025_trace-a2e8ab_b16_k8_isolated,isolated,ours,3,9,place_ms,0.002336,recorder
20260925-142559_perlmutter_effc80dd,ours_l01_s1_pv2_r2_pv3c_eps025_trace-a2e8ab_b16_k8_isolated,isolated,ours,3,0,plan_ms,1.546208,recorder
20260925-142559_perlmutter_effc80dd,ours_l01_s1_pv2_r2_pv3c_eps025_trace-a2e8ab_b16_k8_isolated,isolated,ours,3,1,plan_ms,1.197664,recorder
20260925-142559_perlmutter_effc80dd,ours_l01_s1_pv2_r2_pv3c_eps025_trace-a2e8ab_b16_k8_isolated,isolated,ours,3,2,plan_ms,1.491776,recorder
20260925-142559_perlmutter_effc80dd,ours_l01_s1_pv2_r2_pv3c_eps025_trace-a2e8ab_b16_k8_isolated,isolated,ours,3,3,plan_ms,1.103232,recorder
20260925-142559_perlmutter_effc80dd,ours_l01_s1_pv2_r2_pv3c_eps025_trace-a2e8ab_b16_k8_isolated,isolated,ours,3,4,plan_ms,1.141472,recorder
20260925-142559_perlmutter_effc80dd,ours_l01_s1_pv2_r2_pv3c_eps025_trace-a2e8ab_b16_k8_isolated,isolated,ours,3,5,plan_ms,1.568576,recorder
20260925-142559_perlmutter_effc80dd,ours_l01_s1_pv2_r2_pv3c_eps025_trace-a2e8ab_b16_k8_isolated,isolated,ours,3,6,plan_ms,1.129952,recorder
20260925-142559_perlmutter_effc80dd,ours_l01_s1_pv2_r2_pv3c_eps025_trace-a2e8ab_b16_k8_isolated,isolated,ours,3,7,plan_ms,1.122656,recorder
20260925-142559_perlmutter_effc80dd,ours_l01_s1_pv2_r2_pv3c_eps025_trace-a2e8ab_b16_k8_isolated,isolated,ours,3,8,plan_ms,1.111712,recorder
20260925-142559_perlmutter_effc80dd,ours_l01_s1_pv2_r2_pv3c_eps025_trace-a2e8ab_b16_k8_isolated,isolated,ours,3,9,plan_ms,1.108032,recorder
20260925-142559_perlmutter_effc80dd,ours_l01_s1_pv2_r2_pv3c_eps025_trace-a2e8ab_b16_k8_isolated,isolated,ours,3,0,total_ms,15.255968,recorder
20260925-142559_perlmutter_effc80dd,ours_l01_s1_pv2_r2_pv3c_eps025_trace-a2e8ab_b16_k8_isolated,isolated,ours,3,1,total_ms,15.048544,recorder
20260925-142559_perlmutter_effc80dd,ours_l01_s1_pv2_r2_pv3c_eps025_trace-a2e8ab_b16_k8_isolated,isolated,ours,3,2,total_ms,14.807904,recorder
20260925-142559_perlmutter_effc80dd,ours_l01_s1_pv2_r2_pv3c_eps025_trace-a2e8ab_b16_k8_isolated,isolated,ours,3,3,total_ms,15.117952,recorder
20260925-142559_perlmutter_effc80dd,ours_l01_s1_pv2_r2_pv3c_eps025_trace-a2e8ab_b16_k8_isolated,isolated,ours,3,4,total_ms,15.044,recorder
20260925-142559_perlmutter_effc80dd,ours_l01_s1_pv2_r2_pv3c_eps025_trace-a2e8ab_b16_k8_isolated,isolated,ours,3,5,total_ms,16.270176,recorder
20260925-142559_perlmutter_effc80dd,ours_l01_s1_pv2_r2_pv3c_eps025_trace-a2e8ab_b16_k8_isolated,isolated,ours,3,6,total_ms,14.752128,recorder
20260925-142559_perlmutter_effc80dd,ours_l01_s1_pv2_r2_pv3c_eps025_trace-a2e8ab_b16_k8_isolated,isolated,ours,3,7,total_ms,15.102848,recorder
20260925-142559_perlmutter_effc80dd,ours_l01_s1_pv2_r2_pv3c_eps025_trace-a2e8ab_b16_k8_isolated,isolated,ours,3,8,total_ms,15.312,recorder
20260925-142559_perlmutter_effc80dd,ours_l01_s1_pv2_r2_pv3c_eps025_trace-a2e8ab_b16_k8_isolated,isolated,ours,3,9,total_ms,15.32192,recorder
20260925-142559_perlmutter_effc80dd,ours_l01_s1_pv2_r2_pv3c_eps025_trace-a2e8ab_b16_k8_isolated,isolated,ours,3,0,iso_sync_ms,12.343289,recorder
20260925-142559_perlmutter_effc80dd,ours_l01_s1_pv2_r2_pv3c_eps025_trace-a2e8ab_b16_k8_isolated,isolated,ours,3,1,iso_sync_ms,12.500062,recorder
20260925-142559_perlmutter_effc80dd,ours_l01_s1_pv2_r2_pv3c_eps025_trace-a2e8ab_b16_k8_isolated,isolated,ours,3,2,iso_sync_ms,12.273814,recorder
20260925-142559_perlmutter_effc80dd,ours_l01_s1_pv2_r2_pv3c_eps025_trace-a2e8ab_b16_k8_isolated,isolated,ours,3,3,iso_sync_ms,13.435212,recorder
20260925-142559_perlmutter_effc80dd,ours_l01_s1_pv2_r2_pv3c_eps025_trace-a2e8ab_b16_k8_isolated,isolated,ours,3,4,iso_sync_ms,12.28734,recorder
20260925-142559_perlmutter_effc80dd,ours_l01_s1_pv2_r2_pv3c_eps025_trace-a2e8ab_b16_k8_isolated,isolated,ours,3,5,iso_sync_ms,12.336535,recorder
20260925-142559_perlmutter_effc80dd,ours_l01_s1_pv2_r2_pv3c_eps025_trace-a2e8ab_b16_k8_isolated,isolated,ours,3,6,iso_sync_ms,13.205828,recorder
20260925-142559_perlmutter_effc80dd,ours_l01_s1_pv2_r2_pv3c_eps025_trace-a2e8ab_b16_k8_isolated,isolated,ours,3,7,iso_sync_ms,12.203558,recorder
20260925-142559_perlmutter_effc80dd,ours_l01_s1_pv2_r2_pv3c_eps025_trace-a2e8ab_b16_k8_isolated,isolated,ours,3,8,iso_sync_ms,12.746839,recorder
20260925-142559_perlmutter_effc80dd,ours_l01_s1_pv2_r2_pv3c_eps025_trace-a2e8ab_b16_k8_isolated,isolated,ours,3,9,iso_sync_ms,13.142516,recorder
20260925-142559_perlmutter_effc80dd,ours_l01_s1_pv2_r2_pv3c_eps025_trace-a2e8ab_b16_k8_isolated,isolated,ours,3,0,l0_enq_ms,0.659096,recorder
20260925-142559_perlmutter_effc80dd,ours_l01_s1_pv2_r2_pv3c_eps025_trace-a2e8ab_b16_k8_isolated,isolated,ours,3,1,l0_enq_ms,0.669557,recorder
20260925-142559_perlmutter_effc80dd,ours_l01_s1_pv2_r2_pv3c_eps025_trace-a2e8ab_b16_k8_isolated,isolated,ours,3,2,l0_enq_ms,0.649788,recorder
20260925-142559_perlmutter_effc80dd,ours_l01_s1_pv2_r2_pv3c_eps025_trace-a2e8ab_b16_k8_isolated,isolated,ours,3,3,l0_enq_ms,0.665579,recorder
20260925-142559_perlmutter_effc80dd,ours_l01_s1_pv2_r2_pv3c_eps025_trace-a2e8ab_b16_k8_isolated,isolated,ours,3,4,l0_enq_ms,0.673554,recorder
20260925-142559_perlmutter_effc80dd,ours_l01_s1_pv2_r2_pv3c_eps025_trace-a2e8ab_b16_k8_isolated,isolated,ours,3,5,l0_enq_ms,0.622254,recorder
20260925-142559_perlmutter_effc80dd,ours_l01_s1_pv2_r2_pv3c_eps025_trace-a2e8ab_b16_k8_isolated,isolated,ours,3,6,l0_enq_ms,0.624619,recorder
20260925-142559_perlmutter_effc80dd,ours_l01_s1_pv2_r2_pv3c_eps025_trace-a2e8ab_b16_k8_isolated,isolated,ours,3,7,l0_enq_ms,0.622605,recorder
20260925-142559_perlmutter_effc80dd,ours_l01_s1_pv2_r2_pv3c_eps025_trace-a2e8ab_b16_k8_isolated,isolated,ours,3,8,l0_enq_ms,0.610823,recorder
20260925-142559_perlmutter_effc80dd,ours_l01_s1_pv2_r2_pv3c_eps025_trace-a2e8ab_b16_k8_isolated,isolated,ours,3,9,l0_enq_ms,0.607146,recorder
20260925-142559_perlmutter_effc80dd,ours_l01_s1_pv2_r2_pv3c_eps025_trace-a2e8ab_b16_k8_isolated,isolated,ours,3,0,l1_enq_ms,0.476332,recorder
20260925-142559_perlmutter_effc80dd,ours_l01_s1_pv2_r2_pv3c_eps025_trace-a2e8ab_b16_k8_isolated,isolated,ours,3,1,l1_enq_ms,0.50097,recorder
20260925-142559_perlmutter_effc80dd,ours_l01_s1_pv2_r2_pv3c_eps025_trace-a2e8ab_b16_k8_isolated,isolated,ours,3,2,l1_enq_ms,0.505829,recorder
20260925-142559_perlmutter_effc80dd,ours_l01_s1_pv2_r2_pv3c_eps025_trace-a2e8ab_b16_k8_isolated,isolated,ours,3,3,l1_enq_ms,0.483617,recorder
20260925-142559_perlmutter_effc80dd,ours_l01_s1_pv2_r2_pv3c_eps025_trace-a2e8ab_b16_k8_isolated,isolated,ours,3,4,l1_enq_ms,0.488907,recorder
20260925-142559_perlmutter_effc80dd,ours_l01_s1_pv2_r2_pv3c_eps025_trace-a2e8ab_b16_k8_isolated,isolated,ours,3,5,l1_enq_ms,0.476923,recorder
20260925-142559_perlmutter_effc80dd,ours_l01_s1_pv2_r2_pv3c_eps025_trace-a2e8ab_b16_k8_isolated,isolated,ours,3,6,l1_enq_ms,0.478045,recorder
20260925-142559_perlmutter_effc80dd,ours_l01_s1_pv2_r2_pv3c_eps025_trace-a2e8ab_b16_k8_isolated,isolated,ours,3,7,l1_enq_ms,0.478437,recorder
20260925-142559_perlmutter_effc80dd,ours_l01_s1_pv2_r2_pv3c_eps025_trace-a2e8ab_b16_k8_isolated,isolated,ours,3,8,l1_enq_ms,0.450422,recorder
20260925-142559_perlmutter_effc80dd,ours_l01_s1_pv2_r2_pv3c_eps025_trace-a2e8ab_b16_k8_isolated,isolated,ours,3,9,l1_enq_ms,0.452366,recorder
20260925-142559_perlmutter_effc80dd,ours_l01_s1_pv2_r2_pv3c_eps025_trace-a2e8ab_b16_k8_isolated,isolated,ours,4,0,e2e_ms,13.489728,recorder
20260925-142559_perlmutter_effc80dd,ours_l01_s1_pv2_r2_pv3c_eps025_trace-a2e8ab_b16_k8_isolated,isolated,ours,4,1,e2e_ms,13.657568,recorder
20260925-142559_perlmutter_effc80dd,ours_l01_s1_pv2_r2_pv3c_eps025_trace-a2e8ab_b16_k8_isolated,isolated,ours,4,2,e2e_ms,13.094592,recorder
20260925-142559_perlmutter_effc80dd,ours_l01_s1_pv2_r2_pv3c_eps025_trace-a2e8ab_b16_k8_isolated,isolated,ours,4,3,e2e_ms,13.553984,recorder
20260925-142559_perlmutter_effc80dd,ours_l01_s1_pv2_r2_pv3c_eps025_trace-a2e8ab_b16_k8_isolated,isolated,ours,4,4,e2e_ms,13.700768,recorder
20260925-142559_perlmutter_effc80dd,ours_l01_s1_pv2_r2_pv3c_eps025_trace-a2e8ab_b16_k8_isolated,isolated,ours,4,5,e2e_ms,14.456416,recorder
20260925-142559_perlmutter_effc80dd,ours_l01_s1_pv2_r2_pv3c_eps025_trace-a2e8ab_b16_k8_isolated,isolated,ours,4,6,e2e_ms,13.420768,recorder
20260925-142559_perlmutter_effc80dd,ours_l01_s1_pv2_r2_pv3c_eps025_trace-a2e8ab_b16_k8_isolated,isolated,ours,4,7,e2e_ms,13.787296,recorder
20260925-142559_perlmutter_effc80dd,ours_l01_s1_pv2_r2_pv3c_eps025_trace-a2e8ab_b16_k8_isolated,isolated,ours,4,8,e2e_ms,13.98016,recorder
20260925-142559_perlmutter_effc80dd,ours_l01_s1_pv2_r2_pv3c_eps025_trace-a2e8ab_b16_k8_isolated,isolated,ours,4,9,e2e_ms,13.994784,recorder
20260925-142559_perlmutter_effc80dd,ours_l01_s1_pv2_r2_pv3c_eps025_trace-a2e8ab_b16_k8_isolated,isolated,ours,4,0,l0_ms,6.94016,recorder
20260925-142559_perlmutter_effc80dd,ours_l01_s1_pv2_r2_pv3c_eps025_trace-a2e8ab_b16_k8_isolated,isolated,ours,4,1,l0_ms,6.728736,recorder
20260925-142559_perlmutter_effc80dd,ours_l01_s1_pv2_r2_pv3c_eps025_trace-a2e8ab_b16_k8_isolated,isolated,ours,4,2,l0_ms,6.498752,recorder
20260925-142559_perlmutter_effc80dd,ours_l01_s1_pv2_r2_pv3c_eps025_trace-a2e8ab_b16_k8_isolated,isolated,ours,4,3,l0_ms,6.445248,recorder
20260925-142559_perlmutter_effc80dd,ours_l01_s1_pv2_r2_pv3c_eps025_trace-a2e8ab_b16_k8_isolated,isolated,ours,4,4,l0_ms,6.721312,recorder
20260925-142559_perlmutter_effc80dd,ours_l01_s1_pv2_r2_pv3c_eps025_trace-a2e8ab_b16_k8_isolated,isolated,ours,4,5,l0_ms,6.902048,recorder
20260925-142559_perlmutter_effc80dd,ours_l01_s1_pv2_r2_pv3c_eps025_trace-a2e8ab_b16_k8_isolated,isolated,ours,4,6,l0_ms,6.632288,recorder
20260925-142559_perlmutter_effc80dd,ours_l01_s1_pv2_r2_pv3c_eps025_trace-a2e8ab_b16_k8_isolated,isolated,ours,4,7,l0_ms,6.694592,recorder
20260925-142559_perlmutter_effc80dd,ours_l01_s1_pv2_r2_pv3c_eps025_trace-a2e8ab_b16_k8_isolated,isolated,ours,4,8,l0_ms,6.779584,recorder
20260925-142559_perlmutter_effc80dd,ours_l01_s1_pv2_r2_pv3c_eps025_trace-a2e8ab_b16_k8_isolated,isolated,ours,4,9,l0_ms,6.510976,recorder
20260925-142559_perlmutter_effc80dd,ours_l01_s1_pv2_r2_pv3c_eps025_trace-a2e8ab_b16_k8_isolated,isolated,ours,4,0,act_ms,0.072672,recorder
20260925-142559_perlmutter_effc80dd,ours_l01_s1_pv2_r2_pv3c_eps025_trace-a2e8ab_b16_k8_isolated,isolated,ours,4,1,act_ms,0.074304,recorder
20260925-142559_perlmutter_effc80dd,ours_l01_s1_pv2_r2_pv3c_eps025_trace-a2e8ab_b16_k8_isolated,isolated,ours,4,2,act_ms,0.072736,recorder
20260925-142559_perlmutter_effc80dd,ours_l01_s1_pv2_r2_pv3c_eps025_trace-a2e8ab_b16_k8_isolated,isolated,ours,4,3,act_ms,0.073344,recorder
20260925-142559_perlmutter_effc80dd,ours_l01_s1_pv2_r2_pv3c_eps025_trace-a2e8ab_b16_k8_isolated,isolated,ours,4,4,act_ms,0.075776,recorder
20260925-142559_perlmutter_effc80dd,ours_l01_s1_pv2_r2_pv3c_eps025_trace-a2e8ab_b16_k8_isolated,isolated,ours,4,5,act_ms,0.07504,recorder
20260925-142559_perlmutter_effc80dd,ours_l01_s1_pv2_r2_pv3c_eps025_trace-a2e8ab_b16_k8_isolated,isolated,ours,4,6,act_ms,0.073568,recorder
20260925-142559_perlmutter_effc80dd,ours_l01_s1_pv2_r2_pv3c_eps025_trace-a2e8ab_b16_k8_isolated,isolated,ours,4,7,act_ms,0.074848,recorder
20260925-142559_perlmutter_effc80dd,ours_l01_s1_pv2_r2_pv3c_eps025_trace-a2e8ab_b16_k8_isolated,isolated,ours,4,8,act_ms,0.073504,recorder
20260925-142559_perlmutter_effc80dd,ours_l01_s1_pv2_r2_pv3c_eps025_trace-a2e8ab_b16_k8_isolated,isolated,ours,4,9,act_ms,0.074368,recorder
20260925-142559_perlmutter_effc80dd,ours_l01_s1_pv2_r2_pv3c_eps025_trace-a2e8ab_b16_k8_isolated,isolated,ours,4,0,l1_ms,6.476896,recorder
20260925-142559_perlmutter_effc80dd,ours_l01_s1_pv2_r2_pv3c_eps025_trace-a2e8ab_b16_k8_isolated,isolated,ours,4,1,l1_ms,6.854528,recorder
20260925-142559_perlmutter_effc80dd,ours_l01_s1_pv2_r2_pv3c_eps025_trace-a2e8ab_b16_k8_isolated,isolated,ours,4,2,l1_ms,6.523104,recorder
20260925-142559_perlmutter_effc80dd,ours_l01_s1_pv2_r2_pv3c_eps025_trace-a2e8ab_b16_k8_isolated,isolated,ours,4,3,l1_ms,7.035392,recorder
20260925-142559_perlmutter_effc80dd,ours_l01_s1_pv2_r2_pv3c_eps025_trace-a2e8ab_b16_k8_isolated,isolated,ours,4,4,l1_ms,6.90368,recorder
20260925-142559_perlmutter_effc80dd,ours_l01_s1_pv2_r2_pv3c_eps025_trace-a2e8ab_b16_k8_isolated,isolated,ours,4,5,l1_ms,7.479328,recorder
20260925-142559_perlmutter_effc80dd,ours_l01_s1_pv2_r2_pv3c_eps025_trace-a2e8ab_b16_k8_isolated,isolated,ours,4,6,l1_ms,6.714912,recorder
20260925-142559_perlmutter_effc80dd,ours_l01_s1_pv2_r2_pv3c_eps025_trace-a2e8ab_b16_k8_isolated,isolated,ours,4,7,l1_ms,7.017856,recorder
20260925-142559_perlmutter_effc80dd,ours_l01_s1_pv2_r2_pv3c_eps025_trace-a2e8ab_b16_k8_isolated,isolated,ours,4,8,l1_ms,7.127072,recorder
20260925-142559_perlmutter_effc80dd,ours_l01_s1_pv2_r2_pv3c_eps025_trace-a2e8ab_b16_k8_isolated,isolated,ours,4,9,l1_ms,7.40944,recorder
20260925-142559_perlmutter_effc80dd,ours_l01_s1_pv2_r2_pv3c_eps025_trace-a2e8ab_b16_k8_isolated,isolated,ours,4,0,plan_comm_ms,0.6304,recorder
20260925-142559_perlmutter_effc80dd,ours_l01_s1_pv2_r2_pv3c_eps025_trace-a2e8ab_b16_k8_isolated,isolated,ours,4,1,plan_comm_ms,0.449856,recorder
20260925-142559_perlmutter_effc80dd,ours_l01_s1_pv2_r2_pv3c_eps025_trace-a2e8ab_b16_k8_isolated,isolated,ours,4,2,plan_comm_ms,0.584352,recorder
20260925-142559_perlmutter_effc80dd,ours_l01_s1_pv2_r2_pv3c_eps025_trace-a2e8ab_b16_k8_isolated,isolated,ours,4,3,plan_comm_ms,0.42048,recorder
20260925-142559_perlmutter_effc80dd,ours_l01_s1_pv2_r2_pv3c_eps025_trace-a2e8ab_b16_k8_isolated,isolated,ours,4,4,plan_comm_ms,0.196192,recorder
20260925-142559_perlmutter_effc80dd,ours_l01_s1_pv2_r2_pv3c_eps025_trace-a2e8ab_b16_k8_isolated,isolated,ours,4,5,plan_comm_ms,0.666144,recorder
20260925-142559_perlmutter_effc80dd,ours_l01_s1_pv2_r2_pv3c_eps025_trace-a2e8ab_b16_k8_isolated,isolated,ours,4,6,plan_comm_ms,0.186656,recorder
20260925-142559_perlmutter_effc80dd,ours_l01_s1_pv2_r2_pv3c_eps025_trace-a2e8ab_b16_k8_isolated,isolated,ours,4,7,plan_comm_ms,0.179936,recorder
20260925-142559_perlmutter_effc80dd,ours_l01_s1_pv2_r2_pv3c_eps025_trace-a2e8ab_b16_k8_isolated,isolated,ours,4,8,plan_comm_ms,0.18896,recorder
20260925-142559_perlmutter_effc80dd,ours_l01_s1_pv2_r2_pv3c_eps025_trace-a2e8ab_b16_k8_isolated,isolated,ours,4,9,plan_comm_ms,0.194624,recorder
20260925-142559_perlmutter_effc80dd,ours_l01_s1_pv2_r2_pv3c_eps025_trace-a2e8ab_b16_k8_isolated,isolated,ours,4,0,place_ms,0.002688,recorder
20260925-142559_perlmutter_effc80dd,ours_l01_s1_pv2_r2_pv3c_eps025_trace-a2e8ab_b16_k8_isolated,isolated,ours,4,1,place_ms,0.00256,recorder
20260925-142559_perlmutter_effc80dd,ours_l01_s1_pv2_r2_pv3c_eps025_trace-a2e8ab_b16_k8_isolated,isolated,ours,4,2,place_ms,0.002336,recorder
20260925-142559_perlmutter_effc80dd,ours_l01_s1_pv2_r2_pv3c_eps025_trace-a2e8ab_b16_k8_isolated,isolated,ours,4,3,place_ms,0.002368,recorder
20260925-142559_perlmutter_effc80dd,ours_l01_s1_pv2_r2_pv3c_eps025_trace-a2e8ab_b16_k8_isolated,isolated,ours,4,4,place_ms,0.002336,recorder
20260925-142559_perlmutter_effc80dd,ours_l01_s1_pv2_r2_pv3c_eps025_trace-a2e8ab_b16_k8_isolated,isolated,ours,4,5,place_ms,0.002336,recorder
20260925-142559_perlmutter_effc80dd,ours_l01_s1_pv2_r2_pv3c_eps025_trace-a2e8ab_b16_k8_isolated,isolated,ours,4,6,place_ms,0.002368,recorder
20260925-142559_perlmutter_effc80dd,ours_l01_s1_pv2_r2_pv3c_eps025_trace-a2e8ab_b16_k8_isolated,isolated,ours,4,7,place_ms,0.002368,recorder
20260925-142559_perlmutter_effc80dd,ours_l01_s1_pv2_r2_pv3c_eps025_trace-a2e8ab_b16_k8_isolated,isolated,ours,4,8,place_ms,0.002336,recorder
20260925-142559_perlmutter_effc80dd,ours_l01_s1_pv2_r2_pv3c_eps025_trace-a2e8ab_b16_k8_isolated,isolated,ours,4,9,place_ms,0.002336,recorder
20260925-142559_perlmutter_effc80dd,ours_l01_s1_pv2_r2_pv3c_eps025_trace-a2e8ab_b16_k8_isolated,isolated,ours,4,0,plan_ms,1.109792,recorder
20260925-142559_perlmutter_effc80dd,ours_l01_s1_pv2_r2_pv3c_eps025_trace-a2e8ab_b16_k8_isolated,isolated,ours,4,1,plan_ms,1.135808,recorder
20260925-142559_perlmutter_effc80dd,ours_l01_s1_pv2_r2_pv3c_eps025_trace-a2e8ab_b16_k8_isolated,isolated,ours,4,2,plan_ms,1.107712,recorder
20260925-142559_perlmutter_effc80dd,ours_l01_s1_pv2_r2_pv3c_eps025_trace-a2e8ab_b16_k8_isolated,isolated,ours,4,3,plan_ms,1.115328,recorder
20260925-142559_perlmutter_effc80dd,ours_l01_s1_pv2_r2_pv3c_eps025_trace-a2e8ab_b16_k8_isolated,isolated,ours,4,4,plan_ms,1.116608,recorder
20260925-142559_perlmutter_effc80dd,ours_l01_s1_pv2_r2_pv3c_eps025_trace-a2e8ab_b16_k8_isolated,isolated,ours,4,5,plan_ms,1.114144,recorder
20260925-142559_perlmutter_effc80dd,ours_l01_s1_pv2_r2_pv3c_eps025_trace-a2e8ab_b16_k8_isolated,isolated,ours,4,6,plan_ms,1.116032,recorder
20260925-142559_perlmutter_effc80dd,ours_l01_s1_pv2_r2_pv3c_eps025_trace-a2e8ab_b16_k8_isolated,isolated,ours,4,7,plan_ms,1.110464,recorder
20260925-142559_perlmutter_effc80dd,ours_l01_s1_pv2_r2_pv3c_eps025_trace-a2e8ab_b16_k8_isolated,isolated,ours,4,8,plan_ms,1.11552,recorder
20260925-142559_perlmutter_effc80dd,ours_l01_s1_pv2_r2_pv3c_eps025_trace-a2e8ab_b16_k8_isolated,isolated,ours,4,9,plan_ms,1.110464,recorder
20260925-142559_perlmutter_effc80dd,ours_l01_s1_pv2_r2_pv3c_eps025_trace-a2e8ab_b16_k8_isolated,isolated,ours,4,0,total_ms,15.242656,recorder
20260925-142559_perlmutter_effc80dd,ours_l01_s1_pv2_r2_pv3c_eps025_trace-a2e8ab_b16_k8_isolated,isolated,ours,4,1,total_ms,15.255584,recorder
20260925-142559_perlmutter_effc80dd,ours_l01_s1_pv2_r2_pv3c_eps025_trace-a2e8ab_b16_k8_isolated,isolated,ours,4,2,total_ms,14.799616,recorder
20260925-142559_perlmutter_effc80dd,ours_l01_s1_pv2_r2_pv3c_eps025_trace-a2e8ab_b16_k8_isolated,isolated,ours,4,3,total_ms,15.102048,recorder
20260925-142559_perlmutter_effc80dd,ours_l01_s1_pv2_r2_pv3c_eps025_trace-a2e8ab_b16_k8_isolated,isolated,ours,4,4,total_ms,15.025248,recorder
20260925-142559_perlmutter_effc80dd,ours_l01_s1_pv2_r2_pv3c_eps025_trace-a2e8ab_b16_k8_isolated,isolated,ours,4,5,total_ms,16.248287,recorder
20260925-142559_perlmutter_effc80dd,ours_l01_s1_pv2_r2_pv3c_eps025_trace-a2e8ab_b16_k8_isolated,isolated,ours,4,6,total_ms,14.735616,recorder
20260925-142559_perlmutter_effc80dd,ours_l01_s1_pv2_r2_pv3c_eps025_trace-a2e8ab_b16_k8_isolated,isolated,ours,4,7,total_ms,15.089728,recorder
20260925-142559_perlmutter_effc80dd,ours_l01_s1_pv2_r2_pv3c_eps025_trace-a2e8ab_b16_k8_isolated,isolated,ours,4,8,total_ms,15.296608,recorder
20260925-142559_perlmutter_effc80dd,ours_l01_s1_pv2_r2_pv3c_eps025_trace-a2e8ab_b16_k8_isolated,isolated,ours,4,9,total_ms,15.310752,recorder
20260925-142559_perlmutter_effc80dd,ours_l01_s1_pv2_r2_pv3c_eps025_trace-a2e8ab_b16_k8_isolated,isolated,ours,4,0,iso_sync_ms,12.400163,recorder
20260925-142559_perlmutter_effc80dd,ours_l01_s1_pv2_r2_pv3c_eps025_trace-a2e8ab_b16_k8_isolated,isolated,ours,4,1,iso_sync_ms,12.510526,recorder
20260925-142559_perlmutter_effc80dd,ours_l01_s1_pv2_r2_pv3c_eps025_trace-a2e8ab_b16_k8_isolated,isolated,ours,4,2,iso_sync_ms,12.430552,recorder
20260925-142559_perlmutter_effc80dd,ours_l01_s1_pv2_r2_pv3c_eps025_trace-a2e8ab_b16_k8_isolated,isolated,ours,4,3,iso_sync_ms,13.487695,recorder
20260925-142559_perlmutter_effc80dd,ours_l01_s1_pv2_r2_pv3c_eps025_trace-a2e8ab_b16_k8_isolated,isolated,ours,4,4,iso_sync_ms,12.370375,recorder
20260925-142559_perlmutter_effc80dd,ours_l01_s1_pv2_r2_pv3c_eps025_trace-a2e8ab_b16_k8_isolated,isolated,ours,4,5,iso_sync_ms,12.38793,recorder
20260925-142559_perlmutter_effc80dd,ours_l01_s1_pv2_r2_pv3c_eps025_trace-a2e8ab_b16_k8_isolated,isolated,ours,4,6,iso_sync_ms,13.174429,recorder
20260925-142559_perlmutter_effc80dd,ours_l01_s1_pv2_r2_pv3c_eps025_trace-a2e8ab_b16_k8_isolated,isolated,ours,4,7,iso_sync_ms,12.220346,recorder
20260925-142559_perlmutter_effc80dd,ours_l01_s1_pv2_r2_pv3c_eps025_trace-a2e8ab_b16_k8_isolated,isolated,ours,4,8,iso_sync_ms,12.659334,recorder
20260925-142559_perlmutter_effc80dd,ours_l01_s1_pv2_r2_pv3c_eps025_trace-a2e8ab_b16_k8_isolated,isolated,ours,4,9,iso_sync_ms,13.05585,recorder
20260925-142559_perlmutter_effc80dd,ours_l01_s1_pv2_r2_pv3c_eps025_trace-a2e8ab_b16_k8_isolated,isolated,ours,4,0,l0_enq_ms,0.642631,recorder
20260925-142559_perlmutter_effc80dd,ours_l01_s1_pv2_r2_pv3c_eps025_trace-a2e8ab_b16_k8_isolated,isolated,ours,4,1,l0_enq_ms,0.662269,recorder
20260925-142559_perlmutter_effc80dd,ours_l01_s1_pv2_r2_pv3c_eps025_trace-a2e8ab_b16_k8_isolated,isolated,ours,4,2,l0_enq_ms,0.666548,recorder
20260925-142559_perlmutter_effc80dd,ours_l01_s1_pv2_r2_pv3c_eps025_trace-a2e8ab_b16_k8_isolated,isolated,ours,4,3,l0_enq_ms,0.632352,recorder
20260925-142559_perlmutter_effc80dd,ours_l01_s1_pv2_r2_pv3c_eps025_trace-a2e8ab_b16_k8_isolated,isolated,ours,4,4,l0_enq_ms,0.660116,recorder
20260925-142559_perlmutter_effc80dd,ours_l01_s1_pv2_r2_pv3c_eps025_trace-a2e8ab_b16_k8_isolated,isolated,ours,4,5,l0_enq_ms,0.631801,recorder
20260925-142559_perlmutter_effc80dd,ours_l01_s1_pv2_r2_pv3c_eps025_trace-a2e8ab_b16_k8_isolated,isolated,ours,4,6,l0_enq_ms,0.650587,recorder
20260925-142559_perlmutter_effc80dd,ours_l01_s1_pv2_r2_pv3c_eps025_trace-a2e8ab_b16_k8_isolated,isolated,ours,4,7,l0_enq_ms,0.630919,recorder
20260925-142559_perlmutter_effc80dd,ours_l01_s1_pv2_r2_pv3c_eps025_trace-a2e8ab_b16_k8_isolated,isolated,ours,4,8,l0_enq_ms,0.651389,recorder
20260925-142559_perlmutter_effc80dd,ours_l01_s1_pv2_r2_pv3c_eps025_trace-a2e8ab_b16_k8_isolated,isolated,ours,4,9,l0_enq_ms,0.650146,recorder
20260925-142559_perlmutter_effc80dd,ours_l01_s1_pv2_r2_pv3c_eps025_trace-a2e8ab_b16_k8_isolated,isolated,ours,4,0,l1_enq_ms,0.475148,recorder
20260925-142559_perlmutter_effc80dd,ours_l01_s1_pv2_r2_pv3c_eps025_trace-a2e8ab_b16_k8_isolated,isolated,ours,4,1,l1_enq_ms,0.487271,recorder
20260925-142559_perlmutter_effc80dd,ours_l01_s1_pv2_r2_pv3c_eps025_trace-a2e8ab_b16_k8_isolated,isolated,ours,4,2,l1_enq_ms,0.476831,recorder
20260925-142559_perlmutter_effc80dd,ours_l01_s1_pv2_r2_pv3c_eps025_trace-a2e8ab_b16_k8_isolated,isolated,ours,4,3,l1_enq_ms,0.47071,recorder
20260925-142559_perlmutter_effc80dd,ours_l01_s1_pv2_r2_pv3c_eps025_trace-a2e8ab_b16_k8_isolated,isolated,ours,4,4,l1_enq_ms,0.485608,recorder
20260925-142559_perlmutter_effc80dd,ours_l01_s1_pv2_r2_pv3c_eps025_trace-a2e8ab_b16_k8_isolated,isolated,ours,4,5,l1_enq_ms,0.48158,recorder
20260925-142559_perlmutter_effc80dd,ours_l01_s1_pv2_r2_pv3c_eps025_trace-a2e8ab_b16_k8_isolated,isolated,ours,4,6,l1_enq_ms,0.479737,recorder
20260925-142559_perlmutter_effc80dd,ours_l01_s1_pv2_r2_pv3c_eps025_trace-a2e8ab_b16_k8_isolated,isolated,ours,4,7,l1_enq_ms,0.583147,recorder
20260925-142559_perlmutter_effc80dd,ours_l01_s1_pv2_r2_pv3c_eps025_trace-a2e8ab_b16_k8_isolated,isolated,ours,4,8,l1_enq_ms,0.494896,recorder
20260925-142559_perlmutter_effc80dd,ours_l01_s1_pv2_r2_pv3c_eps025_trace-a2e8ab_b16_k8_isolated,isolated,ours,4,9,l1_enq_ms,0.479146,recorder
20260925-142559_perlmutter_effc80dd,ours_l01_s1_pv2_r2_pv3c_eps025_trace-a2e8ab_b16_k8_isolated,isolated,ours,5,0,e2e_ms,13.486752,recorder
20260925-142559_perlmutter_effc80dd,ours_l01_s1_pv2_r2_pv3c_eps025_trace-a2e8ab_b16_k8_isolated,isolated,ours,5,1,e2e_ms,13.64576,recorder
20260925-142559_perlmutter_effc80dd,ours_l01_s1_pv2_r2_pv3c_eps025_trace-a2e8ab_b16_k8_isolated,isolated,ours,5,2,e2e_ms,13.078304,recorder
20260925-142559_perlmutter_effc80dd,ours_l01_s1_pv2_r2_pv3c_eps025_trace-a2e8ab_b16_k8_isolated,isolated,ours,5,3,e2e_ms,13.536448,recorder
20260925-142559_perlmutter_effc80dd,ours_l01_s1_pv2_r2_pv3c_eps025_trace-a2e8ab_b16_k8_isolated,isolated,ours,5,4,e2e_ms,13.672256,recorder
20260925-142559_perlmutter_effc80dd,ours_l01_s1_pv2_r2_pv3c_eps025_trace-a2e8ab_b16_k8_isolated,isolated,ours,5,5,e2e_ms,14.4568,recorder
20260925-142559_perlmutter_effc80dd,ours_l01_s1_pv2_r2_pv3c_eps025_trace-a2e8ab_b16_k8_isolated,isolated,ours,5,6,e2e_ms,13.4056,recorder
20260925-142559_perlmutter_effc80dd,ours_l01_s1_pv2_r2_pv3c_eps025_trace-a2e8ab_b16_k8_isolated,isolated,ours,5,7,e2e_ms,13.763488,recorder
20260925-142559_perlmutter_effc80dd,ours_l01_s1_pv2_r2_pv3c_eps025_trace-a2e8ab_b16_k8_isolated,isolated,ours,5,8,e2e_ms,13.974336,recorder
20260925-142559_perlmutter_effc80dd,ours_l01_s1_pv2_r2_pv3c_eps025_trace-a2e8ab_b16_k8_isolated,isolated,ours,5,9,e2e_ms,13.972096,recorder
20260925-142559_perlmutter_effc80dd,ours_l01_s1_pv2_r2_pv3c_eps025_trace-a2e8ab_b16_k8_isolated,isolated,ours,5,0,l0_ms,6.938496,recorder
20260925-142559_perlmutter_effc80dd,ours_l01_s1_pv2_r2_pv3c_eps025_trace-a2e8ab_b16_k8_isolated,isolated,ours,5,1,l0_ms,6.72992,recorder
20260925-142559_perlmutter_effc80dd,ours_l01_s1_pv2_r2_pv3c_eps025_trace-a2e8ab_b16_k8_isolated,isolated,ours,5,2,l0_ms,6.484896,recorder
20260925-142559_perlmutter_effc80dd,ours_l01_s1_pv2_r2_pv3c_eps025_trace-a2e8ab_b16_k8_isolated,isolated,ours,5,3,l0_ms,6.426208,recorder
20260925-142559_perlmutter_effc80dd,ours_l01_s1_pv2_r2_pv3c_eps025_trace-a2e8ab_b16_k8_isolated,isolated,ours,5,4,l0_ms,6.694976,recorder
20260925-142559_perlmutter_effc80dd,ours_l01_s1_pv2_r2_pv3c_eps025_trace-a2e8ab_b16_k8_isolated,isolated,ours,5,5,l0_ms,6.90144,recorder
20260925-142559_perlmutter_effc80dd,ours_l01_s1_pv2_r2_pv3c_eps025_trace-a2e8ab_b16_k8_isolated,isolated,ours,5,6,l0_ms,6.625536,recorder
20260925-142559_perlmutter_effc80dd,ours_l01_s1_pv2_r2_pv3c_eps025_trace-a2e8ab_b16_k8_isolated,isolated,ours,5,7,l0_ms,6.674624,recorder
20260925-142559_perlmutter_effc80dd,ours_l01_s1_pv2_r2_pv3c_eps025_trace-a2e8ab_b16_k8_isolated,isolated,ours,5,8,l0_ms,6.7688,recorder
20260925-142559_perlmutter_effc80dd,ours_l01_s1_pv2_r2_pv3c_eps025_trace-a2e8ab_b16_k8_isolated,isolated,ours,5,9,l0_ms,6.502528,recorder
20260925-142559_perlmutter_effc80dd,ours_l01_s1_pv2_r2_pv3c_eps025_trace-a2e8ab_b16_k8_isolated,isolated,ours,5,0,act_ms,0.075008,recorder
20260925-142559_perlmutter_effc80dd,ours_l01_s1_pv2_r2_pv3c_eps025_trace-a2e8ab_b16_k8_isolated,isolated,ours,5,1,act_ms,0.07488,recorder
20260925-142559_perlmutter_effc80dd,ours_l01_s1_pv2_r2_pv3c_eps025_trace-a2e8ab_b16_k8_isolated,isolated,ours,5,2,act_ms,0.073568,recorder
20260925-142559_perlmutter_effc80dd,ours_l01_s1_pv2_r2_pv3c_eps025_trace-a2e8ab_b16_k8_isolated,isolated,ours,5,3,act_ms,0.078528,recorder
20260925-142559_perlmutter_effc80dd,ours_l01_s1_pv2_r2_pv3c_eps025_trace-a2e8ab_b16_k8_isolated,isolated,ours,5,4,act_ms,0.075072,recorder
20260925-142559_perlmutter_effc80dd,ours_l01_s1_pv2_r2_pv3c_eps025_trace-a2e8ab_b16_k8_isolated,isolated,ours,5,5,act_ms,0.075488,recorder
20260925-142559_perlmutter_effc80dd,ours_l01_s1_pv2_r2_pv3c_eps025_trace-a2e8ab_b16_k8_isolated,isolated,ours,5,6,act_ms,0.078336,recorder
20260925-142559_perlmutter_effc80dd,ours_l01_s1_pv2_r2_pv3c_eps025_trace-a2e8ab_b16_k8_isolated,isolated,ours,5,7,act_ms,0.07552,recorder
20260925-142559_perlmutter_effc80dd,ours_l01_s1_pv2_r2_pv3c_eps025_trace-a2e8ab_b16_k8_isolated,isolated,ours,5,8,act_ms,0.075456,recorder
20260925-142559_perlmutter_effc80dd,ours_l01_s1_pv2_r2_pv3c_eps025_trace-a2e8ab_b16_k8_isolated,isolated,ours,5,9,act_ms,0.074336,recorder
20260925-142559_perlmutter_effc80dd,ours_l01_s1_pv2_r2_pv3c_eps025_trace-a2e8ab_b16_k8_isolated,isolated,ours,5,0,l1_ms,6.473248,recorder
20260925-142559_perlmutter_effc80dd,ours_l01_s1_pv2_r2_pv3c_eps025_trace-a2e8ab_b16_k8_isolated,isolated,ours,5,1,l1_ms,6.84096,recorder
20260925-142559_perlmutter_effc80dd,ours_l01_s1_pv2_r2_pv3c_eps025_trace-a2e8ab_b16_k8_isolated,isolated,ours,5,2,l1_ms,6.51984,recorder
20260925-142559_perlmutter_effc80dd,ours_l01_s1_pv2_r2_pv3c_eps025_trace-a2e8ab_b16_k8_isolated,isolated,ours,5,3,l1_ms,7.031712,recorder
20260925-142559_perlmutter_effc80dd,ours_l01_s1_pv2_r2_pv3c_eps025_trace-a2e8ab_b16_k8_isolated,isolated,ours,5,4,l1_ms,6.902208,recorder
20260925-142559_perlmutter_effc80dd,ours_l01_s1_pv2_r2_pv3c_eps025_trace-a2e8ab_b16_k8_isolated,isolated,ours,5,5,l1_ms,7.479872,recorder
20260925-142559_perlmutter_effc80dd,ours_l01_s1_pv2_r2_pv3c_eps025_trace-a2e8ab_b16_k8_isolated,isolated,ours,5,6,l1_ms,6.701728,recorder
20260925-142559_perlmutter_effc80dd,ours_l01_s1_pv2_r2_pv3c_eps025_trace-a2e8ab_b16_k8_isolated,isolated,ours,5,7,l1_ms,7.013344,recorder
20260925-142559_perlmutter_effc80dd,ours_l01_s1_pv2_r2_pv3c_eps025_trace-a2e8ab_b16_k8_isolated,isolated,ours,5,8,l1_ms,7.13008,recorder
20260925-142559_perlmutter_effc80dd,ours_l01_s1_pv2_r2_pv3c_eps025_trace-a2e8ab_b16_k8_isolated,isolated,ours,5,9,l1_ms,7.395232,recorder
20260925-142559_perlmutter_effc80dd,ours_l01_s1_pv2_r2_pv3c_eps025_trace-a2e8ab_b16_k8_isolated,isolated,ours,5,0,plan_comm_ms,0.627872,recorder
20260925-142559_perlmutter_effc80dd,ours_l01_s1_pv2_r2_pv3c_eps025_trace-a2e8ab_b16_k8_isolated,isolated,ours,5,1,plan_comm_ms,0.450112,recorder
20260925-142559_perlmutter_effc80dd,ours_l01_s1_pv2_r2_pv3c_eps025_trace-a2e8ab_b16_k8_isolated,isolated,ours,5,2,plan_comm_ms,0.590176,recorder
20260925-142559_perlmutter_effc80dd,ours_l01_s1_pv2_r2_pv3c_eps025_trace-a2e8ab_b16_k8_isolated,isolated,ours,5,3,plan_comm_ms,0.433984,recorder
20260925-142559_perlmutter_effc80dd,ours_l01_s1_pv2_r2_pv3c_eps025_trace-a2e8ab_b16_k8_isolated,isolated,ours,5,4,plan_comm_ms,0.194112,recorder
20260925-142559_perlmutter_effc80dd,ours_l01_s1_pv2_r2_pv3c_eps025_trace-a2e8ab_b16_k8_isolated,isolated,ours,5,5,plan_comm_ms,0.66736,recorder
20260925-142559_perlmutter_effc80dd,ours_l01_s1_pv2_r2_pv3c_eps025_trace-a2e8ab_b16_k8_isolated,isolated,ours,5,6,plan_comm_ms,0.180992,recorder
20260925-142559_perlmutter_effc80dd,ours_l01_s1_pv2_r2_pv3c_eps025_trace-a2e8ab_b16_k8_isolated,isolated,ours,5,7,plan_comm_ms,0.178144,recorder
20260925-142559_perlmutter_effc80dd,ours_l01_s1_pv2_r2_pv3c_eps025_trace-a2e8ab_b16_k8_isolated,isolated,ours,5,8,plan_comm_ms,0.186272,recorder
20260925-142559_perlmutter_effc80dd,ours_l01_s1_pv2_r2_pv3c_eps025_trace-a2e8ab_b16_k8_isolated,isolated,ours,5,9,plan_comm_ms,0.188672,recorder
20260925-142559_perlmutter_effc80dd,ours_l01_s1_pv2_r2_pv3c_eps025_trace-a2e8ab_b16_k8_isolated,isolated,ours,5,0,place_ms,0.002304,recorder
20260925-142559_perlmutter_effc80dd,ours_l01_s1_pv2_r2_pv3c_eps025_trace-a2e8ab_b16_k8_isolated,isolated,ours,5,1,place_ms,0.002304,recorder
20260925-142559_perlmutter_effc80dd,ours_l01_s1_pv2_r2_pv3c_eps025_trace-a2e8ab_b16_k8_isolated,isolated,ours,5,2,place_ms,0.002304,recorder
20260925-142559_perlmutter_effc80dd,ours_l01_s1_pv2_r2_pv3c_eps025_trace-a2e8ab_b16_k8_isolated,isolated,ours,5,3,place_ms,0.002304,recorder
20260925-142559_perlmutter_effc80dd,ours_l01_s1_pv2_r2_pv3c_eps025_trace-a2e8ab_b16_k8_isolated,isolated,ours,5,4,place_ms,0.002336,recorder
20260925-142559_perlmutter_effc80dd,ours_l01_s1_pv2_r2_pv3c_eps025_trace-a2e8ab_b16_k8_isolated,isolated,ours,5,5,place_ms,0.002304,recorder
20260925-142559_perlmutter_effc80dd,ours_l01_s1_pv2_r2_pv3c_eps025_trace-a2e8ab_b16_k8_isolated,isolated,ours,5,6,place_ms,0.002304,recorder
20260925-142559_perlmutter_effc80dd,ours_l01_s1_pv2_r2_pv3c_eps025_trace-a2e8ab_b16_k8_isolated,isolated,ours,5,7,place_ms,0.002304,recorder
20260925-142559_perlmutter_effc80dd,ours_l01_s1_pv2_r2_pv3c_eps025_trace-a2e8ab_b16_k8_isolated,isolated,ours,5,8,place_ms,0.002336,recorder
20260925-142559_perlmutter_effc80dd,ours_l01_s1_pv2_r2_pv3c_eps025_trace-a2e8ab_b16_k8_isolated,isolated,ours,5,9,place_ms,0.002336,recorder
20260925-142559_perlmutter_effc80dd,ours_l01_s1_pv2_r2_pv3c_eps025_trace-a2e8ab_b16_k8_isolated,isolated,ours,5,0,plan_ms,1.12096,recorder
20260925-142559_perlmutter_effc80dd,ours_l01_s1_pv2_r2_pv3c_eps025_trace-a2e8ab_b16_k8_isolated,isolated,ours,5,1,plan_ms,1.150144,recorder
20260925-142559_perlmutter_effc80dd,ours_l01_s1_pv2_r2_pv3c_eps025_trace-a2e8ab_b16_k8_isolated,isolated,ours,5,2,plan_ms,1.12048,recorder
20260925-142559_perlmutter_effc80dd,ours_l01_s1_pv2_r2_pv3c_eps025_trace-a2e8ab_b16_k8_isolated,isolated,ours,5,3,plan_ms,1.12496,recorder
20260925-142559_perlmutter_effc80dd,ours_l01_s1_pv2_r2_pv3c_eps025_trace-a2e8ab_b16_k8_isolated,isolated,ours,5,4,plan_ms,1.149984,recorder
20260925-142559_perlmutter_effc80dd,ours_l01_s1_pv2_r2_pv3c_eps025_trace-a2e8ab_b16_k8_isolated,isolated,ours,5,5,plan_ms,1.12112,recorder
20260925-142559_perlmutter_effc80dd,ours_l01_s1_pv2_r2_pv3c_eps025_trace-a2e8ab_b16_k8_isolated,isolated,ours,5,6,plan_ms,1.13696,recorder
20260925-142559_perlmutter_effc80dd,ours_l01_s1_pv2_r2_pv3c_eps025_trace-a2e8ab_b16_k8_isolated,isolated,ours,5,7,plan_ms,1.134656,recorder
20260925-142559_perlmutter_effc80dd,ours_l01_s1_pv2_r2_pv3c_eps025_trace-a2e8ab_b16_k8_isolated,isolated,ours,5,8,plan_ms,1.1264,recorder
20260925-142559_perlmutter_effc80dd,ours_l01_s1_pv2_r2_pv3c_eps025_trace-a2e8ab_b16_k8_isolated,isolated,ours,5,9,plan_ms,1.139744,recorder
20260925-142559_perlmutter_effc80dd,ours_l01_s1_pv2_r2_pv3c_eps025_trace-a2e8ab_b16_k8_isolated,isolated,ours,5,0,total_ms,15.248,recorder
20260925-142559_perlmutter_effc80dd,ours_l01_s1_pv2_r2_pv3c_eps025_trace-a2e8ab_b16_k8_isolated,isolated,ours,5,1,total_ms,15.257696,recorder
20260925-142559_perlmutter_effc80dd,ours_l01_s1_pv2_r2_pv3c_eps025_trace-a2e8ab_b16_k8_isolated,isolated,ours,5,2,total_ms,14.801024,recorder
20260925-142559_perlmutter_effc80dd,ours_l01_s1_pv2_r2_pv3c_eps025_trace-a2e8ab_b16_k8_isolated,isolated,ours,5,3,total_ms,15.107008,recorder
20260925-142559_perlmutter_effc80dd,ours_l01_s1_pv2_r2_pv3c_eps025_trace-a2e8ab_b16_k8_isolated,isolated,ours,5,4,total_ms,15.028224,recorder
20260925-142559_perlmutter_effc80dd,ours_l01_s1_pv2_r2_pv3c_eps025_trace-a2e8ab_b16_k8_isolated,isolated,ours,5,5,total_ms,16.257376,recorder
20260925-142559_perlmutter_effc80dd,ours_l01_s1_pv2_r2_pv3c_eps025_trace-a2e8ab_b16_k8_isolated,isolated,ours,5,6,total_ms,14.734976,recorder
20260925-142559_perlmutter_effc80dd,ours_l01_s1_pv2_r2_pv3c_eps025_trace-a2e8ab_b16_k8_isolated,isolated,ours,5,7,total_ms,15.088224,recorder
20260925-142559_perlmutter_effc80dd,ours_l01_s1_pv2_r2_pv3c_eps025_trace-a2e8ab_b16_k8_isolated,isolated,ours,5,8,total_ms,15.299424,recorder
20260925-142559_perlmutter_effc80dd,ours_l01_s1_pv2_r2_pv3c_eps025_trace-a2e8ab_b16_k8_isolated,isolated,ours,5,9,total_ms,15.312416,recorder
20260925-142559_perlmutter_effc80dd,ours_l01_s1_pv2_r2_pv3c_eps025_trace-a2e8ab_b16_k8_isolated,isolated,ours,5,0,iso_sync_ms,12.325859,recorder
20260925-142559_perlmutter_effc80dd,ours_l01_s1_pv2_r2_pv3c_eps025_trace-a2e8ab_b16_k8_isolated,isolated,ours,5,1,iso_sync_ms,12.421634,recorder
20260925-142559_perlmutter_effc80dd,ours_l01_s1_pv2_r2_pv3c_eps025_trace-a2e8ab_b16_k8_isolated,isolated,ours,5,2,iso_sync_ms,12.366819,recorder
20260925-142559_perlmutter_effc80dd,ours_l01_s1_pv2_r2_pv3c_eps025_trace-a2e8ab_b16_k8_isolated,isolated,ours,5,3,iso_sync_ms,13.430425,recorder
20260925-142559_perlmutter_effc80dd,ours_l01_s1_pv2_r2_pv3c_eps025_trace-a2e8ab_b16_k8_isolated,isolated,ours,5,4,iso_sync_ms,12.244151,recorder
20260925-142559_perlmutter_effc80dd,ours_l01_s1_pv2_r2_pv3c_eps025_trace-a2e8ab_b16_k8_isolated,isolated,ours,5,5,iso_sync_ms,12.256676,recorder
20260925-142559_perlmutter_effc80dd,ours_l01_s1_pv2_r2_pv3c_eps025_trace-a2e8ab_b16_k8_isolated,isolated,ours,5,6,iso_sync_ms,13.063905,recorder
20260925-142559_perlmutter_effc80dd,ours_l01_s1_pv2_r2_pv3c_eps025_trace-a2e8ab_b16_k8_isolated,isolated,ours,5,7,iso_sync_ms,12.10339,recorder
20260925-142559_perlmutter_effc80dd,ours_l01_s1_pv2_r2_pv3c_eps025_trace-a2e8ab_b16_k8_isolated,isolated,ours,5,8,iso_sync_ms,12.65238,recorder
20260925-142559_perlmutter_effc80dd,ours_l01_s1_pv2_r2_pv3c_eps025_trace-a2e8ab_b16_k8_isolated,isolated,ours,5,9,iso_sync_ms,12.955857,recorder
20260925-142559_perlmutter_effc80dd,ours_l01_s1_pv2_r2_pv3c_eps025_trace-a2e8ab_b16_k8_isolated,isolated,ours,5,0,l0_enq_ms,0.693901,recorder
20260925-142559_perlmutter_effc80dd,ours_l01_s1_pv2_r2_pv3c_eps025_trace-a2e8ab_b16_k8_isolated,isolated,ours,5,1,l0_enq_ms,0.699061,recorder
20260925-142559_perlmutter_effc80dd,ours_l01_s1_pv2_r2_pv3c_eps025_trace-a2e8ab_b16_k8_isolated,isolated,ours,5,2,l0_enq_ms,0.669714,recorder
20260925-142559_perlmutter_effc80dd,ours_l01_s1_pv2_r2_pv3c_eps025_trace-a2e8ab_b16_k8_isolated,isolated,ours,5,3,l0_enq_ms,0.707147,recorder
20260925-142559_perlmutter_effc80dd,ours_l01_s1_pv2_r2_pv3c_eps025_trace-a2e8ab_b16_k8_isolated,isolated,ours,5,4,l0_enq_ms,0.709701,recorder
20260925-142559_perlmutter_effc80dd,ours_l01_s1_pv2_r2_pv3c_eps025_trace-a2e8ab_b16_k8_isolated,isolated,ours,5,5,l0_enq_ms,0.678962,recorder
20260925-142559_perlmutter_effc80dd,ours_l01_s1_pv2_r2_pv3c_eps025_trace-a2e8ab_b16_k8_isolated,isolated,ours,5,6,l0_enq_ms,0.723899,recorder
20260925-142559_perlmutter_effc80dd,ours_l01_s1_pv2_r2_pv3c_eps025_trace-a2e8ab_b16_k8_isolated,isolated,ours,5,7,l0_enq_ms,0.670415,recorder
20260925-142559_perlmutter_effc80dd,ours_l01_s1_pv2_r2_pv3c_eps025_trace-a2e8ab_b16_k8_isolated,isolated,ours,5,8,l0_enq_ms,0.692629,recorder
20260925-142559_perlmutter_effc80dd,ours_l01_s1_pv2_r2_pv3c_eps025_trace-a2e8ab_b16_k8_isolated,isolated,ours,5,9,l0_enq_ms,0.680274,recorder
20260925-142559_perlmutter_effc80dd,ours_l01_s1_pv2_r2_pv3c_eps025_trace-a2e8ab_b16_k8_isolated,isolated,ours,5,0,l1_enq_ms,0.479767,recorder
20260925-142559_perlmutter_effc80dd,ours_l01_s1_pv2_r2_pv3c_eps025_trace-a2e8ab_b16_k8_isolated,isolated,ours,5,1,l1_enq_ms,0.484296,recorder
20260925-142559_perlmutter_effc80dd,ours_l01_s1_pv2_r2_pv3c_eps025_trace-a2e8ab_b16_k8_isolated,isolated,ours,5,2,l1_enq_ms,0.503723,recorder
20260925-142559_perlmutter_effc80dd,ours_l01_s1_pv2_r2_pv3c_eps025_trace-a2e8ab_b16_k8_isolated,isolated,ours,5,3,l1_enq_ms,0.489506,recorder
20260925-142559_perlmutter_effc80dd,ours_l01_s1_pv2_r2_pv3c_eps025_trace-a2e8ab_b16_k8_isolated,isolated,ours,5,4,l1_enq_ms,0.522519,recorder
20260925-142559_perlmutter_effc80dd,ours_l01_s1_pv2_r2_pv3c_eps025_trace-a2e8ab_b16_k8_isolated,isolated,ours,5,5,l1_enq_ms,0.51227,recorder
20260925-142559_perlmutter_effc80dd,ours_l01_s1_pv2_r2_pv3c_eps025_trace-a2e8ab_b16_k8_isolated,isolated,ours,5,6,l1_enq_ms,0.499265,recorder
20260925-142559_perlmutter_effc80dd,ours_l01_s1_pv2_r2_pv3c_eps025_trace-a2e8ab_b16_k8_isolated,isolated,ours,5,7,l1_enq_ms,0.498032,recorder
20260925-142559_perlmutter_effc80dd,ours_l01_s1_pv2_r2_pv3c_eps025_trace-a2e8ab_b16_k8_isolated,isolated,ours,5,8,l1_enq_ms,0.523391,recorder
20260925-142559_perlmutter_effc80dd,ours_l01_s1_pv2_r2_pv3c_eps025_trace-a2e8ab_b16_k8_isolated,isolated,ours,5,9,l1_enq_ms,0.498724,recorder
20260925-142559_perlmutter_effc80dd,ours_l01_s1_pv2_r2_pv3c_eps025_trace-a2e8ab_b16_k8_isolated,isolated,ours,6,0,e2e_ms,13.482624,recorder
20260925-142559_perlmutter_effc80dd,ours_l01_s1_pv2_r2_pv3c_eps025_trace-a2e8ab_b16_k8_isolated,isolated,ours,6,1,e2e_ms,13.658848,recorder
20260925-142559_perlmutter_effc80dd,ours_l01_s1_pv2_r2_pv3c_eps025_trace-a2e8ab_b16_k8_isolated,isolated,ours,6,2,e2e_ms,13.06656,recorder
20260925-142559_perlmutter_effc80dd,ours_l01_s1_pv2_r2_pv3c_eps025_trace-a2e8ab_b16_k8_isolated,isolated,ours,6,3,e2e_ms,13.573248,recorder
20260925-142559_perlmutter_effc80dd,ours_l01_s1_pv2_r2_pv3c_eps025_trace-a2e8ab_b16_k8_isolated,isolated,ours,6,4,e2e_ms,13.680256,recorder
20260925-142559_perlmutter_effc80dd,ours_l01_s1_pv2_r2_pv3c_eps025_trace-a2e8ab_b16_k8_isolated,isolated,ours,6,5,e2e_ms,14.456352,recorder
20260925-142559_perlmutter_effc80dd,ours_l01_s1_pv2_r2_pv3c_eps025_trace-a2e8ab_b16_k8_isolated,isolated,ours,6,6,e2e_ms,13.438208,recorder
20260925-142559_perlmutter_effc80dd,ours_l01_s1_pv2_r2_pv3c_eps025_trace-a2e8ab_b16_k8_isolated,isolated,ours,6,7,e2e_ms,13.760128,recorder
20260925-142559_perlmutter_effc80dd,ours_l01_s1_pv2_r2_pv3c_eps025_trace-a2e8ab_b16_k8_isolated,isolated,ours,6,8,e2e_ms,13.97328,recorder
20260925-142559_perlmutter_effc80dd,ours_l01_s1_pv2_r2_pv3c_eps025_trace-a2e8ab_b16_k8_isolated,isolated,ours,6,9,e2e_ms,13.986336,recorder
20260925-142559_perlmutter_effc80dd,ours_l01_s1_pv2_r2_pv3c_eps025_trace-a2e8ab_b16_k8_isolated,isolated,ours,6,0,l0_ms,6.935136,recorder
20260925-142559_perlmutter_effc80dd,ours_l01_s1_pv2_r2_pv3c_eps025_trace-a2e8ab_b16_k8_isolated,isolated,ours,6,1,l0_ms,6.702624,recorder
20260925-142559_perlmutter_effc80dd,ours_l01_s1_pv2_r2_pv3c_eps025_trace-a2e8ab_b16_k8_isolated,isolated,ours,6,2,l0_ms,6.465568,recorder
20260925-142559_perlmutter_effc80dd,ours_l01_s1_pv2_r2_pv3c_eps025_trace-a2e8ab_b16_k8_isolated,isolated,ours,6,3,l0_ms,6.43248,recorder
20260925-142559_perlmutter_effc80dd,ours_l01_s1_pv2_r2_pv3c_eps025_trace-a2e8ab_b16_k8_isolated,isolated,ours,6,4,l0_ms,6.69296,recorder
20260925-142559_perlmutter_effc80dd,ours_l01_s1_pv2_r2_pv3c_eps025_trace-a2e8ab_b16_k8_isolated,isolated,ours,6,5,l0_ms,6.931904,recorder
20260925-142559_perlmutter_effc80dd,ours_l01_s1_pv2_r2_pv3c_eps025_trace-a2e8ab_b16_k8_isolated,isolated,ours,6,6,l0_ms,6.613824,recorder
20260925-142559_perlmutter_effc80dd,ours_l01_s1_pv2_r2_pv3c_eps025_trace-a2e8ab_b16_k8_isolated,isolated,ours,6,7,l0_ms,6.66576,recorder
20260925-142559_perlmutter_effc80dd,ours_l01_s1_pv2_r2_pv3c_eps025_trace-a2e8ab_b16_k8_isolated,isolated,ours,6,8,l0_ms,6.757984,recorder
20260925-142559_perlmutter_effc80dd,ours_l01_s1_pv2_r2_pv3c_eps025_trace-a2e8ab_b16_k8_isolated,isolated,ours,6,9,l0_ms,6.525376,recorder
20260925-142559_perlmutter_effc80dd,ours_l01_s1_pv2_r2_pv3c_eps025_trace-a2e8ab_b16_k8_isolated,isolated,ours,6,0,act_ms,0.062432,recorder
20260925-142559_perlmutter_effc80dd,ours_l01_s1_pv2_r2_pv3c_eps025_trace-a2e8ab_b16_k8_isolated,isolated,ours,6,1,act_ms,0.061664,recorder
20260925-142559_perlmutter_effc80dd,ours_l01_s1_pv2_r2_pv3c_eps025_trace-a2e8ab_b16_k8_isolated,isolated,ours,6,2,act_ms,0.064128,recorder
20260925-142559_perlmutter_effc80dd,ours_l01_s1_pv2_r2_pv3c_eps025_trace-a2e8ab_b16_k8_isolated,isolated,ours,6,3,act_ms,0.06496,recorder
20260925-142559_perlmutter_effc80dd,ours_l01_s1_pv2_r2_pv3c_eps025_trace-a2e8ab_b16_k8_isolated,isolated,ours,6,4,act_ms,0.059872,recorder
20260925-142559_perlmutter_effc80dd,ours_l01_s1_pv2_r2_pv3c_eps025_trace-a2e8ab_b16_k8_isolated,isolated,ours,6,5,act_ms,0.061472,recorder
20260925-142559_perlmutter_effc80dd,ours_l01_s1_pv2_r2_pv3c_eps025_trace-a2e8ab_b16_k8_isolated,isolated,ours,6,6,act_ms,0.062912,recorder
20260925-142559_perlmutter_effc80dd,ours_l01_s1_pv2_r2_pv3c_eps025_trace-a2e8ab_b16_k8_isolated,isolated,ours,6,7,act_ms,0.06112,recorder
20260925-142559_perlmutter_effc80dd,ours_l01_s1_pv2_r2_pv3c_eps025_trace-a2e8ab_b16_k8_isolated,isolated,ours,6,8,act_ms,0.067104,recorder
20260925-142559_perlmutter_effc80dd,ours_l01_s1_pv2_r2_pv3c_eps025_trace-a2e8ab_b16_k8_isolated,isolated,ours,6,9,act_ms,0.06064,recorder
20260925-142559_perlmutter_effc80dd,ours_l01_s1_pv2_r2_pv3c_eps025_trace-a2e8ab_b16_k8_isolated,isolated,ours,6,0,l1_ms,6.485056,recorder
20260925-142559_perlmutter_effc80dd,ours_l01_s1_pv2_r2_pv3c_eps025_trace-a2e8ab_b16_k8_isolated,isolated,ours,6,1,l1_ms,6.89456,recorder
20260925-142559_perlmutter_effc80dd,ours_l01_s1_pv2_r2_pv3c_eps025_trace-a2e8ab_b16_k8_isolated,isolated,ours,6,2,l1_ms,6.536864,recorder
20260925-142559_perlmutter_effc80dd,ours_l01_s1_pv2_r2_pv3c_eps025_trace-a2e8ab_b16_k8_isolated,isolated,ours,6,3,l1_ms,7.075808,recorder
20260925-142559_perlmutter_effc80dd,ours_l01_s1_pv2_r2_pv3c_eps025_trace-a2e8ab_b16_k8_isolated,isolated,ours,6,4,l1_ms,6.927424,recorder
20260925-142559_perlmutter_effc80dd,ours_l01_s1_pv2_r2_pv3c_eps025_trace-a2e8ab_b16_k8_isolated,isolated,ours,6,5,l1_ms,7.462976,recorder
20260925-142559_perlmutter_effc80dd,ours_l01_s1_pv2_r2_pv3c_eps025_trace-a2e8ab_b16_k8_isolated,isolated,ours,6,6,l1_ms,6.761472,recorder
20260925-142559_perlmutter_effc80dd,ours_l01_s1_pv2_r2_pv3c_eps025_trace-a2e8ab_b16_k8_isolated,isolated,ours,6,7,l1_ms,7.033248,recorder
20260925-142559_perlmutter_effc80dd,ours_l01_s1_pv2_r2_pv3c_eps025_trace-a2e8ab_b16_k8_isolated,isolated,ours,6,8,l1_ms,7.148192,recorder
20260925-142559_perlmutter_effc80dd,ours_l01_s1_pv2_r2_pv3c_eps025_trace-a2e8ab_b16_k8_isolated,isolated,ours,6,9,l1_ms,7.40032,recorder
20260925-142559_perlmutter_effc80dd,ours_l01_s1_pv2_r2_pv3c_eps025_trace-a2e8ab_b16_k8_isolated,isolated,ours,6,0,plan_comm_ms,0.62784,recorder
20260925-142559_perlmutter_effc80dd,ours_l01_s1_pv2_r2_pv3c_eps025_trace-a2e8ab_b16_k8_isolated,isolated,ours,6,1,plan_comm_ms,0.451168,recorder
20260925-142559_perlmutter_effc80dd,ours_l01_s1_pv2_r2_pv3c_eps025_trace-a2e8ab_b16_k8_isolated,isolated,ours,6,2,plan_comm_ms,0.583616,recorder
20260925-142559_perlmutter_effc80dd,ours_l01_s1_pv2_r2_pv3c_eps025_trace-a2e8ab_b16_k8_isolated,isolated,ours,6,3,plan_comm_ms,0.434272,recorder
20260925-142559_perlmutter_effc80dd,ours_l01_s1_pv2_r2_pv3c_eps025_trace-a2e8ab_b16_k8_isolated,isolated,ours,6,4,plan_comm_ms,0.193408,recorder
20260925-142559_perlmutter_effc80dd,ours_l01_s1_pv2_r2_pv3c_eps025_trace-a2e8ab_b16_k8_isolated,isolated,ours,6,5,plan_comm_ms,0.672832,recorder
20260925-142559_perlmutter_effc80dd,ours_l01_s1_pv2_r2_pv3c_eps025_trace-a2e8ab_b16_k8_isolated,isolated,ours,6,6,plan_comm_ms,0.190592,recorder
20260925-142559_perlmutter_effc80dd,ours_l01_s1_pv2_r2_pv3c_eps025_trace-a2e8ab_b16_k8_isolated,isolated,ours,6,7,plan_comm_ms,0.179616,recorder
20260925-142559_perlmutter_effc80dd,ours_l01_s1_pv2_r2_pv3c_eps025_trace-a2e8ab_b16_k8_isolated,isolated,ours,6,8,plan_comm_ms,0.192736,recorder
20260925-142559_perlmutter_effc80dd,ours_l01_s1_pv2_r2_pv3c_eps025_trace-a2e8ab_b16_k8_isolated,isolated,ours,6,9,plan_comm_ms,0.190528,recorder
20260925-142559_perlmutter_effc80dd,ours_l01_s1_pv2_r2_pv3c_eps025_trace-a2e8ab_b16_k8_isolated,isolated,ours,6,0,place_ms,0.002368,recorder
20260925-142559_perlmutter_effc80dd,ours_l01_s1_pv2_r2_pv3c_eps025_trace-a2e8ab_b16_k8_isolated,isolated,ours,6,1,place_ms,0.002336,recorder
20260925-142559_perlmutter_effc80dd,ours_l01_s1_pv2_r2_pv3c_eps025_trace-a2e8ab_b16_k8_isolated,isolated,ours,6,2,place_ms,0.002368,recorder
20260925-142559_perlmutter_effc80dd,ours_l01_s1_pv2_r2_pv3c_eps025_trace-a2e8ab_b16_k8_isolated,isolated,ours,6,3,place_ms,0.002496,recorder
20260925-142559_perlmutter_effc80dd,ours_l01_s1_pv2_r2_pv3c_eps025_trace-a2e8ab_b16_k8_isolated,isolated,ours,6,4,place_ms,0.002336,recorder
20260925-142559_perlmutter_effc80dd,ours_l01_s1_pv2_r2_pv3c_eps025_trace-a2e8ab_b16_k8_isolated,isolated,ours,6,5,place_ms,0.002432,recorder
20260925-142559_perlmutter_effc80dd,ours_l01_s1_pv2_r2_pv3c_eps025_trace-a2e8ab_b16_k8_isolated,isolated,ours,6,6,place_ms,0.002336,recorder
20260925-142559_perlmutter_effc80dd,ours_l01_s1_pv2_r2_pv3c_eps025_trace-a2e8ab_b16_k8_isolated,isolated,ours,6,7,place_ms,0.002336,recorder
20260925-142559_perlmutter_effc80dd,ours_l01_s1_pv2_r2_pv3c_eps025_trace-a2e8ab_b16_k8_isolated,isolated,ours,6,8,place_ms,0.002336,recorder
20260925-142559_perlmutter_effc80dd,ours_l01_s1_pv2_r2_pv3c_eps025_trace-a2e8ab_b16_k8_isolated,isolated,ours,6,9,place_ms,0.002336,recorder
20260925-142559_perlmutter_effc80dd,ours_l01_s1_pv2_r2_pv3c_eps025_trace-a2e8ab_b16_k8_isolated,isolated,ours,6,0,plan_ms,1.12192,recorder
20260925-142559_perlmutter_effc80dd,ours_l01_s1_pv2_r2_pv3c_eps025_trace-a2e8ab_b16_k8_isolated,isolated,ours,6,1,plan_ms,1.164864,recorder
20260925-142559_perlmutter_effc80dd,ours_l01_s1_pv2_r2_pv3c_eps025_trace-a2e8ab_b16_k8_isolated,isolated,ours,6,2,plan_ms,1.133888,recorder
20260925-142559_perlmutter_effc80dd,ours_l01_s1_pv2_r2_pv3c_eps025_trace-a2e8ab_b16_k8_isolated,isolated,ours,6,3,plan_ms,1.114752,recorder
20260925-142559_perlmutter_effc80dd,ours_l01_s1_pv2_r2_pv3c_eps025_trace-a2e8ab_b16_k8_isolated,isolated,ours,6,4,plan_ms,1.140832,recorder
20260925-142559_perlmutter_effc80dd,ours_l01_s1_pv2_r2_pv3c_eps025_trace-a2e8ab_b16_k8_isolated,isolated,ours,6,5,plan_ms,1.114624,recorder
20260925-142559_perlmutter_effc80dd,ours_l01_s1_pv2_r2_pv3c_eps025_trace-a2e8ab_b16_k8_isolated,isolated,ours,6,6,plan_ms,1.127392,recorder
20260925-142559_perlmutter_effc80dd,ours_l01_s1_pv2_r2_pv3c_eps025_trace-a2e8ab_b16_k8_isolated,isolated,ours,6,7,plan_ms,1.144704,recorder
20260925-142559_perlmutter_effc80dd,ours_l01_s1_pv2_r2_pv3c_eps025_trace-a2e8ab_b16_k8_isolated,isolated,ours,6,8,plan_ms,1.124352,recorder
20260925-142559_perlmutter_effc80dd,ours_l01_s1_pv2_r2_pv3c_eps025_trace-a2e8ab_b16_k8_isolated,isolated,ours,6,9,plan_ms,1.127296,recorder
20260925-142559_perlmutter_effc80dd,ours_l01_s1_pv2_r2_pv3c_eps025_trace-a2e8ab_b16_k8_isolated,isolated,ours,6,0,total_ms,15.244256,recorder
20260925-142559_perlmutter_effc80dd,ours_l01_s1_pv2_r2_pv3c_eps025_trace-a2e8ab_b16_k8_isolated,isolated,ours,6,1,total_ms,15.285952,recorder
20260925-142559_perlmutter_effc80dd,ours_l01_s1_pv2_r2_pv3c_eps025_trace-a2e8ab_b16_k8_isolated,isolated,ours,6,2,total_ms,14.795488,recorder
20260925-142559_perlmutter_effc80dd,ours_l01_s1_pv2_r2_pv3c_eps025_trace-a2e8ab_b16_k8_isolated,isolated,ours,6,3,total_ms,15.133664,recorder
20260925-142559_perlmutter_effc80dd,ours_l01_s1_pv2_r2_pv3c_eps025_trace-a2e8ab_b16_k8_isolated,isolated,ours,6,4,total_ms,15.025984,recorder
20260925-142559_perlmutter_effc80dd,ours_l01_s1_pv2_r2_pv3c_eps025_trace-a2e8ab_b16_k8_isolated,isolated,ours,6,5,total_ms,16.255936,recorder
20260925-142559_perlmutter_effc80dd,ours_l01_s1_pv2_r2_pv3c_eps025_trace-a2e8ab_b16_k8_isolated,isolated,ours,6,6,total_ms,14.767456,recorder
20260925-142559_perlmutter_effc80dd,ours_l01_s1_pv2_r2_pv3c_eps025_trace-a2e8ab_b16_k8_isolated,isolated,ours,6,7,total_ms,15.095424,recorder
20260925-142559_perlmutter_effc80dd,ours_l01_s1_pv2_r2_pv3c_eps025_trace-a2e8ab_b16_k8_isolated,isolated,ours,6,8,total_ms,15.301824,recorder
20260925-142559_perlmutter_effc80dd,ours_l01_s1_pv2_r2_pv3c_eps025_trace-a2e8ab_b16_k8_isolated,isolated,ours,6,9,total_ms,15.31568,recorder
20260925-142559_perlmutter_effc80dd,ours_l01_s1_pv2_r2_pv3c_eps025_trace-a2e8ab_b16_k8_isolated,isolated,ours,6,0,iso_sync_ms,12.380826,recorder
20260925-142559_perlmutter_effc80dd,ours_l01_s1_pv2_r2_pv3c_eps025_trace-a2e8ab_b16_k8_isolated,isolated,ours,6,1,iso_sync_ms,12.496649,recorder
20260925-142559_perlmutter_effc80dd,ours_l01_s1_pv2_r2_pv3c_eps025_trace-a2e8ab_b16_k8_isolated,isolated,ours,6,2,iso_sync_ms,12.41934,recorder
20260925-142559_perlmutter_effc80dd,ours_l01_s1_pv2_r2_pv3c_eps025_trace-a2e8ab_b16_k8_isolated,isolated,ours,6,3,iso_sync_ms,13.466954,recorder
20260925-142559_perlmutter_effc80dd,ours_l01_s1_pv2_r2_pv3c_eps025_trace-a2e8ab_b16_k8_isolated,isolated,ours,6,4,iso_sync_ms,12.33647,recorder
20260925-142559_perlmutter_effc80dd,ours_l01_s1_pv2_r2_pv3c_eps025_trace-a2e8ab_b16_k8_isolated,isolated,ours,6,5,iso_sync_ms,12.343644,recorder
20260925-142559_perlmutter_effc80dd,ours_l01_s1_pv2_r2_pv3c_eps025_trace-a2e8ab_b16_k8_isolated,isolated,ours,6,6,iso_sync_ms,13.145523,recorder
20260925-142559_perlmutter_effc80dd,ours_l01_s1_pv2_r2_pv3c_eps025_trace-a2e8ab_b16_k8_isolated,isolated,ours,6,7,iso_sync_ms,12.195959,recorder
20260925-142559_perlmutter_effc80dd,ours_l01_s1_pv2_r2_pv3c_eps025_trace-a2e8ab_b16_k8_isolated,isolated,ours,6,8,iso_sync_ms,12.711364,recorder
20260925-142559_perlmutter_effc80dd,ours_l01_s1_pv2_r2_pv3c_eps025_trace-a2e8ab_b16_k8_isolated,isolated,ours,6,9,iso_sync_ms,13.072633,recorder
20260925-142559_perlmutter_effc80dd,ours_l01_s1_pv2_r2_pv3c_eps025_trace-a2e8ab_b16_k8_isolated,isolated,ours,6,0,l0_enq_ms,0.659024,recorder
20260925-142559_perlmutter_effc80dd,ours_l01_s1_pv2_r2_pv3c_eps025_trace-a2e8ab_b16_k8_isolated,isolated,ours,6,1,l0_enq_ms,0.666408,recorder
20260925-142559_perlmutter_effc80dd,ours_l01_s1_pv2_r2_pv3c_eps025_trace-a2e8ab_b16_k8_isolated,isolated,ours,6,2,l0_enq_ms,0.659354,recorder
20260925-142559_perlmutter_effc80dd,ours_l01_s1_pv2_r2_pv3c_eps025_trace-a2e8ab_b16_k8_isolated,isolated,ours,6,3,l0_enq_ms,0.657791,recorder
20260925-142559_perlmutter_effc80dd,ours_l01_s1_pv2_r2_pv3c_eps025_trace-a2e8ab_b16_k8_isolated,isolated,ours,6,4,l0_enq_ms,0.676728,recorder
20260925-142559_perlmutter_effc80dd,ours_l01_s1_pv2_r2_pv3c_eps025_trace-a2e8ab_b16_k8_isolated,isolated,ours,6,5,l0_enq_ms,0.660175,recorder
20260925-142559_perlmutter_effc80dd,ours_l01_s1_pv2_r2_pv3c_eps025_trace-a2e8ab_b16_k8_isolated,isolated,ours,6,6,l0_enq_ms,0.662721,recorder
20260925-142559_perlmutter_effc80dd,ours_l01_s1_pv2_r2_pv3c_eps025_trace-a2e8ab_b16_k8_isolated,isolated,ours,6,7,l0_enq_ms,0.644546,recorder
20260925-142559_perlmutter_effc80dd,ours_l01_s1_pv2_r2_pv3c_eps025_trace-a2e8ab_b16_k8_isolated,isolated,ours,6,8,l0_enq_ms,0.642551,recorder
20260925-142559_perlmutter_effc80dd,ours_l01_s1_pv2_r2_pv3c_eps025_trace-a2e8ab_b16_k8_isolated,isolated,ours,6,9,l0_enq_ms,0.654665,recorder
20260925-142559_perlmutter_effc80dd,ours_l01_s1_pv2_r2_pv3c_eps025_trace-a2e8ab_b16_k8_isolated,isolated,ours,6,0,l1_enq_ms,0.469056,recorder
20260925-142559_perlmutter_effc80dd,ours_l01_s1_pv2_r2_pv3c_eps025_trace-a2e8ab_b16_k8_isolated,isolated,ours,6,1,l1_enq_ms,0.473675,recorder
20260925-142559_perlmutter_effc80dd,ours_l01_s1_pv2_r2_pv3c_eps025_trace-a2e8ab_b16_k8_isolated,isolated,ours,6,2,l1_enq_ms,0.48083,recorder
20260925-142559_perlmutter_effc80dd,ours_l01_s1_pv2_r2_pv3c_eps025_trace-a2e8ab_b16_k8_isolated,isolated,ours,6,3,l1_enq_ms,0.469297,recorder
20260925-142559_perlmutter_effc80dd,ours_l01_s1_pv2_r2_pv3c_eps025_trace-a2e8ab_b16_k8_isolated,isolated,ours,6,4,l1_enq_ms,0.49168,recorder
20260925-142559_perlmutter_effc80dd,ours_l01_s1_pv2_r2_pv3c_eps025_trace-a2e8ab_b16_k8_isolated,isolated,ours,6,5,l1_enq_ms,0.484827,recorder
20260925-142559_perlmutter_effc80dd,ours_l01_s1_pv2_r2_pv3c_eps025_trace-a2e8ab_b16_k8_isolated,isolated,ours,6,6,l1_enq_ms,0.481942,recorder
20260925-142559_perlmutter_effc80dd,ours_l01_s1_pv2_r2_pv3c_eps025_trace-a2e8ab_b16_k8_isolated,isolated,ours,6,7,l1_enq_ms,0.494266,recorder
20260925-142559_perlmutter_effc80dd,ours_l01_s1_pv2_r2_pv3c_eps025_trace-a2e8ab_b16_k8_isolated,isolated,ours,6,8,l1_enq_ms,0.480589,recorder
20260925-142559_perlmutter_effc80dd,ours_l01_s1_pv2_r2_pv3c_eps025_trace-a2e8ab_b16_k8_isolated,isolated,ours,6,9,l1_enq_ms,0.478245,recorder
20260925-142559_perlmutter_effc80dd,ours_l01_s1_pv2_r2_pv3c_eps025_trace-a2e8ab_b16_k8_isolated,isolated,ours,7,0,e2e_ms,13.504032,recorder
20260925-142559_perlmutter_effc80dd,ours_l01_s1_pv2_r2_pv3c_eps025_trace-a2e8ab_b16_k8_isolated,isolated,ours,7,1,e2e_ms,13.671904,recorder
20260925-142559_perlmutter_effc80dd,ours_l01_s1_pv2_r2_pv3c_eps025_trace-a2e8ab_b16_k8_isolated,isolated,ours,7,2,e2e_ms,13.103584,recorder
20260925-142559_perlmutter_effc80dd,ours_l01_s1_pv2_r2_pv3c_eps025_trace-a2e8ab_b16_k8_isolated,isolated,ours,7,3,e2e_ms,13.59424,recorder
20260925-142559_perlmutter_effc80dd,ours_l01_s1_pv2_r2_pv3c_eps025_trace-a2e8ab_b16_k8_isolated,isolated,ours,7,4,e2e_ms,13.72944,recorder
20260925-142559_perlmutter_effc80dd,ours_l01_s1_pv2_r2_pv3c_eps025_trace-a2e8ab_b16_k8_isolated,isolated,ours,7,5,e2e_ms,14.483584,recorder
20260925-142559_perlmutter_effc80dd,ours_l01_s1_pv2_r2_pv3c_eps025_trace-a2e8ab_b16_k8_isolated,isolated,ours,7,6,e2e_ms,13.467104,recorder
20260925-142559_perlmutter_effc80dd,ours_l01_s1_pv2_r2_pv3c_eps025_trace-a2e8ab_b16_k8_isolated,isolated,ours,7,7,e2e_ms,13.778944,recorder
20260925-142559_perlmutter_effc80dd,ours_l01_s1_pv2_r2_pv3c_eps025_trace-a2e8ab_b16_k8_isolated,isolated,ours,7,8,e2e_ms,14.008992,recorder
20260925-142559_perlmutter_effc80dd,ours_l01_s1_pv2_r2_pv3c_eps025_trace-a2e8ab_b16_k8_isolated,isolated,ours,7,9,e2e_ms,14.011616,recorder
20260925-142559_perlmutter_effc80dd,ours_l01_s1_pv2_r2_pv3c_eps025_trace-a2e8ab_b16_k8_isolated,isolated,ours,7,0,l0_ms,6.951776,recorder
20260925-142559_perlmutter_effc80dd,ours_l01_s1_pv2_r2_pv3c_eps025_trace-a2e8ab_b16_k8_isolated,isolated,ours,7,1,l0_ms,6.71936,recorder
20260925-142559_perlmutter_effc80dd,ours_l01_s1_pv2_r2_pv3c_eps025_trace-a2e8ab_b16_k8_isolated,isolated,ours,7,2,l0_ms,6.503968,recorder
20260925-142559_perlmutter_effc80dd,ours_l01_s1_pv2_r2_pv3c_eps025_trace-a2e8ab_b16_k8_isolated,isolated,ours,7,3,l0_ms,6.448448,recorder
20260925-142559_perlmutter_effc80dd,ours_l01_s1_pv2_r2_pv3c_eps025_trace-a2e8ab_b16_k8_isolated,isolated,ours,7,4,l0_ms,6.736384,recorder
20260925-142559_perlmutter_effc80dd,ours_l01_s1_pv2_r2_pv3c_eps025_trace-a2e8ab_b16_k8_isolated,isolated,ours,7,5,l0_ms,6.955328,recorder
20260925-142559_perlmutter_effc80dd,ours_l01_s1_pv2_r2_pv3c_eps025_trace-a2e8ab_b16_k8_isolated,isolated,ours,7,6,l0_ms,6.644544,recorder
20260925-142559_perlmutter_effc80dd,ours_l01_s1_pv2_r2_pv3c_eps025_trace-a2e8ab_b16_k8_isolated,isolated,ours,7,7,l0_ms,6.699456,recorder
20260925-142559_perlmutter_effc80dd,ours_l01_s1_pv2_r2_pv3c_eps025_trace-a2e8ab_b16_k8_isolated,isolated,ours,7,8,l0_ms,6.796096,recorder
20260925-142559_perlmutter_effc80dd,ours_l01_s1_pv2_r2_pv3c_eps025_trace-a2e8ab_b16_k8_isolated,isolated,ours,7,9,l0_ms,6.545472,recorder
20260925-142559_perlmutter_effc80dd,ours_l01_s1_pv2_r2_pv3c_eps025_trace-a2e8ab_b16_k8_isolated,isolated,ours,7,0,act_ms,0.074528,recorder
20260925-142559_perlmutter_effc80dd,ours_l01_s1_pv2_r2_pv3c_eps025_trace-a2e8ab_b16_k8_isolated,isolated,ours,7,1,act_ms,0.073664,recorder
20260925-142559_perlmutter_effc80dd,ours_l01_s1_pv2_r2_pv3c_eps025_trace-a2e8ab_b16_k8_isolated,isolated,ours,7,2,act_ms,0.075968,recorder
20260925-142559_perlmutter_effc80dd,ours_l01_s1_pv2_r2_pv3c_eps025_trace-a2e8ab_b16_k8_isolated,isolated,ours,7,3,act_ms,0.072352,recorder
20260925-142559_perlmutter_effc80dd,ours_l01_s1_pv2_r2_pv3c_eps025_trace-a2e8ab_b16_k8_isolated,isolated,ours,7,4,act_ms,0.075872,recorder
20260925-142559_perlmutter_effc80dd,ours_l01_s1_pv2_r2_pv3c_eps025_trace-a2e8ab_b16_k8_isolated,isolated,ours,7,5,act_ms,0.073408,recorder
20260925-142559_perlmutter_effc80dd,ours_l01_s1_pv2_r2_pv3c_eps025_trace-a2e8ab_b16_k8_isolated,isolated,ours,7,6,act_ms,0.07504,recorder
20260925-142559_perlmutter_effc80dd,ours_l01_s1_pv2_r2_pv3c_eps025_trace-a2e8ab_b16_k8_isolated,isolated,ours,7,7,act_ms,0.074432,recorder
20260925-142559_perlmutter_effc80dd,ours_l01_s1_pv2_r2_pv3c_eps025_trace-a2e8ab_b16_k8_isolated,isolated,ours,7,8,act_ms,0.074464,recorder
20260925-142559_perlmutter_effc80dd,ours_l01_s1_pv2_r2_pv3c_eps025_trace-a2e8ab_b16_k8_isolated,isolated,ours,7,9,act_ms,0.074464,recorder
20260925-142559_perlmutter_effc80dd,ours_l01_s1_pv2_r2_pv3c_eps025_trace-a2e8ab_b16_k8_isolated,isolated,ours,7,0,l1_ms,6.477728,recorder
20260925-142559_perlmutter_effc80dd,ours_l01_s1_pv2_r2_pv3c_eps025_trace-a2e8ab_b16_k8_isolated,isolated,ours,7,1,l1_ms,6.87888,recorder
20260925-142559_perlmutter_effc80dd,ours_l01_s1_pv2_r2_pv3c_eps025_trace-a2e8ab_b16_k8_isolated,isolated,ours,7,2,l1_ms,6.523648,recorder
20260925-142559_perlmutter_effc80dd,ours_l01_s1_pv2_r2_pv3c_eps025_trace-a2e8ab_b16_k8_isolated,isolated,ours,7,3,l1_ms,7.07344,recorder
20260925-142559_perlmutter_effc80dd,ours_l01_s1_pv2_r2_pv3c_eps025_trace-a2e8ab_b16_k8_isolated,isolated,ours,7,4,l1_ms,6.917184,recorder
20260925-142559_perlmutter_effc80dd,ours_l01_s1_pv2_r2_pv3c_eps025_trace-a2e8ab_b16_k8_isolated,isolated,ours,7,5,l1_ms,7.454848,recorder
20260925-142559_perlmutter_effc80dd,ours_l01_s1_pv2_r2_pv3c_eps025_trace-a2e8ab_b16_k8_isolated,isolated,ours,7,6,l1_ms,6.74752,recorder
20260925-142559_perlmutter_effc80dd,ours_l01_s1_pv2_r2_pv3c_eps025_trace-a2e8ab_b16_k8_isolated,isolated,ours,7,7,l1_ms,7.005056,recorder
20260925-142559_perlmutter_effc80dd,ours_l01_s1_pv2_r2_pv3c_eps025_trace-a2e8ab_b16_k8_isolated,isolated,ours,7,8,l1_ms,7.138432,recorder
20260925-142559_perlmutter_effc80dd,ours_l01_s1_pv2_r2_pv3c_eps025_trace-a2e8ab_b16_k8_isolated,isolated,ours,7,9,l1_ms,7.39168,recorder
20260925-142559_perlmutter_effc80dd,ours_l01_s1_pv2_r2_pv3c_eps025_trace-a2e8ab_b16_k8_isolated,isolated,ours,7,0,plan_comm_ms,0.628512,recorder
20260925-142559_perlmutter_effc80dd,ours_l01_s1_pv2_r2_pv3c_eps025_trace-a2e8ab_b16_k8_isolated,isolated,ours,7,1,plan_comm_ms,0.450784,recorder
20260925-142559_perlmutter_effc80dd,ours_l01_s1_pv2_r2_pv3c_eps025_trace-a2e8ab_b16_k8_isolated,isolated,ours,7,2,plan_comm_ms,0.58032,recorder
20260925-142559_perlmutter_effc80dd,ours_l01_s1_pv2_r2_pv3c_eps025_trace-a2e8ab_b16_k8_isolated,isolated,ours,7,3,plan_comm_ms,0.419552,recorder
20260925-142559_perlmutter_effc80dd,ours_l01_s1_pv2_r2_pv3c_eps025_trace-a2e8ab_b16_k8_isolated,isolated,ours,7,4,plan_comm_ms,0.192736,recorder
20260925-142559_perlmutter_effc80dd,ours_l01_s1_pv2_r2_pv3c_eps025_trace-a2e8ab_b16_k8_isolated,isolated,ours,7,5,plan_comm_ms,0.671392,recorder
20260925-142559_perlmutter_effc80dd,ours_l01_s1_pv2_r2_pv3c_eps025_trace-a2e8ab_b16_k8_isolated,isolated,ours,7,6,plan_comm_ms,0.186944,recorder
20260925-142559_perlmutter_effc80dd,ours_l01_s1_pv2_r2_pv3c_eps025_trace-a2e8ab_b16_k8_isolated,isolated,ours,7,7,plan_comm_ms,0.181056,recorder
20260925-142559_perlmutter_effc80dd,ours_l01_s1_pv2_r2_pv3c_eps025_trace-a2e8ab_b16_k8_isolated,isolated,ours,7,8,plan_comm_ms,0.189728,recorder
20260925-142559_perlmutter_effc80dd,ours_l01_s1_pv2_r2_pv3c_eps025_trace-a2e8ab_b16_k8_isolated,isolated,ours,7,9,plan_comm_ms,0.189952,recorder
20260925-142559_perlmutter_effc80dd,ours_l01_s1_pv2_r2_pv3c_eps025_trace-a2e8ab_b16_k8_isolated,isolated,ours,7,0,place_ms,0.002336,recorder
20260925-142559_perlmutter_effc80dd,ours_l01_s1_pv2_r2_pv3c_eps025_trace-a2e8ab_b16_k8_isolated,isolated,ours,7,1,place_ms,0.002304,recorder
20260925-142559_perlmutter_effc80dd,ours_l01_s1_pv2_r2_pv3c_eps025_trace-a2e8ab_b16_k8_isolated,isolated,ours,7,2,place_ms,0.002304,recorder
20260925-142559_perlmutter_effc80dd,ours_l01_s1_pv2_r2_pv3c_eps025_trace-a2e8ab_b16_k8_isolated,isolated,ours,7,3,place_ms,0.002336,recorder
20260925-142559_perlmutter_effc80dd,ours_l01_s1_pv2_r2_pv3c_eps025_trace-a2e8ab_b16_k8_isolated,isolated,ours,7,4,place_ms,0.002304,recorder
20260925-142559_perlmutter_effc80dd,ours_l01_s1_pv2_r2_pv3c_eps025_trace-a2e8ab_b16_k8_isolated,isolated,ours,7,5,place_ms,0.002336,recorder
20260925-142559_perlmutter_effc80dd,ours_l01_s1_pv2_r2_pv3c_eps025_trace-a2e8ab_b16_k8_isolated,isolated,ours,7,6,place_ms,0.002336,recorder
20260925-142559_perlmutter_effc80dd,ours_l01_s1_pv2_r2_pv3c_eps025_trace-a2e8ab_b16_k8_isolated,isolated,ours,7,7,place_ms,0.002592,recorder
20260925-142559_perlmutter_effc80dd,ours_l01_s1_pv2_r2_pv3c_eps025_trace-a2e8ab_b16_k8_isolated,isolated,ours,7,8,place_ms,0.002304,recorder
20260925-142559_perlmutter_effc80dd,ours_l01_s1_pv2_r2_pv3c_eps025_trace-a2e8ab_b16_k8_isolated,isolated,ours,7,9,place_ms,0.002304,recorder
20260925-142559_perlmutter_effc80dd,ours_l01_s1_pv2_r2_pv3c_eps025_trace-a2e8ab_b16_k8_isolated,isolated,ours,7,0,plan_ms,1.103232,recorder
20260925-142559_perlmutter_effc80dd,ours_l01_s1_pv2_r2_pv3c_eps025_trace-a2e8ab_b16_k8_isolated,isolated,ours,7,1,plan_ms,1.153472,recorder
20260925-142559_perlmutter_effc80dd,ours_l01_s1_pv2_r2_pv3c_eps025_trace-a2e8ab_b16_k8_isolated,isolated,ours,7,2,plan_ms,1.097504,recorder
20260925-142559_perlmutter_effc80dd,ours_l01_s1_pv2_r2_pv3c_eps025_trace-a2e8ab_b16_k8_isolated,isolated,ours,7,3,plan_ms,1.10048,recorder
20260925-142559_perlmutter_effc80dd,ours_l01_s1_pv2_r2_pv3c_eps025_trace-a2e8ab_b16_k8_isolated,isolated,ours,7,4,plan_ms,1.098912,recorder
20260925-142559_perlmutter_effc80dd,ours_l01_s1_pv2_r2_pv3c_eps025_trace-a2e8ab_b16_k8_isolated,isolated,ours,7,5,plan_ms,1.095168,recorder
20260925-142559_perlmutter_effc80dd,ours_l01_s1_pv2_r2_pv3c_eps025_trace-a2e8ab_b16_k8_isolated,isolated,ours,7,6,plan_ms,1.092544,recorder
20260925-142559_perlmutter_effc80dd,ours_l01_s1_pv2_r2_pv3c_eps025_trace-a2e8ab_b16_k8_isolated,isolated,ours,7,7,plan_ms,1.111168,recorder
20260925-142559_perlmutter_effc80dd,ours_l01_s1_pv2_r2_pv3c_eps025_trace-a2e8ab_b16_k8_isolated,isolated,ours,7,8,plan_ms,1.094464,recorder
20260925-142559_perlmutter_effc80dd,ours_l01_s1_pv2_r2_pv3c_eps025_trace-a2e8ab_b16_k8_isolated,isolated,ours,7,9,plan_ms,1.104736,recorder
20260925-142559_perlmutter_effc80dd,ours_l01_s1_pv2_r2_pv3c_eps025_trace-a2e8ab_b16_k8_isolated,isolated,ours,7,0,total_ms,15.247776,recorder
20260925-142559_perlmutter_effc80dd,ours_l01_s1_pv2_r2_pv3c_eps025_trace-a2e8ab_b16_k8_isolated,isolated,ours,7,1,total_ms,15.288,recorder
20260925-142559_perlmutter_effc80dd,ours_l01_s1_pv2_r2_pv3c_eps025_trace-a2e8ab_b16_k8_isolated,isolated,ours,7,2,total_ms,14.801536,recorder
20260925-142559_perlmutter_effc80dd,ours_l01_s1_pv2_r2_pv3c_eps025_trace-a2e8ab_b16_k8_isolated,isolated,ours,7,3,total_ms,15.125216,recorder
20260925-142559_perlmutter_effc80dd,ours_l01_s1_pv2_r2_pv3c_eps025_trace-a2e8ab_b16_k8_isolated,isolated,ours,7,4,total_ms,15.032,recorder
20260925-142559_perlmutter_effc80dd,ours_l01_s1_pv2_r2_pv3c_eps025_trace-a2e8ab_b16_k8_isolated,isolated,ours,7,5,total_ms,16.261185,recorder
20260925-142559_perlmutter_effc80dd,ours_l01_s1_pv2_r2_pv3c_eps025_trace-a2e8ab_b16_k8_isolated,isolated,ours,7,6,total_ms,14.76864,recorder
20260925-142559_perlmutter_effc80dd,ours_l01_s1_pv2_r2_pv3c_eps025_trace-a2e8ab_b16_k8_isolated,isolated,ours,7,7,total_ms,15.08224,recorder
20260925-142559_perlmutter_effc80dd,ours_l01_s1_pv2_r2_pv3c_eps025_trace-a2e8ab_b16_k8_isolated,isolated,ours,7,8,total_ms,15.304704,recorder
20260925-142559_perlmutter_effc80dd,ours_l01_s1_pv2_r2_pv3c_eps025_trace-a2e8ab_b16_k8_isolated,isolated,ours,7,9,total_ms,15.318144,recorder
20260925-142559_perlmutter_effc80dd,ours_l01_s1_pv2_r2_pv3c_eps025_trace-a2e8ab_b16_k8_isolated,isolated,ours,7,0,iso_sync_ms,12.260773,recorder
20260925-142559_perlmutter_effc80dd,ours_l01_s1_pv2_r2_pv3c_eps025_trace-a2e8ab_b16_k8_isolated,isolated,ours,7,1,iso_sync_ms,12.427134,recorder
20260925-142559_perlmutter_effc80dd,ours_l01_s1_pv2_r2_pv3c_eps025_trace-a2e8ab_b16_k8_isolated,isolated,ours,7,2,iso_sync_ms,12.295641,recorder
20260925-142559_perlmutter_effc80dd,ours_l01_s1_pv2_r2_pv3c_eps025_trace-a2e8ab_b16_k8_isolated,isolated,ours,7,3,iso_sync_ms,13.451094,recorder
20260925-142559_perlmutter_effc80dd,ours_l01_s1_pv2_r2_pv3c_eps025_trace-a2e8ab_b16_k8_isolated,isolated,ours,7,4,iso_sync_ms,12.270121,recorder
20260925-142559_perlmutter_effc80dd,ours_l01_s1_pv2_r2_pv3c_eps025_trace-a2e8ab_b16_k8_isolated,isolated,ours,7,5,iso_sync_ms,12.359866,recorder
20260925-142559_perlmutter_effc80dd,ours_l01_s1_pv2_r2_pv3c_eps025_trace-a2e8ab_b16_k8_isolated,isolated,ours,7,6,iso_sync_ms,13.132588,recorder
20260925-142559_perlmutter_effc80dd,ours_l01_s1_pv2_r2_pv3c_eps025_trace-a2e8ab_b16_k8_isolated,isolated,ours,7,7,iso_sync_ms,12.170138,recorder
20260925-142559_perlmutter_effc80dd,ours_l01_s1_pv2_r2_pv3c_eps025_trace-a2e8ab_b16_k8_isolated,isolated,ours,7,8,iso_sync_ms,12.649735,recorder
20260925-142559_perlmutter_effc80dd,ours_l01_s1_pv2_r2_pv3c_eps025_trace-a2e8ab_b16_k8_isolated,isolated,ours,7,9,iso_sync_ms,13.029008,recorder
20260925-142559_perlmutter_effc80dd,ours_l01_s1_pv2_r2_pv3c_eps025_trace-a2e8ab_b16_k8_isolated,isolated,ours,7,0,l0_enq_ms,0.69366,recorder
20260925-142559_perlmutter_effc80dd,ours_l01_s1_pv2_r2_pv3c_eps025_trace-a2e8ab_b16_k8_isolated,isolated,ours,7,1,l0_enq_ms,0.751933,recorder
20260925-142559_perlmutter_effc80dd,ours_l01_s1_pv2_r2_pv3c_eps025_trace-a2e8ab_b16_k8_isolated,isolated,ours,7,2,l0_enq_ms,0.677008,recorder
20260925-142559_perlmutter_effc80dd,ours_l01_s1_pv2_r2_pv3c_eps025_trace-a2e8ab_b16_k8_isolated,isolated,ours,7,3,l0_enq_ms,0.701606,recorder
20260925-142559_perlmutter_effc80dd,ours_l01_s1_pv2_r2_pv3c_eps025_trace-a2e8ab_b16_k8_isolated,isolated,ours,7,4,l0_enq_ms,0.664875,recorder
20260925-142559_perlmutter_effc80dd,ours_l01_s1_pv2_r2_pv3c_eps025_trace-a2e8ab_b16_k8_isolated,isolated,ours,7,5,l0_enq_ms,0.684553,recorder
20260925-142559_perlmutter_effc80dd,ours_l01_s1_pv2_r2_pv3c_eps025_trace-a2e8ab_b16_k8_isolated,isolated,ours,7,6,l0_enq_ms,0.69829,recorder
20260925-142559_perlmutter_effc80dd,ours_l01_s1_pv2_r2_pv3c_eps025_trace-a2e8ab_b16_k8_isolated,isolated,ours,7,7,l0_enq_ms,0.675055,recorder
20260925-142559_perlmutter_effc80dd,ours_l01_s1_pv2_r2_pv3c_eps025_trace-a2e8ab_b16_k8_isolated,isolated,ours,7,8,l0_enq_ms,0.670045,recorder
20260925-142559_perlmutter_effc80dd,ours_l01_s1_pv2_r2_pv3c_eps025_trace-a2e8ab_b16_k8_isolated,isolated,ours,7,9,l0_enq_ms,0.66246,recorder
20260925-142559_perlmutter_effc80dd,ours_l01_s1_pv2_r2_pv3c_eps025_trace-a2e8ab_b16_k8_isolated,isolated,ours,7,0,l1_enq_ms,0.457063,recorder
20260925-142559_perlmutter_effc80dd,ours_l01_s1_pv2_r2_pv3c_eps025_trace-a2e8ab_b16_k8_isolated,isolated,ours,7,1,l1_enq_ms,0.495608,recorder
20260925-142559_perlmutter_effc80dd,ours_l01_s1_pv2_r2_pv3c_eps025_trace-a2e8ab_b16_k8_isolated,isolated,ours,7,2,l1_enq_ms,0.506238,recorder
20260925-142559_perlmutter_effc80dd,ours_l01_s1_pv2_r2_pv3c_eps025_trace-a2e8ab_b16_k8_isolated,isolated,ours,7,3,l1_enq_ms,0.478425,recorder
20260925-142559_perlmutter_effc80dd,ours_l01_s1_pv2_r2_pv3c_eps025_trace-a2e8ab_b16_k8_isolated,isolated,ours,7,4,l1_enq_ms,0.500297,recorder
20260925-142559_perlmutter_effc80dd,ours_l01_s1_pv2_r2_pv3c_eps025_trace-a2e8ab_b16_k8_isolated,isolated,ours,7,5,l1_enq_ms,0.492361,recorder
20260925-142559_perlmutter_effc80dd,ours_l01_s1_pv2_r2_pv3c_eps025_trace-a2e8ab_b16_k8_isolated,isolated,ours,7,6,l1_enq_ms,0.48145,recorder
20260925-142559_perlmutter_effc80dd,ours_l01_s1_pv2_r2_pv3c_eps025_trace-a2e8ab_b16_k8_isolated,isolated,ours,7,7,l1_enq_ms,0.518722,recorder
20260925-142559_perlmutter_effc80dd,ours_l01_s1_pv2_r2_pv3c_eps025_trace-a2e8ab_b16_k8_isolated,isolated,ours,7,8,l1_enq_ms,0.503393,recorder
20260925-142559_perlmutter_effc80dd,ours_l01_s1_pv2_r2_pv3c_eps025_trace-a2e8ab_b16_k8_isolated,isolated,ours,7,9,l1_enq_ms,0.502141,recorder
20260925-142559_perlmutter_effc80dd,ours_l01_s1_pv2_r2_pv3c_eps025_trace-a2e8ab_b16_k8_isolated,isolated,ours,8,0,e2e_ms,13.478912,recorder
20260925-142559_perlmutter_effc80dd,ours_l01_s1_pv2_r2_pv3c_eps025_trace-a2e8ab_b16_k8_isolated,isolated,ours,8,1,e2e_ms,13.686624,recorder
20260925-142559_perlmutter_effc80dd,ours_l01_s1_pv2_r2_pv3c_eps025_trace-a2e8ab_b16_k8_isolated,isolated,ours,8,2,e2e_ms,13.141824,recorder
20260925-142559_perlmutter_effc80dd,ours_l01_s1_pv2_r2_pv3c_eps025_trace-a2e8ab_b16_k8_isolated,isolated,ours,8,3,e2e_ms,13.576192,recorder
20260925-142559_perlmutter_effc80dd,ours_l01_s1_pv2_r2_pv3c_eps025_trace-a2e8ab_b16_k8_isolated,isolated,ours,8,4,e2e_ms,13.631808,recorder
20260925-142559_perlmutter_effc80dd,ours_l01_s1_pv2_r2_pv3c_eps025_trace-a2e8ab_b16_k8_isolated,isolated,ours,8,5,e2e_ms,14.247936,recorder
20260925-142559_perlmutter_effc80dd,ours_l01_s1_pv2_r2_pv3c_eps025_trace-a2e8ab_b16_k8_isolated,isolated,ours,8,6,e2e_ms,13.441728,recorder
20260925-142559_perlmutter_effc80dd,ours_l01_s1_pv2_r2_pv3c_eps025_trace-a2e8ab_b16_k8_isolated,isolated,ours,8,7,e2e_ms,13.760864,recorder
20260925-142559_perlmutter_effc80dd,ours_l01_s1_pv2_r2_pv3c_eps025_trace-a2e8ab_b16_k8_isolated,isolated,ours,8,8,e2e_ms,13.766272,recorder
20260925-142559_perlmutter_effc80dd,ours_l01_s1_pv2_r2_pv3c_eps025_trace-a2e8ab_b16_k8_isolated,isolated,ours,8,9,e2e_ms,13.778912,recorder
20260925-142559_perlmutter_effc80dd,ours_l01_s1_pv2_r2_pv3c_eps025_trace-a2e8ab_b16_k8_isolated,isolated,ours,8,0,l0_ms,6.927904,recorder
20260925-142559_perlmutter_effc80dd,ours_l01_s1_pv2_r2_pv3c_eps025_trace-a2e8ab_b16_k8_isolated,isolated,ours,8,1,l0_ms,6.723008,recorder
20260925-142559_perlmutter_effc80dd,ours_l01_s1_pv2_r2_pv3c_eps025_trace-a2e8ab_b16_k8_isolated,isolated,ours,8,2,l0_ms,6.479872,recorder
20260925-142559_perlmutter_effc80dd,ours_l01_s1_pv2_r2_pv3c_eps025_trace-a2e8ab_b16_k8_isolated,isolated,ours,8,3,l0_ms,6.432352,recorder
20260925-142559_perlmutter_effc80dd,ours_l01_s1_pv2_r2_pv3c_eps025_trace-a2e8ab_b16_k8_isolated,isolated,ours,8,4,l0_ms,6.719872,recorder
20260925-142559_perlmutter_effc80dd,ours_l01_s1_pv2_r2_pv3c_eps025_trace-a2e8ab_b16_k8_isolated,isolated,ours,8,5,l0_ms,6.919328,recorder
20260925-142559_perlmutter_effc80dd,ours_l01_s1_pv2_r2_pv3c_eps025_trace-a2e8ab_b16_k8_isolated,isolated,ours,8,6,l0_ms,6.619552,recorder
20260925-142559_perlmutter_effc80dd,ours_l01_s1_pv2_r2_pv3c_eps025_trace-a2e8ab_b16_k8_isolated,isolated,ours,8,7,l0_ms,6.706976,recorder
20260925-142559_perlmutter_effc80dd,ours_l01_s1_pv2_r2_pv3c_eps025_trace-a2e8ab_b16_k8_isolated,isolated,ours,8,8,l0_ms,6.754144,recorder
20260925-142559_perlmutter_effc80dd,ours_l01_s1_pv2_r2_pv3c_eps025_trace-a2e8ab_b16_k8_isolated,isolated,ours,8,9,l0_ms,6.512224,recorder
20260925-142559_perlmutter_effc80dd,ours_l01_s1_pv2_r2_pv3c_eps025_trace-a2e8ab_b16_k8_isolated,isolated,ours,8,0,act_ms,0.081568,recorder
20260925-142559_perlmutter_effc80dd,ours_l01_s1_pv2_r2_pv3c_eps025_trace-a2e8ab_b16_k8_isolated,isolated,ours,8,1,act_ms,0.080224,recorder
20260925-142559_perlmutter_effc80dd,ours_l01_s1_pv2_r2_pv3c_eps025_trace-a2e8ab_b16_k8_isolated,isolated,ours,8,2,act_ms,0.081248,recorder
20260925-142559_perlmutter_effc80dd,ours_l01_s1_pv2_r2_pv3c_eps025_trace-a2e8ab_b16_k8_isolated,isolated,ours,8,3,act_ms,0.080448,recorder
20260925-142559_perlmutter_effc80dd,ours_l01_s1_pv2_r2_pv3c_eps025_trace-a2e8ab_b16_k8_isolated,isolated,ours,8,4,act_ms,0.081152,recorder
20260925-142559_perlmutter_effc80dd,ours_l01_s1_pv2_r2_pv3c_eps025_trace-a2e8ab_b16_k8_isolated,isolated,ours,8,5,act_ms,0.082944,recorder
20260925-142559_perlmutter_effc80dd,ours_l01_s1_pv2_r2_pv3c_eps025_trace-a2e8ab_b16_k8_isolated,isolated,ours,8,6,act_ms,0.081984,recorder
20260925-142559_perlmutter_effc80dd,ours_l01_s1_pv2_r2_pv3c_eps025_trace-a2e8ab_b16_k8_isolated,isolated,ours,8,7,act_ms,0.080512,recorder
20260925-142559_perlmutter_effc80dd,ours_l01_s1_pv2_r2_pv3c_eps025_trace-a2e8ab_b16_k8_isolated,isolated,ours,8,8,act_ms,0.080448,recorder
20260925-142559_perlmutter_effc80dd,ours_l01_s1_pv2_r2_pv3c_eps025_trace-a2e8ab_b16_k8_isolated,isolated,ours,8,9,act_ms,0.079968,recorder
20260925-142559_perlmutter_effc80dd,ours_l01_s1_pv2_r2_pv3c_eps025_trace-a2e8ab_b16_k8_isolated,isolated,ours,8,0,l1_ms,6.46944,recorder
20260925-142559_perlmutter_effc80dd,ours_l01_s1_pv2_r2_pv3c_eps025_trace-a2e8ab_b16_k8_isolated,isolated,ours,8,1,l1_ms,6.883392,recorder
20260925-142559_perlmutter_effc80dd,ours_l01_s1_pv2_r2_pv3c_eps025_trace-a2e8ab_b16_k8_isolated,isolated,ours,8,2,l1_ms,6.580704,recorder
20260925-142559_perlmutter_effc80dd,ours_l01_s1_pv2_r2_pv3c_eps025_trace-a2e8ab_b16_k8_isolated,isolated,ours,8,3,l1_ms,7.063392,recorder
20260925-142559_perlmutter_effc80dd,ours_l01_s1_pv2_r2_pv3c_eps025_trace-a2e8ab_b16_k8_isolated,isolated,ours,8,4,l1_ms,6.830784,recorder
20260925-142559_perlmutter_effc80dd,ours_l01_s1_pv2_r2_pv3c_eps025_trace-a2e8ab_b16_k8_isolated,isolated,ours,8,5,l1_ms,7.245664,recorder
20260925-142559_perlmutter_effc80dd,ours_l01_s1_pv2_r2_pv3c_eps025_trace-a2e8ab_b16_k8_isolated,isolated,ours,8,6,l1_ms,6.740192,recorder
20260925-142559_perlmutter_effc80dd,ours_l01_s1_pv2_r2_pv3c_eps025_trace-a2e8ab_b16_k8_isolated,isolated,ours,8,7,l1_ms,6.973376,recorder
20260925-142559_perlmutter_effc80dd,ours_l01_s1_pv2_r2_pv3c_eps025_trace-a2e8ab_b16_k8_isolated,isolated,ours,8,8,l1_ms,6.93168,recorder
20260925-142559_perlmutter_effc80dd,ours_l01_s1_pv2_r2_pv3c_eps025_trace-a2e8ab_b16_k8_isolated,isolated,ours,8,9,l1_ms,7.18672,recorder
20260925-142559_perlmutter_effc80dd,ours_l01_s1_pv2_r2_pv3c_eps025_trace-a2e8ab_b16_k8_isolated,isolated,ours,8,0,plan_comm_ms,0.63888,recorder
20260925-142559_perlmutter_effc80dd,ours_l01_s1_pv2_r2_pv3c_eps025_trace-a2e8ab_b16_k8_isolated,isolated,ours,8,1,plan_comm_ms,0.456352,recorder
20260925-142559_perlmutter_effc80dd,ours_l01_s1_pv2_r2_pv3c_eps025_trace-a2e8ab_b16_k8_isolated,isolated,ours,8,2,plan_comm_ms,0.589376,recorder
20260925-142559_perlmutter_effc80dd,ours_l01_s1_pv2_r2_pv3c_eps025_trace-a2e8ab_b16_k8_isolated,isolated,ours,8,3,plan_comm_ms,0.429504,recorder
20260925-142559_perlmutter_effc80dd,ours_l01_s1_pv2_r2_pv3c_eps025_trace-a2e8ab_b16_k8_isolated,isolated,ours,8,4,plan_comm_ms,0.204064,recorder
20260925-142559_perlmutter_effc80dd,ours_l01_s1_pv2_r2_pv3c_eps025_trace-a2e8ab_b16_k8_isolated,isolated,ours,8,5,plan_comm_ms,0.674528,recorder
20260925-142559_perlmutter_effc80dd,ours_l01_s1_pv2_r2_pv3c_eps025_trace-a2e8ab_b16_k8_isolated,isolated,ours,8,6,plan_comm_ms,0.196352,recorder
20260925-142559_perlmutter_effc80dd,ours_l01_s1_pv2_r2_pv3c_eps025_trace-a2e8ab_b16_k8_isolated,isolated,ours,8,7,plan_comm_ms,0.187776,recorder
20260925-142559_perlmutter_effc80dd,ours_l01_s1_pv2_r2_pv3c_eps025_trace-a2e8ab_b16_k8_isolated,isolated,ours,8,8,plan_comm_ms,0.19904,recorder
20260925-142559_perlmutter_effc80dd,ours_l01_s1_pv2_r2_pv3c_eps025_trace-a2e8ab_b16_k8_isolated,isolated,ours,8,9,plan_comm_ms,0.202208,recorder
20260925-142559_perlmutter_effc80dd,ours_l01_s1_pv2_r2_pv3c_eps025_trace-a2e8ab_b16_k8_isolated,isolated,ours,8,0,place_ms,0.002336,recorder
20260925-142559_perlmutter_effc80dd,ours_l01_s1_pv2_r2_pv3c_eps025_trace-a2e8ab_b16_k8_isolated,isolated,ours,8,1,place_ms,0.002304,recorder
20260925-142559_perlmutter_effc80dd,ours_l01_s1_pv2_r2_pv3c_eps025_trace-a2e8ab_b16_k8_isolated,isolated,ours,8,2,place_ms,0.002304,recorder
20260925-142559_perlmutter_effc80dd,ours_l01_s1_pv2_r2_pv3c_eps025_trace-a2e8ab_b16_k8_isolated,isolated,ours,8,3,place_ms,0.002336,recorder
20260925-142559_perlmutter_effc80dd,ours_l01_s1_pv2_r2_pv3c_eps025_trace-a2e8ab_b16_k8_isolated,isolated,ours,8,4,place_ms,0.002336,recorder
20260925-142559_perlmutter_effc80dd,ours_l01_s1_pv2_r2_pv3c_eps025_trace-a2e8ab_b16_k8_isolated,isolated,ours,8,5,place_ms,0.002336,recorder
20260925-142559_perlmutter_effc80dd,ours_l01_s1_pv2_r2_pv3c_eps025_trace-a2e8ab_b16_k8_isolated,isolated,ours,8,6,place_ms,0.002432,recorder
20260925-142559_perlmutter_effc80dd,ours_l01_s1_pv2_r2_pv3c_eps025_trace-a2e8ab_b16_k8_isolated,isolated,ours,8,7,place_ms,0.002464,recorder
20260925-142559_perlmutter_effc80dd,ours_l01_s1_pv2_r2_pv3c_eps025_trace-a2e8ab_b16_k8_isolated,isolated,ours,8,8,place_ms,0.002304,recorder
20260925-142559_perlmutter_effc80dd,ours_l01_s1_pv2_r2_pv3c_eps025_trace-a2e8ab_b16_k8_isolated,isolated,ours,8,9,place_ms,0.002336,recorder
20260925-142559_perlmutter_effc80dd,ours_l01_s1_pv2_r2_pv3c_eps025_trace-a2e8ab_b16_k8_isolated,isolated,ours,8,0,plan_ms,1.121024,recorder
20260925-142559_perlmutter_effc80dd,ours_l01_s1_pv2_r2_pv3c_eps025_trace-a2e8ab_b16_k8_isolated,isolated,ours,8,1,plan_ms,1.139168,recorder
20260925-142559_perlmutter_effc80dd,ours_l01_s1_pv2_r2_pv3c_eps025_trace-a2e8ab_b16_k8_isolated,isolated,ours,8,2,plan_ms,1.11888,recorder
20260925-142559_perlmutter_effc80dd,ours_l01_s1_pv2_r2_pv3c_eps025_trace-a2e8ab_b16_k8_isolated,isolated,ours,8,3,plan_ms,1.124128,recorder
20260925-142559_perlmutter_effc80dd,ours_l01_s1_pv2_r2_pv3c_eps025_trace-a2e8ab_b16_k8_isolated,isolated,ours,8,4,plan_ms,1.111968,recorder
20260925-142559_perlmutter_effc80dd,ours_l01_s1_pv2_r2_pv3c_eps025_trace-a2e8ab_b16_k8_isolated,isolated,ours,8,5,plan_ms,1.129824,recorder
20260925-142559_perlmutter_effc80dd,ours_l01_s1_pv2_r2_pv3c_eps025_trace-a2e8ab_b16_k8_isolated,isolated,ours,8,6,plan_ms,1.12512,recorder
20260925-142559_perlmutter_effc80dd,ours_l01_s1_pv2_r2_pv3c_eps025_trace-a2e8ab_b16_k8_isolated,isolated,ours,8,7,plan_ms,1.132416,recorder
20260925-142559_perlmutter_effc80dd,ours_l01_s1_pv2_r2_pv3c_eps025_trace-a2e8ab_b16_k8_isolated,isolated,ours,8,8,plan_ms,1.137184,recorder
20260925-142559_perlmutter_effc80dd,ours_l01_s1_pv2_r2_pv3c_eps025_trace-a2e8ab_b16_k8_isolated,isolated,ours,8,9,plan_ms,1.13184,recorder
20260925-142559_perlmutter_effc80dd,ours_l01_s1_pv2_r2_pv3c_eps025_trace-a2e8ab_b16_k8_isolated,isolated,ours,8,0,total_ms,15.250304,recorder
20260925-142559_perlmutter_effc80dd,ours_l01_s1_pv2_r2_pv3c_eps025_trace-a2e8ab_b16_k8_isolated,isolated,ours,8,1,total_ms,15.293728,recorder
20260925-142559_perlmutter_effc80dd,ours_l01_s1_pv2_r2_pv3c_eps025_trace-a2e8ab_b16_k8_isolated,isolated,ours,8,2,total_ms,14.862144,recorder
20260925-142559_perlmutter_effc80dd,ours_l01_s1_pv2_r2_pv3c_eps025_trace-a2e8ab_b16_k8_isolated,isolated,ours,8,3,total_ms,15.14144,recorder
20260925-142559_perlmutter_effc80dd,ours_l01_s1_pv2_r2_pv3c_eps025_trace-a2e8ab_b16_k8_isolated,isolated,ours,8,4,total_ms,14.95984,recorder
20260925-142559_perlmutter_effc80dd,ours_l01_s1_pv2_r2_pv3c_eps025_trace-a2e8ab_b16_k8_isolated,isolated,ours,8,5,total_ms,16.063648,recorder
20260925-142559_perlmutter_effc80dd,ours_l01_s1_pv2_r2_pv3c_eps025_trace-a2e8ab_b16_k8_isolated,isolated,ours,8,6,total_ms,14.776,recorder
20260925-142559_perlmutter_effc80dd,ours_l01_s1_pv2_r2_pv3c_eps025_trace-a2e8ab_b16_k8_isolated,isolated,ours,8,7,total_ms,15.092832,recorder
20260925-142559_perlmutter_effc80dd,ours_l01_s1_pv2_r2_pv3c_eps025_trace-a2e8ab_b16_k8_isolated,isolated,ours,8,8,total_ms,15.114112,recorder
20260925-142559_perlmutter_effc80dd,ours_l01_s1_pv2_r2_pv3c_eps025_trace-a2e8ab_b16_k8_isolated,isolated,ours,8,9,total_ms,15.123776,recorder
20260925-142559_perlmutter_effc80dd,ours_l01_s1_pv2_r2_pv3c_eps025_trace-a2e8ab_b16_k8_isolated,isolated,ours,8,0,iso_sync_ms,12.231184,recorder
20260925-142559_perlmutter_effc80dd,ours_l01_s1_pv2_r2_pv3c_eps025_trace-a2e8ab_b16_k8_isolated,isolated,ours,8,1,iso_sync_ms,12.429377,recorder
20260925-142559_perlmutter_effc80dd,ours_l01_s1_pv2_r2_pv3c_eps025_trace-a2e8ab_b16_k8_isolated,isolated,ours,8,2,iso_sync_ms,12.417855,recorder
20260925-142559_perlmutter_effc80dd,ours_l01_s1_pv2_r2_pv3c_eps025_trace-a2e8ab_b16_k8_isolated,isolated,ours,8,3,iso_sync_ms,13.439502,recorder
20260925-142559_perlmutter_effc80dd,ours_l01_s1_pv2_r2_pv3c_eps025_trace-a2e8ab_b16_k8_isolated,isolated,ours,8,4,iso_sync_ms,12.300197,recorder
20260925-142559_perlmutter_effc80dd,ours_l01_s1_pv2_r2_pv3c_eps025_trace-a2e8ab_b16_k8_isolated,isolated,ours,8,5,iso_sync_ms,12.362578,recorder
20260925-142559_perlmutter_effc80dd,ours_l01_s1_pv2_r2_pv3c_eps025_trace-a2e8ab_b16_k8_isolated,isolated,ours,8,6,iso_sync_ms,13.105406,recorder
20260925-142559_perlmutter_effc80dd,ours_l01_s1_pv2_r2_pv3c_eps025_trace-a2e8ab_b16_k8_isolated,isolated,ours,8,7,iso_sync_ms,12.139506,recorder
20260925-142559_perlmutter_effc80dd,ours_l01_s1_pv2_r2_pv3c_eps025_trace-a2e8ab_b16_k8_isolated,isolated,ours,8,8,iso_sync_ms,12.684741,recorder
20260925-142559_perlmutter_effc80dd,ours_l01_s1_pv2_r2_pv3c_eps025_trace-a2e8ab_b16_k8_isolated,isolated,ours,8,9,iso_sync_ms,13.021213,recorder
20260925-142559_perlmutter_effc80dd,ours_l01_s1_pv2_r2_pv3c_eps025_trace-a2e8ab_b16_k8_isolated,isolated,ours,8,0,l0_enq_ms,0.65571,recorder
20260925-142559_perlmutter_effc80dd,ours_l01_s1_pv2_r2_pv3c_eps025_trace-a2e8ab_b16_k8_isolated,isolated,ours,8,1,l0_enq_ms,0.657913,recorder
20260925-142559_perlmutter_effc80dd,ours_l01_s1_pv2_r2_pv3c_eps025_trace-a2e8ab_b16_k8_isolated,isolated,ours,8,2,l0_enq_ms,0.670958,recorder
20260925-142559_perlmutter_effc80dd,ours_l01_s1_pv2_r2_pv3c_eps025_trace-a2e8ab_b16_k8_isolated,isolated,ours,8,3,l0_enq_ms,0.644678,recorder
20260925-142559_perlmutter_effc80dd,ours_l01_s1_pv2_r2_pv3c_eps025_trace-a2e8ab_b16_k8_isolated,isolated,ours,8,4,l0_enq_ms,0.677051,recorder
20260925-142559_perlmutter_effc80dd,ours_l01_s1_pv2_r2_pv3c_eps025_trace-a2e8ab_b16_k8_isolated,isolated,ours,8,5,l0_enq_ms,0.643676,recorder
20260925-142559_perlmutter_effc80dd,ours_l01_s1_pv2_r2_pv3c_eps025_trace-a2e8ab_b16_k8_isolated,isolated,ours,8,6,l0_enq_ms,0.692671,recorder
20260925-142559_perlmutter_effc80dd,ours_l01_s1_pv2_r2_pv3c_eps025_trace-a2e8ab_b16_k8_isolated,isolated,ours,8,7,l0_enq_ms,0.642293,recorder
20260925-142559_perlmutter_effc80dd,ours_l01_s1_pv2_r2_pv3c_eps025_trace-a2e8ab_b16_k8_isolated,isolated,ours,8,8,l0_enq_ms,0.649597,recorder
20260925-142559_perlmutter_effc80dd,ours_l01_s1_pv2_r2_pv3c_eps025_trace-a2e8ab_b16_k8_isolated,isolated,ours,8,9,l0_enq_ms,0.638376,recorder
20260925-142559_perlmutter_effc80dd,ours_l01_s1_pv2_r2_pv3c_eps025_trace-a2e8ab_b16_k8_isolated,isolated,ours,8,0,l1_enq_ms,0.484297,recorder
20260925-142559_perlmutter_effc80dd,ours_l01_s1_pv2_r2_pv3c_eps025_trace-a2e8ab_b16_k8_isolated,isolated,ours,8,1,l1_enq_ms,0.493054,recorder
20260925-142559_perlmutter_effc80dd,ours_l01_s1_pv2_r2_pv3c_eps025_trace-a2e8ab_b16_k8_isolated,isolated,ours,8,2,l1_enq_ms,0.486822,recorder
20260925-142559_perlmutter_effc80dd,ours_l01_s1_pv2_r2_pv3c_eps025_trace-a2e8ab_b16_k8_isolated,isolated,ours,8,3,l1_enq_ms,0.484037,recorder
20260925-142559_perlmutter_effc80dd,ours_l01_s1_pv2_r2_pv3c_eps025_trace-a2e8ab_b16_k8_isolated,isolated,ours,8,4,l1_enq_ms,0.488426,recorder
20260925-142559_perlmutter_effc80dd,ours_l01_s1_pv2_r2_pv3c_eps025_trace-a2e8ab_b16_k8_isolated,isolated,ours,8,5,l1_enq_ms,0.492062,recorder
20260925-142559_perlmutter_effc80dd,ours_l01_s1_pv2_r2_pv3c_eps025_trace-a2e8ab_b16_k8_isolated,isolated,ours,8,6,l1_enq_ms,0.478817,recorder
20260925-142559_perlmutter_effc80dd,ours_l01_s1_pv2_r2_pv3c_eps025_trace-a2e8ab_b16_k8_isolated,isolated,ours,8,7,l1_enq_ms,0.491211,recorder
20260925-142559_perlmutter_effc80dd,ours_l01_s1_pv2_r2_pv3c_eps025_trace-a2e8ab_b16_k8_isolated,isolated,ours,8,8,l1_enq_ms,0.494737,recorder
20260925-142559_perlmutter_effc80dd,ours_l01_s1_pv2_r2_pv3c_eps025_trace-a2e8ab_b16_k8_isolated,isolated,ours,8,9,l1_enq_ms,0.489688,recorder
20260925-142559_perlmutter_effc80dd,ours_l01_s1_pv2_r2_pv3c_eps025_trace-a2e8ab_b16_k8_isolated,isolated,ours,9,0,e2e_ms,13.484544,recorder
20260925-142559_perlmutter_effc80dd,ours_l01_s1_pv2_r2_pv3c_eps025_trace-a2e8ab_b16_k8_isolated,isolated,ours,9,1,e2e_ms,13.683968,recorder
20260925-142559_perlmutter_effc80dd,ours_l01_s1_pv2_r2_pv3c_eps025_trace-a2e8ab_b16_k8_isolated,isolated,ours,9,2,e2e_ms,13.079168,recorder
20260925-142559_perlmutter_effc80dd,ours_l01_s1_pv2_r2_pv3c_eps025_trace-a2e8ab_b16_k8_isolated,isolated,ours,9,3,e2e_ms,13.565664,recorder
20260925-142559_perlmutter_effc80dd,ours_l01_s1_pv2_r2_pv3c_eps025_trace-a2e8ab_b16_k8_isolated,isolated,ours,9,4,e2e_ms,13.624896,recorder
20260925-142559_perlmutter_effc80dd,ours_l01_s1_pv2_r2_pv3c_eps025_trace-a2e8ab_b16_k8_isolated,isolated,ours,9,5,e2e_ms,14.283776,recorder
20260925-142559_perlmutter_effc80dd,ours_l01_s1_pv2_r2_pv3c_eps025_trace-a2e8ab_b16_k8_isolated,isolated,ours,9,6,e2e_ms,13.432864,recorder
20260925-142559_perlmutter_effc80dd,ours_l01_s1_pv2_r2_pv3c_eps025_trace-a2e8ab_b16_k8_isolated,isolated,ours,9,7,e2e_ms,13.745792,recorder
20260925-142559_perlmutter_effc80dd,ours_l01_s1_pv2_r2_pv3c_eps025_trace-a2e8ab_b16_k8_isolated,isolated,ours,9,8,e2e_ms,13.808416,recorder
20260925-142559_perlmutter_effc80dd,ours_l01_s1_pv2_r2_pv3c_eps025_trace-a2e8ab_b16_k8_isolated,isolated,ours,9,9,e2e_ms,13.810048,recorder
20260925-142559_perlmutter_effc80dd,ours_l01_s1_pv2_r2_pv3c_eps025_trace-a2e8ab_b16_k8_isolated,isolated,ours,9,0,l0_ms,6.930496,recorder
20260925-142559_perlmutter_effc80dd,ours_l01_s1_pv2_r2_pv3c_eps025_trace-a2e8ab_b16_k8_isolated,isolated,ours,9,1,l0_ms,6.732576,recorder
20260925-142559_perlmutter_effc80dd,ours_l01_s1_pv2_r2_pv3c_eps025_trace-a2e8ab_b16_k8_isolated,isolated,ours,9,2,l0_ms,6.48336,recorder
20260925-142559_perlmutter_effc80dd,ours_l01_s1_pv2_r2_pv3c_eps025_trace-a2e8ab_b16_k8_isolated,isolated,ours,9,3,l0_ms,6.430272,recorder
20260925-142559_perlmutter_effc80dd,ours_l01_s1_pv2_r2_pv3c_eps025_trace-a2e8ab_b16_k8_isolated,isolated,ours,9,4,l0_ms,6.717088,recorder
20260925-142559_perlmutter_effc80dd,ours_l01_s1_pv2_r2_pv3c_eps025_trace-a2e8ab_b16_k8_isolated,isolated,ours,9,5,l0_ms,6.92192,recorder
20260925-142559_perlmutter_effc80dd,ours_l01_s1_pv2_r2_pv3c_eps025_trace-a2e8ab_b16_k8_isolated,isolated,ours,9,6,l0_ms,6.615136,recorder
20260925-142559_perlmutter_effc80dd,ours_l01_s1_pv2_r2_pv3c_eps025_trace-a2e8ab_b16_k8_isolated,isolated,ours,9,7,l0_ms,6.696992,recorder
20260925-142559_perlmutter_effc80dd,ours_l01_s1_pv2_r2_pv3c_eps025_trace-a2e8ab_b16_k8_isolated,isolated,ours,9,8,l0_ms,6.763744,recorder
20260925-142559_perlmutter_effc80dd,ours_l01_s1_pv2_r2_pv3c_eps025_trace-a2e8ab_b16_k8_isolated,isolated,ours,9,9,l0_ms,6.506848,recorder
20260925-142559_perlmutter_effc80dd,ours_l01_s1_pv2_r2_pv3c_eps025_trace-a2e8ab_b16_k8_isolated,isolated,ours,9,0,act_ms,0.057728,recorder
20260925-142559_perlmutter_effc80dd,ours_l01_s1_pv2_r2_pv3c_eps025_trace-a2e8ab_b16_k8_isolated,isolated,ours,9,1,act_ms,0.058304,recorder
20260925-142559_perlmutter_effc80dd,ours_l01_s1_pv2_r2_pv3c_eps025_trace-a2e8ab_b16_k8_isolated,isolated,ours,9,2,act_ms,0.063168,recorder
20260925-142559_perlmutter_effc80dd,ours_l01_s1_pv2_r2_pv3c_eps025_trace-a2e8ab_b16_k8_isolated,isolated,ours,9,3,act_ms,0.062784,recorder
20260925-142559_perlmutter_effc80dd,ours_l01_s1_pv2_r2_pv3c_eps025_trace-a2e8ab_b16_k8_isolated,isolated,ours,9,4,act_ms,0.059392,recorder
20260925-142559_perlmutter_effc80dd,ours_l01_s1_pv2_r2_pv3c_eps025_trace-a2e8ab_b16_k8_isolated,isolated,ours,9,5,act_ms,0.05632,recorder
20260925-142559_perlmutter_effc80dd,ours_l01_s1_pv2_r2_pv3c_eps025_trace-a2e8ab_b16_k8_isolated,isolated,ours,9,6,act_ms,0.055776,recorder
20260925-142559_perlmutter_effc80dd,ours_l01_s1_pv2_r2_pv3c_eps025_trace-a2e8ab_b16_k8_isolated,isolated,ours,9,7,act_ms,0.05664,recorder
20260925-142559_perlmutter_effc80dd,ours_l01_s1_pv2_r2_pv3c_eps025_trace-a2e8ab_b16_k8_isolated,isolated,ours,9,8,act_ms,0.058848,recorder
20260925-142559_perlmutter_effc80dd,ours_l01_s1_pv2_r2_pv3c_eps025_trace-a2e8ab_b16_k8_isolated,isolated,ours,9,9,act_ms,0.05968,recorder
20260925-142559_perlmutter_effc80dd,ours_l01_s1_pv2_r2_pv3c_eps025_trace-a2e8ab_b16_k8_isolated,isolated,ours,9,0,l1_ms,6.49632,recorder
20260925-142559_perlmutter_effc80dd,ours_l01_s1_pv2_r2_pv3c_eps025_trace-a2e8ab_b16_k8_isolated,isolated,ours,9,1,l1_ms,6.893088,recorder
20260925-142559_perlmutter_effc80dd,ours_l01_s1_pv2_r2_pv3c_eps025_trace-a2e8ab_b16_k8_isolated,isolated,ours,9,2,l1_ms,6.53264,recorder
20260925-142559_perlmutter_effc80dd,ours_l01_s1_pv2_r2_pv3c_eps025_trace-a2e8ab_b16_k8_isolated,isolated,ours,9,3,l1_ms,7.072608,recorder
20260925-142559_perlmutter_effc80dd,ours_l01_s1_pv2_r2_pv3c_eps025_trace-a2e8ab_b16_k8_isolated,isolated,ours,9,4,l1_ms,6.848416,recorder
20260925-142559_perlmutter_effc80dd,ours_l01_s1_pv2_r2_pv3c_eps025_trace-a2e8ab_b16_k8_isolated,isolated,ours,9,5,l1_ms,7.305536,recorder
20260925-142559_perlmutter_effc80dd,ours_l01_s1_pv2_r2_pv3c_eps025_trace-a2e8ab_b16_k8_isolated,isolated,ours,9,6,l1_ms,6.761952,recorder
20260925-142559_perlmutter_effc80dd,ours_l01_s1_pv2_r2_pv3c_eps025_trace-a2e8ab_b16_k8_isolated,isolated,ours,9,7,l1_ms,6.99216,recorder
20260925-142559_perlmutter_effc80dd,ours_l01_s1_pv2_r2_pv3c_eps025_trace-a2e8ab_b16_k8_isolated,isolated,ours,9,8,l1_ms,6.985824,recorder
20260925-142559_perlmutter_effc80dd,ours_l01_s1_pv2_r2_pv3c_eps025_trace-a2e8ab_b16_k8_isolated,isolated,ours,9,9,l1_ms,7.24352,recorder
20260925-142559_perlmutter_effc80dd,ours_l01_s1_pv2_r2_pv3c_eps025_trace-a2e8ab_b16_k8_isolated,isolated,ours,9,0,plan_comm_ms,0.638336,recorder
20260925-142559_perlmutter_effc80dd,ours_l01_s1_pv2_r2_pv3c_eps025_trace-a2e8ab_b16_k8_isolated,isolated,ours,9,1,plan_comm_ms,0.457536,recorder
20260925-142559_perlmutter_effc80dd,ours_l01_s1_pv2_r2_pv3c_eps025_trace-a2e8ab_b16_k8_isolated,isolated,ours,9,2,plan_comm_ms,0.522208,recorder
20260925-142559_perlmutter_effc80dd,ours_l01_s1_pv2_r2_pv3c_eps025_trace-a2e8ab_b16_k8_isolated,isolated,ours,9,3,plan_comm_ms,0.428768,recorder
20260925-142559_perlmutter_effc80dd,ours_l01_s1_pv2_r2_pv3c_eps025_trace-a2e8ab_b16_k8_isolated,isolated,ours,9,4,plan_comm_ms,0.20464,recorder
20260925-142559_perlmutter_effc80dd,ours_l01_s1_pv2_r2_pv3c_eps025_trace-a2e8ab_b16_k8_isolated,isolated,ours,9,5,plan_comm_ms,0.6736,recorder
20260925-142559_perlmutter_effc80dd,ours_l01_s1_pv2_r2_pv3c_eps025_trace-a2e8ab_b16_k8_isolated,isolated,ours,9,6,plan_comm_ms,0.192672,recorder
20260925-142559_perlmutter_effc80dd,ours_l01_s1_pv2_r2_pv3c_eps025_trace-a2e8ab_b16_k8_isolated,isolated,ours,9,7,plan_comm_ms,0.183968,recorder
20260925-142559_perlmutter_effc80dd,ours_l01_s1_pv2_r2_pv3c_eps025_trace-a2e8ab_b16_k8_isolated,isolated,ours,9,8,plan_comm_ms,0.198976,recorder
20260925-142559_perlmutter_effc80dd,ours_l01_s1_pv2_r2_pv3c_eps025_trace-a2e8ab_b16_k8_isolated,isolated,ours,9,9,plan_comm_ms,0.198528,recorder
20260925-142559_perlmutter_effc80dd,ours_l01_s1_pv2_r2_pv3c_eps025_trace-a2e8ab_b16_k8_isolated,isolated,ours,9,0,place_ms,0.002336,recorder
20260925-142559_perlmutter_effc80dd,ours_l01_s1_pv2_r2_pv3c_eps025_trace-a2e8ab_b16_k8_isolated,isolated,ours,9,1,place_ms,0.002336,recorder
20260925-142559_perlmutter_effc80dd,ours_l01_s1_pv2_r2_pv3c_eps025_trace-a2e8ab_b16_k8_isolated,isolated,ours,9,2,place_ms,0.002304,recorder
20260925-142559_perlmutter_effc80dd,ours_l01_s1_pv2_r2_pv3c_eps025_trace-a2e8ab_b16_k8_isolated,isolated,ours,9,3,place_ms,0.002336,recorder
20260925-142559_perlmutter_effc80dd,ours_l01_s1_pv2_r2_pv3c_eps025_trace-a2e8ab_b16_k8_isolated,isolated,ours,9,4,place_ms,0.002304,recorder
20260925-142559_perlmutter_effc80dd,ours_l01_s1_pv2_r2_pv3c_eps025_trace-a2e8ab_b16_k8_isolated,isolated,ours,9,5,place_ms,0.002304,recorder
20260925-142559_perlmutter_effc80dd,ours_l01_s1_pv2_r2_pv3c_eps025_trace-a2e8ab_b16_k8_isolated,isolated,ours,9,6,place_ms,0.002304,recorder
20260925-142559_perlmutter_effc80dd,ours_l01_s1_pv2_r2_pv3c_eps025_trace-a2e8ab_b16_k8_isolated,isolated,ours,9,7,place_ms,0.002336,recorder
20260925-142559_perlmutter_effc80dd,ours_l01_s1_pv2_r2_pv3c_eps025_trace-a2e8ab_b16_k8_isolated,isolated,ours,9,8,place_ms,0.002304,recorder
20260925-142559_perlmutter_effc80dd,ours_l01_s1_pv2_r2_pv3c_eps025_trace-a2e8ab_b16_k8_isolated,isolated,ours,9,9,place_ms,0.002304,recorder
20260925-142559_perlmutter_effc80dd,ours_l01_s1_pv2_r2_pv3c_eps025_trace-a2e8ab_b16_k8_isolated,isolated,ours,9,0,plan_ms,1.119744,recorder
20260925-142559_perlmutter_effc80dd,ours_l01_s1_pv2_r2_pv3c_eps025_trace-a2e8ab_b16_k8_isolated,isolated,ours,9,1,plan_ms,1.144608,recorder
20260925-142559_perlmutter_effc80dd,ours_l01_s1_pv2_r2_pv3c_eps025_trace-a2e8ab_b16_k8_isolated,isolated,ours,9,2,plan_ms,1.130048,recorder
20260925-142559_perlmutter_effc80dd,ours_l01_s1_pv2_r2_pv3c_eps025_trace-a2e8ab_b16_k8_isolated,isolated,ours,9,3,plan_ms,1.139904,recorder
20260925-142559_perlmutter_effc80dd,ours_l01_s1_pv2_r2_pv3c_eps025_trace-a2e8ab_b16_k8_isolated,isolated,ours,9,4,plan_ms,1.119648,recorder
20260925-142559_perlmutter_effc80dd,ours_l01_s1_pv2_r2_pv3c_eps025_trace-a2e8ab_b16_k8_isolated,isolated,ours,9,5,plan_ms,1.13632,recorder
20260925-142559_perlmutter_effc80dd,ours_l01_s1_pv2_r2_pv3c_eps025_trace-a2e8ab_b16_k8_isolated,isolated,ours,9,6,plan_ms,1.140576,recorder
20260925-142559_perlmutter_effc80dd,ours_l01_s1_pv2_r2_pv3c_eps025_trace-a2e8ab_b16_k8_isolated,isolated,ours,9,7,plan_ms,1.153312,recorder
20260925-142559_perlmutter_effc80dd,ours_l01_s1_pv2_r2_pv3c_eps025_trace-a2e8ab_b16_k8_isolated,isolated,ours,9,8,plan_ms,1.134048,recorder
20260925-142559_perlmutter_effc80dd,ours_l01_s1_pv2_r2_pv3c_eps025_trace-a2e8ab_b16_k8_isolated,isolated,ours,9,9,plan_ms,1.145504,recorder
20260925-142559_perlmutter_effc80dd,ours_l01_s1_pv2_r2_pv3c_eps025_trace-a2e8ab_b16_k8_isolated,isolated,ours,9,0,total_ms,15.25504,recorder
20260925-142559_perlmutter_effc80dd,ours_l01_s1_pv2_r2_pv3c_eps025_trace-a2e8ab_b16_k8_isolated,isolated,ours,9,1,total_ms,15.298016,recorder
20260925-142559_perlmutter_effc80dd,ours_l01_s1_pv2_r2_pv3c_eps025_trace-a2e8ab_b16_k8_isolated,isolated,ours,9,2,total_ms,14.742912,recorder
20260925-142559_perlmutter_effc80dd,ours_l01_s1_pv2_r2_pv3c_eps025_trace-a2e8ab_b16_k8_isolated,isolated,ours,9,3,total_ms,15.1456,recorder
20260925-142559_perlmutter_effc80dd,ours_l01_s1_pv2_r2_pv3c_eps025_trace-a2e8ab_b16_k8_isolated,isolated,ours,9,4,total_ms,14.961344,recorder
20260925-142559_perlmutter_effc80dd,ours_l01_s1_pv2_r2_pv3c_eps025_trace-a2e8ab_b16_k8_isolated,isolated,ours,9,5,total_ms,16.105503,recorder
20260925-142559_perlmutter_effc80dd,ours_l01_s1_pv2_r2_pv3c_eps025_trace-a2e8ab_b16_k8_isolated,isolated,ours,9,6,total_ms,14.778176,recorder
20260925-142559_perlmutter_effc80dd,ours_l01_s1_pv2_r2_pv3c_eps025_trace-a2e8ab_b16_k8_isolated,isolated,ours,9,7,total_ms,15.093984,recorder
20260925-142559_perlmutter_effc80dd,ours_l01_s1_pv2_r2_pv3c_eps025_trace-a2e8ab_b16_k8_isolated,isolated,ours,9,8,total_ms,15.153344,recorder
20260925-142559_perlmutter_effc80dd,ours_l01_s1_pv2_r2_pv3c_eps025_trace-a2e8ab_b16_k8_isolated,isolated,ours,9,9,total_ms,15.165632,recorder
20260925-142559_perlmutter_effc80dd,ours_l01_s1_pv2_r2_pv3c_eps025_trace-a2e8ab_b16_k8_isolated,isolated,ours,9,0,iso_sync_ms,12.295628,recorder
20260925-142559_perlmutter_effc80dd,ours_l01_s1_pv2_r2_pv3c_eps025_trace-a2e8ab_b16_k8_isolated,isolated,ours,9,1,iso_sync_ms,12.403997,recorder
20260925-142559_perlmutter_effc80dd,ours_l01_s1_pv2_r2_pv3c_eps025_trace-a2e8ab_b16_k8_isolated,isolated,ours,9,2,iso_sync_ms,12.443414,recorder
20260925-142559_perlmutter_effc80dd,ours_l01_s1_pv2_r2_pv3c_eps025_trace-a2e8ab_b16_k8_isolated,isolated,ours,9,3,iso_sync_ms,13.418591,recorder
20260925-142559_perlmutter_effc80dd,ours_l01_s1_pv2_r2_pv3c_eps025_trace-a2e8ab_b16_k8_isolated,isolated,ours,9,4,iso_sync_ms,12.301951,recorder
20260925-142559_perlmutter_effc80dd,ours_l01_s1_pv2_r2_pv3c_eps025_trace-a2e8ab_b16_k8_isolated,isolated,ours,9,5,iso_sync_ms,12.352839,recorder
20260925-142559_perlmutter_effc80dd,ours_l01_s1_pv2_r2_pv3c_eps025_trace-a2e8ab_b16_k8_isolated,isolated,ours,9,6,iso_sync_ms,13.081019,recorder
20260925-142559_perlmutter_effc80dd,ours_l01_s1_pv2_r2_pv3c_eps025_trace-a2e8ab_b16_k8_isolated,isolated,ours,9,7,iso_sync_ms,12.191677,recorder
20260925-142559_perlmutter_effc80dd,ours_l01_s1_pv2_r2_pv3c_eps025_trace-a2e8ab_b16_k8_isolated,isolated,ours,9,8,iso_sync_ms,12.646858,recorder
20260925-142559_perlmutter_effc80dd,ours_l01_s1_pv2_r2_pv3c_eps025_trace-a2e8ab_b16_k8_isolated,isolated,ours,9,9,iso_sync_ms,13.030461,recorder
20260925-142559_perlmutter_effc80dd,ours_l01_s1_pv2_r2_pv3c_eps025_trace-a2e8ab_b16_k8_isolated,isolated,ours,9,0,l0_enq_ms,0.689895,recorder
20260925-142559_perlmutter_effc80dd,ours_l01_s1_pv2_r2_pv3c_eps025_trace-a2e8ab_b16_k8_isolated,isolated,ours,9,1,l0_enq_ms,0.637985,recorder
20260925-142559_perlmutter_effc80dd,ours_l01_s1_pv2_r2_pv3c_eps025_trace-a2e8ab_b16_k8_isolated,isolated,ours,9,2,l0_enq_ms,0.641682,recorder
20260925-142559_perlmutter_effc80dd,ours_l01_s1_pv2_r2_pv3c_eps025_trace-a2e8ab_b16_k8_isolated,isolated,ours,9,3,l0_enq_ms,0.629218,recorder
20260925-142559_perlmutter_effc80dd,ours_l01_s1_pv2_r2_pv3c_eps025_trace-a2e8ab_b16_k8_isolated,isolated,ours,9,4,l0_enq_ms,0.650249,recorder
20260925-142559_perlmutter_effc80dd,ours_l01_s1_pv2_r2_pv3c_eps025_trace-a2e8ab_b16_k8_isolated,isolated,ours,9,5,l0_enq_ms,0.670347,recorder
20260925-142559_perlmutter_effc80dd,ours_l01_s1_pv2_r2_pv3c_eps025_trace-a2e8ab_b16_k8_isolated,isolated,ours,9,6,l0_enq_ms,0.620321,recorder
20260925-142559_perlmutter_effc80dd,ours_l01_s1_pv2_r2_pv3c_eps025_trace-a2e8ab_b16_k8_isolated,isolated,ours,9,7,l0_enq_ms,0.651491,recorder
20260925-142559_perlmutter_effc80dd,ours_l01_s1_pv2_r2_pv3c_eps025_trace-a2e8ab_b16_k8_isolated,isolated,ours,9,8,l0_enq_ms,0.642464,recorder
20260925-142559_perlmutter_effc80dd,ours_l01_s1_pv2_r2_pv3c_eps025_trace-a2e8ab_b16_k8_isolated,isolated,ours,9,9,l0_enq_ms,0.64582,recorder
20260925-142559_perlmutter_effc80dd,ours_l01_s1_pv2_r2_pv3c_eps025_trace-a2e8ab_b16_k8_isolated,isolated,ours,9,0,l1_enq_ms,0.491912,recorder
20260925-142559_perlmutter_effc80dd,ours_l01_s1_pv2_r2_pv3c_eps025_trace-a2e8ab_b16_k8_isolated,isolated,ours,9,1,l1_enq_ms,0.486051,recorder
20260925-142559_perlmutter_effc80dd,ours_l01_s1_pv2_r2_pv3c_eps025_trace-a2e8ab_b16_k8_isolated,isolated,ours,9,2,l1_enq_ms,0.500489,recorder
20260925-142559_perlmutter_effc80dd,ours_l01_s1_pv2_r2_pv3c_eps025_trace-a2e8ab_b16_k8_isolated,isolated,ours,9,3,l1_enq_ms,0.491231,recorder
20260925-142559_perlmutter_effc80dd,ours_l01_s1_pv2_r2_pv3c_eps025_trace-a2e8ab_b16_k8_isolated,isolated,ours,9,4,l1_enq_ms,0.499958,recorder
20260925-142559_perlmutter_effc80dd,ours_l01_s1_pv2_r2_pv3c_eps025_trace-a2e8ab_b16_k8_isolated,isolated,ours,9,5,l1_enq_ms,0.504677,recorder
20260925-142559_perlmutter_effc80dd,ours_l01_s1_pv2_r2_pv3c_eps025_trace-a2e8ab_b16_k8_isolated,isolated,ours,9,6,l1_enq_ms,0.489567,recorder
20260925-142559_perlmutter_effc80dd,ours_l01_s1_pv2_r2_pv3c_eps025_trace-a2e8ab_b16_k8_isolated,isolated,ours,9,7,l1_enq_ms,0.488515,recorder
20260925-142559_perlmutter_effc80dd,ours_l01_s1_pv2_r2_pv3c_eps025_trace-a2e8ab_b16_k8_isolated,isolated,ours,9,8,l1_enq_ms,0.502233,recorder
20260925-142559_perlmutter_effc80dd,ours_l01_s1_pv2_r2_pv3c_eps025_trace-a2e8ab_b16_k8_isolated,isolated,ours,9,9,l1_enq_ms,0.518524,recorder
20260925-142559_perlmutter_effc80dd,ours_l01_s1_pv2_r2_pv3c_eps025_trace-a2e8ab_b16_k8_isolated,isolated,ours,10,0,e2e_ms,13.440096,recorder
20260925-142559_perlmutter_effc80dd,ours_l01_s1_pv2_r2_pv3c_eps025_trace-a2e8ab_b16_k8_isolated,isolated,ours,10,1,e2e_ms,13.702208,recorder
20260925-142559_perlmutter_effc80dd,ours_l01_s1_pv2_r2_pv3c_eps025_trace-a2e8ab_b16_k8_isolated,isolated,ours,10,2,e2e_ms,13.08272,recorder
20260925-142559_perlmutter_effc80dd,ours_l01_s1_pv2_r2_pv3c_eps025_trace-a2e8ab_b16_k8_isolated,isolated,ours,10,3,e2e_ms,13.57088,recorder
20260925-142559_perlmutter_effc80dd,ours_l01_s1_pv2_r2_pv3c_eps025_trace-a2e8ab_b16_k8_isolated,isolated,ours,10,4,e2e_ms,13.633728,recorder
20260925-142559_perlmutter_effc80dd,ours_l01_s1_pv2_r2_pv3c_eps025_trace-a2e8ab_b16_k8_isolated,isolated,ours,10,5,e2e_ms,14.33328,recorder
20260925-142559_perlmutter_effc80dd,ours_l01_s1_pv2_r2_pv3c_eps025_trace-a2e8ab_b16_k8_isolated,isolated,ours,10,6,e2e_ms,13.443072,recorder
20260925-142559_perlmutter_effc80dd,ours_l01_s1_pv2_r2_pv3c_eps025_trace-a2e8ab_b16_k8_isolated,isolated,ours,10,7,e2e_ms,13.764928,recorder
20260925-142559_perlmutter_effc80dd,ours_l01_s1_pv2_r2_pv3c_eps025_trace-a2e8ab_b16_k8_isolated,isolated,ours,10,8,e2e_ms,13.840256,recorder
20260925-142559_perlmutter_effc80dd,ours_l01_s1_pv2_r2_pv3c_eps025_trace-a2e8ab_b16_k8_isolated,isolated,ours,10,9,e2e_ms,13.8576,recorder
20260925-142559_perlmutter_effc80dd,ours_l01_s1_pv2_r2_pv3c_eps025_trace-a2e8ab_b16_k8_isolated,isolated,ours,10,0,l0_ms,6.924512,recorder
20260925-142559_perlmutter_effc80dd,ours_l01_s1_pv2_r2_pv3c_eps025_trace-a2e8ab_b16_k8_isolated,isolated,ours,10,1,l0_ms,6.75024,recorder
20260925-142559_perlmutter_effc80dd,ours_l01_s1_pv2_r2_pv3c_eps025_trace-a2e8ab_b16_k8_isolated,isolated,ours,10,2,l0_ms,6.488096,recorder
20260925-142559_perlmutter_effc80dd,ours_l01_s1_pv2_r2_pv3c_eps025_trace-a2e8ab_b16_k8_isolated,isolated,ours,10,3,l0_ms,6.431648,recorder
20260925-142559_perlmutter_effc80dd,ours_l01_s1_pv2_r2_pv3c_eps025_trace-a2e8ab_b16_k8_isolated,isolated,ours,10,4,l0_ms,6.718848,recorder
20260925-142559_perlmutter_effc80dd,ours_l01_s1_pv2_r2_pv3c_eps025_trace-a2e8ab_b16_k8_isolated,isolated,ours,10,5,l0_ms,6.9632,recorder
20260925-142559_perlmutter_effc80dd,ours_l01_s1_pv2_r2_pv3c_eps025_trace-a2e8ab_b16_k8_isolated,isolated,ours,10,6,l0_ms,6.624256,recorder
20260925-142559_perlmutter_effc80dd,ours_l01_s1_pv2_r2_pv3c_eps025_trace-a2e8ab_b16_k8_isolated,isolated,ours,10,7,l0_ms,6.71248,recorder
20260925-142559_perlmutter_effc80dd,ours_l01_s1_pv2_r2_pv3c_eps025_trace-a2e8ab_b16_k8_isolated,isolated,ours,10,8,l0_ms,6.754784,recorder
20260925-142559_perlmutter_effc80dd,ours_l01_s1_pv2_r2_pv3c_eps025_trace-a2e8ab_b16_k8_isolated,isolated,ours,10,9,l0_ms,6.523232,recorder
20260925-142559_perlmutter_effc80dd,ours_l01_s1_pv2_r2_pv3c_eps025_trace-a2e8ab_b16_k8_isolated,isolated,ours,10,0,act_ms,0.087808,recorder
20260925-142559_perlmutter_effc80dd,ours_l01_s1_pv2_r2_pv3c_eps025_trace-a2e8ab_b16_k8_isolated,isolated,ours,10,1,act_ms,0.089728,recorder
20260925-142559_perlmutter_effc80dd,ours_l01_s1_pv2_r2_pv3c_eps025_trace-a2e8ab_b16_k8_isolated,isolated,ours,10,2,act_ms,0.089408,recorder
20260925-142559_perlmutter_effc80dd,ours_l01_s1_pv2_r2_pv3c_eps025_trace-a2e8ab_b16_k8_isolated,isolated,ours,10,3,act_ms,0.085888,recorder
20260925-142559_perlmutter_effc80dd,ours_l01_s1_pv2_r2_pv3c_eps025_trace-a2e8ab_b16_k8_isolated,isolated,ours,10,4,act_ms,0.084896,recorder
20260925-142559_perlmutter_effc80dd,ours_l01_s1_pv2_r2_pv3c_eps025_trace-a2e8ab_b16_k8_isolated,isolated,ours,10,5,act_ms,0.085376,recorder
20260925-142559_perlmutter_effc80dd,ours_l01_s1_pv2_r2_pv3c_eps025_trace-a2e8ab_b16_k8_isolated,isolated,ours,10,6,act_ms,0.092128,recorder
20260925-142559_perlmutter_effc80dd,ours_l01_s1_pv2_r2_pv3c_eps025_trace-a2e8ab_b16_k8_isolated,isolated,ours,10,7,act_ms,0.087456,recorder
20260925-142559_perlmutter_effc80dd,ours_l01_s1_pv2_r2_pv3c_eps025_trace-a2e8ab_b16_k8_isolated,isolated,ours,10,8,act_ms,0.093792,recorder
20260925-142559_perlmutter_effc80dd,ours_l01_s1_pv2_r2_pv3c_eps025_trace-a2e8ab_b16_k8_isolated,isolated,ours,10,9,act_ms,0.091936,recorder
20260925-142559_perlmutter_effc80dd,ours_l01_s1_pv2_r2_pv3c_eps025_trace-a2e8ab_b16_k8_isolated,isolated,ours,10,0,l1_ms,6.427776,recorder
20260925-142559_perlmutter_effc80dd,ours_l01_s1_pv2_r2_pv3c_eps025_trace-a2e8ab_b16_k8_isolated,isolated,ours,10,1,l1_ms,6.86224,recorder
20260925-142559_perlmutter_effc80dd,ours_l01_s1_pv2_r2_pv3c_eps025_trace-a2e8ab_b16_k8_isolated,isolated,ours,10,2,l1_ms,6.505216,recorder
20260925-142559_perlmutter_effc80dd,ours_l01_s1_pv2_r2_pv3c_eps025_trace-a2e8ab_b16_k8_isolated,isolated,ours,10,3,l1_ms,7.053344,recorder
20260925-142559_perlmutter_effc80dd,ours_l01_s1_pv2_r2_pv3c_eps025_trace-a2e8ab_b16_k8_isolated,isolated,ours,10,4,l1_ms,6.829984,recorder
20260925-142559_perlmutter_effc80dd,ours_l01_s1_pv2_r2_pv3c_eps025_trace-a2e8ab_b16_k8_isolated,isolated,ours,10,5,l1_ms,7.284704,recorder
20260925-142559_perlmutter_effc80dd,ours_l01_s1_pv2_r2_pv3c_eps025_trace-a2e8ab_b16_k8_isolated,isolated,ours,10,6,l1_ms,6.726688,recorder
20260925-142559_perlmutter_effc80dd,ours_l01_s1_pv2_r2_pv3c_eps025_trace-a2e8ab_b16_k8_isolated,isolated,ours,10,7,l1_ms,6.964992,recorder
20260925-142559_perlmutter_effc80dd,ours_l01_s1_pv2_r2_pv3c_eps025_trace-a2e8ab_b16_k8_isolated,isolated,ours,10,8,l1_ms,6.99168,recorder
20260925-142559_perlmutter_effc80dd,ours_l01_s1_pv2_r2_pv3c_eps025_trace-a2e8ab_b16_k8_isolated,isolated,ours,10,9,l1_ms,7.242432,recorder
20260925-142559_perlmutter_effc80dd,ours_l01_s1_pv2_r2_pv3c_eps025_trace-a2e8ab_b16_k8_isolated,isolated,ours,10,0,plan_comm_ms,0.634688,recorder
20260925-142559_perlmutter_effc80dd,ours_l01_s1_pv2_r2_pv3c_eps025_trace-a2e8ab_b16_k8_isolated,isolated,ours,10,1,plan_comm_ms,0.454656,recorder
20260925-142559_perlmutter_effc80dd,ours_l01_s1_pv2_r2_pv3c_eps025_trace-a2e8ab_b16_k8_isolated,isolated,ours,10,2,plan_comm_ms,0.585952,recorder
20260925-142559_perlmutter_effc80dd,ours_l01_s1_pv2_r2_pv3c_eps025_trace-a2e8ab_b16_k8_isolated,isolated,ours,10,3,plan_comm_ms,0.426784,recorder
20260925-142559_perlmutter_effc80dd,ours_l01_s1_pv2_r2_pv3c_eps025_trace-a2e8ab_b16_k8_isolated,isolated,ours,10,4,plan_comm_ms,0.204096,recorder
20260925-142559_perlmutter_effc80dd,ours_l01_s1_pv2_r2_pv3c_eps025_trace-a2e8ab_b16_k8_isolated,isolated,ours,10,5,plan_comm_ms,0.671104,recorder
20260925-142559_perlmutter_effc80dd,ours_l01_s1_pv2_r2_pv3c_eps025_trace-a2e8ab_b16_k8_isolated,isolated,ours,10,6,plan_comm_ms,0.189984,recorder
20260925-142559_perlmutter_effc80dd,ours_l01_s1_pv2_r2_pv3c_eps025_trace-a2e8ab_b16_k8_isolated,isolated,ours,10,7,plan_comm_ms,0.183232,recorder
20260925-142559_perlmutter_effc80dd,ours_l01_s1_pv2_r2_pv3c_eps025_trace-a2e8ab_b16_k8_isolated,isolated,ours,10,8,plan_comm_ms,0.196192,recorder
20260925-142559_perlmutter_effc80dd,ours_l01_s1_pv2_r2_pv3c_eps025_trace-a2e8ab_b16_k8_isolated,isolated,ours,10,9,plan_comm_ms,0.189216,recorder
20260925-142559_perlmutter_effc80dd,ours_l01_s1_pv2_r2_pv3c_eps025_trace-a2e8ab_b16_k8_isolated,isolated,ours,10,0,place_ms,0.002336,recorder
20260925-142559_perlmutter_effc80dd,ours_l01_s1_pv2_r2_pv3c_eps025_trace-a2e8ab_b16_k8_isolated,isolated,ours,10,1,place_ms,0.002368,recorder
20260925-142559_perlmutter_effc80dd,ours_l01_s1_pv2_r2_pv3c_eps025_trace-a2e8ab_b16_k8_isolated,isolated,ours,10,2,place_ms,0.002336,recorder
20260925-142559_perlmutter_effc80dd,ours_l01_s1_pv2_r2_pv3c_eps025_trace-a2e8ab_b16_k8_isolated,isolated,ours,10,3,place_ms,0.002464,recorder
20260925-142559_perlmutter_effc80dd,ours_l01_s1_pv2_r2_pv3c_eps025_trace-a2e8ab_b16_k8_isolated,isolated,ours,10,4,place_ms,0.002368,recorder
20260925-142559_perlmutter_effc80dd,ours_l01_s1_pv2_r2_pv3c_eps025_trace-a2e8ab_b16_k8_isolated,isolated,ours,10,5,place_ms,0.002336,recorder
20260925-142559_perlmutter_effc80dd,ours_l01_s1_pv2_r2_pv3c_eps025_trace-a2e8ab_b16_k8_isolated,isolated,ours,10,6,place_ms,0.002368,recorder
20260925-142559_perlmutter_effc80dd,ours_l01_s1_pv2_r2_pv3c_eps025_trace-a2e8ab_b16_k8_isolated,isolated,ours,10,7,place_ms,0.002368,recorder
20260925-142559_perlmutter_effc80dd,ours_l01_s1_pv2_r2_pv3c_eps025_trace-a2e8ab_b16_k8_isolated,isolated,ours,10,8,place_ms,0.002336,recorder
20260925-142559_perlmutter_effc80dd,ours_l01_s1_pv2_r2_pv3c_eps025_trace-a2e8ab_b16_k8_isolated,isolated,ours,10,9,place_ms,0.002368,recorder
20260925-142559_perlmutter_effc80dd,ours_l01_s1_pv2_r2_pv3c_eps025_trace-a2e8ab_b16_k8_isolated,isolated,ours,10,0,plan_ms,1.129632,recorder
20260925-142559_perlmutter_effc80dd,ours_l01_s1_pv2_r2_pv3c_eps025_trace-a2e8ab_b16_k8_isolated,isolated,ours,10,1,plan_ms,1.126048,recorder
20260925-142559_perlmutter_effc80dd,ours_l01_s1_pv2_r2_pv3c_eps025_trace-a2e8ab_b16_k8_isolated,isolated,ours,10,2,plan_ms,1.118688,recorder
20260925-142559_perlmutter_effc80dd,ours_l01_s1_pv2_r2_pv3c_eps025_trace-a2e8ab_b16_k8_isolated,isolated,ours,10,3,plan_ms,1.133632,recorder
20260925-142559_perlmutter_effc80dd,ours_l01_s1_pv2_r2_pv3c_eps025_trace-a2e8ab_b16_k8_isolated,isolated,ours,10,4,plan_ms,1.11712,recorder
20260925-142559_perlmutter_effc80dd,ours_l01_s1_pv2_r2_pv3c_eps025_trace-a2e8ab_b16_k8_isolated,isolated,ours,10,5,plan_ms,1.121856,recorder
20260925-142559_perlmutter_effc80dd,ours_l01_s1_pv2_r2_pv3c_eps025_trace-a2e8ab_b16_k8_isolated,isolated,ours,10,6,plan_ms,1.132832,recorder
20260925-142559_perlmutter_effc80dd,ours_l01_s1_pv2_r2_pv3c_eps025_trace-a2e8ab_b16_k8_isolated,isolated,ours,10,7,plan_ms,1.14112,recorder
20260925-142559_perlmutter_effc80dd,ours_l01_s1_pv2_r2_pv3c_eps025_trace-a2e8ab_b16_k8_isolated,isolated,ours,10,8,plan_ms,1.127872,recorder
20260925-142559_perlmutter_effc80dd,ours_l01_s1_pv2_r2_pv3c_eps025_trace-a2e8ab_b16_k8_isolated,isolated,ours,10,9,plan_ms,1.141504,recorder
20260925-142559_perlmutter_effc80dd,ours_l01_s1_pv2_r2_pv3c_eps025_trace-a2e8ab_b16_k8_isolated,isolated,ours,10,0,total_ms,15.216448,recorder
20260925-142559_perlmutter_effc80dd,ours_l01_s1_pv2_r2_pv3c_eps025_trace-a2e8ab_b16_k8_isolated,isolated,ours,10,1,total_ms,15.29472,recorder
20260925-142559_perlmutter_effc80dd,ours_l01_s1_pv2_r2_pv3c_eps025_trace-a2e8ab_b16_k8_isolated,isolated,ours,10,2,total_ms,14.7984,recorder
20260925-142559_perlmutter_effc80dd,ours_l01_s1_pv2_r2_pv3c_eps025_trace-a2e8ab_b16_k8_isolated,isolated,ours,10,3,total_ms,15.14208,recorder
20260925-142559_perlmutter_effc80dd,ours_l01_s1_pv2_r2_pv3c_eps025_trace-a2e8ab_b16_k8_isolated,isolated,ours,10,4,total_ms,14.966496,recorder
20260925-142559_perlmutter_effc80dd,ours_l01_s1_pv2_r2_pv3c_eps025_trace-a2e8ab_b16_k8_isolated,isolated,ours,10,5,total_ms,16.138111,recorder
20260925-142559_perlmutter_effc80dd,ours_l01_s1_pv2_r2_pv3c_eps025_trace-a2e8ab_b16_k8_isolated,isolated,ours,10,6,total_ms,14.778336,recorder
20260925-142559_perlmutter_effc80dd,ours_l01_s1_pv2_r2_pv3c_eps025_trace-a2e8ab_b16_k8_isolated,isolated,ours,10,7,total_ms,15.100256,recorder
20260925-142559_perlmutter_effc80dd,ours_l01_s1_pv2_r2_pv3c_eps025_trace-a2e8ab_b16_k8_isolated,isolated,ours,10,8,total_ms,15.188096,recorder
20260925-142559_perlmutter_effc80dd,ours_l01_s1_pv2_r2_pv3c_eps025_trace-a2e8ab_b16_k8_isolated,isolated,ours,10,9,total_ms,15.19952,recorder
20260925-142559_perlmutter_effc80dd,ours_l01_s1_pv2_r2_pv3c_eps025_trace-a2e8ab_b16_k8_isolated,isolated,ours,10,0,iso_sync_ms,12.203841,recorder
20260925-142559_perlmutter_effc80dd,ours_l01_s1_pv2_r2_pv3c_eps025_trace-a2e8ab_b16_k8_isolated,isolated,ours,10,1,iso_sync_ms,12.382427,recorder
20260925-142559_perlmutter_effc80dd,ours_l01_s1_pv2_r2_pv3c_eps025_trace-a2e8ab_b16_k8_isolated,isolated,ours,10,2,iso_sync_ms,12.403036,recorder
20260925-142559_perlmutter_effc80dd,ours_l01_s1_pv2_r2_pv3c_eps025_trace-a2e8ab_b16_k8_isolated,isolated,ours,10,3,iso_sync_ms,13.447378,recorder
20260925-142559_perlmutter_effc80dd,ours_l01_s1_pv2_r2_pv3c_eps025_trace-a2e8ab_b16_k8_isolated,isolated,ours,10,4,iso_sync_ms,12.302,recorder
20260925-142559_perlmutter_effc80dd,ours_l01_s1_pv2_r2_pv3c_eps025_trace-a2e8ab_b16_k8_isolated,isolated,ours,10,5,iso_sync_ms,12.415811,recorder
20260925-142559_perlmutter_effc80dd,ours_l01_s1_pv2_r2_pv3c_eps025_trace-a2e8ab_b16_k8_isolated,isolated,ours,10,6,iso_sync_ms,13.12306,recorder
20260925-142559_perlmutter_effc80dd,ours_l01_s1_pv2_r2_pv3c_eps025_trace-a2e8ab_b16_k8_isolated,isolated,ours,10,7,iso_sync_ms,12.168863,recorder
20260925-142559_perlmutter_effc80dd,ours_l01_s1_pv2_r2_pv3c_eps025_trace-a2e8ab_b16_k8_isolated,isolated,ours,10,8,iso_sync_ms,12.649664,recorder
20260925-142559_perlmutter_effc80dd,ours_l01_s1_pv2_r2_pv3c_eps025_trace-a2e8ab_b16_k8_isolated,isolated,ours,10,9,iso_sync_ms,13.033466,recorder
20260925-142559_perlmutter_effc80dd,ours_l01_s1_pv2_r2_pv3c_eps025_trace-a2e8ab_b16_k8_isolated,isolated,ours,10,0,l0_enq_ms,0.668203,recorder
20260925-142559_perlmutter_effc80dd,ours_l01_s1_pv2_r2_pv3c_eps025_trace-a2e8ab_b16_k8_isolated,isolated,ours,10,1,l0_enq_ms,0.652362,recorder
20260925-142559_perlmutter_effc80dd,ours_l01_s1_pv2_r2_pv3c_eps025_trace-a2e8ab_b16_k8_isolated,isolated,ours,10,2,l0_enq_ms,0.649607,recorder
20260925-142559_perlmutter_effc80dd,ours_l01_s1_pv2_r2_pv3c_eps025_trace-a2e8ab_b16_k8_isolated,isolated,ours,10,3,l0_enq_ms,0.619439,recorder
20260925-142559_perlmutter_effc80dd,ours_l01_s1_pv2_r2_pv3c_eps025_trace-a2e8ab_b16_k8_isolated,isolated,ours,10,4,l0_enq_ms,0.617977,recorder
20260925-142559_perlmutter_effc80dd,ours_l01_s1_pv2_r2_pv3c_eps025_trace-a2e8ab_b16_k8_isolated,isolated,ours,10,5,l0_enq_ms,0.647333,recorder
20260925-142559_perlmutter_effc80dd,ours_l01_s1_pv2_r2_pv3c_eps025_trace-a2e8ab_b16_k8_isolated,isolated,ours,10,6,l0_enq_ms,0.625601,recorder
20260925-142559_perlmutter_effc80dd,ours_l01_s1_pv2_r2_pv3c_eps025_trace-a2e8ab_b16_k8_isolated,isolated,ours,10,7,l0_enq_ms,0.65584,recorder
20260925-142559_perlmutter_effc80dd,ours_l01_s1_pv2_r2_pv3c_eps025_trace-a2e8ab_b16_k8_isolated,isolated,ours,10,8,l0_enq_ms,0.623046,recorder
20260925-142559_perlmutter_effc80dd,ours_l01_s1_pv2_r2_pv3c_eps025_trace-a2e8ab_b16_k8_isolated,isolated,ours,10,9,l0_enq_ms,0.629809,recorder
20260925-142559_perlmutter_effc80dd,ours_l01_s1_pv2_r2_pv3c_eps025_trace-a2e8ab_b16_k8_isolated,isolated,ours,10,0,l1_enq_ms,0.520046,recorder
20260925-142559_perlmutter_effc80dd,ours_l01_s1_pv2_r2_pv3c_eps025_trace-a2e8ab_b16_k8_isolated,isolated,ours,10,1,l1_enq_ms,0.494608,recorder
20260925-142559_perlmutter_effc80dd,ours_l01_s1_pv2_r2_pv3c_eps025_trace-a2e8ab_b16_k8_isolated,isolated,ours,10,2,l1_enq_ms,0.492864,recorder
20260925-142559_perlmutter_effc80dd,ours_l01_s1_pv2_r2_pv3c_eps025_trace-a2e8ab_b16_k8_isolated,isolated,ours,10,3,l1_enq_ms,0.484568,recorder
20260925-142559_perlmutter_effc80dd,ours_l01_s1_pv2_r2_pv3c_eps025_trace-a2e8ab_b16_k8_isolated,isolated,ours,10,4,l1_enq_ms,0.485139,recorder
20260925-142559_perlmutter_effc80dd,ours_l01_s1_pv2_r2_pv3c_eps025_trace-a2e8ab_b16_k8_isolated,isolated,ours,10,5,l1_enq_ms,0.486301,recorder
20260925-142559_perlmutter_effc80dd,ours_l01_s1_pv2_r2_pv3c_eps025_trace-a2e8ab_b16_k8_isolated,isolated,ours,10,6,l1_enq_ms,0.519306,recorder
20260925-142559_perlmutter_effc80dd,ours_l01_s1_pv2_r2_pv3c_eps025_trace-a2e8ab_b16_k8_isolated,isolated,ours,10,7,l1_enq_ms,0.512222,recorder
20260925-142559_perlmutter_effc80dd,ours_l01_s1_pv2_r2_pv3c_eps025_trace-a2e8ab_b16_k8_isolated,isolated,ours,10,8,l1_enq_ms,0.498805,recorder
20260925-142559_perlmutter_effc80dd,ours_l01_s1_pv2_r2_pv3c_eps025_trace-a2e8ab_b16_k8_isolated,isolated,ours,10,9,l1_enq_ms,0.500989,recorder
20260925-142559_perlmutter_effc80dd,ours_l01_s1_pv2_r2_pv3c_eps025_trace-a2e8ab_b16_k8_isolated,isolated,ours,11,0,e2e_ms,13.472704,recorder
20260925-142559_perlmutter_effc80dd,ours_l01_s1_pv2_r2_pv3c_eps025_trace-a2e8ab_b16_k8_isolated,isolated,ours,11,1,e2e_ms,13.714688,recorder
20260925-142559_perlmutter_effc80dd,ours_l01_s1_pv2_r2_pv3c_eps025_trace-a2e8ab_b16_k8_isolated,isolated,ours,11,2,e2e_ms,13.096224,recorder
20260925-142559_perlmutter_effc80dd,ours_l01_s1_pv2_r2_pv3c_eps025_trace-a2e8ab_b16_k8_isolated,isolated,ours,11,3,e2e_ms,13.573408,recorder
20260925-142559_perlmutter_effc80dd,ours_l01_s1_pv2_r2_pv3c_eps025_trace-a2e8ab_b16_k8_isolated,isolated,ours,11,4,e2e_ms,13.643104,recorder
20260925-142559_perlmutter_effc80dd,ours_l01_s1_pv2_r2_pv3c_eps025_trace-a2e8ab_b16_k8_isolated,isolated,ours,11,5,e2e_ms,14.34832,recorder
20260925-142559_perlmutter_effc80dd,ours_l01_s1_pv2_r2_pv3c_eps025_trace-a2e8ab_b16_k8_isolated,isolated,ours,11,6,e2e_ms,13.453408,recorder
20260925-142559_perlmutter_effc80dd,ours_l01_s1_pv2_r2_pv3c_eps025_trace-a2e8ab_b16_k8_isolated,isolated,ours,11,7,e2e_ms,13.76912,recorder
20260925-142559_perlmutter_effc80dd,ours_l01_s1_pv2_r2_pv3c_eps025_trace-a2e8ab_b16_k8_isolated,isolated,ours,11,8,e2e_ms,13.862816,recorder
20260925-142559_perlmutter_effc80dd,ours_l01_s1_pv2_r2_pv3c_eps025_trace-a2e8ab_b16_k8_isolated,isolated,ours,11,9,e2e_ms,13.867488,recorder
20260925-142559_perlmutter_effc80dd,ours_l01_s1_pv2_r2_pv3c_eps025_trace-a2e8ab_b16_k8_isolated,isolated,ours,11,0,l0_ms,6.952832,recorder
20260925-142559_perlmutter_effc80dd,ours_l01_s1_pv2_r2_pv3c_eps025_trace-a2e8ab_b16_k8_isolated,isolated,ours,11,1,l0_ms,6.765984,recorder
20260925-142559_perlmutter_effc80dd,ours_l01_s1_pv2_r2_pv3c_eps025_trace-a2e8ab_b16_k8_isolated,isolated,ours,11,2,l0_ms,6.504352,recorder
20260925-142559_perlmutter_effc80dd,ours_l01_s1_pv2_r2_pv3c_eps025_trace-a2e8ab_b16_k8_isolated,isolated,ours,11,3,l0_ms,6.42976,recorder
20260925-142559_perlmutter_effc80dd,ours_l01_s1_pv2_r2_pv3c_eps025_trace-a2e8ab_b16_k8_isolated,isolated,ours,11,4,l0_ms,6.736224,recorder
20260925-142559_perlmutter_effc80dd,ours_l01_s1_pv2_r2_pv3c_eps025_trace-a2e8ab_b16_k8_isolated,isolated,ours,11,5,l0_ms,6.975584,recorder
20260925-142559_perlmutter_effc80dd,ours_l01_s1_pv2_r2_pv3c_eps025_trace-a2e8ab_b16_k8_isolated,isolated,ours,11,6,l0_ms,6.634752,recorder
20260925-142559_perlmutter_effc80dd,ours_l01_s1_pv2_r2_pv3c_eps025_trace-a2e8ab_b16_k8_isolated,isolated,ours,11,7,l0_ms,6.722464,recorder
20260925-142559_perlmutter_effc80dd,ours_l01_s1_pv2_r2_pv3c_eps025_trace-a2e8ab_b16_k8_isolated,isolated,ours,11,8,l0_ms,6.77696,recorder
20260925-142559_perlmutter_effc80dd,ours_l01_s1_pv2_r2_pv3c_eps025_trace-a2e8ab_b16_k8_isolated,isolated,ours,11,9,l0_ms,6.523424,recorder
20260925-142559_perlmutter_effc80dd,ours_l01_s1_pv2_r2_pv3c_eps025_trace-a2e8ab_b16_k8_isolated,isolated,ours,11,0,act_ms,0.096992,recorder
20260925-142559_perlmutter_effc80dd,ours_l01_s1_pv2_r2_pv3c_eps025_trace-a2e8ab_b16_k8_isolated,isolated,ours,11,1,act_ms,0.09648,recorder
20260925-142559_perlmutter_effc80dd,ours_l01_s1_pv2_r2_pv3c_eps025_trace-a2e8ab_b16_k8_isolated,isolated,ours,11,2,act_ms,0.093056,recorder
20260925-142559_perlmutter_effc80dd,ours_l01_s1_pv2_r2_pv3c_eps025_trace-a2e8ab_b16_k8_isolated,isolated,ours,11,3,act_ms,0.09712,recorder
20260925-142559_perlmutter_effc80dd,ours_l01_s1_pv2_r2_pv3c_eps025_trace-a2e8ab_b16_k8_isolated,isolated,ours,11,4,act_ms,0.094624,recorder
20260925-142559_perlmutter_effc80dd,ours_l01_s1_pv2_r2_pv3c_eps025_trace-a2e8ab_b16_k8_isolated,isolated,ours,11,5,act_ms,0.09184,recorder
20260925-142559_perlmutter_effc80dd,ours_l01_s1_pv2_r2_pv3c_eps025_trace-a2e8ab_b16_k8_isolated,isolated,ours,11,6,act_ms,0.09152,recorder
20260925-142559_perlmutter_effc80dd,ours_l01_s1_pv2_r2_pv3c_eps025_trace-a2e8ab_b16_k8_isolated,isolated,ours,11,7,act_ms,0.092864,recorder
20260925-142559_perlmutter_effc80dd,ours_l01_s1_pv2_r2_pv3c_eps025_trace-a2e8ab_b16_k8_isolated,isolated,ours,11,8,act_ms,0.094816,recorder
20260925-142559_perlmutter_effc80dd,ours_l01_s1_pv2_r2_pv3c_eps025_trace-a2e8ab_b16_k8_isolated,isolated,ours,11,9,act_ms,0.092864,recorder
20260925-142559_perlmutter_effc80dd,ours_l01_s1_pv2_r2_pv3c_eps025_trace-a2e8ab_b16_k8_isolated,isolated,ours,11,0,l1_ms,6.42288,recorder
20260925-142559_perlmutter_effc80dd,ours_l01_s1_pv2_r2_pv3c_eps025_trace-a2e8ab_b16_k8_isolated,isolated,ours,11,1,l1_ms,6.852224,recorder
20260925-142559_perlmutter_effc80dd,ours_l01_s1_pv2_r2_pv3c_eps025_trace-a2e8ab_b16_k8_isolated,isolated,ours,11,2,l1_ms,6.498816,recorder
20260925-142559_perlmutter_effc80dd,ours_l01_s1_pv2_r2_pv3c_eps025_trace-a2e8ab_b16_k8_isolated,isolated,ours,11,3,l1_ms,7.046528,recorder
20260925-142559_perlmutter_effc80dd,ours_l01_s1_pv2_r2_pv3c_eps025_trace-a2e8ab_b16_k8_isolated,isolated,ours,11,4,l1_ms,6.812256,recorder
20260925-142559_perlmutter_effc80dd,ours_l01_s1_pv2_r2_pv3c_eps025_trace-a2e8ab_b16_k8_isolated,isolated,ours,11,5,l1_ms,7.280896,recorder
20260925-142559_perlmutter_effc80dd,ours_l01_s1_pv2_r2_pv3c_eps025_trace-a2e8ab_b16_k8_isolated,isolated,ours,11,6,l1_ms,6.727136,recorder
20260925-142559_perlmutter_effc80dd,ours_l01_s1_pv2_r2_pv3c_eps025_trace-a2e8ab_b16_k8_isolated,isolated,ours,11,7,l1_ms,6.953792,recorder
20260925-142559_perlmutter_effc80dd,ours_l01_s1_pv2_r2_pv3c_eps025_trace-a2e8ab_b16_k8_isolated,isolated,ours,11,8,l1_ms,6.99104,recorder
20260925-142559_perlmutter_effc80dd,ours_l01_s1_pv2_r2_pv3c_eps025_trace-a2e8ab_b16_k8_isolated,isolated,ours,11,9,l1_ms,7.2512,recorder
20260925-142559_perlmutter_effc80dd,ours_l01_s1_pv2_r2_pv3c_eps025_trace-a2e8ab_b16_k8_isolated,isolated,ours,11,0,plan_comm_ms,0.636864,recorder
20260925-142559_perlmutter_effc80dd,ours_l01_s1_pv2_r2_pv3c_eps025_trace-a2e8ab_b16_k8_isolated,isolated,ours,11,1,plan_comm_ms,0.453184,recorder
20260925-142559_perlmutter_effc80dd,ours_l01_s1_pv2_r2_pv3c_eps025_trace-a2e8ab_b16_k8_isolated,isolated,ours,11,2,plan_comm_ms,0.58304,recorder
20260925-142559_perlmutter_effc80dd,ours_l01_s1_pv2_r2_pv3c_eps025_trace-a2e8ab_b16_k8_isolated,isolated,ours,11,3,plan_comm_ms,0.424256,recorder
20260925-142559_perlmutter_effc80dd,ours_l01_s1_pv2_r2_pv3c_eps025_trace-a2e8ab_b16_k8_isolated,isolated,ours,11,4,plan_comm_ms,0.200992,recorder
20260925-142559_perlmutter_effc80dd,ours_l01_s1_pv2_r2_pv3c_eps025_trace-a2e8ab_b16_k8_isolated,isolated,ours,11,5,plan_comm_ms,0.672032,recorder
20260925-142559_perlmutter_effc80dd,ours_l01_s1_pv2_r2_pv3c_eps025_trace-a2e8ab_b16_k8_isolated,isolated,ours,11,6,plan_comm_ms,0.191488,recorder
20260925-142559_perlmutter_effc80dd,ours_l01_s1_pv2_r2_pv3c_eps025_trace-a2e8ab_b16_k8_isolated,isolated,ours,11,7,plan_comm_ms,0.184992,recorder
20260925-142559_perlmutter_effc80dd,ours_l01_s1_pv2_r2_pv3c_eps025_trace-a2e8ab_b16_k8_isolated,isolated,ours,11,8,plan_comm_ms,0.191104,recorder
20260925-142559_perlmutter_effc80dd,ours_l01_s1_pv2_r2_pv3c_eps025_trace-a2e8ab_b16_k8_isolated,isolated,ours,11,9,plan_comm_ms,0.189952,recorder
20260925-142559_perlmutter_effc80dd,ours_l01_s1_pv2_r2_pv3c_eps025_trace-a2e8ab_b16_k8_isolated,isolated,ours,11,0,place_ms,0.002304,recorder
20260925-142559_perlmutter_effc80dd,ours_l01_s1_pv2_r2_pv3c_eps025_trace-a2e8ab_b16_k8_isolated,isolated,ours,11,1,place_ms,0.002336,recorder
20260925-142559_perlmutter_effc80dd,ours_l01_s1_pv2_r2_pv3c_eps025_trace-a2e8ab_b16_k8_isolated,isolated,ours,11,2,place_ms,0.002304,recorder
20260925-142559_perlmutter_effc80dd,ours_l01_s1_pv2_r2_pv3c_eps025_trace-a2e8ab_b16_k8_isolated,isolated,ours,11,3,place_ms,0.002304,recorder
20260925-142559_perlmutter_effc80dd,ours_l01_s1_pv2_r2_pv3c_eps025_trace-a2e8ab_b16_k8_isolated,isolated,ours,11,4,place_ms,0.002336,recorder
20260925-142559_perlmutter_effc80dd,ours_l01_s1_pv2_r2_pv3c_eps025_trace-a2e8ab_b16_k8_isolated,isolated,ours,11,5,place_ms,0.002304,recorder
20260925-142559_perlmutter_effc80dd,ours_l01_s1_pv2_r2_pv3c_eps025_trace-a2e8ab_b16_k8_isolated,isolated,ours,11,6,place_ms,0.002304,recorder
20260925-142559_perlmutter_effc80dd,ours_l01_s1_pv2_r2_pv3c_eps025_trace-a2e8ab_b16_k8_isolated,isolated,ours,11,7,place_ms,0.002592,recorder
20260925-142559_perlmutter_effc80dd,ours_l01_s1_pv2_r2_pv3c_eps025_trace-a2e8ab_b16_k8_isolated,isolated,ours,11,8,place_ms,0.002304,recorder
20260925-142559_perlmutter_effc80dd,ours_l01_s1_pv2_r2_pv3c_eps025_trace-a2e8ab_b16_k8_isolated,isolated,ours,11,9,place_ms,0.002304,recorder
20260925-142559_perlmutter_effc80dd,ours_l01_s1_pv2_r2_pv3c_eps025_trace-a2e8ab_b16_k8_isolated,isolated,ours,11,0,plan_ms,1.1032,recorder
20260925-142559_perlmutter_effc80dd,ours_l01_s1_pv2_r2_pv3c_eps025_trace-a2e8ab_b16_k8_isolated,isolated,ours,11,1,plan_ms,1.118016,recorder
20260925-142559_perlmutter_effc80dd,ours_l01_s1_pv2_r2_pv3c_eps025_trace-a2e8ab_b16_k8_isolated,isolated,ours,11,2,plan_ms,1.10832,recorder
20260925-142559_perlmutter_effc80dd,ours_l01_s1_pv2_r2_pv3c_eps025_trace-a2e8ab_b16_k8_isolated,isolated,ours,11,3,plan_ms,1.137376,recorder
20260925-142559_perlmutter_effc80dd,ours_l01_s1_pv2_r2_pv3c_eps025_trace-a2e8ab_b16_k8_isolated,isolated,ours,11,4,plan_ms,1.105216,recorder
20260925-142559_perlmutter_effc80dd,ours_l01_s1_pv2_r2_pv3c_eps025_trace-a2e8ab_b16_k8_isolated,isolated,ours,11,5,plan_ms,1.11104,recorder
20260925-142559_perlmutter_effc80dd,ours_l01_s1_pv2_r2_pv3c_eps025_trace-a2e8ab_b16_k8_isolated,isolated,ours,11,6,plan_ms,1.115456,recorder
20260925-142559_perlmutter_effc80dd,ours_l01_s1_pv2_r2_pv3c_eps025_trace-a2e8ab_b16_k8_isolated,isolated,ours,11,7,plan_ms,1.126912,recorder
20260925-142559_perlmutter_effc80dd,ours_l01_s1_pv2_r2_pv3c_eps025_trace-a2e8ab_b16_k8_isolated,isolated,ours,11,8,plan_ms,1.126304,recorder
20260925-142559_perlmutter_effc80dd,ours_l01_s1_pv2_r2_pv3c_eps025_trace-a2e8ab_b16_k8_isolated,isolated,ours,11,9,plan_ms,1.13536,recorder
20260925-142559_perlmutter_effc80dd,ours_l01_s1_pv2_r2_pv3c_eps025_trace-a2e8ab_b16_k8_isolated,isolated,ours,11,0,total_ms,15.224768,recorder
20260925-142559_perlmutter_effc80dd,ours_l01_s1_pv2_r2_pv3c_eps025_trace-a2e8ab_b16_k8_isolated,isolated,ours,11,1,total_ms,15.29744,recorder
20260925-142559_perlmutter_effc80dd,ours_l01_s1_pv2_r2_pv3c_eps025_trace-a2e8ab_b16_k8_isolated,isolated,ours,11,2,total_ms,14.799776,recorder
20260925-142559_perlmutter_effc80dd,ours_l01_s1_pv2_r2_pv3c_eps025_trace-a2e8ab_b16_k8_isolated,isolated,ours,11,3,total_ms,15.146816,recorder
20260925-142559_perlmutter_effc80dd,ours_l01_s1_pv2_r2_pv3c_eps025_trace-a2e8ab_b16_k8_isolated,isolated,ours,11,4,total_ms,14.961728,recorder
20260925-142559_perlmutter_effc80dd,ours_l01_s1_pv2_r2_pv3c_eps025_trace-a2e8ab_b16_k8_isolated,isolated,ours,11,5,total_ms,16.143423,recorder
20260925-142559_perlmutter_effc80dd,ours_l01_s1_pv2_r2_pv3c_eps025_trace-a2e8ab_b16_k8_isolated,isolated,ours,11,6,total_ms,14.780896,recorder
20260925-142559_perlmutter_effc80dd,ours_l01_s1_pv2_r2_pv3c_eps025_trace-a2e8ab_b16_k8_isolated,isolated,ours,11,7,total_ms,15.09312,recorder
20260925-142559_perlmutter_effc80dd,ours_l01_s1_pv2_r2_pv3c_eps025_trace-a2e8ab_b16_k8_isolated,isolated,ours,11,8,total_ms,15.191776,recorder
20260925-142559_perlmutter_effc80dd,ours_l01_s1_pv2_r2_pv3c_eps025_trace-a2e8ab_b16_k8_isolated,isolated,ours,11,9,total_ms,15.204224,recorder
20260925-142559_perlmutter_effc80dd,ours_l01_s1_pv2_r2_pv3c_eps025_trace-a2e8ab_b16_k8_isolated,isolated,ours,11,0,iso_sync_ms,12.361746,recorder
20260925-142559_perlmutter_effc80dd,ours_l01_s1_pv2_r2_pv3c_eps025_trace-a2e8ab_b16_k8_isolated,isolated,ours,11,1,iso_sync_ms,12.507858,recorder
20260925-142559_perlmutter_effc80dd,ours_l01_s1_pv2_r2_pv3c_eps025_trace-a2e8ab_b16_k8_isolated,isolated,ours,11,2,iso_sync_ms,12.451629,recorder
20260925-142559_perlmutter_effc80dd,ours_l01_s1_pv2_r2_pv3c_eps025_trace-a2e8ab_b16_k8_isolated,isolated,ours,11,3,iso_sync_ms,13.521281,recorder
20260925-142559_perlmutter_effc80dd,ours_l01_s1_pv2_r2_pv3c_eps025_trace-a2e8ab_b16_k8_isolated,isolated,ours,11,4,iso_sync_ms,12.354181,recorder
20260925-142559_perlmutter_effc80dd,ours_l01_s1_pv2_r2_pv3c_eps025_trace-a2e8ab_b16_k8_isolated,isolated,ours,11,5,iso_sync_ms,12.398177,recorder
20260925-142559_perlmutter_effc80dd,ours_l01_s1_pv2_r2_pv3c_eps025_trace-a2e8ab_b16_k8_isolated,isolated,ours,11,6,iso_sync_ms,13.177214,recorder
20260925-142559_perlmutter_effc80dd,ours_l01_s1_pv2_r2_pv3c_eps025_trace-a2e8ab_b16_k8_isolated,isolated,ours,11,7,iso_sync_ms,12.244449,recorder
20260925-142559_perlmutter_effc80dd,ours_l01_s1_pv2_r2_pv3c_eps025_trace-a2e8ab_b16_k8_isolated,isolated,ours,11,8,iso_sync_ms,12.732274,recorder
20260925-142559_perlmutter_effc80dd,ours_l01_s1_pv2_r2_pv3c_eps025_trace-a2e8ab_b16_k8_isolated,isolated,ours,11,9,iso_sync_ms,13.083804,recorder
20260925-142559_perlmutter_effc80dd,ours_l01_s1_pv2_r2_pv3c_eps025_trace-a2e8ab_b16_k8_isolated,isolated,ours,11,0,l0_enq_ms,0.626684,recorder
20260925-142559_perlmutter_effc80dd,ours_l01_s1_pv2_r2_pv3c_eps025_trace-a2e8ab_b16_k8_isolated,isolated,ours,11,1,l0_enq_ms,0.61955,recorder
20260925-142559_perlmutter_effc80dd,ours_l01_s1_pv2_r2_pv3c_eps025_trace-a2e8ab_b16_k8_isolated,isolated,ours,11,2,l0_enq_ms,0.616072,recorder
20260925-142559_perlmutter_effc80dd,ours_l01_s1_pv2_r2_pv3c_eps025_trace-a2e8ab_b16_k8_isolated,isolated,ours,11,3,l0_enq_ms,0.598388,recorder
20260925-142559_perlmutter_effc80dd,ours_l01_s1_pv2_r2_pv3c_eps025_trace-a2e8ab_b16_k8_isolated,isolated,ours,11,4,l0_enq_ms,0.624569,recorder
20260925-142559_perlmutter_effc80dd,ours_l01_s1_pv2_r2_pv3c_eps025_trace-a2e8ab_b16_k8_isolated,isolated,ours,11,5,l0_enq_ms,0.615511,recorder
20260925-142559_perlmutter_effc80dd,ours_l01_s1_pv2_r2_pv3c_eps025_trace-a2e8ab_b16_k8_isolated,isolated,ours,11,6,l0_enq_ms,0.60403,recorder
20260925-142559_perlmutter_effc80dd,ours_l01_s1_pv2_r2_pv3c_eps025_trace-a2e8ab_b16_k8_isolated,isolated,ours,11,7,l0_enq_ms,0.598058,recorder
20260925-142559_perlmutter_effc80dd,ours_l01_s1_pv2_r2_pv3c_eps025_trace-a2e8ab_b16_k8_isolated,isolated,ours,11,8,l0_enq_ms,0.592938,recorder
20260925-142559_perlmutter_effc80dd,ours_l01_s1_pv2_r2_pv3c_eps025_trace-a2e8ab_b16_k8_isolated,isolated,ours,11,9,l0_enq_ms,0.611563,recorder
20260925-142559_perlmutter_effc80dd,ours_l01_s1_pv2_r2_pv3c_eps025_trace-a2e8ab_b16_k8_isolated,isolated,ours,11,0,l1_enq_ms,0.47003,recorder
20260925-142559_perlmutter_effc80dd,ours_l01_s1_pv2_r2_pv3c_eps025_trace-a2e8ab_b16_k8_isolated,isolated,ours,11,1,l1_enq_ms,0.4964,recorder
20260925-142559_perlmutter_effc80dd,ours_l01_s1_pv2_r2_pv3c_eps025_trace-a2e8ab_b16_k8_isolated,isolated,ours,11,2,l1_enq_ms,0.483627,recorder
20260925-142559_perlmutter_effc80dd,ours_l01_s1_pv2_r2_pv3c_eps025_trace-a2e8ab_b16_k8_isolated,isolated,ours,11,3,l1_enq_ms,0.48074,recorder
20260925-142559_perlmutter_effc80dd,ours_l01_s1_pv2_r2_pv3c_eps025_trace-a2e8ab_b16_k8_isolated,isolated,ours,11,4,l1_enq_ms,0.493315,recorder
20260925-142559_perlmutter_effc80dd,ours_l01_s1_pv2_r2_pv3c_eps025_trace-a2e8ab_b16_k8_isolated,isolated,ours,11,5,l1_enq_ms,0.492133,recorder
20260925-142559_perlmutter_effc80dd,ours_l01_s1_pv2_r2_pv3c_eps025_trace-a2e8ab_b16_k8_isolated,isolated,ours,11,6,l1_enq_ms,0.484598,recorder
20260925-142559_perlmutter_effc80dd,ours_l01_s1_pv2_r2_pv3c_eps025_trace-a2e8ab_b16_k8_isolated,isolated,ours,11,7,l1_enq_ms,0.503114,recorder
20260925-142559_perlmutter_effc80dd,ours_l01_s1_pv2_r2_pv3c_eps025_trace-a2e8ab_b16_k8_isolated,isolated,ours,11,8,l1_enq_ms,0.488415,recorder
20260925-142559_perlmutter_effc80dd,ours_l01_s1_pv2_r2_pv3c_eps025_trace-a2e8ab_b16_k8_isolated,isolated,ours,11,9,l1_enq_ms,0.492333,recorder
20260925-142559_perlmutter_effc80dd,ours_l01_s1_pv2_r2_pv3c_eps025_trace-a2e8ab_b16_k8_isolated,isolated,ours,12,0,e2e_ms,13.472928,recorder
20260925-142559_perlmutter_effc80dd,ours_l01_s1_pv2_r2_pv3c_eps025_trace-a2e8ab_b16_k8_isolated,isolated,ours,12,1,e2e_ms,13.73568,recorder
20260925-142559_perlmutter_effc80dd,ours_l01_s1_pv2_r2_pv3c_eps025_trace-a2e8ab_b16_k8_isolated,isolated,ours,12,2,e2e_ms,13.112992,recorder
20260925-142559_perlmutter_effc80dd,ours_l01_s1_pv2_r2_pv3c_eps025_trace-a2e8ab_b16_k8_isolated,isolated,ours,12,3,e2e_ms,13.610208,recorder
20260925-142559_perlmutter_effc80dd,ours_l01_s1_pv2_r2_pv3c_eps025_trace-a2e8ab_b16_k8_isolated,isolated,ours,12,4,e2e_ms,13.654976,recorder
20260925-142559_perlmutter_effc80dd,ours_l01_s1_pv2_r2_pv3c_eps025_trace-a2e8ab_b16_k8_isolated,isolated,ours,12,5,e2e_ms,14.392,recorder
20260925-142559_perlmutter_effc80dd,ours_l01_s1_pv2_r2_pv3c_eps025_trace-a2e8ab_b16_k8_isolated,isolated,ours,12,6,e2e_ms,13.479072,recorder
20260925-142559_perlmutter_effc80dd,ours_l01_s1_pv2_r2_pv3c_eps025_trace-a2e8ab_b16_k8_isolated,isolated,ours,12,7,e2e_ms,13.787424,recorder
20260925-142559_perlmutter_effc80dd,ours_l01_s1_pv2_r2_pv3c_eps025_trace-a2e8ab_b16_k8_isolated,isolated,ours,12,8,e2e_ms,13.921216,recorder
20260925-142559_perlmutter_effc80dd,ours_l01_s1_pv2_r2_pv3c_eps025_trace-a2e8ab_b16_k8_isolated,isolated,ours,12,9,e2e_ms,13.937152,recorder
20260925-142559_perlmutter_effc80dd,ours_l01_s1_pv2_r2_pv3c_eps025_trace-a2e8ab_b16_k8_isolated,isolated,ours,12,0,l0_ms,6.94256,recorder
20260925-142559_perlmutter_effc80dd,ours_l01_s1_pv2_r2_pv3c_eps025_trace-a2e8ab_b16_k8_isolated,isolated,ours,12,1,l0_ms,6.773728,recorder
20260925-142559_perlmutter_effc80dd,ours_l01_s1_pv2_r2_pv3c_eps025_trace-a2e8ab_b16_k8_isolated,isolated,ours,12,2,l0_ms,6.519776,recorder
20260925-142559_perlmutter_effc80dd,ours_l01_s1_pv2_r2_pv3c_eps025_trace-a2e8ab_b16_k8_isolated,isolated,ours,12,3,l0_ms,6.469856,recorder
20260925-142559_perlmutter_effc80dd,ours_l01_s1_pv2_r2_pv3c_eps025_trace-a2e8ab_b16_k8_isolated,isolated,ours,12,4,l0_ms,6.74768,recorder
20260925-142559_perlmutter_effc80dd,ours_l01_s1_pv2_r2_pv3c_eps025_trace-a2e8ab_b16_k8_isolated,isolated,ours,12,5,l0_ms,6.982592,recorder
20260925-142559_perlmutter_effc80dd,ours_l01_s1_pv2_r2_pv3c_eps025_trace-a2e8ab_b16_k8_isolated,isolated,ours,12,6,l0_ms,6.656832,recorder
20260925-142559_perlmutter_effc80dd,ours_l01_s1_pv2_r2_pv3c_eps025_trace-a2e8ab_b16_k8_isolated,isolated,ours,12,7,l0_ms,6.726784,recorder
20260925-142559_perlmutter_effc80dd,ours_l01_s1_pv2_r2_pv3c_eps025_trace-a2e8ab_b16_k8_isolated,isolated,ours,12,8,l0_ms,6.803936,recorder
20260925-142559_perlmutter_effc80dd,ours_l01_s1_pv2_r2_pv3c_eps025_trace-a2e8ab_b16_k8_isolated,isolated,ours,12,9,l0_ms,6.567904,recorder
20260925-142559_perlmutter_effc80dd,ours_l01_s1_pv2_r2_pv3c_eps025_trace-a2e8ab_b16_k8_isolated,isolated,ours,12,0,act_ms,0.122016,recorder
20260925-142559_perlmutter_effc80dd,ours_l01_s1_pv2_r2_pv3c_eps025_trace-a2e8ab_b16_k8_isolated,isolated,ours,12,1,act_ms,0.120256,recorder
20260925-142559_perlmutter_effc80dd,ours_l01_s1_pv2_r2_pv3c_eps025_trace-a2e8ab_b16_k8_isolated,isolated,ours,12,2,act_ms,0.117984,recorder
20260925-142559_perlmutter_effc80dd,ours_l01_s1_pv2_r2_pv3c_eps025_trace-a2e8ab_b16_k8_isolated,isolated,ours,12,3,act_ms,0.11792,recorder
20260925-142559_perlmutter_effc80dd,ours_l01_s1_pv2_r2_pv3c_eps025_trace-a2e8ab_b16_k8_isolated,isolated,ours,12,4,act_ms,0.118592,recorder
20260925-142559_perlmutter_effc80dd,ours_l01_s1_pv2_r2_pv3c_eps025_trace-a2e8ab_b16_k8_isolated,isolated,ours,12,5,act_ms,0.120576,recorder
20260925-142559_perlmutter_effc80dd,ours_l01_s1_pv2_r2_pv3c_eps025_trace-a2e8ab_b16_k8_isolated,isolated,ours,12,6,act_ms,0.119392,recorder
20260925-142559_perlmutter_effc80dd,ours_l01_s1_pv2_r2_pv3c_eps025_trace-a2e8ab_b16_k8_isolated,isolated,ours,12,7,act_ms,0.121152,recorder
20260925-142559_perlmutter_effc80dd,ours_l01_s1_pv2_r2_pv3c_eps025_trace-a2e8ab_b16_k8_isolated,isolated,ours,12,8,act_ms,0.1184,recorder
20260925-142559_perlmutter_effc80dd,ours_l01_s1_pv2_r2_pv3c_eps025_trace-a2e8ab_b16_k8_isolated,isolated,ours,12,9,act_ms,0.11888,recorder
20260925-142559_perlmutter_effc80dd,ours_l01_s1_pv2_r2_pv3c_eps025_trace-a2e8ab_b16_k8_isolated,isolated,ours,12,0,l1_ms,6.408352,recorder
20260925-142559_perlmutter_effc80dd,ours_l01_s1_pv2_r2_pv3c_eps025_trace-a2e8ab_b16_k8_isolated,isolated,ours,12,1,l1_ms,6.841696,recorder
20260925-142559_perlmutter_effc80dd,ours_l01_s1_pv2_r2_pv3c_eps025_trace-a2e8ab_b16_k8_isolated,isolated,ours,12,2,l1_ms,6.475232,recorder
20260925-142559_perlmutter_effc80dd,ours_l01_s1_pv2_r2_pv3c_eps025_trace-a2e8ab_b16_k8_isolated,isolated,ours,12,3,l1_ms,7.022432,recorder
20260925-142559_perlmutter_effc80dd,ours_l01_s1_pv2_r2_pv3c_eps025_trace-a2e8ab_b16_k8_isolated,isolated,ours,12,4,l1_ms,6.788704,recorder
20260925-142559_perlmutter_effc80dd,ours_l01_s1_pv2_r2_pv3c_eps025_trace-a2e8ab_b16_k8_isolated,isolated,ours,12,5,l1_ms,7.288832,recorder
20260925-142559_perlmutter_effc80dd,ours_l01_s1_pv2_r2_pv3c_eps025_trace-a2e8ab_b16_k8_isolated,isolated,ours,12,6,l1_ms,6.702848,recorder
20260925-142559_perlmutter_effc80dd,ours_l01_s1_pv2_r2_pv3c_eps025_trace-a2e8ab_b16_k8_isolated,isolated,ours,12,7,l1_ms,6.939488,recorder
20260925-142559_perlmutter_effc80dd,ours_l01_s1_pv2_r2_pv3c_eps025_trace-a2e8ab_b16_k8_isolated,isolated,ours,12,8,l1_ms,6.99888,recorder
20260925-142559_perlmutter_effc80dd,ours_l01_s1_pv2_r2_pv3c_eps025_trace-a2e8ab_b16_k8_isolated,isolated,ours,12,9,l1_ms,7.250368,recorder
20260925-142559_perlmutter_effc80dd,ours_l01_s1_pv2_r2_pv3c_eps025_trace-a2e8ab_b16_k8_isolated,isolated,ours,12,0,plan_comm_ms,0.628,recorder
20260925-142559_perlmutter_effc80dd,ours_l01_s1_pv2_r2_pv3c_eps025_trace-a2e8ab_b16_k8_isolated,isolated,ours,12,1,plan_comm_ms,0.453728,recorder
20260925-142559_perlmutter_effc80dd,ours_l01_s1_pv2_r2_pv3c_eps025_trace-a2e8ab_b16_k8_isolated,isolated,ours,12,2,plan_comm_ms,0.575232,recorder
20260925-142559_perlmutter_effc80dd,ours_l01_s1_pv2_r2_pv3c_eps025_trace-a2e8ab_b16_k8_isolated,isolated,ours,12,3,plan_comm_ms,0.417408,recorder
20260925-142559_perlmutter_effc80dd,ours_l01_s1_pv2_r2_pv3c_eps025_trace-a2e8ab_b16_k8_isolated,isolated,ours,12,4,plan_comm_ms,0.201632,recorder
20260925-142559_perlmutter_effc80dd,ours_l01_s1_pv2_r2_pv3c_eps025_trace-a2e8ab_b16_k8_isolated,isolated,ours,12,5,plan_comm_ms,0.669984,recorder
20260925-142559_perlmutter_effc80dd,ours_l01_s1_pv2_r2_pv3c_eps025_trace-a2e8ab_b16_k8_isolated,isolated,ours,12,6,plan_comm_ms,0.184864,recorder
20260925-142559_perlmutter_effc80dd,ours_l01_s1_pv2_r2_pv3c_eps025_trace-a2e8ab_b16_k8_isolated,isolated,ours,12,7,plan_comm_ms,0.181632,recorder
20260925-142559_perlmutter_effc80dd,ours_l01_s1_pv2_r2_pv3c_eps025_trace-a2e8ab_b16_k8_isolated,isolated,ours,12,8,plan_comm_ms,0.191072,recorder
20260925-142559_perlmutter_effc80dd,ours_l01_s1_pv2_r2_pv3c_eps025_trace-a2e8ab_b16_k8_isolated,isolated,ours,12,9,plan_comm_ms,0.177792,recorder
20260925-142559_perlmutter_effc80dd,ours_l01_s1_pv2_r2_pv3c_eps025_trace-a2e8ab_b16_k8_isolated,isolated,ours,12,0,place_ms,0.002368,recorder
20260925-142559_perlmutter_effc80dd,ours_l01_s1_pv2_r2_pv3c_eps025_trace-a2e8ab_b16_k8_isolated,isolated,ours,12,1,place_ms,0.002336,recorder
20260925-142559_perlmutter_effc80dd,ours_l01_s1_pv2_r2_pv3c_eps025_trace-a2e8ab_b16_k8_isolated,isolated,ours,12,2,place_ms,0.002368,recorder
20260925-142559_perlmutter_effc80dd,ours_l01_s1_pv2_r2_pv3c_eps025_trace-a2e8ab_b16_k8_isolated,isolated,ours,12,3,place_ms,0.002368,recorder
20260925-142559_perlmutter_effc80dd,ours_l01_s1_pv2_r2_pv3c_eps025_trace-a2e8ab_b16_k8_isolated,isolated,ours,12,4,place_ms,0.002368,recorder
20260925-142559_perlmutter_effc80dd,ours_l01_s1_pv2_r2_pv3c_eps025_trace-a2e8ab_b16_k8_isolated,isolated,ours,12,5,place_ms,0.002368,recorder
20260925-142559_perlmutter_effc80dd,ours_l01_s1_pv2_r2_pv3c_eps025_trace-a2e8ab_b16_k8_isolated,isolated,ours,12,6,place_ms,0.002688,recorder
20260925-142559_perlmutter_effc80dd,ours_l01_s1_pv2_r2_pv3c_eps025_trace-a2e8ab_b16_k8_isolated,isolated,ours,12,7,place_ms,0.002368,recorder
20260925-142559_perlmutter_effc80dd,ours_l01_s1_pv2_r2_pv3c_eps025_trace-a2e8ab_b16_k8_isolated,isolated,ours,12,8,place_ms,0.002336,recorder
20260925-142559_perlmutter_effc80dd,ours_l01_s1_pv2_r2_pv3c_eps025_trace-a2e8ab_b16_k8_isolated,isolated,ours,12,9,place_ms,0.002368,recorder
20260925-142559_perlmutter_effc80dd,ours_l01_s1_pv2_r2_pv3c_eps025_trace-a2e8ab_b16_k8_isolated,isolated,ours,12,0,plan_ms,1.114912,recorder
20260925-142559_perlmutter_effc80dd,ours_l01_s1_pv2_r2_pv3c_eps025_trace-a2e8ab_b16_k8_isolated,isolated,ours,12,1,plan_ms,1.093696,recorder
20260925-142559_perlmutter_effc80dd,ours_l01_s1_pv2_r2_pv3c_eps025_trace-a2e8ab_b16_k8_isolated,isolated,ours,12,2,plan_ms,1.09136,recorder
20260925-142559_perlmutter_effc80dd,ours_l01_s1_pv2_r2_pv3c_eps025_trace-a2e8ab_b16_k8_isolated,isolated,ours,12,3,plan_ms,1.097856,recorder
20260925-142559_perlmutter_effc80dd,ours_l01_s1_pv2_r2_pv3c_eps025_trace-a2e8ab_b16_k8_isolated,isolated,ours,12,4,plan_ms,1.088,recorder
20260925-142559_perlmutter_effc80dd,ours_l01_s1_pv2_r2_pv3c_eps025_trace-a2e8ab_b16_k8_isolated,isolated,ours,12,5,plan_ms,1.093216,recorder
20260925-142559_perlmutter_effc80dd,ours_l01_s1_pv2_r2_pv3c_eps025_trace-a2e8ab_b16_k8_isolated,isolated,ours,12,6,plan_ms,1.1,recorder
20260925-142559_perlmutter_effc80dd,ours_l01_s1_pv2_r2_pv3c_eps025_trace-a2e8ab_b16_k8_isolated,isolated,ours,12,7,plan_ms,1.115616,recorder
20260925-142559_perlmutter_effc80dd,ours_l01_s1_pv2_r2_pv3c_eps025_trace-a2e8ab_b16_k8_isolated,isolated,ours,12,8,plan_ms,1.09248,recorder
20260925-142559_perlmutter_effc80dd,ours_l01_s1_pv2_r2_pv3c_eps025_trace-a2e8ab_b16_k8_isolated,isolated,ours,12,9,plan_ms,1.102272,recorder
20260925-142559_perlmutter_effc80dd,ours_l01_s1_pv2_r2_pv3c_eps025_trace-a2e8ab_b16_k8_isolated,isolated,ours,12,0,total_ms,15.227872,recorder
20260925-142559_perlmutter_effc80dd,ours_l01_s1_pv2_r2_pv3c_eps025_trace-a2e8ab_b16_k8_isolated,isolated,ours,12,1,total_ms,15.29472,recorder
20260925-142559_perlmutter_effc80dd,ours_l01_s1_pv2_r2_pv3c_eps025_trace-a2e8ab_b16_k8_isolated,isolated,ours,12,2,total_ms,14.791488,recorder
20260925-142559_perlmutter_effc80dd,ours_l01_s1_pv2_r2_pv3c_eps025_trace-a2e8ab_b16_k8_isolated,isolated,ours,12,3,total_ms,15.137024,recorder
20260925-142559_perlmutter_effc80dd,ours_l01_s1_pv2_r2_pv3c_eps025_trace-a2e8ab_b16_k8_isolated,isolated,ours,12,4,total_ms,14.956608,recorder
20260925-142559_perlmutter_effc80dd,ours_l01_s1_pv2_r2_pv3c_eps025_trace-a2e8ab_b16_k8_isolated,isolated,ours,12,5,total_ms,16.167616,recorder
20260925-142559_perlmutter_effc80dd,ours_l01_s1_pv2_r2_pv3c_eps025_trace-a2e8ab_b16_k8_isolated,isolated,ours,12,6,total_ms,14.776736,recorder
20260925-142559_perlmutter_effc80dd,ours_l01_s1_pv2_r2_pv3c_eps025_trace-a2e8ab_b16_k8_isolated,isolated,ours,12,7,total_ms,15.097088,recorder
20260925-142559_perlmutter_effc80dd,ours_l01_s1_pv2_r2_pv3c_eps025_trace-a2e8ab_b16_k8_isolated,isolated,ours,12,8,total_ms,15.216928,recorder
20260925-142559_perlmutter_effc80dd,ours_l01_s1_pv2_r2_pv3c_eps025_trace-a2e8ab_b16_k8_isolated,isolated,ours,12,9,total_ms,15.229248,recorder
20260925-142559_perlmutter_effc80dd,ours_l01_s1_pv2_r2_pv3c_eps025_trace-a2e8ab_b16_k8_isolated,isolated,ours,12,0,iso_sync_ms,12.260011,recorder
20260925-142559_perlmutter_effc80dd,ours_l01_s1_pv2_r2_pv3c_eps025_trace-a2e8ab_b16_k8_isolated,isolated,ours,12,1,iso_sync_ms,12.428177,recorder
20260925-142559_perlmutter_effc80dd,ours_l01_s1_pv2_r2_pv3c_eps025_trace-a2e8ab_b16_k8_isolated,isolated,ours,12,2,iso_sync_ms,12.45581,recorder
20260925-142559_perlmutter_effc80dd,ours_l01_s1_pv2_r2_pv3c_eps025_trace-a2e8ab_b16_k8_isolated,isolated,ours,12,3,iso_sync_ms,13.465494,recorder
20260925-142559_perlmutter_effc80dd,ours_l01_s1_pv2_r2_pv3c_eps025_trace-a2e8ab_b16_k8_isolated,isolated,ours,12,4,iso_sync_ms,12.328233,recorder
20260925-142559_perlmutter_effc80dd,ours_l01_s1_pv2_r2_pv3c_eps025_trace-a2e8ab_b16_k8_isolated,isolated,ours,12,5,iso_sync_ms,12.408459,recorder
20260925-142559_perlmutter_effc80dd,ours_l01_s1_pv2_r2_pv3c_eps025_trace-a2e8ab_b16_k8_isolated,isolated,ours,12,6,iso_sync_ms,13.12735,recorder
20260925-142559_perlmutter_effc80dd,ours_l01_s1_pv2_r2_pv3c_eps025_trace-a2e8ab_b16_k8_isolated,isolated,ours,12,7,iso_sync_ms,12.219513,recorder
20260925-142559_perlmutter_effc80dd,ours_l01_s1_pv2_r2_pv3c_eps025_trace-a2e8ab_b16_k8_isolated,isolated,ours,12,8,iso_sync_ms,12.70345,recorder
20260925-142559_perlmutter_effc80dd,ours_l01_s1_pv2_r2_pv3c_eps025_trace-a2e8ab_b16_k8_isolated,isolated,ours,12,9,iso_sync_ms,13.073235,recorder
20260925-142559_perlmutter_effc80dd,ours_l01_s1_pv2_r2_pv3c_eps025_trace-a2e8ab_b16_k8_isolated,isolated,ours,12,0,l0_enq_ms,0.675978,recorder
20260925-142559_perlmutter_effc80dd,ours_l01_s1_pv2_r2_pv3c_eps025_trace-a2e8ab_b16_k8_isolated,isolated,ours,12,1,l0_enq_ms,0.659116,recorder
20260925-142559_perlmutter_effc80dd,ours_l01_s1_pv2_r2_pv3c_eps025_trace-a2e8ab_b16_k8_isolated,isolated,ours,12,2,l0_enq_ms,0.667281,recorder
20260925-142559_perlmutter_effc80dd,ours_l01_s1_pv2_r2_pv3c_eps025_trace-a2e8ab_b16_k8_isolated,isolated,ours,12,3,l0_enq_ms,0.656751,recorder
20260925-142559_perlmutter_effc80dd,ours_l01_s1_pv2_r2_pv3c_eps025_trace-a2e8ab_b16_k8_isolated,isolated,ours,12,4,l0_enq_ms,0.638716,recorder
20260925-142559_perlmutter_effc80dd,ours_l01_s1_pv2_r2_pv3c_eps025_trace-a2e8ab_b16_k8_isolated,isolated,ours,12,5,l0_enq_ms,0.663844,recorder
20260925-142559_perlmutter_effc80dd,ours_l01_s1_pv2_r2_pv3c_eps025_trace-a2e8ab_b16_k8_isolated,isolated,ours,12,6,l0_enq_ms,0.632905,recorder
20260925-142559_perlmutter_effc80dd,ours_l01_s1_pv2_r2_pv3c_eps025_trace-a2e8ab_b16_k8_isolated,isolated,ours,12,7,l0_enq_ms,0.660218,recorder
20260925-142559_perlmutter_effc80dd,ours_l01_s1_pv2_r2_pv3c_eps025_trace-a2e8ab_b16_k8_isolated,isolated,ours,12,8,l0_enq_ms,0.647694,recorder
20260925-142559_perlmutter_effc80dd,ours_l01_s1_pv2_r2_pv3c_eps025_trace-a2e8ab_b16_k8_isolated,isolated,ours,12,9,l0_enq_ms,0.665919,recorder
20260925-142559_perlmutter_effc80dd,ours_l01_s1_pv2_r2_pv3c_eps025_trace-a2e8ab_b16_k8_isolated,isolated,ours,12,0,l1_enq_ms,0.490719,recorder
20260925-142559_perlmutter_effc80dd,ours_l01_s1_pv2_r2_pv3c_eps025_trace-a2e8ab_b16_k8_isolated,isolated,ours,12,1,l1_enq_ms,0.489537,recorder
20260925-142559_perlmutter_effc80dd,ours_l01_s1_pv2_r2_pv3c_eps025_trace-a2e8ab_b16_k8_isolated,isolated,ours,12,2,l1_enq_ms,0.497213,recorder
20260925-142559_perlmutter_effc80dd,ours_l01_s1_pv2_r2_pv3c_eps025_trace-a2e8ab_b16_k8_isolated,isolated,ours,12,3,l1_enq_ms,0.488786,recorder
20260925-142559_perlmutter_effc80dd,ours_l01_s1_pv2_r2_pv3c_eps025_trace-a2e8ab_b16_k8_isolated,isolated,ours,12,4,l1_enq_ms,0.494397,recorder
20260925-142559_perlmutter_effc80dd,ours_l01_s1_pv2_r2_pv3c_eps025_trace-a2e8ab_b16_k8_isolated,isolated,ours,12,5,l1_enq_ms,0.492032,recorder
20260925-142559_perlmutter_effc80dd,ours_l01_s1_pv2_r2_pv3c_eps025_trace-a2e8ab_b16_k8_isolated,isolated,ours,12,6,l1_enq_ms,0.489277,recorder
20260925-142559_perlmutter_effc80dd,ours_l01_s1_pv2_r2_pv3c_eps025_trace-a2e8ab_b16_k8_isolated,isolated,ours,12,7,l1_enq_ms,0.493435,recorder
20260925-142559_perlmutter_effc80dd,ours_l01_s1_pv2_r2_pv3c_eps025_trace-a2e8ab_b16_k8_isolated,isolated,ours,12,8,l1_enq_ms,0.492363,recorder
20260925-142559_perlmutter_effc80dd,ours_l01_s1_pv2_r2_pv3c_eps025_trace-a2e8ab_b16_k8_isolated,isolated,ours,12,9,l1_enq_ms,0.48574,recorder
20260925-142559_perlmutter_effc80dd,ours_l01_s1_pv2_r2_pv3c_eps025_trace-a2e8ab_b16_k8_isolated,isolated,ours,13,0,e2e_ms,13.447872,recorder
20260925-142559_perlmutter_effc80dd,ours_l01_s1_pv2_r2_pv3c_eps025_trace-a2e8ab_b16_k8_isolated,isolated,ours,13,1,e2e_ms,13.713792,recorder
20260925-142559_perlmutter_effc80dd,ours_l01_s1_pv2_r2_pv3c_eps025_trace-a2e8ab_b16_k8_isolated,isolated,ours,13,2,e2e_ms,13.095072,recorder
20260925-142559_perlmutter_effc80dd,ours_l01_s1_pv2_r2_pv3c_eps025_trace-a2e8ab_b16_k8_isolated,isolated,ours,13,3,e2e_ms,13.604288,recorder
20260925-142559_perlmutter_effc80dd,ours_l01_s1_pv2_r2_pv3c_eps025_trace-a2e8ab_b16_k8_isolated,isolated,ours,13,4,e2e_ms,13.635872,recorder
20260925-142559_perlmutter_effc80dd,ours_l01_s1_pv2_r2_pv3c_eps025_trace-a2e8ab_b16_k8_isolated,isolated,ours,13,5,e2e_ms,14.388896,recorder
20260925-142559_perlmutter_effc80dd,ours_l01_s1_pv2_r2_pv3c_eps025_trace-a2e8ab_b16_k8_isolated,isolated,ours,13,6,e2e_ms,13.443552,recorder
20260925-142559_perlmutter_effc80dd,ours_l01_s1_pv2_r2_pv3c_eps025_trace-a2e8ab_b16_k8_isolated,isolated,ours,13,7,e2e_ms,13.762848,recorder
20260925-142559_perlmutter_effc80dd,ours_l01_s1_pv2_r2_pv3c_eps025_trace-a2e8ab_b16_k8_isolated,isolated,ours,13,8,e2e_ms,13.91312,recorder
20260925-142559_perlmutter_effc80dd,ours_l01_s1_pv2_r2_pv3c_eps025_trace-a2e8ab_b16_k8_isolated,isolated,ours,13,9,e2e_ms,13.941568,recorder
20260925-142559_perlmutter_effc80dd,ours_l01_s1_pv2_r2_pv3c_eps025_trace-a2e8ab_b16_k8_isolated,isolated,ours,13,0,l0_ms,6.920512,recorder
20260925-142559_perlmutter_effc80dd,ours_l01_s1_pv2_r2_pv3c_eps025_trace-a2e8ab_b16_k8_isolated,isolated,ours,13,1,l0_ms,6.763456,recorder
20260925-142559_perlmutter_effc80dd,ours_l01_s1_pv2_r2_pv3c_eps025_trace-a2e8ab_b16_k8_isolated,isolated,ours,13,2,l0_ms,6.511488,recorder
20260925-142559_perlmutter_effc80dd,ours_l01_s1_pv2_r2_pv3c_eps025_trace-a2e8ab_b16_k8_isolated,isolated,ours,13,3,l0_ms,6.462912,recorder
20260925-142559_perlmutter_effc80dd,ours_l01_s1_pv2_r2_pv3c_eps025_trace-a2e8ab_b16_k8_isolated,isolated,ours,13,4,l0_ms,6.737984,recorder
20260925-142559_perlmutter_effc80dd,ours_l01_s1_pv2_r2_pv3c_eps025_trace-a2e8ab_b16_k8_isolated,isolated,ours,13,5,l0_ms,6.978592,recorder
20260925-142559_perlmutter_effc80dd,ours_l01_s1_pv2_r2_pv3c_eps025_trace-a2e8ab_b16_k8_isolated,isolated,ours,13,6,l0_ms,6.626848,recorder
20260925-142559_perlmutter_effc80dd,ours_l01_s1_pv2_r2_pv3c_eps025_trace-a2e8ab_b16_k8_isolated,isolated,ours,13,7,l0_ms,6.710496,recorder
20260925-142559_perlmutter_effc80dd,ours_l01_s1_pv2_r2_pv3c_eps025_trace-a2e8ab_b16_k8_isolated,isolated,ours,13,8,l0_ms,6.797216,recorder
20260925-142559_perlmutter_effc80dd,ours_l01_s1_pv2_r2_pv3c_eps025_trace-a2e8ab_b16_k8_isolated,isolated,ours,13,9,l0_ms,6.564288,recorder
20260925-142559_perlmutter_effc80dd,ours_l01_s1_pv2_r2_pv3c_eps025_trace-a2e8ab_b16_k8_isolated,isolated,ours,13,0,act_ms,0.092768,recorder
20260925-142559_perlmutter_effc80dd,ours_l01_s1_pv2_r2_pv3c_eps025_trace-a2e8ab_b16_k8_isolated,isolated,ours,13,1,act_ms,0.092832,recorder
20260925-142559_perlmutter_effc80dd,ours_l01_s1_pv2_r2_pv3c_eps025_trace-a2e8ab_b16_k8_isolated,isolated,ours,13,2,act_ms,0.092384,recorder
20260925-142559_perlmutter_effc80dd,ours_l01_s1_pv2_r2_pv3c_eps025_trace-a2e8ab_b16_k8_isolated,isolated,ours,13,3,act_ms,0.097952,recorder
20260925-142559_perlmutter_effc80dd,ours_l01_s1_pv2_r2_pv3c_eps025_trace-a2e8ab_b16_k8_isolated,isolated,ours,13,4,act_ms,0.09552,recorder
20260925-142559_perlmutter_effc80dd,ours_l01_s1_pv2_r2_pv3c_eps025_trace-a2e8ab_b16_k8_isolated,isolated,ours,13,5,act_ms,0.094464,recorder
20260925-142559_perlmutter_effc80dd,ours_l01_s1_pv2_r2_pv3c_eps025_trace-a2e8ab_b16_k8_isolated,isolated,ours,13,6,act_ms,0.097792,recorder
20260925-142559_perlmutter_effc80dd,ours_l01_s1_pv2_r2_pv3c_eps025_trace-a2e8ab_b16_k8_isolated,isolated,ours,13,7,act_ms,0.09872,recorder
20260925-142559_perlmutter_effc80dd,ours_l01_s1_pv2_r2_pv3c_eps025_trace-a2e8ab_b16_k8_isolated,isolated,ours,13,8,act_ms,0.094816,recorder
20260925-142559_perlmutter_effc80dd,ours_l01_s1_pv2_r2_pv3c_eps025_trace-a2e8ab_b16_k8_isolated,isolated,ours,13,9,act_ms,0.091136,recorder
20260925-142559_perlmutter_effc80dd,ours_l01_s1_pv2_r2_pv3c_eps025_trace-a2e8ab_b16_k8_isolated,isolated,ours,13,0,l1_ms,6.434592,recorder
20260925-142559_perlmutter_effc80dd,ours_l01_s1_pv2_r2_pv3c_eps025_trace-a2e8ab_b16_k8_isolated,isolated,ours,13,1,l1_ms,6.857504,recorder
20260925-142559_perlmutter_effc80dd,ours_l01_s1_pv2_r2_pv3c_eps025_trace-a2e8ab_b16_k8_isolated,isolated,ours,13,2,l1_ms,6.4912,recorder
20260925-142559_perlmutter_effc80dd,ours_l01_s1_pv2_r2_pv3c_eps025_trace-a2e8ab_b16_k8_isolated,isolated,ours,13,3,l1_ms,7.043424,recorder
20260925-142559_perlmutter_effc80dd,ours_l01_s1_pv2_r2_pv3c_eps025_trace-a2e8ab_b16_k8_isolated,isolated,ours,13,4,l1_ms,6.802368,recorder
20260925-142559_perlmutter_effc80dd,ours_l01_s1_pv2_r2_pv3c_eps025_trace-a2e8ab_b16_k8_isolated,isolated,ours,13,5,l1_ms,7.31584,recorder
20260925-142559_perlmutter_effc80dd,ours_l01_s1_pv2_r2_pv3c_eps025_trace-a2e8ab_b16_k8_isolated,isolated,ours,13,6,l1_ms,6.718912,recorder
20260925-142559_perlmutter_effc80dd,ours_l01_s1_pv2_r2_pv3c_eps025_trace-a2e8ab_b16_k8_isolated,isolated,ours,13,7,l1_ms,6.953632,recorder
20260925-142559_perlmutter_effc80dd,ours_l01_s1_pv2_r2_pv3c_eps025_trace-a2e8ab_b16_k8_isolated,isolated,ours,13,8,l1_ms,7.021088,recorder
20260925-142559_perlmutter_effc80dd,ours_l01_s1_pv2_r2_pv3c_eps025_trace-a2e8ab_b16_k8_isolated,isolated,ours,13,9,l1_ms,7.286144,recorder
20260925-142559_perlmutter_effc80dd,ours_l01_s1_pv2_r2_pv3c_eps025_trace-a2e8ab_b16_k8_isolated,isolated,ours,13,0,plan_comm_ms,0.631168,recorder
20260925-142559_perlmutter_effc80dd,ours_l01_s1_pv2_r2_pv3c_eps025_trace-a2e8ab_b16_k8_isolated,isolated,ours,13,1,plan_comm_ms,0.455104,recorder
20260925-142559_perlmutter_effc80dd,ours_l01_s1_pv2_r2_pv3c_eps025_trace-a2e8ab_b16_k8_isolated,isolated,ours,13,2,plan_comm_ms,0.57808,recorder
20260925-142559_perlmutter_effc80dd,ours_l01_s1_pv2_r2_pv3c_eps025_trace-a2e8ab_b16_k8_isolated,isolated,ours,13,3,plan_comm_ms,0.422496,recorder
20260925-142559_perlmutter_effc80dd,ours_l01_s1_pv2_r2_pv3c_eps025_trace-a2e8ab_b16_k8_isolated,isolated,ours,13,4,plan_comm_ms,0.201728,recorder
20260925-142559_perlmutter_effc80dd,ours_l01_s1_pv2_r2_pv3c_eps025_trace-a2e8ab_b16_k8_isolated,isolated,ours,13,5,plan_comm_ms,0.669216,recorder
20260925-142559_perlmutter_effc80dd,ours_l01_s1_pv2_r2_pv3c_eps025_trace-a2e8ab_b16_k8_isolated,isolated,ours,13,6,plan_comm_ms,0.184704,recorder
20260925-142559_perlmutter_effc80dd,ours_l01_s1_pv2_r2_pv3c_eps025_trace-a2e8ab_b16_k8_isolated,isolated,ours,13,7,plan_comm_ms,0.183264,recorder
20260925-142559_perlmutter_effc80dd,ours_l01_s1_pv2_r2_pv3c_eps025_trace-a2e8ab_b16_k8_isolated,isolated,ours,13,8,plan_comm_ms,0.192,recorder
20260925-142559_perlmutter_effc80dd,ours_l01_s1_pv2_r2_pv3c_eps025_trace-a2e8ab_b16_k8_isolated,isolated,ours,13,9,plan_comm_ms,0.17856,recorder
20260925-142559_perlmutter_effc80dd,ours_l01_s1_pv2_r2_pv3c_eps025_trace-a2e8ab_b16_k8_isolated,isolated,ours,13,0,place_ms,0.002304,recorder
20260925-142559_perlmutter_effc80dd,ours_l01_s1_pv2_r2_pv3c_eps025_trace-a2e8ab_b16_k8_isolated,isolated,ours,13,1,place_ms,0.002304,recorder
20260925-142559_perlmutter_effc80dd,ours_l01_s1_pv2_r2_pv3c_eps025_trace-a2e8ab_b16_k8_isolated,isolated,ours,13,2,place_ms,0.002304,recorder
20260925-142559_perlmutter_effc80dd,ours_l01_s1_pv2_r2_pv3c_eps025_trace-a2e8ab_b16_k8_isolated,isolated,ours,13,3,place_ms,0.002304,recorder
20260925-142559_perlmutter_effc80dd,ours_l01_s1_pv2_r2_pv3c_eps025_trace-a2e8ab_b16_k8_isolated,isolated,ours,13,4,place_ms,0.002304,recorder
20260925-142559_perlmutter_effc80dd,ours_l01_s1_pv2_r2_pv3c_eps025_trace-a2e8ab_b16_k8_isolated,isolated,ours,13,5,place_ms,0.002304,recorder
20260925-142559_perlmutter_effc80dd,ours_l01_s1_pv2_r2_pv3c_eps025_trace-a2e8ab_b16_k8_isolated,isolated,ours,13,6,place_ms,0.002336,recorder
20260925-142559_perlmutter_effc80dd,ours_l01_s1_pv2_r2_pv3c_eps025_trace-a2e8ab_b16_k8_isolated,isolated,ours,13,7,place_ms,0.002336,recorder
20260925-142559_perlmutter_effc80dd,ours_l01_s1_pv2_r2_pv3c_eps025_trace-a2e8ab_b16_k8_isolated,isolated,ours,13,8,place_ms,0.002336,recorder
20260925-142559_perlmutter_effc80dd,ours_l01_s1_pv2_r2_pv3c_eps025_trace-a2e8ab_b16_k8_isolated,isolated,ours,13,9,place_ms,0.002304,recorder
20260925-142559_perlmutter_effc80dd,ours_l01_s1_pv2_r2_pv3c_eps025_trace-a2e8ab_b16_k8_isolated,isolated,ours,13,0,plan_ms,1.142272,recorder
20260925-142559_perlmutter_effc80dd,ours_l01_s1_pv2_r2_pv3c_eps025_trace-a2e8ab_b16_k8_isolated,isolated,ours,13,1,plan_ms,1.116352,recorder
20260925-142559_perlmutter_effc80dd,ours_l01_s1_pv2_r2_pv3c_eps025_trace-a2e8ab_b16_k8_isolated,isolated,ours,13,2,plan_ms,1.108224,recorder
20260925-142559_perlmutter_effc80dd,ours_l01_s1_pv2_r2_pv3c_eps025_trace-a2e8ab_b16_k8_isolated,isolated,ours,13,3,plan_ms,1.10448,recorder
20260925-142559_perlmutter_effc80dd,ours_l01_s1_pv2_r2_pv3c_eps025_trace-a2e8ab_b16_k8_isolated,isolated,ours,13,4,plan_ms,1.107456,recorder
20260925-142559_perlmutter_effc80dd,ours_l01_s1_pv2_r2_pv3c_eps025_trace-a2e8ab_b16_k8_isolated,isolated,ours,13,5,plan_ms,1.1056,recorder
20260925-142559_perlmutter_effc80dd,ours_l01_s1_pv2_r2_pv3c_eps025_trace-a2e8ab_b16_k8_isolated,isolated,ours,13,6,plan_ms,1.141248,recorder
20260925-142559_perlmutter_effc80dd,ours_l01_s1_pv2_r2_pv3c_eps025_trace-a2e8ab_b16_k8_isolated,isolated,ours,13,7,plan_ms,1.140032,recorder
20260925-142559_perlmutter_effc80dd,ours_l01_s1_pv2_r2_pv3c_eps025_trace-a2e8ab_b16_k8_isolated,isolated,ours,13,8,plan_ms,1.105344,recorder
20260925-142559_perlmutter_effc80dd,ours_l01_s1_pv2_r2_pv3c_eps025_trace-a2e8ab_b16_k8_isolated,isolated,ours,13,9,plan_ms,1.099616,recorder
20260925-142559_perlmutter_effc80dd,ours_l01_s1_pv2_r2_pv3c_eps025_trace-a2e8ab_b16_k8_isolated,isolated,ours,13,0,total_ms,15.233056,recorder
20260925-142559_perlmutter_effc80dd,ours_l01_s1_pv2_r2_pv3c_eps025_trace-a2e8ab_b16_k8_isolated,isolated,ours,13,1,total_ms,15.297696,recorder
20260925-142559_perlmutter_effc80dd,ours_l01_s1_pv2_r2_pv3c_eps025_trace-a2e8ab_b16_k8_isolated,isolated,ours,13,2,total_ms,14.793952,recorder
20260925-142559_perlmutter_effc80dd,ours_l01_s1_pv2_r2_pv3c_eps025_trace-a2e8ab_b16_k8_isolated,isolated,ours,13,3,total_ms,15.143424,recorder
20260925-142559_perlmutter_effc80dd,ours_l01_s1_pv2_r2_pv3c_eps025_trace-a2e8ab_b16_k8_isolated,isolated,ours,13,4,total_ms,14.95664,recorder
20260925-142559_perlmutter_effc80dd,ours_l01_s1_pv2_r2_pv3c_eps025_trace-a2e8ab_b16_k8_isolated,isolated,ours,13,5,total_ms,16.17552,recorder
20260925-142559_perlmutter_effc80dd,ours_l01_s1_pv2_r2_pv3c_eps025_trace-a2e8ab_b16_k8_isolated,isolated,ours,13,6,total_ms,14.781152,recorder
20260925-142559_perlmutter_effc80dd,ours_l01_s1_pv2_r2_pv3c_eps025_trace-a2e8ab_b16_k8_isolated,isolated,ours,13,7,total_ms,15.098048,recorder
20260925-142559_perlmutter_effc80dd,ours_l01_s1_pv2_r2_pv3c_eps025_trace-a2e8ab_b16_k8_isolated,isolated,ours,13,8,total_ms,15.222784,recorder
20260925-142559_perlmutter_effc80dd,ours_l01_s1_pv2_r2_pv3c_eps025_trace-a2e8ab_b16_k8_isolated,isolated,ours,13,9,total_ms,15.23168,recorder
20260925-142559_perlmutter_effc80dd,ours_l01_s1_pv2_r2_pv3c_eps025_trace-a2e8ab_b16_k8_isolated,isolated,ours,13,0,iso_sync_ms,12.282174,recorder
20260925-142559_perlmutter_effc80dd,ours_l01_s1_pv2_r2_pv3c_eps025_trace-a2e8ab_b16_k8_isolated,isolated,ours,13,1,iso_sync_ms,12.355005,recorder
20260925-142559_perlmutter_effc80dd,ours_l01_s1_pv2_r2_pv3c_eps025_trace-a2e8ab_b16_k8_isolated,isolated,ours,13,2,iso_sync_ms,12.437966,recorder
20260925-142559_perlmutter_effc80dd,ours_l01_s1_pv2_r2_pv3c_eps025_trace-a2e8ab_b16_k8_isolated,isolated,ours,13,3,iso_sync_ms,13.487778,recorder
20260925-142559_perlmutter_effc80dd,ours_l01_s1_pv2_r2_pv3c_eps025_trace-a2e8ab_b16_k8_isolated,isolated,ours,13,4,iso_sync_ms,12.315508,recorder
20260925-142559_perlmutter_effc80dd,ours_l01_s1_pv2_r2_pv3c_eps025_trace-a2e8ab_b16_k8_isolated,isolated,ours,13,5,iso_sync_ms,12.410332,recorder
20260925-142559_perlmutter_effc80dd,ours_l01_s1_pv2_r2_pv3c_eps025_trace-a2e8ab_b16_k8_isolated,isolated,ours,13,6,iso_sync_ms,13.154032,recorder
20260925-142559_perlmutter_effc80dd,ours_l01_s1_pv2_r2_pv3c_eps025_trace-a2e8ab_b16_k8_isolated,isolated,ours,13,7,iso_sync_ms,12.168514,recorder
20260925-142559_perlmutter_effc80dd,ours_l01_s1_pv2_r2_pv3c_eps025_trace-a2e8ab_b16_k8_isolated,isolated,ours,13,8,iso_sync_ms,12.691576,recorder
20260925-142559_perlmutter_effc80dd,ours_l01_s1_pv2_r2_pv3c_eps025_trace-a2e8ab_b16_k8_isolated,isolated,ours,13,9,iso_sync_ms,13.053247,recorder
20260925-142559_perlmutter_effc80dd,ours_l01_s1_pv2_r2_pv3c_eps025_trace-a2e8ab_b16_k8_isolated,isolated,ours,13,0,l0_enq_ms,0.712099,recorder
20260925-142559_perlmutter_effc80dd,ours_l01_s1_pv2_r2_pv3c_eps025_trace-a2e8ab_b16_k8_isolated,isolated,ours,13,1,l0_enq_ms,0.647002,recorder
20260925-142559_perlmutter_effc80dd,ours_l01_s1_pv2_r2_pv3c_eps025_trace-a2e8ab_b16_k8_isolated,isolated,ours,13,2,l0_enq_ms,0.639187,recorder
20260925-142559_perlmutter_effc80dd,ours_l01_s1_pv2_r2_pv3c_eps025_trace-a2e8ab_b16_k8_isolated,isolated,ours,13,3,l0_enq_ms,0.657623,recorder
20260925-142559_perlmutter_effc80dd,ours_l01_s1_pv2_r2_pv3c_eps025_trace-a2e8ab_b16_k8_isolated,isolated,ours,13,4,l0_enq_ms,0.638246,recorder
20260925-142559_perlmutter_effc80dd,ours_l01_s1_pv2_r2_pv3c_eps025_trace-a2e8ab_b16_k8_isolated,isolated,ours,13,5,l0_enq_ms,0.65084,recorder
20260925-142559_perlmutter_effc80dd,ours_l01_s1_pv2_r2_pv3c_eps025_trace-a2e8ab_b16_k8_isolated,isolated,ours,13,6,l0_enq_ms,0.652664,recorder
20260925-142559_perlmutter_effc80dd,ours_l01_s1_pv2_r2_pv3c_eps025_trace-a2e8ab_b16_k8_isolated,isolated,ours,13,7,l0_enq_ms,0.653124,recorder
20260925-142559_perlmutter_effc80dd,ours_l01_s1_pv2_r2_pv3c_eps025_trace-a2e8ab_b16_k8_isolated,isolated,ours,13,8,l0_enq_ms,0.659657,recorder
20260925-142559_perlmutter_effc80dd,ours_l01_s1_pv2_r2_pv3c_eps025_trace-a2e8ab_b16_k8_isolated,isolated,ours,13,9,l0_enq_ms,0.653194,recorder
20260925-142559_perlmutter_effc80dd,ours_l01_s1_pv2_r2_pv3c_eps025_trace-a2e8ab_b16_k8_isolated,isolated,ours,13,0,l1_enq_ms,0.508755,recorder
20260925-142559_perlmutter_effc80dd,ours_l01_s1_pv2_r2_pv3c_eps025_trace-a2e8ab_b16_k8_isolated,isolated,ours,13,1,l1_enq_ms,0.498485,recorder
20260925-142559_perlmutter_effc80dd,ours_l01_s1_pv2_r2_pv3c_eps025_trace-a2e8ab_b16_k8_isolated,isolated,ours,13,2,l1_enq_ms,0.492212,recorder
20260925-142559_perlmutter_effc80dd,ours_l01_s1_pv2_r2_pv3c_eps025_trace-a2e8ab_b16_k8_isolated,isolated,ours,13,3,l1_enq_ms,0.484547,recorder
20260925-142559_perlmutter_effc80dd,ours_l01_s1_pv2_r2_pv3c_eps025_trace-a2e8ab_b16_k8_isolated,isolated,ours,13,4,l1_enq_ms,0.481653,recorder
20260925-142559_perlmutter_effc80dd,ours_l01_s1_pv2_r2_pv3c_eps025_trace-a2e8ab_b16_k8_isolated,isolated,ours,13,5,l1_enq_ms,0.484959,recorder
20260925-142559_perlmutter_effc80dd,ours_l01_s1_pv2_r2_pv3c_eps025_trace-a2e8ab_b16_k8_isolated,isolated,ours,13,6,l1_enq_ms,0.485921,recorder
20260925-142559_perlmutter_effc80dd,ours_l01_s1_pv2_r2_pv3c_eps025_trace-a2e8ab_b16_k8_isolated,isolated,ours,13,7,l1_enq_ms,0.492443,recorder
20260925-142559_perlmutter_effc80dd,ours_l01_s1_pv2_r2_pv3c_eps025_trace-a2e8ab_b16_k8_isolated,isolated,ours,13,8,l1_enq_ms,0.488085,recorder
20260925-142559_perlmutter_effc80dd,ours_l01_s1_pv2_r2_pv3c_eps025_trace-a2e8ab_b16_k8_isolated,isolated,ours,13,9,l1_enq_ms,0.489207,recorder
20260925-142559_perlmutter_effc80dd,ours_l01_s1_pv2_r2_pv3c_eps025_trace-a2e8ab_b16_k8_isolated,isolated,ours,14,0,e2e_ms,13.455744,recorder
20260925-142559_perlmutter_effc80dd,ours_l01_s1_pv2_r2_pv3c_eps025_trace-a2e8ab_b16_k8_isolated,isolated,ours,14,1,e2e_ms,13.74608,recorder
20260925-142559_perlmutter_effc80dd,ours_l01_s1_pv2_r2_pv3c_eps025_trace-a2e8ab_b16_k8_isolated,isolated,ours,14,2,e2e_ms,13.10912,recorder
20260925-142559_perlmutter_effc80dd,ours_l01_s1_pv2_r2_pv3c_eps025_trace-a2e8ab_b16_k8_isolated,isolated,ours,14,3,e2e_ms,13.615808,recorder
20260925-142559_perlmutter_effc80dd,ours_l01_s1_pv2_r2_pv3c_eps025_trace-a2e8ab_b16_k8_isolated,isolated,ours,14,4,e2e_ms,13.64656,recorder
20260925-142559_perlmutter_effc80dd,ours_l01_s1_pv2_r2_pv3c_eps025_trace-a2e8ab_b16_k8_isolated,isolated,ours,14,5,e2e_ms,14.381216,recorder
20260925-142559_perlmutter_effc80dd,ours_l01_s1_pv2_r2_pv3c_eps025_trace-a2e8ab_b16_k8_isolated,isolated,ours,14,6,e2e_ms,13.489312,recorder
20260925-142559_perlmutter_effc80dd,ours_l01_s1_pv2_r2_pv3c_eps025_trace-a2e8ab_b16_k8_isolated,isolated,ours,14,7,e2e_ms,13.779296,recorder
20260925-142559_perlmutter_effc80dd,ours_l01_s1_pv2_r2_pv3c_eps025_trace-a2e8ab_b16_k8_isolated,isolated,ours,14,8,e2e_ms,13.912928,recorder
20260925-142559_perlmutter_effc80dd,ours_l01_s1_pv2_r2_pv3c_eps025_trace-a2e8ab_b16_k8_isolated,isolated,ours,14,9,e2e_ms,13.930592,recorder
20260925-142559_perlmutter_effc80dd,ours_l01_s1_pv2_r2_pv3c_eps025_trace-a2e8ab_b16_k8_isolated,isolated,ours,14,0,l0_ms,6.751008,recorder
20260925-142559_perlmutter_effc80dd,ours_l01_s1_pv2_r2_pv3c_eps025_trace-a2e8ab_b16_k8_isolated,isolated,ours,14,1,l0_ms,6.565824,recorder
20260925-142559_perlmutter_effc80dd,ours_l01_s1_pv2_r2_pv3c_eps025_trace-a2e8ab_b16_k8_isolated,isolated,ours,14,2,l0_ms,6.320096,recorder
20260925-142559_perlmutter_effc80dd,ours_l01_s1_pv2_r2_pv3c_eps025_trace-a2e8ab_b16_k8_isolated,isolated,ours,14,3,l0_ms,6.351584,recorder
20260925-142559_perlmutter_effc80dd,ours_l01_s1_pv2_r2_pv3c_eps025_trace-a2e8ab_b16_k8_isolated,isolated,ours,14,4,l0_ms,6.700736,recorder
20260925-142559_perlmutter_effc80dd,ours_l01_s1_pv2_r2_pv3c_eps025_trace-a2e8ab_b16_k8_isolated,isolated,ours,14,5,l0_ms,6.971616,recorder
20260925-142559_perlmutter_effc80dd,ours_l01_s1_pv2_r2_pv3c_eps025_trace-a2e8ab_b16_k8_isolated,isolated,ours,14,6,l0_ms,6.483008,recorder
20260925-142559_perlmutter_effc80dd,ours_l01_s1_pv2_r2_pv3c_eps025_trace-a2e8ab_b16_k8_isolated,isolated,ours,14,7,l0_ms,6.717504,recorder
20260925-142559_perlmutter_effc80dd,ours_l01_s1_pv2_r2_pv3c_eps025_trace-a2e8ab_b16_k8_isolated,isolated,ours,14,8,l0_ms,6.598496,recorder
20260925-142559_perlmutter_effc80dd,ours_l01_s1_pv2_r2_pv3c_eps025_trace-a2e8ab_b16_k8_isolated,isolated,ours,14,9,l0_ms,6.559392,recorder
20260925-142559_perlmutter_effc80dd,ours_l01_s1_pv2_r2_pv3c_eps025_trace-a2e8ab_b16_k8_isolated,isolated,ours,14,0,act_ms,0.133024,recorder
20260925-142559_perlmutter_effc80dd,ours_l01_s1_pv2_r2_pv3c_eps025_trace-a2e8ab_b16_k8_isolated,isolated,ours,14,1,act_ms,0.124992,recorder
20260925-142559_perlmutter_effc80dd,ours_l01_s1_pv2_r2_pv3c_eps025_trace-a2e8ab_b16_k8_isolated,isolated,ours,14,2,act_ms,0.124608,recorder
20260925-142559_perlmutter_effc80dd,ours_l01_s1_pv2_r2_pv3c_eps025_trace-a2e8ab_b16_k8_isolated,isolated,ours,14,3,act_ms,0.13056,recorder
20260925-142559_perlmutter_effc80dd,ours_l01_s1_pv2_r2_pv3c_eps025_trace-a2e8ab_b16_k8_isolated,isolated,ours,14,4,act_ms,0.130336,recorder
20260925-142559_perlmutter_effc80dd,ours_l01_s1_pv2_r2_pv3c_eps025_trace-a2e8ab_b16_k8_isolated,isolated,ours,14,5,act_ms,0.125024,recorder
20260925-142559_perlmutter_effc80dd,ours_l01_s1_pv2_r2_pv3c_eps025_trace-a2e8ab_b16_k8_isolated,isolated,ours,14,6,act_ms,0.126336,recorder
20260925-142559_perlmutter_effc80dd,ours_l01_s1_pv2_r2_pv3c_eps025_trace-a2e8ab_b16_k8_isolated,isolated,ours,14,7,act_ms,0.126336,recorder
20260925-142559_perlmutter_effc80dd,ours_l01_s1_pv2_r2_pv3c_eps025_trace-a2e8ab_b16_k8_isolated,isolated,ours,14,8,act_ms,0.125792,recorder
20260925-142559_perlmutter_effc80dd,ours_l01_s1_pv2_r2_pv3c_eps025_trace-a2e8ab_b16_k8_isolated,isolated,ours,14,9,act_ms,0.130272,recorder
20260925-142559_perlmutter_effc80dd,ours_l01_s1_pv2_r2_pv3c_eps025_trace-a2e8ab_b16_k8_isolated,isolated,ours,14,0,l1_ms,6.571712,recorder
20260925-142559_perlmutter_effc80dd,ours_l01_s1_pv2_r2_pv3c_eps025_trace-a2e8ab_b16_k8_isolated,isolated,ours,14,1,l1_ms,7.055264,recorder
20260925-142559_perlmutter_effc80dd,ours_l01_s1_pv2_r2_pv3c_eps025_trace-a2e8ab_b16_k8_isolated,isolated,ours,14,2,l1_ms,6.664416,recorder
20260925-142559_perlmutter_effc80dd,ours_l01_s1_pv2_r2_pv3c_eps025_trace-a2e8ab_b16_k8_isolated,isolated,ours,14,3,l1_ms,7.133664,recorder
20260925-142559_perlmutter_effc80dd,ours_l01_s1_pv2_r2_pv3c_eps025_trace-a2e8ab_b16_k8_isolated,isolated,ours,14,4,l1_ms,6.815488,recorder
20260925-142559_perlmutter_effc80dd,ours_l01_s1_pv2_r2_pv3c_eps025_trace-a2e8ab_b16_k8_isolated,isolated,ours,14,5,l1_ms,7.284576,recorder
20260925-142559_perlmutter_effc80dd,ours_l01_s1_pv2_r2_pv3c_eps025_trace-a2e8ab_b16_k8_isolated,isolated,ours,14,6,l1_ms,6.879968,recorder
20260925-142559_perlmutter_effc80dd,ours_l01_s1_pv2_r2_pv3c_eps025_trace-a2e8ab_b16_k8_isolated,isolated,ours,14,7,l1_ms,6.935456,recorder
20260925-142559_perlmutter_effc80dd,ours_l01_s1_pv2_r2_pv3c_eps025_trace-a2e8ab_b16_k8_isolated,isolated,ours,14,8,l1_ms,7.18864,recorder
20260925-142559_perlmutter_effc80dd,ours_l01_s1_pv2_r2_pv3c_eps025_trace-a2e8ab_b16_k8_isolated,isolated,ours,14,9,l1_ms,7.240928,recorder
20260925-142559_perlmutter_effc80dd,ours_l01_s1_pv2_r2_pv3c_eps025_trace-a2e8ab_b16_k8_isolated,isolated,ours,14,0,plan_comm_ms,0.63216,recorder
20260925-142559_perlmutter_effc80dd,ours_l01_s1_pv2_r2_pv3c_eps025_trace-a2e8ab_b16_k8_isolated,isolated,ours,14,1,plan_comm_ms,0.454048,recorder
20260925-142559_perlmutter_effc80dd,ours_l01_s1_pv2_r2_pv3c_eps025_trace-a2e8ab_b16_k8_isolated,isolated,ours,14,2,plan_comm_ms,0.578464,recorder
20260925-142559_perlmutter_effc80dd,ours_l01_s1_pv2_r2_pv3c_eps025_trace-a2e8ab_b16_k8_isolated,isolated,ours,14,3,plan_comm_ms,0.423296,recorder
20260925-142559_perlmutter_effc80dd,ours_l01_s1_pv2_r2_pv3c_eps025_trace-a2e8ab_b16_k8_isolated,isolated,ours,14,4,plan_comm_ms,0.207328,recorder
20260925-142559_perlmutter_effc80dd,ours_l01_s1_pv2_r2_pv3c_eps025_trace-a2e8ab_b16_k8_isolated,isolated,ours,14,5,plan_comm_ms,0.669504,recorder
20260925-142559_perlmutter_effc80dd,ours_l01_s1_pv2_r2_pv3c_eps025_trace-a2e8ab_b16_k8_isolated,isolated,ours,14,6,plan_comm_ms,0.182144,recorder
20260925-142559_perlmutter_effc80dd,ours_l01_s1_pv2_r2_pv3c_eps025_trace-a2e8ab_b16_k8_isolated,isolated,ours,14,7,plan_comm_ms,0.184992,recorder
20260925-142559_perlmutter_effc80dd,ours_l01_s1_pv2_r2_pv3c_eps025_trace-a2e8ab_b16_k8_isolated,isolated,ours,14,8,plan_comm_ms,0.195584,recorder
20260925-142559_perlmutter_effc80dd,ours_l01_s1_pv2_r2_pv3c_eps025_trace-a2e8ab_b16_k8_isolated,isolated,ours,14,9,plan_comm_ms,0.189344,recorder
20260925-142559_perlmutter_effc80dd,ours_l01_s1_pv2_r2_pv3c_eps025_trace-a2e8ab_b16_k8_isolated,isolated,ours,14,0,place_ms,0.002336,recorder
20260925-142559_perlmutter_effc80dd,ours_l01_s1_pv2_r2_pv3c_eps025_trace-a2e8ab_b16_k8_isolated,isolated,ours,14,1,place_ms,0.002592,recorder
20260925-142559_perlmutter_effc80dd,ours_l01_s1_pv2_r2_pv3c_eps025_trace-a2e8ab_b16_k8_isolated,isolated,ours,14,2,place_ms,0.002368,recorder
20260925-142559_perlmutter_effc80dd,ours_l01_s1_pv2_r2_pv3c_eps025_trace-a2e8ab_b16_k8_isolated,isolated,ours,14,3,place_ms,0.002336,recorder
20260925-142559_perlmutter_effc80dd,ours_l01_s1_pv2_r2_pv3c_eps025_trace-a2e8ab_b16_k8_isolated,isolated,ours,14,4,place_ms,0.002336,recorder
20260925-142559_perlmutter_effc80dd,ours_l01_s1_pv2_r2_pv3c_eps025_trace-a2e8ab_b16_k8_isolated,isolated,ours,14,5,place_ms,0.002336,recorder
20260925-142559_perlmutter_effc80dd,ours_l01_s1_pv2_r2_pv3c_eps025_trace-a2e8ab_b16_k8_isolated,isolated,ours,14,6,place_ms,0.002368,recorder
20260925-142559_perlmutter_effc80dd,ours_l01_s1_pv2_r2_pv3c_eps025_trace-a2e8ab_b16_k8_isolated,isolated,ours,14,7,place_ms,0.002336,recorder
20260925-142559_perlmutter_effc80dd,ours_l01_s1_pv2_r2_pv3c_eps025_trace-a2e8ab_b16_k8_isolated,isolated,ours,14,8,place_ms,0.002368,recorder
20260925-142559_perlmutter_effc80dd,ours_l01_s1_pv2_r2_pv3c_eps025_trace-a2e8ab_b16_k8_isolated,isolated,ours,14,9,place_ms,0.002368,recorder
20260925-142559_perlmutter_effc80dd,ours_l01_s1_pv2_r2_pv3c_eps025_trace-a2e8ab_b16_k8_isolated,isolated,ours,14,0,plan_ms,1.139776,recorder
20260925-142559_perlmutter_effc80dd,ours_l01_s1_pv2_r2_pv3c_eps025_trace-a2e8ab_b16_k8_isolated,isolated,ours,14,1,plan_ms,1.107488,recorder
20260925-142559_perlmutter_effc80dd,ours_l01_s1_pv2_r2_pv3c_eps025_trace-a2e8ab_b16_k8_isolated,isolated,ours,14,2,plan_ms,1.099488,recorder
20260925-142559_perlmutter_effc80dd,ours_l01_s1_pv2_r2_pv3c_eps025_trace-a2e8ab_b16_k8_isolated,isolated,ours,14,3,plan_ms,1.116128,recorder
20260925-142559_perlmutter_effc80dd,ours_l01_s1_pv2_r2_pv3c_eps025_trace-a2e8ab_b16_k8_isolated,isolated,ours,14,4,plan_ms,1.097152,recorder
20260925-142559_perlmutter_effc80dd,ours_l01_s1_pv2_r2_pv3c_eps025_trace-a2e8ab_b16_k8_isolated,isolated,ours,14,5,plan_ms,1.111296,recorder
20260925-142559_perlmutter_effc80dd,ours_l01_s1_pv2_r2_pv3c_eps025_trace-a2e8ab_b16_k8_isolated,isolated,ours,14,6,plan_ms,1.119264,recorder
20260925-142559_perlmutter_effc80dd,ours_l01_s1_pv2_r2_pv3c_eps025_trace-a2e8ab_b16_k8_isolated,isolated,ours,14,7,plan_ms,1.126912,recorder
20260925-142559_perlmutter_effc80dd,ours_l01_s1_pv2_r2_pv3c_eps025_trace-a2e8ab_b16_k8_isolated,isolated,ours,14,8,plan_ms,1.100384,recorder
20260925-142559_perlmutter_effc80dd,ours_l01_s1_pv2_r2_pv3c_eps025_trace-a2e8ab_b16_k8_isolated,isolated,ours,14,9,plan_ms,1.10272,recorder
20260925-142559_perlmutter_effc80dd,ours_l01_s1_pv2_r2_pv3c_eps025_trace-a2e8ab_b16_k8_isolated,isolated,ours,14,0,total_ms,15.2424,recorder
20260925-142559_perlmutter_effc80dd,ours_l01_s1_pv2_r2_pv3c_eps025_trace-a2e8ab_b16_k8_isolated,isolated,ours,14,1,total_ms,15.320096,recorder
20260925-142559_perlmutter_effc80dd,ours_l01_s1_pv2_r2_pv3c_eps025_trace-a2e8ab_b16_k8_isolated,isolated,ours,14,2,total_ms,14.799584,recorder
20260925-142559_perlmutter_effc80dd,ours_l01_s1_pv2_r2_pv3c_eps025_trace-a2e8ab_b16_k8_isolated,isolated,ours,14,3,total_ms,15.16736,recorder
20260925-142559_perlmutter_effc80dd,ours_l01_s1_pv2_r2_pv3c_eps025_trace-a2e8ab_b16_k8_isolated,isolated,ours,14,4,total_ms,14.963072,recorder
20260925-142559_perlmutter_effc80dd,ours_l01_s1_pv2_r2_pv3c_eps025_trace-a2e8ab_b16_k8_isolated,isolated,ours,14,5,total_ms,16.174175,recorder
20260925-142559_perlmutter_effc80dd,ours_l01_s1_pv2_r2_pv3c_eps025_trace-a2e8ab_b16_k8_isolated,isolated,ours,14,6,total_ms,14.802976,recorder
20260925-142559_perlmutter_effc80dd,ours_l01_s1_pv2_r2_pv3c_eps025_trace-a2e8ab_b16_k8_isolated,isolated,ours,14,7,total_ms,15.103232,recorder
20260925-142559_perlmutter_effc80dd,ours_l01_s1_pv2_r2_pv3c_eps025_trace-a2e8ab_b16_k8_isolated,isolated,ours,14,8,total_ms,15.220928,recorder
20260925-142559_perlmutter_effc80dd,ours_l01_s1_pv2_r2_pv3c_eps025_trace-a2e8ab_b16_k8_isolated,isolated,ours,14,9,total_ms,15.23456,recorder
20260925-142559_perlmutter_effc80dd,ours_l01_s1_pv2_r2_pv3c_eps025_trace-a2e8ab_b16_k8_isolated,isolated,ours,14,0,iso_sync_ms,12.254871,recorder
20260925-142559_perlmutter_effc80dd,ours_l01_s1_pv2_r2_pv3c_eps025_trace-a2e8ab_b16_k8_isolated,isolated,ours,14,1,iso_sync_ms,12.34731,recorder
20260925-142559_perlmutter_effc80dd,ours_l01_s1_pv2_r2_pv3c_eps025_trace-a2e8ab_b16_k8_isolated,isolated,ours,14,2,iso_sync_ms,12.447313,recorder
20260925-142559_perlmutter_effc80dd,ours_l01_s1_pv2_r2_pv3c_eps025_trace-a2e8ab_b16_k8_isolated,isolated,ours,14,3,iso_sync_ms,13.489421,recorder
20260925-142559_perlmutter_effc80dd,ours_l01_s1_pv2_r2_pv3c_eps025_trace-a2e8ab_b16_k8_isolated,isolated,ours,14,4,iso_sync_ms,12.26997,recorder
20260925-142559_perlmutter_effc80dd,ours_l01_s1_pv2_r2_pv3c_eps025_trace-a2e8ab_b16_k8_isolated,isolated,ours,14,5,iso_sync_ms,12.369663,recorder
20260925-142559_perlmutter_effc80dd,ours_l01_s1_pv2_r2_pv3c_eps025_trace-a2e8ab_b16_k8_isolated,isolated,ours,14,6,iso_sync_ms,13.095308,recorder
20260925-142559_perlmutter_effc80dd,ours_l01_s1_pv2_r2_pv3c_eps025_trace-a2e8ab_b16_k8_isolated,isolated,ours,14,7,iso_sync_ms,12.155529,recorder
20260925-142559_perlmutter_effc80dd,ours_l01_s1_pv2_r2_pv3c_eps025_trace-a2e8ab_b16_k8_isolated,isolated,ours,14,8,iso_sync_ms,12.70336,recorder
20260925-142559_perlmutter_effc80dd,ours_l01_s1_pv2_r2_pv3c_eps025_trace-a2e8ab_b16_k8_isolated,isolated,ours,14,9,iso_sync_ms,13.046785,recorder
20260925-142559_perlmutter_effc80dd,ours_l01_s1_pv2_r2_pv3c_eps025_trace-a2e8ab_b16_k8_isolated,isolated,ours,14,0,l0_enq_ms,0.695697,recorder
20260925-142559_perlmutter_effc80dd,ours_l01_s1_pv2_r2_pv3c_eps025_trace-a2e8ab_b16_k8_isolated,isolated,ours,14,1,l0_enq_ms,0.650119,recorder
20260925-142559_perlmutter_effc80dd,ours_l01_s1_pv2_r2_pv3c_eps025_trace-a2e8ab_b16_k8_isolated,isolated,ours,14,2,l0_enq_ms,0.660188,recorder
20260925-142559_perlmutter_effc80dd,ours_l01_s1_pv2_r2_pv3c_eps025_trace-a2e8ab_b16_k8_isolated,isolated,ours,14,3,l0_enq_ms,0.677141,recorder
20260925-142559_perlmutter_effc80dd,ours_l01_s1_pv2_r2_pv3c_eps025_trace-a2e8ab_b16_k8_isolated,isolated,ours,14,4,l0_enq_ms,0.680297,recorder
20260925-142559_perlmutter_effc80dd,ours_l01_s1_pv2_r2_pv3c_eps025_trace-a2e8ab_b16_k8_isolated,isolated,ours,14,5,l0_enq_ms,0.680286,recorder
20260925-142559_perlmutter_effc80dd,ours_l01_s1_pv2_r2_pv3c_eps025_trace-a2e8ab_b16_k8_isolated,isolated,ours,14,6,l0_enq_ms,0.671189,recorder
20260925-142559_perlmutter_effc80dd,ours_l01_s1_pv2_r2_pv3c_eps025_trace-a2e8ab_b16_k8_isolated,isolated,ours,14,7,l0_enq_ms,0.666971,recorder
20260925-142559_perlmutter_effc80dd,ours_l01_s1_pv2_r2_pv3c_eps025_trace-a2e8ab_b16_k8_isolated,isolated,ours,14,8,l0_enq_ms,0.648626,recorder
20260925-142559_perlmutter_effc80dd,ours_l01_s1_pv2_r2_pv3c_eps025_trace-a2e8ab_b16_k8_isolated,isolated,ours,14,9,l0_enq_ms,0.673273,recorder
20260925-142559_perlmutter_effc80dd,ours_l01_s1_pv2_r2_pv3c_eps025_trace-a2e8ab_b16_k8_isolated,isolated,ours,14,0,l1_enq_ms,0.517562,recorder
20260925-142559_perlmutter_effc80dd,ours_l01_s1_pv2_r2_pv3c_eps025_trace-a2e8ab_b16_k8_isolated,isolated,ours,14,1,l1_enq_ms,0.506541,recorder
20260925-142559_perlmutter_effc80dd,ours_l01_s1_pv2_r2_pv3c_eps025_trace-a2e8ab_b16_k8_isolated,isolated,ours,14,2,l1_enq_ms,0.486202,recorder
20260925-142559_perlmutter_effc80dd,ours_l01_s1_pv2_r2_pv3c_eps025_trace-a2e8ab_b16_k8_isolated,isolated,ours,14,3,l1_enq_ms,0.508033,recorder
20260925-142559_perlmutter_effc80dd,ours_l01_s1_pv2_r2_pv3c_eps025_trace-a2e8ab_b16_k8_isolated,isolated,ours,14,4,l1_enq_ms,0.486973,recorder
20260925-142559_perlmutter_effc80dd,ours_l01_s1_pv2_r2_pv3c_eps025_trace-a2e8ab_b16_k8_isolated,isolated,ours,14,5,l1_enq_ms,0.488766,recorder
20260925-142559_perlmutter_effc80dd,ours_l01_s1_pv2_r2_pv3c_eps025_trace-a2e8ab_b16_k8_isolated,isolated,ours,14,6,l1_enq_ms,0.517572,recorder
20260925-142559_perlmutter_effc80dd,ours_l01_s1_pv2_r2_pv3c_eps025_trace-a2e8ab_b16_k8_isolated,isolated,ours,14,7,l1_enq_ms,0.485399,recorder
20260925-142559_perlmutter_effc80dd,ours_l01_s1_pv2_r2_pv3c_eps025_trace-a2e8ab_b16_k8_isolated,isolated,ours,14,8,l1_enq_ms,0.486622,recorder
20260925-142559_perlmutter_effc80dd,ours_l01_s1_pv2_r2_pv3c_eps025_trace-a2e8ab_b16_k8_isolated,isolated,ours,14,9,l1_enq_ms,0.508314,recorder
20260925-142559_perlmutter_effc80dd,ours_l01_s1_pv2_r2_pv3c_eps025_trace-a2e8ab_b16_k8_isolated,isolated,ours,15,0,e2e_ms,13.502688,recorder
20260925-142559_perlmutter_effc80dd,ours_l01_s1_pv2_r2_pv3c_eps025_trace-a2e8ab_b16_k8_isolated,isolated,ours,15,1,e2e_ms,13.760512,recorder
20260925-142559_perlmutter_effc80dd,ours_l01_s1_pv2_r2_pv3c_eps025_trace-a2e8ab_b16_k8_isolated,isolated,ours,15,2,e2e_ms,13.038464,recorder
20260925-142559_perlmutter_effc80dd,ours_l01_s1_pv2_r2_pv3c_eps025_trace-a2e8ab_b16_k8_isolated,isolated,ours,15,3,e2e_ms,13.641632,recorder
20260925-142559_perlmutter_effc80dd,ours_l01_s1_pv2_r2_pv3c_eps025_trace-a2e8ab_b16_k8_isolated,isolated,ours,15,4,e2e_ms,13.65312,recorder
20260925-142559_perlmutter_effc80dd,ours_l01_s1_pv2_r2_pv3c_eps025_trace-a2e8ab_b16_k8_isolated,isolated,ours,15,5,e2e_ms,14.38592,recorder
20260925-142559_perlmutter_effc80dd,ours_l01_s1_pv2_r2_pv3c_eps025_trace-a2e8ab_b16_k8_isolated,isolated,ours,15,6,e2e_ms,13.509248,recorder
20260925-142559_perlmutter_effc80dd,ours_l01_s1_pv2_r2_pv3c_eps025_trace-a2e8ab_b16_k8_isolated,isolated,ours,15,7,e2e_ms,13.603328,recorder
20260925-142559_perlmutter_effc80dd,ours_l01_s1_pv2_r2_pv3c_eps025_trace-a2e8ab_b16_k8_isolated,isolated,ours,15,8,e2e_ms,13.93504,recorder
20260925-142559_perlmutter_effc80dd,ours_l01_s1_pv2_r2_pv3c_eps025_trace-a2e8ab_b16_k8_isolated,isolated,ours,15,9,e2e_ms,13.948928,recorder
20260925-142559_perlmutter_effc80dd,ours_l01_s1_pv2_r2_pv3c_eps025_trace-a2e8ab_b16_k8_isolated,isolated,ours,15,0,l0_ms,6.793152,recorder
20260925-142559_perlmutter_effc80dd,ours_l01_s1_pv2_r2_pv3c_eps025_trace-a2e8ab_b16_k8_isolated,isolated,ours,15,1,l0_ms,6.613312,recorder
20260925-142559_perlmutter_effc80dd,ours_l01_s1_pv2_r2_pv3c_eps025_trace-a2e8ab_b16_k8_isolated,isolated,ours,15,2,l0_ms,6.366432,recorder
20260925-142559_perlmutter_effc80dd,ours_l01_s1_pv2_r2_pv3c_eps025_trace-a2e8ab_b16_k8_isolated,isolated,ours,15,3,l0_ms,6.372672,recorder
20260925-142559_perlmutter_effc80dd,ours_l01_s1_pv2_r2_pv3c_eps025_trace-a2e8ab_b16_k8_isolated,isolated,ours,15,4,l0_ms,6.71648,recorder
20260925-142559_perlmutter_effc80dd,ours_l01_s1_pv2_r2_pv3c_eps025_trace-a2e8ab_b16_k8_isolated,isolated,ours,15,5,l0_ms,6.977792,recorder
20260925-142559_perlmutter_effc80dd,ours_l01_s1_pv2_r2_pv3c_eps025_trace-a2e8ab_b16_k8_isolated,isolated,ours,15,6,l0_ms,6.502912,recorder
20260925-142559_perlmutter_effc80dd,ours_l01_s1_pv2_r2_pv3c_eps025_trace-a2e8ab_b16_k8_isolated,isolated,ours,15,7,l0_ms,6.739008,recorder
20260925-142559_perlmutter_effc80dd,ours_l01_s1_pv2_r2_pv3c_eps025_trace-a2e8ab_b16_k8_isolated,isolated,ours,15,8,l0_ms,6.651424,recorder
20260925-142559_perlmutter_effc80dd,ours_l01_s1_pv2_r2_pv3c_eps025_trace-a2e8ab_b16_k8_isolated,isolated,ours,15,9,l0_ms,6.567904,recorder
20260925-142559_perlmutter_effc80dd,ours_l01_s1_pv2_r2_pv3c_eps025_trace-a2e8ab_b16_k8_isolated,isolated,ours,15,0,act_ms,0.110496,recorder
20260925-142559_perlmutter_effc80dd,ours_l01_s1_pv2_r2_pv3c_eps025_trace-a2e8ab_b16_k8_isolated,isolated,ours,15,1,act_ms,0.107808,recorder
20260925-142559_perlmutter_effc80dd,ours_l01_s1_pv2_r2_pv3c_eps025_trace-a2e8ab_b16_k8_isolated,isolated,ours,15,2,act_ms,0.111104,recorder
20260925-142559_perlmutter_effc80dd,ours_l01_s1_pv2_r2_pv3c_eps025_trace-a2e8ab_b16_k8_isolated,isolated,ours,15,3,act_ms,0.10944,recorder
20260925-142559_perlmutter_effc80dd,ours_l01_s1_pv2_r2_pv3c_eps025_trace-a2e8ab_b16_k8_isolated,isolated,ours,15,4,act_ms,0.108096,recorder
20260925-142559_perlmutter_effc80dd,ours_l01_s1_pv2_r2_pv3c_eps025_trace-a2e8ab_b16_k8_isolated,isolated,ours,15,5,act_ms,0.109216,recorder
20260925-142559_perlmutter_effc80dd,ours_l01_s1_pv2_r2_pv3c_eps025_trace-a2e8ab_b16_k8_isolated,isolated,ours,15,6,act_ms,0.1096,recorder
20260925-142559_perlmutter_effc80dd,ours_l01_s1_pv2_r2_pv3c_eps025_trace-a2e8ab_b16_k8_isolated,isolated,ours,15,7,act_ms,0.111904,recorder
20260925-142559_perlmutter_effc80dd,ours_l01_s1_pv2_r2_pv3c_eps025_trace-a2e8ab_b16_k8_isolated,isolated,ours,15,8,act_ms,0.107392,recorder
20260925-142559_perlmutter_effc80dd,ours_l01_s1_pv2_r2_pv3c_eps025_trace-a2e8ab_b16_k8_isolated,isolated,ours,15,9,act_ms,0.111552,recorder
20260925-142559_perlmutter_effc80dd,ours_l01_s1_pv2_r2_pv3c_eps025_trace-a2e8ab_b16_k8_isolated,isolated,ours,15,0,l1_ms,6.59904,recorder
20260925-142559_perlmutter_effc80dd,ours_l01_s1_pv2_r2_pv3c_eps025_trace-a2e8ab_b16_k8_isolated,isolated,ours,15,1,l1_ms,7.039392,recorder
20260925-142559_perlmutter_effc80dd,ours_l01_s1_pv2_r2_pv3c_eps025_trace-a2e8ab_b16_k8_isolated,isolated,ours,15,2,l1_ms,6.560928,recorder
20260925-142559_perlmutter_effc80dd,ours_l01_s1_pv2_r2_pv3c_eps025_trace-a2e8ab_b16_k8_isolated,isolated,ours,15,3,l1_ms,7.15952,recorder
20260925-142559_perlmutter_effc80dd,ours_l01_s1_pv2_r2_pv3c_eps025_trace-a2e8ab_b16_k8_isolated,isolated,ours,15,4,l1_ms,6.828544,recorder
20260925-142559_perlmutter_effc80dd,ours_l01_s1_pv2_r2_pv3c_eps025_trace-a2e8ab_b16_k8_isolated,isolated,ours,15,5,l1_ms,7.298912,recorder
20260925-142559_perlmutter_effc80dd,ours_l01_s1_pv2_r2_pv3c_eps025_trace-a2e8ab_b16_k8_isolated,isolated,ours,15,6,l1_ms,6.896736,recorder
20260925-142559_perlmutter_effc80dd,ours_l01_s1_pv2_r2_pv3c_eps025_trace-a2e8ab_b16_k8_isolated,isolated,ours,15,7,l1_ms,6.752416,recorder
20260925-142559_perlmutter_effc80dd,ours_l01_s1_pv2_r2_pv3c_eps025_trace-a2e8ab_b16_k8_isolated,isolated,ours,15,8,l1_ms,7.176224,recorder
20260925-142559_perlmutter_effc80dd,ours_l01_s1_pv2_r2_pv3c_eps025_trace-a2e8ab_b16_k8_isolated,isolated,ours,15,9,l1_ms,7.269472,recorder
20260925-142559_perlmutter_effc80dd,ours_l01_s1_pv2_r2_pv3c_eps025_trace-a2e8ab_b16_k8_isolated,isolated,ours,15,0,plan_comm_ms,0.635904,recorder
20260925-142559_perlmutter_effc80dd,ours_l01_s1_pv2_r2_pv3c_eps025_trace-a2e8ab_b16_k8_isolated,isolated,ours,15,1,plan_comm_ms,0.453824,recorder
20260925-142559_perlmutter_effc80dd,ours_l01_s1_pv2_r2_pv3c_eps025_trace-a2e8ab_b16_k8_isolated,isolated,ours,15,2,plan_comm_ms,0.58208,recorder
20260925-142559_perlmutter_effc80dd,ours_l01_s1_pv2_r2_pv3c_eps025_trace-a2e8ab_b16_k8_isolated,isolated,ours,15,3,plan_comm_ms,0.422176,recorder
20260925-142559_perlmutter_effc80dd,ours_l01_s1_pv2_r2_pv3c_eps025_trace-a2e8ab_b16_k8_isolated,isolated,ours,15,4,plan_comm_ms,0.204736,recorder
20260925-142559_perlmutter_effc80dd,ours_l01_s1_pv2_r2_pv3c_eps025_trace-a2e8ab_b16_k8_isolated,isolated,ours,15,5,plan_comm_ms,0.672096,recorder
20260925-142559_perlmutter_effc80dd,ours_l01_s1_pv2_r2_pv3c_eps025_trace-a2e8ab_b16_k8_isolated,isolated,ours,15,6,plan_comm_ms,0.183456,recorder
20260925-142559_perlmutter_effc80dd,ours_l01_s1_pv2_r2_pv3c_eps025_trace-a2e8ab_b16_k8_isolated,isolated,ours,15,7,plan_comm_ms,0.186432,recorder
20260925-142559_perlmutter_effc80dd,ours_l01_s1_pv2_r2_pv3c_eps025_trace-a2e8ab_b16_k8_isolated,isolated,ours,15,8,plan_comm_ms,0.193632,recorder
20260925-142559_perlmutter_effc80dd,ours_l01_s1_pv2_r2_pv3c_eps025_trace-a2e8ab_b16_k8_isolated,isolated,ours,15,9,plan_comm_ms,0.180704,recorder
20260925-142559_perlmutter_effc80dd,ours_l01_s1_pv2_r2_pv3c_eps025_trace-a2e8ab_b16_k8_isolated,isolated,ours,15,0,place_ms,0.002336,recorder
20260925-142559_perlmutter_effc80dd,ours_l01_s1_pv2_r2_pv3c_eps025_trace-a2e8ab_b16_k8_isolated,isolated,ours,15,1,place_ms,0.002304,recorder
20260925-142559_perlmutter_effc80dd,ours_l01_s1_pv2_r2_pv3c_eps025_trace-a2e8ab_b16_k8_isolated,isolated,ours,15,2,place_ms,0.002304,recorder
20260925-142559_perlmutter_effc80dd,ours_l01_s1_pv2_r2_pv3c_eps025_trace-a2e8ab_b16_k8_isolated,isolated,ours,15,3,place_ms,0.002272,recorder
20260925-142559_perlmutter_effc80dd,ours_l01_s1_pv2_r2_pv3c_eps025_trace-a2e8ab_b16_k8_isolated,isolated,ours,15,4,place_ms,0.002304,recorder
20260925-142559_perlmutter_effc80dd,ours_l01_s1_pv2_r2_pv3c_eps025_trace-a2e8ab_b16_k8_isolated,isolated,ours,15,5,place_ms,0.002304,recorder
20260925-142559_perlmutter_effc80dd,ours_l01_s1_pv2_r2_pv3c_eps025_trace-a2e8ab_b16_k8_isolated,isolated,ours,15,6,place_ms,0.002304,recorder
20260925-142559_perlmutter_effc80dd,ours_l01_s1_pv2_r2_pv3c_eps025_trace-a2e8ab_b16_k8_isolated,isolated,ours,15,7,place_ms,0.002304,recorder
20260925-142559_perlmutter_effc80dd,ours_l01_s1_pv2_r2_pv3c_eps025_trace-a2e8ab_b16_k8_isolated,isolated,ours,15,8,place_ms,0.002304,recorder
20260925-142559_perlmutter_effc80dd,ours_l01_s1_pv2_r2_pv3c_eps025_trace-a2e8ab_b16_k8_isolated,isolated,ours,15,9,place_ms,0.0024,recorder
20260925-142559_perlmutter_effc80dd,ours_l01_s1_pv2_r2_pv3c_eps025_trace-a2e8ab_b16_k8_isolated,isolated,ours,15,0,plan_ms,1.099648,recorder
20260925-142559_perlmutter_effc80dd,ours_l01_s1_pv2_r2_pv3c_eps025_trace-a2e8ab_b16_k8_isolated,isolated,ours,15,1,plan_ms,1.096288,recorder
20260925-142559_perlmutter_effc80dd,ours_l01_s1_pv2_r2_pv3c_eps025_trace-a2e8ab_b16_k8_isolated,isolated,ours,15,2,plan_ms,1.08352,recorder
20260925-142559_perlmutter_effc80dd,ours_l01_s1_pv2_r2_pv3c_eps025_trace-a2e8ab_b16_k8_isolated,isolated,ours,15,3,plan_ms,1.093152,recorder
20260925-142559_perlmutter_effc80dd,ours_l01_s1_pv2_r2_pv3c_eps025_trace-a2e8ab_b16_k8_isolated,isolated,ours,15,4,plan_ms,1.084192,recorder
20260925-142559_perlmutter_effc80dd,ours_l01_s1_pv2_r2_pv3c_eps025_trace-a2e8ab_b16_k8_isolated,isolated,ours,15,5,plan_ms,1.10704,recorder
20260925-142559_perlmutter_effc80dd,ours_l01_s1_pv2_r2_pv3c_eps025_trace-a2e8ab_b16_k8_isolated,isolated,ours,15,6,plan_ms,1.102208,recorder
20260925-142559_perlmutter_effc80dd,ours_l01_s1_pv2_r2_pv3c_eps025_trace-a2e8ab_b16_k8_isolated,isolated,ours,15,7,plan_ms,1.109952,recorder
20260925-142559_perlmutter_effc80dd,ours_l01_s1_pv2_r2_pv3c_eps025_trace-a2e8ab_b16_k8_isolated,isolated,ours,15,8,plan_ms,1.084832,recorder
20260925-142559_perlmutter_effc80dd,ours_l01_s1_pv2_r2_pv3c_eps025_trace-a2e8ab_b16_k8_isolated,isolated,ours,15,9,plan_ms,1.088192,recorder
20260925-142559_perlmutter_effc80dd,ours_l01_s1_pv2_r2_pv3c_eps025_trace-a2e8ab_b16_k8_isolated,isolated,ours,15,0,total_ms,15.250176,recorder
20260925-142559_perlmutter_effc80dd,ours_l01_s1_pv2_r2_pv3c_eps025_trace-a2e8ab_b16_k8_isolated,isolated,ours,15,1,total_ms,15.322464,recorder
20260925-142559_perlmutter_effc80dd,ours_l01_s1_pv2_r2_pv3c_eps025_trace-a2e8ab_b16_k8_isolated,isolated,ours,15,2,total_ms,14.716448,recorder
20260925-142559_perlmutter_effc80dd,ours_l01_s1_pv2_r2_pv3c_eps025_trace-a2e8ab_b16_k8_isolated,isolated,ours,15,3,total_ms,15.168704,recorder
20260925-142559_perlmutter_effc80dd,ours_l01_s1_pv2_r2_pv3c_eps025_trace-a2e8ab_b16_k8_isolated,isolated,ours,15,4,total_ms,14.953344,recorder
20260925-142559_perlmutter_effc80dd,ours_l01_s1_pv2_r2_pv3c_eps025_trace-a2e8ab_b16_k8_isolated,isolated,ours,15,5,total_ms,16.177088,recorder
20260925-142559_perlmutter_effc80dd,ours_l01_s1_pv2_r2_pv3c_eps025_trace-a2e8ab_b16_k8_isolated,isolated,ours,15,6,total_ms,14.80656,recorder
20260925-142559_perlmutter_effc80dd,ours_l01_s1_pv2_r2_pv3c_eps025_trace-a2e8ab_b16_k8_isolated,isolated,ours,15,7,total_ms,14.91168,recorder
20260925-142559_perlmutter_effc80dd,ours_l01_s1_pv2_r2_pv3c_eps025_trace-a2e8ab_b16_k8_isolated,isolated,ours,15,8,total_ms,15.22528,recorder
20260925-142559_perlmutter_effc80dd,ours_l01_s1_pv2_r2_pv3c_eps025_trace-a2e8ab_b16_k8_isolated,isolated,ours,15,9,total_ms,15.229824,recorder
20260925-142559_perlmutter_effc80dd,ours_l01_s1_pv2_r2_pv3c_eps025_trace-a2e8ab_b16_k8_isolated,isolated,ours,15,0,iso_sync_ms,12.389451,recorder
20260925-142559_perlmutter_effc80dd,ours_l01_s1_pv2_r2_pv3c_eps025_trace-a2e8ab_b16_k8_isolated,isolated,ours,15,1,iso_sync_ms,12.508281,recorder
20260925-142559_perlmutter_effc80dd,ours_l01_s1_pv2_r2_pv3c_eps025_trace-a2e8ab_b16_k8_isolated,isolated,ours,15,2,iso_sync_ms,12.495527,recorder
20260925-142559_perlmutter_effc80dd,ours_l01_s1_pv2_r2_pv3c_eps025_trace-a2e8ab_b16_k8_isolated,isolated,ours,15,3,iso_sync_ms,13.533447,recorder
20260925-142559_perlmutter_effc80dd,ours_l01_s1_pv2_r2_pv3c_eps025_trace-a2e8ab_b16_k8_isolated,isolated,ours,15,4,iso_sync_ms,12.369643,recorder
20260925-142559_perlmutter_effc80dd,ours_l01_s1_pv2_r2_pv3c_eps025_trace-a2e8ab_b16_k8_isolated,isolated,ours,15,5,iso_sync_ms,12.438747,recorder
20260925-142559_perlmutter_effc80dd,ours_l01_s1_pv2_r2_pv3c_eps025_trace-a2e8ab_b16_k8_isolated,isolated,ours,15,6,iso_sync_ms,13.185021,recorder
20260925-142559_perlmutter_effc80dd,ours_l01_s1_pv2_r2_pv3c_eps025_trace-a2e8ab_b16_k8_isolated,isolated,ours,15,7,iso_sync_ms,12.254851,recorder
20260925-142559_perlmutter_effc80dd,ours_l01_s1_pv2_r2_pv3c_eps025_trace-a2e8ab_b16_k8_isolated,isolated,ours,15,8,iso_sync_ms,12.772964,recorder
20260925-142559_perlmutter_effc80dd,ours_l01_s1_pv2_r2_pv3c_eps025_trace-a2e8ab_b16_k8_isolated,isolated,ours,15,9,iso_sync_ms,13.103755,recorder
20260925-142559_perlmutter_effc80dd,ours_l01_s1_pv2_r2_pv3c_eps025_trace-a2e8ab_b16_k8_isolated,isolated,ours,15,0,l0_enq_ms,0.633456,recorder
20260925-142559_perlmutter_effc80dd,ours_l01_s1_pv2_r2_pv3c_eps025_trace-a2e8ab_b16_k8_isolated,isolated,ours,15,1,l0_enq_ms,0.631262,recorder
20260925-142559_perlmutter_effc80dd,ours_l01_s1_pv2_r2_pv3c_eps025_trace-a2e8ab_b16_k8_isolated,isolated,ours,15,2,l0_enq_ms,0.61952,recorder
20260925-142559_perlmutter_effc80dd,ours_l01_s1_pv2_r2_pv3c_eps025_trace-a2e8ab_b16_k8_isolated,isolated,ours,15,3,l0_enq_ms,0.622835,recorder
20260925-142559_perlmutter_effc80dd,ours_l01_s1_pv2_r2_pv3c_eps025_trace-a2e8ab_b16_k8_isolated,isolated,ours,15,4,l0_enq_ms,0.627695,recorder
20260925-142559_perlmutter_effc80dd,ours_l01_s1_pv2_r2_pv3c_eps025_trace-a2e8ab_b16_k8_isolated,isolated,ours,15,5,l0_enq_ms,0.620621,recorder
20260925-142559_perlmutter_effc80dd,ours_l01_s1_pv2_r2_pv3c_eps025_trace-a2e8ab_b16_k8_isolated,isolated,ours,15,6,l0_enq_ms,0.621352,recorder
20260925-142559_perlmutter_effc80dd,ours_l01_s1_pv2_r2_pv3c_eps025_trace-a2e8ab_b16_k8_isolated,isolated,ours,15,7,l0_enq_ms,0.621443,recorder
20260925-142559_perlmutter_effc80dd,ours_l01_s1_pv2_r2_pv3c_eps025_trace-a2e8ab_b16_k8_isolated,isolated,ours,15,8,l0_enq_ms,0.630571,recorder
20260925-142559_perlmutter_effc80dd,ours_l01_s1_pv2_r2_pv3c_eps025_trace-a2e8ab_b16_k8_isolated,isolated,ours,15,9,l0_enq_ms,0.636101,recorder
20260925-142559_perlmutter_effc80dd,ours_l01_s1_pv2_r2_pv3c_eps025_trace-a2e8ab_b16_k8_isolated,isolated,ours,15,0,l1_enq_ms,0.477294,recorder
20260925-142559_perlmutter_effc80dd,ours_l01_s1_pv2_r2_pv3c_eps025_trace-a2e8ab_b16_k8_isolated,isolated,ours,15,1,l1_enq_ms,0.487644,recorder
20260925-142559_perlmutter_effc80dd,ours_l01_s1_pv2_r2_pv3c_eps025_trace-a2e8ab_b16_k8_isolated,isolated,ours,15,2,l1_enq_ms,0.492493,recorder
20260925-142559_perlmutter_effc80dd,ours_l01_s1_pv2_r2_pv3c_eps025_trace-a2e8ab_b16_k8_isolated,isolated,ours,15,3,l1_enq_ms,0.48548,recorder
20260925-142559_perlmutter_effc80dd,ours_l01_s1_pv2_r2_pv3c_eps025_trace-a2e8ab_b16_k8_isolated,isolated,ours,15,4,l1_enq_ms,0.479769,recorder
20260925-142559_perlmutter_effc80dd,ours_l01_s1_pv2_r2_pv3c_eps025_trace-a2e8ab_b16_k8_isolated,isolated,ours,15,5,l1_enq_ms,0.481592,recorder
20260925-142559_perlmutter_effc80dd,ours_l01_s1_pv2_r2_pv3c_eps025_trace-a2e8ab_b16_k8_isolated,isolated,ours,15,6,l1_enq_ms,0.487383,recorder
20260925-142559_perlmutter_effc80dd,ours_l01_s1_pv2_r2_pv3c_eps025_trace-a2e8ab_b16_k8_isolated,isolated,ours,15,7,l1_enq_ms,0.482655,recorder
20260925-142559_perlmutter_effc80dd,ours_l01_s1_pv2_r2_pv3c_eps025_trace-a2e8ab_b16_k8_isolated,isolated,ours,15,8,l1_enq_ms,0.483837,recorder
20260925-142559_perlmutter_effc80dd,ours_l01_s1_pv2_r2_pv3c_eps025_trace-a2e8ab_b16_k8_isolated,isolated,ours,15,9,l1_enq_ms,0.47545,recorder
20260925-142559_perlmutter_effc80dd,ours_l01_s1_pv2_r2_pv3c_eps025_trace-a2e8ab_b16_k8_isolated,isolated,ours,16,0,e2e_ms,13.464288,recorder
20260925-142559_perlmutter_effc80dd,ours_l01_s1_pv2_r2_pv3c_eps025_trace-a2e8ab_b16_k8_isolated,isolated,ours,16,1,e2e_ms,13.708096,recorder
20260925-142559_perlmutter_effc80dd,ours_l01_s1_pv2_r2_pv3c_eps025_trace-a2e8ab_b16_k8_isolated,isolated,ours,16,2,e2e_ms,13.050944,recorder
20260925-142559_perlmutter_effc80dd,ours_l01_s1_pv2_r2_pv3c_eps025_trace-a2e8ab_b16_k8_isolated,isolated,ours,16,3,e2e_ms,13.608768,recorder
20260925-142559_perlmutter_effc80dd,ours_l01_s1_pv2_r2_pv3c_eps025_trace-a2e8ab_b16_k8_isolated,isolated,ours,16,4,e2e_ms,13.626176,recorder
20260925-142559_perlmutter_effc80dd,ours_l01_s1_pv2_r2_pv3c_eps025_trace-a2e8ab_b16_k8_isolated,isolated,ours,16,5,e2e_ms,14.384832,recorder
20260925-142559_perlmutter_effc80dd,ours_l01_s1_pv2_r2_pv3c_eps025_trace-a2e8ab_b16_k8_isolated,isolated,ours,16,6,e2e_ms,13.482112,recorder
20260925-142559_perlmutter_effc80dd,ours_l01_s1_pv2_r2_pv3c_eps025_trace-a2e8ab_b16_k8_isolated,isolated,ours,16,7,e2e_ms,13.629216,recorder
20260925-142559_perlmutter_effc80dd,ours_l01_s1_pv2_r2_pv3c_eps025_trace-a2e8ab_b16_k8_isolated,isolated,ours,16,8,e2e_ms,13.911904,recorder
20260925-142559_perlmutter_effc80dd,ours_l01_s1_pv2_r2_pv3c_eps025_trace-a2e8ab_b16_k8_isolated,isolated,ours,16,9,e2e_ms,13.916256,recorder
20260925-142559_perlmutter_effc80dd,ours_l01_s1_pv2_r2_pv3c_eps025_trace-a2e8ab_b16_k8_isolated,isolated,ours,16,0,l0_ms,6.790368,recorder
20260925-142559_perlmutter_effc80dd,ours_l01_s1_pv2_r2_pv3c_eps025_trace-a2e8ab_b16_k8_isolated,isolated,ours,16,1,l0_ms,6.59376,recorder
20260925-142559_perlmutter_effc80dd,ours_l01_s1_pv2_r2_pv3c_eps025_trace-a2e8ab_b16_k8_isolated,isolated,ours,16,2,l0_ms,6.414016,recorder
20260925-142559_perlmutter_effc80dd,ours_l01_s1_pv2_r2_pv3c_eps025_trace-a2e8ab_b16_k8_isolated,isolated,ours,16,3,l0_ms,6.334496,recorder
20260925-142559_perlmutter_effc80dd,ours_l01_s1_pv2_r2_pv3c_eps025_trace-a2e8ab_b16_k8_isolated,isolated,ours,16,4,l0_ms,6.670624,recorder
20260925-142559_perlmutter_effc80dd,ours_l01_s1_pv2_r2_pv3c_eps025_trace-a2e8ab_b16_k8_isolated,isolated,ours,16,5,l0_ms,6.950848,recorder
20260925-142559_perlmutter_effc80dd,ours_l01_s1_pv2_r2_pv3c_eps025_trace-a2e8ab_b16_k8_isolated,isolated,ours,16,6,l0_ms,6.509344,recorder
20260925-142559_perlmutter_effc80dd,ours_l01_s1_pv2_r2_pv3c_eps025_trace-a2e8ab_b16_k8_isolated,isolated,ours,16,7,l0_ms,6.756672,recorder
20260925-142559_perlmutter_effc80dd,ours_l01_s1_pv2_r2_pv3c_eps025_trace-a2e8ab_b16_k8_isolated,isolated,ours,16,8,l0_ms,6.638496,recorder
20260925-142559_perlmutter_effc80dd,ours_l01_s1_pv2_r2_pv3c_eps025_trace-a2e8ab_b16_k8_isolated,isolated,ours,16,9,l0_ms,6.511936,recorder
20260925-142559_perlmutter_effc80dd,ours_l01_s1_pv2_r2_pv3c_eps025_trace-a2e8ab_b16_k8_isolated,isolated,ours,16,0,act_ms,0.0824,recorder
20260925-142559_perlmutter_effc80dd,ours_l01_s1_pv2_r2_pv3c_eps025_trace-a2e8ab_b16_k8_isolated,isolated,ours,16,1,act_ms,0.08576,recorder
20260925-142559_perlmutter_effc80dd,ours_l01_s1_pv2_r2_pv3c_eps025_trace-a2e8ab_b16_k8_isolated,isolated,ours,16,2,act_ms,0.081344,recorder
20260925-142559_perlmutter_effc80dd,ours_l01_s1_pv2_r2_pv3c_eps025_trace-a2e8ab_b16_k8_isolated,isolated,ours,16,3,act_ms,0.084768,recorder
20260925-142559_perlmutter_effc80dd,ours_l01_s1_pv2_r2_pv3c_eps025_trace-a2e8ab_b16_k8_isolated,isolated,ours,16,4,act_ms,0.08112,recorder
20260925-142559_perlmutter_effc80dd,ours_l01_s1_pv2_r2_pv3c_eps025_trace-a2e8ab_b16_k8_isolated,isolated,ours,16,5,act_ms,0.080864,recorder
20260925-142559_perlmutter_effc80dd,ours_l01_s1_pv2_r2_pv3c_eps025_trace-a2e8ab_b16_k8_isolated,isolated,ours,16,6,act_ms,0.084416,recorder
20260925-142559_perlmutter_effc80dd,ours_l01_s1_pv2_r2_pv3c_eps025_trace-a2e8ab_b16_k8_isolated,isolated,ours,16,7,act_ms,0.084864,recorder
20260925-142559_perlmutter_effc80dd,ours_l01_s1_pv2_r2_pv3c_eps025_trace-a2e8ab_b16_k8_isolated,isolated,ours,16,8,act_ms,0.083168,recorder
20260925-142559_perlmutter_effc80dd,ours_l01_s1_pv2_r2_pv3c_eps025_trace-a2e8ab_b16_k8_isolated,isolated,ours,16,9,act_ms,0.0808,recorder
20260925-142559_perlmutter_effc80dd,ours_l01_s1_pv2_r2_pv3c_eps025_trace-a2e8ab_b16_k8_isolated,isolated,ours,16,0,l1_ms,6.59152,recorder
20260925-142559_perlmutter_effc80dd,ours_l01_s1_pv2_r2_pv3c_eps025_trace-a2e8ab_b16_k8_isolated,isolated,ours,16,1,l1_ms,7.028576,recorder
20260925-142559_perlmutter_effc80dd,ours_l01_s1_pv2_r2_pv3c_eps025_trace-a2e8ab_b16_k8_isolated,isolated,ours,16,2,l1_ms,6.555584,recorder
20260925-142559_perlmutter_effc80dd,ours_l01_s1_pv2_r2_pv3c_eps025_trace-a2e8ab_b16_k8_isolated,isolated,ours,16,3,l1_ms,7.189504,recorder
20260925-142559_perlmutter_effc80dd,ours_l01_s1_pv2_r2_pv3c_eps025_trace-a2e8ab_b16_k8_isolated,isolated,ours,16,4,l1_ms,6.874432,recorder
20260925-142559_perlmutter_effc80dd,ours_l01_s1_pv2_r2_pv3c_eps025_trace-a2e8ab_b16_k8_isolated,isolated,ours,16,5,l1_ms,7.35312,recorder
20260925-142559_perlmutter_effc80dd,ours_l01_s1_pv2_r2_pv3c_eps025_trace-a2e8ab_b16_k8_isolated,isolated,ours,16,6,l1_ms,6.888352,recorder
20260925-142559_perlmutter_effc80dd,ours_l01_s1_pv2_r2_pv3c_eps025_trace-a2e8ab_b16_k8_isolated,isolated,ours,16,7,l1_ms,6.78768,recorder
20260925-142559_perlmutter_effc80dd,ours_l01_s1_pv2_r2_pv3c_eps025_trace-a2e8ab_b16_k8_isolated,isolated,ours,16,8,l1_ms,7.19024,recorder
20260925-142559_perlmutter_effc80dd,ours_l01_s1_pv2_r2_pv3c_eps025_trace-a2e8ab_b16_k8_isolated,isolated,ours,16,9,l1_ms,7.32352,recorder
20260925-142559_perlmutter_effc80dd,ours_l01_s1_pv2_r2_pv3c_eps025_trace-a2e8ab_b16_k8_isolated,isolated,ours,16,0,plan_comm_ms,0.638336,recorder
20260925-142559_perlmutter_effc80dd,ours_l01_s1_pv2_r2_pv3c_eps025_trace-a2e8ab_b16_k8_isolated,isolated,ours,16,1,plan_comm_ms,0.464928,recorder
20260925-142559_perlmutter_effc80dd,ours_l01_s1_pv2_r2_pv3c_eps025_trace-a2e8ab_b16_k8_isolated,isolated,ours,16,2,plan_comm_ms,0.591616,recorder
20260925-142559_perlmutter_effc80dd,ours_l01_s1_pv2_r2_pv3c_eps025_trace-a2e8ab_b16_k8_isolated,isolated,ours,16,3,plan_comm_ms,0.425696,recorder
20260925-142559_perlmutter_effc80dd,ours_l01_s1_pv2_r2_pv3c_eps025_trace-a2e8ab_b16_k8_isolated,isolated,ours,16,4,plan_comm_ms,0.21312,recorder
20260925-142559_perlmutter_effc80dd,ours_l01_s1_pv2_r2_pv3c_eps025_trace-a2e8ab_b16_k8_isolated,isolated,ours,16,5,plan_comm_ms,0.683072,recorder
20260925-142559_perlmutter_effc80dd,ours_l01_s1_pv2_r2_pv3c_eps025_trace-a2e8ab_b16_k8_isolated,isolated,ours,16,6,plan_comm_ms,0.194848,recorder
20260925-142559_perlmutter_effc80dd,ours_l01_s1_pv2_r2_pv3c_eps025_trace-a2e8ab_b16_k8_isolated,isolated,ours,16,7,plan_comm_ms,0.198816,recorder
20260925-142559_perlmutter_effc80dd,ours_l01_s1_pv2_r2_pv3c_eps025_trace-a2e8ab_b16_k8_isolated,isolated,ours,16,8,plan_comm_ms,0.20832,recorder
20260925-142559_perlmutter_effc80dd,ours_l01_s1_pv2_r2_pv3c_eps025_trace-a2e8ab_b16_k8_isolated,isolated,ours,16,9,plan_comm_ms,0.194912,recorder
20260925-142559_perlmutter_effc80dd,ours_l01_s1_pv2_r2_pv3c_eps025_trace-a2e8ab_b16_k8_isolated,isolated,ours,16,0,place_ms,0.002336,recorder
20260925-142559_perlmutter_effc80dd,ours_l01_s1_pv2_r2_pv3c_eps025_trace-a2e8ab_b16_k8_isolated,isolated,ours,16,1,place_ms,0.002304,recorder
20260925-142559_perlmutter_effc80dd,ours_l01_s1_pv2_r2_pv3c_eps025_trace-a2e8ab_b16_k8_isolated,isolated,ours,16,2,place_ms,0.002368,recorder
20260925-142559_perlmutter_effc80dd,ours_l01_s1_pv2_r2_pv3c_eps025_trace-a2e8ab_b16_k8_isolated,isolated,ours,16,3,place_ms,0.002336,recorder
20260925-142559_perlmutter_effc80dd,ours_l01_s1_pv2_r2_pv3c_eps025_trace-a2e8ab_b16_k8_isolated,isolated,ours,16,4,place_ms,0.002336,recorder
20260925-142559_perlmutter_effc80dd,ours_l01_s1_pv2_r2_pv3c_eps025_trace-a2e8ab_b16_k8_isolated,isolated,ours,16,5,place_ms,0.002368,recorder
20260925-142559_perlmutter_effc80dd,ours_l01_s1_pv2_r2_pv3c_eps025_trace-a2e8ab_b16_k8_isolated,isolated,ours,16,6,place_ms,0.002368,recorder
20260925-142559_perlmutter_effc80dd,ours_l01_s1_pv2_r2_pv3c_eps025_trace-a2e8ab_b16_k8_isolated,isolated,ours,16,7,place_ms,0.002336,recorder
20260925-142559_perlmutter_effc80dd,ours_l01_s1_pv2_r2_pv3c_eps025_trace-a2e8ab_b16_k8_isolated,isolated,ours,16,8,place_ms,0.002336,recorder
20260925-142559_perlmutter_effc80dd,ours_l01_s1_pv2_r2_pv3c_eps025_trace-a2e8ab_b16_k8_isolated,isolated,ours,16,9,place_ms,0.002336,recorder
20260925-142559_perlmutter_effc80dd,ours_l01_s1_pv2_r2_pv3c_eps025_trace-a2e8ab_b16_k8_isolated,isolated,ours,16,0,plan_ms,1.138016,recorder
20260925-142559_perlmutter_effc80dd,ours_l01_s1_pv2_r2_pv3c_eps025_trace-a2e8ab_b16_k8_isolated,isolated,ours,16,1,plan_ms,1.147168,recorder
20260925-142559_perlmutter_effc80dd,ours_l01_s1_pv2_r2_pv3c_eps025_trace-a2e8ab_b16_k8_isolated,isolated,ours,16,2,plan_ms,1.070272,recorder
20260925-142559_perlmutter_effc80dd,ours_l01_s1_pv2_r2_pv3c_eps025_trace-a2e8ab_b16_k8_isolated,isolated,ours,16,3,plan_ms,1.135328,recorder
20260925-142559_perlmutter_effc80dd,ours_l01_s1_pv2_r2_pv3c_eps025_trace-a2e8ab_b16_k8_isolated,isolated,ours,16,4,plan_ms,1.134912,recorder
20260925-142559_perlmutter_effc80dd,ours_l01_s1_pv2_r2_pv3c_eps025_trace-a2e8ab_b16_k8_isolated,isolated,ours,16,5,plan_ms,1.130112,recorder
20260925-142559_perlmutter_effc80dd,ours_l01_s1_pv2_r2_pv3c_eps025_trace-a2e8ab_b16_k8_isolated,isolated,ours,16,6,plan_ms,1.124224,recorder
20260925-142559_perlmutter_effc80dd,ours_l01_s1_pv2_r2_pv3c_eps025_trace-a2e8ab_b16_k8_isolated,isolated,ours,16,7,plan_ms,1.114336,recorder
20260925-142559_perlmutter_effc80dd,ours_l01_s1_pv2_r2_pv3c_eps025_trace-a2e8ab_b16_k8_isolated,isolated,ours,16,8,plan_ms,1.13472,recorder
20260925-142559_perlmutter_effc80dd,ours_l01_s1_pv2_r2_pv3c_eps025_trace-a2e8ab_b16_k8_isolated,isolated,ours,16,9,plan_ms,1.15232,recorder
20260925-142559_perlmutter_effc80dd,ours_l01_s1_pv2_r2_pv3c_eps025_trace-a2e8ab_b16_k8_isolated,isolated,ours,16,0,total_ms,15.252832,recorder
20260925-142559_perlmutter_effc80dd,ours_l01_s1_pv2_r2_pv3c_eps025_trace-a2e8ab_b16_k8_isolated,isolated,ours,16,1,total_ms,15.331328,recorder
20260925-142559_perlmutter_effc80dd,ours_l01_s1_pv2_r2_pv3c_eps025_trace-a2e8ab_b16_k8_isolated,isolated,ours,16,2,total_ms,14.724512,recorder
20260925-142559_perlmutter_effc80dd,ours_l01_s1_pv2_r2_pv3c_eps025_trace-a2e8ab_b16_k8_isolated,isolated,ours,16,3,total_ms,15.182272,recorder
20260925-142559_perlmutter_effc80dd,ours_l01_s1_pv2_r2_pv3c_eps025_trace-a2e8ab_b16_k8_isolated,isolated,ours,16,4,total_ms,14.986432,recorder
20260925-142559_perlmutter_effc80dd,ours_l01_s1_pv2_r2_pv3c_eps025_trace-a2e8ab_b16_k8_isolated,isolated,ours,16,5,total_ms,16.209824,recorder
20260925-142559_perlmutter_effc80dd,ours_l01_s1_pv2_r2_pv3c_eps025_trace-a2e8ab_b16_k8_isolated,isolated,ours,16,6,total_ms,14.812928,recorder
20260925-142559_perlmutter_effc80dd,ours_l01_s1_pv2_r2_pv3c_eps025_trace-a2e8ab_b16_k8_isolated,isolated,ours,16,7,total_ms,14.9544,recorder
20260925-142559_perlmutter_effc80dd,ours_l01_s1_pv2_r2_pv3c_eps025_trace-a2e8ab_b16_k8_isolated,isolated,ours,16,8,total_ms,15.266208,recorder
20260925-142559_perlmutter_effc80dd,ours_l01_s1_pv2_r2_pv3c_eps025_trace-a2e8ab_b16_k8_isolated,isolated,ours,16,9,total_ms,15.27536,recorder
20260925-142559_perlmutter_effc80dd,ours_l01_s1_pv2_r2_pv3c_eps025_trace-a2e8ab_b16_k8_isolated,isolated,ours,16,0,iso_sync_ms,12.215663,recorder
20260925-142559_perlmutter_effc80dd,ours_l01_s1_pv2_r2_pv3c_eps025_trace-a2e8ab_b16_k8_isolated,isolated,ours,16,1,iso_sync_ms,12.294585,recorder
20260925-142559_perlmutter_effc80dd,ours_l01_s1_pv2_r2_pv3c_eps025_trace-a2e8ab_b16_k8_isolated,isolated,ours,16,2,iso_sync_ms,12.353359,recorder
20260925-142559_perlmutter_effc80dd,ours_l01_s1_pv2_r2_pv3c_eps025_trace-a2e8ab_b16_k8_isolated,isolated,ours,16,3,iso_sync_ms,13.444497,recorder
20260925-142559_perlmutter_effc80dd,ours_l01_s1_pv2_r2_pv3c_eps025_trace-a2e8ab_b16_k8_isolated,isolated,ours,16,4,iso_sync_ms,12.206695,recorder
20260925-142559_perlmutter_effc80dd,ours_l01_s1_pv2_r2_pv3c_eps025_trace-a2e8ab_b16_k8_isolated,isolated,ours,16,5,iso_sync_ms,12.314795,recorder
20260925-142559_perlmutter_effc80dd,ours_l01_s1_pv2_r2_pv3c_eps025_trace-a2e8ab_b16_k8_isolated,isolated,ours,16,6,iso_sync_ms,13.067909,recorder
20260925-142559_perlmutter_effc80dd,ours_l01_s1_pv2_r2_pv3c_eps025_trace-a2e8ab_b16_k8_isolated,isolated,ours,16,7,iso_sync_ms,12.130528,recorder
20260925-142559_perlmutter_effc80dd,ours_l01_s1_pv2_r2_pv3c_eps025_trace-a2e8ab_b16_k8_isolated,isolated,ours,16,8,iso_sync_ms,12.703846,recorder
20260925-142559_perlmutter_effc80dd,ours_l01_s1_pv2_r2_pv3c_eps025_trace-a2e8ab_b16_k8_isolated,isolated,ours,16,9,iso_sync_ms,13.017742,recorder
20260925-142559_perlmutter_effc80dd,ours_l01_s1_pv2_r2_pv3c_eps025_trace-a2e8ab_b16_k8_isolated,isolated,ours,16,0,l0_enq_ms,0.701796,recorder
20260925-142559_perlmutter_effc80dd,ours_l01_s1_pv2_r2_pv3c_eps025_trace-a2e8ab_b16_k8_isolated,isolated,ours,16,1,l0_enq_ms,0.674874,recorder
20260925-142559_perlmutter_effc80dd,ours_l01_s1_pv2_r2_pv3c_eps025_trace-a2e8ab_b16_k8_isolated,isolated,ours,16,2,l0_enq_ms,0.653072,recorder
20260925-142559_perlmutter_effc80dd,ours_l01_s1_pv2_r2_pv3c_eps025_trace-a2e8ab_b16_k8_isolated,isolated,ours,16,3,l0_enq_ms,0.663282,recorder
20260925-142559_perlmutter_effc80dd,ours_l01_s1_pv2_r2_pv3c_eps025_trace-a2e8ab_b16_k8_isolated,isolated,ours,16,4,l0_enq_ms,0.66257,recorder
20260925-142559_perlmutter_effc80dd,ours_l01_s1_pv2_r2_pv3c_eps025_trace-a2e8ab_b16_k8_isolated,isolated,ours,16,5,l0_enq_ms,0.657159,recorder
20260925-142559_perlmutter_effc80dd,ours_l01_s1_pv2_r2_pv3c_eps025_trace-a2e8ab_b16_k8_isolated,isolated,ours,16,6,l0_enq_ms,0.671418,recorder
20260925-142559_perlmutter_effc80dd,ours_l01_s1_pv2_r2_pv3c_eps025_trace-a2e8ab_b16_k8_isolated,isolated,ours,16,7,l0_enq_ms,0.632953,recorder
20260925-142559_perlmutter_effc80dd,ours_l01_s1_pv2_r2_pv3c_eps025_trace-a2e8ab_b16_k8_isolated,isolated,ours,16,8,l0_enq_ms,0.639396,recorder
20260925-142559_perlmutter_effc80dd,ours_l01_s1_pv2_r2_pv3c_eps025_trace-a2e8ab_b16_k8_isolated,isolated,ours,16,9,l0_enq_ms,0.649325,recorder
20260925-142559_perlmutter_effc80dd,ours_l01_s1_pv2_r2_pv3c_eps025_trace-a2e8ab_b16_k8_isolated,isolated,ours,16,0,l1_enq_ms,0.532679,recorder
20260925-142559_perlmutter_effc80dd,ours_l01_s1_pv2_r2_pv3c_eps025_trace-a2e8ab_b16_k8_isolated,isolated,ours,16,1,l1_enq_ms,0.503132,recorder
20260925-142559_perlmutter_effc80dd,ours_l01_s1_pv2_r2_pv3c_eps025_trace-a2e8ab_b16_k8_isolated,isolated,ours,16,2,l1_enq_ms,0.539472,recorder
20260925-142559_perlmutter_effc80dd,ours_l01_s1_pv2_r2_pv3c_eps025_trace-a2e8ab_b16_k8_isolated,isolated,ours,16,3,l1_enq_ms,0.527689,recorder
20260925-142559_perlmutter_effc80dd,ours_l01_s1_pv2_r2_pv3c_eps025_trace-a2e8ab_b16_k8_isolated,isolated,ours,16,4,l1_enq_ms,0.504856,recorder
20260925-142559_perlmutter_effc80dd,ours_l01_s1_pv2_r2_pv3c_eps025_trace-a2e8ab_b16_k8_isolated,isolated,ours,16,5,l1_enq_ms,0.516819,recorder
20260925-142559_perlmutter_effc80dd,ours_l01_s1_pv2_r2_pv3c_eps025_trace-a2e8ab_b16_k8_isolated,isolated,ours,16,6,l1_enq_ms,0.496469,recorder
20260925-142559_perlmutter_effc80dd,ours_l01_s1_pv2_r2_pv3c_eps025_trace-a2e8ab_b16_k8_isolated,isolated,ours,16,7,l1_enq_ms,0.504745,recorder
20260925-142559_perlmutter_effc80dd,ours_l01_s1_pv2_r2_pv3c_eps025_trace-a2e8ab_b16_k8_isolated,isolated,ours,16,8,l1_enq_ms,0.50179,recorder
20260925-142559_perlmutter_effc80dd,ours_l01_s1_pv2_r2_pv3c_eps025_trace-a2e8ab_b16_k8_isolated,isolated,ours,16,9,l1_enq_ms,0.546476,recorder
20260925-142559_perlmutter_effc80dd,ours_l01_s1_pv2_r2_pv3c_eps025_trace-a2e8ab_b16_k8_isolated,isolated,ours,17,0,e2e_ms,13.455328,recorder
20260925-142559_perlmutter_effc80dd,ours_l01_s1_pv2_r2_pv3c_eps025_trace-a2e8ab_b16_k8_isolated,isolated,ours,17,1,e2e_ms,13.707968,recorder
20260925-142559_perlmutter_effc80dd,ours_l01_s1_pv2_r2_pv3c_eps025_trace-a2e8ab_b16_k8_isolated,isolated,ours,17,2,e2e_ms,13.04752,recorder
20260925-142559_perlmutter_effc80dd,ours_l01_s1_pv2_r2_pv3c_eps025_trace-a2e8ab_b16_k8_isolated,isolated,ours,17,3,e2e_ms,13.604896,recorder
20260925-142559_perlmutter_effc80dd,ours_l01_s1_pv2_r2_pv3c_eps025_trace-a2e8ab_b16_k8_isolated,isolated,ours,17,4,e2e_ms,13.63632,recorder
20260925-142559_perlmutter_effc80dd,ours_l01_s1_pv2_r2_pv3c_eps025_trace-a2e8ab_b16_k8_isolated,isolated,ours,17,5,e2e_ms,14.386016,recorder
20260925-142559_perlmutter_effc80dd,ours_l01_s1_pv2_r2_pv3c_eps025_trace-a2e8ab_b16_k8_isolated,isolated,ours,17,6,e2e_ms,13.479008,recorder
20260925-142559_perlmutter_effc80dd,ours_l01_s1_pv2_r2_pv3c_eps025_trace-a2e8ab_b16_k8_isolated,isolated,ours,17,7,e2e_ms,13.653408,recorder
20260925-142559_perlmutter_effc80dd,ours_l01_s1_pv2_r2_pv3c_eps025_trace-a2e8ab_b16_k8_isolated,isolated,ours,17,8,e2e_ms,13.91552,recorder
20260925-142559_perlmutter_effc80dd,ours_l01_s1_pv2_r2_pv3c_eps025_trace-a2e8ab_b16_k8_isolated,isolated,ours,17,9,e2e_ms,13.92192,recorder
20260925-142559_perlmutter_effc80dd,ours_l01_s1_pv2_r2_pv3c_eps025_trace-a2e8ab_b16_k8_isolated,isolated,ours,17,0,l0_ms,6.7856,recorder
20260925-142559_perlmutter_effc80dd,ours_l01_s1_pv2_r2_pv3c_eps025_trace-a2e8ab_b16_k8_isolated,isolated,ours,17,1,l0_ms,6.613888,recorder
20260925-142559_perlmutter_effc80dd,ours_l01_s1_pv2_r2_pv3c_eps025_trace-a2e8ab_b16_k8_isolated,isolated,ours,17,2,l0_ms,6.414464,recorder
20260925-142559_perlmutter_effc80dd,ours_l01_s1_pv2_r2_pv3c_eps025_trace-a2e8ab_b16_k8_isolated,isolated,ours,17,3,l0_ms,6.329728,recorder
20260925-142559_perlmutter_effc80dd,ours_l01_s1_pv2_r2_pv3c_eps025_trace-a2e8ab_b16_k8_isolated,isolated,ours,17,4,l0_ms,6.676032,recorder
20260925-142559_perlmutter_effc80dd,ours_l01_s1_pv2_r2_pv3c_eps025_trace-a2e8ab_b16_k8_isolated,isolated,ours,17,5,l0_ms,6.951424,recorder
20260925-142559_perlmutter_effc80dd,ours_l01_s1_pv2_r2_pv3c_eps025_trace-a2e8ab_b16_k8_isolated,isolated,ours,17,6,l0_ms,6.515968,recorder
20260925-142559_perlmutter_effc80dd,ours_l01_s1_pv2_r2_pv3c_eps025_trace-a2e8ab_b16_k8_isolated,isolated,ours,17,7,l0_ms,6.746624,recorder
20260925-142559_perlmutter_effc80dd,ours_l01_s1_pv2_r2_pv3c_eps025_trace-a2e8ab_b16_k8_isolated,isolated,ours,17,8,l0_ms,6.643392,recorder
20260925-142559_perlmutter_effc80dd,ours_l01_s1_pv2_r2_pv3c_eps025_trace-a2e8ab_b16_k8_isolated,isolated,ours,17,9,l0_ms,6.50576,recorder
20260925-142559_perlmutter_effc80dd,ours_l01_s1_pv2_r2_pv3c_eps025_trace-a2e8ab_b16_k8_isolated,isolated,ours,17,0,act_ms,0.078688,recorder
20260925-142559_perlmutter_effc80dd,ours_l01_s1_pv2_r2_pv3c_eps025_trace-a2e8ab_b16_k8_isolated,isolated,ours,17,1,act_ms,0.08016,recorder
20260925-142559_perlmutter_effc80dd,ours_l01_s1_pv2_r2_pv3c_eps025_trace-a2e8ab_b16_k8_isolated,isolated,ours,17,2,act_ms,0.081792,recorder
20260925-142559_perlmutter_effc80dd,ours_l01_s1_pv2_r2_pv3c_eps025_trace-a2e8ab_b16_k8_isolated,isolated,ours,17,3,act_ms,0.08512,recorder
20260925-142559_perlmutter_effc80dd,ours_l01_s1_pv2_r2_pv3c_eps025_trace-a2e8ab_b16_k8_isolated,isolated,ours,17,4,act_ms,0.080832,recorder
20260925-142559_perlmutter_effc80dd,ours_l01_s1_pv2_r2_pv3c_eps025_trace-a2e8ab_b16_k8_isolated,isolated,ours,17,5,act_ms,0.079072,recorder
20260925-142559_perlmutter_effc80dd,ours_l01_s1_pv2_r2_pv3c_eps025_trace-a2e8ab_b16_k8_isolated,isolated,ours,17,6,act_ms,0.08448,recorder
20260925-142559_perlmutter_effc80dd,ours_l01_s1_pv2_r2_pv3c_eps025_trace-a2e8ab_b16_k8_isolated,isolated,ours,17,7,act_ms,0.08656,recorder
20260925-142559_perlmutter_effc80dd,ours_l01_s1_pv2_r2_pv3c_eps025_trace-a2e8ab_b16_k8_isolated,isolated,ours,17,8,act_ms,0.07888,recorder
20260925-142559_perlmutter_effc80dd,ours_l01_s1_pv2_r2_pv3c_eps025_trace-a2e8ab_b16_k8_isolated,isolated,ours,17,9,act_ms,0.082816,recorder
20260925-142559_perlmutter_effc80dd,ours_l01_s1_pv2_r2_pv3c_eps025_trace-a2e8ab_b16_k8_isolated,isolated,ours,17,0,l1_ms,6.59104,recorder
20260925-142559_perlmutter_effc80dd,ours_l01_s1_pv2_r2_pv3c_eps025_trace-a2e8ab_b16_k8_isolated,isolated,ours,17,1,l1_ms,7.01392,recorder
20260925-142559_perlmutter_effc80dd,ours_l01_s1_pv2_r2_pv3c_eps025_trace-a2e8ab_b16_k8_isolated,isolated,ours,17,2,l1_ms,6.551264,recorder
20260925-142559_perlmutter_effc80dd,ours_l01_s1_pv2_r2_pv3c_eps025_trace-a2e8ab_b16_k8_isolated,isolated,ours,17,3,l1_ms,7.190048,recorder
20260925-142559_perlmutter_effc80dd,ours_l01_s1_pv2_r2_pv3c_eps025_trace-a2e8ab_b16_k8_isolated,isolated,ours,17,4,l1_ms,6.879456,recorder
20260925-142559_perlmutter_effc80dd,ours_l01_s1_pv2_r2_pv3c_eps025_trace-a2e8ab_b16_k8_isolated,isolated,ours,17,5,l1_ms,7.35552,recorder
20260925-142559_perlmutter_effc80dd,ours_l01_s1_pv2_r2_pv3c_eps025_trace-a2e8ab_b16_k8_isolated,isolated,ours,17,6,l1_ms,6.87856,recorder
20260925-142559_perlmutter_effc80dd,ours_l01_s1_pv2_r2_pv3c_eps025_trace-a2e8ab_b16_k8_isolated,isolated,ours,17,7,l1_ms,6.820224,recorder
20260925-142559_perlmutter_effc80dd,ours_l01_s1_pv2_r2_pv3c_eps025_trace-a2e8ab_b16_k8_isolated,isolated,ours,17,8,l1_ms,7.193248,recorder
20260925-142559_perlmutter_effc80dd,ours_l01_s1_pv2_r2_pv3c_eps025_trace-a2e8ab_b16_k8_isolated,isolated,ours,17,9,l1_ms,7.333344,recorder
20260925-142559_perlmutter_effc80dd,ours_l01_s1_pv2_r2_pv3c_eps025_trace-a2e8ab_b16_k8_isolated,isolated,ours,17,0,plan_comm_ms,0.64336,recorder
20260925-142559_perlmutter_effc80dd,ours_l01_s1_pv2_r2_pv3c_eps025_trace-a2e8ab_b16_k8_isolated,isolated,ours,17,1,plan_comm_ms,0.46816,recorder
20260925-142559_perlmutter_effc80dd,ours_l01_s1_pv2_r2_pv3c_eps025_trace-a2e8ab_b16_k8_isolated,isolated,ours,17,2,plan_comm_ms,0.588736,recorder
20260925-142559_perlmutter_effc80dd,ours_l01_s1_pv2_r2_pv3c_eps025_trace-a2e8ab_b16_k8_isolated,isolated,ours,17,3,plan_comm_ms,0.425248,recorder
20260925-142559_perlmutter_effc80dd,ours_l01_s1_pv2_r2_pv3c_eps025_trace-a2e8ab_b16_k8_isolated,isolated,ours,17,4,plan_comm_ms,0.21248,recorder
20260925-142559_perlmutter_effc80dd,ours_l01_s1_pv2_r2_pv3c_eps025_trace-a2e8ab_b16_k8_isolated,isolated,ours,17,5,plan_comm_ms,0.6856,recorder
20260925-142559_perlmutter_effc80dd,ours_l01_s1_pv2_r2_pv3c_eps025_trace-a2e8ab_b16_k8_isolated,isolated,ours,17,6,plan_comm_ms,0.1976,recorder
20260925-142559_perlmutter_effc80dd,ours_l01_s1_pv2_r2_pv3c_eps025_trace-a2e8ab_b16_k8_isolated,isolated,ours,17,7,plan_comm_ms,0.190048,recorder
20260925-142559_perlmutter_effc80dd,ours_l01_s1_pv2_r2_pv3c_eps025_trace-a2e8ab_b16_k8_isolated,isolated,ours,17,8,plan_comm_ms,0.202368,recorder
20260925-142559_perlmutter_effc80dd,ours_l01_s1_pv2_r2_pv3c_eps025_trace-a2e8ab_b16_k8_isolated,isolated,ours,17,9,plan_comm_ms,0.19248,recorder
20260925-142559_perlmutter_effc80dd,ours_l01_s1_pv2_r2_pv3c_eps025_trace-a2e8ab_b16_k8_isolated,isolated,ours,17,0,place_ms,0.002368,recorder
20260925-142559_perlmutter_effc80dd,ours_l01_s1_pv2_r2_pv3c_eps025_trace-a2e8ab_b16_k8_isolated,isolated,ours,17,1,place_ms,0.002336,recorder
20260925-142559_perlmutter_effc80dd,ours_l01_s1_pv2_r2_pv3c_eps025_trace-a2e8ab_b16_k8_isolated,isolated,ours,17,2,place_ms,0.002304,recorder
20260925-142559_perlmutter_effc80dd,ours_l01_s1_pv2_r2_pv3c_eps025_trace-a2e8ab_b16_k8_isolated,isolated,ours,17,3,place_ms,0.002304,recorder
20260925-142559_perlmutter_effc80dd,ours_l01_s1_pv2_r2_pv3c_eps025_trace-a2e8ab_b16_k8_isolated,isolated,ours,17,4,place_ms,0.002336,recorder
20260925-142559_perlmutter_effc80dd,ours_l01_s1_pv2_r2_pv3c_eps025_trace-a2e8ab_b16_k8_isolated,isolated,ours,17,5,place_ms,0.002304,recorder
20260925-142559_perlmutter_effc80dd,ours_l01_s1_pv2_r2_pv3c_eps025_trace-a2e8ab_b16_k8_isolated,isolated,ours,17,6,place_ms,0.002336,recorder
20260925-142559_perlmutter_effc80dd,ours_l01_s1_pv2_r2_pv3c_eps025_trace-a2e8ab_b16_k8_isolated,isolated,ours,17,7,place_ms,0.002336,recorder
20260925-142559_perlmutter_effc80dd,ours_l01_s1_pv2_r2_pv3c_eps025_trace-a2e8ab_b16_k8_isolated,isolated,ours,17,8,place_ms,0.002304,recorder
20260925-142559_perlmutter_effc80dd,ours_l01_s1_pv2_r2_pv3c_eps025_trace-a2e8ab_b16_k8_isolated,isolated,ours,17,9,place_ms,0.002336,recorder
20260925-142559_perlmutter_effc80dd,ours_l01_s1_pv2_r2_pv3c_eps025_trace-a2e8ab_b16_k8_isolated,isolated,ours,17,0,plan_ms,1.1528,recorder
20260925-142559_perlmutter_effc80dd,ours_l01_s1_pv2_r2_pv3c_eps025_trace-a2e8ab_b16_k8_isolated,isolated,ours,17,1,plan_ms,1.15088,recorder
20260925-142559_perlmutter_effc80dd,ours_l01_s1_pv2_r2_pv3c_eps025_trace-a2e8ab_b16_k8_isolated,isolated,ours,17,2,plan_ms,1.079136,recorder
20260925-142559_perlmutter_effc80dd,ours_l01_s1_pv2_r2_pv3c_eps025_trace-a2e8ab_b16_k8_isolated,isolated,ours,17,3,plan_ms,1.144384,recorder
20260925-142559_perlmutter_effc80dd,ours_l01_s1_pv2_r2_pv3c_eps025_trace-a2e8ab_b16_k8_isolated,isolated,ours,17,4,plan_ms,1.132288,recorder
20260925-142559_perlmutter_effc80dd,ours_l01_s1_pv2_r2_pv3c_eps025_trace-a2e8ab_b16_k8_isolated,isolated,ours,17,5,plan_ms,1.13776,recorder
20260925-142559_perlmutter_effc80dd,ours_l01_s1_pv2_r2_pv3c_eps025_trace-a2e8ab_b16_k8_isolated,isolated,ours,17,6,plan_ms,1.130272,recorder
20260925-142559_perlmutter_effc80dd,ours_l01_s1_pv2_r2_pv3c_eps025_trace-a2e8ab_b16_k8_isolated,isolated,ours,17,7,plan_ms,1.1288,recorder
20260925-142559_perlmutter_effc80dd,ours_l01_s1_pv2_r2_pv3c_eps025_trace-a2e8ab_b16_k8_isolated,isolated,ours,17,8,plan_ms,1.139104,recorder
20260925-142559_perlmutter_effc80dd,ours_l01_s1_pv2_r2_pv3c_eps025_trace-a2e8ab_b16_k8_isolated,isolated,ours,17,9,plan_ms,1.152736,recorder
20260925-142559_perlmutter_effc80dd,ours_l01_s1_pv2_r2_pv3c_eps025_trace-a2e8ab_b16_k8_isolated,isolated,ours,17,0,total_ms,15.263936,recorder
20260925-142559_perlmutter_effc80dd,ours_l01_s1_pv2_r2_pv3c_eps025_trace-a2e8ab_b16_k8_isolated,isolated,ours,17,1,total_ms,15.338656,recorder
20260925-142559_perlmutter_effc80dd,ours_l01_s1_pv2_r2_pv3c_eps025_trace-a2e8ab_b16_k8_isolated,isolated,ours,17,2,total_ms,14.72736,recorder
20260925-142559_perlmutter_effc80dd,ours_l01_s1_pv2_r2_pv3c_eps025_trace-a2e8ab_b16_k8_isolated,isolated,ours,17,3,total_ms,15.18592,recorder
20260925-142559_perlmutter_effc80dd,ours_l01_s1_pv2_r2_pv3c_eps025_trace-a2e8ab_b16_k8_isolated,isolated,ours,17,4,total_ms,14.992896,recorder
20260925-142559_perlmutter_effc80dd,ours_l01_s1_pv2_r2_pv3c_eps025_trace-a2e8ab_b16_k8_isolated,isolated,ours,17,5,total_ms,16.221184,recorder
20260925-142559_perlmutter_effc80dd,ours_l01_s1_pv2_r2_pv3c_eps025_trace-a2e8ab_b16_k8_isolated,isolated,ours,17,6,total_ms,14.819232,recorder
20260925-142559_perlmutter_effc80dd,ours_l01_s1_pv2_r2_pv3c_eps025_trace-a2e8ab_b16_k8_isolated,isolated,ours,17,7,total_ms,14.98416,recorder
20260925-142559_perlmutter_effc80dd,ours_l01_s1_pv2_r2_pv3c_eps025_trace-a2e8ab_b16_k8_isolated,isolated,ours,17,8,total_ms,15.268864,recorder
20260925-142559_perlmutter_effc80dd,ours_l01_s1_pv2_r2_pv3c_eps025_trace-a2e8ab_b16_k8_isolated,isolated,ours,17,9,total_ms,15.279424,recorder
20260925-142559_perlmutter_effc80dd,ours_l01_s1_pv2_r2_pv3c_eps025_trace-a2e8ab_b16_k8_isolated,isolated,ours,17,0,iso_sync_ms,12.109378,recorder
20260925-142559_perlmutter_effc80dd,ours_l01_s1_pv2_r2_pv3c_eps025_trace-a2e8ab_b16_k8_isolated,isolated,ours,17,1,iso_sync_ms,12.270157,recorder
20260925-142559_perlmutter_effc80dd,ours_l01_s1_pv2_r2_pv3c_eps025_trace-a2e8ab_b16_k8_isolated,isolated,ours,17,2,iso_sync_ms,12.292432,recorder
20260925-142559_perlmutter_effc80dd,ours_l01_s1_pv2_r2_pv3c_eps025_trace-a2e8ab_b16_k8_isolated,isolated,ours,17,3,iso_sync_ms,13.397616,recorder
20260925-142559_perlmutter_effc80dd,ours_l01_s1_pv2_r2_pv3c_eps025_trace-a2e8ab_b16_k8_isolated,isolated,ours,17,4,iso_sync_ms,12.194822,recorder
20260925-142559_perlmutter_effc80dd,ours_l01_s1_pv2_r2_pv3c_eps025_trace-a2e8ab_b16_k8_isolated,isolated,ours,17,5,iso_sync_ms,12.239509,recorder
20260925-142559_perlmutter_effc80dd,ours_l01_s1_pv2_r2_pv3c_eps025_trace-a2e8ab_b16_k8_isolated,isolated,ours,17,6,iso_sync_ms,13.02176,recorder
20260925-142559_perlmutter_effc80dd,ours_l01_s1_pv2_r2_pv3c_eps025_trace-a2e8ab_b16_k8_isolated,isolated,ours,17,7,iso_sync_ms,12.078298,recorder
20260925-142559_perlmutter_effc80dd,ours_l01_s1_pv2_r2_pv3c_eps025_trace-a2e8ab_b16_k8_isolated,isolated,ours,17,8,iso_sync_ms,12.574496,recorder
20260925-142559_perlmutter_effc80dd,ours_l01_s1_pv2_r2_pv3c_eps025_trace-a2e8ab_b16_k8_isolated,isolated,ours,17,9,iso_sync_ms,12.929563,recorder
20260925-142559_perlmutter_effc80dd,ours_l01_s1_pv2_r2_pv3c_eps025_trace-a2e8ab_b16_k8_isolated,isolated,ours,17,0,l0_enq_ms,0.679993,recorder
20260925-142559_perlmutter_effc80dd,ours_l01_s1_pv2_r2_pv3c_eps025_trace-a2e8ab_b16_k8_isolated,isolated,ours,17,1,l0_enq_ms,0.689883,recorder
20260925-142559_perlmutter_effc80dd,ours_l01_s1_pv2_r2_pv3c_eps025_trace-a2e8ab_b16_k8_isolated,isolated,ours,17,2,l0_enq_ms,0.686436,recorder
20260925-142559_perlmutter_effc80dd,ours_l01_s1_pv2_r2_pv3c_eps025_trace-a2e8ab_b16_k8_isolated,isolated,ours,17,3,l0_enq_ms,0.653242,recorder
20260925-142559_perlmutter_effc80dd,ours_l01_s1_pv2_r2_pv3c_eps025_trace-a2e8ab_b16_k8_isolated,isolated,ours,17,4,l0_enq_ms,0.658983,recorder
20260925-142559_perlmutter_effc80dd,ours_l01_s1_pv2_r2_pv3c_eps025_trace-a2e8ab_b16_k8_isolated,isolated,ours,17,5,l0_enq_ms,0.652681,recorder
20260925-142559_perlmutter_effc80dd,ours_l01_s1_pv2_r2_pv3c_eps025_trace-a2e8ab_b16_k8_isolated,isolated,ours,17,6,l0_enq_ms,0.660616,recorder
20260925-142559_perlmutter_effc80dd,ours_l01_s1_pv2_r2_pv3c_eps025_trace-a2e8ab_b16_k8_isolated,isolated,ours,17,7,l0_enq_ms,0.651058,recorder
20260925-142559_perlmutter_effc80dd,ours_l01_s1_pv2_r2_pv3c_eps025_trace-a2e8ab_b16_k8_isolated,isolated,ours,17,8,l0_enq_ms,0.671828,recorder
20260925-142559_perlmutter_effc80dd,ours_l01_s1_pv2_r2_pv3c_eps025_trace-a2e8ab_b16_k8_isolated,isolated,ours,17,9,l0_enq_ms,0.653142,recorder
20260925-142559_perlmutter_effc80dd,ours_l01_s1_pv2_r2_pv3c_eps025_trace-a2e8ab_b16_k8_isolated,isolated,ours,17,0,l1_enq_ms,0.570492,recorder
20260925-142559_perlmutter_effc80dd,ours_l01_s1_pv2_r2_pv3c_eps025_trace-a2e8ab_b16_k8_isolated,isolated,ours,17,1,l1_enq_ms,0.537078,recorder
20260925-142559_perlmutter_effc80dd,ours_l01_s1_pv2_r2_pv3c_eps025_trace-a2e8ab_b16_k8_isolated,isolated,ours,17,2,l1_enq_ms,0.549932,recorder
20260925-142559_perlmutter_effc80dd,ours_l01_s1_pv2_r2_pv3c_eps025_trace-a2e8ab_b16_k8_isolated,isolated,ours,17,3,l1_enq_ms,0.556656,recorder
20260925-142559_perlmutter_effc80dd,ours_l01_s1_pv2_r2_pv3c_eps025_trace-a2e8ab_b16_k8_isolated,isolated,ours,17,4,l1_enq_ms,0.552448,recorder
20260925-142559_perlmutter_effc80dd,ours_l01_s1_pv2_r2_pv3c_eps025_trace-a2e8ab_b16_k8_isolated,isolated,ours,17,5,l1_enq_ms,0.565703,recorder
20260925-142559_perlmutter_effc80dd,ours_l01_s1_pv2_r2_pv3c_eps025_trace-a2e8ab_b16_k8_isolated,isolated,ours,17,6,l1_enq_ms,0.559992,recorder
20260925-142559_perlmutter_effc80dd,ours_l01_s1_pv2_r2_pv3c_eps025_trace-a2e8ab_b16_k8_isolated,isolated,ours,17,7,l1_enq_ms,0.604468,recorder
20260925-142559_perlmutter_effc80dd,ours_l01_s1_pv2_r2_pv3c_eps025_trace-a2e8ab_b16_k8_isolated,isolated,ours,17,8,l1_enq_ms,0.528892,recorder
20260925-142559_perlmutter_effc80dd,ours_l01_s1_pv2_r2_pv3c_eps025_trace-a2e8ab_b16_k8_isolated,isolated,ours,17,9,l1_enq_ms,0.542518,recorder
20260925-142559_perlmutter_effc80dd,ours_l01_s1_pv2_r2_pv3c_eps025_trace-a2e8ab_b16_k8_isolated,isolated,ours,18,0,e2e_ms,13.428928,recorder
20260925-142559_perlmutter_effc80dd,ours_l01_s1_pv2_r2_pv3c_eps025_trace-a2e8ab_b16_k8_isolated,isolated,ours,18,1,e2e_ms,13.690592,recorder
20260925-142559_perlmutter_effc80dd,ours_l01_s1_pv2_r2_pv3c_eps025_trace-a2e8ab_b16_k8_isolated,isolated,ours,18,2,e2e_ms,13.064192,recorder
20260925-142559_perlmutter_effc80dd,ours_l01_s1_pv2_r2_pv3c_eps025_trace-a2e8ab_b16_k8_isolated,isolated,ours,18,3,e2e_ms,13.595232,recorder
20260925-142559_perlmutter_effc80dd,ours_l01_s1_pv2_r2_pv3c_eps025_trace-a2e8ab_b16_k8_isolated,isolated,ours,18,4,e2e_ms,13.617856,recorder
20260925-142559_perlmutter_effc80dd,ours_l01_s1_pv2_r2_pv3c_eps025_trace-a2e8ab_b16_k8_isolated,isolated,ours,18,5,e2e_ms,14.367008,recorder
20260925-142559_perlmutter_effc80dd,ours_l01_s1_pv2_r2_pv3c_eps025_trace-a2e8ab_b16_k8_isolated,isolated,ours,18,6,e2e_ms,13.451968,recorder
20260925-142559_perlmutter_effc80dd,ours_l01_s1_pv2_r2_pv3c_eps025_trace-a2e8ab_b16_k8_isolated,isolated,ours,18,7,e2e_ms,13.651872,recorder
20260925-142559_perlmutter_effc80dd,ours_l01_s1_pv2_r2_pv3c_eps025_trace-a2e8ab_b16_k8_isolated,isolated,ours,18,8,e2e_ms,13.890272,recorder
20260925-142559_perlmutter_effc80dd,ours_l01_s1_pv2_r2_pv3c_eps025_trace-a2e8ab_b16_k8_isolated,isolated,ours,18,9,e2e_ms,13.909664,recorder
20260925-142559_perlmutter_effc80dd,ours_l01_s1_pv2_r2_pv3c_eps025_trace-a2e8ab_b16_k8_isolated,isolated,ours,18,0,l0_ms,6.797792,recorder
20260925-142559_perlmutter_effc80dd,ours_l01_s1_pv2_r2_pv3c_eps025_trace-a2e8ab_b16_k8_isolated,isolated,ours,18,1,l0_ms,6.616704,recorder
20260925-142559_perlmutter_effc80dd,ours_l01_s1_pv2_r2_pv3c_eps025_trace-a2e8ab_b16_k8_isolated,isolated,ours,18,2,l0_ms,6.431136,recorder
20260925-142559_perlmutter_effc80dd,ours_l01_s1_pv2_r2_pv3c_eps025_trace-a2e8ab_b16_k8_isolated,isolated,ours,18,3,l0_ms,6.333792,recorder
20260925-142559_perlmutter_effc80dd,ours_l01_s1_pv2_r2_pv3c_eps025_trace-a2e8ab_b16_k8_isolated,isolated,ours,18,4,l0_ms,6.667488,recorder
20260925-142559_perlmutter_effc80dd,ours_l01_s1_pv2_r2_pv3c_eps025_trace-a2e8ab_b16_k8_isolated,isolated,ours,18,5,l0_ms,6.953504,recorder
20260925-142559_perlmutter_effc80dd,ours_l01_s1_pv2_r2_pv3c_eps025_trace-a2e8ab_b16_k8_isolated,isolated,ours,18,6,l0_ms,6.51168,recorder
20260925-142559_perlmutter_effc80dd,ours_l01_s1_pv2_r2_pv3c_eps025_trace-a2e8ab_b16_k8_isolated,isolated,ours,18,7,l0_ms,6.741888,recorder
20260925-142559_perlmutter_effc80dd,ours_l01_s1_pv2_r2_pv3c_eps025_trace-a2e8ab_b16_k8_isolated,isolated,ours,18,8,l0_ms,6.64896,recorder
20260925-142559_perlmutter_effc80dd,ours_l01_s1_pv2_r2_pv3c_eps025_trace-a2e8ab_b16_k8_isolated,isolated,ours,18,9,l0_ms,6.498944,recorder
20260925-142559_perlmutter_effc80dd,ours_l01_s1_pv2_r2_pv3c_eps025_trace-a2e8ab_b16_k8_isolated,isolated,ours,18,0,act_ms,0.081568,recorder
20260925-142559_perlmutter_effc80dd,ours_l01_s1_pv2_r2_pv3c_eps025_trace-a2e8ab_b16_k8_isolated,isolated,ours,18,1,act_ms,0.079584,recorder
20260925-142559_perlmutter_effc80dd,ours_l01_s1_pv2_r2_pv3c_eps025_trace-a2e8ab_b16_k8_isolated,isolated,ours,18,2,act_ms,0.075328,recorder
20260925-142559_perlmutter_effc80dd,ours_l01_s1_pv2_r2_pv3c_eps025_trace-a2e8ab_b16_k8_isolated,isolated,ours,18,3,act_ms,0.078336,recorder
20260925-142559_perlmutter_effc80dd,ours_l01_s1_pv2_r2_pv3c_eps025_trace-a2e8ab_b16_k8_isolated,isolated,ours,18,4,act_ms,0.08016,recorder
20260925-142559_perlmutter_effc80dd,ours_l01_s1_pv2_r2_pv3c_eps025_trace-a2e8ab_b16_k8_isolated,isolated,ours,18,5,act_ms,0.08128,recorder
20260925-142559_perlmutter_effc80dd,ours_l01_s1_pv2_r2_pv3c_eps025_trace-a2e8ab_b16_k8_isolated,isolated,ours,18,6,act_ms,0.074336,recorder
20260925-142559_perlmutter_effc80dd,ours_l01_s1_pv2_r2_pv3c_eps025_trace-a2e8ab_b16_k8_isolated,isolated,ours,18,7,act_ms,0.077504,recorder
20260925-142559_perlmutter_effc80dd,ours_l01_s1_pv2_r2_pv3c_eps025_trace-a2e8ab_b16_k8_isolated,isolated,ours,18,8,act_ms,0.07936,recorder
20260925-142559_perlmutter_effc80dd,ours_l01_s1_pv2_r2_pv3c_eps025_trace-a2e8ab_b16_k8_isolated,isolated,ours,18,9,act_ms,0.075968,recorder
20260925-142559_perlmutter_effc80dd,ours_l01_s1_pv2_r2_pv3c_eps025_trace-a2e8ab_b16_k8_isolated,isolated,ours,18,0,l1_ms,6.549568,recorder
20260925-142559_perlmutter_effc80dd,ours_l01_s1_pv2_r2_pv3c_eps025_trace-a2e8ab_b16_k8_isolated,isolated,ours,18,1,l1_ms,6.994304,recorder
20260925-142559_perlmutter_effc80dd,ours_l01_s1_pv2_r2_pv3c_eps025_trace-a2e8ab_b16_k8_isolated,isolated,ours,18,2,l1_ms,6.557728,recorder
20260925-142559_perlmutter_effc80dd,ours_l01_s1_pv2_r2_pv3c_eps025_trace-a2e8ab_b16_k8_isolated,isolated,ours,18,3,l1_ms,7.183104,recorder
20260925-142559_perlmutter_effc80dd,ours_l01_s1_pv2_r2_pv3c_eps025_trace-a2e8ab_b16_k8_isolated,isolated,ours,18,4,l1_ms,6.870208,recorder
20260925-142559_perlmutter_effc80dd,ours_l01_s1_pv2_r2_pv3c_eps025_trace-a2e8ab_b16_k8_isolated,isolated,ours,18,5,l1_ms,7.332224,recorder
20260925-142559_perlmutter_effc80dd,ours_l01_s1_pv2_r2_pv3c_eps025_trace-a2e8ab_b16_k8_isolated,isolated,ours,18,6,l1_ms,6.865952,recorder
20260925-142559_perlmutter_effc80dd,ours_l01_s1_pv2_r2_pv3c_eps025_trace-a2e8ab_b16_k8_isolated,isolated,ours,18,7,l1_ms,6.83248,recorder
20260925-142559_perlmutter_effc80dd,ours_l01_s1_pv2_r2_pv3c_eps025_trace-a2e8ab_b16_k8_isolated,isolated,ours,18,8,l1_ms,7.161952,recorder
20260925-142559_perlmutter_effc80dd,ours_l01_s1_pv2_r2_pv3c_eps025_trace-a2e8ab_b16_k8_isolated,isolated,ours,18,9,l1_ms,7.334752,recorder
20260925-142559_perlmutter_effc80dd,ours_l01_s1_pv2_r2_pv3c_eps025_trace-a2e8ab_b16_k8_isolated,isolated,ours,18,0,plan_comm_ms,0.641248,recorder
20260925-142559_perlmutter_effc80dd,ours_l01_s1_pv2_r2_pv3c_eps025_trace-a2e8ab_b16_k8_isolated,isolated,ours,18,1,plan_comm_ms,0.465856,recorder
20260925-142559_perlmutter_effc80dd,ours_l01_s1_pv2_r2_pv3c_eps025_trace-a2e8ab_b16_k8_isolated,isolated,ours,18,2,plan_comm_ms,0.59376,recorder
20260925-142559_perlmutter_effc80dd,ours_l01_s1_pv2_r2_pv3c_eps025_trace-a2e8ab_b16_k8_isolated,isolated,ours,18,3,plan_comm_ms,0.423776,recorder
20260925-142559_perlmutter_effc80dd,ours_l01_s1_pv2_r2_pv3c_eps025_trace-a2e8ab_b16_k8_isolated,isolated,ours,18,4,plan_comm_ms,0.20416,recorder
20260925-142559_perlmutter_effc80dd,ours_l01_s1_pv2_r2_pv3c_eps025_trace-a2e8ab_b16_k8_isolated,isolated,ours,18,5,plan_comm_ms,0.686368,recorder
20260925-142559_perlmutter_effc80dd,ours_l01_s1_pv2_r2_pv3c_eps025_trace-a2e8ab_b16_k8_isolated,isolated,ours,18,6,plan_comm_ms,0.199712,recorder
20260925-142559_perlmutter_effc80dd,ours_l01_s1_pv2_r2_pv3c_eps025_trace-a2e8ab_b16_k8_isolated,isolated,ours,18,7,plan_comm_ms,0.19232,recorder
20260925-142559_perlmutter_effc80dd,ours_l01_s1_pv2_r2_pv3c_eps025_trace-a2e8ab_b16_k8_isolated,isolated,ours,18,8,plan_comm_ms,0.201888,recorder
20260925-142559_perlmutter_effc80dd,ours_l01_s1_pv2_r2_pv3c_eps025_trace-a2e8ab_b16_k8_isolated,isolated,ours,18,9,plan_comm_ms,0.196672,recorder
20260925-142559_perlmutter_effc80dd,ours_l01_s1_pv2_r2_pv3c_eps025_trace-a2e8ab_b16_k8_isolated,isolated,ours,18,0,place_ms,0.002368,recorder
20260925-142559_perlmutter_effc80dd,ours_l01_s1_pv2_r2_pv3c_eps025_trace-a2e8ab_b16_k8_isolated,isolated,ours,18,1,place_ms,0.002336,recorder
20260925-142559_perlmutter_effc80dd,ours_l01_s1_pv2_r2_pv3c_eps025_trace-a2e8ab_b16_k8_isolated,isolated,ours,18,2,place_ms,0.002336,recorder
20260925-142559_perlmutter_effc80dd,ours_l01_s1_pv2_r2_pv3c_eps025_trace-a2e8ab_b16_k8_isolated,isolated,ours,18,3,place_ms,0.002336,recorder
20260925-142559_perlmutter_effc80dd,ours_l01_s1_pv2_r2_pv3c_eps025_trace-a2e8ab_b16_k8_isolated,isolated,ours,18,4,place_ms,0.002336,recorder
20260925-142559_perlmutter_effc80dd,ours_l01_s1_pv2_r2_pv3c_eps025_trace-a2e8ab_b16_k8_isolated,isolated,ours,18,5,place_ms,0.002336,recorder
20260925-142559_perlmutter_effc80dd,ours_l01_s1_pv2_r2_pv3c_eps025_trace-a2e8ab_b16_k8_isolated,isolated,ours,18,6,place_ms,0.002368,recorder
20260925-142559_perlmutter_effc80dd,ours_l01_s1_pv2_r2_pv3c_eps025_trace-a2e8ab_b16_k8_isolated,isolated,ours,18,7,place_ms,0.002368,recorder
20260925-142559_perlmutter_effc80dd,ours_l01_s1_pv2_r2_pv3c_eps025_trace-a2e8ab_b16_k8_isolated,isolated,ours,18,8,place_ms,0.002368,recorder
20260925-142559_perlmutter_effc80dd,ours_l01_s1_pv2_r2_pv3c_eps025_trace-a2e8ab_b16_k8_isolated,isolated,ours,18,9,place_ms,0.002368,recorder
20260925-142559_perlmutter_effc80dd,ours_l01_s1_pv2_r2_pv3c_eps025_trace-a2e8ab_b16_k8_isolated,isolated,ours,18,0,plan_ms,1.176128,recorder
20260925-142559_perlmutter_effc80dd,ours_l01_s1_pv2_r2_pv3c_eps025_trace-a2e8ab_b16_k8_isolated,isolated,ours,18,1,plan_ms,1.16976,recorder
20260925-142559_perlmutter_effc80dd,ours_l01_s1_pv2_r2_pv3c_eps025_trace-a2e8ab_b16_k8_isolated,isolated,ours,18,2,plan_ms,1.091552,recorder
20260925-142559_perlmutter_effc80dd,ours_l01_s1_pv2_r2_pv3c_eps025_trace-a2e8ab_b16_k8_isolated,isolated,ours,18,3,plan_ms,1.151712,recorder
20260925-142559_perlmutter_effc80dd,ours_l01_s1_pv2_r2_pv3c_eps025_trace-a2e8ab_b16_k8_isolated,isolated,ours,18,4,plan_ms,1.159584,recorder
20260925-142559_perlmutter_effc80dd,ours_l01_s1_pv2_r2_pv3c_eps025_trace-a2e8ab_b16_k8_isolated,isolated,ours,18,5,plan_ms,1.155488,recorder
20260925-142559_perlmutter_effc80dd,ours_l01_s1_pv2_r2_pv3c_eps025_trace-a2e8ab_b16_k8_isolated,isolated,ours,18,6,plan_ms,1.157248,recorder
20260925-142559_perlmutter_effc80dd,ours_l01_s1_pv2_r2_pv3c_eps025_trace-a2e8ab_b16_k8_isolated,isolated,ours,18,7,plan_ms,1.137984,recorder
20260925-142559_perlmutter_effc80dd,ours_l01_s1_pv2_r2_pv3c_eps025_trace-a2e8ab_b16_k8_isolated,isolated,ours,18,8,plan_ms,1.167712,recorder
20260925-142559_perlmutter_effc80dd,ours_l01_s1_pv2_r2_pv3c_eps025_trace-a2e8ab_b16_k8_isolated,isolated,ours,18,9,plan_ms,1.163168,recorder
20260925-142559_perlmutter_effc80dd,ours_l01_s1_pv2_r2_pv3c_eps025_trace-a2e8ab_b16_k8_isolated,isolated,ours,18,0,total_ms,15.257568,recorder
20260925-142559_perlmutter_effc80dd,ours_l01_s1_pv2_r2_pv3c_eps025_trace-a2e8ab_b16_k8_isolated,isolated,ours,18,1,total_ms,15.337376,recorder
20260925-142559_perlmutter_effc80dd,ours_l01_s1_pv2_r2_pv3c_eps025_trace-a2e8ab_b16_k8_isolated,isolated,ours,18,2,total_ms,14.761248,recorder
20260925-142559_perlmutter_effc80dd,ours_l01_s1_pv2_r2_pv3c_eps025_trace-a2e8ab_b16_k8_isolated,isolated,ours,18,3,total_ms,15.182016,recorder
20260925-142559_perlmutter_effc80dd,ours_l01_s1_pv2_r2_pv3c_eps025_trace-a2e8ab_b16_k8_isolated,isolated,ours,18,4,total_ms,14.992672,recorder
20260925-142559_perlmutter_effc80dd,ours_l01_s1_pv2_r2_pv3c_eps025_trace-a2e8ab_b16_k8_isolated,isolated,ours,18,5,total_ms,16.219744,recorder
20260925-142559_perlmutter_effc80dd,ours_l01_s1_pv2_r2_pv3c_eps025_trace-a2e8ab_b16_k8_isolated,isolated,ours,18,6,total_ms,14.820224,recorder
20260925-142559_perlmutter_effc80dd,ours_l01_s1_pv2_r2_pv3c_eps025_trace-a2e8ab_b16_k8_isolated,isolated,ours,18,7,total_ms,14.993248,recorder
20260925-142559_perlmutter_effc80dd,ours_l01_s1_pv2_r2_pv3c_eps025_trace-a2e8ab_b16_k8_isolated,isolated,ours,18,8,total_ms,15.270848,recorder
20260925-142559_perlmutter_effc80dd,ours_l01_s1_pv2_r2_pv3c_eps025_trace-a2e8ab_b16_k8_isolated,isolated,ours,18,9,total_ms,15.280992,recorder
20260925-142559_perlmutter_effc80dd,ours_l01_s1_pv2_r2_pv3c_eps025_trace-a2e8ab_b16_k8_isolated,isolated,ours,18,0,iso_sync_ms,12.272333,recorder
20260925-142559_perlmutter_effc80dd,ours_l01_s1_pv2_r2_pv3c_eps025_trace-a2e8ab_b16_k8_isolated,isolated,ours,18,1,iso_sync_ms,12.364671,recorder
20260925-142559_perlmutter_effc80dd,ours_l01_s1_pv2_r2_pv3c_eps025_trace-a2e8ab_b16_k8_isolated,isolated,ours,18,2,iso_sync_ms,12.367757,recorder
20260925-142559_perlmutter_effc80dd,ours_l01_s1_pv2_r2_pv3c_eps025_trace-a2e8ab_b16_k8_isolated,isolated,ours,18,3,iso_sync_ms,13.47683,recorder
20260925-142559_perlmutter_effc80dd,ours_l01_s1_pv2_r2_pv3c_eps025_trace-a2e8ab_b16_k8_isolated,isolated,ours,18,4,iso_sync_ms,12.233306,recorder
20260925-142559_perlmutter_effc80dd,ours_l01_s1_pv2_r2_pv3c_eps025_trace-a2e8ab_b16_k8_isolated,isolated,ours,18,5,iso_sync_ms,12.331608,recorder
20260925-142559_perlmutter_effc80dd,ours_l01_s1_pv2_r2_pv3c_eps025_trace-a2e8ab_b16_k8_isolated,isolated,ours,18,6,iso_sync_ms,13.077247,recorder
20260925-142559_perlmutter_effc80dd,ours_l01_s1_pv2_r2_pv3c_eps025_trace-a2e8ab_b16_k8_isolated,isolated,ours,18,7,iso_sync_ms,12.176548,recorder
20260925-142559_perlmutter_effc80dd,ours_l01_s1_pv2_r2_pv3c_eps025_trace-a2e8ab_b16_k8_isolated,isolated,ours,18,8,iso_sync_ms,12.723724,recorder
20260925-142559_perlmutter_effc80dd,ours_l01_s1_pv2_r2_pv3c_eps025_trace-a2e8ab_b16_k8_isolated,isolated,ours,18,9,iso_sync_ms,12.99057,recorder
20260925-142559_perlmutter_effc80dd,ours_l01_s1_pv2_r2_pv3c_eps025_trace-a2e8ab_b16_k8_isolated,isolated,ours,18,0,l0_enq_ms,0.643815,recorder
20260925-142559_perlmutter_effc80dd,ours_l01_s1_pv2_r2_pv3c_eps025_trace-a2e8ab_b16_k8_isolated,isolated,ours,18,1,l0_enq_ms,0.635899,recorder
20260925-142559_perlmutter_effc80dd,ours_l01_s1_pv2_r2_pv3c_eps025_trace-a2e8ab_b16_k8_isolated,isolated,ours,18,2,l0_enq_ms,0.630869,recorder
20260925-142559_perlmutter_effc80dd,ours_l01_s1_pv2_r2_pv3c_eps025_trace-a2e8ab_b16_k8_isolated,isolated,ours,18,3,l0_enq_ms,0.628865,recorder
20260925-142559_perlmutter_effc80dd,ours_l01_s1_pv2_r2_pv3c_eps025_trace-a2e8ab_b16_k8_isolated,isolated,ours,18,4,l0_enq_ms,0.608266,recorder
20260925-142559_perlmutter_effc80dd,ours_l01_s1_pv2_r2_pv3c_eps025_trace-a2e8ab_b16_k8_isolated,isolated,ours,18,5,l0_enq_ms,0.612874,recorder
20260925-142559_perlmutter_effc80dd,ours_l01_s1_pv2_r2_pv3c_eps025_trace-a2e8ab_b16_k8_isolated,isolated,ours,18,6,l0_enq_ms,0.603636,recorder
20260925-142559_perlmutter_effc80dd,ours_l01_s1_pv2_r2_pv3c_eps025_trace-a2e8ab_b16_k8_isolated,isolated,ours,18,7,l0_enq_ms,0.607724,recorder
20260925-142559_perlmutter_effc80dd,ours_l01_s1_pv2_r2_pv3c_eps025_trace-a2e8ab_b16_k8_isolated,isolated,ours,18,8,l0_enq_ms,0.640318,recorder
20260925-142559_perlmutter_effc80dd,ours_l01_s1_pv2_r2_pv3c_eps025_trace-a2e8ab_b16_k8_isolated,isolated,ours,18,9,l0_enq_ms,0.611391,recorder
20260925-142559_perlmutter_effc80dd,ours_l01_s1_pv2_r2_pv3c_eps025_trace-a2e8ab_b16_k8_isolated,isolated,ours,18,0,l1_enq_ms,0.509866,recorder
20260925-142559_perlmutter_effc80dd,ours_l01_s1_pv2_r2_pv3c_eps025_trace-a2e8ab_b16_k8_isolated,isolated,ours,18,1,l1_enq_ms,0.532719,recorder
20260925-142559_perlmutter_effc80dd,ours_l01_s1_pv2_r2_pv3c_eps025_trace-a2e8ab_b16_k8_isolated,isolated,ours,18,2,l1_enq_ms,0.523853,recorder
20260925-142559_perlmutter_effc80dd,ours_l01_s1_pv2_r2_pv3c_eps025_trace-a2e8ab_b16_k8_isolated,isolated,ours,18,3,l1_enq_ms,0.536717,recorder
20260925-142559_perlmutter_effc80dd,ours_l01_s1_pv2_r2_pv3c_eps025_trace-a2e8ab_b16_k8_isolated,isolated,ours,18,4,l1_enq_ms,0.541466,recorder
20260925-142559_perlmutter_effc80dd,ours_l01_s1_pv2_r2_pv3c_eps025_trace-a2e8ab_b16_k8_isolated,isolated,ours,18,5,l1_enq_ms,0.534854,recorder
20260925-142559_perlmutter_effc80dd,ours_l01_s1_pv2_r2_pv3c_eps025_trace-a2e8ab_b16_k8_isolated,isolated,ours,18,6,l1_enq_ms,0.511789,recorder
20260925-142559_perlmutter_effc80dd,ours_l01_s1_pv2_r2_pv3c_eps025_trace-a2e8ab_b16_k8_isolated,isolated,ours,18,7,l1_enq_ms,0.51777,recorder
20260925-142559_perlmutter_effc80dd,ours_l01_s1_pv2_r2_pv3c_eps025_trace-a2e8ab_b16_k8_isolated,isolated,ours,18,8,l1_enq_ms,0.50698,recorder
20260925-142559_perlmutter_effc80dd,ours_l01_s1_pv2_r2_pv3c_eps025_trace-a2e8ab_b16_k8_isolated,isolated,ours,18,9,l1_enq_ms,0.550374,recorder
20260925-142559_perlmutter_effc80dd,ours_l01_s1_pv2_r2_pv3c_eps025_trace-a2e8ab_b16_k8_isolated,isolated,ours,19,0,e2e_ms,13.471744,recorder
20260925-142559_perlmutter_effc80dd,ours_l01_s1_pv2_r2_pv3c_eps025_trace-a2e8ab_b16_k8_isolated,isolated,ours,19,1,e2e_ms,13.72704,recorder
20260925-142559_perlmutter_effc80dd,ours_l01_s1_pv2_r2_pv3c_eps025_trace-a2e8ab_b16_k8_isolated,isolated,ours,19,2,e2e_ms,13.088064,recorder
20260925-142559_perlmutter_effc80dd,ours_l01_s1_pv2_r2_pv3c_eps025_trace-a2e8ab_b16_k8_isolated,isolated,ours,19,3,e2e_ms,13.623648,recorder
20260925-142559_perlmutter_effc80dd,ours_l01_s1_pv2_r2_pv3c_eps025_trace-a2e8ab_b16_k8_isolated,isolated,ours,19,4,e2e_ms,13.63856,recorder
20260925-142559_perlmutter_effc80dd,ours_l01_s1_pv2_r2_pv3c_eps025_trace-a2e8ab_b16_k8_isolated,isolated,ours,19,5,e2e_ms,14.39584,recorder
20260925-142559_perlmutter_effc80dd,ours_l01_s1_pv2_r2_pv3c_eps025_trace-a2e8ab_b16_k8_isolated,isolated,ours,19,6,e2e_ms,13.490592,recorder
20260925-142559_perlmutter_effc80dd,ours_l01_s1_pv2_r2_pv3c_eps025_trace-a2e8ab_b16_k8_isolated,isolated,ours,19,7,e2e_ms,13.707456,recorder
20260925-142559_perlmutter_effc80dd,ours_l01_s1_pv2_r2_pv3c_eps025_trace-a2e8ab_b16_k8_isolated,isolated,ours,19,8,e2e_ms,13.921632,recorder
20260925-142559_perlmutter_effc80dd,ours_l01_s1_pv2_r2_pv3c_eps025_trace-a2e8ab_b16_k8_isolated,isolated,ours,19,9,e2e_ms,13.944256,recorder
20260925-142559_perlmutter_effc80dd,ours_l01_s1_pv2_r2_pv3c_eps025_trace-a2e8ab_b16_k8_isolated,isolated,ours,19,0,l0_ms,6.83232,recorder
20260925-142559_perlmutter_effc80dd,ours_l01_s1_pv2_r2_pv3c_eps025_trace-a2e8ab_b16_k8_isolated,isolated,ours,19,1,l0_ms,6.658176,recorder
20260925-142559_perlmutter_effc80dd,ours_l01_s1_pv2_r2_pv3c_eps025_trace-a2e8ab_b16_k8_isolated,isolated,ours,19,2,l0_ms,6.454848,recorder
20260925-142559_perlmutter_effc80dd,ours_l01_s1_pv2_r2_pv3c_eps025_trace-a2e8ab_b16_k8_isolated,isolated,ours,19,3,l0_ms,6.365024,recorder
20260925-142559_perlmutter_effc80dd,ours_l01_s1_pv2_r2_pv3c_eps025_trace-a2e8ab_b16_k8_isolated,isolated,ours,19,4,l0_ms,6.702912,recorder
20260925-142559_perlmutter_effc80dd,ours_l01_s1_pv2_r2_pv3c_eps025_trace-a2e8ab_b16_k8_isolated,isolated,ours,19,5,l0_ms,6.986176,recorder
20260925-142559_perlmutter_effc80dd,ours_l01_s1_pv2_r2_pv3c_eps025_trace-a2e8ab_b16_k8_isolated,isolated,ours,19,6,l0_ms,6.5568,recorder
20260925-142559_perlmutter_effc80dd,ours_l01_s1_pv2_r2_pv3c_eps025_trace-a2e8ab_b16_k8_isolated,isolated,ours,19,7,l0_ms,6.773216,recorder
20260925-142559_perlmutter_effc80dd,ours_l01_s1_pv2_r2_pv3c_eps025_trace-a2e8ab_b16_k8_isolated,isolated,ours,19,8,l0_ms,6.68096,recorder
20260925-142559_perlmutter_effc80dd,ours_l01_s1_pv2_r2_pv3c_eps025_trace-a2e8ab_b16_k8_isolated,isolated,ours,19,9,l0_ms,6.531136,recorder
20260925-142559_perlmutter_effc80dd,ours_l01_s1_pv2_r2_pv3c_eps025_trace-a2e8ab_b16_k8_isolated,isolated,ours,19,0,act_ms,0.082848,recorder
20260925-142559_perlmutter_effc80dd,ours_l01_s1_pv2_r2_pv3c_eps025_trace-a2e8ab_b16_k8_isolated,isolated,ours,19,1,act_ms,0.085984,recorder
20260925-142559_perlmutter_effc80dd,ours_l01_s1_pv2_r2_pv3c_eps025_trace-a2e8ab_b16_k8_isolated,isolated,ours,19,2,act_ms,0.085376,recorder
20260925-142559_perlmutter_effc80dd,ours_l01_s1_pv2_r2_pv3c_eps025_trace-a2e8ab_b16_k8_isolated,isolated,ours,19,3,act_ms,0.085184,recorder
20260925-142559_perlmutter_effc80dd,ours_l01_s1_pv2_r2_pv3c_eps025_trace-a2e8ab_b16_k8_isolated,isolated,ours,19,4,act_ms,0.084736,recorder
20260925-142559_perlmutter_effc80dd,ours_l01_s1_pv2_r2_pv3c_eps025_trace-a2e8ab_b16_k8_isolated,isolated,ours,19,5,act_ms,0.08544,recorder
20260925-142559_perlmutter_effc80dd,ours_l01_s1_pv2_r2_pv3c_eps025_trace-a2e8ab_b16_k8_isolated,isolated,ours,19,6,act_ms,0.083232,recorder
20260925-142559_perlmutter_effc80dd,ours_l01_s1_pv2_r2_pv3c_eps025_trace-a2e8ab_b16_k8_isolated,isolated,ours,19,7,act_ms,0.085248,recorder
20260925-142559_perlmutter_effc80dd,ours_l01_s1_pv2_r2_pv3c_eps025_trace-a2e8ab_b16_k8_isolated,isolated,ours,19,8,act_ms,0.085344,recorder
20260925-142559_perlmutter_effc80dd,ours_l01_s1_pv2_r2_pv3c_eps025_trace-a2e8ab_b16_k8_isolated,isolated,ours,19,9,act_ms,0.087264,recorder
20260925-142559_perlmutter_effc80dd,ours_l01_s1_pv2_r2_pv3c_eps025_trace-a2e8ab_b16_k8_isolated,isolated,ours,19,0,l1_ms,6.556576,recorder
20260925-142559_perlmutter_effc80dd,ours_l01_s1_pv2_r2_pv3c_eps025_trace-a2e8ab_b16_k8_isolated,isolated,ours,19,1,l1_ms,6.98288,recorder
20260925-142559_perlmutter_effc80dd,ours_l01_s1_pv2_r2_pv3c_eps025_trace-a2e8ab_b16_k8_isolated,isolated,ours,19,2,l1_ms,6.54784,recorder
20260925-142559_perlmutter_effc80dd,ours_l01_s1_pv2_r2_pv3c_eps025_trace-a2e8ab_b16_k8_isolated,isolated,ours,19,3,l1_ms,7.17344,recorder
20260925-142559_perlmutter_effc80dd,ours_l01_s1_pv2_r2_pv3c_eps025_trace-a2e8ab_b16_k8_isolated,isolated,ours,19,4,l1_ms,6.850912,recorder
20260925-142559_perlmutter_effc80dd,ours_l01_s1_pv2_r2_pv3c_eps025_trace-a2e8ab_b16_k8_isolated,isolated,ours,19,5,l1_ms,7.324224,recorder
20260925-142559_perlmutter_effc80dd,ours_l01_s1_pv2_r2_pv3c_eps025_trace-a2e8ab_b16_k8_isolated,isolated,ours,19,6,l1_ms,6.85056,recorder
20260925-142559_perlmutter_effc80dd,ours_l01_s1_pv2_r2_pv3c_eps025_trace-a2e8ab_b16_k8_isolated,isolated,ours,19,7,l1_ms,6.848992,recorder
20260925-142559_perlmutter_effc80dd,ours_l01_s1_pv2_r2_pv3c_eps025_trace-a2e8ab_b16_k8_isolated,isolated,ours,19,8,l1_ms,7.155328,recorder
20260925-142559_perlmutter_effc80dd,ours_l01_s1_pv2_r2_pv3c_eps025_trace-a2e8ab_b16_k8_isolated,isolated,ours,19,9,l1_ms,7.325856,recorder
20260925-142559_perlmutter_effc80dd,ours_l01_s1_pv2_r2_pv3c_eps025_trace-a2e8ab_b16_k8_isolated,isolated,ours,19,0,plan_comm_ms,0.634848,recorder
20260925-142559_perlmutter_effc80dd,ours_l01_s1_pv2_r2_pv3c_eps025_trace-a2e8ab_b16_k8_isolated,isolated,ours,19,1,plan_comm_ms,0.454464,recorder
20260925-142559_perlmutter_effc80dd,ours_l01_s1_pv2_r2_pv3c_eps025_trace-a2e8ab_b16_k8_isolated,isolated,ours,19,2,plan_comm_ms,0.584768,recorder
20260925-142559_perlmutter_effc80dd,ours_l01_s1_pv2_r2_pv3c_eps025_trace-a2e8ab_b16_k8_isolated,isolated,ours,19,3,plan_comm_ms,0.42128,recorder
20260925-142559_perlmutter_effc80dd,ours_l01_s1_pv2_r2_pv3c_eps025_trace-a2e8ab_b16_k8_isolated,isolated,ours,19,4,plan_comm_ms,0.20304,recorder
20260925-142559_perlmutter_effc80dd,ours_l01_s1_pv2_r2_pv3c_eps025_trace-a2e8ab_b16_k8_isolated,isolated,ours,19,5,plan_comm_ms,0.68512,recorder
20260925-142559_perlmutter_effc80dd,ours_l01_s1_pv2_r2_pv3c_eps025_trace-a2e8ab_b16_k8_isolated,isolated,ours,19,6,plan_comm_ms,0.197376,recorder
20260925-142559_perlmutter_effc80dd,ours_l01_s1_pv2_r2_pv3c_eps025_trace-a2e8ab_b16_k8_isolated,isolated,ours,19,7,plan_comm_ms,0.187168,recorder
20260925-142559_perlmutter_effc80dd,ours_l01_s1_pv2_r2_pv3c_eps025_trace-a2e8ab_b16_k8_isolated,isolated,ours,19,8,plan_comm_ms,0.2008,recorder
20260925-142559_perlmutter_effc80dd,ours_l01_s1_pv2_r2_pv3c_eps025_trace-a2e8ab_b16_k8_isolated,isolated,ours,19,9,plan_comm_ms,0.196768,recorder
20260925-142559_perlmutter_effc80dd,ours_l01_s1_pv2_r2_pv3c_eps025_trace-a2e8ab_b16_k8_isolated,isolated,ours,19,0,place_ms,0.002336,recorder
20260925-142559_perlmutter_effc80dd,ours_l01_s1_pv2_r2_pv3c_eps025_trace-a2e8ab_b16_k8_isolated,isolated,ours,19,1,place_ms,0.002336,recorder
20260925-142559_perlmutter_effc80dd,ours_l01_s1_pv2_r2_pv3c_eps025_trace-a2e8ab_b16_k8_isolated,isolated,ours,19,2,place_ms,0.00256,recorder
20260925-142559_perlmutter_effc80dd,ours_l01_s1_pv2_r2_pv3c_eps025_trace-a2e8ab_b16_k8_isolated,isolated,ours,19,3,place_ms,0.002304,recorder
20260925-142559_perlmutter_effc80dd,ours_l01_s1_pv2_r2_pv3c_eps025_trace-a2e8ab_b16_k8_isolated,isolated,ours,19,4,place_ms,0.002304,recorder
20260925-142559_perlmutter_effc80dd,ours_l01_s1_pv2_r2_pv3c_eps025_trace-a2e8ab_b16_k8_isolated,isolated,ours,19,5,place_ms,0.002336,recorder
20260925-142559_perlmutter_effc80dd,ours_l01_s1_pv2_r2_pv3c_eps025_trace-a2e8ab_b16_k8_isolated,isolated,ours,19,6,place_ms,0.002304,recorder
20260925-142559_perlmutter_effc80dd,ours_l01_s1_pv2_r2_pv3c_eps025_trace-a2e8ab_b16_k8_isolated,isolated,ours,19,7,place_ms,0.002304,recorder
20260925-142559_perlmutter_effc80dd,ours_l01_s1_pv2_r2_pv3c_eps025_trace-a2e8ab_b16_k8_isolated,isolated,ours,19,8,place_ms,0.002304,recorder
20260925-142559_perlmutter_effc80dd,ours_l01_s1_pv2_r2_pv3c_eps025_trace-a2e8ab_b16_k8_isolated,isolated,ours,19,9,place_ms,0.002304,recorder
20260925-142559_perlmutter_effc80dd,ours_l01_s1_pv2_r2_pv3c_eps025_trace-a2e8ab_b16_k8_isolated,isolated,ours,19,0,plan_ms,1.145056,recorder
20260925-142559_perlmutter_effc80dd,ours_l01_s1_pv2_r2_pv3c_eps025_trace-a2e8ab_b16_k8_isolated,isolated,ours,19,1,plan_ms,1.145152,recorder
20260925-142559_perlmutter_effc80dd,ours_l01_s1_pv2_r2_pv3c_eps025_trace-a2e8ab_b16_k8_isolated,isolated,ours,19,2,plan_ms,1.076192,recorder
20260925-142559_perlmutter_effc80dd,ours_l01_s1_pv2_r2_pv3c_eps025_trace-a2e8ab_b16_k8_isolated,isolated,ours,19,3,plan_ms,1.13024,recorder
20260925-142559_perlmutter_effc80dd,ours_l01_s1_pv2_r2_pv3c_eps025_trace-a2e8ab_b16_k8_isolated,isolated,ours,19,4,plan_ms,1.143296,recorder
20260925-142559_perlmutter_effc80dd,ours_l01_s1_pv2_r2_pv3c_eps025_trace-a2e8ab_b16_k8_isolated,isolated,ours,19,5,plan_ms,1.130432,recorder
20260925-142559_perlmutter_effc80dd,ours_l01_s1_pv2_r2_pv3c_eps025_trace-a2e8ab_b16_k8_isolated,isolated,ours,19,6,plan_ms,1.120544,recorder
20260925-142559_perlmutter_effc80dd,ours_l01_s1_pv2_r2_pv3c_eps025_trace-a2e8ab_b16_k8_isolated,isolated,ours,19,7,plan_ms,1.112384,recorder
20260925-142559_perlmutter_effc80dd,ours_l01_s1_pv2_r2_pv3c_eps025_trace-a2e8ab_b16_k8_isolated,isolated,ours,19,8,plan_ms,1.138336,recorder
20260925-142559_perlmutter_effc80dd,ours_l01_s1_pv2_r2_pv3c_eps025_trace-a2e8ab_b16_k8_isolated,isolated,ours,19,9,plan_ms,1.128768,recorder
20260925-142559_perlmutter_effc80dd,ours_l01_s1_pv2_r2_pv3c_eps025_trace-a2e8ab_b16_k8_isolated,isolated,ours,19,0,total_ms,15.262912,recorder
20260925-142559_perlmutter_effc80dd,ours_l01_s1_pv2_r2_pv3c_eps025_trace-a2e8ab_b16_k8_isolated,isolated,ours,19,1,total_ms,15.33808,recorder
20260925-142559_perlmutter_effc80dd,ours_l01_s1_pv2_r2_pv3c_eps025_trace-a2e8ab_b16_k8_isolated,isolated,ours,19,2,total_ms,14.760704,recorder
20260925-142559_perlmutter_effc80dd,ours_l01_s1_pv2_r2_pv3c_eps025_trace-a2e8ab_b16_k8_isolated,isolated,ours,19,3,total_ms,15.18608,recorder
20260925-142559_perlmutter_effc80dd,ours_l01_s1_pv2_r2_pv3c_eps025_trace-a2e8ab_b16_k8_isolated,isolated,ours,19,4,total_ms,14.99648,recorder
20260925-142559_perlmutter_effc80dd,ours_l01_s1_pv2_r2_pv3c_eps025_trace-a2e8ab_b16_k8_isolated,isolated,ours,19,5,total_ms,16.222656,recorder
20260925-142559_perlmutter_effc80dd,ours_l01_s1_pv2_r2_pv3c_eps025_trace-a2e8ab_b16_k8_isolated,isolated,ours,19,6,total_ms,14.820064,recorder
20260925-142559_perlmutter_effc80dd,ours_l01_s1_pv2_r2_pv3c_eps025_trace-a2e8ab_b16_k8_isolated,isolated,ours,19,7,total_ms,15.018176,recorder
20260925-142559_perlmutter_effc80dd,ours_l01_s1_pv2_r2_pv3c_eps025_trace-a2e8ab_b16_k8_isolated,isolated,ours,19,8,total_ms,15.272544,recorder
20260925-142559_perlmutter_effc80dd,ours_l01_s1_pv2_r2_pv3c_eps025_trace-a2e8ab_b16_k8_isolated,isolated,ours,19,9,total_ms,15.281024,recorder
20260925-142559_perlmutter_effc80dd,ours_l01_s1_pv2_r2_pv3c_eps025_trace-a2e8ab_b16_k8_isolated,isolated,ours,19,0,iso_sync_ms,12.243006,recorder
20260925-142559_perlmutter_effc80dd,ours_l01_s1_pv2_r2_pv3c_eps025_trace-a2e8ab_b16_k8_isolated,isolated,ours,19,1,iso_sync_ms,12.351836,recorder
20260925-142559_perlmutter_effc80dd,ours_l01_s1_pv2_r2_pv3c_eps025_trace-a2e8ab_b16_k8_isolated,isolated,ours,19,2,iso_sync_ms,12.375562,recorder
20260925-142559_perlmutter_effc80dd,ours_l01_s1_pv2_r2_pv3c_eps025_trace-a2e8ab_b16_k8_isolated,isolated,ours,19,3,iso_sync_ms,13.473423,recorder
20260925-142559_perlmutter_effc80dd,ours_l01_s1_pv2_r2_pv3c_eps025_trace-a2e8ab_b16_k8_isolated,isolated,ours,19,4,iso_sync_ms,12.294395,recorder
20260925-142559_perlmutter_effc80dd,ours_l01_s1_pv2_r2_pv3c_eps025_trace-a2e8ab_b16_k8_isolated,isolated,ours,19,5,iso_sync_ms,12.343089,recorder
20260925-142559_perlmutter_effc80dd,ours_l01_s1_pv2_r2_pv3c_eps025_trace-a2e8ab_b16_k8_isolated,isolated,ours,19,6,iso_sync_ms,13.038663,recorder
20260925-142559_perlmutter_effc80dd,ours_l01_s1_pv2_r2_pv3c_eps025_trace-a2e8ab_b16_k8_isolated,isolated,ours,19,7,iso_sync_ms,12.15162,recorder
20260925-142559_perlmutter_effc80dd,ours_l01_s1_pv2_r2_pv3c_eps025_trace-a2e8ab_b16_k8_isolated,isolated,ours,19,8,iso_sync_ms,12.703285,recorder
20260925-142559_perlmutter_effc80dd,ours_l01_s1_pv2_r2_pv3c_eps025_trace-a2e8ab_b16_k8_isolated,isolated,ours,19,9,iso_sync_ms,12.988897,recorder
20260925-142559_perlmutter_effc80dd,ours_l01_s1_pv2_r2_pv3c_eps025_trace-a2e8ab_b16_k8_isolated,isolated,ours,19,0,l0_enq_ms,0.675996,recorder
20260925-142559_perlmutter_effc80dd,ours_l01_s1_pv2_r2_pv3c_eps025_trace-a2e8ab_b16_k8_isolated,isolated,ours,19,1,l0_enq_ms,0.639435,recorder
20260925-142559_perlmutter_effc80dd,ours_l01_s1_pv2_r2_pv3c_eps025_trace-a2e8ab_b16_k8_isolated,isolated,ours,19,2,l0_enq_ms,0.654835,recorder
20260925-142559_perlmutter_effc80dd,ours_l01_s1_pv2_r2_pv3c_eps025_trace-a2e8ab_b16_k8_isolated,isolated,ours,19,3,l0_enq_ms,0.647361,recorder
20260925-142559_perlmutter_effc80dd,ours_l01_s1_pv2_r2_pv3c_eps025_trace-a2e8ab_b16_k8_isolated,isolated,ours,19,4,l0_enq_ms,0.629536,recorder
20260925-142559_perlmutter_effc80dd,ours_l01_s1_pv2_r2_pv3c_eps025_trace-a2e8ab_b16_k8_isolated,isolated,ours,19,5,l0_enq_ms,0.668401,recorder
20260925-142559_perlmutter_effc80dd,ours_l01_s1_pv2_r2_pv3c_eps025_trace-a2e8ab_b16_k8_isolated,isolated,ours,19,6,l0_enq_ms,0.668752,recorder
20260925-142559_perlmutter_effc80dd,ours_l01_s1_pv2_r2_pv3c_eps025_trace-a2e8ab_b16_k8_isolated,isolated,ours,19,7,l0_enq_ms,0.648633,recorder
20260925-142559_perlmutter_effc80dd,ours_l01_s1_pv2_r2_pv3c_eps025_trace-a2e8ab_b16_k8_isolated,isolated,ours,19,8,l0_enq_ms,0.656308,recorder
20260925-142559_perlmutter_effc80dd,ours_l01_s1_pv2_r2_pv3c_eps025_trace-a2e8ab_b16_k8_isolated,isolated,ours,19,9,l0_enq_ms,0.64701,recorder
20260925-142559_perlmutter_effc80dd,ours_l01_s1_pv2_r2_pv3c_eps025_trace-a2e8ab_b16_k8_isolated,isolated,ours,19,0,l1_enq_ms,0.525585,recorder
20260925-142559_perlmutter_effc80dd,ours_l01_s1_pv2_r2_pv3c_eps025_trace-a2e8ab_b16_k8_isolated,isolated,ours,19,1,l1_enq_ms,0.534222,recorder
20260925-142559_perlmutter_effc80dd,ours_l01_s1_pv2_r2_pv3c_eps025_trace-a2e8ab_b16_k8_isolated,isolated,ours,19,2,l1_enq_ms,0.521117,recorder
20260925-142559_perlmutter_effc80dd,ours_l01_s1_pv2_r2_pv3c_eps025_trace-a2e8ab_b16_k8_isolated,isolated,ours,19,3,l1_enq_ms,0.475449,recorder
20260925-142559_perlmutter_effc80dd,ours_l01_s1_pv2_r2_pv3c_eps025_trace-a2e8ab_b16_k8_isolated,isolated,ours,19,4,l1_enq_ms,0.507821,recorder
20260925-142559_perlmutter_effc80dd,ours_l01_s1_pv2_r2_pv3c_eps025_trace-a2e8ab_b16_k8_isolated,isolated,ours,19,5,l1_enq_ms,0.531326,recorder
20260925-142559_perlmutter_effc80dd,ours_l01_s1_pv2_r2_pv3c_eps025_trace-a2e8ab_b16_k8_isolated,isolated,ours,19,6,l1_enq_ms,0.501629,recorder
20260925-142559_perlmutter_effc80dd,ours_l01_s1_pv2_r2_pv3c_eps025_trace-a2e8ab_b16_k8_isolated,isolated,ours,19,7,l1_enq_ms,0.501088,recorder
20260925-142559_perlmutter_effc80dd,ours_l01_s1_pv2_r2_pv3c_eps025_trace-a2e8ab_b16_k8_isolated,isolated,ours,19,8,l1_enq_ms,0.500858,recorder
20260925-142559_perlmutter_effc80dd,ours_l01_s1_pv2_r2_pv3c_eps025_trace-a2e8ab_b16_k8_isolated,isolated,ours,19,9,l1_enq_ms,0.504926,recorder
20260925-142559_perlmutter_effc80dd,ours_l01_s1_pv2_r2_pv3c_eps025_trace-a2e8ab_b16_k8_isolated,isolated,ours,20,0,e2e_ms,13.449408,recorder
20260925-142559_perlmutter_effc80dd,ours_l01_s1_pv2_r2_pv3c_eps025_trace-a2e8ab_b16_k8_isolated,isolated,ours,20,1,e2e_ms,13.706688,recorder
20260925-142559_perlmutter_effc80dd,ours_l01_s1_pv2_r2_pv3c_eps025_trace-a2e8ab_b16_k8_isolated,isolated,ours,20,2,e2e_ms,13.072512,recorder
20260925-142559_perlmutter_effc80dd,ours_l01_s1_pv2_r2_pv3c_eps025_trace-a2e8ab_b16_k8_isolated,isolated,ours,20,3,e2e_ms,13.613888,recorder
20260925-142559_perlmutter_effc80dd,ours_l01_s1_pv2_r2_pv3c_eps025_trace-a2e8ab_b16_k8_isolated,isolated,ours,20,4,e2e_ms,13.639296,recorder
20260925-142559_perlmutter_effc80dd,ours_l01_s1_pv2_r2_pv3c_eps025_trace-a2e8ab_b16_k8_isolated,isolated,ours,20,5,e2e_ms,14.380224,recorder
20260925-142559_perlmutter_effc80dd,ours_l01_s1_pv2_r2_pv3c_eps025_trace-a2e8ab_b16_k8_isolated,isolated,ours,20,6,e2e_ms,13.471072,recorder
20260925-142559_perlmutter_effc80dd,ours_l01_s1_pv2_r2_pv3c_eps025_trace-a2e8ab_b16_k8_isolated,isolated,ours,20,7,e2e_ms,13.700384,recorder
20260925-142559_perlmutter_effc80dd,ours_l01_s1_pv2_r2_pv3c_eps025_trace-a2e8ab_b16_k8_isolated,isolated,ours,20,8,e2e_ms,13.913472,recorder
20260925-142559_perlmutter_effc80dd,ours_l01_s1_pv2_r2_pv3c_eps025_trace-a2e8ab_b16_k8_isolated,isolated,ours,20,9,e2e_ms,13.929888,recorder
20260925-142559_perlmutter_effc80dd,ours_l01_s1_pv2_r2_pv3c_eps025_trace-a2e8ab_b16_k8_isolated,isolated,ours,20,0,l0_ms,6.817216,recorder
20260925-142559_perlmutter_effc80dd,ours_l01_s1_pv2_r2_pv3c_eps025_trace-a2e8ab_b16_k8_isolated,isolated,ours,20,1,l0_ms,6.63184,recorder
20260925-142559_perlmutter_effc80dd,ours_l01_s1_pv2_r2_pv3c_eps025_trace-a2e8ab_b16_k8_isolated,isolated,ours,20,2,l0_ms,6.441504,recorder
20260925-142559_perlmutter_effc80dd,ours_l01_s1_pv2_r2_pv3c_eps025_trace-a2e8ab_b16_k8_isolated,isolated,ours,20,3,l0_ms,6.359008,recorder
20260925-142559_perlmutter_effc80dd,ours_l01_s1_pv2_r2_pv3c_eps025_trace-a2e8ab_b16_k8_isolated,isolated,ours,20,4,l0_ms,6.701696,recorder
20260925-142559_perlmutter_effc80dd,ours_l01_s1_pv2_r2_pv3c_eps025_trace-a2e8ab_b16_k8_isolated,isolated,ours,20,5,l0_ms,6.963392,recorder
20260925-142559_perlmutter_effc80dd,ours_l01_s1_pv2_r2_pv3c_eps025_trace-a2e8ab_b16_k8_isolated,isolated,ours,20,6,l0_ms,6.538624,recorder
20260925-142559_perlmutter_effc80dd,ours_l01_s1_pv2_r2_pv3c_eps025_trace-a2e8ab_b16_k8_isolated,isolated,ours,20,7,l0_ms,6.758144,recorder
20260925-142559_perlmutter_effc80dd,ours_l01_s1_pv2_r2_pv3c_eps025_trace-a2e8ab_b16_k8_isolated,isolated,ours,20,8,l0_ms,6.673792,recorder
20260925-142559_perlmutter_effc80dd,ours_l01_s1_pv2_r2_pv3c_eps025_trace-a2e8ab_b16_k8_isolated,isolated,ours,20,9,l0_ms,6.527104,recorder
20260925-142559_perlmutter_effc80dd,ours_l01_s1_pv2_r2_pv3c_eps025_trace-a2e8ab_b16_k8_isolated,isolated,ours,20,0,act_ms,0.070048,recorder
20260925-142559_perlmutter_effc80dd,ours_l01_s1_pv2_r2_pv3c_eps025_trace-a2e8ab_b16_k8_isolated,isolated,ours,20,1,act_ms,0.071744,recorder
20260925-142559_perlmutter_effc80dd,ours_l01_s1_pv2_r2_pv3c_eps025_trace-a2e8ab_b16_k8_isolated,isolated,ours,20,2,act_ms,0.071424,recorder
20260925-142559_perlmutter_effc80dd,ours_l01_s1_pv2_r2_pv3c_eps025_trace-a2e8ab_b16_k8_isolated,isolated,ours,20,3,act_ms,0.072,recorder
20260925-142559_perlmutter_effc80dd,ours_l01_s1_pv2_r2_pv3c_eps025_trace-a2e8ab_b16_k8_isolated,isolated,ours,20,4,act_ms,0.074944,recorder
20260925-142559_perlmutter_effc80dd,ours_l01_s1_pv2_r2_pv3c_eps025_trace-a2e8ab_b16_k8_isolated,isolated,ours,20,5,act_ms,0.072768,recorder
20260925-142559_perlmutter_effc80dd,ours_l01_s1_pv2_r2_pv3c_eps025_trace-a2e8ab_b16_k8_isolated,isolated,ours,20,6,act_ms,0.07344,recorder
20260925-142559_perlmutter_effc80dd,ours_l01_s1_pv2_r2_pv3c_eps025_trace-a2e8ab_b16_k8_isolated,isolated,ours,20,7,act_ms,0.074464,recorder
20260925-142559_perlmutter_effc80dd,ours_l01_s1_pv2_r2_pv3c_eps025_trace-a2e8ab_b16_k8_isolated,isolated,ours,20,8,act_ms,0.073696,recorder
20260925-142559_perlmutter_effc80dd,ours_l01_s1_pv2_r2_pv3c_eps025_trace-a2e8ab_b16_k8_isolated,isolated,ours,20,9,act_ms,0.07136,recorder
20260925-142559_perlmutter_effc80dd,ours_l01_s1_pv2_r2_pv3c_eps025_trace-a2e8ab_b16_k8_isolated,isolated,ours,20,0,l1_ms,6.562144,recorder
20260925-142559_perlmutter_effc80dd,ours_l01_s1_pv2_r2_pv3c_eps025_trace-a2e8ab_b16_k8_isolated,isolated,ours,20,1,l1_ms,7.003104,recorder
20260925-142559_perlmutter_effc80dd,ours_l01_s1_pv2_r2_pv3c_eps025_trace-a2e8ab_b16_k8_isolated,isolated,ours,20,2,l1_ms,6.559584,recorder
20260925-142559_perlmutter_effc80dd,ours_l01_s1_pv2_r2_pv3c_eps025_trace-a2e8ab_b16_k8_isolated,isolated,ours,20,3,l1_ms,7.18288,recorder
20260925-142559_perlmutter_effc80dd,ours_l01_s1_pv2_r2_pv3c_eps025_trace-a2e8ab_b16_k8_isolated,isolated,ours,20,4,l1_ms,6.862656,recorder
20260925-142559_perlmutter_effc80dd,ours_l01_s1_pv2_r2_pv3c_eps025_trace-a2e8ab_b16_k8_isolated,isolated,ours,20,5,l1_ms,7.344064,recorder
20260925-142559_perlmutter_effc80dd,ours_l01_s1_pv2_r2_pv3c_eps025_trace-a2e8ab_b16_k8_isolated,isolated,ours,20,6,l1_ms,6.859008,recorder
20260925-142559_perlmutter_effc80dd,ours_l01_s1_pv2_r2_pv3c_eps025_trace-a2e8ab_b16_k8_isolated,isolated,ours,20,7,l1_ms,6.867776,recorder
20260925-142559_perlmutter_effc80dd,ours_l01_s1_pv2_r2_pv3c_eps025_trace-a2e8ab_b16_k8_isolated,isolated,ours,20,8,l1_ms,7.165984,recorder
20260925-142559_perlmutter_effc80dd,ours_l01_s1_pv2_r2_pv3c_eps025_trace-a2e8ab_b16_k8_isolated,isolated,ours,20,9,l1_ms,7.331424,recorder
20260925-142559_perlmutter_effc80dd,ours_l01_s1_pv2_r2_pv3c_eps025_trace-a2e8ab_b16_k8_isolated,isolated,ours,20,0,plan_comm_ms,0.631584,recorder
20260925-142559_perlmutter_effc80dd,ours_l01_s1_pv2_r2_pv3c_eps025_trace-a2e8ab_b16_k8_isolated,isolated,ours,20,1,plan_comm_ms,0.448704,recorder
20260925-142559_perlmutter_effc80dd,ours_l01_s1_pv2_r2_pv3c_eps025_trace-a2e8ab_b16_k8_isolated,isolated,ours,20,2,plan_comm_ms,0.57824,recorder
20260925-142559_perlmutter_effc80dd,ours_l01_s1_pv2_r2_pv3c_eps025_trace-a2e8ab_b16_k8_isolated,isolated,ours,20,3,plan_comm_ms,0.371296,recorder
20260925-142559_perlmutter_effc80dd,ours_l01_s1_pv2_r2_pv3c_eps025_trace-a2e8ab_b16_k8_isolated,isolated,ours,20,4,plan_comm_ms,0.192352,recorder
20260925-142559_perlmutter_effc80dd,ours_l01_s1_pv2_r2_pv3c_eps025_trace-a2e8ab_b16_k8_isolated,isolated,ours,20,5,plan_comm_ms,0.664352,recorder
20260925-142559_perlmutter_effc80dd,ours_l01_s1_pv2_r2_pv3c_eps025_trace-a2e8ab_b16_k8_isolated,isolated,ours,20,6,plan_comm_ms,0.187936,recorder
20260925-142559_perlmutter_effc80dd,ours_l01_s1_pv2_r2_pv3c_eps025_trace-a2e8ab_b16_k8_isolated,isolated,ours,20,7,plan_comm_ms,0.176992,recorder
20260925-142559_perlmutter_effc80dd,ours_l01_s1_pv2_r2_pv3c_eps025_trace-a2e8ab_b16_k8_isolated,isolated,ours,20,8,plan_comm_ms,0.191904,recorder
20260925-142559_perlmutter_effc80dd,ours_l01_s1_pv2_r2_pv3c_eps025_trace-a2e8ab_b16_k8_isolated,isolated,ours,20,9,plan_comm_ms,0.195776,recorder
20260925-142559_perlmutter_effc80dd,ours_l01_s1_pv2_r2_pv3c_eps025_trace-a2e8ab_b16_k8_isolated,isolated,ours,20,0,place_ms,0.002336,recorder
20260925-142559_perlmutter_effc80dd,ours_l01_s1_pv2_r2_pv3c_eps025_trace-a2e8ab_b16_k8_isolated,isolated,ours,20,1,place_ms,0.002368,recorder
20260925-142559_perlmutter_effc80dd,ours_l01_s1_pv2_r2_pv3c_eps025_trace-a2e8ab_b16_k8_isolated,isolated,ours,20,2,place_ms,0.002368,recorder
20260925-142559_perlmutter_effc80dd,ours_l01_s1_pv2_r2_pv3c_eps025_trace-a2e8ab_b16_k8_isolated,isolated,ours,20,3,place_ms,0.002336,recorder
20260925-142559_perlmutter_effc80dd,ours_l01_s1_pv2_r2_pv3c_eps025_trace-a2e8ab_b16_k8_isolated,isolated,ours,20,4,place_ms,0.002336,recorder
20260925-142559_perlmutter_effc80dd,ours_l01_s1_pv2_r2_pv3c_eps025_trace-a2e8ab_b16_k8_isolated,isolated,ours,20,5,place_ms,0.002368,recorder
20260925-142559_perlmutter_effc80dd,ours_l01_s1_pv2_r2_pv3c_eps025_trace-a2e8ab_b16_k8_isolated,isolated,ours,20,6,place_ms,0.002368,recorder
20260925-142559_perlmutter_effc80dd,ours_l01_s1_pv2_r2_pv3c_eps025_trace-a2e8ab_b16_k8_isolated,isolated,ours,20,7,place_ms,0.002336,recorder
20260925-142559_perlmutter_effc80dd,ours_l01_s1_pv2_r2_pv3c_eps025_trace-a2e8ab_b16_k8_isolated,isolated,ours,20,8,place_ms,0.00288,recorder
20260925-142559_perlmutter_effc80dd,ours_l01_s1_pv2_r2_pv3c_eps025_trace-a2e8ab_b16_k8_isolated,isolated,ours,20,9,place_ms,0.002336,recorder
20260925-142559_perlmutter_effc80dd,ours_l01_s1_pv2_r2_pv3c_eps025_trace-a2e8ab_b16_k8_isolated,isolated,ours,20,0,plan_ms,1.156416,recorder
20260925-142559_perlmutter_effc80dd,ours_l01_s1_pv2_r2_pv3c_eps025_trace-a2e8ab_b16_k8_isolated,isolated,ours,20,1,plan_ms,1.161984,recorder
20260925-142559_perlmutter_effc80dd,ours_l01_s1_pv2_r2_pv3c_eps025_trace-a2e8ab_b16_k8_isolated,isolated,ours,20,2,plan_ms,1.092448,recorder
20260925-142559_perlmutter_effc80dd,ours_l01_s1_pv2_r2_pv3c_eps025_trace-a2e8ab_b16_k8_isolated,isolated,ours,20,3,plan_ms,1.170304,recorder
20260925-142559_perlmutter_effc80dd,ours_l01_s1_pv2_r2_pv3c_eps025_trace-a2e8ab_b16_k8_isolated,isolated,ours,20,4,plan_ms,1.139072,recorder
20260925-142559_perlmutter_effc80dd,ours_l01_s1_pv2_r2_pv3c_eps025_trace-a2e8ab_b16_k8_isolated,isolated,ours,20,5,plan_ms,1.151808,recorder
20260925-142559_perlmutter_effc80dd,ours_l01_s1_pv2_r2_pv3c_eps025_trace-a2e8ab_b16_k8_isolated,isolated,ours,20,6,plan_ms,1.139392,recorder
20260925-142559_perlmutter_effc80dd,ours_l01_s1_pv2_r2_pv3c_eps025_trace-a2e8ab_b16_k8_isolated,isolated,ours,20,7,plan_ms,1.12816,recorder
20260925-142559_perlmutter_effc80dd,ours_l01_s1_pv2_r2_pv3c_eps025_trace-a2e8ab_b16_k8_isolated,isolated,ours,20,8,plan_ms,1.143104,recorder
20260925-142559_perlmutter_effc80dd,ours_l01_s1_pv2_r2_pv3c_eps025_trace-a2e8ab_b16_k8_isolated,isolated,ours,20,9,plan_ms,1.135392,recorder
20260925-142559_perlmutter_effc80dd,ours_l01_s1_pv2_r2_pv3c_eps025_trace-a2e8ab_b16_k8_isolated,isolated,ours,20,0,total_ms,15.24896,recorder
20260925-142559_perlmutter_effc80dd,ours_l01_s1_pv2_r2_pv3c_eps025_trace-a2e8ab_b16_k8_isolated,isolated,ours,20,1,total_ms,15.328288,recorder
20260925-142559_perlmutter_effc80dd,ours_l01_s1_pv2_r2_pv3c_eps025_trace-a2e8ab_b16_k8_isolated,isolated,ours,20,2,total_ms,14.754592,recorder
20260925-142559_perlmutter_effc80dd,ours_l01_s1_pv2_r2_pv3c_eps025_trace-a2e8ab_b16_k8_isolated,isolated,ours,20,3,total_ms,15.16688,recorder
20260925-142559_perlmutter_effc80dd,ours_l01_s1_pv2_r2_pv3c_eps025_trace-a2e8ab_b16_k8_isolated,isolated,ours,20,4,total_ms,14.982528,recorder
20260925-142559_perlmutter_effc80dd,ours_l01_s1_pv2_r2_pv3c_eps025_trace-a2e8ab_b16_k8_isolated,isolated,ours,20,5,total_ms,16.207617,recorder
20260925-142559_perlmutter_effc80dd,ours_l01_s1_pv2_r2_pv3c_eps025_trace-a2e8ab_b16_k8_isolated,isolated,ours,20,6,total_ms,14.809664,recorder
20260925-142559_perlmutter_effc80dd,ours_l01_s1_pv2_r2_pv3c_eps025_trace-a2e8ab_b16_k8_isolated,isolated,ours,20,7,total_ms,15.016864,recorder
20260925-142559_perlmutter_effc80dd,ours_l01_s1_pv2_r2_pv3c_eps025_trace-a2e8ab_b16_k8_isolated,isolated,ours,20,8,total_ms,15.26016,recorder
20260925-142559_perlmutter_effc80dd,ours_l01_s1_pv2_r2_pv3c_eps025_trace-a2e8ab_b16_k8_isolated,isolated,ours,20,9,total_ms,15.272096,recorder
20260925-142559_perlmutter_effc80dd,ours_l01_s1_pv2_r2_pv3c_eps025_trace-a2e8ab_b16_k8_isolated,isolated,ours,20,0,iso_sync_ms,12.246966,recorder
20260925-142559_perlmutter_effc80dd,ours_l01_s1_pv2_r2_pv3c_eps025_trace-a2e8ab_b16_k8_isolated,isolated,ours,20,1,iso_sync_ms,12.400965,recorder
20260925-142559_perlmutter_effc80dd,ours_l01_s1_pv2_r2_pv3c_eps025_trace-a2e8ab_b16_k8_isolated,isolated,ours,20,2,iso_sync_ms,12.411235,recorder
20260925-142559_perlmutter_effc80dd,ours_l01_s1_pv2_r2_pv3c_eps025_trace-a2e8ab_b16_k8_isolated,isolated,ours,20,3,iso_sync_ms,13.516552,recorder
20260925-142559_perlmutter_effc80dd,ours_l01_s1_pv2_r2_pv3c_eps025_trace-a2e8ab_b16_k8_isolated,isolated,ours,20,4,iso_sync_ms,12.324827,recorder
20260925-142559_perlmutter_effc80dd,ours_l01_s1_pv2_r2_pv3c_eps025_trace-a2e8ab_b16_k8_isolated,isolated,ours,20,5,iso_sync_ms,12.380455,recorder
20260925-142559_perlmutter_effc80dd,ours_l01_s1_pv2_r2_pv3c_eps025_trace-a2e8ab_b16_k8_isolated,isolated,ours,20,6,iso_sync_ms,13.112668,recorder
20260925-142559_perlmutter_effc80dd,ours_l01_s1_pv2_r2_pv3c_eps025_trace-a2e8ab_b16_k8_isolated,isolated,ours,20,7,iso_sync_ms,12.164044,recorder
20260925-142559_perlmutter_effc80dd,ours_l01_s1_pv2_r2_pv3c_eps025_trace-a2e8ab_b16_k8_isolated,isolated,ours,20,8,iso_sync_ms,12.734353,recorder
20260925-142559_perlmutter_effc80dd,ours_l01_s1_pv2_r2_pv3c_eps025_trace-a2e8ab_b16_k8_isolated,isolated,ours,20,9,iso_sync_ms,13.048984,recorder
20260925-142559_perlmutter_effc80dd,ours_l01_s1_pv2_r2_pv3c_eps025_trace-a2e8ab_b16_k8_isolated,isolated,ours,20,0,l0_enq_ms,0.668179,recorder
20260925-142559_perlmutter_effc80dd,ours_l01_s1_pv2_r2_pv3c_eps025_trace-a2e8ab_b16_k8_isolated,isolated,ours,20,1,l0_enq_ms,0.647858,recorder
20260925-142559_perlmutter_effc80dd,ours_l01_s1_pv2_r2_pv3c_eps025_trace-a2e8ab_b16_k8_isolated,isolated,ours,20,2,l0_enq_ms,0.645253,recorder
20260925-142559_perlmutter_effc80dd,ours_l01_s1_pv2_r2_pv3c_eps025_trace-a2e8ab_b16_k8_isolated,isolated,ours,20,3,l0_enq_ms,0.630385,recorder
20260925-142559_perlmutter_effc80dd,ours_l01_s1_pv2_r2_pv3c_eps025_trace-a2e8ab_b16_k8_isolated,isolated,ours,20,4,l0_enq_ms,0.649542,recorder
20260925-142559_perlmutter_effc80dd,ours_l01_s1_pv2_r2_pv3c_eps025_trace-a2e8ab_b16_k8_isolated,isolated,ours,20,5,l0_enq_ms,0.64347,recorder
20260925-142559_perlmutter_effc80dd,ours_l01_s1_pv2_r2_pv3c_eps025_trace-a2e8ab_b16_k8_isolated,isolated,ours,20,6,l0_enq_ms,0.636857,recorder
20260925-142559_perlmutter_effc80dd,ours_l01_s1_pv2_r2_pv3c_eps025_trace-a2e8ab_b16_k8_isolated,isolated,ours,20,7,l0_enq_ms,0.641427,recorder
20260925-142559_perlmutter_effc80dd,ours_l01_s1_pv2_r2_pv3c_eps025_trace-a2e8ab_b16_k8_isolated,isolated,ours,20,8,l0_enq_ms,0.647158,recorder
20260925-142559_perlmutter_effc80dd,ours_l01_s1_pv2_r2_pv3c_eps025_trace-a2e8ab_b16_k8_isolated,isolated,ours,20,9,l0_enq_ms,0.639503,recorder
20260925-142559_perlmutter_effc80dd,ours_l01_s1_pv2_r2_pv3c_eps025_trace-a2e8ab_b16_k8_isolated,isolated,ours,20,0,l1_enq_ms,0.496515,recorder
20260925-142559_perlmutter_effc80dd,ours_l01_s1_pv2_r2_pv3c_eps025_trace-a2e8ab_b16_k8_isolated,isolated,ours,20,1,l1_enq_ms,0.49374,recorder
20260925-142559_perlmutter_effc80dd,ours_l01_s1_pv2_r2_pv3c_eps025_trace-a2e8ab_b16_k8_isolated,isolated,ours,20,2,l1_enq_ms,0.489682,recorder
20260925-142559_perlmutter_effc80dd,ours_l01_s1_pv2_r2_pv3c_eps025_trace-a2e8ab_b16_k8_isolated,isolated,ours,20,3,l1_enq_ms,0.491926,recorder
20260925-142559_perlmutter_effc80dd,ours_l01_s1_pv2_r2_pv3c_eps025_trace-a2e8ab_b16_k8_isolated,isolated,ours,20,4,l1_enq_ms,0.479341,recorder
20260925-142559_perlmutter_effc80dd,ours_l01_s1_pv2_r2_pv3c_eps025_trace-a2e8ab_b16_k8_isolated,isolated,ours,20,5,l1_enq_ms,0.488529,recorder
20260925-142559_perlmutter_effc80dd,ours_l01_s1_pv2_r2_pv3c_eps025_trace-a2e8ab_b16_k8_isolated,isolated,ours,20,6,l1_enq_ms,0.487928,recorder
20260925-142559_perlmutter_effc80dd,ours_l01_s1_pv2_r2_pv3c_eps025_trace-a2e8ab_b16_k8_isolated,isolated,ours,20,7,l1_enq_ms,0.476856,recorder
20260925-142559_perlmutter_effc80dd,ours_l01_s1_pv2_r2_pv3c_eps025_trace-a2e8ab_b16_k8_isolated,isolated,ours,20,8,l1_enq_ms,0.476295,recorder
20260925-142559_perlmutter_effc80dd,ours_l01_s1_pv2_r2_pv3c_eps025_trace-a2e8ab_b16_k8_isolated,isolated,ours,20,9,l1_enq_ms,0.484793,recorder
20260925-142559_perlmutter_effc80dd,ours_l01_s1_pv2_r2_pv3c_eps025_trace-a2e8ab_b16_k8_isolated,isolated,ours,21,0,e2e_ms,13.447488,recorder
20260925-142559_perlmutter_effc80dd,ours_l01_s1_pv2_r2_pv3c_eps025_trace-a2e8ab_b16_k8_isolated,isolated,ours,21,1,e2e_ms,13.702272,recorder
20260925-142559_perlmutter_effc80dd,ours_l01_s1_pv2_r2_pv3c_eps025_trace-a2e8ab_b16_k8_isolated,isolated,ours,21,2,e2e_ms,13.055328,recorder
20260925-142559_perlmutter_effc80dd,ours_l01_s1_pv2_r2_pv3c_eps025_trace-a2e8ab_b16_k8_isolated,isolated,ours,21,3,e2e_ms,13.595584,recorder
20260925-142559_perlmutter_effc80dd,ours_l01_s1_pv2_r2_pv3c_eps025_trace-a2e8ab_b16_k8_isolated,isolated,ours,21,4,e2e_ms,13.616576,recorder
20260925-142559_perlmutter_effc80dd,ours_l01_s1_pv2_r2_pv3c_eps025_trace-a2e8ab_b16_k8_isolated,isolated,ours,21,5,e2e_ms,14.375552,recorder
20260925-142559_perlmutter_effc80dd,ours_l01_s1_pv2_r2_pv3c_eps025_trace-a2e8ab_b16_k8_isolated,isolated,ours,21,6,e2e_ms,13.463968,recorder
20260925-142559_perlmutter_effc80dd,ours_l01_s1_pv2_r2_pv3c_eps025_trace-a2e8ab_b16_k8_isolated,isolated,ours,21,7,e2e_ms,13.677472,recorder
20260925-142559_perlmutter_effc80dd,ours_l01_s1_pv2_r2_pv3c_eps025_trace-a2e8ab_b16_k8_isolated,isolated,ours,21,8,e2e_ms,13.895552,recorder
20260925-142559_perlmutter_effc80dd,ours_l01_s1_pv2_r2_pv3c_eps025_trace-a2e8ab_b16_k8_isolated,isolated,ours,21,9,e2e_ms,13.908928,recorder
20260925-142559_perlmutter_effc80dd,ours_l01_s1_pv2_r2_pv3c_eps025_trace-a2e8ab_b16_k8_isolated,isolated,ours,21,0,l0_ms,6.813952,recorder
20260925-142559_perlmutter_effc80dd,ours_l01_s1_pv2_r2_pv3c_eps025_trace-a2e8ab_b16_k8_isolated,isolated,ours,21,1,l0_ms,6.637984,recorder
20260925-142559_perlmutter_effc80dd,ours_l01_s1_pv2_r2_pv3c_eps025_trace-a2e8ab_b16_k8_isolated,isolated,ours,21,2,l0_ms,6.423968,recorder
20260925-142559_perlmutter_effc80dd,ours_l01_s1_pv2_r2_pv3c_eps025_trace-a2e8ab_b16_k8_isolated,isolated,ours,21,3,l0_ms,6.341088,recorder
20260925-142559_perlmutter_effc80dd,ours_l01_s1_pv2_r2_pv3c_eps025_trace-a2e8ab_b16_k8_isolated,isolated,ours,21,4,l0_ms,6.680544,recorder
20260925-142559_perlmutter_effc80dd,ours_l01_s1_pv2_r2_pv3c_eps025_trace-a2e8ab_b16_k8_isolated,isolated,ours,21,5,l0_ms,6.961792,recorder
20260925-142559_perlmutter_effc80dd,ours_l01_s1_pv2_r2_pv3c_eps025_trace-a2e8ab_b16_k8_isolated,isolated,ours,21,6,l0_ms,6.531776,recorder
20260925-142559_perlmutter_effc80dd,ours_l01_s1_pv2_r2_pv3c_eps025_trace-a2e8ab_b16_k8_isolated,isolated,ours,21,7,l0_ms,6.734752,recorder
20260925-142559_perlmutter_effc80dd,ours_l01_s1_pv2_r2_pv3c_eps025_trace-a2e8ab_b16_k8_isolated,isolated,ours,21,8,l0_ms,6.6584,recorder
20260925-142559_perlmutter_effc80dd,ours_l01_s1_pv2_r2_pv3c_eps025_trace-a2e8ab_b16_k8_isolated,isolated,ours,21,9,l0_ms,6.46768,recorder
20260925-142559_perlmutter_effc80dd,ours_l01_s1_pv2_r2_pv3c_eps025_trace-a2e8ab_b16_k8_isolated,isolated,ours,21,0,act_ms,0.061184,recorder
20260925-142559_perlmutter_effc80dd,ours_l01_s1_pv2_r2_pv3c_eps025_trace-a2e8ab_b16_k8_isolated,isolated,ours,21,1,act_ms,0.06112,recorder
20260925-142559_perlmutter_effc80dd,ours_l01_s1_pv2_r2_pv3c_eps025_trace-a2e8ab_b16_k8_isolated,isolated,ours,21,2,act_ms,0.068064,recorder
20260925-142559_perlmutter_effc80dd,ours_l01_s1_pv2_r2_pv3c_eps025_trace-a2e8ab_b16_k8_isolated,isolated,ours,21,3,act_ms,0.0616,recorder
20260925-142559_perlmutter_effc80dd,ours_l01_s1_pv2_r2_pv3c_eps025_trace-a2e8ab_b16_k8_isolated,isolated,ours,21,4,act_ms,0.062592,recorder
20260925-142559_perlmutter_effc80dd,ours_l01_s1_pv2_r2_pv3c_eps025_trace-a2e8ab_b16_k8_isolated,isolated,ours,21,5,act_ms,0.061056,recorder
20260925-142559_perlmutter_effc80dd,ours_l01_s1_pv2_r2_pv3c_eps025_trace-a2e8ab_b16_k8_isolated,isolated,ours,21,6,act_ms,0.06448,recorder
20260925-142559_perlmutter_effc80dd,ours_l01_s1_pv2_r2_pv3c_eps025_trace-a2e8ab_b16_k8_isolated,isolated,ours,21,7,act_ms,0.061472,recorder
20260925-142559_perlmutter_effc80dd,ours_l01_s1_pv2_r2_pv3c_eps025_trace-a2e8ab_b16_k8_isolated,isolated,ours,21,8,act_ms,0.062592,recorder
20260925-142559_perlmutter_effc80dd,ours_l01_s1_pv2_r2_pv3c_eps025_trace-a2e8ab_b16_k8_isolated,isolated,ours,21,9,act_ms,0.06176,recorder
20260925-142559_perlmutter_effc80dd,ours_l01_s1_pv2_r2_pv3c_eps025_trace-a2e8ab_b16_k8_isolated,isolated,ours,21,0,l1_ms,6.572352,recorder
20260925-142559_perlmutter_effc80dd,ours_l01_s1_pv2_r2_pv3c_eps025_trace-a2e8ab_b16_k8_isolated,isolated,ours,21,1,l1_ms,7.003168,recorder
20260925-142559_perlmutter_effc80dd,ours_l01_s1_pv2_r2_pv3c_eps025_trace-a2e8ab_b16_k8_isolated,isolated,ours,21,2,l1_ms,6.563296,recorder
20260925-142559_perlmutter_effc80dd,ours_l01_s1_pv2_r2_pv3c_eps025_trace-a2e8ab_b16_k8_isolated,isolated,ours,21,3,l1_ms,7.192896,recorder
20260925-142559_perlmutter_effc80dd,ours_l01_s1_pv2_r2_pv3c_eps025_trace-a2e8ab_b16_k8_isolated,isolated,ours,21,4,l1_ms,6.87344,recorder
20260925-142559_perlmutter_effc80dd,ours_l01_s1_pv2_r2_pv3c_eps025_trace-a2e8ab_b16_k8_isolated,isolated,ours,21,5,l1_ms,7.352704,recorder
20260925-142559_perlmutter_effc80dd,ours_l01_s1_pv2_r2_pv3c_eps025_trace-a2e8ab_b16_k8_isolated,isolated,ours,21,6,l1_ms,6.867712,recorder
20260925-142559_perlmutter_effc80dd,ours_l01_s1_pv2_r2_pv3c_eps025_trace-a2e8ab_b16_k8_isolated,isolated,ours,21,7,l1_ms,6.881248,recorder
20260925-142559_perlmutter_effc80dd,ours_l01_s1_pv2_r2_pv3c_eps025_trace-a2e8ab_b16_k8_isolated,isolated,ours,21,8,l1_ms,7.17456,recorder
20260925-142559_perlmutter_effc80dd,ours_l01_s1_pv2_r2_pv3c_eps025_trace-a2e8ab_b16_k8_isolated,isolated,ours,21,9,l1_ms,7.379488,recorder
20260925-142559_perlmutter_effc80dd,ours_l01_s1_pv2_r2_pv3c_eps025_trace-a2e8ab_b16_k8_isolated,isolated,ours,21,0,plan_comm_ms,0.631872,recorder
20260925-142559_perlmutter_effc80dd,ours_l01_s1_pv2_r2_pv3c_eps025_trace-a2e8ab_b16_k8_isolated,isolated,ours,21,1,plan_comm_ms,0.450464,recorder
20260925-142559_perlmutter_effc80dd,ours_l01_s1_pv2_r2_pv3c_eps025_trace-a2e8ab_b16_k8_isolated,isolated,ours,21,2,plan_comm_ms,0.577984,recorder
20260925-142559_perlmutter_effc80dd,ours_l01_s1_pv2_r2_pv3c_eps025_trace-a2e8ab_b16_k8_isolated,isolated,ours,21,3,plan_comm_ms,0.410656,recorder
20260925-142559_perlmutter_effc80dd,ours_l01_s1_pv2_r2_pv3c_eps025_trace-a2e8ab_b16_k8_isolated,isolated,ours,21,4,plan_comm_ms,0.193792,recorder
20260925-142559_perlmutter_effc80dd,ours_l01_s1_pv2_r2_pv3c_eps025_trace-a2e8ab_b16_k8_isolated,isolated,ours,21,5,plan_comm_ms,0.665632,recorder
20260925-142559_perlmutter_effc80dd,ours_l01_s1_pv2_r2_pv3c_eps025_trace-a2e8ab_b16_k8_isolated,isolated,ours,21,6,plan_comm_ms,0.192416,recorder
20260925-142559_perlmutter_effc80dd,ours_l01_s1_pv2_r2_pv3c_eps025_trace-a2e8ab_b16_k8_isolated,isolated,ours,21,7,plan_comm_ms,0.180672,recorder
20260925-142559_perlmutter_effc80dd,ours_l01_s1_pv2_r2_pv3c_eps025_trace-a2e8ab_b16_k8_isolated,isolated,ours,21,8,plan_comm_ms,0.191552,recorder
20260925-142559_perlmutter_effc80dd,ours_l01_s1_pv2_r2_pv3c_eps025_trace-a2e8ab_b16_k8_isolated,isolated,ours,21,9,plan_comm_ms,0.194176,recorder
20260925-142559_perlmutter_effc80dd,ours_l01_s1_pv2_r2_pv3c_eps025_trace-a2e8ab_b16_k8_isolated,isolated,ours,21,0,place_ms,0.002336,recorder
20260925-142559_perlmutter_effc80dd,ours_l01_s1_pv2_r2_pv3c_eps025_trace-a2e8ab_b16_k8_isolated,isolated,ours,21,1,place_ms,0.002336,recorder
20260925-142559_perlmutter_effc80dd,ours_l01_s1_pv2_r2_pv3c_eps025_trace-a2e8ab_b16_k8_isolated,isolated,ours,21,2,place_ms,0.002336,recorder
20260925-142559_perlmutter_effc80dd,ours_l01_s1_pv2_r2_pv3c_eps025_trace-a2e8ab_b16_k8_isolated,isolated,ours,21,3,place_ms,0.002336,recorder
20260925-142559_perlmutter_effc80dd,ours_l01_s1_pv2_r2_pv3c_eps025_trace-a2e8ab_b16_k8_isolated,isolated,ours,21,4,place_ms,0.002336,recorder
20260925-142559_perlmutter_effc80dd,ours_l01_s1_pv2_r2_pv3c_eps025_trace-a2e8ab_b16_k8_isolated,isolated,ours,21,5,place_ms,0.002304,recorder
20260925-142559_perlmutter_effc80dd,ours_l01_s1_pv2_r2_pv3c_eps025_trace-a2e8ab_b16_k8_isolated,isolated,ours,21,6,place_ms,0.002336,recorder
20260925-142559_perlmutter_effc80dd,ours_l01_s1_pv2_r2_pv3c_eps025_trace-a2e8ab_b16_k8_isolated,isolated,ours,21,7,place_ms,0.002336,recorder
20260925-142559_perlmutter_effc80dd,ours_l01_s1_pv2_r2_pv3c_eps025_trace-a2e8ab_b16_k8_isolated,isolated,ours,21,8,place_ms,0.002304,recorder
20260925-142559_perlmutter_effc80dd,ours_l01_s1_pv2_r2_pv3c_eps025_trace-a2e8ab_b16_k8_isolated,isolated,ours,21,9,place_ms,0.002336,recorder
20260925-142559_perlmutter_effc80dd,ours_l01_s1_pv2_r2_pv3c_eps025_trace-a2e8ab_b16_k8_isolated,isolated,ours,21,0,plan_ms,1.166304,recorder
20260925-142559_perlmutter_effc80dd,ours_l01_s1_pv2_r2_pv3c_eps025_trace-a2e8ab_b16_k8_isolated,isolated,ours,21,1,plan_ms,1.168704,recorder
20260925-142559_perlmutter_effc80dd,ours_l01_s1_pv2_r2_pv3c_eps025_trace-a2e8ab_b16_k8_isolated,isolated,ours,21,2,plan_ms,1.111584,recorder
20260925-142559_perlmutter_effc80dd,ours_l01_s1_pv2_r2_pv3c_eps025_trace-a2e8ab_b16_k8_isolated,isolated,ours,21,3,plan_ms,1.154688,recorder
20260925-142559_perlmutter_effc80dd,ours_l01_s1_pv2_r2_pv3c_eps025_trace-a2e8ab_b16_k8_isolated,isolated,ours,21,4,plan_ms,1.166464,recorder
20260925-142559_perlmutter_effc80dd,ours_l01_s1_pv2_r2_pv3c_eps025_trace-a2e8ab_b16_k8_isolated,isolated,ours,21,5,plan_ms,1.161792,recorder
20260925-142559_perlmutter_effc80dd,ours_l01_s1_pv2_r2_pv3c_eps025_trace-a2e8ab_b16_k8_isolated,isolated,ours,21,6,plan_ms,1.144736,recorder
20260925-142559_perlmutter_effc80dd,ours_l01_s1_pv2_r2_pv3c_eps025_trace-a2e8ab_b16_k8_isolated,isolated,ours,21,7,plan_ms,1.148576,recorder
20260925-142559_perlmutter_effc80dd,ours_l01_s1_pv2_r2_pv3c_eps025_trace-a2e8ab_b16_k8_isolated,isolated,ours,21,8,plan_ms,1.1656,recorder
20260925-142559_perlmutter_effc80dd,ours_l01_s1_pv2_r2_pv3c_eps025_trace-a2e8ab_b16_k8_isolated,isolated,ours,21,9,plan_ms,1.15648,recorder
20260925-142559_perlmutter_effc80dd,ours_l01_s1_pv2_r2_pv3c_eps025_trace-a2e8ab_b16_k8_isolated,isolated,ours,21,0,total_ms,15.257568,recorder
20260925-142559_perlmutter_effc80dd,ours_l01_s1_pv2_r2_pv3c_eps025_trace-a2e8ab_b16_k8_isolated,isolated,ours,21,1,total_ms,15.333088,recorder
20260925-142559_perlmutter_effc80dd,ours_l01_s1_pv2_r2_pv3c_eps025_trace-a2e8ab_b16_k8_isolated,isolated,ours,21,2,total_ms,14.756928,recorder
20260925-142559_perlmutter_effc80dd,ours_l01_s1_pv2_r2_pv3c_eps025_trace-a2e8ab_b16_k8_isolated,isolated,ours,21,3,total_ms,15.172512,recorder
20260925-142559_perlmutter_effc80dd,ours_l01_s1_pv2_r2_pv3c_eps025_trace-a2e8ab_b16_k8_isolated,isolated,ours,21,4,total_ms,14.9888,recorder
20260925-142559_perlmutter_effc80dd,ours_l01_s1_pv2_r2_pv3c_eps025_trace-a2e8ab_b16_k8_isolated,isolated,ours,21,5,total_ms,16.21504,recorder
20260925-142559_perlmutter_effc80dd,ours_l01_s1_pv2_r2_pv3c_eps025_trace-a2e8ab_b16_k8_isolated,isolated,ours,21,6,total_ms,14.813216,recorder
20260925-142559_perlmutter_effc80dd,ours_l01_s1_pv2_r2_pv3c_eps025_trace-a2e8ab_b16_k8_isolated,isolated,ours,21,7,total_ms,15.018368,recorder
20260925-142559_perlmutter_effc80dd,ours_l01_s1_pv2_r2_pv3c_eps025_trace-a2e8ab_b16_k8_isolated,isolated,ours,21,8,total_ms,15.264672,recorder
20260925-142559_perlmutter_effc80dd,ours_l01_s1_pv2_r2_pv3c_eps025_trace-a2e8ab_b16_k8_isolated,isolated,ours,21,9,total_ms,15.271904,recorder
20260925-142559_perlmutter_effc80dd,ours_l01_s1_pv2_r2_pv3c_eps025_trace-a2e8ab_b16_k8_isolated,isolated,ours,21,0,iso_sync_ms,12.274939,recorder
20260925-142559_perlmutter_effc80dd,ours_l01_s1_pv2_r2_pv3c_eps025_trace-a2e8ab_b16_k8_isolated,isolated,ours,21,1,iso_sync_ms,12.375014,recorder
20260925-142559_perlmutter_effc80dd,ours_l01_s1_pv2_r2_pv3c_eps025_trace-a2e8ab_b16_k8_isolated,isolated,ours,21,2,iso_sync_ms,12.348653,recorder
20260925-142559_perlmutter_effc80dd,ours_l01_s1_pv2_r2_pv3c_eps025_trace-a2e8ab_b16_k8_isolated,isolated,ours,21,3,iso_sync_ms,13.466165,recorder
20260925-142559_perlmutter_effc80dd,ours_l01_s1_pv2_r2_pv3c_eps025_trace-a2e8ab_b16_k8_isolated,isolated,ours,21,4,iso_sync_ms,12.245382,recorder
20260925-142559_perlmutter_effc80dd,ours_l01_s1_pv2_r2_pv3c_eps025_trace-a2e8ab_b16_k8_isolated,isolated,ours,21,5,iso_sync_ms,12.34178,recorder
20260925-142559_perlmutter_effc80dd,ours_l01_s1_pv2_r2_pv3c_eps025_trace-a2e8ab_b16_k8_isolated,isolated,ours,21,6,iso_sync_ms,13.0832,recorder
20260925-142559_perlmutter_effc80dd,ours_l01_s1_pv2_r2_pv3c_eps025_trace-a2e8ab_b16_k8_isolated,isolated,ours,21,7,iso_sync_ms,12.15615,recorder
20260925-142559_perlmutter_effc80dd,ours_l01_s1_pv2_r2_pv3c_eps025_trace-a2e8ab_b16_k8_isolated,isolated,ours,21,8,iso_sync_ms,12.672192,recorder
20260925-142559_perlmutter_effc80dd,ours_l01_s1_pv2_r2_pv3c_eps025_trace-a2e8ab_b16_k8_isolated,isolated,ours,21,9,iso_sync_ms,13.011631,recorder
20260925-142559_perlmutter_effc80dd,ours_l01_s1_pv2_r2_pv3c_eps025_trace-a2e8ab_b16_k8_isolated,isolated,ours,21,0,l0_enq_ms,0.65374,recorder
20260925-142559_perlmutter_effc80dd,ours_l01_s1_pv2_r2_pv3c_eps025_trace-a2e8ab_b16_k8_isolated,isolated,ours,21,1,l0_enq_ms,0.658249,recorder
20260925-142559_perlmutter_effc80dd,ours_l01_s1_pv2_r2_pv3c_eps025_trace-a2e8ab_b16_k8_isolated,isolated,ours,21,2,l0_enq_ms,0.652959,recorder
20260925-142559_perlmutter_effc80dd,ours_l01_s1_pv2_r2_pv3c_eps025_trace-a2e8ab_b16_k8_isolated,isolated,ours,21,3,l0_enq_ms,0.657267,recorder
20260925-142559_perlmutter_effc80dd,ours_l01_s1_pv2_r2_pv3c_eps025_trace-a2e8ab_b16_k8_isolated,isolated,ours,21,4,l0_enq_ms,0.642208,recorder
20260925-142559_perlmutter_effc80dd,ours_l01_s1_pv2_r2_pv3c_eps025_trace-a2e8ab_b16_k8_isolated,isolated,ours,21,5,l0_enq_ms,0.64885,recorder
20260925-142559_perlmutter_effc80dd,ours_l01_s1_pv2_r2_pv3c_eps025_trace-a2e8ab_b16_k8_isolated,isolated,ours,21,6,l0_enq_ms,0.655274,recorder
20260925-142559_perlmutter_effc80dd,ours_l01_s1_pv2_r2_pv3c_eps025_trace-a2e8ab_b16_k8_isolated,isolated,ours,21,7,l0_enq_ms,0.62818,recorder
20260925-142559_perlmutter_effc80dd,ours_l01_s1_pv2_r2_pv3c_eps025_trace-a2e8ab_b16_k8_isolated,isolated,ours,21,8,l0_enq_ms,0.642859,recorder
20260925-142559_perlmutter_effc80dd,ours_l01_s1_pv2_r2_pv3c_eps025_trace-a2e8ab_b16_k8_isolated,isolated,ours,21,9,l0_enq_ms,0.630916,recorder
20260925-142559_perlmutter_effc80dd,ours_l01_s1_pv2_r2_pv3c_eps025_trace-a2e8ab_b16_k8_isolated,isolated,ours,21,0,l1_enq_ms,0.531863,recorder
20260925-142559_perlmutter_effc80dd,ours_l01_s1_pv2_r2_pv3c_eps025_trace-a2e8ab_b16_k8_isolated,isolated,ours,21,1,l1_enq_ms,0.517065,recorder
20260925-142559_perlmutter_effc80dd,ours_l01_s1_pv2_r2_pv3c_eps025_trace-a2e8ab_b16_k8_isolated,isolated,ours,21,2,l1_enq_ms,0.493549,recorder
20260925-142559_perlmutter_effc80dd,ours_l01_s1_pv2_r2_pv3c_eps025_trace-a2e8ab_b16_k8_isolated,isolated,ours,21,3,l1_enq_ms,0.516393,recorder
20260925-142559_perlmutter_effc80dd,ours_l01_s1_pv2_r2_pv3c_eps025_trace-a2e8ab_b16_k8_isolated,isolated,ours,21,4,l1_enq_ms,0.503508,recorder
20260925-142559_perlmutter_effc80dd,ours_l01_s1_pv2_r2_pv3c_eps025_trace-a2e8ab_b16_k8_isolated,isolated,ours,21,5,l1_enq_ms,0.503238,recorder
20260925-142559_perlmutter_effc80dd,ours_l01_s1_pv2_r2_pv3c_eps025_trace-a2e8ab_b16_k8_isolated,isolated,ours,21,6,l1_enq_ms,0.485754,recorder
20260925-142559_perlmutter_effc80dd,ours_l01_s1_pv2_r2_pv3c_eps025_trace-a2e8ab_b16_k8_isolated,isolated,ours,21,7,l1_enq_ms,0.526914,recorder
20260925-142559_perlmutter_effc80dd,ours_l01_s1_pv2_r2_pv3c_eps025_trace-a2e8ab_b16_k8_isolated,isolated,ours,21,8,l1_enq_ms,0.500362,recorder
20260925-142559_perlmutter_effc80dd,ours_l01_s1_pv2_r2_pv3c_eps025_trace-a2e8ab_b16_k8_isolated,isolated,ours,21,9,l1_enq_ms,0.502226,recorder
20260925-142559_perlmutter_effc80dd,ours_l01_s1_pv2_r2_pv3c_eps025_trace-a2e8ab_b16_k8_isolated,isolated,ours,22,0,e2e_ms,13.415072,recorder
20260925-142559_perlmutter_effc80dd,ours_l01_s1_pv2_r2_pv3c_eps025_trace-a2e8ab_b16_k8_isolated,isolated,ours,22,1,e2e_ms,13.674304,recorder
20260925-142559_perlmutter_effc80dd,ours_l01_s1_pv2_r2_pv3c_eps025_trace-a2e8ab_b16_k8_isolated,isolated,ours,22,2,e2e_ms,13.034112,recorder
20260925-142559_perlmutter_effc80dd,ours_l01_s1_pv2_r2_pv3c_eps025_trace-a2e8ab_b16_k8_isolated,isolated,ours,22,3,e2e_ms,13.577376,recorder
20260925-142559_perlmutter_effc80dd,ours_l01_s1_pv2_r2_pv3c_eps025_trace-a2e8ab_b16_k8_isolated,isolated,ours,22,4,e2e_ms,13.609408,recorder
20260925-142559_perlmutter_effc80dd,ours_l01_s1_pv2_r2_pv3c_eps025_trace-a2e8ab_b16_k8_isolated,isolated,ours,22,5,e2e_ms,14.35168,recorder
20260925-142559_perlmutter_effc80dd,ours_l01_s1_pv2_r2_pv3c_eps025_trace-a2e8ab_b16_k8_isolated,isolated,ours,22,6,e2e_ms,13.441184,recorder
20260925-142559_perlmutter_effc80dd,ours_l01_s1_pv2_r2_pv3c_eps025_trace-a2e8ab_b16_k8_isolated,isolated,ours,22,7,e2e_ms,13.67504,recorder
20260925-142559_perlmutter_effc80dd,ours_l01_s1_pv2_r2_pv3c_eps025_trace-a2e8ab_b16_k8_isolated,isolated,ours,22,8,e2e_ms,13.882432,recorder
20260925-142559_perlmutter_effc80dd,ours_l01_s1_pv2_r2_pv3c_eps025_trace-a2e8ab_b16_k8_isolated,isolated,ours,22,9,e2e_ms,13.900928,recorder
20260925-142559_perlmutter_effc80dd,ours_l01_s1_pv2_r2_pv3c_eps025_trace-a2e8ab_b16_k8_isolated,isolated,ours,22,0,l0_ms,6.812448,recorder
20260925-142559_perlmutter_effc80dd,ours_l01_s1_pv2_r2_pv3c_eps025_trace-a2e8ab_b16_k8_isolated,isolated,ours,22,1,l0_ms,6.63568,recorder
20260925-142559_perlmutter_effc80dd,ours_l01_s1_pv2_r2_pv3c_eps025_trace-a2e8ab_b16_k8_isolated,isolated,ours,22,2,l0_ms,6.430624,recorder
20260925-142559_perlmutter_effc80dd,ours_l01_s1_pv2_r2_pv3c_eps025_trace-a2e8ab_b16_k8_isolated,isolated,ours,22,3,l0_ms,6.352672,recorder
20260925-142559_perlmutter_effc80dd,ours_l01_s1_pv2_r2_pv3c_eps025_trace-a2e8ab_b16_k8_isolated,isolated,ours,22,4,l0_ms,6.67248,recorder
20260925-142559_perlmutter_effc80dd,ours_l01_s1_pv2_r2_pv3c_eps025_trace-a2e8ab_b16_k8_isolated,isolated,ours,22,5,l0_ms,6.930336,recorder
20260925-142559_perlmutter_effc80dd,ours_l01_s1_pv2_r2_pv3c_eps025_trace-a2e8ab_b16_k8_isolated,isolated,ours,22,6,l0_ms,6.536448,recorder
20260925-142559_perlmutter_effc80dd,ours_l01_s1_pv2_r2_pv3c_eps025_trace-a2e8ab_b16_k8_isolated,isolated,ours,22,7,l0_ms,6.728128,recorder
20260925-142559_perlmutter_effc80dd,ours_l01_s1_pv2_r2_pv3c_eps025_trace-a2e8ab_b16_k8_isolated,isolated,ours,22,8,l0_ms,6.6696,recorder
20260925-142559_perlmutter_effc80dd,ours_l01_s1_pv2_r2_pv3c_eps025_trace-a2e8ab_b16_k8_isolated,isolated,ours,22,9,l0_ms,6.466336,recorder
20260925-142559_perlmutter_effc80dd,ours_l01_s1_pv2_r2_pv3c_eps025_trace-a2e8ab_b16_k8_isolated,isolated,ours,22,0,act_ms,0.060544,recorder
20260925-142559_perlmutter_effc80dd,ours_l01_s1_pv2_r2_pv3c_eps025_trace-a2e8ab_b16_k8_isolated,isolated,ours,22,1,act_ms,0.058816,recorder
20260925-142559_perlmutter_effc80dd,ours_l01_s1_pv2_r2_pv3c_eps025_trace-a2e8ab_b16_k8_isolated,isolated,ours,22,2,act_ms,0.061792,recorder
20260925-142559_perlmutter_effc80dd,ours_l01_s1_pv2_r2_pv3c_eps025_trace-a2e8ab_b16_k8_isolated,isolated,ours,22,3,act_ms,0.05952,recorder
20260925-142559_perlmutter_effc80dd,ours_l01_s1_pv2_r2_pv3c_eps025_trace-a2e8ab_b16_k8_isolated,isolated,ours,22,4,act_ms,0.058848,recorder
20260925-142559_perlmutter_effc80dd,ours_l01_s1_pv2_r2_pv3c_eps025_trace-a2e8ab_b16_k8_isolated,isolated,ours,22,5,act_ms,0.060192,recorder
20260925-142559_perlmutter_effc80dd,ours_l01_s1_pv2_r2_pv3c_eps025_trace-a2e8ab_b16_k8_isolated,isolated,ours,22,6,act_ms,0.0624,recorder
20260925-142559_perlmutter_effc80dd,ours_l01_s1_pv2_r2_pv3c_eps025_trace-a2e8ab_b16_k8_isolated,isolated,ours,22,7,act_ms,0.061696,recorder
20260925-142559_perlmutter_effc80dd,ours_l01_s1_pv2_r2_pv3c_eps025_trace-a2e8ab_b16_k8_isolated,isolated,ours,22,8,act_ms,0.059616,recorder
20260925-142559_perlmutter_effc80dd,ours_l01_s1_pv2_r2_pv3c_eps025_trace-a2e8ab_b16_k8_isolated,isolated,ours,22,9,act_ms,0.058688,recorder
20260925-142559_perlmutter_effc80dd,ours_l01_s1_pv2_r2_pv3c_eps025_trace-a2e8ab_b16_k8_isolated,isolated,ours,22,0,l1_ms,6.54208,recorder
20260925-142559_perlmutter_effc80dd,ours_l01_s1_pv2_r2_pv3c_eps025_trace-a2e8ab_b16_k8_isolated,isolated,ours,22,1,l1_ms,6.979808,recorder
20260925-142559_perlmutter_effc80dd,ours_l01_s1_pv2_r2_pv3c_eps025_trace-a2e8ab_b16_k8_isolated,isolated,ours,22,2,l1_ms,6.541696,recorder
20260925-142559_perlmutter_effc80dd,ours_l01_s1_pv2_r2_pv3c_eps025_trace-a2e8ab_b16_k8_isolated,isolated,ours,22,3,l1_ms,7.165184,recorder
20260925-142559_perlmutter_effc80dd,ours_l01_s1_pv2_r2_pv3c_eps025_trace-a2e8ab_b16_k8_isolated,isolated,ours,22,4,l1_ms,6.87808,recorder
20260925-142559_perlmutter_effc80dd,ours_l01_s1_pv2_r2_pv3c_eps025_trace-a2e8ab_b16_k8_isolated,isolated,ours,22,5,l1_ms,7.361152,recorder
20260925-142559_perlmutter_effc80dd,ours_l01_s1_pv2_r2_pv3c_eps025_trace-a2e8ab_b16_k8_isolated,isolated,ours,22,6,l1_ms,6.842336,recorder
20260925-142559_perlmutter_effc80dd,ours_l01_s1_pv2_r2_pv3c_eps025_trace-a2e8ab_b16_k8_isolated,isolated,ours,22,7,l1_ms,6.885216,recorder
20260925-142559_perlmutter_effc80dd,ours_l01_s1_pv2_r2_pv3c_eps025_trace-a2e8ab_b16_k8_isolated,isolated,ours,22,8,l1_ms,7.153216,recorder
20260925-142559_perlmutter_effc80dd,ours_l01_s1_pv2_r2_pv3c_eps025_trace-a2e8ab_b16_k8_isolated,isolated,ours,22,9,l1_ms,7.375904,recorder
20260925-142559_perlmutter_effc80dd,ours_l01_s1_pv2_r2_pv3c_eps025_trace-a2e8ab_b16_k8_isolated,isolated,ours,22,0,plan_comm_ms,0.631872,recorder
20260925-142559_perlmutter_effc80dd,ours_l01_s1_pv2_r2_pv3c_eps025_trace-a2e8ab_b16_k8_isolated,isolated,ours,22,1,plan_comm_ms,0.448384,recorder
20260925-142559_perlmutter_effc80dd,ours_l01_s1_pv2_r2_pv3c_eps025_trace-a2e8ab_b16_k8_isolated,isolated,ours,22,2,plan_comm_ms,0.578432,recorder
20260925-142559_perlmutter_effc80dd,ours_l01_s1_pv2_r2_pv3c_eps025_trace-a2e8ab_b16_k8_isolated,isolated,ours,22,3,plan_comm_ms,0.41376,recorder
20260925-142559_perlmutter_effc80dd,ours_l01_s1_pv2_r2_pv3c_eps025_trace-a2e8ab_b16_k8_isolated,isolated,ours,22,4,plan_comm_ms,0.19776,recorder
20260925-142559_perlmutter_effc80dd,ours_l01_s1_pv2_r2_pv3c_eps025_trace-a2e8ab_b16_k8_isolated,isolated,ours,22,5,plan_comm_ms,0.669408,recorder
20260925-142559_perlmutter_effc80dd,ours_l01_s1_pv2_r2_pv3c_eps025_trace-a2e8ab_b16_k8_isolated,isolated,ours,22,6,plan_comm_ms,0.19216,recorder
20260925-142559_perlmutter_effc80dd,ours_l01_s1_pv2_r2_pv3c_eps025_trace-a2e8ab_b16_k8_isolated,isolated,ours,22,7,plan_comm_ms,0.179648,recorder
20260925-142559_perlmutter_effc80dd,ours_l01_s1_pv2_r2_pv3c_eps025_trace-a2e8ab_b16_k8_isolated,isolated,ours,22,8,plan_comm_ms,0.192448,recorder
20260925-142559_perlmutter_effc80dd,ours_l01_s1_pv2_r2_pv3c_eps025_trace-a2e8ab_b16_k8_isolated,isolated,ours,22,9,plan_comm_ms,0.19696,recorder
20260925-142559_perlmutter_effc80dd,ours_l01_s1_pv2_r2_pv3c_eps025_trace-a2e8ab_b16_k8_isolated,isolated,ours,22,0,place_ms,0.002336,recorder
20260925-142559_perlmutter_effc80dd,ours_l01_s1_pv2_r2_pv3c_eps025_trace-a2e8ab_b16_k8_isolated,isolated,ours,22,1,place_ms,0.002336,recorder
20260925-142559_perlmutter_effc80dd,ours_l01_s1_pv2_r2_pv3c_eps025_trace-a2e8ab_b16_k8_isolated,isolated,ours,22,2,place_ms,0.002368,recorder
20260925-142559_perlmutter_effc80dd,ours_l01_s1_pv2_r2_pv3c_eps025_trace-a2e8ab_b16_k8_isolated,isolated,ours,22,3,place_ms,0.002336,recorder
20260925-142559_perlmutter_effc80dd,ours_l01_s1_pv2_r2_pv3c_eps025_trace-a2e8ab_b16_k8_isolated,isolated,ours,22,4,place_ms,0.002336,recorder
20260925-142559_perlmutter_effc80dd,ours_l01_s1_pv2_r2_pv3c_eps025_trace-a2e8ab_b16_k8_isolated,isolated,ours,22,5,place_ms,0.002336,recorder
20260925-142559_perlmutter_effc80dd,ours_l01_s1_pv2_r2_pv3c_eps025_trace-a2e8ab_b16_k8_isolated,isolated,ours,22,6,place_ms,0.002304,recorder
20260925-142559_perlmutter_effc80dd,ours_l01_s1_pv2_r2_pv3c_eps025_trace-a2e8ab_b16_k8_isolated,isolated,ours,22,7,place_ms,0.002336,recorder
20260925-142559_perlmutter_effc80dd,ours_l01_s1_pv2_r2_pv3c_eps025_trace-a2e8ab_b16_k8_isolated,isolated,ours,22,8,place_ms,0.002336,recorder
20260925-142559_perlmutter_effc80dd,ours_l01_s1_pv2_r2_pv3c_eps025_trace-a2e8ab_b16_k8_isolated,isolated,ours,22,9,place_ms,0.002368,recorder
20260925-142559_perlmutter_effc80dd,ours_l01_s1_pv2_r2_pv3c_eps025_trace-a2e8ab_b16_k8_isolated,isolated,ours,22,0,plan_ms,1.188992,recorder
20260925-142559_perlmutter_effc80dd,ours_l01_s1_pv2_r2_pv3c_eps025_trace-a2e8ab_b16_k8_isolated,isolated,ours,22,1,plan_ms,1.191296,recorder
20260925-142559_perlmutter_effc80dd,ours_l01_s1_pv2_r2_pv3c_eps025_trace-a2e8ab_b16_k8_isolated,isolated,ours,22,2,plan_ms,1.131776,recorder
20260925-142559_perlmutter_effc80dd,ours_l01_s1_pv2_r2_pv3c_eps025_trace-a2e8ab_b16_k8_isolated,isolated,ours,22,3,plan_ms,1.164704,recorder
20260925-142559_perlmutter_effc80dd,ours_l01_s1_pv2_r2_pv3c_eps025_trace-a2e8ab_b16_k8_isolated,isolated,ours,22,4,plan_ms,1.167008,recorder
20260925-142559_perlmutter_effc80dd,ours_l01_s1_pv2_r2_pv3c_eps025_trace-a2e8ab_b16_k8_isolated,isolated,ours,22,5,plan_ms,1.180032,recorder
20260925-142559_perlmutter_effc80dd,ours_l01_s1_pv2_r2_pv3c_eps025_trace-a2e8ab_b16_k8_isolated,isolated,ours,22,6,plan_ms,1.16224,recorder
20260925-142559_perlmutter_effc80dd,ours_l01_s1_pv2_r2_pv3c_eps025_trace-a2e8ab_b16_k8_isolated,isolated,ours,22,7,plan_ms,1.156192,recorder
20260925-142559_perlmutter_effc80dd,ours_l01_s1_pv2_r2_pv3c_eps025_trace-a2e8ab_b16_k8_isolated,isolated,ours,22,8,plan_ms,1.17888,recorder
20260925-142559_perlmutter_effc80dd,ours_l01_s1_pv2_r2_pv3c_eps025_trace-a2e8ab_b16_k8_isolated,isolated,ours,22,9,plan_ms,1.16496,recorder
20260925-142559_perlmutter_effc80dd,ours_l01_s1_pv2_r2_pv3c_eps025_trace-a2e8ab_b16_k8_isolated,isolated,ours,22,0,total_ms,15.247872,recorder
20260925-142559_perlmutter_effc80dd,ours_l01_s1_pv2_r2_pv3c_eps025_trace-a2e8ab_b16_k8_isolated,isolated,ours,22,1,total_ms,15.32608,recorder
20260925-142559_perlmutter_effc80dd,ours_l01_s1_pv2_r2_pv3c_eps025_trace-a2e8ab_b16_k8_isolated,isolated,ours,22,2,total_ms,14.756864,recorder
20260925-142559_perlmutter_effc80dd,ours_l01_s1_pv2_r2_pv3c_eps025_trace-a2e8ab_b16_k8_isolated,isolated,ours,22,3,total_ms,15.16816,recorder
20260925-142559_perlmutter_effc80dd,ours_l01_s1_pv2_r2_pv3c_eps025_trace-a2e8ab_b16_k8_isolated,isolated,ours,22,4,total_ms,14.985888,recorder
20260925-142559_perlmutter_effc80dd,ours_l01_s1_pv2_r2_pv3c_eps025_trace-a2e8ab_b16_k8_isolated,isolated,ours,22,5,total_ms,16.213024,recorder
20260925-142559_perlmutter_effc80dd,ours_l01_s1_pv2_r2_pv3c_eps025_trace-a2e8ab_b16_k8_isolated,isolated,ours,22,6,total_ms,14.807712,recorder
20260925-142559_perlmutter_effc80dd,ours_l01_s1_pv2_r2_pv3c_eps025_trace-a2e8ab_b16_k8_isolated,isolated,ours,22,7,total_ms,15.023136,recorder
20260925-142559_perlmutter_effc80dd,ours_l01_s1_pv2_r2_pv3c_eps025_trace-a2e8ab_b16_k8_isolated,isolated,ours,22,8,total_ms,15.265632,recorder
20260925-142559_perlmutter_effc80dd,ours_l01_s1_pv2_r2_pv3c_eps025_trace-a2e8ab_b16_k8_isolated,isolated,ours,22,9,total_ms,15.275136,recorder
20260925-142559_perlmutter_effc80dd,ours_l01_s1_pv2_r2_pv3c_eps025_trace-a2e8ab_b16_k8_isolated,isolated,ours,22,0,iso_sync_ms,12.303135,recorder
20260925-142559_perlmutter_effc80dd,ours_l01_s1_pv2_r2_pv3c_eps025_trace-a2e8ab_b16_k8_isolated,isolated,ours,22,1,iso_sync_ms,12.430342,recorder
20260925-142559_perlmutter_effc80dd,ours_l01_s1_pv2_r2_pv3c_eps025_trace-a2e8ab_b16_k8_isolated,isolated,ours,22,2,iso_sync_ms,12.403339,recorder
20260925-142559_perlmutter_effc80dd,ours_l01_s1_pv2_r2_pv3c_eps025_trace-a2e8ab_b16_k8_isolated,isolated,ours,22,3,iso_sync_ms,13.372152,recorder
20260925-142559_perlmutter_effc80dd,ours_l01_s1_pv2_r2_pv3c_eps025_trace-a2e8ab_b16_k8_isolated,isolated,ours,22,4,iso_sync_ms,12.237948,recorder
20260925-142559_perlmutter_effc80dd,ours_l01_s1_pv2_r2_pv3c_eps025_trace-a2e8ab_b16_k8_isolated,isolated,ours,22,5,iso_sync_ms,12.279398,recorder
20260925-142559_perlmutter_effc80dd,ours_l01_s1_pv2_r2_pv3c_eps025_trace-a2e8ab_b16_k8_isolated,isolated,ours,22,6,iso_sync_ms,13.147075,recorder
20260925-142559_perlmutter_effc80dd,ours_l01_s1_pv2_r2_pv3c_eps025_trace-a2e8ab_b16_k8_isolated,isolated,ours,22,7,iso_sync_ms,11.947023,recorder
20260925-142559_perlmutter_effc80dd,ours_l01_s1_pv2_r2_pv3c_eps025_trace-a2e8ab_b16_k8_isolated,isolated,ours,22,8,iso_sync_ms,12.752799,recorder
20260925-142559_perlmutter_effc80dd,ours_l01_s1_pv2_r2_pv3c_eps025_trace-a2e8ab_b16_k8_isolated,isolated,ours,22,9,iso_sync_ms,12.993667,recorder
20260925-142559_perlmutter_effc80dd,ours_l01_s1_pv2_r2_pv3c_eps025_trace-a2e8ab_b16_k8_isolated,isolated,ours,22,0,l0_enq_ms,0.59729,recorder
20260925-142559_perlmutter_effc80dd,ours_l01_s1_pv2_r2_pv3c_eps025_trace-a2e8ab_b16_k8_isolated,isolated,ours,22,1,l0_enq_ms,0.599775,recorder
20260925-142559_perlmutter_effc80dd,ours_l01_s1_pv2_r2_pv3c_eps025_trace-a2e8ab_b16_k8_isolated,isolated,ours,22,2,l0_enq_ms,0.665383,recorder
20260925-142559_perlmutter_effc80dd,ours_l01_s1_pv2_r2_pv3c_eps025_trace-a2e8ab_b16_k8_isolated,isolated,ours,22,3,l0_enq_ms,0.655643,recorder
20260925-142559_perlmutter_effc80dd,ours_l01_s1_pv2_r2_pv3c_eps025_trace-a2e8ab_b16_k8_isolated,isolated,ours,22,4,l0_enq_ms,0.704299,recorder
20260925-142559_perlmutter_effc80dd,ours_l01_s1_pv2_r2_pv3c_eps025_trace-a2e8ab_b16_k8_isolated,isolated,ours,22,5,l0_enq_ms,0.594765,recorder
20260925-142559_perlmutter_effc80dd,ours_l01_s1_pv2_r2_pv3c_eps025_trace-a2e8ab_b16_k8_isolated,isolated,ours,22,6,l0_enq_ms,0.800535,recorder
20260925-142559_perlmutter_effc80dd,ours_l01_s1_pv2_r2_pv3c_eps025_trace-a2e8ab_b16_k8_isolated,isolated,ours,22,7,l0_enq_ms,0.598453,recorder
20260925-142559_perlmutter_effc80dd,ours_l01_s1_pv2_r2_pv3c_eps025_trace-a2e8ab_b16_k8_isolated,isolated,ours,22,8,l0_enq_ms,0.619994,recorder
20260925-142559_perlmutter_effc80dd,ours_l01_s1_pv2_r2_pv3c_eps025_trace-a2e8ab_b16_k8_isolated,isolated,ours,22,9,l0_enq_ms,0.630815,recorder
20260925-142559_perlmutter_effc80dd,ours_l01_s1_pv2_r2_pv3c_eps025_trace-a2e8ab_b16_k8_isolated,isolated,ours,22,0,l1_enq_ms,0.507826,recorder
20260925-142559_perlmutter_effc80dd,ours_l01_s1_pv2_r2_pv3c_eps025_trace-a2e8ab_b16_k8_isolated,isolated,ours,22,1,l1_enq_ms,0.512235,recorder
20260925-142559_perlmutter_effc80dd,ours_l01_s1_pv2_r2_pv3c_eps025_trace-a2e8ab_b16_k8_isolated,isolated,ours,22,2,l1_enq_ms,0.546953,recorder
20260925-142559_perlmutter_effc80dd,ours_l01_s1_pv2_r2_pv3c_eps025_trace-a2e8ab_b16_k8_isolated,isolated,ours,22,3,l1_enq_ms,0.521353,recorder
20260925-142559_perlmutter_effc80dd,ours_l01_s1_pv2_r2_pv3c_eps025_trace-a2e8ab_b16_k8_isolated,isolated,ours,22,4,l1_enq_ms,0.478771,recorder
20260925-142559_perlmutter_effc80dd,ours_l01_s1_pv2_r2_pv3c_eps025_trace-a2e8ab_b16_k8_isolated,isolated,ours,22,5,l1_enq_ms,0.482288,recorder
20260925-142559_perlmutter_effc80dd,ours_l01_s1_pv2_r2_pv3c_eps025_trace-a2e8ab_b16_k8_isolated,isolated,ours,22,6,l1_enq_ms,0.541261,recorder
20260925-142559_perlmutter_effc80dd,ours_l01_s1_pv2_r2_pv3c_eps025_trace-a2e8ab_b16_k8_isolated,isolated,ours,22,7,l1_enq_ms,0.482056,recorder
20260925-142559_perlmutter_effc80dd,ours_l01_s1_pv2_r2_pv3c_eps025_trace-a2e8ab_b16_k8_isolated,isolated,ours,22,8,l1_enq_ms,0.483891,recorder
20260925-142559_perlmutter_effc80dd,ours_l01_s1_pv2_r2_pv3c_eps025_trace-a2e8ab_b16_k8_isolated,isolated,ours,22,9,l1_enq_ms,0.489371,recorder
20260925-142559_perlmutter_effc80dd,ours_l01_s1_pv2_r2_pv3c_eps025_trace-a2e8ab_b16_k8_isolated,isolated,ours,23,0,e2e_ms,13.467552,recorder
20260925-142559_perlmutter_effc80dd,ours_l01_s1_pv2_r2_pv3c_eps025_trace-a2e8ab_b16_k8_isolated,isolated,ours,23,1,e2e_ms,13.724032,recorder
20260925-142559_perlmutter_effc80dd,ours_l01_s1_pv2_r2_pv3c_eps025_trace-a2e8ab_b16_k8_isolated,isolated,ours,23,2,e2e_ms,13.070208,recorder
20260925-142559_perlmutter_effc80dd,ours_l01_s1_pv2_r2_pv3c_eps025_trace-a2e8ab_b16_k8_isolated,isolated,ours,23,3,e2e_ms,13.621888,recorder
20260925-142559_perlmutter_effc80dd,ours_l01_s1_pv2_r2_pv3c_eps025_trace-a2e8ab_b16_k8_isolated,isolated,ours,23,4,e2e_ms,13.652224,recorder
20260925-142559_perlmutter_effc80dd,ours_l01_s1_pv2_r2_pv3c_eps025_trace-a2e8ab_b16_k8_isolated,isolated,ours,23,5,e2e_ms,14.3984,recorder
20260925-142559_perlmutter_effc80dd,ours_l01_s1_pv2_r2_pv3c_eps025_trace-a2e8ab_b16_k8_isolated,isolated,ours,23,6,e2e_ms,13.4816,recorder
20260925-142559_perlmutter_effc80dd,ours_l01_s1_pv2_r2_pv3c_eps025_trace-a2e8ab_b16_k8_isolated,isolated,ours,23,7,e2e_ms,13.734592,recorder
20260925-142559_perlmutter_effc80dd,ours_l01_s1_pv2_r2_pv3c_eps025_trace-a2e8ab_b16_k8_isolated,isolated,ours,23,8,e2e_ms,13.933408,recorder
20260925-142559_perlmutter_effc80dd,ours_l01_s1_pv2_r2_pv3c_eps025_trace-a2e8ab_b16_k8_isolated,isolated,ours,23,9,e2e_ms,13.935296,recorder
20260925-142559_perlmutter_effc80dd,ours_l01_s1_pv2_r2_pv3c_eps025_trace-a2e8ab_b16_k8_isolated,isolated,ours,23,0,l0_ms,6.86032,recorder
20260925-142559_perlmutter_effc80dd,ours_l01_s1_pv2_r2_pv3c_eps025_trace-a2e8ab_b16_k8_isolated,isolated,ours,23,1,l0_ms,6.692832,recorder
20260925-142559_perlmutter_effc80dd,ours_l01_s1_pv2_r2_pv3c_eps025_trace-a2e8ab_b16_k8_isolated,isolated,ours,23,2,l0_ms,6.468,recorder
20260925-142559_perlmutter_effc80dd,ours_l01_s1_pv2_r2_pv3c_eps025_trace-a2e8ab_b16_k8_isolated,isolated,ours,23,3,l0_ms,6.398464,recorder
20260925-142559_perlmutter_effc80dd,ours_l01_s1_pv2_r2_pv3c_eps025_trace-a2e8ab_b16_k8_isolated,isolated,ours,23,4,l0_ms,6.707904,recorder
20260925-142559_perlmutter_effc80dd,ours_l01_s1_pv2_r2_pv3c_eps025_trace-a2e8ab_b16_k8_isolated,isolated,ours,23,5,l0_ms,6.98208,recorder
20260925-142559_perlmutter_effc80dd,ours_l01_s1_pv2_r2_pv3c_eps025_trace-a2e8ab_b16_k8_isolated,isolated,ours,23,6,l0_ms,6.579136,recorder
20260925-142559_perlmutter_effc80dd,ours_l01_s1_pv2_r2_pv3c_eps025_trace-a2e8ab_b16_k8_isolated,isolated,ours,23,7,l0_ms,6.768576,recorder
20260925-142559_perlmutter_effc80dd,ours_l01_s1_pv2_r2_pv3c_eps025_trace-a2e8ab_b16_k8_isolated,isolated,ours,23,8,l0_ms,6.717632,recorder
20260925-142559_perlmutter_effc80dd,ours_l01_s1_pv2_r2_pv3c_eps025_trace-a2e8ab_b16_k8_isolated,isolated,ours,23,9,l0_ms,6.494144,recorder
20260925-142559_perlmutter_effc80dd,ours_l01_s1_pv2_r2_pv3c_eps025_trace-a2e8ab_b16_k8_isolated,isolated,ours,23,0,act_ms,0.073632,recorder
20260925-142559_perlmutter_effc80dd,ours_l01_s1_pv2_r2_pv3c_eps025_trace-a2e8ab_b16_k8_isolated,isolated,ours,23,1,act_ms,0.074848,recorder
20260925-142559_perlmutter_effc80dd,ours_l01_s1_pv2_r2_pv3c_eps025_trace-a2e8ab_b16_k8_isolated,isolated,ours,23,2,act_ms,0.078272,recorder
20260925-142559_perlmutter_effc80dd,ours_l01_s1_pv2_r2_pv3c_eps025_trace-a2e8ab_b16_k8_isolated,isolated,ours,23,3,act_ms,0.074304,recorder
20260925-142559_perlmutter_effc80dd,ours_l01_s1_pv2_r2_pv3c_eps025_trace-a2e8ab_b16_k8_isolated,isolated,ours,23,4,act_ms,0.076576,recorder
20260925-142559_perlmutter_effc80dd,ours_l01_s1_pv2_r2_pv3c_eps025_trace-a2e8ab_b16_k8_isolated,isolated,ours,23,5,act_ms,0.075968,recorder
20260925-142559_perlmutter_effc80dd,ours_l01_s1_pv2_r2_pv3c_eps025_trace-a2e8ab_b16_k8_isolated,isolated,ours,23,6,act_ms,0.07824,recorder
20260925-142559_perlmutter_effc80dd,ours_l01_s1_pv2_r2_pv3c_eps025_trace-a2e8ab_b16_k8_isolated,isolated,ours,23,7,act_ms,0.075936,recorder
20260925-142559_perlmutter_effc80dd,ours_l01_s1_pv2_r2_pv3c_eps025_trace-a2e8ab_b16_k8_isolated,isolated,ours,23,8,act_ms,0.073824,recorder
20260925-142559_perlmutter_effc80dd,ours_l01_s1_pv2_r2_pv3c_eps025_trace-a2e8ab_b16_k8_isolated,isolated,ours,23,9,act_ms,0.075104,recorder
20260925-142559_perlmutter_effc80dd,ours_l01_s1_pv2_r2_pv3c_eps025_trace-a2e8ab_b16_k8_isolated,isolated,ours,23,0,l1_ms,6.5336,recorder
20260925-142559_perlmutter_effc80dd,ours_l01_s1_pv2_r2_pv3c_eps025_trace-a2e8ab_b16_k8_isolated,isolated,ours,23,1,l1_ms,6.956352,recorder
20260925-142559_perlmutter_effc80dd,ours_l01_s1_pv2_r2_pv3c_eps025_trace-a2e8ab_b16_k8_isolated,isolated,ours,23,2,l1_ms,6.523936,recorder
20260925-142559_perlmutter_effc80dd,ours_l01_s1_pv2_r2_pv3c_eps025_trace-a2e8ab_b16_k8_isolated,isolated,ours,23,3,l1_ms,7.14912,recorder
20260925-142559_perlmutter_effc80dd,ours_l01_s1_pv2_r2_pv3c_eps025_trace-a2e8ab_b16_k8_isolated,isolated,ours,23,4,l1_ms,6.867744,recorder
20260925-142559_perlmutter_effc80dd,ours_l01_s1_pv2_r2_pv3c_eps025_trace-a2e8ab_b16_k8_isolated,isolated,ours,23,5,l1_ms,7.340352,recorder
20260925-142559_perlmutter_effc80dd,ours_l01_s1_pv2_r2_pv3c_eps025_trace-a2e8ab_b16_k8_isolated,isolated,ours,23,6,l1_ms,6.824224,recorder
20260925-142559_perlmutter_effc80dd,ours_l01_s1_pv2_r2_pv3c_eps025_trace-a2e8ab_b16_k8_isolated,isolated,ours,23,7,l1_ms,6.89008,recorder
20260925-142559_perlmutter_effc80dd,ours_l01_s1_pv2_r2_pv3c_eps025_trace-a2e8ab_b16_k8_isolated,isolated,ours,23,8,l1_ms,7.141952,recorder
20260925-142559_perlmutter_effc80dd,ours_l01_s1_pv2_r2_pv3c_eps025_trace-a2e8ab_b16_k8_isolated,isolated,ours,23,9,l1_ms,7.366048,recorder
20260925-142559_perlmutter_effc80dd,ours_l01_s1_pv2_r2_pv3c_eps025_trace-a2e8ab_b16_k8_isolated,isolated,ours,23,0,plan_comm_ms,0.630144,recorder
20260925-142559_perlmutter_effc80dd,ours_l01_s1_pv2_r2_pv3c_eps025_trace-a2e8ab_b16_k8_isolated,isolated,ours,23,1,plan_comm_ms,0.448896,recorder
20260925-142559_perlmutter_effc80dd,ours_l01_s1_pv2_r2_pv3c_eps025_trace-a2e8ab_b16_k8_isolated,isolated,ours,23,2,plan_comm_ms,0.580576,recorder
20260925-142559_perlmutter_effc80dd,ours_l01_s1_pv2_r2_pv3c_eps025_trace-a2e8ab_b16_k8_isolated,isolated,ours,23,3,plan_comm_ms,0.413248,recorder
20260925-142559_perlmutter_effc80dd,ours_l01_s1_pv2_r2_pv3c_eps025_trace-a2e8ab_b16_k8_isolated,isolated,ours,23,4,plan_comm_ms,0.197632,recorder
20260925-142559_perlmutter_effc80dd,ours_l01_s1_pv2_r2_pv3c_eps025_trace-a2e8ab_b16_k8_isolated,isolated,ours,23,5,plan_comm_ms,0.675328,recorder
20260925-142559_perlmutter_effc80dd,ours_l01_s1_pv2_r2_pv3c_eps025_trace-a2e8ab_b16_k8_isolated,isolated,ours,23,6,plan_comm_ms,0.19184,recorder
20260925-142559_perlmutter_effc80dd,ours_l01_s1_pv2_r2_pv3c_eps025_trace-a2e8ab_b16_k8_isolated,isolated,ours,23,7,plan_comm_ms,0.18656,recorder
20260925-142559_perlmutter_effc80dd,ours_l01_s1_pv2_r2_pv3c_eps025_trace-a2e8ab_b16_k8_isolated,isolated,ours,23,8,plan_comm_ms,0.191488,recorder
20260925-142559_perlmutter_effc80dd,ours_l01_s1_pv2_r2_pv3c_eps025_trace-a2e8ab_b16_k8_isolated,isolated,ours,23,9,plan_comm_ms,0.18624,recorder
20260925-142559_perlmutter_effc80dd,ours_l01_s1_pv2_r2_pv3c_eps025_trace-a2e8ab_b16_k8_isolated,isolated,ours,23,0,place_ms,0.002304,recorder
20260925-142559_perlmutter_effc80dd,ours_l01_s1_pv2_r2_pv3c_eps025_trace-a2e8ab_b16_k8_isolated,isolated,ours,23,1,place_ms,0.002368,recorder
20260925-142559_perlmutter_effc80dd,ours_l01_s1_pv2_r2_pv3c_eps025_trace-a2e8ab_b16_k8_isolated,isolated,ours,23,2,place_ms,0.002336,recorder
20260925-142559_perlmutter_effc80dd,ours_l01_s1_pv2_r2_pv3c_eps025_trace-a2e8ab_b16_k8_isolated,isolated,ours,23,3,place_ms,0.002336,recorder
20260925-142559_perlmutter_effc80dd,ours_l01_s1_pv2_r2_pv3c_eps025_trace-a2e8ab_b16_k8_isolated,isolated,ours,23,4,place_ms,0.002336,recorder
20260925-142559_perlmutter_effc80dd,ours_l01_s1_pv2_r2_pv3c_eps025_trace-a2e8ab_b16_k8_isolated,isolated,ours,23,5,place_ms,0.002336,recorder
20260925-142559_perlmutter_effc80dd,ours_l01_s1_pv2_r2_pv3c_eps025_trace-a2e8ab_b16_k8_isolated,isolated,ours,23,6,place_ms,0.002336,recorder
20260925-142559_perlmutter_effc80dd,ours_l01_s1_pv2_r2_pv3c_eps025_trace-a2e8ab_b16_k8_isolated,isolated,ours,23,7,place_ms,0.002304,recorder
20260925-142559_perlmutter_effc80dd,ours_l01_s1_pv2_r2_pv3c_eps025_trace-a2e8ab_b16_k8_isolated,isolated,ours,23,8,place_ms,0.002336,recorder
20260925-142559_perlmutter_effc80dd,ours_l01_s1_pv2_r2_pv3c_eps025_trace-a2e8ab_b16_k8_isolated,isolated,ours,23,9,place_ms,0.002272,recorder
20260925-142559_perlmutter_effc80dd,ours_l01_s1_pv2_r2_pv3c_eps025_trace-a2e8ab_b16_k8_isolated,isolated,ours,23,0,plan_ms,1.145504,recorder
20260925-142559_perlmutter_effc80dd,ours_l01_s1_pv2_r2_pv3c_eps025_trace-a2e8ab_b16_k8_isolated,isolated,ours,23,1,plan_ms,1.143712,recorder
20260925-142559_perlmutter_effc80dd,ours_l01_s1_pv2_r2_pv3c_eps025_trace-a2e8ab_b16_k8_isolated,isolated,ours,23,2,plan_ms,1.096896,recorder
20260925-142559_perlmutter_effc80dd,ours_l01_s1_pv2_r2_pv3c_eps025_trace-a2e8ab_b16_k8_isolated,isolated,ours,23,3,plan_ms,1.125216,recorder
20260925-142559_perlmutter_effc80dd,ours_l01_s1_pv2_r2_pv3c_eps025_trace-a2e8ab_b16_k8_isolated,isolated,ours,23,4,plan_ms,1.130464,recorder
20260925-142559_perlmutter_effc80dd,ours_l01_s1_pv2_r2_pv3c_eps025_trace-a2e8ab_b16_k8_isolated,isolated,ours,23,5,plan_ms,1.131136,recorder
20260925-142559_perlmutter_effc80dd,ours_l01_s1_pv2_r2_pv3c_eps025_trace-a2e8ab_b16_k8_isolated,isolated,ours,23,6,plan_ms,1.125568,recorder
20260925-142559_perlmutter_effc80dd,ours_l01_s1_pv2_r2_pv3c_eps025_trace-a2e8ab_b16_k8_isolated,isolated,ours,23,7,plan_ms,1.114016,recorder
20260925-142559_perlmutter_effc80dd,ours_l01_s1_pv2_r2_pv3c_eps025_trace-a2e8ab_b16_k8_isolated,isolated,ours,23,8,plan_ms,1.131552,recorder
20260925-142559_perlmutter_effc80dd,ours_l01_s1_pv2_r2_pv3c_eps025_trace-a2e8ab_b16_k8_isolated,isolated,ours,23,9,plan_ms,1.134144,recorder
20260925-142559_perlmutter_effc80dd,ours_l01_s1_pv2_r2_pv3c_eps025_trace-a2e8ab_b16_k8_isolated,isolated,ours,23,0,total_ms,15.2544,recorder
20260925-142559_perlmutter_effc80dd,ours_l01_s1_pv2_r2_pv3c_eps025_trace-a2e8ab_b16_k8_isolated,isolated,ours,23,1,total_ms,15.328288,recorder
20260925-142559_perlmutter_effc80dd,ours_l01_s1_pv2_r2_pv3c_eps025_trace-a2e8ab_b16_k8_isolated,isolated,ours,23,2,total_ms,14.759232,recorder
20260925-142559_perlmutter_effc80dd,ours_l01_s1_pv2_r2_pv3c_eps025_trace-a2e8ab_b16_k8_isolated,isolated,ours,23,3,total_ms,15.171744,recorder
20260925-142559_perlmutter_effc80dd,ours_l01_s1_pv2_r2_pv3c_eps025_trace-a2e8ab_b16_k8_isolated,isolated,ours,23,4,total_ms,14.991936,recorder
20260925-142559_perlmutter_effc80dd,ours_l01_s1_pv2_r2_pv3c_eps025_trace-a2e8ab_b16_k8_isolated,isolated,ours,23,5,total_ms,16.216991,recorder
20260925-142559_perlmutter_effc80dd,ours_l01_s1_pv2_r2_pv3c_eps025_trace-a2e8ab_b16_k8_isolated,isolated,ours,23,6,total_ms,14.810368,recorder
20260925-142559_perlmutter_effc80dd,ours_l01_s1_pv2_r2_pv3c_eps025_trace-a2e8ab_b16_k8_isolated,isolated,ours,23,7,total_ms,15.046592,recorder
20260925-142559_perlmutter_effc80dd,ours_l01_s1_pv2_r2_pv3c_eps025_trace-a2e8ab_b16_k8_isolated,isolated,ours,23,8,total_ms,15.268384,recorder
20260925-142559_perlmutter_effc80dd,ours_l01_s1_pv2_r2_pv3c_eps025_trace-a2e8ab_b16_k8_isolated,isolated,ours,23,9,total_ms,15.268768,recorder
20260925-142559_perlmutter_effc80dd,ours_l01_s1_pv2_r2_pv3c_eps025_trace-a2e8ab_b16_k8_isolated,isolated,ours,23,0,iso_sync_ms,12.204483,recorder
20260925-142559_perlmutter_effc80dd,ours_l01_s1_pv2_r2_pv3c_eps025_trace-a2e8ab_b16_k8_isolated,isolated,ours,23,1,iso_sync_ms,12.281333,recorder
20260925-142559_perlmutter_effc80dd,ours_l01_s1_pv2_r2_pv3c_eps025_trace-a2e8ab_b16_k8_isolated,isolated,ours,23,2,iso_sync_ms,12.362571,recorder
20260925-142559_perlmutter_effc80dd,ours_l01_s1_pv2_r2_pv3c_eps025_trace-a2e8ab_b16_k8_isolated,isolated,ours,23,3,iso_sync_ms,13.44854,recorder
20260925-142559_perlmutter_effc80dd,ours_l01_s1_pv2_r2_pv3c_eps025_trace-a2e8ab_b16_k8_isolated,isolated,ours,23,4,iso_sync_ms,12.240473,recorder
20260925-142559_perlmutter_effc80dd,ours_l01_s1_pv2_r2_pv3c_eps025_trace-a2e8ab_b16_k8_isolated,isolated,ours,23,5,iso_sync_ms,12.304467,recorder
20260925-142559_perlmutter_effc80dd,ours_l01_s1_pv2_r2_pv3c_eps025_trace-a2e8ab_b16_k8_isolated,isolated,ours,23,6,iso_sync_ms,12.99027,recorder
20260925-142559_perlmutter_effc80dd,ours_l01_s1_pv2_r2_pv3c_eps025_trace-a2e8ab_b16_k8_isolated,isolated,ours,23,7,iso_sync_ms,12.128105,recorder
20260925-142559_perlmutter_effc80dd,ours_l01_s1_pv2_r2_pv3c_eps025_trace-a2e8ab_b16_k8_isolated,isolated,ours,23,8,iso_sync_ms,12.713251,recorder
20260925-142559_perlmutter_effc80dd,ours_l01_s1_pv2_r2_pv3c_eps025_trace-a2e8ab_b16_k8_isolated,isolated,ours,23,9,iso_sync_ms,13.008555,recorder
20260925-142559_perlmutter_effc80dd,ours_l01_s1_pv2_r2_pv3c_eps025_trace-a2e8ab_b16_k8_isolated,isolated,ours,23,0,l0_enq_ms,0.726933,recorder
20260925-142559_perlmutter_effc80dd,ours_l01_s1_pv2_r2_pv3c_eps025_trace-a2e8ab_b16_k8_isolated,isolated,ours,23,1,l0_enq_ms,0.690642,recorder
20260925-142559_perlmutter_effc80dd,ours_l01_s1_pv2_r2_pv3c_eps025_trace-a2e8ab_b16_k8_isolated,isolated,ours,23,2,l0_enq_ms,0.6691,recorder
20260925-142559_perlmutter_effc80dd,ours_l01_s1_pv2_r2_pv3c_eps025_trace-a2e8ab_b16_k8_isolated,isolated,ours,23,3,l0_enq_ms,0.681414,recorder
20260925-142559_perlmutter_effc80dd,ours_l01_s1_pv2_r2_pv3c_eps025_trace-a2e8ab_b16_k8_isolated,isolated,ours,23,4,l0_enq_ms,0.680752,recorder
20260925-142559_perlmutter_effc80dd,ours_l01_s1_pv2_r2_pv3c_eps025_trace-a2e8ab_b16_k8_isolated,isolated,ours,23,5,l0_enq_ms,0.72527,recorder
20260925-142559_perlmutter_effc80dd,ours_l01_s1_pv2_r2_pv3c_eps025_trace-a2e8ab_b16_k8_isolated,isolated,ours,23,6,l0_enq_ms,0.695582,recorder
20260925-142559_perlmutter_effc80dd,ours_l01_s1_pv2_r2_pv3c_eps025_trace-a2e8ab_b16_k8_isolated,isolated,ours,23,7,l0_enq_ms,0.670272,recorder
20260925-142559_perlmutter_effc80dd,ours_l01_s1_pv2_r2_pv3c_eps025_trace-a2e8ab_b16_k8_isolated,isolated,ours,23,8,l0_enq_ms,0.686183,recorder
20260925-142559_perlmutter_effc80dd,ours_l01_s1_pv2_r2_pv3c_eps025_trace-a2e8ab_b16_k8_isolated,isolated,ours,23,9,l0_enq_ms,0.676084,recorder
20260925-142559_perlmutter_effc80dd,ours_l01_s1_pv2_r2_pv3c_eps025_trace-a2e8ab_b16_k8_isolated,isolated,ours,23,0,l1_enq_ms,0.521904,recorder
20260925-142559_perlmutter_effc80dd,ours_l01_s1_pv2_r2_pv3c_eps025_trace-a2e8ab_b16_k8_isolated,isolated,ours,23,1,l1_enq_ms,0.511374,recorder
20260925-142559_perlmutter_effc80dd,ours_l01_s1_pv2_r2_pv3c_eps025_trace-a2e8ab_b16_k8_isolated,isolated,ours,23,2,l1_enq_ms,0.497987,recorder
20260925-142559_perlmutter_effc80dd,ours_l01_s1_pv2_r2_pv3c_eps025_trace-a2e8ab_b16_k8_isolated,isolated,ours,23,3,l1_enq_ms,0.510071,recorder
20260925-142559_perlmutter_effc80dd,ours_l01_s1_pv2_r2_pv3c_eps025_trace-a2e8ab_b16_k8_isolated,isolated,ours,23,4,l1_enq_ms,0.506143,recorder
20260925-142559_perlmutter_effc80dd,ours_l01_s1_pv2_r2_pv3c_eps025_trace-a2e8ab_b16_k8_isolated,isolated,ours,23,5,l1_enq_ms,0.51952,recorder
20260925-142559_perlmutter_effc80dd,ours_l01_s1_pv2_r2_pv3c_eps025_trace-a2e8ab_b16_k8_isolated,isolated,ours,23,6,l1_enq_ms,0.500122,recorder
20260925-142559_perlmutter_effc80dd,ours_l01_s1_pv2_r2_pv3c_eps025_trace-a2e8ab_b16_k8_isolated,isolated,ours,23,7,l1_enq_ms,0.492908,recorder
20260925-142559_perlmutter_effc80dd,ours_l01_s1_pv2_r2_pv3c_eps025_trace-a2e8ab_b16_k8_isolated,isolated,ours,23,8,l1_enq_ms,0.476455,recorder
20260925-142559_perlmutter_effc80dd,ours_l01_s1_pv2_r2_pv3c_eps025_trace-a2e8ab_b16_k8_isolated,isolated,ours,23,9,l1_enq_ms,0.503779,recorder
20260925-142559_perlmutter_effc80dd,ours_l01_s1_pv2_r2_pv3c_eps025_trace-a2e8ab_b16_k8_isolated,isolated,ours,24,0,e2e_ms,13.468448,recorder
20260925-142559_perlmutter_effc80dd,ours_l01_s1_pv2_r2_pv3c_eps025_trace-a2e8ab_b16_k8_isolated,isolated,ours,24,1,e2e_ms,13.741472,recorder
20260925-142559_perlmutter_effc80dd,ours_l01_s1_pv2_r2_pv3c_eps025_trace-a2e8ab_b16_k8_isolated,isolated,ours,24,2,e2e_ms,13.056768,recorder
20260925-142559_perlmutter_effc80dd,ours_l01_s1_pv2_r2_pv3c_eps025_trace-a2e8ab_b16_k8_isolated,isolated,ours,24,3,e2e_ms,13.615392,recorder
20260925-142559_perlmutter_effc80dd,ours_l01_s1_pv2_r2_pv3c_eps025_trace-a2e8ab_b16_k8_isolated,isolated,ours,24,4,e2e_ms,13.68944,recorder
20260925-142559_perlmutter_effc80dd,ours_l01_s1_pv2_r2_pv3c_eps025_trace-a2e8ab_b16_k8_isolated,isolated,ours,24,5,e2e_ms,14.425952,recorder
20260925-142559_perlmutter_effc80dd,ours_l01_s1_pv2_r2_pv3c_eps025_trace-a2e8ab_b16_k8_isolated,isolated,ours,24,6,e2e_ms,13.50416,recorder
20260925-142559_perlmutter_effc80dd,ours_l01_s1_pv2_r2_pv3c_eps025_trace-a2e8ab_b16_k8_isolated,isolated,ours,24,7,e2e_ms,13.748992,recorder
20260925-142559_perlmutter_effc80dd,ours_l01_s1_pv2_r2_pv3c_eps025_trace-a2e8ab_b16_k8_isolated,isolated,ours,24,8,e2e_ms,13.965568,recorder
20260925-142559_perlmutter_effc80dd,ours_l01_s1_pv2_r2_pv3c_eps025_trace-a2e8ab_b16_k8_isolated,isolated,ours,24,9,e2e_ms,13.964128,recorder
20260925-142559_perlmutter_effc80dd,ours_l01_s1_pv2_r2_pv3c_eps025_trace-a2e8ab_b16_k8_isolated,isolated,ours,24,0,l0_ms,6.866208,recorder
20260925-142559_perlmutter_effc80dd,ours_l01_s1_pv2_r2_pv3c_eps025_trace-a2e8ab_b16_k8_isolated,isolated,ours,24,1,l0_ms,6.69824,recorder
20260925-142559_perlmutter_effc80dd,ours_l01_s1_pv2_r2_pv3c_eps025_trace-a2e8ab_b16_k8_isolated,isolated,ours,24,2,l0_ms,6.451904,recorder
20260925-142559_perlmutter_effc80dd,ours_l01_s1_pv2_r2_pv3c_eps025_trace-a2e8ab_b16_k8_isolated,isolated,ours,24,3,l0_ms,6.388672,recorder
20260925-142559_perlmutter_effc80dd,ours_l01_s1_pv2_r2_pv3c_eps025_trace-a2e8ab_b16_k8_isolated,isolated,ours,24,4,l0_ms,6.731072,recorder
20260925-142559_perlmutter_effc80dd,ours_l01_s1_pv2_r2_pv3c_eps025_trace-a2e8ab_b16_k8_isolated,isolated,ours,24,5,l0_ms,6.993376,recorder
20260925-142559_perlmutter_effc80dd,ours_l01_s1_pv2_r2_pv3c_eps025_trace-a2e8ab_b16_k8_isolated,isolated,ours,24,6,l0_ms,6.600672,recorder
20260925-142559_perlmutter_effc80dd,ours_l01_s1_pv2_r2_pv3c_eps025_trace-a2e8ab_b16_k8_isolated,isolated,ours,24,7,l0_ms,6.770624,recorder
20260925-142559_perlmutter_effc80dd,ours_l01_s1_pv2_r2_pv3c_eps025_trace-a2e8ab_b16_k8_isolated,isolated,ours,24,8,l0_ms,6.733056,recorder
20260925-142559_perlmutter_effc80dd,ours_l01_s1_pv2_r2_pv3c_eps025_trace-a2e8ab_b16_k8_isolated,isolated,ours,24,9,l0_ms,6.513408,recorder
20260925-142559_perlmutter_effc80dd,ours_l01_s1_pv2_r2_pv3c_eps025_trace-a2e8ab_b16_k8_isolated,isolated,ours,24,0,act_ms,0.070624,recorder
20260925-142559_perlmutter_effc80dd,ours_l01_s1_pv2_r2_pv3c_eps025_trace-a2e8ab_b16_k8_isolated,isolated,ours,24,1,act_ms,0.068832,recorder
20260925-142559_perlmutter_effc80dd,ours_l01_s1_pv2_r2_pv3c_eps025_trace-a2e8ab_b16_k8_isolated,isolated,ours,24,2,act_ms,0.070272,recorder
20260925-142559_perlmutter_effc80dd,ours_l01_s1_pv2_r2_pv3c_eps025_trace-a2e8ab_b16_k8_isolated,isolated,ours,24,3,act_ms,0.068928,recorder
20260925-142559_perlmutter_effc80dd,ours_l01_s1_pv2_r2_pv3c_eps025_trace-a2e8ab_b16_k8_isolated,isolated,ours,24,4,act_ms,0.068512,recorder
20260925-142559_perlmutter_effc80dd,ours_l01_s1_pv2_r2_pv3c_eps025_trace-a2e8ab_b16_k8_isolated,isolated,ours,24,5,act_ms,0.070368,recorder
20260925-142559_perlmutter_effc80dd,ours_l01_s1_pv2_r2_pv3c_eps025_trace-a2e8ab_b16_k8_isolated,isolated,ours,24,6,act_ms,0.069888,recorder
20260925-142559_perlmutter_effc80dd,ours_l01_s1_pv2_r2_pv3c_eps025_trace-a2e8ab_b16_k8_isolated,isolated,ours,24,7,act_ms,0.069504,recorder
20260925-142559_perlmutter_effc80dd,ours_l01_s1_pv2_r2_pv3c_eps025_trace-a2e8ab_b16_k8_isolated,isolated,ours,24,8,act_ms,0.071808,recorder
20260925-142559_perlmutter_effc80dd,ours_l01_s1_pv2_r2_pv3c_eps025_trace-a2e8ab_b16_k8_isolated,isolated,ours,24,9,act_ms,0.068,recorder
20260925-142559_perlmutter_effc80dd,ours_l01_s1_pv2_r2_pv3c_eps025_trace-a2e8ab_b16_k8_isolated,isolated,ours,24,0,l1_ms,6.531616,recorder
20260925-142559_perlmutter_effc80dd,ours_l01_s1_pv2_r2_pv3c_eps025_trace-a2e8ab_b16_k8_isolated,isolated,ours,24,1,l1_ms,6.9744,recorder
20260925-142559_perlmutter_effc80dd,ours_l01_s1_pv2_r2_pv3c_eps025_trace-a2e8ab_b16_k8_isolated,isolated,ours,24,2,l1_ms,6.534592,recorder
20260925-142559_perlmutter_effc80dd,ours_l01_s1_pv2_r2_pv3c_eps025_trace-a2e8ab_b16_k8_isolated,isolated,ours,24,3,l1_ms,7.157792,recorder
20260925-142559_perlmutter_effc80dd,ours_l01_s1_pv2_r2_pv3c_eps025_trace-a2e8ab_b16_k8_isolated,isolated,ours,24,4,l1_ms,6.889856,recorder
20260925-142559_perlmutter_effc80dd,ours_l01_s1_pv2_r2_pv3c_eps025_trace-a2e8ab_b16_k8_isolated,isolated,ours,24,5,l1_ms,7.362208,recorder
20260925-142559_perlmutter_effc80dd,ours_l01_s1_pv2_r2_pv3c_eps025_trace-a2e8ab_b16_k8_isolated,isolated,ours,24,6,l1_ms,6.8336,recorder
20260925-142559_perlmutter_effc80dd,ours_l01_s1_pv2_r2_pv3c_eps025_trace-a2e8ab_b16_k8_isolated,isolated,ours,24,7,l1_ms,6.908864,recorder
20260925-142559_perlmutter_effc80dd,ours_l01_s1_pv2_r2_pv3c_eps025_trace-a2e8ab_b16_k8_isolated,isolated,ours,24,8,l1_ms,7.160704,recorder
20260925-142559_perlmutter_effc80dd,ours_l01_s1_pv2_r2_pv3c_eps025_trace-a2e8ab_b16_k8_isolated,isolated,ours,24,9,l1_ms,7.38272,recorder
20260925-142559_perlmutter_effc80dd,ours_l01_s1_pv2_r2_pv3c_eps025_trace-a2e8ab_b16_k8_isolated,isolated,ours,24,0,plan_comm_ms,0.642144,recorder
20260925-142559_perlmutter_effc80dd,ours_l01_s1_pv2_r2_pv3c_eps025_trace-a2e8ab_b16_k8_isolated,isolated,ours,24,1,plan_comm_ms,0.45904,recorder
20260925-142559_perlmutter_effc80dd,ours_l01_s1_pv2_r2_pv3c_eps025_trace-a2e8ab_b16_k8_isolated,isolated,ours,24,2,plan_comm_ms,0.58576,recorder
20260925-142559_perlmutter_effc80dd,ours_l01_s1_pv2_r2_pv3c_eps025_trace-a2e8ab_b16_k8_isolated,isolated,ours,24,3,plan_comm_ms,0.229024,recorder
20260925-142559_perlmutter_effc80dd,ours_l01_s1_pv2_r2_pv3c_eps025_trace-a2e8ab_b16_k8_isolated,isolated,ours,24,4,plan_comm_ms,0.204096,recorder
20260925-142559_perlmutter_effc80dd,ours_l01_s1_pv2_r2_pv3c_eps025_trace-a2e8ab_b16_k8_isolated,isolated,ours,24,5,plan_comm_ms,0.660896,recorder
20260925-142559_perlmutter_effc80dd,ours_l01_s1_pv2_r2_pv3c_eps025_trace-a2e8ab_b16_k8_isolated,isolated,ours,24,6,plan_comm_ms,0.194624,recorder
20260925-142559_perlmutter_effc80dd,ours_l01_s1_pv2_r2_pv3c_eps025_trace-a2e8ab_b16_k8_isolated,isolated,ours,24,7,plan_comm_ms,0.187424,recorder
20260925-142559_perlmutter_effc80dd,ours_l01_s1_pv2_r2_pv3c_eps025_trace-a2e8ab_b16_k8_isolated,isolated,ours,24,8,plan_comm_ms,0.199328,recorder
20260925-142559_perlmutter_effc80dd,ours_l01_s1_pv2_r2_pv3c_eps025_trace-a2e8ab_b16_k8_isolated,isolated,ours,24,9,plan_comm_ms,0.200608,recorder
20260925-142559_perlmutter_effc80dd,ours_l01_s1_pv2_r2_pv3c_eps025_trace-a2e8ab_b16_k8_isolated,isolated,ours,24,0,place_ms,0.002336,recorder
20260925-142559_perlmutter_effc80dd,ours_l01_s1_pv2_r2_pv3c_eps025_trace-a2e8ab_b16_k8_isolated,isolated,ours,24,1,place_ms,0.002336,recorder
20260925-142559_perlmutter_effc80dd,ours_l01_s1_pv2_r2_pv3c_eps025_trace-a2e8ab_b16_k8_isolated,isolated,ours,24,2,place_ms,0.002336,recorder
20260925-142559_perlmutter_effc80dd,ours_l01_s1_pv2_r2_pv3c_eps025_trace-a2e8ab_b16_k8_isolated,isolated,ours,24,3,place_ms,0.002368,recorder
20260925-142559_perlmutter_effc80dd,ours_l01_s1_pv2_r2_pv3c_eps025_trace-a2e8ab_b16_k8_isolated,isolated,ours,24,4,place_ms,0.0024,recorder
20260925-142559_perlmutter_effc80dd,ours_l01_s1_pv2_r2_pv3c_eps025_trace-a2e8ab_b16_k8_isolated,isolated,ours,24,5,place_ms,0.002336,recorder
20260925-142559_perlmutter_effc80dd,ours_l01_s1_pv2_r2_pv3c_eps025_trace-a2e8ab_b16_k8_isolated,isolated,ours,24,6,place_ms,0.002336,recorder
20260925-142559_perlmutter_effc80dd,ours_l01_s1_pv2_r2_pv3c_eps025_trace-a2e8ab_b16_k8_isolated,isolated,ours,24,7,place_ms,0.002368,recorder
20260925-142559_perlmutter_effc80dd,ours_l01_s1_pv2_r2_pv3c_eps025_trace-a2e8ab_b16_k8_isolated,isolated,ours,24,8,place_ms,0.002336,recorder
20260925-142559_perlmutter_effc80dd,ours_l01_s1_pv2_r2_pv3c_eps025_trace-a2e8ab_b16_k8_isolated,isolated,ours,24,9,place_ms,0.002336,recorder
20260925-142559_perlmutter_effc80dd,ours_l01_s1_pv2_r2_pv3c_eps025_trace-a2e8ab_b16_k8_isolated,isolated,ours,24,0,plan_ms,1.135232,recorder
20260925-142559_perlmutter_effc80dd,ours_l01_s1_pv2_r2_pv3c_eps025_trace-a2e8ab_b16_k8_isolated,isolated,ours,24,1,plan_ms,1.123008,recorder
20260925-142559_perlmutter_effc80dd,ours_l01_s1_pv2_r2_pv3c_eps025_trace-a2e8ab_b16_k8_isolated,isolated,ours,24,2,plan_ms,1.10656,recorder
20260925-142559_perlmutter_effc80dd,ours_l01_s1_pv2_r2_pv3c_eps025_trace-a2e8ab_b16_k8_isolated,isolated,ours,24,3,plan_ms,1.137568,recorder
20260925-142559_perlmutter_effc80dd,ours_l01_s1_pv2_r2_pv3c_eps025_trace-a2e8ab_b16_k8_isolated,isolated,ours,24,4,plan_ms,1.11136,recorder
20260925-142559_perlmutter_effc80dd,ours_l01_s1_pv2_r2_pv3c_eps025_trace-a2e8ab_b16_k8_isolated,isolated,ours,24,5,plan_ms,1.131616,recorder
20260925-142559_perlmutter_effc80dd,ours_l01_s1_pv2_r2_pv3c_eps025_trace-a2e8ab_b16_k8_isolated,isolated,ours,24,6,plan_ms,1.104608,recorder
20260925-142559_perlmutter_effc80dd,ours_l01_s1_pv2_r2_pv3c_eps025_trace-a2e8ab_b16_k8_isolated,isolated,ours,24,7,plan_ms,1.107456,recorder
20260925-142559_perlmutter_effc80dd,ours_l01_s1_pv2_r2_pv3c_eps025_trace-a2e8ab_b16_k8_isolated,isolated,ours,24,8,plan_ms,1.118752,recorder
20260925-142559_perlmutter_effc80dd,ours_l01_s1_pv2_r2_pv3c_eps025_trace-a2e8ab_b16_k8_isolated,isolated,ours,24,9,plan_ms,1.122176,recorder
20260925-142559_perlmutter_effc80dd,ours_l01_s1_pv2_r2_pv3c_eps025_trace-a2e8ab_b16_k8_isolated,isolated,ours,24,0,total_ms,15.258592,recorder
20260925-142559_perlmutter_effc80dd,ours_l01_s1_pv2_r2_pv3c_eps025_trace-a2e8ab_b16_k8_isolated,isolated,ours,24,1,total_ms,15.334848,recorder
20260925-142559_perlmutter_effc80dd,ours_l01_s1_pv2_r2_pv3c_eps025_trace-a2e8ab_b16_k8_isolated,isolated,ours,24,2,total_ms,14.760736,recorder
20260925-142559_perlmutter_effc80dd,ours_l01_s1_pv2_r2_pv3c_eps025_trace-a2e8ab_b16_k8_isolated,isolated,ours,24,3,total_ms,14.99296,recorder
20260925-142559_perlmutter_effc80dd,ours_l01_s1_pv2_r2_pv3c_eps025_trace-a2e8ab_b16_k8_isolated,isolated,ours,24,4,total_ms,15.016768,recorder
20260925-142559_perlmutter_effc80dd,ours_l01_s1_pv2_r2_pv3c_eps025_trace-a2e8ab_b16_k8_isolated,isolated,ours,24,5,total_ms,16.2304,recorder
20260925-142559_perlmutter_effc80dd,ours_l01_s1_pv2_r2_pv3c_eps025_trace-a2e8ab_b16_k8_isolated,isolated,ours,24,6,total_ms,14.815648,recorder
20260925-142559_perlmutter_effc80dd,ours_l01_s1_pv2_r2_pv3c_eps025_trace-a2e8ab_b16_k8_isolated,isolated,ours,24,7,total_ms,15.055456,recorder
20260925-142559_perlmutter_effc80dd,ours_l01_s1_pv2_r2_pv3c_eps025_trace-a2e8ab_b16_k8_isolated,isolated,ours,24,8,total_ms,15.294976,recorder
20260925-142559_perlmutter_effc80dd,ours_l01_s1_pv2_r2_pv3c_eps025_trace-a2e8ab_b16_k8_isolated,isolated,ours,24,9,total_ms,15.298432,recorder
20260925-142559_perlmutter_effc80dd,ours_l01_s1_pv2_r2_pv3c_eps025_trace-a2e8ab_b16_k8_isolated,isolated,ours,24,0,iso_sync_ms,12.140912,recorder
20260925-142559_perlmutter_effc80dd,ours_l01_s1_pv2_r2_pv3c_eps025_trace-a2e8ab_b16_k8_isolated,isolated,ours,24,1,iso_sync_ms,12.321943,recorder
20260925-142559_perlmutter_effc80dd,ours_l01_s1_pv2_r2_pv3c_eps025_trace-a2e8ab_b16_k8_isolated,isolated,ours,24,2,iso_sync_ms,12.301873,recorder
20260925-142559_perlmutter_effc80dd,ours_l01_s1_pv2_r2_pv3c_eps025_trace-a2e8ab_b16_k8_isolated,isolated,ours,24,3,iso_sync_ms,13.411227,recorder
20260925-142559_perlmutter_effc80dd,ours_l01_s1_pv2_r2_pv3c_eps025_trace-a2e8ab_b16_k8_isolated,isolated,ours,24,4,iso_sync_ms,12.092468,recorder
20260925-142559_perlmutter_effc80dd,ours_l01_s1_pv2_r2_pv3c_eps025_trace-a2e8ab_b16_k8_isolated,isolated,ours,24,5,iso_sync_ms,12.267878,recorder
20260925-142559_perlmutter_effc80dd,ours_l01_s1_pv2_r2_pv3c_eps025_trace-a2e8ab_b16_k8_isolated,isolated,ours,24,6,iso_sync_ms,13.040811,recorder
20260925-142559_perlmutter_effc80dd,ours_l01_s1_pv2_r2_pv3c_eps025_trace-a2e8ab_b16_k8_isolated,isolated,ours,24,7,iso_sync_ms,12.087149,recorder
20260925-142559_perlmutter_effc80dd,ours_l01_s1_pv2_r2_pv3c_eps025_trace-a2e8ab_b16_k8_isolated,isolated,ours,24,8,iso_sync_ms,12.621892,recorder
20260925-142559_perlmutter_effc80dd,ours_l01_s1_pv2_r2_pv3c_eps025_trace-a2e8ab_b16_k8_isolated,isolated,ours,24,9,iso_sync_ms,13.030761,recorder
20260925-142559_perlmutter_effc80dd,ours_l01_s1_pv2_r2_pv3c_eps025_trace-a2e8ab_b16_k8_isolated,isolated,ours,24,0,l0_enq_ms,0.720972,recorder
20260925-142559_perlmutter_effc80dd,ours_l01_s1_pv2_r2_pv3c_eps025_trace-a2e8ab_b16_k8_isolated,isolated,ours,24,1,l0_enq_ms,0.724239,recorder
20260925-142559_perlmutter_effc80dd,ours_l01_s1_pv2_r2_pv3c_eps025_trace-a2e8ab_b16_k8_isolated,isolated,ours,24,2,l0_enq_ms,0.661348,recorder
20260925-142559_perlmutter_effc80dd,ours_l01_s1_pv2_r2_pv3c_eps025_trace-a2e8ab_b16_k8_isolated,isolated,ours,24,3,l0_enq_ms,0.753596,recorder
20260925-142559_perlmutter_effc80dd,ours_l01_s1_pv2_r2_pv3c_eps025_trace-a2e8ab_b16_k8_isolated,isolated,ours,24,4,l0_enq_ms,0.67304,recorder
20260925-142559_perlmutter_effc80dd,ours_l01_s1_pv2_r2_pv3c_eps025_trace-a2e8ab_b16_k8_isolated,isolated,ours,24,5,l0_enq_ms,0.682649,recorder
20260925-142559_perlmutter_effc80dd,ours_l01_s1_pv2_r2_pv3c_eps025_trace-a2e8ab_b16_k8_isolated,isolated,ours,24,6,l0_enq_ms,0.705563,recorder
20260925-142559_perlmutter_effc80dd,ours_l01_s1_pv2_r2_pv3c_eps025_trace-a2e8ab_b16_k8_isolated,isolated,ours,24,7,l0_enq_ms,0.667099,recorder
20260925-142559_perlmutter_effc80dd,ours_l01_s1_pv2_r2_pv3c_eps025_trace-a2e8ab_b16_k8_isolated,isolated,ours,24,8,l0_enq_ms,0.680144,recorder
20260925-142559_perlmutter_effc80dd,ours_l01_s1_pv2_r2_pv3c_eps025_trace-a2e8ab_b16_k8_isolated,isolated,ours,24,9,l0_enq_ms,0.673701,recorder
20260925-142559_perlmutter_effc80dd,ours_l01_s1_pv2_r2_pv3c_eps025_trace-a2e8ab_b16_k8_isolated,isolated,ours,24,0,l1_enq_ms,0.523672,recorder
20260925-142559_perlmutter_effc80dd,ours_l01_s1_pv2_r2_pv3c_eps025_trace-a2e8ab_b16_k8_isolated,isolated,ours,24,1,l1_enq_ms,0.530615,recorder
20260925-142559_perlmutter_effc80dd,ours_l01_s1_pv2_r2_pv3c_eps025_trace-a2e8ab_b16_k8_isolated,isolated,ours,24,2,l1_enq_ms,0.508973,recorder
20260925-142559_perlmutter_effc80dd,ours_l01_s1_pv2_r2_pv3c_eps025_trace-a2e8ab_b16_k8_isolated,isolated,ours,24,3,l1_enq_ms,0.515836,recorder
20260925-142559_perlmutter_effc80dd,ours_l01_s1_pv2_r2_pv3c_eps025_trace-a2e8ab_b16_k8_isolated,isolated,ours,24,4,l1_enq_ms,0.539091,recorder
20260925-142559_perlmutter_effc80dd,ours_l01_s1_pv2_r2_pv3c_eps025_trace-a2e8ab_b16_k8_isolated,isolated,ours,24,5,l1_enq_ms,0.509264,recorder
20260925-142559_perlmutter_effc80dd,ours_l01_s1_pv2_r2_pv3c_eps025_trace-a2e8ab_b16_k8_isolated,isolated,ours,24,6,l1_enq_ms,0.504775,recorder
20260925-142559_perlmutter_effc80dd,ours_l01_s1_pv2_r2_pv3c_eps025_trace-a2e8ab_b16_k8_isolated,isolated,ours,24,7,l1_enq_ms,0.552066,recorder
20260925-142559_perlmutter_effc80dd,ours_l01_s1_pv2_r2_pv3c_eps025_trace-a2e8ab_b16_k8_isolated,isolated,ours,24,8,l1_enq_ms,0.458576,recorder
20260925-142559_perlmutter_effc80dd,ours_l01_s1_pv2_r2_pv3c_eps025_trace-a2e8ab_b16_k8_isolated,isolated,ours,24,9,l1_enq_ms,0.475038,recorder
20260925-142559_perlmutter_effc80dd,ours_l01_s1_pv2_r2_pv3c_eps025_trace-a2e8ab_b16_k8_isolated,isolated,ours,25,0,e2e_ms,13.460832,recorder
20260925-142559_perlmutter_effc80dd,ours_l01_s1_pv2_r2_pv3c_eps025_trace-a2e8ab_b16_k8_isolated,isolated,ours,25,1,e2e_ms,13.732608,recorder
20260925-142559_perlmutter_effc80dd,ours_l01_s1_pv2_r2_pv3c_eps025_trace-a2e8ab_b16_k8_isolated,isolated,ours,25,2,e2e_ms,13.0408,recorder
20260925-142559_perlmutter_effc80dd,ours_l01_s1_pv2_r2_pv3c_eps025_trace-a2e8ab_b16_k8_isolated,isolated,ours,25,3,e2e_ms,13.6072,recorder
20260925-142559_perlmutter_effc80dd,ours_l01_s1_pv2_r2_pv3c_eps025_trace-a2e8ab_b16_k8_isolated,isolated,ours,25,4,e2e_ms,13.678496,recorder
20260925-142559_perlmutter_effc80dd,ours_l01_s1_pv2_r2_pv3c_eps025_trace-a2e8ab_b16_k8_isolated,isolated,ours,25,5,e2e_ms,14.42304,recorder
20260925-142559_perlmutter_effc80dd,ours_l01_s1_pv2_r2_pv3c_eps025_trace-a2e8ab_b16_k8_isolated,isolated,ours,25,6,e2e_ms,13.49504,recorder
20260925-142559_perlmutter_effc80dd,ours_l01_s1_pv2_r2_pv3c_eps025_trace-a2e8ab_b16_k8_isolated,isolated,ours,25,7,e2e_ms,13.732,recorder
20260925-142559_perlmutter_effc80dd,ours_l01_s1_pv2_r2_pv3c_eps025_trace-a2e8ab_b16_k8_isolated,isolated,ours,25,8,e2e_ms,13.959232,recorder
20260925-142559_perlmutter_effc80dd,ours_l01_s1_pv2_r2_pv3c_eps025_trace-a2e8ab_b16_k8_isolated,isolated,ours,25,9,e2e_ms,13.965056,recorder
20260925-142559_perlmutter_effc80dd,ours_l01_s1_pv2_r2_pv3c_eps025_trace-a2e8ab_b16_k8_isolated,isolated,ours,25,0,l0_ms,6.856768,recorder
20260925-142559_perlmutter_effc80dd,ours_l01_s1_pv2_r2_pv3c_eps025_trace-a2e8ab_b16_k8_isolated,isolated,ours,25,1,l0_ms,6.701184,recorder
20260925-142559_perlmutter_effc80dd,ours_l01_s1_pv2_r2_pv3c_eps025_trace-a2e8ab_b16_k8_isolated,isolated,ours,25,2,l0_ms,6.437216,recorder
20260925-142559_perlmutter_effc80dd,ours_l01_s1_pv2_r2_pv3c_eps025_trace-a2e8ab_b16_k8_isolated,isolated,ours,25,3,l0_ms,6.381984,recorder
20260925-142559_perlmutter_effc80dd,ours_l01_s1_pv2_r2_pv3c_eps025_trace-a2e8ab_b16_k8_isolated,isolated,ours,25,4,l0_ms,6.717984,recorder
20260925-142559_perlmutter_effc80dd,ours_l01_s1_pv2_r2_pv3c_eps025_trace-a2e8ab_b16_k8_isolated,isolated,ours,25,5,l0_ms,6.990688,recorder
20260925-142559_perlmutter_effc80dd,ours_l01_s1_pv2_r2_pv3c_eps025_trace-a2e8ab_b16_k8_isolated,isolated,ours,25,6,l0_ms,6.594976,recorder
20260925-142559_perlmutter_effc80dd,ours_l01_s1_pv2_r2_pv3c_eps025_trace-a2e8ab_b16_k8_isolated,isolated,ours,25,7,l0_ms,6.761248,recorder
20260925-142559_perlmutter_effc80dd,ours_l01_s1_pv2_r2_pv3c_eps025_trace-a2e8ab_b16_k8_isolated,isolated,ours,25,8,l0_ms,6.728224,recorder
20260925-142559_perlmutter_effc80dd,ours_l01_s1_pv2_r2_pv3c_eps025_trace-a2e8ab_b16_k8_isolated,isolated,ours,25,9,l0_ms,6.492704,recorder
20260925-142559_perlmutter_effc80dd,ours_l01_s1_pv2_r2_pv3c_eps025_trace-a2e8ab_b16_k8_isolated,isolated,ours,25,0,act_ms,0.056096,recorder
20260925-142559_perlmutter_effc80dd,ours_l01_s1_pv2_r2_pv3c_eps025_trace-a2e8ab_b16_k8_isolated,isolated,ours,25,1,act_ms,0.053888,recorder
20260925-142559_perlmutter_effc80dd,ours_l01_s1_pv2_r2_pv3c_eps025_trace-a2e8ab_b16_k8_isolated,isolated,ours,25,2,act_ms,0.050496,recorder
20260925-142559_perlmutter_effc80dd,ours_l01_s1_pv2_r2_pv3c_eps025_trace-a2e8ab_b16_k8_isolated,isolated,ours,25,3,act_ms,0.051552,recorder
20260925-142559_perlmutter_effc80dd,ours_l01_s1_pv2_r2_pv3c_eps025_trace-a2e8ab_b16_k8_isolated,isolated,ours,25,4,act_ms,0.052416,recorder
20260925-142559_perlmutter_effc80dd,ours_l01_s1_pv2_r2_pv3c_eps025_trace-a2e8ab_b16_k8_isolated,isolated,ours,25,5,act_ms,0.056928,recorder
20260925-142559_perlmutter_effc80dd,ours_l01_s1_pv2_r2_pv3c_eps025_trace-a2e8ab_b16_k8_isolated,isolated,ours,25,6,act_ms,0.052064,recorder
20260925-142559_perlmutter_effc80dd,ours_l01_s1_pv2_r2_pv3c_eps025_trace-a2e8ab_b16_k8_isolated,isolated,ours,25,7,act_ms,0.050144,recorder
20260925-142559_perlmutter_effc80dd,ours_l01_s1_pv2_r2_pv3c_eps025_trace-a2e8ab_b16_k8_isolated,isolated,ours,25,8,act_ms,0.059872,recorder
20260925-142559_perlmutter_effc80dd,ours_l01_s1_pv2_r2_pv3c_eps025_trace-a2e8ab_b16_k8_isolated,isolated,ours,25,9,act_ms,0.05392,recorder
20260925-142559_perlmutter_effc80dd,ours_l01_s1_pv2_r2_pv3c_eps025_trace-a2e8ab_b16_k8_isolated,isolated,ours,25,0,l1_ms,6.547968,recorder
20260925-142559_perlmutter_effc80dd,ours_l01_s1_pv2_r2_pv3c_eps025_trace-a2e8ab_b16_k8_isolated,isolated,ours,25,1,l1_ms,6.977536,recorder
20260925-142559_perlmutter_effc80dd,ours_l01_s1_pv2_r2_pv3c_eps025_trace-a2e8ab_b16_k8_isolated,isolated,ours,25,2,l1_ms,6.553088,recorder
20260925-142559_perlmutter_effc80dd,ours_l01_s1_pv2_r2_pv3c_eps025_trace-a2e8ab_b16_k8_isolated,isolated,ours,25,3,l1_ms,7.173664,recorder
20260925-142559_perlmutter_effc80dd,ours_l01_s1_pv2_r2_pv3c_eps025_trace-a2e8ab_b16_k8_isolated,isolated,ours,25,4,l1_ms,6.908096,recorder
20260925-142559_perlmutter_effc80dd,ours_l01_s1_pv2_r2_pv3c_eps025_trace-a2e8ab_b16_k8_isolated,isolated,ours,25,5,l1_ms,7.375424,recorder
20260925-142559_perlmutter_effc80dd,ours_l01_s1_pv2_r2_pv3c_eps025_trace-a2e8ab_b16_k8_isolated,isolated,ours,25,6,l1_ms,6.848,recorder
20260925-142559_perlmutter_effc80dd,ours_l01_s1_pv2_r2_pv3c_eps025_trace-a2e8ab_b16_k8_isolated,isolated,ours,25,7,l1_ms,6.920608,recorder
20260925-142559_perlmutter_effc80dd,ours_l01_s1_pv2_r2_pv3c_eps025_trace-a2e8ab_b16_k8_isolated,isolated,ours,25,8,l1_ms,7.171136,recorder
20260925-142559_perlmutter_effc80dd,ours_l01_s1_pv2_r2_pv3c_eps025_trace-a2e8ab_b16_k8_isolated,isolated,ours,25,9,l1_ms,7.418432,recorder
20260925-142559_perlmutter_effc80dd,ours_l01_s1_pv2_r2_pv3c_eps025_trace-a2e8ab_b16_k8_isolated,isolated,ours,25,0,plan_comm_ms,0.641696,recorder
20260925-142559_perlmutter_effc80dd,ours_l01_s1_pv2_r2_pv3c_eps025_trace-a2e8ab_b16_k8_isolated,isolated,ours,25,1,plan_comm_ms,0.45664,recorder
20260925-142559_perlmutter_effc80dd,ours_l01_s1_pv2_r2_pv3c_eps025_trace-a2e8ab_b16_k8_isolated,isolated,ours,25,2,plan_comm_ms,0.588544,recorder
20260925-142559_perlmutter_effc80dd,ours_l01_s1_pv2_r2_pv3c_eps025_trace-a2e8ab_b16_k8_isolated,isolated,ours,25,3,plan_comm_ms,0.418592,recorder
20260925-142559_perlmutter_effc80dd,ours_l01_s1_pv2_r2_pv3c_eps025_trace-a2e8ab_b16_k8_isolated,isolated,ours,25,4,plan_comm_ms,0.205696,recorder
20260925-142559_perlmutter_effc80dd,ours_l01_s1_pv2_r2_pv3c_eps025_trace-a2e8ab_b16_k8_isolated,isolated,ours,25,5,plan_comm_ms,0.66144,recorder
20260925-142559_perlmutter_effc80dd,ours_l01_s1_pv2_r2_pv3c_eps025_trace-a2e8ab_b16_k8_isolated,isolated,ours,25,6,plan_comm_ms,0.192864,recorder
20260925-142559_perlmutter_effc80dd,ours_l01_s1_pv2_r2_pv3c_eps025_trace-a2e8ab_b16_k8_isolated,isolated,ours,25,7,plan_comm_ms,0.190752,recorder
20260925-142559_perlmutter_effc80dd,ours_l01_s1_pv2_r2_pv3c_eps025_trace-a2e8ab_b16_k8_isolated,isolated,ours,25,8,plan_comm_ms,0.195648,recorder
20260925-142559_perlmutter_effc80dd,ours_l01_s1_pv2_r2_pv3c_eps025_trace-a2e8ab_b16_k8_isolated,isolated,ours,25,9,plan_comm_ms,0.20512,recorder
20260925-142559_perlmutter_effc80dd,ours_l01_s1_pv2_r2_pv3c_eps025_trace-a2e8ab_b16_k8_isolated,isolated,ours,25,0,place_ms,0.002304,recorder
20260925-142559_perlmutter_effc80dd,ours_l01_s1_pv2_r2_pv3c_eps025_trace-a2e8ab_b16_k8_isolated,isolated,ours,25,1,place_ms,0.002336,recorder
20260925-142559_perlmutter_effc80dd,ours_l01_s1_pv2_r2_pv3c_eps025_trace-a2e8ab_b16_k8_isolated,isolated,ours,25,2,place_ms,0.002304,recorder
20260925-142559_perlmutter_effc80dd,ours_l01_s1_pv2_r2_pv3c_eps025_trace-a2e8ab_b16_k8_isolated,isolated,ours,25,3,place_ms,0.002336,recorder
20260925-142559_perlmutter_effc80dd,ours_l01_s1_pv2_r2_pv3c_eps025_trace-a2e8ab_b16_k8_isolated,isolated,ours,25,4,place_ms,0.002304,recorder
20260925-142559_perlmutter_effc80dd,ours_l01_s1_pv2_r2_pv3c_eps025_trace-a2e8ab_b16_k8_isolated,isolated,ours,25,5,place_ms,0.002336,recorder
20260925-142559_perlmutter_effc80dd,ours_l01_s1_pv2_r2_pv3c_eps025_trace-a2e8ab_b16_k8_isolated,isolated,ours,25,6,place_ms,0.002304,recorder
20260925-142559_perlmutter_effc80dd,ours_l01_s1_pv2_r2_pv3c_eps025_trace-a2e8ab_b16_k8_isolated,isolated,ours,25,7,place_ms,0.002304,recorder
20260925-142559_perlmutter_effc80dd,ours_l01_s1_pv2_r2_pv3c_eps025_trace-a2e8ab_b16_k8_isolated,isolated,ours,25,8,place_ms,0.002304,recorder
20260925-142559_perlmutter_effc80dd,ours_l01_s1_pv2_r2_pv3c_eps025_trace-a2e8ab_b16_k8_isolated,isolated,ours,25,9,place_ms,0.002656,recorder
20260925-142559_perlmutter_effc80dd,ours_l01_s1_pv2_r2_pv3c_eps025_trace-a2e8ab_b16_k8_isolated,isolated,ours,25,0,plan_ms,1.150496,recorder
20260925-142559_perlmutter_effc80dd,ours_l01_s1_pv2_r2_pv3c_eps025_trace-a2e8ab_b16_k8_isolated,isolated,ours,25,1,plan_ms,1.137472,recorder
20260925-142559_perlmutter_effc80dd,ours_l01_s1_pv2_r2_pv3c_eps025_trace-a2e8ab_b16_k8_isolated,isolated,ours,25,2,plan_ms,1.12784,recorder
20260925-142559_perlmutter_effc80dd,ours_l01_s1_pv2_r2_pv3c_eps025_trace-a2e8ab_b16_k8_isolated,isolated,ours,25,3,plan_ms,1.148992,recorder
20260925-142559_perlmutter_effc80dd,ours_l01_s1_pv2_r2_pv3c_eps025_trace-a2e8ab_b16_k8_isolated,isolated,ours,25,4,plan_ms,1.12976,recorder
20260925-142559_perlmutter_effc80dd,ours_l01_s1_pv2_r2_pv3c_eps025_trace-a2e8ab_b16_k8_isolated,isolated,ours,25,5,plan_ms,1.141824,recorder
20260925-142559_perlmutter_effc80dd,ours_l01_s1_pv2_r2_pv3c_eps025_trace-a2e8ab_b16_k8_isolated,isolated,ours,25,6,plan_ms,1.120096,recorder
20260925-142559_perlmutter_effc80dd,ours_l01_s1_pv2_r2_pv3c_eps025_trace-a2e8ab_b16_k8_isolated,isolated,ours,25,7,plan_ms,1.122816,recorder
20260925-142559_perlmutter_effc80dd,ours_l01_s1_pv2_r2_pv3c_eps025_trace-a2e8ab_b16_k8_isolated,isolated,ours,25,8,plan_ms,1.1328,recorder
20260925-142559_perlmutter_effc80dd,ours_l01_s1_pv2_r2_pv3c_eps025_trace-a2e8ab_b16_k8_isolated,isolated,ours,25,9,plan_ms,1.12992,recorder
20260925-142559_perlmutter_effc80dd,ours_l01_s1_pv2_r2_pv3c_eps025_trace-a2e8ab_b16_k8_isolated,isolated,ours,25,0,total_ms,15.264608,recorder
20260925-142559_perlmutter_effc80dd,ours_l01_s1_pv2_r2_pv3c_eps025_trace-a2e8ab_b16_k8_isolated,isolated,ours,25,1,total_ms,15.337984,recorder
20260925-142559_perlmutter_effc80dd,ours_l01_s1_pv2_r2_pv3c_eps025_trace-a2e8ab_b16_k8_isolated,isolated,ours,25,2,total_ms,14.76912,recorder
20260925-142559_perlmutter_effc80dd,ours_l01_s1_pv2_r2_pv3c_eps025_trace-a2e8ab_b16_k8_isolated,isolated,ours,25,3,total_ms,15.186208,recorder
20260925-142559_perlmutter_effc80dd,ours_l01_s1_pv2_r2_pv3c_eps025_trace-a2e8ab_b16_k8_isolated,isolated,ours,25,4,total_ms,15.025696,recorder
20260925-142559_perlmutter_effc80dd,ours_l01_s1_pv2_r2_pv3c_eps025_trace-a2e8ab_b16_k8_isolated,isolated,ours,25,5,total_ms,16.237951,recorder
20260925-142559_perlmutter_effc80dd,ours_l01_s1_pv2_r2_pv3c_eps025_trace-a2e8ab_b16_k8_isolated,isolated,ours,25,6,total_ms,14.81904,recorder
20260925-142559_perlmutter_effc80dd,ours_l01_s1_pv2_r2_pv3c_eps025_trace-a2e8ab_b16_k8_isolated,isolated,ours,25,7,total_ms,15.057184,recorder
20260925-142559_perlmutter_effc80dd,ours_l01_s1_pv2_r2_pv3c_eps025_trace-a2e8ab_b16_k8_isolated,isolated,ours,25,8,total_ms,15.298848,recorder
20260925-142559_perlmutter_effc80dd,ours_l01_s1_pv2_r2_pv3c_eps025_trace-a2e8ab_b16_k8_isolated,isolated,ours,25,9,total_ms,15.31232,recorder
20260925-142559_perlmutter_effc80dd,ours_l01_s1_pv2_r2_pv3c_eps025_trace-a2e8ab_b16_k8_isolated,isolated,ours,25,0,iso_sync_ms,12.194055,recorder
20260925-142559_perlmutter_effc80dd,ours_l01_s1_pv2_r2_pv3c_eps025_trace-a2e8ab_b16_k8_isolated,isolated,ours,25,1,iso_sync_ms,12.340919,recorder
20260925-142559_perlmutter_effc80dd,ours_l01_s1_pv2_r2_pv3c_eps025_trace-a2e8ab_b16_k8_isolated,isolated,ours,25,2,iso_sync_ms,12.350417,recorder
20260925-142559_perlmutter_effc80dd,ours_l01_s1_pv2_r2_pv3c_eps025_trace-a2e8ab_b16_k8_isolated,isolated,ours,25,3,iso_sync_ms,13.392992,recorder
20260925-142559_perlmutter_effc80dd,ours_l01_s1_pv2_r2_pv3c_eps025_trace-a2e8ab_b16_k8_isolated,isolated,ours,25,4,iso_sync_ms,12.192251,recorder
20260925-142559_perlmutter_effc80dd,ours_l01_s1_pv2_r2_pv3c_eps025_trace-a2e8ab_b16_k8_isolated,isolated,ours,25,5,iso_sync_ms,12.306342,recorder
20260925-142559_perlmutter_effc80dd,ours_l01_s1_pv2_r2_pv3c_eps025_trace-a2e8ab_b16_k8_isolated,isolated,ours,25,6,iso_sync_ms,13.070538,recorder
20260925-142559_perlmutter_effc80dd,ours_l01_s1_pv2_r2_pv3c_eps025_trace-a2e8ab_b16_k8_isolated,isolated,ours,25,7,iso_sync_ms,12.094543,recorder
20260925-142559_perlmutter_effc80dd,ours_l01_s1_pv2_r2_pv3c_eps025_trace-a2e8ab_b16_k8_isolated,isolated,ours,25,8,iso_sync_ms,12.683401,recorder
20260925-142559_perlmutter_effc80dd,ours_l01_s1_pv2_r2_pv3c_eps025_trace-a2e8ab_b16_k8_isolated,isolated,ours,25,9,iso_sync_ms,13.022346,recorder
20260925-142559_perlmutter_effc80dd,ours_l01_s1_pv2_r2_pv3c_eps025_trace-a2e8ab_b16_k8_isolated,isolated,ours,25,0,l0_enq_ms,0.704891,recorder
20260925-142559_perlmutter_effc80dd,ours_l01_s1_pv2_r2_pv3c_eps025_trace-a2e8ab_b16_k8_isolated,isolated,ours,25,1,l0_enq_ms,0.699291,recorder
20260925-142559_perlmutter_effc80dd,ours_l01_s1_pv2_r2_pv3c_eps025_trace-a2e8ab_b16_k8_isolated,isolated,ours,25,2,l0_enq_ms,0.68859,recorder
20260925-142559_perlmutter_effc80dd,ours_l01_s1_pv2_r2_pv3c_eps025_trace-a2e8ab_b16_k8_isolated,isolated,ours,25,3,l0_enq_ms,0.721504,recorder
20260925-142559_perlmutter_effc80dd,ours_l01_s1_pv2_r2_pv3c_eps025_trace-a2e8ab_b16_k8_isolated,isolated,ours,25,4,l0_enq_ms,0.652991,recorder
20260925-142559_perlmutter_effc80dd,ours_l01_s1_pv2_r2_pv3c_eps025_trace-a2e8ab_b16_k8_isolated,isolated,ours,25,5,l0_enq_ms,0.650837,recorder
20260925-142559_perlmutter_effc80dd,ours_l01_s1_pv2_r2_pv3c_eps025_trace-a2e8ab_b16_k8_isolated,isolated,ours,25,6,l0_enq_ms,0.716634,recorder
20260925-142559_perlmutter_effc80dd,ours_l01_s1_pv2_r2_pv3c_eps025_trace-a2e8ab_b16_k8_isolated,isolated,ours,25,7,l0_enq_ms,0.671687,recorder
20260925-142559_perlmutter_effc80dd,ours_l01_s1_pv2_r2_pv3c_eps025_trace-a2e8ab_b16_k8_isolated,isolated,ours,25,8,l0_enq_ms,0.679632,recorder
20260925-142559_perlmutter_effc80dd,ours_l01_s1_pv2_r2_pv3c_eps025_trace-a2e8ab_b16_k8_isolated,isolated,ours,25,9,l0_enq_ms,0.685224,recorder
20260925-142559_perlmutter_effc80dd,ours_l01_s1_pv2_r2_pv3c_eps025_trace-a2e8ab_b16_k8_isolated,isolated,ours,25,0,l1_enq_ms,0.525385,recorder
20260925-142559_perlmutter_effc80dd,ours_l01_s1_pv2_r2_pv3c_eps025_trace-a2e8ab_b16_k8_isolated,isolated,ours,25,1,l1_enq_ms,0.510577,recorder
20260925-142559_perlmutter_effc80dd,ours_l01_s1_pv2_r2_pv3c_eps025_trace-a2e8ab_b16_k8_isolated,isolated,ours,25,2,l1_enq_ms,0.515125,recorder
20260925-142559_perlmutter_effc80dd,ours_l01_s1_pv2_r2_pv3c_eps025_trace-a2e8ab_b16_k8_isolated,isolated,ours,25,3,l1_enq_ms,0.511719,recorder
20260925-142559_perlmutter_effc80dd,ours_l01_s1_pv2_r2_pv3c_eps025_trace-a2e8ab_b16_k8_isolated,isolated,ours,25,4,l1_enq_ms,0.52287,recorder
20260925-142559_perlmutter_effc80dd,ours_l01_s1_pv2_r2_pv3c_eps025_trace-a2e8ab_b16_k8_isolated,isolated,ours,25,5,l1_enq_ms,0.522629,recorder
20260925-142559_perlmutter_effc80dd,ours_l01_s1_pv2_r2_pv3c_eps025_trace-a2e8ab_b16_k8_isolated,isolated,ours,25,6,l1_enq_ms,0.50192,recorder
20260925-142559_perlmutter_effc80dd,ours_l01_s1_pv2_r2_pv3c_eps025_trace-a2e8ab_b16_k8_isolated,isolated,ours,25,7,l1_enq_ms,0.507731,recorder
20260925-142559_perlmutter_effc80dd,ours_l01_s1_pv2_r2_pv3c_eps025_trace-a2e8ab_b16_k8_isolated,isolated,ours,25,8,l1_enq_ms,0.46107,recorder
20260925-142559_perlmutter_effc80dd,ours_l01_s1_pv2_r2_pv3c_eps025_trace-a2e8ab_b16_k8_isolated,isolated,ours,25,9,l1_enq_ms,0.463154,recorder
20260925-142559_perlmutter_effc80dd,ours_l01_s1_pv2_r2_pv3c_eps025_trace-a2e8ab_b16_k8_isolated,isolated,ours,26,0,e2e_ms,13.451424,recorder
20260925-142559_perlmutter_effc80dd,ours_l01_s1_pv2_r2_pv3c_eps025_trace-a2e8ab_b16_k8_isolated,isolated,ours,26,1,e2e_ms,13.735488,recorder
20260925-142559_perlmutter_effc80dd,ours_l01_s1_pv2_r2_pv3c_eps025_trace-a2e8ab_b16_k8_isolated,isolated,ours,26,2,e2e_ms,13.069152,recorder
20260925-142559_perlmutter_effc80dd,ours_l01_s1_pv2_r2_pv3c_eps025_trace-a2e8ab_b16_k8_isolated,isolated,ours,26,3,e2e_ms,13.598784,recorder
20260925-142559_perlmutter_effc80dd,ours_l01_s1_pv2_r2_pv3c_eps025_trace-a2e8ab_b16_k8_isolated,isolated,ours,26,4,e2e_ms,13.667584,recorder
20260925-142559_perlmutter_effc80dd,ours_l01_s1_pv2_r2_pv3c_eps025_trace-a2e8ab_b16_k8_isolated,isolated,ours,26,5,e2e_ms,14.40752,recorder
20260925-142559_perlmutter_effc80dd,ours_l01_s1_pv2_r2_pv3c_eps025_trace-a2e8ab_b16_k8_isolated,isolated,ours,26,6,e2e_ms,13.489088,recorder
20260925-142559_perlmutter_effc80dd,ours_l01_s1_pv2_r2_pv3c_eps025_trace-a2e8ab_b16_k8_isolated,isolated,ours,26,7,e2e_ms,13.731744,recorder
20260925-142559_perlmutter_effc80dd,ours_l01_s1_pv2_r2_pv3c_eps025_trace-a2e8ab_b16_k8_isolated,isolated,ours,26,8,e2e_ms,13.94864,recorder
20260925-142559_perlmutter_effc80dd,ours_l01_s1_pv2_r2_pv3c_eps025_trace-a2e8ab_b16_k8_isolated,isolated,ours,26,9,e2e_ms,13.938432,recorder
20260925-142559_perlmutter_effc80dd,ours_l01_s1_pv2_r2_pv3c_eps025_trace-a2e8ab_b16_k8_isolated,isolated,ours,26,0,l0_ms,6.85104,recorder
20260925-142559_perlmutter_effc80dd,ours_l01_s1_pv2_r2_pv3c_eps025_trace-a2e8ab_b16_k8_isolated,isolated,ours,26,1,l0_ms,6.700256,recorder
20260925-142559_perlmutter_effc80dd,ours_l01_s1_pv2_r2_pv3c_eps025_trace-a2e8ab_b16_k8_isolated,isolated,ours,26,2,l0_ms,6.438272,recorder
20260925-142559_perlmutter_effc80dd,ours_l01_s1_pv2_r2_pv3c_eps025_trace-a2e8ab_b16_k8_isolated,isolated,ours,26,3,l0_ms,6.37232,recorder
20260925-142559_perlmutter_effc80dd,ours_l01_s1_pv2_r2_pv3c_eps025_trace-a2e8ab_b16_k8_isolated,isolated,ours,26,4,l0_ms,6.715936,recorder
20260925-142559_perlmutter_effc80dd,ours_l01_s1_pv2_r2_pv3c_eps025_trace-a2e8ab_b16_k8_isolated,isolated,ours,26,5,l0_ms,6.971968,recorder
20260925-142559_perlmutter_effc80dd,ours_l01_s1_pv2_r2_pv3c_eps025_trace-a2e8ab_b16_k8_isolated,isolated,ours,26,6,l0_ms,6.5832,recorder
20260925-142559_perlmutter_effc80dd,ours_l01_s1_pv2_r2_pv3c_eps025_trace-a2e8ab_b16_k8_isolated,isolated,ours,26,7,l0_ms,6.756704,recorder
20260925-142559_perlmutter_effc80dd,ours_l01_s1_pv2_r2_pv3c_eps025_trace-a2e8ab_b16_k8_isolated,isolated,ours,26,8,l0_ms,6.7136,recorder
20260925-142559_perlmutter_effc80dd,ours_l01_s1_pv2_r2_pv3c_eps025_trace-a2e8ab_b16_k8_isolated,isolated,ours,26,9,l0_ms,6.474816,recorder
20260925-142559_perlmutter_effc80dd,ours_l01_s1_pv2_r2_pv3c_eps025_trace-a2e8ab_b16_k8_isolated,isolated,ours,26,0,act_ms,0.04704,recorder
20260925-142559_perlmutter_effc80dd,ours_l01_s1_pv2_r2_pv3c_eps025_trace-a2e8ab_b16_k8_isolated,isolated,ours,26,1,act_ms,0.049696,recorder
20260925-142559_perlmutter_effc80dd,ours_l01_s1_pv2_r2_pv3c_eps025_trace-a2e8ab_b16_k8_isolated,isolated,ours,26,2,act_ms,0.047104,recorder
20260925-142559_perlmutter_effc80dd,ours_l01_s1_pv2_r2_pv3c_eps025_trace-a2e8ab_b16_k8_isolated,isolated,ours,26,3,act_ms,0.051232,recorder
20260925-142559_perlmutter_effc80dd,ours_l01_s1_pv2_r2_pv3c_eps025_trace-a2e8ab_b16_k8_isolated,isolated,ours,26,4,act_ms,0.044128,recorder
20260925-142559_perlmutter_effc80dd,ours_l01_s1_pv2_r2_pv3c_eps025_trace-a2e8ab_b16_k8_isolated,isolated,ours,26,5,act_ms,0.04848,recorder
20260925-142559_perlmutter_effc80dd,ours_l01_s1_pv2_r2_pv3c_eps025_trace-a2e8ab_b16_k8_isolated,isolated,ours,26,6,act_ms,0.043712,recorder
20260925-142559_perlmutter_effc80dd,ours_l01_s1_pv2_r2_pv3c_eps025_trace-a2e8ab_b16_k8_isolated,isolated,ours,26,7,act_ms,0.047008,recorder
20260925-142559_perlmutter_effc80dd,ours_l01_s1_pv2_r2_pv3c_eps025_trace-a2e8ab_b16_k8_isolated,isolated,ours,26,8,act_ms,0.049536,recorder
20260925-142559_perlmutter_effc80dd,ours_l01_s1_pv2_r2_pv3c_eps025_trace-a2e8ab_b16_k8_isolated,isolated,ours,26,9,act_ms,0.049376,recorder
20260925-142559_perlmutter_effc80dd,ours_l01_s1_pv2_r2_pv3c_eps025_trace-a2e8ab_b16_k8_isolated,isolated,ours,26,0,l1_ms,6.553344,recorder
20260925-142559_perlmutter_effc80dd,ours_l01_s1_pv2_r2_pv3c_eps025_trace-a2e8ab_b16_k8_isolated,isolated,ours,26,1,l1_ms,6.985536,recorder
20260925-142559_perlmutter_effc80dd,ours_l01_s1_pv2_r2_pv3c_eps025_trace-a2e8ab_b16_k8_isolated,isolated,ours,26,2,l1_ms,6.583776,recorder
20260925-142559_perlmutter_effc80dd,ours_l01_s1_pv2_r2_pv3c_eps025_trace-a2e8ab_b16_k8_isolated,isolated,ours,26,3,l1_ms,7.175232,recorder
20260925-142559_perlmutter_effc80dd,ours_l01_s1_pv2_r2_pv3c_eps025_trace-a2e8ab_b16_k8_isolated,isolated,ours,26,4,l1_ms,6.90752,recorder
20260925-142559_perlmutter_effc80dd,ours_l01_s1_pv2_r2_pv3c_eps025_trace-a2e8ab_b16_k8_isolated,isolated,ours,26,5,l1_ms,7.387072,recorder
20260925-142559_perlmutter_effc80dd,ours_l01_s1_pv2_r2_pv3c_eps025_trace-a2e8ab_b16_k8_isolated,isolated,ours,26,6,l1_ms,6.862176,recorder
20260925-142559_perlmutter_effc80dd,ours_l01_s1_pv2_r2_pv3c_eps025_trace-a2e8ab_b16_k8_isolated,isolated,ours,26,7,l1_ms,6.928032,recorder
20260925-142559_perlmutter_effc80dd,ours_l01_s1_pv2_r2_pv3c_eps025_trace-a2e8ab_b16_k8_isolated,isolated,ours,26,8,l1_ms,7.185504,recorder
20260925-142559_perlmutter_effc80dd,ours_l01_s1_pv2_r2_pv3c_eps025_trace-a2e8ab_b16_k8_isolated,isolated,ours,26,9,l1_ms,7.41424,recorder
20260925-142559_perlmutter_effc80dd,ours_l01_s1_pv2_r2_pv3c_eps025_trace-a2e8ab_b16_k8_isolated,isolated,ours,26,0,plan_comm_ms,0.633984,recorder
20260925-142559_perlmutter_effc80dd,ours_l01_s1_pv2_r2_pv3c_eps025_trace-a2e8ab_b16_k8_isolated,isolated,ours,26,1,plan_comm_ms,0.44976,recorder
20260925-142559_perlmutter_effc80dd,ours_l01_s1_pv2_r2_pv3c_eps025_trace-a2e8ab_b16_k8_isolated,isolated,ours,26,2,plan_comm_ms,0.587136,recorder
20260925-142559_perlmutter_effc80dd,ours_l01_s1_pv2_r2_pv3c_eps025_trace-a2e8ab_b16_k8_isolated,isolated,ours,26,3,plan_comm_ms,0.420704,recorder
20260925-142559_perlmutter_effc80dd,ours_l01_s1_pv2_r2_pv3c_eps025_trace-a2e8ab_b16_k8_isolated,isolated,ours,26,4,plan_comm_ms,0.206976,recorder
20260925-142559_perlmutter_effc80dd,ours_l01_s1_pv2_r2_pv3c_eps025_trace-a2e8ab_b16_k8_isolated,isolated,ours,26,5,plan_comm_ms,0.671488,recorder
20260925-142559_perlmutter_effc80dd,ours_l01_s1_pv2_r2_pv3c_eps025_trace-a2e8ab_b16_k8_isolated,isolated,ours,26,6,plan_comm_ms,0.187904,recorder
20260925-142559_perlmutter_effc80dd,ours_l01_s1_pv2_r2_pv3c_eps025_trace-a2e8ab_b16_k8_isolated,isolated,ours,26,7,plan_comm_ms,0.191552,recorder
20260925-142559_perlmutter_effc80dd,ours_l01_s1_pv2_r2_pv3c_eps025_trace-a2e8ab_b16_k8_isolated,isolated,ours,26,8,plan_comm_ms,0.193984,recorder
20260925-142559_perlmutter_effc80dd,ours_l01_s1_pv2_r2_pv3c_eps025_trace-a2e8ab_b16_k8_isolated,isolated,ours,26,9,plan_comm_ms,0.20576,recorder
20260925-142559_perlmutter_effc80dd,ours_l01_s1_pv2_r2_pv3c_eps025_trace-a2e8ab_b16_k8_isolated,isolated,ours,26,0,place_ms,0.002592,recorder
20260925-142559_perlmutter_effc80dd,ours_l01_s1_pv2_r2_pv3c_eps025_trace-a2e8ab_b16_k8_isolated,isolated,ours,26,1,place_ms,0.002368,recorder
20260925-142559_perlmutter_effc80dd,ours_l01_s1_pv2_r2_pv3c_eps025_trace-a2e8ab_b16_k8_isolated,isolated,ours,26,2,place_ms,0.002432,recorder
20260925-142559_perlmutter_effc80dd,ours_l01_s1_pv2_r2_pv3c_eps025_trace-a2e8ab_b16_k8_isolated,isolated,ours,26,3,place_ms,0.002336,recorder
20260925-142559_perlmutter_effc80dd,ours_l01_s1_pv2_r2_pv3c_eps025_trace-a2e8ab_b16_k8_isolated,isolated,ours,26,4,place_ms,0.002368,recorder
20260925-142559_perlmutter_effc80dd,ours_l01_s1_pv2_r2_pv3c_eps025_trace-a2e8ab_b16_k8_isolated,isolated,ours,26,5,place_ms,0.002368,recorder
20260925-142559_perlmutter_effc80dd,ours_l01_s1_pv2_r2_pv3c_eps025_trace-a2e8ab_b16_k8_isolated,isolated,ours,26,6,place_ms,0.002368,recorder
20260925-142559_perlmutter_effc80dd,ours_l01_s1_pv2_r2_pv3c_eps025_trace-a2e8ab_b16_k8_isolated,isolated,ours,26,7,place_ms,0.0024,recorder
20260925-142559_perlmutter_effc80dd,ours_l01_s1_pv2_r2_pv3c_eps025_trace-a2e8ab_b16_k8_isolated,isolated,ours,26,8,place_ms,0.002368,recorder
20260925-142559_perlmutter_effc80dd,ours_l01_s1_pv2_r2_pv3c_eps025_trace-a2e8ab_b16_k8_isolated,isolated,ours,26,9,place_ms,0.002368,recorder
20260925-142559_perlmutter_effc80dd,ours_l01_s1_pv2_r2_pv3c_eps025_trace-a2e8ab_b16_k8_isolated,isolated,ours,26,0,plan_ms,1.160224,recorder
20260925-142559_perlmutter_effc80dd,ours_l01_s1_pv2_r2_pv3c_eps025_trace-a2e8ab_b16_k8_isolated,isolated,ours,26,1,plan_ms,1.13632,recorder
20260925-142559_perlmutter_effc80dd,ours_l01_s1_pv2_r2_pv3c_eps025_trace-a2e8ab_b16_k8_isolated,isolated,ours,26,2,plan_ms,1.121856,recorder
20260925-142559_perlmutter_effc80dd,ours_l01_s1_pv2_r2_pv3c_eps025_trace-a2e8ab_b16_k8_isolated,isolated,ours,26,3,plan_ms,1.150592,recorder
20260925-142559_perlmutter_effc80dd,ours_l01_s1_pv2_r2_pv3c_eps025_trace-a2e8ab_b16_k8_isolated,isolated,ours,26,4,plan_ms,1.135168,recorder
20260925-142559_perlmutter_effc80dd,ours_l01_s1_pv2_r2_pv3c_eps025_trace-a2e8ab_b16_k8_isolated,isolated,ours,26,5,plan_ms,1.155392,recorder
20260925-142559_perlmutter_effc80dd,ours_l01_s1_pv2_r2_pv3c_eps025_trace-a2e8ab_b16_k8_isolated,isolated,ours,26,6,plan_ms,1.13088,recorder
20260925-142559_perlmutter_effc80dd,ours_l01_s1_pv2_r2_pv3c_eps025_trace-a2e8ab_b16_k8_isolated,isolated,ours,26,7,plan_ms,1.127776,recorder
20260925-142559_perlmutter_effc80dd,ours_l01_s1_pv2_r2_pv3c_eps025_trace-a2e8ab_b16_k8_isolated,isolated,ours,26,8,plan_ms,1.142592,recorder
20260925-142559_perlmutter_effc80dd,ours_l01_s1_pv2_r2_pv3c_eps025_trace-a2e8ab_b16_k8_isolated,isolated,ours,26,9,plan_ms,1.154848,recorder
20260925-142559_perlmutter_effc80dd,ours_l01_s1_pv2_r2_pv3c_eps025_trace-a2e8ab_b16_k8_isolated,isolated,ours,26,0,total_ms,15.257888,recorder
20260925-142559_perlmutter_effc80dd,ours_l01_s1_pv2_r2_pv3c_eps025_trace-a2e8ab_b16_k8_isolated,isolated,ours,26,1,total_ms,15.333504,recorder
20260925-142559_perlmutter_effc80dd,ours_l01_s1_pv2_r2_pv3c_eps025_trace-a2e8ab_b16_k8_isolated,isolated,ours,26,2,total_ms,14.790304,recorder
20260925-142559_perlmutter_effc80dd,ours_l01_s1_pv2_r2_pv3c_eps025_trace-a2e8ab_b16_k8_isolated,isolated,ours,26,3,total_ms,15.18224,recorder
20260925-142559_perlmutter_effc80dd,ours_l01_s1_pv2_r2_pv3c_eps025_trace-a2e8ab_b16_k8_isolated,isolated,ours,26,4,total_ms,15.021536,recorder
20260925-142559_perlmutter_effc80dd,ours_l01_s1_pv2_r2_pv3c_eps025_trace-a2e8ab_b16_k8_isolated,isolated,ours,26,5,total_ms,16.246817,recorder
20260925-142559_perlmutter_effc80dd,ours_l01_s1_pv2_r2_pv3c_eps025_trace-a2e8ab_b16_k8_isolated,isolated,ours,26,6,total_ms,14.819552,recorder
20260925-142559_perlmutter_effc80dd,ours_l01_s1_pv2_r2_pv3c_eps025_trace-a2e8ab_b16_k8_isolated,isolated,ours,26,7,total_ms,15.0632,recorder
20260925-142559_perlmutter_effc80dd,ours_l01_s1_pv2_r2_pv3c_eps025_trace-a2e8ab_b16_k8_isolated,isolated,ours,26,8,total_ms,15.297024,recorder
20260925-142559_perlmutter_effc80dd,ours_l01_s1_pv2_r2_pv3c_eps025_trace-a2e8ab_b16_k8_isolated,isolated,ours,26,9,total_ms,15.311616,recorder
20260925-142559_perlmutter_effc80dd,ours_l01_s1_pv2_r2_pv3c_eps025_trace-a2e8ab_b16_k8_isolated,isolated,ours,26,0,iso_sync_ms,12.246737,recorder
20260925-142559_perlmutter_effc80dd,ours_l01_s1_pv2_r2_pv3c_eps025_trace-a2e8ab_b16_k8_isolated,isolated,ours,26,1,iso_sync_ms,12.348404,recorder
20260925-142559_perlmutter_effc80dd,ours_l01_s1_pv2_r2_pv3c_eps025_trace-a2e8ab_b16_k8_isolated,isolated,ours,26,2,iso_sync_ms,12.399111,recorder
20260925-142559_perlmutter_effc80dd,ours_l01_s1_pv2_r2_pv3c_eps025_trace-a2e8ab_b16_k8_isolated,isolated,ours,26,3,iso_sync_ms,13.380588,recorder
20260925-142559_perlmutter_effc80dd,ours_l01_s1_pv2_r2_pv3c_eps025_trace-a2e8ab_b16_k8_isolated,isolated,ours,26,4,iso_sync_ms,12.246897,recorder
20260925-142559_perlmutter_effc80dd,ours_l01_s1_pv2_r2_pv3c_eps025_trace-a2e8ab_b16_k8_isolated,isolated,ours,26,5,iso_sync_ms,12.329817,recorder
20260925-142559_perlmutter_effc80dd,ours_l01_s1_pv2_r2_pv3c_eps025_trace-a2e8ab_b16_k8_isolated,isolated,ours,26,6,iso_sync_ms,13.074827,recorder
20260925-142559_perlmutter_effc80dd,ours_l01_s1_pv2_r2_pv3c_eps025_trace-a2e8ab_b16_k8_isolated,isolated,ours,26,7,iso_sync_ms,12.153146,recorder
20260925-142559_perlmutter_effc80dd,ours_l01_s1_pv2_r2_pv3c_eps025_trace-a2e8ab_b16_k8_isolated,isolated,ours,26,8,iso_sync_ms,12.669393,recorder
20260925-142559_perlmutter_effc80dd,ours_l01_s1_pv2_r2_pv3c_eps025_trace-a2e8ab_b16_k8_isolated,isolated,ours,26,9,iso_sync_ms,13.052724,recorder
20260925-142559_perlmutter_effc80dd,ours_l01_s1_pv2_r2_pv3c_eps025_trace-a2e8ab_b16_k8_isolated,isolated,ours,26,0,l0_enq_ms,0.685525,recorder
20260925-142559_perlmutter_effc80dd,ours_l01_s1_pv2_r2_pv3c_eps025_trace-a2e8ab_b16_k8_isolated,isolated,ours,26,1,l0_enq_ms,0.677329,recorder
20260925-142559_perlmutter_effc80dd,ours_l01_s1_pv2_r2_pv3c_eps025_trace-a2e8ab_b16_k8_isolated,isolated,ours,26,2,l0_enq_ms,0.662059,recorder
20260925-142559_perlmutter_effc80dd,ours_l01_s1_pv2_r2_pv3c_eps025_trace-a2e8ab_b16_k8_isolated,isolated,ours,26,3,l0_enq_ms,0.68324,recorder
20260925-142559_perlmutter_effc80dd,ours_l01_s1_pv2_r2_pv3c_eps025_trace-a2e8ab_b16_k8_isolated,isolated,ours,26,4,l0_enq_ms,0.650266,recorder
20260925-142559_perlmutter_effc80dd,ours_l01_s1_pv2_r2_pv3c_eps025_trace-a2e8ab_b16_k8_isolated,isolated,ours,26,5,l0_enq_ms,0.654224,recorder
20260925-142559_perlmutter_effc80dd,ours_l01_s1_pv2_r2_pv3c_eps025_trace-a2e8ab_b16_k8_isolated,isolated,ours,26,6,l0_enq_ms,0.663531,recorder
20260925-142559_perlmutter_effc80dd,ours_l01_s1_pv2_r2_pv3c_eps025_trace-a2e8ab_b16_k8_isolated,isolated,ours,26,7,l0_enq_ms,0.656108,recorder
20260925-142559_perlmutter_effc80dd,ours_l01_s1_pv2_r2_pv3c_eps025_trace-a2e8ab_b16_k8_isolated,isolated,ours,26,8,l0_enq_ms,0.64728,recorder
20260925-142559_perlmutter_effc80dd,ours_l01_s1_pv2_r2_pv3c_eps025_trace-a2e8ab_b16_k8_isolated,isolated,ours,26,9,l0_enq_ms,0.665235,recorder
20260925-142559_perlmutter_effc80dd,ours_l01_s1_pv2_r2_pv3c_eps025_trace-a2e8ab_b16_k8_isolated,isolated,ours,26,0,l1_enq_ms,0.509604,recorder
20260925-142559_perlmutter_effc80dd,ours_l01_s1_pv2_r2_pv3c_eps025_trace-a2e8ab_b16_k8_isolated,isolated,ours,26,1,l1_enq_ms,0.495637,recorder
20260925-142559_perlmutter_effc80dd,ours_l01_s1_pv2_r2_pv3c_eps025_trace-a2e8ab_b16_k8_isolated,isolated,ours,26,2,l1_enq_ms,0.536837,recorder
20260925-142559_perlmutter_effc80dd,ours_l01_s1_pv2_r2_pv3c_eps025_trace-a2e8ab_b16_k8_isolated,isolated,ours,26,3,l1_enq_ms,0.493192,recorder
20260925-142559_perlmutter_effc80dd,ours_l01_s1_pv2_r2_pv3c_eps025_trace-a2e8ab_b16_k8_isolated,isolated,ours,26,4,l1_enq_ms,0.498813,recorder
20260925-142559_perlmutter_effc80dd,ours_l01_s1_pv2_r2_pv3c_eps025_trace-a2e8ab_b16_k8_isolated,isolated,ours,26,5,l1_enq_ms,0.513232,recorder
20260925-142559_perlmutter_effc80dd,ours_l01_s1_pv2_r2_pv3c_eps025_trace-a2e8ab_b16_k8_isolated,isolated,ours,26,6,l1_enq_ms,0.50739,recorder
20260925-142559_perlmutter_effc80dd,ours_l01_s1_pv2_r2_pv3c_eps025_trace-a2e8ab_b16_k8_isolated,isolated,ours,26,7,l1_enq_ms,0.516037,recorder
20260925-142559_perlmutter_effc80dd,ours_l01_s1_pv2_r2_pv3c_eps025_trace-a2e8ab_b16_k8_isolated,isolated,ours,26,8,l1_enq_ms,0.465228,recorder
20260925-142559_perlmutter_effc80dd,ours_l01_s1_pv2_r2_pv3c_eps025_trace-a2e8ab_b16_k8_isolated,isolated,ours,26,9,l1_enq_ms,0.457754,recorder
20260925-142559_perlmutter_effc80dd,ours_l01_s1_pv2_r2_pv3c_eps025_trace-a2e8ab_b16_k8_isolated,isolated,ours,27,0,e2e_ms,13.468096,recorder
20260925-142559_perlmutter_effc80dd,ours_l01_s1_pv2_r2_pv3c_eps025_trace-a2e8ab_b16_k8_isolated,isolated,ours,27,1,e2e_ms,13.731456,recorder
20260925-142559_perlmutter_effc80dd,ours_l01_s1_pv2_r2_pv3c_eps025_trace-a2e8ab_b16_k8_isolated,isolated,ours,27,2,e2e_ms,13.063168,recorder
20260925-142559_perlmutter_effc80dd,ours_l01_s1_pv2_r2_pv3c_eps025_trace-a2e8ab_b16_k8_isolated,isolated,ours,27,3,e2e_ms,13.59616,recorder
20260925-142559_perlmutter_effc80dd,ours_l01_s1_pv2_r2_pv3c_eps025_trace-a2e8ab_b16_k8_isolated,isolated,ours,27,4,e2e_ms,13.688384,recorder
20260925-142559_perlmutter_effc80dd,ours_l01_s1_pv2_r2_pv3c_eps025_trace-a2e8ab_b16_k8_isolated,isolated,ours,27,5,e2e_ms,14.42032,recorder
20260925-142559_perlmutter_effc80dd,ours_l01_s1_pv2_r2_pv3c_eps025_trace-a2e8ab_b16_k8_isolated,isolated,ours,27,6,e2e_ms,13.487392,recorder
20260925-142559_perlmutter_effc80dd,ours_l01_s1_pv2_r2_pv3c_eps025_trace-a2e8ab_b16_k8_isolated,isolated,ours,27,7,e2e_ms,13.72048,recorder
20260925-142559_perlmutter_effc80dd,ours_l01_s1_pv2_r2_pv3c_eps025_trace-a2e8ab_b16_k8_isolated,isolated,ours,27,8,e2e_ms,13.962464,recorder
20260925-142559_perlmutter_effc80dd,ours_l01_s1_pv2_r2_pv3c_eps025_trace-a2e8ab_b16_k8_isolated,isolated,ours,27,9,e2e_ms,13.96416,recorder
20260925-142559_perlmutter_effc80dd,ours_l01_s1_pv2_r2_pv3c_eps025_trace-a2e8ab_b16_k8_isolated,isolated,ours,27,0,l0_ms,6.864544,recorder
20260925-142559_perlmutter_effc80dd,ours_l01_s1_pv2_r2_pv3c_eps025_trace-a2e8ab_b16_k8_isolated,isolated,ours,27,1,l0_ms,6.700704,recorder
20260925-142559_perlmutter_effc80dd,ours_l01_s1_pv2_r2_pv3c_eps025_trace-a2e8ab_b16_k8_isolated,isolated,ours,27,2,l0_ms,6.441024,recorder
20260925-142559_perlmutter_effc80dd,ours_l01_s1_pv2_r2_pv3c_eps025_trace-a2e8ab_b16_k8_isolated,isolated,ours,27,3,l0_ms,6.371168,recorder
20260925-142559_perlmutter_effc80dd,ours_l01_s1_pv2_r2_pv3c_eps025_trace-a2e8ab_b16_k8_isolated,isolated,ours,27,4,l0_ms,6.72432,recorder
20260925-142559_perlmutter_effc80dd,ours_l01_s1_pv2_r2_pv3c_eps025_trace-a2e8ab_b16_k8_isolated,isolated,ours,27,5,l0_ms,6.981824,recorder
20260925-142559_perlmutter_effc80dd,ours_l01_s1_pv2_r2_pv3c_eps025_trace-a2e8ab_b16_k8_isolated,isolated,ours,27,6,l0_ms,6.588128,recorder
20260925-142559_perlmutter_effc80dd,ours_l01_s1_pv2_r2_pv3c_eps025_trace-a2e8ab_b16_k8_isolated,isolated,ours,27,7,l0_ms,6.750208,recorder
20260925-142559_perlmutter_effc80dd,ours_l01_s1_pv2_r2_pv3c_eps025_trace-a2e8ab_b16_k8_isolated,isolated,ours,27,8,l0_ms,6.728096,recorder
20260925-142559_perlmutter_effc80dd,ours_l01_s1_pv2_r2_pv3c_eps025_trace-a2e8ab_b16_k8_isolated,isolated,ours,27,9,l0_ms,6.491392,recorder
20260925-142559_perlmutter_effc80dd,ours_l01_s1_pv2_r2_pv3c_eps025_trace-a2e8ab_b16_k8_isolated,isolated,ours,27,0,act_ms,0.053184,recorder
20260925-142559_perlmutter_effc80dd,ours_l01_s1_pv2_r2_pv3c_eps025_trace-a2e8ab_b16_k8_isolated,isolated,ours,27,1,act_ms,0.055744,recorder
20260925-142559_perlmutter_effc80dd,ours_l01_s1_pv2_r2_pv3c_eps025_trace-a2e8ab_b16_k8_isolated,isolated,ours,27,2,act_ms,0.053728,recorder
20260925-142559_perlmutter_effc80dd,ours_l01_s1_pv2_r2_pv3c_eps025_trace-a2e8ab_b16_k8_isolated,isolated,ours,27,3,act_ms,0.058688,recorder
20260925-142559_perlmutter_effc80dd,ours_l01_s1_pv2_r2_pv3c_eps025_trace-a2e8ab_b16_k8_isolated,isolated,ours,27,4,act_ms,0.058176,recorder
20260925-142559_perlmutter_effc80dd,ours_l01_s1_pv2_r2_pv3c_eps025_trace-a2e8ab_b16_k8_isolated,isolated,ours,27,5,act_ms,0.05872,recorder
20260925-142559_perlmutter_effc80dd,ours_l01_s1_pv2_r2_pv3c_eps025_trace-a2e8ab_b16_k8_isolated,isolated,ours,27,6,act_ms,0.053792,recorder
20260925-142559_perlmutter_effc80dd,ours_l01_s1_pv2_r2_pv3c_eps025_trace-a2e8ab_b16_k8_isolated,isolated,ours,27,7,act_ms,0.056032,recorder
20260925-142559_perlmutter_effc80dd,ours_l01_s1_pv2_r2_pv3c_eps025_trace-a2e8ab_b16_k8_isolated,isolated,ours,27,8,act_ms,0.056736,recorder
20260925-142559_perlmutter_effc80dd,ours_l01_s1_pv2_r2_pv3c_eps025_trace-a2e8ab_b16_k8_isolated,isolated,ours,27,9,act_ms,0.055648,recorder
20260925-142559_perlmutter_effc80dd,ours_l01_s1_pv2_r2_pv3c_eps025_trace-a2e8ab_b16_k8_isolated,isolated,ours,27,0,l1_ms,6.550368,recorder
20260925-142559_perlmutter_effc80dd,ours_l01_s1_pv2_r2_pv3c_eps025_trace-a2e8ab_b16_k8_isolated,isolated,ours,27,1,l1_ms,6.975008,recorder
20260925-142559_perlmutter_effc80dd,ours_l01_s1_pv2_r2_pv3c_eps025_trace-a2e8ab_b16_k8_isolated,isolated,ours,27,2,l1_ms,6.568416,recorder
20260925-142559_perlmutter_effc80dd,ours_l01_s1_pv2_r2_pv3c_eps025_trace-a2e8ab_b16_k8_isolated,isolated,ours,27,3,l1_ms,7.166304,recorder
20260925-142559_perlmutter_effc80dd,ours_l01_s1_pv2_r2_pv3c_eps025_trace-a2e8ab_b16_k8_isolated,isolated,ours,27,4,l1_ms,6.905888,recorder
20260925-142559_perlmutter_effc80dd,ours_l01_s1_pv2_r2_pv3c_eps025_trace-a2e8ab_b16_k8_isolated,isolated,ours,27,5,l1_ms,7.379776,recorder
20260925-142559_perlmutter_effc80dd,ours_l01_s1_pv2_r2_pv3c_eps025_trace-a2e8ab_b16_k8_isolated,isolated,ours,27,6,l1_ms,6.845472,recorder
20260925-142559_perlmutter_effc80dd,ours_l01_s1_pv2_r2_pv3c_eps025_trace-a2e8ab_b16_k8_isolated,isolated,ours,27,7,l1_ms,6.91424,recorder
20260925-142559_perlmutter_effc80dd,ours_l01_s1_pv2_r2_pv3c_eps025_trace-a2e8ab_b16_k8_isolated,isolated,ours,27,8,l1_ms,7.177632,recorder
20260925-142559_perlmutter_effc80dd,ours_l01_s1_pv2_r2_pv3c_eps025_trace-a2e8ab_b16_k8_isolated,isolated,ours,27,9,l1_ms,7.41712,recorder
20260925-142559_perlmutter_effc80dd,ours_l01_s1_pv2_r2_pv3c_eps025_trace-a2e8ab_b16_k8_isolated,isolated,ours,27,0,plan_comm_ms,0.618144,recorder
20260925-142559_perlmutter_effc80dd,ours_l01_s1_pv2_r2_pv3c_eps025_trace-a2e8ab_b16_k8_isolated,isolated,ours,27,1,plan_comm_ms,0.44624,recorder
20260925-142559_perlmutter_effc80dd,ours_l01_s1_pv2_r2_pv3c_eps025_trace-a2e8ab_b16_k8_isolated,isolated,ours,27,2,plan_comm_ms,0.578624,recorder
20260925-142559_perlmutter_effc80dd,ours_l01_s1_pv2_r2_pv3c_eps025_trace-a2e8ab_b16_k8_isolated,isolated,ours,27,3,plan_comm_ms,0.42464,recorder
20260925-142559_perlmutter_effc80dd,ours_l01_s1_pv2_r2_pv3c_eps025_trace-a2e8ab_b16_k8_isolated,isolated,ours,27,4,plan_comm_ms,0.206464,recorder
20260925-142559_perlmutter_effc80dd,ours_l01_s1_pv2_r2_pv3c_eps025_trace-a2e8ab_b16_k8_isolated,isolated,ours,27,5,plan_comm_ms,0.66352,recorder
20260925-142559_perlmutter_effc80dd,ours_l01_s1_pv2_r2_pv3c_eps025_trace-a2e8ab_b16_k8_isolated,isolated,ours,27,6,plan_comm_ms,0.18928,recorder
20260925-142559_perlmutter_effc80dd,ours_l01_s1_pv2_r2_pv3c_eps025_trace-a2e8ab_b16_k8_isolated,isolated,ours,27,7,plan_comm_ms,0.18976,recorder
20260925-142559_perlmutter_effc80dd,ours_l01_s1_pv2_r2_pv3c_eps025_trace-a2e8ab_b16_k8_isolated,isolated,ours,27,8,plan_comm_ms,0.193088,recorder
20260925-142559_perlmutter_effc80dd,ours_l01_s1_pv2_r2_pv3c_eps025_trace-a2e8ab_b16_k8_isolated,isolated,ours,27,9,plan_comm_ms,0.203072,recorder
20260925-142559_perlmutter_effc80dd,ours_l01_s1_pv2_r2_pv3c_eps025_trace-a2e8ab_b16_k8_isolated,isolated,ours,27,0,place_ms,0.002304,recorder
20260925-142559_perlmutter_effc80dd,ours_l01_s1_pv2_r2_pv3c_eps025_trace-a2e8ab_b16_k8_isolated,isolated,ours,27,1,place_ms,0.002336,recorder
20260925-142559_perlmutter_effc80dd,ours_l01_s1_pv2_r2_pv3c_eps025_trace-a2e8ab_b16_k8_isolated,isolated,ours,27,2,place_ms,0.002304,recorder
20260925-142559_perlmutter_effc80dd,ours_l01_s1_pv2_r2_pv3c_eps025_trace-a2e8ab_b16_k8_isolated,isolated,ours,27,3,place_ms,0.002304,recorder
20260925-142559_perlmutter_effc80dd,ours_l01_s1_pv2_r2_pv3c_eps025_trace-a2e8ab_b16_k8_isolated,isolated,ours,27,4,place_ms,0.002304,recorder
20260925-142559_perlmutter_effc80dd,ours_l01_s1_pv2_r2_pv3c_eps025_trace-a2e8ab_b16_k8_isolated,isolated,ours,27,5,place_ms,0.002304,recorder
20260925-142559_perlmutter_effc80dd,ours_l01_s1_pv2_r2_pv3c_eps025_trace-a2e8ab_b16_k8_isolated,isolated,ours,27,6,place_ms,0.002464,recorder
20260925-142559_perlmutter_effc80dd,ours_l01_s1_pv2_r2_pv3c_eps025_trace-a2e8ab_b16_k8_isolated,isolated,ours,27,7,place_ms,0.002304,recorder
20260925-142559_perlmutter_effc80dd,ours_l01_s1_pv2_r2_pv3c_eps025_trace-a2e8ab_b16_k8_isolated,isolated,ours,27,8,place_ms,0.002304,recorder
20260925-142559_perlmutter_effc80dd,ours_l01_s1_pv2_r2_pv3c_eps025_trace-a2e8ab_b16_k8_isolated,isolated,ours,27,9,place_ms,0.002624,recorder
20260925-142559_perlmutter_effc80dd,ours_l01_s1_pv2_r2_pv3c_eps025_trace-a2e8ab_b16_k8_isolated,isolated,ours,27,0,plan_ms,1.165664,recorder
20260925-142559_perlmutter_effc80dd,ours_l01_s1_pv2_r2_pv3c_eps025_trace-a2e8ab_b16_k8_isolated,isolated,ours,27,1,plan_ms,1.146784,recorder
20260925-142559_perlmutter_effc80dd,ours_l01_s1_pv2_r2_pv3c_eps025_trace-a2e8ab_b16_k8_isolated,isolated,ours,27,2,plan_ms,1.134752,recorder
20260925-142559_perlmutter_effc80dd,ours_l01_s1_pv2_r2_pv3c_eps025_trace-a2e8ab_b16_k8_isolated,isolated,ours,27,3,plan_ms,1.153568,recorder
20260925-142559_perlmutter_effc80dd,ours_l01_s1_pv2_r2_pv3c_eps025_trace-a2e8ab_b16_k8_isolated,isolated,ours,27,4,plan_ms,1.117632,recorder
20260925-142559_perlmutter_effc80dd,ours_l01_s1_pv2_r2_pv3c_eps025_trace-a2e8ab_b16_k8_isolated,isolated,ours,27,5,plan_ms,1.152608,recorder
20260925-142559_perlmutter_effc80dd,ours_l01_s1_pv2_r2_pv3c_eps025_trace-a2e8ab_b16_k8_isolated,isolated,ours,27,6,plan_ms,1.131904,recorder
20260925-142559_perlmutter_effc80dd,ours_l01_s1_pv2_r2_pv3c_eps025_trace-a2e8ab_b16_k8_isolated,isolated,ours,27,7,plan_ms,1.134848,recorder
20260925-142559_perlmutter_effc80dd,ours_l01_s1_pv2_r2_pv3c_eps025_trace-a2e8ab_b16_k8_isolated,isolated,ours,27,8,plan_ms,1.13328,recorder
20260925-142559_perlmutter_effc80dd,ours_l01_s1_pv2_r2_pv3c_eps025_trace-a2e8ab_b16_k8_isolated,isolated,ours,27,9,plan_ms,1.132736,recorder
20260925-142559_perlmutter_effc80dd,ours_l01_s1_pv2_r2_pv3c_eps025_trace-a2e8ab_b16_k8_isolated,isolated,ours,27,0,total_ms,15.263168,recorder
20260925-142559_perlmutter_effc80dd,ours_l01_s1_pv2_r2_pv3c_eps025_trace-a2e8ab_b16_k8_isolated,isolated,ours,27,1,total_ms,15.335552,recorder
20260925-142559_perlmutter_effc80dd,ours_l01_s1_pv2_r2_pv3c_eps025_trace-a2e8ab_b16_k8_isolated,isolated,ours,27,2,total_ms,14.78816,recorder
20260925-142559_perlmutter_effc80dd,ours_l01_s1_pv2_r2_pv3c_eps025_trace-a2e8ab_b16_k8_isolated,isolated,ours,27,3,total_ms,15.186016,recorder
20260925-142559_perlmutter_effc80dd,ours_l01_s1_pv2_r2_pv3c_eps025_trace-a2e8ab_b16_k8_isolated,isolated,ours,27,4,total_ms,15.024256,recorder
20260925-142559_perlmutter_effc80dd,ours_l01_s1_pv2_r2_pv3c_eps025_trace-a2e8ab_b16_k8_isolated,isolated,ours,27,5,total_ms,16.248096,recorder
20260925-142559_perlmutter_effc80dd,ours_l01_s1_pv2_r2_pv3c_eps025_trace-a2e8ab_b16_k8_isolated,isolated,ours,27,6,total_ms,14.820064,recorder
20260925-142559_perlmutter_effc80dd,ours_l01_s1_pv2_r2_pv3c_eps025_trace-a2e8ab_b16_k8_isolated,isolated,ours,27,7,total_ms,15.05632,recorder
20260925-142559_perlmutter_effc80dd,ours_l01_s1_pv2_r2_pv3c_eps025_trace-a2e8ab_b16_k8_isolated,isolated,ours,27,8,total_ms,15.300256,recorder
20260925-142559_perlmutter_effc80dd,ours_l01_s1_pv2_r2_pv3c_eps025_trace-a2e8ab_b16_k8_isolated,isolated,ours,27,9,total_ms,15.311424,recorder
20260925-142559_perlmutter_effc80dd,ours_l01_s1_pv2_r2_pv3c_eps025_trace-a2e8ab_b16_k8_isolated,isolated,ours,27,0,iso_sync_ms,12.301583,recorder
20260925-142559_perlmutter_effc80dd,ours_l01_s1_pv2_r2_pv3c_eps025_trace-a2e8ab_b16_k8_isolated,isolated,ours,27,1,iso_sync_ms,12.410023,recorder
20260925-142559_perlmutter_effc80dd,ours_l01_s1_pv2_r2_pv3c_eps025_trace-a2e8ab_b16_k8_isolated,isolated,ours,27,2,iso_sync_ms,12.429621,recorder
20260925-142559_perlmutter_effc80dd,ours_l01_s1_pv2_r2_pv3c_eps025_trace-a2e8ab_b16_k8_isolated,isolated,ours,27,3,iso_sync_ms,13.463067,recorder
20260925-142559_perlmutter_effc80dd,ours_l01_s1_pv2_r2_pv3c_eps025_trace-a2e8ab_b16_k8_isolated,isolated,ours,27,4,iso_sync_ms,12.246636,recorder
20260925-142559_perlmutter_effc80dd,ours_l01_s1_pv2_r2_pv3c_eps025_trace-a2e8ab_b16_k8_isolated,isolated,ours,27,5,iso_sync_ms,12.366449,recorder
20260925-142559_perlmutter_effc80dd,ours_l01_s1_pv2_r2_pv3c_eps025_trace-a2e8ab_b16_k8_isolated,isolated,ours,27,6,iso_sync_ms,13.142687,recorder
20260925-142559_perlmutter_effc80dd,ours_l01_s1_pv2_r2_pv3c_eps025_trace-a2e8ab_b16_k8_isolated,isolated,ours,27,7,iso_sync_ms,12.206469,recorder
20260925-142559_perlmutter_effc80dd,ours_l01_s1_pv2_r2_pv3c_eps025_trace-a2e8ab_b16_k8_isolated,isolated,ours,27,8,iso_sync_ms,12.72418,recorder
20260925-142559_perlmutter_effc80dd,ours_l01_s1_pv2_r2_pv3c_eps025_trace-a2e8ab_b16_k8_isolated,isolated,ours,27,9,iso_sync_ms,13.106238,recorder
20260925-142559_perlmutter_effc80dd,ours_l01_s1_pv2_r2_pv3c_eps025_trace-a2e8ab_b16_k8_isolated,isolated,ours,27,0,l0_enq_ms,0.661217,recorder
20260925-142559_perlmutter_effc80dd,ours_l01_s1_pv2_r2_pv3c_eps025_trace-a2e8ab_b16_k8_isolated,isolated,ours,27,1,l0_enq_ms,0.635728,recorder
20260925-142559_perlmutter_effc80dd,ours_l01_s1_pv2_r2_pv3c_eps025_trace-a2e8ab_b16_k8_isolated,isolated,ours,27,2,l0_enq_ms,0.633693,recorder
20260925-142559_perlmutter_effc80dd,ours_l01_s1_pv2_r2_pv3c_eps025_trace-a2e8ab_b16_k8_isolated,isolated,ours,27,3,l0_enq_ms,0.646068,recorder
20260925-142559_perlmutter_effc80dd,ours_l01_s1_pv2_r2_pv3c_eps025_trace-a2e8ab_b16_k8_isolated,isolated,ours,27,4,l0_enq_ms,0.63673,recorder
20260925-142559_perlmutter_effc80dd,ours_l01_s1_pv2_r2_pv3c_eps025_trace-a2e8ab_b16_k8_isolated,isolated,ours,27,5,l0_enq_ms,0.61577,recorder
20260925-142559_perlmutter_effc80dd,ours_l01_s1_pv2_r2_pv3c_eps025_trace-a2e8ab_b16_k8_isolated,isolated,ours,27,6,l0_enq_ms,0.60579,recorder
20260925-142559_perlmutter_effc80dd,ours_l01_s1_pv2_r2_pv3c_eps025_trace-a2e8ab_b16_k8_isolated,isolated,ours,27,7,l0_enq_ms,0.638002,recorder
20260925-142559_perlmutter_effc80dd,ours_l01_s1_pv2_r2_pv3c_eps025_trace-a2e8ab_b16_k8_isolated,isolated,ours,27,8,l0_enq_ms,0.61077,recorder
20260925-142559_perlmutter_effc80dd,ours_l01_s1_pv2_r2_pv3c_eps025_trace-a2e8ab_b16_k8_isolated,isolated,ours,27,9,l0_enq_ms,0.625298,recorder
20260925-142559_perlmutter_effc80dd,ours_l01_s1_pv2_r2_pv3c_eps025_trace-a2e8ab_b16_k8_isolated,isolated,ours,27,0,l1_enq_ms,0.490407,recorder
20260925-142559_perlmutter_effc80dd,ours_l01_s1_pv2_r2_pv3c_eps025_trace-a2e8ab_b16_k8_isolated,isolated,ours,27,1,l1_enq_ms,0.503373,recorder
20260925-142559_perlmutter_effc80dd,ours_l01_s1_pv2_r2_pv3c_eps025_trace-a2e8ab_b16_k8_isolated,isolated,ours,27,2,l1_enq_ms,0.487692,recorder
20260925-142559_perlmutter_effc80dd,ours_l01_s1_pv2_r2_pv3c_eps025_trace-a2e8ab_b16_k8_isolated,isolated,ours,27,3,l1_enq_ms,0.532729,recorder
20260925-142559_perlmutter_effc80dd,ours_l01_s1_pv2_r2_pv3c_eps025_trace-a2e8ab_b16_k8_isolated,isolated,ours,27,4,l1_enq_ms,0.494155,recorder
20260925-142559_perlmutter_effc80dd,ours_l01_s1_pv2_r2_pv3c_eps025_trace-a2e8ab_b16_k8_isolated,isolated,ours,27,5,l1_enq_ms,0.496479,recorder
20260925-142559_perlmutter_effc80dd,ours_l01_s1_pv2_r2_pv3c_eps025_trace-a2e8ab_b16_k8_isolated,isolated,ours,27,6,l1_enq_ms,0.505938,recorder
20260925-142559_perlmutter_effc80dd,ours_l01_s1_pv2_r2_pv3c_eps025_trace-a2e8ab_b16_k8_isolated,isolated,ours,27,7,l1_enq_ms,0.482622,recorder
20260925-142559_perlmutter_effc80dd,ours_l01_s1_pv2_r2_pv3c_eps025_trace-a2e8ab_b16_k8_isolated,isolated,ours,27,8,l1_enq_ms,0.459397,recorder
20260925-142559_perlmutter_effc80dd,ours_l01_s1_pv2_r2_pv3c_eps025_trace-a2e8ab_b16_k8_isolated,isolated,ours,27,9,l1_enq_ms,0.457554,recorder
20260925-142559_perlmutter_effc80dd,ours_l01_s1_pv2_r2_pv3c_eps025_trace-a2e8ab_b16_k8_isolated,isolated,ours,28,0,e2e_ms,13.492928,recorder
20260925-142559_perlmutter_effc80dd,ours_l01_s1_pv2_r2_pv3c_eps025_trace-a2e8ab_b16_k8_isolated,isolated,ours,28,1,e2e_ms,13.760928,recorder
20260925-142559_perlmutter_effc80dd,ours_l01_s1_pv2_r2_pv3c_eps025_trace-a2e8ab_b16_k8_isolated,isolated,ours,28,2,e2e_ms,13.074272,recorder
20260925-142559_perlmutter_effc80dd,ours_l01_s1_pv2_r2_pv3c_eps025_trace-a2e8ab_b16_k8_isolated,isolated,ours,28,3,e2e_ms,13.6144,recorder
20260925-142559_perlmutter_effc80dd,ours_l01_s1_pv2_r2_pv3c_eps025_trace-a2e8ab_b16_k8_isolated,isolated,ours,28,4,e2e_ms,13.660192,recorder
20260925-142559_perlmutter_effc80dd,ours_l01_s1_pv2_r2_pv3c_eps025_trace-a2e8ab_b16_k8_isolated,isolated,ours,28,5,e2e_ms,14.448864,recorder
20260925-142559_perlmutter_effc80dd,ours_l01_s1_pv2_r2_pv3c_eps025_trace-a2e8ab_b16_k8_isolated,isolated,ours,28,6,e2e_ms,13.500768,recorder
20260925-142559_perlmutter_effc80dd,ours_l01_s1_pv2_r2_pv3c_eps025_trace-a2e8ab_b16_k8_isolated,isolated,ours,28,7,e2e_ms,13.743584,recorder
20260925-142559_perlmutter_effc80dd,ours_l01_s1_pv2_r2_pv3c_eps025_trace-a2e8ab_b16_k8_isolated,isolated,ours,28,8,e2e_ms,13.979808,recorder
20260925-142559_perlmutter_effc80dd,ours_l01_s1_pv2_r2_pv3c_eps025_trace-a2e8ab_b16_k8_isolated,isolated,ours,28,9,e2e_ms,13.983488,recorder
20260925-142559_perlmutter_effc80dd,ours_l01_s1_pv2_r2_pv3c_eps025_trace-a2e8ab_b16_k8_isolated,isolated,ours,28,0,l0_ms,6.891936,recorder
20260925-142559_perlmutter_effc80dd,ours_l01_s1_pv2_r2_pv3c_eps025_trace-a2e8ab_b16_k8_isolated,isolated,ours,28,1,l0_ms,6.715712,recorder
20260925-142559_perlmutter_effc80dd,ours_l01_s1_pv2_r2_pv3c_eps025_trace-a2e8ab_b16_k8_isolated,isolated,ours,28,2,l0_ms,6.449632,recorder
20260925-142559_perlmutter_effc80dd,ours_l01_s1_pv2_r2_pv3c_eps025_trace-a2e8ab_b16_k8_isolated,isolated,ours,28,3,l0_ms,6.391424,recorder
20260925-142559_perlmutter_effc80dd,ours_l01_s1_pv2_r2_pv3c_eps025_trace-a2e8ab_b16_k8_isolated,isolated,ours,28,4,l0_ms,6.696384,recorder
20260925-142559_perlmutter_effc80dd,ours_l01_s1_pv2_r2_pv3c_eps025_trace-a2e8ab_b16_k8_isolated,isolated,ours,28,5,l0_ms,7.009728,recorder
20260925-142559_perlmutter_effc80dd,ours_l01_s1_pv2_r2_pv3c_eps025_trace-a2e8ab_b16_k8_isolated,isolated,ours,28,6,l0_ms,6.595968,recorder
20260925-142559_perlmutter_effc80dd,ours_l01_s1_pv2_r2_pv3c_eps025_trace-a2e8ab_b16_k8_isolated,isolated,ours,28,7,l0_ms,6.767328,recorder
20260925-142559_perlmutter_effc80dd,ours_l01_s1_pv2_r2_pv3c_eps025_trace-a2e8ab_b16_k8_isolated,isolated,ours,28,8,l0_ms,6.749248,recorder
20260925-142559_perlmutter_effc80dd,ours_l01_s1_pv2_r2_pv3c_eps025_trace-a2e8ab_b16_k8_isolated,isolated,ours,28,9,l0_ms,6.52816,recorder
20260925-142559_perlmutter_effc80dd,ours_l01_s1_pv2_r2_pv3c_eps025_trace-a2e8ab_b16_k8_isolated,isolated,ours,28,0,act_ms,0.06144,recorder
20260925-142559_perlmutter_effc80dd,ours_l01_s1_pv2_r2_pv3c_eps025_trace-a2e8ab_b16_k8_isolated,isolated,ours,28,1,act_ms,0.060672,recorder
20260925-142559_perlmutter_effc80dd,ours_l01_s1_pv2_r2_pv3c_eps025_trace-a2e8ab_b16_k8_isolated,isolated,ours,28,2,act_ms,0.061504,recorder
20260925-142559_perlmutter_effc80dd,ours_l01_s1_pv2_r2_pv3c_eps025_trace-a2e8ab_b16_k8_isolated,isolated,ours,28,3,act_ms,0.061536,recorder
20260925-142559_perlmutter_effc80dd,ours_l01_s1_pv2_r2_pv3c_eps025_trace-a2e8ab_b16_k8_isolated,isolated,ours,28,4,act_ms,0.060288,recorder
20260925-142559_perlmutter_effc80dd,ours_l01_s1_pv2_r2_pv3c_eps025_trace-a2e8ab_b16_k8_isolated,isolated,ours,28,5,act_ms,0.060608,recorder
20260925-142559_perlmutter_effc80dd,ours_l01_s1_pv2_r2_pv3c_eps025_trace-a2e8ab_b16_k8_isolated,isolated,ours,28,6,act_ms,0.060736,recorder
20260925-142559_perlmutter_effc80dd,ours_l01_s1_pv2_r2_pv3c_eps025_trace-a2e8ab_b16_k8_isolated,isolated,ours,28,7,act_ms,0.059936,recorder
20260925-142559_perlmutter_effc80dd,ours_l01_s1_pv2_r2_pv3c_eps025_trace-a2e8ab_b16_k8_isolated,isolated,ours,28,8,act_ms,0.0608,recorder
20260925-142559_perlmutter_effc80dd,ours_l01_s1_pv2_r2_pv3c_eps025_trace-a2e8ab_b16_k8_isolated,isolated,ours,28,9,act_ms,0.062816,recorder
20260925-142559_perlmutter_effc80dd,ours_l01_s1_pv2_r2_pv3c_eps025_trace-a2e8ab_b16_k8_isolated,isolated,ours,28,0,l1_ms,6.539552,recorder
20260925-142559_perlmutter_effc80dd,ours_l01_s1_pv2_r2_pv3c_eps025_trace-a2e8ab_b16_k8_isolated,isolated,ours,28,1,l1_ms,6.984544,recorder
20260925-142559_perlmutter_effc80dd,ours_l01_s1_pv2_r2_pv3c_eps025_trace-a2e8ab_b16_k8_isolated,isolated,ours,28,2,l1_ms,6.563136,recorder
20260925-142559_perlmutter_effc80dd,ours_l01_s1_pv2_r2_pv3c_eps025_trace-a2e8ab_b16_k8_isolated,isolated,ours,28,3,l1_ms,7.16144,recorder
20260925-142559_perlmutter_effc80dd,ours_l01_s1_pv2_r2_pv3c_eps025_trace-a2e8ab_b16_k8_isolated,isolated,ours,28,4,l1_ms,6.90352,recorder
20260925-142559_perlmutter_effc80dd,ours_l01_s1_pv2_r2_pv3c_eps025_trace-a2e8ab_b16_k8_isolated,isolated,ours,28,5,l1_ms,7.378528,recorder
20260925-142559_perlmutter_effc80dd,ours_l01_s1_pv2_r2_pv3c_eps025_trace-a2e8ab_b16_k8_isolated,isolated,ours,28,6,l1_ms,6.844064,recorder
20260925-142559_perlmutter_effc80dd,ours_l01_s1_pv2_r2_pv3c_eps025_trace-a2e8ab_b16_k8_isolated,isolated,ours,28,7,l1_ms,6.91632,recorder
20260925-142559_perlmutter_effc80dd,ours_l01_s1_pv2_r2_pv3c_eps025_trace-a2e8ab_b16_k8_isolated,isolated,ours,28,8,l1_ms,7.16976,recorder
20260925-142559_perlmutter_effc80dd,ours_l01_s1_pv2_r2_pv3c_eps025_trace-a2e8ab_b16_k8_isolated,isolated,ours,28,9,l1_ms,7.392512,recorder
20260925-142559_perlmutter_effc80dd,ours_l01_s1_pv2_r2_pv3c_eps025_trace-a2e8ab_b16_k8_isolated,isolated,ours,28,0,plan_comm_ms,0.616384,recorder
20260925-142559_perlmutter_effc80dd,ours_l01_s1_pv2_r2_pv3c_eps025_trace-a2e8ab_b16_k8_isolated,isolated,ours,28,1,plan_comm_ms,0.447584,recorder
20260925-142559_perlmutter_effc80dd,ours_l01_s1_pv2_r2_pv3c_eps025_trace-a2e8ab_b16_k8_isolated,isolated,ours,28,2,plan_comm_ms,0.558912,recorder
20260925-142559_perlmutter_effc80dd,ours_l01_s1_pv2_r2_pv3c_eps025_trace-a2e8ab_b16_k8_isolated,isolated,ours,28,3,plan_comm_ms,0.423936,recorder
20260925-142559_perlmutter_effc80dd,ours_l01_s1_pv2_r2_pv3c_eps025_trace-a2e8ab_b16_k8_isolated,isolated,ours,28,4,plan_comm_ms,0.2,recorder
20260925-142559_perlmutter_effc80dd,ours_l01_s1_pv2_r2_pv3c_eps025_trace-a2e8ab_b16_k8_isolated,isolated,ours,28,5,plan_comm_ms,0.652928,recorder
20260925-142559_perlmutter_effc80dd,ours_l01_s1_pv2_r2_pv3c_eps025_trace-a2e8ab_b16_k8_isolated,isolated,ours,28,6,plan_comm_ms,0.185728,recorder
20260925-142559_perlmutter_effc80dd,ours_l01_s1_pv2_r2_pv3c_eps025_trace-a2e8ab_b16_k8_isolated,isolated,ours,28,7,plan_comm_ms,0.18288,recorder
20260925-142559_perlmutter_effc80dd,ours_l01_s1_pv2_r2_pv3c_eps025_trace-a2e8ab_b16_k8_isolated,isolated,ours,28,8,plan_comm_ms,0.193952,recorder
20260925-142559_perlmutter_effc80dd,ours_l01_s1_pv2_r2_pv3c_eps025_trace-a2e8ab_b16_k8_isolated,isolated,ours,28,9,plan_comm_ms,0.189952,recorder
20260925-142559_perlmutter_effc80dd,ours_l01_s1_pv2_r2_pv3c_eps025_trace-a2e8ab_b16_k8_isolated,isolated,ours,28,0,place_ms,0.002336,recorder
20260925-142559_perlmutter_effc80dd,ours_l01_s1_pv2_r2_pv3c_eps025_trace-a2e8ab_b16_k8_isolated,isolated,ours,28,1,place_ms,0.002368,recorder
20260925-142559_perlmutter_effc80dd,ours_l01_s1_pv2_r2_pv3c_eps025_trace-a2e8ab_b16_k8_isolated,isolated,ours,28,2,place_ms,0.002368,recorder
20260925-142559_perlmutter_effc80dd,ours_l01_s1_pv2_r2_pv3c_eps025_trace-a2e8ab_b16_k8_isolated,isolated,ours,28,3,place_ms,0.002336,recorder
20260925-142559_perlmutter_effc80dd,ours_l01_s1_pv2_r2_pv3c_eps025_trace-a2e8ab_b16_k8_isolated,isolated,ours,28,4,place_ms,0.002336,recorder
20260925-142559_perlmutter_effc80dd,ours_l01_s1_pv2_r2_pv3c_eps025_trace-a2e8ab_b16_k8_isolated,isolated,ours,28,5,place_ms,0.002336,recorder
20260925-142559_perlmutter_effc80dd,ours_l01_s1_pv2_r2_pv3c_eps025_trace-a2e8ab_b16_k8_isolated,isolated,ours,28,6,place_ms,0.002336,recorder
20260925-142559_perlmutter_effc80dd,ours_l01_s1_pv2_r2_pv3c_eps025_trace-a2e8ab_b16_k8_isolated,isolated,ours,28,7,place_ms,0.002336,recorder
20260925-142559_perlmutter_effc80dd,ours_l01_s1_pv2_r2_pv3c_eps025_trace-a2e8ab_b16_k8_isolated,isolated,ours,28,8,place_ms,0.002336,recorder
20260925-142559_perlmutter_effc80dd,ours_l01_s1_pv2_r2_pv3c_eps025_trace-a2e8ab_b16_k8_isolated,isolated,ours,28,9,place_ms,0.002368,recorder
20260925-142559_perlmutter_effc80dd,ours_l01_s1_pv2_r2_pv3c_eps025_trace-a2e8ab_b16_k8_isolated,isolated,ours,28,0,plan_ms,1.138528,recorder
20260925-142559_perlmutter_effc80dd,ours_l01_s1_pv2_r2_pv3c_eps025_trace-a2e8ab_b16_k8_isolated,isolated,ours,28,1,plan_ms,1.116704,recorder
20260925-142559_perlmutter_effc80dd,ours_l01_s1_pv2_r2_pv3c_eps025_trace-a2e8ab_b16_k8_isolated,isolated,ours,28,2,plan_ms,1.137952,recorder
20260925-142559_perlmutter_effc80dd,ours_l01_s1_pv2_r2_pv3c_eps025_trace-a2e8ab_b16_k8_isolated,isolated,ours,28,3,plan_ms,1.128352,recorder
20260925-142559_perlmutter_effc80dd,ours_l01_s1_pv2_r2_pv3c_eps025_trace-a2e8ab_b16_k8_isolated,isolated,ours,28,4,plan_ms,1.147712,recorder
20260925-142559_perlmutter_effc80dd,ours_l01_s1_pv2_r2_pv3c_eps025_trace-a2e8ab_b16_k8_isolated,isolated,ours,28,5,plan_ms,1.128864,recorder
20260925-142559_perlmutter_effc80dd,ours_l01_s1_pv2_r2_pv3c_eps025_trace-a2e8ab_b16_k8_isolated,isolated,ours,28,6,plan_ms,1.11984,recorder
20260925-142559_perlmutter_effc80dd,ours_l01_s1_pv2_r2_pv3c_eps025_trace-a2e8ab_b16_k8_isolated,isolated,ours,28,7,plan_ms,1.120448,recorder
20260925-142559_perlmutter_effc80dd,ours_l01_s1_pv2_r2_pv3c_eps025_trace-a2e8ab_b16_k8_isolated,isolated,ours,28,8,plan_ms,1.109504,recorder
20260925-142559_perlmutter_effc80dd,ours_l01_s1_pv2_r2_pv3c_eps025_trace-a2e8ab_b16_k8_isolated,isolated,ours,28,9,plan_ms,1.114944,recorder
20260925-142559_perlmutter_effc80dd,ours_l01_s1_pv2_r2_pv3c_eps025_trace-a2e8ab_b16_k8_isolated,isolated,ours,28,0,total_ms,15.259648,recorder
20260925-142559_perlmutter_effc80dd,ours_l01_s1_pv2_r2_pv3c_eps025_trace-a2e8ab_b16_k8_isolated,isolated,ours,28,1,total_ms,15.337728,recorder
20260925-142559_perlmutter_effc80dd,ours_l01_s1_pv2_r2_pv3c_eps025_trace-a2e8ab_b16_k8_isolated,isolated,ours,28,2,total_ms,14.783904,recorder
20260925-142559_perlmutter_effc80dd,ours_l01_s1_pv2_r2_pv3c_eps025_trace-a2e8ab_b16_k8_isolated,isolated,ours,28,3,total_ms,15.178528,recorder
20260925-142559_perlmutter_effc80dd,ours_l01_s1_pv2_r2_pv3c_eps025_trace-a2e8ab_b16_k8_isolated,isolated,ours,28,4,total_ms,15.020128,recorder
20260925-142559_perlmutter_effc80dd,ours_l01_s1_pv2_r2_pv3c_eps025_trace-a2e8ab_b16_k8_isolated,isolated,ours,28,5,total_ms,16.242399,recorder
20260925-142559_perlmutter_effc80dd,ours_l01_s1_pv2_r2_pv3c_eps025_trace-a2e8ab_b16_k8_isolated,isolated,ours,28,6,total_ms,14.81856,recorder
20260925-142559_perlmutter_effc80dd,ours_l01_s1_pv2_r2_pv3c_eps025_trace-a2e8ab_b16_k8_isolated,isolated,ours,28,7,total_ms,15.059072,recorder
20260925-142559_perlmutter_effc80dd,ours_l01_s1_pv2_r2_pv3c_eps025_trace-a2e8ab_b16_k8_isolated,isolated,ours,28,8,total_ms,15.295136,recorder
20260925-142559_perlmutter_effc80dd,ours_l01_s1_pv2_r2_pv3c_eps025_trace-a2e8ab_b16_k8_isolated,isolated,ours,28,9,total_ms,15.30032,recorder
20260925-142559_perlmutter_effc80dd,ours_l01_s1_pv2_r2_pv3c_eps025_trace-a2e8ab_b16_k8_isolated,isolated,ours,28,0,iso_sync_ms,12.145891,recorder
20260925-142559_perlmutter_effc80dd,ours_l01_s1_pv2_r2_pv3c_eps025_trace-a2e8ab_b16_k8_isolated,isolated,ours,28,1,iso_sync_ms,12.391307,recorder
20260925-142559_perlmutter_effc80dd,ours_l01_s1_pv2_r2_pv3c_eps025_trace-a2e8ab_b16_k8_isolated,isolated,ours,28,2,iso_sync_ms,12.359616,recorder
20260925-142559_perlmutter_effc80dd,ours_l01_s1_pv2_r2_pv3c_eps025_trace-a2e8ab_b16_k8_isolated,isolated,ours,28,3,iso_sync_ms,13.373922,recorder
20260925-142559_perlmutter_effc80dd,ours_l01_s1_pv2_r2_pv3c_eps025_trace-a2e8ab_b16_k8_isolated,isolated,ours,28,4,iso_sync_ms,12.264511,recorder
20260925-142559_perlmutter_effc80dd,ours_l01_s1_pv2_r2_pv3c_eps025_trace-a2e8ab_b16_k8_isolated,isolated,ours,28,5,iso_sync_ms,12.261205,recorder
20260925-142559_perlmutter_effc80dd,ours_l01_s1_pv2_r2_pv3c_eps025_trace-a2e8ab_b16_k8_isolated,isolated,ours,28,6,iso_sync_ms,13.112785,recorder
20260925-142559_perlmutter_effc80dd,ours_l01_s1_pv2_r2_pv3c_eps025_trace-a2e8ab_b16_k8_isolated,isolated,ours,28,7,iso_sync_ms,12.144859,recorder
20260925-142559_perlmutter_effc80dd,ours_l01_s1_pv2_r2_pv3c_eps025_trace-a2e8ab_b16_k8_isolated,isolated,ours,28,8,iso_sync_ms,12.650229,recorder
20260925-142559_perlmutter_effc80dd,ours_l01_s1_pv2_r2_pv3c_eps025_trace-a2e8ab_b16_k8_isolated,isolated,ours,28,9,iso_sync_ms,12.929511,recorder
20260925-142559_perlmutter_effc80dd,ours_l01_s1_pv2_r2_pv3c_eps025_trace-a2e8ab_b16_k8_isolated,isolated,ours,28,0,l0_enq_ms,0.681381,recorder
20260925-142559_perlmutter_effc80dd,ours_l01_s1_pv2_r2_pv3c_eps025_trace-a2e8ab_b16_k8_isolated,isolated,ours,28,1,l0_enq_ms,0.722822,recorder
20260925-142559_perlmutter_effc80dd,ours_l01_s1_pv2_r2_pv3c_eps025_trace-a2e8ab_b16_k8_isolated,isolated,ours,28,2,l0_enq_ms,0.691641,recorder
20260925-142559_perlmutter_effc80dd,ours_l01_s1_pv2_r2_pv3c_eps025_trace-a2e8ab_b16_k8_isolated,isolated,ours,28,3,l0_enq_ms,0.663015,recorder
20260925-142559_perlmutter_effc80dd,ours_l01_s1_pv2_r2_pv3c_eps025_trace-a2e8ab_b16_k8_isolated,isolated,ours,28,4,l0_enq_ms,0.658426,recorder
20260925-142559_perlmutter_effc80dd,ours_l01_s1_pv2_r2_pv3c_eps025_trace-a2e8ab_b16_k8_isolated,isolated,ours,28,5,l0_enq_ms,0.65485,recorder
20260925-142559_perlmutter_effc80dd,ours_l01_s1_pv2_r2_pv3c_eps025_trace-a2e8ab_b16_k8_isolated,isolated,ours,28,6,l0_enq_ms,0.679388,recorder
20260925-142559_perlmutter_effc80dd,ours_l01_s1_pv2_r2_pv3c_eps025_trace-a2e8ab_b16_k8_isolated,isolated,ours,28,7,l0_enq_ms,0.683686,recorder
20260925-142559_perlmutter_effc80dd,ours_l01_s1_pv2_r2_pv3c_eps025_trace-a2e8ab_b16_k8_isolated,isolated,ours,28,8,l0_enq_ms,0.6809,recorder
20260925-142559_perlmutter_effc80dd,ours_l01_s1_pv2_r2_pv3c_eps025_trace-a2e8ab_b16_k8_isolated,isolated,ours,28,9,l0_enq_ms,0.691,recorder
20260925-142559_perlmutter_effc80dd,ours_l01_s1_pv2_r2_pv3c_eps025_trace-a2e8ab_b16_k8_isolated,isolated,ours,28,0,l1_enq_ms,0.487024,recorder
20260925-142559_perlmutter_effc80dd,ours_l01_s1_pv2_r2_pv3c_eps025_trace-a2e8ab_b16_k8_isolated,isolated,ours,28,1,l1_enq_ms,0.497605,recorder
20260925-142559_perlmutter_effc80dd,ours_l01_s1_pv2_r2_pv3c_eps025_trace-a2e8ab_b16_k8_isolated,isolated,ours,28,2,l1_enq_ms,0.524146,recorder
20260925-142559_perlmutter_effc80dd,ours_l01_s1_pv2_r2_pv3c_eps025_trace-a2e8ab_b16_k8_isolated,isolated,ours,28,3,l1_enq_ms,0.510991,recorder
20260925-142559_perlmutter_effc80dd,ours_l01_s1_pv2_r2_pv3c_eps025_trace-a2e8ab_b16_k8_isolated,isolated,ours,28,4,l1_enq_ms,0.530639,recorder
20260925-142559_perlmutter_effc80dd,ours_l01_s1_pv2_r2_pv3c_eps025_trace-a2e8ab_b16_k8_isolated,isolated,ours,28,5,l1_enq_ms,0.510671,recorder
20260925-142559_perlmutter_effc80dd,ours_l01_s1_pv2_r2_pv3c_eps025_trace-a2e8ab_b16_k8_isolated,isolated,ours,28,6,l1_enq_ms,0.515039,recorder
20260925-142559_perlmutter_effc80dd,ours_l01_s1_pv2_r2_pv3c_eps025_trace-a2e8ab_b16_k8_isolated,isolated,ours,28,7,l1_enq_ms,0.522483,recorder
20260925-142559_perlmutter_effc80dd,ours_l01_s1_pv2_r2_pv3c_eps025_trace-a2e8ab_b16_k8_isolated,isolated,ours,28,8,l1_enq_ms,0.499158,recorder
20260925-142559_perlmutter_effc80dd,ours_l01_s1_pv2_r2_pv3c_eps025_trace-a2e8ab_b16_k8_isolated,isolated,ours,28,9,l1_enq_ms,0.513505,recorder
20260925-142559_perlmutter_effc80dd,ours_l01_s1_pv2_r2_pv3c_eps025_trace-a2e8ab_b16_k8_isolated,isolated,ours,29,0,e2e_ms,13.505536,recorder
20260925-142559_perlmutter_effc80dd,ours_l01_s1_pv2_r2_pv3c_eps025_trace-a2e8ab_b16_k8_isolated,isolated,ours,29,1,e2e_ms,13.776064,recorder
20260925-142559_perlmutter_effc80dd,ours_l01_s1_pv2_r2_pv3c_eps025_trace-a2e8ab_b16_k8_isolated,isolated,ours,29,2,e2e_ms,13.072,recorder
20260925-142559_perlmutter_effc80dd,ours_l01_s1_pv2_r2_pv3c_eps025_trace-a2e8ab_b16_k8_isolated,isolated,ours,29,3,e2e_ms,13.629568,recorder
20260925-142559_perlmutter_effc80dd,ours_l01_s1_pv2_r2_pv3c_eps025_trace-a2e8ab_b16_k8_isolated,isolated,ours,29,4,e2e_ms,13.692,recorder
20260925-142559_perlmutter_effc80dd,ours_l01_s1_pv2_r2_pv3c_eps025_trace-a2e8ab_b16_k8_isolated,isolated,ours,29,5,e2e_ms,14.461504,recorder
20260925-142559_perlmutter_effc80dd,ours_l01_s1_pv2_r2_pv3c_eps025_trace-a2e8ab_b16_k8_isolated,isolated,ours,29,6,e2e_ms,13.498624,recorder
20260925-142559_perlmutter_effc80dd,ours_l01_s1_pv2_r2_pv3c_eps025_trace-a2e8ab_b16_k8_isolated,isolated,ours,29,7,e2e_ms,13.754368,recorder
20260925-142559_perlmutter_effc80dd,ours_l01_s1_pv2_r2_pv3c_eps025_trace-a2e8ab_b16_k8_isolated,isolated,ours,29,8,e2e_ms,13.998816,recorder
20260925-142559_perlmutter_effc80dd,ours_l01_s1_pv2_r2_pv3c_eps025_trace-a2e8ab_b16_k8_isolated,isolated,ours,29,9,e2e_ms,14.000192,recorder
20260925-142559_perlmutter_effc80dd,ours_l01_s1_pv2_r2_pv3c_eps025_trace-a2e8ab_b16_k8_isolated,isolated,ours,29,0,l0_ms,6.903008,recorder
20260925-142559_perlmutter_effc80dd,ours_l01_s1_pv2_r2_pv3c_eps025_trace-a2e8ab_b16_k8_isolated,isolated,ours,29,1,l0_ms,6.74352,recorder
20260925-142559_perlmutter_effc80dd,ours_l01_s1_pv2_r2_pv3c_eps025_trace-a2e8ab_b16_k8_isolated,isolated,ours,29,2,l0_ms,6.450176,recorder
20260925-142559_perlmutter_effc80dd,ours_l01_s1_pv2_r2_pv3c_eps025_trace-a2e8ab_b16_k8_isolated,isolated,ours,29,3,l0_ms,6.409184,recorder
20260925-142559_perlmutter_effc80dd,ours_l01_s1_pv2_r2_pv3c_eps025_trace-a2e8ab_b16_k8_isolated,isolated,ours,29,4,l0_ms,6.727744,recorder
20260925-142559_perlmutter_effc80dd,ours_l01_s1_pv2_r2_pv3c_eps025_trace-a2e8ab_b16_k8_isolated,isolated,ours,29,5,l0_ms,7.01984,recorder
20260925-142559_perlmutter_effc80dd,ours_l01_s1_pv2_r2_pv3c_eps025_trace-a2e8ab_b16_k8_isolated,isolated,ours,29,6,l0_ms,6.598208,recorder
20260925-142559_perlmutter_effc80dd,ours_l01_s1_pv2_r2_pv3c_eps025_trace-a2e8ab_b16_k8_isolated,isolated,ours,29,7,l0_ms,6.777696,recorder
20260925-142559_perlmutter_effc80dd,ours_l01_s1_pv2_r2_pv3c_eps025_trace-a2e8ab_b16_k8_isolated,isolated,ours,29,8,l0_ms,6.768192,recorder
20260925-142559_perlmutter_effc80dd,ours_l01_s1_pv2_r2_pv3c_eps025_trace-a2e8ab_b16_k8_isolated,isolated,ours,29,9,l0_ms,6.533792,recorder
20260925-142559_perlmutter_effc80dd,ours_l01_s1_pv2_r2_pv3c_eps025_trace-a2e8ab_b16_k8_isolated,isolated,ours,29,0,act_ms,0.058336,recorder
20260925-142559_perlmutter_effc80dd,ours_l01_s1_pv2_r2_pv3c_eps025_trace-a2e8ab_b16_k8_isolated,isolated,ours,29,1,act_ms,0.055584,recorder
20260925-142559_perlmutter_effc80dd,ours_l01_s1_pv2_r2_pv3c_eps025_trace-a2e8ab_b16_k8_isolated,isolated,ours,29,2,act_ms,0.05936,recorder
20260925-142559_perlmutter_effc80dd,ours_l01_s1_pv2_r2_pv3c_eps025_trace-a2e8ab_b16_k8_isolated,isolated,ours,29,3,act_ms,0.060128,recorder
20260925-142559_perlmutter_effc80dd,ours_l01_s1_pv2_r2_pv3c_eps025_trace-a2e8ab_b16_k8_isolated,isolated,ours,29,4,act_ms,0.060224,recorder
20260925-142559_perlmutter_effc80dd,ours_l01_s1_pv2_r2_pv3c_eps025_trace-a2e8ab_b16_k8_isolated,isolated,ours,29,5,act_ms,0.05808,recorder
20260925-142559_perlmutter_effc80dd,ours_l01_s1_pv2_r2_pv3c_eps025_trace-a2e8ab_b16_k8_isolated,isolated,ours,29,6,act_ms,0.059424,recorder
20260925-142559_perlmutter_effc80dd,ours_l01_s1_pv2_r2_pv3c_eps025_trace-a2e8ab_b16_k8_isolated,isolated,ours,29,7,act_ms,0.056832,recorder
20260925-142559_perlmutter_effc80dd,ours_l01_s1_pv2_r2_pv3c_eps025_trace-a2e8ab_b16_k8_isolated,isolated,ours,29,8,act_ms,0.059168,recorder
20260925-142559_perlmutter_effc80dd,ours_l01_s1_pv2_r2_pv3c_eps025_trace-a2e8ab_b16_k8_isolated,isolated,ours,29,9,act_ms,0.056512,recorder
20260925-142559_perlmutter_effc80dd,ours_l01_s1_pv2_r2_pv3c_eps025_trace-a2e8ab_b16_k8_isolated,isolated,ours,29,0,l1_ms,6.544192,recorder
20260925-142559_perlmutter_effc80dd,ours_l01_s1_pv2_r2_pv3c_eps025_trace-a2e8ab_b16_k8_isolated,isolated,ours,29,1,l1_ms,6.97696,recorder
20260925-142559_perlmutter_effc80dd,ours_l01_s1_pv2_r2_pv3c_eps025_trace-a2e8ab_b16_k8_isolated,isolated,ours,29,2,l1_ms,6.562464,recorder
20260925-142559_perlmutter_effc80dd,ours_l01_s1_pv2_r2_pv3c_eps025_trace-a2e8ab_b16_k8_isolated,isolated,ours,29,3,l1_ms,7.160256,recorder
20260925-142559_perlmutter_effc80dd,ours_l01_s1_pv2_r2_pv3c_eps025_trace-a2e8ab_b16_k8_isolated,isolated,ours,29,4,l1_ms,6.904032,recorder
20260925-142559_perlmutter_effc80dd,ours_l01_s1_pv2_r2_pv3c_eps025_trace-a2e8ab_b16_k8_isolated,isolated,ours,29,5,l1_ms,7.383584,recorder
20260925-142559_perlmutter_effc80dd,ours_l01_s1_pv2_r2_pv3c_eps025_trace-a2e8ab_b16_k8_isolated,isolated,ours,29,6,l1_ms,6.840992,recorder
20260925-142559_perlmutter_effc80dd,ours_l01_s1_pv2_r2_pv3c_eps025_trace-a2e8ab_b16_k8_isolated,isolated,ours,29,7,l1_ms,6.91984,recorder
20260925-142559_perlmutter_effc80dd,ours_l01_s1_pv2_r2_pv3c_eps025_trace-a2e8ab_b16_k8_isolated,isolated,ours,29,8,l1_ms,7.171456,recorder
20260925-142559_perlmutter_effc80dd,ours_l01_s1_pv2_r2_pv3c_eps025_trace-a2e8ab_b16_k8_isolated,isolated,ours,29,9,l1_ms,7.409888,recorder
20260925-142559_perlmutter_effc80dd,ours_l01_s1_pv2_r2_pv3c_eps025_trace-a2e8ab_b16_k8_isolated,isolated,ours,29,0,plan_comm_ms,0.61632,recorder
20260925-142559_perlmutter_effc80dd,ours_l01_s1_pv2_r2_pv3c_eps025_trace-a2e8ab_b16_k8_isolated,isolated,ours,29,1,plan_comm_ms,0.449472,recorder
20260925-142559_perlmutter_effc80dd,ours_l01_s1_pv2_r2_pv3c_eps025_trace-a2e8ab_b16_k8_isolated,isolated,ours,29,2,plan_comm_ms,0.562976,recorder
20260925-142559_perlmutter_effc80dd,ours_l01_s1_pv2_r2_pv3c_eps025_trace-a2e8ab_b16_k8_isolated,isolated,ours,29,3,plan_comm_ms,0.428384,recorder
20260925-142559_perlmutter_effc80dd,ours_l01_s1_pv2_r2_pv3c_eps025_trace-a2e8ab_b16_k8_isolated,isolated,ours,29,4,plan_comm_ms,0.208512,recorder
20260925-142559_perlmutter_effc80dd,ours_l01_s1_pv2_r2_pv3c_eps025_trace-a2e8ab_b16_k8_isolated,isolated,ours,29,5,plan_comm_ms,0.654656,recorder
20260925-142559_perlmutter_effc80dd,ours_l01_s1_pv2_r2_pv3c_eps025_trace-a2e8ab_b16_k8_isolated,isolated,ours,29,6,plan_comm_ms,0.184928,recorder
20260925-142559_perlmutter_effc80dd,ours_l01_s1_pv2_r2_pv3c_eps025_trace-a2e8ab_b16_k8_isolated,isolated,ours,29,7,plan_comm_ms,0.182272,recorder
20260925-142559_perlmutter_effc80dd,ours_l01_s1_pv2_r2_pv3c_eps025_trace-a2e8ab_b16_k8_isolated,isolated,ours,29,8,plan_comm_ms,0.196224,recorder
20260925-142559_perlmutter_effc80dd,ours_l01_s1_pv2_r2_pv3c_eps025_trace-a2e8ab_b16_k8_isolated,isolated,ours,29,9,plan_comm_ms,0.194656,recorder
20260925-142559_perlmutter_effc80dd,ours_l01_s1_pv2_r2_pv3c_eps025_trace-a2e8ab_b16_k8_isolated,isolated,ours,29,0,place_ms,0.002304,recorder
20260925-142559_perlmutter_effc80dd,ours_l01_s1_pv2_r2_pv3c_eps025_trace-a2e8ab_b16_k8_isolated,isolated,ours,29,1,place_ms,0.002304,recorder
20260925-142559_perlmutter_effc80dd,ours_l01_s1_pv2_r2_pv3c_eps025_trace-a2e8ab_b16_k8_isolated,isolated,ours,29,2,place_ms,0.002304,recorder
20260925-142559_perlmutter_effc80dd,ours_l01_s1_pv2_r2_pv3c_eps025_trace-a2e8ab_b16_k8_isolated,isolated,ours,29,3,place_ms,0.002304,recorder
20260925-142559_perlmutter_effc80dd,ours_l01_s1_pv2_r2_pv3c_eps025_trace-a2e8ab_b16_k8_isolated,isolated,ours,29,4,place_ms,0.002304,recorder
20260925-142559_perlmutter_effc80dd,ours_l01_s1_pv2_r2_pv3c_eps025_trace-a2e8ab_b16_k8_isolated,isolated,ours,29,5,place_ms,0.002304,recorder
20260925-142559_perlmutter_effc80dd,ours_l01_s1_pv2_r2_pv3c_eps025_trace-a2e8ab_b16_k8_isolated,isolated,ours,29,6,place_ms,0.002336,recorder
20260925-142559_perlmutter_effc80dd,ours_l01_s1_pv2_r2_pv3c_eps025_trace-a2e8ab_b16_k8_isolated,isolated,ours,29,7,place_ms,0.002304,recorder
20260925-142559_perlmutter_effc80dd,ours_l01_s1_pv2_r2_pv3c_eps025_trace-a2e8ab_b16_k8_isolated,isolated,ours,29,8,place_ms,0.002304,recorder
20260925-142559_perlmutter_effc80dd,ours_l01_s1_pv2_r2_pv3c_eps025_trace-a2e8ab_b16_k8_isolated,isolated,ours,29,9,place_ms,0.002464,recorder
20260925-142559_perlmutter_effc80dd,ours_l01_s1_pv2_r2_pv3c_eps025_trace-a2e8ab_b16_k8_isolated,isolated,ours,29,0,plan_ms,1.130368,recorder
20260925-142559_perlmutter_effc80dd,ours_l01_s1_pv2_r2_pv3c_eps025_trace-a2e8ab_b16_k8_isolated,isolated,ours,29,1,plan_ms,1.102496,recorder
20260925-142559_perlmutter_effc80dd,ours_l01_s1_pv2_r2_pv3c_eps025_trace-a2e8ab_b16_k8_isolated,isolated,ours,29,2,plan_ms,1.143584,recorder
20260925-142559_perlmutter_effc80dd,ours_l01_s1_pv2_r2_pv3c_eps025_trace-a2e8ab_b16_k8_isolated,isolated,ours,29,3,plan_ms,1.114208,recorder
20260925-142559_perlmutter_effc80dd,ours_l01_s1_pv2_r2_pv3c_eps025_trace-a2e8ab_b16_k8_isolated,isolated,ours,29,4,plan_ms,1.11072,recorder
20260925-142559_perlmutter_effc80dd,ours_l01_s1_pv2_r2_pv3c_eps025_trace-a2e8ab_b16_k8_isolated,isolated,ours,29,5,plan_ms,1.12144,recorder
20260925-142559_perlmutter_effc80dd,ours_l01_s1_pv2_r2_pv3c_eps025_trace-a2e8ab_b16_k8_isolated,isolated,ours,29,6,plan_ms,1.12224,recorder
20260925-142559_perlmutter_effc80dd,ours_l01_s1_pv2_r2_pv3c_eps025_trace-a2e8ab_b16_k8_isolated,isolated,ours,29,7,plan_ms,1.11104,recorder
20260925-142559_perlmutter_effc80dd,ours_l01_s1_pv2_r2_pv3c_eps025_trace-a2e8ab_b16_k8_isolated,isolated,ours,29,8,plan_ms,1.095456,recorder
20260925-142559_perlmutter_effc80dd,ours_l01_s1_pv2_r2_pv3c_eps025_trace-a2e8ab_b16_k8_isolated,isolated,ours,29,9,plan_ms,1.102336,recorder
20260925-142559_perlmutter_effc80dd,ours_l01_s1_pv2_r2_pv3c_eps025_trace-a2e8ab_b16_k8_isolated,isolated,ours,29,0,total_ms,15.264768,recorder
20260925-142559_perlmutter_effc80dd,ours_l01_s1_pv2_r2_pv3c_eps025_trace-a2e8ab_b16_k8_isolated,isolated,ours,29,1,total_ms,15.339648,recorder
20260925-142559_perlmutter_effc80dd,ours_l01_s1_pv2_r2_pv3c_eps025_trace-a2e8ab_b16_k8_isolated,isolated,ours,29,2,total_ms,14.791168,recorder
20260925-142559_perlmutter_effc80dd,ours_l01_s1_pv2_r2_pv3c_eps025_trace-a2e8ab_b16_k8_isolated,isolated,ours,29,3,total_ms,15.18384,recorder
20260925-142559_perlmutter_effc80dd,ours_l01_s1_pv2_r2_pv3c_eps025_trace-a2e8ab_b16_k8_isolated,isolated,ours,29,4,total_ms,15.023328,recorder
20260925-142559_perlmutter_effc80dd,ours_l01_s1_pv2_r2_pv3c_eps025_trace-a2e8ab_b16_k8_isolated,isolated,ours,29,5,total_ms,16.250208,recorder
20260925-142559_perlmutter_effc80dd,ours_l01_s1_pv2_r2_pv3c_eps025_trace-a2e8ab_b16_k8_isolated,isolated,ours,29,6,total_ms,14.819968,recorder
20260925-142559_perlmutter_effc80dd,ours_l01_s1_pv2_r2_pv3c_eps025_trace-a2e8ab_b16_k8_isolated,isolated,ours,29,7,total_ms,15.059776,recorder
20260925-142559_perlmutter_effc80dd,ours_l01_s1_pv2_r2_pv3c_eps025_trace-a2e8ab_b16_k8_isolated,isolated,ours,29,8,total_ms,15.302112,recorder
20260925-142559_perlmutter_effc80dd,ours_l01_s1_pv2_r2_pv3c_eps025_trace-a2e8ab_b16_k8_isolated,isolated,ours,29,9,total_ms,15.309184,recorder
20260925-142559_perlmutter_effc80dd,ours_l01_s1_pv2_r2_pv3c_eps025_trace-a2e8ab_b16_k8_isolated,isolated,ours,29,0,iso_sync_ms,12.322663,recorder
20260925-142559_perlmutter_effc80dd,ours_l01_s1_pv2_r2_pv3c_eps025_trace-a2e8ab_b16_k8_isolated,isolated,ours,29,1,iso_sync_ms,12.417789,recorder
20260925-142559_perlmutter_effc80dd,ours_l01_s1_pv2_r2_pv3c_eps025_trace-a2e8ab_b16_k8_isolated,isolated,ours,29,2,iso_sync_ms,12.419021,recorder
20260925-142559_perlmutter_effc80dd,ours_l01_s1_pv2_r2_pv3c_eps025_trace-a2e8ab_b16_k8_isolated,isolated,ours,29,3,iso_sync_ms,13.383962,recorder
20260925-142559_perlmutter_effc80dd,ours_l01_s1_pv2_r2_pv3c_eps025_trace-a2e8ab_b16_k8_isolated,isolated,ours,29,4,iso_sync_ms,12.271966,recorder
20260925-142559_perlmutter_effc80dd,ours_l01_s1_pv2_r2_pv3c_eps025_trace-a2e8ab_b16_k8_isolated,isolated,ours,29,5,iso_sync_ms,12.091947,recorder
20260925-142559_perlmutter_effc80dd,ours_l01_s1_pv2_r2_pv3c_eps025_trace-a2e8ab_b16_k8_isolated,isolated,ours,29,6,iso_sync_ms,13.033622,recorder
20260925-142559_perlmutter_effc80dd,ours_l01_s1_pv2_r2_pv3c_eps025_trace-a2e8ab_b16_k8_isolated,isolated,ours,29,7,iso_sync_ms,12.156482,recorder
20260925-142559_perlmutter_effc80dd,ours_l01_s1_pv2_r2_pv3c_eps025_trace-a2e8ab_b16_k8_isolated,isolated,ours,29,8,iso_sync_ms,12.696619,recorder
20260925-142559_perlmutter_effc80dd,ours_l01_s1_pv2_r2_pv3c_eps025_trace-a2e8ab_b16_k8_isolated,isolated,ours,29,9,iso_sync_ms,13.055355,recorder
20260925-142559_perlmutter_effc80dd,ours_l01_s1_pv2_r2_pv3c_eps025_trace-a2e8ab_b16_k8_isolated,isolated,ours,29,0,l0_enq_ms,0.674468,recorder
20260925-142559_perlmutter_effc80dd,ours_l01_s1_pv2_r2_pv3c_eps025_trace-a2e8ab_b16_k8_isolated,isolated,ours,29,1,l0_enq_ms,0.65993,recorder
20260925-142559_perlmutter_effc80dd,ours_l01_s1_pv2_r2_pv3c_eps025_trace-a2e8ab_b16_k8_isolated,isolated,ours,29,2,l0_enq_ms,0.658798,recorder
20260925-142559_perlmutter_effc80dd,ours_l01_s1_pv2_r2_pv3c_eps025_trace-a2e8ab_b16_k8_isolated,isolated,ours,29,3,l0_enq_ms,0.663005,recorder
20260925-142559_perlmutter_effc80dd,ours_l01_s1_pv2_r2_pv3c_eps025_trace-a2e8ab_b16_k8_isolated,isolated,ours,29,4,l0_enq_ms,0.872642,recorder
20260925-142559_perlmutter_effc80dd,ours_l01_s1_pv2_r2_pv3c_eps025_trace-a2e8ab_b16_k8_isolated,isolated,ours,29,5,l0_enq_ms,0.753211,recorder
20260925-142559_perlmutter_effc80dd,ours_l01_s1_pv2_r2_pv3c_eps025_trace-a2e8ab_b16_k8_isolated,isolated,ours,29,6,l0_enq_ms,0.653367,recorder
20260925-142559_perlmutter_effc80dd,ours_l01_s1_pv2_r2_pv3c_eps025_trace-a2e8ab_b16_k8_isolated,isolated,ours,29,7,l0_enq_ms,0.653778,recorder
20260925-142559_perlmutter_effc80dd,ours_l01_s1_pv2_r2_pv3c_eps025_trace-a2e8ab_b16_k8_isolated,isolated,ours,29,8,l0_enq_ms,0.654268,recorder
20260925-142559_perlmutter_effc80dd,ours_l01_s1_pv2_r2_pv3c_eps025_trace-a2e8ab_b16_k8_isolated,isolated,ours,29,9,l0_enq_ms,0.66544,recorder
20260925-142559_perlmutter_effc80dd,ours_l01_s1_pv2_r2_pv3c_eps025_trace-a2e8ab_b16_k8_isolated,isolated,ours,29,0,l1_enq_ms,0.48463,recorder
20260925-142559_perlmutter_effc80dd,ours_l01_s1_pv2_r2_pv3c_eps025_trace-a2e8ab_b16_k8_isolated,isolated,ours,29,1,l1_enq_ms,0.525669,recorder
20260925-142559_perlmutter_effc80dd,ours_l01_s1_pv2_r2_pv3c_eps025_trace-a2e8ab_b16_k8_isolated,isolated,ours,29,2,l1_enq_ms,0.532684,recorder
20260925-142559_perlmutter_effc80dd,ours_l01_s1_pv2_r2_pv3c_eps025_trace-a2e8ab_b16_k8_isolated,isolated,ours,29,3,l1_enq_ms,0.486093,recorder
20260925-142559_perlmutter_effc80dd,ours_l01_s1_pv2_r2_pv3c_eps025_trace-a2e8ab_b16_k8_isolated,isolated,ours,29,4,l1_enq_ms,0.544737,recorder
20260925-142559_perlmutter_effc80dd,ours_l01_s1_pv2_r2_pv3c_eps025_trace-a2e8ab_b16_k8_isolated,isolated,ours,29,5,l1_enq_ms,0.504108,recorder
20260925-142559_perlmutter_effc80dd,ours_l01_s1_pv2_r2_pv3c_eps025_trace-a2e8ab_b16_k8_isolated,isolated,ours,29,6,l1_enq_ms,0.507514,recorder
20260925-142559_perlmutter_effc80dd,ours_l01_s1_pv2_r2_pv3c_eps025_trace-a2e8ab_b16_k8_isolated,isolated,ours,29,7,l1_enq_ms,0.503586,recorder
20260925-142559_perlmutter_effc80dd,ours_l01_s1_pv2_r2_pv3c_eps025_trace-a2e8ab_b16_k8_isolated,isolated,ours,29,8,l1_enq_ms,0.492465,recorder
20260925-142559_perlmutter_effc80dd,ours_l01_s1_pv2_r2_pv3c_eps025_trace-a2e8ab_b16_k8_isolated,isolated,ours,29,9,l1_enq_ms,0.508866,recorder
20260925-142559_perlmutter_effc80dd,ours_l01_s1_pv2_r2_pv3c_eps025_trace-a2e8ab_b16_k8_isolated,isolated,ours,30,0,e2e_ms,13.474144,recorder
20260925-142559_perlmutter_effc80dd,ours_l01_s1_pv2_r2_pv3c_eps025_trace-a2e8ab_b16_k8_isolated,isolated,ours,30,1,e2e_ms,13.647648,recorder
20260925-142559_perlmutter_effc80dd,ours_l01_s1_pv2_r2_pv3c_eps025_trace-a2e8ab_b16_k8_isolated,isolated,ours,30,2,e2e_ms,13.08832,recorder
20260925-142559_perlmutter_effc80dd,ours_l01_s1_pv2_r2_pv3c_eps025_trace-a2e8ab_b16_k8_isolated,isolated,ours,30,3,e2e_ms,13.424096,recorder
20260925-142559_perlmutter_effc80dd,ours_l01_s1_pv2_r2_pv3c_eps025_trace-a2e8ab_b16_k8_isolated,isolated,ours,30,4,e2e_ms,13.671456,recorder
20260925-142559_perlmutter_effc80dd,ours_l01_s1_pv2_r2_pv3c_eps025_trace-a2e8ab_b16_k8_isolated,isolated,ours,30,5,e2e_ms,14.456832,recorder
20260925-142559_perlmutter_effc80dd,ours_l01_s1_pv2_r2_pv3c_eps025_trace-a2e8ab_b16_k8_isolated,isolated,ours,30,6,e2e_ms,13.346848,recorder
20260925-142559_perlmutter_effc80dd,ours_l01_s1_pv2_r2_pv3c_eps025_trace-a2e8ab_b16_k8_isolated,isolated,ours,30,7,e2e_ms,13.750624,recorder
20260925-142559_perlmutter_effc80dd,ours_l01_s1_pv2_r2_pv3c_eps025_trace-a2e8ab_b16_k8_isolated,isolated,ours,30,8,e2e_ms,13.990816,recorder
20260925-142559_perlmutter_effc80dd,ours_l01_s1_pv2_r2_pv3c_eps025_trace-a2e8ab_b16_k8_isolated,isolated,ours,30,9,e2e_ms,13.99008,recorder
20260925-142559_perlmutter_effc80dd,ours_l01_s1_pv2_r2_pv3c_eps025_trace-a2e8ab_b16_k8_isolated,isolated,ours,30,0,l0_ms,6.920416,recorder
20260925-142559_perlmutter_effc80dd,ours_l01_s1_pv2_r2_pv3c_eps025_trace-a2e8ab_b16_k8_isolated,isolated,ours,30,1,l0_ms,6.744128,recorder
20260925-142559_perlmutter_effc80dd,ours_l01_s1_pv2_r2_pv3c_eps025_trace-a2e8ab_b16_k8_isolated,isolated,ours,30,2,l0_ms,6.479392,recorder
20260925-142559_perlmutter_effc80dd,ours_l01_s1_pv2_r2_pv3c_eps025_trace-a2e8ab_b16_k8_isolated,isolated,ours,30,3,l0_ms,6.415936,recorder
20260925-142559_perlmutter_effc80dd,ours_l01_s1_pv2_r2_pv3c_eps025_trace-a2e8ab_b16_k8_isolated,isolated,ours,30,4,l0_ms,6.709248,recorder
20260925-142559_perlmutter_effc80dd,ours_l01_s1_pv2_r2_pv3c_eps025_trace-a2e8ab_b16_k8_isolated,isolated,ours,30,5,l0_ms,7.019008,recorder
20260925-142559_perlmutter_effc80dd,ours_l01_s1_pv2_r2_pv3c_eps025_trace-a2e8ab_b16_k8_isolated,isolated,ours,30,6,l0_ms,6.626368,recorder
20260925-142559_perlmutter_effc80dd,ours_l01_s1_pv2_r2_pv3c_eps025_trace-a2e8ab_b16_k8_isolated,isolated,ours,30,7,l0_ms,6.772,recorder
20260925-142559_perlmutter_effc80dd,ours_l01_s1_pv2_r2_pv3c_eps025_trace-a2e8ab_b16_k8_isolated,isolated,ours,30,8,l0_ms,6.775008,recorder
20260925-142559_perlmutter_effc80dd,ours_l01_s1_pv2_r2_pv3c_eps025_trace-a2e8ab_b16_k8_isolated,isolated,ours,30,9,l0_ms,6.527072,recorder
20260925-142559_perlmutter_effc80dd,ours_l01_s1_pv2_r2_pv3c_eps025_trace-a2e8ab_b16_k8_isolated,isolated,ours,30,0,act_ms,0.061248,recorder
20260925-142559_perlmutter_effc80dd,ours_l01_s1_pv2_r2_pv3c_eps025_trace-a2e8ab_b16_k8_isolated,isolated,ours,30,1,act_ms,0.060192,recorder
20260925-142559_perlmutter_effc80dd,ours_l01_s1_pv2_r2_pv3c_eps025_trace-a2e8ab_b16_k8_isolated,isolated,ours,30,2,act_ms,0.059008,recorder
20260925-142559_perlmutter_effc80dd,ours_l01_s1_pv2_r2_pv3c_eps025_trace-a2e8ab_b16_k8_isolated,isolated,ours,30,3,act_ms,0.060384,recorder
20260925-142559_perlmutter_effc80dd,ours_l01_s1_pv2_r2_pv3c_eps025_trace-a2e8ab_b16_k8_isolated,isolated,ours,30,4,act_ms,0.058528,recorder
20260925-142559_perlmutter_effc80dd,ours_l01_s1_pv2_r2_pv3c_eps025_trace-a2e8ab_b16_k8_isolated,isolated,ours,30,5,act_ms,0.060256,recorder
20260925-142559_perlmutter_effc80dd,ours_l01_s1_pv2_r2_pv3c_eps025_trace-a2e8ab_b16_k8_isolated,isolated,ours,30,6,act_ms,0.059296,recorder
20260925-142559_perlmutter_effc80dd,ours_l01_s1_pv2_r2_pv3c_eps025_trace-a2e8ab_b16_k8_isolated,isolated,ours,30,7,act_ms,0.066048,recorder
20260925-142559_perlmutter_effc80dd,ours_l01_s1_pv2_r2_pv3c_eps025_trace-a2e8ab_b16_k8_isolated,isolated,ours,30,8,act_ms,0.06128,recorder
20260925-142559_perlmutter_effc80dd,ours_l01_s1_pv2_r2_pv3c_eps025_trace-a2e8ab_b16_k8_isolated,isolated,ours,30,9,act_ms,0.0624,recorder
20260925-142559_perlmutter_effc80dd,ours_l01_s1_pv2_r2_pv3c_eps025_trace-a2e8ab_b16_k8_isolated,isolated,ours,30,0,l1_ms,6.49248,recorder
20260925-142559_perlmutter_effc80dd,ours_l01_s1_pv2_r2_pv3c_eps025_trace-a2e8ab_b16_k8_isolated,isolated,ours,30,1,l1_ms,6.843328,recorder
20260925-142559_perlmutter_effc80dd,ours_l01_s1_pv2_r2_pv3c_eps025_trace-a2e8ab_b16_k8_isolated,isolated,ours,30,2,l1_ms,6.54992,recorder
20260925-142559_perlmutter_effc80dd,ours_l01_s1_pv2_r2_pv3c_eps025_trace-a2e8ab_b16_k8_isolated,isolated,ours,30,3,l1_ms,6.947776,recorder
20260925-142559_perlmutter_effc80dd,ours_l01_s1_pv2_r2_pv3c_eps025_trace-a2e8ab_b16_k8_isolated,isolated,ours,30,4,l1_ms,6.90368,recorder
20260925-142559_perlmutter_effc80dd,ours_l01_s1_pv2_r2_pv3c_eps025_trace-a2e8ab_b16_k8_isolated,isolated,ours,30,5,l1_ms,7.377568,recorder
20260925-142559_perlmutter_effc80dd,ours_l01_s1_pv2_r2_pv3c_eps025_trace-a2e8ab_b16_k8_isolated,isolated,ours,30,6,l1_ms,6.661184,recorder
20260925-142559_perlmutter_effc80dd,ours_l01_s1_pv2_r2_pv3c_eps025_trace-a2e8ab_b16_k8_isolated,isolated,ours,30,7,l1_ms,6.912576,recorder
20260925-142559_perlmutter_effc80dd,ours_l01_s1_pv2_r2_pv3c_eps025_trace-a2e8ab_b16_k8_isolated,isolated,ours,30,8,l1_ms,7.154528,recorder
20260925-142559_perlmutter_effc80dd,ours_l01_s1_pv2_r2_pv3c_eps025_trace-a2e8ab_b16_k8_isolated,isolated,ours,30,9,l1_ms,7.400608,recorder
20260925-142559_perlmutter_effc80dd,ours_l01_s1_pv2_r2_pv3c_eps025_trace-a2e8ab_b16_k8_isolated,isolated,ours,30,0,plan_comm_ms,0.616064,recorder
20260925-142559_perlmutter_effc80dd,ours_l01_s1_pv2_r2_pv3c_eps025_trace-a2e8ab_b16_k8_isolated,isolated,ours,30,1,plan_comm_ms,0.447744,recorder
20260925-142559_perlmutter_effc80dd,ours_l01_s1_pv2_r2_pv3c_eps025_trace-a2e8ab_b16_k8_isolated,isolated,ours,30,2,plan_comm_ms,0.573184,recorder
20260925-142559_perlmutter_effc80dd,ours_l01_s1_pv2_r2_pv3c_eps025_trace-a2e8ab_b16_k8_isolated,isolated,ours,30,3,plan_comm_ms,0.427968,recorder
20260925-142559_perlmutter_effc80dd,ours_l01_s1_pv2_r2_pv3c_eps025_trace-a2e8ab_b16_k8_isolated,isolated,ours,30,4,plan_comm_ms,0.208192,recorder
20260925-142559_perlmutter_effc80dd,ours_l01_s1_pv2_r2_pv3c_eps025_trace-a2e8ab_b16_k8_isolated,isolated,ours,30,5,plan_comm_ms,0.65472,recorder
20260925-142559_perlmutter_effc80dd,ours_l01_s1_pv2_r2_pv3c_eps025_trace-a2e8ab_b16_k8_isolated,isolated,ours,30,6,plan_comm_ms,0.190016,recorder
20260925-142559_perlmutter_effc80dd,ours_l01_s1_pv2_r2_pv3c_eps025_trace-a2e8ab_b16_k8_isolated,isolated,ours,30,7,plan_comm_ms,0.191296,recorder
20260925-142559_perlmutter_effc80dd,ours_l01_s1_pv2_r2_pv3c_eps025_trace-a2e8ab_b16_k8_isolated,isolated,ours,30,8,plan_comm_ms,0.19488,recorder
20260925-142559_perlmutter_effc80dd,ours_l01_s1_pv2_r2_pv3c_eps025_trace-a2e8ab_b16_k8_isolated,isolated,ours,30,9,plan_comm_ms,0.20064,recorder
20260925-142559_perlmutter_effc80dd,ours_l01_s1_pv2_r2_pv3c_eps025_trace-a2e8ab_b16_k8_isolated,isolated,ours,30,0,place_ms,0.002336,recorder
20260925-142559_perlmutter_effc80dd,ours_l01_s1_pv2_r2_pv3c_eps025_trace-a2e8ab_b16_k8_isolated,isolated,ours,30,1,place_ms,0.002336,recorder
20260925-142559_perlmutter_effc80dd,ours_l01_s1_pv2_r2_pv3c_eps025_trace-a2e8ab_b16_k8_isolated,isolated,ours,30,2,place_ms,0.002368,recorder
20260925-142559_perlmutter_effc80dd,ours_l01_s1_pv2_r2_pv3c_eps025_trace-a2e8ab_b16_k8_isolated,isolated,ours,30,3,place_ms,0.002368,recorder
20260925-142559_perlmutter_effc80dd,ours_l01_s1_pv2_r2_pv3c_eps025_trace-a2e8ab_b16_k8_isolated,isolated,ours,30,4,place_ms,0.002336,recorder
20260925-142559_perlmutter_effc80dd,ours_l01_s1_pv2_r2_pv3c_eps025_trace-a2e8ab_b16_k8_isolated,isolated,ours,30,5,place_ms,0.002368,recorder
20260925-142559_perlmutter_effc80dd,ours_l01_s1_pv2_r2_pv3c_eps025_trace-a2e8ab_b16_k8_isolated,isolated,ours,30,6,place_ms,0.002336,recorder
20260925-142559_perlmutter_effc80dd,ours_l01_s1_pv2_r2_pv3c_eps025_trace-a2e8ab_b16_k8_isolated,isolated,ours,30,7,place_ms,0.002336,recorder
20260925-142559_perlmutter_effc80dd,ours_l01_s1_pv2_r2_pv3c_eps025_trace-a2e8ab_b16_k8_isolated,isolated,ours,30,8,place_ms,0.002336,recorder
20260925-142559_perlmutter_effc80dd,ours_l01_s1_pv2_r2_pv3c_eps025_trace-a2e8ab_b16_k8_isolated,isolated,ours,30,9,place_ms,0.002304,recorder
20260925-142559_perlmutter_effc80dd,ours_l01_s1_pv2_r2_pv3c_eps025_trace-a2e8ab_b16_k8_isolated,isolated,ours,30,0,plan_ms,1.132832,recorder
20260925-142559_perlmutter_effc80dd,ours_l01_s1_pv2_r2_pv3c_eps025_trace-a2e8ab_b16_k8_isolated,isolated,ours,30,1,plan_ms,1.121344,recorder
20260925-142559_perlmutter_effc80dd,ours_l01_s1_pv2_r2_pv3c_eps025_trace-a2e8ab_b16_k8_isolated,isolated,ours,30,2,plan_ms,1.118784,recorder
20260925-142559_perlmutter_effc80dd,ours_l01_s1_pv2_r2_pv3c_eps025_trace-a2e8ab_b16_k8_isolated,isolated,ours,30,3,plan_ms,1.127968,recorder
20260925-142559_perlmutter_effc80dd,ours_l01_s1_pv2_r2_pv3c_eps025_trace-a2e8ab_b16_k8_isolated,isolated,ours,30,4,plan_ms,1.128032,recorder
20260925-142559_perlmutter_effc80dd,ours_l01_s1_pv2_r2_pv3c_eps025_trace-a2e8ab_b16_k8_isolated,isolated,ours,30,5,plan_ms,1.124896,recorder
20260925-142559_perlmutter_effc80dd,ours_l01_s1_pv2_r2_pv3c_eps025_trace-a2e8ab_b16_k8_isolated,isolated,ours,30,6,plan_ms,1.111904,recorder
20260925-142559_perlmutter_effc80dd,ours_l01_s1_pv2_r2_pv3c_eps025_trace-a2e8ab_b16_k8_isolated,isolated,ours,30,7,plan_ms,1.111712,recorder
20260925-142559_perlmutter_effc80dd,ours_l01_s1_pv2_r2_pv3c_eps025_trace-a2e8ab_b16_k8_isolated,isolated,ours,30,8,plan_ms,1.103136,recorder
20260925-142559_perlmutter_effc80dd,ours_l01_s1_pv2_r2_pv3c_eps025_trace-a2e8ab_b16_k8_isolated,isolated,ours,30,9,plan_ms,1.110208,recorder
20260925-142559_perlmutter_effc80dd,ours_l01_s1_pv2_r2_pv3c_eps025_trace-a2e8ab_b16_k8_isolated,isolated,ours,30,0,total_ms,15.235168,recorder
20260925-142559_perlmutter_effc80dd,ours_l01_s1_pv2_r2_pv3c_eps025_trace-a2e8ab_b16_k8_isolated,isolated,ours,30,1,total_ms,15.228672,recorder
20260925-142559_perlmutter_effc80dd,ours_l01_s1_pv2_r2_pv3c_eps025_trace-a2e8ab_b16_k8_isolated,isolated,ours,30,2,total_ms,14.792,recorder
20260925-142559_perlmutter_effc80dd,ours_l01_s1_pv2_r2_pv3c_eps025_trace-a2e8ab_b16_k8_isolated,isolated,ours,30,3,total_ms,14.991648,recorder
20260925-142559_perlmutter_effc80dd,ours_l01_s1_pv2_r2_pv3c_eps025_trace-a2e8ab_b16_k8_isolated,isolated,ours,30,4,total_ms,15.019808,recorder
20260925-142559_perlmutter_effc80dd,ours_l01_s1_pv2_r2_pv3c_eps025_trace-a2e8ab_b16_k8_isolated,isolated,ours,30,5,total_ms,16.248447,recorder
20260925-142559_perlmutter_effc80dd,ours_l01_s1_pv2_r2_pv3c_eps025_trace-a2e8ab_b16_k8_isolated,isolated,ours,30,6,total_ms,14.660768,recorder
20260925-142559_perlmutter_effc80dd,ours_l01_s1_pv2_r2_pv3c_eps025_trace-a2e8ab_b16_k8_isolated,isolated,ours,30,7,total_ms,15.06592,recorder
20260925-142559_perlmutter_effc80dd,ours_l01_s1_pv2_r2_pv3c_eps025_trace-a2e8ab_b16_k8_isolated,isolated,ours,30,8,total_ms,15.30048,recorder
20260925-142559_perlmutter_effc80dd,ours_l01_s1_pv2_r2_pv3c_eps025_trace-a2e8ab_b16_k8_isolated,isolated,ours,30,9,total_ms,15.312896,recorder
20260925-142559_perlmutter_effc80dd,ours_l01_s1_pv2_r2_pv3c_eps025_trace-a2e8ab_b16_k8_isolated,isolated,ours,30,0,iso_sync_ms,12.273408,recorder
20260925-142559_perlmutter_effc80dd,ours_l01_s1_pv2_r2_pv3c_eps025_trace-a2e8ab_b16_k8_isolated,isolated,ours,30,1,iso_sync_ms,12.422147,recorder
20260925-142559_perlmutter_effc80dd,ours_l01_s1_pv2_r2_pv3c_eps025_trace-a2e8ab_b16_k8_isolated,isolated,ours,30,2,iso_sync_ms,12.41842,recorder
20260925-142559_perlmutter_effc80dd,ours_l01_s1_pv2_r2_pv3c_eps025_trace-a2e8ab_b16_k8_isolated,isolated,ours,30,3,iso_sync_ms,13.442826,recorder
20260925-142559_perlmutter_effc80dd,ours_l01_s1_pv2_r2_pv3c_eps025_trace-a2e8ab_b16_k8_isolated,isolated,ours,30,4,iso_sync_ms,12.266184,recorder
20260925-142559_perlmutter_effc80dd,ours_l01_s1_pv2_r2_pv3c_eps025_trace-a2e8ab_b16_k8_isolated,isolated,ours,30,5,iso_sync_ms,12.361619,recorder
20260925-142559_perlmutter_effc80dd,ours_l01_s1_pv2_r2_pv3c_eps025_trace-a2e8ab_b16_k8_isolated,isolated,ours,30,6,iso_sync_ms,13.126914,recorder
20260925-142559_perlmutter_effc80dd,ours_l01_s1_pv2_r2_pv3c_eps025_trace-a2e8ab_b16_k8_isolated,isolated,ours,30,7,iso_sync_ms,12.179286,recorder
20260925-142559_perlmutter_effc80dd,ours_l01_s1_pv2_r2_pv3c_eps025_trace-a2e8ab_b16_k8_isolated,isolated,ours,30,8,iso_sync_ms,12.65075,recorder
20260925-142559_perlmutter_effc80dd,ours_l01_s1_pv2_r2_pv3c_eps025_trace-a2e8ab_b16_k8_isolated,isolated,ours,30,9,iso_sync_ms,13.03238,recorder
20260925-142559_perlmutter_effc80dd,ours_l01_s1_pv2_r2_pv3c_eps025_trace-a2e8ab_b16_k8_isolated,isolated,ours,30,0,l0_enq_ms,0.657765,recorder
20260925-142559_perlmutter_effc80dd,ours_l01_s1_pv2_r2_pv3c_eps025_trace-a2e8ab_b16_k8_isolated,isolated,ours,30,1,l0_enq_ms,0.663887,recorder
20260925-142559_perlmutter_effc80dd,ours_l01_s1_pv2_r2_pv3c_eps025_trace-a2e8ab_b16_k8_isolated,isolated,ours,30,2,l0_enq_ms,0.660371,recorder
20260925-142559_perlmutter_effc80dd,ours_l01_s1_pv2_r2_pv3c_eps025_trace-a2e8ab_b16_k8_isolated,isolated,ours,30,3,l0_enq_ms,0.656753,recorder
20260925-142559_perlmutter_effc80dd,ours_l01_s1_pv2_r2_pv3c_eps025_trace-a2e8ab_b16_k8_isolated,isolated,ours,30,4,l0_enq_ms,0.637005,recorder
20260925-142559_perlmutter_effc80dd,ours_l01_s1_pv2_r2_pv3c_eps025_trace-a2e8ab_b16_k8_isolated,isolated,ours,30,5,l0_enq_ms,0.655271,recorder
20260925-142559_perlmutter_effc80dd,ours_l01_s1_pv2_r2_pv3c_eps025_trace-a2e8ab_b16_k8_isolated,isolated,ours,30,6,l0_enq_ms,0.650591,recorder
20260925-142559_perlmutter_effc80dd,ours_l01_s1_pv2_r2_pv3c_eps025_trace-a2e8ab_b16_k8_isolated,isolated,ours,30,7,l0_enq_ms,0.650552,recorder
20260925-142559_perlmutter_effc80dd,ours_l01_s1_pv2_r2_pv3c_eps025_trace-a2e8ab_b16_k8_isolated,isolated,ours,30,8,l0_enq_ms,0.664138,recorder
20260925-142559_perlmutter_effc80dd,ours_l01_s1_pv2_r2_pv3c_eps025_trace-a2e8ab_b16_k8_isolated,isolated,ours,30,9,l0_enq_ms,0.638578,recorder
20260925-142559_perlmutter_effc80dd,ours_l01_s1_pv2_r2_pv3c_eps025_trace-a2e8ab_b16_k8_isolated,isolated,ours,30,0,l1_enq_ms,0.504068,recorder
20260925-142559_perlmutter_effc80dd,ours_l01_s1_pv2_r2_pv3c_eps025_trace-a2e8ab_b16_k8_isolated,isolated,ours,30,1,l1_enq_ms,0.503636,recorder
20260925-142559_perlmutter_effc80dd,ours_l01_s1_pv2_r2_pv3c_eps025_trace-a2e8ab_b16_k8_isolated,isolated,ours,30,2,l1_enq_ms,0.502394,recorder
20260925-142559_perlmutter_effc80dd,ours_l01_s1_pv2_r2_pv3c_eps025_trace-a2e8ab_b16_k8_isolated,isolated,ours,30,3,l1_enq_ms,0.507704,recorder
20260925-142559_perlmutter_effc80dd,ours_l01_s1_pv2_r2_pv3c_eps025_trace-a2e8ab_b16_k8_isolated,isolated,ours,30,4,l1_enq_ms,0.493276,recorder
20260925-142559_perlmutter_effc80dd,ours_l01_s1_pv2_r2_pv3c_eps025_trace-a2e8ab_b16_k8_isolated,isolated,ours,30,5,l1_enq_ms,0.50529,recorder
20260925-142559_perlmutter_effc80dd,ours_l01_s1_pv2_r2_pv3c_eps025_trace-a2e8ab_b16_k8_isolated,isolated,ours,30,6,l1_enq_ms,0.496673,recorder
20260925-142559_perlmutter_effc80dd,ours_l01_s1_pv2_r2_pv3c_eps025_trace-a2e8ab_b16_k8_isolated,isolated,ours,30,7,l1_enq_ms,0.554475,recorder
20260925-142559_perlmutter_effc80dd,ours_l01_s1_pv2_r2_pv3c_eps025_trace-a2e8ab_b16_k8_isolated,isolated,ours,30,8,l1_enq_ms,0.493417,recorder
20260925-142559_perlmutter_effc80dd,ours_l01_s1_pv2_r2_pv3c_eps025_trace-a2e8ab_b16_k8_isolated,isolated,ours,30,9,l1_enq_ms,0.498987,recorder
20260925-142559_perlmutter_effc80dd,ours_l01_s1_pv2_r2_pv3c_eps025_trace-a2e8ab_b16_k8_isolated,isolated,ours,31,0,e2e_ms,13.494144,recorder
20260925-142559_perlmutter_effc80dd,ours_l01_s1_pv2_r2_pv3c_eps025_trace-a2e8ab_b16_k8_isolated,isolated,ours,31,1,e2e_ms,13.673088,recorder
20260925-142559_perlmutter_effc80dd,ours_l01_s1_pv2_r2_pv3c_eps025_trace-a2e8ab_b16_k8_isolated,isolated,ours,31,2,e2e_ms,13.086752,recorder
20260925-142559_perlmutter_effc80dd,ours_l01_s1_pv2_r2_pv3c_eps025_trace-a2e8ab_b16_k8_isolated,isolated,ours,31,3,e2e_ms,13.477568,recorder
20260925-142559_perlmutter_effc80dd,ours_l01_s1_pv2_r2_pv3c_eps025_trace-a2e8ab_b16_k8_isolated,isolated,ours,31,4,e2e_ms,13.689376,recorder
20260925-142559_perlmutter_effc80dd,ours_l01_s1_pv2_r2_pv3c_eps025_trace-a2e8ab_b16_k8_isolated,isolated,ours,31,5,e2e_ms,14.48208,recorder
20260925-142559_perlmutter_effc80dd,ours_l01_s1_pv2_r2_pv3c_eps025_trace-a2e8ab_b16_k8_isolated,isolated,ours,31,6,e2e_ms,13.353856,recorder
20260925-142559_perlmutter_effc80dd,ours_l01_s1_pv2_r2_pv3c_eps025_trace-a2e8ab_b16_k8_isolated,isolated,ours,31,7,e2e_ms,13.768384,recorder
20260925-142559_perlmutter_effc80dd,ours_l01_s1_pv2_r2_pv3c_eps025_trace-a2e8ab_b16_k8_isolated,isolated,ours,31,8,e2e_ms,13.9992,recorder
20260925-142559_perlmutter_effc80dd,ours_l01_s1_pv2_r2_pv3c_eps025_trace-a2e8ab_b16_k8_isolated,isolated,ours,31,9,e2e_ms,13.997728,recorder
20260925-142559_perlmutter_effc80dd,ours_l01_s1_pv2_r2_pv3c_eps025_trace-a2e8ab_b16_k8_isolated,isolated,ours,31,0,l0_ms,6.938592,recorder
20260925-142559_perlmutter_effc80dd,ours_l01_s1_pv2_r2_pv3c_eps025_trace-a2e8ab_b16_k8_isolated,isolated,ours,31,1,l0_ms,6.769952,recorder
20260925-142559_perlmutter_effc80dd,ours_l01_s1_pv2_r2_pv3c_eps025_trace-a2e8ab_b16_k8_isolated,isolated,ours,31,2,l0_ms,6.486368,recorder
20260925-142559_perlmutter_effc80dd,ours_l01_s1_pv2_r2_pv3c_eps025_trace-a2e8ab_b16_k8_isolated,isolated,ours,31,3,l0_ms,6.436704,recorder
20260925-142559_perlmutter_effc80dd,ours_l01_s1_pv2_r2_pv3c_eps025_trace-a2e8ab_b16_k8_isolated,isolated,ours,31,4,l0_ms,6.72,recorder
20260925-142559_perlmutter_effc80dd,ours_l01_s1_pv2_r2_pv3c_eps025_trace-a2e8ab_b16_k8_isolated,isolated,ours,31,5,l0_ms,7.041536,recorder
20260925-142559_perlmutter_effc80dd,ours_l01_s1_pv2_r2_pv3c_eps025_trace-a2e8ab_b16_k8_isolated,isolated,ours,31,6,l0_ms,6.631296,recorder
20260925-142559_perlmutter_effc80dd,ours_l01_s1_pv2_r2_pv3c_eps025_trace-a2e8ab_b16_k8_isolated,isolated,ours,31,7,l0_ms,6.774304,recorder
20260925-142559_perlmutter_effc80dd,ours_l01_s1_pv2_r2_pv3c_eps025_trace-a2e8ab_b16_k8_isolated,isolated,ours,31,8,l0_ms,6.782912,recorder
20260925-142559_perlmutter_effc80dd,ours_l01_s1_pv2_r2_pv3c_eps025_trace-a2e8ab_b16_k8_isolated,isolated,ours,31,9,l0_ms,6.530784,recorder
20260925-142559_perlmutter_effc80dd,ours_l01_s1_pv2_r2_pv3c_eps025_trace-a2e8ab_b16_k8_isolated,isolated,ours,31,0,act_ms,0.053152,recorder
20260925-142559_perlmutter_effc80dd,ours_l01_s1_pv2_r2_pv3c_eps025_trace-a2e8ab_b16_k8_isolated,isolated,ours,31,1,act_ms,0.052928,recorder
20260925-142559_perlmutter_effc80dd,ours_l01_s1_pv2_r2_pv3c_eps025_trace-a2e8ab_b16_k8_isolated,isolated,ours,31,2,act_ms,0.04944,recorder
20260925-142559_perlmutter_effc80dd,ours_l01_s1_pv2_r2_pv3c_eps025_trace-a2e8ab_b16_k8_isolated,isolated,ours,31,3,act_ms,0.048544,recorder
20260925-142559_perlmutter_effc80dd,ours_l01_s1_pv2_r2_pv3c_eps025_trace-a2e8ab_b16_k8_isolated,isolated,ours,31,4,act_ms,0.05168,recorder
20260925-142559_perlmutter_effc80dd,ours_l01_s1_pv2_r2_pv3c_eps025_trace-a2e8ab_b16_k8_isolated,isolated,ours,31,5,act_ms,0.05216,recorder
20260925-142559_perlmutter_effc80dd,ours_l01_s1_pv2_r2_pv3c_eps025_trace-a2e8ab_b16_k8_isolated,isolated,ours,31,6,act_ms,0.052224,recorder
20260925-142559_perlmutter_effc80dd,ours_l01_s1_pv2_r2_pv3c_eps025_trace-a2e8ab_b16_k8_isolated,isolated,ours,31,7,act_ms,0.051936,recorder
20260925-142559_perlmutter_effc80dd,ours_l01_s1_pv2_r2_pv3c_eps025_trace-a2e8ab_b16_k8_isolated,isolated,ours,31,8,act_ms,0.052192,recorder
20260925-142559_perlmutter_effc80dd,ours_l01_s1_pv2_r2_pv3c_eps025_trace-a2e8ab_b16_k8_isolated,isolated,ours,31,9,act_ms,0.053056,recorder
20260925-142559_perlmutter_effc80dd,ours_l01_s1_pv2_r2_pv3c_eps025_trace-a2e8ab_b16_k8_isolated,isolated,ours,31,0,l1_ms,6.5024,recorder
20260925-142559_perlmutter_effc80dd,ours_l01_s1_pv2_r2_pv3c_eps025_trace-a2e8ab_b16_k8_isolated,isolated,ours,31,1,l1_ms,6.850208,recorder
20260925-142559_perlmutter_effc80dd,ours_l01_s1_pv2_r2_pv3c_eps025_trace-a2e8ab_b16_k8_isolated,isolated,ours,31,2,l1_ms,6.550944,recorder
20260925-142559_perlmutter_effc80dd,ours_l01_s1_pv2_r2_pv3c_eps025_trace-a2e8ab_b16_k8_isolated,isolated,ours,31,3,l1_ms,6.99232,recorder
20260925-142559_perlmutter_effc80dd,ours_l01_s1_pv2_r2_pv3c_eps025_trace-a2e8ab_b16_k8_isolated,isolated,ours,31,4,l1_ms,6.917696,recorder
20260925-142559_perlmutter_effc80dd,ours_l01_s1_pv2_r2_pv3c_eps025_trace-a2e8ab_b16_k8_isolated,isolated,ours,31,5,l1_ms,7.388384,recorder
20260925-142559_perlmutter_effc80dd,ours_l01_s1_pv2_r2_pv3c_eps025_trace-a2e8ab_b16_k8_isolated,isolated,ours,31,6,l1_ms,6.670336,recorder
20260925-142559_perlmutter_effc80dd,ours_l01_s1_pv2_r2_pv3c_eps025_trace-a2e8ab_b16_k8_isolated,isolated,ours,31,7,l1_ms,6.942144,recorder
20260925-142559_perlmutter_effc80dd,ours_l01_s1_pv2_r2_pv3c_eps025_trace-a2e8ab_b16_k8_isolated,isolated,ours,31,8,l1_ms,7.164096,recorder
20260925-142559_perlmutter_effc80dd,ours_l01_s1_pv2_r2_pv3c_eps025_trace-a2e8ab_b16_k8_isolated,isolated,ours,31,9,l1_ms,7.413888,recorder
20260925-142559_perlmutter_effc80dd,ours_l01_s1_pv2_r2_pv3c_eps025_trace-a2e8ab_b16_k8_isolated,isolated,ours,31,0,plan_comm_ms,0.61648,recorder
20260925-142559_perlmutter_effc80dd,ours_l01_s1_pv2_r2_pv3c_eps025_trace-a2e8ab_b16_k8_isolated,isolated,ours,31,1,plan_comm_ms,0.448,recorder
20260925-142559_perlmutter_effc80dd,ours_l01_s1_pv2_r2_pv3c_eps025_trace-a2e8ab_b16_k8_isolated,isolated,ours,31,2,plan_comm_ms,0.575488,recorder
20260925-142559_perlmutter_effc80dd,ours_l01_s1_pv2_r2_pv3c_eps025_trace-a2e8ab_b16_k8_isolated,isolated,ours,31,3,plan_comm_ms,0.427264,recorder
20260925-142559_perlmutter_effc80dd,ours_l01_s1_pv2_r2_pv3c_eps025_trace-a2e8ab_b16_k8_isolated,isolated,ours,31,4,plan_comm_ms,0.208544,recorder
20260925-142559_perlmutter_effc80dd,ours_l01_s1_pv2_r2_pv3c_eps025_trace-a2e8ab_b16_k8_isolated,isolated,ours,31,5,plan_comm_ms,0.657408,recorder
20260925-142559_perlmutter_effc80dd,ours_l01_s1_pv2_r2_pv3c_eps025_trace-a2e8ab_b16_k8_isolated,isolated,ours,31,6,plan_comm_ms,0.189248,recorder
20260925-142559_perlmutter_effc80dd,ours_l01_s1_pv2_r2_pv3c_eps025_trace-a2e8ab_b16_k8_isolated,isolated,ours,31,7,plan_comm_ms,0.191328,recorder
20260925-142559_perlmutter_effc80dd,ours_l01_s1_pv2_r2_pv3c_eps025_trace-a2e8ab_b16_k8_isolated,isolated,ours,31,8,plan_comm_ms,0.196864,recorder
20260925-142559_perlmutter_effc80dd,ours_l01_s1_pv2_r2_pv3c_eps025_trace-a2e8ab_b16_k8_isolated,isolated,ours,31,9,plan_comm_ms,0.200992,recorder
20260925-142559_perlmutter_effc80dd,ours_l01_s1_pv2_r2_pv3c_eps025_trace-a2e8ab_b16_k8_isolated,isolated,ours,31,0,place_ms,0.002336,recorder
20260925-142559_perlmutter_effc80dd,ours_l01_s1_pv2_r2_pv3c_eps025_trace-a2e8ab_b16_k8_isolated,isolated,ours,31,1,place_ms,0.002304,recorder
20260925-142559_perlmutter_effc80dd,ours_l01_s1_pv2_r2_pv3c_eps025_trace-a2e8ab_b16_k8_isolated,isolated,ours,31,2,place_ms,0.002304,recorder
20260925-142559_perlmutter_effc80dd,ours_l01_s1_pv2_r2_pv3c_eps025_trace-a2e8ab_b16_k8_isolated,isolated,ours,31,3,place_ms,0.002304,recorder
20260925-142559_perlmutter_effc80dd,ours_l01_s1_pv2_r2_pv3c_eps025_trace-a2e8ab_b16_k8_isolated,isolated,ours,31,4,place_ms,0.002464,recorder
20260925-142559_perlmutter_effc80dd,ours_l01_s1_pv2_r2_pv3c_eps025_trace-a2e8ab_b16_k8_isolated,isolated,ours,31,5,place_ms,0.002336,recorder
20260925-142559_perlmutter_effc80dd,ours_l01_s1_pv2_r2_pv3c_eps025_trace-a2e8ab_b16_k8_isolated,isolated,ours,31,6,place_ms,0.002336,recorder
20260925-142559_perlmutter_effc80dd,ours_l01_s1_pv2_r2_pv3c_eps025_trace-a2e8ab_b16_k8_isolated,isolated,ours,31,7,place_ms,0.002304,recorder
20260925-142559_perlmutter_effc80dd,ours_l01_s1_pv2_r2_pv3c_eps025_trace-a2e8ab_b16_k8_isolated,isolated,ours,31,8,place_ms,0.002304,recorder
20260925-142559_perlmutter_effc80dd,ours_l01_s1_pv2_r2_pv3c_eps025_trace-a2e8ab_b16_k8_isolated,isolated,ours,31,9,place_ms,0.002336,recorder
20260925-142559_perlmutter_effc80dd,ours_l01_s1_pv2_r2_pv3c_eps025_trace-a2e8ab_b16_k8_isolated,isolated,ours,31,0,plan_ms,1.116576,recorder
20260925-142559_perlmutter_effc80dd,ours_l01_s1_pv2_r2_pv3c_eps025_trace-a2e8ab_b16_k8_isolated,isolated,ours,31,1,plan_ms,1.100544,recorder
20260925-142559_perlmutter_effc80dd,ours_l01_s1_pv2_r2_pv3c_eps025_trace-a2e8ab_b16_k8_isolated,isolated,ours,31,2,plan_ms,1.11712,recorder
20260925-142559_perlmutter_effc80dd,ours_l01_s1_pv2_r2_pv3c_eps025_trace-a2e8ab_b16_k8_isolated,isolated,ours,31,3,plan_ms,1.112832,recorder
20260925-142559_perlmutter_effc80dd,ours_l01_s1_pv2_r2_pv3c_eps025_trace-a2e8ab_b16_k8_isolated,isolated,ours,31,4,plan_ms,1.11808,recorder
20260925-142559_perlmutter_effc80dd,ours_l01_s1_pv2_r2_pv3c_eps025_trace-a2e8ab_b16_k8_isolated,isolated,ours,31,5,plan_ms,1.101984,recorder
20260925-142559_perlmutter_effc80dd,ours_l01_s1_pv2_r2_pv3c_eps025_trace-a2e8ab_b16_k8_isolated,isolated,ours,31,6,plan_ms,1.109824,recorder
20260925-142559_perlmutter_effc80dd,ours_l01_s1_pv2_r2_pv3c_eps025_trace-a2e8ab_b16_k8_isolated,isolated,ours,31,7,plan_ms,1.109952,recorder
20260925-142559_perlmutter_effc80dd,ours_l01_s1_pv2_r2_pv3c_eps025_trace-a2e8ab_b16_k8_isolated,isolated,ours,31,8,plan_ms,1.098432,recorder
20260925-142559_perlmutter_effc80dd,ours_l01_s1_pv2_r2_pv3c_eps025_trace-a2e8ab_b16_k8_isolated,isolated,ours,31,9,plan_ms,1.105792,recorder
20260925-142559_perlmutter_effc80dd,ours_l01_s1_pv2_r2_pv3c_eps025_trace-a2e8ab_b16_k8_isolated,isolated,ours,31,0,total_ms,15.238624,recorder
20260925-142559_perlmutter_effc80dd,ours_l01_s1_pv2_r2_pv3c_eps025_trace-a2e8ab_b16_k8_isolated,isolated,ours,31,1,total_ms,15.232896,recorder
20260925-142559_perlmutter_effc80dd,ours_l01_s1_pv2_r2_pv3c_eps025_trace-a2e8ab_b16_k8_isolated,isolated,ours,31,2,total_ms,14.791424,recorder
20260925-142559_perlmutter_effc80dd,ours_l01_s1_pv2_r2_pv3c_eps025_trace-a2e8ab_b16_k8_isolated,isolated,ours,31,3,total_ms,15.029024,recorder
20260925-142559_perlmutter_effc80dd,ours_l01_s1_pv2_r2_pv3c_eps025_trace-a2e8ab_b16_k8_isolated,isolated,ours,31,4,total_ms,15.027968,recorder
20260925-142559_perlmutter_effc80dd,ours_l01_s1_pv2_r2_pv3c_eps025_trace-a2e8ab_b16_k8_isolated,isolated,ours,31,5,total_ms,16.253599,recorder
20260925-142559_perlmutter_effc80dd,ours_l01_s1_pv2_r2_pv3c_eps025_trace-a2e8ab_b16_k8_isolated,isolated,ours,31,6,total_ms,14.664288,recorder
20260925-142559_perlmutter_effc80dd,ours_l01_s1_pv2_r2_pv3c_eps025_trace-a2e8ab_b16_k8_isolated,isolated,ours,31,7,total_ms,15.08064,recorder
20260925-142559_perlmutter_effc80dd,ours_l01_s1_pv2_r2_pv3c_eps025_trace-a2e8ab_b16_k8_isolated,isolated,ours,31,8,total_ms,15.305632,recorder
20260925-142559_perlmutter_effc80dd,ours_l01_s1_pv2_r2_pv3c_eps025_trace-a2e8ab_b16_k8_isolated,isolated,ours,31,9,total_ms,15.316,recorder
20260925-142559_perlmutter_effc80dd,ours_l01_s1_pv2_r2_pv3c_eps025_trace-a2e8ab_b16_k8_isolated,isolated,ours,31,0,iso_sync_ms,12.311993,recorder
20260925-142559_perlmutter_effc80dd,ours_l01_s1_pv2_r2_pv3c_eps025_trace-a2e8ab_b16_k8_isolated,isolated,ours,31,1,iso_sync_ms,12.472876,recorder
20260925-142559_perlmutter_effc80dd,ours_l01_s1_pv2_r2_pv3c_eps025_trace-a2e8ab_b16_k8_isolated,isolated,ours,31,2,iso_sync_ms,12.473877,recorder
20260925-142559_perlmutter_effc80dd,ours_l01_s1_pv2_r2_pv3c_eps025_trace-a2e8ab_b16_k8_isolated,isolated,ours,31,3,iso_sync_ms,13.468596,recorder
20260925-142559_perlmutter_effc80dd,ours_l01_s1_pv2_r2_pv3c_eps025_trace-a2e8ab_b16_k8_isolated,isolated,ours,31,4,iso_sync_ms,12.338304,recorder
20260925-142559_perlmutter_effc80dd,ours_l01_s1_pv2_r2_pv3c_eps025_trace-a2e8ab_b16_k8_isolated,isolated,ours,31,5,iso_sync_ms,12.343875,recorder
20260925-142559_perlmutter_effc80dd,ours_l01_s1_pv2_r2_pv3c_eps025_trace-a2e8ab_b16_k8_isolated,isolated,ours,31,6,iso_sync_ms,13.195426,recorder
20260925-142559_perlmutter_effc80dd,ours_l01_s1_pv2_r2_pv3c_eps025_trace-a2e8ab_b16_k8_isolated,isolated,ours,31,7,iso_sync_ms,12.195437,recorder
20260925-142559_perlmutter_effc80dd,ours_l01_s1_pv2_r2_pv3c_eps025_trace-a2e8ab_b16_k8_isolated,isolated,ours,31,8,iso_sync_ms,12.729684,recorder
20260925-142559_perlmutter_effc80dd,ours_l01_s1_pv2_r2_pv3c_eps025_trace-a2e8ab_b16_k8_isolated,isolated,ours,31,9,iso_sync_ms,13.071376,recorder
20260925-142559_perlmutter_effc80dd,ours_l01_s1_pv2_r2_pv3c_eps025_trace-a2e8ab_b16_k8_isolated,isolated,ours,31,0,l0_enq_ms,0.66004,recorder
20260925-142559_perlmutter_effc80dd,ours_l01_s1_pv2_r2_pv3c_eps025_trace-a2e8ab_b16_k8_isolated,isolated,ours,31,1,l0_enq_ms,0.655561,recorder
20260925-142559_perlmutter_effc80dd,ours_l01_s1_pv2_r2_pv3c_eps025_trace-a2e8ab_b16_k8_isolated,isolated,ours,31,2,l0_enq_ms,0.655671,recorder
20260925-142559_perlmutter_effc80dd,ours_l01_s1_pv2_r2_pv3c_eps025_trace-a2e8ab_b16_k8_isolated,isolated,ours,31,3,l0_enq_ms,0.646794,recorder
20260925-142559_perlmutter_effc80dd,ours_l01_s1_pv2_r2_pv3c_eps025_trace-a2e8ab_b16_k8_isolated,isolated,ours,31,4,l0_enq_ms,0.669579,recorder
20260925-142559_perlmutter_effc80dd,ours_l01_s1_pv2_r2_pv3c_eps025_trace-a2e8ab_b16_k8_isolated,isolated,ours,31,5,l0_enq_ms,0.64499,recorder
20260925-142559_perlmutter_effc80dd,ours_l01_s1_pv2_r2_pv3c_eps025_trace-a2e8ab_b16_k8_isolated,isolated,ours,31,6,l0_enq_ms,0.656423,recorder
20260925-142559_perlmutter_effc80dd,ours_l01_s1_pv2_r2_pv3c_eps025_trace-a2e8ab_b16_k8_isolated,isolated,ours,31,7,l0_enq_ms,0.641564,recorder
20260925-142559_perlmutter_effc80dd,ours_l01_s1_pv2_r2_pv3c_eps025_trace-a2e8ab_b16_k8_isolated,isolated,ours,31,8,l0_enq_ms,0.649911,recorder
20260925-142559_perlmutter_effc80dd,ours_l01_s1_pv2_r2_pv3c_eps025_trace-a2e8ab_b16_k8_isolated,isolated,ours,31,9,l0_enq_ms,0.652897,recorder
20260925-142559_perlmutter_effc80dd,ours_l01_s1_pv2_r2_pv3c_eps025_trace-a2e8ab_b16_k8_isolated,isolated,ours,31,0,l1_enq_ms,0.482516,recorder
20260925-142559_perlmutter_effc80dd,ours_l01_s1_pv2_r2_pv3c_eps025_trace-a2e8ab_b16_k8_isolated,isolated,ours,31,1,l1_enq_ms,0.487846,recorder
20260925-142559_perlmutter_effc80dd,ours_l01_s1_pv2_r2_pv3c_eps025_trace-a2e8ab_b16_k8_isolated,isolated,ours,31,2,l1_enq_ms,0.478969,recorder
20260925-142559_perlmutter_effc80dd,ours_l01_s1_pv2_r2_pv3c_eps025_trace-a2e8ab_b16_k8_isolated,isolated,ours,31,3,l1_enq_ms,0.482535,recorder
20260925-142559_perlmutter_effc80dd,ours_l01_s1_pv2_r2_pv3c_eps025_trace-a2e8ab_b16_k8_isolated,isolated,ours,31,4,l1_enq_ms,0.489559,recorder
20260925-142559_perlmutter_effc80dd,ours_l01_s1_pv2_r2_pv3c_eps025_trace-a2e8ab_b16_k8_isolated,isolated,ours,31,5,l1_enq_ms,0.47424,recorder
20260925-142559_perlmutter_effc80dd,ours_l01_s1_pv2_r2_pv3c_eps025_trace-a2e8ab_b16_k8_isolated,isolated,ours,31,6,l1_enq_ms,0.475572,recorder
20260925-142559_perlmutter_effc80dd,ours_l01_s1_pv2_r2_pv3c_eps025_trace-a2e8ab_b16_k8_isolated,isolated,ours,31,7,l1_enq_ms,0.484028,recorder
20260925-142559_perlmutter_effc80dd,ours_l01_s1_pv2_r2_pv3c_eps025_trace-a2e8ab_b16_k8_isolated,isolated,ours,31,8,l1_enq_ms,0.483037,recorder
20260925-142559_perlmutter_effc80dd,ours_l01_s1_pv2_r2_pv3c_eps025_trace-a2e8ab_b16_k8_isolated,isolated,ours,31,9,l1_enq_ms,0.477506,recorder
