run_id,cell_id,mode,impl,rank,iter,metric,value_ms,source
20260829-143116_perlmutter_c84bfd4a,l01_slipstream_trace-610042_b8_k8_isolated,isolated,flux,0,0,e2e_ms,13.23296,recorder
20260829-143116_perlmutter_c84bfd4a,l01_slipstream_trace-610042_b8_k8_isolated,isolated,flux,0,1,e2e_ms,13.820256,recorder
20260829-143116_perlmutter_c84bfd4a,l01_slipstream_trace-610042_b8_k8_isolated,isolated,flux,0,2,e2e_ms,12.923904,recorder
20260829-143116_perlmutter_c84bfd4a,l01_slipstream_trace-610042_b8_k8_isolated,isolated,flux,0,3,e2e_ms,12.83376,recorder
20260829-143116_perlmutter_c84bfd4a,l01_slipstream_trace-610042_b8_k8_isolated,isolated,flux,0,4,e2e_ms,13.075552,recorder
20260829-143116_perlmutter_c84bfd4a,l01_slipstream_trace-610042_b8_k8_isolated,isolated,flux,0,5,e2e_ms,13.106496,recorder
20260829-143116_perlmutter_c84bfd4a,l01_slipstream_trace-610042_b8_k8_isolated,isolated,flux,0,6,e2e_ms,13.229728,recorder
20260829-143116_perlmutter_c84bfd4a,l01_slipstream_trace-610042_b8_k8_isolated,isolated,flux,0,7,e2e_ms,13.255872,recorder
20260829-143116_perlmutter_c84bfd4a,l01_slipstream_trace-610042_b8_k8_isolated,isolated,flux,0,8,e2e_ms,13.011904,recorder
20260829-143116_perlmutter_c84bfd4a,l01_slipstream_trace-610042_b8_k8_isolated,isolated,flux,0,9,e2e_ms,12.659072,recorder
20260829-143116_perlmutter_c84bfd4a,l01_slipstream_trace-610042_b8_k8_isolated,isolated,flux,0,0,l0_ms,6.374144,recorder
20260829-143116_perlmutter_c84bfd4a,l01_slipstream_trace-610042_b8_k8_isolated,isolated,flux,0,1,l0_ms,6.488096,recorder
20260829-143116_perlmutter_c84bfd4a,l01_slipstream_trace-610042_b8_k8_isolated,isolated,flux,0,2,l0_ms,6.305312,recorder
20260829-143116_perlmutter_c84bfd4a,l01_slipstream_trace-610042_b8_k8_isolated,isolated,flux,0,3,l0_ms,6.125408,recorder
20260829-143116_perlmutter_c84bfd4a,l01_slipstream_trace-610042_b8_k8_isolated,isolated,flux,0,4,l0_ms,6.18304,recorder
20260829-143116_perlmutter_c84bfd4a,l01_slipstream_trace-610042_b8_k8_isolated,isolated,flux,0,5,l0_ms,6.33584,recorder
20260829-143116_perlmutter_c84bfd4a,l01_slipstream_trace-610042_b8_k8_isolated,isolated,flux,0,6,l0_ms,6.38224,recorder
20260829-143116_perlmutter_c84bfd4a,l01_slipstream_trace-610042_b8_k8_isolated,isolated,flux,0,7,l0_ms,6.313792,recorder
20260829-143116_perlmutter_c84bfd4a,l01_slipstream_trace-610042_b8_k8_isolated,isolated,flux,0,8,l0_ms,6.25216,recorder
20260829-143116_perlmutter_c84bfd4a,l01_slipstream_trace-610042_b8_k8_isolated,isolated,flux,0,9,l0_ms,5.884288,recorder
20260829-143116_perlmutter_c84bfd4a,l01_slipstream_trace-610042_b8_k8_isolated,isolated,flux,0,0,act_ms,0.050464,recorder
20260829-143116_perlmutter_c84bfd4a,l01_slipstream_trace-610042_b8_k8_isolated,isolated,flux,0,1,act_ms,0.051392,recorder
20260829-143116_perlmutter_c84bfd4a,l01_slipstream_trace-610042_b8_k8_isolated,isolated,flux,0,2,act_ms,0.051968,recorder
20260829-143116_perlmutter_c84bfd4a,l01_slipstream_trace-610042_b8_k8_isolated,isolated,flux,0,3,act_ms,0.053248,recorder
20260829-143116_perlmutter_c84bfd4a,l01_slipstream_trace-610042_b8_k8_isolated,isolated,flux,0,4,act_ms,0.05248,recorder
20260829-143116_perlmutter_c84bfd4a,l01_slipstream_trace-610042_b8_k8_isolated,isolated,flux,0,5,act_ms,0.051424,recorder
20260829-143116_perlmutter_c84bfd4a,l01_slipstream_trace-610042_b8_k8_isolated,isolated,flux,0,6,act_ms,0.052128,recorder
20260829-143116_perlmutter_c84bfd4a,l01_slipstream_trace-610042_b8_k8_isolated,isolated,flux,0,7,act_ms,0.05232,recorder
20260829-143116_perlmutter_c84bfd4a,l01_slipstream_trace-610042_b8_k8_isolated,isolated,flux,0,8,act_ms,0.051776,recorder
20260829-143116_perlmutter_c84bfd4a,l01_slipstream_trace-610042_b8_k8_isolated,isolated,flux,0,9,act_ms,0.051968,recorder
20260829-143116_perlmutter_c84bfd4a,l01_slipstream_trace-610042_b8_k8_isolated,isolated,flux,0,0,l1_ms,6.808352,recorder
20260829-143116_perlmutter_c84bfd4a,l01_slipstream_trace-610042_b8_k8_isolated,isolated,flux,0,1,l1_ms,7.280768,recorder
20260829-143116_perlmutter_c84bfd4a,l01_slipstream_trace-610042_b8_k8_isolated,isolated,flux,0,2,l1_ms,6.566624,recorder
20260829-143116_perlmutter_c84bfd4a,l01_slipstream_trace-610042_b8_k8_isolated,isolated,flux,0,3,l1_ms,6.655104,recorder
20260829-143116_perlmutter_c84bfd4a,l01_slipstream_trace-610042_b8_k8_isolated,isolated,flux,0,4,l1_ms,6.840032,recorder
20260829-143116_perlmutter_c84bfd4a,l01_slipstream_trace-610042_b8_k8_isolated,isolated,flux,0,5,l1_ms,6.719232,recorder
20260829-143116_perlmutter_c84bfd4a,l01_slipstream_trace-610042_b8_k8_isolated,isolated,flux,0,6,l1_ms,6.79536,recorder
20260829-143116_perlmutter_c84bfd4a,l01_slipstream_trace-610042_b8_k8_isolated,isolated,flux,0,7,l1_ms,6.88976,recorder
20260829-143116_perlmutter_c84bfd4a,l01_slipstream_trace-610042_b8_k8_isolated,isolated,flux,0,8,l1_ms,6.707968,recorder
20260829-143116_perlmutter_c84bfd4a,l01_slipstream_trace-610042_b8_k8_isolated,isolated,flux,0,9,l1_ms,6.722816,recorder
20260829-143116_perlmutter_c84bfd4a,l01_slipstream_trace-610042_b8_k8_isolated,isolated,flux,0,0,plan_comm_ms,0.41056,recorder
20260829-143116_perlmutter_c84bfd4a,l01_slipstream_trace-610042_b8_k8_isolated,isolated,flux,0,1,plan_comm_ms,0.379264,recorder
20260829-143116_perlmutter_c84bfd4a,l01_slipstream_trace-610042_b8_k8_isolated,isolated,flux,0,2,plan_comm_ms,0.303584,recorder
20260829-143116_perlmutter_c84bfd4a,l01_slipstream_trace-610042_b8_k8_isolated,isolated,flux,0,3,plan_comm_ms,0.287072,recorder
20260829-143116_perlmutter_c84bfd4a,l01_slipstream_trace-610042_b8_k8_isolated,isolated,flux,0,4,plan_comm_ms,0.875008,recorder
20260829-143116_perlmutter_c84bfd4a,l01_slipstream_trace-610042_b8_k8_isolated,isolated,flux,0,5,plan_comm_ms,0.633024,recorder
20260829-143116_perlmutter_c84bfd4a,l01_slipstream_trace-610042_b8_k8_isolated,isolated,flux,0,6,plan_comm_ms,0.704064,recorder
20260829-143116_perlmutter_c84bfd4a,l01_slipstream_trace-610042_b8_k8_isolated,isolated,flux,0,7,plan_comm_ms,0.284608,recorder
20260829-143116_perlmutter_c84bfd4a,l01_slipstream_trace-610042_b8_k8_isolated,isolated,flux,0,8,plan_comm_ms,0.29696,recorder
20260829-143116_perlmutter_c84bfd4a,l01_slipstream_trace-610042_b8_k8_isolated,isolated,flux,0,9,plan_comm_ms,0.67312,recorder
20260829-143116_perlmutter_c84bfd4a,l01_slipstream_trace-610042_b8_k8_isolated,isolated,flux,0,0,plan_ms,0.62544,recorder
20260829-143116_perlmutter_c84bfd4a,l01_slipstream_trace-610042_b8_k8_isolated,isolated,flux,0,1,plan_ms,0.622176,recorder
20260829-143116_perlmutter_c84bfd4a,l01_slipstream_trace-610042_b8_k8_isolated,isolated,flux,0,2,plan_ms,0.629568,recorder
20260829-143116_perlmutter_c84bfd4a,l01_slipstream_trace-610042_b8_k8_isolated,isolated,flux,0,3,plan_ms,0.629984,recorder
20260829-143116_perlmutter_c84bfd4a,l01_slipstream_trace-610042_b8_k8_isolated,isolated,flux,0,4,plan_ms,0.620288,recorder
20260829-143116_perlmutter_c84bfd4a,l01_slipstream_trace-610042_b8_k8_isolated,isolated,flux,0,5,plan_ms,0.621472,recorder
20260829-143116_perlmutter_c84bfd4a,l01_slipstream_trace-610042_b8_k8_isolated,isolated,flux,0,6,plan_ms,0.615328,recorder
20260829-143116_perlmutter_c84bfd4a,l01_slipstream_trace-610042_b8_k8_isolated,isolated,flux,0,7,plan_ms,0.618208,recorder
20260829-143116_perlmutter_c84bfd4a,l01_slipstream_trace-610042_b8_k8_isolated,isolated,flux,0,8,plan_ms,0.620224,recorder
20260829-143116_perlmutter_c84bfd4a,l01_slipstream_trace-610042_b8_k8_isolated,isolated,flux,0,9,plan_ms,0.618272,recorder
20260829-143116_perlmutter_c84bfd4a,l01_slipstream_trace-610042_b8_k8_isolated,isolated,flux,0,0,total_ms,14.271328,recorder
20260829-143116_perlmutter_c84bfd4a,l01_slipstream_trace-610042_b8_k8_isolated,isolated,flux,0,1,total_ms,14.824128,recorder
20260829-143116_perlmutter_c84bfd4a,l01_slipstream_trace-610042_b8_k8_isolated,isolated,flux,0,2,total_ms,13.859424,recorder
20260829-143116_perlmutter_c84bfd4a,l01_slipstream_trace-610042_b8_k8_isolated,isolated,flux,0,3,total_ms,13.753184,recorder
20260829-143116_perlmutter_c84bfd4a,l01_slipstream_trace-610042_b8_k8_isolated,isolated,flux,0,4,total_ms,14.573184,recorder
20260829-143116_perlmutter_c84bfd4a,l01_slipstream_trace-610042_b8_k8_isolated,isolated,flux,0,5,total_ms,14.363328,recorder
20260829-143116_perlmutter_c84bfd4a,l01_slipstream_trace-610042_b8_k8_isolated,isolated,flux,0,6,total_ms,14.551456,recorder
20260829-143116_perlmutter_c84bfd4a,l01_slipstream_trace-610042_b8_k8_isolated,isolated,flux,0,7,total_ms,14.161024,recorder
20260829-143116_perlmutter_c84bfd4a,l01_slipstream_trace-610042_b8_k8_isolated,isolated,flux,0,8,total_ms,13.931456,recorder
20260829-143116_perlmutter_c84bfd4a,l01_slipstream_trace-610042_b8_k8_isolated,isolated,flux,0,9,total_ms,13.9528,recorder
20260829-143116_perlmutter_c84bfd4a,l01_slipstream_trace-610042_b8_k8_isolated,isolated,flux,0,0,iso_sync_ms,12.725047,recorder
20260829-143116_perlmutter_c84bfd4a,l01_slipstream_trace-610042_b8_k8_isolated,isolated,flux,0,1,iso_sync_ms,12.830411,recorder
20260829-143116_perlmutter_c84bfd4a,l01_slipstream_trace-610042_b8_k8_isolated,isolated,flux,0,2,iso_sync_ms,13.416132,recorder
20260829-143116_perlmutter_c84bfd4a,l01_slipstream_trace-610042_b8_k8_isolated,isolated,flux,0,3,iso_sync_ms,12.263916,recorder
20260829-143116_perlmutter_c84bfd4a,l01_slipstream_trace-610042_b8_k8_isolated,isolated,flux,0,4,iso_sync_ms,12.598703,recorder
20260829-143116_perlmutter_c84bfd4a,l01_slipstream_trace-610042_b8_k8_isolated,isolated,flux,0,5,iso_sync_ms,12.097475,recorder
20260829-143116_perlmutter_c84bfd4a,l01_slipstream_trace-610042_b8_k8_isolated,isolated,flux,0,6,iso_sync_ms,12.775455,recorder
20260829-143116_perlmutter_c84bfd4a,l01_slipstream_trace-610042_b8_k8_isolated,isolated,flux,0,7,iso_sync_ms,12.712704,recorder
20260829-143116_perlmutter_c84bfd4a,l01_slipstream_trace-610042_b8_k8_isolated,isolated,flux,0,8,iso_sync_ms,12.289786,recorder
20260829-143116_perlmutter_c84bfd4a,l01_slipstream_trace-610042_b8_k8_isolated,isolated,flux,0,9,iso_sync_ms,12.443463,recorder
20260829-143116_perlmutter_c84bfd4a,l01_slipstream_trace-610042_b8_k8_isolated,isolated,flux,1,0,e2e_ms,13.260384,recorder
20260829-143116_perlmutter_c84bfd4a,l01_slipstream_trace-610042_b8_k8_isolated,isolated,flux,1,1,e2e_ms,13.847296,recorder
20260829-143116_perlmutter_c84bfd4a,l01_slipstream_trace-610042_b8_k8_isolated,isolated,flux,1,2,e2e_ms,12.956672,recorder
20260829-143116_perlmutter_c84bfd4a,l01_slipstream_trace-610042_b8_k8_isolated,isolated,flux,1,3,e2e_ms,12.845024,recorder
20260829-143116_perlmutter_c84bfd4a,l01_slipstream_trace-610042_b8_k8_isolated,isolated,flux,1,4,e2e_ms,13.11728,recorder
20260829-143116_perlmutter_c84bfd4a,l01_slipstream_trace-610042_b8_k8_isolated,isolated,flux,1,5,e2e_ms,13.155168,recorder
20260829-143116_perlmutter_c84bfd4a,l01_slipstream_trace-610042_b8_k8_isolated,isolated,flux,1,6,e2e_ms,13.260512,recorder
20260829-143116_perlmutter_c84bfd4a,l01_slipstream_trace-610042_b8_k8_isolated,isolated,flux,1,7,e2e_ms,13.267168,recorder
20260829-143116_perlmutter_c84bfd4a,l01_slipstream_trace-610042_b8_k8_isolated,isolated,flux,1,8,e2e_ms,13.026016,recorder
20260829-143116_perlmutter_c84bfd4a,l01_slipstream_trace-610042_b8_k8_isolated,isolated,flux,1,9,e2e_ms,12.679456,recorder
20260829-143116_perlmutter_c84bfd4a,l01_slipstream_trace-610042_b8_k8_isolated,isolated,flux,1,0,l0_ms,6.396288,recorder
20260829-143116_perlmutter_c84bfd4a,l01_slipstream_trace-610042_b8_k8_isolated,isolated,flux,1,1,l0_ms,6.510304,recorder
20260829-143116_perlmutter_c84bfd4a,l01_slipstream_trace-610042_b8_k8_isolated,isolated,flux,1,2,l0_ms,6.338496,recorder
20260829-143116_perlmutter_c84bfd4a,l01_slipstream_trace-610042_b8_k8_isolated,isolated,flux,1,3,l0_ms,6.152768,recorder
20260829-143116_perlmutter_c84bfd4a,l01_slipstream_trace-610042_b8_k8_isolated,isolated,flux,1,4,l0_ms,6.206176,recorder
20260829-143116_perlmutter_c84bfd4a,l01_slipstream_trace-610042_b8_k8_isolated,isolated,flux,1,5,l0_ms,6.36944,recorder
20260829-143116_perlmutter_c84bfd4a,l01_slipstream_trace-610042_b8_k8_isolated,isolated,flux,1,6,l0_ms,6.3992,recorder
20260829-143116_perlmutter_c84bfd4a,l01_slipstream_trace-610042_b8_k8_isolated,isolated,flux,1,7,l0_ms,6.32768,recorder
20260829-143116_perlmutter_c84bfd4a,l01_slipstream_trace-610042_b8_k8_isolated,isolated,flux,1,8,l0_ms,6.270912,recorder
20260829-143116_perlmutter_c84bfd4a,l01_slipstream_trace-610042_b8_k8_isolated,isolated,flux,1,9,l0_ms,5.908672,recorder
20260829-143116_perlmutter_c84bfd4a,l01_slipstream_trace-610042_b8_k8_isolated,isolated,flux,1,0,act_ms,0.044032,recorder
20260829-143116_perlmutter_c84bfd4a,l01_slipstream_trace-610042_b8_k8_isolated,isolated,flux,1,1,act_ms,0.043488,recorder
20260829-143116_perlmutter_c84bfd4a,l01_slipstream_trace-610042_b8_k8_isolated,isolated,flux,1,2,act_ms,0.04352,recorder
20260829-143116_perlmutter_c84bfd4a,l01_slipstream_trace-610042_b8_k8_isolated,isolated,flux,1,3,act_ms,0.043328,recorder
20260829-143116_perlmutter_c84bfd4a,l01_slipstream_trace-610042_b8_k8_isolated,isolated,flux,1,4,act_ms,0.045888,recorder
20260829-143116_perlmutter_c84bfd4a,l01_slipstream_trace-610042_b8_k8_isolated,isolated,flux,1,5,act_ms,0.044,recorder
20260829-143116_perlmutter_c84bfd4a,l01_slipstream_trace-610042_b8_k8_isolated,isolated,flux,1,6,act_ms,0.043552,recorder
20260829-143116_perlmutter_c84bfd4a,l01_slipstream_trace-610042_b8_k8_isolated,isolated,flux,1,7,act_ms,0.043584,recorder
20260829-143116_perlmutter_c84bfd4a,l01_slipstream_trace-610042_b8_k8_isolated,isolated,flux,1,8,act_ms,0.04256,recorder
20260829-143116_perlmutter_c84bfd4a,l01_slipstream_trace-610042_b8_k8_isolated,isolated,flux,1,9,act_ms,0.042528,recorder
20260829-143116_perlmutter_c84bfd4a,l01_slipstream_trace-610042_b8_k8_isolated,isolated,flux,1,0,l1_ms,6.820064,recorder
20260829-143116_perlmutter_c84bfd4a,l01_slipstream_trace-610042_b8_k8_isolated,isolated,flux,1,1,l1_ms,7.293504,recorder
20260829-143116_perlmutter_c84bfd4a,l01_slipstream_trace-610042_b8_k8_isolated,isolated,flux,1,2,l1_ms,6.574656,recorder
20260829-143116_perlmutter_c84bfd4a,l01_slipstream_trace-610042_b8_k8_isolated,isolated,flux,1,3,l1_ms,6.648928,recorder
20260829-143116_perlmutter_c84bfd4a,l01_slipstream_trace-610042_b8_k8_isolated,isolated,flux,1,4,l1_ms,6.865216,recorder
20260829-143116_perlmutter_c84bfd4a,l01_slipstream_trace-610042_b8_k8_isolated,isolated,flux,1,5,l1_ms,6.741728,recorder
20260829-143116_perlmutter_c84bfd4a,l01_slipstream_trace-610042_b8_k8_isolated,isolated,flux,1,6,l1_ms,6.81776,recorder
20260829-143116_perlmutter_c84bfd4a,l01_slipstream_trace-610042_b8_k8_isolated,isolated,flux,1,7,l1_ms,6.895904,recorder
20260829-143116_perlmutter_c84bfd4a,l01_slipstream_trace-610042_b8_k8_isolated,isolated,flux,1,8,l1_ms,6.712544,recorder
20260829-143116_perlmutter_c84bfd4a,l01_slipstream_trace-610042_b8_k8_isolated,isolated,flux,1,9,l1_ms,6.728256,recorder
20260829-143116_perlmutter_c84bfd4a,l01_slipstream_trace-610042_b8_k8_isolated,isolated,flux,1,0,plan_comm_ms,0.409952,recorder
20260829-143116_perlmutter_c84bfd4a,l01_slipstream_trace-610042_b8_k8_isolated,isolated,flux,1,1,plan_comm_ms,0.375168,recorder
20260829-143116_perlmutter_c84bfd4a,l01_slipstream_trace-610042_b8_k8_isolated,isolated,flux,1,2,plan_comm_ms,0.302944,recorder
20260829-143116_perlmutter_c84bfd4a,l01_slipstream_trace-610042_b8_k8_isolated,isolated,flux,1,3,plan_comm_ms,0.284064,recorder
20260829-143116_perlmutter_c84bfd4a,l01_slipstream_trace-610042_b8_k8_isolated,isolated,flux,1,4,plan_comm_ms,0.871392,recorder
20260829-143116_perlmutter_c84bfd4a,l01_slipstream_trace-610042_b8_k8_isolated,isolated,flux,1,5,plan_comm_ms,0.6296,recorder
20260829-143116_perlmutter_c84bfd4a,l01_slipstream_trace-610042_b8_k8_isolated,isolated,flux,1,6,plan_comm_ms,0.704416,recorder
20260829-143116_perlmutter_c84bfd4a,l01_slipstream_trace-610042_b8_k8_isolated,isolated,flux,1,7,plan_comm_ms,0.288,recorder
20260829-143116_perlmutter_c84bfd4a,l01_slipstream_trace-610042_b8_k8_isolated,isolated,flux,1,8,plan_comm_ms,0.2944,recorder
20260829-143116_perlmutter_c84bfd4a,l01_slipstream_trace-610042_b8_k8_isolated,isolated,flux,1,9,plan_comm_ms,0.673792,recorder
20260829-143116_perlmutter_c84bfd4a,l01_slipstream_trace-610042_b8_k8_isolated,isolated,flux,1,0,plan_ms,0.606528,recorder
20260829-143116_perlmutter_c84bfd4a,l01_slipstream_trace-610042_b8_k8_isolated,isolated,flux,1,1,plan_ms,0.605952,recorder
20260829-143116_perlmutter_c84bfd4a,l01_slipstream_trace-610042_b8_k8_isolated,isolated,flux,1,2,plan_ms,0.609568,recorder
20260829-143116_perlmutter_c84bfd4a,l01_slipstream_trace-610042_b8_k8_isolated,isolated,flux,1,3,plan_ms,0.613824,recorder
20260829-143116_perlmutter_c84bfd4a,l01_slipstream_trace-610042_b8_k8_isolated,isolated,flux,1,4,plan_ms,0.608096,recorder
20260829-143116_perlmutter_c84bfd4a,l01_slipstream_trace-610042_b8_k8_isolated,isolated,flux,1,5,plan_ms,0.603488,recorder
20260829-143116_perlmutter_c84bfd4a,l01_slipstream_trace-610042_b8_k8_isolated,isolated,flux,1,6,plan_ms,0.606784,recorder
20260829-143116_perlmutter_c84bfd4a,l01_slipstream_trace-610042_b8_k8_isolated,isolated,flux,1,7,plan_ms,0.608896,recorder
20260829-143116_perlmutter_c84bfd4a,l01_slipstream_trace-610042_b8_k8_isolated,isolated,flux,1,8,plan_ms,0.614528,recorder
20260829-143116_perlmutter_c84bfd4a,l01_slipstream_trace-610042_b8_k8_isolated,isolated,flux,1,9,plan_ms,0.601504,recorder
20260829-143116_perlmutter_c84bfd4a,l01_slipstream_trace-610042_b8_k8_isolated,isolated,flux,1,0,total_ms,14.279168,recorder
20260829-143116_perlmutter_c84bfd4a,l01_slipstream_trace-610042_b8_k8_isolated,isolated,flux,1,1,total_ms,14.83072,recorder
20260829-143116_perlmutter_c84bfd4a,l01_slipstream_trace-610042_b8_k8_isolated,isolated,flux,1,2,total_ms,13.871488,recorder
20260829-143116_perlmutter_c84bfd4a,l01_slipstream_trace-610042_b8_k8_isolated,isolated,flux,1,3,total_ms,13.745184,recorder
20260829-143116_perlmutter_c84bfd4a,l01_slipstream_trace-610042_b8_k8_isolated,isolated,flux,1,4,total_ms,14.599072,recorder
20260829-143116_perlmutter_c84bfd4a,l01_slipstream_trace-610042_b8_k8_isolated,isolated,flux,1,5,total_ms,14.390528,recorder
20260829-143116_perlmutter_c84bfd4a,l01_slipstream_trace-610042_b8_k8_isolated,isolated,flux,1,6,total_ms,14.574016,recorder
20260829-143116_perlmutter_c84bfd4a,l01_slipstream_trace-610042_b8_k8_isolated,isolated,flux,1,7,total_ms,14.166368,recorder
20260829-143116_perlmutter_c84bfd4a,l01_slipstream_trace-610042_b8_k8_isolated,isolated,flux,1,8,total_ms,13.93728,recorder
20260829-143116_perlmutter_c84bfd4a,l01_slipstream_trace-610042_b8_k8_isolated,isolated,flux,1,9,total_ms,13.957056,recorder
20260829-143116_perlmutter_c84bfd4a,l01_slipstream_trace-610042_b8_k8_isolated,isolated,flux,1,0,iso_sync_ms,12.74737,recorder
20260829-143116_perlmutter_c84bfd4a,l01_slipstream_trace-610042_b8_k8_isolated,isolated,flux,1,1,iso_sync_ms,12.839468,recorder
20260829-143116_perlmutter_c84bfd4a,l01_slipstream_trace-610042_b8_k8_isolated,isolated,flux,1,2,iso_sync_ms,13.428626,recorder
20260829-143116_perlmutter_c84bfd4a,l01_slipstream_trace-610042_b8_k8_isolated,isolated,flux,1,3,iso_sync_ms,12.274526,recorder
20260829-143116_perlmutter_c84bfd4a,l01_slipstream_trace-610042_b8_k8_isolated,isolated,flux,1,4,iso_sync_ms,12.621868,recorder
20260829-143116_perlmutter_c84bfd4a,l01_slipstream_trace-610042_b8_k8_isolated,isolated,flux,1,5,iso_sync_ms,12.164916,recorder
20260829-143116_perlmutter_c84bfd4a,l01_slipstream_trace-610042_b8_k8_isolated,isolated,flux,1,6,iso_sync_ms,12.773501,recorder
20260829-143116_perlmutter_c84bfd4a,l01_slipstream_trace-610042_b8_k8_isolated,isolated,flux,1,7,iso_sync_ms,12.704588,recorder
20260829-143116_perlmutter_c84bfd4a,l01_slipstream_trace-610042_b8_k8_isolated,isolated,flux,1,8,iso_sync_ms,12.319313,recorder
20260829-143116_perlmutter_c84bfd4a,l01_slipstream_trace-610042_b8_k8_isolated,isolated,flux,1,9,iso_sync_ms,12.444505,recorder
20260829-143116_perlmutter_c84bfd4a,l01_slipstream_trace-610042_b8_k8_isolated,isolated,flux,2,0,e2e_ms,13.24576,recorder
20260829-143116_perlmutter_c84bfd4a,l01_slipstream_trace-610042_b8_k8_isolated,isolated,flux,2,1,e2e_ms,13.815584,recorder
20260829-143116_perlmutter_c84bfd4a,l01_slipstream_trace-610042_b8_k8_isolated,isolated,flux,2,2,e2e_ms,12.927904,recorder
20260829-143116_perlmutter_c84bfd4a,l01_slipstream_trace-610042_b8_k8_isolated,isolated,flux,2,3,e2e_ms,12.835936,recorder
20260829-143116_perlmutter_c84bfd4a,l01_slipstream_trace-610042_b8_k8_isolated,isolated,flux,2,4,e2e_ms,13.089664,recorder
20260829-143116_perlmutter_c84bfd4a,l01_slipstream_trace-610042_b8_k8_isolated,isolated,flux,2,5,e2e_ms,13.1336,recorder
20260829-143116_perlmutter_c84bfd4a,l01_slipstream_trace-610042_b8_k8_isolated,isolated,flux,2,6,e2e_ms,13.258624,recorder
20260829-143116_perlmutter_c84bfd4a,l01_slipstream_trace-610042_b8_k8_isolated,isolated,flux,2,7,e2e_ms,13.193216,recorder
20260829-143116_perlmutter_c84bfd4a,l01_slipstream_trace-610042_b8_k8_isolated,isolated,flux,2,8,e2e_ms,12.998496,recorder
20260829-143116_perlmutter_c84bfd4a,l01_slipstream_trace-610042_b8_k8_isolated,isolated,flux,2,9,e2e_ms,12.658272,recorder
20260829-143116_perlmutter_c84bfd4a,l01_slipstream_trace-610042_b8_k8_isolated,isolated,flux,2,0,l0_ms,6.375552,recorder
20260829-143116_perlmutter_c84bfd4a,l01_slipstream_trace-610042_b8_k8_isolated,isolated,flux,2,1,l0_ms,6.488704,recorder
20260829-143116_perlmutter_c84bfd4a,l01_slipstream_trace-610042_b8_k8_isolated,isolated,flux,2,2,l0_ms,6.318336,recorder
20260829-143116_perlmutter_c84bfd4a,l01_slipstream_trace-610042_b8_k8_isolated,isolated,flux,2,3,l0_ms,6.134688,recorder
20260829-143116_perlmutter_c84bfd4a,l01_slipstream_trace-610042_b8_k8_isolated,isolated,flux,2,4,l0_ms,6.171616,recorder
20260829-143116_perlmutter_c84bfd4a,l01_slipstream_trace-610042_b8_k8_isolated,isolated,flux,2,5,l0_ms,6.337024,recorder
20260829-143116_perlmutter_c84bfd4a,l01_slipstream_trace-610042_b8_k8_isolated,isolated,flux,2,6,l0_ms,6.37184,recorder
20260829-143116_perlmutter_c84bfd4a,l01_slipstream_trace-610042_b8_k8_isolated,isolated,flux,2,7,l0_ms,6.322144,recorder
20260829-143116_perlmutter_c84bfd4a,l01_slipstream_trace-610042_b8_k8_isolated,isolated,flux,2,8,l0_ms,6.246432,recorder
20260829-143116_perlmutter_c84bfd4a,l01_slipstream_trace-610042_b8_k8_isolated,isolated,flux,2,9,l0_ms,5.879168,recorder
20260829-143116_perlmutter_c84bfd4a,l01_slipstream_trace-610042_b8_k8_isolated,isolated,flux,2,0,act_ms,0.028256,recorder
20260829-143116_perlmutter_c84bfd4a,l01_slipstream_trace-610042_b8_k8_isolated,isolated,flux,2,1,act_ms,0.02768,recorder
20260829-143116_perlmutter_c84bfd4a,l01_slipstream_trace-610042_b8_k8_isolated,isolated,flux,2,2,act_ms,0.028576,recorder
20260829-143116_perlmutter_c84bfd4a,l01_slipstream_trace-610042_b8_k8_isolated,isolated,flux,2,3,act_ms,0.030496,recorder
20260829-143116_perlmutter_c84bfd4a,l01_slipstream_trace-610042_b8_k8_isolated,isolated,flux,2,4,act_ms,0.027968,recorder
20260829-143116_perlmutter_c84bfd4a,l01_slipstream_trace-610042_b8_k8_isolated,isolated,flux,2,5,act_ms,0.0312,recorder
20260829-143116_perlmutter_c84bfd4a,l01_slipstream_trace-610042_b8_k8_isolated,isolated,flux,2,6,act_ms,0.029568,recorder
20260829-143116_perlmutter_c84bfd4a,l01_slipstream_trace-610042_b8_k8_isolated,isolated,flux,2,7,act_ms,0.028928,recorder
20260829-143116_perlmutter_c84bfd4a,l01_slipstream_trace-610042_b8_k8_isolated,isolated,flux,2,8,act_ms,0.0296,recorder
20260829-143116_perlmutter_c84bfd4a,l01_slipstream_trace-610042_b8_k8_isolated,isolated,flux,2,9,act_ms,0.03248,recorder
20260829-143116_perlmutter_c84bfd4a,l01_slipstream_trace-610042_b8_k8_isolated,isolated,flux,2,0,l1_ms,6.841952,recorder
20260829-143116_perlmutter_c84bfd4a,l01_slipstream_trace-610042_b8_k8_isolated,isolated,flux,2,1,l1_ms,7.2992,recorder
20260829-143116_perlmutter_c84bfd4a,l01_slipstream_trace-610042_b8_k8_isolated,isolated,flux,2,2,l1_ms,6.580992,recorder
20260829-143116_perlmutter_c84bfd4a,l01_slipstream_trace-610042_b8_k8_isolated,isolated,flux,2,3,l1_ms,6.670752,recorder
20260829-143116_perlmutter_c84bfd4a,l01_slipstream_trace-610042_b8_k8_isolated,isolated,flux,2,4,l1_ms,6.89008,recorder
20260829-143116_perlmutter_c84bfd4a,l01_slipstream_trace-610042_b8_k8_isolated,isolated,flux,2,5,l1_ms,6.765376,recorder
20260829-143116_perlmutter_c84bfd4a,l01_slipstream_trace-610042_b8_k8_isolated,isolated,flux,2,6,l1_ms,6.857216,recorder
20260829-143116_perlmutter_c84bfd4a,l01_slipstream_trace-610042_b8_k8_isolated,isolated,flux,2,7,l1_ms,6.842144,recorder
20260829-143116_perlmutter_c84bfd4a,l01_slipstream_trace-610042_b8_k8_isolated,isolated,flux,2,8,l1_ms,6.722464,recorder
20260829-143116_perlmutter_c84bfd4a,l01_slipstream_trace-610042_b8_k8_isolated,isolated,flux,2,9,l1_ms,6.746624,recorder
20260829-143116_perlmutter_c84bfd4a,l01_slipstream_trace-610042_b8_k8_isolated,isolated,flux,2,0,plan_comm_ms,0.411296,recorder
20260829-143116_perlmutter_c84bfd4a,l01_slipstream_trace-610042_b8_k8_isolated,isolated,flux,2,1,plan_comm_ms,0.381408,recorder
20260829-143116_perlmutter_c84bfd4a,l01_slipstream_trace-610042_b8_k8_isolated,isolated,flux,2,2,plan_comm_ms,0.307328,recorder
20260829-143116_perlmutter_c84bfd4a,l01_slipstream_trace-610042_b8_k8_isolated,isolated,flux,2,3,plan_comm_ms,0.290112,recorder
20260829-143116_perlmutter_c84bfd4a,l01_slipstream_trace-610042_b8_k8_isolated,isolated,flux,2,4,plan_comm_ms,0.875072,recorder
20260829-143116_perlmutter_c84bfd4a,l01_slipstream_trace-610042_b8_k8_isolated,isolated,flux,2,5,plan_comm_ms,0.638112,recorder
20260829-143116_perlmutter_c84bfd4a,l01_slipstream_trace-610042_b8_k8_isolated,isolated,flux,2,6,plan_comm_ms,0.705344,recorder
20260829-143116_perlmutter_c84bfd4a,l01_slipstream_trace-610042_b8_k8_isolated,isolated,flux,2,7,plan_comm_ms,0.288544,recorder
20260829-143116_perlmutter_c84bfd4a,l01_slipstream_trace-610042_b8_k8_isolated,isolated,flux,2,8,plan_comm_ms,0.300352,recorder
20260829-143116_perlmutter_c84bfd4a,l01_slipstream_trace-610042_b8_k8_isolated,isolated,flux,2,9,plan_comm_ms,0.676256,recorder
20260829-143116_perlmutter_c84bfd4a,l01_slipstream_trace-610042_b8_k8_isolated,isolated,flux,2,0,plan_ms,0.616192,recorder
20260829-143116_perlmutter_c84bfd4a,l01_slipstream_trace-610042_b8_k8_isolated,isolated,flux,2,1,plan_ms,0.624192,recorder
20260829-143116_perlmutter_c84bfd4a,l01_slipstream_trace-610042_b8_k8_isolated,isolated,flux,2,2,plan_ms,0.621632,recorder
20260829-143116_perlmutter_c84bfd4a,l01_slipstream_trace-610042_b8_k8_isolated,isolated,flux,2,3,plan_ms,0.618976,recorder
20260829-143116_perlmutter_c84bfd4a,l01_slipstream_trace-610042_b8_k8_isolated,isolated,flux,2,4,plan_ms,0.634528,recorder
20260829-143116_perlmutter_c84bfd4a,l01_slipstream_trace-610042_b8_k8_isolated,isolated,flux,2,5,plan_ms,0.618464,recorder
20260829-143116_perlmutter_c84bfd4a,l01_slipstream_trace-610042_b8_k8_isolated,isolated,flux,2,6,plan_ms,0.614368,recorder
20260829-143116_perlmutter_c84bfd4a,l01_slipstream_trace-610042_b8_k8_isolated,isolated,flux,2,7,plan_ms,0.61504,recorder
20260829-143116_perlmutter_c84bfd4a,l01_slipstream_trace-610042_b8_k8_isolated,isolated,flux,2,8,plan_ms,0.631008,recorder
20260829-143116_perlmutter_c84bfd4a,l01_slipstream_trace-610042_b8_k8_isolated,isolated,flux,2,9,plan_ms,0.619552,recorder
20260829-143116_perlmutter_c84bfd4a,l01_slipstream_trace-610042_b8_k8_isolated,isolated,flux,2,0,total_ms,14.275584,recorder
20260829-143116_perlmutter_c84bfd4a,l01_slipstream_trace-610042_b8_k8_isolated,isolated,flux,2,1,total_ms,14.82352,recorder
20260829-143116_perlmutter_c84bfd4a,l01_slipstream_trace-610042_b8_k8_isolated,isolated,flux,2,2,total_ms,13.8592,recorder
20260829-143116_perlmutter_c84bfd4a,l01_slipstream_trace-610042_b8_k8_isolated,isolated,flux,2,3,total_ms,13.74736,recorder
20260829-143116_perlmutter_c84bfd4a,l01_slipstream_trace-610042_b8_k8_isolated,isolated,flux,2,4,total_ms,14.601888,recorder
20260829-143116_perlmutter_c84bfd4a,l01_slipstream_trace-610042_b8_k8_isolated,isolated,flux,2,5,total_ms,14.392512,recorder
20260829-143116_perlmutter_c84bfd4a,l01_slipstream_trace-610042_b8_k8_isolated,isolated,flux,2,6,total_ms,14.580672,recorder
20260829-143116_perlmutter_c84bfd4a,l01_slipstream_trace-610042_b8_k8_isolated,isolated,flux,2,7,total_ms,14.099104,recorder
20260829-143116_perlmutter_c84bfd4a,l01_slipstream_trace-610042_b8_k8_isolated,isolated,flux,2,8,total_ms,13.932192,recorder
20260829-143116_perlmutter_c84bfd4a,l01_slipstream_trace-610042_b8_k8_isolated,isolated,flux,2,9,total_ms,13.956416,recorder
20260829-143116_perlmutter_c84bfd4a,l01_slipstream_trace-610042_b8_k8_isolated,isolated,flux,2,0,iso_sync_ms,12.679429,recorder
20260829-143116_perlmutter_c84bfd4a,l01_slipstream_trace-610042_b8_k8_isolated,isolated,flux,2,1,iso_sync_ms,12.827445,recorder
20260829-143116_perlmutter_c84bfd4a,l01_slipstream_trace-610042_b8_k8_isolated,isolated,flux,2,2,iso_sync_ms,13.406093,recorder
20260829-143116_perlmutter_c84bfd4a,l01_slipstream_trace-610042_b8_k8_isolated,isolated,flux,2,3,iso_sync_ms,12.24522,recorder
20260829-143116_perlmutter_c84bfd4a,l01_slipstream_trace-610042_b8_k8_isolated,isolated,flux,2,4,iso_sync_ms,12.583744,recorder
20260829-143116_perlmutter_c84bfd4a,l01_slipstream_trace-610042_b8_k8_isolated,isolated,flux,2,5,iso_sync_ms,12.12082,recorder
20260829-143116_perlmutter_c84bfd4a,l01_slipstream_trace-610042_b8_k8_isolated,isolated,flux,2,6,iso_sync_ms,12.75274,recorder
20260829-143116_perlmutter_c84bfd4a,l01_slipstream_trace-610042_b8_k8_isolated,isolated,flux,2,7,iso_sync_ms,12.697685,recorder
20260829-143116_perlmutter_c84bfd4a,l01_slipstream_trace-610042_b8_k8_isolated,isolated,flux,2,8,iso_sync_ms,12.289155,recorder
20260829-143116_perlmutter_c84bfd4a,l01_slipstream_trace-610042_b8_k8_isolated,isolated,flux,2,9,iso_sync_ms,12.42108,recorder
20260829-143116_perlmutter_c84bfd4a,l01_slipstream_trace-610042_b8_k8_isolated,isolated,flux,3,0,e2e_ms,13.255264,recorder
20260829-143116_perlmutter_c84bfd4a,l01_slipstream_trace-610042_b8_k8_isolated,isolated,flux,3,1,e2e_ms,13.827072,recorder
20260829-143116_perlmutter_c84bfd4a,l01_slipstream_trace-610042_b8_k8_isolated,isolated,flux,3,2,e2e_ms,12.912352,recorder
20260829-143116_perlmutter_c84bfd4a,l01_slipstream_trace-610042_b8_k8_isolated,isolated,flux,3,3,e2e_ms,12.831776,recorder
20260829-143116_perlmutter_c84bfd4a,l01_slipstream_trace-610042_b8_k8_isolated,isolated,flux,3,4,e2e_ms,13.099232,recorder
20260829-143116_perlmutter_c84bfd4a,l01_slipstream_trace-610042_b8_k8_isolated,isolated,flux,3,5,e2e_ms,13.123072,recorder
20260829-143116_perlmutter_c84bfd4a,l01_slipstream_trace-610042_b8_k8_isolated,isolated,flux,3,6,e2e_ms,13.25328,recorder
20260829-143116_perlmutter_c84bfd4a,l01_slipstream_trace-610042_b8_k8_isolated,isolated,flux,3,7,e2e_ms,13.19104,recorder
20260829-143116_perlmutter_c84bfd4a,l01_slipstream_trace-610042_b8_k8_isolated,isolated,flux,3,8,e2e_ms,13.006496,recorder
20260829-143116_perlmutter_c84bfd4a,l01_slipstream_trace-610042_b8_k8_isolated,isolated,flux,3,9,e2e_ms,12.66032,recorder
20260829-143116_perlmutter_c84bfd4a,l01_slipstream_trace-610042_b8_k8_isolated,isolated,flux,3,0,l0_ms,6.379264,recorder
20260829-143116_perlmutter_c84bfd4a,l01_slipstream_trace-610042_b8_k8_isolated,isolated,flux,3,1,l0_ms,6.490752,recorder
20260829-143116_perlmutter_c84bfd4a,l01_slipstream_trace-610042_b8_k8_isolated,isolated,flux,3,2,l0_ms,6.316064,recorder
20260829-143116_perlmutter_c84bfd4a,l01_slipstream_trace-610042_b8_k8_isolated,isolated,flux,3,3,l0_ms,6.134752,recorder
20260829-143116_perlmutter_c84bfd4a,l01_slipstream_trace-610042_b8_k8_isolated,isolated,flux,3,4,l0_ms,6.189856,recorder
20260829-143116_perlmutter_c84bfd4a,l01_slipstream_trace-610042_b8_k8_isolated,isolated,flux,3,5,l0_ms,6.333088,recorder
20260829-143116_perlmutter_c84bfd4a,l01_slipstream_trace-610042_b8_k8_isolated,isolated,flux,3,6,l0_ms,6.374304,recorder
20260829-143116_perlmutter_c84bfd4a,l01_slipstream_trace-610042_b8_k8_isolated,isolated,flux,3,7,l0_ms,6.315488,recorder
20260829-143116_perlmutter_c84bfd4a,l01_slipstream_trace-610042_b8_k8_isolated,isolated,flux,3,8,l0_ms,6.251296,recorder
20260829-143116_perlmutter_c84bfd4a,l01_slipstream_trace-610042_b8_k8_isolated,isolated,flux,3,9,l0_ms,5.877792,recorder
20260829-143116_perlmutter_c84bfd4a,l01_slipstream_trace-610042_b8_k8_isolated,isolated,flux,3,0,act_ms,0.038976,recorder
20260829-143116_perlmutter_c84bfd4a,l01_slipstream_trace-610042_b8_k8_isolated,isolated,flux,3,1,act_ms,0.039648,recorder
20260829-143116_perlmutter_c84bfd4a,l01_slipstream_trace-610042_b8_k8_isolated,isolated,flux,3,2,act_ms,0.038112,recorder
20260829-143116_perlmutter_c84bfd4a,l01_slipstream_trace-610042_b8_k8_isolated,isolated,flux,3,3,act_ms,0.039264,recorder
20260829-143116_perlmutter_c84bfd4a,l01_slipstream_trace-610042_b8_k8_isolated,isolated,flux,3,4,act_ms,0.038176,recorder
20260829-143116_perlmutter_c84bfd4a,l01_slipstream_trace-610042_b8_k8_isolated,isolated,flux,3,5,act_ms,0.039392,recorder
20260829-143116_perlmutter_c84bfd4a,l01_slipstream_trace-610042_b8_k8_isolated,isolated,flux,3,6,act_ms,0.038848,recorder
20260829-143116_perlmutter_c84bfd4a,l01_slipstream_trace-610042_b8_k8_isolated,isolated,flux,3,7,act_ms,0.039744,recorder
20260829-143116_perlmutter_c84bfd4a,l01_slipstream_trace-610042_b8_k8_isolated,isolated,flux,3,8,act_ms,0.038624,recorder
20260829-143116_perlmutter_c84bfd4a,l01_slipstream_trace-610042_b8_k8_isolated,isolated,flux,3,9,act_ms,0.03792,recorder
20260829-143116_perlmutter_c84bfd4a,l01_slipstream_trace-610042_b8_k8_isolated,isolated,flux,3,0,l1_ms,6.837024,recorder
20260829-143116_perlmutter_c84bfd4a,l01_slipstream_trace-610042_b8_k8_isolated,isolated,flux,3,1,l1_ms,7.296672,recorder
20260829-143116_perlmutter_c84bfd4a,l01_slipstream_trace-610042_b8_k8_isolated,isolated,flux,3,2,l1_ms,6.558176,recorder
20260829-143116_perlmutter_c84bfd4a,l01_slipstream_trace-610042_b8_k8_isolated,isolated,flux,3,3,l1_ms,6.65776,recorder
20260829-143116_perlmutter_c84bfd4a,l01_slipstream_trace-610042_b8_k8_isolated,isolated,flux,3,4,l1_ms,6.8712,recorder
20260829-143116_perlmutter_c84bfd4a,l01_slipstream_trace-610042_b8_k8_isolated,isolated,flux,3,5,l1_ms,6.750592,recorder
20260829-143116_perlmutter_c84bfd4a,l01_slipstream_trace-610042_b8_k8_isolated,isolated,flux,3,6,l1_ms,6.840128,recorder
20260829-143116_perlmutter_c84bfd4a,l01_slipstream_trace-610042_b8_k8_isolated,isolated,flux,3,7,l1_ms,6.835808,recorder
20260829-143116_perlmutter_c84bfd4a,l01_slipstream_trace-610042_b8_k8_isolated,isolated,flux,3,8,l1_ms,6.716576,recorder
20260829-143116_perlmutter_c84bfd4a,l01_slipstream_trace-610042_b8_k8_isolated,isolated,flux,3,9,l1_ms,6.744608,recorder
20260829-143116_perlmutter_c84bfd4a,l01_slipstream_trace-610042_b8_k8_isolated,isolated,flux,3,0,plan_comm_ms,0.413888,recorder
20260829-143116_perlmutter_c84bfd4a,l01_slipstream_trace-610042_b8_k8_isolated,isolated,flux,3,1,plan_comm_ms,0.390816,recorder
20260829-143116_perlmutter_c84bfd4a,l01_slipstream_trace-610042_b8_k8_isolated,isolated,flux,3,2,plan_comm_ms,0.315072,recorder
20260829-143116_perlmutter_c84bfd4a,l01_slipstream_trace-610042_b8_k8_isolated,isolated,flux,3,3,plan_comm_ms,0.29744,recorder
20260829-143116_perlmutter_c84bfd4a,l01_slipstream_trace-610042_b8_k8_isolated,isolated,flux,3,4,plan_comm_ms,0.886976,recorder
20260829-143116_perlmutter_c84bfd4a,l01_slipstream_trace-610042_b8_k8_isolated,isolated,flux,3,5,plan_comm_ms,0.6464,recorder
20260829-143116_perlmutter_c84bfd4a,l01_slipstream_trace-610042_b8_k8_isolated,isolated,flux,3,6,plan_comm_ms,0.70912,recorder
20260829-143116_perlmutter_c84bfd4a,l01_slipstream_trace-610042_b8_k8_isolated,isolated,flux,3,7,plan_comm_ms,0.289792,recorder
20260829-143116_perlmutter_c84bfd4a,l01_slipstream_trace-610042_b8_k8_isolated,isolated,flux,3,8,plan_comm_ms,0.31024,recorder
20260829-143116_perlmutter_c84bfd4a,l01_slipstream_trace-610042_b8_k8_isolated,isolated,flux,3,9,plan_comm_ms,0.679584,recorder
20260829-143116_perlmutter_c84bfd4a,l01_slipstream_trace-610042_b8_k8_isolated,isolated,flux,3,0,plan_ms,0.615328,recorder
20260829-143116_perlmutter_c84bfd4a,l01_slipstream_trace-610042_b8_k8_isolated,isolated,flux,3,1,plan_ms,0.61696,recorder
20260829-143116_perlmutter_c84bfd4a,l01_slipstream_trace-610042_b8_k8_isolated,isolated,flux,3,2,plan_ms,0.621088,recorder
20260829-143116_perlmutter_c84bfd4a,l01_slipstream_trace-610042_b8_k8_isolated,isolated,flux,3,3,plan_ms,0.61664,recorder
20260829-143116_perlmutter_c84bfd4a,l01_slipstream_trace-610042_b8_k8_isolated,isolated,flux,3,4,plan_ms,0.614944,recorder
20260829-143116_perlmutter_c84bfd4a,l01_slipstream_trace-610042_b8_k8_isolated,isolated,flux,3,5,plan_ms,0.625632,recorder
20260829-143116_perlmutter_c84bfd4a,l01_slipstream_trace-610042_b8_k8_isolated,isolated,flux,3,6,plan_ms,0.615008,recorder
20260829-143116_perlmutter_c84bfd4a,l01_slipstream_trace-610042_b8_k8_isolated,isolated,flux,3,7,plan_ms,0.623424,recorder
20260829-143116_perlmutter_c84bfd4a,l01_slipstream_trace-610042_b8_k8_isolated,isolated,flux,3,8,plan_ms,0.625536,recorder
20260829-143116_perlmutter_c84bfd4a,l01_slipstream_trace-610042_b8_k8_isolated,isolated,flux,3,9,plan_ms,0.621728,recorder
20260829-143116_perlmutter_c84bfd4a,l01_slipstream_trace-610042_b8_k8_isolated,isolated,flux,3,0,total_ms,14.286752,recorder
20260829-143116_perlmutter_c84bfd4a,l01_slipstream_trace-610042_b8_k8_isolated,isolated,flux,3,1,total_ms,14.837152,recorder
20260829-143116_perlmutter_c84bfd4a,l01_slipstream_trace-610042_b8_k8_isolated,isolated,flux,3,2,total_ms,13.850816,recorder
20260829-143116_perlmutter_c84bfd4a,l01_slipstream_trace-610042_b8_k8_isolated,isolated,flux,3,3,total_ms,13.74816,recorder
20260829-143116_perlmutter_c84bfd4a,l01_slipstream_trace-610042_b8_k8_isolated,isolated,flux,3,4,total_ms,14.603456,recorder
20260829-143116_perlmutter_c84bfd4a,l01_slipstream_trace-610042_b8_k8_isolated,isolated,flux,3,5,total_ms,14.397408,recorder
20260829-143116_perlmutter_c84bfd4a,l01_slipstream_trace-610042_b8_k8_isolated,isolated,flux,3,6,total_ms,14.57984,recorder
20260829-143116_perlmutter_c84bfd4a,l01_slipstream_trace-610042_b8_k8_isolated,isolated,flux,3,7,total_ms,14.10656,recorder
20260829-143116_perlmutter_c84bfd4a,l01_slipstream_trace-610042_b8_k8_isolated,isolated,flux,3,8,total_ms,13.944576,recorder
20260829-143116_perlmutter_c84bfd4a,l01_slipstream_trace-610042_b8_k8_isolated,isolated,flux,3,9,total_ms,13.963936,recorder
20260829-143116_perlmutter_c84bfd4a,l01_slipstream_trace-610042_b8_k8_isolated,isolated,flux,3,0,iso_sync_ms,12.706021,recorder
20260829-143116_perlmutter_c84bfd4a,l01_slipstream_trace-610042_b8_k8_isolated,isolated,flux,3,1,iso_sync_ms,12.872051,recorder
20260829-143116_perlmutter_c84bfd4a,l01_slipstream_trace-610042_b8_k8_isolated,isolated,flux,3,2,iso_sync_ms,13.405682,recorder
20260829-143116_perlmutter_c84bfd4a,l01_slipstream_trace-610042_b8_k8_isolated,isolated,flux,3,3,iso_sync_ms,12.274657,recorder
20260829-143116_perlmutter_c84bfd4a,l01_slipstream_trace-610042_b8_k8_isolated,isolated,flux,3,4,iso_sync_ms,12.620264,recorder
20260829-143116_perlmutter_c84bfd4a,l01_slipstream_trace-610042_b8_k8_isolated,isolated,flux,3,5,iso_sync_ms,12.101853,recorder
20260829-143116_perlmutter_c84bfd4a,l01_slipstream_trace-610042_b8_k8_isolated,isolated,flux,3,6,iso_sync_ms,12.754044,recorder
20260829-143116_perlmutter_c84bfd4a,l01_slipstream_trace-610042_b8_k8_isolated,isolated,flux,3,7,iso_sync_ms,12.698245,recorder
20260829-143116_perlmutter_c84bfd4a,l01_slipstream_trace-610042_b8_k8_isolated,isolated,flux,3,8,iso_sync_ms,12.295587,recorder
20260829-143116_perlmutter_c84bfd4a,l01_slipstream_trace-610042_b8_k8_isolated,isolated,flux,3,9,iso_sync_ms,12.420088,recorder
20260829-143116_perlmutter_c84bfd4a,l01_slipstream_trace-610042_b8_k8_isolated,isolated,flux,4,0,e2e_ms,13.263008,recorder
20260829-143116_perlmutter_c84bfd4a,l01_slipstream_trace-610042_b8_k8_isolated,isolated,flux,4,1,e2e_ms,13.858592,recorder
20260829-143116_perlmutter_c84bfd4a,l01_slipstream_trace-610042_b8_k8_isolated,isolated,flux,4,2,e2e_ms,12.946368,recorder
20260829-143116_perlmutter_c84bfd4a,l01_slipstream_trace-610042_b8_k8_isolated,isolated,flux,4,3,e2e_ms,12.8528,recorder
20260829-143116_perlmutter_c84bfd4a,l01_slipstream_trace-610042_b8_k8_isolated,isolated,flux,4,4,e2e_ms,13.110624,recorder
20260829-143116_perlmutter_c84bfd4a,l01_slipstream_trace-610042_b8_k8_isolated,isolated,flux,4,5,e2e_ms,13.148032,recorder
20260829-143116_perlmutter_c84bfd4a,l01_slipstream_trace-610042_b8_k8_isolated,isolated,flux,4,6,e2e_ms,13.25248,recorder
20260829-143116_perlmutter_c84bfd4a,l01_slipstream_trace-610042_b8_k8_isolated,isolated,flux,4,7,e2e_ms,13.195424,recorder
20260829-143116_perlmutter_c84bfd4a,l01_slipstream_trace-610042_b8_k8_isolated,isolated,flux,4,8,e2e_ms,13.050432,recorder
20260829-143116_perlmutter_c84bfd4a,l01_slipstream_trace-610042_b8_k8_isolated,isolated,flux,4,9,e2e_ms,12.686656,recorder
20260829-143116_perlmutter_c84bfd4a,l01_slipstream_trace-610042_b8_k8_isolated,isolated,flux,4,0,l0_ms,6.372768,recorder
20260829-143116_perlmutter_c84bfd4a,l01_slipstream_trace-610042_b8_k8_isolated,isolated,flux,4,1,l0_ms,6.50352,recorder
20260829-143116_perlmutter_c84bfd4a,l01_slipstream_trace-610042_b8_k8_isolated,isolated,flux,4,2,l0_ms,6.327712,recorder
20260829-143116_perlmutter_c84bfd4a,l01_slipstream_trace-610042_b8_k8_isolated,isolated,flux,4,3,l0_ms,6.151584,recorder
20260829-143116_perlmutter_c84bfd4a,l01_slipstream_trace-610042_b8_k8_isolated,isolated,flux,4,4,l0_ms,6.184416,recorder
20260829-143116_perlmutter_c84bfd4a,l01_slipstream_trace-610042_b8_k8_isolated,isolated,flux,4,5,l0_ms,6.343424,recorder
20260829-143116_perlmutter_c84bfd4a,l01_slipstream_trace-610042_b8_k8_isolated,isolated,flux,4,6,l0_ms,6.369184,recorder
20260829-143116_perlmutter_c84bfd4a,l01_slipstream_trace-610042_b8_k8_isolated,isolated,flux,4,7,l0_ms,6.319104,recorder
20260829-143116_perlmutter_c84bfd4a,l01_slipstream_trace-610042_b8_k8_isolated,isolated,flux,4,8,l0_ms,6.261504,recorder
20260829-143116_perlmutter_c84bfd4a,l01_slipstream_trace-610042_b8_k8_isolated,isolated,flux,4,9,l0_ms,5.88736,recorder
20260829-143116_perlmutter_c84bfd4a,l01_slipstream_trace-610042_b8_k8_isolated,isolated,flux,4,0,act_ms,0.031872,recorder
20260829-143116_perlmutter_c84bfd4a,l01_slipstream_trace-610042_b8_k8_isolated,isolated,flux,4,1,act_ms,0.030432,recorder
20260829-143116_perlmutter_c84bfd4a,l01_slipstream_trace-610042_b8_k8_isolated,isolated,flux,4,2,act_ms,0.030592,recorder
20260829-143116_perlmutter_c84bfd4a,l01_slipstream_trace-610042_b8_k8_isolated,isolated,flux,4,3,act_ms,0.029728,recorder
20260829-143116_perlmutter_c84bfd4a,l01_slipstream_trace-610042_b8_k8_isolated,isolated,flux,4,4,act_ms,0.031616,recorder
20260829-143116_perlmutter_c84bfd4a,l01_slipstream_trace-610042_b8_k8_isolated,isolated,flux,4,5,act_ms,0.030592,recorder
20260829-143116_perlmutter_c84bfd4a,l01_slipstream_trace-610042_b8_k8_isolated,isolated,flux,4,6,act_ms,0.030048,recorder
20260829-143116_perlmutter_c84bfd4a,l01_slipstream_trace-610042_b8_k8_isolated,isolated,flux,4,7,act_ms,0.029536,recorder
20260829-143116_perlmutter_c84bfd4a,l01_slipstream_trace-610042_b8_k8_isolated,isolated,flux,4,8,act_ms,0.03072,recorder
20260829-143116_perlmutter_c84bfd4a,l01_slipstream_trace-610042_b8_k8_isolated,isolated,flux,4,9,act_ms,0.031008,recorder
20260829-143116_perlmutter_c84bfd4a,l01_slipstream_trace-610042_b8_k8_isolated,isolated,flux,4,0,l1_ms,6.858368,recorder
20260829-143116_perlmutter_c84bfd4a,l01_slipstream_trace-610042_b8_k8_isolated,isolated,flux,4,1,l1_ms,7.32464,recorder
20260829-143116_perlmutter_c84bfd4a,l01_slipstream_trace-610042_b8_k8_isolated,isolated,flux,4,2,l1_ms,6.588064,recorder
20260829-143116_perlmutter_c84bfd4a,l01_slipstream_trace-610042_b8_k8_isolated,isolated,flux,4,3,l1_ms,6.671488,recorder
20260829-143116_perlmutter_c84bfd4a,l01_slipstream_trace-610042_b8_k8_isolated,isolated,flux,4,4,l1_ms,6.894592,recorder
20260829-143116_perlmutter_c84bfd4a,l01_slipstream_trace-610042_b8_k8_isolated,isolated,flux,4,5,l1_ms,6.774016,recorder
20260829-143116_perlmutter_c84bfd4a,l01_slipstream_trace-610042_b8_k8_isolated,isolated,flux,4,6,l1_ms,6.853248,recorder
20260829-143116_perlmutter_c84bfd4a,l01_slipstream_trace-610042_b8_k8_isolated,isolated,flux,4,7,l1_ms,6.846784,recorder
20260829-143116_perlmutter_c84bfd4a,l01_slipstream_trace-610042_b8_k8_isolated,isolated,flux,4,8,l1_ms,6.758208,recorder
20260829-143116_perlmutter_c84bfd4a,l01_slipstream_trace-610042_b8_k8_isolated,isolated,flux,4,9,l1_ms,6.768288,recorder
20260829-143116_perlmutter_c84bfd4a,l01_slipstream_trace-610042_b8_k8_isolated,isolated,flux,4,0,plan_comm_ms,0.319456,recorder
20260829-143116_perlmutter_c84bfd4a,l01_slipstream_trace-610042_b8_k8_isolated,isolated,flux,4,1,plan_comm_ms,0.260736,recorder
20260829-143116_perlmutter_c84bfd4a,l01_slipstream_trace-610042_b8_k8_isolated,isolated,flux,4,2,plan_comm_ms,0.270944,recorder
20260829-143116_perlmutter_c84bfd4a,l01_slipstream_trace-610042_b8_k8_isolated,isolated,flux,4,3,plan_comm_ms,0.240832,recorder
20260829-143116_perlmutter_c84bfd4a,l01_slipstream_trace-610042_b8_k8_isolated,isolated,flux,4,4,plan_comm_ms,0.848352,recorder
20260829-143116_perlmutter_c84bfd4a,l01_slipstream_trace-610042_b8_k8_isolated,isolated,flux,4,5,plan_comm_ms,0.600832,recorder
20260829-143116_perlmutter_c84bfd4a,l01_slipstream_trace-610042_b8_k8_isolated,isolated,flux,4,6,plan_comm_ms,0.692064,recorder
20260829-143116_perlmutter_c84bfd4a,l01_slipstream_trace-610042_b8_k8_isolated,isolated,flux,4,7,plan_comm_ms,0.26256,recorder
20260829-143116_perlmutter_c84bfd4a,l01_slipstream_trace-610042_b8_k8_isolated,isolated,flux,4,8,plan_comm_ms,0.27376,recorder
20260829-143116_perlmutter_c84bfd4a,l01_slipstream_trace-610042_b8_k8_isolated,isolated,flux,4,9,plan_comm_ms,0.65312,recorder
20260829-143116_perlmutter_c84bfd4a,l01_slipstream_trace-610042_b8_k8_isolated,isolated,flux,4,0,plan_ms,0.618624,recorder
20260829-143116_perlmutter_c84bfd4a,l01_slipstream_trace-610042_b8_k8_isolated,isolated,flux,4,1,plan_ms,0.618144,recorder
20260829-143116_perlmutter_c84bfd4a,l01_slipstream_trace-610042_b8_k8_isolated,isolated,flux,4,2,plan_ms,0.621312,recorder
20260829-143116_perlmutter_c84bfd4a,l01_slipstream_trace-610042_b8_k8_isolated,isolated,flux,4,3,plan_ms,0.6192,recorder
20260829-143116_perlmutter_c84bfd4a,l01_slipstream_trace-610042_b8_k8_isolated,isolated,flux,4,4,plan_ms,0.627584,recorder
20260829-143116_perlmutter_c84bfd4a,l01_slipstream_trace-610042_b8_k8_isolated,isolated,flux,4,5,plan_ms,0.618048,recorder
20260829-143116_perlmutter_c84bfd4a,l01_slipstream_trace-610042_b8_k8_isolated,isolated,flux,4,6,plan_ms,0.621696,recorder
20260829-143116_perlmutter_c84bfd4a,l01_slipstream_trace-610042_b8_k8_isolated,isolated,flux,4,7,plan_ms,0.618976,recorder
20260829-143116_perlmutter_c84bfd4a,l01_slipstream_trace-610042_b8_k8_isolated,isolated,flux,4,8,plan_ms,0.618336,recorder
20260829-143116_perlmutter_c84bfd4a,l01_slipstream_trace-610042_b8_k8_isolated,isolated,flux,4,9,plan_ms,0.617984,recorder
20260829-143116_perlmutter_c84bfd4a,l01_slipstream_trace-610042_b8_k8_isolated,isolated,flux,4,0,total_ms,14.203424,recorder
20260829-143116_perlmutter_c84bfd4a,l01_slipstream_trace-610042_b8_k8_isolated,isolated,flux,4,1,total_ms,14.739904,recorder
20260829-143116_perlmutter_c84bfd4a,l01_slipstream_trace-610042_b8_k8_isolated,isolated,flux,4,2,total_ms,13.84096,recorder
20260829-143116_perlmutter_c84bfd4a,l01_slipstream_trace-610042_b8_k8_isolated,isolated,flux,4,3,total_ms,13.715168,recorder
20260829-143116_perlmutter_c84bfd4a,l01_slipstream_trace-610042_b8_k8_isolated,isolated,flux,4,4,total_ms,14.588896,recorder
20260829-143116_perlmutter_c84bfd4a,l01_slipstream_trace-610042_b8_k8_isolated,isolated,flux,4,5,total_ms,14.369248,recorder
20260829-143116_perlmutter_c84bfd4a,l01_slipstream_trace-610042_b8_k8_isolated,isolated,flux,4,6,total_ms,14.568576,recorder
20260829-143116_perlmutter_c84bfd4a,l01_slipstream_trace-610042_b8_k8_isolated,isolated,flux,4,7,total_ms,14.079296,recorder
20260829-143116_perlmutter_c84bfd4a,l01_slipstream_trace-610042_b8_k8_isolated,isolated,flux,4,8,total_ms,13.944864,recorder
20260829-143116_perlmutter_c84bfd4a,l01_slipstream_trace-610042_b8_k8_isolated,isolated,flux,4,9,total_ms,13.960096,recorder
20260829-143116_perlmutter_c84bfd4a,l01_slipstream_trace-610042_b8_k8_isolated,isolated,flux,4,0,iso_sync_ms,12.834092,recorder
20260829-143116_perlmutter_c84bfd4a,l01_slipstream_trace-610042_b8_k8_isolated,isolated,flux,4,1,iso_sync_ms,13.00421,recorder
20260829-143116_perlmutter_c84bfd4a,l01_slipstream_trace-610042_b8_k8_isolated,isolated,flux,4,2,iso_sync_ms,13.474109,recorder
20260829-143116_perlmutter_c84bfd4a,l01_slipstream_trace-610042_b8_k8_isolated,isolated,flux,4,3,iso_sync_ms,12.348713,recorder
20260829-143116_perlmutter_c84bfd4a,l01_slipstream_trace-610042_b8_k8_isolated,isolated,flux,4,4,iso_sync_ms,12.640346,recorder
20260829-143116_perlmutter_c84bfd4a,l01_slipstream_trace-610042_b8_k8_isolated,isolated,flux,4,5,iso_sync_ms,12.175698,recorder
20260829-143116_perlmutter_c84bfd4a,l01_slipstream_trace-610042_b8_k8_isolated,isolated,flux,4,6,iso_sync_ms,12.798533,recorder
20260829-143116_perlmutter_c84bfd4a,l01_slipstream_trace-610042_b8_k8_isolated,isolated,flux,4,7,iso_sync_ms,12.770669,recorder
20260829-143116_perlmutter_c84bfd4a,l01_slipstream_trace-610042_b8_k8_isolated,isolated,flux,4,8,iso_sync_ms,12.309055,recorder
20260829-143116_perlmutter_c84bfd4a,l01_slipstream_trace-610042_b8_k8_isolated,isolated,flux,4,9,iso_sync_ms,12.499063,recorder
20260829-143116_perlmutter_c84bfd4a,l01_slipstream_trace-610042_b8_k8_isolated,isolated,flux,5,0,e2e_ms,13.278496,recorder
20260829-143116_perlmutter_c84bfd4a,l01_slipstream_trace-610042_b8_k8_isolated,isolated,flux,5,1,e2e_ms,13.867808,recorder
20260829-143116_perlmutter_c84bfd4a,l01_slipstream_trace-610042_b8_k8_isolated,isolated,flux,5,2,e2e_ms,12.954368,recorder
20260829-143116_perlmutter_c84bfd4a,l01_slipstream_trace-610042_b8_k8_isolated,isolated,flux,5,3,e2e_ms,12.882912,recorder
20260829-143116_perlmutter_c84bfd4a,l01_slipstream_trace-610042_b8_k8_isolated,isolated,flux,5,4,e2e_ms,13.13872,recorder
20260829-143116_perlmutter_c84bfd4a,l01_slipstream_trace-610042_b8_k8_isolated,isolated,flux,5,5,e2e_ms,13.17072,recorder
20260829-143116_perlmutter_c84bfd4a,l01_slipstream_trace-610042_b8_k8_isolated,isolated,flux,5,6,e2e_ms,13.274784,recorder
20260829-143116_perlmutter_c84bfd4a,l01_slipstream_trace-610042_b8_k8_isolated,isolated,flux,5,7,e2e_ms,13.205216,recorder
20260829-143116_perlmutter_c84bfd4a,l01_slipstream_trace-610042_b8_k8_isolated,isolated,flux,5,8,e2e_ms,13.05808,recorder
20260829-143116_perlmutter_c84bfd4a,l01_slipstream_trace-610042_b8_k8_isolated,isolated,flux,5,9,e2e_ms,12.689504,recorder
20260829-143116_perlmutter_c84bfd4a,l01_slipstream_trace-610042_b8_k8_isolated,isolated,flux,5,0,l0_ms,6.382528,recorder
20260829-143116_perlmutter_c84bfd4a,l01_slipstream_trace-610042_b8_k8_isolated,isolated,flux,5,1,l0_ms,6.501024,recorder
20260829-143116_perlmutter_c84bfd4a,l01_slipstream_trace-610042_b8_k8_isolated,isolated,flux,5,2,l0_ms,6.331744,recorder
20260829-143116_perlmutter_c84bfd4a,l01_slipstream_trace-610042_b8_k8_isolated,isolated,flux,5,3,l0_ms,6.162176,recorder
20260829-143116_perlmutter_c84bfd4a,l01_slipstream_trace-610042_b8_k8_isolated,isolated,flux,5,4,l0_ms,6.20224,recorder
20260829-143116_perlmutter_c84bfd4a,l01_slipstream_trace-610042_b8_k8_isolated,isolated,flux,5,5,l0_ms,6.35328,recorder
20260829-143116_perlmutter_c84bfd4a,l01_slipstream_trace-610042_b8_k8_isolated,isolated,flux,5,6,l0_ms,6.375456,recorder
20260829-143116_perlmutter_c84bfd4a,l01_slipstream_trace-610042_b8_k8_isolated,isolated,flux,5,7,l0_ms,6.327808,recorder
20260829-143116_perlmutter_c84bfd4a,l01_slipstream_trace-610042_b8_k8_isolated,isolated,flux,5,8,l0_ms,6.275712,recorder
20260829-143116_perlmutter_c84bfd4a,l01_slipstream_trace-610042_b8_k8_isolated,isolated,flux,5,9,l0_ms,5.894176,recorder
20260829-143116_perlmutter_c84bfd4a,l01_slipstream_trace-610042_b8_k8_isolated,isolated,flux,5,0,act_ms,0.022304,recorder
20260829-143116_perlmutter_c84bfd4a,l01_slipstream_trace-610042_b8_k8_isolated,isolated,flux,5,1,act_ms,0.022432,recorder
20260829-143116_perlmutter_c84bfd4a,l01_slipstream_trace-610042_b8_k8_isolated,isolated,flux,5,2,act_ms,0.020768,recorder
20260829-143116_perlmutter_c84bfd4a,l01_slipstream_trace-610042_b8_k8_isolated,isolated,flux,5,3,act_ms,0.022816,recorder
20260829-143116_perlmutter_c84bfd4a,l01_slipstream_trace-610042_b8_k8_isolated,isolated,flux,5,4,act_ms,0.024128,recorder
20260829-143116_perlmutter_c84bfd4a,l01_slipstream_trace-610042_b8_k8_isolated,isolated,flux,5,5,act_ms,0.022016,recorder
20260829-143116_perlmutter_c84bfd4a,l01_slipstream_trace-610042_b8_k8_isolated,isolated,flux,5,6,act_ms,0.023744,recorder
20260829-143116_perlmutter_c84bfd4a,l01_slipstream_trace-610042_b8_k8_isolated,isolated,flux,5,7,act_ms,0.020896,recorder
20260829-143116_perlmutter_c84bfd4a,l01_slipstream_trace-610042_b8_k8_isolated,isolated,flux,5,8,act_ms,0.024736,recorder
20260829-143116_perlmutter_c84bfd4a,l01_slipstream_trace-610042_b8_k8_isolated,isolated,flux,5,9,act_ms,0.023584,recorder
20260829-143116_perlmutter_c84bfd4a,l01_slipstream_trace-610042_b8_k8_isolated,isolated,flux,5,0,l1_ms,6.873664,recorder
20260829-143116_perlmutter_c84bfd4a,l01_slipstream_trace-610042_b8_k8_isolated,isolated,flux,5,1,l1_ms,7.344352,recorder
20260829-143116_perlmutter_c84bfd4a,l01_slipstream_trace-610042_b8_k8_isolated,isolated,flux,5,2,l1_ms,6.601856,recorder
20260829-143116_perlmutter_c84bfd4a,l01_slipstream_trace-610042_b8_k8_isolated,isolated,flux,5,3,l1_ms,6.69792,recorder
20260829-143116_perlmutter_c84bfd4a,l01_slipstream_trace-610042_b8_k8_isolated,isolated,flux,5,4,l1_ms,6.912352,recorder
20260829-143116_perlmutter_c84bfd4a,l01_slipstream_trace-610042_b8_k8_isolated,isolated,flux,5,5,l1_ms,6.795424,recorder
20260829-143116_perlmutter_c84bfd4a,l01_slipstream_trace-610042_b8_k8_isolated,isolated,flux,5,6,l1_ms,6.875584,recorder
20260829-143116_perlmutter_c84bfd4a,l01_slipstream_trace-610042_b8_k8_isolated,isolated,flux,5,7,l1_ms,6.856512,recorder
20260829-143116_perlmutter_c84bfd4a,l01_slipstream_trace-610042_b8_k8_isolated,isolated,flux,5,8,l1_ms,6.757632,recorder
20260829-143116_perlmutter_c84bfd4a,l01_slipstream_trace-610042_b8_k8_isolated,isolated,flux,5,9,l1_ms,6.771744,recorder
20260829-143116_perlmutter_c84bfd4a,l01_slipstream_trace-610042_b8_k8_isolated,isolated,flux,5,0,plan_comm_ms,0.3192,recorder
20260829-143116_perlmutter_c84bfd4a,l01_slipstream_trace-610042_b8_k8_isolated,isolated,flux,5,1,plan_comm_ms,0.269152,recorder
20260829-143116_perlmutter_c84bfd4a,l01_slipstream_trace-610042_b8_k8_isolated,isolated,flux,5,2,plan_comm_ms,0.274208,recorder
20260829-143116_perlmutter_c84bfd4a,l01_slipstream_trace-610042_b8_k8_isolated,isolated,flux,5,3,plan_comm_ms,0.247168,recorder
20260829-143116_perlmutter_c84bfd4a,l01_slipstream_trace-610042_b8_k8_isolated,isolated,flux,5,4,plan_comm_ms,0.84832,recorder
20260829-143116_perlmutter_c84bfd4a,l01_slipstream_trace-610042_b8_k8_isolated,isolated,flux,5,5,plan_comm_ms,0.606048,recorder
20260829-143116_perlmutter_c84bfd4a,l01_slipstream_trace-610042_b8_k8_isolated,isolated,flux,5,6,plan_comm_ms,0.690528,recorder
20260829-143116_perlmutter_c84bfd4a,l01_slipstream_trace-610042_b8_k8_isolated,isolated,flux,5,7,plan_comm_ms,0.266432,recorder
20260829-143116_perlmutter_c84bfd4a,l01_slipstream_trace-610042_b8_k8_isolated,isolated,flux,5,8,plan_comm_ms,0.268544,recorder
20260829-143116_perlmutter_c84bfd4a,l01_slipstream_trace-610042_b8_k8_isolated,isolated,flux,5,9,plan_comm_ms,0.651456,recorder
20260829-143116_perlmutter_c84bfd4a,l01_slipstream_trace-610042_b8_k8_isolated,isolated,flux,5,0,plan_ms,0.614656,recorder
20260829-143116_perlmutter_c84bfd4a,l01_slipstream_trace-610042_b8_k8_isolated,isolated,flux,5,1,plan_ms,0.62448,recorder
20260829-143116_perlmutter_c84bfd4a,l01_slipstream_trace-610042_b8_k8_isolated,isolated,flux,5,2,plan_ms,0.62256,recorder
20260829-143116_perlmutter_c84bfd4a,l01_slipstream_trace-610042_b8_k8_isolated,isolated,flux,5,3,plan_ms,0.613568,recorder
20260829-143116_perlmutter_c84bfd4a,l01_slipstream_trace-610042_b8_k8_isolated,isolated,flux,5,4,plan_ms,0.623712,recorder
20260829-143116_perlmutter_c84bfd4a,l01_slipstream_trace-610042_b8_k8_isolated,isolated,flux,5,5,plan_ms,0.622944,recorder
20260829-143116_perlmutter_c84bfd4a,l01_slipstream_trace-610042_b8_k8_isolated,isolated,flux,5,6,plan_ms,0.620128,recorder
20260829-143116_perlmutter_c84bfd4a,l01_slipstream_trace-610042_b8_k8_isolated,isolated,flux,5,7,plan_ms,0.617536,recorder
20260829-143116_perlmutter_c84bfd4a,l01_slipstream_trace-610042_b8_k8_isolated,isolated,flux,5,8,plan_ms,0.618848,recorder
20260829-143116_perlmutter_c84bfd4a,l01_slipstream_trace-610042_b8_k8_isolated,isolated,flux,5,9,plan_ms,0.621152,recorder
20260829-143116_perlmutter_c84bfd4a,l01_slipstream_trace-610042_b8_k8_isolated,isolated,flux,5,0,total_ms,14.214656,recorder
20260829-143116_perlmutter_c84bfd4a,l01_slipstream_trace-610042_b8_k8_isolated,isolated,flux,5,1,total_ms,14.763776,recorder
20260829-143116_perlmutter_c84bfd4a,l01_slipstream_trace-610042_b8_k8_isolated,isolated,flux,5,2,total_ms,13.853472,recorder
20260829-143116_perlmutter_c84bfd4a,l01_slipstream_trace-610042_b8_k8_isolated,isolated,flux,5,3,total_ms,13.745952,recorder
20260829-143116_perlmutter_c84bfd4a,l01_slipstream_trace-610042_b8_k8_isolated,isolated,flux,5,4,total_ms,14.613088,recorder
20260829-143116_perlmutter_c84bfd4a,l01_slipstream_trace-610042_b8_k8_isolated,isolated,flux,5,5,total_ms,14.402048,recorder
20260829-143116_perlmutter_c84bfd4a,l01_slipstream_trace-610042_b8_k8_isolated,isolated,flux,5,6,total_ms,14.587776,recorder
20260829-143116_perlmutter_c84bfd4a,l01_slipstream_trace-610042_b8_k8_isolated,isolated,flux,5,7,total_ms,14.09152,recorder
20260829-143116_perlmutter_c84bfd4a,l01_slipstream_trace-610042_b8_k8_isolated,isolated,flux,5,8,total_ms,13.947776,recorder
20260829-143116_perlmutter_c84bfd4a,l01_slipstream_trace-610042_b8_k8_isolated,isolated,flux,5,9,total_ms,13.96448,recorder
20260829-143116_perlmutter_c84bfd4a,l01_slipstream_trace-610042_b8_k8_isolated,isolated,flux,5,0,iso_sync_ms,12.837798,recorder
20260829-143116_perlmutter_c84bfd4a,l01_slipstream_trace-610042_b8_k8_isolated,isolated,flux,5,1,iso_sync_ms,12.988961,recorder
20260829-143116_perlmutter_c84bfd4a,l01_slipstream_trace-610042_b8_k8_isolated,isolated,flux,5,2,iso_sync_ms,13.482024,recorder
20260829-143116_perlmutter_c84bfd4a,l01_slipstream_trace-610042_b8_k8_isolated,isolated,flux,5,3,iso_sync_ms,12.359463,recorder
20260829-143116_perlmutter_c84bfd4a,l01_slipstream_trace-610042_b8_k8_isolated,isolated,flux,5,4,iso_sync_ms,12.626519,recorder
20260829-143116_perlmutter_c84bfd4a,l01_slipstream_trace-610042_b8_k8_isolated,isolated,flux,5,5,iso_sync_ms,12.187581,recorder
20260829-143116_perlmutter_c84bfd4a,l01_slipstream_trace-610042_b8_k8_isolated,isolated,flux,5,6,iso_sync_ms,12.845904,recorder
20260829-143116_perlmutter_c84bfd4a,l01_slipstream_trace-610042_b8_k8_isolated,isolated,flux,5,7,iso_sync_ms,12.730771,recorder
20260829-143116_perlmutter_c84bfd4a,l01_slipstream_trace-610042_b8_k8_isolated,isolated,flux,5,8,iso_sync_ms,12.365815,recorder
20260829-143116_perlmutter_c84bfd4a,l01_slipstream_trace-610042_b8_k8_isolated,isolated,flux,5,9,iso_sync_ms,12.491017,recorder
20260829-143116_perlmutter_c84bfd4a,l01_slipstream_trace-610042_b8_k8_isolated,isolated,flux,6,0,e2e_ms,13.280864,recorder
20260829-143116_perlmutter_c84bfd4a,l01_slipstream_trace-610042_b8_k8_isolated,isolated,flux,6,1,e2e_ms,13.883584,recorder
20260829-143116_perlmutter_c84bfd4a,l01_slipstream_trace-610042_b8_k8_isolated,isolated,flux,6,2,e2e_ms,12.974304,recorder
20260829-143116_perlmutter_c84bfd4a,l01_slipstream_trace-610042_b8_k8_isolated,isolated,flux,6,3,e2e_ms,12.89776,recorder
20260829-143116_perlmutter_c84bfd4a,l01_slipstream_trace-610042_b8_k8_isolated,isolated,flux,6,4,e2e_ms,13.148416,recorder
20260829-143116_perlmutter_c84bfd4a,l01_slipstream_trace-610042_b8_k8_isolated,isolated,flux,6,5,e2e_ms,13.194688,recorder
20260829-143116_perlmutter_c84bfd4a,l01_slipstream_trace-610042_b8_k8_isolated,isolated,flux,6,6,e2e_ms,13.297792,recorder
20260829-143116_perlmutter_c84bfd4a,l01_slipstream_trace-610042_b8_k8_isolated,isolated,flux,6,7,e2e_ms,13.230496,recorder
20260829-143116_perlmutter_c84bfd4a,l01_slipstream_trace-610042_b8_k8_isolated,isolated,flux,6,8,e2e_ms,13.070816,recorder
20260829-143116_perlmutter_c84bfd4a,l01_slipstream_trace-610042_b8_k8_isolated,isolated,flux,6,9,e2e_ms,12.699104,recorder
20260829-143116_perlmutter_c84bfd4a,l01_slipstream_trace-610042_b8_k8_isolated,isolated,flux,6,0,l0_ms,6.384096,recorder
20260829-143116_perlmutter_c84bfd4a,l01_slipstream_trace-610042_b8_k8_isolated,isolated,flux,6,1,l0_ms,6.529632,recorder
20260829-143116_perlmutter_c84bfd4a,l01_slipstream_trace-610042_b8_k8_isolated,isolated,flux,6,2,l0_ms,6.352032,recorder
20260829-143116_perlmutter_c84bfd4a,l01_slipstream_trace-610042_b8_k8_isolated,isolated,flux,6,3,l0_ms,6.151552,recorder
20260829-143116_perlmutter_c84bfd4a,l01_slipstream_trace-610042_b8_k8_isolated,isolated,flux,6,4,l0_ms,6.204544,recorder
20260829-143116_perlmutter_c84bfd4a,l01_slipstream_trace-610042_b8_k8_isolated,isolated,flux,6,5,l0_ms,6.366304,recorder
20260829-143116_perlmutter_c84bfd4a,l01_slipstream_trace-610042_b8_k8_isolated,isolated,flux,6,6,l0_ms,6.381856,recorder
20260829-143116_perlmutter_c84bfd4a,l01_slipstream_trace-610042_b8_k8_isolated,isolated,flux,6,7,l0_ms,6.333952,recorder
20260829-143116_perlmutter_c84bfd4a,l01_slipstream_trace-610042_b8_k8_isolated,isolated,flux,6,8,l0_ms,6.285856,recorder
20260829-143116_perlmutter_c84bfd4a,l01_slipstream_trace-610042_b8_k8_isolated,isolated,flux,6,9,l0_ms,5.855776,recorder
20260829-143116_perlmutter_c84bfd4a,l01_slipstream_trace-610042_b8_k8_isolated,isolated,flux,6,0,act_ms,0.052544,recorder
20260829-143116_perlmutter_c84bfd4a,l01_slipstream_trace-610042_b8_k8_isolated,isolated,flux,6,1,act_ms,0.051936,recorder
20260829-143116_perlmutter_c84bfd4a,l01_slipstream_trace-610042_b8_k8_isolated,isolated,flux,6,2,act_ms,0.052832,recorder
20260829-143116_perlmutter_c84bfd4a,l01_slipstream_trace-610042_b8_k8_isolated,isolated,flux,6,3,act_ms,0.050272,recorder
20260829-143116_perlmutter_c84bfd4a,l01_slipstream_trace-610042_b8_k8_isolated,isolated,flux,6,4,act_ms,0.049216,recorder
20260829-143116_perlmutter_c84bfd4a,l01_slipstream_trace-610042_b8_k8_isolated,isolated,flux,6,5,act_ms,0.051648,recorder
20260829-143116_perlmutter_c84bfd4a,l01_slipstream_trace-610042_b8_k8_isolated,isolated,flux,6,6,act_ms,0.04816,recorder
20260829-143116_perlmutter_c84bfd4a,l01_slipstream_trace-610042_b8_k8_isolated,isolated,flux,6,7,act_ms,0.049664,recorder
20260829-143116_perlmutter_c84bfd4a,l01_slipstream_trace-610042_b8_k8_isolated,isolated,flux,6,8,act_ms,0.048576,recorder
20260829-143116_perlmutter_c84bfd4a,l01_slipstream_trace-610042_b8_k8_isolated,isolated,flux,6,9,act_ms,0.049472,recorder
20260829-143116_perlmutter_c84bfd4a,l01_slipstream_trace-610042_b8_k8_isolated,isolated,flux,6,0,l1_ms,6.844224,recorder
20260829-143116_perlmutter_c84bfd4a,l01_slipstream_trace-610042_b8_k8_isolated,isolated,flux,6,1,l1_ms,7.302016,recorder
20260829-143116_perlmutter_c84bfd4a,l01_slipstream_trace-610042_b8_k8_isolated,isolated,flux,6,2,l1_ms,6.56944,recorder
20260829-143116_perlmutter_c84bfd4a,l01_slipstream_trace-610042_b8_k8_isolated,isolated,flux,6,3,l1_ms,6.695936,recorder
20260829-143116_perlmutter_c84bfd4a,l01_slipstream_trace-610042_b8_k8_isolated,isolated,flux,6,4,l1_ms,6.894656,recorder
20260829-143116_perlmutter_c84bfd4a,l01_slipstream_trace-610042_b8_k8_isolated,isolated,flux,6,5,l1_ms,6.776736,recorder
20260829-143116_perlmutter_c84bfd4a,l01_slipstream_trace-610042_b8_k8_isolated,isolated,flux,6,6,l1_ms,6.867776,recorder
20260829-143116_perlmutter_c84bfd4a,l01_slipstream_trace-610042_b8_k8_isolated,isolated,flux,6,7,l1_ms,6.84688,recorder
20260829-143116_perlmutter_c84bfd4a,l01_slipstream_trace-610042_b8_k8_isolated,isolated,flux,6,8,l1_ms,6.736384,recorder
20260829-143116_perlmutter_c84bfd4a,l01_slipstream_trace-610042_b8_k8_isolated,isolated,flux,6,9,l1_ms,6.793856,recorder
20260829-143116_perlmutter_c84bfd4a,l01_slipstream_trace-610042_b8_k8_isolated,isolated,flux,6,0,plan_comm_ms,0.313664,recorder
20260829-143116_perlmutter_c84bfd4a,l01_slipstream_trace-610042_b8_k8_isolated,isolated,flux,6,1,plan_comm_ms,0.262496,recorder
20260829-143116_perlmutter_c84bfd4a,l01_slipstream_trace-610042_b8_k8_isolated,isolated,flux,6,2,plan_comm_ms,0.267808,recorder
20260829-143116_perlmutter_c84bfd4a,l01_slipstream_trace-610042_b8_k8_isolated,isolated,flux,6,3,plan_comm_ms,0.24336,recorder
20260829-143116_perlmutter_c84bfd4a,l01_slipstream_trace-610042_b8_k8_isolated,isolated,flux,6,4,plan_comm_ms,0.847296,recorder
20260829-143116_perlmutter_c84bfd4a,l01_slipstream_trace-610042_b8_k8_isolated,isolated,flux,6,5,plan_comm_ms,0.604608,recorder
20260829-143116_perlmutter_c84bfd4a,l01_slipstream_trace-610042_b8_k8_isolated,isolated,flux,6,6,plan_comm_ms,0.686976,recorder
20260829-143116_perlmutter_c84bfd4a,l01_slipstream_trace-610042_b8_k8_isolated,isolated,flux,6,7,plan_comm_ms,0.263264,recorder
20260829-143116_perlmutter_c84bfd4a,l01_slipstream_trace-610042_b8_k8_isolated,isolated,flux,6,8,plan_comm_ms,0.263744,recorder
20260829-143116_perlmutter_c84bfd4a,l01_slipstream_trace-610042_b8_k8_isolated,isolated,flux,6,9,plan_comm_ms,0.65264,recorder
20260829-143116_perlmutter_c84bfd4a,l01_slipstream_trace-610042_b8_k8_isolated,isolated,flux,6,0,plan_ms,0.611872,recorder
20260829-143116_perlmutter_c84bfd4a,l01_slipstream_trace-610042_b8_k8_isolated,isolated,flux,6,1,plan_ms,0.609376,recorder
20260829-143116_perlmutter_c84bfd4a,l01_slipstream_trace-610042_b8_k8_isolated,isolated,flux,6,2,plan_ms,0.607168,recorder
20260829-143116_perlmutter_c84bfd4a,l01_slipstream_trace-610042_b8_k8_isolated,isolated,flux,6,3,plan_ms,0.607072,recorder
20260829-143116_perlmutter_c84bfd4a,l01_slipstream_trace-610042_b8_k8_isolated,isolated,flux,6,4,plan_ms,0.620992,recorder
20260829-143116_perlmutter_c84bfd4a,l01_slipstream_trace-610042_b8_k8_isolated,isolated,flux,6,5,plan_ms,0.60496,recorder
20260829-143116_perlmutter_c84bfd4a,l01_slipstream_trace-610042_b8_k8_isolated,isolated,flux,6,6,plan_ms,0.60624,recorder
20260829-143116_perlmutter_c84bfd4a,l01_slipstream_trace-610042_b8_k8_isolated,isolated,flux,6,7,plan_ms,0.616224,recorder
20260829-143116_perlmutter_c84bfd4a,l01_slipstream_trace-610042_b8_k8_isolated,isolated,flux,6,8,plan_ms,0.608928,recorder
20260829-143116_perlmutter_c84bfd4a,l01_slipstream_trace-610042_b8_k8_isolated,isolated,flux,6,9,plan_ms,0.610112,recorder
20260829-143116_perlmutter_c84bfd4a,l01_slipstream_trace-610042_b8_k8_isolated,isolated,flux,6,0,total_ms,14.208928,recorder
20260829-143116_perlmutter_c84bfd4a,l01_slipstream_trace-610042_b8_k8_isolated,isolated,flux,6,1,total_ms,14.757824,recorder
20260829-143116_perlmutter_c84bfd4a,l01_slipstream_trace-610042_b8_k8_isolated,isolated,flux,6,2,total_ms,13.851616,recorder
20260829-143116_perlmutter_c84bfd4a,l01_slipstream_trace-610042_b8_k8_isolated,isolated,flux,6,3,total_ms,13.750752,recorder
20260829-143116_perlmutter_c84bfd4a,l01_slipstream_trace-610042_b8_k8_isolated,isolated,flux,6,4,total_ms,14.61904,recorder
20260829-143116_perlmutter_c84bfd4a,l01_slipstream_trace-610042_b8_k8_isolated,isolated,flux,6,5,total_ms,14.406592,recorder
20260829-143116_perlmutter_c84bfd4a,l01_slipstream_trace-610042_b8_k8_isolated,isolated,flux,6,6,total_ms,14.593344,recorder
20260829-143116_perlmutter_c84bfd4a,l01_slipstream_trace-610042_b8_k8_isolated,isolated,flux,6,7,total_ms,14.11232,recorder
20260829-143116_perlmutter_c84bfd4a,l01_slipstream_trace-610042_b8_k8_isolated,isolated,flux,6,8,total_ms,13.945856,recorder
20260829-143116_perlmutter_c84bfd4a,l01_slipstream_trace-610042_b8_k8_isolated,isolated,flux,6,9,total_ms,13.964192,recorder
20260829-143116_perlmutter_c84bfd4a,l01_slipstream_trace-610042_b8_k8_isolated,isolated,flux,6,0,iso_sync_ms,12.825385,recorder
20260829-143116_perlmutter_c84bfd4a,l01_slipstream_trace-610042_b8_k8_isolated,isolated,flux,6,1,iso_sync_ms,12.95794,recorder
20260829-143116_perlmutter_c84bfd4a,l01_slipstream_trace-610042_b8_k8_isolated,isolated,flux,6,2,iso_sync_ms,13.436546,recorder
20260829-143116_perlmutter_c84bfd4a,l01_slipstream_trace-610042_b8_k8_isolated,isolated,flux,6,3,iso_sync_ms,12.331429,recorder
20260829-143116_perlmutter_c84bfd4a,l01_slipstream_trace-610042_b8_k8_isolated,isolated,flux,6,4,iso_sync_ms,12.586893,recorder
20260829-143116_perlmutter_c84bfd4a,l01_slipstream_trace-610042_b8_k8_isolated,isolated,flux,6,5,iso_sync_ms,12.140109,recorder
20260829-143116_perlmutter_c84bfd4a,l01_slipstream_trace-610042_b8_k8_isolated,isolated,flux,6,6,iso_sync_ms,12.809082,recorder
20260829-143116_perlmutter_c84bfd4a,l01_slipstream_trace-610042_b8_k8_isolated,isolated,flux,6,7,iso_sync_ms,12.726133,recorder
20260829-143116_perlmutter_c84bfd4a,l01_slipstream_trace-610042_b8_k8_isolated,isolated,flux,6,8,iso_sync_ms,12.307783,recorder
20260829-143116_perlmutter_c84bfd4a,l01_slipstream_trace-610042_b8_k8_isolated,isolated,flux,6,9,iso_sync_ms,12.499614,recorder
20260829-143116_perlmutter_c84bfd4a,l01_slipstream_trace-610042_b8_k8_isolated,isolated,flux,7,0,e2e_ms,13.293568,recorder
20260829-143116_perlmutter_c84bfd4a,l01_slipstream_trace-610042_b8_k8_isolated,isolated,flux,7,1,e2e_ms,13.894624,recorder
20260829-143116_perlmutter_c84bfd4a,l01_slipstream_trace-610042_b8_k8_isolated,isolated,flux,7,2,e2e_ms,12.977376,recorder
20260829-143116_perlmutter_c84bfd4a,l01_slipstream_trace-610042_b8_k8_isolated,isolated,flux,7,3,e2e_ms,12.88272,recorder
20260829-143116_perlmutter_c84bfd4a,l01_slipstream_trace-610042_b8_k8_isolated,isolated,flux,7,4,e2e_ms,13.146592,recorder
20260829-143116_perlmutter_c84bfd4a,l01_slipstream_trace-610042_b8_k8_isolated,isolated,flux,7,5,e2e_ms,13.191072,recorder
20260829-143116_perlmutter_c84bfd4a,l01_slipstream_trace-610042_b8_k8_isolated,isolated,flux,7,6,e2e_ms,13.304736,recorder
20260829-143116_perlmutter_c84bfd4a,l01_slipstream_trace-610042_b8_k8_isolated,isolated,flux,7,7,e2e_ms,13.2264,recorder
20260829-143116_perlmutter_c84bfd4a,l01_slipstream_trace-610042_b8_k8_isolated,isolated,flux,7,8,e2e_ms,13.078432,recorder
20260829-143116_perlmutter_c84bfd4a,l01_slipstream_trace-610042_b8_k8_isolated,isolated,flux,7,9,e2e_ms,12.692576,recorder
20260829-143116_perlmutter_c84bfd4a,l01_slipstream_trace-610042_b8_k8_isolated,isolated,flux,7,0,l0_ms,6.390976,recorder
20260829-143116_perlmutter_c84bfd4a,l01_slipstream_trace-610042_b8_k8_isolated,isolated,flux,7,1,l0_ms,6.528192,recorder
20260829-143116_perlmutter_c84bfd4a,l01_slipstream_trace-610042_b8_k8_isolated,isolated,flux,7,2,l0_ms,6.353856,recorder
20260829-143116_perlmutter_c84bfd4a,l01_slipstream_trace-610042_b8_k8_isolated,isolated,flux,7,3,l0_ms,6.137632,recorder
20260829-143116_perlmutter_c84bfd4a,l01_slipstream_trace-610042_b8_k8_isolated,isolated,flux,7,4,l0_ms,6.214304,recorder
20260829-143116_perlmutter_c84bfd4a,l01_slipstream_trace-610042_b8_k8_isolated,isolated,flux,7,5,l0_ms,6.371424,recorder
20260829-143116_perlmutter_c84bfd4a,l01_slipstream_trace-610042_b8_k8_isolated,isolated,flux,7,6,l0_ms,6.399296,recorder
20260829-143116_perlmutter_c84bfd4a,l01_slipstream_trace-610042_b8_k8_isolated,isolated,flux,7,7,l0_ms,6.331168,recorder
20260829-143116_perlmutter_c84bfd4a,l01_slipstream_trace-610042_b8_k8_isolated,isolated,flux,7,8,l0_ms,6.288128,recorder
20260829-143116_perlmutter_c84bfd4a,l01_slipstream_trace-610042_b8_k8_isolated,isolated,flux,7,9,l0_ms,5.847424,recorder
20260829-143116_perlmutter_c84bfd4a,l01_slipstream_trace-610042_b8_k8_isolated,isolated,flux,7,0,act_ms,0.02272,recorder
20260829-143116_perlmutter_c84bfd4a,l01_slipstream_trace-610042_b8_k8_isolated,isolated,flux,7,1,act_ms,0.02176,recorder
20260829-143116_perlmutter_c84bfd4a,l01_slipstream_trace-610042_b8_k8_isolated,isolated,flux,7,2,act_ms,0.020416,recorder
20260829-143116_perlmutter_c84bfd4a,l01_slipstream_trace-610042_b8_k8_isolated,isolated,flux,7,3,act_ms,0.022112,recorder
20260829-143116_perlmutter_c84bfd4a,l01_slipstream_trace-610042_b8_k8_isolated,isolated,flux,7,4,act_ms,0.02016,recorder
20260829-143116_perlmutter_c84bfd4a,l01_slipstream_trace-610042_b8_k8_isolated,isolated,flux,7,5,act_ms,0.021952,recorder
20260829-143116_perlmutter_c84bfd4a,l01_slipstream_trace-610042_b8_k8_isolated,isolated,flux,7,6,act_ms,0.021472,recorder
20260829-143116_perlmutter_c84bfd4a,l01_slipstream_trace-610042_b8_k8_isolated,isolated,flux,7,7,act_ms,0.021344,recorder
20260829-143116_perlmutter_c84bfd4a,l01_slipstream_trace-610042_b8_k8_isolated,isolated,flux,7,8,act_ms,0.02112,recorder
20260829-143116_perlmutter_c84bfd4a,l01_slipstream_trace-610042_b8_k8_isolated,isolated,flux,7,9,act_ms,0.021728,recorder
20260829-143116_perlmutter_c84bfd4a,l01_slipstream_trace-610042_b8_k8_isolated,isolated,flux,7,0,l1_ms,6.879872,recorder
20260829-143116_perlmutter_c84bfd4a,l01_slipstream_trace-610042_b8_k8_isolated,isolated,flux,7,1,l1_ms,7.344672,recorder
20260829-143116_perlmutter_c84bfd4a,l01_slipstream_trace-610042_b8_k8_isolated,isolated,flux,7,2,l1_ms,6.603104,recorder
20260829-143116_perlmutter_c84bfd4a,l01_slipstream_trace-610042_b8_k8_isolated,isolated,flux,7,3,l1_ms,6.722976,recorder
20260829-143116_perlmutter_c84bfd4a,l01_slipstream_trace-610042_b8_k8_isolated,isolated,flux,7,4,l1_ms,6.912128,recorder
20260829-143116_perlmutter_c84bfd4a,l01_slipstream_trace-610042_b8_k8_isolated,isolated,flux,7,5,l1_ms,6.797696,recorder
20260829-143116_perlmutter_c84bfd4a,l01_slipstream_trace-610042_b8_k8_isolated,isolated,flux,7,6,l1_ms,6.883968,recorder
20260829-143116_perlmutter_c84bfd4a,l01_slipstream_trace-610042_b8_k8_isolated,isolated,flux,7,7,l1_ms,6.873888,recorder
20260829-143116_perlmutter_c84bfd4a,l01_slipstream_trace-610042_b8_k8_isolated,isolated,flux,7,8,l1_ms,6.769184,recorder
20260829-143116_perlmutter_c84bfd4a,l01_slipstream_trace-610042_b8_k8_isolated,isolated,flux,7,9,l1_ms,6.823424,recorder
20260829-143116_perlmutter_c84bfd4a,l01_slipstream_trace-610042_b8_k8_isolated,isolated,flux,7,0,plan_comm_ms,0.303392,recorder
20260829-143116_perlmutter_c84bfd4a,l01_slipstream_trace-610042_b8_k8_isolated,isolated,flux,7,1,plan_comm_ms,0.258752,recorder
20260829-143116_perlmutter_c84bfd4a,l01_slipstream_trace-610042_b8_k8_isolated,isolated,flux,7,2,plan_comm_ms,0.26096,recorder
20260829-143116_perlmutter_c84bfd4a,l01_slipstream_trace-610042_b8_k8_isolated,isolated,flux,7,3,plan_comm_ms,0.248928,recorder
20260829-143116_perlmutter_c84bfd4a,l01_slipstream_trace-610042_b8_k8_isolated,isolated,flux,7,4,plan_comm_ms,0.843424,recorder
20260829-143116_perlmutter_c84bfd4a,l01_slipstream_trace-610042_b8_k8_isolated,isolated,flux,7,5,plan_comm_ms,0.598912,recorder
20260829-143116_perlmutter_c84bfd4a,l01_slipstream_trace-610042_b8_k8_isolated,isolated,flux,7,6,plan_comm_ms,0.663712,recorder
20260829-143116_perlmutter_c84bfd4a,l01_slipstream_trace-610042_b8_k8_isolated,isolated,flux,7,7,plan_comm_ms,0.27312,recorder
20260829-143116_perlmutter_c84bfd4a,l01_slipstream_trace-610042_b8_k8_isolated,isolated,flux,7,8,plan_comm_ms,0.262368,recorder
20260829-143116_perlmutter_c84bfd4a,l01_slipstream_trace-610042_b8_k8_isolated,isolated,flux,7,9,plan_comm_ms,0.657024,recorder
20260829-143116_perlmutter_c84bfd4a,l01_slipstream_trace-610042_b8_k8_isolated,isolated,flux,7,0,plan_ms,0.619616,recorder
20260829-143116_perlmutter_c84bfd4a,l01_slipstream_trace-610042_b8_k8_isolated,isolated,flux,7,1,plan_ms,0.612896,recorder
20260829-143116_perlmutter_c84bfd4a,l01_slipstream_trace-610042_b8_k8_isolated,isolated,flux,7,2,plan_ms,0.61712,recorder
20260829-143116_perlmutter_c84bfd4a,l01_slipstream_trace-610042_b8_k8_isolated,isolated,flux,7,3,plan_ms,0.61424,recorder
20260829-143116_perlmutter_c84bfd4a,l01_slipstream_trace-610042_b8_k8_isolated,isolated,flux,7,4,plan_ms,0.623264,recorder
20260829-143116_perlmutter_c84bfd4a,l01_slipstream_trace-610042_b8_k8_isolated,isolated,flux,7,5,plan_ms,0.614784,recorder
20260829-143116_perlmutter_c84bfd4a,l01_slipstream_trace-610042_b8_k8_isolated,isolated,flux,7,6,plan_ms,0.611584,recorder
20260829-143116_perlmutter_c84bfd4a,l01_slipstream_trace-610042_b8_k8_isolated,isolated,flux,7,7,plan_ms,0.61488,recorder
20260829-143116_perlmutter_c84bfd4a,l01_slipstream_trace-610042_b8_k8_isolated,isolated,flux,7,8,plan_ms,0.61312,recorder
20260829-143116_perlmutter_c84bfd4a,l01_slipstream_trace-610042_b8_k8_isolated,isolated,flux,7,9,plan_ms,0.616864,recorder
20260829-143116_perlmutter_c84bfd4a,l01_slipstream_trace-610042_b8_k8_isolated,isolated,flux,7,0,total_ms,14.21888,recorder
20260829-143116_perlmutter_c84bfd4a,l01_slipstream_trace-610042_b8_k8_isolated,isolated,flux,7,1,total_ms,14.768608,recorder
20260829-143116_perlmutter_c84bfd4a,l01_slipstream_trace-610042_b8_k8_isolated,isolated,flux,7,2,total_ms,13.857824,recorder
20260829-143116_perlmutter_c84bfd4a,l01_slipstream_trace-610042_b8_k8_isolated,isolated,flux,7,3,total_ms,13.748256,recorder
20260829-143116_perlmutter_c84bfd4a,l01_slipstream_trace-610042_b8_k8_isolated,isolated,flux,7,4,total_ms,14.615584,recorder
20260829-143116_perlmutter_c84bfd4a,l01_slipstream_trace-610042_b8_k8_isolated,isolated,flux,7,5,total_ms,14.407456,recorder
20260829-143116_perlmutter_c84bfd4a,l01_slipstream_trace-610042_b8_k8_isolated,isolated,flux,7,6,total_ms,14.582368,recorder
20260829-143116_perlmutter_c84bfd4a,l01_slipstream_trace-610042_b8_k8_isolated,isolated,flux,7,7,total_ms,14.116704,recorder
20260829-143116_perlmutter_c84bfd4a,l01_slipstream_trace-610042_b8_k8_isolated,isolated,flux,7,8,total_ms,13.956288,recorder
20260829-143116_perlmutter_c84bfd4a,l01_slipstream_trace-610042_b8_k8_isolated,isolated,flux,7,9,total_ms,13.9688,recorder
20260829-143116_perlmutter_c84bfd4a,l01_slipstream_trace-610042_b8_k8_isolated,isolated,flux,7,0,iso_sync_ms,12.874058,recorder
20260829-143116_perlmutter_c84bfd4a,l01_slipstream_trace-610042_b8_k8_isolated,isolated,flux,7,1,iso_sync_ms,13.094004,recorder
20260829-143116_perlmutter_c84bfd4a,l01_slipstream_trace-610042_b8_k8_isolated,isolated,flux,7,2,iso_sync_ms,13.568652,recorder
20260829-143116_perlmutter_c84bfd4a,l01_slipstream_trace-610042_b8_k8_isolated,isolated,flux,7,3,iso_sync_ms,12.45071,recorder
20260829-143116_perlmutter_c84bfd4a,l01_slipstream_trace-610042_b8_k8_isolated,isolated,flux,7,4,iso_sync_ms,12.695543,recorder
20260829-143116_perlmutter_c84bfd4a,l01_slipstream_trace-610042_b8_k8_isolated,isolated,flux,7,5,iso_sync_ms,12.284699,recorder
20260829-143116_perlmutter_c84bfd4a,l01_slipstream_trace-610042_b8_k8_isolated,isolated,flux,7,6,iso_sync_ms,12.928073,recorder
20260829-143116_perlmutter_c84bfd4a,l01_slipstream_trace-610042_b8_k8_isolated,isolated,flux,7,7,iso_sync_ms,12.865823,recorder
20260829-143116_perlmutter_c84bfd4a,l01_slipstream_trace-610042_b8_k8_isolated,isolated,flux,7,8,iso_sync_ms,12.405082,recorder
20260829-143116_perlmutter_c84bfd4a,l01_slipstream_trace-610042_b8_k8_isolated,isolated,flux,7,9,iso_sync_ms,12.62138,recorder
20260829-143116_perlmutter_c84bfd4a,l01_slipstream_trace-610042_b8_k8_isolated,isolated,flux,8,0,e2e_ms,13.298016,recorder
20260829-143116_perlmutter_c84bfd4a,l01_slipstream_trace-610042_b8_k8_isolated,isolated,flux,8,1,e2e_ms,13.888864,recorder
20260829-143116_perlmutter_c84bfd4a,l01_slipstream_trace-610042_b8_k8_isolated,isolated,flux,8,2,e2e_ms,13.000704,recorder
20260829-143116_perlmutter_c84bfd4a,l01_slipstream_trace-610042_b8_k8_isolated,isolated,flux,8,3,e2e_ms,12.906816,recorder
20260829-143116_perlmutter_c84bfd4a,l01_slipstream_trace-610042_b8_k8_isolated,isolated,flux,8,4,e2e_ms,13.179648,recorder
20260829-143116_perlmutter_c84bfd4a,l01_slipstream_trace-610042_b8_k8_isolated,isolated,flux,8,5,e2e_ms,13.207168,recorder
20260829-143116_perlmutter_c84bfd4a,l01_slipstream_trace-610042_b8_k8_isolated,isolated,flux,8,6,e2e_ms,13.316864,recorder
20260829-143116_perlmutter_c84bfd4a,l01_slipstream_trace-610042_b8_k8_isolated,isolated,flux,8,7,e2e_ms,13.24672,recorder
20260829-143116_perlmutter_c84bfd4a,l01_slipstream_trace-610042_b8_k8_isolated,isolated,flux,8,8,e2e_ms,13.074784,recorder
20260829-143116_perlmutter_c84bfd4a,l01_slipstream_trace-610042_b8_k8_isolated,isolated,flux,8,9,e2e_ms,12.704448,recorder
20260829-143116_perlmutter_c84bfd4a,l01_slipstream_trace-610042_b8_k8_isolated,isolated,flux,8,0,l0_ms,6.40704,recorder
20260829-143116_perlmutter_c84bfd4a,l01_slipstream_trace-610042_b8_k8_isolated,isolated,flux,8,1,l0_ms,6.371712,recorder
20260829-143116_perlmutter_c84bfd4a,l01_slipstream_trace-610042_b8_k8_isolated,isolated,flux,8,2,l0_ms,6.297952,recorder
20260829-143116_perlmutter_c84bfd4a,l01_slipstream_trace-610042_b8_k8_isolated,isolated,flux,8,3,l0_ms,6.154304,recorder
20260829-143116_perlmutter_c84bfd4a,l01_slipstream_trace-610042_b8_k8_isolated,isolated,flux,8,4,l0_ms,6.12624,recorder
20260829-143116_perlmutter_c84bfd4a,l01_slipstream_trace-610042_b8_k8_isolated,isolated,flux,8,5,l0_ms,6.312864,recorder
20260829-143116_perlmutter_c84bfd4a,l01_slipstream_trace-610042_b8_k8_isolated,isolated,flux,8,6,l0_ms,6.41056,recorder
20260829-143116_perlmutter_c84bfd4a,l01_slipstream_trace-610042_b8_k8_isolated,isolated,flux,8,7,l0_ms,6.209536,recorder
20260829-143116_perlmutter_c84bfd4a,l01_slipstream_trace-610042_b8_k8_isolated,isolated,flux,8,8,l0_ms,6.267296,recorder
20260829-143116_perlmutter_c84bfd4a,l01_slipstream_trace-610042_b8_k8_isolated,isolated,flux,8,9,l0_ms,5.8032,recorder
20260829-143116_perlmutter_c84bfd4a,l01_slipstream_trace-610042_b8_k8_isolated,isolated,flux,8,0,act_ms,0.035584,recorder
20260829-143116_perlmutter_c84bfd4a,l01_slipstream_trace-610042_b8_k8_isolated,isolated,flux,8,1,act_ms,0.033888,recorder
20260829-143116_perlmutter_c84bfd4a,l01_slipstream_trace-610042_b8_k8_isolated,isolated,flux,8,2,act_ms,0.036704,recorder
20260829-143116_perlmutter_c84bfd4a,l01_slipstream_trace-610042_b8_k8_isolated,isolated,flux,8,3,act_ms,0.034432,recorder
20260829-143116_perlmutter_c84bfd4a,l01_slipstream_trace-610042_b8_k8_isolated,isolated,flux,8,4,act_ms,0.035584,recorder
20260829-143116_perlmutter_c84bfd4a,l01_slipstream_trace-610042_b8_k8_isolated,isolated,flux,8,5,act_ms,0.034624,recorder
20260829-143116_perlmutter_c84bfd4a,l01_slipstream_trace-610042_b8_k8_isolated,isolated,flux,8,6,act_ms,0.035456,recorder
20260829-143116_perlmutter_c84bfd4a,l01_slipstream_trace-610042_b8_k8_isolated,isolated,flux,8,7,act_ms,0.034592,recorder
20260829-143116_perlmutter_c84bfd4a,l01_slipstream_trace-610042_b8_k8_isolated,isolated,flux,8,8,act_ms,0.035712,recorder
20260829-143116_perlmutter_c84bfd4a,l01_slipstream_trace-610042_b8_k8_isolated,isolated,flux,8,9,act_ms,0.03472,recorder
20260829-143116_perlmutter_c84bfd4a,l01_slipstream_trace-610042_b8_k8_isolated,isolated,flux,8,0,l1_ms,6.855392,recorder
20260829-143116_perlmutter_c84bfd4a,l01_slipstream_trace-610042_b8_k8_isolated,isolated,flux,8,1,l1_ms,7.483264,recorder
20260829-143116_perlmutter_c84bfd4a,l01_slipstream_trace-610042_b8_k8_isolated,isolated,flux,8,2,l1_ms,6.666048,recorder
20260829-143116_perlmutter_c84bfd4a,l01_slipstream_trace-610042_b8_k8_isolated,isolated,flux,8,3,l1_ms,6.71808,recorder
20260829-143116_perlmutter_c84bfd4a,l01_slipstream_trace-610042_b8_k8_isolated,isolated,flux,8,4,l1_ms,7.017824,recorder
20260829-143116_perlmutter_c84bfd4a,l01_slipstream_trace-610042_b8_k8_isolated,isolated,flux,8,5,l1_ms,6.85968,recorder
20260829-143116_perlmutter_c84bfd4a,l01_slipstream_trace-610042_b8_k8_isolated,isolated,flux,8,6,l1_ms,6.870848,recorder
20260829-143116_perlmutter_c84bfd4a,l01_slipstream_trace-610042_b8_k8_isolated,isolated,flux,8,7,l1_ms,7.002592,recorder
20260829-143116_perlmutter_c84bfd4a,l01_slipstream_trace-610042_b8_k8_isolated,isolated,flux,8,8,l1_ms,6.771776,recorder
20260829-143116_perlmutter_c84bfd4a,l01_slipstream_trace-610042_b8_k8_isolated,isolated,flux,8,9,l1_ms,6.866528,recorder
20260829-143116_perlmutter_c84bfd4a,l01_slipstream_trace-610042_b8_k8_isolated,isolated,flux,8,0,plan_comm_ms,0.332448,recorder
20260829-143116_perlmutter_c84bfd4a,l01_slipstream_trace-610042_b8_k8_isolated,isolated,flux,8,1,plan_comm_ms,0.286304,recorder
20260829-143116_perlmutter_c84bfd4a,l01_slipstream_trace-610042_b8_k8_isolated,isolated,flux,8,2,plan_comm_ms,0.256576,recorder
20260829-143116_perlmutter_c84bfd4a,l01_slipstream_trace-610042_b8_k8_isolated,isolated,flux,8,3,plan_comm_ms,0.243936,recorder
20260829-143116_perlmutter_c84bfd4a,l01_slipstream_trace-610042_b8_k8_isolated,isolated,flux,8,4,plan_comm_ms,0.836896,recorder
20260829-143116_perlmutter_c84bfd4a,l01_slipstream_trace-610042_b8_k8_isolated,isolated,flux,8,5,plan_comm_ms,0.596608,recorder
20260829-143116_perlmutter_c84bfd4a,l01_slipstream_trace-610042_b8_k8_isolated,isolated,flux,8,6,plan_comm_ms,0.681344,recorder
20260829-143116_perlmutter_c84bfd4a,l01_slipstream_trace-610042_b8_k8_isolated,isolated,flux,8,7,plan_comm_ms,0.264512,recorder
20260829-143116_perlmutter_c84bfd4a,l01_slipstream_trace-610042_b8_k8_isolated,isolated,flux,8,8,plan_comm_ms,0.256864,recorder
20260829-143116_perlmutter_c84bfd4a,l01_slipstream_trace-610042_b8_k8_isolated,isolated,flux,8,9,plan_comm_ms,0.651136,recorder
20260829-143116_perlmutter_c84bfd4a,l01_slipstream_trace-610042_b8_k8_isolated,isolated,flux,8,0,plan_ms,0.608448,recorder
20260829-143116_perlmutter_c84bfd4a,l01_slipstream_trace-610042_b8_k8_isolated,isolated,flux,8,1,plan_ms,0.608864,recorder
20260829-143116_perlmutter_c84bfd4a,l01_slipstream_trace-610042_b8_k8_isolated,isolated,flux,8,2,plan_ms,0.614944,recorder
20260829-143116_perlmutter_c84bfd4a,l01_slipstream_trace-610042_b8_k8_isolated,isolated,flux,8,3,plan_ms,0.609312,recorder
20260829-143116_perlmutter_c84bfd4a,l01_slipstream_trace-610042_b8_k8_isolated,isolated,flux,8,4,plan_ms,0.610464,recorder
20260829-143116_perlmutter_c84bfd4a,l01_slipstream_trace-610042_b8_k8_isolated,isolated,flux,8,5,plan_ms,0.608288,recorder
20260829-143116_perlmutter_c84bfd4a,l01_slipstream_trace-610042_b8_k8_isolated,isolated,flux,8,6,plan_ms,0.60608,recorder
20260829-143116_perlmutter_c84bfd4a,l01_slipstream_trace-610042_b8_k8_isolated,isolated,flux,8,7,plan_ms,0.612128,recorder
20260829-143116_perlmutter_c84bfd4a,l01_slipstream_trace-610042_b8_k8_isolated,isolated,flux,8,8,plan_ms,0.617088,recorder
20260829-143116_perlmutter_c84bfd4a,l01_slipstream_trace-610042_b8_k8_isolated,isolated,flux,8,9,plan_ms,0.60944,recorder
20260829-143116_perlmutter_c84bfd4a,l01_slipstream_trace-610042_b8_k8_isolated,isolated,flux,8,0,total_ms,14.24128,recorder
20260829-143116_perlmutter_c84bfd4a,l01_slipstream_trace-610042_b8_k8_isolated,isolated,flux,8,1,total_ms,14.7864,recorder
20260829-143116_perlmutter_c84bfd4a,l01_slipstream_trace-610042_b8_k8_isolated,isolated,flux,8,2,total_ms,13.87456,recorder
20260829-143116_perlmutter_c84bfd4a,l01_slipstream_trace-610042_b8_k8_isolated,isolated,flux,8,3,total_ms,13.762432,recorder
20260829-143116_perlmutter_c84bfd4a,l01_slipstream_trace-610042_b8_k8_isolated,isolated,flux,8,4,total_ms,14.629376,recorder
20260829-143116_perlmutter_c84bfd4a,l01_slipstream_trace-610042_b8_k8_isolated,isolated,flux,8,5,total_ms,14.414432,recorder
20260829-143116_perlmutter_c84bfd4a,l01_slipstream_trace-610042_b8_k8_isolated,isolated,flux,8,6,total_ms,14.606656,recorder
20260829-143116_perlmutter_c84bfd4a,l01_slipstream_trace-610042_b8_k8_isolated,isolated,flux,8,7,total_ms,14.125728,recorder
20260829-143116_perlmutter_c84bfd4a,l01_slipstream_trace-610042_b8_k8_isolated,isolated,flux,8,8,total_ms,13.951104,recorder
20260829-143116_perlmutter_c84bfd4a,l01_slipstream_trace-610042_b8_k8_isolated,isolated,flux,8,9,total_ms,13.967392,recorder
20260829-143116_perlmutter_c84bfd4a,l01_slipstream_trace-610042_b8_k8_isolated,isolated,flux,8,0,iso_sync_ms,12.862837,recorder
20260829-143116_perlmutter_c84bfd4a,l01_slipstream_trace-610042_b8_k8_isolated,isolated,flux,8,1,iso_sync_ms,13.028687,recorder
20260829-143116_perlmutter_c84bfd4a,l01_slipstream_trace-610042_b8_k8_isolated,isolated,flux,8,2,iso_sync_ms,13.489728,recorder
20260829-143116_perlmutter_c84bfd4a,l01_slipstream_trace-610042_b8_k8_isolated,isolated,flux,8,3,iso_sync_ms,12.399673,recorder
20260829-143116_perlmutter_c84bfd4a,l01_slipstream_trace-610042_b8_k8_isolated,isolated,flux,8,4,iso_sync_ms,12.693349,recorder
20260829-143116_perlmutter_c84bfd4a,l01_slipstream_trace-610042_b8_k8_isolated,isolated,flux,8,5,iso_sync_ms,12.251096,recorder
20260829-143116_perlmutter_c84bfd4a,l01_slipstream_trace-610042_b8_k8_isolated,isolated,flux,8,6,iso_sync_ms,12.861405,recorder
20260829-143116_perlmutter_c84bfd4a,l01_slipstream_trace-610042_b8_k8_isolated,isolated,flux,8,7,iso_sync_ms,12.780518,recorder
20260829-143116_perlmutter_c84bfd4a,l01_slipstream_trace-610042_b8_k8_isolated,isolated,flux,8,8,iso_sync_ms,12.342212,recorder
20260829-143116_perlmutter_c84bfd4a,l01_slipstream_trace-610042_b8_k8_isolated,isolated,flux,8,9,iso_sync_ms,12.53816,recorder
20260829-143116_perlmutter_c84bfd4a,l01_slipstream_trace-610042_b8_k8_isolated,isolated,flux,9,0,e2e_ms,13.304416,recorder
20260829-143116_perlmutter_c84bfd4a,l01_slipstream_trace-610042_b8_k8_isolated,isolated,flux,9,1,e2e_ms,13.900768,recorder
20260829-143116_perlmutter_c84bfd4a,l01_slipstream_trace-610042_b8_k8_isolated,isolated,flux,9,2,e2e_ms,12.992256,recorder
20260829-143116_perlmutter_c84bfd4a,l01_slipstream_trace-610042_b8_k8_isolated,isolated,flux,9,3,e2e_ms,12.91056,recorder
20260829-143116_perlmutter_c84bfd4a,l01_slipstream_trace-610042_b8_k8_isolated,isolated,flux,9,4,e2e_ms,13.17408,recorder
20260829-143116_perlmutter_c84bfd4a,l01_slipstream_trace-610042_b8_k8_isolated,isolated,flux,9,5,e2e_ms,13.209216,recorder
20260829-143116_perlmutter_c84bfd4a,l01_slipstream_trace-610042_b8_k8_isolated,isolated,flux,9,6,e2e_ms,13.301792,recorder
20260829-143116_perlmutter_c84bfd4a,l01_slipstream_trace-610042_b8_k8_isolated,isolated,flux,9,7,e2e_ms,13.2568,recorder
20260829-143116_perlmutter_c84bfd4a,l01_slipstream_trace-610042_b8_k8_isolated,isolated,flux,9,8,e2e_ms,13.076832,recorder
20260829-143116_perlmutter_c84bfd4a,l01_slipstream_trace-610042_b8_k8_isolated,isolated,flux,9,9,e2e_ms,12.719808,recorder
20260829-143116_perlmutter_c84bfd4a,l01_slipstream_trace-610042_b8_k8_isolated,isolated,flux,9,0,l0_ms,6.408704,recorder
20260829-143116_perlmutter_c84bfd4a,l01_slipstream_trace-610042_b8_k8_isolated,isolated,flux,9,1,l0_ms,6.383264,recorder
20260829-143116_perlmutter_c84bfd4a,l01_slipstream_trace-610042_b8_k8_isolated,isolated,flux,9,2,l0_ms,6.291328,recorder
20260829-143116_perlmutter_c84bfd4a,l01_slipstream_trace-610042_b8_k8_isolated,isolated,flux,9,3,l0_ms,6.163552,recorder
20260829-143116_perlmutter_c84bfd4a,l01_slipstream_trace-610042_b8_k8_isolated,isolated,flux,9,4,l0_ms,6.123296,recorder
20260829-143116_perlmutter_c84bfd4a,l01_slipstream_trace-610042_b8_k8_isolated,isolated,flux,9,5,l0_ms,6.32,recorder
20260829-143116_perlmutter_c84bfd4a,l01_slipstream_trace-610042_b8_k8_isolated,isolated,flux,9,6,l0_ms,6.409664,recorder
20260829-143116_perlmutter_c84bfd4a,l01_slipstream_trace-610042_b8_k8_isolated,isolated,flux,9,7,l0_ms,6.21232,recorder
20260829-143116_perlmutter_c84bfd4a,l01_slipstream_trace-610042_b8_k8_isolated,isolated,flux,9,8,l0_ms,6.268512,recorder
20260829-143116_perlmutter_c84bfd4a,l01_slipstream_trace-610042_b8_k8_isolated,isolated,flux,9,9,l0_ms,5.811808,recorder
20260829-143116_perlmutter_c84bfd4a,l01_slipstream_trace-610042_b8_k8_isolated,isolated,flux,9,0,act_ms,0.059936,recorder
20260829-143116_perlmutter_c84bfd4a,l01_slipstream_trace-610042_b8_k8_isolated,isolated,flux,9,1,act_ms,0.061248,recorder
20260829-143116_perlmutter_c84bfd4a,l01_slipstream_trace-610042_b8_k8_isolated,isolated,flux,9,2,act_ms,0.060672,recorder
20260829-143116_perlmutter_c84bfd4a,l01_slipstream_trace-610042_b8_k8_isolated,isolated,flux,9,3,act_ms,0.06048,recorder
20260829-143116_perlmutter_c84bfd4a,l01_slipstream_trace-610042_b8_k8_isolated,isolated,flux,9,4,act_ms,0.060032,recorder
20260829-143116_perlmutter_c84bfd4a,l01_slipstream_trace-610042_b8_k8_isolated,isolated,flux,9,5,act_ms,0.05968,recorder
20260829-143116_perlmutter_c84bfd4a,l01_slipstream_trace-610042_b8_k8_isolated,isolated,flux,9,6,act_ms,0.061568,recorder
20260829-143116_perlmutter_c84bfd4a,l01_slipstream_trace-610042_b8_k8_isolated,isolated,flux,9,7,act_ms,0.061344,recorder
20260829-143116_perlmutter_c84bfd4a,l01_slipstream_trace-610042_b8_k8_isolated,isolated,flux,9,8,act_ms,0.059744,recorder
20260829-143116_perlmutter_c84bfd4a,l01_slipstream_trace-610042_b8_k8_isolated,isolated,flux,9,9,act_ms,0.061472,recorder
20260829-143116_perlmutter_c84bfd4a,l01_slipstream_trace-610042_b8_k8_isolated,isolated,flux,9,0,l1_ms,6.835776,recorder
20260829-143116_perlmutter_c84bfd4a,l01_slipstream_trace-610042_b8_k8_isolated,isolated,flux,9,1,l1_ms,7.456256,recorder
20260829-143116_perlmutter_c84bfd4a,l01_slipstream_trace-610042_b8_k8_isolated,isolated,flux,9,2,l1_ms,6.640256,recorder
20260829-143116_perlmutter_c84bfd4a,l01_slipstream_trace-610042_b8_k8_isolated,isolated,flux,9,3,l1_ms,6.686528,recorder
20260829-143116_perlmutter_c84bfd4a,l01_slipstream_trace-610042_b8_k8_isolated,isolated,flux,9,4,l1_ms,6.990752,recorder
20260829-143116_perlmutter_c84bfd4a,l01_slipstream_trace-610042_b8_k8_isolated,isolated,flux,9,5,l1_ms,6.829536,recorder
20260829-143116_perlmutter_c84bfd4a,l01_slipstream_trace-610042_b8_k8_isolated,isolated,flux,9,6,l1_ms,6.83056,recorder
20260829-143116_perlmutter_c84bfd4a,l01_slipstream_trace-610042_b8_k8_isolated,isolated,flux,9,7,l1_ms,6.983136,recorder
20260829-143116_perlmutter_c84bfd4a,l01_slipstream_trace-610042_b8_k8_isolated,isolated,flux,9,8,l1_ms,6.748576,recorder
20260829-143116_perlmutter_c84bfd4a,l01_slipstream_trace-610042_b8_k8_isolated,isolated,flux,9,9,l1_ms,6.846528,recorder
20260829-143116_perlmutter_c84bfd4a,l01_slipstream_trace-610042_b8_k8_isolated,isolated,flux,9,0,plan_comm_ms,0.33376,recorder
20260829-143116_perlmutter_c84bfd4a,l01_slipstream_trace-610042_b8_k8_isolated,isolated,flux,9,1,plan_comm_ms,0.281888,recorder
20260829-143116_perlmutter_c84bfd4a,l01_slipstream_trace-610042_b8_k8_isolated,isolated,flux,9,2,plan_comm_ms,0.253792,recorder
20260829-143116_perlmutter_c84bfd4a,l01_slipstream_trace-610042_b8_k8_isolated,isolated,flux,9,3,plan_comm_ms,0.242944,recorder
20260829-143116_perlmutter_c84bfd4a,l01_slipstream_trace-610042_b8_k8_isolated,isolated,flux,9,4,plan_comm_ms,0.839808,recorder
20260829-143116_perlmutter_c84bfd4a,l01_slipstream_trace-610042_b8_k8_isolated,isolated,flux,9,5,plan_comm_ms,0.594336,recorder
20260829-143116_perlmutter_c84bfd4a,l01_slipstream_trace-610042_b8_k8_isolated,isolated,flux,9,6,plan_comm_ms,0.683904,recorder
20260829-143116_perlmutter_c84bfd4a,l01_slipstream_trace-610042_b8_k8_isolated,isolated,flux,9,7,plan_comm_ms,0.261696,recorder
20260829-143116_perlmutter_c84bfd4a,l01_slipstream_trace-610042_b8_k8_isolated,isolated,flux,9,8,plan_comm_ms,0.258208,recorder
20260829-143116_perlmutter_c84bfd4a,l01_slipstream_trace-610042_b8_k8_isolated,isolated,flux,9,9,plan_comm_ms,0.64576,recorder
20260829-143116_perlmutter_c84bfd4a,l01_slipstream_trace-610042_b8_k8_isolated,isolated,flux,9,0,plan_ms,0.60976,recorder
20260829-143116_perlmutter_c84bfd4a,l01_slipstream_trace-610042_b8_k8_isolated,isolated,flux,9,1,plan_ms,0.610688,recorder
20260829-143116_perlmutter_c84bfd4a,l01_slipstream_trace-610042_b8_k8_isolated,isolated,flux,9,2,plan_ms,0.616544,recorder
20260829-143116_perlmutter_c84bfd4a,l01_slipstream_trace-610042_b8_k8_isolated,isolated,flux,9,3,plan_ms,0.605216,recorder
20260829-143116_perlmutter_c84bfd4a,l01_slipstream_trace-610042_b8_k8_isolated,isolated,flux,9,4,plan_ms,0.608,recorder
20260829-143116_perlmutter_c84bfd4a,l01_slipstream_trace-610042_b8_k8_isolated,isolated,flux,9,5,plan_ms,0.607296,recorder
20260829-143116_perlmutter_c84bfd4a,l01_slipstream_trace-610042_b8_k8_isolated,isolated,flux,9,6,plan_ms,0.610848,recorder
20260829-143116_perlmutter_c84bfd4a,l01_slipstream_trace-610042_b8_k8_isolated,isolated,flux,9,7,plan_ms,0.608704,recorder
20260829-143116_perlmutter_c84bfd4a,l01_slipstream_trace-610042_b8_k8_isolated,isolated,flux,9,8,plan_ms,0.619136,recorder
20260829-143116_perlmutter_c84bfd4a,l01_slipstream_trace-610042_b8_k8_isolated,isolated,flux,9,9,plan_ms,0.606976,recorder
20260829-143116_perlmutter_c84bfd4a,l01_slipstream_trace-610042_b8_k8_isolated,isolated,flux,9,0,total_ms,14.250272,recorder
20260829-143116_perlmutter_c84bfd4a,l01_slipstream_trace-610042_b8_k8_isolated,isolated,flux,9,1,total_ms,14.79568,recorder
20260829-143116_perlmutter_c84bfd4a,l01_slipstream_trace-610042_b8_k8_isolated,isolated,flux,9,2,total_ms,13.864928,recorder
20260829-143116_perlmutter_c84bfd4a,l01_slipstream_trace-610042_b8_k8_isolated,isolated,flux,9,3,total_ms,13.761152,recorder
20260829-143116_perlmutter_c84bfd4a,l01_slipstream_trace-610042_b8_k8_isolated,isolated,flux,9,4,total_ms,14.624224,recorder
20260829-143116_perlmutter_c84bfd4a,l01_slipstream_trace-610042_b8_k8_isolated,isolated,flux,9,5,total_ms,14.413184,recorder
20260829-143116_perlmutter_c84bfd4a,l01_slipstream_trace-610042_b8_k8_isolated,isolated,flux,9,6,total_ms,14.59888,recorder
20260829-143116_perlmutter_c84bfd4a,l01_slipstream_trace-610042_b8_k8_isolated,isolated,flux,9,7,total_ms,14.129824,recorder
20260829-143116_perlmutter_c84bfd4a,l01_slipstream_trace-610042_b8_k8_isolated,isolated,flux,9,8,total_ms,13.956512,recorder
20260829-143116_perlmutter_c84bfd4a,l01_slipstream_trace-610042_b8_k8_isolated,isolated,flux,9,9,total_ms,13.97488,recorder
20260829-143116_perlmutter_c84bfd4a,l01_slipstream_trace-610042_b8_k8_isolated,isolated,flux,9,0,iso_sync_ms,12.798102,recorder
20260829-143116_perlmutter_c84bfd4a,l01_slipstream_trace-610042_b8_k8_isolated,isolated,flux,9,1,iso_sync_ms,12.965004,recorder
20260829-143116_perlmutter_c84bfd4a,l01_slipstream_trace-610042_b8_k8_isolated,isolated,flux,9,2,iso_sync_ms,13.430514,recorder
20260829-143116_perlmutter_c84bfd4a,l01_slipstream_trace-610042_b8_k8_isolated,isolated,flux,9,3,iso_sync_ms,12.291233,recorder
20260829-143116_perlmutter_c84bfd4a,l01_slipstream_trace-610042_b8_k8_isolated,isolated,flux,9,4,iso_sync_ms,12.622543,recorder
20260829-143116_perlmutter_c84bfd4a,l01_slipstream_trace-610042_b8_k8_isolated,isolated,flux,9,5,iso_sync_ms,12.191681,recorder
20260829-143116_perlmutter_c84bfd4a,l01_slipstream_trace-610042_b8_k8_isolated,isolated,flux,9,6,iso_sync_ms,12.793754,recorder
20260829-143116_perlmutter_c84bfd4a,l01_slipstream_trace-610042_b8_k8_isolated,isolated,flux,9,7,iso_sync_ms,12.700944,recorder
20260829-143116_perlmutter_c84bfd4a,l01_slipstream_trace-610042_b8_k8_isolated,isolated,flux,9,8,iso_sync_ms,12.292365,recorder
20260829-143116_perlmutter_c84bfd4a,l01_slipstream_trace-610042_b8_k8_isolated,isolated,flux,9,9,iso_sync_ms,12.442395,recorder
20260829-143116_perlmutter_c84bfd4a,l01_slipstream_trace-610042_b8_k8_isolated,isolated,flux,10,0,e2e_ms,13.273888,recorder
20260829-143116_perlmutter_c84bfd4a,l01_slipstream_trace-610042_b8_k8_isolated,isolated,flux,10,1,e2e_ms,13.86576,recorder
20260829-143116_perlmutter_c84bfd4a,l01_slipstream_trace-610042_b8_k8_isolated,isolated,flux,10,2,e2e_ms,12.972352,recorder
20260829-143116_perlmutter_c84bfd4a,l01_slipstream_trace-610042_b8_k8_isolated,isolated,flux,10,3,e2e_ms,12.880288,recorder
20260829-143116_perlmutter_c84bfd4a,l01_slipstream_trace-610042_b8_k8_isolated,isolated,flux,10,4,e2e_ms,13.14672,recorder
20260829-143116_perlmutter_c84bfd4a,l01_slipstream_trace-610042_b8_k8_isolated,isolated,flux,10,5,e2e_ms,13.179072,recorder
20260829-143116_perlmutter_c84bfd4a,l01_slipstream_trace-610042_b8_k8_isolated,isolated,flux,10,6,e2e_ms,13.284832,recorder
20260829-143116_perlmutter_c84bfd4a,l01_slipstream_trace-610042_b8_k8_isolated,isolated,flux,10,7,e2e_ms,13.233344,recorder
20260829-143116_perlmutter_c84bfd4a,l01_slipstream_trace-610042_b8_k8_isolated,isolated,flux,10,8,e2e_ms,13.042336,recorder
20260829-143116_perlmutter_c84bfd4a,l01_slipstream_trace-610042_b8_k8_isolated,isolated,flux,10,9,e2e_ms,12.689184,recorder
20260829-143116_perlmutter_c84bfd4a,l01_slipstream_trace-610042_b8_k8_isolated,isolated,flux,10,0,l0_ms,6.307296,recorder
20260829-143116_perlmutter_c84bfd4a,l01_slipstream_trace-610042_b8_k8_isolated,isolated,flux,10,1,l0_ms,6.384608,recorder
20260829-143116_perlmutter_c84bfd4a,l01_slipstream_trace-610042_b8_k8_isolated,isolated,flux,10,2,l0_ms,6.269056,recorder
20260829-143116_perlmutter_c84bfd4a,l01_slipstream_trace-610042_b8_k8_isolated,isolated,flux,10,3,l0_ms,6.060608,recorder
20260829-143116_perlmutter_c84bfd4a,l01_slipstream_trace-610042_b8_k8_isolated,isolated,flux,10,4,l0_ms,6.079872,recorder
20260829-143116_perlmutter_c84bfd4a,l01_slipstream_trace-610042_b8_k8_isolated,isolated,flux,10,5,l0_ms,6.290272,recorder
20260829-143116_perlmutter_c84bfd4a,l01_slipstream_trace-610042_b8_k8_isolated,isolated,flux,10,6,l0_ms,6.31088,recorder
20260829-143116_perlmutter_c84bfd4a,l01_slipstream_trace-610042_b8_k8_isolated,isolated,flux,10,7,l0_ms,6.21456,recorder
20260829-143116_perlmutter_c84bfd4a,l01_slipstream_trace-610042_b8_k8_isolated,isolated,flux,10,8,l0_ms,6.199424,recorder
20260829-143116_perlmutter_c84bfd4a,l01_slipstream_trace-610042_b8_k8_isolated,isolated,flux,10,9,l0_ms,5.794336,recorder
20260829-143116_perlmutter_c84bfd4a,l01_slipstream_trace-610042_b8_k8_isolated,isolated,flux,10,0,act_ms,0.048672,recorder
20260829-143116_perlmutter_c84bfd4a,l01_slipstream_trace-610042_b8_k8_isolated,isolated,flux,10,1,act_ms,0.050944,recorder
20260829-143116_perlmutter_c84bfd4a,l01_slipstream_trace-610042_b8_k8_isolated,isolated,flux,10,2,act_ms,0.048736,recorder
20260829-143116_perlmutter_c84bfd4a,l01_slipstream_trace-610042_b8_k8_isolated,isolated,flux,10,3,act_ms,0.050656,recorder
20260829-143116_perlmutter_c84bfd4a,l01_slipstream_trace-610042_b8_k8_isolated,isolated,flux,10,4,act_ms,0.049888,recorder
20260829-143116_perlmutter_c84bfd4a,l01_slipstream_trace-610042_b8_k8_isolated,isolated,flux,10,5,act_ms,0.049376,recorder
20260829-143116_perlmutter_c84bfd4a,l01_slipstream_trace-610042_b8_k8_isolated,isolated,flux,10,6,act_ms,0.048736,recorder
20260829-143116_perlmutter_c84bfd4a,l01_slipstream_trace-610042_b8_k8_isolated,isolated,flux,10,7,act_ms,0.046464,recorder
20260829-143116_perlmutter_c84bfd4a,l01_slipstream_trace-610042_b8_k8_isolated,isolated,flux,10,8,act_ms,0.047712,recorder
20260829-143116_perlmutter_c84bfd4a,l01_slipstream_trace-610042_b8_k8_isolated,isolated,flux,10,9,act_ms,0.049408,recorder
20260829-143116_perlmutter_c84bfd4a,l01_slipstream_trace-610042_b8_k8_isolated,isolated,flux,10,0,l1_ms,6.91792,recorder
20260829-143116_perlmutter_c84bfd4a,l01_slipstream_trace-610042_b8_k8_isolated,isolated,flux,10,1,l1_ms,7.430208,recorder
20260829-143116_perlmutter_c84bfd4a,l01_slipstream_trace-610042_b8_k8_isolated,isolated,flux,10,2,l1_ms,6.65456,recorder
20260829-143116_perlmutter_c84bfd4a,l01_slipstream_trace-610042_b8_k8_isolated,isolated,flux,10,3,l1_ms,6.769024,recorder
20260829-143116_perlmutter_c84bfd4a,l01_slipstream_trace-610042_b8_k8_isolated,isolated,flux,10,4,l1_ms,7.01696,recorder
20260829-143116_perlmutter_c84bfd4a,l01_slipstream_trace-610042_b8_k8_isolated,isolated,flux,10,5,l1_ms,6.839424,recorder
20260829-143116_perlmutter_c84bfd4a,l01_slipstream_trace-610042_b8_k8_isolated,isolated,flux,10,6,l1_ms,6.925216,recorder
20260829-143116_perlmutter_c84bfd4a,l01_slipstream_trace-610042_b8_k8_isolated,isolated,flux,10,7,l1_ms,6.97232,recorder
20260829-143116_perlmutter_c84bfd4a,l01_slipstream_trace-610042_b8_k8_isolated,isolated,flux,10,8,l1_ms,6.7952,recorder
20260829-143116_perlmutter_c84bfd4a,l01_slipstream_trace-610042_b8_k8_isolated,isolated,flux,10,9,l1_ms,6.84544,recorder
20260829-143116_perlmutter_c84bfd4a,l01_slipstream_trace-610042_b8_k8_isolated,isolated,flux,10,0,plan_comm_ms,0.334496,recorder
20260829-143116_perlmutter_c84bfd4a,l01_slipstream_trace-610042_b8_k8_isolated,isolated,flux,10,1,plan_comm_ms,0.289536,recorder
20260829-143116_perlmutter_c84bfd4a,l01_slipstream_trace-610042_b8_k8_isolated,isolated,flux,10,2,plan_comm_ms,0.257088,recorder
20260829-143116_perlmutter_c84bfd4a,l01_slipstream_trace-610042_b8_k8_isolated,isolated,flux,10,3,plan_comm_ms,0.24928,recorder
20260829-143116_perlmutter_c84bfd4a,l01_slipstream_trace-610042_b8_k8_isolated,isolated,flux,10,4,plan_comm_ms,0.84336,recorder
20260829-143116_perlmutter_c84bfd4a,l01_slipstream_trace-610042_b8_k8_isolated,isolated,flux,10,5,plan_comm_ms,0.6056,recorder
20260829-143116_perlmutter_c84bfd4a,l01_slipstream_trace-610042_b8_k8_isolated,isolated,flux,10,6,plan_comm_ms,0.684672,recorder
20260829-143116_perlmutter_c84bfd4a,l01_slipstream_trace-610042_b8_k8_isolated,isolated,flux,10,7,plan_comm_ms,0.253024,recorder
20260829-143116_perlmutter_c84bfd4a,l01_slipstream_trace-610042_b8_k8_isolated,isolated,flux,10,8,plan_comm_ms,0.26752,recorder
20260829-143116_perlmutter_c84bfd4a,l01_slipstream_trace-610042_b8_k8_isolated,isolated,flux,10,9,plan_comm_ms,0.64496,recorder
20260829-143116_perlmutter_c84bfd4a,l01_slipstream_trace-610042_b8_k8_isolated,isolated,flux,10,0,plan_ms,0.633152,recorder
20260829-143116_perlmutter_c84bfd4a,l01_slipstream_trace-610042_b8_k8_isolated,isolated,flux,10,1,plan_ms,0.633728,recorder
20260829-143116_perlmutter_c84bfd4a,l01_slipstream_trace-610042_b8_k8_isolated,isolated,flux,10,2,plan_ms,0.6344,recorder
20260829-143116_perlmutter_c84bfd4a,l01_slipstream_trace-610042_b8_k8_isolated,isolated,flux,10,3,plan_ms,0.630912,recorder
20260829-143116_perlmutter_c84bfd4a,l01_slipstream_trace-610042_b8_k8_isolated,isolated,flux,10,4,plan_ms,0.633184,recorder
20260829-143116_perlmutter_c84bfd4a,l01_slipstream_trace-610042_b8_k8_isolated,isolated,flux,10,5,plan_ms,0.629824,recorder
20260829-143116_perlmutter_c84bfd4a,l01_slipstream_trace-610042_b8_k8_isolated,isolated,flux,10,6,plan_ms,0.633472,recorder
20260829-143116_perlmutter_c84bfd4a,l01_slipstream_trace-610042_b8_k8_isolated,isolated,flux,10,7,plan_ms,0.632096,recorder
20260829-143116_perlmutter_c84bfd4a,l01_slipstream_trace-610042_b8_k8_isolated,isolated,flux,10,8,plan_ms,0.642144,recorder
20260829-143116_perlmutter_c84bfd4a,l01_slipstream_trace-610042_b8_k8_isolated,isolated,flux,10,9,plan_ms,0.640256,recorder
20260829-143116_perlmutter_c84bfd4a,l01_slipstream_trace-610042_b8_k8_isolated,isolated,flux,10,0,total_ms,14.243872,recorder
20260829-143116_perlmutter_c84bfd4a,l01_slipstream_trace-610042_b8_k8_isolated,isolated,flux,10,1,total_ms,14.79136,recorder
20260829-143116_perlmutter_c84bfd4a,l01_slipstream_trace-610042_b8_k8_isolated,isolated,flux,10,2,total_ms,13.866208,recorder
20260829-143116_perlmutter_c84bfd4a,l01_slipstream_trace-610042_b8_k8_isolated,isolated,flux,10,3,total_ms,13.762816,recorder
20260829-143116_perlmutter_c84bfd4a,l01_slipstream_trace-610042_b8_k8_isolated,isolated,flux,10,4,total_ms,14.6256,recorder
20260829-143116_perlmutter_c84bfd4a,l01_slipstream_trace-610042_b8_k8_isolated,isolated,flux,10,5,total_ms,14.416832,recorder
20260829-143116_perlmutter_c84bfd4a,l01_slipstream_trace-610042_b8_k8_isolated,isolated,flux,10,6,total_ms,14.605312,recorder
20260829-143116_perlmutter_c84bfd4a,l01_slipstream_trace-610042_b8_k8_isolated,isolated,flux,10,7,total_ms,14.120832,recorder
20260829-143116_perlmutter_c84bfd4a,l01_slipstream_trace-610042_b8_k8_isolated,isolated,flux,10,8,total_ms,13.954336,recorder
20260829-143116_perlmutter_c84bfd4a,l01_slipstream_trace-610042_b8_k8_isolated,isolated,flux,10,9,total_ms,13.976736,recorder
20260829-143116_perlmutter_c84bfd4a,l01_slipstream_trace-610042_b8_k8_isolated,isolated,flux,10,0,iso_sync_ms,12.797782,recorder
20260829-143116_perlmutter_c84bfd4a,l01_slipstream_trace-610042_b8_k8_isolated,isolated,flux,10,1,iso_sync_ms,12.915589,recorder
20260829-143116_perlmutter_c84bfd4a,l01_slipstream_trace-610042_b8_k8_isolated,isolated,flux,10,2,iso_sync_ms,13.436376,recorder
20260829-143116_perlmutter_c84bfd4a,l01_slipstream_trace-610042_b8_k8_isolated,isolated,flux,10,3,iso_sync_ms,12.23229,recorder
20260829-143116_perlmutter_c84bfd4a,l01_slipstream_trace-610042_b8_k8_isolated,isolated,flux,10,4,iso_sync_ms,12.557767,recorder
20260829-143116_perlmutter_c84bfd4a,l01_slipstream_trace-610042_b8_k8_isolated,isolated,flux,10,5,iso_sync_ms,12.182423,recorder
20260829-143116_perlmutter_c84bfd4a,l01_slipstream_trace-610042_b8_k8_isolated,isolated,flux,10,6,iso_sync_ms,12.774456,recorder
20260829-143116_perlmutter_c84bfd4a,l01_slipstream_trace-610042_b8_k8_isolated,isolated,flux,10,7,iso_sync_ms,12.69385,recorder
20260829-143116_perlmutter_c84bfd4a,l01_slipstream_trace-610042_b8_k8_isolated,isolated,flux,10,8,iso_sync_ms,12.283368,recorder
20260829-143116_perlmutter_c84bfd4a,l01_slipstream_trace-610042_b8_k8_isolated,isolated,flux,10,9,iso_sync_ms,12.441745,recorder
20260829-143116_perlmutter_c84bfd4a,l01_slipstream_trace-610042_b8_k8_isolated,isolated,flux,11,0,e2e_ms,13.299712,recorder
20260829-143116_perlmutter_c84bfd4a,l01_slipstream_trace-610042_b8_k8_isolated,isolated,flux,11,1,e2e_ms,13.88416,recorder
20260829-143116_perlmutter_c84bfd4a,l01_slipstream_trace-610042_b8_k8_isolated,isolated,flux,11,2,e2e_ms,12.978272,recorder
20260829-143116_perlmutter_c84bfd4a,l01_slipstream_trace-610042_b8_k8_isolated,isolated,flux,11,3,e2e_ms,12.88544,recorder
20260829-143116_perlmutter_c84bfd4a,l01_slipstream_trace-610042_b8_k8_isolated,isolated,flux,11,4,e2e_ms,13.161024,recorder
20260829-143116_perlmutter_c84bfd4a,l01_slipstream_trace-610042_b8_k8_isolated,isolated,flux,11,5,e2e_ms,13.191168,recorder
20260829-143116_perlmutter_c84bfd4a,l01_slipstream_trace-610042_b8_k8_isolated,isolated,flux,11,6,e2e_ms,13.29936,recorder
20260829-143116_perlmutter_c84bfd4a,l01_slipstream_trace-610042_b8_k8_isolated,isolated,flux,11,7,e2e_ms,13.25856,recorder
20260829-143116_perlmutter_c84bfd4a,l01_slipstream_trace-610042_b8_k8_isolated,isolated,flux,11,8,e2e_ms,13.071584,recorder
20260829-143116_perlmutter_c84bfd4a,l01_slipstream_trace-610042_b8_k8_isolated,isolated,flux,11,9,e2e_ms,12.719328,recorder
20260829-143116_perlmutter_c84bfd4a,l01_slipstream_trace-610042_b8_k8_isolated,isolated,flux,11,0,l0_ms,6.244672,recorder
20260829-143116_perlmutter_c84bfd4a,l01_slipstream_trace-610042_b8_k8_isolated,isolated,flux,11,1,l0_ms,6.400224,recorder
20260829-143116_perlmutter_c84bfd4a,l01_slipstream_trace-610042_b8_k8_isolated,isolated,flux,11,2,l0_ms,6.268832,recorder
20260829-143116_perlmutter_c84bfd4a,l01_slipstream_trace-610042_b8_k8_isolated,isolated,flux,11,3,l0_ms,6.070624,recorder
20260829-143116_perlmutter_c84bfd4a,l01_slipstream_trace-610042_b8_k8_isolated,isolated,flux,11,4,l0_ms,6.101888,recorder
20260829-143116_perlmutter_c84bfd4a,l01_slipstream_trace-610042_b8_k8_isolated,isolated,flux,11,5,l0_ms,6.307648,recorder
20260829-143116_perlmutter_c84bfd4a,l01_slipstream_trace-610042_b8_k8_isolated,isolated,flux,11,6,l0_ms,6.270944,recorder
20260829-143116_perlmutter_c84bfd4a,l01_slipstream_trace-610042_b8_k8_isolated,isolated,flux,11,7,l0_ms,6.237984,recorder
20260829-143116_perlmutter_c84bfd4a,l01_slipstream_trace-610042_b8_k8_isolated,isolated,flux,11,8,l0_ms,6.222688,recorder
20260829-143116_perlmutter_c84bfd4a,l01_slipstream_trace-610042_b8_k8_isolated,isolated,flux,11,9,l0_ms,5.822816,recorder
20260829-143116_perlmutter_c84bfd4a,l01_slipstream_trace-610042_b8_k8_isolated,isolated,flux,11,0,act_ms,0.016832,recorder
20260829-143116_perlmutter_c84bfd4a,l01_slipstream_trace-610042_b8_k8_isolated,isolated,flux,11,1,act_ms,0.016288,recorder
20260829-143116_perlmutter_c84bfd4a,l01_slipstream_trace-610042_b8_k8_isolated,isolated,flux,11,2,act_ms,0.017248,recorder
20260829-143116_perlmutter_c84bfd4a,l01_slipstream_trace-610042_b8_k8_isolated,isolated,flux,11,3,act_ms,0.016448,recorder
20260829-143116_perlmutter_c84bfd4a,l01_slipstream_trace-610042_b8_k8_isolated,isolated,flux,11,4,act_ms,0.015904,recorder
20260829-143116_perlmutter_c84bfd4a,l01_slipstream_trace-610042_b8_k8_isolated,isolated,flux,11,5,act_ms,0.016896,recorder
20260829-143116_perlmutter_c84bfd4a,l01_slipstream_trace-610042_b8_k8_isolated,isolated,flux,11,6,act_ms,0.016864,recorder
20260829-143116_perlmutter_c84bfd4a,l01_slipstream_trace-610042_b8_k8_isolated,isolated,flux,11,7,act_ms,0.015872,recorder
20260829-143116_perlmutter_c84bfd4a,l01_slipstream_trace-610042_b8_k8_isolated,isolated,flux,11,8,act_ms,0.016384,recorder
20260829-143116_perlmutter_c84bfd4a,l01_slipstream_trace-610042_b8_k8_isolated,isolated,flux,11,9,act_ms,0.017472,recorder
20260829-143116_perlmutter_c84bfd4a,l01_slipstream_trace-610042_b8_k8_isolated,isolated,flux,11,0,l1_ms,7.038208,recorder
20260829-143116_perlmutter_c84bfd4a,l01_slipstream_trace-610042_b8_k8_isolated,isolated,flux,11,1,l1_ms,7.467648,recorder
20260829-143116_perlmutter_c84bfd4a,l01_slipstream_trace-610042_b8_k8_isolated,isolated,flux,11,2,l1_ms,6.692192,recorder
20260829-143116_perlmutter_c84bfd4a,l01_slipstream_trace-610042_b8_k8_isolated,isolated,flux,11,3,l1_ms,6.798368,recorder
20260829-143116_perlmutter_c84bfd4a,l01_slipstream_trace-610042_b8_k8_isolated,isolated,flux,11,4,l1_ms,7.043232,recorder
20260829-143116_perlmutter_c84bfd4a,l01_slipstream_trace-610042_b8_k8_isolated,isolated,flux,11,5,l1_ms,6.866624,recorder
20260829-143116_perlmutter_c84bfd4a,l01_slipstream_trace-610042_b8_k8_isolated,isolated,flux,11,6,l1_ms,7.011552,recorder
20260829-143116_perlmutter_c84bfd4a,l01_slipstream_trace-610042_b8_k8_isolated,isolated,flux,11,7,l1_ms,7.004704,recorder
20260829-143116_perlmutter_c84bfd4a,l01_slipstream_trace-610042_b8_k8_isolated,isolated,flux,11,8,l1_ms,6.832512,recorder
20260829-143116_perlmutter_c84bfd4a,l01_slipstream_trace-610042_b8_k8_isolated,isolated,flux,11,9,l1_ms,6.87904,recorder
20260829-143116_perlmutter_c84bfd4a,l01_slipstream_trace-610042_b8_k8_isolated,isolated,flux,11,0,plan_comm_ms,0.33696,recorder
20260829-143116_perlmutter_c84bfd4a,l01_slipstream_trace-610042_b8_k8_isolated,isolated,flux,11,1,plan_comm_ms,0.294016,recorder
20260829-143116_perlmutter_c84bfd4a,l01_slipstream_trace-610042_b8_k8_isolated,isolated,flux,11,2,plan_comm_ms,0.277408,recorder
20260829-143116_perlmutter_c84bfd4a,l01_slipstream_trace-610042_b8_k8_isolated,isolated,flux,11,3,plan_comm_ms,0.254304,recorder
20260829-143116_perlmutter_c84bfd4a,l01_slipstream_trace-610042_b8_k8_isolated,isolated,flux,11,4,plan_comm_ms,0.853312,recorder
20260829-143116_perlmutter_c84bfd4a,l01_slipstream_trace-610042_b8_k8_isolated,isolated,flux,11,5,plan_comm_ms,0.613344,recorder
20260829-143116_perlmutter_c84bfd4a,l01_slipstream_trace-610042_b8_k8_isolated,isolated,flux,11,6,plan_comm_ms,0.685856,recorder
20260829-143116_perlmutter_c84bfd4a,l01_slipstream_trace-610042_b8_k8_isolated,isolated,flux,11,7,plan_comm_ms,0.256,recorder
20260829-143116_perlmutter_c84bfd4a,l01_slipstream_trace-610042_b8_k8_isolated,isolated,flux,11,8,plan_comm_ms,0.268576,recorder
20260829-143116_perlmutter_c84bfd4a,l01_slipstream_trace-610042_b8_k8_isolated,isolated,flux,11,9,plan_comm_ms,0.641344,recorder
20260829-143116_perlmutter_c84bfd4a,l01_slipstream_trace-610042_b8_k8_isolated,isolated,flux,11,0,plan_ms,0.61424,recorder
20260829-143116_perlmutter_c84bfd4a,l01_slipstream_trace-610042_b8_k8_isolated,isolated,flux,11,1,plan_ms,0.617824,recorder
20260829-143116_perlmutter_c84bfd4a,l01_slipstream_trace-610042_b8_k8_isolated,isolated,flux,11,2,plan_ms,0.615232,recorder
20260829-143116_perlmutter_c84bfd4a,l01_slipstream_trace-610042_b8_k8_isolated,isolated,flux,11,3,plan_ms,0.620672,recorder
20260829-143116_perlmutter_c84bfd4a,l01_slipstream_trace-610042_b8_k8_isolated,isolated,flux,11,4,plan_ms,0.61152,recorder
20260829-143116_perlmutter_c84bfd4a,l01_slipstream_trace-610042_b8_k8_isolated,isolated,flux,11,5,plan_ms,0.61056,recorder
20260829-143116_perlmutter_c84bfd4a,l01_slipstream_trace-610042_b8_k8_isolated,isolated,flux,11,6,plan_ms,0.614336,recorder
20260829-143116_perlmutter_c84bfd4a,l01_slipstream_trace-610042_b8_k8_isolated,isolated,flux,11,7,plan_ms,0.6128,recorder
20260829-143116_perlmutter_c84bfd4a,l01_slipstream_trace-610042_b8_k8_isolated,isolated,flux,11,8,plan_ms,0.619072,recorder
20260829-143116_perlmutter_c84bfd4a,l01_slipstream_trace-610042_b8_k8_isolated,isolated,flux,11,9,plan_ms,0.617888,recorder
20260829-143116_perlmutter_c84bfd4a,l01_slipstream_trace-610042_b8_k8_isolated,isolated,flux,11,0,total_ms,14.253216,recorder
20260829-143116_perlmutter_c84bfd4a,l01_slipstream_trace-610042_b8_k8_isolated,isolated,flux,11,1,total_ms,14.79856,recorder
20260829-143116_perlmutter_c84bfd4a,l01_slipstream_trace-610042_b8_k8_isolated,isolated,flux,11,2,total_ms,13.873184,recorder
20260829-143116_perlmutter_c84bfd4a,l01_slipstream_trace-610042_b8_k8_isolated,isolated,flux,11,3,total_ms,13.762688,recorder
20260829-143116_perlmutter_c84bfd4a,l01_slipstream_trace-610042_b8_k8_isolated,isolated,flux,11,4,total_ms,14.628224,recorder
20260829-143116_perlmutter_c84bfd4a,l01_slipstream_trace-610042_b8_k8_isolated,isolated,flux,11,5,total_ms,14.417344,recorder
20260829-143116_perlmutter_c84bfd4a,l01_slipstream_trace-610042_b8_k8_isolated,isolated,flux,11,6,total_ms,14.601856,recorder
20260829-143116_perlmutter_c84bfd4a,l01_slipstream_trace-610042_b8_k8_isolated,isolated,flux,11,7,total_ms,14.129664,recorder
20260829-143116_perlmutter_c84bfd4a,l01_slipstream_trace-610042_b8_k8_isolated,isolated,flux,11,8,total_ms,13.961504,recorder
20260829-143116_perlmutter_c84bfd4a,l01_slipstream_trace-610042_b8_k8_isolated,isolated,flux,11,9,total_ms,13.980864,recorder
20260829-143116_perlmutter_c84bfd4a,l01_slipstream_trace-610042_b8_k8_isolated,isolated,flux,11,0,iso_sync_ms,12.877987,recorder
20260829-143116_perlmutter_c84bfd4a,l01_slipstream_trace-610042_b8_k8_isolated,isolated,flux,11,1,iso_sync_ms,13.043055,recorder
20260829-143116_perlmutter_c84bfd4a,l01_slipstream_trace-610042_b8_k8_isolated,isolated,flux,11,2,iso_sync_ms,13.483817,recorder
20260829-143116_perlmutter_c84bfd4a,l01_slipstream_trace-610042_b8_k8_isolated,isolated,flux,11,3,iso_sync_ms,12.406445,recorder
20260829-143116_perlmutter_c84bfd4a,l01_slipstream_trace-610042_b8_k8_isolated,isolated,flux,11,4,iso_sync_ms,12.709611,recorder
20260829-143116_perlmutter_c84bfd4a,l01_slipstream_trace-610042_b8_k8_isolated,isolated,flux,11,5,iso_sync_ms,12.247408,recorder
20260829-143116_perlmutter_c84bfd4a,l01_slipstream_trace-610042_b8_k8_isolated,isolated,flux,11,6,iso_sync_ms,12.829413,recorder
20260829-143116_perlmutter_c84bfd4a,l01_slipstream_trace-610042_b8_k8_isolated,isolated,flux,11,7,iso_sync_ms,12.79161,recorder
20260829-143116_perlmutter_c84bfd4a,l01_slipstream_trace-610042_b8_k8_isolated,isolated,flux,11,8,iso_sync_ms,12.381257,recorder
20260829-143116_perlmutter_c84bfd4a,l01_slipstream_trace-610042_b8_k8_isolated,isolated,flux,11,9,iso_sync_ms,12.531157,recorder
20260829-143116_perlmutter_c84bfd4a,l01_slipstream_trace-610042_b8_k8_isolated,isolated,flux,12,0,e2e_ms,13.278592,recorder
20260829-143116_perlmutter_c84bfd4a,l01_slipstream_trace-610042_b8_k8_isolated,isolated,flux,12,1,e2e_ms,13.889856,recorder
20260829-143116_perlmutter_c84bfd4a,l01_slipstream_trace-610042_b8_k8_isolated,isolated,flux,12,2,e2e_ms,12.975744,recorder
20260829-143116_perlmutter_c84bfd4a,l01_slipstream_trace-610042_b8_k8_isolated,isolated,flux,12,3,e2e_ms,12.881376,recorder
20260829-143116_perlmutter_c84bfd4a,l01_slipstream_trace-610042_b8_k8_isolated,isolated,flux,12,4,e2e_ms,13.167808,recorder
20260829-143116_perlmutter_c84bfd4a,l01_slipstream_trace-610042_b8_k8_isolated,isolated,flux,12,5,e2e_ms,13.196416,recorder
20260829-143116_perlmutter_c84bfd4a,l01_slipstream_trace-610042_b8_k8_isolated,isolated,flux,12,6,e2e_ms,13.300608,recorder
20260829-143116_perlmutter_c84bfd4a,l01_slipstream_trace-610042_b8_k8_isolated,isolated,flux,12,7,e2e_ms,13.249664,recorder
20260829-143116_perlmutter_c84bfd4a,l01_slipstream_trace-610042_b8_k8_isolated,isolated,flux,12,8,e2e_ms,13.085568,recorder
20260829-143116_perlmutter_c84bfd4a,l01_slipstream_trace-610042_b8_k8_isolated,isolated,flux,12,9,e2e_ms,12.726624,recorder
20260829-143116_perlmutter_c84bfd4a,l01_slipstream_trace-610042_b8_k8_isolated,isolated,flux,12,0,l0_ms,6.247648,recorder
20260829-143116_perlmutter_c84bfd4a,l01_slipstream_trace-610042_b8_k8_isolated,isolated,flux,12,1,l0_ms,6.419456,recorder
20260829-143116_perlmutter_c84bfd4a,l01_slipstream_trace-610042_b8_k8_isolated,isolated,flux,12,2,l0_ms,6.258688,recorder
20260829-143116_perlmutter_c84bfd4a,l01_slipstream_trace-610042_b8_k8_isolated,isolated,flux,12,3,l0_ms,6.064512,recorder
20260829-143116_perlmutter_c84bfd4a,l01_slipstream_trace-610042_b8_k8_isolated,isolated,flux,12,4,l0_ms,6.126144,recorder
20260829-143116_perlmutter_c84bfd4a,l01_slipstream_trace-610042_b8_k8_isolated,isolated,flux,12,5,l0_ms,6.302368,recorder
20260829-143116_perlmutter_c84bfd4a,l01_slipstream_trace-610042_b8_k8_isolated,isolated,flux,12,6,l0_ms,6.26832,recorder
20260829-143116_perlmutter_c84bfd4a,l01_slipstream_trace-610042_b8_k8_isolated,isolated,flux,12,7,l0_ms,6.251488,recorder
20260829-143116_perlmutter_c84bfd4a,l01_slipstream_trace-610042_b8_k8_isolated,isolated,flux,12,8,l0_ms,6.222816,recorder
20260829-143116_perlmutter_c84bfd4a,l01_slipstream_trace-610042_b8_k8_isolated,isolated,flux,12,9,l0_ms,5.818912,recorder
20260829-143116_perlmutter_c84bfd4a,l01_slipstream_trace-610042_b8_k8_isolated,isolated,flux,12,0,act_ms,0.024704,recorder
20260829-143116_perlmutter_c84bfd4a,l01_slipstream_trace-610042_b8_k8_isolated,isolated,flux,12,1,act_ms,0.025184,recorder
20260829-143116_perlmutter_c84bfd4a,l01_slipstream_trace-610042_b8_k8_isolated,isolated,flux,12,2,act_ms,0.024416,recorder
20260829-143116_perlmutter_c84bfd4a,l01_slipstream_trace-610042_b8_k8_isolated,isolated,flux,12,3,act_ms,0.025696,recorder
20260829-143116_perlmutter_c84bfd4a,l01_slipstream_trace-610042_b8_k8_isolated,isolated,flux,12,4,act_ms,0.025216,recorder
20260829-143116_perlmutter_c84bfd4a,l01_slipstream_trace-610042_b8_k8_isolated,isolated,flux,12,5,act_ms,0.024864,recorder
20260829-143116_perlmutter_c84bfd4a,l01_slipstream_trace-610042_b8_k8_isolated,isolated,flux,12,6,act_ms,0.025568,recorder
20260829-143116_perlmutter_c84bfd4a,l01_slipstream_trace-610042_b8_k8_isolated,isolated,flux,12,7,act_ms,0.025728,recorder
20260829-143116_perlmutter_c84bfd4a,l01_slipstream_trace-610042_b8_k8_isolated,isolated,flux,12,8,act_ms,0.024768,recorder
20260829-143116_perlmutter_c84bfd4a,l01_slipstream_trace-610042_b8_k8_isolated,isolated,flux,12,9,act_ms,0.02288,recorder
20260829-143116_perlmutter_c84bfd4a,l01_slipstream_trace-610042_b8_k8_isolated,isolated,flux,12,0,l1_ms,7.00624,recorder
20260829-143116_perlmutter_c84bfd4a,l01_slipstream_trace-610042_b8_k8_isolated,isolated,flux,12,1,l1_ms,7.445216,recorder
20260829-143116_perlmutter_c84bfd4a,l01_slipstream_trace-610042_b8_k8_isolated,isolated,flux,12,2,l1_ms,6.69264,recorder
20260829-143116_perlmutter_c84bfd4a,l01_slipstream_trace-610042_b8_k8_isolated,isolated,flux,12,3,l1_ms,6.791168,recorder
20260829-143116_perlmutter_c84bfd4a,l01_slipstream_trace-610042_b8_k8_isolated,isolated,flux,12,4,l1_ms,7.016448,recorder
20260829-143116_perlmutter_c84bfd4a,l01_slipstream_trace-610042_b8_k8_isolated,isolated,flux,12,5,l1_ms,6.869184,recorder
20260829-143116_perlmutter_c84bfd4a,l01_slipstream_trace-610042_b8_k8_isolated,isolated,flux,12,6,l1_ms,7.00672,recorder
20260829-143116_perlmutter_c84bfd4a,l01_slipstream_trace-610042_b8_k8_isolated,isolated,flux,12,7,l1_ms,6.972448,recorder
20260829-143116_perlmutter_c84bfd4a,l01_slipstream_trace-610042_b8_k8_isolated,isolated,flux,12,8,l1_ms,6.837984,recorder
20260829-143116_perlmutter_c84bfd4a,l01_slipstream_trace-610042_b8_k8_isolated,isolated,flux,12,9,l1_ms,6.884832,recorder
20260829-143116_perlmutter_c84bfd4a,l01_slipstream_trace-610042_b8_k8_isolated,isolated,flux,12,0,plan_comm_ms,0.3136,recorder
20260829-143116_perlmutter_c84bfd4a,l01_slipstream_trace-610042_b8_k8_isolated,isolated,flux,12,1,plan_comm_ms,0.26864,recorder
20260829-143116_perlmutter_c84bfd4a,l01_slipstream_trace-610042_b8_k8_isolated,isolated,flux,12,2,plan_comm_ms,0.257472,recorder
20260829-143116_perlmutter_c84bfd4a,l01_slipstream_trace-610042_b8_k8_isolated,isolated,flux,12,3,plan_comm_ms,0.246304,recorder
20260829-143116_perlmutter_c84bfd4a,l01_slipstream_trace-610042_b8_k8_isolated,isolated,flux,12,4,plan_comm_ms,0.837472,recorder
20260829-143116_perlmutter_c84bfd4a,l01_slipstream_trace-610042_b8_k8_isolated,isolated,flux,12,5,plan_comm_ms,0.595072,recorder
20260829-143116_perlmutter_c84bfd4a,l01_slipstream_trace-610042_b8_k8_isolated,isolated,flux,12,6,plan_comm_ms,0.683904,recorder
20260829-143116_perlmutter_c84bfd4a,l01_slipstream_trace-610042_b8_k8_isolated,isolated,flux,12,7,plan_comm_ms,0.245568,recorder
20260829-143116_perlmutter_c84bfd4a,l01_slipstream_trace-610042_b8_k8_isolated,isolated,flux,12,8,plan_comm_ms,0.26288,recorder
20260829-143116_perlmutter_c84bfd4a,l01_slipstream_trace-610042_b8_k8_isolated,isolated,flux,12,9,plan_comm_ms,0.641824,recorder
20260829-143116_perlmutter_c84bfd4a,l01_slipstream_trace-610042_b8_k8_isolated,isolated,flux,12,0,plan_ms,0.64448,recorder
20260829-143116_perlmutter_c84bfd4a,l01_slipstream_trace-610042_b8_k8_isolated,isolated,flux,12,1,plan_ms,0.628288,recorder
20260829-143116_perlmutter_c84bfd4a,l01_slipstream_trace-610042_b8_k8_isolated,isolated,flux,12,2,plan_ms,0.643968,recorder
20260829-143116_perlmutter_c84bfd4a,l01_slipstream_trace-610042_b8_k8_isolated,isolated,flux,12,3,plan_ms,0.631872,recorder
20260829-143116_perlmutter_c84bfd4a,l01_slipstream_trace-610042_b8_k8_isolated,isolated,flux,12,4,plan_ms,0.62352,recorder
20260829-143116_perlmutter_c84bfd4a,l01_slipstream_trace-610042_b8_k8_isolated,isolated,flux,12,5,plan_ms,0.624192,recorder
20260829-143116_perlmutter_c84bfd4a,l01_slipstream_trace-610042_b8_k8_isolated,isolated,flux,12,6,plan_ms,0.620608,recorder
20260829-143116_perlmutter_c84bfd4a,l01_slipstream_trace-610042_b8_k8_isolated,isolated,flux,12,7,plan_ms,0.630304,recorder
20260829-143116_perlmutter_c84bfd4a,l01_slipstream_trace-610042_b8_k8_isolated,isolated,flux,12,8,plan_ms,0.62576,recorder
20260829-143116_perlmutter_c84bfd4a,l01_slipstream_trace-610042_b8_k8_isolated,isolated,flux,12,9,plan_ms,0.62208,recorder
20260829-143116_perlmutter_c84bfd4a,l01_slipstream_trace-610042_b8_k8_isolated,isolated,flux,12,0,total_ms,14.239008,recorder
20260829-143116_perlmutter_c84bfd4a,l01_slipstream_trace-610042_b8_k8_isolated,isolated,flux,12,1,total_ms,14.78912,recorder
20260829-143116_perlmutter_c84bfd4a,l01_slipstream_trace-610042_b8_k8_isolated,isolated,flux,12,2,total_ms,13.879552,recorder
20260829-143116_perlmutter_c84bfd4a,l01_slipstream_trace-610042_b8_k8_isolated,isolated,flux,12,3,total_ms,13.761888,recorder
20260829-143116_perlmutter_c84bfd4a,l01_slipstream_trace-610042_b8_k8_isolated,isolated,flux,12,4,total_ms,14.631136,recorder
20260829-143116_perlmutter_c84bfd4a,l01_slipstream_trace-610042_b8_k8_isolated,isolated,flux,12,5,total_ms,14.418016,recorder
20260829-143116_perlmutter_c84bfd4a,l01_slipstream_trace-610042_b8_k8_isolated,isolated,flux,12,6,total_ms,14.607456,recorder
20260829-143116_perlmutter_c84bfd4a,l01_slipstream_trace-610042_b8_k8_isolated,isolated,flux,12,7,total_ms,14.128128,recorder
20260829-143116_perlmutter_c84bfd4a,l01_slipstream_trace-610042_b8_k8_isolated,isolated,flux,12,8,total_ms,13.976544,recorder
20260829-143116_perlmutter_c84bfd4a,l01_slipstream_trace-610042_b8_k8_isolated,isolated,flux,12,9,total_ms,13.992864,recorder
20260829-143116_perlmutter_c84bfd4a,l01_slipstream_trace-610042_b8_k8_isolated,isolated,flux,12,0,iso_sync_ms,12.912278,recorder
20260829-143116_perlmutter_c84bfd4a,l01_slipstream_trace-610042_b8_k8_isolated,isolated,flux,12,1,iso_sync_ms,13.000219,recorder
20260829-143116_perlmutter_c84bfd4a,l01_slipstream_trace-610042_b8_k8_isolated,isolated,flux,12,2,iso_sync_ms,13.454938,recorder
20260829-143116_perlmutter_c84bfd4a,l01_slipstream_trace-610042_b8_k8_isolated,isolated,flux,12,3,iso_sync_ms,12.352746,recorder
20260829-143116_perlmutter_c84bfd4a,l01_slipstream_trace-610042_b8_k8_isolated,isolated,flux,12,4,iso_sync_ms,12.709306,recorder
20260829-143116_perlmutter_c84bfd4a,l01_slipstream_trace-610042_b8_k8_isolated,isolated,flux,12,5,iso_sync_ms,12.254647,recorder
20260829-143116_perlmutter_c84bfd4a,l01_slipstream_trace-610042_b8_k8_isolated,isolated,flux,12,6,iso_sync_ms,12.823065,recorder
20260829-143116_perlmutter_c84bfd4a,l01_slipstream_trace-610042_b8_k8_isolated,isolated,flux,12,7,iso_sync_ms,12.743111,recorder
20260829-143116_perlmutter_c84bfd4a,l01_slipstream_trace-610042_b8_k8_isolated,isolated,flux,12,8,iso_sync_ms,12.288722,recorder
20260829-143116_perlmutter_c84bfd4a,l01_slipstream_trace-610042_b8_k8_isolated,isolated,flux,12,9,iso_sync_ms,12.508818,recorder
20260829-143116_perlmutter_c84bfd4a,l01_slipstream_trace-610042_b8_k8_isolated,isolated,flux,13,0,e2e_ms,13.313248,recorder
20260829-143116_perlmutter_c84bfd4a,l01_slipstream_trace-610042_b8_k8_isolated,isolated,flux,13,1,e2e_ms,13.919648,recorder
20260829-143116_perlmutter_c84bfd4a,l01_slipstream_trace-610042_b8_k8_isolated,isolated,flux,13,2,e2e_ms,13.009376,recorder
20260829-143116_perlmutter_c84bfd4a,l01_slipstream_trace-610042_b8_k8_isolated,isolated,flux,13,3,e2e_ms,12.909728,recorder
20260829-143116_perlmutter_c84bfd4a,l01_slipstream_trace-610042_b8_k8_isolated,isolated,flux,13,4,e2e_ms,13.186944,recorder
20260829-143116_perlmutter_c84bfd4a,l01_slipstream_trace-610042_b8_k8_isolated,isolated,flux,13,5,e2e_ms,13.228768,recorder
20260829-143116_perlmutter_c84bfd4a,l01_slipstream_trace-610042_b8_k8_isolated,isolated,flux,13,6,e2e_ms,13.327648,recorder
20260829-143116_perlmutter_c84bfd4a,l01_slipstream_trace-610042_b8_k8_isolated,isolated,flux,13,7,e2e_ms,13.268384,recorder
20260829-143116_perlmutter_c84bfd4a,l01_slipstream_trace-610042_b8_k8_isolated,isolated,flux,13,8,e2e_ms,13.099808,recorder
20260829-143116_perlmutter_c84bfd4a,l01_slipstream_trace-610042_b8_k8_isolated,isolated,flux,13,9,e2e_ms,12.750496,recorder
20260829-143116_perlmutter_c84bfd4a,l01_slipstream_trace-610042_b8_k8_isolated,isolated,flux,13,0,l0_ms,6.277728,recorder
20260829-143116_perlmutter_c84bfd4a,l01_slipstream_trace-610042_b8_k8_isolated,isolated,flux,13,1,l0_ms,6.448704,recorder
20260829-143116_perlmutter_c84bfd4a,l01_slipstream_trace-610042_b8_k8_isolated,isolated,flux,13,2,l0_ms,6.28544,recorder
20260829-143116_perlmutter_c84bfd4a,l01_slipstream_trace-610042_b8_k8_isolated,isolated,flux,13,3,l0_ms,6.082528,recorder
20260829-143116_perlmutter_c84bfd4a,l01_slipstream_trace-610042_b8_k8_isolated,isolated,flux,13,4,l0_ms,6.140576,recorder
20260829-143116_perlmutter_c84bfd4a,l01_slipstream_trace-610042_b8_k8_isolated,isolated,flux,13,5,l0_ms,6.32448,recorder
20260829-143116_perlmutter_c84bfd4a,l01_slipstream_trace-610042_b8_k8_isolated,isolated,flux,13,6,l0_ms,6.293344,recorder
20260829-143116_perlmutter_c84bfd4a,l01_slipstream_trace-610042_b8_k8_isolated,isolated,flux,13,7,l0_ms,6.274816,recorder
20260829-143116_perlmutter_c84bfd4a,l01_slipstream_trace-610042_b8_k8_isolated,isolated,flux,13,8,l0_ms,6.24064,recorder
20260829-143116_perlmutter_c84bfd4a,l01_slipstream_trace-610042_b8_k8_isolated,isolated,flux,13,9,l0_ms,5.845152,recorder
20260829-143116_perlmutter_c84bfd4a,l01_slipstream_trace-610042_b8_k8_isolated,isolated,flux,13,0,act_ms,0.026624,recorder
20260829-143116_perlmutter_c84bfd4a,l01_slipstream_trace-610042_b8_k8_isolated,isolated,flux,13,1,act_ms,0.026816,recorder
20260829-143116_perlmutter_c84bfd4a,l01_slipstream_trace-610042_b8_k8_isolated,isolated,flux,13,2,act_ms,0.02448,recorder
20260829-143116_perlmutter_c84bfd4a,l01_slipstream_trace-610042_b8_k8_isolated,isolated,flux,13,3,act_ms,0.026016,recorder
20260829-143116_perlmutter_c84bfd4a,l01_slipstream_trace-610042_b8_k8_isolated,isolated,flux,13,4,act_ms,0.024224,recorder
20260829-143116_perlmutter_c84bfd4a,l01_slipstream_trace-610042_b8_k8_isolated,isolated,flux,13,5,act_ms,0.024,recorder
20260829-143116_perlmutter_c84bfd4a,l01_slipstream_trace-610042_b8_k8_isolated,isolated,flux,13,6,act_ms,0.026464,recorder
20260829-143116_perlmutter_c84bfd4a,l01_slipstream_trace-610042_b8_k8_isolated,isolated,flux,13,7,act_ms,0.026816,recorder
20260829-143116_perlmutter_c84bfd4a,l01_slipstream_trace-610042_b8_k8_isolated,isolated,flux,13,8,act_ms,0.024992,recorder
20260829-143116_perlmutter_c84bfd4a,l01_slipstream_trace-610042_b8_k8_isolated,isolated,flux,13,9,act_ms,0.025856,recorder
20260829-143116_perlmutter_c84bfd4a,l01_slipstream_trace-610042_b8_k8_isolated,isolated,flux,13,0,l1_ms,7.008896,recorder
20260829-143116_perlmutter_c84bfd4a,l01_slipstream_trace-610042_b8_k8_isolated,isolated,flux,13,1,l1_ms,7.444128,recorder
20260829-143116_perlmutter_c84bfd4a,l01_slipstream_trace-610042_b8_k8_isolated,isolated,flux,13,2,l1_ms,6.699456,recorder
20260829-143116_perlmutter_c84bfd4a,l01_slipstream_trace-610042_b8_k8_isolated,isolated,flux,13,3,l1_ms,6.801184,recorder
20260829-143116_perlmutter_c84bfd4a,l01_slipstream_trace-610042_b8_k8_isolated,isolated,flux,13,4,l1_ms,7.022144,recorder
20260829-143116_perlmutter_c84bfd4a,l01_slipstream_trace-610042_b8_k8_isolated,isolated,flux,13,5,l1_ms,6.880288,recorder
20260829-143116_perlmutter_c84bfd4a,l01_slipstream_trace-610042_b8_k8_isolated,isolated,flux,13,6,l1_ms,7.00784,recorder
20260829-143116_perlmutter_c84bfd4a,l01_slipstream_trace-610042_b8_k8_isolated,isolated,flux,13,7,l1_ms,6.966752,recorder
20260829-143116_perlmutter_c84bfd4a,l01_slipstream_trace-610042_b8_k8_isolated,isolated,flux,13,8,l1_ms,6.834176,recorder
20260829-143116_perlmutter_c84bfd4a,l01_slipstream_trace-610042_b8_k8_isolated,isolated,flux,13,9,l1_ms,6.879488,recorder
20260829-143116_perlmutter_c84bfd4a,l01_slipstream_trace-610042_b8_k8_isolated,isolated,flux,13,0,plan_comm_ms,0.309664,recorder
20260829-143116_perlmutter_c84bfd4a,l01_slipstream_trace-610042_b8_k8_isolated,isolated,flux,13,1,plan_comm_ms,0.258208,recorder
20260829-143116_perlmutter_c84bfd4a,l01_slipstream_trace-610042_b8_k8_isolated,isolated,flux,13,2,plan_comm_ms,0.25248,recorder
20260829-143116_perlmutter_c84bfd4a,l01_slipstream_trace-610042_b8_k8_isolated,isolated,flux,13,3,plan_comm_ms,0.249216,recorder
20260829-143116_perlmutter_c84bfd4a,l01_slipstream_trace-610042_b8_k8_isolated,isolated,flux,13,4,plan_comm_ms,0.834624,recorder
20260829-143116_perlmutter_c84bfd4a,l01_slipstream_trace-610042_b8_k8_isolated,isolated,flux,13,5,plan_comm_ms,0.588832,recorder
20260829-143116_perlmutter_c84bfd4a,l01_slipstream_trace-610042_b8_k8_isolated,isolated,flux,13,6,plan_comm_ms,0.677856,recorder
20260829-143116_perlmutter_c84bfd4a,l01_slipstream_trace-610042_b8_k8_isolated,isolated,flux,13,7,plan_comm_ms,0.241344,recorder
20260829-143116_perlmutter_c84bfd4a,l01_slipstream_trace-610042_b8_k8_isolated,isolated,flux,13,8,plan_comm_ms,0.258496,recorder
20260829-143116_perlmutter_c84bfd4a,l01_slipstream_trace-610042_b8_k8_isolated,isolated,flux,13,9,plan_comm_ms,0.633376,recorder
20260829-143116_perlmutter_c84bfd4a,l01_slipstream_trace-610042_b8_k8_isolated,isolated,flux,13,0,plan_ms,0.622688,recorder
20260829-143116_perlmutter_c84bfd4a,l01_slipstream_trace-610042_b8_k8_isolated,isolated,flux,13,1,plan_ms,0.615968,recorder
20260829-143116_perlmutter_c84bfd4a,l01_slipstream_trace-610042_b8_k8_isolated,isolated,flux,13,2,plan_ms,0.621088,recorder
20260829-143116_perlmutter_c84bfd4a,l01_slipstream_trace-610042_b8_k8_isolated,isolated,flux,13,3,plan_ms,0.616416,recorder
20260829-143116_perlmutter_c84bfd4a,l01_slipstream_trace-610042_b8_k8_isolated,isolated,flux,13,4,plan_ms,0.617856,recorder
20260829-143116_perlmutter_c84bfd4a,l01_slipstream_trace-610042_b8_k8_isolated,isolated,flux,13,5,plan_ms,0.612224,recorder
20260829-143116_perlmutter_c84bfd4a,l01_slipstream_trace-610042_b8_k8_isolated,isolated,flux,13,6,plan_ms,0.611968,recorder
20260829-143116_perlmutter_c84bfd4a,l01_slipstream_trace-610042_b8_k8_isolated,isolated,flux,13,7,plan_ms,0.618272,recorder
20260829-143116_perlmutter_c84bfd4a,l01_slipstream_trace-610042_b8_k8_isolated,isolated,flux,13,8,plan_ms,0.616736,recorder
20260829-143116_perlmutter_c84bfd4a,l01_slipstream_trace-610042_b8_k8_isolated,isolated,flux,13,9,plan_ms,0.610496,recorder
20260829-143116_perlmutter_c84bfd4a,l01_slipstream_trace-610042_b8_k8_isolated,isolated,flux,13,0,total_ms,14.247904,recorder
20260829-143116_perlmutter_c84bfd4a,l01_slipstream_trace-610042_b8_k8_isolated,isolated,flux,13,1,total_ms,14.796128,recorder
20260829-143116_perlmutter_c84bfd4a,l01_slipstream_trace-610042_b8_k8_isolated,isolated,flux,13,2,total_ms,13.885248,recorder
20260829-143116_perlmutter_c84bfd4a,l01_slipstream_trace-610042_b8_k8_isolated,isolated,flux,13,3,total_ms,13.777664,recorder
20260829-143116_perlmutter_c84bfd4a,l01_slipstream_trace-610042_b8_k8_isolated,isolated,flux,13,4,total_ms,14.64176,recorder
20260829-143116_perlmutter_c84bfd4a,l01_slipstream_trace-610042_b8_k8_isolated,isolated,flux,13,5,total_ms,14.432352,recorder
20260829-143116_perlmutter_c84bfd4a,l01_slipstream_trace-610042_b8_k8_isolated,isolated,flux,13,6,total_ms,14.619776,recorder
20260829-143116_perlmutter_c84bfd4a,l01_slipstream_trace-610042_b8_k8_isolated,isolated,flux,13,7,total_ms,14.130336,recorder
20260829-143116_perlmutter_c84bfd4a,l01_slipstream_trace-610042_b8_k8_isolated,isolated,flux,13,8,total_ms,13.977376,recorder
20260829-143116_perlmutter_c84bfd4a,l01_slipstream_trace-610042_b8_k8_isolated,isolated,flux,13,9,total_ms,13.996672,recorder
20260829-143116_perlmutter_c84bfd4a,l01_slipstream_trace-610042_b8_k8_isolated,isolated,flux,13,0,iso_sync_ms,12.84079,recorder
20260829-143116_perlmutter_c84bfd4a,l01_slipstream_trace-610042_b8_k8_isolated,isolated,flux,13,1,iso_sync_ms,12.971603,recorder
20260829-143116_perlmutter_c84bfd4a,l01_slipstream_trace-610042_b8_k8_isolated,isolated,flux,13,2,iso_sync_ms,13.44559,recorder
20260829-143116_perlmutter_c84bfd4a,l01_slipstream_trace-610042_b8_k8_isolated,isolated,flux,13,3,iso_sync_ms,12.332658,recorder
20260829-143116_perlmutter_c84bfd4a,l01_slipstream_trace-610042_b8_k8_isolated,isolated,flux,13,4,iso_sync_ms,12.579575,recorder
20260829-143116_perlmutter_c84bfd4a,l01_slipstream_trace-610042_b8_k8_isolated,isolated,flux,13,5,iso_sync_ms,12.207736,recorder
20260829-143116_perlmutter_c84bfd4a,l01_slipstream_trace-610042_b8_k8_isolated,isolated,flux,13,6,iso_sync_ms,12.800432,recorder
20260829-143116_perlmutter_c84bfd4a,l01_slipstream_trace-610042_b8_k8_isolated,isolated,flux,13,7,iso_sync_ms,12.753891,recorder
20260829-143116_perlmutter_c84bfd4a,l01_slipstream_trace-610042_b8_k8_isolated,isolated,flux,13,8,iso_sync_ms,12.343619,recorder
20260829-143116_perlmutter_c84bfd4a,l01_slipstream_trace-610042_b8_k8_isolated,isolated,flux,13,9,iso_sync_ms,12.475264,recorder
20260829-143116_perlmutter_c84bfd4a,l01_slipstream_trace-610042_b8_k8_isolated,isolated,flux,14,0,e2e_ms,13.30768,recorder
20260829-143116_perlmutter_c84bfd4a,l01_slipstream_trace-610042_b8_k8_isolated,isolated,flux,14,1,e2e_ms,13.914304,recorder
20260829-143116_perlmutter_c84bfd4a,l01_slipstream_trace-610042_b8_k8_isolated,isolated,flux,14,2,e2e_ms,13.01312,recorder
20260829-143116_perlmutter_c84bfd4a,l01_slipstream_trace-610042_b8_k8_isolated,isolated,flux,14,3,e2e_ms,12.906144,recorder
20260829-143116_perlmutter_c84bfd4a,l01_slipstream_trace-610042_b8_k8_isolated,isolated,flux,14,4,e2e_ms,13.191264,recorder
20260829-143116_perlmutter_c84bfd4a,l01_slipstream_trace-610042_b8_k8_isolated,isolated,flux,14,5,e2e_ms,13.233632,recorder
20260829-143116_perlmutter_c84bfd4a,l01_slipstream_trace-610042_b8_k8_isolated,isolated,flux,14,6,e2e_ms,13.323392,recorder
20260829-143116_perlmutter_c84bfd4a,l01_slipstream_trace-610042_b8_k8_isolated,isolated,flux,14,7,e2e_ms,13.268416,recorder
20260829-143116_perlmutter_c84bfd4a,l01_slipstream_trace-610042_b8_k8_isolated,isolated,flux,14,8,e2e_ms,13.090048,recorder
20260829-143116_perlmutter_c84bfd4a,l01_slipstream_trace-610042_b8_k8_isolated,isolated,flux,14,9,e2e_ms,12.736064,recorder
20260829-143116_perlmutter_c84bfd4a,l01_slipstream_trace-610042_b8_k8_isolated,isolated,flux,14,0,l0_ms,6.306144,recorder
20260829-143116_perlmutter_c84bfd4a,l01_slipstream_trace-610042_b8_k8_isolated,isolated,flux,14,1,l0_ms,6.448512,recorder
20260829-143116_perlmutter_c84bfd4a,l01_slipstream_trace-610042_b8_k8_isolated,isolated,flux,14,2,l0_ms,6.297472,recorder
20260829-143116_perlmutter_c84bfd4a,l01_slipstream_trace-610042_b8_k8_isolated,isolated,flux,14,3,l0_ms,6.09456,recorder
20260829-143116_perlmutter_c84bfd4a,l01_slipstream_trace-610042_b8_k8_isolated,isolated,flux,14,4,l0_ms,6.141088,recorder
20260829-143116_perlmutter_c84bfd4a,l01_slipstream_trace-610042_b8_k8_isolated,isolated,flux,14,5,l0_ms,6.325536,recorder
20260829-143116_perlmutter_c84bfd4a,l01_slipstream_trace-610042_b8_k8_isolated,isolated,flux,14,6,l0_ms,6.303488,recorder
20260829-143116_perlmutter_c84bfd4a,l01_slipstream_trace-610042_b8_k8_isolated,isolated,flux,14,7,l0_ms,6.263072,recorder
20260829-143116_perlmutter_c84bfd4a,l01_slipstream_trace-610042_b8_k8_isolated,isolated,flux,14,8,l0_ms,6.21296,recorder
20260829-143116_perlmutter_c84bfd4a,l01_slipstream_trace-610042_b8_k8_isolated,isolated,flux,14,9,l0_ms,5.84656,recorder
20260829-143116_perlmutter_c84bfd4a,l01_slipstream_trace-610042_b8_k8_isolated,isolated,flux,14,0,act_ms,0.03728,recorder
20260829-143116_perlmutter_c84bfd4a,l01_slipstream_trace-610042_b8_k8_isolated,isolated,flux,14,1,act_ms,0.0384,recorder
20260829-143116_perlmutter_c84bfd4a,l01_slipstream_trace-610042_b8_k8_isolated,isolated,flux,14,2,act_ms,0.036,recorder
20260829-143116_perlmutter_c84bfd4a,l01_slipstream_trace-610042_b8_k8_isolated,isolated,flux,14,3,act_ms,0.036704,recorder
20260829-143116_perlmutter_c84bfd4a,l01_slipstream_trace-610042_b8_k8_isolated,isolated,flux,14,4,act_ms,0.03744,recorder
20260829-143116_perlmutter_c84bfd4a,l01_slipstream_trace-610042_b8_k8_isolated,isolated,flux,14,5,act_ms,0.036,recorder
20260829-143116_perlmutter_c84bfd4a,l01_slipstream_trace-610042_b8_k8_isolated,isolated,flux,14,6,act_ms,0.037952,recorder
20260829-143116_perlmutter_c84bfd4a,l01_slipstream_trace-610042_b8_k8_isolated,isolated,flux,14,7,act_ms,0.03936,recorder
20260829-143116_perlmutter_c84bfd4a,l01_slipstream_trace-610042_b8_k8_isolated,isolated,flux,14,8,act_ms,0.036064,recorder
20260829-143116_perlmutter_c84bfd4a,l01_slipstream_trace-610042_b8_k8_isolated,isolated,flux,14,9,act_ms,0.035808,recorder
20260829-143116_perlmutter_c84bfd4a,l01_slipstream_trace-610042_b8_k8_isolated,isolated,flux,14,0,l1_ms,6.964256,recorder
20260829-143116_perlmutter_c84bfd4a,l01_slipstream_trace-610042_b8_k8_isolated,isolated,flux,14,1,l1_ms,7.427392,recorder
20260829-143116_perlmutter_c84bfd4a,l01_slipstream_trace-610042_b8_k8_isolated,isolated,flux,14,2,l1_ms,6.679648,recorder
20260829-143116_perlmutter_c84bfd4a,l01_slipstream_trace-610042_b8_k8_isolated,isolated,flux,14,3,l1_ms,6.77488,recorder
20260829-143116_perlmutter_c84bfd4a,l01_slipstream_trace-610042_b8_k8_isolated,isolated,flux,14,4,l1_ms,7.012736,recorder
20260829-143116_perlmutter_c84bfd4a,l01_slipstream_trace-610042_b8_k8_isolated,isolated,flux,14,5,l1_ms,6.872096,recorder
20260829-143116_perlmutter_c84bfd4a,l01_slipstream_trace-610042_b8_k8_isolated,isolated,flux,14,6,l1_ms,6.981952,recorder
20260829-143116_perlmutter_c84bfd4a,l01_slipstream_trace-610042_b8_k8_isolated,isolated,flux,14,7,l1_ms,6.965984,recorder
20260829-143116_perlmutter_c84bfd4a,l01_slipstream_trace-610042_b8_k8_isolated,isolated,flux,14,8,l1_ms,6.841024,recorder
20260829-143116_perlmutter_c84bfd4a,l01_slipstream_trace-610042_b8_k8_isolated,isolated,flux,14,9,l1_ms,6.853696,recorder
20260829-143116_perlmutter_c84bfd4a,l01_slipstream_trace-610042_b8_k8_isolated,isolated,flux,14,0,plan_comm_ms,0.306656,recorder
20260829-143116_perlmutter_c84bfd4a,l01_slipstream_trace-610042_b8_k8_isolated,isolated,flux,14,1,plan_comm_ms,0.248832,recorder
20260829-143116_perlmutter_c84bfd4a,l01_slipstream_trace-610042_b8_k8_isolated,isolated,flux,14,2,plan_comm_ms,0.251552,recorder
20260829-143116_perlmutter_c84bfd4a,l01_slipstream_trace-610042_b8_k8_isolated,isolated,flux,14,3,plan_comm_ms,0.249696,recorder
20260829-143116_perlmutter_c84bfd4a,l01_slipstream_trace-610042_b8_k8_isolated,isolated,flux,14,4,plan_comm_ms,0.833152,recorder
20260829-143116_perlmutter_c84bfd4a,l01_slipstream_trace-610042_b8_k8_isolated,isolated,flux,14,5,plan_comm_ms,0.582464,recorder
20260829-143116_perlmutter_c84bfd4a,l01_slipstream_trace-610042_b8_k8_isolated,isolated,flux,14,6,plan_comm_ms,0.676704,recorder
20260829-143116_perlmutter_c84bfd4a,l01_slipstream_trace-610042_b8_k8_isolated,isolated,flux,14,7,plan_comm_ms,0.250176,recorder
20260829-143116_perlmutter_c84bfd4a,l01_slipstream_trace-610042_b8_k8_isolated,isolated,flux,14,8,plan_comm_ms,0.253856,recorder
20260829-143116_perlmutter_c84bfd4a,l01_slipstream_trace-610042_b8_k8_isolated,isolated,flux,14,9,plan_comm_ms,0.634976,recorder
20260829-143116_perlmutter_c84bfd4a,l01_slipstream_trace-610042_b8_k8_isolated,isolated,flux,14,0,plan_ms,0.62752,recorder
20260829-143116_perlmutter_c84bfd4a,l01_slipstream_trace-610042_b8_k8_isolated,isolated,flux,14,1,plan_ms,0.6248,recorder
20260829-143116_perlmutter_c84bfd4a,l01_slipstream_trace-610042_b8_k8_isolated,isolated,flux,14,2,plan_ms,0.620672,recorder
20260829-143116_perlmutter_c84bfd4a,l01_slipstream_trace-610042_b8_k8_isolated,isolated,flux,14,3,plan_ms,0.62192,recorder
20260829-143116_perlmutter_c84bfd4a,l01_slipstream_trace-610042_b8_k8_isolated,isolated,flux,14,4,plan_ms,0.62176,recorder
20260829-143116_perlmutter_c84bfd4a,l01_slipstream_trace-610042_b8_k8_isolated,isolated,flux,14,5,plan_ms,0.619328,recorder
20260829-143116_perlmutter_c84bfd4a,l01_slipstream_trace-610042_b8_k8_isolated,isolated,flux,14,6,plan_ms,0.624704,recorder
20260829-143116_perlmutter_c84bfd4a,l01_slipstream_trace-610042_b8_k8_isolated,isolated,flux,14,7,plan_ms,0.623424,recorder
20260829-143116_perlmutter_c84bfd4a,l01_slipstream_trace-610042_b8_k8_isolated,isolated,flux,14,8,plan_ms,0.630336,recorder
20260829-143116_perlmutter_c84bfd4a,l01_slipstream_trace-610042_b8_k8_isolated,isolated,flux,14,9,plan_ms,0.623744,recorder
20260829-143116_perlmutter_c84bfd4a,l01_slipstream_trace-610042_b8_k8_isolated,isolated,flux,14,0,total_ms,14.244384,recorder
20260829-143116_perlmutter_c84bfd4a,l01_slipstream_trace-610042_b8_k8_isolated,isolated,flux,14,1,total_ms,14.790304,recorder
20260829-143116_perlmutter_c84bfd4a,l01_slipstream_trace-610042_b8_k8_isolated,isolated,flux,14,2,total_ms,13.887712,recorder
20260829-143116_perlmutter_c84bfd4a,l01_slipstream_trace-610042_b8_k8_isolated,isolated,flux,14,3,total_ms,13.780128,recorder
20260829-143116_perlmutter_c84bfd4a,l01_slipstream_trace-610042_b8_k8_isolated,isolated,flux,14,4,total_ms,14.648512,recorder
20260829-143116_perlmutter_c84bfd4a,l01_slipstream_trace-610042_b8_k8_isolated,isolated,flux,14,5,total_ms,14.43776,recorder
20260829-143116_perlmutter_c84bfd4a,l01_slipstream_trace-610042_b8_k8_isolated,isolated,flux,14,6,total_ms,14.627168,recorder
20260829-143116_perlmutter_c84bfd4a,l01_slipstream_trace-610042_b8_k8_isolated,isolated,flux,14,7,total_ms,14.144352,recorder
20260829-143116_perlmutter_c84bfd4a,l01_slipstream_trace-610042_b8_k8_isolated,isolated,flux,14,8,total_ms,13.976608,recorder
20260829-143116_perlmutter_c84bfd4a,l01_slipstream_trace-610042_b8_k8_isolated,isolated,flux,14,9,total_ms,13.99712,recorder
20260829-143116_perlmutter_c84bfd4a,l01_slipstream_trace-610042_b8_k8_isolated,isolated,flux,14,0,iso_sync_ms,12.86684,recorder
20260829-143116_perlmutter_c84bfd4a,l01_slipstream_trace-610042_b8_k8_isolated,isolated,flux,14,1,iso_sync_ms,12.980289,recorder
20260829-143116_perlmutter_c84bfd4a,l01_slipstream_trace-610042_b8_k8_isolated,isolated,flux,14,2,iso_sync_ms,13.452733,recorder
20260829-143116_perlmutter_c84bfd4a,l01_slipstream_trace-610042_b8_k8_isolated,isolated,flux,14,3,iso_sync_ms,12.326114,recorder
20260829-143116_perlmutter_c84bfd4a,l01_slipstream_trace-610042_b8_k8_isolated,isolated,flux,14,4,iso_sync_ms,12.648087,recorder
20260829-143116_perlmutter_c84bfd4a,l01_slipstream_trace-610042_b8_k8_isolated,isolated,flux,14,5,iso_sync_ms,12.206654,recorder
20260829-143116_perlmutter_c84bfd4a,l01_slipstream_trace-610042_b8_k8_isolated,isolated,flux,14,6,iso_sync_ms,12.807185,recorder
20260829-143116_perlmutter_c84bfd4a,l01_slipstream_trace-610042_b8_k8_isolated,isolated,flux,14,7,iso_sync_ms,12.723814,recorder
20260829-143116_perlmutter_c84bfd4a,l01_slipstream_trace-610042_b8_k8_isolated,isolated,flux,14,8,iso_sync_ms,12.332116,recorder
20260829-143116_perlmutter_c84bfd4a,l01_slipstream_trace-610042_b8_k8_isolated,isolated,flux,14,9,iso_sync_ms,12.505662,recorder
20260829-143116_perlmutter_c84bfd4a,l01_slipstream_trace-610042_b8_k8_isolated,isolated,flux,15,0,e2e_ms,13.332544,recorder
20260829-143116_perlmutter_c84bfd4a,l01_slipstream_trace-610042_b8_k8_isolated,isolated,flux,15,1,e2e_ms,13.919424,recorder
20260829-143116_perlmutter_c84bfd4a,l01_slipstream_trace-610042_b8_k8_isolated,isolated,flux,15,2,e2e_ms,13.000128,recorder
20260829-143116_perlmutter_c84bfd4a,l01_slipstream_trace-610042_b8_k8_isolated,isolated,flux,15,3,e2e_ms,12.896064,recorder
20260829-143116_perlmutter_c84bfd4a,l01_slipstream_trace-610042_b8_k8_isolated,isolated,flux,15,4,e2e_ms,13.183648,recorder
20260829-143116_perlmutter_c84bfd4a,l01_slipstream_trace-610042_b8_k8_isolated,isolated,flux,15,5,e2e_ms,13.22224,recorder
20260829-143116_perlmutter_c84bfd4a,l01_slipstream_trace-610042_b8_k8_isolated,isolated,flux,15,6,e2e_ms,13.3392,recorder
20260829-143116_perlmutter_c84bfd4a,l01_slipstream_trace-610042_b8_k8_isolated,isolated,flux,15,7,e2e_ms,13.262624,recorder
20260829-143116_perlmutter_c84bfd4a,l01_slipstream_trace-610042_b8_k8_isolated,isolated,flux,15,8,e2e_ms,13.107264,recorder
20260829-143116_perlmutter_c84bfd4a,l01_slipstream_trace-610042_b8_k8_isolated,isolated,flux,15,9,e2e_ms,12.726944,recorder
20260829-143116_perlmutter_c84bfd4a,l01_slipstream_trace-610042_b8_k8_isolated,isolated,flux,15,0,l0_ms,6.322272,recorder
20260829-143116_perlmutter_c84bfd4a,l01_slipstream_trace-610042_b8_k8_isolated,isolated,flux,15,1,l0_ms,6.445216,recorder
20260829-143116_perlmutter_c84bfd4a,l01_slipstream_trace-610042_b8_k8_isolated,isolated,flux,15,2,l0_ms,6.271136,recorder
20260829-143116_perlmutter_c84bfd4a,l01_slipstream_trace-610042_b8_k8_isolated,isolated,flux,15,3,l0_ms,6.088768,recorder
20260829-143116_perlmutter_c84bfd4a,l01_slipstream_trace-610042_b8_k8_isolated,isolated,flux,15,4,l0_ms,6.139744,recorder
20260829-143116_perlmutter_c84bfd4a,l01_slipstream_trace-610042_b8_k8_isolated,isolated,flux,15,5,l0_ms,6.319104,recorder
20260829-143116_perlmutter_c84bfd4a,l01_slipstream_trace-610042_b8_k8_isolated,isolated,flux,15,6,l0_ms,6.327488,recorder
20260829-143116_perlmutter_c84bfd4a,l01_slipstream_trace-610042_b8_k8_isolated,isolated,flux,15,7,l0_ms,6.257984,recorder
20260829-143116_perlmutter_c84bfd4a,l01_slipstream_trace-610042_b8_k8_isolated,isolated,flux,15,8,l0_ms,6.227648,recorder
20260829-143116_perlmutter_c84bfd4a,l01_slipstream_trace-610042_b8_k8_isolated,isolated,flux,15,9,l0_ms,5.833088,recorder
20260829-143116_perlmutter_c84bfd4a,l01_slipstream_trace-610042_b8_k8_isolated,isolated,flux,15,0,act_ms,0.0288,recorder
20260829-143116_perlmutter_c84bfd4a,l01_slipstream_trace-610042_b8_k8_isolated,isolated,flux,15,1,act_ms,0.027712,recorder
20260829-143116_perlmutter_c84bfd4a,l01_slipstream_trace-610042_b8_k8_isolated,isolated,flux,15,2,act_ms,0.028224,recorder
20260829-143116_perlmutter_c84bfd4a,l01_slipstream_trace-610042_b8_k8_isolated,isolated,flux,15,3,act_ms,0.02688,recorder
20260829-143116_perlmutter_c84bfd4a,l01_slipstream_trace-610042_b8_k8_isolated,isolated,flux,15,4,act_ms,0.026464,recorder
20260829-143116_perlmutter_c84bfd4a,l01_slipstream_trace-610042_b8_k8_isolated,isolated,flux,15,5,act_ms,0.027904,recorder
20260829-143116_perlmutter_c84bfd4a,l01_slipstream_trace-610042_b8_k8_isolated,isolated,flux,15,6,act_ms,0.028192,recorder
20260829-143116_perlmutter_c84bfd4a,l01_slipstream_trace-610042_b8_k8_isolated,isolated,flux,15,7,act_ms,0.028,recorder
20260829-143116_perlmutter_c84bfd4a,l01_slipstream_trace-610042_b8_k8_isolated,isolated,flux,15,8,act_ms,0.027776,recorder
20260829-143116_perlmutter_c84bfd4a,l01_slipstream_trace-610042_b8_k8_isolated,isolated,flux,15,9,act_ms,0.027232,recorder
20260829-143116_perlmutter_c84bfd4a,l01_slipstream_trace-610042_b8_k8_isolated,isolated,flux,15,0,l1_ms,6.981472,recorder
20260829-143116_perlmutter_c84bfd4a,l01_slipstream_trace-610042_b8_k8_isolated,isolated,flux,15,1,l1_ms,7.446496,recorder
20260829-143116_perlmutter_c84bfd4a,l01_slipstream_trace-610042_b8_k8_isolated,isolated,flux,15,2,l1_ms,6.700768,recorder
20260829-143116_perlmutter_c84bfd4a,l01_slipstream_trace-610042_b8_k8_isolated,isolated,flux,15,3,l1_ms,6.780416,recorder
20260829-143116_perlmutter_c84bfd4a,l01_slipstream_trace-610042_b8_k8_isolated,isolated,flux,15,4,l1_ms,7.01744,recorder
20260829-143116_perlmutter_c84bfd4a,l01_slipstream_trace-610042_b8_k8_isolated,isolated,flux,15,5,l1_ms,6.875232,recorder
20260829-143116_perlmutter_c84bfd4a,l01_slipstream_trace-610042_b8_k8_isolated,isolated,flux,15,6,l1_ms,6.98352,recorder
20260829-143116_perlmutter_c84bfd4a,l01_slipstream_trace-610042_b8_k8_isolated,isolated,flux,15,7,l1_ms,6.97664,recorder
20260829-143116_perlmutter_c84bfd4a,l01_slipstream_trace-610042_b8_k8_isolated,isolated,flux,15,8,l1_ms,6.85184,recorder
20260829-143116_perlmutter_c84bfd4a,l01_slipstream_trace-610042_b8_k8_isolated,isolated,flux,15,9,l1_ms,6.866624,recorder
20260829-143116_perlmutter_c84bfd4a,l01_slipstream_trace-610042_b8_k8_isolated,isolated,flux,15,0,plan_comm_ms,0.284224,recorder
20260829-143116_perlmutter_c84bfd4a,l01_slipstream_trace-610042_b8_k8_isolated,isolated,flux,15,1,plan_comm_ms,0.246592,recorder
20260829-143116_perlmutter_c84bfd4a,l01_slipstream_trace-610042_b8_k8_isolated,isolated,flux,15,2,plan_comm_ms,0.251392,recorder
20260829-143116_perlmutter_c84bfd4a,l01_slipstream_trace-610042_b8_k8_isolated,isolated,flux,15,3,plan_comm_ms,0.252256,recorder
20260829-143116_perlmutter_c84bfd4a,l01_slipstream_trace-610042_b8_k8_isolated,isolated,flux,15,4,plan_comm_ms,0.82224,recorder
20260829-143116_perlmutter_c84bfd4a,l01_slipstream_trace-610042_b8_k8_isolated,isolated,flux,15,5,plan_comm_ms,0.576384,recorder
20260829-143116_perlmutter_c84bfd4a,l01_slipstream_trace-610042_b8_k8_isolated,isolated,flux,15,6,plan_comm_ms,0.648544,recorder
20260829-143116_perlmutter_c84bfd4a,l01_slipstream_trace-610042_b8_k8_isolated,isolated,flux,15,7,plan_comm_ms,0.25328,recorder
20260829-143116_perlmutter_c84bfd4a,l01_slipstream_trace-610042_b8_k8_isolated,isolated,flux,15,8,plan_comm_ms,0.243968,recorder
20260829-143116_perlmutter_c84bfd4a,l01_slipstream_trace-610042_b8_k8_isolated,isolated,flux,15,9,plan_comm_ms,0.645632,recorder
20260829-143116_perlmutter_c84bfd4a,l01_slipstream_trace-610042_b8_k8_isolated,isolated,flux,15,0,plan_ms,0.636384,recorder
20260829-143116_perlmutter_c84bfd4a,l01_slipstream_trace-610042_b8_k8_isolated,isolated,flux,15,1,plan_ms,0.634112,recorder
20260829-143116_perlmutter_c84bfd4a,l01_slipstream_trace-610042_b8_k8_isolated,isolated,flux,15,2,plan_ms,0.637504,recorder
20260829-143116_perlmutter_c84bfd4a,l01_slipstream_trace-610042_b8_k8_isolated,isolated,flux,15,3,plan_ms,0.632096,recorder
20260829-143116_perlmutter_c84bfd4a,l01_slipstream_trace-610042_b8_k8_isolated,isolated,flux,15,4,plan_ms,0.637504,recorder
20260829-143116_perlmutter_c84bfd4a,l01_slipstream_trace-610042_b8_k8_isolated,isolated,flux,15,5,plan_ms,0.636896,recorder
20260829-143116_perlmutter_c84bfd4a,l01_slipstream_trace-610042_b8_k8_isolated,isolated,flux,15,6,plan_ms,0.63536,recorder
20260829-143116_perlmutter_c84bfd4a,l01_slipstream_trace-610042_b8_k8_isolated,isolated,flux,15,7,plan_ms,0.63088,recorder
20260829-143116_perlmutter_c84bfd4a,l01_slipstream_trace-610042_b8_k8_isolated,isolated,flux,15,8,plan_ms,0.631616,recorder
20260829-143116_perlmutter_c84bfd4a,l01_slipstream_trace-610042_b8_k8_isolated,isolated,flux,15,9,plan_ms,0.629056,recorder
20260829-143116_perlmutter_c84bfd4a,l01_slipstream_trace-610042_b8_k8_isolated,isolated,flux,15,0,total_ms,14.255456,recorder
20260829-143116_perlmutter_c84bfd4a,l01_slipstream_trace-610042_b8_k8_isolated,isolated,flux,15,1,total_ms,14.802432,recorder
20260829-143116_perlmutter_c84bfd4a,l01_slipstream_trace-610042_b8_k8_isolated,isolated,flux,15,2,total_ms,13.891328,recorder
20260829-143116_perlmutter_c84bfd4a,l01_slipstream_trace-610042_b8_k8_isolated,isolated,flux,15,3,total_ms,13.78304,recorder
20260829-143116_perlmutter_c84bfd4a,l01_slipstream_trace-610042_b8_k8_isolated,isolated,flux,15,4,total_ms,14.645696,recorder
20260829-143116_perlmutter_c84bfd4a,l01_slipstream_trace-610042_b8_k8_isolated,isolated,flux,15,5,total_ms,14.437824,recorder
20260829-143116_perlmutter_c84bfd4a,l01_slipstream_trace-610042_b8_k8_isolated,isolated,flux,15,6,total_ms,14.625408,recorder
20260829-143116_perlmutter_c84bfd4a,l01_slipstream_trace-610042_b8_k8_isolated,isolated,flux,15,7,total_ms,14.149088,recorder
20260829-143116_perlmutter_c84bfd4a,l01_slipstream_trace-610042_b8_k8_isolated,isolated,flux,15,8,total_ms,13.985504,recorder
20260829-143116_perlmutter_c84bfd4a,l01_slipstream_trace-610042_b8_k8_isolated,isolated,flux,15,9,total_ms,14.003936,recorder
20260829-143116_perlmutter_c84bfd4a,l01_slipstream_trace-610042_b8_k8_isolated,isolated,flux,15,0,iso_sync_ms,12.895536,recorder
20260829-143116_perlmutter_c84bfd4a,l01_slipstream_trace-610042_b8_k8_isolated,isolated,flux,15,1,iso_sync_ms,13.013023,recorder
20260829-143116_perlmutter_c84bfd4a,l01_slipstream_trace-610042_b8_k8_isolated,isolated,flux,15,2,iso_sync_ms,13.461791,recorder
20260829-143116_perlmutter_c84bfd4a,l01_slipstream_trace-610042_b8_k8_isolated,isolated,flux,15,3,iso_sync_ms,12.351504,recorder
20260829-143116_perlmutter_c84bfd4a,l01_slipstream_trace-610042_b8_k8_isolated,isolated,flux,15,4,iso_sync_ms,12.652085,recorder
20260829-143116_perlmutter_c84bfd4a,l01_slipstream_trace-610042_b8_k8_isolated,isolated,flux,15,5,iso_sync_ms,12.262903,recorder
20260829-143116_perlmutter_c84bfd4a,l01_slipstream_trace-610042_b8_k8_isolated,isolated,flux,15,6,iso_sync_ms,12.795092,recorder
20260829-143116_perlmutter_c84bfd4a,l01_slipstream_trace-610042_b8_k8_isolated,isolated,flux,15,7,iso_sync_ms,12.741338,recorder
20260829-143116_perlmutter_c84bfd4a,l01_slipstream_trace-610042_b8_k8_isolated,isolated,flux,15,8,iso_sync_ms,12.366253,recorder
20260829-143116_perlmutter_c84bfd4a,l01_slipstream_trace-610042_b8_k8_isolated,isolated,flux,15,9,iso_sync_ms,12.529819,recorder
20260829-143116_perlmutter_c84bfd4a,l01_slipstream_trace-610042_b8_k8_isolated,isolated,flux,16,0,e2e_ms,13.343328,recorder
20260829-143116_perlmutter_c84bfd4a,l01_slipstream_trace-610042_b8_k8_isolated,isolated,flux,16,1,e2e_ms,13.926112,recorder
20260829-143116_perlmutter_c84bfd4a,l01_slipstream_trace-610042_b8_k8_isolated,isolated,flux,16,2,e2e_ms,13.004736,recorder
20260829-143116_perlmutter_c84bfd4a,l01_slipstream_trace-610042_b8_k8_isolated,isolated,flux,16,3,e2e_ms,12.919968,recorder
20260829-143116_perlmutter_c84bfd4a,l01_slipstream_trace-610042_b8_k8_isolated,isolated,flux,16,4,e2e_ms,13.208576,recorder
20260829-143116_perlmutter_c84bfd4a,l01_slipstream_trace-610042_b8_k8_isolated,isolated,flux,16,5,e2e_ms,13.249664,recorder
20260829-143116_perlmutter_c84bfd4a,l01_slipstream_trace-610042_b8_k8_isolated,isolated,flux,16,6,e2e_ms,13.356608,recorder
20260829-143116_perlmutter_c84bfd4a,l01_slipstream_trace-610042_b8_k8_isolated,isolated,flux,16,7,e2e_ms,13.297568,recorder
20260829-143116_perlmutter_c84bfd4a,l01_slipstream_trace-610042_b8_k8_isolated,isolated,flux,16,8,e2e_ms,13.106976,recorder
20260829-143116_perlmutter_c84bfd4a,l01_slipstream_trace-610042_b8_k8_isolated,isolated,flux,16,9,e2e_ms,12.74144,recorder
20260829-143116_perlmutter_c84bfd4a,l01_slipstream_trace-610042_b8_k8_isolated,isolated,flux,16,0,l0_ms,6.339712,recorder
20260829-143116_perlmutter_c84bfd4a,l01_slipstream_trace-610042_b8_k8_isolated,isolated,flux,16,1,l0_ms,6.483616,recorder
20260829-143116_perlmutter_c84bfd4a,l01_slipstream_trace-610042_b8_k8_isolated,isolated,flux,16,2,l0_ms,6.297824,recorder
20260829-143116_perlmutter_c84bfd4a,l01_slipstream_trace-610042_b8_k8_isolated,isolated,flux,16,3,l0_ms,6.104608,recorder
20260829-143116_perlmutter_c84bfd4a,l01_slipstream_trace-610042_b8_k8_isolated,isolated,flux,16,4,l0_ms,6.17168,recorder
20260829-143116_perlmutter_c84bfd4a,l01_slipstream_trace-610042_b8_k8_isolated,isolated,flux,16,5,l0_ms,6.357184,recorder
20260829-143116_perlmutter_c84bfd4a,l01_slipstream_trace-610042_b8_k8_isolated,isolated,flux,16,6,l0_ms,6.339712,recorder
20260829-143116_perlmutter_c84bfd4a,l01_slipstream_trace-610042_b8_k8_isolated,isolated,flux,16,7,l0_ms,6.304544,recorder
20260829-143116_perlmutter_c84bfd4a,l01_slipstream_trace-610042_b8_k8_isolated,isolated,flux,16,8,l0_ms,6.241824,recorder
20260829-143116_perlmutter_c84bfd4a,l01_slipstream_trace-610042_b8_k8_isolated,isolated,flux,16,9,l0_ms,5.86288,recorder
20260829-143116_perlmutter_c84bfd4a,l01_slipstream_trace-610042_b8_k8_isolated,isolated,flux,16,0,act_ms,0.017376,recorder
20260829-143116_perlmutter_c84bfd4a,l01_slipstream_trace-610042_b8_k8_isolated,isolated,flux,16,1,act_ms,0.017024,recorder
20260829-143116_perlmutter_c84bfd4a,l01_slipstream_trace-610042_b8_k8_isolated,isolated,flux,16,2,act_ms,0.0184,recorder
20260829-143116_perlmutter_c84bfd4a,l01_slipstream_trace-610042_b8_k8_isolated,isolated,flux,16,3,act_ms,0.018144,recorder
20260829-143116_perlmutter_c84bfd4a,l01_slipstream_trace-610042_b8_k8_isolated,isolated,flux,16,4,act_ms,0.018336,recorder
20260829-143116_perlmutter_c84bfd4a,l01_slipstream_trace-610042_b8_k8_isolated,isolated,flux,16,5,act_ms,0.018368,recorder
20260829-143116_perlmutter_c84bfd4a,l01_slipstream_trace-610042_b8_k8_isolated,isolated,flux,16,6,act_ms,0.017152,recorder
20260829-143116_perlmutter_c84bfd4a,l01_slipstream_trace-610042_b8_k8_isolated,isolated,flux,16,7,act_ms,0.017088,recorder
20260829-143116_perlmutter_c84bfd4a,l01_slipstream_trace-610042_b8_k8_isolated,isolated,flux,16,8,act_ms,0.017504,recorder
20260829-143116_perlmutter_c84bfd4a,l01_slipstream_trace-610042_b8_k8_isolated,isolated,flux,16,9,act_ms,0.0168,recorder
20260829-143116_perlmutter_c84bfd4a,l01_slipstream_trace-610042_b8_k8_isolated,isolated,flux,16,0,l1_ms,6.98624,recorder
20260829-143116_perlmutter_c84bfd4a,l01_slipstream_trace-610042_b8_k8_isolated,isolated,flux,16,1,l1_ms,7.425472,recorder
20260829-143116_perlmutter_c84bfd4a,l01_slipstream_trace-610042_b8_k8_isolated,isolated,flux,16,2,l1_ms,6.688512,recorder
20260829-143116_perlmutter_c84bfd4a,l01_slipstream_trace-610042_b8_k8_isolated,isolated,flux,16,3,l1_ms,6.797216,recorder
20260829-143116_perlmutter_c84bfd4a,l01_slipstream_trace-610042_b8_k8_isolated,isolated,flux,16,4,l1_ms,7.01856,recorder
20260829-143116_perlmutter_c84bfd4a,l01_slipstream_trace-610042_b8_k8_isolated,isolated,flux,16,5,l1_ms,6.874112,recorder
20260829-143116_perlmutter_c84bfd4a,l01_slipstream_trace-610042_b8_k8_isolated,isolated,flux,16,6,l1_ms,6.999744,recorder
20260829-143116_perlmutter_c84bfd4a,l01_slipstream_trace-610042_b8_k8_isolated,isolated,flux,16,7,l1_ms,6.975936,recorder
20260829-143116_perlmutter_c84bfd4a,l01_slipstream_trace-610042_b8_k8_isolated,isolated,flux,16,8,l1_ms,6.847648,recorder
20260829-143116_perlmutter_c84bfd4a,l01_slipstream_trace-610042_b8_k8_isolated,isolated,flux,16,9,l1_ms,6.86176,recorder
20260829-143116_perlmutter_c84bfd4a,l01_slipstream_trace-610042_b8_k8_isolated,isolated,flux,16,0,plan_comm_ms,0.337824,recorder
20260829-143116_perlmutter_c84bfd4a,l01_slipstream_trace-610042_b8_k8_isolated,isolated,flux,16,1,plan_comm_ms,0.304544,recorder
20260829-143116_perlmutter_c84bfd4a,l01_slipstream_trace-610042_b8_k8_isolated,isolated,flux,16,2,plan_comm_ms,0.266336,recorder
20260829-143116_perlmutter_c84bfd4a,l01_slipstream_trace-610042_b8_k8_isolated,isolated,flux,16,3,plan_comm_ms,0.260736,recorder
20260829-143116_perlmutter_c84bfd4a,l01_slipstream_trace-610042_b8_k8_isolated,isolated,flux,16,4,plan_comm_ms,0.832672,recorder
20260829-143116_perlmutter_c84bfd4a,l01_slipstream_trace-610042_b8_k8_isolated,isolated,flux,16,5,plan_comm_ms,0.582528,recorder
20260829-143116_perlmutter_c84bfd4a,l01_slipstream_trace-610042_b8_k8_isolated,isolated,flux,16,6,plan_comm_ms,0.661696,recorder
20260829-143116_perlmutter_c84bfd4a,l01_slipstream_trace-610042_b8_k8_isolated,isolated,flux,16,7,plan_comm_ms,0.249056,recorder
20260829-143116_perlmutter_c84bfd4a,l01_slipstream_trace-610042_b8_k8_isolated,isolated,flux,16,8,plan_comm_ms,0.257344,recorder
20260829-143116_perlmutter_c84bfd4a,l01_slipstream_trace-610042_b8_k8_isolated,isolated,flux,16,9,plan_comm_ms,0.63936,recorder
20260829-143116_perlmutter_c84bfd4a,l01_slipstream_trace-610042_b8_k8_isolated,isolated,flux,16,0,plan_ms,0.623008,recorder
20260829-143116_perlmutter_c84bfd4a,l01_slipstream_trace-610042_b8_k8_isolated,isolated,flux,16,1,plan_ms,0.6192,recorder
20260829-143116_perlmutter_c84bfd4a,l01_slipstream_trace-610042_b8_k8_isolated,isolated,flux,16,2,plan_ms,0.627168,recorder
20260829-143116_perlmutter_c84bfd4a,l01_slipstream_trace-610042_b8_k8_isolated,isolated,flux,16,3,plan_ms,0.621248,recorder
20260829-143116_perlmutter_c84bfd4a,l01_slipstream_trace-610042_b8_k8_isolated,isolated,flux,16,4,plan_ms,0.625344,recorder
20260829-143116_perlmutter_c84bfd4a,l01_slipstream_trace-610042_b8_k8_isolated,isolated,flux,16,5,plan_ms,0.616384,recorder
20260829-143116_perlmutter_c84bfd4a,l01_slipstream_trace-610042_b8_k8_isolated,isolated,flux,16,6,plan_ms,0.622144,recorder
20260829-143116_perlmutter_c84bfd4a,l01_slipstream_trace-610042_b8_k8_isolated,isolated,flux,16,7,plan_ms,0.615648,recorder
20260829-143116_perlmutter_c84bfd4a,l01_slipstream_trace-610042_b8_k8_isolated,isolated,flux,16,8,plan_ms,0.625024,recorder
20260829-143116_perlmutter_c84bfd4a,l01_slipstream_trace-610042_b8_k8_isolated,isolated,flux,16,9,plan_ms,0.622336,recorder
20260829-143116_perlmutter_c84bfd4a,l01_slipstream_trace-610042_b8_k8_isolated,isolated,flux,16,0,total_ms,14.306496,recorder
20260829-143116_perlmutter_c84bfd4a,l01_slipstream_trace-610042_b8_k8_isolated,isolated,flux,16,1,total_ms,14.852192,recorder
20260829-143116_perlmutter_c84bfd4a,l01_slipstream_trace-610042_b8_k8_isolated,isolated,flux,16,2,total_ms,13.900576,recorder
20260829-143116_perlmutter_c84bfd4a,l01_slipstream_trace-610042_b8_k8_isolated,isolated,flux,16,3,total_ms,13.804288,recorder
20260829-143116_perlmutter_c84bfd4a,l01_slipstream_trace-610042_b8_k8_isolated,isolated,flux,16,4,total_ms,14.669504,recorder
20260829-143116_perlmutter_c84bfd4a,l01_slipstream_trace-610042_b8_k8_isolated,isolated,flux,16,5,total_ms,14.450944,recorder
20260829-143116_perlmutter_c84bfd4a,l01_slipstream_trace-610042_b8_k8_isolated,isolated,flux,16,6,total_ms,14.642816,recorder
20260829-143116_perlmutter_c84bfd4a,l01_slipstream_trace-610042_b8_k8_isolated,isolated,flux,16,7,total_ms,14.16464,recorder
20260829-143116_perlmutter_c84bfd4a,l01_slipstream_trace-610042_b8_k8_isolated,isolated,flux,16,8,total_ms,13.99168,recorder
20260829-143116_perlmutter_c84bfd4a,l01_slipstream_trace-610042_b8_k8_isolated,isolated,flux,16,9,total_ms,14.005472,recorder
20260829-143116_perlmutter_c84bfd4a,l01_slipstream_trace-610042_b8_k8_isolated,isolated,flux,16,0,iso_sync_ms,12.923489,recorder
20260829-143116_perlmutter_c84bfd4a,l01_slipstream_trace-610042_b8_k8_isolated,isolated,flux,16,1,iso_sync_ms,13.029765,recorder
20260829-143116_perlmutter_c84bfd4a,l01_slipstream_trace-610042_b8_k8_isolated,isolated,flux,16,2,iso_sync_ms,13.56073,recorder
20260829-143116_perlmutter_c84bfd4a,l01_slipstream_trace-610042_b8_k8_isolated,isolated,flux,16,3,iso_sync_ms,12.403775,recorder
20260829-143116_perlmutter_c84bfd4a,l01_slipstream_trace-610042_b8_k8_isolated,isolated,flux,16,4,iso_sync_ms,12.748191,recorder
20260829-143116_perlmutter_c84bfd4a,l01_slipstream_trace-610042_b8_k8_isolated,isolated,flux,16,5,iso_sync_ms,12.330434,recorder
20260829-143116_perlmutter_c84bfd4a,l01_slipstream_trace-610042_b8_k8_isolated,isolated,flux,16,6,iso_sync_ms,12.909583,recorder
20260829-143116_perlmutter_c84bfd4a,l01_slipstream_trace-610042_b8_k8_isolated,isolated,flux,16,7,iso_sync_ms,12.853775,recorder
20260829-143116_perlmutter_c84bfd4a,l01_slipstream_trace-610042_b8_k8_isolated,isolated,flux,16,8,iso_sync_ms,12.425287,recorder
20260829-143116_perlmutter_c84bfd4a,l01_slipstream_trace-610042_b8_k8_isolated,isolated,flux,16,9,iso_sync_ms,12.597238,recorder
20260829-143116_perlmutter_c84bfd4a,l01_slipstream_trace-610042_b8_k8_isolated,isolated,flux,17,0,e2e_ms,13.367008,recorder
20260829-143116_perlmutter_c84bfd4a,l01_slipstream_trace-610042_b8_k8_isolated,isolated,flux,17,1,e2e_ms,13.940544,recorder
20260829-143116_perlmutter_c84bfd4a,l01_slipstream_trace-610042_b8_k8_isolated,isolated,flux,17,2,e2e_ms,13.024192,recorder
20260829-143116_perlmutter_c84bfd4a,l01_slipstream_trace-610042_b8_k8_isolated,isolated,flux,17,3,e2e_ms,12.929888,recorder
20260829-143116_perlmutter_c84bfd4a,l01_slipstream_trace-610042_b8_k8_isolated,isolated,flux,17,4,e2e_ms,13.199424,recorder
20260829-143116_perlmutter_c84bfd4a,l01_slipstream_trace-610042_b8_k8_isolated,isolated,flux,17,5,e2e_ms,13.237984,recorder
20260829-143116_perlmutter_c84bfd4a,l01_slipstream_trace-610042_b8_k8_isolated,isolated,flux,17,6,e2e_ms,13.356736,recorder
20260829-143116_perlmutter_c84bfd4a,l01_slipstream_trace-610042_b8_k8_isolated,isolated,flux,17,7,e2e_ms,13.321856,recorder
20260829-143116_perlmutter_c84bfd4a,l01_slipstream_trace-610042_b8_k8_isolated,isolated,flux,17,8,e2e_ms,13.126656,recorder
20260829-143116_perlmutter_c84bfd4a,l01_slipstream_trace-610042_b8_k8_isolated,isolated,flux,17,9,e2e_ms,12.767712,recorder
20260829-143116_perlmutter_c84bfd4a,l01_slipstream_trace-610042_b8_k8_isolated,isolated,flux,17,0,l0_ms,6.357696,recorder
20260829-143116_perlmutter_c84bfd4a,l01_slipstream_trace-610042_b8_k8_isolated,isolated,flux,17,1,l0_ms,6.494848,recorder
20260829-143116_perlmutter_c84bfd4a,l01_slipstream_trace-610042_b8_k8_isolated,isolated,flux,17,2,l0_ms,6.320512,recorder
20260829-143116_perlmutter_c84bfd4a,l01_slipstream_trace-610042_b8_k8_isolated,isolated,flux,17,3,l0_ms,6.12416,recorder
20260829-143116_perlmutter_c84bfd4a,l01_slipstream_trace-610042_b8_k8_isolated,isolated,flux,17,4,l0_ms,6.176672,recorder
20260829-143116_perlmutter_c84bfd4a,l01_slipstream_trace-610042_b8_k8_isolated,isolated,flux,17,5,l0_ms,6.353248,recorder
20260829-143116_perlmutter_c84bfd4a,l01_slipstream_trace-610042_b8_k8_isolated,isolated,flux,17,6,l0_ms,6.35584,recorder
20260829-143116_perlmutter_c84bfd4a,l01_slipstream_trace-610042_b8_k8_isolated,isolated,flux,17,7,l0_ms,6.334016,recorder
20260829-143116_perlmutter_c84bfd4a,l01_slipstream_trace-610042_b8_k8_isolated,isolated,flux,17,8,l0_ms,6.268864,recorder
20260829-143116_perlmutter_c84bfd4a,l01_slipstream_trace-610042_b8_k8_isolated,isolated,flux,17,9,l0_ms,5.891488,recorder
20260829-143116_perlmutter_c84bfd4a,l01_slipstream_trace-610042_b8_k8_isolated,isolated,flux,17,0,act_ms,0.034208,recorder
20260829-143116_perlmutter_c84bfd4a,l01_slipstream_trace-610042_b8_k8_isolated,isolated,flux,17,1,act_ms,0.033632,recorder
20260829-143116_perlmutter_c84bfd4a,l01_slipstream_trace-610042_b8_k8_isolated,isolated,flux,17,2,act_ms,0.032128,recorder
20260829-143116_perlmutter_c84bfd4a,l01_slipstream_trace-610042_b8_k8_isolated,isolated,flux,17,3,act_ms,0.031872,recorder
20260829-143116_perlmutter_c84bfd4a,l01_slipstream_trace-610042_b8_k8_isolated,isolated,flux,17,4,act_ms,0.033536,recorder
20260829-143116_perlmutter_c84bfd4a,l01_slipstream_trace-610042_b8_k8_isolated,isolated,flux,17,5,act_ms,0.033184,recorder
20260829-143116_perlmutter_c84bfd4a,l01_slipstream_trace-610042_b8_k8_isolated,isolated,flux,17,6,act_ms,0.03152,recorder
20260829-143116_perlmutter_c84bfd4a,l01_slipstream_trace-610042_b8_k8_isolated,isolated,flux,17,7,act_ms,0.032096,recorder
20260829-143116_perlmutter_c84bfd4a,l01_slipstream_trace-610042_b8_k8_isolated,isolated,flux,17,8,act_ms,0.0312,recorder
20260829-143116_perlmutter_c84bfd4a,l01_slipstream_trace-610042_b8_k8_isolated,isolated,flux,17,9,act_ms,0.031872,recorder
20260829-143116_perlmutter_c84bfd4a,l01_slipstream_trace-610042_b8_k8_isolated,isolated,flux,17,0,l1_ms,6.975104,recorder
20260829-143116_perlmutter_c84bfd4a,l01_slipstream_trace-610042_b8_k8_isolated,isolated,flux,17,1,l1_ms,7.412064,recorder
20260829-143116_perlmutter_c84bfd4a,l01_slipstream_trace-610042_b8_k8_isolated,isolated,flux,17,2,l1_ms,6.671552,recorder
20260829-143116_perlmutter_c84bfd4a,l01_slipstream_trace-610042_b8_k8_isolated,isolated,flux,17,3,l1_ms,6.773856,recorder
20260829-143116_perlmutter_c84bfd4a,l01_slipstream_trace-610042_b8_k8_isolated,isolated,flux,17,4,l1_ms,6.989216,recorder
20260829-143116_perlmutter_c84bfd4a,l01_slipstream_trace-610042_b8_k8_isolated,isolated,flux,17,5,l1_ms,6.851552,recorder
20260829-143116_perlmutter_c84bfd4a,l01_slipstream_trace-610042_b8_k8_isolated,isolated,flux,17,6,l1_ms,6.969376,recorder
20260829-143116_perlmutter_c84bfd4a,l01_slipstream_trace-610042_b8_k8_isolated,isolated,flux,17,7,l1_ms,6.955744,recorder
20260829-143116_perlmutter_c84bfd4a,l01_slipstream_trace-610042_b8_k8_isolated,isolated,flux,17,8,l1_ms,6.826592,recorder
20260829-143116_perlmutter_c84bfd4a,l01_slipstream_trace-610042_b8_k8_isolated,isolated,flux,17,9,l1_ms,6.844352,recorder
20260829-143116_perlmutter_c84bfd4a,l01_slipstream_trace-610042_b8_k8_isolated,isolated,flux,17,0,plan_comm_ms,0.33936,recorder
20260829-143116_perlmutter_c84bfd4a,l01_slipstream_trace-610042_b8_k8_isolated,isolated,flux,17,1,plan_comm_ms,0.30512,recorder
20260829-143116_perlmutter_c84bfd4a,l01_slipstream_trace-610042_b8_k8_isolated,isolated,flux,17,2,plan_comm_ms,0.264928,recorder
20260829-143116_perlmutter_c84bfd4a,l01_slipstream_trace-610042_b8_k8_isolated,isolated,flux,17,3,plan_comm_ms,0.261792,recorder
20260829-143116_perlmutter_c84bfd4a,l01_slipstream_trace-610042_b8_k8_isolated,isolated,flux,17,4,plan_comm_ms,0.836736,recorder
20260829-143116_perlmutter_c84bfd4a,l01_slipstream_trace-610042_b8_k8_isolated,isolated,flux,17,5,plan_comm_ms,0.595232,recorder
20260829-143116_perlmutter_c84bfd4a,l01_slipstream_trace-610042_b8_k8_isolated,isolated,flux,17,6,plan_comm_ms,0.661984,recorder
20260829-143116_perlmutter_c84bfd4a,l01_slipstream_trace-610042_b8_k8_isolated,isolated,flux,17,7,plan_comm_ms,0.237184,recorder
20260829-143116_perlmutter_c84bfd4a,l01_slipstream_trace-610042_b8_k8_isolated,isolated,flux,17,8,plan_comm_ms,0.257408,recorder
20260829-143116_perlmutter_c84bfd4a,l01_slipstream_trace-610042_b8_k8_isolated,isolated,flux,17,9,plan_comm_ms,0.63696,recorder
20260829-143116_perlmutter_c84bfd4a,l01_slipstream_trace-610042_b8_k8_isolated,isolated,flux,17,0,plan_ms,0.607328,recorder
20260829-143116_perlmutter_c84bfd4a,l01_slipstream_trace-610042_b8_k8_isolated,isolated,flux,17,1,plan_ms,0.611392,recorder
20260829-143116_perlmutter_c84bfd4a,l01_slipstream_trace-610042_b8_k8_isolated,isolated,flux,17,2,plan_ms,0.614208,recorder
20260829-143116_perlmutter_c84bfd4a,l01_slipstream_trace-610042_b8_k8_isolated,isolated,flux,17,3,plan_ms,0.610048,recorder
20260829-143116_perlmutter_c84bfd4a,l01_slipstream_trace-610042_b8_k8_isolated,isolated,flux,17,4,plan_ms,0.624,recorder
20260829-143116_perlmutter_c84bfd4a,l01_slipstream_trace-610042_b8_k8_isolated,isolated,flux,17,5,plan_ms,0.615872,recorder
20260829-143116_perlmutter_c84bfd4a,l01_slipstream_trace-610042_b8_k8_isolated,isolated,flux,17,6,plan_ms,0.613696,recorder
20260829-143116_perlmutter_c84bfd4a,l01_slipstream_trace-610042_b8_k8_isolated,isolated,flux,17,7,plan_ms,0.607904,recorder
20260829-143116_perlmutter_c84bfd4a,l01_slipstream_trace-610042_b8_k8_isolated,isolated,flux,17,8,plan_ms,0.608576,recorder
20260829-143116_perlmutter_c84bfd4a,l01_slipstream_trace-610042_b8_k8_isolated,isolated,flux,17,9,plan_ms,0.607296,recorder
20260829-143116_perlmutter_c84bfd4a,l01_slipstream_trace-610042_b8_k8_isolated,isolated,flux,17,0,total_ms,14.316,recorder
20260829-143116_perlmutter_c84bfd4a,l01_slipstream_trace-610042_b8_k8_isolated,isolated,flux,17,1,total_ms,14.859392,recorder
20260829-143116_perlmutter_c84bfd4a,l01_slipstream_trace-610042_b8_k8_isolated,isolated,flux,17,2,total_ms,13.905664,recorder
20260829-143116_perlmutter_c84bfd4a,l01_slipstream_trace-610042_b8_k8_isolated,isolated,flux,17,3,total_ms,13.804032,recorder
20260829-143116_perlmutter_c84bfd4a,l01_slipstream_trace-610042_b8_k8_isolated,isolated,flux,17,4,total_ms,14.662496,recorder
20260829-143116_perlmutter_c84bfd4a,l01_slipstream_trace-610042_b8_k8_isolated,isolated,flux,17,5,total_ms,14.451392,recorder
20260829-143116_perlmutter_c84bfd4a,l01_slipstream_trace-610042_b8_k8_isolated,isolated,flux,17,6,total_ms,14.634752,recorder
20260829-143116_perlmutter_c84bfd4a,l01_slipstream_trace-610042_b8_k8_isolated,isolated,flux,17,7,total_ms,14.16928,recorder
20260829-143116_perlmutter_c84bfd4a,l01_slipstream_trace-610042_b8_k8_isolated,isolated,flux,17,8,total_ms,13.994944,recorder
20260829-143116_perlmutter_c84bfd4a,l01_slipstream_trace-610042_b8_k8_isolated,isolated,flux,17,9,total_ms,14.014304,recorder
20260829-143116_perlmutter_c84bfd4a,l01_slipstream_trace-610042_b8_k8_isolated,isolated,flux,17,0,iso_sync_ms,12.783388,recorder
20260829-143116_perlmutter_c84bfd4a,l01_slipstream_trace-610042_b8_k8_isolated,isolated,flux,17,1,iso_sync_ms,12.910264,recorder
20260829-143116_perlmutter_c84bfd4a,l01_slipstream_trace-610042_b8_k8_isolated,isolated,flux,17,2,iso_sync_ms,13.451379,recorder
20260829-143116_perlmutter_c84bfd4a,l01_slipstream_trace-610042_b8_k8_isolated,isolated,flux,17,3,iso_sync_ms,12.288713,recorder
20260829-143116_perlmutter_c84bfd4a,l01_slipstream_trace-610042_b8_k8_isolated,isolated,flux,17,4,iso_sync_ms,12.574446,recorder
20260829-143116_perlmutter_c84bfd4a,l01_slipstream_trace-610042_b8_k8_isolated,isolated,flux,17,5,iso_sync_ms,12.225311,recorder
20260829-143116_perlmutter_c84bfd4a,l01_slipstream_trace-610042_b8_k8_isolated,isolated,flux,17,6,iso_sync_ms,12.76348,recorder
20260829-143116_perlmutter_c84bfd4a,l01_slipstream_trace-610042_b8_k8_isolated,isolated,flux,17,7,iso_sync_ms,12.747109,recorder
20260829-143116_perlmutter_c84bfd4a,l01_slipstream_trace-610042_b8_k8_isolated,isolated,flux,17,8,iso_sync_ms,12.318291,recorder
20260829-143116_perlmutter_c84bfd4a,l01_slipstream_trace-610042_b8_k8_isolated,isolated,flux,17,9,iso_sync_ms,12.492557,recorder
20260829-143116_perlmutter_c84bfd4a,l01_slipstream_trace-610042_b8_k8_isolated,isolated,flux,18,0,e2e_ms,13.347904,recorder
20260829-143116_perlmutter_c84bfd4a,l01_slipstream_trace-610042_b8_k8_isolated,isolated,flux,18,1,e2e_ms,13.919936,recorder
20260829-143116_perlmutter_c84bfd4a,l01_slipstream_trace-610042_b8_k8_isolated,isolated,flux,18,2,e2e_ms,13.02304,recorder
20260829-143116_perlmutter_c84bfd4a,l01_slipstream_trace-610042_b8_k8_isolated,isolated,flux,18,3,e2e_ms,12.912768,recorder
20260829-143116_perlmutter_c84bfd4a,l01_slipstream_trace-610042_b8_k8_isolated,isolated,flux,18,4,e2e_ms,13.193568,recorder
20260829-143116_perlmutter_c84bfd4a,l01_slipstream_trace-610042_b8_k8_isolated,isolated,flux,18,5,e2e_ms,13.232704,recorder
20260829-143116_perlmutter_c84bfd4a,l01_slipstream_trace-610042_b8_k8_isolated,isolated,flux,18,6,e2e_ms,13.357056,recorder
20260829-143116_perlmutter_c84bfd4a,l01_slipstream_trace-610042_b8_k8_isolated,isolated,flux,18,7,e2e_ms,13.30048,recorder
20260829-143116_perlmutter_c84bfd4a,l01_slipstream_trace-610042_b8_k8_isolated,isolated,flux,18,8,e2e_ms,13.08976,recorder
20260829-143116_perlmutter_c84bfd4a,l01_slipstream_trace-610042_b8_k8_isolated,isolated,flux,18,9,e2e_ms,12.755104,recorder
20260829-143116_perlmutter_c84bfd4a,l01_slipstream_trace-610042_b8_k8_isolated,isolated,flux,18,0,l0_ms,6.366976,recorder
20260829-143116_perlmutter_c84bfd4a,l01_slipstream_trace-610042_b8_k8_isolated,isolated,flux,18,1,l0_ms,6.478592,recorder
20260829-143116_perlmutter_c84bfd4a,l01_slipstream_trace-610042_b8_k8_isolated,isolated,flux,18,2,l0_ms,6.3136,recorder
20260829-143116_perlmutter_c84bfd4a,l01_slipstream_trace-610042_b8_k8_isolated,isolated,flux,18,3,l0_ms,6.098336,recorder
20260829-143116_perlmutter_c84bfd4a,l01_slipstream_trace-610042_b8_k8_isolated,isolated,flux,18,4,l0_ms,6.165856,recorder
20260829-143116_perlmutter_c84bfd4a,l01_slipstream_trace-610042_b8_k8_isolated,isolated,flux,18,5,l0_ms,6.348224,recorder
20260829-143116_perlmutter_c84bfd4a,l01_slipstream_trace-610042_b8_k8_isolated,isolated,flux,18,6,l0_ms,6.363008,recorder
20260829-143116_perlmutter_c84bfd4a,l01_slipstream_trace-610042_b8_k8_isolated,isolated,flux,18,7,l0_ms,6.320128,recorder
20260829-143116_perlmutter_c84bfd4a,l01_slipstream_trace-610042_b8_k8_isolated,isolated,flux,18,8,l0_ms,6.22992,recorder
20260829-143116_perlmutter_c84bfd4a,l01_slipstream_trace-610042_b8_k8_isolated,isolated,flux,18,9,l0_ms,5.867424,recorder
20260829-143116_perlmutter_c84bfd4a,l01_slipstream_trace-610042_b8_k8_isolated,isolated,flux,18,0,act_ms,0.03616,recorder
20260829-143116_perlmutter_c84bfd4a,l01_slipstream_trace-610042_b8_k8_isolated,isolated,flux,18,1,act_ms,0.037888,recorder
20260829-143116_perlmutter_c84bfd4a,l01_slipstream_trace-610042_b8_k8_isolated,isolated,flux,18,2,act_ms,0.035296,recorder
20260829-143116_perlmutter_c84bfd4a,l01_slipstream_trace-610042_b8_k8_isolated,isolated,flux,18,3,act_ms,0.036704,recorder
20260829-143116_perlmutter_c84bfd4a,l01_slipstream_trace-610042_b8_k8_isolated,isolated,flux,18,4,act_ms,0.034848,recorder
20260829-143116_perlmutter_c84bfd4a,l01_slipstream_trace-610042_b8_k8_isolated,isolated,flux,18,5,act_ms,0.039008,recorder
20260829-143116_perlmutter_c84bfd4a,l01_slipstream_trace-610042_b8_k8_isolated,isolated,flux,18,6,act_ms,0.035904,recorder
20260829-143116_perlmutter_c84bfd4a,l01_slipstream_trace-610042_b8_k8_isolated,isolated,flux,18,7,act_ms,0.038272,recorder
20260829-143116_perlmutter_c84bfd4a,l01_slipstream_trace-610042_b8_k8_isolated,isolated,flux,18,8,act_ms,0.036832,recorder
20260829-143116_perlmutter_c84bfd4a,l01_slipstream_trace-610042_b8_k8_isolated,isolated,flux,18,9,act_ms,0.037536,recorder
20260829-143116_perlmutter_c84bfd4a,l01_slipstream_trace-610042_b8_k8_isolated,isolated,flux,18,0,l1_ms,6.944768,recorder
20260829-143116_perlmutter_c84bfd4a,l01_slipstream_trace-610042_b8_k8_isolated,isolated,flux,18,1,l1_ms,7.403456,recorder
20260829-143116_perlmutter_c84bfd4a,l01_slipstream_trace-610042_b8_k8_isolated,isolated,flux,18,2,l1_ms,6.674144,recorder
20260829-143116_perlmutter_c84bfd4a,l01_slipstream_trace-610042_b8_k8_isolated,isolated,flux,18,3,l1_ms,6.777728,recorder
20260829-143116_perlmutter_c84bfd4a,l01_slipstream_trace-610042_b8_k8_isolated,isolated,flux,18,4,l1_ms,6.992864,recorder
20260829-143116_perlmutter_c84bfd4a,l01_slipstream_trace-610042_b8_k8_isolated,isolated,flux,18,5,l1_ms,6.845472,recorder
20260829-143116_perlmutter_c84bfd4a,l01_slipstream_trace-610042_b8_k8_isolated,isolated,flux,18,6,l1_ms,6.958144,recorder
20260829-143116_perlmutter_c84bfd4a,l01_slipstream_trace-610042_b8_k8_isolated,isolated,flux,18,7,l1_ms,6.94208,recorder
20260829-143116_perlmutter_c84bfd4a,l01_slipstream_trace-610042_b8_k8_isolated,isolated,flux,18,8,l1_ms,6.823008,recorder
20260829-143116_perlmutter_c84bfd4a,l01_slipstream_trace-610042_b8_k8_isolated,isolated,flux,18,9,l1_ms,6.850144,recorder
20260829-143116_perlmutter_c84bfd4a,l01_slipstream_trace-610042_b8_k8_isolated,isolated,flux,18,0,plan_comm_ms,0.342272,recorder
20260829-143116_perlmutter_c84bfd4a,l01_slipstream_trace-610042_b8_k8_isolated,isolated,flux,18,1,plan_comm_ms,0.311264,recorder
20260829-143116_perlmutter_c84bfd4a,l01_slipstream_trace-610042_b8_k8_isolated,isolated,flux,18,2,plan_comm_ms,0.266176,recorder
20260829-143116_perlmutter_c84bfd4a,l01_slipstream_trace-610042_b8_k8_isolated,isolated,flux,18,3,plan_comm_ms,0.26096,recorder
20260829-143116_perlmutter_c84bfd4a,l01_slipstream_trace-610042_b8_k8_isolated,isolated,flux,18,4,plan_comm_ms,0.840864,recorder
20260829-143116_perlmutter_c84bfd4a,l01_slipstream_trace-610042_b8_k8_isolated,isolated,flux,18,5,plan_comm_ms,0.595456,recorder
20260829-143116_perlmutter_c84bfd4a,l01_slipstream_trace-610042_b8_k8_isolated,isolated,flux,18,6,plan_comm_ms,0.665184,recorder
20260829-143116_perlmutter_c84bfd4a,l01_slipstream_trace-610042_b8_k8_isolated,isolated,flux,18,7,plan_comm_ms,0.241792,recorder
20260829-143116_perlmutter_c84bfd4a,l01_slipstream_trace-610042_b8_k8_isolated,isolated,flux,18,8,plan_comm_ms,0.259744,recorder
20260829-143116_perlmutter_c84bfd4a,l01_slipstream_trace-610042_b8_k8_isolated,isolated,flux,18,9,plan_comm_ms,0.632576,recorder
20260829-143116_perlmutter_c84bfd4a,l01_slipstream_trace-610042_b8_k8_isolated,isolated,flux,18,0,plan_ms,0.617856,recorder
20260829-143116_perlmutter_c84bfd4a,l01_slipstream_trace-610042_b8_k8_isolated,isolated,flux,18,1,plan_ms,0.624832,recorder
20260829-143116_perlmutter_c84bfd4a,l01_slipstream_trace-610042_b8_k8_isolated,isolated,flux,18,2,plan_ms,0.62048,recorder
20260829-143116_perlmutter_c84bfd4a,l01_slipstream_trace-610042_b8_k8_isolated,isolated,flux,18,3,plan_ms,0.62272,recorder
20260829-143116_perlmutter_c84bfd4a,l01_slipstream_trace-610042_b8_k8_isolated,isolated,flux,18,4,plan_ms,0.632416,recorder
20260829-143116_perlmutter_c84bfd4a,l01_slipstream_trace-610042_b8_k8_isolated,isolated,flux,18,5,plan_ms,0.623808,recorder
20260829-143116_perlmutter_c84bfd4a,l01_slipstream_trace-610042_b8_k8_isolated,isolated,flux,18,6,plan_ms,0.619328,recorder
20260829-143116_perlmutter_c84bfd4a,l01_slipstream_trace-610042_b8_k8_isolated,isolated,flux,18,7,plan_ms,0.619296,recorder
20260829-143116_perlmutter_c84bfd4a,l01_slipstream_trace-610042_b8_k8_isolated,isolated,flux,18,8,plan_ms,0.642144,recorder
20260829-143116_perlmutter_c84bfd4a,l01_slipstream_trace-610042_b8_k8_isolated,isolated,flux,18,9,plan_ms,0.625696,recorder
20260829-143116_perlmutter_c84bfd4a,l01_slipstream_trace-610042_b8_k8_isolated,isolated,flux,18,0,total_ms,14.310368,recorder
20260829-143116_perlmutter_c84bfd4a,l01_slipstream_trace-610042_b8_k8_isolated,isolated,flux,18,1,total_ms,14.8584,recorder
20260829-143116_perlmutter_c84bfd4a,l01_slipstream_trace-610042_b8_k8_isolated,isolated,flux,18,2,total_ms,13.912032,recorder
20260829-143116_perlmutter_c84bfd4a,l01_slipstream_trace-610042_b8_k8_isolated,isolated,flux,18,3,total_ms,13.798784,recorder
20260829-143116_perlmutter_c84bfd4a,l01_slipstream_trace-610042_b8_k8_isolated,isolated,flux,18,4,total_ms,14.669216,recorder
20260829-143116_perlmutter_c84bfd4a,l01_slipstream_trace-610042_b8_k8_isolated,isolated,flux,18,5,total_ms,14.454304,recorder
20260829-143116_perlmutter_c84bfd4a,l01_slipstream_trace-610042_b8_k8_isolated,isolated,flux,18,6,total_ms,14.643936,recorder
20260829-143116_perlmutter_c84bfd4a,l01_slipstream_trace-610042_b8_k8_isolated,isolated,flux,18,7,total_ms,14.163936,recorder
20260829-143116_perlmutter_c84bfd4a,l01_slipstream_trace-610042_b8_k8_isolated,isolated,flux,18,8,total_ms,13.993984,recorder
20260829-143116_perlmutter_c84bfd4a,l01_slipstream_trace-610042_b8_k8_isolated,isolated,flux,18,9,total_ms,14.015744,recorder
20260829-143116_perlmutter_c84bfd4a,l01_slipstream_trace-610042_b8_k8_isolated,isolated,flux,18,0,iso_sync_ms,12.79968,recorder
20260829-143116_perlmutter_c84bfd4a,l01_slipstream_trace-610042_b8_k8_isolated,isolated,flux,18,1,iso_sync_ms,12.941965,recorder
20260829-143116_perlmutter_c84bfd4a,l01_slipstream_trace-610042_b8_k8_isolated,isolated,flux,18,2,iso_sync_ms,13.425749,recorder
20260829-143116_perlmutter_c84bfd4a,l01_slipstream_trace-610042_b8_k8_isolated,isolated,flux,18,3,iso_sync_ms,12.316346,recorder
20260829-143116_perlmutter_c84bfd4a,l01_slipstream_trace-610042_b8_k8_isolated,isolated,flux,18,4,iso_sync_ms,12.576139,recorder
20260829-143116_perlmutter_c84bfd4a,l01_slipstream_trace-610042_b8_k8_isolated,isolated,flux,18,5,iso_sync_ms,12.198168,recorder
20260829-143116_perlmutter_c84bfd4a,l01_slipstream_trace-610042_b8_k8_isolated,isolated,flux,18,6,iso_sync_ms,12.775803,recorder
20260829-143116_perlmutter_c84bfd4a,l01_slipstream_trace-610042_b8_k8_isolated,isolated,flux,18,7,iso_sync_ms,12.738973,recorder
20260829-143116_perlmutter_c84bfd4a,l01_slipstream_trace-610042_b8_k8_isolated,isolated,flux,18,8,iso_sync_ms,12.318491,recorder
20260829-143116_perlmutter_c84bfd4a,l01_slipstream_trace-610042_b8_k8_isolated,isolated,flux,18,9,iso_sync_ms,12.443802,recorder
20260829-143116_perlmutter_c84bfd4a,l01_slipstream_trace-610042_b8_k8_isolated,isolated,flux,19,0,e2e_ms,13.36112,recorder
20260829-143116_perlmutter_c84bfd4a,l01_slipstream_trace-610042_b8_k8_isolated,isolated,flux,19,1,e2e_ms,13.932672,recorder
20260829-143116_perlmutter_c84bfd4a,l01_slipstream_trace-610042_b8_k8_isolated,isolated,flux,19,2,e2e_ms,13.020064,recorder
20260829-143116_perlmutter_c84bfd4a,l01_slipstream_trace-610042_b8_k8_isolated,isolated,flux,19,3,e2e_ms,12.917152,recorder
20260829-143116_perlmutter_c84bfd4a,l01_slipstream_trace-610042_b8_k8_isolated,isolated,flux,19,4,e2e_ms,13.204256,recorder
20260829-143116_perlmutter_c84bfd4a,l01_slipstream_trace-610042_b8_k8_isolated,isolated,flux,19,5,e2e_ms,13.238976,recorder
20260829-143116_perlmutter_c84bfd4a,l01_slipstream_trace-610042_b8_k8_isolated,isolated,flux,19,6,e2e_ms,13.3632,recorder
20260829-143116_perlmutter_c84bfd4a,l01_slipstream_trace-610042_b8_k8_isolated,isolated,flux,19,7,e2e_ms,13.304448,recorder
20260829-143116_perlmutter_c84bfd4a,l01_slipstream_trace-610042_b8_k8_isolated,isolated,flux,19,8,e2e_ms,13.125248,recorder
20260829-143116_perlmutter_c84bfd4a,l01_slipstream_trace-610042_b8_k8_isolated,isolated,flux,19,9,e2e_ms,12.780416,recorder
20260829-143116_perlmutter_c84bfd4a,l01_slipstream_trace-610042_b8_k8_isolated,isolated,flux,19,0,l0_ms,6.376352,recorder
20260829-143116_perlmutter_c84bfd4a,l01_slipstream_trace-610042_b8_k8_isolated,isolated,flux,19,1,l0_ms,6.487136,recorder
20260829-143116_perlmutter_c84bfd4a,l01_slipstream_trace-610042_b8_k8_isolated,isolated,flux,19,2,l0_ms,6.315424,recorder
20260829-143116_perlmutter_c84bfd4a,l01_slipstream_trace-610042_b8_k8_isolated,isolated,flux,19,3,l0_ms,6.108512,recorder
20260829-143116_perlmutter_c84bfd4a,l01_slipstream_trace-610042_b8_k8_isolated,isolated,flux,19,4,l0_ms,6.182112,recorder
20260829-143116_perlmutter_c84bfd4a,l01_slipstream_trace-610042_b8_k8_isolated,isolated,flux,19,5,l0_ms,6.357664,recorder
20260829-143116_perlmutter_c84bfd4a,l01_slipstream_trace-610042_b8_k8_isolated,isolated,flux,19,6,l0_ms,6.378976,recorder
20260829-143116_perlmutter_c84bfd4a,l01_slipstream_trace-610042_b8_k8_isolated,isolated,flux,19,7,l0_ms,6.322944,recorder
20260829-143116_perlmutter_c84bfd4a,l01_slipstream_trace-610042_b8_k8_isolated,isolated,flux,19,8,l0_ms,6.260288,recorder
20260829-143116_perlmutter_c84bfd4a,l01_slipstream_trace-610042_b8_k8_isolated,isolated,flux,19,9,l0_ms,5.8904,recorder
20260829-143116_perlmutter_c84bfd4a,l01_slipstream_trace-610042_b8_k8_isolated,isolated,flux,19,0,act_ms,0.03408,recorder
20260829-143116_perlmutter_c84bfd4a,l01_slipstream_trace-610042_b8_k8_isolated,isolated,flux,19,1,act_ms,0.035072,recorder
20260829-143116_perlmutter_c84bfd4a,l01_slipstream_trace-610042_b8_k8_isolated,isolated,flux,19,2,act_ms,0.03328,recorder
20260829-143116_perlmutter_c84bfd4a,l01_slipstream_trace-610042_b8_k8_isolated,isolated,flux,19,3,act_ms,0.033504,recorder
20260829-143116_perlmutter_c84bfd4a,l01_slipstream_trace-610042_b8_k8_isolated,isolated,flux,19,4,act_ms,0.033408,recorder
20260829-143116_perlmutter_c84bfd4a,l01_slipstream_trace-610042_b8_k8_isolated,isolated,flux,19,5,act_ms,0.0336,recorder
20260829-143116_perlmutter_c84bfd4a,l01_slipstream_trace-610042_b8_k8_isolated,isolated,flux,19,6,act_ms,0.034048,recorder
20260829-143116_perlmutter_c84bfd4a,l01_slipstream_trace-610042_b8_k8_isolated,isolated,flux,19,7,act_ms,0.032768,recorder
20260829-143116_perlmutter_c84bfd4a,l01_slipstream_trace-610042_b8_k8_isolated,isolated,flux,19,8,act_ms,0.031392,recorder
20260829-143116_perlmutter_c84bfd4a,l01_slipstream_trace-610042_b8_k8_isolated,isolated,flux,19,9,act_ms,0.032096,recorder
20260829-143116_perlmutter_c84bfd4a,l01_slipstream_trace-610042_b8_k8_isolated,isolated,flux,19,0,l1_ms,6.950688,recorder
20260829-143116_perlmutter_c84bfd4a,l01_slipstream_trace-610042_b8_k8_isolated,isolated,flux,19,1,l1_ms,7.410464,recorder
20260829-143116_perlmutter_c84bfd4a,l01_slipstream_trace-610042_b8_k8_isolated,isolated,flux,19,2,l1_ms,6.67136,recorder
20260829-143116_perlmutter_c84bfd4a,l01_slipstream_trace-610042_b8_k8_isolated,isolated,flux,19,3,l1_ms,6.775136,recorder
20260829-143116_perlmutter_c84bfd4a,l01_slipstream_trace-610042_b8_k8_isolated,isolated,flux,19,4,l1_ms,6.988736,recorder
20260829-143116_perlmutter_c84bfd4a,l01_slipstream_trace-610042_b8_k8_isolated,isolated,flux,19,5,l1_ms,6.847712,recorder
20260829-143116_perlmutter_c84bfd4a,l01_slipstream_trace-610042_b8_k8_isolated,isolated,flux,19,6,l1_ms,6.950176,recorder
20260829-143116_perlmutter_c84bfd4a,l01_slipstream_trace-610042_b8_k8_isolated,isolated,flux,19,7,l1_ms,6.948736,recorder
20260829-143116_perlmutter_c84bfd4a,l01_slipstream_trace-610042_b8_k8_isolated,isolated,flux,19,8,l1_ms,6.833568,recorder
20260829-143116_perlmutter_c84bfd4a,l01_slipstream_trace-610042_b8_k8_isolated,isolated,flux,19,9,l1_ms,6.85792,recorder
20260829-143116_perlmutter_c84bfd4a,l01_slipstream_trace-610042_b8_k8_isolated,isolated,flux,19,0,plan_comm_ms,0.342208,recorder
20260829-143116_perlmutter_c84bfd4a,l01_slipstream_trace-610042_b8_k8_isolated,isolated,flux,19,1,plan_comm_ms,0.319648,recorder
20260829-143116_perlmutter_c84bfd4a,l01_slipstream_trace-610042_b8_k8_isolated,isolated,flux,19,2,plan_comm_ms,0.27184,recorder
20260829-143116_perlmutter_c84bfd4a,l01_slipstream_trace-610042_b8_k8_isolated,isolated,flux,19,3,plan_comm_ms,0.27344,recorder
20260829-143116_perlmutter_c84bfd4a,l01_slipstream_trace-610042_b8_k8_isolated,isolated,flux,19,4,plan_comm_ms,0.838976,recorder
20260829-143116_perlmutter_c84bfd4a,l01_slipstream_trace-610042_b8_k8_isolated,isolated,flux,19,5,plan_comm_ms,0.606464,recorder
20260829-143116_perlmutter_c84bfd4a,l01_slipstream_trace-610042_b8_k8_isolated,isolated,flux,19,6,plan_comm_ms,0.663424,recorder
20260829-143116_perlmutter_c84bfd4a,l01_slipstream_trace-610042_b8_k8_isolated,isolated,flux,19,7,plan_comm_ms,0.251136,recorder
20260829-143116_perlmutter_c84bfd4a,l01_slipstream_trace-610042_b8_k8_isolated,isolated,flux,19,8,plan_comm_ms,0.27024,recorder
20260829-143116_perlmutter_c84bfd4a,l01_slipstream_trace-610042_b8_k8_isolated,isolated,flux,19,9,plan_comm_ms,0.63184,recorder
20260829-143116_perlmutter_c84bfd4a,l01_slipstream_trace-610042_b8_k8_isolated,isolated,flux,19,0,plan_ms,0.612256,recorder
20260829-143116_perlmutter_c84bfd4a,l01_slipstream_trace-610042_b8_k8_isolated,isolated,flux,19,1,plan_ms,0.611872,recorder
20260829-143116_perlmutter_c84bfd4a,l01_slipstream_trace-610042_b8_k8_isolated,isolated,flux,19,2,plan_ms,0.613664,recorder
20260829-143116_perlmutter_c84bfd4a,l01_slipstream_trace-610042_b8_k8_isolated,isolated,flux,19,3,plan_ms,0.613376,recorder
20260829-143116_perlmutter_c84bfd4a,l01_slipstream_trace-610042_b8_k8_isolated,isolated,flux,19,4,plan_ms,0.61296,recorder
20260829-143116_perlmutter_c84bfd4a,l01_slipstream_trace-610042_b8_k8_isolated,isolated,flux,19,5,plan_ms,0.6072,recorder
20260829-143116_perlmutter_c84bfd4a,l01_slipstream_trace-610042_b8_k8_isolated,isolated,flux,19,6,plan_ms,0.607008,recorder
20260829-143116_perlmutter_c84bfd4a,l01_slipstream_trace-610042_b8_k8_isolated,isolated,flux,19,7,plan_ms,0.611296,recorder
20260829-143116_perlmutter_c84bfd4a,l01_slipstream_trace-610042_b8_k8_isolated,isolated,flux,19,8,plan_ms,0.607968,recorder
20260829-143116_perlmutter_c84bfd4a,l01_slipstream_trace-610042_b8_k8_isolated,isolated,flux,19,9,plan_ms,0.606464,recorder
20260829-143116_perlmutter_c84bfd4a,l01_slipstream_trace-610042_b8_k8_isolated,isolated,flux,19,0,total_ms,14.317888,recorder
20260829-143116_perlmutter_c84bfd4a,l01_slipstream_trace-610042_b8_k8_isolated,isolated,flux,19,1,total_ms,14.866496,recorder
20260829-143116_perlmutter_c84bfd4a,l01_slipstream_trace-610042_b8_k8_isolated,isolated,flux,19,2,total_ms,13.907872,recorder
20260829-143116_perlmutter_c84bfd4a,l01_slipstream_trace-610042_b8_k8_isolated,isolated,flux,19,3,total_ms,13.806272,recorder
20260829-143116_perlmutter_c84bfd4a,l01_slipstream_trace-610042_b8_k8_isolated,isolated,flux,19,4,total_ms,14.658528,recorder
20260829-143116_perlmutter_c84bfd4a,l01_slipstream_trace-610042_b8_k8_isolated,isolated,flux,19,5,total_ms,14.454944,recorder
20260829-143116_perlmutter_c84bfd4a,l01_slipstream_trace-610042_b8_k8_isolated,isolated,flux,19,6,total_ms,14.635968,recorder
20260829-143116_perlmutter_c84bfd4a,l01_slipstream_trace-610042_b8_k8_isolated,isolated,flux,19,7,total_ms,14.169184,recorder
20260829-143116_perlmutter_c84bfd4a,l01_slipstream_trace-610042_b8_k8_isolated,isolated,flux,19,8,total_ms,14.00576,recorder
20260829-143116_perlmutter_c84bfd4a,l01_slipstream_trace-610042_b8_k8_isolated,isolated,flux,19,9,total_ms,14.021024,recorder
20260829-143116_perlmutter_c84bfd4a,l01_slipstream_trace-610042_b8_k8_isolated,isolated,flux,19,0,iso_sync_ms,12.450655,recorder
20260829-143116_perlmutter_c84bfd4a,l01_slipstream_trace-610042_b8_k8_isolated,isolated,flux,19,1,iso_sync_ms,12.97071,recorder
20260829-143116_perlmutter_c84bfd4a,l01_slipstream_trace-610042_b8_k8_isolated,isolated,flux,19,2,iso_sync_ms,13.451589,recorder
20260829-143116_perlmutter_c84bfd4a,l01_slipstream_trace-610042_b8_k8_isolated,isolated,flux,19,3,iso_sync_ms,12.309052,recorder
20260829-143116_perlmutter_c84bfd4a,l01_slipstream_trace-610042_b8_k8_isolated,isolated,flux,19,4,iso_sync_ms,12.645192,recorder
20260829-143116_perlmutter_c84bfd4a,l01_slipstream_trace-610042_b8_k8_isolated,isolated,flux,19,5,iso_sync_ms,12.203979,recorder
20260829-143116_perlmutter_c84bfd4a,l01_slipstream_trace-610042_b8_k8_isolated,isolated,flux,19,6,iso_sync_ms,12.760664,recorder
20260829-143116_perlmutter_c84bfd4a,l01_slipstream_trace-610042_b8_k8_isolated,isolated,flux,19,7,iso_sync_ms,12.785283,recorder
20260829-143116_perlmutter_c84bfd4a,l01_slipstream_trace-610042_b8_k8_isolated,isolated,flux,19,8,iso_sync_ms,12.348298,recorder
20260829-143116_perlmutter_c84bfd4a,l01_slipstream_trace-610042_b8_k8_isolated,isolated,flux,19,9,iso_sync_ms,12.513487,recorder
20260829-143116_perlmutter_c84bfd4a,l01_slipstream_trace-610042_b8_k8_isolated,isolated,flux,20,0,e2e_ms,13.323744,recorder
20260829-143116_perlmutter_c84bfd4a,l01_slipstream_trace-610042_b8_k8_isolated,isolated,flux,20,1,e2e_ms,13.881024,recorder
20260829-143116_perlmutter_c84bfd4a,l01_slipstream_trace-610042_b8_k8_isolated,isolated,flux,20,2,e2e_ms,12.970336,recorder
20260829-143116_perlmutter_c84bfd4a,l01_slipstream_trace-610042_b8_k8_isolated,isolated,flux,20,3,e2e_ms,12.884992,recorder
20260829-143116_perlmutter_c84bfd4a,l01_slipstream_trace-610042_b8_k8_isolated,isolated,flux,20,4,e2e_ms,13.166304,recorder
20260829-143116_perlmutter_c84bfd4a,l01_slipstream_trace-610042_b8_k8_isolated,isolated,flux,20,5,e2e_ms,13.207712,recorder
20260829-143116_perlmutter_c84bfd4a,l01_slipstream_trace-610042_b8_k8_isolated,isolated,flux,20,6,e2e_ms,13.354048,recorder
20260829-143116_perlmutter_c84bfd4a,l01_slipstream_trace-610042_b8_k8_isolated,isolated,flux,20,7,e2e_ms,13.271136,recorder
20260829-143116_perlmutter_c84bfd4a,l01_slipstream_trace-610042_b8_k8_isolated,isolated,flux,20,8,e2e_ms,13.063872,recorder
20260829-143116_perlmutter_c84bfd4a,l01_slipstream_trace-610042_b8_k8_isolated,isolated,flux,20,9,e2e_ms,12.772288,recorder
20260829-143116_perlmutter_c84bfd4a,l01_slipstream_trace-610042_b8_k8_isolated,isolated,flux,20,0,l0_ms,6.354464,recorder
20260829-143116_perlmutter_c84bfd4a,l01_slipstream_trace-610042_b8_k8_isolated,isolated,flux,20,1,l0_ms,6.443072,recorder
20260829-143116_perlmutter_c84bfd4a,l01_slipstream_trace-610042_b8_k8_isolated,isolated,flux,20,2,l0_ms,6.271168,recorder
20260829-143116_perlmutter_c84bfd4a,l01_slipstream_trace-610042_b8_k8_isolated,isolated,flux,20,3,l0_ms,6.076992,recorder
20260829-143116_perlmutter_c84bfd4a,l01_slipstream_trace-610042_b8_k8_isolated,isolated,flux,20,4,l0_ms,6.129696,recorder
20260829-143116_perlmutter_c84bfd4a,l01_slipstream_trace-610042_b8_k8_isolated,isolated,flux,20,5,l0_ms,6.314144,recorder
20260829-143116_perlmutter_c84bfd4a,l01_slipstream_trace-610042_b8_k8_isolated,isolated,flux,20,6,l0_ms,6.35824,recorder
20260829-143116_perlmutter_c84bfd4a,l01_slipstream_trace-610042_b8_k8_isolated,isolated,flux,20,7,l0_ms,6.282176,recorder
20260829-143116_perlmutter_c84bfd4a,l01_slipstream_trace-610042_b8_k8_isolated,isolated,flux,20,8,l0_ms,6.201152,recorder
20260829-143116_perlmutter_c84bfd4a,l01_slipstream_trace-610042_b8_k8_isolated,isolated,flux,20,9,l0_ms,5.891808,recorder
20260829-143116_perlmutter_c84bfd4a,l01_slipstream_trace-610042_b8_k8_isolated,isolated,flux,20,0,act_ms,0.038592,recorder
20260829-143116_perlmutter_c84bfd4a,l01_slipstream_trace-610042_b8_k8_isolated,isolated,flux,20,1,act_ms,0.038912,recorder
20260829-143116_perlmutter_c84bfd4a,l01_slipstream_trace-610042_b8_k8_isolated,isolated,flux,20,2,act_ms,0.038272,recorder
20260829-143116_perlmutter_c84bfd4a,l01_slipstream_trace-610042_b8_k8_isolated,isolated,flux,20,3,act_ms,0.038208,recorder
20260829-143116_perlmutter_c84bfd4a,l01_slipstream_trace-610042_b8_k8_isolated,isolated,flux,20,4,act_ms,0.038752,recorder
20260829-143116_perlmutter_c84bfd4a,l01_slipstream_trace-610042_b8_k8_isolated,isolated,flux,20,5,act_ms,0.038688,recorder
20260829-143116_perlmutter_c84bfd4a,l01_slipstream_trace-610042_b8_k8_isolated,isolated,flux,20,6,act_ms,0.038496,recorder
20260829-143116_perlmutter_c84bfd4a,l01_slipstream_trace-610042_b8_k8_isolated,isolated,flux,20,7,act_ms,0.04,recorder
20260829-143116_perlmutter_c84bfd4a,l01_slipstream_trace-610042_b8_k8_isolated,isolated,flux,20,8,act_ms,0.038624,recorder
20260829-143116_perlmutter_c84bfd4a,l01_slipstream_trace-610042_b8_k8_isolated,isolated,flux,20,9,act_ms,0.0392,recorder
20260829-143116_perlmutter_c84bfd4a,l01_slipstream_trace-610042_b8_k8_isolated,isolated,flux,20,0,l1_ms,6.930688,recorder
20260829-143116_perlmutter_c84bfd4a,l01_slipstream_trace-610042_b8_k8_isolated,isolated,flux,20,1,l1_ms,7.39904,recorder
20260829-143116_perlmutter_c84bfd4a,l01_slipstream_trace-610042_b8_k8_isolated,isolated,flux,20,2,l1_ms,6.660896,recorder
20260829-143116_perlmutter_c84bfd4a,l01_slipstream_trace-610042_b8_k8_isolated,isolated,flux,20,3,l1_ms,6.769792,recorder
20260829-143116_perlmutter_c84bfd4a,l01_slipstream_trace-610042_b8_k8_isolated,isolated,flux,20,4,l1_ms,6.997856,recorder
20260829-143116_perlmutter_c84bfd4a,l01_slipstream_trace-610042_b8_k8_isolated,isolated,flux,20,5,l1_ms,6.85488,recorder
20260829-143116_perlmutter_c84bfd4a,l01_slipstream_trace-610042_b8_k8_isolated,isolated,flux,20,6,l1_ms,6.957312,recorder
20260829-143116_perlmutter_c84bfd4a,l01_slipstream_trace-610042_b8_k8_isolated,isolated,flux,20,7,l1_ms,6.94896,recorder
20260829-143116_perlmutter_c84bfd4a,l01_slipstream_trace-610042_b8_k8_isolated,isolated,flux,20,8,l1_ms,6.824096,recorder
20260829-143116_perlmutter_c84bfd4a,l01_slipstream_trace-610042_b8_k8_isolated,isolated,flux,20,9,l1_ms,6.84128,recorder
20260829-143116_perlmutter_c84bfd4a,l01_slipstream_trace-610042_b8_k8_isolated,isolated,flux,20,0,plan_comm_ms,0.286208,recorder
20260829-143116_perlmutter_c84bfd4a,l01_slipstream_trace-610042_b8_k8_isolated,isolated,flux,20,1,plan_comm_ms,0.290016,recorder
20260829-143116_perlmutter_c84bfd4a,l01_slipstream_trace-610042_b8_k8_isolated,isolated,flux,20,2,plan_comm_ms,0.286304,recorder
20260829-143116_perlmutter_c84bfd4a,l01_slipstream_trace-610042_b8_k8_isolated,isolated,flux,20,3,plan_comm_ms,0.271328,recorder
20260829-143116_perlmutter_c84bfd4a,l01_slipstream_trace-610042_b8_k8_isolated,isolated,flux,20,4,plan_comm_ms,0.873184,recorder
20260829-143116_perlmutter_c84bfd4a,l01_slipstream_trace-610042_b8_k8_isolated,isolated,flux,20,5,plan_comm_ms,0.630912,recorder
20260829-143116_perlmutter_c84bfd4a,l01_slipstream_trace-610042_b8_k8_isolated,isolated,flux,20,6,plan_comm_ms,0.670912,recorder
20260829-143116_perlmutter_c84bfd4a,l01_slipstream_trace-610042_b8_k8_isolated,isolated,flux,20,7,plan_comm_ms,0.268352,recorder
20260829-143116_perlmutter_c84bfd4a,l01_slipstream_trace-610042_b8_k8_isolated,isolated,flux,20,8,plan_comm_ms,0.290944,recorder
20260829-143116_perlmutter_c84bfd4a,l01_slipstream_trace-610042_b8_k8_isolated,isolated,flux,20,9,plan_comm_ms,0.615552,recorder
20260829-143116_perlmutter_c84bfd4a,l01_slipstream_trace-610042_b8_k8_isolated,isolated,flux,20,0,plan_ms,0.637312,recorder
20260829-143116_perlmutter_c84bfd4a,l01_slipstream_trace-610042_b8_k8_isolated,isolated,flux,20,1,plan_ms,0.623424,recorder
20260829-143116_perlmutter_c84bfd4a,l01_slipstream_trace-610042_b8_k8_isolated,isolated,flux,20,2,plan_ms,0.62112,recorder
20260829-143116_perlmutter_c84bfd4a,l01_slipstream_trace-610042_b8_k8_isolated,isolated,flux,20,3,plan_ms,0.6328,recorder
20260829-143116_perlmutter_c84bfd4a,l01_slipstream_trace-610042_b8_k8_isolated,isolated,flux,20,4,plan_ms,0.626592,recorder
20260829-143116_perlmutter_c84bfd4a,l01_slipstream_trace-610042_b8_k8_isolated,isolated,flux,20,5,plan_ms,0.61536,recorder
20260829-143116_perlmutter_c84bfd4a,l01_slipstream_trace-610042_b8_k8_isolated,isolated,flux,20,6,plan_ms,0.61536,recorder
20260829-143116_perlmutter_c84bfd4a,l01_slipstream_trace-610042_b8_k8_isolated,isolated,flux,20,7,plan_ms,0.620576,recorder
20260829-143116_perlmutter_c84bfd4a,l01_slipstream_trace-610042_b8_k8_isolated,isolated,flux,20,8,plan_ms,0.63072,recorder
20260829-143116_perlmutter_c84bfd4a,l01_slipstream_trace-610042_b8_k8_isolated,isolated,flux,20,9,plan_ms,0.613984,recorder
20260829-143116_perlmutter_c84bfd4a,l01_slipstream_trace-610042_b8_k8_isolated,isolated,flux,20,0,total_ms,14.2496,recorder
20260829-143116_perlmutter_c84bfd4a,l01_slipstream_trace-610042_b8_k8_isolated,isolated,flux,20,1,total_ms,14.7968,recorder
20260829-143116_perlmutter_c84bfd4a,l01_slipstream_trace-610042_b8_k8_isolated,isolated,flux,20,2,total_ms,13.880128,recorder
20260829-143116_perlmutter_c84bfd4a,l01_slipstream_trace-610042_b8_k8_isolated,isolated,flux,20,3,total_ms,13.79152,recorder
20260829-143116_perlmutter_c84bfd4a,l01_slipstream_trace-610042_b8_k8_isolated,isolated,flux,20,4,total_ms,14.668416,recorder
20260829-143116_perlmutter_c84bfd4a,l01_slipstream_trace-610042_b8_k8_isolated,isolated,flux,20,5,total_ms,14.45632,recorder
20260829-143116_perlmutter_c84bfd4a,l01_slipstream_trace-610042_b8_k8_isolated,isolated,flux,20,6,total_ms,14.642656,recorder
20260829-143116_perlmutter_c84bfd4a,l01_slipstream_trace-610042_b8_k8_isolated,isolated,flux,20,7,total_ms,14.1624,recorder
20260829-143116_perlmutter_c84bfd4a,l01_slipstream_trace-610042_b8_k8_isolated,isolated,flux,20,8,total_ms,13.988448,recorder
20260829-143116_perlmutter_c84bfd4a,l01_slipstream_trace-610042_b8_k8_isolated,isolated,flux,20,9,total_ms,14.004128,recorder
20260829-143116_perlmutter_c84bfd4a,l01_slipstream_trace-610042_b8_k8_isolated,isolated,flux,20,0,iso_sync_ms,12.845451,recorder
20260829-143116_perlmutter_c84bfd4a,l01_slipstream_trace-610042_b8_k8_isolated,isolated,flux,20,1,iso_sync_ms,13.02074,recorder
20260829-143116_perlmutter_c84bfd4a,l01_slipstream_trace-610042_b8_k8_isolated,isolated,flux,20,2,iso_sync_ms,13.406779,recorder
20260829-143116_perlmutter_c84bfd4a,l01_slipstream_trace-610042_b8_k8_isolated,isolated,flux,20,3,iso_sync_ms,12.321816,recorder
20260829-143116_perlmutter_c84bfd4a,l01_slipstream_trace-610042_b8_k8_isolated,isolated,flux,20,4,iso_sync_ms,12.655122,recorder
20260829-143116_perlmutter_c84bfd4a,l01_slipstream_trace-610042_b8_k8_isolated,isolated,flux,20,5,iso_sync_ms,12.238364,recorder
20260829-143116_perlmutter_c84bfd4a,l01_slipstream_trace-610042_b8_k8_isolated,isolated,flux,20,6,iso_sync_ms,12.787798,recorder
20260829-143116_perlmutter_c84bfd4a,l01_slipstream_trace-610042_b8_k8_isolated,isolated,flux,20,7,iso_sync_ms,12.778961,recorder
20260829-143116_perlmutter_c84bfd4a,l01_slipstream_trace-610042_b8_k8_isolated,isolated,flux,20,8,iso_sync_ms,12.32909,recorder
20260829-143116_perlmutter_c84bfd4a,l01_slipstream_trace-610042_b8_k8_isolated,isolated,flux,20,9,iso_sync_ms,12.47397,recorder
20260829-143116_perlmutter_c84bfd4a,l01_slipstream_trace-610042_b8_k8_isolated,isolated,flux,21,0,e2e_ms,13.339904,recorder
20260829-143116_perlmutter_c84bfd4a,l01_slipstream_trace-610042_b8_k8_isolated,isolated,flux,21,1,e2e_ms,13.90208,recorder
20260829-143116_perlmutter_c84bfd4a,l01_slipstream_trace-610042_b8_k8_isolated,isolated,flux,21,2,e2e_ms,12.984672,recorder
20260829-143116_perlmutter_c84bfd4a,l01_slipstream_trace-610042_b8_k8_isolated,isolated,flux,21,3,e2e_ms,12.895968,recorder
20260829-143116_perlmutter_c84bfd4a,l01_slipstream_trace-610042_b8_k8_isolated,isolated,flux,21,4,e2e_ms,13.16704,recorder
20260829-143116_perlmutter_c84bfd4a,l01_slipstream_trace-610042_b8_k8_isolated,isolated,flux,21,5,e2e_ms,13.210048,recorder
20260829-143116_perlmutter_c84bfd4a,l01_slipstream_trace-610042_b8_k8_isolated,isolated,flux,21,6,e2e_ms,13.34304,recorder
20260829-143116_perlmutter_c84bfd4a,l01_slipstream_trace-610042_b8_k8_isolated,isolated,flux,21,7,e2e_ms,13.252896,recorder
20260829-143116_perlmutter_c84bfd4a,l01_slipstream_trace-610042_b8_k8_isolated,isolated,flux,21,8,e2e_ms,13.068672,recorder
20260829-143116_perlmutter_c84bfd4a,l01_slipstream_trace-610042_b8_k8_isolated,isolated,flux,21,9,e2e_ms,12.784032,recorder
20260829-143116_perlmutter_c84bfd4a,l01_slipstream_trace-610042_b8_k8_isolated,isolated,flux,21,0,l0_ms,6.364768,recorder
20260829-143116_perlmutter_c84bfd4a,l01_slipstream_trace-610042_b8_k8_isolated,isolated,flux,21,1,l0_ms,6.458752,recorder
20260829-143116_perlmutter_c84bfd4a,l01_slipstream_trace-610042_b8_k8_isolated,isolated,flux,21,2,l0_ms,6.286432,recorder
20260829-143116_perlmutter_c84bfd4a,l01_slipstream_trace-610042_b8_k8_isolated,isolated,flux,21,3,l0_ms,6.095936,recorder
20260829-143116_perlmutter_c84bfd4a,l01_slipstream_trace-610042_b8_k8_isolated,isolated,flux,21,4,l0_ms,6.149888,recorder
20260829-143116_perlmutter_c84bfd4a,l01_slipstream_trace-610042_b8_k8_isolated,isolated,flux,21,5,l0_ms,6.326432,recorder
20260829-143116_perlmutter_c84bfd4a,l01_slipstream_trace-610042_b8_k8_isolated,isolated,flux,21,6,l0_ms,6.369344,recorder
20260829-143116_perlmutter_c84bfd4a,l01_slipstream_trace-610042_b8_k8_isolated,isolated,flux,21,7,l0_ms,6.264,recorder
20260829-143116_perlmutter_c84bfd4a,l01_slipstream_trace-610042_b8_k8_isolated,isolated,flux,21,8,l0_ms,6.21072,recorder
20260829-143116_perlmutter_c84bfd4a,l01_slipstream_trace-610042_b8_k8_isolated,isolated,flux,21,9,l0_ms,5.907552,recorder
20260829-143116_perlmutter_c84bfd4a,l01_slipstream_trace-610042_b8_k8_isolated,isolated,flux,21,0,act_ms,0.032576,recorder
20260829-143116_perlmutter_c84bfd4a,l01_slipstream_trace-610042_b8_k8_isolated,isolated,flux,21,1,act_ms,0.031872,recorder
20260829-143116_perlmutter_c84bfd4a,l01_slipstream_trace-610042_b8_k8_isolated,isolated,flux,21,2,act_ms,0.031936,recorder
20260829-143116_perlmutter_c84bfd4a,l01_slipstream_trace-610042_b8_k8_isolated,isolated,flux,21,3,act_ms,0.032448,recorder
20260829-143116_perlmutter_c84bfd4a,l01_slipstream_trace-610042_b8_k8_isolated,isolated,flux,21,4,act_ms,0.034784,recorder
20260829-143116_perlmutter_c84bfd4a,l01_slipstream_trace-610042_b8_k8_isolated,isolated,flux,21,5,act_ms,0.031648,recorder
20260829-143116_perlmutter_c84bfd4a,l01_slipstream_trace-610042_b8_k8_isolated,isolated,flux,21,6,act_ms,0.032992,recorder
20260829-143116_perlmutter_c84bfd4a,l01_slipstream_trace-610042_b8_k8_isolated,isolated,flux,21,7,act_ms,0.033696,recorder
20260829-143116_perlmutter_c84bfd4a,l01_slipstream_trace-610042_b8_k8_isolated,isolated,flux,21,8,act_ms,0.031392,recorder
20260829-143116_perlmutter_c84bfd4a,l01_slipstream_trace-610042_b8_k8_isolated,isolated,flux,21,9,act_ms,0.035072,recorder
20260829-143116_perlmutter_c84bfd4a,l01_slipstream_trace-610042_b8_k8_isolated,isolated,flux,21,0,l1_ms,6.94256,recorder
20260829-143116_perlmutter_c84bfd4a,l01_slipstream_trace-610042_b8_k8_isolated,isolated,flux,21,1,l1_ms,7.411456,recorder
20260829-143116_perlmutter_c84bfd4a,l01_slipstream_trace-610042_b8_k8_isolated,isolated,flux,21,2,l1_ms,6.666304,recorder
20260829-143116_perlmutter_c84bfd4a,l01_slipstream_trace-610042_b8_k8_isolated,isolated,flux,21,3,l1_ms,6.767584,recorder
20260829-143116_perlmutter_c84bfd4a,l01_slipstream_trace-610042_b8_k8_isolated,isolated,flux,21,4,l1_ms,6.982368,recorder
20260829-143116_perlmutter_c84bfd4a,l01_slipstream_trace-610042_b8_k8_isolated,isolated,flux,21,5,l1_ms,6.851968,recorder
20260829-143116_perlmutter_c84bfd4a,l01_slipstream_trace-610042_b8_k8_isolated,isolated,flux,21,6,l1_ms,6.940704,recorder
20260829-143116_perlmutter_c84bfd4a,l01_slipstream_trace-610042_b8_k8_isolated,isolated,flux,21,7,l1_ms,6.9552,recorder
20260829-143116_perlmutter_c84bfd4a,l01_slipstream_trace-610042_b8_k8_isolated,isolated,flux,21,8,l1_ms,6.82656,recorder
20260829-143116_perlmutter_c84bfd4a,l01_slipstream_trace-610042_b8_k8_isolated,isolated,flux,21,9,l1_ms,6.841408,recorder
20260829-143116_perlmutter_c84bfd4a,l01_slipstream_trace-610042_b8_k8_isolated,isolated,flux,21,0,plan_comm_ms,0.29008,recorder
20260829-143116_perlmutter_c84bfd4a,l01_slipstream_trace-610042_b8_k8_isolated,isolated,flux,21,1,plan_comm_ms,0.293984,recorder
20260829-143116_perlmutter_c84bfd4a,l01_slipstream_trace-610042_b8_k8_isolated,isolated,flux,21,2,plan_comm_ms,0.29872,recorder
20260829-143116_perlmutter_c84bfd4a,l01_slipstream_trace-610042_b8_k8_isolated,isolated,flux,21,3,plan_comm_ms,0.27712,recorder
20260829-143116_perlmutter_c84bfd4a,l01_slipstream_trace-610042_b8_k8_isolated,isolated,flux,21,4,plan_comm_ms,0.876704,recorder
20260829-143116_perlmutter_c84bfd4a,l01_slipstream_trace-610042_b8_k8_isolated,isolated,flux,21,5,plan_comm_ms,0.632608,recorder
20260829-143116_perlmutter_c84bfd4a,l01_slipstream_trace-610042_b8_k8_isolated,isolated,flux,21,6,plan_comm_ms,0.673376,recorder
20260829-143116_perlmutter_c84bfd4a,l01_slipstream_trace-610042_b8_k8_isolated,isolated,flux,21,7,plan_comm_ms,0.27104,recorder
20260829-143116_perlmutter_c84bfd4a,l01_slipstream_trace-610042_b8_k8_isolated,isolated,flux,21,8,plan_comm_ms,0.292768,recorder
20260829-143116_perlmutter_c84bfd4a,l01_slipstream_trace-610042_b8_k8_isolated,isolated,flux,21,9,plan_comm_ms,0.612896,recorder
20260829-143116_perlmutter_c84bfd4a,l01_slipstream_trace-610042_b8_k8_isolated,isolated,flux,21,0,plan_ms,0.62624,recorder
20260829-143116_perlmutter_c84bfd4a,l01_slipstream_trace-610042_b8_k8_isolated,isolated,flux,21,1,plan_ms,0.610208,recorder
20260829-143116_perlmutter_c84bfd4a,l01_slipstream_trace-610042_b8_k8_isolated,isolated,flux,21,2,plan_ms,0.612224,recorder
20260829-143116_perlmutter_c84bfd4a,l01_slipstream_trace-610042_b8_k8_isolated,isolated,flux,21,3,plan_ms,0.612448,recorder
20260829-143116_perlmutter_c84bfd4a,l01_slipstream_trace-610042_b8_k8_isolated,isolated,flux,21,4,plan_ms,0.61424,recorder
20260829-143116_perlmutter_c84bfd4a,l01_slipstream_trace-610042_b8_k8_isolated,isolated,flux,21,5,plan_ms,0.607808,recorder
20260829-143116_perlmutter_c84bfd4a,l01_slipstream_trace-610042_b8_k8_isolated,isolated,flux,21,6,plan_ms,0.611776,recorder
20260829-143116_perlmutter_c84bfd4a,l01_slipstream_trace-610042_b8_k8_isolated,isolated,flux,21,7,plan_ms,0.640512,recorder
20260829-143116_perlmutter_c84bfd4a,l01_slipstream_trace-610042_b8_k8_isolated,isolated,flux,21,8,plan_ms,0.626976,recorder
20260829-143116_perlmutter_c84bfd4a,l01_slipstream_trace-610042_b8_k8_isolated,isolated,flux,21,9,plan_ms,0.609408,recorder
20260829-143116_perlmutter_c84bfd4a,l01_slipstream_trace-610042_b8_k8_isolated,isolated,flux,21,0,total_ms,14.258528,recorder
20260829-143116_perlmutter_c84bfd4a,l01_slipstream_trace-610042_b8_k8_isolated,isolated,flux,21,1,total_ms,14.808608,recorder
20260829-143116_perlmutter_c84bfd4a,l01_slipstream_trace-610042_b8_k8_isolated,isolated,flux,21,2,total_ms,13.897952,recorder
20260829-143116_perlmutter_c84bfd4a,l01_slipstream_trace-610042_b8_k8_isolated,isolated,flux,21,3,total_ms,13.787872,recorder
20260829-143116_perlmutter_c84bfd4a,l01_slipstream_trace-610042_b8_k8_isolated,isolated,flux,21,4,total_ms,14.660288,recorder
20260829-143116_perlmutter_c84bfd4a,l01_slipstream_trace-610042_b8_k8_isolated,isolated,flux,21,5,total_ms,14.452768,recorder
20260829-143116_perlmutter_c84bfd4a,l01_slipstream_trace-610042_b8_k8_isolated,isolated,flux,21,6,total_ms,14.630496,recorder
20260829-143116_perlmutter_c84bfd4a,l01_slipstream_trace-610042_b8_k8_isolated,isolated,flux,21,7,total_ms,14.166752,recorder
20260829-143116_perlmutter_c84bfd4a,l01_slipstream_trace-610042_b8_k8_isolated,isolated,flux,21,8,total_ms,13.990848,recorder
20260829-143116_perlmutter_c84bfd4a,l01_slipstream_trace-610042_b8_k8_isolated,isolated,flux,21,9,total_ms,14.008672,recorder
20260829-143116_perlmutter_c84bfd4a,l01_slipstream_trace-610042_b8_k8_isolated,isolated,flux,21,0,iso_sync_ms,12.780274,recorder
20260829-143116_perlmutter_c84bfd4a,l01_slipstream_trace-610042_b8_k8_isolated,isolated,flux,21,1,iso_sync_ms,12.951907,recorder
20260829-143116_perlmutter_c84bfd4a,l01_slipstream_trace-610042_b8_k8_isolated,isolated,flux,21,2,iso_sync_ms,13.368945,recorder
20260829-143116_perlmutter_c84bfd4a,l01_slipstream_trace-610042_b8_k8_isolated,isolated,flux,21,3,iso_sync_ms,12.271378,recorder
20260829-143116_perlmutter_c84bfd4a,l01_slipstream_trace-610042_b8_k8_isolated,isolated,flux,21,4,iso_sync_ms,12.586749,recorder
20260829-143116_perlmutter_c84bfd4a,l01_slipstream_trace-610042_b8_k8_isolated,isolated,flux,21,5,iso_sync_ms,12.201573,recorder
20260829-143116_perlmutter_c84bfd4a,l01_slipstream_trace-610042_b8_k8_isolated,isolated,flux,21,6,iso_sync_ms,12.75732,recorder
20260829-143116_perlmutter_c84bfd4a,l01_slipstream_trace-610042_b8_k8_isolated,isolated,flux,21,7,iso_sync_ms,12.734295,recorder
20260829-143116_perlmutter_c84bfd4a,l01_slipstream_trace-610042_b8_k8_isolated,isolated,flux,21,8,iso_sync_ms,12.255007,recorder
20260829-143116_perlmutter_c84bfd4a,l01_slipstream_trace-610042_b8_k8_isolated,isolated,flux,21,9,iso_sync_ms,12.451277,recorder
20260829-143116_perlmutter_c84bfd4a,l01_slipstream_trace-610042_b8_k8_isolated,isolated,flux,22,0,e2e_ms,13.318048,recorder
20260829-143116_perlmutter_c84bfd4a,l01_slipstream_trace-610042_b8_k8_isolated,isolated,flux,22,1,e2e_ms,13.872224,recorder
20260829-143116_perlmutter_c84bfd4a,l01_slipstream_trace-610042_b8_k8_isolated,isolated,flux,22,2,e2e_ms,12.970016,recorder
20260829-143116_perlmutter_c84bfd4a,l01_slipstream_trace-610042_b8_k8_isolated,isolated,flux,22,3,e2e_ms,12.885408,recorder
20260829-143116_perlmutter_c84bfd4a,l01_slipstream_trace-610042_b8_k8_isolated,isolated,flux,22,4,e2e_ms,13.157696,recorder
20260829-143116_perlmutter_c84bfd4a,l01_slipstream_trace-610042_b8_k8_isolated,isolated,flux,22,5,e2e_ms,13.195456,recorder
20260829-143116_perlmutter_c84bfd4a,l01_slipstream_trace-610042_b8_k8_isolated,isolated,flux,22,6,e2e_ms,13.332928,recorder
20260829-143116_perlmutter_c84bfd4a,l01_slipstream_trace-610042_b8_k8_isolated,isolated,flux,22,7,e2e_ms,13.255616,recorder
20260829-143116_perlmutter_c84bfd4a,l01_slipstream_trace-610042_b8_k8_isolated,isolated,flux,22,8,e2e_ms,13.04864,recorder
20260829-143116_perlmutter_c84bfd4a,l01_slipstream_trace-610042_b8_k8_isolated,isolated,flux,22,9,e2e_ms,12.7656,recorder
20260829-143116_perlmutter_c84bfd4a,l01_slipstream_trace-610042_b8_k8_isolated,isolated,flux,22,0,l0_ms,6.34272,recorder
20260829-143116_perlmutter_c84bfd4a,l01_slipstream_trace-610042_b8_k8_isolated,isolated,flux,22,1,l0_ms,6.434176,recorder
20260829-143116_perlmutter_c84bfd4a,l01_slipstream_trace-610042_b8_k8_isolated,isolated,flux,22,2,l0_ms,6.266016,recorder
20260829-143116_perlmutter_c84bfd4a,l01_slipstream_trace-610042_b8_k8_isolated,isolated,flux,22,3,l0_ms,6.102976,recorder
20260829-143116_perlmutter_c84bfd4a,l01_slipstream_trace-610042_b8_k8_isolated,isolated,flux,22,4,l0_ms,6.13568,recorder
20260829-143116_perlmutter_c84bfd4a,l01_slipstream_trace-610042_b8_k8_isolated,isolated,flux,22,5,l0_ms,6.310272,recorder
20260829-143116_perlmutter_c84bfd4a,l01_slipstream_trace-610042_b8_k8_isolated,isolated,flux,22,6,l0_ms,6.339072,recorder
20260829-143116_perlmutter_c84bfd4a,l01_slipstream_trace-610042_b8_k8_isolated,isolated,flux,22,7,l0_ms,6.280416,recorder
20260829-143116_perlmutter_c84bfd4a,l01_slipstream_trace-610042_b8_k8_isolated,isolated,flux,22,8,l0_ms,6.187008,recorder
20260829-143116_perlmutter_c84bfd4a,l01_slipstream_trace-610042_b8_k8_isolated,isolated,flux,22,9,l0_ms,5.89488,recorder
20260829-143116_perlmutter_c84bfd4a,l01_slipstream_trace-610042_b8_k8_isolated,isolated,flux,22,0,act_ms,0.039712,recorder
20260829-143116_perlmutter_c84bfd4a,l01_slipstream_trace-610042_b8_k8_isolated,isolated,flux,22,1,act_ms,0.038016,recorder
20260829-143116_perlmutter_c84bfd4a,l01_slipstream_trace-610042_b8_k8_isolated,isolated,flux,22,2,act_ms,0.040576,recorder
20260829-143116_perlmutter_c84bfd4a,l01_slipstream_trace-610042_b8_k8_isolated,isolated,flux,22,3,act_ms,0.04096,recorder
20260829-143116_perlmutter_c84bfd4a,l01_slipstream_trace-610042_b8_k8_isolated,isolated,flux,22,4,act_ms,0.038496,recorder
20260829-143116_perlmutter_c84bfd4a,l01_slipstream_trace-610042_b8_k8_isolated,isolated,flux,22,5,act_ms,0.03824,recorder
20260829-143116_perlmutter_c84bfd4a,l01_slipstream_trace-610042_b8_k8_isolated,isolated,flux,22,6,act_ms,0.037824,recorder
20260829-143116_perlmutter_c84bfd4a,l01_slipstream_trace-610042_b8_k8_isolated,isolated,flux,22,7,act_ms,0.037728,recorder
20260829-143116_perlmutter_c84bfd4a,l01_slipstream_trace-610042_b8_k8_isolated,isolated,flux,22,8,act_ms,0.037728,recorder
20260829-143116_perlmutter_c84bfd4a,l01_slipstream_trace-610042_b8_k8_isolated,isolated,flux,22,9,act_ms,0.040384,recorder
20260829-143116_perlmutter_c84bfd4a,l01_slipstream_trace-610042_b8_k8_isolated,isolated,flux,22,0,l1_ms,6.935616,recorder
20260829-143116_perlmutter_c84bfd4a,l01_slipstream_trace-610042_b8_k8_isolated,isolated,flux,22,1,l1_ms,7.400032,recorder
20260829-143116_perlmutter_c84bfd4a,l01_slipstream_trace-610042_b8_k8_isolated,isolated,flux,22,2,l1_ms,6.663424,recorder
20260829-143116_perlmutter_c84bfd4a,l01_slipstream_trace-610042_b8_k8_isolated,isolated,flux,22,3,l1_ms,6.741472,recorder
20260829-143116_perlmutter_c84bfd4a,l01_slipstream_trace-610042_b8_k8_isolated,isolated,flux,22,4,l1_ms,6.98352,recorder
20260829-143116_perlmutter_c84bfd4a,l01_slipstream_trace-610042_b8_k8_isolated,isolated,flux,22,5,l1_ms,6.846944,recorder
20260829-143116_perlmutter_c84bfd4a,l01_slipstream_trace-610042_b8_k8_isolated,isolated,flux,22,6,l1_ms,6.956032,recorder
20260829-143116_perlmutter_c84bfd4a,l01_slipstream_trace-610042_b8_k8_isolated,isolated,flux,22,7,l1_ms,6.937472,recorder
20260829-143116_perlmutter_c84bfd4a,l01_slipstream_trace-610042_b8_k8_isolated,isolated,flux,22,8,l1_ms,6.823904,recorder
20260829-143116_perlmutter_c84bfd4a,l01_slipstream_trace-610042_b8_k8_isolated,isolated,flux,22,9,l1_ms,6.830336,recorder
20260829-143116_perlmutter_c84bfd4a,l01_slipstream_trace-610042_b8_k8_isolated,isolated,flux,22,0,plan_comm_ms,0.29168,recorder
20260829-143116_perlmutter_c84bfd4a,l01_slipstream_trace-610042_b8_k8_isolated,isolated,flux,22,1,plan_comm_ms,0.29616,recorder
20260829-143116_perlmutter_c84bfd4a,l01_slipstream_trace-610042_b8_k8_isolated,isolated,flux,22,2,plan_comm_ms,0.299968,recorder
20260829-143116_perlmutter_c84bfd4a,l01_slipstream_trace-610042_b8_k8_isolated,isolated,flux,22,3,plan_comm_ms,0.279264,recorder
20260829-143116_perlmutter_c84bfd4a,l01_slipstream_trace-610042_b8_k8_isolated,isolated,flux,22,4,plan_comm_ms,0.878432,recorder
20260829-143116_perlmutter_c84bfd4a,l01_slipstream_trace-610042_b8_k8_isolated,isolated,flux,22,5,plan_comm_ms,0.633824,recorder
20260829-143116_perlmutter_c84bfd4a,l01_slipstream_trace-610042_b8_k8_isolated,isolated,flux,22,6,plan_comm_ms,0.6752,recorder
20260829-143116_perlmutter_c84bfd4a,l01_slipstream_trace-610042_b8_k8_isolated,isolated,flux,22,7,plan_comm_ms,0.272864,recorder
20260829-143116_perlmutter_c84bfd4a,l01_slipstream_trace-610042_b8_k8_isolated,isolated,flux,22,8,plan_comm_ms,0.293888,recorder
20260829-143116_perlmutter_c84bfd4a,l01_slipstream_trace-610042_b8_k8_isolated,isolated,flux,22,9,plan_comm_ms,0.619136,recorder
20260829-143116_perlmutter_c84bfd4a,l01_slipstream_trace-610042_b8_k8_isolated,isolated,flux,22,0,plan_ms,0.641792,recorder
20260829-143116_perlmutter_c84bfd4a,l01_slipstream_trace-610042_b8_k8_isolated,isolated,flux,22,1,plan_ms,0.631168,recorder
20260829-143116_perlmutter_c84bfd4a,l01_slipstream_trace-610042_b8_k8_isolated,isolated,flux,22,2,plan_ms,0.6264,recorder
20260829-143116_perlmutter_c84bfd4a,l01_slipstream_trace-610042_b8_k8_isolated,isolated,flux,22,3,plan_ms,0.62224,recorder
20260829-143116_perlmutter_c84bfd4a,l01_slipstream_trace-610042_b8_k8_isolated,isolated,flux,22,4,plan_ms,0.624832,recorder
20260829-143116_perlmutter_c84bfd4a,l01_slipstream_trace-610042_b8_k8_isolated,isolated,flux,22,5,plan_ms,0.621536,recorder
20260829-143116_perlmutter_c84bfd4a,l01_slipstream_trace-610042_b8_k8_isolated,isolated,flux,22,6,plan_ms,0.6264,recorder
20260829-143116_perlmutter_c84bfd4a,l01_slipstream_trace-610042_b8_k8_isolated,isolated,flux,22,7,plan_ms,0.623392,recorder
20260829-143116_perlmutter_c84bfd4a,l01_slipstream_trace-610042_b8_k8_isolated,isolated,flux,22,8,plan_ms,0.643328,recorder
20260829-143116_perlmutter_c84bfd4a,l01_slipstream_trace-610042_b8_k8_isolated,isolated,flux,22,9,plan_ms,0.623936,recorder
20260829-143116_perlmutter_c84bfd4a,l01_slipstream_trace-610042_b8_k8_isolated,isolated,flux,22,0,total_ms,14.253888,recorder
20260829-143116_perlmutter_c84bfd4a,l01_slipstream_trace-610042_b8_k8_isolated,isolated,flux,22,1,total_ms,14.801888,recorder
20260829-143116_perlmutter_c84bfd4a,l01_slipstream_trace-610042_b8_k8_isolated,isolated,flux,22,2,total_ms,13.89872,recorder
20260829-143116_perlmutter_c84bfd4a,l01_slipstream_trace-610042_b8_k8_isolated,isolated,flux,22,3,total_ms,13.78928,recorder
20260829-143116_perlmutter_c84bfd4a,l01_slipstream_trace-610042_b8_k8_isolated,isolated,flux,22,4,total_ms,14.663296,recorder
20260829-143116_perlmutter_c84bfd4a,l01_slipstream_trace-610042_b8_k8_isolated,isolated,flux,22,5,total_ms,14.453152,recorder
20260829-143116_perlmutter_c84bfd4a,l01_slipstream_trace-610042_b8_k8_isolated,isolated,flux,22,6,total_ms,14.636896,recorder
20260829-143116_perlmutter_c84bfd4a,l01_slipstream_trace-610042_b8_k8_isolated,isolated,flux,22,7,total_ms,14.1544,recorder
20260829-143116_perlmutter_c84bfd4a,l01_slipstream_trace-610042_b8_k8_isolated,isolated,flux,22,8,total_ms,13.988224,recorder
20260829-143116_perlmutter_c84bfd4a,l01_slipstream_trace-610042_b8_k8_isolated,isolated,flux,22,9,total_ms,14.011008,recorder
20260829-143116_perlmutter_c84bfd4a,l01_slipstream_trace-610042_b8_k8_isolated,isolated,flux,22,0,iso_sync_ms,12.747661,recorder
20260829-143116_perlmutter_c84bfd4a,l01_slipstream_trace-610042_b8_k8_isolated,isolated,flux,22,1,iso_sync_ms,12.926318,recorder
20260829-143116_perlmutter_c84bfd4a,l01_slipstream_trace-610042_b8_k8_isolated,isolated,flux,22,2,iso_sync_ms,13.305272,recorder
20260829-143116_perlmutter_c84bfd4a,l01_slipstream_trace-610042_b8_k8_isolated,isolated,flux,22,3,iso_sync_ms,12.201483,recorder
20260829-143116_perlmutter_c84bfd4a,l01_slipstream_trace-610042_b8_k8_isolated,isolated,flux,22,4,iso_sync_ms,12.527624,recorder
20260829-143116_perlmutter_c84bfd4a,l01_slipstream_trace-610042_b8_k8_isolated,isolated,flux,22,5,iso_sync_ms,12.166204,recorder
20260829-143116_perlmutter_c84bfd4a,l01_slipstream_trace-610042_b8_k8_isolated,isolated,flux,22,6,iso_sync_ms,12.692293,recorder
20260829-143116_perlmutter_c84bfd4a,l01_slipstream_trace-610042_b8_k8_isolated,isolated,flux,22,7,iso_sync_ms,12.710489,recorder
20260829-143116_perlmutter_c84bfd4a,l01_slipstream_trace-610042_b8_k8_isolated,isolated,flux,22,8,iso_sync_ms,12.260297,recorder
20260829-143116_perlmutter_c84bfd4a,l01_slipstream_trace-610042_b8_k8_isolated,isolated,flux,22,9,iso_sync_ms,12.359569,recorder
20260829-143116_perlmutter_c84bfd4a,l01_slipstream_trace-610042_b8_k8_isolated,isolated,flux,23,0,e2e_ms,13.336512,recorder
20260829-143116_perlmutter_c84bfd4a,l01_slipstream_trace-610042_b8_k8_isolated,isolated,flux,23,1,e2e_ms,13.889024,recorder
20260829-143116_perlmutter_c84bfd4a,l01_slipstream_trace-610042_b8_k8_isolated,isolated,flux,23,2,e2e_ms,12.97408,recorder
20260829-143116_perlmutter_c84bfd4a,l01_slipstream_trace-610042_b8_k8_isolated,isolated,flux,23,3,e2e_ms,12.884896,recorder
20260829-143116_perlmutter_c84bfd4a,l01_slipstream_trace-610042_b8_k8_isolated,isolated,flux,23,4,e2e_ms,13.15744,recorder
20260829-143116_perlmutter_c84bfd4a,l01_slipstream_trace-610042_b8_k8_isolated,isolated,flux,23,5,e2e_ms,13.199456,recorder
20260829-143116_perlmutter_c84bfd4a,l01_slipstream_trace-610042_b8_k8_isolated,isolated,flux,23,6,e2e_ms,13.343584,recorder
20260829-143116_perlmutter_c84bfd4a,l01_slipstream_trace-610042_b8_k8_isolated,isolated,flux,23,7,e2e_ms,13.265984,recorder
20260829-143116_perlmutter_c84bfd4a,l01_slipstream_trace-610042_b8_k8_isolated,isolated,flux,23,8,e2e_ms,13.063968,recorder
20260829-143116_perlmutter_c84bfd4a,l01_slipstream_trace-610042_b8_k8_isolated,isolated,flux,23,9,e2e_ms,12.768864,recorder
20260829-143116_perlmutter_c84bfd4a,l01_slipstream_trace-610042_b8_k8_isolated,isolated,flux,23,0,l0_ms,6.352896,recorder
20260829-143116_perlmutter_c84bfd4a,l01_slipstream_trace-610042_b8_k8_isolated,isolated,flux,23,1,l0_ms,6.44656,recorder
20260829-143116_perlmutter_c84bfd4a,l01_slipstream_trace-610042_b8_k8_isolated,isolated,flux,23,2,l0_ms,6.2744,recorder
20260829-143116_perlmutter_c84bfd4a,l01_slipstream_trace-610042_b8_k8_isolated,isolated,flux,23,3,l0_ms,6.10208,recorder
20260829-143116_perlmutter_c84bfd4a,l01_slipstream_trace-610042_b8_k8_isolated,isolated,flux,23,4,l0_ms,6.14224,recorder
20260829-143116_perlmutter_c84bfd4a,l01_slipstream_trace-610042_b8_k8_isolated,isolated,flux,23,5,l0_ms,6.3184,recorder
20260829-143116_perlmutter_c84bfd4a,l01_slipstream_trace-610042_b8_k8_isolated,isolated,flux,23,6,l0_ms,6.35792,recorder
20260829-143116_perlmutter_c84bfd4a,l01_slipstream_trace-610042_b8_k8_isolated,isolated,flux,23,7,l0_ms,6.291104,recorder
20260829-143116_perlmutter_c84bfd4a,l01_slipstream_trace-610042_b8_k8_isolated,isolated,flux,23,8,l0_ms,6.195584,recorder
20260829-143116_perlmutter_c84bfd4a,l01_slipstream_trace-610042_b8_k8_isolated,isolated,flux,23,9,l0_ms,5.897184,recorder
20260829-143116_perlmutter_c84bfd4a,l01_slipstream_trace-610042_b8_k8_isolated,isolated,flux,23,0,act_ms,0.021856,recorder
20260829-143116_perlmutter_c84bfd4a,l01_slipstream_trace-610042_b8_k8_isolated,isolated,flux,23,1,act_ms,0.02192,recorder
20260829-143116_perlmutter_c84bfd4a,l01_slipstream_trace-610042_b8_k8_isolated,isolated,flux,23,2,act_ms,0.02272,recorder
20260829-143116_perlmutter_c84bfd4a,l01_slipstream_trace-610042_b8_k8_isolated,isolated,flux,23,3,act_ms,0.020832,recorder
20260829-143116_perlmutter_c84bfd4a,l01_slipstream_trace-610042_b8_k8_isolated,isolated,flux,23,4,act_ms,0.022592,recorder
20260829-143116_perlmutter_c84bfd4a,l01_slipstream_trace-610042_b8_k8_isolated,isolated,flux,23,5,act_ms,0.021952,recorder
20260829-143116_perlmutter_c84bfd4a,l01_slipstream_trace-610042_b8_k8_isolated,isolated,flux,23,6,act_ms,0.0216,recorder
20260829-143116_perlmutter_c84bfd4a,l01_slipstream_trace-610042_b8_k8_isolated,isolated,flux,23,7,act_ms,0.021952,recorder
20260829-143116_perlmutter_c84bfd4a,l01_slipstream_trace-610042_b8_k8_isolated,isolated,flux,23,8,act_ms,0.022848,recorder
20260829-143116_perlmutter_c84bfd4a,l01_slipstream_trace-610042_b8_k8_isolated,isolated,flux,23,9,act_ms,0.021152,recorder
20260829-143116_perlmutter_c84bfd4a,l01_slipstream_trace-610042_b8_k8_isolated,isolated,flux,23,0,l1_ms,6.96176,recorder
20260829-143116_perlmutter_c84bfd4a,l01_slipstream_trace-610042_b8_k8_isolated,isolated,flux,23,1,l1_ms,7.420544,recorder
20260829-143116_perlmutter_c84bfd4a,l01_slipstream_trace-610042_b8_k8_isolated,isolated,flux,23,2,l1_ms,6.67696,recorder
20260829-143116_perlmutter_c84bfd4a,l01_slipstream_trace-610042_b8_k8_isolated,isolated,flux,23,3,l1_ms,6.761984,recorder
20260829-143116_perlmutter_c84bfd4a,l01_slipstream_trace-610042_b8_k8_isolated,isolated,flux,23,4,l1_ms,6.992608,recorder
20260829-143116_perlmutter_c84bfd4a,l01_slipstream_trace-610042_b8_k8_isolated,isolated,flux,23,5,l1_ms,6.859104,recorder
20260829-143116_perlmutter_c84bfd4a,l01_slipstream_trace-610042_b8_k8_isolated,isolated,flux,23,6,l1_ms,6.964064,recorder
20260829-143116_perlmutter_c84bfd4a,l01_slipstream_trace-610042_b8_k8_isolated,isolated,flux,23,7,l1_ms,6.952928,recorder
20260829-143116_perlmutter_c84bfd4a,l01_slipstream_trace-610042_b8_k8_isolated,isolated,flux,23,8,l1_ms,6.845536,recorder
20260829-143116_perlmutter_c84bfd4a,l01_slipstream_trace-610042_b8_k8_isolated,isolated,flux,23,9,l1_ms,6.850528,recorder
20260829-143116_perlmutter_c84bfd4a,l01_slipstream_trace-610042_b8_k8_isolated,isolated,flux,23,0,plan_comm_ms,0.2936,recorder
20260829-143116_perlmutter_c84bfd4a,l01_slipstream_trace-610042_b8_k8_isolated,isolated,flux,23,1,plan_comm_ms,0.297856,recorder
20260829-143116_perlmutter_c84bfd4a,l01_slipstream_trace-610042_b8_k8_isolated,isolated,flux,23,2,plan_comm_ms,0.300928,recorder
20260829-143116_perlmutter_c84bfd4a,l01_slipstream_trace-610042_b8_k8_isolated,isolated,flux,23,3,plan_comm_ms,0.282336,recorder
20260829-143116_perlmutter_c84bfd4a,l01_slipstream_trace-610042_b8_k8_isolated,isolated,flux,23,4,plan_comm_ms,0.878816,recorder
20260829-143116_perlmutter_c84bfd4a,l01_slipstream_trace-610042_b8_k8_isolated,isolated,flux,23,5,plan_comm_ms,0.637408,recorder
20260829-143116_perlmutter_c84bfd4a,l01_slipstream_trace-610042_b8_k8_isolated,isolated,flux,23,6,plan_comm_ms,0.675616,recorder
20260829-143116_perlmutter_c84bfd4a,l01_slipstream_trace-610042_b8_k8_isolated,isolated,flux,23,7,plan_comm_ms,0.273312,recorder
20260829-143116_perlmutter_c84bfd4a,l01_slipstream_trace-610042_b8_k8_isolated,isolated,flux,23,8,plan_comm_ms,0.294912,recorder
20260829-143116_perlmutter_c84bfd4a,l01_slipstream_trace-610042_b8_k8_isolated,isolated,flux,23,9,plan_comm_ms,0.626464,recorder
20260829-143116_perlmutter_c84bfd4a,l01_slipstream_trace-610042_b8_k8_isolated,isolated,flux,23,0,plan_ms,0.632256,recorder
20260829-143116_perlmutter_c84bfd4a,l01_slipstream_trace-610042_b8_k8_isolated,isolated,flux,23,1,plan_ms,0.624928,recorder
20260829-143116_perlmutter_c84bfd4a,l01_slipstream_trace-610042_b8_k8_isolated,isolated,flux,23,2,plan_ms,0.624032,recorder
20260829-143116_perlmutter_c84bfd4a,l01_slipstream_trace-610042_b8_k8_isolated,isolated,flux,23,3,plan_ms,0.619744,recorder
20260829-143116_perlmutter_c84bfd4a,l01_slipstream_trace-610042_b8_k8_isolated,isolated,flux,23,4,plan_ms,0.623808,recorder
20260829-143116_perlmutter_c84bfd4a,l01_slipstream_trace-610042_b8_k8_isolated,isolated,flux,23,5,plan_ms,0.616224,recorder
20260829-143116_perlmutter_c84bfd4a,l01_slipstream_trace-610042_b8_k8_isolated,isolated,flux,23,6,plan_ms,0.616448,recorder
20260829-143116_perlmutter_c84bfd4a,l01_slipstream_trace-610042_b8_k8_isolated,isolated,flux,23,7,plan_ms,0.618272,recorder
20260829-143116_perlmutter_c84bfd4a,l01_slipstream_trace-610042_b8_k8_isolated,isolated,flux,23,8,plan_ms,0.638272,recorder
20260829-143116_perlmutter_c84bfd4a,l01_slipstream_trace-610042_b8_k8_isolated,isolated,flux,23,9,plan_ms,0.616032,recorder
20260829-143116_perlmutter_c84bfd4a,l01_slipstream_trace-610042_b8_k8_isolated,isolated,flux,23,0,total_ms,14.264672,recorder
20260829-143116_perlmutter_c84bfd4a,l01_slipstream_trace-610042_b8_k8_isolated,isolated,flux,23,1,total_ms,14.814144,recorder
20260829-143116_perlmutter_c84bfd4a,l01_slipstream_trace-610042_b8_k8_isolated,isolated,flux,23,2,total_ms,13.901344,recorder
20260829-143116_perlmutter_c84bfd4a,l01_slipstream_trace-610042_b8_k8_isolated,isolated,flux,23,3,total_ms,13.78928,recorder
20260829-143116_perlmutter_c84bfd4a,l01_slipstream_trace-610042_b8_k8_isolated,isolated,flux,23,4,total_ms,14.662368,recorder
20260829-143116_perlmutter_c84bfd4a,l01_slipstream_trace-610042_b8_k8_isolated,isolated,flux,23,5,total_ms,14.455392,recorder
20260829-143116_perlmutter_c84bfd4a,l01_slipstream_trace-610042_b8_k8_isolated,isolated,flux,23,6,total_ms,14.637952,recorder
20260829-143116_perlmutter_c84bfd4a,l01_slipstream_trace-610042_b8_k8_isolated,isolated,flux,23,7,total_ms,14.159968,recorder
20260829-143116_perlmutter_c84bfd4a,l01_slipstream_trace-610042_b8_k8_isolated,isolated,flux,23,8,total_ms,13.999488,recorder
20260829-143116_perlmutter_c84bfd4a,l01_slipstream_trace-610042_b8_k8_isolated,isolated,flux,23,9,total_ms,14.013664,recorder
20260829-143116_perlmutter_c84bfd4a,l01_slipstream_trace-610042_b8_k8_isolated,isolated,flux,23,0,iso_sync_ms,12.880147,recorder
20260829-143116_perlmutter_c84bfd4a,l01_slipstream_trace-610042_b8_k8_isolated,isolated,flux,23,1,iso_sync_ms,13.050839,recorder
20260829-143116_perlmutter_c84bfd4a,l01_slipstream_trace-610042_b8_k8_isolated,isolated,flux,23,2,iso_sync_ms,13.448018,recorder
20260829-143116_perlmutter_c84bfd4a,l01_slipstream_trace-610042_b8_k8_isolated,isolated,flux,23,3,iso_sync_ms,12.362625,recorder
20260829-143116_perlmutter_c84bfd4a,l01_slipstream_trace-610042_b8_k8_isolated,isolated,flux,23,4,iso_sync_ms,12.700069,recorder
20260829-143116_perlmutter_c84bfd4a,l01_slipstream_trace-610042_b8_k8_isolated,isolated,flux,23,5,iso_sync_ms,12.261339,recorder
20260829-143116_perlmutter_c84bfd4a,l01_slipstream_trace-610042_b8_k8_isolated,isolated,flux,23,6,iso_sync_ms,12.766929,recorder
20260829-143116_perlmutter_c84bfd4a,l01_slipstream_trace-610042_b8_k8_isolated,isolated,flux,23,7,iso_sync_ms,12.830301,recorder
20260829-143116_perlmutter_c84bfd4a,l01_slipstream_trace-610042_b8_k8_isolated,isolated,flux,23,8,iso_sync_ms,12.385809,recorder
20260829-143116_perlmutter_c84bfd4a,l01_slipstream_trace-610042_b8_k8_isolated,isolated,flux,23,9,iso_sync_ms,12.50445,recorder
20260829-143116_perlmutter_c84bfd4a,l01_slipstream_trace-610042_b8_k8_isolated,isolated,flux,24,0,e2e_ms,13.3472,recorder
20260829-143116_perlmutter_c84bfd4a,l01_slipstream_trace-610042_b8_k8_isolated,isolated,flux,24,1,e2e_ms,13.890624,recorder
20260829-143116_perlmutter_c84bfd4a,l01_slipstream_trace-610042_b8_k8_isolated,isolated,flux,24,2,e2e_ms,12.979552,recorder
20260829-143116_perlmutter_c84bfd4a,l01_slipstream_trace-610042_b8_k8_isolated,isolated,flux,24,3,e2e_ms,12.8952,recorder
20260829-143116_perlmutter_c84bfd4a,l01_slipstream_trace-610042_b8_k8_isolated,isolated,flux,24,4,e2e_ms,13.010304,recorder
20260829-143116_perlmutter_c84bfd4a,l01_slipstream_trace-610042_b8_k8_isolated,isolated,flux,24,5,e2e_ms,13.195072,recorder
20260829-143116_perlmutter_c84bfd4a,l01_slipstream_trace-610042_b8_k8_isolated,isolated,flux,24,6,e2e_ms,13.343328,recorder
20260829-143116_perlmutter_c84bfd4a,l01_slipstream_trace-610042_b8_k8_isolated,isolated,flux,24,7,e2e_ms,13.270048,recorder
20260829-143116_perlmutter_c84bfd4a,l01_slipstream_trace-610042_b8_k8_isolated,isolated,flux,24,8,e2e_ms,13.075008,recorder
20260829-143116_perlmutter_c84bfd4a,l01_slipstream_trace-610042_b8_k8_isolated,isolated,flux,24,9,e2e_ms,12.773504,recorder
20260829-143116_perlmutter_c84bfd4a,l01_slipstream_trace-610042_b8_k8_isolated,isolated,flux,24,0,l0_ms,6.377504,recorder
20260829-143116_perlmutter_c84bfd4a,l01_slipstream_trace-610042_b8_k8_isolated,isolated,flux,24,1,l0_ms,6.492096,recorder
20260829-143116_perlmutter_c84bfd4a,l01_slipstream_trace-610042_b8_k8_isolated,isolated,flux,24,2,l0_ms,6.298944,recorder
20260829-143116_perlmutter_c84bfd4a,l01_slipstream_trace-610042_b8_k8_isolated,isolated,flux,24,3,l0_ms,6.106144,recorder
20260829-143116_perlmutter_c84bfd4a,l01_slipstream_trace-610042_b8_k8_isolated,isolated,flux,24,4,l0_ms,5.996608,recorder
20260829-143116_perlmutter_c84bfd4a,l01_slipstream_trace-610042_b8_k8_isolated,isolated,flux,24,5,l0_ms,6.314304,recorder
20260829-143116_perlmutter_c84bfd4a,l01_slipstream_trace-610042_b8_k8_isolated,isolated,flux,24,6,l0_ms,6.357248,recorder
20260829-143116_perlmutter_c84bfd4a,l01_slipstream_trace-610042_b8_k8_isolated,isolated,flux,24,7,l0_ms,6.305408,recorder
20260829-143116_perlmutter_c84bfd4a,l01_slipstream_trace-610042_b8_k8_isolated,isolated,flux,24,8,l0_ms,6.234592,recorder
20260829-143116_perlmutter_c84bfd4a,l01_slipstream_trace-610042_b8_k8_isolated,isolated,flux,24,9,l0_ms,5.918144,recorder
20260829-143116_perlmutter_c84bfd4a,l01_slipstream_trace-610042_b8_k8_isolated,isolated,flux,24,0,act_ms,0.038048,recorder
20260829-143116_perlmutter_c84bfd4a,l01_slipstream_trace-610042_b8_k8_isolated,isolated,flux,24,1,act_ms,0.039616,recorder
20260829-143116_perlmutter_c84bfd4a,l01_slipstream_trace-610042_b8_k8_isolated,isolated,flux,24,2,act_ms,0.03808,recorder
20260829-143116_perlmutter_c84bfd4a,l01_slipstream_trace-610042_b8_k8_isolated,isolated,flux,24,3,act_ms,0.040448,recorder
20260829-143116_perlmutter_c84bfd4a,l01_slipstream_trace-610042_b8_k8_isolated,isolated,flux,24,4,act_ms,0.0392,recorder
20260829-143116_perlmutter_c84bfd4a,l01_slipstream_trace-610042_b8_k8_isolated,isolated,flux,24,5,act_ms,0.039072,recorder
20260829-143116_perlmutter_c84bfd4a,l01_slipstream_trace-610042_b8_k8_isolated,isolated,flux,24,6,act_ms,0.038912,recorder
20260829-143116_perlmutter_c84bfd4a,l01_slipstream_trace-610042_b8_k8_isolated,isolated,flux,24,7,act_ms,0.03872,recorder
20260829-143116_perlmutter_c84bfd4a,l01_slipstream_trace-610042_b8_k8_isolated,isolated,flux,24,8,act_ms,0.039936,recorder
20260829-143116_perlmutter_c84bfd4a,l01_slipstream_trace-610042_b8_k8_isolated,isolated,flux,24,9,act_ms,0.038912,recorder
20260829-143116_perlmutter_c84bfd4a,l01_slipstream_trace-610042_b8_k8_isolated,isolated,flux,24,0,l1_ms,6.931648,recorder
20260829-143116_perlmutter_c84bfd4a,l01_slipstream_trace-610042_b8_k8_isolated,isolated,flux,24,1,l1_ms,7.358912,recorder
20260829-143116_perlmutter_c84bfd4a,l01_slipstream_trace-610042_b8_k8_isolated,isolated,flux,24,2,l1_ms,6.642528,recorder
20260829-143116_perlmutter_c84bfd4a,l01_slipstream_trace-610042_b8_k8_isolated,isolated,flux,24,3,l1_ms,6.748608,recorder
20260829-143116_perlmutter_c84bfd4a,l01_slipstream_trace-610042_b8_k8_isolated,isolated,flux,24,4,l1_ms,6.974496,recorder
20260829-143116_perlmutter_c84bfd4a,l01_slipstream_trace-610042_b8_k8_isolated,isolated,flux,24,5,l1_ms,6.841696,recorder
20260829-143116_perlmutter_c84bfd4a,l01_slipstream_trace-610042_b8_k8_isolated,isolated,flux,24,6,l1_ms,6.947168,recorder
20260829-143116_perlmutter_c84bfd4a,l01_slipstream_trace-610042_b8_k8_isolated,isolated,flux,24,7,l1_ms,6.92592,recorder
20260829-143116_perlmutter_c84bfd4a,l01_slipstream_trace-610042_b8_k8_isolated,isolated,flux,24,8,l1_ms,6.80048,recorder
20260829-143116_perlmutter_c84bfd4a,l01_slipstream_trace-610042_b8_k8_isolated,isolated,flux,24,9,l1_ms,6.816448,recorder
20260829-143116_perlmutter_c84bfd4a,l01_slipstream_trace-610042_b8_k8_isolated,isolated,flux,24,0,plan_comm_ms,0.325984,recorder
20260829-143116_perlmutter_c84bfd4a,l01_slipstream_trace-610042_b8_k8_isolated,isolated,flux,24,1,plan_comm_ms,0.325248,recorder
20260829-143116_perlmutter_c84bfd4a,l01_slipstream_trace-610042_b8_k8_isolated,isolated,flux,24,2,plan_comm_ms,0.306272,recorder
20260829-143116_perlmutter_c84bfd4a,l01_slipstream_trace-610042_b8_k8_isolated,isolated,flux,24,3,plan_comm_ms,0.285504,recorder
20260829-143116_perlmutter_c84bfd4a,l01_slipstream_trace-610042_b8_k8_isolated,isolated,flux,24,4,plan_comm_ms,0.533376,recorder
20260829-143116_perlmutter_c84bfd4a,l01_slipstream_trace-610042_b8_k8_isolated,isolated,flux,24,5,plan_comm_ms,0.64048,recorder
20260829-143116_perlmutter_c84bfd4a,l01_slipstream_trace-610042_b8_k8_isolated,isolated,flux,24,6,plan_comm_ms,0.683296,recorder
20260829-143116_perlmutter_c84bfd4a,l01_slipstream_trace-610042_b8_k8_isolated,isolated,flux,24,7,plan_comm_ms,0.274976,recorder
20260829-143116_perlmutter_c84bfd4a,l01_slipstream_trace-610042_b8_k8_isolated,isolated,flux,24,8,plan_comm_ms,0.302336,recorder
20260829-143116_perlmutter_c84bfd4a,l01_slipstream_trace-610042_b8_k8_isolated,isolated,flux,24,9,plan_comm_ms,0.624864,recorder
20260829-143116_perlmutter_c84bfd4a,l01_slipstream_trace-610042_b8_k8_isolated,isolated,flux,24,0,plan_ms,0.613696,recorder
20260829-143116_perlmutter_c84bfd4a,l01_slipstream_trace-610042_b8_k8_isolated,isolated,flux,24,1,plan_ms,0.6136,recorder
20260829-143116_perlmutter_c84bfd4a,l01_slipstream_trace-610042_b8_k8_isolated,isolated,flux,24,2,plan_ms,0.61344,recorder
20260829-143116_perlmutter_c84bfd4a,l01_slipstream_trace-610042_b8_k8_isolated,isolated,flux,24,3,plan_ms,0.62016,recorder
20260829-143116_perlmutter_c84bfd4a,l01_slipstream_trace-610042_b8_k8_isolated,isolated,flux,24,4,plan_ms,0.77984,recorder
20260829-143116_perlmutter_c84bfd4a,l01_slipstream_trace-610042_b8_k8_isolated,isolated,flux,24,5,plan_ms,0.6184,recorder
20260829-143116_perlmutter_c84bfd4a,l01_slipstream_trace-610042_b8_k8_isolated,isolated,flux,24,6,plan_ms,0.618144,recorder
20260829-143116_perlmutter_c84bfd4a,l01_slipstream_trace-610042_b8_k8_isolated,isolated,flux,24,7,plan_ms,0.61248,recorder
20260829-143116_perlmutter_c84bfd4a,l01_slipstream_trace-610042_b8_k8_isolated,isolated,flux,24,8,plan_ms,0.615872,recorder
20260829-143116_perlmutter_c84bfd4a,l01_slipstream_trace-610042_b8_k8_isolated,isolated,flux,24,9,plan_ms,0.610496,recorder
20260829-143116_perlmutter_c84bfd4a,l01_slipstream_trace-610042_b8_k8_isolated,isolated,flux,24,0,total_ms,14.289216,recorder
20260829-143116_perlmutter_c84bfd4a,l01_slipstream_trace-610042_b8_k8_isolated,isolated,flux,24,1,total_ms,14.831808,recorder
20260829-143116_perlmutter_c84bfd4a,l01_slipstream_trace-610042_b8_k8_isolated,isolated,flux,24,2,total_ms,13.9016,recorder
20260829-143116_perlmutter_c84bfd4a,l01_slipstream_trace-610042_b8_k8_isolated,isolated,flux,24,3,total_ms,13.8032,recorder
20260829-143116_perlmutter_c84bfd4a,l01_slipstream_trace-610042_b8_k8_isolated,isolated,flux,24,4,total_ms,14.3264,recorder
20260829-143116_perlmutter_c84bfd4a,l01_slipstream_trace-610042_b8_k8_isolated,isolated,flux,24,5,total_ms,14.456288,recorder
20260829-143116_perlmutter_c84bfd4a,l01_slipstream_trace-610042_b8_k8_isolated,isolated,flux,24,6,total_ms,14.647104,recorder
20260829-143116_perlmutter_c84bfd4a,l01_slipstream_trace-610042_b8_k8_isolated,isolated,flux,24,7,total_ms,14.159808,recorder
20260829-143116_perlmutter_c84bfd4a,l01_slipstream_trace-610042_b8_k8_isolated,isolated,flux,24,8,total_ms,13.99552,recorder
20260829-143116_perlmutter_c84bfd4a,l01_slipstream_trace-610042_b8_k8_isolated,isolated,flux,24,9,total_ms,14.0112,recorder
20260829-143116_perlmutter_c84bfd4a,l01_slipstream_trace-610042_b8_k8_isolated,isolated,flux,24,0,iso_sync_ms,12.757194,recorder
20260829-143116_perlmutter_c84bfd4a,l01_slipstream_trace-610042_b8_k8_isolated,isolated,flux,24,1,iso_sync_ms,12.987148,recorder
20260829-143116_perlmutter_c84bfd4a,l01_slipstream_trace-610042_b8_k8_isolated,isolated,flux,24,2,iso_sync_ms,13.410207,recorder
20260829-143116_perlmutter_c84bfd4a,l01_slipstream_trace-610042_b8_k8_isolated,isolated,flux,24,3,iso_sync_ms,12.32627,recorder
20260829-143116_perlmutter_c84bfd4a,l01_slipstream_trace-610042_b8_k8_isolated,isolated,flux,24,4,iso_sync_ms,12.644776,recorder
20260829-143116_perlmutter_c84bfd4a,l01_slipstream_trace-610042_b8_k8_isolated,isolated,flux,24,5,iso_sync_ms,11.770796,recorder
20260829-143116_perlmutter_c84bfd4a,l01_slipstream_trace-610042_b8_k8_isolated,isolated,flux,24,6,iso_sync_ms,12.761542,recorder
20260829-143116_perlmutter_c84bfd4a,l01_slipstream_trace-610042_b8_k8_isolated,isolated,flux,24,7,iso_sync_ms,12.759598,recorder
20260829-143116_perlmutter_c84bfd4a,l01_slipstream_trace-610042_b8_k8_isolated,isolated,flux,24,8,iso_sync_ms,12.301192,recorder
20260829-143116_perlmutter_c84bfd4a,l01_slipstream_trace-610042_b8_k8_isolated,isolated,flux,24,9,iso_sync_ms,12.496249,recorder
20260829-143116_perlmutter_c84bfd4a,l01_slipstream_trace-610042_b8_k8_isolated,isolated,flux,25,0,e2e_ms,13.340096,recorder
20260829-143116_perlmutter_c84bfd4a,l01_slipstream_trace-610042_b8_k8_isolated,isolated,flux,25,1,e2e_ms,13.886752,recorder
20260829-143116_perlmutter_c84bfd4a,l01_slipstream_trace-610042_b8_k8_isolated,isolated,flux,25,2,e2e_ms,12.96608,recorder
20260829-143116_perlmutter_c84bfd4a,l01_slipstream_trace-610042_b8_k8_isolated,isolated,flux,25,3,e2e_ms,12.883968,recorder
20260829-143116_perlmutter_c84bfd4a,l01_slipstream_trace-610042_b8_k8_isolated,isolated,flux,25,4,e2e_ms,13.156896,recorder
20260829-143116_perlmutter_c84bfd4a,l01_slipstream_trace-610042_b8_k8_isolated,isolated,flux,25,5,e2e_ms,13.175232,recorder
20260829-143116_perlmutter_c84bfd4a,l01_slipstream_trace-610042_b8_k8_isolated,isolated,flux,25,6,e2e_ms,13.323232,recorder
20260829-143116_perlmutter_c84bfd4a,l01_slipstream_trace-610042_b8_k8_isolated,isolated,flux,25,7,e2e_ms,13.26304,recorder
20260829-143116_perlmutter_c84bfd4a,l01_slipstream_trace-610042_b8_k8_isolated,isolated,flux,25,8,e2e_ms,13.06544,recorder
20260829-143116_perlmutter_c84bfd4a,l01_slipstream_trace-610042_b8_k8_isolated,isolated,flux,25,9,e2e_ms,12.764512,recorder
20260829-143116_perlmutter_c84bfd4a,l01_slipstream_trace-610042_b8_k8_isolated,isolated,flux,25,0,l0_ms,6.362496,recorder
20260829-143116_perlmutter_c84bfd4a,l01_slipstream_trace-610042_b8_k8_isolated,isolated,flux,25,1,l0_ms,6.480672,recorder
20260829-143116_perlmutter_c84bfd4a,l01_slipstream_trace-610042_b8_k8_isolated,isolated,flux,25,2,l0_ms,6.288736,recorder
20260829-143116_perlmutter_c84bfd4a,l01_slipstream_trace-610042_b8_k8_isolated,isolated,flux,25,3,l0_ms,6.104672,recorder
20260829-143116_perlmutter_c84bfd4a,l01_slipstream_trace-610042_b8_k8_isolated,isolated,flux,25,4,l0_ms,6.158016,recorder
20260829-143116_perlmutter_c84bfd4a,l01_slipstream_trace-610042_b8_k8_isolated,isolated,flux,25,5,l0_ms,6.30624,recorder
20260829-143116_perlmutter_c84bfd4a,l01_slipstream_trace-610042_b8_k8_isolated,isolated,flux,25,6,l0_ms,6.352928,recorder
20260829-143116_perlmutter_c84bfd4a,l01_slipstream_trace-610042_b8_k8_isolated,isolated,flux,25,7,l0_ms,6.297472,recorder
20260829-143116_perlmutter_c84bfd4a,l01_slipstream_trace-610042_b8_k8_isolated,isolated,flux,25,8,l0_ms,6.225568,recorder
20260829-143116_perlmutter_c84bfd4a,l01_slipstream_trace-610042_b8_k8_isolated,isolated,flux,25,9,l0_ms,5.90704,recorder
20260829-143116_perlmutter_c84bfd4a,l01_slipstream_trace-610042_b8_k8_isolated,isolated,flux,25,0,act_ms,0.038112,recorder
20260829-143116_perlmutter_c84bfd4a,l01_slipstream_trace-610042_b8_k8_isolated,isolated,flux,25,1,act_ms,0.039936,recorder
20260829-143116_perlmutter_c84bfd4a,l01_slipstream_trace-610042_b8_k8_isolated,isolated,flux,25,2,act_ms,0.037408,recorder
20260829-143116_perlmutter_c84bfd4a,l01_slipstream_trace-610042_b8_k8_isolated,isolated,flux,25,3,act_ms,0.040928,recorder
20260829-143116_perlmutter_c84bfd4a,l01_slipstream_trace-610042_b8_k8_isolated,isolated,flux,25,4,act_ms,0.04128,recorder
20260829-143116_perlmutter_c84bfd4a,l01_slipstream_trace-610042_b8_k8_isolated,isolated,flux,25,5,act_ms,0.039424,recorder
20260829-143116_perlmutter_c84bfd4a,l01_slipstream_trace-610042_b8_k8_isolated,isolated,flux,25,6,act_ms,0.03872,recorder
20260829-143116_perlmutter_c84bfd4a,l01_slipstream_trace-610042_b8_k8_isolated,isolated,flux,25,7,act_ms,0.038144,recorder
20260829-143116_perlmutter_c84bfd4a,l01_slipstream_trace-610042_b8_k8_isolated,isolated,flux,25,8,act_ms,0.039008,recorder
20260829-143116_perlmutter_c84bfd4a,l01_slipstream_trace-610042_b8_k8_isolated,isolated,flux,25,9,act_ms,0.039104,recorder
20260829-143116_perlmutter_c84bfd4a,l01_slipstream_trace-610042_b8_k8_isolated,isolated,flux,25,0,l1_ms,6.939488,recorder
20260829-143116_perlmutter_c84bfd4a,l01_slipstream_trace-610042_b8_k8_isolated,isolated,flux,25,1,l1_ms,7.366144,recorder
20260829-143116_perlmutter_c84bfd4a,l01_slipstream_trace-610042_b8_k8_isolated,isolated,flux,25,2,l1_ms,6.639936,recorder
20260829-143116_perlmutter_c84bfd4a,l01_slipstream_trace-610042_b8_k8_isolated,isolated,flux,25,3,l1_ms,6.738368,recorder
20260829-143116_perlmutter_c84bfd4a,l01_slipstream_trace-610042_b8_k8_isolated,isolated,flux,25,4,l1_ms,6.9576,recorder
20260829-143116_perlmutter_c84bfd4a,l01_slipstream_trace-610042_b8_k8_isolated,isolated,flux,25,5,l1_ms,6.829568,recorder
20260829-143116_perlmutter_c84bfd4a,l01_slipstream_trace-610042_b8_k8_isolated,isolated,flux,25,6,l1_ms,6.931584,recorder
20260829-143116_perlmutter_c84bfd4a,l01_slipstream_trace-610042_b8_k8_isolated,isolated,flux,25,7,l1_ms,6.927424,recorder
20260829-143116_perlmutter_c84bfd4a,l01_slipstream_trace-610042_b8_k8_isolated,isolated,flux,25,8,l1_ms,6.800864,recorder
20260829-143116_perlmutter_c84bfd4a,l01_slipstream_trace-610042_b8_k8_isolated,isolated,flux,25,9,l1_ms,6.818368,recorder
20260829-143116_perlmutter_c84bfd4a,l01_slipstream_trace-610042_b8_k8_isolated,isolated,flux,25,0,plan_comm_ms,0.324288,recorder
20260829-143116_perlmutter_c84bfd4a,l01_slipstream_trace-610042_b8_k8_isolated,isolated,flux,25,1,plan_comm_ms,0.324448,recorder
20260829-143116_perlmutter_c84bfd4a,l01_slipstream_trace-610042_b8_k8_isolated,isolated,flux,25,2,plan_comm_ms,0.297344,recorder
20260829-143116_perlmutter_c84bfd4a,l01_slipstream_trace-610042_b8_k8_isolated,isolated,flux,25,3,plan_comm_ms,0.291392,recorder
20260829-143116_perlmutter_c84bfd4a,l01_slipstream_trace-610042_b8_k8_isolated,isolated,flux,25,4,plan_comm_ms,0.880128,recorder
20260829-143116_perlmutter_c84bfd4a,l01_slipstream_trace-610042_b8_k8_isolated,isolated,flux,25,5,plan_comm_ms,0.641632,recorder
20260829-143116_perlmutter_c84bfd4a,l01_slipstream_trace-610042_b8_k8_isolated,isolated,flux,25,6,plan_comm_ms,0.681408,recorder
20260829-143116_perlmutter_c84bfd4a,l01_slipstream_trace-610042_b8_k8_isolated,isolated,flux,25,7,plan_comm_ms,0.27184,recorder
20260829-143116_perlmutter_c84bfd4a,l01_slipstream_trace-610042_b8_k8_isolated,isolated,flux,25,8,plan_comm_ms,0.301824,recorder
20260829-143116_perlmutter_c84bfd4a,l01_slipstream_trace-610042_b8_k8_isolated,isolated,flux,25,9,plan_comm_ms,0.624576,recorder
20260829-143116_perlmutter_c84bfd4a,l01_slipstream_trace-610042_b8_k8_isolated,isolated,flux,25,0,plan_ms,0.634976,recorder
20260829-143116_perlmutter_c84bfd4a,l01_slipstream_trace-610042_b8_k8_isolated,isolated,flux,25,1,plan_ms,0.627104,recorder
20260829-143116_perlmutter_c84bfd4a,l01_slipstream_trace-610042_b8_k8_isolated,isolated,flux,25,2,plan_ms,0.632704,recorder
20260829-143116_perlmutter_c84bfd4a,l01_slipstream_trace-610042_b8_k8_isolated,isolated,flux,25,3,plan_ms,0.625088,recorder
20260829-143116_perlmutter_c84bfd4a,l01_slipstream_trace-610042_b8_k8_isolated,isolated,flux,25,4,plan_ms,0.628,recorder
20260829-143116_perlmutter_c84bfd4a,l01_slipstream_trace-610042_b8_k8_isolated,isolated,flux,25,5,plan_ms,0.634112,recorder
20260829-143116_perlmutter_c84bfd4a,l01_slipstream_trace-610042_b8_k8_isolated,isolated,flux,25,6,plan_ms,0.632,recorder
20260829-143116_perlmutter_c84bfd4a,l01_slipstream_trace-610042_b8_k8_isolated,isolated,flux,25,7,plan_ms,0.630144,recorder
20260829-143116_perlmutter_c84bfd4a,l01_slipstream_trace-610042_b8_k8_isolated,isolated,flux,25,8,plan_ms,0.631872,recorder
20260829-143116_perlmutter_c84bfd4a,l01_slipstream_trace-610042_b8_k8_isolated,isolated,flux,25,9,plan_ms,0.630848,recorder
20260829-143116_perlmutter_c84bfd4a,l01_slipstream_trace-610042_b8_k8_isolated,isolated,flux,25,0,total_ms,14.301696,recorder
20260829-143116_perlmutter_c84bfd4a,l01_slipstream_trace-610042_b8_k8_isolated,isolated,flux,25,1,total_ms,14.840608,recorder
20260829-143116_perlmutter_c84bfd4a,l01_slipstream_trace-610042_b8_k8_isolated,isolated,flux,25,2,total_ms,13.898432,recorder
20260829-143116_perlmutter_c84bfd4a,l01_slipstream_trace-610042_b8_k8_isolated,isolated,flux,25,3,total_ms,13.802752,recorder
20260829-143116_perlmutter_c84bfd4a,l01_slipstream_trace-610042_b8_k8_isolated,isolated,flux,25,4,total_ms,14.667328,recorder
20260829-143116_perlmutter_c84bfd4a,l01_slipstream_trace-610042_b8_k8_isolated,isolated,flux,25,5,total_ms,14.45328,recorder
20260829-143116_perlmutter_c84bfd4a,l01_slipstream_trace-610042_b8_k8_isolated,isolated,flux,25,6,total_ms,14.639168,recorder
20260829-143116_perlmutter_c84bfd4a,l01_slipstream_trace-610042_b8_k8_isolated,isolated,flux,25,7,total_ms,14.167328,recorder
20260829-143116_perlmutter_c84bfd4a,l01_slipstream_trace-610042_b8_k8_isolated,isolated,flux,25,8,total_ms,14.00144,recorder
20260829-143116_perlmutter_c84bfd4a,l01_slipstream_trace-610042_b8_k8_isolated,isolated,flux,25,9,total_ms,14.02224,recorder
20260829-143116_perlmutter_c84bfd4a,l01_slipstream_trace-610042_b8_k8_isolated,isolated,flux,25,0,iso_sync_ms,12.698671,recorder
20260829-143116_perlmutter_c84bfd4a,l01_slipstream_trace-610042_b8_k8_isolated,isolated,flux,25,1,iso_sync_ms,12.951239,recorder
20260829-143116_perlmutter_c84bfd4a,l01_slipstream_trace-610042_b8_k8_isolated,isolated,flux,25,2,iso_sync_ms,13.383485,recorder
20260829-143116_perlmutter_c84bfd4a,l01_slipstream_trace-610042_b8_k8_isolated,isolated,flux,25,3,iso_sync_ms,12.251035,recorder
20260829-143116_perlmutter_c84bfd4a,l01_slipstream_trace-610042_b8_k8_isolated,isolated,flux,25,4,iso_sync_ms,12.552057,recorder
20260829-143116_perlmutter_c84bfd4a,l01_slipstream_trace-610042_b8_k8_isolated,isolated,flux,25,5,iso_sync_ms,12.147464,recorder
20260829-143116_perlmutter_c84bfd4a,l01_slipstream_trace-610042_b8_k8_isolated,isolated,flux,25,6,iso_sync_ms,12.716104,recorder
20260829-143116_perlmutter_c84bfd4a,l01_slipstream_trace-610042_b8_k8_isolated,isolated,flux,25,7,iso_sync_ms,12.697508,recorder
20260829-143116_perlmutter_c84bfd4a,l01_slipstream_trace-610042_b8_k8_isolated,isolated,flux,25,8,iso_sync_ms,12.244733,recorder
20260829-143116_perlmutter_c84bfd4a,l01_slipstream_trace-610042_b8_k8_isolated,isolated,flux,25,9,iso_sync_ms,12.426845,recorder
20260829-143116_perlmutter_c84bfd4a,l01_slipstream_trace-610042_b8_k8_isolated,isolated,flux,26,0,e2e_ms,13.336832,recorder
20260829-143116_perlmutter_c84bfd4a,l01_slipstream_trace-610042_b8_k8_isolated,isolated,flux,26,1,e2e_ms,13.892736,recorder
20260829-143116_perlmutter_c84bfd4a,l01_slipstream_trace-610042_b8_k8_isolated,isolated,flux,26,2,e2e_ms,12.984608,recorder
20260829-143116_perlmutter_c84bfd4a,l01_slipstream_trace-610042_b8_k8_isolated,isolated,flux,26,3,e2e_ms,12.885888,recorder
20260829-143116_perlmutter_c84bfd4a,l01_slipstream_trace-610042_b8_k8_isolated,isolated,flux,26,4,e2e_ms,13.167776,recorder
20260829-143116_perlmutter_c84bfd4a,l01_slipstream_trace-610042_b8_k8_isolated,isolated,flux,26,5,e2e_ms,13.195936,recorder
20260829-143116_perlmutter_c84bfd4a,l01_slipstream_trace-610042_b8_k8_isolated,isolated,flux,26,6,e2e_ms,13.349696,recorder
20260829-143116_perlmutter_c84bfd4a,l01_slipstream_trace-610042_b8_k8_isolated,isolated,flux,26,7,e2e_ms,13.264704,recorder
20260829-143116_perlmutter_c84bfd4a,l01_slipstream_trace-610042_b8_k8_isolated,isolated,flux,26,8,e2e_ms,13.071776,recorder
20260829-143116_perlmutter_c84bfd4a,l01_slipstream_trace-610042_b8_k8_isolated,isolated,flux,26,9,e2e_ms,12.8,recorder
20260829-143116_perlmutter_c84bfd4a,l01_slipstream_trace-610042_b8_k8_isolated,isolated,flux,26,0,l0_ms,6.383456,recorder
20260829-143116_perlmutter_c84bfd4a,l01_slipstream_trace-610042_b8_k8_isolated,isolated,flux,26,1,l0_ms,6.483776,recorder
20260829-143116_perlmutter_c84bfd4a,l01_slipstream_trace-610042_b8_k8_isolated,isolated,flux,26,2,l0_ms,6.300544,recorder
20260829-143116_perlmutter_c84bfd4a,l01_slipstream_trace-610042_b8_k8_isolated,isolated,flux,26,3,l0_ms,6.102048,recorder
20260829-143116_perlmutter_c84bfd4a,l01_slipstream_trace-610042_b8_k8_isolated,isolated,flux,26,4,l0_ms,6.166112,recorder
20260829-143116_perlmutter_c84bfd4a,l01_slipstream_trace-610042_b8_k8_isolated,isolated,flux,26,5,l0_ms,6.320416,recorder
20260829-143116_perlmutter_c84bfd4a,l01_slipstream_trace-610042_b8_k8_isolated,isolated,flux,26,6,l0_ms,6.371552,recorder
20260829-143116_perlmutter_c84bfd4a,l01_slipstream_trace-610042_b8_k8_isolated,isolated,flux,26,7,l0_ms,6.308064,recorder
20260829-143116_perlmutter_c84bfd4a,l01_slipstream_trace-610042_b8_k8_isolated,isolated,flux,26,8,l0_ms,6.234272,recorder
20260829-143116_perlmutter_c84bfd4a,l01_slipstream_trace-610042_b8_k8_isolated,isolated,flux,26,9,l0_ms,5.936928,recorder
20260829-143116_perlmutter_c84bfd4a,l01_slipstream_trace-610042_b8_k8_isolated,isolated,flux,26,0,act_ms,0.020128,recorder
20260829-143116_perlmutter_c84bfd4a,l01_slipstream_trace-610042_b8_k8_isolated,isolated,flux,26,1,act_ms,0.021312,recorder
20260829-143116_perlmutter_c84bfd4a,l01_slipstream_trace-610042_b8_k8_isolated,isolated,flux,26,2,act_ms,0.021056,recorder
20260829-143116_perlmutter_c84bfd4a,l01_slipstream_trace-610042_b8_k8_isolated,isolated,flux,26,3,act_ms,0.022016,recorder
20260829-143116_perlmutter_c84bfd4a,l01_slipstream_trace-610042_b8_k8_isolated,isolated,flux,26,4,act_ms,0.021408,recorder
20260829-143116_perlmutter_c84bfd4a,l01_slipstream_trace-610042_b8_k8_isolated,isolated,flux,26,5,act_ms,0.020992,recorder
20260829-143116_perlmutter_c84bfd4a,l01_slipstream_trace-610042_b8_k8_isolated,isolated,flux,26,6,act_ms,0.022272,recorder
20260829-143116_perlmutter_c84bfd4a,l01_slipstream_trace-610042_b8_k8_isolated,isolated,flux,26,7,act_ms,0.021248,recorder
20260829-143116_perlmutter_c84bfd4a,l01_slipstream_trace-610042_b8_k8_isolated,isolated,flux,26,8,act_ms,0.020992,recorder
20260829-143116_perlmutter_c84bfd4a,l01_slipstream_trace-610042_b8_k8_isolated,isolated,flux,26,9,act_ms,0.022592,recorder
20260829-143116_perlmutter_c84bfd4a,l01_slipstream_trace-610042_b8_k8_isolated,isolated,flux,26,0,l1_ms,6.933248,recorder
20260829-143116_perlmutter_c84bfd4a,l01_slipstream_trace-610042_b8_k8_isolated,isolated,flux,26,1,l1_ms,7.387648,recorder
20260829-143116_perlmutter_c84bfd4a,l01_slipstream_trace-610042_b8_k8_isolated,isolated,flux,26,2,l1_ms,6.663008,recorder
20260829-143116_perlmutter_c84bfd4a,l01_slipstream_trace-610042_b8_k8_isolated,isolated,flux,26,3,l1_ms,6.761824,recorder
20260829-143116_perlmutter_c84bfd4a,l01_slipstream_trace-610042_b8_k8_isolated,isolated,flux,26,4,l1_ms,6.980256,recorder
20260829-143116_perlmutter_c84bfd4a,l01_slipstream_trace-610042_b8_k8_isolated,isolated,flux,26,5,l1_ms,6.854528,recorder
20260829-143116_perlmutter_c84bfd4a,l01_slipstream_trace-610042_b8_k8_isolated,isolated,flux,26,6,l1_ms,6.955872,recorder
20260829-143116_perlmutter_c84bfd4a,l01_slipstream_trace-610042_b8_k8_isolated,isolated,flux,26,7,l1_ms,6.935392,recorder
20260829-143116_perlmutter_c84bfd4a,l01_slipstream_trace-610042_b8_k8_isolated,isolated,flux,26,8,l1_ms,6.816512,recorder
20260829-143116_perlmutter_c84bfd4a,l01_slipstream_trace-610042_b8_k8_isolated,isolated,flux,26,9,l1_ms,6.84048,recorder
20260829-143116_perlmutter_c84bfd4a,l01_slipstream_trace-610042_b8_k8_isolated,isolated,flux,26,0,plan_comm_ms,0.331104,recorder
20260829-143116_perlmutter_c84bfd4a,l01_slipstream_trace-610042_b8_k8_isolated,isolated,flux,26,1,plan_comm_ms,0.331616,recorder
20260829-143116_perlmutter_c84bfd4a,l01_slipstream_trace-610042_b8_k8_isolated,isolated,flux,26,2,plan_comm_ms,0.310688,recorder
20260829-143116_perlmutter_c84bfd4a,l01_slipstream_trace-610042_b8_k8_isolated,isolated,flux,26,3,plan_comm_ms,0.294752,recorder
20260829-143116_perlmutter_c84bfd4a,l01_slipstream_trace-610042_b8_k8_isolated,isolated,flux,26,4,plan_comm_ms,0.886272,recorder
20260829-143116_perlmutter_c84bfd4a,l01_slipstream_trace-610042_b8_k8_isolated,isolated,flux,26,5,plan_comm_ms,0.644576,recorder
20260829-143116_perlmutter_c84bfd4a,l01_slipstream_trace-610042_b8_k8_isolated,isolated,flux,26,6,plan_comm_ms,0.68432,recorder
20260829-143116_perlmutter_c84bfd4a,l01_slipstream_trace-610042_b8_k8_isolated,isolated,flux,26,7,plan_comm_ms,0.276832,recorder
20260829-143116_perlmutter_c84bfd4a,l01_slipstream_trace-610042_b8_k8_isolated,isolated,flux,26,8,plan_comm_ms,0.306624,recorder
20260829-143116_perlmutter_c84bfd4a,l01_slipstream_trace-610042_b8_k8_isolated,isolated,flux,26,9,plan_comm_ms,0.609216,recorder
20260829-143116_perlmutter_c84bfd4a,l01_slipstream_trace-610042_b8_k8_isolated,isolated,flux,26,0,plan_ms,0.621632,recorder
20260829-143116_perlmutter_c84bfd4a,l01_slipstream_trace-610042_b8_k8_isolated,isolated,flux,26,1,plan_ms,0.613376,recorder
20260829-143116_perlmutter_c84bfd4a,l01_slipstream_trace-610042_b8_k8_isolated,isolated,flux,26,2,plan_ms,0.616928,recorder
20260829-143116_perlmutter_c84bfd4a,l01_slipstream_trace-610042_b8_k8_isolated,isolated,flux,26,3,plan_ms,0.62144,recorder
20260829-143116_perlmutter_c84bfd4a,l01_slipstream_trace-610042_b8_k8_isolated,isolated,flux,26,4,plan_ms,0.616896,recorder
20260829-143116_perlmutter_c84bfd4a,l01_slipstream_trace-610042_b8_k8_isolated,isolated,flux,26,5,plan_ms,0.615424,recorder
20260829-143116_perlmutter_c84bfd4a,l01_slipstream_trace-610042_b8_k8_isolated,isolated,flux,26,6,plan_ms,0.614944,recorder
20260829-143116_perlmutter_c84bfd4a,l01_slipstream_trace-610042_b8_k8_isolated,isolated,flux,26,7,plan_ms,0.617248,recorder
20260829-143116_perlmutter_c84bfd4a,l01_slipstream_trace-610042_b8_k8_isolated,isolated,flux,26,8,plan_ms,0.618656,recorder
20260829-143116_perlmutter_c84bfd4a,l01_slipstream_trace-610042_b8_k8_isolated,isolated,flux,26,9,plan_ms,0.610496,recorder
20260829-143116_perlmutter_c84bfd4a,l01_slipstream_trace-610042_b8_k8_isolated,isolated,flux,26,0,total_ms,14.291872,recorder
20260829-143116_perlmutter_c84bfd4a,l01_slipstream_trace-610042_b8_k8_isolated,isolated,flux,26,1,total_ms,14.840032,recorder
20260829-143116_perlmutter_c84bfd4a,l01_slipstream_trace-610042_b8_k8_isolated,isolated,flux,26,2,total_ms,13.914528,recorder
20260829-143116_perlmutter_c84bfd4a,l01_slipstream_trace-610042_b8_k8_isolated,isolated,flux,26,3,total_ms,13.804384,recorder
20260829-143116_perlmutter_c84bfd4a,l01_slipstream_trace-610042_b8_k8_isolated,isolated,flux,26,4,total_ms,14.67328,recorder
20260829-143116_perlmutter_c84bfd4a,l01_slipstream_trace-610042_b8_k8_isolated,isolated,flux,26,5,total_ms,14.45824,recorder
20260829-143116_perlmutter_c84bfd4a,l01_slipstream_trace-610042_b8_k8_isolated,isolated,flux,26,6,total_ms,14.651264,recorder
20260829-143116_perlmutter_c84bfd4a,l01_slipstream_trace-610042_b8_k8_isolated,isolated,flux,26,7,total_ms,14.161088,recorder
20260829-143116_perlmutter_c84bfd4a,l01_slipstream_trace-610042_b8_k8_isolated,isolated,flux,26,8,total_ms,13.999392,recorder
20260829-143116_perlmutter_c84bfd4a,l01_slipstream_trace-610042_b8_k8_isolated,isolated,flux,26,9,total_ms,14.022016,recorder
20260829-143116_perlmutter_c84bfd4a,l01_slipstream_trace-610042_b8_k8_isolated,isolated,flux,26,0,iso_sync_ms,12.792622,recorder
20260829-143116_perlmutter_c84bfd4a,l01_slipstream_trace-610042_b8_k8_isolated,isolated,flux,26,1,iso_sync_ms,12.985716,recorder
20260829-143116_perlmutter_c84bfd4a,l01_slipstream_trace-610042_b8_k8_isolated,isolated,flux,26,2,iso_sync_ms,13.41707,recorder
20260829-143116_perlmutter_c84bfd4a,l01_slipstream_trace-610042_b8_k8_isolated,isolated,flux,26,3,iso_sync_ms,12.293647,recorder
20260829-143116_perlmutter_c84bfd4a,l01_slipstream_trace-610042_b8_k8_isolated,isolated,flux,26,4,iso_sync_ms,12.601713,recorder
20260829-143116_perlmutter_c84bfd4a,l01_slipstream_trace-610042_b8_k8_isolated,isolated,flux,26,5,iso_sync_ms,12.18113,recorder
20260829-143116_perlmutter_c84bfd4a,l01_slipstream_trace-610042_b8_k8_isolated,isolated,flux,26,6,iso_sync_ms,12.806258,recorder
20260829-143116_perlmutter_c84bfd4a,l01_slipstream_trace-610042_b8_k8_isolated,isolated,flux,26,7,iso_sync_ms,12.775418,recorder
20260829-143116_perlmutter_c84bfd4a,l01_slipstream_trace-610042_b8_k8_isolated,isolated,flux,26,8,iso_sync_ms,12.327022,recorder
20260829-143116_perlmutter_c84bfd4a,l01_slipstream_trace-610042_b8_k8_isolated,isolated,flux,26,9,iso_sync_ms,12.477643,recorder
20260829-143116_perlmutter_c84bfd4a,l01_slipstream_trace-610042_b8_k8_isolated,isolated,flux,27,0,e2e_ms,13.35504,recorder
20260829-143116_perlmutter_c84bfd4a,l01_slipstream_trace-610042_b8_k8_isolated,isolated,flux,27,1,e2e_ms,13.892576,recorder
20260829-143116_perlmutter_c84bfd4a,l01_slipstream_trace-610042_b8_k8_isolated,isolated,flux,27,2,e2e_ms,12.984544,recorder
20260829-143116_perlmutter_c84bfd4a,l01_slipstream_trace-610042_b8_k8_isolated,isolated,flux,27,3,e2e_ms,12.8824,recorder
20260829-143116_perlmutter_c84bfd4a,l01_slipstream_trace-610042_b8_k8_isolated,isolated,flux,27,4,e2e_ms,13.166464,recorder
20260829-143116_perlmutter_c84bfd4a,l01_slipstream_trace-610042_b8_k8_isolated,isolated,flux,27,5,e2e_ms,13.198624,recorder
20260829-143116_perlmutter_c84bfd4a,l01_slipstream_trace-610042_b8_k8_isolated,isolated,flux,27,6,e2e_ms,13.338816,recorder
20260829-143116_perlmutter_c84bfd4a,l01_slipstream_trace-610042_b8_k8_isolated,isolated,flux,27,7,e2e_ms,13.2704,recorder
20260829-143116_perlmutter_c84bfd4a,l01_slipstream_trace-610042_b8_k8_isolated,isolated,flux,27,8,e2e_ms,13.093824,recorder
20260829-143116_perlmutter_c84bfd4a,l01_slipstream_trace-610042_b8_k8_isolated,isolated,flux,27,9,e2e_ms,12.809312,recorder
20260829-143116_perlmutter_c84bfd4a,l01_slipstream_trace-610042_b8_k8_isolated,isolated,flux,27,0,l0_ms,6.39552,recorder
20260829-143116_perlmutter_c84bfd4a,l01_slipstream_trace-610042_b8_k8_isolated,isolated,flux,27,1,l0_ms,6.476032,recorder
20260829-143116_perlmutter_c84bfd4a,l01_slipstream_trace-610042_b8_k8_isolated,isolated,flux,27,2,l0_ms,6.30512,recorder
20260829-143116_perlmutter_c84bfd4a,l01_slipstream_trace-610042_b8_k8_isolated,isolated,flux,27,3,l0_ms,6.100608,recorder
20260829-143116_perlmutter_c84bfd4a,l01_slipstream_trace-610042_b8_k8_isolated,isolated,flux,27,4,l0_ms,6.170848,recorder
20260829-143116_perlmutter_c84bfd4a,l01_slipstream_trace-610042_b8_k8_isolated,isolated,flux,27,5,l0_ms,6.328096,recorder
20260829-143116_perlmutter_c84bfd4a,l01_slipstream_trace-610042_b8_k8_isolated,isolated,flux,27,6,l0_ms,6.37712,recorder
20260829-143116_perlmutter_c84bfd4a,l01_slipstream_trace-610042_b8_k8_isolated,isolated,flux,27,7,l0_ms,6.31008,recorder
20260829-143116_perlmutter_c84bfd4a,l01_slipstream_trace-610042_b8_k8_isolated,isolated,flux,27,8,l0_ms,6.251744,recorder
20260829-143116_perlmutter_c84bfd4a,l01_slipstream_trace-610042_b8_k8_isolated,isolated,flux,27,9,l0_ms,5.942784,recorder
20260829-143116_perlmutter_c84bfd4a,l01_slipstream_trace-610042_b8_k8_isolated,isolated,flux,27,0,act_ms,0.038496,recorder
20260829-143116_perlmutter_c84bfd4a,l01_slipstream_trace-610042_b8_k8_isolated,isolated,flux,27,1,act_ms,0.040448,recorder
20260829-143116_perlmutter_c84bfd4a,l01_slipstream_trace-610042_b8_k8_isolated,isolated,flux,27,2,act_ms,0.038624,recorder
20260829-143116_perlmutter_c84bfd4a,l01_slipstream_trace-610042_b8_k8_isolated,isolated,flux,27,3,act_ms,0.039936,recorder
20260829-143116_perlmutter_c84bfd4a,l01_slipstream_trace-610042_b8_k8_isolated,isolated,flux,27,4,act_ms,0.038048,recorder
20260829-143116_perlmutter_c84bfd4a,l01_slipstream_trace-610042_b8_k8_isolated,isolated,flux,27,5,act_ms,0.038464,recorder
20260829-143116_perlmutter_c84bfd4a,l01_slipstream_trace-610042_b8_k8_isolated,isolated,flux,27,6,act_ms,0.039136,recorder
20260829-143116_perlmutter_c84bfd4a,l01_slipstream_trace-610042_b8_k8_isolated,isolated,flux,27,7,act_ms,0.040416,recorder
20260829-143116_perlmutter_c84bfd4a,l01_slipstream_trace-610042_b8_k8_isolated,isolated,flux,27,8,act_ms,0.037952,recorder
20260829-143116_perlmutter_c84bfd4a,l01_slipstream_trace-610042_b8_k8_isolated,isolated,flux,27,9,act_ms,0.03904,recorder
20260829-143116_perlmutter_c84bfd4a,l01_slipstream_trace-610042_b8_k8_isolated,isolated,flux,27,0,l1_ms,6.921024,recorder
20260829-143116_perlmutter_c84bfd4a,l01_slipstream_trace-610042_b8_k8_isolated,isolated,flux,27,1,l1_ms,7.376096,recorder
20260829-143116_perlmutter_c84bfd4a,l01_slipstream_trace-610042_b8_k8_isolated,isolated,flux,27,2,l1_ms,6.6408,recorder
20260829-143116_perlmutter_c84bfd4a,l01_slipstream_trace-610042_b8_k8_isolated,isolated,flux,27,3,l1_ms,6.741856,recorder
20260829-143116_perlmutter_c84bfd4a,l01_slipstream_trace-610042_b8_k8_isolated,isolated,flux,27,4,l1_ms,6.957568,recorder
20260829-143116_perlmutter_c84bfd4a,l01_slipstream_trace-610042_b8_k8_isolated,isolated,flux,27,5,l1_ms,6.832064,recorder
20260829-143116_perlmutter_c84bfd4a,l01_slipstream_trace-610042_b8_k8_isolated,isolated,flux,27,6,l1_ms,6.92256,recorder
20260829-143116_perlmutter_c84bfd4a,l01_slipstream_trace-610042_b8_k8_isolated,isolated,flux,27,7,l1_ms,6.919904,recorder
20260829-143116_perlmutter_c84bfd4a,l01_slipstream_trace-610042_b8_k8_isolated,isolated,flux,27,8,l1_ms,6.804128,recorder
20260829-143116_perlmutter_c84bfd4a,l01_slipstream_trace-610042_b8_k8_isolated,isolated,flux,27,9,l1_ms,6.827488,recorder
20260829-143116_perlmutter_c84bfd4a,l01_slipstream_trace-610042_b8_k8_isolated,isolated,flux,27,0,plan_comm_ms,0.334048,recorder
20260829-143116_perlmutter_c84bfd4a,l01_slipstream_trace-610042_b8_k8_isolated,isolated,flux,27,1,plan_comm_ms,0.334464,recorder
20260829-143116_perlmutter_c84bfd4a,l01_slipstream_trace-610042_b8_k8_isolated,isolated,flux,27,2,plan_comm_ms,0.318496,recorder
20260829-143116_perlmutter_c84bfd4a,l01_slipstream_trace-610042_b8_k8_isolated,isolated,flux,27,3,plan_comm_ms,0.29504,recorder
20260829-143116_perlmutter_c84bfd4a,l01_slipstream_trace-610042_b8_k8_isolated,isolated,flux,27,4,plan_comm_ms,0.890176,recorder
20260829-143116_perlmutter_c84bfd4a,l01_slipstream_trace-610042_b8_k8_isolated,isolated,flux,27,5,plan_comm_ms,0.650592,recorder
20260829-143116_perlmutter_c84bfd4a,l01_slipstream_trace-610042_b8_k8_isolated,isolated,flux,27,6,plan_comm_ms,0.691712,recorder
20260829-143116_perlmutter_c84bfd4a,l01_slipstream_trace-610042_b8_k8_isolated,isolated,flux,27,7,plan_comm_ms,0.289312,recorder
20260829-143116_perlmutter_c84bfd4a,l01_slipstream_trace-610042_b8_k8_isolated,isolated,flux,27,8,plan_comm_ms,0.310112,recorder
20260829-143116_perlmutter_c84bfd4a,l01_slipstream_trace-610042_b8_k8_isolated,isolated,flux,27,9,plan_comm_ms,0.606784,recorder
20260829-143116_perlmutter_c84bfd4a,l01_slipstream_trace-610042_b8_k8_isolated,isolated,flux,27,0,plan_ms,0.609696,recorder
20260829-143116_perlmutter_c84bfd4a,l01_slipstream_trace-610042_b8_k8_isolated,isolated,flux,27,1,plan_ms,0.614688,recorder
20260829-143116_perlmutter_c84bfd4a,l01_slipstream_trace-610042_b8_k8_isolated,isolated,flux,27,2,plan_ms,0.613632,recorder
20260829-143116_perlmutter_c84bfd4a,l01_slipstream_trace-610042_b8_k8_isolated,isolated,flux,27,3,plan_ms,0.618208,recorder
20260829-143116_perlmutter_c84bfd4a,l01_slipstream_trace-610042_b8_k8_isolated,isolated,flux,27,4,plan_ms,0.611968,recorder
20260829-143116_perlmutter_c84bfd4a,l01_slipstream_trace-610042_b8_k8_isolated,isolated,flux,27,5,plan_ms,0.608896,recorder
20260829-143116_perlmutter_c84bfd4a,l01_slipstream_trace-610042_b8_k8_isolated,isolated,flux,27,6,plan_ms,0.611232,recorder
20260829-143116_perlmutter_c84bfd4a,l01_slipstream_trace-610042_b8_k8_isolated,isolated,flux,27,7,plan_ms,0.606176,recorder
20260829-143116_perlmutter_c84bfd4a,l01_slipstream_trace-610042_b8_k8_isolated,isolated,flux,27,8,plan_ms,0.605216,recorder
20260829-143116_perlmutter_c84bfd4a,l01_slipstream_trace-610042_b8_k8_isolated,isolated,flux,27,9,plan_ms,0.608512,recorder
20260829-143116_perlmutter_c84bfd4a,l01_slipstream_trace-610042_b8_k8_isolated,isolated,flux,27,0,total_ms,14.30112,recorder
20260829-143116_perlmutter_c84bfd4a,l01_slipstream_trace-610042_b8_k8_isolated,isolated,flux,27,1,total_ms,14.844032,recorder
20260829-143116_perlmutter_c84bfd4a,l01_slipstream_trace-610042_b8_k8_isolated,isolated,flux,27,2,total_ms,13.918976,recorder
20260829-143116_perlmutter_c84bfd4a,l01_slipstream_trace-610042_b8_k8_isolated,isolated,flux,27,3,total_ms,13.798016,recorder
20260829-143116_perlmutter_c84bfd4a,l01_slipstream_trace-610042_b8_k8_isolated,isolated,flux,27,4,total_ms,14.670912,recorder
20260829-143116_perlmutter_c84bfd4a,l01_slipstream_trace-610042_b8_k8_isolated,isolated,flux,27,5,total_ms,14.460704,recorder
20260829-143116_perlmutter_c84bfd4a,l01_slipstream_trace-610042_b8_k8_isolated,isolated,flux,27,6,total_ms,14.644064,recorder
20260829-143116_perlmutter_c84bfd4a,l01_slipstream_trace-610042_b8_k8_isolated,isolated,flux,27,7,total_ms,14.168224,recorder
20260829-143116_perlmutter_c84bfd4a,l01_slipstream_trace-610042_b8_k8_isolated,isolated,flux,27,8,total_ms,14.011456,recorder
20260829-143116_perlmutter_c84bfd4a,l01_slipstream_trace-610042_b8_k8_isolated,isolated,flux,27,9,total_ms,14.02688,recorder
20260829-143116_perlmutter_c84bfd4a,l01_slipstream_trace-610042_b8_k8_isolated,isolated,flux,27,0,iso_sync_ms,12.769488,recorder
20260829-143116_perlmutter_c84bfd4a,l01_slipstream_trace-610042_b8_k8_isolated,isolated,flux,27,1,iso_sync_ms,12.980997,recorder
20260829-143116_perlmutter_c84bfd4a,l01_slipstream_trace-610042_b8_k8_isolated,isolated,flux,27,2,iso_sync_ms,13.378817,recorder
20260829-143116_perlmutter_c84bfd4a,l01_slipstream_trace-610042_b8_k8_isolated,isolated,flux,27,3,iso_sync_ms,12.342963,recorder
20260829-143116_perlmutter_c84bfd4a,l01_slipstream_trace-610042_b8_k8_isolated,isolated,flux,27,4,iso_sync_ms,12.601002,recorder
20260829-143116_perlmutter_c84bfd4a,l01_slipstream_trace-610042_b8_k8_isolated,isolated,flux,27,5,iso_sync_ms,12.124721,recorder
20260829-143116_perlmutter_c84bfd4a,l01_slipstream_trace-610042_b8_k8_isolated,isolated,flux,27,6,iso_sync_ms,12.751132,recorder
20260829-143116_perlmutter_c84bfd4a,l01_slipstream_trace-610042_b8_k8_isolated,isolated,flux,27,7,iso_sync_ms,12.765119,recorder
20260829-143116_perlmutter_c84bfd4a,l01_slipstream_trace-610042_b8_k8_isolated,isolated,flux,27,8,iso_sync_ms,12.275582,recorder
20260829-143116_perlmutter_c84bfd4a,l01_slipstream_trace-610042_b8_k8_isolated,isolated,flux,27,9,iso_sync_ms,12.477282,recorder
20260829-143116_perlmutter_c84bfd4a,l01_slipstream_trace-610042_b8_k8_isolated,isolated,flux,28,0,e2e_ms,13.240448,recorder
20260829-143116_perlmutter_c84bfd4a,l01_slipstream_trace-610042_b8_k8_isolated,isolated,flux,28,1,e2e_ms,13.708,recorder
20260829-143116_perlmutter_c84bfd4a,l01_slipstream_trace-610042_b8_k8_isolated,isolated,flux,28,2,e2e_ms,12.96368,recorder
20260829-143116_perlmutter_c84bfd4a,l01_slipstream_trace-610042_b8_k8_isolated,isolated,flux,28,3,e2e_ms,12.910944,recorder
20260829-143116_perlmutter_c84bfd4a,l01_slipstream_trace-610042_b8_k8_isolated,isolated,flux,28,4,e2e_ms,13.179744,recorder
20260829-143116_perlmutter_c84bfd4a,l01_slipstream_trace-610042_b8_k8_isolated,isolated,flux,28,5,e2e_ms,13.221056,recorder
20260829-143116_perlmutter_c84bfd4a,l01_slipstream_trace-610042_b8_k8_isolated,isolated,flux,28,6,e2e_ms,13.355328,recorder
20260829-143116_perlmutter_c84bfd4a,l01_slipstream_trace-610042_b8_k8_isolated,isolated,flux,28,7,e2e_ms,13.2912,recorder
20260829-143116_perlmutter_c84bfd4a,l01_slipstream_trace-610042_b8_k8_isolated,isolated,flux,28,8,e2e_ms,13.004448,recorder
20260829-143116_perlmutter_c84bfd4a,l01_slipstream_trace-610042_b8_k8_isolated,isolated,flux,28,9,e2e_ms,12.617408,recorder
20260829-143116_perlmutter_c84bfd4a,l01_slipstream_trace-610042_b8_k8_isolated,isolated,flux,28,0,l0_ms,6.403872,recorder
20260829-143116_perlmutter_c84bfd4a,l01_slipstream_trace-610042_b8_k8_isolated,isolated,flux,28,1,l0_ms,6.47856,recorder
20260829-143116_perlmutter_c84bfd4a,l01_slipstream_trace-610042_b8_k8_isolated,isolated,flux,28,2,l0_ms,6.3096,recorder
20260829-143116_perlmutter_c84bfd4a,l01_slipstream_trace-610042_b8_k8_isolated,isolated,flux,28,3,l0_ms,6.128192,recorder
20260829-143116_perlmutter_c84bfd4a,l01_slipstream_trace-610042_b8_k8_isolated,isolated,flux,28,4,l0_ms,6.171104,recorder
20260829-143116_perlmutter_c84bfd4a,l01_slipstream_trace-610042_b8_k8_isolated,isolated,flux,28,5,l0_ms,6.332064,recorder
20260829-143116_perlmutter_c84bfd4a,l01_slipstream_trace-610042_b8_k8_isolated,isolated,flux,28,6,l0_ms,6.38544,recorder
20260829-143116_perlmutter_c84bfd4a,l01_slipstream_trace-610042_b8_k8_isolated,isolated,flux,28,7,l0_ms,6.325824,recorder
20260829-143116_perlmutter_c84bfd4a,l01_slipstream_trace-610042_b8_k8_isolated,isolated,flux,28,8,l0_ms,6.245056,recorder
20260829-143116_perlmutter_c84bfd4a,l01_slipstream_trace-610042_b8_k8_isolated,isolated,flux,28,9,l0_ms,5.946144,recorder
20260829-143116_perlmutter_c84bfd4a,l01_slipstream_trace-610042_b8_k8_isolated,isolated,flux,28,0,act_ms,0.029888,recorder
20260829-143116_perlmutter_c84bfd4a,l01_slipstream_trace-610042_b8_k8_isolated,isolated,flux,28,1,act_ms,0.030144,recorder
20260829-143116_perlmutter_c84bfd4a,l01_slipstream_trace-610042_b8_k8_isolated,isolated,flux,28,2,act_ms,0.030848,recorder
20260829-143116_perlmutter_c84bfd4a,l01_slipstream_trace-610042_b8_k8_isolated,isolated,flux,28,3,act_ms,0.02992,recorder
20260829-143116_perlmutter_c84bfd4a,l01_slipstream_trace-610042_b8_k8_isolated,isolated,flux,28,4,act_ms,0.030816,recorder
20260829-143116_perlmutter_c84bfd4a,l01_slipstream_trace-610042_b8_k8_isolated,isolated,flux,28,5,act_ms,0.030016,recorder
20260829-143116_perlmutter_c84bfd4a,l01_slipstream_trace-610042_b8_k8_isolated,isolated,flux,28,6,act_ms,0.031776,recorder
20260829-143116_perlmutter_c84bfd4a,l01_slipstream_trace-610042_b8_k8_isolated,isolated,flux,28,7,act_ms,0.030592,recorder
20260829-143116_perlmutter_c84bfd4a,l01_slipstream_trace-610042_b8_k8_isolated,isolated,flux,28,8,act_ms,0.030944,recorder
20260829-143116_perlmutter_c84bfd4a,l01_slipstream_trace-610042_b8_k8_isolated,isolated,flux,28,9,act_ms,0.031104,recorder
20260829-143116_perlmutter_c84bfd4a,l01_slipstream_trace-610042_b8_k8_isolated,isolated,flux,28,0,l1_ms,6.806688,recorder
20260829-143116_perlmutter_c84bfd4a,l01_slipstream_trace-610042_b8_k8_isolated,isolated,flux,28,1,l1_ms,7.199296,recorder
20260829-143116_perlmutter_c84bfd4a,l01_slipstream_trace-610042_b8_k8_isolated,isolated,flux,28,2,l1_ms,6.623232,recorder
20260829-143116_perlmutter_c84bfd4a,l01_slipstream_trace-610042_b8_k8_isolated,isolated,flux,28,3,l1_ms,6.752832,recorder
20260829-143116_perlmutter_c84bfd4a,l01_slipstream_trace-610042_b8_k8_isolated,isolated,flux,28,4,l1_ms,6.977824,recorder
20260829-143116_perlmutter_c84bfd4a,l01_slipstream_trace-610042_b8_k8_isolated,isolated,flux,28,5,l1_ms,6.858976,recorder
20260829-143116_perlmutter_c84bfd4a,l01_slipstream_trace-610042_b8_k8_isolated,isolated,flux,28,6,l1_ms,6.938112,recorder
20260829-143116_perlmutter_c84bfd4a,l01_slipstream_trace-610042_b8_k8_isolated,isolated,flux,28,7,l1_ms,6.934784,recorder
20260829-143116_perlmutter_c84bfd4a,l01_slipstream_trace-610042_b8_k8_isolated,isolated,flux,28,8,l1_ms,6.728448,recorder
20260829-143116_perlmutter_c84bfd4a,l01_slipstream_trace-610042_b8_k8_isolated,isolated,flux,28,9,l1_ms,6.64016,recorder
20260829-143116_perlmutter_c84bfd4a,l01_slipstream_trace-610042_b8_k8_isolated,isolated,flux,28,0,plan_comm_ms,0.300192,recorder
20260829-143116_perlmutter_c84bfd4a,l01_slipstream_trace-610042_b8_k8_isolated,isolated,flux,28,1,plan_comm_ms,0.302176,recorder
20260829-143116_perlmutter_c84bfd4a,l01_slipstream_trace-610042_b8_k8_isolated,isolated,flux,28,2,plan_comm_ms,0.296224,recorder
20260829-143116_perlmutter_c84bfd4a,l01_slipstream_trace-610042_b8_k8_isolated,isolated,flux,28,3,plan_comm_ms,0.27008,recorder
20260829-143116_perlmutter_c84bfd4a,l01_slipstream_trace-610042_b8_k8_isolated,isolated,flux,28,4,plan_comm_ms,0.874336,recorder
20260829-143116_perlmutter_c84bfd4a,l01_slipstream_trace-610042_b8_k8_isolated,isolated,flux,28,5,plan_comm_ms,0.631104,recorder
20260829-143116_perlmutter_c84bfd4a,l01_slipstream_trace-610042_b8_k8_isolated,isolated,flux,28,6,plan_comm_ms,0.679616,recorder
20260829-143116_perlmutter_c84bfd4a,l01_slipstream_trace-610042_b8_k8_isolated,isolated,flux,28,7,plan_comm_ms,0.270528,recorder
20260829-143116_perlmutter_c84bfd4a,l01_slipstream_trace-610042_b8_k8_isolated,isolated,flux,28,8,plan_comm_ms,0.291712,recorder
20260829-143116_perlmutter_c84bfd4a,l01_slipstream_trace-610042_b8_k8_isolated,isolated,flux,28,9,plan_comm_ms,0.599552,recorder
20260829-143116_perlmutter_c84bfd4a,l01_slipstream_trace-610042_b8_k8_isolated,isolated,flux,28,0,plan_ms,0.61552,recorder
20260829-143116_perlmutter_c84bfd4a,l01_slipstream_trace-610042_b8_k8_isolated,isolated,flux,28,1,plan_ms,0.612928,recorder
20260829-143116_perlmutter_c84bfd4a,l01_slipstream_trace-610042_b8_k8_isolated,isolated,flux,28,2,plan_ms,0.61664,recorder
20260829-143116_perlmutter_c84bfd4a,l01_slipstream_trace-610042_b8_k8_isolated,isolated,flux,28,3,plan_ms,0.619136,recorder
20260829-143116_perlmutter_c84bfd4a,l01_slipstream_trace-610042_b8_k8_isolated,isolated,flux,28,4,plan_ms,0.616128,recorder
20260829-143116_perlmutter_c84bfd4a,l01_slipstream_trace-610042_b8_k8_isolated,isolated,flux,28,5,plan_ms,0.606624,recorder
20260829-143116_perlmutter_c84bfd4a,l01_slipstream_trace-610042_b8_k8_isolated,isolated,flux,28,6,plan_ms,0.61392,recorder
20260829-143116_perlmutter_c84bfd4a,l01_slipstream_trace-610042_b8_k8_isolated,isolated,flux,28,7,plan_ms,0.608064,recorder
20260829-143116_perlmutter_c84bfd4a,l01_slipstream_trace-610042_b8_k8_isolated,isolated,flux,28,8,plan_ms,0.612512,recorder
20260829-143116_perlmutter_c84bfd4a,l01_slipstream_trace-610042_b8_k8_isolated,isolated,flux,28,9,plan_ms,0.610208,recorder
20260829-143116_perlmutter_c84bfd4a,l01_slipstream_trace-610042_b8_k8_isolated,isolated,flux,28,0,total_ms,14.158496,recorder
20260829-143116_perlmutter_c84bfd4a,l01_slipstream_trace-610042_b8_k8_isolated,isolated,flux,28,1,total_ms,14.625472,recorder
20260829-143116_perlmutter_c84bfd4a,l01_slipstream_trace-610042_b8_k8_isolated,isolated,flux,28,2,total_ms,13.878912,recorder
20260829-143116_perlmutter_c84bfd4a,l01_slipstream_trace-610042_b8_k8_isolated,isolated,flux,28,3,total_ms,13.802496,recorder
20260829-143116_perlmutter_c84bfd4a,l01_slipstream_trace-610042_b8_k8_isolated,isolated,flux,28,4,total_ms,14.672576,recorder
20260829-143116_perlmutter_c84bfd4a,l01_slipstream_trace-610042_b8_k8_isolated,isolated,flux,28,5,total_ms,14.46112,recorder
20260829-143116_perlmutter_c84bfd4a,l01_slipstream_trace-610042_b8_k8_isolated,isolated,flux,28,6,total_ms,14.651232,recorder
20260829-143116_perlmutter_c84bfd4a,l01_slipstream_trace-610042_b8_k8_isolated,isolated,flux,28,7,total_ms,14.172128,recorder
20260829-143116_perlmutter_c84bfd4a,l01_slipstream_trace-610042_b8_k8_isolated,isolated,flux,28,8,total_ms,13.91104,recorder
20260829-143116_perlmutter_c84bfd4a,l01_slipstream_trace-610042_b8_k8_isolated,isolated,flux,28,9,total_ms,13.829504,recorder
20260829-143116_perlmutter_c84bfd4a,l01_slipstream_trace-610042_b8_k8_isolated,isolated,flux,28,0,iso_sync_ms,12.778382,recorder
20260829-143116_perlmutter_c84bfd4a,l01_slipstream_trace-610042_b8_k8_isolated,isolated,flux,28,1,iso_sync_ms,12.95902,recorder
20260829-143116_perlmutter_c84bfd4a,l01_slipstream_trace-610042_b8_k8_isolated,isolated,flux,28,2,iso_sync_ms,13.396304,recorder
20260829-143116_perlmutter_c84bfd4a,l01_slipstream_trace-610042_b8_k8_isolated,isolated,flux,28,3,iso_sync_ms,12.351208,recorder
20260829-143116_perlmutter_c84bfd4a,l01_slipstream_trace-610042_b8_k8_isolated,isolated,flux,28,4,iso_sync_ms,12.547718,recorder
20260829-143116_perlmutter_c84bfd4a,l01_slipstream_trace-610042_b8_k8_isolated,isolated,flux,28,5,iso_sync_ms,12.131234,recorder
20260829-143116_perlmutter_c84bfd4a,l01_slipstream_trace-610042_b8_k8_isolated,isolated,flux,28,6,iso_sync_ms,12.802148,recorder
20260829-143116_perlmutter_c84bfd4a,l01_slipstream_trace-610042_b8_k8_isolated,isolated,flux,28,7,iso_sync_ms,12.747212,recorder
20260829-143116_perlmutter_c84bfd4a,l01_slipstream_trace-610042_b8_k8_isolated,isolated,flux,28,8,iso_sync_ms,12.306412,recorder
20260829-143116_perlmutter_c84bfd4a,l01_slipstream_trace-610042_b8_k8_isolated,isolated,flux,28,9,iso_sync_ms,12.396777,recorder
20260829-143116_perlmutter_c84bfd4a,l01_slipstream_trace-610042_b8_k8_isolated,isolated,flux,29,0,e2e_ms,13.248736,recorder
20260829-143116_perlmutter_c84bfd4a,l01_slipstream_trace-610042_b8_k8_isolated,isolated,flux,29,1,e2e_ms,13.751328,recorder
20260829-143116_perlmutter_c84bfd4a,l01_slipstream_trace-610042_b8_k8_isolated,isolated,flux,29,2,e2e_ms,12.917408,recorder
20260829-143116_perlmutter_c84bfd4a,l01_slipstream_trace-610042_b8_k8_isolated,isolated,flux,29,3,e2e_ms,12.813408,recorder
20260829-143116_perlmutter_c84bfd4a,l01_slipstream_trace-610042_b8_k8_isolated,isolated,flux,29,4,e2e_ms,12.986752,recorder
20260829-143116_perlmutter_c84bfd4a,l01_slipstream_trace-610042_b8_k8_isolated,isolated,flux,29,5,e2e_ms,13.029152,recorder
20260829-143116_perlmutter_c84bfd4a,l01_slipstream_trace-610042_b8_k8_isolated,isolated,flux,29,6,e2e_ms,13.289024,recorder
20260829-143116_perlmutter_c84bfd4a,l01_slipstream_trace-610042_b8_k8_isolated,isolated,flux,29,7,e2e_ms,13.292544,recorder
20260829-143116_perlmutter_c84bfd4a,l01_slipstream_trace-610042_b8_k8_isolated,isolated,flux,29,8,e2e_ms,13.006976,recorder
20260829-143116_perlmutter_c84bfd4a,l01_slipstream_trace-610042_b8_k8_isolated,isolated,flux,29,9,e2e_ms,12.645088,recorder
20260829-143116_perlmutter_c84bfd4a,l01_slipstream_trace-610042_b8_k8_isolated,isolated,flux,29,0,l0_ms,6.407648,recorder
20260829-143116_perlmutter_c84bfd4a,l01_slipstream_trace-610042_b8_k8_isolated,isolated,flux,29,1,l0_ms,6.487776,recorder
20260829-143116_perlmutter_c84bfd4a,l01_slipstream_trace-610042_b8_k8_isolated,isolated,flux,29,2,l0_ms,6.312544,recorder
20260829-143116_perlmutter_c84bfd4a,l01_slipstream_trace-610042_b8_k8_isolated,isolated,flux,29,3,l0_ms,6.12816,recorder
20260829-143116_perlmutter_c84bfd4a,l01_slipstream_trace-610042_b8_k8_isolated,isolated,flux,29,4,l0_ms,6.184928,recorder
20260829-143116_perlmutter_c84bfd4a,l01_slipstream_trace-610042_b8_k8_isolated,isolated,flux,29,5,l0_ms,6.3456,recorder
20260829-143116_perlmutter_c84bfd4a,l01_slipstream_trace-610042_b8_k8_isolated,isolated,flux,29,6,l0_ms,6.394048,recorder
20260829-143116_perlmutter_c84bfd4a,l01_slipstream_trace-610042_b8_k8_isolated,isolated,flux,29,7,l0_ms,6.326912,recorder
20260829-143116_perlmutter_c84bfd4a,l01_slipstream_trace-610042_b8_k8_isolated,isolated,flux,29,8,l0_ms,6.250272,recorder
20260829-143116_perlmutter_c84bfd4a,l01_slipstream_trace-610042_b8_k8_isolated,isolated,flux,29,9,l0_ms,5.945536,recorder
20260829-143116_perlmutter_c84bfd4a,l01_slipstream_trace-610042_b8_k8_isolated,isolated,flux,29,0,act_ms,0.03072,recorder
20260829-143116_perlmutter_c84bfd4a,l01_slipstream_trace-610042_b8_k8_isolated,isolated,flux,29,1,act_ms,0.032448,recorder
20260829-143116_perlmutter_c84bfd4a,l01_slipstream_trace-610042_b8_k8_isolated,isolated,flux,29,2,act_ms,0.032,recorder
20260829-143116_perlmutter_c84bfd4a,l01_slipstream_trace-610042_b8_k8_isolated,isolated,flux,29,3,act_ms,0.032736,recorder
20260829-143116_perlmutter_c84bfd4a,l01_slipstream_trace-610042_b8_k8_isolated,isolated,flux,29,4,act_ms,0.029664,recorder
20260829-143116_perlmutter_c84bfd4a,l01_slipstream_trace-610042_b8_k8_isolated,isolated,flux,29,5,act_ms,0.030656,recorder
20260829-143116_perlmutter_c84bfd4a,l01_slipstream_trace-610042_b8_k8_isolated,isolated,flux,29,6,act_ms,0.032128,recorder
20260829-143116_perlmutter_c84bfd4a,l01_slipstream_trace-610042_b8_k8_isolated,isolated,flux,29,7,act_ms,0.031776,recorder
20260829-143116_perlmutter_c84bfd4a,l01_slipstream_trace-610042_b8_k8_isolated,isolated,flux,29,8,act_ms,0.032768,recorder
20260829-143116_perlmutter_c84bfd4a,l01_slipstream_trace-610042_b8_k8_isolated,isolated,flux,29,9,act_ms,0.030944,recorder
20260829-143116_perlmutter_c84bfd4a,l01_slipstream_trace-610042_b8_k8_isolated,isolated,flux,29,0,l1_ms,6.810368,recorder
20260829-143116_perlmutter_c84bfd4a,l01_slipstream_trace-610042_b8_k8_isolated,isolated,flux,29,1,l1_ms,7.231104,recorder
20260829-143116_perlmutter_c84bfd4a,l01_slipstream_trace-610042_b8_k8_isolated,isolated,flux,29,2,l1_ms,6.572864,recorder
20260829-143116_perlmutter_c84bfd4a,l01_slipstream_trace-610042_b8_k8_isolated,isolated,flux,29,3,l1_ms,6.652512,recorder
20260829-143116_perlmutter_c84bfd4a,l01_slipstream_trace-610042_b8_k8_isolated,isolated,flux,29,4,l1_ms,6.77216,recorder
20260829-143116_perlmutter_c84bfd4a,l01_slipstream_trace-610042_b8_k8_isolated,isolated,flux,29,5,l1_ms,6.652896,recorder
20260829-143116_perlmutter_c84bfd4a,l01_slipstream_trace-610042_b8_k8_isolated,isolated,flux,29,6,l1_ms,6.862848,recorder
20260829-143116_perlmutter_c84bfd4a,l01_slipstream_trace-610042_b8_k8_isolated,isolated,flux,29,7,l1_ms,6.933856,recorder
20260829-143116_perlmutter_c84bfd4a,l01_slipstream_trace-610042_b8_k8_isolated,isolated,flux,29,8,l1_ms,6.723936,recorder
20260829-143116_perlmutter_c84bfd4a,l01_slipstream_trace-610042_b8_k8_isolated,isolated,flux,29,9,l1_ms,6.668608,recorder
20260829-143116_perlmutter_c84bfd4a,l01_slipstream_trace-610042_b8_k8_isolated,isolated,flux,29,0,plan_comm_ms,0.293568,recorder
20260829-143116_perlmutter_c84bfd4a,l01_slipstream_trace-610042_b8_k8_isolated,isolated,flux,29,1,plan_comm_ms,0.293664,recorder
20260829-143116_perlmutter_c84bfd4a,l01_slipstream_trace-610042_b8_k8_isolated,isolated,flux,29,2,plan_comm_ms,0.294432,recorder
20260829-143116_perlmutter_c84bfd4a,l01_slipstream_trace-610042_b8_k8_isolated,isolated,flux,29,3,plan_comm_ms,0.269696,recorder
20260829-143116_perlmutter_c84bfd4a,l01_slipstream_trace-610042_b8_k8_isolated,isolated,flux,29,4,plan_comm_ms,0.869152,recorder
20260829-143116_perlmutter_c84bfd4a,l01_slipstream_trace-610042_b8_k8_isolated,isolated,flux,29,5,plan_comm_ms,0.628192,recorder
20260829-143116_perlmutter_c84bfd4a,l01_slipstream_trace-610042_b8_k8_isolated,isolated,flux,29,6,plan_comm_ms,0.67712,recorder
20260829-143116_perlmutter_c84bfd4a,l01_slipstream_trace-610042_b8_k8_isolated,isolated,flux,29,7,plan_comm_ms,0.268352,recorder
20260829-143116_perlmutter_c84bfd4a,l01_slipstream_trace-610042_b8_k8_isolated,isolated,flux,29,8,plan_comm_ms,0.289728,recorder
20260829-143116_perlmutter_c84bfd4a,l01_slipstream_trace-610042_b8_k8_isolated,isolated,flux,29,9,plan_comm_ms,0.601216,recorder
20260829-143116_perlmutter_c84bfd4a,l01_slipstream_trace-610042_b8_k8_isolated,isolated,flux,29,0,plan_ms,0.619872,recorder
20260829-143116_perlmutter_c84bfd4a,l01_slipstream_trace-610042_b8_k8_isolated,isolated,flux,29,1,plan_ms,0.617824,recorder
20260829-143116_perlmutter_c84bfd4a,l01_slipstream_trace-610042_b8_k8_isolated,isolated,flux,29,2,plan_ms,0.62256,recorder
20260829-143116_perlmutter_c84bfd4a,l01_slipstream_trace-610042_b8_k8_isolated,isolated,flux,29,3,plan_ms,0.626112,recorder
20260829-143116_perlmutter_c84bfd4a,l01_slipstream_trace-610042_b8_k8_isolated,isolated,flux,29,4,plan_ms,0.616896,recorder
20260829-143116_perlmutter_c84bfd4a,l01_slipstream_trace-610042_b8_k8_isolated,isolated,flux,29,5,plan_ms,0.612032,recorder
20260829-143116_perlmutter_c84bfd4a,l01_slipstream_trace-610042_b8_k8_isolated,isolated,flux,29,6,plan_ms,0.61584,recorder
20260829-143116_perlmutter_c84bfd4a,l01_slipstream_trace-610042_b8_k8_isolated,isolated,flux,29,7,plan_ms,0.615264,recorder
20260829-143116_perlmutter_c84bfd4a,l01_slipstream_trace-610042_b8_k8_isolated,isolated,flux,29,8,plan_ms,0.617632,recorder
20260829-143116_perlmutter_c84bfd4a,l01_slipstream_trace-610042_b8_k8_isolated,isolated,flux,29,9,plan_ms,0.617984,recorder
20260829-143116_perlmutter_c84bfd4a,l01_slipstream_trace-610042_b8_k8_isolated,isolated,flux,29,0,total_ms,14.164512,recorder
20260829-143116_perlmutter_c84bfd4a,l01_slipstream_trace-610042_b8_k8_isolated,isolated,flux,29,1,total_ms,14.665152,recorder
20260829-143116_perlmutter_c84bfd4a,l01_slipstream_trace-610042_b8_k8_isolated,isolated,flux,29,2,total_ms,13.836736,recorder
20260829-143116_perlmutter_c84bfd4a,l01_slipstream_trace-610042_b8_k8_isolated,isolated,flux,29,3,total_ms,13.711552,recorder
20260829-143116_perlmutter_c84bfd4a,l01_slipstream_trace-610042_b8_k8_isolated,isolated,flux,29,4,total_ms,14.475104,recorder
20260829-143116_perlmutter_c84bfd4a,l01_slipstream_trace-610042_b8_k8_isolated,isolated,flux,29,5,total_ms,14.271712,recorder
20260829-143116_perlmutter_c84bfd4a,l01_slipstream_trace-610042_b8_k8_isolated,isolated,flux,29,6,total_ms,14.584352,recorder
20260829-143116_perlmutter_c84bfd4a,l01_slipstream_trace-610042_b8_k8_isolated,isolated,flux,29,7,total_ms,14.178496,recorder
20260829-143116_perlmutter_c84bfd4a,l01_slipstream_trace-610042_b8_k8_isolated,isolated,flux,29,8,total_ms,13.916672,recorder
20260829-143116_perlmutter_c84bfd4a,l01_slipstream_trace-610042_b8_k8_isolated,isolated,flux,29,9,total_ms,13.866624,recorder
20260829-143116_perlmutter_c84bfd4a,l01_slipstream_trace-610042_b8_k8_isolated,isolated,flux,29,0,iso_sync_ms,12.787369,recorder
20260829-143116_perlmutter_c84bfd4a,l01_slipstream_trace-610042_b8_k8_isolated,isolated,flux,29,1,iso_sync_ms,12.95345,recorder
20260829-143116_perlmutter_c84bfd4a,l01_slipstream_trace-610042_b8_k8_isolated,isolated,flux,29,2,iso_sync_ms,13.357789,recorder
20260829-143116_perlmutter_c84bfd4a,l01_slipstream_trace-610042_b8_k8_isolated,isolated,flux,29,3,iso_sync_ms,12.309027,recorder
20260829-143116_perlmutter_c84bfd4a,l01_slipstream_trace-610042_b8_k8_isolated,isolated,flux,29,4,iso_sync_ms,12.542447,recorder
20260829-143116_perlmutter_c84bfd4a,l01_slipstream_trace-610042_b8_k8_isolated,isolated,flux,29,5,iso_sync_ms,12.132537,recorder
20260829-143116_perlmutter_c84bfd4a,l01_slipstream_trace-610042_b8_k8_isolated,isolated,flux,29,6,iso_sync_ms,12.723206,recorder
20260829-143116_perlmutter_c84bfd4a,l01_slipstream_trace-610042_b8_k8_isolated,isolated,flux,29,7,iso_sync_ms,12.709459,recorder
20260829-143116_perlmutter_c84bfd4a,l01_slipstream_trace-610042_b8_k8_isolated,isolated,flux,29,8,iso_sync_ms,12.275352,recorder
20260829-143116_perlmutter_c84bfd4a,l01_slipstream_trace-610042_b8_k8_isolated,isolated,flux,29,9,iso_sync_ms,12.394201,recorder
20260829-143116_perlmutter_c84bfd4a,l01_slipstream_trace-610042_b8_k8_isolated,isolated,flux,30,0,e2e_ms,13.223392,recorder
20260829-143116_perlmutter_c84bfd4a,l01_slipstream_trace-610042_b8_k8_isolated,isolated,flux,30,1,e2e_ms,13.766592,recorder
20260829-143116_perlmutter_c84bfd4a,l01_slipstream_trace-610042_b8_k8_isolated,isolated,flux,30,2,e2e_ms,12.904256,recorder
20260829-143116_perlmutter_c84bfd4a,l01_slipstream_trace-610042_b8_k8_isolated,isolated,flux,30,3,e2e_ms,12.814688,recorder
20260829-143116_perlmutter_c84bfd4a,l01_slipstream_trace-610042_b8_k8_isolated,isolated,flux,30,4,e2e_ms,13.014592,recorder
20260829-143116_perlmutter_c84bfd4a,l01_slipstream_trace-610042_b8_k8_isolated,isolated,flux,30,5,e2e_ms,13.050048,recorder
20260829-143116_perlmutter_c84bfd4a,l01_slipstream_trace-610042_b8_k8_isolated,isolated,flux,30,6,e2e_ms,13.189856,recorder
20260829-143116_perlmutter_c84bfd4a,l01_slipstream_trace-610042_b8_k8_isolated,isolated,flux,30,7,e2e_ms,13.244352,recorder
20260829-143116_perlmutter_c84bfd4a,l01_slipstream_trace-610042_b8_k8_isolated,isolated,flux,30,8,e2e_ms,12.987296,recorder
20260829-143116_perlmutter_c84bfd4a,l01_slipstream_trace-610042_b8_k8_isolated,isolated,flux,30,9,e2e_ms,12.659008,recorder
20260829-143116_perlmutter_c84bfd4a,l01_slipstream_trace-610042_b8_k8_isolated,isolated,flux,30,0,l0_ms,6.39328,recorder
20260829-143116_perlmutter_c84bfd4a,l01_slipstream_trace-610042_b8_k8_isolated,isolated,flux,30,1,l0_ms,6.477344,recorder
20260829-143116_perlmutter_c84bfd4a,l01_slipstream_trace-610042_b8_k8_isolated,isolated,flux,30,2,l0_ms,6.299712,recorder
20260829-143116_perlmutter_c84bfd4a,l01_slipstream_trace-610042_b8_k8_isolated,isolated,flux,30,3,l0_ms,6.1064,recorder
20260829-143116_perlmutter_c84bfd4a,l01_slipstream_trace-610042_b8_k8_isolated,isolated,flux,30,4,l0_ms,6.172128,recorder
20260829-143116_perlmutter_c84bfd4a,l01_slipstream_trace-610042_b8_k8_isolated,isolated,flux,30,5,l0_ms,6.317984,recorder
20260829-143116_perlmutter_c84bfd4a,l01_slipstream_trace-610042_b8_k8_isolated,isolated,flux,30,6,l0_ms,6.37792,recorder
20260829-143116_perlmutter_c84bfd4a,l01_slipstream_trace-610042_b8_k8_isolated,isolated,flux,30,7,l0_ms,6.31776,recorder
20260829-143116_perlmutter_c84bfd4a,l01_slipstream_trace-610042_b8_k8_isolated,isolated,flux,30,8,l0_ms,6.238688,recorder
20260829-143116_perlmutter_c84bfd4a,l01_slipstream_trace-610042_b8_k8_isolated,isolated,flux,30,9,l0_ms,5.910368,recorder
20260829-143116_perlmutter_c84bfd4a,l01_slipstream_trace-610042_b8_k8_isolated,isolated,flux,30,0,act_ms,0.017856,recorder
20260829-143116_perlmutter_c84bfd4a,l01_slipstream_trace-610042_b8_k8_isolated,isolated,flux,30,1,act_ms,0.019584,recorder
20260829-143116_perlmutter_c84bfd4a,l01_slipstream_trace-610042_b8_k8_isolated,isolated,flux,30,2,act_ms,0.015904,recorder
20260829-143116_perlmutter_c84bfd4a,l01_slipstream_trace-610042_b8_k8_isolated,isolated,flux,30,3,act_ms,0.01744,recorder
20260829-143116_perlmutter_c84bfd4a,l01_slipstream_trace-610042_b8_k8_isolated,isolated,flux,30,4,act_ms,0.01632,recorder
20260829-143116_perlmutter_c84bfd4a,l01_slipstream_trace-610042_b8_k8_isolated,isolated,flux,30,5,act_ms,0.01984,recorder
20260829-143116_perlmutter_c84bfd4a,l01_slipstream_trace-610042_b8_k8_isolated,isolated,flux,30,6,act_ms,0.016416,recorder
20260829-143116_perlmutter_c84bfd4a,l01_slipstream_trace-610042_b8_k8_isolated,isolated,flux,30,7,act_ms,0.016096,recorder
20260829-143116_perlmutter_c84bfd4a,l01_slipstream_trace-610042_b8_k8_isolated,isolated,flux,30,8,act_ms,0.016672,recorder
20260829-143116_perlmutter_c84bfd4a,l01_slipstream_trace-610042_b8_k8_isolated,isolated,flux,30,9,act_ms,0.016352,recorder
20260829-143116_perlmutter_c84bfd4a,l01_slipstream_trace-610042_b8_k8_isolated,isolated,flux,30,0,l1_ms,6.812256,recorder
20260829-143116_perlmutter_c84bfd4a,l01_slipstream_trace-610042_b8_k8_isolated,isolated,flux,30,1,l1_ms,7.269664,recorder
20260829-143116_perlmutter_c84bfd4a,l01_slipstream_trace-610042_b8_k8_isolated,isolated,flux,30,2,l1_ms,6.58864,recorder
20260829-143116_perlmutter_c84bfd4a,l01_slipstream_trace-610042_b8_k8_isolated,isolated,flux,30,3,l1_ms,6.690848,recorder
20260829-143116_perlmutter_c84bfd4a,l01_slipstream_trace-610042_b8_k8_isolated,isolated,flux,30,4,l1_ms,6.826144,recorder
20260829-143116_perlmutter_c84bfd4a,l01_slipstream_trace-610042_b8_k8_isolated,isolated,flux,30,5,l1_ms,6.712224,recorder
20260829-143116_perlmutter_c84bfd4a,l01_slipstream_trace-610042_b8_k8_isolated,isolated,flux,30,6,l1_ms,6.79552,recorder
20260829-143116_perlmutter_c84bfd4a,l01_slipstream_trace-610042_b8_k8_isolated,isolated,flux,30,7,l1_ms,6.910496,recorder
20260829-143116_perlmutter_c84bfd4a,l01_slipstream_trace-610042_b8_k8_isolated,isolated,flux,30,8,l1_ms,6.731936,recorder
20260829-143116_perlmutter_c84bfd4a,l01_slipstream_trace-610042_b8_k8_isolated,isolated,flux,30,9,l1_ms,6.732288,recorder
20260829-143116_perlmutter_c84bfd4a,l01_slipstream_trace-610042_b8_k8_isolated,isolated,flux,30,0,plan_comm_ms,0.291648,recorder
20260829-143116_perlmutter_c84bfd4a,l01_slipstream_trace-610042_b8_k8_isolated,isolated,flux,30,1,plan_comm_ms,0.287424,recorder
20260829-143116_perlmutter_c84bfd4a,l01_slipstream_trace-610042_b8_k8_isolated,isolated,flux,30,2,plan_comm_ms,0.2928,recorder
20260829-143116_perlmutter_c84bfd4a,l01_slipstream_trace-610042_b8_k8_isolated,isolated,flux,30,3,plan_comm_ms,0.26304,recorder
20260829-143116_perlmutter_c84bfd4a,l01_slipstream_trace-610042_b8_k8_isolated,isolated,flux,30,4,plan_comm_ms,0.86368,recorder
20260829-143116_perlmutter_c84bfd4a,l01_slipstream_trace-610042_b8_k8_isolated,isolated,flux,30,5,plan_comm_ms,0.624672,recorder
20260829-143116_perlmutter_c84bfd4a,l01_slipstream_trace-610042_b8_k8_isolated,isolated,flux,30,6,plan_comm_ms,0.675872,recorder
20260829-143116_perlmutter_c84bfd4a,l01_slipstream_trace-610042_b8_k8_isolated,isolated,flux,30,7,plan_comm_ms,0.2648,recorder
20260829-143116_perlmutter_c84bfd4a,l01_slipstream_trace-610042_b8_k8_isolated,isolated,flux,30,8,plan_comm_ms,0.285664,recorder
20260829-143116_perlmutter_c84bfd4a,l01_slipstream_trace-610042_b8_k8_isolated,isolated,flux,30,9,plan_comm_ms,0.603296,recorder
20260829-143116_perlmutter_c84bfd4a,l01_slipstream_trace-610042_b8_k8_isolated,isolated,flux,30,0,plan_ms,0.634816,recorder
20260829-143116_perlmutter_c84bfd4a,l01_slipstream_trace-610042_b8_k8_isolated,isolated,flux,30,1,plan_ms,0.638208,recorder
20260829-143116_perlmutter_c84bfd4a,l01_slipstream_trace-610042_b8_k8_isolated,isolated,flux,30,2,plan_ms,0.634624,recorder
20260829-143116_perlmutter_c84bfd4a,l01_slipstream_trace-610042_b8_k8_isolated,isolated,flux,30,3,plan_ms,0.639936,recorder
20260829-143116_perlmutter_c84bfd4a,l01_slipstream_trace-610042_b8_k8_isolated,isolated,flux,30,4,plan_ms,0.635104,recorder
20260829-143116_perlmutter_c84bfd4a,l01_slipstream_trace-610042_b8_k8_isolated,isolated,flux,30,5,plan_ms,0.63184,recorder
20260829-143116_perlmutter_c84bfd4a,l01_slipstream_trace-610042_b8_k8_isolated,isolated,flux,30,6,plan_ms,0.628288,recorder
20260829-143116_perlmutter_c84bfd4a,l01_slipstream_trace-610042_b8_k8_isolated,isolated,flux,30,7,plan_ms,0.629504,recorder
20260829-143116_perlmutter_c84bfd4a,l01_slipstream_trace-610042_b8_k8_isolated,isolated,flux,30,8,plan_ms,0.633312,recorder
20260829-143116_perlmutter_c84bfd4a,l01_slipstream_trace-610042_b8_k8_isolated,isolated,flux,30,9,plan_ms,0.633856,recorder
20260829-143116_perlmutter_c84bfd4a,l01_slipstream_trace-610042_b8_k8_isolated,isolated,flux,30,0,total_ms,14.152224,recorder
20260829-143116_perlmutter_c84bfd4a,l01_slipstream_trace-610042_b8_k8_isolated,isolated,flux,30,1,total_ms,14.69456,recorder
20260829-143116_perlmutter_c84bfd4a,l01_slipstream_trace-610042_b8_k8_isolated,isolated,flux,30,2,total_ms,13.834016,recorder
20260829-143116_perlmutter_c84bfd4a,l01_slipstream_trace-610042_b8_k8_isolated,isolated,flux,30,3,total_ms,13.720032,recorder
20260829-143116_perlmutter_c84bfd4a,l01_slipstream_trace-610042_b8_k8_isolated,isolated,flux,30,4,total_ms,14.515744,recorder
20260829-143116_perlmutter_c84bfd4a,l01_slipstream_trace-610042_b8_k8_isolated,isolated,flux,30,5,total_ms,14.308992,recorder
20260829-143116_perlmutter_c84bfd4a,l01_slipstream_trace-610042_b8_k8_isolated,isolated,flux,30,6,total_ms,14.496352,recorder
20260829-143116_perlmutter_c84bfd4a,l01_slipstream_trace-610042_b8_k8_isolated,isolated,flux,30,7,total_ms,14.140992,recorder
20260829-143116_perlmutter_c84bfd4a,l01_slipstream_trace-610042_b8_k8_isolated,isolated,flux,30,8,total_ms,13.90864,recorder
20260829-143116_perlmutter_c84bfd4a,l01_slipstream_trace-610042_b8_k8_isolated,isolated,flux,30,9,total_ms,13.898496,recorder
20260829-143116_perlmutter_c84bfd4a,l01_slipstream_trace-610042_b8_k8_isolated,isolated,flux,30,0,iso_sync_ms,12.791637,recorder
20260829-143116_perlmutter_c84bfd4a,l01_slipstream_trace-610042_b8_k8_isolated,isolated,flux,30,1,iso_sync_ms,13.023976,recorder
20260829-143116_perlmutter_c84bfd4a,l01_slipstream_trace-610042_b8_k8_isolated,isolated,flux,30,2,iso_sync_ms,13.40001,recorder
20260829-143116_perlmutter_c84bfd4a,l01_slipstream_trace-610042_b8_k8_isolated,isolated,flux,30,3,iso_sync_ms,12.327122,recorder
20260829-143116_perlmutter_c84bfd4a,l01_slipstream_trace-610042_b8_k8_isolated,isolated,flux,30,4,iso_sync_ms,12.64748,recorder
20260829-143116_perlmutter_c84bfd4a,l01_slipstream_trace-610042_b8_k8_isolated,isolated,flux,30,5,iso_sync_ms,12.128018,recorder
20260829-143116_perlmutter_c84bfd4a,l01_slipstream_trace-610042_b8_k8_isolated,isolated,flux,30,6,iso_sync_ms,12.752682,recorder
20260829-143116_perlmutter_c84bfd4a,l01_slipstream_trace-610042_b8_k8_isolated,isolated,flux,30,7,iso_sync_ms,12.756188,recorder
20260829-143116_perlmutter_c84bfd4a,l01_slipstream_trace-610042_b8_k8_isolated,isolated,flux,30,8,iso_sync_ms,12.322383,recorder
20260829-143116_perlmutter_c84bfd4a,l01_slipstream_trace-610042_b8_k8_isolated,isolated,flux,30,9,iso_sync_ms,12.447605,recorder
20260829-143116_perlmutter_c84bfd4a,l01_slipstream_trace-610042_b8_k8_isolated,isolated,flux,31,0,e2e_ms,13.096064,recorder
20260829-143116_perlmutter_c84bfd4a,l01_slipstream_trace-610042_b8_k8_isolated,isolated,flux,31,1,e2e_ms,13.79472,recorder
20260829-143116_perlmutter_c84bfd4a,l01_slipstream_trace-610042_b8_k8_isolated,isolated,flux,31,2,e2e_ms,12.932576,recorder
20260829-143116_perlmutter_c84bfd4a,l01_slipstream_trace-610042_b8_k8_isolated,isolated,flux,31,3,e2e_ms,12.829504,recorder
20260829-143116_perlmutter_c84bfd4a,l01_slipstream_trace-610042_b8_k8_isolated,isolated,flux,31,4,e2e_ms,13.071872,recorder
20260829-143116_perlmutter_c84bfd4a,l01_slipstream_trace-610042_b8_k8_isolated,isolated,flux,31,5,e2e_ms,13.109248,recorder
20260829-143116_perlmutter_c84bfd4a,l01_slipstream_trace-610042_b8_k8_isolated,isolated,flux,31,6,e2e_ms,13.244,recorder
20260829-143116_perlmutter_c84bfd4a,l01_slipstream_trace-610042_b8_k8_isolated,isolated,flux,31,7,e2e_ms,13.268512,recorder
20260829-143116_perlmutter_c84bfd4a,l01_slipstream_trace-610042_b8_k8_isolated,isolated,flux,31,8,e2e_ms,13.015456,recorder
20260829-143116_perlmutter_c84bfd4a,l01_slipstream_trace-610042_b8_k8_isolated,isolated,flux,31,9,e2e_ms,12.668544,recorder
20260829-143116_perlmutter_c84bfd4a,l01_slipstream_trace-610042_b8_k8_isolated,isolated,flux,31,0,l0_ms,6.257312,recorder
20260829-143116_perlmutter_c84bfd4a,l01_slipstream_trace-610042_b8_k8_isolated,isolated,flux,31,1,l0_ms,6.498976,recorder
20260829-143116_perlmutter_c84bfd4a,l01_slipstream_trace-610042_b8_k8_isolated,isolated,flux,31,2,l0_ms,6.329568,recorder
20260829-143116_perlmutter_c84bfd4a,l01_slipstream_trace-610042_b8_k8_isolated,isolated,flux,31,3,l0_ms,6.134048,recorder
20260829-143116_perlmutter_c84bfd4a,l01_slipstream_trace-610042_b8_k8_isolated,isolated,flux,31,4,l0_ms,6.202048,recorder
20260829-143116_perlmutter_c84bfd4a,l01_slipstream_trace-610042_b8_k8_isolated,isolated,flux,31,5,l0_ms,6.3576,recorder
20260829-143116_perlmutter_c84bfd4a,l01_slipstream_trace-610042_b8_k8_isolated,isolated,flux,31,6,l0_ms,6.40368,recorder
20260829-143116_perlmutter_c84bfd4a,l01_slipstream_trace-610042_b8_k8_isolated,isolated,flux,31,7,l0_ms,6.341536,recorder
20260829-143116_perlmutter_c84bfd4a,l01_slipstream_trace-610042_b8_k8_isolated,isolated,flux,31,8,l0_ms,6.269408,recorder
20260829-143116_perlmutter_c84bfd4a,l01_slipstream_trace-610042_b8_k8_isolated,isolated,flux,31,9,l0_ms,5.916704,recorder
20260829-143116_perlmutter_c84bfd4a,l01_slipstream_trace-610042_b8_k8_isolated,isolated,flux,31,0,act_ms,0.021856,recorder
20260829-143116_perlmutter_c84bfd4a,l01_slipstream_trace-610042_b8_k8_isolated,isolated,flux,31,1,act_ms,0.02336,recorder
20260829-143116_perlmutter_c84bfd4a,l01_slipstream_trace-610042_b8_k8_isolated,isolated,flux,31,2,act_ms,0.023168,recorder
20260829-143116_perlmutter_c84bfd4a,l01_slipstream_trace-610042_b8_k8_isolated,isolated,flux,31,3,act_ms,0.022592,recorder
20260829-143116_perlmutter_c84bfd4a,l01_slipstream_trace-610042_b8_k8_isolated,isolated,flux,31,4,act_ms,0.022336,recorder
20260829-143116_perlmutter_c84bfd4a,l01_slipstream_trace-610042_b8_k8_isolated,isolated,flux,31,5,act_ms,0.022464,recorder
20260829-143116_perlmutter_c84bfd4a,l01_slipstream_trace-610042_b8_k8_isolated,isolated,flux,31,6,act_ms,0.024256,recorder
20260829-143116_perlmutter_c84bfd4a,l01_slipstream_trace-610042_b8_k8_isolated,isolated,flux,31,7,act_ms,0.022688,recorder
20260829-143116_perlmutter_c84bfd4a,l01_slipstream_trace-610042_b8_k8_isolated,isolated,flux,31,8,act_ms,0.023168,recorder
20260829-143116_perlmutter_c84bfd4a,l01_slipstream_trace-610042_b8_k8_isolated,isolated,flux,31,9,act_ms,0.021984,recorder
20260829-143116_perlmutter_c84bfd4a,l01_slipstream_trace-610042_b8_k8_isolated,isolated,flux,31,0,l1_ms,6.816896,recorder
20260829-143116_perlmutter_c84bfd4a,l01_slipstream_trace-610042_b8_k8_isolated,isolated,flux,31,1,l1_ms,7.272384,recorder
20260829-143116_perlmutter_c84bfd4a,l01_slipstream_trace-610042_b8_k8_isolated,isolated,flux,31,2,l1_ms,6.57984,recorder
20260829-143116_perlmutter_c84bfd4a,l01_slipstream_trace-610042_b8_k8_isolated,isolated,flux,31,3,l1_ms,6.672864,recorder
20260829-143116_perlmutter_c84bfd4a,l01_slipstream_trace-610042_b8_k8_isolated,isolated,flux,31,4,l1_ms,6.847488,recorder
20260829-143116_perlmutter_c84bfd4a,l01_slipstream_trace-610042_b8_k8_isolated,isolated,flux,31,5,l1_ms,6.729184,recorder
20260829-143116_perlmutter_c84bfd4a,l01_slipstream_trace-610042_b8_k8_isolated,isolated,flux,31,6,l1_ms,6.816064,recorder
20260829-143116_perlmutter_c84bfd4a,l01_slipstream_trace-610042_b8_k8_isolated,isolated,flux,31,7,l1_ms,6.904288,recorder
20260829-143116_perlmutter_c84bfd4a,l01_slipstream_trace-610042_b8_k8_isolated,isolated,flux,31,8,l1_ms,6.72288,recorder
20260829-143116_perlmutter_c84bfd4a,l01_slipstream_trace-610042_b8_k8_isolated,isolated,flux,31,9,l1_ms,6.729856,recorder
20260829-143116_perlmutter_c84bfd4a,l01_slipstream_trace-610042_b8_k8_isolated,isolated,flux,31,0,plan_comm_ms,0.272864,recorder
20260829-143116_perlmutter_c84bfd4a,l01_slipstream_trace-610042_b8_k8_isolated,isolated,flux,31,1,plan_comm_ms,0.283008,recorder
20260829-143116_perlmutter_c84bfd4a,l01_slipstream_trace-610042_b8_k8_isolated,isolated,flux,31,2,plan_comm_ms,0.293504,recorder
20260829-143116_perlmutter_c84bfd4a,l01_slipstream_trace-610042_b8_k8_isolated,isolated,flux,31,3,plan_comm_ms,0.262528,recorder
20260829-143116_perlmutter_c84bfd4a,l01_slipstream_trace-610042_b8_k8_isolated,isolated,flux,31,4,plan_comm_ms,0.861824,recorder
20260829-143116_perlmutter_c84bfd4a,l01_slipstream_trace-610042_b8_k8_isolated,isolated,flux,31,5,plan_comm_ms,0.622496,recorder
20260829-143116_perlmutter_c84bfd4a,l01_slipstream_trace-610042_b8_k8_isolated,isolated,flux,31,6,plan_comm_ms,0.672224,recorder
20260829-143116_perlmutter_c84bfd4a,l01_slipstream_trace-610042_b8_k8_isolated,isolated,flux,31,7,plan_comm_ms,0.261536,recorder
20260829-143116_perlmutter_c84bfd4a,l01_slipstream_trace-610042_b8_k8_isolated,isolated,flux,31,8,plan_comm_ms,0.28464,recorder
20260829-143116_perlmutter_c84bfd4a,l01_slipstream_trace-610042_b8_k8_isolated,isolated,flux,31,9,plan_comm_ms,0.626688,recorder
20260829-143116_perlmutter_c84bfd4a,l01_slipstream_trace-610042_b8_k8_isolated,isolated,flux,31,0,plan_ms,0.751456,recorder
20260829-143116_perlmutter_c84bfd4a,l01_slipstream_trace-610042_b8_k8_isolated,isolated,flux,31,1,plan_ms,0.620224,recorder
20260829-143116_perlmutter_c84bfd4a,l01_slipstream_trace-610042_b8_k8_isolated,isolated,flux,31,2,plan_ms,0.613216,recorder
20260829-143116_perlmutter_c84bfd4a,l01_slipstream_trace-610042_b8_k8_isolated,isolated,flux,31,3,plan_ms,0.62096,recorder
20260829-143116_perlmutter_c84bfd4a,l01_slipstream_trace-610042_b8_k8_isolated,isolated,flux,31,4,plan_ms,0.61184,recorder
20260829-143116_perlmutter_c84bfd4a,l01_slipstream_trace-610042_b8_k8_isolated,isolated,flux,31,5,plan_ms,0.608384,recorder
20260829-143116_perlmutter_c84bfd4a,l01_slipstream_trace-610042_b8_k8_isolated,isolated,flux,31,6,plan_ms,0.607424,recorder
20260829-143116_perlmutter_c84bfd4a,l01_slipstream_trace-610042_b8_k8_isolated,isolated,flux,31,7,plan_ms,0.61344,recorder
20260829-143116_perlmutter_c84bfd4a,l01_slipstream_trace-610042_b8_k8_isolated,isolated,flux,31,8,plan_ms,0.60656,recorder
20260829-143116_perlmutter_c84bfd4a,l01_slipstream_trace-610042_b8_k8_isolated,isolated,flux,31,9,plan_ms,0.605952,recorder
20260829-143116_perlmutter_c84bfd4a,l01_slipstream_trace-610042_b8_k8_isolated,isolated,flux,31,0,total_ms,14.122688,recorder
20260829-143116_perlmutter_c84bfd4a,l01_slipstream_trace-610042_b8_k8_isolated,isolated,flux,31,1,total_ms,14.700256,recorder
20260829-143116_perlmutter_c84bfd4a,l01_slipstream_trace-610042_b8_k8_isolated,isolated,flux,31,2,total_ms,13.8416,recorder
20260829-143116_perlmutter_c84bfd4a,l01_slipstream_trace-610042_b8_k8_isolated,isolated,flux,31,3,total_ms,13.715296,recorder
20260829-143116_perlmutter_c84bfd4a,l01_slipstream_trace-610042_b8_k8_isolated,isolated,flux,31,4,total_ms,14.54784,recorder
20260829-143116_perlmutter_c84bfd4a,l01_slipstream_trace-610042_b8_k8_isolated,isolated,flux,31,5,total_ms,14.342432,recorder
20260829-143116_perlmutter_c84bfd4a,l01_slipstream_trace-610042_b8_k8_isolated,isolated,flux,31,6,total_ms,14.52592,recorder
20260829-143116_perlmutter_c84bfd4a,l01_slipstream_trace-610042_b8_k8_isolated,isolated,flux,31,7,total_ms,14.145792,recorder
20260829-143116_perlmutter_c84bfd4a,l01_slipstream_trace-610042_b8_k8_isolated,isolated,flux,31,8,total_ms,13.90912,recorder
20260829-143116_perlmutter_c84bfd4a,l01_slipstream_trace-610042_b8_k8_isolated,isolated,flux,31,9,total_ms,13.903488,recorder
20260829-143116_perlmutter_c84bfd4a,l01_slipstream_trace-610042_b8_k8_isolated,isolated,flux,31,0,iso_sync_ms,12.900438,recorder
20260829-143116_perlmutter_c84bfd4a,l01_slipstream_trace-610042_b8_k8_isolated,isolated,flux,31,1,iso_sync_ms,12.661497,recorder
20260829-143116_perlmutter_c84bfd4a,l01_slipstream_trace-610042_b8_k8_isolated,isolated,flux,31,2,iso_sync_ms,13.44626,recorder
20260829-143116_perlmutter_c84bfd4a,l01_slipstream_trace-610042_b8_k8_isolated,isolated,flux,31,3,iso_sync_ms,12.391857,recorder
20260829-143116_perlmutter_c84bfd4a,l01_slipstream_trace-610042_b8_k8_isolated,isolated,flux,31,4,iso_sync_ms,12.708357,recorder
20260829-143116_perlmutter_c84bfd4a,l01_slipstream_trace-610042_b8_k8_isolated,isolated,flux,31,5,iso_sync_ms,12.252348,recorder
20260829-143116_perlmutter_c84bfd4a,l01_slipstream_trace-610042_b8_k8_isolated,isolated,flux,31,6,iso_sync_ms,12.822778,recorder
20260829-143116_perlmutter_c84bfd4a,l01_slipstream_trace-610042_b8_k8_isolated,isolated,flux,31,7,iso_sync_ms,12.791908,recorder
20260829-143116_perlmutter_c84bfd4a,l01_slipstream_trace-610042_b8_k8_isolated,isolated,flux,31,8,iso_sync_ms,12.394863,recorder
20260829-143116_perlmutter_c84bfd4a,l01_slipstream_trace-610042_b8_k8_isolated,isolated,flux,31,9,iso_sync_ms,12.532257,recorder
