run_id,cell_id,mode,impl,rank,iter,metric,value_ms,source
20260827-022806_perlmutter_5bc126dd,ours_l01_s2_trace-610042_b8_k8_isolated,isolated,ours,0,0,e2e_ms,8.262528,recorder
20260827-022806_perlmutter_5bc126dd,ours_l01_s2_trace-610042_b8_k8_isolated,isolated,ours,0,1,e2e_ms,8.106976,recorder
20260827-022806_perlmutter_5bc126dd,ours_l01_s2_trace-610042_b8_k8_isolated,isolated,ours,0,2,e2e_ms,9.32768,recorder
20260827-022806_perlmutter_5bc126dd,ours_l01_s2_trace-610042_b8_k8_isolated,isolated,ours,0,3,e2e_ms,8.780096,recorder
20260827-022806_perlmutter_5bc126dd,ours_l01_s2_trace-610042_b8_k8_isolated,isolated,ours,0,4,e2e_ms,8.1496,recorder
20260827-022806_perlmutter_5bc126dd,ours_l01_s2_trace-610042_b8_k8_isolated,isolated,ours,0,5,e2e_ms,8.465472,recorder
20260827-022806_perlmutter_5bc126dd,ours_l01_s2_trace-610042_b8_k8_isolated,isolated,ours,0,6,e2e_ms,8.570464,recorder
20260827-022806_perlmutter_5bc126dd,ours_l01_s2_trace-610042_b8_k8_isolated,isolated,ours,0,7,e2e_ms,8.327328,recorder
20260827-022806_perlmutter_5bc126dd,ours_l01_s2_trace-610042_b8_k8_isolated,isolated,ours,0,8,e2e_ms,8.298976,recorder
20260827-022806_perlmutter_5bc126dd,ours_l01_s2_trace-610042_b8_k8_isolated,isolated,ours,0,9,e2e_ms,8.614208,recorder
20260827-022806_perlmutter_5bc126dd,ours_l01_s2_trace-610042_b8_k8_isolated,isolated,ours,0,0,l0_ms,3.632096,recorder
20260827-022806_perlmutter_5bc126dd,ours_l01_s2_trace-610042_b8_k8_isolated,isolated,ours,0,1,l0_ms,3.587296,recorder
20260827-022806_perlmutter_5bc126dd,ours_l01_s2_trace-610042_b8_k8_isolated,isolated,ours,0,2,l0_ms,4.882688,recorder
20260827-022806_perlmutter_5bc126dd,ours_l01_s2_trace-610042_b8_k8_isolated,isolated,ours,0,3,l0_ms,3.61504,recorder
20260827-022806_perlmutter_5bc126dd,ours_l01_s2_trace-610042_b8_k8_isolated,isolated,ours,0,4,l0_ms,3.670912,recorder
20260827-022806_perlmutter_5bc126dd,ours_l01_s2_trace-610042_b8_k8_isolated,isolated,ours,0,5,l0_ms,3.854848,recorder
20260827-022806_perlmutter_5bc126dd,ours_l01_s2_trace-610042_b8_k8_isolated,isolated,ours,0,6,l0_ms,3.847392,recorder
20260827-022806_perlmutter_5bc126dd,ours_l01_s2_trace-610042_b8_k8_isolated,isolated,ours,0,7,l0_ms,3.889824,recorder
20260827-022806_perlmutter_5bc126dd,ours_l01_s2_trace-610042_b8_k8_isolated,isolated,ours,0,8,l0_ms,3.643008,recorder
20260827-022806_perlmutter_5bc126dd,ours_l01_s2_trace-610042_b8_k8_isolated,isolated,ours,0,9,l0_ms,3.927424,recorder
20260827-022806_perlmutter_5bc126dd,ours_l01_s2_trace-610042_b8_k8_isolated,isolated,ours,0,0,act_ms,0.036512,recorder
20260827-022806_perlmutter_5bc126dd,ours_l01_s2_trace-610042_b8_k8_isolated,isolated,ours,0,1,act_ms,0.03808,recorder
20260827-022806_perlmutter_5bc126dd,ours_l01_s2_trace-610042_b8_k8_isolated,isolated,ours,0,2,act_ms,0.036096,recorder
20260827-022806_perlmutter_5bc126dd,ours_l01_s2_trace-610042_b8_k8_isolated,isolated,ours,0,3,act_ms,0.034944,recorder
20260827-022806_perlmutter_5bc126dd,ours_l01_s2_trace-610042_b8_k8_isolated,isolated,ours,0,4,act_ms,0.037376,recorder
20260827-022806_perlmutter_5bc126dd,ours_l01_s2_trace-610042_b8_k8_isolated,isolated,ours,0,5,act_ms,0.037728,recorder
20260827-022806_perlmutter_5bc126dd,ours_l01_s2_trace-610042_b8_k8_isolated,isolated,ours,0,6,act_ms,0.036192,recorder
20260827-022806_perlmutter_5bc126dd,ours_l01_s2_trace-610042_b8_k8_isolated,isolated,ours,0,7,act_ms,0.0376,recorder
20260827-022806_perlmutter_5bc126dd,ours_l01_s2_trace-610042_b8_k8_isolated,isolated,ours,0,8,act_ms,0.036768,recorder
20260827-022806_perlmutter_5bc126dd,ours_l01_s2_trace-610042_b8_k8_isolated,isolated,ours,0,9,act_ms,0.03632,recorder
20260827-022806_perlmutter_5bc126dd,ours_l01_s2_trace-610042_b8_k8_isolated,isolated,ours,0,0,l1_ms,4.59392,recorder
20260827-022806_perlmutter_5bc126dd,ours_l01_s2_trace-610042_b8_k8_isolated,isolated,ours,0,1,l1_ms,4.4816,recorder
20260827-022806_perlmutter_5bc126dd,ours_l01_s2_trace-610042_b8_k8_isolated,isolated,ours,0,2,l1_ms,4.408896,recorder
20260827-022806_perlmutter_5bc126dd,ours_l01_s2_trace-610042_b8_k8_isolated,isolated,ours,0,3,l1_ms,5.130112,recorder
20260827-022806_perlmutter_5bc126dd,ours_l01_s2_trace-610042_b8_k8_isolated,isolated,ours,0,4,l1_ms,4.441312,recorder
20260827-022806_perlmutter_5bc126dd,ours_l01_s2_trace-610042_b8_k8_isolated,isolated,ours,0,5,l1_ms,4.572896,recorder
20260827-022806_perlmutter_5bc126dd,ours_l01_s2_trace-610042_b8_k8_isolated,isolated,ours,0,6,l1_ms,4.68688,recorder
20260827-022806_perlmutter_5bc126dd,ours_l01_s2_trace-610042_b8_k8_isolated,isolated,ours,0,7,l1_ms,4.399904,recorder
20260827-022806_perlmutter_5bc126dd,ours_l01_s2_trace-610042_b8_k8_isolated,isolated,ours,0,8,l1_ms,4.6192,recorder
20260827-022806_perlmutter_5bc126dd,ours_l01_s2_trace-610042_b8_k8_isolated,isolated,ours,0,9,l1_ms,4.650464,recorder
20260827-022806_perlmutter_5bc126dd,ours_l01_s2_trace-610042_b8_k8_isolated,isolated,ours,0,0,plan_comm_ms,0.357504,recorder
20260827-022806_perlmutter_5bc126dd,ours_l01_s2_trace-610042_b8_k8_isolated,isolated,ours,0,1,plan_comm_ms,0.214944,recorder
20260827-022806_perlmutter_5bc126dd,ours_l01_s2_trace-610042_b8_k8_isolated,isolated,ours,0,2,plan_comm_ms,0.220448,recorder
20260827-022806_perlmutter_5bc126dd,ours_l01_s2_trace-610042_b8_k8_isolated,isolated,ours,0,3,plan_comm_ms,0.344416,recorder
20260827-022806_perlmutter_5bc126dd,ours_l01_s2_trace-610042_b8_k8_isolated,isolated,ours,0,4,plan_comm_ms,0.195616,recorder
20260827-022806_perlmutter_5bc126dd,ours_l01_s2_trace-610042_b8_k8_isolated,isolated,ours,0,5,plan_comm_ms,0.204192,recorder
20260827-022806_perlmutter_5bc126dd,ours_l01_s2_trace-610042_b8_k8_isolated,isolated,ours,0,6,plan_comm_ms,0.205856,recorder
20260827-022806_perlmutter_5bc126dd,ours_l01_s2_trace-610042_b8_k8_isolated,isolated,ours,0,7,plan_comm_ms,0.206272,recorder
20260827-022806_perlmutter_5bc126dd,ours_l01_s2_trace-610042_b8_k8_isolated,isolated,ours,0,8,plan_comm_ms,0.206752,recorder
20260827-022806_perlmutter_5bc126dd,ours_l01_s2_trace-610042_b8_k8_isolated,isolated,ours,0,9,plan_comm_ms,0.209792,recorder
20260827-022806_perlmutter_5bc126dd,ours_l01_s2_trace-610042_b8_k8_isolated,isolated,ours,0,0,place_ms,3.321408,recorder
20260827-022806_perlmutter_5bc126dd,ours_l01_s2_trace-610042_b8_k8_isolated,isolated,ours,0,1,place_ms,3.40848,recorder
20260827-022806_perlmutter_5bc126dd,ours_l01_s2_trace-610042_b8_k8_isolated,isolated,ours,0,2,place_ms,3.417664,recorder
20260827-022806_perlmutter_5bc126dd,ours_l01_s2_trace-610042_b8_k8_isolated,isolated,ours,0,3,place_ms,3.48576,recorder
20260827-022806_perlmutter_5bc126dd,ours_l01_s2_trace-610042_b8_k8_isolated,isolated,ours,0,4,place_ms,3.401056,recorder
20260827-022806_perlmutter_5bc126dd,ours_l01_s2_trace-610042_b8_k8_isolated,isolated,ours,0,5,place_ms,3.410592,recorder
20260827-022806_perlmutter_5bc126dd,ours_l01_s2_trace-610042_b8_k8_isolated,isolated,ours,0,6,place_ms,3.399136,recorder
20260827-022806_perlmutter_5bc126dd,ours_l01_s2_trace-610042_b8_k8_isolated,isolated,ours,0,7,place_ms,3.351168,recorder
20260827-022806_perlmutter_5bc126dd,ours_l01_s2_trace-610042_b8_k8_isolated,isolated,ours,0,8,place_ms,3.442432,recorder
20260827-022806_perlmutter_5bc126dd,ours_l01_s2_trace-610042_b8_k8_isolated,isolated,ours,0,9,place_ms,3.351776,recorder
20260827-022806_perlmutter_5bc126dd,ours_l01_s2_trace-610042_b8_k8_isolated,isolated,ours,0,0,plan_ms,1.833312,recorder
20260827-022806_perlmutter_5bc126dd,ours_l01_s2_trace-610042_b8_k8_isolated,isolated,ours,0,1,plan_ms,1.673664,recorder
20260827-022806_perlmutter_5bc126dd,ours_l01_s2_trace-610042_b8_k8_isolated,isolated,ours,0,2,plan_ms,1.469568,recorder
20260827-022806_perlmutter_5bc126dd,ours_l01_s2_trace-610042_b8_k8_isolated,isolated,ours,0,3,plan_ms,1.457888,recorder
20260827-022806_perlmutter_5bc126dd,ours_l01_s2_trace-610042_b8_k8_isolated,isolated,ours,0,4,plan_ms,1.511808,recorder
20260827-022806_perlmutter_5bc126dd,ours_l01_s2_trace-610042_b8_k8_isolated,isolated,ours,0,5,plan_ms,1.445568,recorder
20260827-022806_perlmutter_5bc126dd,ours_l01_s2_trace-610042_b8_k8_isolated,isolated,ours,0,6,plan_ms,1.485664,recorder
20260827-022806_perlmutter_5bc126dd,ours_l01_s2_trace-610042_b8_k8_isolated,isolated,ours,0,7,plan_ms,1.758272,recorder
20260827-022806_perlmutter_5bc126dd,ours_l01_s2_trace-610042_b8_k8_isolated,isolated,ours,0,8,plan_ms,1.467616,recorder
20260827-022806_perlmutter_5bc126dd,ours_l01_s2_trace-610042_b8_k8_isolated,isolated,ours,0,9,plan_ms,1.494272,recorder
20260827-022806_perlmutter_5bc126dd,ours_l01_s2_trace-610042_b8_k8_isolated,isolated,ours,0,0,total_ms,13.789152,recorder
20260827-022806_perlmutter_5bc126dd,ours_l01_s2_trace-610042_b8_k8_isolated,isolated,ours,0,1,total_ms,13.418272,recorder
20260827-022806_perlmutter_5bc126dd,ours_l01_s2_trace-610042_b8_k8_isolated,isolated,ours,0,2,total_ms,14.45024,recorder
20260827-022806_perlmutter_5bc126dd,ours_l01_s2_trace-610042_b8_k8_isolated,isolated,ours,0,3,total_ms,14.082112,recorder
20260827-022806_perlmutter_5bc126dd,ours_l01_s2_trace-610042_b8_k8_isolated,isolated,ours,0,4,total_ms,13.272128,recorder
20260827-022806_perlmutter_5bc126dd,ours_l01_s2_trace-610042_b8_k8_isolated,isolated,ours,0,5,total_ms,13.540096,recorder
20260827-022806_perlmutter_5bc126dd,ours_l01_s2_trace-610042_b8_k8_isolated,isolated,ours,0,6,total_ms,13.679776,recorder
20260827-022806_perlmutter_5bc126dd,ours_l01_s2_trace-610042_b8_k8_isolated,isolated,ours,0,7,total_ms,13.657472,recorder
20260827-022806_perlmutter_5bc126dd,ours_l01_s2_trace-610042_b8_k8_isolated,isolated,ours,0,8,total_ms,13.430432,recorder
20260827-022806_perlmutter_5bc126dd,ours_l01_s2_trace-610042_b8_k8_isolated,isolated,ours,0,9,total_ms,13.683936,recorder
20260827-022806_perlmutter_5bc126dd,ours_l01_s2_trace-610042_b8_k8_isolated,isolated,ours,0,0,iso_sync_ms,7.729278,recorder
20260827-022806_perlmutter_5bc126dd,ours_l01_s2_trace-610042_b8_k8_isolated,isolated,ours,0,1,iso_sync_ms,7.941608,recorder
20260827-022806_perlmutter_5bc126dd,ours_l01_s2_trace-610042_b8_k8_isolated,isolated,ours,0,2,iso_sync_ms,7.440671,recorder
20260827-022806_perlmutter_5bc126dd,ours_l01_s2_trace-610042_b8_k8_isolated,isolated,ours,0,3,iso_sync_ms,8.619516,recorder
20260827-022806_perlmutter_5bc126dd,ours_l01_s2_trace-610042_b8_k8_isolated,isolated,ours,0,4,iso_sync_ms,8.029628,recorder
20260827-022806_perlmutter_5bc126dd,ours_l01_s2_trace-610042_b8_k8_isolated,isolated,ours,0,5,iso_sync_ms,7.493563,recorder
20260827-022806_perlmutter_5bc126dd,ours_l01_s2_trace-610042_b8_k8_isolated,isolated,ours,0,6,iso_sync_ms,7.759576,recorder
20260827-022806_perlmutter_5bc126dd,ours_l01_s2_trace-610042_b8_k8_isolated,isolated,ours,0,7,iso_sync_ms,7.887864,recorder
20260827-022806_perlmutter_5bc126dd,ours_l01_s2_trace-610042_b8_k8_isolated,isolated,ours,0,8,iso_sync_ms,7.956676,recorder
20260827-022806_perlmutter_5bc126dd,ours_l01_s2_trace-610042_b8_k8_isolated,isolated,ours,0,9,iso_sync_ms,7.613174,recorder
20260827-022806_perlmutter_5bc126dd,ours_l01_s2_trace-610042_b8_k8_isolated,isolated,ours,1,0,e2e_ms,8.283168,recorder
20260827-022806_perlmutter_5bc126dd,ours_l01_s2_trace-610042_b8_k8_isolated,isolated,ours,1,1,e2e_ms,8.117248,recorder
20260827-022806_perlmutter_5bc126dd,ours_l01_s2_trace-610042_b8_k8_isolated,isolated,ours,1,2,e2e_ms,9.362784,recorder
20260827-022806_perlmutter_5bc126dd,ours_l01_s2_trace-610042_b8_k8_isolated,isolated,ours,1,3,e2e_ms,8.727904,recorder
20260827-022806_perlmutter_5bc126dd,ours_l01_s2_trace-610042_b8_k8_isolated,isolated,ours,1,4,e2e_ms,8.177152,recorder
20260827-022806_perlmutter_5bc126dd,ours_l01_s2_trace-610042_b8_k8_isolated,isolated,ours,1,5,e2e_ms,8.483552,recorder
20260827-022806_perlmutter_5bc126dd,ours_l01_s2_trace-610042_b8_k8_isolated,isolated,ours,1,6,e2e_ms,8.575968,recorder
20260827-022806_perlmutter_5bc126dd,ours_l01_s2_trace-610042_b8_k8_isolated,isolated,ours,1,7,e2e_ms,8.323808,recorder
20260827-022806_perlmutter_5bc126dd,ours_l01_s2_trace-610042_b8_k8_isolated,isolated,ours,1,8,e2e_ms,8.359712,recorder
20260827-022806_perlmutter_5bc126dd,ours_l01_s2_trace-610042_b8_k8_isolated,isolated,ours,1,9,e2e_ms,8.629024,recorder
20260827-022806_perlmutter_5bc126dd,ours_l01_s2_trace-610042_b8_k8_isolated,isolated,ours,1,0,l0_ms,3.680992,recorder
20260827-022806_perlmutter_5bc126dd,ours_l01_s2_trace-610042_b8_k8_isolated,isolated,ours,1,1,l0_ms,3.60336,recorder
20260827-022806_perlmutter_5bc126dd,ours_l01_s2_trace-610042_b8_k8_isolated,isolated,ours,1,2,l0_ms,4.923168,recorder
20260827-022806_perlmutter_5bc126dd,ours_l01_s2_trace-610042_b8_k8_isolated,isolated,ours,1,3,l0_ms,3.736576,recorder
20260827-022806_perlmutter_5bc126dd,ours_l01_s2_trace-610042_b8_k8_isolated,isolated,ours,1,4,l0_ms,3.691008,recorder
20260827-022806_perlmutter_5bc126dd,ours_l01_s2_trace-610042_b8_k8_isolated,isolated,ours,1,5,l0_ms,3.793504,recorder
20260827-022806_perlmutter_5bc126dd,ours_l01_s2_trace-610042_b8_k8_isolated,isolated,ours,1,6,l0_ms,3.862496,recorder
20260827-022806_perlmutter_5bc126dd,ours_l01_s2_trace-610042_b8_k8_isolated,isolated,ours,1,7,l0_ms,3.886208,recorder
20260827-022806_perlmutter_5bc126dd,ours_l01_s2_trace-610042_b8_k8_isolated,isolated,ours,1,8,l0_ms,3.72096,recorder
20260827-022806_perlmutter_5bc126dd,ours_l01_s2_trace-610042_b8_k8_isolated,isolated,ours,1,9,l0_ms,3.94,recorder
20260827-022806_perlmutter_5bc126dd,ours_l01_s2_trace-610042_b8_k8_isolated,isolated,ours,1,0,act_ms,0.036768,recorder
20260827-022806_perlmutter_5bc126dd,ours_l01_s2_trace-610042_b8_k8_isolated,isolated,ours,1,1,act_ms,0.035104,recorder
20260827-022806_perlmutter_5bc126dd,ours_l01_s2_trace-610042_b8_k8_isolated,isolated,ours,1,2,act_ms,0.036384,recorder
20260827-022806_perlmutter_5bc126dd,ours_l01_s2_trace-610042_b8_k8_isolated,isolated,ours,1,3,act_ms,0.03872,recorder
20260827-022806_perlmutter_5bc126dd,ours_l01_s2_trace-610042_b8_k8_isolated,isolated,ours,1,4,act_ms,0.03632,recorder
20260827-022806_perlmutter_5bc126dd,ours_l01_s2_trace-610042_b8_k8_isolated,isolated,ours,1,5,act_ms,0.038432,recorder
20260827-022806_perlmutter_5bc126dd,ours_l01_s2_trace-610042_b8_k8_isolated,isolated,ours,1,6,act_ms,0.03552,recorder
20260827-022806_perlmutter_5bc126dd,ours_l01_s2_trace-610042_b8_k8_isolated,isolated,ours,1,7,act_ms,0.036608,recorder
20260827-022806_perlmutter_5bc126dd,ours_l01_s2_trace-610042_b8_k8_isolated,isolated,ours,1,8,act_ms,0.036704,recorder
20260827-022806_perlmutter_5bc126dd,ours_l01_s2_trace-610042_b8_k8_isolated,isolated,ours,1,9,act_ms,0.034656,recorder
20260827-022806_perlmutter_5bc126dd,ours_l01_s2_trace-610042_b8_k8_isolated,isolated,ours,1,0,l1_ms,4.565408,recorder
20260827-022806_perlmutter_5bc126dd,ours_l01_s2_trace-610042_b8_k8_isolated,isolated,ours,1,1,l1_ms,4.478784,recorder
20260827-022806_perlmutter_5bc126dd,ours_l01_s2_trace-610042_b8_k8_isolated,isolated,ours,1,2,l1_ms,4.403232,recorder
20260827-022806_perlmutter_5bc126dd,ours_l01_s2_trace-610042_b8_k8_isolated,isolated,ours,1,3,l1_ms,4.952608,recorder
20260827-022806_perlmutter_5bc126dd,ours_l01_s2_trace-610042_b8_k8_isolated,isolated,ours,1,4,l1_ms,4.449824,recorder
20260827-022806_perlmutter_5bc126dd,ours_l01_s2_trace-610042_b8_k8_isolated,isolated,ours,1,5,l1_ms,4.651616,recorder
20260827-022806_perlmutter_5bc126dd,ours_l01_s2_trace-610042_b8_k8_isolated,isolated,ours,1,6,l1_ms,4.677952,recorder
20260827-022806_perlmutter_5bc126dd,ours_l01_s2_trace-610042_b8_k8_isolated,isolated,ours,1,7,l1_ms,4.400992,recorder
20260827-022806_perlmutter_5bc126dd,ours_l01_s2_trace-610042_b8_k8_isolated,isolated,ours,1,8,l1_ms,4.602048,recorder
20260827-022806_perlmutter_5bc126dd,ours_l01_s2_trace-610042_b8_k8_isolated,isolated,ours,1,9,l1_ms,4.654368,recorder
20260827-022806_perlmutter_5bc126dd,ours_l01_s2_trace-610042_b8_k8_isolated,isolated,ours,1,0,plan_comm_ms,0.356224,recorder
20260827-022806_perlmutter_5bc126dd,ours_l01_s2_trace-610042_b8_k8_isolated,isolated,ours,1,1,plan_comm_ms,0.21456,recorder
20260827-022806_perlmutter_5bc126dd,ours_l01_s2_trace-610042_b8_k8_isolated,isolated,ours,1,2,plan_comm_ms,0.218304,recorder
20260827-022806_perlmutter_5bc126dd,ours_l01_s2_trace-610042_b8_k8_isolated,isolated,ours,1,3,plan_comm_ms,0.206144,recorder
20260827-022806_perlmutter_5bc126dd,ours_l01_s2_trace-610042_b8_k8_isolated,isolated,ours,1,4,plan_comm_ms,0.193632,recorder
20260827-022806_perlmutter_5bc126dd,ours_l01_s2_trace-610042_b8_k8_isolated,isolated,ours,1,5,plan_comm_ms,0.205056,recorder
20260827-022806_perlmutter_5bc126dd,ours_l01_s2_trace-610042_b8_k8_isolated,isolated,ours,1,6,plan_comm_ms,0.204704,recorder
20260827-022806_perlmutter_5bc126dd,ours_l01_s2_trace-610042_b8_k8_isolated,isolated,ours,1,7,plan_comm_ms,0.20624,recorder
20260827-022806_perlmutter_5bc126dd,ours_l01_s2_trace-610042_b8_k8_isolated,isolated,ours,1,8,plan_comm_ms,0.204192,recorder
20260827-022806_perlmutter_5bc126dd,ours_l01_s2_trace-610042_b8_k8_isolated,isolated,ours,1,9,plan_comm_ms,0.208064,recorder
20260827-022806_perlmutter_5bc126dd,ours_l01_s2_trace-610042_b8_k8_isolated,isolated,ours,1,0,place_ms,3.251936,recorder
20260827-022806_perlmutter_5bc126dd,ours_l01_s2_trace-610042_b8_k8_isolated,isolated,ours,1,1,place_ms,3.372288,recorder
20260827-022806_perlmutter_5bc126dd,ours_l01_s2_trace-610042_b8_k8_isolated,isolated,ours,1,2,place_ms,3.359392,recorder
20260827-022806_perlmutter_5bc126dd,ours_l01_s2_trace-610042_b8_k8_isolated,isolated,ours,1,3,place_ms,3.38,recorder
20260827-022806_perlmutter_5bc126dd,ours_l01_s2_trace-610042_b8_k8_isolated,isolated,ours,1,4,place_ms,3.372864,recorder
20260827-022806_perlmutter_5bc126dd,ours_l01_s2_trace-610042_b8_k8_isolated,isolated,ours,1,5,place_ms,3.366816,recorder
20260827-022806_perlmutter_5bc126dd,ours_l01_s2_trace-610042_b8_k8_isolated,isolated,ours,1,6,place_ms,3.35184,recorder
20260827-022806_perlmutter_5bc126dd,ours_l01_s2_trace-610042_b8_k8_isolated,isolated,ours,1,7,place_ms,3.3288,recorder
20260827-022806_perlmutter_5bc126dd,ours_l01_s2_trace-610042_b8_k8_isolated,isolated,ours,1,8,place_ms,3.378368,recorder
20260827-022806_perlmutter_5bc126dd,ours_l01_s2_trace-610042_b8_k8_isolated,isolated,ours,1,9,place_ms,3.325792,recorder
20260827-022806_perlmutter_5bc126dd,ours_l01_s2_trace-610042_b8_k8_isolated,isolated,ours,1,0,plan_ms,1.882496,recorder
20260827-022806_perlmutter_5bc126dd,ours_l01_s2_trace-610042_b8_k8_isolated,isolated,ours,1,1,plan_ms,1.704704,recorder
20260827-022806_perlmutter_5bc126dd,ours_l01_s2_trace-610042_b8_k8_isolated,isolated,ours,1,2,plan_ms,1.500768,recorder
20260827-022806_perlmutter_5bc126dd,ours_l01_s2_trace-610042_b8_k8_isolated,isolated,ours,1,3,plan_ms,1.604928,recorder
20260827-022806_perlmutter_5bc126dd,ours_l01_s2_trace-610042_b8_k8_isolated,isolated,ours,1,4,plan_ms,1.528384,recorder
20260827-022806_perlmutter_5bc126dd,ours_l01_s2_trace-610042_b8_k8_isolated,isolated,ours,1,5,plan_ms,1.477728,recorder
20260827-022806_perlmutter_5bc126dd,ours_l01_s2_trace-610042_b8_k8_isolated,isolated,ours,1,6,plan_ms,1.535232,recorder
20260827-022806_perlmutter_5bc126dd,ours_l01_s2_trace-610042_b8_k8_isolated,isolated,ours,1,7,plan_ms,1.792192,recorder
20260827-022806_perlmutter_5bc126dd,ours_l01_s2_trace-610042_b8_k8_isolated,isolated,ours,1,8,plan_ms,1.474976,recorder
20260827-022806_perlmutter_5bc126dd,ours_l01_s2_trace-610042_b8_k8_isolated,isolated,ours,1,9,plan_ms,1.514016,recorder
20260827-022806_perlmutter_5bc126dd,ours_l01_s2_trace-610042_b8_k8_isolated,isolated,ours,1,0,total_ms,13.787584,recorder
20260827-022806_perlmutter_5bc126dd,ours_l01_s2_trace-610042_b8_k8_isolated,isolated,ours,1,1,total_ms,13.423392,recorder
20260827-022806_perlmutter_5bc126dd,ours_l01_s2_trace-610042_b8_k8_isolated,isolated,ours,1,2,total_ms,14.45536,recorder
20260827-022806_perlmutter_5bc126dd,ours_l01_s2_trace-610042_b8_k8_isolated,isolated,ours,1,3,total_ms,13.933184,recorder
20260827-022806_perlmutter_5bc126dd,ours_l01_s2_trace-610042_b8_k8_isolated,isolated,ours,1,4,total_ms,13.286528,recorder
20260827-022806_perlmutter_5bc126dd,ours_l01_s2_trace-610042_b8_k8_isolated,isolated,ours,1,5,total_ms,13.54704,recorder
20260827-022806_perlmutter_5bc126dd,ours_l01_s2_trace-610042_b8_k8_isolated,isolated,ours,1,6,total_ms,13.681984,recorder
20260827-022806_perlmutter_5bc126dd,ours_l01_s2_trace-610042_b8_k8_isolated,isolated,ours,1,7,total_ms,13.665472,recorder
20260827-022806_perlmutter_5bc126dd,ours_l01_s2_trace-610042_b8_k8_isolated,isolated,ours,1,8,total_ms,13.430784,recorder
20260827-022806_perlmutter_5bc126dd,ours_l01_s2_trace-610042_b8_k8_isolated,isolated,ours,1,9,total_ms,13.690496,recorder
20260827-022806_perlmutter_5bc126dd,ours_l01_s2_trace-610042_b8_k8_isolated,isolated,ours,1,0,iso_sync_ms,7.760658,recorder
20260827-022806_perlmutter_5bc126dd,ours_l01_s2_trace-610042_b8_k8_isolated,isolated,ours,1,1,iso_sync_ms,7.94321,recorder
20260827-022806_perlmutter_5bc126dd,ours_l01_s2_trace-610042_b8_k8_isolated,isolated,ours,1,2,iso_sync_ms,7.397538,recorder
20260827-022806_perlmutter_5bc126dd,ours_l01_s2_trace-610042_b8_k8_isolated,isolated,ours,1,3,iso_sync_ms,8.65769,recorder
20260827-022806_perlmutter_5bc126dd,ours_l01_s2_trace-610042_b8_k8_isolated,isolated,ours,1,4,iso_sync_ms,8.137115,recorder
20260827-022806_perlmutter_5bc126dd,ours_l01_s2_trace-610042_b8_k8_isolated,isolated,ours,1,5,iso_sync_ms,7.525224,recorder
20260827-022806_perlmutter_5bc126dd,ours_l01_s2_trace-610042_b8_k8_isolated,isolated,ours,1,6,iso_sync_ms,7.752032,recorder
20260827-022806_perlmutter_5bc126dd,ours_l01_s2_trace-610042_b8_k8_isolated,isolated,ours,1,7,iso_sync_ms,7.870721,recorder
20260827-022806_perlmutter_5bc126dd,ours_l01_s2_trace-610042_b8_k8_isolated,isolated,ours,1,8,iso_sync_ms,7.944854,recorder
20260827-022806_perlmutter_5bc126dd,ours_l01_s2_trace-610042_b8_k8_isolated,isolated,ours,1,9,iso_sync_ms,7.68362,recorder
20260827-022806_perlmutter_5bc126dd,ours_l01_s2_trace-610042_b8_k8_isolated,isolated,ours,2,0,e2e_ms,8.292384,recorder
20260827-022806_perlmutter_5bc126dd,ours_l01_s2_trace-610042_b8_k8_isolated,isolated,ours,2,1,e2e_ms,8.129824,recorder
20260827-022806_perlmutter_5bc126dd,ours_l01_s2_trace-610042_b8_k8_isolated,isolated,ours,2,2,e2e_ms,9.360928,recorder
20260827-022806_perlmutter_5bc126dd,ours_l01_s2_trace-610042_b8_k8_isolated,isolated,ours,2,3,e2e_ms,8.774304,recorder
20260827-022806_perlmutter_5bc126dd,ours_l01_s2_trace-610042_b8_k8_isolated,isolated,ours,2,4,e2e_ms,8.178752,recorder
20260827-022806_perlmutter_5bc126dd,ours_l01_s2_trace-610042_b8_k8_isolated,isolated,ours,2,5,e2e_ms,8.470464,recorder
20260827-022806_perlmutter_5bc126dd,ours_l01_s2_trace-610042_b8_k8_isolated,isolated,ours,2,6,e2e_ms,8.592256,recorder
20260827-022806_perlmutter_5bc126dd,ours_l01_s2_trace-610042_b8_k8_isolated,isolated,ours,2,7,e2e_ms,8.35088,recorder
20260827-022806_perlmutter_5bc126dd,ours_l01_s2_trace-610042_b8_k8_isolated,isolated,ours,2,8,e2e_ms,8.37104,recorder
20260827-022806_perlmutter_5bc126dd,ours_l01_s2_trace-610042_b8_k8_isolated,isolated,ours,2,9,e2e_ms,8.607104,recorder
20260827-022806_perlmutter_5bc126dd,ours_l01_s2_trace-610042_b8_k8_isolated,isolated,ours,2,0,l0_ms,3.715808,recorder
20260827-022806_perlmutter_5bc126dd,ours_l01_s2_trace-610042_b8_k8_isolated,isolated,ours,2,1,l0_ms,3.577568,recorder
20260827-022806_perlmutter_5bc126dd,ours_l01_s2_trace-610042_b8_k8_isolated,isolated,ours,2,2,l0_ms,4.884768,recorder
20260827-022806_perlmutter_5bc126dd,ours_l01_s2_trace-610042_b8_k8_isolated,isolated,ours,2,3,l0_ms,3.749792,recorder
20260827-022806_perlmutter_5bc126dd,ours_l01_s2_trace-610042_b8_k8_isolated,isolated,ours,2,4,l0_ms,3.685664,recorder
20260827-022806_perlmutter_5bc126dd,ours_l01_s2_trace-610042_b8_k8_isolated,isolated,ours,2,5,l0_ms,3.739744,recorder
20260827-022806_perlmutter_5bc126dd,ours_l01_s2_trace-610042_b8_k8_isolated,isolated,ours,2,6,l0_ms,3.780192,recorder
20260827-022806_perlmutter_5bc126dd,ours_l01_s2_trace-610042_b8_k8_isolated,isolated,ours,2,7,l0_ms,3.76192,recorder
20260827-022806_perlmutter_5bc126dd,ours_l01_s2_trace-610042_b8_k8_isolated,isolated,ours,2,8,l0_ms,3.734784,recorder
20260827-022806_perlmutter_5bc126dd,ours_l01_s2_trace-610042_b8_k8_isolated,isolated,ours,2,9,l0_ms,3.92496,recorder
20260827-022806_perlmutter_5bc126dd,ours_l01_s2_trace-610042_b8_k8_isolated,isolated,ours,2,0,act_ms,0.03488,recorder
20260827-022806_perlmutter_5bc126dd,ours_l01_s2_trace-610042_b8_k8_isolated,isolated,ours,2,1,act_ms,0.038048,recorder
20260827-022806_perlmutter_5bc126dd,ours_l01_s2_trace-610042_b8_k8_isolated,isolated,ours,2,2,act_ms,0.035936,recorder
20260827-022806_perlmutter_5bc126dd,ours_l01_s2_trace-610042_b8_k8_isolated,isolated,ours,2,3,act_ms,0.033984,recorder
20260827-022806_perlmutter_5bc126dd,ours_l01_s2_trace-610042_b8_k8_isolated,isolated,ours,2,4,act_ms,0.035296,recorder
20260827-022806_perlmutter_5bc126dd,ours_l01_s2_trace-610042_b8_k8_isolated,isolated,ours,2,5,act_ms,0.034432,recorder
20260827-022806_perlmutter_5bc126dd,ours_l01_s2_trace-610042_b8_k8_isolated,isolated,ours,2,6,act_ms,0.036608,recorder
20260827-022806_perlmutter_5bc126dd,ours_l01_s2_trace-610042_b8_k8_isolated,isolated,ours,2,7,act_ms,0.035168,recorder
20260827-022806_perlmutter_5bc126dd,ours_l01_s2_trace-610042_b8_k8_isolated,isolated,ours,2,8,act_ms,0.039424,recorder
20260827-022806_perlmutter_5bc126dd,ours_l01_s2_trace-610042_b8_k8_isolated,isolated,ours,2,9,act_ms,0.035328,recorder
20260827-022806_perlmutter_5bc126dd,ours_l01_s2_trace-610042_b8_k8_isolated,isolated,ours,2,0,l1_ms,4.541696,recorder
20260827-022806_perlmutter_5bc126dd,ours_l01_s2_trace-610042_b8_k8_isolated,isolated,ours,2,1,l1_ms,4.514208,recorder
20260827-022806_perlmutter_5bc126dd,ours_l01_s2_trace-610042_b8_k8_isolated,isolated,ours,2,2,l1_ms,4.440224,recorder
20260827-022806_perlmutter_5bc126dd,ours_l01_s2_trace-610042_b8_k8_isolated,isolated,ours,2,3,l1_ms,4.990528,recorder
20260827-022806_perlmutter_5bc126dd,ours_l01_s2_trace-610042_b8_k8_isolated,isolated,ours,2,4,l1_ms,4.457792,recorder
20260827-022806_perlmutter_5bc126dd,ours_l01_s2_trace-610042_b8_k8_isolated,isolated,ours,2,5,l1_ms,4.696288,recorder
20260827-022806_perlmutter_5bc126dd,ours_l01_s2_trace-610042_b8_k8_isolated,isolated,ours,2,6,l1_ms,4.775456,recorder
20260827-022806_perlmutter_5bc126dd,ours_l01_s2_trace-610042_b8_k8_isolated,isolated,ours,2,7,l1_ms,4.553792,recorder
20260827-022806_perlmutter_5bc126dd,ours_l01_s2_trace-610042_b8_k8_isolated,isolated,ours,2,8,l1_ms,4.596832,recorder
20260827-022806_perlmutter_5bc126dd,ours_l01_s2_trace-610042_b8_k8_isolated,isolated,ours,2,9,l1_ms,4.646816,recorder
20260827-022806_perlmutter_5bc126dd,ours_l01_s2_trace-610042_b8_k8_isolated,isolated,ours,2,0,plan_comm_ms,0.352,recorder
20260827-022806_perlmutter_5bc126dd,ours_l01_s2_trace-610042_b8_k8_isolated,isolated,ours,2,1,plan_comm_ms,0.212448,recorder
20260827-022806_perlmutter_5bc126dd,ours_l01_s2_trace-610042_b8_k8_isolated,isolated,ours,2,2,plan_comm_ms,0.212608,recorder
20260827-022806_perlmutter_5bc126dd,ours_l01_s2_trace-610042_b8_k8_isolated,isolated,ours,2,3,plan_comm_ms,0.206144,recorder
20260827-022806_perlmutter_5bc126dd,ours_l01_s2_trace-610042_b8_k8_isolated,isolated,ours,2,4,plan_comm_ms,0.191296,recorder
20260827-022806_perlmutter_5bc126dd,ours_l01_s2_trace-610042_b8_k8_isolated,isolated,ours,2,5,plan_comm_ms,0.201056,recorder
20260827-022806_perlmutter_5bc126dd,ours_l01_s2_trace-610042_b8_k8_isolated,isolated,ours,2,6,plan_comm_ms,0.202272,recorder
20260827-022806_perlmutter_5bc126dd,ours_l01_s2_trace-610042_b8_k8_isolated,isolated,ours,2,7,plan_comm_ms,0.204032,recorder
20260827-022806_perlmutter_5bc126dd,ours_l01_s2_trace-610042_b8_k8_isolated,isolated,ours,2,8,plan_comm_ms,0.202112,recorder
20260827-022806_perlmutter_5bc126dd,ours_l01_s2_trace-610042_b8_k8_isolated,isolated,ours,2,9,plan_comm_ms,0.206016,recorder
20260827-022806_perlmutter_5bc126dd,ours_l01_s2_trace-610042_b8_k8_isolated,isolated,ours,2,0,place_ms,3.304416,recorder
20260827-022806_perlmutter_5bc126dd,ours_l01_s2_trace-610042_b8_k8_isolated,isolated,ours,2,1,place_ms,3.390784,recorder
20260827-022806_perlmutter_5bc126dd,ours_l01_s2_trace-610042_b8_k8_isolated,isolated,ours,2,2,place_ms,3.350304,recorder
20260827-022806_perlmutter_5bc126dd,ours_l01_s2_trace-610042_b8_k8_isolated,isolated,ours,2,3,place_ms,3.365984,recorder
20260827-022806_perlmutter_5bc126dd,ours_l01_s2_trace-610042_b8_k8_isolated,isolated,ours,2,4,place_ms,3.347648,recorder
20260827-022806_perlmutter_5bc126dd,ours_l01_s2_trace-610042_b8_k8_isolated,isolated,ours,2,5,place_ms,3.365216,recorder
20260827-022806_perlmutter_5bc126dd,ours_l01_s2_trace-610042_b8_k8_isolated,isolated,ours,2,6,place_ms,3.338144,recorder
20260827-022806_perlmutter_5bc126dd,ours_l01_s2_trace-610042_b8_k8_isolated,isolated,ours,2,7,place_ms,3.330592,recorder
20260827-022806_perlmutter_5bc126dd,ours_l01_s2_trace-610042_b8_k8_isolated,isolated,ours,2,8,place_ms,3.366944,recorder
20260827-022806_perlmutter_5bc126dd,ours_l01_s2_trace-610042_b8_k8_isolated,isolated,ours,2,9,place_ms,3.320576,recorder
20260827-022806_perlmutter_5bc126dd,ours_l01_s2_trace-610042_b8_k8_isolated,isolated,ours,2,0,plan_ms,1.83184,recorder
20260827-022806_perlmutter_5bc126dd,ours_l01_s2_trace-610042_b8_k8_isolated,isolated,ours,2,1,plan_ms,1.6864,recorder
20260827-022806_perlmutter_5bc126dd,ours_l01_s2_trace-610042_b8_k8_isolated,isolated,ours,2,2,plan_ms,1.521504,recorder
20260827-022806_perlmutter_5bc126dd,ours_l01_s2_trace-610042_b8_k8_isolated,isolated,ours,2,3,plan_ms,1.609856,recorder
20260827-022806_perlmutter_5bc126dd,ours_l01_s2_trace-610042_b8_k8_isolated,isolated,ours,2,4,plan_ms,1.560352,recorder
20260827-022806_perlmutter_5bc126dd,ours_l01_s2_trace-610042_b8_k8_isolated,isolated,ours,2,5,plan_ms,1.495904,recorder
20260827-022806_perlmutter_5bc126dd,ours_l01_s2_trace-610042_b8_k8_isolated,isolated,ours,2,6,plan_ms,1.540128,recorder
20260827-022806_perlmutter_5bc126dd,ours_l01_s2_trace-610042_b8_k8_isolated,isolated,ours,2,7,plan_ms,1.766624,recorder
20260827-022806_perlmutter_5bc126dd,ours_l01_s2_trace-610042_b8_k8_isolated,isolated,ours,2,8,plan_ms,1.480224,recorder
20260827-022806_perlmutter_5bc126dd,ours_l01_s2_trace-610042_b8_k8_isolated,isolated,ours,2,9,plan_ms,1.538592,recorder
20260827-022806_perlmutter_5bc126dd,ours_l01_s2_trace-610042_b8_k8_isolated,isolated,ours,2,0,total_ms,13.795232,recorder
20260827-022806_perlmutter_5bc126dd,ours_l01_s2_trace-610042_b8_k8_isolated,isolated,ours,2,1,total_ms,13.433664,recorder
20260827-022806_perlmutter_5bc126dd,ours_l01_s2_trace-610042_b8_k8_isolated,isolated,ours,2,2,total_ms,14.46,recorder
20260827-022806_perlmutter_5bc126dd,ours_l01_s2_trace-610042_b8_k8_isolated,isolated,ours,2,3,total_ms,13.970944,recorder
20260827-022806_perlmutter_5bc126dd,ours_l01_s2_trace-610042_b8_k8_isolated,isolated,ours,2,4,total_ms,13.29264,recorder
20260827-022806_perlmutter_5bc126dd,ours_l01_s2_trace-610042_b8_k8_isolated,isolated,ours,2,5,total_ms,13.546368,recorder
20260827-022806_perlmutter_5bc126dd,ours_l01_s2_trace-610042_b8_k8_isolated,isolated,ours,2,6,total_ms,13.687264,recorder
20260827-022806_perlmutter_5bc126dd,ours_l01_s2_trace-610042_b8_k8_isolated,isolated,ours,2,7,total_ms,13.66624,recorder
20260827-022806_perlmutter_5bc126dd,ours_l01_s2_trace-610042_b8_k8_isolated,isolated,ours,2,8,total_ms,13.434144,recorder
20260827-022806_perlmutter_5bc126dd,ours_l01_s2_trace-610042_b8_k8_isolated,isolated,ours,2,9,total_ms,13.685824,recorder
20260827-022806_perlmutter_5bc126dd,ours_l01_s2_trace-610042_b8_k8_isolated,isolated,ours,2,0,iso_sync_ms,7.731242,recorder
20260827-022806_perlmutter_5bc126dd,ours_l01_s2_trace-610042_b8_k8_isolated,isolated,ours,2,1,iso_sync_ms,7.957258,recorder
20260827-022806_perlmutter_5bc126dd,ours_l01_s2_trace-610042_b8_k8_isolated,isolated,ours,2,2,iso_sync_ms,7.420823,recorder
20260827-022806_perlmutter_5bc126dd,ours_l01_s2_trace-610042_b8_k8_isolated,isolated,ours,2,3,iso_sync_ms,8.618083,recorder
20260827-022806_perlmutter_5bc126dd,ours_l01_s2_trace-610042_b8_k8_isolated,isolated,ours,2,4,iso_sync_ms,8.16008,recorder
20260827-022806_perlmutter_5bc126dd,ours_l01_s2_trace-610042_b8_k8_isolated,isolated,ours,2,5,iso_sync_ms,7.515976,recorder
20260827-022806_perlmutter_5bc126dd,ours_l01_s2_trace-610042_b8_k8_isolated,isolated,ours,2,6,iso_sync_ms,7.741632,recorder
20260827-022806_perlmutter_5bc126dd,ours_l01_s2_trace-610042_b8_k8_isolated,isolated,ours,2,7,iso_sync_ms,7.921539,recorder
20260827-022806_perlmutter_5bc126dd,ours_l01_s2_trace-610042_b8_k8_isolated,isolated,ours,2,8,iso_sync_ms,7.980033,recorder
20260827-022806_perlmutter_5bc126dd,ours_l01_s2_trace-610042_b8_k8_isolated,isolated,ours,2,9,iso_sync_ms,7.678961,recorder
20260827-022806_perlmutter_5bc126dd,ours_l01_s2_trace-610042_b8_k8_isolated,isolated,ours,3,0,e2e_ms,8.310496,recorder
20260827-022806_perlmutter_5bc126dd,ours_l01_s2_trace-610042_b8_k8_isolated,isolated,ours,3,1,e2e_ms,8.013952,recorder
20260827-022806_perlmutter_5bc126dd,ours_l01_s2_trace-610042_b8_k8_isolated,isolated,ours,3,2,e2e_ms,9.329152,recorder
20260827-022806_perlmutter_5bc126dd,ours_l01_s2_trace-610042_b8_k8_isolated,isolated,ours,3,3,e2e_ms,8.798016,recorder
20260827-022806_perlmutter_5bc126dd,ours_l01_s2_trace-610042_b8_k8_isolated,isolated,ours,3,4,e2e_ms,8.14256,recorder
20260827-022806_perlmutter_5bc126dd,ours_l01_s2_trace-610042_b8_k8_isolated,isolated,ours,3,5,e2e_ms,8.454176,recorder
20260827-022806_perlmutter_5bc126dd,ours_l01_s2_trace-610042_b8_k8_isolated,isolated,ours,3,6,e2e_ms,8.567616,recorder
20260827-022806_perlmutter_5bc126dd,ours_l01_s2_trace-610042_b8_k8_isolated,isolated,ours,3,7,e2e_ms,8.3456,recorder
20260827-022806_perlmutter_5bc126dd,ours_l01_s2_trace-610042_b8_k8_isolated,isolated,ours,3,8,e2e_ms,8.290208,recorder
20260827-022806_perlmutter_5bc126dd,ours_l01_s2_trace-610042_b8_k8_isolated,isolated,ours,3,9,e2e_ms,8.589216,recorder
20260827-022806_perlmutter_5bc126dd,ours_l01_s2_trace-610042_b8_k8_isolated,isolated,ours,3,0,l0_ms,3.725888,recorder
20260827-022806_perlmutter_5bc126dd,ours_l01_s2_trace-610042_b8_k8_isolated,isolated,ours,3,1,l0_ms,3.465152,recorder
20260827-022806_perlmutter_5bc126dd,ours_l01_s2_trace-610042_b8_k8_isolated,isolated,ours,3,2,l0_ms,4.844864,recorder
20260827-022806_perlmutter_5bc126dd,ours_l01_s2_trace-610042_b8_k8_isolated,isolated,ours,3,3,l0_ms,3.74368,recorder
20260827-022806_perlmutter_5bc126dd,ours_l01_s2_trace-610042_b8_k8_isolated,isolated,ours,3,4,l0_ms,3.62864,recorder
20260827-022806_perlmutter_5bc126dd,ours_l01_s2_trace-610042_b8_k8_isolated,isolated,ours,3,5,l0_ms,3.756384,recorder
20260827-022806_perlmutter_5bc126dd,ours_l01_s2_trace-610042_b8_k8_isolated,isolated,ours,3,6,l0_ms,3.741248,recorder
20260827-022806_perlmutter_5bc126dd,ours_l01_s2_trace-610042_b8_k8_isolated,isolated,ours,3,7,l0_ms,3.785568,recorder
20260827-022806_perlmutter_5bc126dd,ours_l01_s2_trace-610042_b8_k8_isolated,isolated,ours,3,8,l0_ms,3.630432,recorder
20260827-022806_perlmutter_5bc126dd,ours_l01_s2_trace-610042_b8_k8_isolated,isolated,ours,3,9,l0_ms,3.905696,recorder
20260827-022806_perlmutter_5bc126dd,ours_l01_s2_trace-610042_b8_k8_isolated,isolated,ours,3,0,act_ms,0.034912,recorder
20260827-022806_perlmutter_5bc126dd,ours_l01_s2_trace-610042_b8_k8_isolated,isolated,ours,3,1,act_ms,0.035968,recorder
20260827-022806_perlmutter_5bc126dd,ours_l01_s2_trace-610042_b8_k8_isolated,isolated,ours,3,2,act_ms,0.036,recorder
20260827-022806_perlmutter_5bc126dd,ours_l01_s2_trace-610042_b8_k8_isolated,isolated,ours,3,3,act_ms,0.035008,recorder
20260827-022806_perlmutter_5bc126dd,ours_l01_s2_trace-610042_b8_k8_isolated,isolated,ours,3,4,act_ms,0.036128,recorder
20260827-022806_perlmutter_5bc126dd,ours_l01_s2_trace-610042_b8_k8_isolated,isolated,ours,3,5,act_ms,0.035264,recorder
20260827-022806_perlmutter_5bc126dd,ours_l01_s2_trace-610042_b8_k8_isolated,isolated,ours,3,6,act_ms,0.035456,recorder
20260827-022806_perlmutter_5bc126dd,ours_l01_s2_trace-610042_b8_k8_isolated,isolated,ours,3,7,act_ms,0.03504,recorder
20260827-022806_perlmutter_5bc126dd,ours_l01_s2_trace-610042_b8_k8_isolated,isolated,ours,3,8,act_ms,0.035232,recorder
20260827-022806_perlmutter_5bc126dd,ours_l01_s2_trace-610042_b8_k8_isolated,isolated,ours,3,9,act_ms,0.035296,recorder
20260827-022806_perlmutter_5bc126dd,ours_l01_s2_trace-610042_b8_k8_isolated,isolated,ours,3,0,l1_ms,4.549696,recorder
20260827-022806_perlmutter_5bc126dd,ours_l01_s2_trace-610042_b8_k8_isolated,isolated,ours,3,1,l1_ms,4.512832,recorder
20260827-022806_perlmutter_5bc126dd,ours_l01_s2_trace-610042_b8_k8_isolated,isolated,ours,3,2,l1_ms,4.448288,recorder
20260827-022806_perlmutter_5bc126dd,ours_l01_s2_trace-610042_b8_k8_isolated,isolated,ours,3,3,l1_ms,5.019328,recorder
20260827-022806_perlmutter_5bc126dd,ours_l01_s2_trace-610042_b8_k8_isolated,isolated,ours,3,4,l1_ms,4.477792,recorder
20260827-022806_perlmutter_5bc126dd,ours_l01_s2_trace-610042_b8_k8_isolated,isolated,ours,3,5,l1_ms,4.662528,recorder
20260827-022806_perlmutter_5bc126dd,ours_l01_s2_trace-610042_b8_k8_isolated,isolated,ours,3,6,l1_ms,4.790912,recorder
20260827-022806_perlmutter_5bc126dd,ours_l01_s2_trace-610042_b8_k8_isolated,isolated,ours,3,7,l1_ms,4.524992,recorder
20260827-022806_perlmutter_5bc126dd,ours_l01_s2_trace-610042_b8_k8_isolated,isolated,ours,3,8,l1_ms,4.624544,recorder
20260827-022806_perlmutter_5bc126dd,ours_l01_s2_trace-610042_b8_k8_isolated,isolated,ours,3,9,l1_ms,4.648224,recorder
20260827-022806_perlmutter_5bc126dd,ours_l01_s2_trace-610042_b8_k8_isolated,isolated,ours,3,0,plan_comm_ms,0.3448,recorder
20260827-022806_perlmutter_5bc126dd,ours_l01_s2_trace-610042_b8_k8_isolated,isolated,ours,3,1,plan_comm_ms,0.192896,recorder
20260827-022806_perlmutter_5bc126dd,ours_l01_s2_trace-610042_b8_k8_isolated,isolated,ours,3,2,plan_comm_ms,0.192704,recorder
20260827-022806_perlmutter_5bc126dd,ours_l01_s2_trace-610042_b8_k8_isolated,isolated,ours,3,3,plan_comm_ms,0.200448,recorder
20260827-022806_perlmutter_5bc126dd,ours_l01_s2_trace-610042_b8_k8_isolated,isolated,ours,3,4,plan_comm_ms,0.186304,recorder
20260827-022806_perlmutter_5bc126dd,ours_l01_s2_trace-610042_b8_k8_isolated,isolated,ours,3,5,plan_comm_ms,0.195552,recorder
20260827-022806_perlmutter_5bc126dd,ours_l01_s2_trace-610042_b8_k8_isolated,isolated,ours,3,6,plan_comm_ms,0.18752,recorder
20260827-022806_perlmutter_5bc126dd,ours_l01_s2_trace-610042_b8_k8_isolated,isolated,ours,3,7,plan_comm_ms,0.192864,recorder
20260827-022806_perlmutter_5bc126dd,ours_l01_s2_trace-610042_b8_k8_isolated,isolated,ours,3,8,plan_comm_ms,0.184768,recorder
20260827-022806_perlmutter_5bc126dd,ours_l01_s2_trace-610042_b8_k8_isolated,isolated,ours,3,9,plan_comm_ms,0.183008,recorder
20260827-022806_perlmutter_5bc126dd,ours_l01_s2_trace-610042_b8_k8_isolated,isolated,ours,3,0,place_ms,3.299488,recorder
20260827-022806_perlmutter_5bc126dd,ours_l01_s2_trace-610042_b8_k8_isolated,isolated,ours,3,1,place_ms,3.655264,recorder
20260827-022806_perlmutter_5bc126dd,ours_l01_s2_trace-610042_b8_k8_isolated,isolated,ours,3,2,place_ms,3.446944,recorder
20260827-022806_perlmutter_5bc126dd,ours_l01_s2_trace-610042_b8_k8_isolated,isolated,ours,3,3,place_ms,3.434592,recorder
20260827-022806_perlmutter_5bc126dd,ours_l01_s2_trace-610042_b8_k8_isolated,isolated,ours,3,4,place_ms,3.393888,recorder
20260827-022806_perlmutter_5bc126dd,ours_l01_s2_trace-610042_b8_k8_isolated,isolated,ours,3,5,place_ms,3.420704,recorder
20260827-022806_perlmutter_5bc126dd,ours_l01_s2_trace-610042_b8_k8_isolated,isolated,ours,3,6,place_ms,3.419936,recorder
20260827-022806_perlmutter_5bc126dd,ours_l01_s2_trace-610042_b8_k8_isolated,isolated,ours,3,7,place_ms,3.402208,recorder
20260827-022806_perlmutter_5bc126dd,ours_l01_s2_trace-610042_b8_k8_isolated,isolated,ours,3,8,place_ms,3.427648,recorder
20260827-022806_perlmutter_5bc126dd,ours_l01_s2_trace-610042_b8_k8_isolated,isolated,ours,3,9,place_ms,3.416128,recorder
20260827-022806_perlmutter_5bc126dd,ours_l01_s2_trace-610042_b8_k8_isolated,isolated,ours,3,0,plan_ms,1.840224,recorder
20260827-022806_perlmutter_5bc126dd,ours_l01_s2_trace-610042_b8_k8_isolated,isolated,ours,3,1,plan_ms,1.544032,recorder
20260827-022806_perlmutter_5bc126dd,ours_l01_s2_trace-610042_b8_k8_isolated,isolated,ours,3,2,plan_ms,1.476352,recorder
20260827-022806_perlmutter_5bc126dd,ours_l01_s2_trace-610042_b8_k8_isolated,isolated,ours,3,3,plan_ms,1.55344,recorder
20260827-022806_perlmutter_5bc126dd,ours_l01_s2_trace-610042_b8_k8_isolated,isolated,ours,3,4,plan_ms,1.5816,recorder
20260827-022806_perlmutter_5bc126dd,ours_l01_s2_trace-610042_b8_k8_isolated,isolated,ours,3,5,plan_ms,1.457952,recorder
20260827-022806_perlmutter_5bc126dd,ours_l01_s2_trace-610042_b8_k8_isolated,isolated,ours,3,6,plan_ms,1.492096,recorder
20260827-022806_perlmutter_5bc126dd,ours_l01_s2_trace-610042_b8_k8_isolated,isolated,ours,3,7,plan_ms,1.71808,recorder
20260827-022806_perlmutter_5bc126dd,ours_l01_s2_trace-610042_b8_k8_isolated,isolated,ours,3,8,plan_ms,1.537504,recorder
20260827-022806_perlmutter_5bc126dd,ours_l01_s2_trace-610042_b8_k8_isolated,isolated,ours,3,9,plan_ms,1.48752,recorder
20260827-022806_perlmutter_5bc126dd,ours_l01_s2_trace-610042_b8_k8_isolated,isolated,ours,3,0,total_ms,13.809504,recorder
20260827-022806_perlmutter_5bc126dd,ours_l01_s2_trace-610042_b8_k8_isolated,isolated,ours,3,1,total_ms,13.420448,recorder
20260827-022806_perlmutter_5bc126dd,ours_l01_s2_trace-610042_b8_k8_isolated,isolated,ours,3,2,total_ms,14.459776,recorder
20260827-022806_perlmutter_5bc126dd,ours_l01_s2_trace-610042_b8_k8_isolated,isolated,ours,3,3,total_ms,14.001408,recorder
20260827-022806_perlmutter_5bc126dd,ours_l01_s2_trace-610042_b8_k8_isolated,isolated,ours,3,4,total_ms,13.3184,recorder
20260827-022806_perlmutter_5bc126dd,ours_l01_s2_trace-610042_b8_k8_isolated,isolated,ours,3,5,total_ms,13.542784,recorder
20260827-022806_perlmutter_5bc126dd,ours_l01_s2_trace-610042_b8_k8_isolated,isolated,ours,3,6,total_ms,13.687488,recorder
20260827-022806_perlmutter_5bc126dd,ours_l01_s2_trace-610042_b8_k8_isolated,isolated,ours,3,7,total_ms,13.673344,recorder
20260827-022806_perlmutter_5bc126dd,ours_l01_s2_trace-610042_b8_k8_isolated,isolated,ours,3,8,total_ms,13.4552,recorder
20260827-022806_perlmutter_5bc126dd,ours_l01_s2_trace-610042_b8_k8_isolated,isolated,ours,3,9,total_ms,13.690784,recorder
20260827-022806_perlmutter_5bc126dd,ours_l01_s2_trace-610042_b8_k8_isolated,isolated,ours,3,0,iso_sync_ms,7.746882,recorder
20260827-022806_perlmutter_5bc126dd,ours_l01_s2_trace-610042_b8_k8_isolated,isolated,ours,3,1,iso_sync_ms,7.882103,recorder
20260827-022806_perlmutter_5bc126dd,ours_l01_s2_trace-610042_b8_k8_isolated,isolated,ours,3,2,iso_sync_ms,7.201309,recorder
20260827-022806_perlmutter_5bc126dd,ours_l01_s2_trace-610042_b8_k8_isolated,isolated,ours,3,3,iso_sync_ms,8.575581,recorder
20260827-022806_perlmutter_5bc126dd,ours_l01_s2_trace-610042_b8_k8_isolated,isolated,ours,3,4,iso_sync_ms,8.105564,recorder
20260827-022806_perlmutter_5bc126dd,ours_l01_s2_trace-610042_b8_k8_isolated,isolated,ours,3,5,iso_sync_ms,7.431313,recorder
20260827-022806_perlmutter_5bc126dd,ours_l01_s2_trace-610042_b8_k8_isolated,isolated,ours,3,6,iso_sync_ms,7.736412,recorder
20260827-022806_perlmutter_5bc126dd,ours_l01_s2_trace-610042_b8_k8_isolated,isolated,ours,3,7,iso_sync_ms,7.820184,recorder
20260827-022806_perlmutter_5bc126dd,ours_l01_s2_trace-610042_b8_k8_isolated,isolated,ours,3,8,iso_sync_ms,7.949994,recorder
20260827-022806_perlmutter_5bc126dd,ours_l01_s2_trace-610042_b8_k8_isolated,isolated,ours,3,9,iso_sync_ms,7.561835,recorder
20260827-022806_perlmutter_5bc126dd,ours_l01_s2_trace-610042_b8_k8_isolated,isolated,ours,4,0,e2e_ms,8.30528,recorder
20260827-022806_perlmutter_5bc126dd,ours_l01_s2_trace-610042_b8_k8_isolated,isolated,ours,4,1,e2e_ms,8.127168,recorder
20260827-022806_perlmutter_5bc126dd,ours_l01_s2_trace-610042_b8_k8_isolated,isolated,ours,4,2,e2e_ms,9.348384,recorder
20260827-022806_perlmutter_5bc126dd,ours_l01_s2_trace-610042_b8_k8_isolated,isolated,ours,4,3,e2e_ms,8.762816,recorder
20260827-022806_perlmutter_5bc126dd,ours_l01_s2_trace-610042_b8_k8_isolated,isolated,ours,4,4,e2e_ms,8.180224,recorder
20260827-022806_perlmutter_5bc126dd,ours_l01_s2_trace-610042_b8_k8_isolated,isolated,ours,4,5,e2e_ms,8.42256,recorder
20260827-022806_perlmutter_5bc126dd,ours_l01_s2_trace-610042_b8_k8_isolated,isolated,ours,4,6,e2e_ms,8.462432,recorder
20260827-022806_perlmutter_5bc126dd,ours_l01_s2_trace-610042_b8_k8_isolated,isolated,ours,4,7,e2e_ms,8.331488,recorder
20260827-022806_perlmutter_5bc126dd,ours_l01_s2_trace-610042_b8_k8_isolated,isolated,ours,4,8,e2e_ms,8.374944,recorder
20260827-022806_perlmutter_5bc126dd,ours_l01_s2_trace-610042_b8_k8_isolated,isolated,ours,4,9,e2e_ms,8.589216,recorder
20260827-022806_perlmutter_5bc126dd,ours_l01_s2_trace-610042_b8_k8_isolated,isolated,ours,4,0,l0_ms,3.732416,recorder
20260827-022806_perlmutter_5bc126dd,ours_l01_s2_trace-610042_b8_k8_isolated,isolated,ours,4,1,l0_ms,3.582112,recorder
20260827-022806_perlmutter_5bc126dd,ours_l01_s2_trace-610042_b8_k8_isolated,isolated,ours,4,2,l0_ms,4.854336,recorder
20260827-022806_perlmutter_5bc126dd,ours_l01_s2_trace-610042_b8_k8_isolated,isolated,ours,4,3,l0_ms,3.705024,recorder
20260827-022806_perlmutter_5bc126dd,ours_l01_s2_trace-610042_b8_k8_isolated,isolated,ours,4,4,l0_ms,3.68,recorder
20260827-022806_perlmutter_5bc126dd,ours_l01_s2_trace-610042_b8_k8_isolated,isolated,ours,4,5,l0_ms,3.723872,recorder
20260827-022806_perlmutter_5bc126dd,ours_l01_s2_trace-610042_b8_k8_isolated,isolated,ours,4,6,l0_ms,3.632576,recorder
20260827-022806_perlmutter_5bc126dd,ours_l01_s2_trace-610042_b8_k8_isolated,isolated,ours,4,7,l0_ms,3.789152,recorder
20260827-022806_perlmutter_5bc126dd,ours_l01_s2_trace-610042_b8_k8_isolated,isolated,ours,4,8,l0_ms,3.720192,recorder
20260827-022806_perlmutter_5bc126dd,ours_l01_s2_trace-610042_b8_k8_isolated,isolated,ours,4,9,l0_ms,3.931392,recorder
20260827-022806_perlmutter_5bc126dd,ours_l01_s2_trace-610042_b8_k8_isolated,isolated,ours,4,0,act_ms,0.034848,recorder
20260827-022806_perlmutter_5bc126dd,ours_l01_s2_trace-610042_b8_k8_isolated,isolated,ours,4,1,act_ms,0.035424,recorder
20260827-022806_perlmutter_5bc126dd,ours_l01_s2_trace-610042_b8_k8_isolated,isolated,ours,4,2,act_ms,0.036608,recorder
20260827-022806_perlmutter_5bc126dd,ours_l01_s2_trace-610042_b8_k8_isolated,isolated,ours,4,3,act_ms,0.035424,recorder
20260827-022806_perlmutter_5bc126dd,ours_l01_s2_trace-610042_b8_k8_isolated,isolated,ours,4,4,act_ms,0.03856,recorder
20260827-022806_perlmutter_5bc126dd,ours_l01_s2_trace-610042_b8_k8_isolated,isolated,ours,4,5,act_ms,0.035072,recorder
20260827-022806_perlmutter_5bc126dd,ours_l01_s2_trace-610042_b8_k8_isolated,isolated,ours,4,6,act_ms,0.035296,recorder
20260827-022806_perlmutter_5bc126dd,ours_l01_s2_trace-610042_b8_k8_isolated,isolated,ours,4,7,act_ms,0.036448,recorder
20260827-022806_perlmutter_5bc126dd,ours_l01_s2_trace-610042_b8_k8_isolated,isolated,ours,4,8,act_ms,0.037504,recorder
20260827-022806_perlmutter_5bc126dd,ours_l01_s2_trace-610042_b8_k8_isolated,isolated,ours,4,9,act_ms,0.036192,recorder
20260827-022806_perlmutter_5bc126dd,ours_l01_s2_trace-610042_b8_k8_isolated,isolated,ours,4,0,l1_ms,4.538016,recorder
20260827-022806_perlmutter_5bc126dd,ours_l01_s2_trace-610042_b8_k8_isolated,isolated,ours,4,1,l1_ms,4.509632,recorder
20260827-022806_perlmutter_5bc126dd,ours_l01_s2_trace-610042_b8_k8_isolated,isolated,ours,4,2,l1_ms,4.45744,recorder
20260827-022806_perlmutter_5bc126dd,ours_l01_s2_trace-610042_b8_k8_isolated,isolated,ours,4,3,l1_ms,5.022368,recorder
20260827-022806_perlmutter_5bc126dd,ours_l01_s2_trace-610042_b8_k8_isolated,isolated,ours,4,4,l1_ms,4.461664,recorder
20260827-022806_perlmutter_5bc126dd,ours_l01_s2_trace-610042_b8_k8_isolated,isolated,ours,4,5,l1_ms,4.663616,recorder
20260827-022806_perlmutter_5bc126dd,ours_l01_s2_trace-610042_b8_k8_isolated,isolated,ours,4,6,l1_ms,4.79456,recorder
20260827-022806_perlmutter_5bc126dd,ours_l01_s2_trace-610042_b8_k8_isolated,isolated,ours,4,7,l1_ms,4.505888,recorder
20260827-022806_perlmutter_5bc126dd,ours_l01_s2_trace-610042_b8_k8_isolated,isolated,ours,4,8,l1_ms,4.617248,recorder
20260827-022806_perlmutter_5bc126dd,ours_l01_s2_trace-610042_b8_k8_isolated,isolated,ours,4,9,l1_ms,4.621632,recorder
20260827-022806_perlmutter_5bc126dd,ours_l01_s2_trace-610042_b8_k8_isolated,isolated,ours,4,0,plan_comm_ms,0.288576,recorder
20260827-022806_perlmutter_5bc126dd,ours_l01_s2_trace-610042_b8_k8_isolated,isolated,ours,4,1,plan_comm_ms,0.202656,recorder
20260827-022806_perlmutter_5bc126dd,ours_l01_s2_trace-610042_b8_k8_isolated,isolated,ours,4,2,plan_comm_ms,0.219584,recorder
20260827-022806_perlmutter_5bc126dd,ours_l01_s2_trace-610042_b8_k8_isolated,isolated,ours,4,3,plan_comm_ms,0.200896,recorder
20260827-022806_perlmutter_5bc126dd,ours_l01_s2_trace-610042_b8_k8_isolated,isolated,ours,4,4,plan_comm_ms,0.178752,recorder
20260827-022806_perlmutter_5bc126dd,ours_l01_s2_trace-610042_b8_k8_isolated,isolated,ours,4,5,plan_comm_ms,0.199744,recorder
20260827-022806_perlmutter_5bc126dd,ours_l01_s2_trace-610042_b8_k8_isolated,isolated,ours,4,6,plan_comm_ms,0.201536,recorder
20260827-022806_perlmutter_5bc126dd,ours_l01_s2_trace-610042_b8_k8_isolated,isolated,ours,4,7,plan_comm_ms,0.201184,recorder
20260827-022806_perlmutter_5bc126dd,ours_l01_s2_trace-610042_b8_k8_isolated,isolated,ours,4,8,plan_comm_ms,0.201184,recorder
20260827-022806_perlmutter_5bc126dd,ours_l01_s2_trace-610042_b8_k8_isolated,isolated,ours,4,9,plan_comm_ms,0.20288,recorder
20260827-022806_perlmutter_5bc126dd,ours_l01_s2_trace-610042_b8_k8_isolated,isolated,ours,4,0,place_ms,3.29104,recorder
20260827-022806_perlmutter_5bc126dd,ours_l01_s2_trace-610042_b8_k8_isolated,isolated,ours,4,1,place_ms,3.407328,recorder
20260827-022806_perlmutter_5bc126dd,ours_l01_s2_trace-610042_b8_k8_isolated,isolated,ours,4,2,place_ms,3.357216,recorder
20260827-022806_perlmutter_5bc126dd,ours_l01_s2_trace-610042_b8_k8_isolated,isolated,ours,4,3,place_ms,3.403296,recorder
20260827-022806_perlmutter_5bc126dd,ours_l01_s2_trace-610042_b8_k8_isolated,isolated,ours,4,4,place_ms,3.427584,recorder
20260827-022806_perlmutter_5bc126dd,ours_l01_s2_trace-610042_b8_k8_isolated,isolated,ours,4,5,place_ms,3.38016,recorder
20260827-022806_perlmutter_5bc126dd,ours_l01_s2_trace-610042_b8_k8_isolated,isolated,ours,4,6,place_ms,3.37488,recorder
20260827-022806_perlmutter_5bc126dd,ours_l01_s2_trace-610042_b8_k8_isolated,isolated,ours,4,7,place_ms,3.369728,recorder
20260827-022806_perlmutter_5bc126dd,ours_l01_s2_trace-610042_b8_k8_isolated,isolated,ours,4,8,place_ms,3.34832,recorder
20260827-022806_perlmutter_5bc126dd,ours_l01_s2_trace-610042_b8_k8_isolated,isolated,ours,4,9,place_ms,3.352992,recorder
20260827-022806_perlmutter_5bc126dd,ours_l01_s2_trace-610042_b8_k8_isolated,isolated,ours,4,0,plan_ms,1.859296,recorder
20260827-022806_perlmutter_5bc126dd,ours_l01_s2_trace-610042_b8_k8_isolated,isolated,ours,4,1,plan_ms,1.688064,recorder
20260827-022806_perlmutter_5bc126dd,ours_l01_s2_trace-610042_b8_k8_isolated,isolated,ours,4,2,plan_ms,1.537792,recorder
20260827-022806_perlmutter_5bc126dd,ours_l01_s2_trace-610042_b8_k8_isolated,isolated,ours,4,3,plan_ms,1.619008,recorder
20260827-022806_perlmutter_5bc126dd,ours_l01_s2_trace-610042_b8_k8_isolated,isolated,ours,4,4,plan_ms,1.51392,recorder
20260827-022806_perlmutter_5bc126dd,ours_l01_s2_trace-610042_b8_k8_isolated,isolated,ours,4,5,plan_ms,1.521152,recorder
20260827-022806_perlmutter_5bc126dd,ours_l01_s2_trace-610042_b8_k8_isolated,isolated,ours,4,6,plan_ms,1.648832,recorder
20260827-022806_perlmutter_5bc126dd,ours_l01_s2_trace-610042_b8_k8_isolated,isolated,ours,4,7,plan_ms,1.762688,recorder
20260827-022806_perlmutter_5bc126dd,ours_l01_s2_trace-610042_b8_k8_isolated,isolated,ours,4,8,plan_ms,1.513472,recorder
20260827-022806_perlmutter_5bc126dd,ours_l01_s2_trace-610042_b8_k8_isolated,isolated,ours,4,9,plan_ms,1.520192,recorder
20260827-022806_perlmutter_5bc126dd,ours_l01_s2_trace-610042_b8_k8_isolated,isolated,ours,4,0,total_ms,13.757952,recorder
20260827-022806_perlmutter_5bc126dd,ours_l01_s2_trace-610042_b8_k8_isolated,isolated,ours,4,1,total_ms,13.43936,recorder
20260827-022806_perlmutter_5bc126dd,ours_l01_s2_trace-610042_b8_k8_isolated,isolated,ours,4,2,total_ms,14.477344,recorder
20260827-022806_perlmutter_5bc126dd,ours_l01_s2_trace-610042_b8_k8_isolated,isolated,ours,4,3,total_ms,14.000032,recorder
20260827-022806_perlmutter_5bc126dd,ours_l01_s2_trace-610042_b8_k8_isolated,isolated,ours,4,4,total_ms,13.313984,recorder
20260827-022806_perlmutter_5bc126dd,ours_l01_s2_trace-610042_b8_k8_isolated,isolated,ours,4,5,total_ms,13.537248,recorder
20260827-022806_perlmutter_5bc126dd,ours_l01_s2_trace-610042_b8_k8_isolated,isolated,ours,4,6,total_ms,13.701376,recorder
20260827-022806_perlmutter_5bc126dd,ours_l01_s2_trace-610042_b8_k8_isolated,isolated,ours,4,7,total_ms,13.678976,recorder
20260827-022806_perlmutter_5bc126dd,ours_l01_s2_trace-610042_b8_k8_isolated,isolated,ours,4,8,total_ms,13.451296,recorder
20260827-022806_perlmutter_5bc126dd,ours_l01_s2_trace-610042_b8_k8_isolated,isolated,ours,4,9,total_ms,13.678688,recorder
20260827-022806_perlmutter_5bc126dd,ours_l01_s2_trace-610042_b8_k8_isolated,isolated,ours,4,0,iso_sync_ms,7.764383,recorder
20260827-022806_perlmutter_5bc126dd,ours_l01_s2_trace-610042_b8_k8_isolated,isolated,ours,4,1,iso_sync_ms,7.932297,recorder
20260827-022806_perlmutter_5bc126dd,ours_l01_s2_trace-610042_b8_k8_isolated,isolated,ours,4,2,iso_sync_ms,7.409196,recorder
20260827-022806_perlmutter_5bc126dd,ours_l01_s2_trace-610042_b8_k8_isolated,isolated,ours,4,3,iso_sync_ms,8.604287,recorder
20260827-022806_perlmutter_5bc126dd,ours_l01_s2_trace-610042_b8_k8_isolated,isolated,ours,4,4,iso_sync_ms,8.09867,recorder
20260827-022806_perlmutter_5bc126dd,ours_l01_s2_trace-610042_b8_k8_isolated,isolated,ours,4,5,iso_sync_ms,7.506744,recorder
20260827-022806_perlmutter_5bc126dd,ours_l01_s2_trace-610042_b8_k8_isolated,isolated,ours,4,6,iso_sync_ms,7.681893,recorder
20260827-022806_perlmutter_5bc126dd,ours_l01_s2_trace-610042_b8_k8_isolated,isolated,ours,4,7,iso_sync_ms,7.791145,recorder
20260827-022806_perlmutter_5bc126dd,ours_l01_s2_trace-610042_b8_k8_isolated,isolated,ours,4,8,iso_sync_ms,7.927067,recorder
20260827-022806_perlmutter_5bc126dd,ours_l01_s2_trace-610042_b8_k8_isolated,isolated,ours,4,9,iso_sync_ms,7.663848,recorder
20260827-022806_perlmutter_5bc126dd,ours_l01_s2_trace-610042_b8_k8_isolated,isolated,ours,5,0,e2e_ms,8.322336,recorder
20260827-022806_perlmutter_5bc126dd,ours_l01_s2_trace-610042_b8_k8_isolated,isolated,ours,5,1,e2e_ms,8.139936,recorder
20260827-022806_perlmutter_5bc126dd,ours_l01_s2_trace-610042_b8_k8_isolated,isolated,ours,5,2,e2e_ms,9.37184,recorder
20260827-022806_perlmutter_5bc126dd,ours_l01_s2_trace-610042_b8_k8_isolated,isolated,ours,5,3,e2e_ms,8.806976,recorder
20260827-022806_perlmutter_5bc126dd,ours_l01_s2_trace-610042_b8_k8_isolated,isolated,ours,5,4,e2e_ms,8.206944,recorder
20260827-022806_perlmutter_5bc126dd,ours_l01_s2_trace-610042_b8_k8_isolated,isolated,ours,5,5,e2e_ms,8.460128,recorder
20260827-022806_perlmutter_5bc126dd,ours_l01_s2_trace-610042_b8_k8_isolated,isolated,ours,5,6,e2e_ms,8.619328,recorder
20260827-022806_perlmutter_5bc126dd,ours_l01_s2_trace-610042_b8_k8_isolated,isolated,ours,5,7,e2e_ms,8.353184,recorder
20260827-022806_perlmutter_5bc126dd,ours_l01_s2_trace-610042_b8_k8_isolated,isolated,ours,5,8,e2e_ms,8.405888,recorder
20260827-022806_perlmutter_5bc126dd,ours_l01_s2_trace-610042_b8_k8_isolated,isolated,ours,5,9,e2e_ms,8.61648,recorder
20260827-022806_perlmutter_5bc126dd,ours_l01_s2_trace-610042_b8_k8_isolated,isolated,ours,5,0,l0_ms,3.762656,recorder
20260827-022806_perlmutter_5bc126dd,ours_l01_s2_trace-610042_b8_k8_isolated,isolated,ours,5,1,l0_ms,3.591104,recorder
20260827-022806_perlmutter_5bc126dd,ours_l01_s2_trace-610042_b8_k8_isolated,isolated,ours,5,2,l0_ms,4.866048,recorder
20260827-022806_perlmutter_5bc126dd,ours_l01_s2_trace-610042_b8_k8_isolated,isolated,ours,5,3,l0_ms,3.716512,recorder
20260827-022806_perlmutter_5bc126dd,ours_l01_s2_trace-610042_b8_k8_isolated,isolated,ours,5,4,l0_ms,3.711968,recorder
20260827-022806_perlmutter_5bc126dd,ours_l01_s2_trace-610042_b8_k8_isolated,isolated,ours,5,5,l0_ms,3.787296,recorder
20260827-022806_perlmutter_5bc126dd,ours_l01_s2_trace-610042_b8_k8_isolated,isolated,ours,5,6,l0_ms,3.795136,recorder
20260827-022806_perlmutter_5bc126dd,ours_l01_s2_trace-610042_b8_k8_isolated,isolated,ours,5,7,l0_ms,3.80784,recorder
20260827-022806_perlmutter_5bc126dd,ours_l01_s2_trace-610042_b8_k8_isolated,isolated,ours,5,8,l0_ms,3.763296,recorder
20260827-022806_perlmutter_5bc126dd,ours_l01_s2_trace-610042_b8_k8_isolated,isolated,ours,5,9,l0_ms,3.958496,recorder
20260827-022806_perlmutter_5bc126dd,ours_l01_s2_trace-610042_b8_k8_isolated,isolated,ours,5,0,act_ms,0.030784,recorder
20260827-022806_perlmutter_5bc126dd,ours_l01_s2_trace-610042_b8_k8_isolated,isolated,ours,5,1,act_ms,0.033472,recorder
20260827-022806_perlmutter_5bc126dd,ours_l01_s2_trace-610042_b8_k8_isolated,isolated,ours,5,2,act_ms,0.030688,recorder
20260827-022806_perlmutter_5bc126dd,ours_l01_s2_trace-610042_b8_k8_isolated,isolated,ours,5,3,act_ms,0.029984,recorder
20260827-022806_perlmutter_5bc126dd,ours_l01_s2_trace-610042_b8_k8_isolated,isolated,ours,5,4,act_ms,0.031488,recorder
20260827-022806_perlmutter_5bc126dd,ours_l01_s2_trace-610042_b8_k8_isolated,isolated,ours,5,5,act_ms,0.03376,recorder
20260827-022806_perlmutter_5bc126dd,ours_l01_s2_trace-610042_b8_k8_isolated,isolated,ours,5,6,act_ms,0.031456,recorder
20260827-022806_perlmutter_5bc126dd,ours_l01_s2_trace-610042_b8_k8_isolated,isolated,ours,5,7,act_ms,0.034496,recorder
20260827-022806_perlmutter_5bc126dd,ours_l01_s2_trace-610042_b8_k8_isolated,isolated,ours,5,8,act_ms,0.031616,recorder
20260827-022806_perlmutter_5bc126dd,ours_l01_s2_trace-610042_b8_k8_isolated,isolated,ours,5,9,act_ms,0.031808,recorder
20260827-022806_perlmutter_5bc126dd,ours_l01_s2_trace-610042_b8_k8_isolated,isolated,ours,5,0,l1_ms,4.528896,recorder
20260827-022806_perlmutter_5bc126dd,ours_l01_s2_trace-610042_b8_k8_isolated,isolated,ours,5,1,l1_ms,4.51536,recorder
20260827-022806_perlmutter_5bc126dd,ours_l01_s2_trace-610042_b8_k8_isolated,isolated,ours,5,2,l1_ms,4.475104,recorder
20260827-022806_perlmutter_5bc126dd,ours_l01_s2_trace-610042_b8_k8_isolated,isolated,ours,5,3,l1_ms,5.06048,recorder
20260827-022806_perlmutter_5bc126dd,ours_l01_s2_trace-610042_b8_k8_isolated,isolated,ours,5,4,l1_ms,4.463488,recorder
20260827-022806_perlmutter_5bc126dd,ours_l01_s2_trace-610042_b8_k8_isolated,isolated,ours,5,5,l1_ms,4.639072,recorder
20260827-022806_perlmutter_5bc126dd,ours_l01_s2_trace-610042_b8_k8_isolated,isolated,ours,5,6,l1_ms,4.792736,recorder
20260827-022806_perlmutter_5bc126dd,ours_l01_s2_trace-610042_b8_k8_isolated,isolated,ours,5,7,l1_ms,4.510848,recorder
20260827-022806_perlmutter_5bc126dd,ours_l01_s2_trace-610042_b8_k8_isolated,isolated,ours,5,8,l1_ms,4.610976,recorder
20260827-022806_perlmutter_5bc126dd,ours_l01_s2_trace-610042_b8_k8_isolated,isolated,ours,5,9,l1_ms,4.626176,recorder
20260827-022806_perlmutter_5bc126dd,ours_l01_s2_trace-610042_b8_k8_isolated,isolated,ours,5,0,plan_comm_ms,0.284608,recorder
20260827-022806_perlmutter_5bc126dd,ours_l01_s2_trace-610042_b8_k8_isolated,isolated,ours,5,1,plan_comm_ms,0.204064,recorder
20260827-022806_perlmutter_5bc126dd,ours_l01_s2_trace-610042_b8_k8_isolated,isolated,ours,5,2,plan_comm_ms,0.216448,recorder
20260827-022806_perlmutter_5bc126dd,ours_l01_s2_trace-610042_b8_k8_isolated,isolated,ours,5,3,plan_comm_ms,0.202016,recorder
20260827-022806_perlmutter_5bc126dd,ours_l01_s2_trace-610042_b8_k8_isolated,isolated,ours,5,4,plan_comm_ms,0.181728,recorder
20260827-022806_perlmutter_5bc126dd,ours_l01_s2_trace-610042_b8_k8_isolated,isolated,ours,5,5,plan_comm_ms,0.2024,recorder
20260827-022806_perlmutter_5bc126dd,ours_l01_s2_trace-610042_b8_k8_isolated,isolated,ours,5,6,plan_comm_ms,0.203744,recorder
20260827-022806_perlmutter_5bc126dd,ours_l01_s2_trace-610042_b8_k8_isolated,isolated,ours,5,7,plan_comm_ms,0.201344,recorder
20260827-022806_perlmutter_5bc126dd,ours_l01_s2_trace-610042_b8_k8_isolated,isolated,ours,5,8,plan_comm_ms,0.2032,recorder
20260827-022806_perlmutter_5bc126dd,ours_l01_s2_trace-610042_b8_k8_isolated,isolated,ours,5,9,plan_comm_ms,0.205312,recorder
20260827-022806_perlmutter_5bc126dd,ours_l01_s2_trace-610042_b8_k8_isolated,isolated,ours,5,0,place_ms,3.323072,recorder
20260827-022806_perlmutter_5bc126dd,ours_l01_s2_trace-610042_b8_k8_isolated,isolated,ours,5,1,place_ms,3.392992,recorder
20260827-022806_perlmutter_5bc126dd,ours_l01_s2_trace-610042_b8_k8_isolated,isolated,ours,5,2,place_ms,3.371552,recorder
20260827-022806_perlmutter_5bc126dd,ours_l01_s2_trace-610042_b8_k8_isolated,isolated,ours,5,3,place_ms,3.408992,recorder
20260827-022806_perlmutter_5bc126dd,ours_l01_s2_trace-610042_b8_k8_isolated,isolated,ours,5,4,place_ms,3.429056,recorder
20260827-022806_perlmutter_5bc126dd,ours_l01_s2_trace-610042_b8_k8_isolated,isolated,ours,5,5,place_ms,3.380864,recorder
20260827-022806_perlmutter_5bc126dd,ours_l01_s2_trace-610042_b8_k8_isolated,isolated,ours,5,6,place_ms,3.385824,recorder
20260827-022806_perlmutter_5bc126dd,ours_l01_s2_trace-610042_b8_k8_isolated,isolated,ours,5,7,place_ms,3.411872,recorder
20260827-022806_perlmutter_5bc126dd,ours_l01_s2_trace-610042_b8_k8_isolated,isolated,ours,5,8,place_ms,3.33328,recorder
20260827-022806_perlmutter_5bc126dd,ours_l01_s2_trace-610042_b8_k8_isolated,isolated,ours,5,9,place_ms,3.350688,recorder
20260827-022806_perlmutter_5bc126dd,ours_l01_s2_trace-610042_b8_k8_isolated,isolated,ours,5,0,plan_ms,1.80784,recorder
20260827-022806_perlmutter_5bc126dd,ours_l01_s2_trace-610042_b8_k8_isolated,isolated,ours,5,1,plan_ms,1.6944,recorder
20260827-022806_perlmutter_5bc126dd,ours_l01_s2_trace-610042_b8_k8_isolated,isolated,ours,5,2,plan_ms,1.504288,recorder
20260827-022806_perlmutter_5bc126dd,ours_l01_s2_trace-610042_b8_k8_isolated,isolated,ours,5,3,plan_ms,1.594144,recorder
20260827-022806_perlmutter_5bc126dd,ours_l01_s2_trace-610042_b8_k8_isolated,isolated,ours,5,4,plan_ms,1.485216,recorder
20260827-022806_perlmutter_5bc126dd,ours_l01_s2_trace-610042_b8_k8_isolated,isolated,ours,5,5,plan_ms,1.483744,recorder
20260827-022806_perlmutter_5bc126dd,ours_l01_s2_trace-610042_b8_k8_isolated,isolated,ours,5,6,plan_ms,1.482208,recorder
20260827-022806_perlmutter_5bc126dd,ours_l01_s2_trace-610042_b8_k8_isolated,isolated,ours,5,7,plan_ms,1.705568,recorder
20260827-022806_perlmutter_5bc126dd,ours_l01_s2_trace-610042_b8_k8_isolated,isolated,ours,5,8,plan_ms,1.497312,recorder
20260827-022806_perlmutter_5bc126dd,ours_l01_s2_trace-610042_b8_k8_isolated,isolated,ours,5,9,plan_ms,1.500064,recorder
20260827-022806_perlmutter_5bc126dd,ours_l01_s2_trace-610042_b8_k8_isolated,isolated,ours,5,0,total_ms,13.752128,recorder
20260827-022806_perlmutter_5bc126dd,ours_l01_s2_trace-610042_b8_k8_isolated,isolated,ours,5,1,total_ms,13.44528,recorder
20260827-022806_perlmutter_5bc126dd,ours_l01_s2_trace-610042_b8_k8_isolated,isolated,ours,5,2,total_ms,14.478336,recorder
20260827-022806_perlmutter_5bc126dd,ours_l01_s2_trace-610042_b8_k8_isolated,isolated,ours,5,3,total_ms,14.026464,recorder
20260827-022806_perlmutter_5bc126dd,ours_l01_s2_trace-610042_b8_k8_isolated,isolated,ours,5,4,total_ms,13.317184,recorder
20260827-022806_perlmutter_5bc126dd,ours_l01_s2_trace-610042_b8_k8_isolated,isolated,ours,5,5,total_ms,13.54128,recorder
20260827-022806_perlmutter_5bc126dd,ours_l01_s2_trace-610042_b8_k8_isolated,isolated,ours,5,6,total_ms,13.705536,recorder
20260827-022806_perlmutter_5bc126dd,ours_l01_s2_trace-610042_b8_k8_isolated,isolated,ours,5,7,total_ms,13.686336,recorder
20260827-022806_perlmutter_5bc126dd,ours_l01_s2_trace-610042_b8_k8_isolated,isolated,ours,5,8,total_ms,13.453952,recorder
20260827-022806_perlmutter_5bc126dd,ours_l01_s2_trace-610042_b8_k8_isolated,isolated,ours,5,9,total_ms,13.686592,recorder
20260827-022806_perlmutter_5bc126dd,ours_l01_s2_trace-610042_b8_k8_isolated,isolated,ours,5,0,iso_sync_ms,7.767017,recorder
20260827-022806_perlmutter_5bc126dd,ours_l01_s2_trace-610042_b8_k8_isolated,isolated,ours,5,1,iso_sync_ms,7.986993,recorder
20260827-022806_perlmutter_5bc126dd,ours_l01_s2_trace-610042_b8_k8_isolated,isolated,ours,5,2,iso_sync_ms,7.403894,recorder
20260827-022806_perlmutter_5bc126dd,ours_l01_s2_trace-610042_b8_k8_isolated,isolated,ours,5,3,iso_sync_ms,8.655396,recorder
20260827-022806_perlmutter_5bc126dd,ours_l01_s2_trace-610042_b8_k8_isolated,isolated,ours,5,4,iso_sync_ms,8.130851,recorder
20260827-022806_perlmutter_5bc126dd,ours_l01_s2_trace-610042_b8_k8_isolated,isolated,ours,5,5,iso_sync_ms,7.558043,recorder
20260827-022806_perlmutter_5bc126dd,ours_l01_s2_trace-610042_b8_k8_isolated,isolated,ours,5,6,iso_sync_ms,7.742871,recorder
20260827-022806_perlmutter_5bc126dd,ours_l01_s2_trace-610042_b8_k8_isolated,isolated,ours,5,7,iso_sync_ms,7.95483,recorder
20260827-022806_perlmutter_5bc126dd,ours_l01_s2_trace-610042_b8_k8_isolated,isolated,ours,5,8,iso_sync_ms,7.945723,recorder
20260827-022806_perlmutter_5bc126dd,ours_l01_s2_trace-610042_b8_k8_isolated,isolated,ours,5,9,iso_sync_ms,7.698845,recorder
20260827-022806_perlmutter_5bc126dd,ours_l01_s2_trace-610042_b8_k8_isolated,isolated,ours,6,0,e2e_ms,8.321504,recorder
20260827-022806_perlmutter_5bc126dd,ours_l01_s2_trace-610042_b8_k8_isolated,isolated,ours,6,1,e2e_ms,8.142368,recorder
20260827-022806_perlmutter_5bc126dd,ours_l01_s2_trace-610042_b8_k8_isolated,isolated,ours,6,2,e2e_ms,9.344544,recorder
20260827-022806_perlmutter_5bc126dd,ours_l01_s2_trace-610042_b8_k8_isolated,isolated,ours,6,3,e2e_ms,8.813856,recorder
20260827-022806_perlmutter_5bc126dd,ours_l01_s2_trace-610042_b8_k8_isolated,isolated,ours,6,4,e2e_ms,8.189312,recorder
20260827-022806_perlmutter_5bc126dd,ours_l01_s2_trace-610042_b8_k8_isolated,isolated,ours,6,5,e2e_ms,8.449696,recorder
20260827-022806_perlmutter_5bc126dd,ours_l01_s2_trace-610042_b8_k8_isolated,isolated,ours,6,6,e2e_ms,8.595808,recorder
20260827-022806_perlmutter_5bc126dd,ours_l01_s2_trace-610042_b8_k8_isolated,isolated,ours,6,7,e2e_ms,8.333696,recorder
20260827-022806_perlmutter_5bc126dd,ours_l01_s2_trace-610042_b8_k8_isolated,isolated,ours,6,8,e2e_ms,8.397696,recorder
20260827-022806_perlmutter_5bc126dd,ours_l01_s2_trace-610042_b8_k8_isolated,isolated,ours,6,9,e2e_ms,8.450016,recorder
20260827-022806_perlmutter_5bc126dd,ours_l01_s2_trace-610042_b8_k8_isolated,isolated,ours,6,0,l0_ms,3.754816,recorder
20260827-022806_perlmutter_5bc126dd,ours_l01_s2_trace-610042_b8_k8_isolated,isolated,ours,6,1,l0_ms,3.588576,recorder
20260827-022806_perlmutter_5bc126dd,ours_l01_s2_trace-610042_b8_k8_isolated,isolated,ours,6,2,l0_ms,4.84432,recorder
20260827-022806_perlmutter_5bc126dd,ours_l01_s2_trace-610042_b8_k8_isolated,isolated,ours,6,3,l0_ms,3.724096,recorder
20260827-022806_perlmutter_5bc126dd,ours_l01_s2_trace-610042_b8_k8_isolated,isolated,ours,6,4,l0_ms,3.692928,recorder
20260827-022806_perlmutter_5bc126dd,ours_l01_s2_trace-610042_b8_k8_isolated,isolated,ours,6,5,l0_ms,3.777024,recorder
20260827-022806_perlmutter_5bc126dd,ours_l01_s2_trace-610042_b8_k8_isolated,isolated,ours,6,6,l0_ms,3.79776,recorder
20260827-022806_perlmutter_5bc126dd,ours_l01_s2_trace-610042_b8_k8_isolated,isolated,ours,6,7,l0_ms,3.815104,recorder
20260827-022806_perlmutter_5bc126dd,ours_l01_s2_trace-610042_b8_k8_isolated,isolated,ours,6,8,l0_ms,3.761088,recorder
20260827-022806_perlmutter_5bc126dd,ours_l01_s2_trace-610042_b8_k8_isolated,isolated,ours,6,9,l0_ms,3.944,recorder
20260827-022806_perlmutter_5bc126dd,ours_l01_s2_trace-610042_b8_k8_isolated,isolated,ours,6,0,act_ms,0.033984,recorder
20260827-022806_perlmutter_5bc126dd,ours_l01_s2_trace-610042_b8_k8_isolated,isolated,ours,6,1,act_ms,0.033664,recorder
20260827-022806_perlmutter_5bc126dd,ours_l01_s2_trace-610042_b8_k8_isolated,isolated,ours,6,2,act_ms,0.033728,recorder
20260827-022806_perlmutter_5bc126dd,ours_l01_s2_trace-610042_b8_k8_isolated,isolated,ours,6,3,act_ms,0.032736,recorder
20260827-022806_perlmutter_5bc126dd,ours_l01_s2_trace-610042_b8_k8_isolated,isolated,ours,6,4,act_ms,0.032672,recorder
20260827-022806_perlmutter_5bc126dd,ours_l01_s2_trace-610042_b8_k8_isolated,isolated,ours,6,5,act_ms,0.029248,recorder
20260827-022806_perlmutter_5bc126dd,ours_l01_s2_trace-610042_b8_k8_isolated,isolated,ours,6,6,act_ms,0.033568,recorder
20260827-022806_perlmutter_5bc126dd,ours_l01_s2_trace-610042_b8_k8_isolated,isolated,ours,6,7,act_ms,0.03296,recorder
20260827-022806_perlmutter_5bc126dd,ours_l01_s2_trace-610042_b8_k8_isolated,isolated,ours,6,8,act_ms,0.0344,recorder
20260827-022806_perlmutter_5bc126dd,ours_l01_s2_trace-610042_b8_k8_isolated,isolated,ours,6,9,act_ms,0.03424,recorder
20260827-022806_perlmutter_5bc126dd,ours_l01_s2_trace-610042_b8_k8_isolated,isolated,ours,6,0,l1_ms,4.532704,recorder
20260827-022806_perlmutter_5bc126dd,ours_l01_s2_trace-610042_b8_k8_isolated,isolated,ours,6,1,l1_ms,4.520128,recorder
20260827-022806_perlmutter_5bc126dd,ours_l01_s2_trace-610042_b8_k8_isolated,isolated,ours,6,2,l1_ms,4.466496,recorder
20260827-022806_perlmutter_5bc126dd,ours_l01_s2_trace-610042_b8_k8_isolated,isolated,ours,6,3,l1_ms,5.057024,recorder
20260827-022806_perlmutter_5bc126dd,ours_l01_s2_trace-610042_b8_k8_isolated,isolated,ours,6,4,l1_ms,4.463712,recorder
20260827-022806_perlmutter_5bc126dd,ours_l01_s2_trace-610042_b8_k8_isolated,isolated,ours,6,5,l1_ms,4.643424,recorder
20260827-022806_perlmutter_5bc126dd,ours_l01_s2_trace-610042_b8_k8_isolated,isolated,ours,6,6,l1_ms,4.76448,recorder
20260827-022806_perlmutter_5bc126dd,ours_l01_s2_trace-610042_b8_k8_isolated,isolated,ours,6,7,l1_ms,4.485632,recorder
20260827-022806_perlmutter_5bc126dd,ours_l01_s2_trace-610042_b8_k8_isolated,isolated,ours,6,8,l1_ms,4.602208,recorder
20260827-022806_perlmutter_5bc126dd,ours_l01_s2_trace-610042_b8_k8_isolated,isolated,ours,6,9,l1_ms,4.471776,recorder
20260827-022806_perlmutter_5bc126dd,ours_l01_s2_trace-610042_b8_k8_isolated,isolated,ours,6,0,plan_comm_ms,0.288576,recorder
20260827-022806_perlmutter_5bc126dd,ours_l01_s2_trace-610042_b8_k8_isolated,isolated,ours,6,1,plan_comm_ms,0.207776,recorder
20260827-022806_perlmutter_5bc126dd,ours_l01_s2_trace-610042_b8_k8_isolated,isolated,ours,6,2,plan_comm_ms,0.21904,recorder
20260827-022806_perlmutter_5bc126dd,ours_l01_s2_trace-610042_b8_k8_isolated,isolated,ours,6,3,plan_comm_ms,0.203616,recorder
20260827-022806_perlmutter_5bc126dd,ours_l01_s2_trace-610042_b8_k8_isolated,isolated,ours,6,4,plan_comm_ms,0.180128,recorder
20260827-022806_perlmutter_5bc126dd,ours_l01_s2_trace-610042_b8_k8_isolated,isolated,ours,6,5,plan_comm_ms,0.203296,recorder
20260827-022806_perlmutter_5bc126dd,ours_l01_s2_trace-610042_b8_k8_isolated,isolated,ours,6,6,plan_comm_ms,0.201952,recorder
20260827-022806_perlmutter_5bc126dd,ours_l01_s2_trace-610042_b8_k8_isolated,isolated,ours,6,7,plan_comm_ms,0.200192,recorder
20260827-022806_perlmutter_5bc126dd,ours_l01_s2_trace-610042_b8_k8_isolated,isolated,ours,6,8,plan_comm_ms,0.202144,recorder
20260827-022806_perlmutter_5bc126dd,ours_l01_s2_trace-610042_b8_k8_isolated,isolated,ours,6,9,plan_comm_ms,0.202528,recorder
20260827-022806_perlmutter_5bc126dd,ours_l01_s2_trace-610042_b8_k8_isolated,isolated,ours,6,0,place_ms,3.259904,recorder
20260827-022806_perlmutter_5bc126dd,ours_l01_s2_trace-610042_b8_k8_isolated,isolated,ours,6,1,place_ms,3.401504,recorder
20260827-022806_perlmutter_5bc126dd,ours_l01_s2_trace-610042_b8_k8_isolated,isolated,ours,6,2,place_ms,3.38768,recorder
20260827-022806_perlmutter_5bc126dd,ours_l01_s2_trace-610042_b8_k8_isolated,isolated,ours,6,3,place_ms,3.426688,recorder
20260827-022806_perlmutter_5bc126dd,ours_l01_s2_trace-610042_b8_k8_isolated,isolated,ours,6,4,place_ms,3.411296,recorder
20260827-022806_perlmutter_5bc126dd,ours_l01_s2_trace-610042_b8_k8_isolated,isolated,ours,6,5,place_ms,3.388064,recorder
20260827-022806_perlmutter_5bc126dd,ours_l01_s2_trace-610042_b8_k8_isolated,isolated,ours,6,6,place_ms,3.407104,recorder
20260827-022806_perlmutter_5bc126dd,ours_l01_s2_trace-610042_b8_k8_isolated,isolated,ours,6,7,place_ms,3.394368,recorder
20260827-022806_perlmutter_5bc126dd,ours_l01_s2_trace-610042_b8_k8_isolated,isolated,ours,6,8,place_ms,3.317472,recorder
20260827-022806_perlmutter_5bc126dd,ours_l01_s2_trace-610042_b8_k8_isolated,isolated,ours,6,9,place_ms,3.3744,recorder
20260827-022806_perlmutter_5bc126dd,ours_l01_s2_trace-610042_b8_k8_isolated,isolated,ours,6,0,plan_ms,1.878464,recorder
20260827-022806_perlmutter_5bc126dd,ours_l01_s2_trace-610042_b8_k8_isolated,isolated,ours,6,1,plan_ms,1.688032,recorder
20260827-022806_perlmutter_5bc126dd,ours_l01_s2_trace-610042_b8_k8_isolated,isolated,ours,6,2,plan_ms,1.518208,recorder
20260827-022806_perlmutter_5bc126dd,ours_l01_s2_trace-610042_b8_k8_isolated,isolated,ours,6,3,plan_ms,1.570048,recorder
20260827-022806_perlmutter_5bc126dd,ours_l01_s2_trace-610042_b8_k8_isolated,isolated,ours,6,4,plan_ms,1.521888,recorder
20260827-022806_perlmutter_5bc126dd,ours_l01_s2_trace-610042_b8_k8_isolated,isolated,ours,6,5,plan_ms,1.486048,recorder
20260827-022806_perlmutter_5bc126dd,ours_l01_s2_trace-610042_b8_k8_isolated,isolated,ours,6,6,plan_ms,1.485696,recorder
20260827-022806_perlmutter_5bc126dd,ours_l01_s2_trace-610042_b8_k8_isolated,isolated,ours,6,7,plan_ms,1.740416,recorder
20260827-022806_perlmutter_5bc126dd,ours_l01_s2_trace-610042_b8_k8_isolated,isolated,ours,6,8,plan_ms,1.522848,recorder
20260827-022806_perlmutter_5bc126dd,ours_l01_s2_trace-610042_b8_k8_isolated,isolated,ours,6,9,plan_ms,1.48736,recorder
20260827-022806_perlmutter_5bc126dd,ours_l01_s2_trace-610042_b8_k8_isolated,isolated,ours,6,0,total_ms,13.762848,recorder
20260827-022806_perlmutter_5bc126dd,ours_l01_s2_trace-610042_b8_k8_isolated,isolated,ours,6,1,total_ms,13.453888,recorder
20260827-022806_perlmutter_5bc126dd,ours_l01_s2_trace-610042_b8_k8_isolated,isolated,ours,6,2,total_ms,14.483808,recorder
20260827-022806_perlmutter_5bc126dd,ours_l01_s2_trace-610042_b8_k8_isolated,isolated,ours,6,3,total_ms,14.029664,recorder
20260827-022806_perlmutter_5bc126dd,ours_l01_s2_trace-610042_b8_k8_isolated,isolated,ours,6,4,total_ms,13.316736,recorder
20260827-022806_perlmutter_5bc126dd,ours_l01_s2_trace-610042_b8_k8_isolated,isolated,ours,6,5,total_ms,13.541888,recorder
20260827-022806_perlmutter_5bc126dd,ours_l01_s2_trace-610042_b8_k8_isolated,isolated,ours,6,6,total_ms,13.70528,recorder
20260827-022806_perlmutter_5bc126dd,ours_l01_s2_trace-610042_b8_k8_isolated,isolated,ours,6,7,total_ms,13.68336,recorder
20260827-022806_perlmutter_5bc126dd,ours_l01_s2_trace-610042_b8_k8_isolated,isolated,ours,6,8,total_ms,13.454592,recorder
20260827-022806_perlmutter_5bc126dd,ours_l01_s2_trace-610042_b8_k8_isolated,isolated,ours,6,9,total_ms,13.529056,recorder
20260827-022806_perlmutter_5bc126dd,ours_l01_s2_trace-610042_b8_k8_isolated,isolated,ours,6,0,iso_sync_ms,7.759873,recorder
20260827-022806_perlmutter_5bc126dd,ours_l01_s2_trace-610042_b8_k8_isolated,isolated,ours,6,1,iso_sync_ms,7.957035,recorder
20260827-022806_perlmutter_5bc126dd,ours_l01_s2_trace-610042_b8_k8_isolated,isolated,ours,6,2,iso_sync_ms,7.421289,recorder
20260827-022806_perlmutter_5bc126dd,ours_l01_s2_trace-610042_b8_k8_isolated,isolated,ours,6,3,iso_sync_ms,8.623134,recorder
20260827-022806_perlmutter_5bc126dd,ours_l01_s2_trace-610042_b8_k8_isolated,isolated,ours,6,4,iso_sync_ms,8.164617,recorder
20260827-022806_perlmutter_5bc126dd,ours_l01_s2_trace-610042_b8_k8_isolated,isolated,ours,6,5,iso_sync_ms,7.504199,recorder
20260827-022806_perlmutter_5bc126dd,ours_l01_s2_trace-610042_b8_k8_isolated,isolated,ours,6,6,iso_sync_ms,7.657646,recorder
20260827-022806_perlmutter_5bc126dd,ours_l01_s2_trace-610042_b8_k8_isolated,isolated,ours,6,7,iso_sync_ms,7.936726,recorder
20260827-022806_perlmutter_5bc126dd,ours_l01_s2_trace-610042_b8_k8_isolated,isolated,ours,6,8,iso_sync_ms,7.944722,recorder
20260827-022806_perlmutter_5bc126dd,ours_l01_s2_trace-610042_b8_k8_isolated,isolated,ours,6,9,iso_sync_ms,7.704486,recorder
20260827-022806_perlmutter_5bc126dd,ours_l01_s2_trace-610042_b8_k8_isolated,isolated,ours,7,0,e2e_ms,8.33024,recorder
20260827-022806_perlmutter_5bc126dd,ours_l01_s2_trace-610042_b8_k8_isolated,isolated,ours,7,1,e2e_ms,8.117216,recorder
20260827-022806_perlmutter_5bc126dd,ours_l01_s2_trace-610042_b8_k8_isolated,isolated,ours,7,2,e2e_ms,9.3472,recorder
20260827-022806_perlmutter_5bc126dd,ours_l01_s2_trace-610042_b8_k8_isolated,isolated,ours,7,3,e2e_ms,8.742592,recorder
20260827-022806_perlmutter_5bc126dd,ours_l01_s2_trace-610042_b8_k8_isolated,isolated,ours,7,4,e2e_ms,8.21264,recorder
20260827-022806_perlmutter_5bc126dd,ours_l01_s2_trace-610042_b8_k8_isolated,isolated,ours,7,5,e2e_ms,8.247488,recorder
20260827-022806_perlmutter_5bc126dd,ours_l01_s2_trace-610042_b8_k8_isolated,isolated,ours,7,6,e2e_ms,8.600192,recorder
20260827-022806_perlmutter_5bc126dd,ours_l01_s2_trace-610042_b8_k8_isolated,isolated,ours,7,7,e2e_ms,8.28528,recorder
20260827-022806_perlmutter_5bc126dd,ours_l01_s2_trace-610042_b8_k8_isolated,isolated,ours,7,8,e2e_ms,8.387808,recorder
20260827-022806_perlmutter_5bc126dd,ours_l01_s2_trace-610042_b8_k8_isolated,isolated,ours,7,9,e2e_ms,8.469696,recorder
20260827-022806_perlmutter_5bc126dd,ours_l01_s2_trace-610042_b8_k8_isolated,isolated,ours,7,0,l0_ms,3.748032,recorder
20260827-022806_perlmutter_5bc126dd,ours_l01_s2_trace-610042_b8_k8_isolated,isolated,ours,7,1,l0_ms,3.572544,recorder
20260827-022806_perlmutter_5bc126dd,ours_l01_s2_trace-610042_b8_k8_isolated,isolated,ours,7,2,l0_ms,4.838176,recorder
20260827-022806_perlmutter_5bc126dd,ours_l01_s2_trace-610042_b8_k8_isolated,isolated,ours,7,3,l0_ms,3.65728,recorder
20260827-022806_perlmutter_5bc126dd,ours_l01_s2_trace-610042_b8_k8_isolated,isolated,ours,7,4,l0_ms,3.70064,recorder
20260827-022806_perlmutter_5bc126dd,ours_l01_s2_trace-610042_b8_k8_isolated,isolated,ours,7,5,l0_ms,3.717952,recorder
20260827-022806_perlmutter_5bc126dd,ours_l01_s2_trace-610042_b8_k8_isolated,isolated,ours,7,6,l0_ms,3.800544,recorder
20260827-022806_perlmutter_5bc126dd,ours_l01_s2_trace-610042_b8_k8_isolated,isolated,ours,7,7,l0_ms,3.764576,recorder
20260827-022806_perlmutter_5bc126dd,ours_l01_s2_trace-610042_b8_k8_isolated,isolated,ours,7,8,l0_ms,3.755328,recorder
20260827-022806_perlmutter_5bc126dd,ours_l01_s2_trace-610042_b8_k8_isolated,isolated,ours,7,9,l0_ms,3.928352,recorder
20260827-022806_perlmutter_5bc126dd,ours_l01_s2_trace-610042_b8_k8_isolated,isolated,ours,7,0,act_ms,0.034336,recorder
20260827-022806_perlmutter_5bc126dd,ours_l01_s2_trace-610042_b8_k8_isolated,isolated,ours,7,1,act_ms,0.033472,recorder
20260827-022806_perlmutter_5bc126dd,ours_l01_s2_trace-610042_b8_k8_isolated,isolated,ours,7,2,act_ms,0.030208,recorder
20260827-022806_perlmutter_5bc126dd,ours_l01_s2_trace-610042_b8_k8_isolated,isolated,ours,7,3,act_ms,0.029952,recorder
20260827-022806_perlmutter_5bc126dd,ours_l01_s2_trace-610042_b8_k8_isolated,isolated,ours,7,4,act_ms,0.033536,recorder
20260827-022806_perlmutter_5bc126dd,ours_l01_s2_trace-610042_b8_k8_isolated,isolated,ours,7,5,act_ms,0.029952,recorder
20260827-022806_perlmutter_5bc126dd,ours_l01_s2_trace-610042_b8_k8_isolated,isolated,ours,7,6,act_ms,0.034528,recorder
20260827-022806_perlmutter_5bc126dd,ours_l01_s2_trace-610042_b8_k8_isolated,isolated,ours,7,7,act_ms,0.029632,recorder
20260827-022806_perlmutter_5bc126dd,ours_l01_s2_trace-610042_b8_k8_isolated,isolated,ours,7,8,act_ms,0.03056,recorder
20260827-022806_perlmutter_5bc126dd,ours_l01_s2_trace-610042_b8_k8_isolated,isolated,ours,7,9,act_ms,0.033056,recorder
20260827-022806_perlmutter_5bc126dd,ours_l01_s2_trace-610042_b8_k8_isolated,isolated,ours,7,0,l1_ms,4.547872,recorder
20260827-022806_perlmutter_5bc126dd,ours_l01_s2_trace-610042_b8_k8_isolated,isolated,ours,7,1,l1_ms,4.5112,recorder
20260827-022806_perlmutter_5bc126dd,ours_l01_s2_trace-610042_b8_k8_isolated,isolated,ours,7,2,l1_ms,4.478816,recorder
20260827-022806_perlmutter_5bc126dd,ours_l01_s2_trace-610042_b8_k8_isolated,isolated,ours,7,3,l1_ms,5.05536,recorder
20260827-022806_perlmutter_5bc126dd,ours_l01_s2_trace-610042_b8_k8_isolated,isolated,ours,7,4,l1_ms,4.478464,recorder
20260827-022806_perlmutter_5bc126dd,ours_l01_s2_trace-610042_b8_k8_isolated,isolated,ours,7,5,l1_ms,4.499584,recorder
20260827-022806_perlmutter_5bc126dd,ours_l01_s2_trace-610042_b8_k8_isolated,isolated,ours,7,6,l1_ms,4.76512,recorder
20260827-022806_perlmutter_5bc126dd,ours_l01_s2_trace-610042_b8_k8_isolated,isolated,ours,7,7,l1_ms,4.491072,recorder
20260827-022806_perlmutter_5bc126dd,ours_l01_s2_trace-610042_b8_k8_isolated,isolated,ours,7,8,l1_ms,4.60192,recorder
20260827-022806_perlmutter_5bc126dd,ours_l01_s2_trace-610042_b8_k8_isolated,isolated,ours,7,9,l1_ms,4.508288,recorder
20260827-022806_perlmutter_5bc126dd,ours_l01_s2_trace-610042_b8_k8_isolated,isolated,ours,7,0,plan_comm_ms,0.291968,recorder
20260827-022806_perlmutter_5bc126dd,ours_l01_s2_trace-610042_b8_k8_isolated,isolated,ours,7,1,plan_comm_ms,0.208064,recorder
20260827-022806_perlmutter_5bc126dd,ours_l01_s2_trace-610042_b8_k8_isolated,isolated,ours,7,2,plan_comm_ms,0.223264,recorder
20260827-022806_perlmutter_5bc126dd,ours_l01_s2_trace-610042_b8_k8_isolated,isolated,ours,7,3,plan_comm_ms,0.205248,recorder
20260827-022806_perlmutter_5bc126dd,ours_l01_s2_trace-610042_b8_k8_isolated,isolated,ours,7,4,plan_comm_ms,0.180384,recorder
20260827-022806_perlmutter_5bc126dd,ours_l01_s2_trace-610042_b8_k8_isolated,isolated,ours,7,5,plan_comm_ms,0.203424,recorder
20260827-022806_perlmutter_5bc126dd,ours_l01_s2_trace-610042_b8_k8_isolated,isolated,ours,7,6,plan_comm_ms,0.204608,recorder
20260827-022806_perlmutter_5bc126dd,ours_l01_s2_trace-610042_b8_k8_isolated,isolated,ours,7,7,plan_comm_ms,0.211872,recorder
20260827-022806_perlmutter_5bc126dd,ours_l01_s2_trace-610042_b8_k8_isolated,isolated,ours,7,8,plan_comm_ms,0.204896,recorder
20260827-022806_perlmutter_5bc126dd,ours_l01_s2_trace-610042_b8_k8_isolated,isolated,ours,7,9,plan_comm_ms,0.206944,recorder
20260827-022806_perlmutter_5bc126dd,ours_l01_s2_trace-610042_b8_k8_isolated,isolated,ours,7,0,place_ms,3.324064,recorder
20260827-022806_perlmutter_5bc126dd,ours_l01_s2_trace-610042_b8_k8_isolated,isolated,ours,7,1,place_ms,3.408832,recorder
20260827-022806_perlmutter_5bc126dd,ours_l01_s2_trace-610042_b8_k8_isolated,isolated,ours,7,2,place_ms,3.399968,recorder
20260827-022806_perlmutter_5bc126dd,ours_l01_s2_trace-610042_b8_k8_isolated,isolated,ours,7,3,place_ms,3.408768,recorder
20260827-022806_perlmutter_5bc126dd,ours_l01_s2_trace-610042_b8_k8_isolated,isolated,ours,7,4,place_ms,3.482592,recorder
20260827-022806_perlmutter_5bc126dd,ours_l01_s2_trace-610042_b8_k8_isolated,isolated,ours,7,5,place_ms,3.414848,recorder
20260827-022806_perlmutter_5bc126dd,ours_l01_s2_trace-610042_b8_k8_isolated,isolated,ours,7,6,place_ms,3.443424,recorder
20260827-022806_perlmutter_5bc126dd,ours_l01_s2_trace-610042_b8_k8_isolated,isolated,ours,7,7,place_ms,3.404288,recorder
20260827-022806_perlmutter_5bc126dd,ours_l01_s2_trace-610042_b8_k8_isolated,isolated,ours,7,8,place_ms,3.368096,recorder
20260827-022806_perlmutter_5bc126dd,ours_l01_s2_trace-610042_b8_k8_isolated,isolated,ours,7,9,place_ms,3.363552,recorder
20260827-022806_perlmutter_5bc126dd,ours_l01_s2_trace-610042_b8_k8_isolated,isolated,ours,7,0,plan_ms,1.818016,recorder
20260827-022806_perlmutter_5bc126dd,ours_l01_s2_trace-610042_b8_k8_isolated,isolated,ours,7,1,plan_ms,1.704448,recorder
20260827-022806_perlmutter_5bc126dd,ours_l01_s2_trace-610042_b8_k8_isolated,isolated,ours,7,2,plan_ms,1.502208,recorder
20260827-022806_perlmutter_5bc126dd,ours_l01_s2_trace-610042_b8_k8_isolated,isolated,ours,7,3,plan_ms,1.658944,recorder
20260827-022806_perlmutter_5bc126dd,ours_l01_s2_trace-610042_b8_k8_isolated,isolated,ours,7,4,plan_ms,1.450048,recorder
20260827-022806_perlmutter_5bc126dd,ours_l01_s2_trace-610042_b8_k8_isolated,isolated,ours,7,5,plan_ms,1.517952,recorder
20260827-022806_perlmutter_5bc126dd,ours_l01_s2_trace-610042_b8_k8_isolated,isolated,ours,7,6,plan_ms,1.447232,recorder
20260827-022806_perlmutter_5bc126dd,ours_l01_s2_trace-610042_b8_k8_isolated,isolated,ours,7,7,plan_ms,1.778688,recorder
20260827-022806_perlmutter_5bc126dd,ours_l01_s2_trace-610042_b8_k8_isolated,isolated,ours,7,8,plan_ms,1.475104,recorder
20260827-022806_perlmutter_5bc126dd,ours_l01_s2_trace-610042_b8_k8_isolated,isolated,ours,7,9,plan_ms,1.511744,recorder
20260827-022806_perlmutter_5bc126dd,ours_l01_s2_trace-610042_b8_k8_isolated,isolated,ours,7,0,total_ms,13.7792,recorder
20260827-022806_perlmutter_5bc126dd,ours_l01_s2_trace-610042_b8_k8_isolated,isolated,ours,7,1,total_ms,13.453696,recorder
20260827-022806_perlmutter_5bc126dd,ours_l01_s2_trace-610042_b8_k8_isolated,isolated,ours,7,2,total_ms,14.48752,recorder
20260827-022806_perlmutter_5bc126dd,ours_l01_s2_trace-610042_b8_k8_isolated,isolated,ours,7,3,total_ms,14.03056,recorder
20260827-022806_perlmutter_5bc126dd,ours_l01_s2_trace-610042_b8_k8_isolated,isolated,ours,7,4,total_ms,13.340448,recorder
20260827-022806_perlmutter_5bc126dd,ours_l01_s2_trace-610042_b8_k8_isolated,isolated,ours,7,5,total_ms,13.398944,recorder
20260827-022806_perlmutter_5bc126dd,ours_l01_s2_trace-610042_b8_k8_isolated,isolated,ours,7,6,total_ms,13.709824,recorder
20260827-022806_perlmutter_5bc126dd,ours_l01_s2_trace-610042_b8_k8_isolated,isolated,ours,7,7,total_ms,13.6952,recorder
20260827-022806_perlmutter_5bc126dd,ours_l01_s2_trace-610042_b8_k8_isolated,isolated,ours,7,8,total_ms,13.450752,recorder
20260827-022806_perlmutter_5bc126dd,ours_l01_s2_trace-610042_b8_k8_isolated,isolated,ours,7,9,total_ms,13.571296,recorder
20260827-022806_perlmutter_5bc126dd,ours_l01_s2_trace-610042_b8_k8_isolated,isolated,ours,7,0,iso_sync_ms,7.741759,recorder
20260827-022806_perlmutter_5bc126dd,ours_l01_s2_trace-610042_b8_k8_isolated,isolated,ours,7,1,iso_sync_ms,7.954119,recorder
20260827-022806_perlmutter_5bc126dd,ours_l01_s2_trace-610042_b8_k8_isolated,isolated,ours,7,2,iso_sync_ms,7.37043,recorder
20260827-022806_perlmutter_5bc126dd,ours_l01_s2_trace-610042_b8_k8_isolated,isolated,ours,7,3,iso_sync_ms,8.647992,recorder
20260827-022806_perlmutter_5bc126dd,ours_l01_s2_trace-610042_b8_k8_isolated,isolated,ours,7,4,iso_sync_ms,8.092397,recorder
20260827-022806_perlmutter_5bc126dd,ours_l01_s2_trace-610042_b8_k8_isolated,isolated,ours,7,5,iso_sync_ms,7.551711,recorder
20260827-022806_perlmutter_5bc126dd,ours_l01_s2_trace-610042_b8_k8_isolated,isolated,ours,7,6,iso_sync_ms,7.71154,recorder
20260827-022806_perlmutter_5bc126dd,ours_l01_s2_trace-610042_b8_k8_isolated,isolated,ours,7,7,iso_sync_ms,7.935313,recorder
20260827-022806_perlmutter_5bc126dd,ours_l01_s2_trace-610042_b8_k8_isolated,isolated,ours,7,8,iso_sync_ms,7.889775,recorder
20260827-022806_perlmutter_5bc126dd,ours_l01_s2_trace-610042_b8_k8_isolated,isolated,ours,7,9,iso_sync_ms,7.729054,recorder
20260827-022806_perlmutter_5bc126dd,ours_l01_s2_trace-610042_b8_k8_isolated,isolated,ours,8,0,e2e_ms,8.343584,recorder
20260827-022806_perlmutter_5bc126dd,ours_l01_s2_trace-610042_b8_k8_isolated,isolated,ours,8,1,e2e_ms,8.152384,recorder
20260827-022806_perlmutter_5bc126dd,ours_l01_s2_trace-610042_b8_k8_isolated,isolated,ours,8,2,e2e_ms,9.365216,recorder
20260827-022806_perlmutter_5bc126dd,ours_l01_s2_trace-610042_b8_k8_isolated,isolated,ours,8,3,e2e_ms,8.831872,recorder
20260827-022806_perlmutter_5bc126dd,ours_l01_s2_trace-610042_b8_k8_isolated,isolated,ours,8,4,e2e_ms,8.230272,recorder
20260827-022806_perlmutter_5bc126dd,ours_l01_s2_trace-610042_b8_k8_isolated,isolated,ours,8,5,e2e_ms,8.352032,recorder
20260827-022806_perlmutter_5bc126dd,ours_l01_s2_trace-610042_b8_k8_isolated,isolated,ours,8,6,e2e_ms,8.615488,recorder
20260827-022806_perlmutter_5bc126dd,ours_l01_s2_trace-610042_b8_k8_isolated,isolated,ours,8,7,e2e_ms,8.354944,recorder
20260827-022806_perlmutter_5bc126dd,ours_l01_s2_trace-610042_b8_k8_isolated,isolated,ours,8,8,e2e_ms,8.405568,recorder
20260827-022806_perlmutter_5bc126dd,ours_l01_s2_trace-610042_b8_k8_isolated,isolated,ours,8,9,e2e_ms,8.535456,recorder
20260827-022806_perlmutter_5bc126dd,ours_l01_s2_trace-610042_b8_k8_isolated,isolated,ours,8,0,l0_ms,3.773504,recorder
20260827-022806_perlmutter_5bc126dd,ours_l01_s2_trace-610042_b8_k8_isolated,isolated,ours,8,1,l0_ms,3.592768,recorder
20260827-022806_perlmutter_5bc126dd,ours_l01_s2_trace-610042_b8_k8_isolated,isolated,ours,8,2,l0_ms,4.8704,recorder
20260827-022806_perlmutter_5bc126dd,ours_l01_s2_trace-610042_b8_k8_isolated,isolated,ours,8,3,l0_ms,3.742464,recorder
20260827-022806_perlmutter_5bc126dd,ours_l01_s2_trace-610042_b8_k8_isolated,isolated,ours,8,4,l0_ms,3.728224,recorder
20260827-022806_perlmutter_5bc126dd,ours_l01_s2_trace-610042_b8_k8_isolated,isolated,ours,8,5,l0_ms,3.804384,recorder
20260827-022806_perlmutter_5bc126dd,ours_l01_s2_trace-610042_b8_k8_isolated,isolated,ours,8,6,l0_ms,3.818112,recorder
20260827-022806_perlmutter_5bc126dd,ours_l01_s2_trace-610042_b8_k8_isolated,isolated,ours,8,7,l0_ms,3.845376,recorder
20260827-022806_perlmutter_5bc126dd,ours_l01_s2_trace-610042_b8_k8_isolated,isolated,ours,8,8,l0_ms,3.77568,recorder
20260827-022806_perlmutter_5bc126dd,ours_l01_s2_trace-610042_b8_k8_isolated,isolated,ours,8,9,l0_ms,3.952672,recorder
20260827-022806_perlmutter_5bc126dd,ours_l01_s2_trace-610042_b8_k8_isolated,isolated,ours,8,0,act_ms,0.035552,recorder
20260827-022806_perlmutter_5bc126dd,ours_l01_s2_trace-610042_b8_k8_isolated,isolated,ours,8,1,act_ms,0.032512,recorder
20260827-022806_perlmutter_5bc126dd,ours_l01_s2_trace-610042_b8_k8_isolated,isolated,ours,8,2,act_ms,0.032672,recorder
20260827-022806_perlmutter_5bc126dd,ours_l01_s2_trace-610042_b8_k8_isolated,isolated,ours,8,3,act_ms,0.035424,recorder
20260827-022806_perlmutter_5bc126dd,ours_l01_s2_trace-610042_b8_k8_isolated,isolated,ours,8,4,act_ms,0.032864,recorder
20260827-022806_perlmutter_5bc126dd,ours_l01_s2_trace-610042_b8_k8_isolated,isolated,ours,8,5,act_ms,0.03568,recorder
20260827-022806_perlmutter_5bc126dd,ours_l01_s2_trace-610042_b8_k8_isolated,isolated,ours,8,6,act_ms,0.032736,recorder
20260827-022806_perlmutter_5bc126dd,ours_l01_s2_trace-610042_b8_k8_isolated,isolated,ours,8,7,act_ms,0.034592,recorder
20260827-022806_perlmutter_5bc126dd,ours_l01_s2_trace-610042_b8_k8_isolated,isolated,ours,8,8,act_ms,0.032864,recorder
20260827-022806_perlmutter_5bc126dd,ours_l01_s2_trace-610042_b8_k8_isolated,isolated,ours,8,9,act_ms,0.03616,recorder
20260827-022806_perlmutter_5bc126dd,ours_l01_s2_trace-610042_b8_k8_isolated,isolated,ours,8,0,l1_ms,4.534528,recorder
20260827-022806_perlmutter_5bc126dd,ours_l01_s2_trace-610042_b8_k8_isolated,isolated,ours,8,1,l1_ms,4.527104,recorder
20260827-022806_perlmutter_5bc126dd,ours_l01_s2_trace-610042_b8_k8_isolated,isolated,ours,8,2,l1_ms,4.462144,recorder
20260827-022806_perlmutter_5bc126dd,ours_l01_s2_trace-610042_b8_k8_isolated,isolated,ours,8,3,l1_ms,5.053984,recorder
20260827-022806_perlmutter_5bc126dd,ours_l01_s2_trace-610042_b8_k8_isolated,isolated,ours,8,4,l1_ms,4.469184,recorder
20260827-022806_perlmutter_5bc126dd,ours_l01_s2_trace-610042_b8_k8_isolated,isolated,ours,8,5,l1_ms,4.511968,recorder
20260827-022806_perlmutter_5bc126dd,ours_l01_s2_trace-610042_b8_k8_isolated,isolated,ours,8,6,l1_ms,4.76464,recorder
20260827-022806_perlmutter_5bc126dd,ours_l01_s2_trace-610042_b8_k8_isolated,isolated,ours,8,7,l1_ms,4.474976,recorder
20260827-022806_perlmutter_5bc126dd,ours_l01_s2_trace-610042_b8_k8_isolated,isolated,ours,8,8,l1_ms,4.597024,recorder
20260827-022806_perlmutter_5bc126dd,ours_l01_s2_trace-610042_b8_k8_isolated,isolated,ours,8,9,l1_ms,4.546624,recorder
20260827-022806_perlmutter_5bc126dd,ours_l01_s2_trace-610042_b8_k8_isolated,isolated,ours,8,0,plan_comm_ms,0.323008,recorder
20260827-022806_perlmutter_5bc126dd,ours_l01_s2_trace-610042_b8_k8_isolated,isolated,ours,8,1,plan_comm_ms,0.213824,recorder
20260827-022806_perlmutter_5bc126dd,ours_l01_s2_trace-610042_b8_k8_isolated,isolated,ours,8,2,plan_comm_ms,0.22992,recorder
20260827-022806_perlmutter_5bc126dd,ours_l01_s2_trace-610042_b8_k8_isolated,isolated,ours,8,3,plan_comm_ms,0.210464,recorder
20260827-022806_perlmutter_5bc126dd,ours_l01_s2_trace-610042_b8_k8_isolated,isolated,ours,8,4,plan_comm_ms,0.187872,recorder
20260827-022806_perlmutter_5bc126dd,ours_l01_s2_trace-610042_b8_k8_isolated,isolated,ours,8,5,plan_comm_ms,0.210304,recorder
20260827-022806_perlmutter_5bc126dd,ours_l01_s2_trace-610042_b8_k8_isolated,isolated,ours,8,6,plan_comm_ms,0.209984,recorder
20260827-022806_perlmutter_5bc126dd,ours_l01_s2_trace-610042_b8_k8_isolated,isolated,ours,8,7,plan_comm_ms,0.20944,recorder
20260827-022806_perlmutter_5bc126dd,ours_l01_s2_trace-610042_b8_k8_isolated,isolated,ours,8,8,plan_comm_ms,0.21264,recorder
20260827-022806_perlmutter_5bc126dd,ours_l01_s2_trace-610042_b8_k8_isolated,isolated,ours,8,9,plan_comm_ms,0.203328,recorder
20260827-022806_perlmutter_5bc126dd,ours_l01_s2_trace-610042_b8_k8_isolated,isolated,ours,8,0,place_ms,3.275072,recorder
20260827-022806_perlmutter_5bc126dd,ours_l01_s2_trace-610042_b8_k8_isolated,isolated,ours,8,1,place_ms,3.370752,recorder
20260827-022806_perlmutter_5bc126dd,ours_l01_s2_trace-610042_b8_k8_isolated,isolated,ours,8,2,place_ms,3.387168,recorder
20260827-022806_perlmutter_5bc126dd,ours_l01_s2_trace-610042_b8_k8_isolated,isolated,ours,8,3,place_ms,3.394912,recorder
20260827-022806_perlmutter_5bc126dd,ours_l01_s2_trace-610042_b8_k8_isolated,isolated,ours,8,4,place_ms,3.4064,recorder
20260827-022806_perlmutter_5bc126dd,ours_l01_s2_trace-610042_b8_k8_isolated,isolated,ours,8,5,place_ms,3.396416,recorder
20260827-022806_perlmutter_5bc126dd,ours_l01_s2_trace-610042_b8_k8_isolated,isolated,ours,8,6,place_ms,3.3856,recorder
20260827-022806_perlmutter_5bc126dd,ours_l01_s2_trace-610042_b8_k8_isolated,isolated,ours,8,7,place_ms,3.421888,recorder
20260827-022806_perlmutter_5bc126dd,ours_l01_s2_trace-610042_b8_k8_isolated,isolated,ours,8,8,place_ms,3.387232,recorder
20260827-022806_perlmutter_5bc126dd,ours_l01_s2_trace-610042_b8_k8_isolated,isolated,ours,8,9,place_ms,3.383616,recorder
20260827-022806_perlmutter_5bc126dd,ours_l01_s2_trace-610042_b8_k8_isolated,isolated,ours,8,0,plan_ms,1.863136,recorder
20260827-022806_perlmutter_5bc126dd,ours_l01_s2_trace-610042_b8_k8_isolated,isolated,ours,8,1,plan_ms,1.71312,recorder
20260827-022806_perlmutter_5bc126dd,ours_l01_s2_trace-610042_b8_k8_isolated,isolated,ours,8,2,plan_ms,1.49248,recorder
20260827-022806_perlmutter_5bc126dd,ours_l01_s2_trace-610042_b8_k8_isolated,isolated,ours,8,3,plan_ms,1.590528,recorder
20260827-022806_perlmutter_5bc126dd,ours_l01_s2_trace-610042_b8_k8_isolated,isolated,ours,8,4,plan_ms,1.510592,recorder
20260827-022806_perlmutter_5bc126dd,ours_l01_s2_trace-610042_b8_k8_isolated,isolated,ours,8,5,plan_ms,1.463584,recorder
20260827-022806_perlmutter_5bc126dd,ours_l01_s2_trace-610042_b8_k8_isolated,isolated,ours,8,6,plan_ms,1.486336,recorder
20260827-022806_perlmutter_5bc126dd,ours_l01_s2_trace-610042_b8_k8_isolated,isolated,ours,8,7,plan_ms,1.687392,recorder
20260827-022806_perlmutter_5bc126dd,ours_l01_s2_trace-610042_b8_k8_isolated,isolated,ours,8,8,plan_ms,1.443744,recorder
20260827-022806_perlmutter_5bc126dd,ours_l01_s2_trace-610042_b8_k8_isolated,isolated,ours,8,9,plan_ms,1.46256,recorder
20260827-022806_perlmutter_5bc126dd,ours_l01_s2_trace-610042_b8_k8_isolated,isolated,ours,8,0,total_ms,13.81952,recorder
20260827-022806_perlmutter_5bc126dd,ours_l01_s2_trace-610042_b8_k8_isolated,isolated,ours,8,1,total_ms,13.464608,recorder
20260827-022806_perlmutter_5bc126dd,ours_l01_s2_trace-610042_b8_k8_isolated,isolated,ours,8,2,total_ms,14.489728,recorder
20260827-022806_perlmutter_5bc126dd,ours_l01_s2_trace-610042_b8_k8_isolated,isolated,ours,8,3,total_ms,14.041952,recorder
20260827-022806_perlmutter_5bc126dd,ours_l01_s2_trace-610042_b8_k8_isolated,isolated,ours,8,4,total_ms,13.350528,recorder
20260827-022806_perlmutter_5bc126dd,ours_l01_s2_trace-610042_b8_k8_isolated,isolated,ours,8,5,total_ms,13.437312,recorder
20260827-022806_perlmutter_5bc126dd,ours_l01_s2_trace-610042_b8_k8_isolated,isolated,ours,8,6,total_ms,13.712,recorder
20260827-022806_perlmutter_5bc126dd,ours_l01_s2_trace-610042_b8_k8_isolated,isolated,ours,8,7,total_ms,13.688544,recorder
20260827-022806_perlmutter_5bc126dd,ours_l01_s2_trace-610042_b8_k8_isolated,isolated,ours,8,8,total_ms,13.463872,recorder
20260827-022806_perlmutter_5bc126dd,ours_l01_s2_trace-610042_b8_k8_isolated,isolated,ours,8,9,total_ms,13.599328,recorder
20260827-022806_perlmutter_5bc126dd,ours_l01_s2_trace-610042_b8_k8_isolated,isolated,ours,8,0,iso_sync_ms,7.78913,recorder
20260827-022806_perlmutter_5bc126dd,ours_l01_s2_trace-610042_b8_k8_isolated,isolated,ours,8,1,iso_sync_ms,7.915695,recorder
20260827-022806_perlmutter_5bc126dd,ours_l01_s2_trace-610042_b8_k8_isolated,isolated,ours,8,2,iso_sync_ms,7.44849,recorder
20260827-022806_perlmutter_5bc126dd,ours_l01_s2_trace-610042_b8_k8_isolated,isolated,ours,8,3,iso_sync_ms,8.635281,recorder
20260827-022806_perlmutter_5bc126dd,ours_l01_s2_trace-610042_b8_k8_isolated,isolated,ours,8,4,iso_sync_ms,8.164007,recorder
20260827-022806_perlmutter_5bc126dd,ours_l01_s2_trace-610042_b8_k8_isolated,isolated,ours,8,5,iso_sync_ms,7.524749,recorder
20260827-022806_perlmutter_5bc126dd,ours_l01_s2_trace-610042_b8_k8_isolated,isolated,ours,8,6,iso_sync_ms,7.751097,recorder
20260827-022806_perlmutter_5bc126dd,ours_l01_s2_trace-610042_b8_k8_isolated,isolated,ours,8,7,iso_sync_ms,7.91249,recorder
20260827-022806_perlmutter_5bc126dd,ours_l01_s2_trace-610042_b8_k8_isolated,isolated,ours,8,8,iso_sync_ms,7.95431,recorder
20260827-022806_perlmutter_5bc126dd,ours_l01_s2_trace-610042_b8_k8_isolated,isolated,ours,8,9,iso_sync_ms,7.689327,recorder
20260827-022806_perlmutter_5bc126dd,ours_l01_s2_trace-610042_b8_k8_isolated,isolated,ours,9,0,e2e_ms,8.329472,recorder
20260827-022806_perlmutter_5bc126dd,ours_l01_s2_trace-610042_b8_k8_isolated,isolated,ours,9,1,e2e_ms,8.130752,recorder
20260827-022806_perlmutter_5bc126dd,ours_l01_s2_trace-610042_b8_k8_isolated,isolated,ours,9,2,e2e_ms,9.368096,recorder
20260827-022806_perlmutter_5bc126dd,ours_l01_s2_trace-610042_b8_k8_isolated,isolated,ours,9,3,e2e_ms,8.823456,recorder
20260827-022806_perlmutter_5bc126dd,ours_l01_s2_trace-610042_b8_k8_isolated,isolated,ours,9,4,e2e_ms,8.23104,recorder
20260827-022806_perlmutter_5bc126dd,ours_l01_s2_trace-610042_b8_k8_isolated,isolated,ours,9,5,e2e_ms,8.372608,recorder
20260827-022806_perlmutter_5bc126dd,ours_l01_s2_trace-610042_b8_k8_isolated,isolated,ours,9,6,e2e_ms,8.616032,recorder
20260827-022806_perlmutter_5bc126dd,ours_l01_s2_trace-610042_b8_k8_isolated,isolated,ours,9,7,e2e_ms,8.34752,recorder
20260827-022806_perlmutter_5bc126dd,ours_l01_s2_trace-610042_b8_k8_isolated,isolated,ours,9,8,e2e_ms,8.388224,recorder
20260827-022806_perlmutter_5bc126dd,ours_l01_s2_trace-610042_b8_k8_isolated,isolated,ours,9,9,e2e_ms,8.535136,recorder
20260827-022806_perlmutter_5bc126dd,ours_l01_s2_trace-610042_b8_k8_isolated,isolated,ours,9,0,l0_ms,3.769792,recorder
20260827-022806_perlmutter_5bc126dd,ours_l01_s2_trace-610042_b8_k8_isolated,isolated,ours,9,1,l0_ms,3.586272,recorder
20260827-022806_perlmutter_5bc126dd,ours_l01_s2_trace-610042_b8_k8_isolated,isolated,ours,9,2,l0_ms,4.874272,recorder
20260827-022806_perlmutter_5bc126dd,ours_l01_s2_trace-610042_b8_k8_isolated,isolated,ours,9,3,l0_ms,3.61024,recorder
20260827-022806_perlmutter_5bc126dd,ours_l01_s2_trace-610042_b8_k8_isolated,isolated,ours,9,4,l0_ms,3.739392,recorder
20260827-022806_perlmutter_5bc126dd,ours_l01_s2_trace-610042_b8_k8_isolated,isolated,ours,9,5,l0_ms,3.806784,recorder
20260827-022806_perlmutter_5bc126dd,ours_l01_s2_trace-610042_b8_k8_isolated,isolated,ours,9,6,l0_ms,3.82384,recorder
20260827-022806_perlmutter_5bc126dd,ours_l01_s2_trace-610042_b8_k8_isolated,isolated,ours,9,7,l0_ms,3.836544,recorder
20260827-022806_perlmutter_5bc126dd,ours_l01_s2_trace-610042_b8_k8_isolated,isolated,ours,9,8,l0_ms,3.747008,recorder
20260827-022806_perlmutter_5bc126dd,ours_l01_s2_trace-610042_b8_k8_isolated,isolated,ours,9,9,l0_ms,3.953888,recorder
20260827-022806_perlmutter_5bc126dd,ours_l01_s2_trace-610042_b8_k8_isolated,isolated,ours,9,0,act_ms,0.031008,recorder
20260827-022806_perlmutter_5bc126dd,ours_l01_s2_trace-610042_b8_k8_isolated,isolated,ours,9,1,act_ms,0.033888,recorder
20260827-022806_perlmutter_5bc126dd,ours_l01_s2_trace-610042_b8_k8_isolated,isolated,ours,9,2,act_ms,0.032384,recorder
20260827-022806_perlmutter_5bc126dd,ours_l01_s2_trace-610042_b8_k8_isolated,isolated,ours,9,3,act_ms,0.0336,recorder
20260827-022806_perlmutter_5bc126dd,ours_l01_s2_trace-610042_b8_k8_isolated,isolated,ours,9,4,act_ms,0.032,recorder
20260827-022806_perlmutter_5bc126dd,ours_l01_s2_trace-610042_b8_k8_isolated,isolated,ours,9,5,act_ms,0.033248,recorder
20260827-022806_perlmutter_5bc126dd,ours_l01_s2_trace-610042_b8_k8_isolated,isolated,ours,9,6,act_ms,0.031904,recorder
20260827-022806_perlmutter_5bc126dd,ours_l01_s2_trace-610042_b8_k8_isolated,isolated,ours,9,7,act_ms,0.032352,recorder
20260827-022806_perlmutter_5bc126dd,ours_l01_s2_trace-610042_b8_k8_isolated,isolated,ours,9,8,act_ms,0.032512,recorder
20260827-022806_perlmutter_5bc126dd,ours_l01_s2_trace-610042_b8_k8_isolated,isolated,ours,9,9,act_ms,0.033248,recorder
20260827-022806_perlmutter_5bc126dd,ours_l01_s2_trace-610042_b8_k8_isolated,isolated,ours,9,0,l1_ms,4.528672,recorder
20260827-022806_perlmutter_5bc126dd,ours_l01_s2_trace-610042_b8_k8_isolated,isolated,ours,9,1,l1_ms,4.510592,recorder
20260827-022806_perlmutter_5bc126dd,ours_l01_s2_trace-610042_b8_k8_isolated,isolated,ours,9,2,l1_ms,4.46144,recorder
20260827-022806_perlmutter_5bc126dd,ours_l01_s2_trace-610042_b8_k8_isolated,isolated,ours,9,3,l1_ms,5.179616,recorder
20260827-022806_perlmutter_5bc126dd,ours_l01_s2_trace-610042_b8_k8_isolated,isolated,ours,9,4,l1_ms,4.459648,recorder
20260827-022806_perlmutter_5bc126dd,ours_l01_s2_trace-610042_b8_k8_isolated,isolated,ours,9,5,l1_ms,4.532576,recorder
20260827-022806_perlmutter_5bc126dd,ours_l01_s2_trace-610042_b8_k8_isolated,isolated,ours,9,6,l1_ms,4.760288,recorder
20260827-022806_perlmutter_5bc126dd,ours_l01_s2_trace-610042_b8_k8_isolated,isolated,ours,9,7,l1_ms,4.478624,recorder
20260827-022806_perlmutter_5bc126dd,ours_l01_s2_trace-610042_b8_k8_isolated,isolated,ours,9,8,l1_ms,4.608704,recorder
20260827-022806_perlmutter_5bc126dd,ours_l01_s2_trace-610042_b8_k8_isolated,isolated,ours,9,9,l1_ms,4.548,recorder
20260827-022806_perlmutter_5bc126dd,ours_l01_s2_trace-610042_b8_k8_isolated,isolated,ours,9,0,plan_comm_ms,0.321632,recorder
20260827-022806_perlmutter_5bc126dd,ours_l01_s2_trace-610042_b8_k8_isolated,isolated,ours,9,1,plan_comm_ms,0.20928,recorder
20260827-022806_perlmutter_5bc126dd,ours_l01_s2_trace-610042_b8_k8_isolated,isolated,ours,9,2,plan_comm_ms,0.225664,recorder
20260827-022806_perlmutter_5bc126dd,ours_l01_s2_trace-610042_b8_k8_isolated,isolated,ours,9,3,plan_comm_ms,0.207552,recorder
20260827-022806_perlmutter_5bc126dd,ours_l01_s2_trace-610042_b8_k8_isolated,isolated,ours,9,4,plan_comm_ms,0.186336,recorder
20260827-022806_perlmutter_5bc126dd,ours_l01_s2_trace-610042_b8_k8_isolated,isolated,ours,9,5,plan_comm_ms,0.21072,recorder
20260827-022806_perlmutter_5bc126dd,ours_l01_s2_trace-610042_b8_k8_isolated,isolated,ours,9,6,plan_comm_ms,0.20896,recorder
20260827-022806_perlmutter_5bc126dd,ours_l01_s2_trace-610042_b8_k8_isolated,isolated,ours,9,7,plan_comm_ms,0.210688,recorder
20260827-022806_perlmutter_5bc126dd,ours_l01_s2_trace-610042_b8_k8_isolated,isolated,ours,9,8,plan_comm_ms,0.21184,recorder
20260827-022806_perlmutter_5bc126dd,ours_l01_s2_trace-610042_b8_k8_isolated,isolated,ours,9,9,plan_comm_ms,0.210656,recorder
20260827-022806_perlmutter_5bc126dd,ours_l01_s2_trace-610042_b8_k8_isolated,isolated,ours,9,0,place_ms,3.295072,recorder
20260827-022806_perlmutter_5bc126dd,ours_l01_s2_trace-610042_b8_k8_isolated,isolated,ours,9,1,place_ms,3.396448,recorder
20260827-022806_perlmutter_5bc126dd,ours_l01_s2_trace-610042_b8_k8_isolated,isolated,ours,9,2,place_ms,3.402592,recorder
20260827-022806_perlmutter_5bc126dd,ours_l01_s2_trace-610042_b8_k8_isolated,isolated,ours,9,3,place_ms,3.373472,recorder
20260827-022806_perlmutter_5bc126dd,ours_l01_s2_trace-610042_b8_k8_isolated,isolated,ours,9,4,place_ms,3.395168,recorder
20260827-022806_perlmutter_5bc126dd,ours_l01_s2_trace-610042_b8_k8_isolated,isolated,ours,9,5,place_ms,3.352704,recorder
20260827-022806_perlmutter_5bc126dd,ours_l01_s2_trace-610042_b8_k8_isolated,isolated,ours,9,6,place_ms,3.384992,recorder
20260827-022806_perlmutter_5bc126dd,ours_l01_s2_trace-610042_b8_k8_isolated,isolated,ours,9,7,place_ms,3.373376,recorder
20260827-022806_perlmutter_5bc126dd,ours_l01_s2_trace-610042_b8_k8_isolated,isolated,ours,9,8,place_ms,3.344,recorder
20260827-022806_perlmutter_5bc126dd,ours_l01_s2_trace-610042_b8_k8_isolated,isolated,ours,9,9,place_ms,3.365248,recorder
20260827-022806_perlmutter_5bc126dd,ours_l01_s2_trace-610042_b8_k8_isolated,isolated,ours,9,0,plan_ms,1.858176,recorder
20260827-022806_perlmutter_5bc126dd,ours_l01_s2_trace-610042_b8_k8_isolated,isolated,ours,9,1,plan_ms,1.704384,recorder
20260827-022806_perlmutter_5bc126dd,ours_l01_s2_trace-610042_b8_k8_isolated,isolated,ours,9,2,plan_ms,1.482432,recorder
20260827-022806_perlmutter_5bc126dd,ours_l01_s2_trace-610042_b8_k8_isolated,isolated,ours,9,3,plan_ms,1.641472,recorder
20260827-022806_perlmutter_5bc126dd,ours_l01_s2_trace-610042_b8_k8_isolated,isolated,ours,9,4,plan_ms,1.523424,recorder
20260827-022806_perlmutter_5bc126dd,ours_l01_s2_trace-610042_b8_k8_isolated,isolated,ours,9,5,plan_ms,1.518592,recorder
20260827-022806_perlmutter_5bc126dd,ours_l01_s2_trace-610042_b8_k8_isolated,isolated,ours,9,6,plan_ms,1.490976,recorder
20260827-022806_perlmutter_5bc126dd,ours_l01_s2_trace-610042_b8_k8_isolated,isolated,ours,9,7,plan_ms,1.751712,recorder
20260827-022806_perlmutter_5bc126dd,ours_l01_s2_trace-610042_b8_k8_isolated,isolated,ours,9,8,plan_ms,1.505856,recorder
20260827-022806_perlmutter_5bc126dd,ours_l01_s2_trace-610042_b8_k8_isolated,isolated,ours,9,9,plan_ms,1.488448,recorder
20260827-022806_perlmutter_5bc126dd,ours_l01_s2_trace-610042_b8_k8_isolated,isolated,ours,9,0,total_ms,13.819008,recorder
20260827-022806_perlmutter_5bc126dd,ours_l01_s2_trace-610042_b8_k8_isolated,isolated,ours,9,1,total_ms,13.455296,recorder
20260827-022806_perlmutter_5bc126dd,ours_l01_s2_trace-610042_b8_k8_isolated,isolated,ours,9,2,total_ms,14.493152,recorder
20260827-022806_perlmutter_5bc126dd,ours_l01_s2_trace-610042_b8_k8_isolated,isolated,ours,9,3,total_ms,14.06112,recorder
20260827-022806_perlmutter_5bc126dd,ours_l01_s2_trace-610042_b8_k8_isolated,isolated,ours,9,4,total_ms,13.350688,recorder
20260827-022806_perlmutter_5bc126dd,ours_l01_s2_trace-610042_b8_k8_isolated,isolated,ours,9,5,total_ms,13.468832,recorder
20260827-022806_perlmutter_5bc126dd,ours_l01_s2_trace-610042_b8_k8_isolated,isolated,ours,9,6,total_ms,13.715872,recorder
20260827-022806_perlmutter_5bc126dd,ours_l01_s2_trace-610042_b8_k8_isolated,isolated,ours,9,7,total_ms,13.698272,recorder
20260827-022806_perlmutter_5bc126dd,ours_l01_s2_trace-610042_b8_k8_isolated,isolated,ours,9,8,total_ms,13.464064,recorder
20260827-022806_perlmutter_5bc126dd,ours_l01_s2_trace-610042_b8_k8_isolated,isolated,ours,9,9,total_ms,13.614528,recorder
20260827-022806_perlmutter_5bc126dd,ours_l01_s2_trace-610042_b8_k8_isolated,isolated,ours,9,0,iso_sync_ms,7.753912,recorder
20260827-022806_perlmutter_5bc126dd,ours_l01_s2_trace-610042_b8_k8_isolated,isolated,ours,9,1,iso_sync_ms,7.916448,recorder
20260827-022806_perlmutter_5bc126dd,ours_l01_s2_trace-610042_b8_k8_isolated,isolated,ours,9,2,iso_sync_ms,7.397932,recorder
20260827-022806_perlmutter_5bc126dd,ours_l01_s2_trace-610042_b8_k8_isolated,isolated,ours,9,3,iso_sync_ms,8.666511,recorder
20260827-022806_perlmutter_5bc126dd,ours_l01_s2_trace-610042_b8_k8_isolated,isolated,ours,9,4,iso_sync_ms,8.111445,recorder
20260827-022806_perlmutter_5bc126dd,ours_l01_s2_trace-610042_b8_k8_isolated,isolated,ours,9,5,iso_sync_ms,7.532233,recorder
20260827-022806_perlmutter_5bc126dd,ours_l01_s2_trace-610042_b8_k8_isolated,isolated,ours,9,6,iso_sync_ms,7.753391,recorder
20260827-022806_perlmutter_5bc126dd,ours_l01_s2_trace-610042_b8_k8_isolated,isolated,ours,9,7,iso_sync_ms,7.920315,recorder
20260827-022806_perlmutter_5bc126dd,ours_l01_s2_trace-610042_b8_k8_isolated,isolated,ours,9,8,iso_sync_ms,7.915104,recorder
20260827-022806_perlmutter_5bc126dd,ours_l01_s2_trace-610042_b8_k8_isolated,isolated,ours,9,9,iso_sync_ms,7.693115,recorder
20260827-022806_perlmutter_5bc126dd,ours_l01_s2_trace-610042_b8_k8_isolated,isolated,ours,10,0,e2e_ms,8.341184,recorder
20260827-022806_perlmutter_5bc126dd,ours_l01_s2_trace-610042_b8_k8_isolated,isolated,ours,10,1,e2e_ms,8.149024,recorder
20260827-022806_perlmutter_5bc126dd,ours_l01_s2_trace-610042_b8_k8_isolated,isolated,ours,10,2,e2e_ms,9.3624,recorder
20260827-022806_perlmutter_5bc126dd,ours_l01_s2_trace-610042_b8_k8_isolated,isolated,ours,10,3,e2e_ms,8.833984,recorder
20260827-022806_perlmutter_5bc126dd,ours_l01_s2_trace-610042_b8_k8_isolated,isolated,ours,10,4,e2e_ms,8.219968,recorder
20260827-022806_perlmutter_5bc126dd,ours_l01_s2_trace-610042_b8_k8_isolated,isolated,ours,10,5,e2e_ms,8.370176,recorder
20260827-022806_perlmutter_5bc126dd,ours_l01_s2_trace-610042_b8_k8_isolated,isolated,ours,10,6,e2e_ms,8.606112,recorder
20260827-022806_perlmutter_5bc126dd,ours_l01_s2_trace-610042_b8_k8_isolated,isolated,ours,10,7,e2e_ms,8.337056,recorder
20260827-022806_perlmutter_5bc126dd,ours_l01_s2_trace-610042_b8_k8_isolated,isolated,ours,10,8,e2e_ms,8.398464,recorder
20260827-022806_perlmutter_5bc126dd,ours_l01_s2_trace-610042_b8_k8_isolated,isolated,ours,10,9,e2e_ms,8.569568,recorder
20260827-022806_perlmutter_5bc126dd,ours_l01_s2_trace-610042_b8_k8_isolated,isolated,ours,10,0,l0_ms,3.771488,recorder
20260827-022806_perlmutter_5bc126dd,ours_l01_s2_trace-610042_b8_k8_isolated,isolated,ours,10,1,l0_ms,3.594976,recorder
20260827-022806_perlmutter_5bc126dd,ours_l01_s2_trace-610042_b8_k8_isolated,isolated,ours,10,2,l0_ms,4.868128,recorder
20260827-022806_perlmutter_5bc126dd,ours_l01_s2_trace-610042_b8_k8_isolated,isolated,ours,10,3,l0_ms,3.615904,recorder
20260827-022806_perlmutter_5bc126dd,ours_l01_s2_trace-610042_b8_k8_isolated,isolated,ours,10,4,l0_ms,3.720928,recorder
20260827-022806_perlmutter_5bc126dd,ours_l01_s2_trace-610042_b8_k8_isolated,isolated,ours,10,5,l0_ms,3.809056,recorder
20260827-022806_perlmutter_5bc126dd,ours_l01_s2_trace-610042_b8_k8_isolated,isolated,ours,10,6,l0_ms,3.826848,recorder
20260827-022806_perlmutter_5bc126dd,ours_l01_s2_trace-610042_b8_k8_isolated,isolated,ours,10,7,l0_ms,3.848576,recorder
20260827-022806_perlmutter_5bc126dd,ours_l01_s2_trace-610042_b8_k8_isolated,isolated,ours,10,8,l0_ms,3.760064,recorder
20260827-022806_perlmutter_5bc126dd,ours_l01_s2_trace-610042_b8_k8_isolated,isolated,ours,10,9,l0_ms,3.962784,recorder
20260827-022806_perlmutter_5bc126dd,ours_l01_s2_trace-610042_b8_k8_isolated,isolated,ours,10,0,act_ms,0.03552,recorder
20260827-022806_perlmutter_5bc126dd,ours_l01_s2_trace-610042_b8_k8_isolated,isolated,ours,10,1,act_ms,0.03232,recorder
20260827-022806_perlmutter_5bc126dd,ours_l01_s2_trace-610042_b8_k8_isolated,isolated,ours,10,2,act_ms,0.03472,recorder
20260827-022806_perlmutter_5bc126dd,ours_l01_s2_trace-610042_b8_k8_isolated,isolated,ours,10,3,act_ms,0.032,recorder
20260827-022806_perlmutter_5bc126dd,ours_l01_s2_trace-610042_b8_k8_isolated,isolated,ours,10,4,act_ms,0.035392,recorder
20260827-022806_perlmutter_5bc126dd,ours_l01_s2_trace-610042_b8_k8_isolated,isolated,ours,10,5,act_ms,0.033376,recorder
20260827-022806_perlmutter_5bc126dd,ours_l01_s2_trace-610042_b8_k8_isolated,isolated,ours,10,6,act_ms,0.035424,recorder
20260827-022806_perlmutter_5bc126dd,ours_l01_s2_trace-610042_b8_k8_isolated,isolated,ours,10,7,act_ms,0.033632,recorder
20260827-022806_perlmutter_5bc126dd,ours_l01_s2_trace-610042_b8_k8_isolated,isolated,ours,10,8,act_ms,0.031232,recorder
20260827-022806_perlmutter_5bc126dd,ours_l01_s2_trace-610042_b8_k8_isolated,isolated,ours,10,9,act_ms,0.033472,recorder
20260827-022806_perlmutter_5bc126dd,ours_l01_s2_trace-610042_b8_k8_isolated,isolated,ours,10,0,l1_ms,4.534176,recorder
20260827-022806_perlmutter_5bc126dd,ours_l01_s2_trace-610042_b8_k8_isolated,isolated,ours,10,1,l1_ms,4.521728,recorder
20260827-022806_perlmutter_5bc126dd,ours_l01_s2_trace-610042_b8_k8_isolated,isolated,ours,10,2,l1_ms,4.459552,recorder
20260827-022806_perlmutter_5bc126dd,ours_l01_s2_trace-610042_b8_k8_isolated,isolated,ours,10,3,l1_ms,5.18608,recorder
20260827-022806_perlmutter_5bc126dd,ours_l01_s2_trace-610042_b8_k8_isolated,isolated,ours,10,4,l1_ms,4.463648,recorder
20260827-022806_perlmutter_5bc126dd,ours_l01_s2_trace-610042_b8_k8_isolated,isolated,ours,10,5,l1_ms,4.527744,recorder
20260827-022806_perlmutter_5bc126dd,ours_l01_s2_trace-610042_b8_k8_isolated,isolated,ours,10,6,l1_ms,4.74384,recorder
20260827-022806_perlmutter_5bc126dd,ours_l01_s2_trace-610042_b8_k8_isolated,isolated,ours,10,7,l1_ms,4.454848,recorder
20260827-022806_perlmutter_5bc126dd,ours_l01_s2_trace-610042_b8_k8_isolated,isolated,ours,10,8,l1_ms,4.607168,recorder
20260827-022806_perlmutter_5bc126dd,ours_l01_s2_trace-610042_b8_k8_isolated,isolated,ours,10,9,l1_ms,4.573312,recorder
20260827-022806_perlmutter_5bc126dd,ours_l01_s2_trace-610042_b8_k8_isolated,isolated,ours,10,0,plan_comm_ms,0.319232,recorder
20260827-022806_perlmutter_5bc126dd,ours_l01_s2_trace-610042_b8_k8_isolated,isolated,ours,10,1,plan_comm_ms,0.208704,recorder
20260827-022806_perlmutter_5bc126dd,ours_l01_s2_trace-610042_b8_k8_isolated,isolated,ours,10,2,plan_comm_ms,0.225664,recorder
20260827-022806_perlmutter_5bc126dd,ours_l01_s2_trace-610042_b8_k8_isolated,isolated,ours,10,3,plan_comm_ms,0.207264,recorder
20260827-022806_perlmutter_5bc126dd,ours_l01_s2_trace-610042_b8_k8_isolated,isolated,ours,10,4,plan_comm_ms,0.185824,recorder
20260827-022806_perlmutter_5bc126dd,ours_l01_s2_trace-610042_b8_k8_isolated,isolated,ours,10,5,plan_comm_ms,0.20864,recorder
20260827-022806_perlmutter_5bc126dd,ours_l01_s2_trace-610042_b8_k8_isolated,isolated,ours,10,6,plan_comm_ms,0.208864,recorder
20260827-022806_perlmutter_5bc126dd,ours_l01_s2_trace-610042_b8_k8_isolated,isolated,ours,10,7,plan_comm_ms,0.2064,recorder
20260827-022806_perlmutter_5bc126dd,ours_l01_s2_trace-610042_b8_k8_isolated,isolated,ours,10,8,plan_comm_ms,0.209952,recorder
20260827-022806_perlmutter_5bc126dd,ours_l01_s2_trace-610042_b8_k8_isolated,isolated,ours,10,9,plan_comm_ms,0.211552,recorder
20260827-022806_perlmutter_5bc126dd,ours_l01_s2_trace-610042_b8_k8_isolated,isolated,ours,10,0,place_ms,3.262752,recorder
20260827-022806_perlmutter_5bc126dd,ours_l01_s2_trace-610042_b8_k8_isolated,isolated,ours,10,1,place_ms,3.360864,recorder
20260827-022806_perlmutter_5bc126dd,ours_l01_s2_trace-610042_b8_k8_isolated,isolated,ours,10,2,place_ms,3.360448,recorder
20260827-022806_perlmutter_5bc126dd,ours_l01_s2_trace-610042_b8_k8_isolated,isolated,ours,10,3,place_ms,3.375104,recorder
20260827-022806_perlmutter_5bc126dd,ours_l01_s2_trace-610042_b8_k8_isolated,isolated,ours,10,4,place_ms,3.373056,recorder
20260827-022806_perlmutter_5bc126dd,ours_l01_s2_trace-610042_b8_k8_isolated,isolated,ours,10,5,place_ms,3.35264,recorder
20260827-022806_perlmutter_5bc126dd,ours_l01_s2_trace-610042_b8_k8_isolated,isolated,ours,10,6,place_ms,3.365984,recorder
20260827-022806_perlmutter_5bc126dd,ours_l01_s2_trace-610042_b8_k8_isolated,isolated,ours,10,7,place_ms,3.335328,recorder
20260827-022806_perlmutter_5bc126dd,ours_l01_s2_trace-610042_b8_k8_isolated,isolated,ours,10,8,place_ms,3.36384,recorder
20260827-022806_perlmutter_5bc126dd,ours_l01_s2_trace-610042_b8_k8_isolated,isolated,ours,10,9,place_ms,3.348864,recorder
20260827-022806_perlmutter_5bc126dd,ours_l01_s2_trace-610042_b8_k8_isolated,isolated,ours,10,0,plan_ms,1.888704,recorder
20260827-022806_perlmutter_5bc126dd,ours_l01_s2_trace-610042_b8_k8_isolated,isolated,ours,10,1,plan_ms,1.732288,recorder
20260827-022806_perlmutter_5bc126dd,ours_l01_s2_trace-610042_b8_k8_isolated,isolated,ours,10,2,plan_ms,1.53456,recorder
20260827-022806_perlmutter_5bc126dd,ours_l01_s2_trace-610042_b8_k8_isolated,isolated,ours,10,3,plan_ms,1.637344,recorder
20260827-022806_perlmutter_5bc126dd,ours_l01_s2_trace-610042_b8_k8_isolated,isolated,ours,10,4,plan_ms,1.563904,recorder
20260827-022806_perlmutter_5bc126dd,ours_l01_s2_trace-610042_b8_k8_isolated,isolated,ours,10,5,plan_ms,1.527168,recorder
20260827-022806_perlmutter_5bc126dd,ours_l01_s2_trace-610042_b8_k8_isolated,isolated,ours,10,6,plan_ms,1.52448,recorder
20260827-022806_perlmutter_5bc126dd,ours_l01_s2_trace-610042_b8_k8_isolated,isolated,ours,10,7,plan_ms,1.800992,recorder
20260827-022806_perlmutter_5bc126dd,ours_l01_s2_trace-610042_b8_k8_isolated,isolated,ours,10,8,plan_ms,1.481248,recorder
20260827-022806_perlmutter_5bc126dd,ours_l01_s2_trace-610042_b8_k8_isolated,isolated,ours,10,9,plan_ms,1.498176,recorder
20260827-022806_perlmutter_5bc126dd,ours_l01_s2_trace-610042_b8_k8_isolated,isolated,ours,10,0,total_ms,13.826432,recorder
20260827-022806_perlmutter_5bc126dd,ours_l01_s2_trace-610042_b8_k8_isolated,isolated,ours,10,1,total_ms,13.4648,recorder
20260827-022806_perlmutter_5bc126dd,ours_l01_s2_trace-610042_b8_k8_isolated,isolated,ours,10,2,total_ms,14.497152,recorder
20260827-022806_perlmutter_5bc126dd,ours_l01_s2_trace-610042_b8_k8_isolated,isolated,ours,10,3,total_ms,14.067712,recorder
20260827-022806_perlmutter_5bc126dd,ours_l01_s2_trace-610042_b8_k8_isolated,isolated,ours,10,4,total_ms,13.35648,recorder
20260827-022806_perlmutter_5bc126dd,ours_l01_s2_trace-610042_b8_k8_isolated,isolated,ours,10,5,total_ms,13.472544,recorder
20260827-022806_perlmutter_5bc126dd,ours_l01_s2_trace-610042_b8_k8_isolated,isolated,ours,10,6,total_ms,13.719424,recorder
20260827-022806_perlmutter_5bc126dd,ours_l01_s2_trace-610042_b8_k8_isolated,isolated,ours,10,7,total_ms,13.693472,recorder
20260827-022806_perlmutter_5bc126dd,ours_l01_s2_trace-610042_b8_k8_isolated,isolated,ours,10,8,total_ms,13.467648,recorder
20260827-022806_perlmutter_5bc126dd,ours_l01_s2_trace-610042_b8_k8_isolated,isolated,ours,10,9,total_ms,13.641824,recorder
20260827-022806_perlmutter_5bc126dd,ours_l01_s2_trace-610042_b8_k8_isolated,isolated,ours,10,0,iso_sync_ms,7.726629,recorder
20260827-022806_perlmutter_5bc126dd,ours_l01_s2_trace-610042_b8_k8_isolated,isolated,ours,10,1,iso_sync_ms,7.938139,recorder
20260827-022806_perlmutter_5bc126dd,ours_l01_s2_trace-610042_b8_k8_isolated,isolated,ours,10,2,iso_sync_ms,7.446427,recorder
20260827-022806_perlmutter_5bc126dd,ours_l01_s2_trace-610042_b8_k8_isolated,isolated,ours,10,3,iso_sync_ms,8.639908,recorder
20260827-022806_perlmutter_5bc126dd,ours_l01_s2_trace-610042_b8_k8_isolated,isolated,ours,10,4,iso_sync_ms,8.137716,recorder
20260827-022806_perlmutter_5bc126dd,ours_l01_s2_trace-610042_b8_k8_isolated,isolated,ours,10,5,iso_sync_ms,7.529367,recorder
20260827-022806_perlmutter_5bc126dd,ours_l01_s2_trace-610042_b8_k8_isolated,isolated,ours,10,6,iso_sync_ms,7.712682,recorder
20260827-022806_perlmutter_5bc126dd,ours_l01_s2_trace-610042_b8_k8_isolated,isolated,ours,10,7,iso_sync_ms,7.898923,recorder
20260827-022806_perlmutter_5bc126dd,ours_l01_s2_trace-610042_b8_k8_isolated,isolated,ours,10,8,iso_sync_ms,7.946826,recorder
20260827-022806_perlmutter_5bc126dd,ours_l01_s2_trace-610042_b8_k8_isolated,isolated,ours,10,9,iso_sync_ms,7.655582,recorder
20260827-022806_perlmutter_5bc126dd,ours_l01_s2_trace-610042_b8_k8_isolated,isolated,ours,11,0,e2e_ms,8.256256,recorder
20260827-022806_perlmutter_5bc126dd,ours_l01_s2_trace-610042_b8_k8_isolated,isolated,ours,11,1,e2e_ms,8.168128,recorder
20260827-022806_perlmutter_5bc126dd,ours_l01_s2_trace-610042_b8_k8_isolated,isolated,ours,11,2,e2e_ms,9.342688,recorder
20260827-022806_perlmutter_5bc126dd,ours_l01_s2_trace-610042_b8_k8_isolated,isolated,ours,11,3,e2e_ms,8.829472,recorder
20260827-022806_perlmutter_5bc126dd,ours_l01_s2_trace-610042_b8_k8_isolated,isolated,ours,11,4,e2e_ms,8.208544,recorder
20260827-022806_perlmutter_5bc126dd,ours_l01_s2_trace-610042_b8_k8_isolated,isolated,ours,11,5,e2e_ms,8.383328,recorder
20260827-022806_perlmutter_5bc126dd,ours_l01_s2_trace-610042_b8_k8_isolated,isolated,ours,11,6,e2e_ms,8.598624,recorder
20260827-022806_perlmutter_5bc126dd,ours_l01_s2_trace-610042_b8_k8_isolated,isolated,ours,11,7,e2e_ms,8.339744,recorder
20260827-022806_perlmutter_5bc126dd,ours_l01_s2_trace-610042_b8_k8_isolated,isolated,ours,11,8,e2e_ms,8.294784,recorder
20260827-022806_perlmutter_5bc126dd,ours_l01_s2_trace-610042_b8_k8_isolated,isolated,ours,11,9,e2e_ms,8.56016,recorder
20260827-022806_perlmutter_5bc126dd,ours_l01_s2_trace-610042_b8_k8_isolated,isolated,ours,11,0,l0_ms,3.699616,recorder
20260827-022806_perlmutter_5bc126dd,ours_l01_s2_trace-610042_b8_k8_isolated,isolated,ours,11,1,l0_ms,3.621856,recorder
20260827-022806_perlmutter_5bc126dd,ours_l01_s2_trace-610042_b8_k8_isolated,isolated,ours,11,2,l0_ms,4.851008,recorder
20260827-022806_perlmutter_5bc126dd,ours_l01_s2_trace-610042_b8_k8_isolated,isolated,ours,11,3,l0_ms,3.635776,recorder
20260827-022806_perlmutter_5bc126dd,ours_l01_s2_trace-610042_b8_k8_isolated,isolated,ours,11,4,l0_ms,3.722208,recorder
20260827-022806_perlmutter_5bc126dd,ours_l01_s2_trace-610042_b8_k8_isolated,isolated,ours,11,5,l0_ms,3.791648,recorder
20260827-022806_perlmutter_5bc126dd,ours_l01_s2_trace-610042_b8_k8_isolated,isolated,ours,11,6,l0_ms,3.825152,recorder
20260827-022806_perlmutter_5bc126dd,ours_l01_s2_trace-610042_b8_k8_isolated,isolated,ours,11,7,l0_ms,3.84192,recorder
20260827-022806_perlmutter_5bc126dd,ours_l01_s2_trace-610042_b8_k8_isolated,isolated,ours,11,8,l0_ms,3.7384,recorder
20260827-022806_perlmutter_5bc126dd,ours_l01_s2_trace-610042_b8_k8_isolated,isolated,ours,11,9,l0_ms,3.953472,recorder
20260827-022806_perlmutter_5bc126dd,ours_l01_s2_trace-610042_b8_k8_isolated,isolated,ours,11,0,act_ms,0.031968,recorder
20260827-022806_perlmutter_5bc126dd,ours_l01_s2_trace-610042_b8_k8_isolated,isolated,ours,11,1,act_ms,0.031168,recorder
20260827-022806_perlmutter_5bc126dd,ours_l01_s2_trace-610042_b8_k8_isolated,isolated,ours,11,2,act_ms,0.03456,recorder
20260827-022806_perlmutter_5bc126dd,ours_l01_s2_trace-610042_b8_k8_isolated,isolated,ours,11,3,act_ms,0.030752,recorder
20260827-022806_perlmutter_5bc126dd,ours_l01_s2_trace-610042_b8_k8_isolated,isolated,ours,11,4,act_ms,0.031872,recorder
20260827-022806_perlmutter_5bc126dd,ours_l01_s2_trace-610042_b8_k8_isolated,isolated,ours,11,5,act_ms,0.031648,recorder
20260827-022806_perlmutter_5bc126dd,ours_l01_s2_trace-610042_b8_k8_isolated,isolated,ours,11,6,act_ms,0.031936,recorder
20260827-022806_perlmutter_5bc126dd,ours_l01_s2_trace-610042_b8_k8_isolated,isolated,ours,11,7,act_ms,0.032096,recorder
20260827-022806_perlmutter_5bc126dd,ours_l01_s2_trace-610042_b8_k8_isolated,isolated,ours,11,8,act_ms,0.031776,recorder
20260827-022806_perlmutter_5bc126dd,ours_l01_s2_trace-610042_b8_k8_isolated,isolated,ours,11,9,act_ms,0.030848,recorder
20260827-022806_perlmutter_5bc126dd,ours_l01_s2_trace-610042_b8_k8_isolated,isolated,ours,11,0,l1_ms,4.524672,recorder
20260827-022806_perlmutter_5bc126dd,ours_l01_s2_trace-610042_b8_k8_isolated,isolated,ours,11,1,l1_ms,4.515104,recorder
20260827-022806_perlmutter_5bc126dd,ours_l01_s2_trace-610042_b8_k8_isolated,isolated,ours,11,2,l1_ms,4.45712,recorder
20260827-022806_perlmutter_5bc126dd,ours_l01_s2_trace-610042_b8_k8_isolated,isolated,ours,11,3,l1_ms,5.162944,recorder
20260827-022806_perlmutter_5bc126dd,ours_l01_s2_trace-610042_b8_k8_isolated,isolated,ours,11,4,l1_ms,4.454464,recorder
20260827-022806_perlmutter_5bc126dd,ours_l01_s2_trace-610042_b8_k8_isolated,isolated,ours,11,5,l1_ms,4.560032,recorder
20260827-022806_perlmutter_5bc126dd,ours_l01_s2_trace-610042_b8_k8_isolated,isolated,ours,11,6,l1_ms,4.741536,recorder
20260827-022806_perlmutter_5bc126dd,ours_l01_s2_trace-610042_b8_k8_isolated,isolated,ours,11,7,l1_ms,4.465728,recorder
20260827-022806_perlmutter_5bc126dd,ours_l01_s2_trace-610042_b8_k8_isolated,isolated,ours,11,8,l1_ms,4.524608,recorder
20260827-022806_perlmutter_5bc126dd,ours_l01_s2_trace-610042_b8_k8_isolated,isolated,ours,11,9,l1_ms,4.57584,recorder
20260827-022806_perlmutter_5bc126dd,ours_l01_s2_trace-610042_b8_k8_isolated,isolated,ours,11,0,plan_comm_ms,0.24208,recorder
20260827-022806_perlmutter_5bc126dd,ours_l01_s2_trace-610042_b8_k8_isolated,isolated,ours,11,1,plan_comm_ms,0.201408,recorder
20260827-022806_perlmutter_5bc126dd,ours_l01_s2_trace-610042_b8_k8_isolated,isolated,ours,11,2,plan_comm_ms,0.214624,recorder
20260827-022806_perlmutter_5bc126dd,ours_l01_s2_trace-610042_b8_k8_isolated,isolated,ours,11,3,plan_comm_ms,0.196768,recorder
20260827-022806_perlmutter_5bc126dd,ours_l01_s2_trace-610042_b8_k8_isolated,isolated,ours,11,4,plan_comm_ms,0.176704,recorder
20260827-022806_perlmutter_5bc126dd,ours_l01_s2_trace-610042_b8_k8_isolated,isolated,ours,11,5,plan_comm_ms,0.198336,recorder
20260827-022806_perlmutter_5bc126dd,ours_l01_s2_trace-610042_b8_k8_isolated,isolated,ours,11,6,plan_comm_ms,0.200544,recorder
20260827-022806_perlmutter_5bc126dd,ours_l01_s2_trace-610042_b8_k8_isolated,isolated,ours,11,7,plan_comm_ms,0.201184,recorder
20260827-022806_perlmutter_5bc126dd,ours_l01_s2_trace-610042_b8_k8_isolated,isolated,ours,11,8,plan_comm_ms,0.203008,recorder
20260827-022806_perlmutter_5bc126dd,ours_l01_s2_trace-610042_b8_k8_isolated,isolated,ours,11,9,plan_comm_ms,0.204512,recorder
20260827-022806_perlmutter_5bc126dd,ours_l01_s2_trace-610042_b8_k8_isolated,isolated,ours,11,0,place_ms,3.699072,recorder
20260827-022806_perlmutter_5bc126dd,ours_l01_s2_trace-610042_b8_k8_isolated,isolated,ours,11,1,place_ms,3.378848,recorder
20260827-022806_perlmutter_5bc126dd,ours_l01_s2_trace-610042_b8_k8_isolated,isolated,ours,11,2,place_ms,3.420576,recorder
20260827-022806_perlmutter_5bc126dd,ours_l01_s2_trace-610042_b8_k8_isolated,isolated,ours,11,3,place_ms,3.451328,recorder
20260827-022806_perlmutter_5bc126dd,ours_l01_s2_trace-610042_b8_k8_isolated,isolated,ours,11,4,place_ms,3.443968,recorder
20260827-022806_perlmutter_5bc126dd,ours_l01_s2_trace-610042_b8_k8_isolated,isolated,ours,11,5,place_ms,3.409888,recorder
20260827-022806_perlmutter_5bc126dd,ours_l01_s2_trace-610042_b8_k8_isolated,isolated,ours,11,6,place_ms,3.399584,recorder
20260827-022806_perlmutter_5bc126dd,ours_l01_s2_trace-610042_b8_k8_isolated,isolated,ours,11,7,place_ms,3.387648,recorder
20260827-022806_perlmutter_5bc126dd,ours_l01_s2_trace-610042_b8_k8_isolated,isolated,ours,11,8,place_ms,3.409312,recorder
20260827-022806_perlmutter_5bc126dd,ours_l01_s2_trace-610042_b8_k8_isolated,isolated,ours,11,9,place_ms,3.383616,recorder
20260827-022806_perlmutter_5bc126dd,ours_l01_s2_trace-610042_b8_k8_isolated,isolated,ours,11,0,plan_ms,1.525888,recorder
20260827-022806_perlmutter_5bc126dd,ours_l01_s2_trace-610042_b8_k8_isolated,isolated,ours,11,1,plan_ms,1.700064,recorder
20260827-022806_perlmutter_5bc126dd,ours_l01_s2_trace-610042_b8_k8_isolated,isolated,ours,11,2,plan_ms,1.50112,recorder
20260827-022806_perlmutter_5bc126dd,ours_l01_s2_trace-610042_b8_k8_isolated,isolated,ours,11,3,plan_ms,1.571648,recorder
20260827-022806_perlmutter_5bc126dd,ours_l01_s2_trace-610042_b8_k8_isolated,isolated,ours,11,4,plan_ms,1.505312,recorder
20260827-022806_perlmutter_5bc126dd,ours_l01_s2_trace-610042_b8_k8_isolated,isolated,ours,11,5,plan_ms,1.493536,recorder
20260827-022806_perlmutter_5bc126dd,ours_l01_s2_trace-610042_b8_k8_isolated,isolated,ours,11,6,plan_ms,1.507136,recorder
20260827-022806_perlmutter_5bc126dd,ours_l01_s2_trace-610042_b8_k8_isolated,isolated,ours,11,7,plan_ms,1.763424,recorder
20260827-022806_perlmutter_5bc126dd,ours_l01_s2_trace-610042_b8_k8_isolated,isolated,ours,11,8,plan_ms,1.4648,recorder
20260827-022806_perlmutter_5bc126dd,ours_l01_s2_trace-610042_b8_k8_isolated,isolated,ours,11,9,plan_ms,1.484992,recorder
20260827-022806_perlmutter_5bc126dd,ours_l01_s2_trace-610042_b8_k8_isolated,isolated,ours,11,0,total_ms,13.741888,recorder
20260827-022806_perlmutter_5bc126dd,ours_l01_s2_trace-610042_b8_k8_isolated,isolated,ours,11,1,total_ms,13.462688,recorder
20260827-022806_perlmutter_5bc126dd,ours_l01_s2_trace-610042_b8_k8_isolated,isolated,ours,11,2,total_ms,14.49392,recorder
20260827-022806_perlmutter_5bc126dd,ours_l01_s2_trace-610042_b8_k8_isolated,isolated,ours,11,3,total_ms,14.06416,recorder
20260827-022806_perlmutter_5bc126dd,ours_l01_s2_trace-610042_b8_k8_isolated,isolated,ours,11,4,total_ms,13.349824,recorder
20260827-022806_perlmutter_5bc126dd,ours_l01_s2_trace-610042_b8_k8_isolated,isolated,ours,11,5,total_ms,13.5,recorder
20260827-022806_perlmutter_5bc126dd,ours_l01_s2_trace-610042_b8_k8_isolated,isolated,ours,11,6,total_ms,13.720128,recorder
20260827-022806_perlmutter_5bc126dd,ours_l01_s2_trace-610042_b8_k8_isolated,isolated,ours,11,7,total_ms,13.706592,recorder
20260827-022806_perlmutter_5bc126dd,ours_l01_s2_trace-610042_b8_k8_isolated,isolated,ours,11,8,total_ms,13.386496,recorder
20260827-022806_perlmutter_5bc126dd,ours_l01_s2_trace-610042_b8_k8_isolated,isolated,ours,11,9,total_ms,13.647648,recorder
20260827-022806_perlmutter_5bc126dd,ours_l01_s2_trace-610042_b8_k8_isolated,isolated,ours,11,0,iso_sync_ms,7.754914,recorder
20260827-022806_perlmutter_5bc126dd,ours_l01_s2_trace-610042_b8_k8_isolated,isolated,ours,11,1,iso_sync_ms,7.782348,recorder
20260827-022806_perlmutter_5bc126dd,ours_l01_s2_trace-610042_b8_k8_isolated,isolated,ours,11,2,iso_sync_ms,7.470583,recorder
20260827-022806_perlmutter_5bc126dd,ours_l01_s2_trace-610042_b8_k8_isolated,isolated,ours,11,3,iso_sync_ms,8.646822,recorder
20260827-022806_perlmutter_5bc126dd,ours_l01_s2_trace-610042_b8_k8_isolated,isolated,ours,11,4,iso_sync_ms,8.135953,recorder
20260827-022806_perlmutter_5bc126dd,ours_l01_s2_trace-610042_b8_k8_isolated,isolated,ours,11,5,iso_sync_ms,7.523386,recorder
20260827-022806_perlmutter_5bc126dd,ours_l01_s2_trace-610042_b8_k8_isolated,isolated,ours,11,6,iso_sync_ms,7.711801,recorder
20260827-022806_perlmutter_5bc126dd,ours_l01_s2_trace-610042_b8_k8_isolated,isolated,ours,11,7,iso_sync_ms,7.901247,recorder
20260827-022806_perlmutter_5bc126dd,ours_l01_s2_trace-610042_b8_k8_isolated,isolated,ours,11,8,iso_sync_ms,7.94383,recorder
20260827-022806_perlmutter_5bc126dd,ours_l01_s2_trace-610042_b8_k8_isolated,isolated,ours,11,9,iso_sync_ms,7.689278,recorder
20260827-022806_perlmutter_5bc126dd,ours_l01_s2_trace-610042_b8_k8_isolated,isolated,ours,12,0,e2e_ms,8.336768,recorder
20260827-022806_perlmutter_5bc126dd,ours_l01_s2_trace-610042_b8_k8_isolated,isolated,ours,12,1,e2e_ms,8.192096,recorder
20260827-022806_perlmutter_5bc126dd,ours_l01_s2_trace-610042_b8_k8_isolated,isolated,ours,12,2,e2e_ms,9.350592,recorder
20260827-022806_perlmutter_5bc126dd,ours_l01_s2_trace-610042_b8_k8_isolated,isolated,ours,12,3,e2e_ms,8.859808,recorder
20260827-022806_perlmutter_5bc126dd,ours_l01_s2_trace-610042_b8_k8_isolated,isolated,ours,12,4,e2e_ms,8.183616,recorder
20260827-022806_perlmutter_5bc126dd,ours_l01_s2_trace-610042_b8_k8_isolated,isolated,ours,12,5,e2e_ms,8.431488,recorder
20260827-022806_perlmutter_5bc126dd,ours_l01_s2_trace-610042_b8_k8_isolated,isolated,ours,12,6,e2e_ms,8.479072,recorder
20260827-022806_perlmutter_5bc126dd,ours_l01_s2_trace-610042_b8_k8_isolated,isolated,ours,12,7,e2e_ms,8.334592,recorder
20260827-022806_perlmutter_5bc126dd,ours_l01_s2_trace-610042_b8_k8_isolated,isolated,ours,12,8,e2e_ms,8.320256,recorder
20260827-022806_perlmutter_5bc126dd,ours_l01_s2_trace-610042_b8_k8_isolated,isolated,ours,12,9,e2e_ms,8.532032,recorder
20260827-022806_perlmutter_5bc126dd,ours_l01_s2_trace-610042_b8_k8_isolated,isolated,ours,12,0,l0_ms,3.766304,recorder
20260827-022806_perlmutter_5bc126dd,ours_l01_s2_trace-610042_b8_k8_isolated,isolated,ours,12,1,l0_ms,3.607424,recorder
20260827-022806_perlmutter_5bc126dd,ours_l01_s2_trace-610042_b8_k8_isolated,isolated,ours,12,2,l0_ms,4.868,recorder
20260827-022806_perlmutter_5bc126dd,ours_l01_s2_trace-610042_b8_k8_isolated,isolated,ours,12,3,l0_ms,3.664448,recorder
20260827-022806_perlmutter_5bc126dd,ours_l01_s2_trace-610042_b8_k8_isolated,isolated,ours,12,4,l0_ms,3.684736,recorder
20260827-022806_perlmutter_5bc126dd,ours_l01_s2_trace-610042_b8_k8_isolated,isolated,ours,12,5,l0_ms,3.846656,recorder
20260827-022806_perlmutter_5bc126dd,ours_l01_s2_trace-610042_b8_k8_isolated,isolated,ours,12,6,l0_ms,3.852,recorder
20260827-022806_perlmutter_5bc126dd,ours_l01_s2_trace-610042_b8_k8_isolated,isolated,ours,12,7,l0_ms,3.882592,recorder
20260827-022806_perlmutter_5bc126dd,ours_l01_s2_trace-610042_b8_k8_isolated,isolated,ours,12,8,l0_ms,3.770176,recorder
20260827-022806_perlmutter_5bc126dd,ours_l01_s2_trace-610042_b8_k8_isolated,isolated,ours,12,9,l0_ms,3.889824,recorder
20260827-022806_perlmutter_5bc126dd,ours_l01_s2_trace-610042_b8_k8_isolated,isolated,ours,12,0,act_ms,0.037888,recorder
20260827-022806_perlmutter_5bc126dd,ours_l01_s2_trace-610042_b8_k8_isolated,isolated,ours,12,1,act_ms,0.037632,recorder
20260827-022806_perlmutter_5bc126dd,ours_l01_s2_trace-610042_b8_k8_isolated,isolated,ours,12,2,act_ms,0.038112,recorder
20260827-022806_perlmutter_5bc126dd,ours_l01_s2_trace-610042_b8_k8_isolated,isolated,ours,12,3,act_ms,0.037632,recorder
20260827-022806_perlmutter_5bc126dd,ours_l01_s2_trace-610042_b8_k8_isolated,isolated,ours,12,4,act_ms,0.037824,recorder
20260827-022806_perlmutter_5bc126dd,ours_l01_s2_trace-610042_b8_k8_isolated,isolated,ours,12,5,act_ms,0.039168,recorder
20260827-022806_perlmutter_5bc126dd,ours_l01_s2_trace-610042_b8_k8_isolated,isolated,ours,12,6,act_ms,0.037952,recorder
20260827-022806_perlmutter_5bc126dd,ours_l01_s2_trace-610042_b8_k8_isolated,isolated,ours,12,7,act_ms,0.040352,recorder
20260827-022806_perlmutter_5bc126dd,ours_l01_s2_trace-610042_b8_k8_isolated,isolated,ours,12,8,act_ms,0.038272,recorder
20260827-022806_perlmutter_5bc126dd,ours_l01_s2_trace-610042_b8_k8_isolated,isolated,ours,12,9,act_ms,0.038144,recorder
20260827-022806_perlmutter_5bc126dd,ours_l01_s2_trace-610042_b8_k8_isolated,isolated,ours,12,0,l1_ms,4.532576,recorder
20260827-022806_perlmutter_5bc126dd,ours_l01_s2_trace-610042_b8_k8_isolated,isolated,ours,12,1,l1_ms,4.54704,recorder
20260827-022806_perlmutter_5bc126dd,ours_l01_s2_trace-610042_b8_k8_isolated,isolated,ours,12,2,l1_ms,4.44448,recorder
20260827-022806_perlmutter_5bc126dd,ours_l01_s2_trace-610042_b8_k8_isolated,isolated,ours,12,3,l1_ms,5.157728,recorder
20260827-022806_perlmutter_5bc126dd,ours_l01_s2_trace-610042_b8_k8_isolated,isolated,ours,12,4,l1_ms,4.461056,recorder
20260827-022806_perlmutter_5bc126dd,ours_l01_s2_trace-610042_b8_k8_isolated,isolated,ours,12,5,l1_ms,4.545664,recorder
20260827-022806_perlmutter_5bc126dd,ours_l01_s2_trace-610042_b8_k8_isolated,isolated,ours,12,6,l1_ms,4.58912,recorder
20260827-022806_perlmutter_5bc126dd,ours_l01_s2_trace-610042_b8_k8_isolated,isolated,ours,12,7,l1_ms,4.411648,recorder
20260827-022806_perlmutter_5bc126dd,ours_l01_s2_trace-610042_b8_k8_isolated,isolated,ours,12,8,l1_ms,4.511808,recorder
20260827-022806_perlmutter_5bc126dd,ours_l01_s2_trace-610042_b8_k8_isolated,isolated,ours,12,9,l1_ms,4.604064,recorder
20260827-022806_perlmutter_5bc126dd,ours_l01_s2_trace-610042_b8_k8_isolated,isolated,ours,12,0,plan_comm_ms,0.300288,recorder
20260827-022806_perlmutter_5bc126dd,ours_l01_s2_trace-610042_b8_k8_isolated,isolated,ours,12,1,plan_comm_ms,0.202624,recorder
20260827-022806_perlmutter_5bc126dd,ours_l01_s2_trace-610042_b8_k8_isolated,isolated,ours,12,2,plan_comm_ms,0.211648,recorder
20260827-022806_perlmutter_5bc126dd,ours_l01_s2_trace-610042_b8_k8_isolated,isolated,ours,12,3,plan_comm_ms,0.19344,recorder
20260827-022806_perlmutter_5bc126dd,ours_l01_s2_trace-610042_b8_k8_isolated,isolated,ours,12,4,plan_comm_ms,0.180096,recorder
20260827-022806_perlmutter_5bc126dd,ours_l01_s2_trace-610042_b8_k8_isolated,isolated,ours,12,5,plan_comm_ms,0.193984,recorder
20260827-022806_perlmutter_5bc126dd,ours_l01_s2_trace-610042_b8_k8_isolated,isolated,ours,12,6,plan_comm_ms,0.194848,recorder
20260827-022806_perlmutter_5bc126dd,ours_l01_s2_trace-610042_b8_k8_isolated,isolated,ours,12,7,plan_comm_ms,0.194912,recorder
20260827-022806_perlmutter_5bc126dd,ours_l01_s2_trace-610042_b8_k8_isolated,isolated,ours,12,8,plan_comm_ms,0.195584,recorder
20260827-022806_perlmutter_5bc126dd,ours_l01_s2_trace-610042_b8_k8_isolated,isolated,ours,12,9,plan_comm_ms,0.198304,recorder
20260827-022806_perlmutter_5bc126dd,ours_l01_s2_trace-610042_b8_k8_isolated,isolated,ours,12,0,place_ms,3.315008,recorder
20260827-022806_perlmutter_5bc126dd,ours_l01_s2_trace-610042_b8_k8_isolated,isolated,ours,12,1,place_ms,3.406112,recorder
20260827-022806_perlmutter_5bc126dd,ours_l01_s2_trace-610042_b8_k8_isolated,isolated,ours,12,2,place_ms,3.399616,recorder
20260827-022806_perlmutter_5bc126dd,ours_l01_s2_trace-610042_b8_k8_isolated,isolated,ours,12,3,place_ms,3.43712,recorder
20260827-022806_perlmutter_5bc126dd,ours_l01_s2_trace-610042_b8_k8_isolated,isolated,ours,12,4,place_ms,3.423904,recorder
20260827-022806_perlmutter_5bc126dd,ours_l01_s2_trace-610042_b8_k8_isolated,isolated,ours,12,5,place_ms,3.397952,recorder
20260827-022806_perlmutter_5bc126dd,ours_l01_s2_trace-610042_b8_k8_isolated,isolated,ours,12,6,place_ms,3.40768,recorder
20260827-022806_perlmutter_5bc126dd,ours_l01_s2_trace-610042_b8_k8_isolated,isolated,ours,12,7,place_ms,3.391008,recorder
20260827-022806_perlmutter_5bc126dd,ours_l01_s2_trace-610042_b8_k8_isolated,isolated,ours,12,8,place_ms,3.392992,recorder
20260827-022806_perlmutter_5bc126dd,ours_l01_s2_trace-610042_b8_k8_isolated,isolated,ours,12,9,place_ms,3.43872,recorder
20260827-022806_perlmutter_5bc126dd,ours_l01_s2_trace-610042_b8_k8_isolated,isolated,ours,12,0,plan_ms,1.834656,recorder
20260827-022806_perlmutter_5bc126dd,ours_l01_s2_trace-610042_b8_k8_isolated,isolated,ours,12,1,plan_ms,1.653472,recorder
20260827-022806_perlmutter_5bc126dd,ours_l01_s2_trace-610042_b8_k8_isolated,isolated,ours,12,2,plan_ms,1.499776,recorder
20260827-022806_perlmutter_5bc126dd,ours_l01_s2_trace-610042_b8_k8_isolated,isolated,ours,12,3,plan_ms,1.561088,recorder
20260827-022806_perlmutter_5bc126dd,ours_l01_s2_trace-610042_b8_k8_isolated,isolated,ours,12,4,plan_ms,1.549728,recorder
20260827-022806_perlmutter_5bc126dd,ours_l01_s2_trace-610042_b8_k8_isolated,isolated,ours,12,5,plan_ms,1.463456,recorder
20260827-022806_perlmutter_5bc126dd,ours_l01_s2_trace-610042_b8_k8_isolated,isolated,ours,12,6,plan_ms,1.473984,recorder
20260827-022806_perlmutter_5bc126dd,ours_l01_s2_trace-610042_b8_k8_isolated,isolated,ours,12,7,plan_ms,1.721216,recorder
20260827-022806_perlmutter_5bc126dd,ours_l01_s2_trace-610042_b8_k8_isolated,isolated,ours,12,8,plan_ms,1.464512,recorder
20260827-022806_perlmutter_5bc126dd,ours_l01_s2_trace-610042_b8_k8_isolated,isolated,ours,12,9,plan_ms,1.461376,recorder
20260827-022806_perlmutter_5bc126dd,ours_l01_s2_trace-610042_b8_k8_isolated,isolated,ours,12,0,total_ms,13.800928,recorder
20260827-022806_perlmutter_5bc126dd,ours_l01_s2_trace-610042_b8_k8_isolated,isolated,ours,12,1,total_ms,13.46832,recorder
20260827-022806_perlmutter_5bc126dd,ours_l01_s2_trace-610042_b8_k8_isolated,isolated,ours,12,2,total_ms,14.475872,recorder
20260827-022806_perlmutter_5bc126dd,ours_l01_s2_trace-610042_b8_k8_isolated,isolated,ours,12,3,total_ms,14.066208,recorder
20260827-022806_perlmutter_5bc126dd,ours_l01_s2_trace-610042_b8_k8_isolated,isolated,ours,12,4,total_ms,13.351456,recorder
20260827-022806_perlmutter_5bc126dd,ours_l01_s2_trace-610042_b8_k8_isolated,isolated,ours,12,5,total_ms,13.500896,recorder
20260827-022806_perlmutter_5bc126dd,ours_l01_s2_trace-610042_b8_k8_isolated,isolated,ours,12,6,total_ms,13.569984,recorder
20260827-022806_perlmutter_5bc126dd,ours_l01_s2_trace-610042_b8_k8_isolated,isolated,ours,12,7,total_ms,13.655328,recorder
20260827-022806_perlmutter_5bc126dd,ours_l01_s2_trace-610042_b8_k8_isolated,isolated,ours,12,8,total_ms,13.387872,recorder
20260827-022806_perlmutter_5bc126dd,ours_l01_s2_trace-610042_b8_k8_isolated,isolated,ours,12,9,total_ms,13.644288,recorder
20260827-022806_perlmutter_5bc126dd,ours_l01_s2_trace-610042_b8_k8_isolated,isolated,ours,12,0,iso_sync_ms,7.826658,recorder
20260827-022806_perlmutter_5bc126dd,ours_l01_s2_trace-610042_b8_k8_isolated,isolated,ours,12,1,iso_sync_ms,7.958101,recorder
20260827-022806_perlmutter_5bc126dd,ours_l01_s2_trace-610042_b8_k8_isolated,isolated,ours,12,2,iso_sync_ms,7.489356,recorder
20260827-022806_perlmutter_5bc126dd,ours_l01_s2_trace-610042_b8_k8_isolated,isolated,ours,12,3,iso_sync_ms,8.654947,recorder
20260827-022806_perlmutter_5bc126dd,ours_l01_s2_trace-610042_b8_k8_isolated,isolated,ours,12,4,iso_sync_ms,8.162706,recorder
20260827-022806_perlmutter_5bc126dd,ours_l01_s2_trace-610042_b8_k8_isolated,isolated,ours,12,5,iso_sync_ms,7.472764,recorder
20260827-022806_perlmutter_5bc126dd,ours_l01_s2_trace-610042_b8_k8_isolated,isolated,ours,12,6,iso_sync_ms,7.778906,recorder
20260827-022806_perlmutter_5bc126dd,ours_l01_s2_trace-610042_b8_k8_isolated,isolated,ours,12,7,iso_sync_ms,7.943383,recorder
20260827-022806_perlmutter_5bc126dd,ours_l01_s2_trace-610042_b8_k8_isolated,isolated,ours,12,8,iso_sync_ms,7.996916,recorder
20260827-022806_perlmutter_5bc126dd,ours_l01_s2_trace-610042_b8_k8_isolated,isolated,ours,12,9,iso_sync_ms,7.684733,recorder
20260827-022806_perlmutter_5bc126dd,ours_l01_s2_trace-610042_b8_k8_isolated,isolated,ours,13,0,e2e_ms,8.33744,recorder
20260827-022806_perlmutter_5bc126dd,ours_l01_s2_trace-610042_b8_k8_isolated,isolated,ours,13,1,e2e_ms,8.130688,recorder
20260827-022806_perlmutter_5bc126dd,ours_l01_s2_trace-610042_b8_k8_isolated,isolated,ours,13,2,e2e_ms,9.367232,recorder
20260827-022806_perlmutter_5bc126dd,ours_l01_s2_trace-610042_b8_k8_isolated,isolated,ours,13,3,e2e_ms,8.873632,recorder
20260827-022806_perlmutter_5bc126dd,ours_l01_s2_trace-610042_b8_k8_isolated,isolated,ours,13,4,e2e_ms,8.263808,recorder
20260827-022806_perlmutter_5bc126dd,ours_l01_s2_trace-610042_b8_k8_isolated,isolated,ours,13,5,e2e_ms,8.446144,recorder
20260827-022806_perlmutter_5bc126dd,ours_l01_s2_trace-610042_b8_k8_isolated,isolated,ours,13,6,e2e_ms,8.475232,recorder
20260827-022806_perlmutter_5bc126dd,ours_l01_s2_trace-610042_b8_k8_isolated,isolated,ours,13,7,e2e_ms,8.343808,recorder
20260827-022806_perlmutter_5bc126dd,ours_l01_s2_trace-610042_b8_k8_isolated,isolated,ours,13,8,e2e_ms,8.331104,recorder
20260827-022806_perlmutter_5bc126dd,ours_l01_s2_trace-610042_b8_k8_isolated,isolated,ours,13,9,e2e_ms,8.55056,recorder
20260827-022806_perlmutter_5bc126dd,ours_l01_s2_trace-610042_b8_k8_isolated,isolated,ours,13,0,l0_ms,3.778208,recorder
20260827-022806_perlmutter_5bc126dd,ours_l01_s2_trace-610042_b8_k8_isolated,isolated,ours,13,1,l0_ms,3.601952,recorder
20260827-022806_perlmutter_5bc126dd,ours_l01_s2_trace-610042_b8_k8_isolated,isolated,ours,13,2,l0_ms,4.893952,recorder
20260827-022806_perlmutter_5bc126dd,ours_l01_s2_trace-610042_b8_k8_isolated,isolated,ours,13,3,l0_ms,3.708064,recorder
20260827-022806_perlmutter_5bc126dd,ours_l01_s2_trace-610042_b8_k8_isolated,isolated,ours,13,4,l0_ms,3.766624,recorder
20260827-022806_perlmutter_5bc126dd,ours_l01_s2_trace-610042_b8_k8_isolated,isolated,ours,13,5,l0_ms,3.8512,recorder
20260827-022806_perlmutter_5bc126dd,ours_l01_s2_trace-610042_b8_k8_isolated,isolated,ours,13,6,l0_ms,3.820416,recorder
20260827-022806_perlmutter_5bc126dd,ours_l01_s2_trace-610042_b8_k8_isolated,isolated,ours,13,7,l0_ms,3.898112,recorder
20260827-022806_perlmutter_5bc126dd,ours_l01_s2_trace-610042_b8_k8_isolated,isolated,ours,13,8,l0_ms,3.730144,recorder
20260827-022806_perlmutter_5bc126dd,ours_l01_s2_trace-610042_b8_k8_isolated,isolated,ours,13,9,l0_ms,3.909056,recorder
20260827-022806_perlmutter_5bc126dd,ours_l01_s2_trace-610042_b8_k8_isolated,isolated,ours,13,0,act_ms,0.031968,recorder
20260827-022806_perlmutter_5bc126dd,ours_l01_s2_trace-610042_b8_k8_isolated,isolated,ours,13,1,act_ms,0.033696,recorder
20260827-022806_perlmutter_5bc126dd,ours_l01_s2_trace-610042_b8_k8_isolated,isolated,ours,13,2,act_ms,0.031104,recorder
20260827-022806_perlmutter_5bc126dd,ours_l01_s2_trace-610042_b8_k8_isolated,isolated,ours,13,3,act_ms,0.034048,recorder
20260827-022806_perlmutter_5bc126dd,ours_l01_s2_trace-610042_b8_k8_isolated,isolated,ours,13,4,act_ms,0.03312,recorder
20260827-022806_perlmutter_5bc126dd,ours_l01_s2_trace-610042_b8_k8_isolated,isolated,ours,13,5,act_ms,0.03296,recorder
20260827-022806_perlmutter_5bc126dd,ours_l01_s2_trace-610042_b8_k8_isolated,isolated,ours,13,6,act_ms,0.031328,recorder
20260827-022806_perlmutter_5bc126dd,ours_l01_s2_trace-610042_b8_k8_isolated,isolated,ours,13,7,act_ms,0.031648,recorder
20260827-022806_perlmutter_5bc126dd,ours_l01_s2_trace-610042_b8_k8_isolated,isolated,ours,13,8,act_ms,0.03248,recorder
20260827-022806_perlmutter_5bc126dd,ours_l01_s2_trace-610042_b8_k8_isolated,isolated,ours,13,9,act_ms,0.035232,recorder
20260827-022806_perlmutter_5bc126dd,ours_l01_s2_trace-610042_b8_k8_isolated,isolated,ours,13,0,l1_ms,4.527264,recorder
20260827-022806_perlmutter_5bc126dd,ours_l01_s2_trace-610042_b8_k8_isolated,isolated,ours,13,1,l1_ms,4.49504,recorder
20260827-022806_perlmutter_5bc126dd,ours_l01_s2_trace-610042_b8_k8_isolated,isolated,ours,13,2,l1_ms,4.442176,recorder
20260827-022806_perlmutter_5bc126dd,ours_l01_s2_trace-610042_b8_k8_isolated,isolated,ours,13,3,l1_ms,5.13152,recorder
20260827-022806_perlmutter_5bc126dd,ours_l01_s2_trace-610042_b8_k8_isolated,isolated,ours,13,4,l1_ms,4.464064,recorder
20260827-022806_perlmutter_5bc126dd,ours_l01_s2_trace-610042_b8_k8_isolated,isolated,ours,13,5,l1_ms,4.561984,recorder
20260827-022806_perlmutter_5bc126dd,ours_l01_s2_trace-610042_b8_k8_isolated,isolated,ours,13,6,l1_ms,4.623488,recorder
20260827-022806_perlmutter_5bc126dd,ours_l01_s2_trace-610042_b8_k8_isolated,isolated,ours,13,7,l1_ms,4.414048,recorder
20260827-022806_perlmutter_5bc126dd,ours_l01_s2_trace-610042_b8_k8_isolated,isolated,ours,13,8,l1_ms,4.56848,recorder
20260827-022806_perlmutter_5bc126dd,ours_l01_s2_trace-610042_b8_k8_isolated,isolated,ours,13,9,l1_ms,4.606272,recorder
20260827-022806_perlmutter_5bc126dd,ours_l01_s2_trace-610042_b8_k8_isolated,isolated,ours,13,0,plan_comm_ms,0.302368,recorder
20260827-022806_perlmutter_5bc126dd,ours_l01_s2_trace-610042_b8_k8_isolated,isolated,ours,13,1,plan_comm_ms,0.205088,recorder
20260827-022806_perlmutter_5bc126dd,ours_l01_s2_trace-610042_b8_k8_isolated,isolated,ours,13,2,plan_comm_ms,0.213632,recorder
20260827-022806_perlmutter_5bc126dd,ours_l01_s2_trace-610042_b8_k8_isolated,isolated,ours,13,3,plan_comm_ms,0.196384,recorder
20260827-022806_perlmutter_5bc126dd,ours_l01_s2_trace-610042_b8_k8_isolated,isolated,ours,13,4,plan_comm_ms,0.182304,recorder
20260827-022806_perlmutter_5bc126dd,ours_l01_s2_trace-610042_b8_k8_isolated,isolated,ours,13,5,plan_comm_ms,0.197344,recorder
20260827-022806_perlmutter_5bc126dd,ours_l01_s2_trace-610042_b8_k8_isolated,isolated,ours,13,6,plan_comm_ms,0.243744,recorder
20260827-022806_perlmutter_5bc126dd,ours_l01_s2_trace-610042_b8_k8_isolated,isolated,ours,13,7,plan_comm_ms,0.197984,recorder
20260827-022806_perlmutter_5bc126dd,ours_l01_s2_trace-610042_b8_k8_isolated,isolated,ours,13,8,plan_comm_ms,0.199488,recorder
20260827-022806_perlmutter_5bc126dd,ours_l01_s2_trace-610042_b8_k8_isolated,isolated,ours,13,9,plan_comm_ms,0.199232,recorder
20260827-022806_perlmutter_5bc126dd,ours_l01_s2_trace-610042_b8_k8_isolated,isolated,ours,13,0,place_ms,3.302432,recorder
20260827-022806_perlmutter_5bc126dd,ours_l01_s2_trace-610042_b8_k8_isolated,isolated,ours,13,1,place_ms,3.378688,recorder
20260827-022806_perlmutter_5bc126dd,ours_l01_s2_trace-610042_b8_k8_isolated,isolated,ours,13,2,place_ms,3.389664,recorder
20260827-022806_perlmutter_5bc126dd,ours_l01_s2_trace-610042_b8_k8_isolated,isolated,ours,13,3,place_ms,3.42048,recorder
20260827-022806_perlmutter_5bc126dd,ours_l01_s2_trace-610042_b8_k8_isolated,isolated,ours,13,4,place_ms,3.377184,recorder
20260827-022806_perlmutter_5bc126dd,ours_l01_s2_trace-610042_b8_k8_isolated,isolated,ours,13,5,place_ms,3.40288,recorder
20260827-022806_perlmutter_5bc126dd,ours_l01_s2_trace-610042_b8_k8_isolated,isolated,ours,13,6,place_ms,3.444544,recorder
20260827-022806_perlmutter_5bc126dd,ours_l01_s2_trace-610042_b8_k8_isolated,isolated,ours,13,7,place_ms,3.3752,recorder
20260827-022806_perlmutter_5bc126dd,ours_l01_s2_trace-610042_b8_k8_isolated,isolated,ours,13,8,place_ms,3.371712,recorder
20260827-022806_perlmutter_5bc126dd,ours_l01_s2_trace-610042_b8_k8_isolated,isolated,ours,13,9,place_ms,3.39744,recorder
20260827-022806_perlmutter_5bc126dd,ours_l01_s2_trace-610042_b8_k8_isolated,isolated,ours,13,0,plan_ms,1.848928,recorder
20260827-022806_perlmutter_5bc126dd,ours_l01_s2_trace-610042_b8_k8_isolated,isolated,ours,13,1,plan_ms,1.689376,recorder
20260827-022806_perlmutter_5bc126dd,ours_l01_s2_trace-610042_b8_k8_isolated,isolated,ours,13,2,plan_ms,1.490432,recorder
20260827-022806_perlmutter_5bc126dd,ours_l01_s2_trace-610042_b8_k8_isolated,isolated,ours,13,3,plan_ms,1.5616,recorder
20260827-022806_perlmutter_5bc126dd,ours_l01_s2_trace-610042_b8_k8_isolated,isolated,ours,13,4,plan_ms,1.519872,recorder
20260827-022806_perlmutter_5bc126dd,ours_l01_s2_trace-610042_b8_k8_isolated,isolated,ours,13,5,plan_ms,1.446048,recorder
20260827-022806_perlmutter_5bc126dd,ours_l01_s2_trace-610042_b8_k8_isolated,isolated,ours,13,6,plan_ms,1.43232,recorder
20260827-022806_perlmutter_5bc126dd,ours_l01_s2_trace-610042_b8_k8_isolated,isolated,ours,13,7,plan_ms,1.727712,recorder
20260827-022806_perlmutter_5bc126dd,ours_l01_s2_trace-610042_b8_k8_isolated,isolated,ours,13,8,plan_ms,1.473248,recorder
20260827-022806_perlmutter_5bc126dd,ours_l01_s2_trace-610042_b8_k8_isolated,isolated,ours,13,9,plan_ms,1.488032,recorder
20260827-022806_perlmutter_5bc126dd,ours_l01_s2_trace-610042_b8_k8_isolated,isolated,ours,13,0,total_ms,13.805056,recorder
20260827-022806_perlmutter_5bc126dd,ours_l01_s2_trace-610042_b8_k8_isolated,isolated,ours,13,1,total_ms,13.41808,recorder
20260827-022806_perlmutter_5bc126dd,ours_l01_s2_trace-610042_b8_k8_isolated,isolated,ours,13,2,total_ms,14.475552,recorder
20260827-022806_perlmutter_5bc126dd,ours_l01_s2_trace-610042_b8_k8_isolated,isolated,ours,13,3,total_ms,14.066368,recorder
20260827-022806_perlmutter_5bc126dd,ours_l01_s2_trace-610042_b8_k8_isolated,isolated,ours,13,4,total_ms,13.35728,recorder
20260827-022806_perlmutter_5bc126dd,ours_l01_s2_trace-610042_b8_k8_isolated,isolated,ours,13,5,total_ms,13.506048,recorder
20260827-022806_perlmutter_5bc126dd,ours_l01_s2_trace-610042_b8_k8_isolated,isolated,ours,13,6,total_ms,13.609632,recorder
20260827-022806_perlmutter_5bc126dd,ours_l01_s2_trace-610042_b8_k8_isolated,isolated,ours,13,7,total_ms,13.65872,recorder
20260827-022806_perlmutter_5bc126dd,ours_l01_s2_trace-610042_b8_k8_isolated,isolated,ours,13,8,total_ms,13.390208,recorder
20260827-022806_perlmutter_5bc126dd,ours_l01_s2_trace-610042_b8_k8_isolated,isolated,ours,13,9,total_ms,13.649504,recorder
20260827-022806_perlmutter_5bc126dd,ours_l01_s2_trace-610042_b8_k8_isolated,isolated,ours,13,0,iso_sync_ms,7.809654,recorder
20260827-022806_perlmutter_5bc126dd,ours_l01_s2_trace-610042_b8_k8_isolated,isolated,ours,13,1,iso_sync_ms,7.968962,recorder
20260827-022806_perlmutter_5bc126dd,ours_l01_s2_trace-610042_b8_k8_isolated,isolated,ours,13,2,iso_sync_ms,7.456292,recorder
20260827-022806_perlmutter_5bc126dd,ours_l01_s2_trace-610042_b8_k8_isolated,isolated,ours,13,3,iso_sync_ms,8.696598,recorder
20260827-022806_perlmutter_5bc126dd,ours_l01_s2_trace-610042_b8_k8_isolated,isolated,ours,13,4,iso_sync_ms,8.161874,recorder
20260827-022806_perlmutter_5bc126dd,ours_l01_s2_trace-610042_b8_k8_isolated,isolated,ours,13,5,iso_sync_ms,7.526267,recorder
20260827-022806_perlmutter_5bc126dd,ours_l01_s2_trace-610042_b8_k8_isolated,isolated,ours,13,6,iso_sync_ms,7.782793,recorder
20260827-022806_perlmutter_5bc126dd,ours_l01_s2_trace-610042_b8_k8_isolated,isolated,ours,13,7,iso_sync_ms,7.873839,recorder
20260827-022806_perlmutter_5bc126dd,ours_l01_s2_trace-610042_b8_k8_isolated,isolated,ours,13,8,iso_sync_ms,7.997408,recorder
20260827-022806_perlmutter_5bc126dd,ours_l01_s2_trace-610042_b8_k8_isolated,isolated,ours,13,9,iso_sync_ms,7.676478,recorder
20260827-022806_perlmutter_5bc126dd,ours_l01_s2_trace-610042_b8_k8_isolated,isolated,ours,14,0,e2e_ms,8.349376,recorder
20260827-022806_perlmutter_5bc126dd,ours_l01_s2_trace-610042_b8_k8_isolated,isolated,ours,14,1,e2e_ms,8.144224,recorder
20260827-022806_perlmutter_5bc126dd,ours_l01_s2_trace-610042_b8_k8_isolated,isolated,ours,14,2,e2e_ms,7.688928,recorder
20260827-022806_perlmutter_5bc126dd,ours_l01_s2_trace-610042_b8_k8_isolated,isolated,ours,14,3,e2e_ms,8.849056,recorder
20260827-022806_perlmutter_5bc126dd,ours_l01_s2_trace-610042_b8_k8_isolated,isolated,ours,14,4,e2e_ms,8.245792,recorder
20260827-022806_perlmutter_5bc126dd,ours_l01_s2_trace-610042_b8_k8_isolated,isolated,ours,14,5,e2e_ms,8.44704,recorder
20260827-022806_perlmutter_5bc126dd,ours_l01_s2_trace-610042_b8_k8_isolated,isolated,ours,14,6,e2e_ms,8.564832,recorder
20260827-022806_perlmutter_5bc126dd,ours_l01_s2_trace-610042_b8_k8_isolated,isolated,ours,14,7,e2e_ms,8.317152,recorder
20260827-022806_perlmutter_5bc126dd,ours_l01_s2_trace-610042_b8_k8_isolated,isolated,ours,14,8,e2e_ms,8.329664,recorder
20260827-022806_perlmutter_5bc126dd,ours_l01_s2_trace-610042_b8_k8_isolated,isolated,ours,14,9,e2e_ms,8.604512,recorder
20260827-022806_perlmutter_5bc126dd,ours_l01_s2_trace-610042_b8_k8_isolated,isolated,ours,14,0,l0_ms,3.782944,recorder
20260827-022806_perlmutter_5bc126dd,ours_l01_s2_trace-610042_b8_k8_isolated,isolated,ours,14,1,l0_ms,3.604,recorder
20260827-022806_perlmutter_5bc126dd,ours_l01_s2_trace-610042_b8_k8_isolated,isolated,ours,14,2,l0_ms,3.208512,recorder
20260827-022806_perlmutter_5bc126dd,ours_l01_s2_trace-610042_b8_k8_isolated,isolated,ours,14,3,l0_ms,3.683904,recorder
20260827-022806_perlmutter_5bc126dd,ours_l01_s2_trace-610042_b8_k8_isolated,isolated,ours,14,4,l0_ms,3.748608,recorder
20260827-022806_perlmutter_5bc126dd,ours_l01_s2_trace-610042_b8_k8_isolated,isolated,ours,14,5,l0_ms,3.85584,recorder
20260827-022806_perlmutter_5bc126dd,ours_l01_s2_trace-610042_b8_k8_isolated,isolated,ours,14,6,l0_ms,3.87024,recorder
20260827-022806_perlmutter_5bc126dd,ours_l01_s2_trace-610042_b8_k8_isolated,isolated,ours,14,7,l0_ms,3.857184,recorder
20260827-022806_perlmutter_5bc126dd,ours_l01_s2_trace-610042_b8_k8_isolated,isolated,ours,14,8,l0_ms,3.740704,recorder
20260827-022806_perlmutter_5bc126dd,ours_l01_s2_trace-610042_b8_k8_isolated,isolated,ours,14,9,l0_ms,3.947168,recorder
20260827-022806_perlmutter_5bc126dd,ours_l01_s2_trace-610042_b8_k8_isolated,isolated,ours,14,0,act_ms,0.035168,recorder
20260827-022806_perlmutter_5bc126dd,ours_l01_s2_trace-610042_b8_k8_isolated,isolated,ours,14,1,act_ms,0.030272,recorder
20260827-022806_perlmutter_5bc126dd,ours_l01_s2_trace-610042_b8_k8_isolated,isolated,ours,14,2,act_ms,0.033696,recorder
20260827-022806_perlmutter_5bc126dd,ours_l01_s2_trace-610042_b8_k8_isolated,isolated,ours,14,3,act_ms,0.034528,recorder
20260827-022806_perlmutter_5bc126dd,ours_l01_s2_trace-610042_b8_k8_isolated,isolated,ours,14,4,act_ms,0.034752,recorder
20260827-022806_perlmutter_5bc126dd,ours_l01_s2_trace-610042_b8_k8_isolated,isolated,ours,14,5,act_ms,0.035072,recorder
20260827-022806_perlmutter_5bc126dd,ours_l01_s2_trace-610042_b8_k8_isolated,isolated,ours,14,6,act_ms,0.03504,recorder
20260827-022806_perlmutter_5bc126dd,ours_l01_s2_trace-610042_b8_k8_isolated,isolated,ours,14,7,act_ms,0.034688,recorder
20260827-022806_perlmutter_5bc126dd,ours_l01_s2_trace-610042_b8_k8_isolated,isolated,ours,14,8,act_ms,0.03536,recorder
20260827-022806_perlmutter_5bc126dd,ours_l01_s2_trace-610042_b8_k8_isolated,isolated,ours,14,9,act_ms,0.033312,recorder
20260827-022806_perlmutter_5bc126dd,ours_l01_s2_trace-610042_b8_k8_isolated,isolated,ours,14,0,l1_ms,4.531264,recorder
20260827-022806_perlmutter_5bc126dd,ours_l01_s2_trace-610042_b8_k8_isolated,isolated,ours,14,1,l1_ms,4.509952,recorder
20260827-022806_perlmutter_5bc126dd,ours_l01_s2_trace-610042_b8_k8_isolated,isolated,ours,14,2,l1_ms,4.44672,recorder
20260827-022806_perlmutter_5bc126dd,ours_l01_s2_trace-610042_b8_k8_isolated,isolated,ours,14,3,l1_ms,5.130624,recorder
20260827-022806_perlmutter_5bc126dd,ours_l01_s2_trace-610042_b8_k8_isolated,isolated,ours,14,4,l1_ms,4.462432,recorder
20260827-022806_perlmutter_5bc126dd,ours_l01_s2_trace-610042_b8_k8_isolated,isolated,ours,14,5,l1_ms,4.556128,recorder
20260827-022806_perlmutter_5bc126dd,ours_l01_s2_trace-610042_b8_k8_isolated,isolated,ours,14,6,l1_ms,4.659552,recorder
20260827-022806_perlmutter_5bc126dd,ours_l01_s2_trace-610042_b8_k8_isolated,isolated,ours,14,7,l1_ms,4.42528,recorder
20260827-022806_perlmutter_5bc126dd,ours_l01_s2_trace-610042_b8_k8_isolated,isolated,ours,14,8,l1_ms,4.5536,recorder
20260827-022806_perlmutter_5bc126dd,ours_l01_s2_trace-610042_b8_k8_isolated,isolated,ours,14,9,l1_ms,4.624032,recorder
20260827-022806_perlmutter_5bc126dd,ours_l01_s2_trace-610042_b8_k8_isolated,isolated,ours,14,0,plan_comm_ms,0.300768,recorder
20260827-022806_perlmutter_5bc126dd,ours_l01_s2_trace-610042_b8_k8_isolated,isolated,ours,14,1,plan_comm_ms,0.204288,recorder
20260827-022806_perlmutter_5bc126dd,ours_l01_s2_trace-610042_b8_k8_isolated,isolated,ours,14,2,plan_comm_ms,0.208512,recorder
20260827-022806_perlmutter_5bc126dd,ours_l01_s2_trace-610042_b8_k8_isolated,isolated,ours,14,3,plan_comm_ms,0.199136,recorder
20260827-022806_perlmutter_5bc126dd,ours_l01_s2_trace-610042_b8_k8_isolated,isolated,ours,14,4,plan_comm_ms,0.18096,recorder
20260827-022806_perlmutter_5bc126dd,ours_l01_s2_trace-610042_b8_k8_isolated,isolated,ours,14,5,plan_comm_ms,0.199712,recorder
20260827-022806_perlmutter_5bc126dd,ours_l01_s2_trace-610042_b8_k8_isolated,isolated,ours,14,6,plan_comm_ms,0.196096,recorder
20260827-022806_perlmutter_5bc126dd,ours_l01_s2_trace-610042_b8_k8_isolated,isolated,ours,14,7,plan_comm_ms,0.197024,recorder
20260827-022806_perlmutter_5bc126dd,ours_l01_s2_trace-610042_b8_k8_isolated,isolated,ours,14,8,plan_comm_ms,0.198944,recorder
20260827-022806_perlmutter_5bc126dd,ours_l01_s2_trace-610042_b8_k8_isolated,isolated,ours,14,9,plan_comm_ms,0.203904,recorder
20260827-022806_perlmutter_5bc126dd,ours_l01_s2_trace-610042_b8_k8_isolated,isolated,ours,14,0,place_ms,3.288288,recorder
20260827-022806_perlmutter_5bc126dd,ours_l01_s2_trace-610042_b8_k8_isolated,isolated,ours,14,1,place_ms,3.350304,recorder
20260827-022806_perlmutter_5bc126dd,ours_l01_s2_trace-610042_b8_k8_isolated,isolated,ours,14,2,place_ms,3.352064,recorder
20260827-022806_perlmutter_5bc126dd,ours_l01_s2_trace-610042_b8_k8_isolated,isolated,ours,14,3,place_ms,3.371648,recorder
20260827-022806_perlmutter_5bc126dd,ours_l01_s2_trace-610042_b8_k8_isolated,isolated,ours,14,4,place_ms,3.328352,recorder
20260827-022806_perlmutter_5bc126dd,ours_l01_s2_trace-610042_b8_k8_isolated,isolated,ours,14,5,place_ms,3.355008,recorder
20260827-022806_perlmutter_5bc126dd,ours_l01_s2_trace-610042_b8_k8_isolated,isolated,ours,14,6,place_ms,3.327456,recorder
20260827-022806_perlmutter_5bc126dd,ours_l01_s2_trace-610042_b8_k8_isolated,isolated,ours,14,7,place_ms,3.332064,recorder
20260827-022806_perlmutter_5bc126dd,ours_l01_s2_trace-610042_b8_k8_isolated,isolated,ours,14,8,place_ms,3.320576,recorder
20260827-022806_perlmutter_5bc126dd,ours_l01_s2_trace-610042_b8_k8_isolated,isolated,ours,14,9,place_ms,3.37712,recorder
20260827-022806_perlmutter_5bc126dd,ours_l01_s2_trace-610042_b8_k8_isolated,isolated,ours,14,0,plan_ms,1.857408,recorder
20260827-022806_perlmutter_5bc126dd,ours_l01_s2_trace-610042_b8_k8_isolated,isolated,ours,14,1,plan_ms,1.71232,recorder
20260827-022806_perlmutter_5bc126dd,ours_l01_s2_trace-610042_b8_k8_isolated,isolated,ours,14,2,plan_ms,3.214176,recorder
20260827-022806_perlmutter_5bc126dd,ours_l01_s2_trace-610042_b8_k8_isolated,isolated,ours,14,3,plan_ms,1.638048,recorder
20260827-022806_perlmutter_5bc126dd,ours_l01_s2_trace-610042_b8_k8_isolated,isolated,ours,14,4,plan_ms,1.586592,recorder
20260827-022806_perlmutter_5bc126dd,ours_l01_s2_trace-610042_b8_k8_isolated,isolated,ours,14,5,plan_ms,1.49168,recorder
20260827-022806_perlmutter_5bc126dd,ours_l01_s2_trace-610042_b8_k8_isolated,isolated,ours,14,6,plan_ms,1.537312,recorder
20260827-022806_perlmutter_5bc126dd,ours_l01_s2_trace-610042_b8_k8_isolated,isolated,ours,14,7,plan_ms,1.80384,recorder
20260827-022806_perlmutter_5bc126dd,ours_l01_s2_trace-610042_b8_k8_isolated,isolated,ours,14,8,plan_ms,1.53152,recorder
20260827-022806_perlmutter_5bc126dd,ours_l01_s2_trace-610042_b8_k8_isolated,isolated,ours,14,9,plan_ms,1.470496,recorder
20260827-022806_perlmutter_5bc126dd,ours_l01_s2_trace-610042_b8_k8_isolated,isolated,ours,14,0,total_ms,13.809184,recorder
20260827-022806_perlmutter_5bc126dd,ours_l01_s2_trace-610042_b8_k8_isolated,isolated,ours,14,1,total_ms,13.425312,recorder
20260827-022806_perlmutter_5bc126dd,ours_l01_s2_trace-610042_b8_k8_isolated,isolated,ours,14,2,total_ms,14.477824,recorder
20260827-022806_perlmutter_5bc126dd,ours_l01_s2_trace-610042_b8_k8_isolated,isolated,ours,14,3,total_ms,14.071904,recorder
20260827-022806_perlmutter_5bc126dd,ours_l01_s2_trace-610042_b8_k8_isolated,isolated,ours,14,4,total_ms,13.35568,recorder
20260827-022806_perlmutter_5bc126dd,ours_l01_s2_trace-610042_b8_k8_isolated,isolated,ours,14,5,total_ms,13.507328,recorder
20260827-022806_perlmutter_5bc126dd,ours_l01_s2_trace-610042_b8_k8_isolated,isolated,ours,14,6,total_ms,13.639456,recorder
20260827-022806_perlmutter_5bc126dd,ours_l01_s2_trace-610042_b8_k8_isolated,isolated,ours,14,7,total_ms,13.66384,recorder
20260827-022806_perlmutter_5bc126dd,ours_l01_s2_trace-610042_b8_k8_isolated,isolated,ours,14,8,total_ms,13.395616,recorder
20260827-022806_perlmutter_5bc126dd,ours_l01_s2_trace-610042_b8_k8_isolated,isolated,ours,14,9,total_ms,13.669984,recorder
20260827-022806_perlmutter_5bc126dd,ours_l01_s2_trace-610042_b8_k8_isolated,isolated,ours,14,0,iso_sync_ms,7.790278,recorder
20260827-022806_perlmutter_5bc126dd,ours_l01_s2_trace-610042_b8_k8_isolated,isolated,ours,14,1,iso_sync_ms,7.951128,recorder
20260827-022806_perlmutter_5bc126dd,ours_l01_s2_trace-610042_b8_k8_isolated,isolated,ours,14,2,iso_sync_ms,7.448006,recorder
20260827-022806_perlmutter_5bc126dd,ours_l01_s2_trace-610042_b8_k8_isolated,isolated,ours,14,3,iso_sync_ms,6.962618,recorder
20260827-022806_perlmutter_5bc126dd,ours_l01_s2_trace-610042_b8_k8_isolated,isolated,ours,14,4,iso_sync_ms,8.152868,recorder
20260827-022806_perlmutter_5bc126dd,ours_l01_s2_trace-610042_b8_k8_isolated,isolated,ours,14,5,iso_sync_ms,7.463887,recorder
20260827-022806_perlmutter_5bc126dd,ours_l01_s2_trace-610042_b8_k8_isolated,isolated,ours,14,6,iso_sync_ms,7.745702,recorder
20260827-022806_perlmutter_5bc126dd,ours_l01_s2_trace-610042_b8_k8_isolated,isolated,ours,14,7,iso_sync_ms,7.918846,recorder
20260827-022806_perlmutter_5bc126dd,ours_l01_s2_trace-610042_b8_k8_isolated,isolated,ours,14,8,iso_sync_ms,7.868419,recorder
20260827-022806_perlmutter_5bc126dd,ours_l01_s2_trace-610042_b8_k8_isolated,isolated,ours,14,9,iso_sync_ms,7.620911,recorder
20260827-022806_perlmutter_5bc126dd,ours_l01_s2_trace-610042_b8_k8_isolated,isolated,ours,15,0,e2e_ms,8.259616,recorder
20260827-022806_perlmutter_5bc126dd,ours_l01_s2_trace-610042_b8_k8_isolated,isolated,ours,15,1,e2e_ms,8.090912,recorder
20260827-022806_perlmutter_5bc126dd,ours_l01_s2_trace-610042_b8_k8_isolated,isolated,ours,15,2,e2e_ms,9.319168,recorder
20260827-022806_perlmutter_5bc126dd,ours_l01_s2_trace-610042_b8_k8_isolated,isolated,ours,15,3,e2e_ms,8.88256,recorder
20260827-022806_perlmutter_5bc126dd,ours_l01_s2_trace-610042_b8_k8_isolated,isolated,ours,15,4,e2e_ms,8.110912,recorder
20260827-022806_perlmutter_5bc126dd,ours_l01_s2_trace-610042_b8_k8_isolated,isolated,ours,15,5,e2e_ms,8.429408,recorder
20260827-022806_perlmutter_5bc126dd,ours_l01_s2_trace-610042_b8_k8_isolated,isolated,ours,15,6,e2e_ms,8.559776,recorder
20260827-022806_perlmutter_5bc126dd,ours_l01_s2_trace-610042_b8_k8_isolated,isolated,ours,15,7,e2e_ms,8.317216,recorder
20260827-022806_perlmutter_5bc126dd,ours_l01_s2_trace-610042_b8_k8_isolated,isolated,ours,15,8,e2e_ms,8.354336,recorder
20260827-022806_perlmutter_5bc126dd,ours_l01_s2_trace-610042_b8_k8_isolated,isolated,ours,15,9,e2e_ms,8.550624,recorder
20260827-022806_perlmutter_5bc126dd,ours_l01_s2_trace-610042_b8_k8_isolated,isolated,ours,15,0,l0_ms,3.7744,recorder
20260827-022806_perlmutter_5bc126dd,ours_l01_s2_trace-610042_b8_k8_isolated,isolated,ours,15,1,l0_ms,3.597408,recorder
20260827-022806_perlmutter_5bc126dd,ours_l01_s2_trace-610042_b8_k8_isolated,isolated,ours,15,2,l0_ms,4.910016,recorder
20260827-022806_perlmutter_5bc126dd,ours_l01_s2_trace-610042_b8_k8_isolated,isolated,ours,15,3,l0_ms,3.71936,recorder
20260827-022806_perlmutter_5bc126dd,ours_l01_s2_trace-610042_b8_k8_isolated,isolated,ours,15,4,l0_ms,3.728064,recorder
20260827-022806_perlmutter_5bc126dd,ours_l01_s2_trace-610042_b8_k8_isolated,isolated,ours,15,5,l0_ms,3.812,recorder
20260827-022806_perlmutter_5bc126dd,ours_l01_s2_trace-610042_b8_k8_isolated,isolated,ours,15,6,l0_ms,3.870144,recorder
20260827-022806_perlmutter_5bc126dd,ours_l01_s2_trace-610042_b8_k8_isolated,isolated,ours,15,7,l0_ms,3.905504,recorder
20260827-022806_perlmutter_5bc126dd,ours_l01_s2_trace-610042_b8_k8_isolated,isolated,ours,15,8,l0_ms,3.7032,recorder
20260827-022806_perlmutter_5bc126dd,ours_l01_s2_trace-610042_b8_k8_isolated,isolated,ours,15,9,l0_ms,3.893504,recorder
20260827-022806_perlmutter_5bc126dd,ours_l01_s2_trace-610042_b8_k8_isolated,isolated,ours,15,0,act_ms,0.032288,recorder
20260827-022806_perlmutter_5bc126dd,ours_l01_s2_trace-610042_b8_k8_isolated,isolated,ours,15,1,act_ms,0.035136,recorder
20260827-022806_perlmutter_5bc126dd,ours_l01_s2_trace-610042_b8_k8_isolated,isolated,ours,15,2,act_ms,0.032288,recorder
20260827-022806_perlmutter_5bc126dd,ours_l01_s2_trace-610042_b8_k8_isolated,isolated,ours,15,3,act_ms,0.032704,recorder
20260827-022806_perlmutter_5bc126dd,ours_l01_s2_trace-610042_b8_k8_isolated,isolated,ours,15,4,act_ms,0.031424,recorder
20260827-022806_perlmutter_5bc126dd,ours_l01_s2_trace-610042_b8_k8_isolated,isolated,ours,15,5,act_ms,0.034752,recorder
20260827-022806_perlmutter_5bc126dd,ours_l01_s2_trace-610042_b8_k8_isolated,isolated,ours,15,6,act_ms,0.03168,recorder
20260827-022806_perlmutter_5bc126dd,ours_l01_s2_trace-610042_b8_k8_isolated,isolated,ours,15,7,act_ms,0.03152,recorder
20260827-022806_perlmutter_5bc126dd,ours_l01_s2_trace-610042_b8_k8_isolated,isolated,ours,15,8,act_ms,0.031776,recorder
20260827-022806_perlmutter_5bc126dd,ours_l01_s2_trace-610042_b8_k8_isolated,isolated,ours,15,9,act_ms,0.031328,recorder
20260827-022806_perlmutter_5bc126dd,ours_l01_s2_trace-610042_b8_k8_isolated,isolated,ours,15,0,l1_ms,4.452928,recorder
20260827-022806_perlmutter_5bc126dd,ours_l01_s2_trace-610042_b8_k8_isolated,isolated,ours,15,1,l1_ms,4.458368,recorder
20260827-022806_perlmutter_5bc126dd,ours_l01_s2_trace-610042_b8_k8_isolated,isolated,ours,15,2,l1_ms,4.376864,recorder
20260827-022806_perlmutter_5bc126dd,ours_l01_s2_trace-610042_b8_k8_isolated,isolated,ours,15,3,l1_ms,5.130496,recorder
20260827-022806_perlmutter_5bc126dd,ours_l01_s2_trace-610042_b8_k8_isolated,isolated,ours,15,4,l1_ms,4.351424,recorder
20260827-022806_perlmutter_5bc126dd,ours_l01_s2_trace-610042_b8_k8_isolated,isolated,ours,15,5,l1_ms,4.582656,recorder
20260827-022806_perlmutter_5bc126dd,ours_l01_s2_trace-610042_b8_k8_isolated,isolated,ours,15,6,l1_ms,4.657952,recorder
20260827-022806_perlmutter_5bc126dd,ours_l01_s2_trace-610042_b8_k8_isolated,isolated,ours,15,7,l1_ms,4.380192,recorder
20260827-022806_perlmutter_5bc126dd,ours_l01_s2_trace-610042_b8_k8_isolated,isolated,ours,15,8,l1_ms,4.61936,recorder
20260827-022806_perlmutter_5bc126dd,ours_l01_s2_trace-610042_b8_k8_isolated,isolated,ours,15,9,l1_ms,4.625792,recorder
20260827-022806_perlmutter_5bc126dd,ours_l01_s2_trace-610042_b8_k8_isolated,isolated,ours,15,0,plan_comm_ms,0.301824,recorder
20260827-022806_perlmutter_5bc126dd,ours_l01_s2_trace-610042_b8_k8_isolated,isolated,ours,15,1,plan_comm_ms,0.203232,recorder
20260827-022806_perlmutter_5bc126dd,ours_l01_s2_trace-610042_b8_k8_isolated,isolated,ours,15,2,plan_comm_ms,0.216928,recorder
20260827-022806_perlmutter_5bc126dd,ours_l01_s2_trace-610042_b8_k8_isolated,isolated,ours,15,3,plan_comm_ms,0.197728,recorder
20260827-022806_perlmutter_5bc126dd,ours_l01_s2_trace-610042_b8_k8_isolated,isolated,ours,15,4,plan_comm_ms,0.18192,recorder
20260827-022806_perlmutter_5bc126dd,ours_l01_s2_trace-610042_b8_k8_isolated,isolated,ours,15,5,plan_comm_ms,0.201344,recorder
20260827-022806_perlmutter_5bc126dd,ours_l01_s2_trace-610042_b8_k8_isolated,isolated,ours,15,6,plan_comm_ms,0.198496,recorder
20260827-022806_perlmutter_5bc126dd,ours_l01_s2_trace-610042_b8_k8_isolated,isolated,ours,15,7,plan_comm_ms,0.200544,recorder
20260827-022806_perlmutter_5bc126dd,ours_l01_s2_trace-610042_b8_k8_isolated,isolated,ours,15,8,plan_comm_ms,0.199424,recorder
20260827-022806_perlmutter_5bc126dd,ours_l01_s2_trace-610042_b8_k8_isolated,isolated,ours,15,9,plan_comm_ms,0.205984,recorder
20260827-022806_perlmutter_5bc126dd,ours_l01_s2_trace-610042_b8_k8_isolated,isolated,ours,15,0,place_ms,3.33232,recorder
20260827-022806_perlmutter_5bc126dd,ours_l01_s2_trace-610042_b8_k8_isolated,isolated,ours,15,1,place_ms,3.402816,recorder
20260827-022806_perlmutter_5bc126dd,ours_l01_s2_trace-610042_b8_k8_isolated,isolated,ours,15,2,place_ms,3.397184,recorder
20260827-022806_perlmutter_5bc126dd,ours_l01_s2_trace-610042_b8_k8_isolated,isolated,ours,15,3,place_ms,3.438176,recorder
20260827-022806_perlmutter_5bc126dd,ours_l01_s2_trace-610042_b8_k8_isolated,isolated,ours,15,4,place_ms,3.422816,recorder
20260827-022806_perlmutter_5bc126dd,ours_l01_s2_trace-610042_b8_k8_isolated,isolated,ours,15,5,place_ms,3.421728,recorder
20260827-022806_perlmutter_5bc126dd,ours_l01_s2_trace-610042_b8_k8_isolated,isolated,ours,15,6,place_ms,3.414144,recorder
20260827-022806_perlmutter_5bc126dd,ours_l01_s2_trace-610042_b8_k8_isolated,isolated,ours,15,7,place_ms,3.370176,recorder
20260827-022806_perlmutter_5bc126dd,ours_l01_s2_trace-610042_b8_k8_isolated,isolated,ours,15,8,place_ms,3.404704,recorder
20260827-022806_perlmutter_5bc126dd,ours_l01_s2_trace-610042_b8_k8_isolated,isolated,ours,15,9,place_ms,3.437184,recorder
20260827-022806_perlmutter_5bc126dd,ours_l01_s2_trace-610042_b8_k8_isolated,isolated,ours,15,0,plan_ms,1.821952,recorder
20260827-022806_perlmutter_5bc126dd,ours_l01_s2_trace-610042_b8_k8_isolated,isolated,ours,15,1,plan_ms,1.6696,recorder
20260827-022806_perlmutter_5bc126dd,ours_l01_s2_trace-610042_b8_k8_isolated,isolated,ours,15,2,plan_ms,1.470304,recorder
20260827-022806_perlmutter_5bc126dd,ours_l01_s2_trace-610042_b8_k8_isolated,isolated,ours,15,3,plan_ms,1.535104,recorder
20260827-022806_perlmutter_5bc126dd,ours_l01_s2_trace-610042_b8_k8_isolated,isolated,ours,15,4,plan_ms,1.520896,recorder
20260827-022806_perlmutter_5bc126dd,ours_l01_s2_trace-610042_b8_k8_isolated,isolated,ours,15,5,plan_ms,1.461312,recorder
20260827-022806_perlmutter_5bc126dd,ours_l01_s2_trace-610042_b8_k8_isolated,isolated,ours,15,6,plan_ms,1.454816,recorder
20260827-022806_perlmutter_5bc126dd,ours_l01_s2_trace-610042_b8_k8_isolated,isolated,ours,15,7,plan_ms,1.721664,recorder
20260827-022806_perlmutter_5bc126dd,ours_l01_s2_trace-610042_b8_k8_isolated,isolated,ours,15,8,plan_ms,1.44336,recorder
20260827-022806_perlmutter_5bc126dd,ours_l01_s2_trace-610042_b8_k8_isolated,isolated,ours,15,9,plan_ms,1.467936,recorder
20260827-022806_perlmutter_5bc126dd,ours_l01_s2_trace-610042_b8_k8_isolated,isolated,ours,15,0,total_ms,13.730624,recorder
20260827-022806_perlmutter_5bc126dd,ours_l01_s2_trace-610042_b8_k8_isolated,isolated,ours,15,1,total_ms,13.381088,recorder
20260827-022806_perlmutter_5bc126dd,ours_l01_s2_trace-610042_b8_k8_isolated,isolated,ours,15,2,total_ms,14.418592,recorder
20260827-022806_perlmutter_5bc126dd,ours_l01_s2_trace-610042_b8_k8_isolated,isolated,ours,15,3,total_ms,14.067712,recorder
20260827-022806_perlmutter_5bc126dd,ours_l01_s2_trace-610042_b8_k8_isolated,isolated,ours,15,4,total_ms,13.252128,recorder
20260827-022806_perlmutter_5bc126dd,ours_l01_s2_trace-610042_b8_k8_isolated,isolated,ours,15,5,total_ms,13.528032,recorder
20260827-022806_perlmutter_5bc126dd,ours_l01_s2_trace-610042_b8_k8_isolated,isolated,ours,15,6,total_ms,13.641824,recorder
20260827-022806_perlmutter_5bc126dd,ours_l01_s2_trace-610042_b8_k8_isolated,isolated,ours,15,7,total_ms,13.623616,recorder
20260827-022806_perlmutter_5bc126dd,ours_l01_s2_trace-610042_b8_k8_isolated,isolated,ours,15,8,total_ms,13.416448,recorder
20260827-022806_perlmutter_5bc126dd,ours_l01_s2_trace-610042_b8_k8_isolated,isolated,ours,15,9,total_ms,13.67584,recorder
20260827-022806_perlmutter_5bc126dd,ours_l01_s2_trace-610042_b8_k8_isolated,isolated,ours,15,0,iso_sync_ms,7.822941,recorder
20260827-022806_perlmutter_5bc126dd,ours_l01_s2_trace-610042_b8_k8_isolated,isolated,ours,15,1,iso_sync_ms,7.941871,recorder
20260827-022806_perlmutter_5bc126dd,ours_l01_s2_trace-610042_b8_k8_isolated,isolated,ours,15,2,iso_sync_ms,7.441634,recorder
20260827-022806_perlmutter_5bc126dd,ours_l01_s2_trace-610042_b8_k8_isolated,isolated,ours,15,3,iso_sync_ms,8.678473,recorder
20260827-022806_perlmutter_5bc126dd,ours_l01_s2_trace-610042_b8_k8_isolated,isolated,ours,15,4,iso_sync_ms,8.187946,recorder
20260827-022806_perlmutter_5bc126dd,ours_l01_s2_trace-610042_b8_k8_isolated,isolated,ours,15,5,iso_sync_ms,7.478114,recorder
20260827-022806_perlmutter_5bc126dd,ours_l01_s2_trace-610042_b8_k8_isolated,isolated,ours,15,6,iso_sync_ms,7.719952,recorder
20260827-022806_perlmutter_5bc126dd,ours_l01_s2_trace-610042_b8_k8_isolated,isolated,ours,15,7,iso_sync_ms,7.918104,recorder
20260827-022806_perlmutter_5bc126dd,ours_l01_s2_trace-610042_b8_k8_isolated,isolated,ours,15,8,iso_sync_ms,7.979763,recorder
20260827-022806_perlmutter_5bc126dd,ours_l01_s2_trace-610042_b8_k8_isolated,isolated,ours,15,9,iso_sync_ms,7.681888,recorder
20260827-022806_perlmutter_5bc126dd,ours_l01_s2_oracle_trace-610042_b8_k8_isolated,isolated,ours,0,0,e2e_ms,70.351585,recorder
20260827-022806_perlmutter_5bc126dd,ours_l01_s2_oracle_trace-610042_b8_k8_isolated,isolated,ours,0,1,e2e_ms,71.473213,recorder
20260827-022806_perlmutter_5bc126dd,ours_l01_s2_oracle_trace-610042_b8_k8_isolated,isolated,ours,0,2,e2e_ms,71.257469,recorder
20260827-022806_perlmutter_5bc126dd,ours_l01_s2_oracle_trace-610042_b8_k8_isolated,isolated,ours,0,3,e2e_ms,69.039742,recorder
20260827-022806_perlmutter_5bc126dd,ours_l01_s2_oracle_trace-610042_b8_k8_isolated,isolated,ours,0,4,e2e_ms,69.751587,recorder
20260827-022806_perlmutter_5bc126dd,ours_l01_s2_oracle_trace-610042_b8_k8_isolated,isolated,ours,0,5,e2e_ms,69.464516,recorder
20260827-022806_perlmutter_5bc126dd,ours_l01_s2_oracle_trace-610042_b8_k8_isolated,isolated,ours,0,6,e2e_ms,70.287361,recorder
20260827-022806_perlmutter_5bc126dd,ours_l01_s2_oracle_trace-610042_b8_k8_isolated,isolated,ours,0,7,e2e_ms,70.637123,recorder
20260827-022806_perlmutter_5bc126dd,ours_l01_s2_oracle_trace-610042_b8_k8_isolated,isolated,ours,0,8,e2e_ms,68.218689,recorder
20260827-022806_perlmutter_5bc126dd,ours_l01_s2_oracle_trace-610042_b8_k8_isolated,isolated,ours,0,9,e2e_ms,70.867233,recorder
20260827-022806_perlmutter_5bc126dd,ours_l01_s2_oracle_trace-610042_b8_k8_isolated,isolated,ours,0,0,l0_ms,5.41952,recorder
20260827-022806_perlmutter_5bc126dd,ours_l01_s2_oracle_trace-610042_b8_k8_isolated,isolated,ours,0,1,l0_ms,5.001248,recorder
20260827-022806_perlmutter_5bc126dd,ours_l01_s2_oracle_trace-610042_b8_k8_isolated,isolated,ours,0,2,l0_ms,4.776832,recorder
20260827-022806_perlmutter_5bc126dd,ours_l01_s2_oracle_trace-610042_b8_k8_isolated,isolated,ours,0,3,l0_ms,5.355136,recorder
20260827-022806_perlmutter_5bc126dd,ours_l01_s2_oracle_trace-610042_b8_k8_isolated,isolated,ours,0,4,l0_ms,5.200576,recorder
20260827-022806_perlmutter_5bc126dd,ours_l01_s2_oracle_trace-610042_b8_k8_isolated,isolated,ours,0,5,l0_ms,4.96896,recorder
20260827-022806_perlmutter_5bc126dd,ours_l01_s2_oracle_trace-610042_b8_k8_isolated,isolated,ours,0,6,l0_ms,5.035584,recorder
20260827-022806_perlmutter_5bc126dd,ours_l01_s2_oracle_trace-610042_b8_k8_isolated,isolated,ours,0,7,l0_ms,5.266144,recorder
20260827-022806_perlmutter_5bc126dd,ours_l01_s2_oracle_trace-610042_b8_k8_isolated,isolated,ours,0,8,l0_ms,5.35872,recorder
20260827-022806_perlmutter_5bc126dd,ours_l01_s2_oracle_trace-610042_b8_k8_isolated,isolated,ours,0,9,l0_ms,4.933056,recorder
20260827-022806_perlmutter_5bc126dd,ours_l01_s2_oracle_trace-610042_b8_k8_isolated,isolated,ours,0,0,act_ms,0.045952,recorder
20260827-022806_perlmutter_5bc126dd,ours_l01_s2_oracle_trace-610042_b8_k8_isolated,isolated,ours,0,1,act_ms,0.046464,recorder
20260827-022806_perlmutter_5bc126dd,ours_l01_s2_oracle_trace-610042_b8_k8_isolated,isolated,ours,0,2,act_ms,0.045696,recorder
20260827-022806_perlmutter_5bc126dd,ours_l01_s2_oracle_trace-610042_b8_k8_isolated,isolated,ours,0,3,act_ms,0.049344,recorder
20260827-022806_perlmutter_5bc126dd,ours_l01_s2_oracle_trace-610042_b8_k8_isolated,isolated,ours,0,4,act_ms,0.041376,recorder
20260827-022806_perlmutter_5bc126dd,ours_l01_s2_oracle_trace-610042_b8_k8_isolated,isolated,ours,0,5,act_ms,0.042848,recorder
20260827-022806_perlmutter_5bc126dd,ours_l01_s2_oracle_trace-610042_b8_k8_isolated,isolated,ours,0,6,act_ms,0.041952,recorder
20260827-022806_perlmutter_5bc126dd,ours_l01_s2_oracle_trace-610042_b8_k8_isolated,isolated,ours,0,7,act_ms,0.042336,recorder
20260827-022806_perlmutter_5bc126dd,ours_l01_s2_oracle_trace-610042_b8_k8_isolated,isolated,ours,0,8,act_ms,0.049408,recorder
20260827-022806_perlmutter_5bc126dd,ours_l01_s2_oracle_trace-610042_b8_k8_isolated,isolated,ours,0,9,act_ms,0.050496,recorder
20260827-022806_perlmutter_5bc126dd,ours_l01_s2_oracle_trace-610042_b8_k8_isolated,isolated,ours,0,0,l1_ms,64.886108,recorder
20260827-022806_perlmutter_5bc126dd,ours_l01_s2_oracle_trace-610042_b8_k8_isolated,isolated,ours,0,1,l1_ms,66.425507,recorder
20260827-022806_perlmutter_5bc126dd,ours_l01_s2_oracle_trace-610042_b8_k8_isolated,isolated,ours,0,2,l1_ms,66.434944,recorder
20260827-022806_perlmutter_5bc126dd,ours_l01_s2_oracle_trace-610042_b8_k8_isolated,isolated,ours,0,3,l1_ms,63.635265,recorder
20260827-022806_perlmutter_5bc126dd,ours_l01_s2_oracle_trace-610042_b8_k8_isolated,isolated,ours,0,4,l1_ms,64.509628,recorder
20260827-022806_perlmutter_5bc126dd,ours_l01_s2_oracle_trace-610042_b8_k8_isolated,isolated,ours,0,5,l1_ms,64.452705,recorder
20260827-022806_perlmutter_5bc126dd,ours_l01_s2_oracle_trace-610042_b8_k8_isolated,isolated,ours,0,6,l1_ms,65.209824,recorder
20260827-022806_perlmutter_5bc126dd,ours_l01_s2_oracle_trace-610042_b8_k8_isolated,isolated,ours,0,7,l1_ms,65.328644,recorder
20260827-022806_perlmutter_5bc126dd,ours_l01_s2_oracle_trace-610042_b8_k8_isolated,isolated,ours,0,8,l1_ms,62.810558,recorder
20260827-022806_perlmutter_5bc126dd,ours_l01_s2_oracle_trace-610042_b8_k8_isolated,isolated,ours,0,9,l1_ms,65.883682,recorder
20260827-022806_perlmutter_5bc126dd,ours_l01_s2_oracle_trace-610042_b8_k8_isolated,isolated,ours,0,0,plan_comm_ms,0.689408,recorder
20260827-022806_perlmutter_5bc126dd,ours_l01_s2_oracle_trace-610042_b8_k8_isolated,isolated,ours,0,1,plan_comm_ms,0.237536,recorder
20260827-022806_perlmutter_5bc126dd,ours_l01_s2_oracle_trace-610042_b8_k8_isolated,isolated,ours,0,2,plan_comm_ms,0.6032,recorder
20260827-022806_perlmutter_5bc126dd,ours_l01_s2_oracle_trace-610042_b8_k8_isolated,isolated,ours,0,3,plan_comm_ms,0.249184,recorder
20260827-022806_perlmutter_5bc126dd,ours_l01_s2_oracle_trace-610042_b8_k8_isolated,isolated,ours,0,4,plan_comm_ms,0.233376,recorder
20260827-022806_perlmutter_5bc126dd,ours_l01_s2_oracle_trace-610042_b8_k8_isolated,isolated,ours,0,5,plan_comm_ms,0.232288,recorder
20260827-022806_perlmutter_5bc126dd,ours_l01_s2_oracle_trace-610042_b8_k8_isolated,isolated,ours,0,6,plan_comm_ms,0.530496,recorder
20260827-022806_perlmutter_5bc126dd,ours_l01_s2_oracle_trace-610042_b8_k8_isolated,isolated,ours,0,7,plan_comm_ms,0.228704,recorder
20260827-022806_perlmutter_5bc126dd,ours_l01_s2_oracle_trace-610042_b8_k8_isolated,isolated,ours,0,8,plan_comm_ms,0.713504,recorder
20260827-022806_perlmutter_5bc126dd,ours_l01_s2_oracle_trace-610042_b8_k8_isolated,isolated,ours,0,9,plan_comm_ms,0.242656,recorder
20260827-022806_perlmutter_5bc126dd,ours_l01_s2_oracle_trace-610042_b8_k8_isolated,isolated,ours,0,0,place_ms,121.718849,recorder
20260827-022806_perlmutter_5bc126dd,ours_l01_s2_oracle_trace-610042_b8_k8_isolated,isolated,ours,0,1,place_ms,122.276062,recorder
20260827-022806_perlmutter_5bc126dd,ours_l01_s2_oracle_trace-610042_b8_k8_isolated,isolated,ours,0,2,place_ms,123.027039,recorder
20260827-022806_perlmutter_5bc126dd,ours_l01_s2_oracle_trace-610042_b8_k8_isolated,isolated,ours,0,3,place_ms,122.641472,recorder
20260827-022806_perlmutter_5bc126dd,ours_l01_s2_oracle_trace-610042_b8_k8_isolated,isolated,ours,0,4,place_ms,121.816093,recorder
20260827-022806_perlmutter_5bc126dd,ours_l01_s2_oracle_trace-610042_b8_k8_isolated,isolated,ours,0,5,place_ms,120.800735,recorder
20260827-022806_perlmutter_5bc126dd,ours_l01_s2_oracle_trace-610042_b8_k8_isolated,isolated,ours,0,6,place_ms,126.549568,recorder
20260827-022806_perlmutter_5bc126dd,ours_l01_s2_oracle_trace-610042_b8_k8_isolated,isolated,ours,0,7,place_ms,120.972961,recorder
20260827-022806_perlmutter_5bc126dd,ours_l01_s2_oracle_trace-610042_b8_k8_isolated,isolated,ours,0,8,place_ms,122.746178,recorder
20260827-022806_perlmutter_5bc126dd,ours_l01_s2_oracle_trace-610042_b8_k8_isolated,isolated,ours,0,9,place_ms,120.464989,recorder
20260827-022806_perlmutter_5bc126dd,ours_l01_s2_oracle_trace-610042_b8_k8_isolated,isolated,ours,0,0,plan_ms,4.080288,recorder
20260827-022806_perlmutter_5bc126dd,ours_l01_s2_oracle_trace-610042_b8_k8_isolated,isolated,ours,0,1,plan_ms,3.4984,recorder
20260827-022806_perlmutter_5bc126dd,ours_l01_s2_oracle_trace-610042_b8_k8_isolated,isolated,ours,0,2,plan_ms,1.845984,recorder
20260827-022806_perlmutter_5bc126dd,ours_l01_s2_oracle_trace-610042_b8_k8_isolated,isolated,ours,0,3,plan_ms,3.366976,recorder
20260827-022806_perlmutter_5bc126dd,ours_l01_s2_oracle_trace-610042_b8_k8_isolated,isolated,ours,0,4,plan_ms,3.834496,recorder
20260827-022806_perlmutter_5bc126dd,ours_l01_s2_oracle_trace-610042_b8_k8_isolated,isolated,ours,0,5,plan_ms,3.860608,recorder
20260827-022806_perlmutter_5bc126dd,ours_l01_s2_oracle_trace-610042_b8_k8_isolated,isolated,ours,0,6,plan_ms,4.510016,recorder
20260827-022806_perlmutter_5bc126dd,ours_l01_s2_oracle_trace-610042_b8_k8_isolated,isolated,ours,0,7,plan_ms,4.031392,recorder
20260827-022806_perlmutter_5bc126dd,ours_l01_s2_oracle_trace-610042_b8_k8_isolated,isolated,ours,0,8,plan_ms,5.745856,recorder
20260827-022806_perlmutter_5bc126dd,ours_l01_s2_oracle_trace-610042_b8_k8_isolated,isolated,ours,0,9,plan_ms,5.221472,recorder
20260827-022806_perlmutter_5bc126dd,ours_l01_s2_oracle_trace-610042_b8_k8_isolated,isolated,ours,0,0,total_ms,196.854782,recorder
20260827-022806_perlmutter_5bc126dd,ours_l01_s2_oracle_trace-610042_b8_k8_isolated,isolated,ours,0,1,total_ms,197.498856,recorder
20260827-022806_perlmutter_5bc126dd,ours_l01_s2_oracle_trace-610042_b8_k8_isolated,isolated,ours,0,2,total_ms,196.748413,recorder
20260827-022806_perlmutter_5bc126dd,ours_l01_s2_oracle_trace-610042_b8_k8_isolated,isolated,ours,0,3,total_ms,195.311462,recorder
20260827-022806_perlmutter_5bc126dd,ours_l01_s2_oracle_trace-610042_b8_k8_isolated,isolated,ours,0,4,total_ms,195.648697,recorder
20260827-022806_perlmutter_5bc126dd,ours_l01_s2_oracle_trace-610042_b8_k8_isolated,isolated,ours,0,5,total_ms,194.371353,recorder
20260827-022806_perlmutter_5bc126dd,ours_l01_s2_oracle_trace-610042_b8_k8_isolated,isolated,ours,0,6,total_ms,201.891739,recorder
20260827-022806_perlmutter_5bc126dd,ours_l01_s2_oracle_trace-610042_b8_k8_isolated,isolated,ours,0,7,total_ms,195.884125,recorder
20260827-022806_perlmutter_5bc126dd,ours_l01_s2_oracle_trace-610042_b8_k8_isolated,isolated,ours,0,8,total_ms,197.437561,recorder
20260827-022806_perlmutter_5bc126dd,ours_l01_s2_oracle_trace-610042_b8_k8_isolated,isolated,ours,0,9,total_ms,196.809601,recorder
20260827-022806_perlmutter_5bc126dd,ours_l01_s2_oracle_trace-610042_b8_k8_isolated,isolated,ours,0,0,iso_sync_ms,0.749326,recorder
20260827-022806_perlmutter_5bc126dd,ours_l01_s2_oracle_trace-610042_b8_k8_isolated,isolated,ours,0,1,iso_sync_ms,0.713146,recorder
20260827-022806_perlmutter_5bc126dd,ours_l01_s2_oracle_trace-610042_b8_k8_isolated,isolated,ours,0,2,iso_sync_ms,0.577494,recorder
20260827-022806_perlmutter_5bc126dd,ours_l01_s2_oracle_trace-610042_b8_k8_isolated,isolated,ours,0,3,iso_sync_ms,0.510685,recorder
20260827-022806_perlmutter_5bc126dd,ours_l01_s2_oracle_trace-610042_b8_k8_isolated,isolated,ours,0,4,iso_sync_ms,0.717315,recorder
20260827-022806_perlmutter_5bc126dd,ours_l01_s2_oracle_trace-610042_b8_k8_isolated,isolated,ours,0,5,iso_sync_ms,0.526687,recorder
20260827-022806_perlmutter_5bc126dd,ours_l01_s2_oracle_trace-610042_b8_k8_isolated,isolated,ours,0,6,iso_sync_ms,0.780346,recorder
20260827-022806_perlmutter_5bc126dd,ours_l01_s2_oracle_trace-610042_b8_k8_isolated,isolated,ours,0,7,iso_sync_ms,0.596983,recorder
20260827-022806_perlmutter_5bc126dd,ours_l01_s2_oracle_trace-610042_b8_k8_isolated,isolated,ours,0,8,iso_sync_ms,1.152524,recorder
20260827-022806_perlmutter_5bc126dd,ours_l01_s2_oracle_trace-610042_b8_k8_isolated,isolated,ours,0,9,iso_sync_ms,0.250894,recorder
20260827-022806_perlmutter_5bc126dd,ours_l01_s2_oracle_trace-610042_b8_k8_isolated,isolated,ours,1,0,e2e_ms,70.420029,recorder
20260827-022806_perlmutter_5bc126dd,ours_l01_s2_oracle_trace-610042_b8_k8_isolated,isolated,ours,1,1,e2e_ms,71.60611,recorder
20260827-022806_perlmutter_5bc126dd,ours_l01_s2_oracle_trace-610042_b8_k8_isolated,isolated,ours,1,2,e2e_ms,71.286659,recorder
20260827-022806_perlmutter_5bc126dd,ours_l01_s2_oracle_trace-610042_b8_k8_isolated,isolated,ours,1,3,e2e_ms,69.09552,recorder
20260827-022806_perlmutter_5bc126dd,ours_l01_s2_oracle_trace-610042_b8_k8_isolated,isolated,ours,1,4,e2e_ms,69.753021,recorder
20260827-022806_perlmutter_5bc126dd,ours_l01_s2_oracle_trace-610042_b8_k8_isolated,isolated,ours,1,5,e2e_ms,69.476578,recorder
20260827-022806_perlmutter_5bc126dd,ours_l01_s2_oracle_trace-610042_b8_k8_isolated,isolated,ours,1,6,e2e_ms,70.264351,recorder
20260827-022806_perlmutter_5bc126dd,ours_l01_s2_oracle_trace-610042_b8_k8_isolated,isolated,ours,1,7,e2e_ms,70.556221,recorder
20260827-022806_perlmutter_5bc126dd,ours_l01_s2_oracle_trace-610042_b8_k8_isolated,isolated,ours,1,8,e2e_ms,68.212959,recorder
20260827-022806_perlmutter_5bc126dd,ours_l01_s2_oracle_trace-610042_b8_k8_isolated,isolated,ours,1,9,e2e_ms,70.878845,recorder
20260827-022806_perlmutter_5bc126dd,ours_l01_s2_oracle_trace-610042_b8_k8_isolated,isolated,ours,1,0,l0_ms,5.227616,recorder
20260827-022806_perlmutter_5bc126dd,ours_l01_s2_oracle_trace-610042_b8_k8_isolated,isolated,ours,1,1,l0_ms,5.015104,recorder
20260827-022806_perlmutter_5bc126dd,ours_l01_s2_oracle_trace-610042_b8_k8_isolated,isolated,ours,1,2,l0_ms,5.058592,recorder
20260827-022806_perlmutter_5bc126dd,ours_l01_s2_oracle_trace-610042_b8_k8_isolated,isolated,ours,1,3,l0_ms,5.577344,recorder
20260827-022806_perlmutter_5bc126dd,ours_l01_s2_oracle_trace-610042_b8_k8_isolated,isolated,ours,1,4,l0_ms,5.229344,recorder
20260827-022806_perlmutter_5bc126dd,ours_l01_s2_oracle_trace-610042_b8_k8_isolated,isolated,ours,1,5,l0_ms,4.911328,recorder
20260827-022806_perlmutter_5bc126dd,ours_l01_s2_oracle_trace-610042_b8_k8_isolated,isolated,ours,1,6,l0_ms,4.951456,recorder
20260827-022806_perlmutter_5bc126dd,ours_l01_s2_oracle_trace-610042_b8_k8_isolated,isolated,ours,1,7,l0_ms,5.106464,recorder
20260827-022806_perlmutter_5bc126dd,ours_l01_s2_oracle_trace-610042_b8_k8_isolated,isolated,ours,1,8,l0_ms,5.534848,recorder
20260827-022806_perlmutter_5bc126dd,ours_l01_s2_oracle_trace-610042_b8_k8_isolated,isolated,ours,1,9,l0_ms,4.920768,recorder
20260827-022806_perlmutter_5bc126dd,ours_l01_s2_oracle_trace-610042_b8_k8_isolated,isolated,ours,1,0,act_ms,0.049536,recorder
20260827-022806_perlmutter_5bc126dd,ours_l01_s2_oracle_trace-610042_b8_k8_isolated,isolated,ours,1,1,act_ms,0.038528,recorder
20260827-022806_perlmutter_5bc126dd,ours_l01_s2_oracle_trace-610042_b8_k8_isolated,isolated,ours,1,2,act_ms,0.038848,recorder
20260827-022806_perlmutter_5bc126dd,ours_l01_s2_oracle_trace-610042_b8_k8_isolated,isolated,ours,1,3,act_ms,0.0464,recorder
20260827-022806_perlmutter_5bc126dd,ours_l01_s2_oracle_trace-610042_b8_k8_isolated,isolated,ours,1,4,act_ms,0.052448,recorder
20260827-022806_perlmutter_5bc126dd,ours_l01_s2_oracle_trace-610042_b8_k8_isolated,isolated,ours,1,5,act_ms,0.038816,recorder
20260827-022806_perlmutter_5bc126dd,ours_l01_s2_oracle_trace-610042_b8_k8_isolated,isolated,ours,1,6,act_ms,0.044512,recorder
20260827-022806_perlmutter_5bc126dd,ours_l01_s2_oracle_trace-610042_b8_k8_isolated,isolated,ours,1,7,act_ms,0.046016,recorder
20260827-022806_perlmutter_5bc126dd,ours_l01_s2_oracle_trace-610042_b8_k8_isolated,isolated,ours,1,8,act_ms,0.047136,recorder
20260827-022806_perlmutter_5bc126dd,ours_l01_s2_oracle_trace-610042_b8_k8_isolated,isolated,ours,1,9,act_ms,0.044448,recorder
20260827-022806_perlmutter_5bc126dd,ours_l01_s2_oracle_trace-610042_b8_k8_isolated,isolated,ours,1,0,l1_ms,65.142883,recorder
20260827-022806_perlmutter_5bc126dd,ours_l01_s2_oracle_trace-610042_b8_k8_isolated,isolated,ours,1,1,l1_ms,66.552483,recorder
20260827-022806_perlmutter_5bc126dd,ours_l01_s2_oracle_trace-610042_b8_k8_isolated,isolated,ours,1,2,l1_ms,66.189217,recorder
20260827-022806_perlmutter_5bc126dd,ours_l01_s2_oracle_trace-610042_b8_k8_isolated,isolated,ours,1,3,l1_ms,63.471775,recorder
20260827-022806_perlmutter_5bc126dd,ours_l01_s2_oracle_trace-610042_b8_k8_isolated,isolated,ours,1,4,l1_ms,64.47123,recorder
20260827-022806_perlmutter_5bc126dd,ours_l01_s2_oracle_trace-610042_b8_k8_isolated,isolated,ours,1,5,l1_ms,64.526428,recorder
20260827-022806_perlmutter_5bc126dd,ours_l01_s2_oracle_trace-610042_b8_k8_isolated,isolated,ours,1,6,l1_ms,65.268387,recorder
20260827-022806_perlmutter_5bc126dd,ours_l01_s2_oracle_trace-610042_b8_k8_isolated,isolated,ours,1,7,l1_ms,65.403748,recorder
20260827-022806_perlmutter_5bc126dd,ours_l01_s2_oracle_trace-610042_b8_k8_isolated,isolated,ours,1,8,l1_ms,62.630978,recorder
20260827-022806_perlmutter_5bc126dd,ours_l01_s2_oracle_trace-610042_b8_k8_isolated,isolated,ours,1,9,l1_ms,65.913635,recorder
20260827-022806_perlmutter_5bc126dd,ours_l01_s2_oracle_trace-610042_b8_k8_isolated,isolated,ours,1,0,plan_comm_ms,0.686464,recorder
20260827-022806_perlmutter_5bc126dd,ours_l01_s2_oracle_trace-610042_b8_k8_isolated,isolated,ours,1,1,plan_comm_ms,0.237344,recorder
20260827-022806_perlmutter_5bc126dd,ours_l01_s2_oracle_trace-610042_b8_k8_isolated,isolated,ours,1,2,plan_comm_ms,0.598912,recorder
20260827-022806_perlmutter_5bc126dd,ours_l01_s2_oracle_trace-610042_b8_k8_isolated,isolated,ours,1,3,plan_comm_ms,0.251328,recorder
20260827-022806_perlmutter_5bc126dd,ours_l01_s2_oracle_trace-610042_b8_k8_isolated,isolated,ours,1,4,plan_comm_ms,0.235424,recorder
20260827-022806_perlmutter_5bc126dd,ours_l01_s2_oracle_trace-610042_b8_k8_isolated,isolated,ours,1,5,plan_comm_ms,0.229408,recorder
20260827-022806_perlmutter_5bc126dd,ours_l01_s2_oracle_trace-610042_b8_k8_isolated,isolated,ours,1,6,plan_comm_ms,0.4776,recorder
20260827-022806_perlmutter_5bc126dd,ours_l01_s2_oracle_trace-610042_b8_k8_isolated,isolated,ours,1,7,plan_comm_ms,0.229568,recorder
20260827-022806_perlmutter_5bc126dd,ours_l01_s2_oracle_trace-610042_b8_k8_isolated,isolated,ours,1,8,plan_comm_ms,0.7168,recorder
20260827-022806_perlmutter_5bc126dd,ours_l01_s2_oracle_trace-610042_b8_k8_isolated,isolated,ours,1,9,plan_comm_ms,0.242816,recorder
20260827-022806_perlmutter_5bc126dd,ours_l01_s2_oracle_trace-610042_b8_k8_isolated,isolated,ours,1,0,place_ms,118.657822,recorder
20260827-022806_perlmutter_5bc126dd,ours_l01_s2_oracle_trace-610042_b8_k8_isolated,isolated,ours,1,1,place_ms,118.114494,recorder
20260827-022806_perlmutter_5bc126dd,ours_l01_s2_oracle_trace-610042_b8_k8_isolated,isolated,ours,1,2,place_ms,117.863617,recorder
20260827-022806_perlmutter_5bc126dd,ours_l01_s2_oracle_trace-610042_b8_k8_isolated,isolated,ours,1,3,place_ms,118.449379,recorder
20260827-022806_perlmutter_5bc126dd,ours_l01_s2_oracle_trace-610042_b8_k8_isolated,isolated,ours,1,4,place_ms,117.996353,recorder
20260827-022806_perlmutter_5bc126dd,ours_l01_s2_oracle_trace-610042_b8_k8_isolated,isolated,ours,1,5,place_ms,118.157951,recorder
20260827-022806_perlmutter_5bc126dd,ours_l01_s2_oracle_trace-610042_b8_k8_isolated,isolated,ours,1,6,place_ms,122.682243,recorder
20260827-022806_perlmutter_5bc126dd,ours_l01_s2_oracle_trace-610042_b8_k8_isolated,isolated,ours,1,7,place_ms,118.558914,recorder
20260827-022806_perlmutter_5bc126dd,ours_l01_s2_oracle_trace-610042_b8_k8_isolated,isolated,ours,1,8,place_ms,119.400734,recorder
20260827-022806_perlmutter_5bc126dd,ours_l01_s2_oracle_trace-610042_b8_k8_isolated,isolated,ours,1,9,place_ms,118.6409,recorder
20260827-022806_perlmutter_5bc126dd,ours_l01_s2_oracle_trace-610042_b8_k8_isolated,isolated,ours,1,0,plan_ms,7.088096,recorder
20260827-022806_perlmutter_5bc126dd,ours_l01_s2_oracle_trace-610042_b8_k8_isolated,isolated,ours,1,1,plan_ms,7.532224,recorder
20260827-022806_perlmutter_5bc126dd,ours_l01_s2_oracle_trace-610042_b8_k8_isolated,isolated,ours,1,2,plan_ms,6.98416,recorder
20260827-022806_perlmutter_5bc126dd,ours_l01_s2_oracle_trace-610042_b8_k8_isolated,isolated,ours,1,3,plan_ms,7.517792,recorder
20260827-022806_perlmutter_5bc126dd,ours_l01_s2_oracle_trace-610042_b8_k8_isolated,isolated,ours,1,4,plan_ms,7.656672,recorder
20260827-022806_perlmutter_5bc126dd,ours_l01_s2_oracle_trace-610042_b8_k8_isolated,isolated,ours,1,5,plan_ms,6.49728,recorder
20260827-022806_perlmutter_5bc126dd,ours_l01_s2_oracle_trace-610042_b8_k8_isolated,isolated,ours,1,6,plan_ms,8.423968,recorder
20260827-022806_perlmutter_5bc126dd,ours_l01_s2_oracle_trace-610042_b8_k8_isolated,isolated,ours,1,7,plan_ms,6.53232,recorder
20260827-022806_perlmutter_5bc126dd,ours_l01_s2_oracle_trace-610042_b8_k8_isolated,isolated,ours,1,8,plan_ms,9.097888,recorder
20260827-022806_perlmutter_5bc126dd,ours_l01_s2_oracle_trace-610042_b8_k8_isolated,isolated,ours,1,9,plan_ms,7.037248,recorder
20260827-022806_perlmutter_5bc126dd,ours_l01_s2_oracle_trace-610042_b8_k8_isolated,isolated,ours,1,0,total_ms,196.86554,recorder
20260827-022806_perlmutter_5bc126dd,ours_l01_s2_oracle_trace-610042_b8_k8_isolated,isolated,ours,1,1,total_ms,197.504669,recorder
20260827-022806_perlmutter_5bc126dd,ours_l01_s2_oracle_trace-610042_b8_k8_isolated,isolated,ours,1,2,total_ms,196.748062,recorder
20260827-022806_perlmutter_5bc126dd,ours_l01_s2_oracle_trace-610042_b8_k8_isolated,isolated,ours,1,3,total_ms,195.327652,recorder
20260827-022806_perlmutter_5bc126dd,ours_l01_s2_oracle_trace-610042_b8_k8_isolated,isolated,ours,1,4,total_ms,195.655899,recorder
20260827-022806_perlmutter_5bc126dd,ours_l01_s2_oracle_trace-610042_b8_k8_isolated,isolated,ours,1,5,total_ms,194.375427,recorder
20260827-022806_perlmutter_5bc126dd,ours_l01_s2_oracle_trace-610042_b8_k8_isolated,isolated,ours,1,6,total_ms,201.863129,recorder
20260827-022806_perlmutter_5bc126dd,ours_l01_s2_oracle_trace-610042_b8_k8_isolated,isolated,ours,1,7,total_ms,195.890335,recorder
20260827-022806_perlmutter_5bc126dd,ours_l01_s2_oracle_trace-610042_b8_k8_isolated,isolated,ours,1,8,total_ms,197.443069,recorder
20260827-022806_perlmutter_5bc126dd,ours_l01_s2_oracle_trace-610042_b8_k8_isolated,isolated,ours,1,9,total_ms,196.814301,recorder
20260827-022806_perlmutter_5bc126dd,ours_l01_s2_oracle_trace-610042_b8_k8_isolated,isolated,ours,1,0,iso_sync_ms,0.786107,recorder
20260827-022806_perlmutter_5bc126dd,ours_l01_s2_oracle_trace-610042_b8_k8_isolated,isolated,ours,1,1,iso_sync_ms,0.716603,recorder
20260827-022806_perlmutter_5bc126dd,ours_l01_s2_oracle_trace-610042_b8_k8_isolated,isolated,ours,1,2,iso_sync_ms,0.5906,recorder
20260827-022806_perlmutter_5bc126dd,ours_l01_s2_oracle_trace-610042_b8_k8_isolated,isolated,ours,1,3,iso_sync_ms,0.516066,recorder
20260827-022806_perlmutter_5bc126dd,ours_l01_s2_oracle_trace-610042_b8_k8_isolated,isolated,ours,1,4,iso_sync_ms,0.706123,recorder
20260827-022806_perlmutter_5bc126dd,ours_l01_s2_oracle_trace-610042_b8_k8_isolated,isolated,ours,1,5,iso_sync_ms,0.531846,recorder
20260827-022806_perlmutter_5bc126dd,ours_l01_s2_oracle_trace-610042_b8_k8_isolated,isolated,ours,1,6,iso_sync_ms,0.260292,recorder
20260827-022806_perlmutter_5bc126dd,ours_l01_s2_oracle_trace-610042_b8_k8_isolated,isolated,ours,1,7,iso_sync_ms,0.582755,recorder
20260827-022806_perlmutter_5bc126dd,ours_l01_s2_oracle_trace-610042_b8_k8_isolated,isolated,ours,1,8,iso_sync_ms,1.139229,recorder
20260827-022806_perlmutter_5bc126dd,ours_l01_s2_oracle_trace-610042_b8_k8_isolated,isolated,ours,1,9,iso_sync_ms,0.253359,recorder
20260827-022806_perlmutter_5bc126dd,ours_l01_s2_oracle_trace-610042_b8_k8_isolated,isolated,ours,2,0,e2e_ms,70.424156,recorder
20260827-022806_perlmutter_5bc126dd,ours_l01_s2_oracle_trace-610042_b8_k8_isolated,isolated,ours,2,1,e2e_ms,71.615166,recorder
20260827-022806_perlmutter_5bc126dd,ours_l01_s2_oracle_trace-610042_b8_k8_isolated,isolated,ours,2,2,e2e_ms,71.304291,recorder
20260827-022806_perlmutter_5bc126dd,ours_l01_s2_oracle_trace-610042_b8_k8_isolated,isolated,ours,2,3,e2e_ms,69.096001,recorder
20260827-022806_perlmutter_5bc126dd,ours_l01_s2_oracle_trace-610042_b8_k8_isolated,isolated,ours,2,4,e2e_ms,70.163521,recorder
20260827-022806_perlmutter_5bc126dd,ours_l01_s2_oracle_trace-610042_b8_k8_isolated,isolated,ours,2,5,e2e_ms,69.495392,recorder
20260827-022806_perlmutter_5bc126dd,ours_l01_s2_oracle_trace-610042_b8_k8_isolated,isolated,ours,2,6,e2e_ms,70.338692,recorder
20260827-022806_perlmutter_5bc126dd,ours_l01_s2_oracle_trace-610042_b8_k8_isolated,isolated,ours,2,7,e2e_ms,70.560608,recorder
20260827-022806_perlmutter_5bc126dd,ours_l01_s2_oracle_trace-610042_b8_k8_isolated,isolated,ours,2,8,e2e_ms,68.253693,recorder
20260827-022806_perlmutter_5bc126dd,ours_l01_s2_oracle_trace-610042_b8_k8_isolated,isolated,ours,2,9,e2e_ms,70.751007,recorder
20260827-022806_perlmutter_5bc126dd,ours_l01_s2_oracle_trace-610042_b8_k8_isolated,isolated,ours,2,0,l0_ms,5.412416,recorder
20260827-022806_perlmutter_5bc126dd,ours_l01_s2_oracle_trace-610042_b8_k8_isolated,isolated,ours,2,1,l0_ms,5.270656,recorder
20260827-022806_perlmutter_5bc126dd,ours_l01_s2_oracle_trace-610042_b8_k8_isolated,isolated,ours,2,2,l0_ms,4.692704,recorder
20260827-022806_perlmutter_5bc126dd,ours_l01_s2_oracle_trace-610042_b8_k8_isolated,isolated,ours,2,3,l0_ms,5.122624,recorder
20260827-022806_perlmutter_5bc126dd,ours_l01_s2_oracle_trace-610042_b8_k8_isolated,isolated,ours,2,4,l0_ms,5.39456,recorder
20260827-022806_perlmutter_5bc126dd,ours_l01_s2_oracle_trace-610042_b8_k8_isolated,isolated,ours,2,5,l0_ms,4.890752,recorder
20260827-022806_perlmutter_5bc126dd,ours_l01_s2_oracle_trace-610042_b8_k8_isolated,isolated,ours,2,6,l0_ms,4.809824,recorder
20260827-022806_perlmutter_5bc126dd,ours_l01_s2_oracle_trace-610042_b8_k8_isolated,isolated,ours,2,7,l0_ms,5.3504,recorder
20260827-022806_perlmutter_5bc126dd,ours_l01_s2_oracle_trace-610042_b8_k8_isolated,isolated,ours,2,8,l0_ms,5.402208,recorder
20260827-022806_perlmutter_5bc126dd,ours_l01_s2_oracle_trace-610042_b8_k8_isolated,isolated,ours,2,9,l0_ms,4.826304,recorder
20260827-022806_perlmutter_5bc126dd,ours_l01_s2_oracle_trace-610042_b8_k8_isolated,isolated,ours,2,0,act_ms,0.05152,recorder
20260827-022806_perlmutter_5bc126dd,ours_l01_s2_oracle_trace-610042_b8_k8_isolated,isolated,ours,2,1,act_ms,0.040992,recorder
20260827-022806_perlmutter_5bc126dd,ours_l01_s2_oracle_trace-610042_b8_k8_isolated,isolated,ours,2,2,act_ms,0.048064,recorder
20260827-022806_perlmutter_5bc126dd,ours_l01_s2_oracle_trace-610042_b8_k8_isolated,isolated,ours,2,3,act_ms,0.039456,recorder
20260827-022806_perlmutter_5bc126dd,ours_l01_s2_oracle_trace-610042_b8_k8_isolated,isolated,ours,2,4,act_ms,0.044736,recorder
20260827-022806_perlmutter_5bc126dd,ours_l01_s2_oracle_trace-610042_b8_k8_isolated,isolated,ours,2,5,act_ms,0.038464,recorder
20260827-022806_perlmutter_5bc126dd,ours_l01_s2_oracle_trace-610042_b8_k8_isolated,isolated,ours,2,6,act_ms,0.041952,recorder
20260827-022806_perlmutter_5bc126dd,ours_l01_s2_oracle_trace-610042_b8_k8_isolated,isolated,ours,2,7,act_ms,0.047296,recorder
20260827-022806_perlmutter_5bc126dd,ours_l01_s2_oracle_trace-610042_b8_k8_isolated,isolated,ours,2,8,act_ms,0.046112,recorder
20260827-022806_perlmutter_5bc126dd,ours_l01_s2_oracle_trace-610042_b8_k8_isolated,isolated,ours,2,9,act_ms,0.042784,recorder
20260827-022806_perlmutter_5bc126dd,ours_l01_s2_oracle_trace-610042_b8_k8_isolated,isolated,ours,2,0,l1_ms,64.96022,recorder
20260827-022806_perlmutter_5bc126dd,ours_l01_s2_oracle_trace-610042_b8_k8_isolated,isolated,ours,2,1,l1_ms,66.30352,recorder
20260827-022806_perlmutter_5bc126dd,ours_l01_s2_oracle_trace-610042_b8_k8_isolated,isolated,ours,2,2,l1_ms,66.563522,recorder
20260827-022806_perlmutter_5bc126dd,ours_l01_s2_oracle_trace-610042_b8_k8_isolated,isolated,ours,2,3,l1_ms,63.933922,recorder
20260827-022806_perlmutter_5bc126dd,ours_l01_s2_oracle_trace-610042_b8_k8_isolated,isolated,ours,2,4,l1_ms,64.72422,recorder
20260827-022806_perlmutter_5bc126dd,ours_l01_s2_oracle_trace-610042_b8_k8_isolated,isolated,ours,2,5,l1_ms,64.566177,recorder
20260827-022806_perlmutter_5bc126dd,ours_l01_s2_oracle_trace-610042_b8_k8_isolated,isolated,ours,2,6,l1_ms,65.486916,recorder
20260827-022806_perlmutter_5bc126dd,ours_l01_s2_oracle_trace-610042_b8_k8_isolated,isolated,ours,2,7,l1_ms,65.16291,recorder
20260827-022806_perlmutter_5bc126dd,ours_l01_s2_oracle_trace-610042_b8_k8_isolated,isolated,ours,2,8,l1_ms,62.805374,recorder
20260827-022806_perlmutter_5bc126dd,ours_l01_s2_oracle_trace-610042_b8_k8_isolated,isolated,ours,2,9,l1_ms,65.88192,recorder
20260827-022806_perlmutter_5bc126dd,ours_l01_s2_oracle_trace-610042_b8_k8_isolated,isolated,ours,2,0,plan_comm_ms,0.680064,recorder
20260827-022806_perlmutter_5bc126dd,ours_l01_s2_oracle_trace-610042_b8_k8_isolated,isolated,ours,2,1,plan_comm_ms,0.23264,recorder
20260827-022806_perlmutter_5bc126dd,ours_l01_s2_oracle_trace-610042_b8_k8_isolated,isolated,ours,2,2,plan_comm_ms,0.592896,recorder
20260827-022806_perlmutter_5bc126dd,ours_l01_s2_oracle_trace-610042_b8_k8_isolated,isolated,ours,2,3,plan_comm_ms,0.24864,recorder
20260827-022806_perlmutter_5bc126dd,ours_l01_s2_oracle_trace-610042_b8_k8_isolated,isolated,ours,2,4,plan_comm_ms,0.225728,recorder
20260827-022806_perlmutter_5bc126dd,ours_l01_s2_oracle_trace-610042_b8_k8_isolated,isolated,ours,2,5,plan_comm_ms,0.23072,recorder
20260827-022806_perlmutter_5bc126dd,ours_l01_s2_oracle_trace-610042_b8_k8_isolated,isolated,ours,2,6,plan_comm_ms,0.531616,recorder
20260827-022806_perlmutter_5bc126dd,ours_l01_s2_oracle_trace-610042_b8_k8_isolated,isolated,ours,2,7,plan_comm_ms,0.22848,recorder
20260827-022806_perlmutter_5bc126dd,ours_l01_s2_oracle_trace-610042_b8_k8_isolated,isolated,ours,2,8,plan_comm_ms,0.708672,recorder
20260827-022806_perlmutter_5bc126dd,ours_l01_s2_oracle_trace-610042_b8_k8_isolated,isolated,ours,2,9,plan_comm_ms,0.235904,recorder
20260827-022806_perlmutter_5bc126dd,ours_l01_s2_oracle_trace-610042_b8_k8_isolated,isolated,ours,2,0,place_ms,115.762848,recorder
20260827-022806_perlmutter_5bc126dd,ours_l01_s2_oracle_trace-610042_b8_k8_isolated,isolated,ours,2,1,place_ms,116.803009,recorder
20260827-022806_perlmutter_5bc126dd,ours_l01_s2_oracle_trace-610042_b8_k8_isolated,isolated,ours,2,2,place_ms,115.921791,recorder
20260827-022806_perlmutter_5bc126dd,ours_l01_s2_oracle_trace-610042_b8_k8_isolated,isolated,ours,2,3,place_ms,120.02829,recorder
20260827-022806_perlmutter_5bc126dd,ours_l01_s2_oracle_trace-610042_b8_k8_isolated,isolated,ours,2,4,place_ms,116.862755,recorder
20260827-022806_perlmutter_5bc126dd,ours_l01_s2_oracle_trace-610042_b8_k8_isolated,isolated,ours,2,5,place_ms,117.271523,recorder
20260827-022806_perlmutter_5bc126dd,ours_l01_s2_oracle_trace-610042_b8_k8_isolated,isolated,ours,2,6,place_ms,120.604897,recorder
20260827-022806_perlmutter_5bc126dd,ours_l01_s2_oracle_trace-610042_b8_k8_isolated,isolated,ours,2,7,place_ms,116.116898,recorder
20260827-022806_perlmutter_5bc126dd,ours_l01_s2_oracle_trace-610042_b8_k8_isolated,isolated,ours,2,8,place_ms,120.657021,recorder
20260827-022806_perlmutter_5bc126dd,ours_l01_s2_oracle_trace-610042_b8_k8_isolated,isolated,ours,2,9,place_ms,115.773567,recorder
20260827-022806_perlmutter_5bc126dd,ours_l01_s2_oracle_trace-610042_b8_k8_isolated,isolated,ours,2,0,plan_ms,9.976544,recorder
20260827-022806_perlmutter_5bc126dd,ours_l01_s2_oracle_trace-610042_b8_k8_isolated,isolated,ours,2,1,plan_ms,8.835872,recorder
20260827-022806_perlmutter_5bc126dd,ours_l01_s2_oracle_trace-610042_b8_k8_isolated,isolated,ours,2,2,plan_ms,8.920224,recorder
20260827-022806_perlmutter_5bc126dd,ours_l01_s2_oracle_trace-610042_b8_k8_isolated,isolated,ours,2,3,plan_ms,5.944864,recorder
20260827-022806_perlmutter_5bc126dd,ours_l01_s2_oracle_trace-610042_b8_k8_isolated,isolated,ours,2,4,plan_ms,8.759584,recorder
20260827-022806_perlmutter_5bc126dd,ours_l01_s2_oracle_trace-610042_b8_k8_isolated,isolated,ours,2,5,plan_ms,7.367712,recorder
20260827-022806_perlmutter_5bc126dd,ours_l01_s2_oracle_trace-610042_b8_k8_isolated,isolated,ours,2,6,plan_ms,10.432224,recorder
20260827-022806_perlmutter_5bc126dd,ours_l01_s2_oracle_trace-610042_b8_k8_isolated,isolated,ours,2,7,plan_ms,8.971744,recorder
20260827-022806_perlmutter_5bc126dd,ours_l01_s2_oracle_trace-610042_b8_k8_isolated,isolated,ours,2,8,plan_ms,7.80976,recorder
20260827-022806_perlmutter_5bc126dd,ours_l01_s2_oracle_trace-610042_b8_k8_isolated,isolated,ours,2,9,plan_ms,10.052032,recorder
20260827-022806_perlmutter_5bc126dd,ours_l01_s2_oracle_trace-610042_b8_k8_isolated,isolated,ours,2,0,total_ms,196.858521,recorder
20260827-022806_perlmutter_5bc126dd,ours_l01_s2_oracle_trace-610042_b8_k8_isolated,isolated,ours,2,1,total_ms,197.501862,recorder
20260827-022806_perlmutter_5bc126dd,ours_l01_s2_oracle_trace-610042_b8_k8_isolated,isolated,ours,2,2,total_ms,196.753159,recorder
20260827-022806_perlmutter_5bc126dd,ours_l01_s2_oracle_trace-610042_b8_k8_isolated,isolated,ours,2,3,total_ms,195.332733,recorder
20260827-022806_perlmutter_5bc126dd,ours_l01_s2_oracle_trace-610042_b8_k8_isolated,isolated,ours,2,4,total_ms,196.025604,recorder
20260827-022806_perlmutter_5bc126dd,ours_l01_s2_oracle_trace-610042_b8_k8_isolated,isolated,ours,2,5,total_ms,194.380066,recorder
20260827-022806_perlmutter_5bc126dd,ours_l01_s2_oracle_trace-610042_b8_k8_isolated,isolated,ours,2,6,total_ms,201.92128,recorder
20260827-022806_perlmutter_5bc126dd,ours_l01_s2_oracle_trace-610042_b8_k8_isolated,isolated,ours,2,7,total_ms,195.891846,recorder
20260827-022806_perlmutter_5bc126dd,ours_l01_s2_oracle_trace-610042_b8_k8_isolated,isolated,ours,2,8,total_ms,197.442566,recorder
20260827-022806_perlmutter_5bc126dd,ours_l01_s2_oracle_trace-610042_b8_k8_isolated,isolated,ours,2,9,total_ms,196.826309,recorder
20260827-022806_perlmutter_5bc126dd,ours_l01_s2_oracle_trace-610042_b8_k8_isolated,isolated,ours,2,0,iso_sync_ms,0.793271,recorder
20260827-022806_perlmutter_5bc126dd,ours_l01_s2_oracle_trace-610042_b8_k8_isolated,isolated,ours,2,1,iso_sync_ms,0.718036,recorder
20260827-022806_perlmutter_5bc126dd,ours_l01_s2_oracle_trace-610042_b8_k8_isolated,isolated,ours,2,2,iso_sync_ms,0.585971,recorder
20260827-022806_perlmutter_5bc126dd,ours_l01_s2_oracle_trace-610042_b8_k8_isolated,isolated,ours,2,3,iso_sync_ms,0.511828,recorder
20260827-022806_perlmutter_5bc126dd,ours_l01_s2_oracle_trace-610042_b8_k8_isolated,isolated,ours,2,4,iso_sync_ms,0.710281,recorder
20260827-022806_perlmutter_5bc126dd,ours_l01_s2_oracle_trace-610042_b8_k8_isolated,isolated,ours,2,5,iso_sync_ms,0.165519,recorder
20260827-022806_perlmutter_5bc126dd,ours_l01_s2_oracle_trace-610042_b8_k8_isolated,isolated,ours,2,6,iso_sync_ms,0.783251,recorder
20260827-022806_perlmutter_5bc126dd,ours_l01_s2_oracle_trace-610042_b8_k8_isolated,isolated,ours,2,7,iso_sync_ms,0.587674,recorder
20260827-022806_perlmutter_5bc126dd,ours_l01_s2_oracle_trace-610042_b8_k8_isolated,isolated,ours,2,8,iso_sync_ms,1.164167,recorder
20260827-022806_perlmutter_5bc126dd,ours_l01_s2_oracle_trace-610042_b8_k8_isolated,isolated,ours,2,9,iso_sync_ms,0.254531,recorder
20260827-022806_perlmutter_5bc126dd,ours_l01_s2_oracle_trace-610042_b8_k8_isolated,isolated,ours,3,0,e2e_ms,70.463295,recorder
20260827-022806_perlmutter_5bc126dd,ours_l01_s2_oracle_trace-610042_b8_k8_isolated,isolated,ours,3,1,e2e_ms,71.606529,recorder
20260827-022806_perlmutter_5bc126dd,ours_l01_s2_oracle_trace-610042_b8_k8_isolated,isolated,ours,3,2,e2e_ms,71.332771,recorder
20260827-022806_perlmutter_5bc126dd,ours_l01_s2_oracle_trace-610042_b8_k8_isolated,isolated,ours,3,3,e2e_ms,69.069183,recorder
20260827-022806_perlmutter_5bc126dd,ours_l01_s2_oracle_trace-610042_b8_k8_isolated,isolated,ours,3,4,e2e_ms,69.721375,recorder
20260827-022806_perlmutter_5bc126dd,ours_l01_s2_oracle_trace-610042_b8_k8_isolated,isolated,ours,3,5,e2e_ms,69.513763,recorder
20260827-022806_perlmutter_5bc126dd,ours_l01_s2_oracle_trace-610042_b8_k8_isolated,isolated,ours,3,6,e2e_ms,70.367874,recorder
20260827-022806_perlmutter_5bc126dd,ours_l01_s2_oracle_trace-610042_b8_k8_isolated,isolated,ours,3,7,e2e_ms,70.675743,recorder
20260827-022806_perlmutter_5bc126dd,ours_l01_s2_oracle_trace-610042_b8_k8_isolated,isolated,ours,3,8,e2e_ms,68.221024,recorder
20260827-022806_perlmutter_5bc126dd,ours_l01_s2_oracle_trace-610042_b8_k8_isolated,isolated,ours,3,9,e2e_ms,70.895775,recorder
20260827-022806_perlmutter_5bc126dd,ours_l01_s2_oracle_trace-610042_b8_k8_isolated,isolated,ours,3,0,l0_ms,5.287392,recorder
20260827-022806_perlmutter_5bc126dd,ours_l01_s2_oracle_trace-610042_b8_k8_isolated,isolated,ours,3,1,l0_ms,4.920224,recorder
20260827-022806_perlmutter_5bc126dd,ours_l01_s2_oracle_trace-610042_b8_k8_isolated,isolated,ours,3,2,l0_ms,4.863488,recorder
20260827-022806_perlmutter_5bc126dd,ours_l01_s2_oracle_trace-610042_b8_k8_isolated,isolated,ours,3,3,l0_ms,5.135264,recorder
20260827-022806_perlmutter_5bc126dd,ours_l01_s2_oracle_trace-610042_b8_k8_isolated,isolated,ours,3,4,l0_ms,5.132768,recorder
20260827-022806_perlmutter_5bc126dd,ours_l01_s2_oracle_trace-610042_b8_k8_isolated,isolated,ours,3,5,l0_ms,4.962432,recorder
20260827-022806_perlmutter_5bc126dd,ours_l01_s2_oracle_trace-610042_b8_k8_isolated,isolated,ours,3,6,l0_ms,4.938304,recorder
20260827-022806_perlmutter_5bc126dd,ours_l01_s2_oracle_trace-610042_b8_k8_isolated,isolated,ours,3,7,l0_ms,5.228512,recorder
20260827-022806_perlmutter_5bc126dd,ours_l01_s2_oracle_trace-610042_b8_k8_isolated,isolated,ours,3,8,l0_ms,5.452864,recorder
20260827-022806_perlmutter_5bc126dd,ours_l01_s2_oracle_trace-610042_b8_k8_isolated,isolated,ours,3,9,l0_ms,4.93376,recorder
20260827-022806_perlmutter_5bc126dd,ours_l01_s2_oracle_trace-610042_b8_k8_isolated,isolated,ours,3,0,act_ms,0.047712,recorder
20260827-022806_perlmutter_5bc126dd,ours_l01_s2_oracle_trace-610042_b8_k8_isolated,isolated,ours,3,1,act_ms,0.038048,recorder
20260827-022806_perlmutter_5bc126dd,ours_l01_s2_oracle_trace-610042_b8_k8_isolated,isolated,ours,3,2,act_ms,0.044544,recorder
20260827-022806_perlmutter_5bc126dd,ours_l01_s2_oracle_trace-610042_b8_k8_isolated,isolated,ours,3,3,act_ms,0.037504,recorder
20260827-022806_perlmutter_5bc126dd,ours_l01_s2_oracle_trace-610042_b8_k8_isolated,isolated,ours,3,4,act_ms,0.045216,recorder
20260827-022806_perlmutter_5bc126dd,ours_l01_s2_oracle_trace-610042_b8_k8_isolated,isolated,ours,3,5,act_ms,0.044544,recorder
20260827-022806_perlmutter_5bc126dd,ours_l01_s2_oracle_trace-610042_b8_k8_isolated,isolated,ours,3,6,act_ms,0.040736,recorder
20260827-022806_perlmutter_5bc126dd,ours_l01_s2_oracle_trace-610042_b8_k8_isolated,isolated,ours,3,7,act_ms,0.05088,recorder
20260827-022806_perlmutter_5bc126dd,ours_l01_s2_oracle_trace-610042_b8_k8_isolated,isolated,ours,3,8,act_ms,0.042464,recorder
20260827-022806_perlmutter_5bc126dd,ours_l01_s2_oracle_trace-610042_b8_k8_isolated,isolated,ours,3,9,act_ms,0.041088,recorder
20260827-022806_perlmutter_5bc126dd,ours_l01_s2_oracle_trace-610042_b8_k8_isolated,isolated,ours,3,0,l1_ms,65.128189,recorder
20260827-022806_perlmutter_5bc126dd,ours_l01_s2_oracle_trace-610042_b8_k8_isolated,isolated,ours,3,1,l1_ms,66.648254,recorder
20260827-022806_perlmutter_5bc126dd,ours_l01_s2_oracle_trace-610042_b8_k8_isolated,isolated,ours,3,2,l1_ms,66.424736,recorder
20260827-022806_perlmutter_5bc126dd,ours_l01_s2_oracle_trace-610042_b8_k8_isolated,isolated,ours,3,3,l1_ms,63.896416,recorder
20260827-022806_perlmutter_5bc126dd,ours_l01_s2_oracle_trace-610042_b8_k8_isolated,isolated,ours,3,4,l1_ms,64.543388,recorder
20260827-022806_perlmutter_5bc126dd,ours_l01_s2_oracle_trace-610042_b8_k8_isolated,isolated,ours,3,5,l1_ms,64.506783,recorder
20260827-022806_perlmutter_5bc126dd,ours_l01_s2_oracle_trace-610042_b8_k8_isolated,isolated,ours,3,6,l1_ms,65.388832,recorder
20260827-022806_perlmutter_5bc126dd,ours_l01_s2_oracle_trace-610042_b8_k8_isolated,isolated,ours,3,7,l1_ms,65.396355,recorder
20260827-022806_perlmutter_5bc126dd,ours_l01_s2_oracle_trace-610042_b8_k8_isolated,isolated,ours,3,8,l1_ms,62.725697,recorder
20260827-022806_perlmutter_5bc126dd,ours_l01_s2_oracle_trace-610042_b8_k8_isolated,isolated,ours,3,9,l1_ms,65.920929,recorder
20260827-022806_perlmutter_5bc126dd,ours_l01_s2_oracle_trace-610042_b8_k8_isolated,isolated,ours,3,0,plan_comm_ms,0.674656,recorder
20260827-022806_perlmutter_5bc126dd,ours_l01_s2_oracle_trace-610042_b8_k8_isolated,isolated,ours,3,1,plan_comm_ms,0.229248,recorder
20260827-022806_perlmutter_5bc126dd,ours_l01_s2_oracle_trace-610042_b8_k8_isolated,isolated,ours,3,2,plan_comm_ms,0.543072,recorder
20260827-022806_perlmutter_5bc126dd,ours_l01_s2_oracle_trace-610042_b8_k8_isolated,isolated,ours,3,3,plan_comm_ms,0.238304,recorder
20260827-022806_perlmutter_5bc126dd,ours_l01_s2_oracle_trace-610042_b8_k8_isolated,isolated,ours,3,4,plan_comm_ms,0.223936,recorder
20260827-022806_perlmutter_5bc126dd,ours_l01_s2_oracle_trace-610042_b8_k8_isolated,isolated,ours,3,5,plan_comm_ms,0.229792,recorder
20260827-022806_perlmutter_5bc126dd,ours_l01_s2_oracle_trace-610042_b8_k8_isolated,isolated,ours,3,6,plan_comm_ms,0.52848,recorder
20260827-022806_perlmutter_5bc126dd,ours_l01_s2_oracle_trace-610042_b8_k8_isolated,isolated,ours,3,7,plan_comm_ms,0.222656,recorder
20260827-022806_perlmutter_5bc126dd,ours_l01_s2_oracle_trace-610042_b8_k8_isolated,isolated,ours,3,8,plan_comm_ms,0.707584,recorder
20260827-022806_perlmutter_5bc126dd,ours_l01_s2_oracle_trace-610042_b8_k8_isolated,isolated,ours,3,9,plan_comm_ms,0.231424,recorder
20260827-022806_perlmutter_5bc126dd,ours_l01_s2_oracle_trace-610042_b8_k8_isolated,isolated,ours,3,0,place_ms,118.300095,recorder
20260827-022806_perlmutter_5bc126dd,ours_l01_s2_oracle_trace-610042_b8_k8_isolated,isolated,ours,3,1,place_ms,118.908829,recorder
20260827-022806_perlmutter_5bc126dd,ours_l01_s2_oracle_trace-610042_b8_k8_isolated,isolated,ours,3,2,place_ms,117.962593,recorder
20260827-022806_perlmutter_5bc126dd,ours_l01_s2_oracle_trace-610042_b8_k8_isolated,isolated,ours,3,3,place_ms,119.234947,recorder
20260827-022806_perlmutter_5bc126dd,ours_l01_s2_oracle_trace-610042_b8_k8_isolated,isolated,ours,3,4,place_ms,117.899872,recorder
20260827-022806_perlmutter_5bc126dd,ours_l01_s2_oracle_trace-610042_b8_k8_isolated,isolated,ours,3,5,place_ms,118.659615,recorder
20260827-022806_perlmutter_5bc126dd,ours_l01_s2_oracle_trace-610042_b8_k8_isolated,isolated,ours,3,6,place_ms,122.344353,recorder
20260827-022806_perlmutter_5bc126dd,ours_l01_s2_oracle_trace-610042_b8_k8_isolated,isolated,ours,3,7,place_ms,118.410339,recorder
20260827-022806_perlmutter_5bc126dd,ours_l01_s2_oracle_trace-610042_b8_k8_isolated,isolated,ours,3,8,place_ms,121.276253,recorder
20260827-022806_perlmutter_5bc126dd,ours_l01_s2_oracle_trace-610042_b8_k8_isolated,isolated,ours,3,9,place_ms,117.705986,recorder
20260827-022806_perlmutter_5bc126dd,ours_l01_s2_oracle_trace-610042_b8_k8_isolated,isolated,ours,3,0,plan_ms,7.416928,recorder
20260827-022806_perlmutter_5bc126dd,ours_l01_s2_oracle_trace-610042_b8_k8_isolated,isolated,ours,3,1,plan_ms,6.742592,recorder
20260827-022806_perlmutter_5bc126dd,ours_l01_s2_oracle_trace-610042_b8_k8_isolated,isolated,ours,3,2,plan_ms,6.915296,recorder
20260827-022806_perlmutter_5bc126dd,ours_l01_s2_oracle_trace-610042_b8_k8_isolated,isolated,ours,3,3,plan_ms,6.774304,recorder
20260827-022806_perlmutter_5bc126dd,ours_l01_s2_oracle_trace-610042_b8_k8_isolated,isolated,ours,3,4,plan_ms,7.775488,recorder
20260827-022806_perlmutter_5bc126dd,ours_l01_s2_oracle_trace-610042_b8_k8_isolated,isolated,ours,3,5,plan_ms,5.96208,recorder
20260827-022806_perlmutter_5bc126dd,ours_l01_s2_oracle_trace-610042_b8_k8_isolated,isolated,ours,3,6,plan_ms,8.666944,recorder
20260827-022806_perlmutter_5bc126dd,ours_l01_s2_oracle_trace-610042_b8_k8_isolated,isolated,ours,3,7,plan_ms,6.575712,recorder
20260827-022806_perlmutter_5bc126dd,ours_l01_s2_oracle_trace-610042_b8_k8_isolated,isolated,ours,3,8,plan_ms,7.227776,recorder
20260827-022806_perlmutter_5bc126dd,ours_l01_s2_oracle_trace-610042_b8_k8_isolated,isolated,ours,3,9,plan_ms,7.979104,recorder
20260827-022806_perlmutter_5bc126dd,ours_l01_s2_oracle_trace-610042_b8_k8_isolated,isolated,ours,3,0,total_ms,196.868774,recorder
20260827-022806_perlmutter_5bc126dd,ours_l01_s2_oracle_trace-610042_b8_k8_isolated,isolated,ours,3,1,total_ms,197.5121,recorder
20260827-022806_perlmutter_5bc126dd,ours_l01_s2_oracle_trace-610042_b8_k8_isolated,isolated,ours,3,2,total_ms,196.767838,recorder
20260827-022806_perlmutter_5bc126dd,ours_l01_s2_oracle_trace-610042_b8_k8_isolated,isolated,ours,3,3,total_ms,195.331711,recorder
20260827-022806_perlmutter_5bc126dd,ours_l01_s2_oracle_trace-610042_b8_k8_isolated,isolated,ours,3,4,total_ms,195.653275,recorder
20260827-022806_perlmutter_5bc126dd,ours_l01_s2_oracle_trace-610042_b8_k8_isolated,isolated,ours,3,5,total_ms,194.379776,recorder
20260827-022806_perlmutter_5bc126dd,ours_l01_s2_oracle_trace-610042_b8_k8_isolated,isolated,ours,3,6,total_ms,201.9216,recorder
20260827-022806_perlmutter_5bc126dd,ours_l01_s2_oracle_trace-610042_b8_k8_isolated,isolated,ours,3,7,total_ms,195.899261,recorder
20260827-022806_perlmutter_5bc126dd,ours_l01_s2_oracle_trace-610042_b8_k8_isolated,isolated,ours,3,8,total_ms,197.446182,recorder
20260827-022806_perlmutter_5bc126dd,ours_l01_s2_oracle_trace-610042_b8_k8_isolated,isolated,ours,3,9,total_ms,196.826523,recorder
20260827-022806_perlmutter_5bc126dd,ours_l01_s2_oracle_trace-610042_b8_k8_isolated,isolated,ours,3,0,iso_sync_ms,0.770667,recorder
20260827-022806_perlmutter_5bc126dd,ours_l01_s2_oracle_trace-610042_b8_k8_isolated,isolated,ours,3,1,iso_sync_ms,0.696434,recorder
20260827-022806_perlmutter_5bc126dd,ours_l01_s2_oracle_trace-610042_b8_k8_isolated,isolated,ours,3,2,iso_sync_ms,0.563307,recorder
20260827-022806_perlmutter_5bc126dd,ours_l01_s2_oracle_trace-610042_b8_k8_isolated,isolated,ours,3,3,iso_sync_ms,0.480798,recorder
20260827-022806_perlmutter_5bc126dd,ours_l01_s2_oracle_trace-610042_b8_k8_isolated,isolated,ours,3,4,iso_sync_ms,0.650326,recorder
20260827-022806_perlmutter_5bc126dd,ours_l01_s2_oracle_trace-610042_b8_k8_isolated,isolated,ours,3,5,iso_sync_ms,0.511647,recorder
20260827-022806_perlmutter_5bc126dd,ours_l01_s2_oracle_trace-610042_b8_k8_isolated,isolated,ours,3,6,iso_sync_ms,0.777511,recorder
20260827-022806_perlmutter_5bc126dd,ours_l01_s2_oracle_trace-610042_b8_k8_isolated,isolated,ours,3,7,iso_sync_ms,0.566603,recorder
20260827-022806_perlmutter_5bc126dd,ours_l01_s2_oracle_trace-610042_b8_k8_isolated,isolated,ours,3,8,iso_sync_ms,1.149699,recorder
20260827-022806_perlmutter_5bc126dd,ours_l01_s2_oracle_trace-610042_b8_k8_isolated,isolated,ours,3,9,iso_sync_ms,0.239913,recorder
20260827-022806_perlmutter_5bc126dd,ours_l01_s2_oracle_trace-610042_b8_k8_isolated,isolated,ours,4,0,e2e_ms,70.451744,recorder
20260827-022806_perlmutter_5bc126dd,ours_l01_s2_oracle_trace-610042_b8_k8_isolated,isolated,ours,4,1,e2e_ms,71.475937,recorder
20260827-022806_perlmutter_5bc126dd,ours_l01_s2_oracle_trace-610042_b8_k8_isolated,isolated,ours,4,2,e2e_ms,71.182045,recorder
20260827-022806_perlmutter_5bc126dd,ours_l01_s2_oracle_trace-610042_b8_k8_isolated,isolated,ours,4,3,e2e_ms,68.794945,recorder
20260827-022806_perlmutter_5bc126dd,ours_l01_s2_oracle_trace-610042_b8_k8_isolated,isolated,ours,4,4,e2e_ms,69.732834,recorder
20260827-022806_perlmutter_5bc126dd,ours_l01_s2_oracle_trace-610042_b8_k8_isolated,isolated,ours,4,5,e2e_ms,69.523712,recorder
20260827-022806_perlmutter_5bc126dd,ours_l01_s2_oracle_trace-610042_b8_k8_isolated,isolated,ours,4,6,e2e_ms,70.226143,recorder
20260827-022806_perlmutter_5bc126dd,ours_l01_s2_oracle_trace-610042_b8_k8_isolated,isolated,ours,4,7,e2e_ms,70.586815,recorder
20260827-022806_perlmutter_5bc126dd,ours_l01_s2_oracle_trace-610042_b8_k8_isolated,isolated,ours,4,8,e2e_ms,68.004929,recorder
20260827-022806_perlmutter_5bc126dd,ours_l01_s2_oracle_trace-610042_b8_k8_isolated,isolated,ours,4,9,e2e_ms,70.837181,recorder
20260827-022806_perlmutter_5bc126dd,ours_l01_s2_oracle_trace-610042_b8_k8_isolated,isolated,ours,4,0,l0_ms,5.529312,recorder
20260827-022806_perlmutter_5bc126dd,ours_l01_s2_oracle_trace-610042_b8_k8_isolated,isolated,ours,4,1,l0_ms,5.033472,recorder
20260827-022806_perlmutter_5bc126dd,ours_l01_s2_oracle_trace-610042_b8_k8_isolated,isolated,ours,4,2,l0_ms,4.610752,recorder
20260827-022806_perlmutter_5bc126dd,ours_l01_s2_oracle_trace-610042_b8_k8_isolated,isolated,ours,4,3,l0_ms,4.970688,recorder
20260827-022806_perlmutter_5bc126dd,ours_l01_s2_oracle_trace-610042_b8_k8_isolated,isolated,ours,4,4,l0_ms,5.199232,recorder
20260827-022806_perlmutter_5bc126dd,ours_l01_s2_oracle_trace-610042_b8_k8_isolated,isolated,ours,4,5,l0_ms,5.02448,recorder
20260827-022806_perlmutter_5bc126dd,ours_l01_s2_oracle_trace-610042_b8_k8_isolated,isolated,ours,4,6,l0_ms,4.75664,recorder
20260827-022806_perlmutter_5bc126dd,ours_l01_s2_oracle_trace-610042_b8_k8_isolated,isolated,ours,4,7,l0_ms,5.223072,recorder
20260827-022806_perlmutter_5bc126dd,ours_l01_s2_oracle_trace-610042_b8_k8_isolated,isolated,ours,4,8,l0_ms,5.146176,recorder
20260827-022806_perlmutter_5bc126dd,ours_l01_s2_oracle_trace-610042_b8_k8_isolated,isolated,ours,4,9,l0_ms,4.90928,recorder
20260827-022806_perlmutter_5bc126dd,ours_l01_s2_oracle_trace-610042_b8_k8_isolated,isolated,ours,4,0,act_ms,0.055104,recorder
20260827-022806_perlmutter_5bc126dd,ours_l01_s2_oracle_trace-610042_b8_k8_isolated,isolated,ours,4,1,act_ms,0.05152,recorder
20260827-022806_perlmutter_5bc126dd,ours_l01_s2_oracle_trace-610042_b8_k8_isolated,isolated,ours,4,2,act_ms,0.045568,recorder
20260827-022806_perlmutter_5bc126dd,ours_l01_s2_oracle_trace-610042_b8_k8_isolated,isolated,ours,4,3,act_ms,0.038784,recorder
20260827-022806_perlmutter_5bc126dd,ours_l01_s2_oracle_trace-610042_b8_k8_isolated,isolated,ours,4,4,act_ms,0.04864,recorder
20260827-022806_perlmutter_5bc126dd,ours_l01_s2_oracle_trace-610042_b8_k8_isolated,isolated,ours,4,5,act_ms,0.053504,recorder
20260827-022806_perlmutter_5bc126dd,ours_l01_s2_oracle_trace-610042_b8_k8_isolated,isolated,ours,4,6,act_ms,0.053024,recorder
20260827-022806_perlmutter_5bc126dd,ours_l01_s2_oracle_trace-610042_b8_k8_isolated,isolated,ours,4,7,act_ms,0.051392,recorder
20260827-022806_perlmutter_5bc126dd,ours_l01_s2_oracle_trace-610042_b8_k8_isolated,isolated,ours,4,8,act_ms,0.04576,recorder
20260827-022806_perlmutter_5bc126dd,ours_l01_s2_oracle_trace-610042_b8_k8_isolated,isolated,ours,4,9,act_ms,0.050816,recorder
20260827-022806_perlmutter_5bc126dd,ours_l01_s2_oracle_trace-610042_b8_k8_isolated,isolated,ours,4,0,l1_ms,64.867325,recorder
20260827-022806_perlmutter_5bc126dd,ours_l01_s2_oracle_trace-610042_b8_k8_isolated,isolated,ours,4,1,l1_ms,66.390945,recorder
20260827-022806_perlmutter_5bc126dd,ours_l01_s2_oracle_trace-610042_b8_k8_isolated,isolated,ours,4,2,l1_ms,66.525726,recorder
20260827-022806_perlmutter_5bc126dd,ours_l01_s2_oracle_trace-610042_b8_k8_isolated,isolated,ours,4,3,l1_ms,63.785473,recorder
20260827-022806_perlmutter_5bc126dd,ours_l01_s2_oracle_trace-610042_b8_k8_isolated,isolated,ours,4,4,l1_ms,64.484962,recorder
20260827-022806_perlmutter_5bc126dd,ours_l01_s2_oracle_trace-610042_b8_k8_isolated,isolated,ours,4,5,l1_ms,64.445724,recorder
20260827-022806_perlmutter_5bc126dd,ours_l01_s2_oracle_trace-610042_b8_k8_isolated,isolated,ours,4,6,l1_ms,65.416481,recorder
20260827-022806_perlmutter_5bc126dd,ours_l01_s2_oracle_trace-610042_b8_k8_isolated,isolated,ours,4,7,l1_ms,65.312355,recorder
20260827-022806_perlmutter_5bc126dd,ours_l01_s2_oracle_trace-610042_b8_k8_isolated,isolated,ours,4,8,l1_ms,62.812992,recorder
20260827-022806_perlmutter_5bc126dd,ours_l01_s2_oracle_trace-610042_b8_k8_isolated,isolated,ours,4,9,l1_ms,65.87709,recorder
20260827-022806_perlmutter_5bc126dd,ours_l01_s2_oracle_trace-610042_b8_k8_isolated,isolated,ours,4,0,plan_comm_ms,0.599328,recorder
20260827-022806_perlmutter_5bc126dd,ours_l01_s2_oracle_trace-610042_b8_k8_isolated,isolated,ours,4,1,plan_comm_ms,0.219488,recorder
20260827-022806_perlmutter_5bc126dd,ours_l01_s2_oracle_trace-610042_b8_k8_isolated,isolated,ours,4,2,plan_comm_ms,0.581792,recorder
20260827-022806_perlmutter_5bc126dd,ours_l01_s2_oracle_trace-610042_b8_k8_isolated,isolated,ours,4,3,plan_comm_ms,0.219584,recorder
20260827-022806_perlmutter_5bc126dd,ours_l01_s2_oracle_trace-610042_b8_k8_isolated,isolated,ours,4,4,plan_comm_ms,0.200896,recorder
20260827-022806_perlmutter_5bc126dd,ours_l01_s2_oracle_trace-610042_b8_k8_isolated,isolated,ours,4,5,plan_comm_ms,0.221696,recorder
20260827-022806_perlmutter_5bc126dd,ours_l01_s2_oracle_trace-610042_b8_k8_isolated,isolated,ours,4,6,plan_comm_ms,0.48304,recorder
20260827-022806_perlmutter_5bc126dd,ours_l01_s2_oracle_trace-610042_b8_k8_isolated,isolated,ours,4,7,plan_comm_ms,0.20928,recorder
20260827-022806_perlmutter_5bc126dd,ours_l01_s2_oracle_trace-610042_b8_k8_isolated,isolated,ours,4,8,plan_comm_ms,0.695488,recorder
20260827-022806_perlmutter_5bc126dd,ours_l01_s2_oracle_trace-610042_b8_k8_isolated,isolated,ours,4,9,plan_comm_ms,0.215552,recorder
20260827-022806_perlmutter_5bc126dd,ours_l01_s2_oracle_trace-610042_b8_k8_isolated,isolated,ours,4,0,place_ms,123.790688,recorder
20260827-022806_perlmutter_5bc126dd,ours_l01_s2_oracle_trace-610042_b8_k8_isolated,isolated,ours,4,1,place_ms,123.640579,recorder
20260827-022806_perlmutter_5bc126dd,ours_l01_s2_oracle_trace-610042_b8_k8_isolated,isolated,ours,4,2,place_ms,123.093536,recorder
20260827-022806_perlmutter_5bc126dd,ours_l01_s2_oracle_trace-610042_b8_k8_isolated,isolated,ours,4,3,place_ms,124.235329,recorder
20260827-022806_perlmutter_5bc126dd,ours_l01_s2_oracle_trace-610042_b8_k8_isolated,isolated,ours,4,4,place_ms,124.116127,recorder
20260827-022806_perlmutter_5bc126dd,ours_l01_s2_oracle_trace-610042_b8_k8_isolated,isolated,ours,4,5,place_ms,122.243523,recorder
20260827-022806_perlmutter_5bc126dd,ours_l01_s2_oracle_trace-610042_b8_k8_isolated,isolated,ours,4,6,place_ms,129.501694,recorder
20260827-022806_perlmutter_5bc126dd,ours_l01_s2_oracle_trace-610042_b8_k8_isolated,isolated,ours,4,7,place_ms,122.624451,recorder
20260827-022806_perlmutter_5bc126dd,ours_l01_s2_oracle_trace-610042_b8_k8_isolated,isolated,ours,4,8,place_ms,126.684097,recorder
20260827-022806_perlmutter_5bc126dd,ours_l01_s2_oracle_trace-610042_b8_k8_isolated,isolated,ours,4,9,place_ms,124.054276,recorder
20260827-022806_perlmutter_5bc126dd,ours_l01_s2_oracle_trace-610042_b8_k8_isolated,isolated,ours,4,0,plan_ms,1.958848,recorder
20260827-022806_perlmutter_5bc126dd,ours_l01_s2_oracle_trace-610042_b8_k8_isolated,isolated,ours,4,1,plan_ms,2.136416,recorder
20260827-022806_perlmutter_5bc126dd,ours_l01_s2_oracle_trace-610042_b8_k8_isolated,isolated,ours,4,2,plan_ms,1.895328,recorder
20260827-022806_perlmutter_5bc126dd,ours_l01_s2_oracle_trace-610042_b8_k8_isolated,isolated,ours,4,3,plan_ms,2.063392,recorder
20260827-022806_perlmutter_5bc126dd,ours_l01_s2_oracle_trace-610042_b8_k8_isolated,isolated,ours,4,4,plan_ms,1.564896,recorder
20260827-022806_perlmutter_5bc126dd,ours_l01_s2_oracle_trace-610042_b8_k8_isolated,isolated,ours,4,5,plan_ms,2.391968,recorder
20260827-022806_perlmutter_5bc126dd,ours_l01_s2_oracle_trace-610042_b8_k8_isolated,isolated,ours,4,6,plan_ms,1.662304,recorder
20260827-022806_perlmutter_5bc126dd,ours_l01_s2_oracle_trace-610042_b8_k8_isolated,isolated,ours,4,7,plan_ms,2.466752,recorder
20260827-022806_perlmutter_5bc126dd,ours_l01_s2_oracle_trace-610042_b8_k8_isolated,isolated,ours,4,8,plan_ms,2.060704,recorder
20260827-022806_perlmutter_5bc126dd,ours_l01_s2_oracle_trace-610042_b8_k8_isolated,isolated,ours,4,9,plan_ms,1.697824,recorder
20260827-022806_perlmutter_5bc126dd,ours_l01_s2_oracle_trace-610042_b8_k8_isolated,isolated,ours,4,0,total_ms,196.813446,recorder
20260827-022806_perlmutter_5bc126dd,ours_l01_s2_oracle_trace-610042_b8_k8_isolated,isolated,ours,4,1,total_ms,197.488129,recorder
20260827-022806_perlmutter_5bc126dd,ours_l01_s2_oracle_trace-610042_b8_k8_isolated,isolated,ours,4,2,total_ms,196.76535,recorder
20260827-022806_perlmutter_5bc126dd,ours_l01_s2_oracle_trace-610042_b8_k8_isolated,isolated,ours,4,3,total_ms,195.324921,recorder
20260827-022806_perlmutter_5bc126dd,ours_l01_s2_oracle_trace-610042_b8_k8_isolated,isolated,ours,4,4,total_ms,195.628098,recorder
20260827-022806_perlmutter_5bc126dd,ours_l01_s2_oracle_trace-610042_b8_k8_isolated,isolated,ours,4,5,total_ms,194.39267,recorder
20260827-022806_perlmutter_5bc126dd,ours_l01_s2_oracle_trace-610042_b8_k8_isolated,isolated,ours,4,6,total_ms,201.887589,recorder
20260827-022806_perlmutter_5bc126dd,ours_l01_s2_oracle_trace-610042_b8_k8_isolated,isolated,ours,4,7,total_ms,195.901215,recorder
20260827-022806_perlmutter_5bc126dd,ours_l01_s2_oracle_trace-610042_b8_k8_isolated,isolated,ours,4,8,total_ms,197.461502,recorder
20260827-022806_perlmutter_5bc126dd,ours_l01_s2_oracle_trace-610042_b8_k8_isolated,isolated,ours,4,9,total_ms,196.820892,recorder
20260827-022806_perlmutter_5bc126dd,ours_l01_s2_oracle_trace-610042_b8_k8_isolated,isolated,ours,4,0,iso_sync_ms,0.817993,recorder
20260827-022806_perlmutter_5bc126dd,ours_l01_s2_oracle_trace-610042_b8_k8_isolated,isolated,ours,4,1,iso_sync_ms,0.710986,recorder
20260827-022806_perlmutter_5bc126dd,ours_l01_s2_oracle_trace-610042_b8_k8_isolated,isolated,ours,4,2,iso_sync_ms,0.407638,recorder
20260827-022806_perlmutter_5bc126dd,ours_l01_s2_oracle_trace-610042_b8_k8_isolated,isolated,ours,4,3,iso_sync_ms,0.486632,recorder
20260827-022806_perlmutter_5bc126dd,ours_l01_s2_oracle_trace-610042_b8_k8_isolated,isolated,ours,4,4,iso_sync_ms,0.698321,recorder
20260827-022806_perlmutter_5bc126dd,ours_l01_s2_oracle_trace-610042_b8_k8_isolated,isolated,ours,4,5,iso_sync_ms,0.550305,recorder
20260827-022806_perlmutter_5bc126dd,ours_l01_s2_oracle_trace-610042_b8_k8_isolated,isolated,ours,4,6,iso_sync_ms,0.329828,recorder
20260827-022806_perlmutter_5bc126dd,ours_l01_s2_oracle_trace-610042_b8_k8_isolated,isolated,ours,4,7,iso_sync_ms,0.579722,recorder
20260827-022806_perlmutter_5bc126dd,ours_l01_s2_oracle_trace-610042_b8_k8_isolated,isolated,ours,4,8,iso_sync_ms,1.14745,recorder
20260827-022806_perlmutter_5bc126dd,ours_l01_s2_oracle_trace-610042_b8_k8_isolated,isolated,ours,4,9,iso_sync_ms,0.217571,recorder
20260827-022806_perlmutter_5bc126dd,ours_l01_s2_oracle_trace-610042_b8_k8_isolated,isolated,ours,5,0,e2e_ms,70.399811,recorder
20260827-022806_perlmutter_5bc126dd,ours_l01_s2_oracle_trace-610042_b8_k8_isolated,isolated,ours,5,1,e2e_ms,71.586113,recorder
20260827-022806_perlmutter_5bc126dd,ours_l01_s2_oracle_trace-610042_b8_k8_isolated,isolated,ours,5,2,e2e_ms,71.252769,recorder
20260827-022806_perlmutter_5bc126dd,ours_l01_s2_oracle_trace-610042_b8_k8_isolated,isolated,ours,5,3,e2e_ms,69.080544,recorder
20260827-022806_perlmutter_5bc126dd,ours_l01_s2_oracle_trace-610042_b8_k8_isolated,isolated,ours,5,4,e2e_ms,69.777794,recorder
20260827-022806_perlmutter_5bc126dd,ours_l01_s2_oracle_trace-610042_b8_k8_isolated,isolated,ours,5,5,e2e_ms,69.431198,recorder
20260827-022806_perlmutter_5bc126dd,ours_l01_s2_oracle_trace-610042_b8_k8_isolated,isolated,ours,5,6,e2e_ms,70.356544,recorder
20260827-022806_perlmutter_5bc126dd,ours_l01_s2_oracle_trace-610042_b8_k8_isolated,isolated,ours,5,7,e2e_ms,70.411392,recorder
20260827-022806_perlmutter_5bc126dd,ours_l01_s2_oracle_trace-610042_b8_k8_isolated,isolated,ours,5,8,e2e_ms,68.228516,recorder
20260827-022806_perlmutter_5bc126dd,ours_l01_s2_oracle_trace-610042_b8_k8_isolated,isolated,ours,5,9,e2e_ms,70.7192,recorder
20260827-022806_perlmutter_5bc126dd,ours_l01_s2_oracle_trace-610042_b8_k8_isolated,isolated,ours,5,0,l0_ms,5.183456,recorder
20260827-022806_perlmutter_5bc126dd,ours_l01_s2_oracle_trace-610042_b8_k8_isolated,isolated,ours,5,1,l0_ms,5.018272,recorder
20260827-022806_perlmutter_5bc126dd,ours_l01_s2_oracle_trace-610042_b8_k8_isolated,isolated,ours,5,2,l0_ms,4.812224,recorder
20260827-022806_perlmutter_5bc126dd,ours_l01_s2_oracle_trace-610042_b8_k8_isolated,isolated,ours,5,3,l0_ms,5.221984,recorder
20260827-022806_perlmutter_5bc126dd,ours_l01_s2_oracle_trace-610042_b8_k8_isolated,isolated,ours,5,4,l0_ms,5.283424,recorder
20260827-022806_perlmutter_5bc126dd,ours_l01_s2_oracle_trace-610042_b8_k8_isolated,isolated,ours,5,5,l0_ms,4.71744,recorder
20260827-022806_perlmutter_5bc126dd,ours_l01_s2_oracle_trace-610042_b8_k8_isolated,isolated,ours,5,6,l0_ms,4.913568,recorder
20260827-022806_perlmutter_5bc126dd,ours_l01_s2_oracle_trace-610042_b8_k8_isolated,isolated,ours,5,7,l0_ms,4.94656,recorder
20260827-022806_perlmutter_5bc126dd,ours_l01_s2_oracle_trace-610042_b8_k8_isolated,isolated,ours,5,8,l0_ms,5.536672,recorder
20260827-022806_perlmutter_5bc126dd,ours_l01_s2_oracle_trace-610042_b8_k8_isolated,isolated,ours,5,9,l0_ms,4.756352,recorder
20260827-022806_perlmutter_5bc126dd,ours_l01_s2_oracle_trace-610042_b8_k8_isolated,isolated,ours,5,0,act_ms,0.048832,recorder
20260827-022806_perlmutter_5bc126dd,ours_l01_s2_oracle_trace-610042_b8_k8_isolated,isolated,ours,5,1,act_ms,0.045664,recorder
20260827-022806_perlmutter_5bc126dd,ours_l01_s2_oracle_trace-610042_b8_k8_isolated,isolated,ours,5,2,act_ms,0.04032,recorder
20260827-022806_perlmutter_5bc126dd,ours_l01_s2_oracle_trace-610042_b8_k8_isolated,isolated,ours,5,3,act_ms,0.043456,recorder
20260827-022806_perlmutter_5bc126dd,ours_l01_s2_oracle_trace-610042_b8_k8_isolated,isolated,ours,5,4,act_ms,0.045152,recorder
20260827-022806_perlmutter_5bc126dd,ours_l01_s2_oracle_trace-610042_b8_k8_isolated,isolated,ours,5,5,act_ms,0.04432,recorder
20260827-022806_perlmutter_5bc126dd,ours_l01_s2_oracle_trace-610042_b8_k8_isolated,isolated,ours,5,6,act_ms,0.042688,recorder
20260827-022806_perlmutter_5bc126dd,ours_l01_s2_oracle_trace-610042_b8_k8_isolated,isolated,ours,5,7,act_ms,0.04592,recorder
20260827-022806_perlmutter_5bc126dd,ours_l01_s2_oracle_trace-610042_b8_k8_isolated,isolated,ours,5,8,act_ms,0.040864,recorder
20260827-022806_perlmutter_5bc126dd,ours_l01_s2_oracle_trace-610042_b8_k8_isolated,isolated,ours,5,9,act_ms,0.036992,recorder
20260827-022806_perlmutter_5bc126dd,ours_l01_s2_oracle_trace-610042_b8_k8_isolated,isolated,ours,5,0,l1_ms,65.167519,recorder
20260827-022806_perlmutter_5bc126dd,ours_l01_s2_oracle_trace-610042_b8_k8_isolated,isolated,ours,5,1,l1_ms,66.522179,recorder
20260827-022806_perlmutter_5bc126dd,ours_l01_s2_oracle_trace-610042_b8_k8_isolated,isolated,ours,5,2,l1_ms,66.400223,recorder
20260827-022806_perlmutter_5bc126dd,ours_l01_s2_oracle_trace-610042_b8_k8_isolated,isolated,ours,5,3,l1_ms,63.815105,recorder
20260827-022806_perlmutter_5bc126dd,ours_l01_s2_oracle_trace-610042_b8_k8_isolated,isolated,ours,5,4,l1_ms,64.449219,recorder
20260827-022806_perlmutter_5bc126dd,ours_l01_s2_oracle_trace-610042_b8_k8_isolated,isolated,ours,5,5,l1_ms,64.669441,recorder
20260827-022806_perlmutter_5bc126dd,ours_l01_s2_oracle_trace-610042_b8_k8_isolated,isolated,ours,5,6,l1_ms,65.400291,recorder
20260827-022806_perlmutter_5bc126dd,ours_l01_s2_oracle_trace-610042_b8_k8_isolated,isolated,ours,5,7,l1_ms,65.418915,recorder
20260827-022806_perlmutter_5bc126dd,ours_l01_s2_oracle_trace-610042_b8_k8_isolated,isolated,ours,5,8,l1_ms,62.650974,recorder
20260827-022806_perlmutter_5bc126dd,ours_l01_s2_oracle_trace-610042_b8_k8_isolated,isolated,ours,5,9,l1_ms,65.925858,recorder
20260827-022806_perlmutter_5bc126dd,ours_l01_s2_oracle_trace-610042_b8_k8_isolated,isolated,ours,5,0,plan_comm_ms,0.62272,recorder
20260827-022806_perlmutter_5bc126dd,ours_l01_s2_oracle_trace-610042_b8_k8_isolated,isolated,ours,5,1,plan_comm_ms,0.218368,recorder
20260827-022806_perlmutter_5bc126dd,ours_l01_s2_oracle_trace-610042_b8_k8_isolated,isolated,ours,5,2,plan_comm_ms,0.591776,recorder
20260827-022806_perlmutter_5bc126dd,ours_l01_s2_oracle_trace-610042_b8_k8_isolated,isolated,ours,5,3,plan_comm_ms,0.217792,recorder
20260827-022806_perlmutter_5bc126dd,ours_l01_s2_oracle_trace-610042_b8_k8_isolated,isolated,ours,5,4,plan_comm_ms,0.219936,recorder
20260827-022806_perlmutter_5bc126dd,ours_l01_s2_oracle_trace-610042_b8_k8_isolated,isolated,ours,5,5,plan_comm_ms,0.22288,recorder
20260827-022806_perlmutter_5bc126dd,ours_l01_s2_oracle_trace-610042_b8_k8_isolated,isolated,ours,5,6,plan_comm_ms,0.524352,recorder
20260827-022806_perlmutter_5bc126dd,ours_l01_s2_oracle_trace-610042_b8_k8_isolated,isolated,ours,5,7,plan_comm_ms,0.21456,recorder
20260827-022806_perlmutter_5bc126dd,ours_l01_s2_oracle_trace-610042_b8_k8_isolated,isolated,ours,5,8,plan_comm_ms,0.697856,recorder
20260827-022806_perlmutter_5bc126dd,ours_l01_s2_oracle_trace-610042_b8_k8_isolated,isolated,ours,5,9,plan_comm_ms,0.234688,recorder
20260827-022806_perlmutter_5bc126dd,ours_l01_s2_oracle_trace-610042_b8_k8_isolated,isolated,ours,5,0,place_ms,124.211006,recorder
20260827-022806_perlmutter_5bc126dd,ours_l01_s2_oracle_trace-610042_b8_k8_isolated,isolated,ours,5,1,place_ms,123.715965,recorder
20260827-022806_perlmutter_5bc126dd,ours_l01_s2_oracle_trace-610042_b8_k8_isolated,isolated,ours,5,2,place_ms,123.367104,recorder
20260827-022806_perlmutter_5bc126dd,ours_l01_s2_oracle_trace-610042_b8_k8_isolated,isolated,ours,5,3,place_ms,123.191101,recorder
20260827-022806_perlmutter_5bc126dd,ours_l01_s2_oracle_trace-610042_b8_k8_isolated,isolated,ours,5,4,place_ms,123.423103,recorder
20260827-022806_perlmutter_5bc126dd,ours_l01_s2_oracle_trace-610042_b8_k8_isolated,isolated,ours,5,5,place_ms,123.145149,recorder
20260827-022806_perlmutter_5bc126dd,ours_l01_s2_oracle_trace-610042_b8_k8_isolated,isolated,ours,5,6,place_ms,126.774269,recorder
20260827-022806_perlmutter_5bc126dd,ours_l01_s2_oracle_trace-610042_b8_k8_isolated,isolated,ours,5,7,place_ms,123.297569,recorder
20260827-022806_perlmutter_5bc126dd,ours_l01_s2_oracle_trace-610042_b8_k8_isolated,isolated,ours,5,8,place_ms,124.998909,recorder
20260827-022806_perlmutter_5bc126dd,ours_l01_s2_oracle_trace-610042_b8_k8_isolated,isolated,ours,5,9,place_ms,124.177246,recorder
20260827-022806_perlmutter_5bc126dd,ours_l01_s2_oracle_trace-610042_b8_k8_isolated,isolated,ours,5,0,plan_ms,1.589248,recorder
20260827-022806_perlmutter_5bc126dd,ours_l01_s2_oracle_trace-610042_b8_k8_isolated,isolated,ours,5,1,plan_ms,1.958592,recorder
20260827-022806_perlmutter_5bc126dd,ours_l01_s2_oracle_trace-610042_b8_k8_isolated,isolated,ours,5,2,plan_ms,1.551296,recorder
20260827-022806_perlmutter_5bc126dd,ours_l01_s2_oracle_trace-610042_b8_k8_isolated,isolated,ours,5,3,plan_ms,2.809568,recorder
20260827-022806_perlmutter_5bc126dd,ours_l01_s2_oracle_trace-610042_b8_k8_isolated,isolated,ours,5,4,plan_ms,2.218432,recorder
20260827-022806_perlmutter_5bc126dd,ours_l01_s2_oracle_trace-610042_b8_k8_isolated,isolated,ours,5,5,plan_ms,1.585536,recorder
20260827-022806_perlmutter_5bc126dd,ours_l01_s2_oracle_trace-610042_b8_k8_isolated,isolated,ours,5,6,plan_ms,4.268512,recorder
20260827-022806_perlmutter_5bc126dd,ours_l01_s2_oracle_trace-610042_b8_k8_isolated,isolated,ours,5,7,plan_ms,1.974336,recorder
20260827-022806_perlmutter_5bc126dd,ours_l01_s2_oracle_trace-610042_b8_k8_isolated,isolated,ours,5,8,plan_ms,3.521056,recorder
20260827-022806_perlmutter_5bc126dd,ours_l01_s2_oracle_trace-610042_b8_k8_isolated,isolated,ours,5,9,plan_ms,1.698528,recorder
20260827-022806_perlmutter_5bc126dd,ours_l01_s2_oracle_trace-610042_b8_k8_isolated,isolated,ours,5,0,total_ms,196.836288,recorder
20260827-022806_perlmutter_5bc126dd,ours_l01_s2_oracle_trace-610042_b8_k8_isolated,isolated,ours,5,1,total_ms,197.493958,recorder
20260827-022806_perlmutter_5bc126dd,ours_l01_s2_oracle_trace-610042_b8_k8_isolated,isolated,ours,5,2,total_ms,196.775101,recorder
20260827-022806_perlmutter_5bc126dd,ours_l01_s2_oracle_trace-610042_b8_k8_isolated,isolated,ours,5,3,total_ms,195.31366,recorder
20260827-022806_perlmutter_5bc126dd,ours_l01_s2_oracle_trace-610042_b8_k8_isolated,isolated,ours,5,4,total_ms,195.652512,recorder
20260827-022806_perlmutter_5bc126dd,ours_l01_s2_oracle_trace-610042_b8_k8_isolated,isolated,ours,5,5,total_ms,194.3983,recorder
20260827-022806_perlmutter_5bc126dd,ours_l01_s2_oracle_trace-610042_b8_k8_isolated,isolated,ours,5,6,total_ms,201.937469,recorder
20260827-022806_perlmutter_5bc126dd,ours_l01_s2_oracle_trace-610042_b8_k8_isolated,isolated,ours,5,7,total_ms,195.912354,recorder
20260827-022806_perlmutter_5bc126dd,ours_l01_s2_oracle_trace-610042_b8_k8_isolated,isolated,ours,5,8,total_ms,197.459961,recorder
20260827-022806_perlmutter_5bc126dd,ours_l01_s2_oracle_trace-610042_b8_k8_isolated,isolated,ours,5,9,total_ms,196.843933,recorder
20260827-022806_perlmutter_5bc126dd,ours_l01_s2_oracle_trace-610042_b8_k8_isolated,isolated,ours,5,0,iso_sync_ms,0.814026,recorder
20260827-022806_perlmutter_5bc126dd,ours_l01_s2_oracle_trace-610042_b8_k8_isolated,isolated,ours,5,1,iso_sync_ms,0.703712,recorder
20260827-022806_perlmutter_5bc126dd,ours_l01_s2_oracle_trace-610042_b8_k8_isolated,isolated,ours,5,2,iso_sync_ms,0.584531,recorder
20260827-022806_perlmutter_5bc126dd,ours_l01_s2_oracle_trace-610042_b8_k8_isolated,isolated,ours,5,3,iso_sync_ms,0.497573,recorder
20260827-022806_perlmutter_5bc126dd,ours_l01_s2_oracle_trace-610042_b8_k8_isolated,isolated,ours,5,4,iso_sync_ms,0.722888,recorder
20260827-022806_perlmutter_5bc126dd,ours_l01_s2_oracle_trace-610042_b8_k8_isolated,isolated,ours,5,5,iso_sync_ms,0.540245,recorder
20260827-022806_perlmutter_5bc126dd,ours_l01_s2_oracle_trace-610042_b8_k8_isolated,isolated,ours,5,6,iso_sync_ms,0.756704,recorder
20260827-022806_perlmutter_5bc126dd,ours_l01_s2_oracle_trace-610042_b8_k8_isolated,isolated,ours,5,7,iso_sync_ms,0.562699,recorder
20260827-022806_perlmutter_5bc126dd,ours_l01_s2_oracle_trace-610042_b8_k8_isolated,isolated,ours,5,8,iso_sync_ms,0.962722,recorder
20260827-022806_perlmutter_5bc126dd,ours_l01_s2_oracle_trace-610042_b8_k8_isolated,isolated,ours,5,9,iso_sync_ms,0.225797,recorder
20260827-022806_perlmutter_5bc126dd,ours_l01_s2_oracle_trace-610042_b8_k8_isolated,isolated,ours,6,0,e2e_ms,70.462112,recorder
20260827-022806_perlmutter_5bc126dd,ours_l01_s2_oracle_trace-610042_b8_k8_isolated,isolated,ours,6,1,e2e_ms,71.911171,recorder
20260827-022806_perlmutter_5bc126dd,ours_l01_s2_oracle_trace-610042_b8_k8_isolated,isolated,ours,6,2,e2e_ms,71.318436,recorder
20260827-022806_perlmutter_5bc126dd,ours_l01_s2_oracle_trace-610042_b8_k8_isolated,isolated,ours,6,3,e2e_ms,69.089821,recorder
20260827-022806_perlmutter_5bc126dd,ours_l01_s2_oracle_trace-610042_b8_k8_isolated,isolated,ours,6,4,e2e_ms,70.079453,recorder
20260827-022806_perlmutter_5bc126dd,ours_l01_s2_oracle_trace-610042_b8_k8_isolated,isolated,ours,6,5,e2e_ms,69.535332,recorder
20260827-022806_perlmutter_5bc126dd,ours_l01_s2_oracle_trace-610042_b8_k8_isolated,isolated,ours,6,6,e2e_ms,70.26429,recorder
20260827-022806_perlmutter_5bc126dd,ours_l01_s2_oracle_trace-610042_b8_k8_isolated,isolated,ours,6,7,e2e_ms,70.652931,recorder
20260827-022806_perlmutter_5bc126dd,ours_l01_s2_oracle_trace-610042_b8_k8_isolated,isolated,ours,6,8,e2e_ms,68.264702,recorder
20260827-022806_perlmutter_5bc126dd,ours_l01_s2_oracle_trace-610042_b8_k8_isolated,isolated,ours,6,9,e2e_ms,70.918015,recorder
20260827-022806_perlmutter_5bc126dd,ours_l01_s2_oracle_trace-610042_b8_k8_isolated,isolated,ours,6,0,l0_ms,5.509792,recorder
20260827-022806_perlmutter_5bc126dd,ours_l01_s2_oracle_trace-610042_b8_k8_isolated,isolated,ours,6,1,l0_ms,5.609856,recorder
20260827-022806_perlmutter_5bc126dd,ours_l01_s2_oracle_trace-610042_b8_k8_isolated,isolated,ours,6,2,l0_ms,4.889568,recorder
20260827-022806_perlmutter_5bc126dd,ours_l01_s2_oracle_trace-610042_b8_k8_isolated,isolated,ours,6,3,l0_ms,5.206144,recorder
20260827-022806_perlmutter_5bc126dd,ours_l01_s2_oracle_trace-610042_b8_k8_isolated,isolated,ours,6,4,l0_ms,5.340768,recorder
20260827-022806_perlmutter_5bc126dd,ours_l01_s2_oracle_trace-610042_b8_k8_isolated,isolated,ours,6,5,l0_ms,5.036192,recorder
20260827-022806_perlmutter_5bc126dd,ours_l01_s2_oracle_trace-610042_b8_k8_isolated,isolated,ours,6,6,l0_ms,4.792576,recorder
20260827-022806_perlmutter_5bc126dd,ours_l01_s2_oracle_trace-610042_b8_k8_isolated,isolated,ours,6,7,l0_ms,5.451296,recorder
20260827-022806_perlmutter_5bc126dd,ours_l01_s2_oracle_trace-610042_b8_k8_isolated,isolated,ours,6,8,l0_ms,5.410272,recorder
20260827-022806_perlmutter_5bc126dd,ours_l01_s2_oracle_trace-610042_b8_k8_isolated,isolated,ours,6,9,l0_ms,4.985888,recorder
20260827-022806_perlmutter_5bc126dd,ours_l01_s2_oracle_trace-610042_b8_k8_isolated,isolated,ours,6,0,act_ms,0.04672,recorder
20260827-022806_perlmutter_5bc126dd,ours_l01_s2_oracle_trace-610042_b8_k8_isolated,isolated,ours,6,1,act_ms,0.042624,recorder
20260827-022806_perlmutter_5bc126dd,ours_l01_s2_oracle_trace-610042_b8_k8_isolated,isolated,ours,6,2,act_ms,0.041952,recorder
20260827-022806_perlmutter_5bc126dd,ours_l01_s2_oracle_trace-610042_b8_k8_isolated,isolated,ours,6,3,act_ms,0.037984,recorder
20260827-022806_perlmutter_5bc126dd,ours_l01_s2_oracle_trace-610042_b8_k8_isolated,isolated,ours,6,4,act_ms,0.042976,recorder
20260827-022806_perlmutter_5bc126dd,ours_l01_s2_oracle_trace-610042_b8_k8_isolated,isolated,ours,6,5,act_ms,0.03888,recorder
20260827-022806_perlmutter_5bc126dd,ours_l01_s2_oracle_trace-610042_b8_k8_isolated,isolated,ours,6,6,act_ms,0.045728,recorder
20260827-022806_perlmutter_5bc126dd,ours_l01_s2_oracle_trace-610042_b8_k8_isolated,isolated,ours,6,7,act_ms,0.041856,recorder
20260827-022806_perlmutter_5bc126dd,ours_l01_s2_oracle_trace-610042_b8_k8_isolated,isolated,ours,6,8,act_ms,0.037984,recorder
20260827-022806_perlmutter_5bc126dd,ours_l01_s2_oracle_trace-610042_b8_k8_isolated,isolated,ours,6,9,act_ms,0.034752,recorder
20260827-022806_perlmutter_5bc126dd,ours_l01_s2_oracle_trace-610042_b8_k8_isolated,isolated,ours,6,0,l1_ms,64.905602,recorder
20260827-022806_perlmutter_5bc126dd,ours_l01_s2_oracle_trace-610042_b8_k8_isolated,isolated,ours,6,1,l1_ms,66.25869,recorder
20260827-022806_perlmutter_5bc126dd,ours_l01_s2_oracle_trace-610042_b8_k8_isolated,isolated,ours,6,2,l1_ms,66.386909,recorder
20260827-022806_perlmutter_5bc126dd,ours_l01_s2_oracle_trace-610042_b8_k8_isolated,isolated,ours,6,3,l1_ms,63.845695,recorder
20260827-022806_perlmutter_5bc126dd,ours_l01_s2_oracle_trace-610042_b8_k8_isolated,isolated,ours,6,4,l1_ms,64.695709,recorder
20260827-022806_perlmutter_5bc126dd,ours_l01_s2_oracle_trace-610042_b8_k8_isolated,isolated,ours,6,5,l1_ms,64.460258,recorder
20260827-022806_perlmutter_5bc126dd,ours_l01_s2_oracle_trace-610042_b8_k8_isolated,isolated,ours,6,6,l1_ms,65.425987,recorder
20260827-022806_perlmutter_5bc126dd,ours_l01_s2_oracle_trace-610042_b8_k8_isolated,isolated,ours,6,7,l1_ms,65.159775,recorder
20260827-022806_perlmutter_5bc126dd,ours_l01_s2_oracle_trace-610042_b8_k8_isolated,isolated,ours,6,8,l1_ms,62.816448,recorder
20260827-022806_perlmutter_5bc126dd,ours_l01_s2_oracle_trace-610042_b8_k8_isolated,isolated,ours,6,9,l1_ms,65.897377,recorder
20260827-022806_perlmutter_5bc126dd,ours_l01_s2_oracle_trace-610042_b8_k8_isolated,isolated,ours,6,0,plan_comm_ms,0.620288,recorder
20260827-022806_perlmutter_5bc126dd,ours_l01_s2_oracle_trace-610042_b8_k8_isolated,isolated,ours,6,1,plan_comm_ms,0.217472,recorder
20260827-022806_perlmutter_5bc126dd,ours_l01_s2_oracle_trace-610042_b8_k8_isolated,isolated,ours,6,2,plan_comm_ms,0.588,recorder
20260827-022806_perlmutter_5bc126dd,ours_l01_s2_oracle_trace-610042_b8_k8_isolated,isolated,ours,6,3,plan_comm_ms,0.217376,recorder
20260827-022806_perlmutter_5bc126dd,ours_l01_s2_oracle_trace-610042_b8_k8_isolated,isolated,ours,6,4,plan_comm_ms,0.217824,recorder
20260827-022806_perlmutter_5bc126dd,ours_l01_s2_oracle_trace-610042_b8_k8_isolated,isolated,ours,6,5,plan_comm_ms,0.22144,recorder
20260827-022806_perlmutter_5bc126dd,ours_l01_s2_oracle_trace-610042_b8_k8_isolated,isolated,ours,6,6,plan_comm_ms,0.523648,recorder
20260827-022806_perlmutter_5bc126dd,ours_l01_s2_oracle_trace-610042_b8_k8_isolated,isolated,ours,6,7,plan_comm_ms,0.215936,recorder
20260827-022806_perlmutter_5bc126dd,ours_l01_s2_oracle_trace-610042_b8_k8_isolated,isolated,ours,6,8,plan_comm_ms,0.69776,recorder
20260827-022806_perlmutter_5bc126dd,ours_l01_s2_oracle_trace-610042_b8_k8_isolated,isolated,ours,6,9,plan_comm_ms,0.233696,recorder
20260827-022806_perlmutter_5bc126dd,ours_l01_s2_oracle_trace-610042_b8_k8_isolated,isolated,ours,6,0,place_ms,120.857796,recorder
20260827-022806_perlmutter_5bc126dd,ours_l01_s2_oracle_trace-610042_b8_k8_isolated,isolated,ours,6,1,place_ms,121.208481,recorder
20260827-022806_perlmutter_5bc126dd,ours_l01_s2_oracle_trace-610042_b8_k8_isolated,isolated,ours,6,2,place_ms,120.912254,recorder
20260827-022806_perlmutter_5bc126dd,ours_l01_s2_oracle_trace-610042_b8_k8_isolated,isolated,ours,6,3,place_ms,121.902435,recorder
20260827-022806_perlmutter_5bc126dd,ours_l01_s2_oracle_trace-610042_b8_k8_isolated,isolated,ours,6,4,place_ms,122.494461,recorder
20260827-022806_perlmutter_5bc126dd,ours_l01_s2_oracle_trace-610042_b8_k8_isolated,isolated,ours,6,5,place_ms,122.203613,recorder
20260827-022806_perlmutter_5bc126dd,ours_l01_s2_oracle_trace-610042_b8_k8_isolated,isolated,ours,6,6,place_ms,125.777374,recorder
20260827-022806_perlmutter_5bc126dd,ours_l01_s2_oracle_trace-610042_b8_k8_isolated,isolated,ours,6,7,place_ms,120.689537,recorder
20260827-022806_perlmutter_5bc126dd,ours_l01_s2_oracle_trace-610042_b8_k8_isolated,isolated,ours,6,8,place_ms,125.267265,recorder
20260827-022806_perlmutter_5bc126dd,ours_l01_s2_oracle_trace-610042_b8_k8_isolated,isolated,ours,6,9,place_ms,120.860703,recorder
20260827-022806_perlmutter_5bc126dd,ours_l01_s2_oracle_trace-610042_b8_k8_isolated,isolated,ours,6,0,plan_ms,4.87504,recorder
20260827-022806_perlmutter_5bc126dd,ours_l01_s2_oracle_trace-610042_b8_k8_isolated,isolated,ours,6,1,plan_ms,4.140352,recorder
20260827-022806_perlmutter_5bc126dd,ours_l01_s2_oracle_trace-610042_b8_k8_isolated,isolated,ours,6,2,plan_ms,3.942624,recorder
20260827-022806_perlmutter_5bc126dd,ours_l01_s2_oracle_trace-610042_b8_k8_isolated,isolated,ours,6,3,plan_ms,4.0936,recorder
20260827-022806_perlmutter_5bc126dd,ours_l01_s2_oracle_trace-610042_b8_k8_isolated,isolated,ours,6,4,plan_ms,3.215232,recorder
20260827-022806_perlmutter_5bc126dd,ours_l01_s2_oracle_trace-610042_b8_k8_isolated,isolated,ours,6,5,plan_ms,2.424992,recorder
20260827-022806_perlmutter_5bc126dd,ours_l01_s2_oracle_trace-610042_b8_k8_isolated,isolated,ours,6,6,plan_ms,5.35584,recorder
20260827-022806_perlmutter_5bc126dd,ours_l01_s2_oracle_trace-610042_b8_k8_isolated,isolated,ours,6,7,plan_ms,4.339264,recorder
20260827-022806_perlmutter_5bc126dd,ours_l01_s2_oracle_trace-610042_b8_k8_isolated,isolated,ours,6,8,plan_ms,3.213824,recorder
20260827-022806_perlmutter_5bc126dd,ours_l01_s2_oracle_trace-610042_b8_k8_isolated,isolated,ours,6,9,plan_ms,4.824672,recorder
20260827-022806_perlmutter_5bc126dd,ours_l01_s2_oracle_trace-610042_b8_k8_isolated,isolated,ours,6,0,total_ms,196.829407,recorder
20260827-022806_perlmutter_5bc126dd,ours_l01_s2_oracle_trace-610042_b8_k8_isolated,isolated,ours,6,1,total_ms,197.491714,recorder
20260827-022806_perlmutter_5bc126dd,ours_l01_s2_oracle_trace-610042_b8_k8_isolated,isolated,ours,6,2,total_ms,196.776352,recorder
20260827-022806_perlmutter_5bc126dd,ours_l01_s2_oracle_trace-610042_b8_k8_isolated,isolated,ours,6,3,total_ms,195.318054,recorder
20260827-022806_perlmutter_5bc126dd,ours_l01_s2_oracle_trace-610042_b8_k8_isolated,isolated,ours,6,4,total_ms,196.020386,recorder
20260827-022806_perlmutter_5bc126dd,ours_l01_s2_oracle_trace-610042_b8_k8_isolated,isolated,ours,6,5,total_ms,194.398087,recorder
20260827-022806_perlmutter_5bc126dd,ours_l01_s2_oracle_trace-610042_b8_k8_isolated,isolated,ours,6,6,total_ms,201.937729,recorder
20260827-022806_perlmutter_5bc126dd,ours_l01_s2_oracle_trace-610042_b8_k8_isolated,isolated,ours,6,7,total_ms,195.910782,recorder
20260827-022806_perlmutter_5bc126dd,ours_l01_s2_oracle_trace-610042_b8_k8_isolated,isolated,ours,6,8,total_ms,197.458023,recorder
20260827-022806_perlmutter_5bc126dd,ours_l01_s2_oracle_trace-610042_b8_k8_isolated,isolated,ours,6,9,total_ms,196.852539,recorder
20260827-022806_perlmutter_5bc126dd,ours_l01_s2_oracle_trace-610042_b8_k8_isolated,isolated,ours,6,0,iso_sync_ms,0.825207,recorder
20260827-022806_perlmutter_5bc126dd,ours_l01_s2_oracle_trace-610042_b8_k8_isolated,isolated,ours,6,1,iso_sync_ms,0.704443,recorder
20260827-022806_perlmutter_5bc126dd,ours_l01_s2_oracle_trace-610042_b8_k8_isolated,isolated,ours,6,2,iso_sync_ms,0.590362,recorder
20260827-022806_perlmutter_5bc126dd,ours_l01_s2_oracle_trace-610042_b8_k8_isolated,isolated,ours,6,3,iso_sync_ms,0.499456,recorder
20260827-022806_perlmutter_5bc126dd,ours_l01_s2_oracle_trace-610042_b8_k8_isolated,isolated,ours,6,4,iso_sync_ms,0.721867,recorder
20260827-022806_perlmutter_5bc126dd,ours_l01_s2_oracle_trace-610042_b8_k8_isolated,isolated,ours,6,5,iso_sync_ms,0.153186,recorder
20260827-022806_perlmutter_5bc126dd,ours_l01_s2_oracle_trace-610042_b8_k8_isolated,isolated,ours,6,6,iso_sync_ms,0.631161,recorder
20260827-022806_perlmutter_5bc126dd,ours_l01_s2_oracle_trace-610042_b8_k8_isolated,isolated,ours,6,7,iso_sync_ms,0.563139,recorder
20260827-022806_perlmutter_5bc126dd,ours_l01_s2_oracle_trace-610042_b8_k8_isolated,isolated,ours,6,8,iso_sync_ms,1.135777,recorder
20260827-022806_perlmutter_5bc126dd,ours_l01_s2_oracle_trace-610042_b8_k8_isolated,isolated,ours,6,9,iso_sync_ms,0.235145,recorder
20260827-022806_perlmutter_5bc126dd,ours_l01_s2_oracle_trace-610042_b8_k8_isolated,isolated,ours,7,0,e2e_ms,70.422333,recorder
20260827-022806_perlmutter_5bc126dd,ours_l01_s2_oracle_trace-610042_b8_k8_isolated,isolated,ours,7,1,e2e_ms,71.919838,recorder
20260827-022806_perlmutter_5bc126dd,ours_l01_s2_oracle_trace-610042_b8_k8_isolated,isolated,ours,7,2,e2e_ms,71.338051,recorder
20260827-022806_perlmutter_5bc126dd,ours_l01_s2_oracle_trace-610042_b8_k8_isolated,isolated,ours,7,3,e2e_ms,69.125565,recorder
20260827-022806_perlmutter_5bc126dd,ours_l01_s2_oracle_trace-610042_b8_k8_isolated,isolated,ours,7,4,e2e_ms,69.823647,recorder
20260827-022806_perlmutter_5bc126dd,ours_l01_s2_oracle_trace-610042_b8_k8_isolated,isolated,ours,7,5,e2e_ms,69.518143,recorder
20260827-022806_perlmutter_5bc126dd,ours_l01_s2_oracle_trace-610042_b8_k8_isolated,isolated,ours,7,6,e2e_ms,70.401405,recorder
20260827-022806_perlmutter_5bc126dd,ours_l01_s2_oracle_trace-610042_b8_k8_isolated,isolated,ours,7,7,e2e_ms,70.714912,recorder
20260827-022806_perlmutter_5bc126dd,ours_l01_s2_oracle_trace-610042_b8_k8_isolated,isolated,ours,7,8,e2e_ms,68.297859,recorder
20260827-022806_perlmutter_5bc126dd,ours_l01_s2_oracle_trace-610042_b8_k8_isolated,isolated,ours,7,9,e2e_ms,70.952576,recorder
20260827-022806_perlmutter_5bc126dd,ours_l01_s2_oracle_trace-610042_b8_k8_isolated,isolated,ours,7,0,l0_ms,5.301696,recorder
20260827-022806_perlmutter_5bc126dd,ours_l01_s2_oracle_trace-610042_b8_k8_isolated,isolated,ours,7,1,l0_ms,5.263008,recorder
20260827-022806_perlmutter_5bc126dd,ours_l01_s2_oracle_trace-610042_b8_k8_isolated,isolated,ours,7,2,l0_ms,4.96736,recorder
20260827-022806_perlmutter_5bc126dd,ours_l01_s2_oracle_trace-610042_b8_k8_isolated,isolated,ours,7,3,l0_ms,5.270304,recorder
20260827-022806_perlmutter_5bc126dd,ours_l01_s2_oracle_trace-610042_b8_k8_isolated,isolated,ours,7,4,l0_ms,5.35568,recorder
20260827-022806_perlmutter_5bc126dd,ours_l01_s2_oracle_trace-610042_b8_k8_isolated,isolated,ours,7,5,l0_ms,5.12784,recorder
20260827-022806_perlmutter_5bc126dd,ours_l01_s2_oracle_trace-610042_b8_k8_isolated,isolated,ours,7,6,l0_ms,4.966464,recorder
20260827-022806_perlmutter_5bc126dd,ours_l01_s2_oracle_trace-610042_b8_k8_isolated,isolated,ours,7,7,l0_ms,5.502112,recorder
20260827-022806_perlmutter_5bc126dd,ours_l01_s2_oracle_trace-610042_b8_k8_isolated,isolated,ours,7,8,l0_ms,5.64464,recorder
20260827-022806_perlmutter_5bc126dd,ours_l01_s2_oracle_trace-610042_b8_k8_isolated,isolated,ours,7,9,l0_ms,4.969344,recorder
20260827-022806_perlmutter_5bc126dd,ours_l01_s2_oracle_trace-610042_b8_k8_isolated,isolated,ours,7,0,act_ms,0.04,recorder
20260827-022806_perlmutter_5bc126dd,ours_l01_s2_oracle_trace-610042_b8_k8_isolated,isolated,ours,7,1,act_ms,0.042432,recorder
20260827-022806_perlmutter_5bc126dd,ours_l01_s2_oracle_trace-610042_b8_k8_isolated,isolated,ours,7,2,act_ms,0.038752,recorder
20260827-022806_perlmutter_5bc126dd,ours_l01_s2_oracle_trace-610042_b8_k8_isolated,isolated,ours,7,3,act_ms,0.04416,recorder
20260827-022806_perlmutter_5bc126dd,ours_l01_s2_oracle_trace-610042_b8_k8_isolated,isolated,ours,7,4,act_ms,0.050624,recorder
20260827-022806_perlmutter_5bc126dd,ours_l01_s2_oracle_trace-610042_b8_k8_isolated,isolated,ours,7,5,act_ms,0.045536,recorder
20260827-022806_perlmutter_5bc126dd,ours_l01_s2_oracle_trace-610042_b8_k8_isolated,isolated,ours,7,6,act_ms,0.044864,recorder
20260827-022806_perlmutter_5bc126dd,ours_l01_s2_oracle_trace-610042_b8_k8_isolated,isolated,ours,7,7,act_ms,0.048736,recorder
20260827-022806_perlmutter_5bc126dd,ours_l01_s2_oracle_trace-610042_b8_k8_isolated,isolated,ours,7,8,act_ms,0.036512,recorder
20260827-022806_perlmutter_5bc126dd,ours_l01_s2_oracle_trace-610042_b8_k8_isolated,isolated,ours,7,9,act_ms,0.044256,recorder
20260827-022806_perlmutter_5bc126dd,ours_l01_s2_oracle_trace-610042_b8_k8_isolated,isolated,ours,7,0,l1_ms,65.080643,recorder
20260827-022806_perlmutter_5bc126dd,ours_l01_s2_oracle_trace-610042_b8_k8_isolated,isolated,ours,7,1,l1_ms,66.614403,recorder
20260827-022806_perlmutter_5bc126dd,ours_l01_s2_oracle_trace-610042_b8_k8_isolated,isolated,ours,7,2,l1_ms,66.33194,recorder
20260827-022806_perlmutter_5bc126dd,ours_l01_s2_oracle_trace-610042_b8_k8_isolated,isolated,ours,7,3,l1_ms,63.811104,recorder
20260827-022806_perlmutter_5bc126dd,ours_l01_s2_oracle_trace-610042_b8_k8_isolated,isolated,ours,7,4,l1_ms,64.417343,recorder
20260827-022806_perlmutter_5bc126dd,ours_l01_s2_oracle_trace-610042_b8_k8_isolated,isolated,ours,7,5,l1_ms,64.344765,recorder
20260827-022806_perlmutter_5bc126dd,ours_l01_s2_oracle_trace-610042_b8_k8_isolated,isolated,ours,7,6,l1_ms,65.390083,recorder
20260827-022806_perlmutter_5bc126dd,ours_l01_s2_oracle_trace-610042_b8_k8_isolated,isolated,ours,7,7,l1_ms,65.164062,recorder
20260827-022806_perlmutter_5bc126dd,ours_l01_s2_oracle_trace-610042_b8_k8_isolated,isolated,ours,7,8,l1_ms,62.616703,recorder
20260827-022806_perlmutter_5bc126dd,ours_l01_s2_oracle_trace-610042_b8_k8_isolated,isolated,ours,7,9,l1_ms,65.938972,recorder
20260827-022806_perlmutter_5bc126dd,ours_l01_s2_oracle_trace-610042_b8_k8_isolated,isolated,ours,7,0,plan_comm_ms,0.58608,recorder
20260827-022806_perlmutter_5bc126dd,ours_l01_s2_oracle_trace-610042_b8_k8_isolated,isolated,ours,7,1,plan_comm_ms,0.218784,recorder
20260827-022806_perlmutter_5bc126dd,ours_l01_s2_oracle_trace-610042_b8_k8_isolated,isolated,ours,7,2,plan_comm_ms,0.58704,recorder
20260827-022806_perlmutter_5bc126dd,ours_l01_s2_oracle_trace-610042_b8_k8_isolated,isolated,ours,7,3,plan_comm_ms,0.222592,recorder
20260827-022806_perlmutter_5bc126dd,ours_l01_s2_oracle_trace-610042_b8_k8_isolated,isolated,ours,7,4,plan_comm_ms,0.222304,recorder
20260827-022806_perlmutter_5bc126dd,ours_l01_s2_oracle_trace-610042_b8_k8_isolated,isolated,ours,7,5,plan_comm_ms,0.220032,recorder
20260827-022806_perlmutter_5bc126dd,ours_l01_s2_oracle_trace-610042_b8_k8_isolated,isolated,ours,7,6,plan_comm_ms,0.523584,recorder
20260827-022806_perlmutter_5bc126dd,ours_l01_s2_oracle_trace-610042_b8_k8_isolated,isolated,ours,7,7,plan_comm_ms,0.215808,recorder
20260827-022806_perlmutter_5bc126dd,ours_l01_s2_oracle_trace-610042_b8_k8_isolated,isolated,ours,7,8,plan_comm_ms,0.706336,recorder
20260827-022806_perlmutter_5bc126dd,ours_l01_s2_oracle_trace-610042_b8_k8_isolated,isolated,ours,7,9,plan_comm_ms,0.236608,recorder
20260827-022806_perlmutter_5bc126dd,ours_l01_s2_oracle_trace-610042_b8_k8_isolated,isolated,ours,7,0,place_ms,122.648643,recorder
20260827-022806_perlmutter_5bc126dd,ours_l01_s2_oracle_trace-610042_b8_k8_isolated,isolated,ours,7,1,place_ms,123.203293,recorder
20260827-022806_perlmutter_5bc126dd,ours_l01_s2_oracle_trace-610042_b8_k8_isolated,isolated,ours,7,2,place_ms,122.102112,recorder
20260827-022806_perlmutter_5bc126dd,ours_l01_s2_oracle_trace-610042_b8_k8_isolated,isolated,ours,7,3,place_ms,123.665855,recorder
20260827-022806_perlmutter_5bc126dd,ours_l01_s2_oracle_trace-610042_b8_k8_isolated,isolated,ours,7,4,place_ms,122.296288,recorder
20260827-022806_perlmutter_5bc126dd,ours_l01_s2_oracle_trace-610042_b8_k8_isolated,isolated,ours,7,5,place_ms,123.075645,recorder
20260827-022806_perlmutter_5bc126dd,ours_l01_s2_oracle_trace-610042_b8_k8_isolated,isolated,ours,7,6,place_ms,126.826462,recorder
20260827-022806_perlmutter_5bc126dd,ours_l01_s2_oracle_trace-610042_b8_k8_isolated,isolated,ours,7,7,place_ms,122.441536,recorder
20260827-022806_perlmutter_5bc126dd,ours_l01_s2_oracle_trace-610042_b8_k8_isolated,isolated,ours,7,8,place_ms,125.615936,recorder
20260827-022806_perlmutter_5bc126dd,ours_l01_s2_oracle_trace-610042_b8_k8_isolated,isolated,ours,7,9,place_ms,122.146622,recorder
20260827-022806_perlmutter_5bc126dd,ours_l01_s2_oracle_trace-610042_b8_k8_isolated,isolated,ours,7,0,plan_ms,3.133504,recorder
20260827-022806_perlmutter_5bc126dd,ours_l01_s2_oracle_trace-610042_b8_k8_isolated,isolated,ours,7,1,plan_ms,2.142912,recorder
20260827-022806_perlmutter_5bc126dd,ours_l01_s2_oracle_trace-610042_b8_k8_isolated,isolated,ours,7,2,plan_ms,2.723104,recorder
20260827-022806_perlmutter_5bc126dd,ours_l01_s2_oracle_trace-610042_b8_k8_isolated,isolated,ours,7,3,plan_ms,2.293728,recorder
20260827-022806_perlmutter_5bc126dd,ours_l01_s2_oracle_trace-610042_b8_k8_isolated,isolated,ours,7,4,plan_ms,3.295264,recorder
20260827-022806_perlmutter_5bc126dd,ours_l01_s2_oracle_trace-610042_b8_k8_isolated,isolated,ours,7,5,plan_ms,1.567904,recorder
20260827-022806_perlmutter_5bc126dd,ours_l01_s2_oracle_trace-610042_b8_k8_isolated,isolated,ours,7,6,plan_ms,4.174304,recorder
20260827-022806_perlmutter_5bc126dd,ours_l01_s2_oracle_trace-610042_b8_k8_isolated,isolated,ours,7,7,plan_ms,2.531872,recorder
20260827-022806_perlmutter_5bc126dd,ours_l01_s2_oracle_trace-610042_b8_k8_isolated,isolated,ours,7,8,plan_ms,2.837152,recorder
20260827-022806_perlmutter_5bc126dd,ours_l01_s2_oracle_trace-610042_b8_k8_isolated,isolated,ours,7,9,plan_ms,3.508224,recorder
20260827-022806_perlmutter_5bc126dd,ours_l01_s2_oracle_trace-610042_b8_k8_isolated,isolated,ours,7,0,total_ms,196.804581,recorder
20260827-022806_perlmutter_5bc126dd,ours_l01_s2_oracle_trace-610042_b8_k8_isolated,isolated,ours,7,1,total_ms,197.498917,recorder
20260827-022806_perlmutter_5bc126dd,ours_l01_s2_oracle_trace-610042_b8_k8_isolated,isolated,ours,7,2,total_ms,196.764679,recorder
20260827-022806_perlmutter_5bc126dd,ours_l01_s2_oracle_trace-610042_b8_k8_isolated,isolated,ours,7,3,total_ms,195.321915,recorder
20260827-022806_perlmutter_5bc126dd,ours_l01_s2_oracle_trace-610042_b8_k8_isolated,isolated,ours,7,4,total_ms,195.651871,recorder
20260827-022806_perlmutter_5bc126dd,ours_l01_s2_oracle_trace-610042_b8_k8_isolated,isolated,ours,7,5,total_ms,194.395905,recorder
20260827-022806_perlmutter_5bc126dd,ours_l01_s2_oracle_trace-610042_b8_k8_isolated,isolated,ours,7,6,total_ms,201.940445,recorder
20260827-022806_perlmutter_5bc126dd,ours_l01_s2_oracle_trace-610042_b8_k8_isolated,isolated,ours,7,7,total_ms,195.918533,recorder
20260827-022806_perlmutter_5bc126dd,ours_l01_s2_oracle_trace-610042_b8_k8_isolated,isolated,ours,7,8,total_ms,197.47142,recorder
20260827-022806_perlmutter_5bc126dd,ours_l01_s2_oracle_trace-610042_b8_k8_isolated,isolated,ours,7,9,total_ms,196.858017,recorder
20260827-022806_perlmutter_5bc126dd,ours_l01_s2_oracle_trace-610042_b8_k8_isolated,isolated,ours,7,0,iso_sync_ms,0.407839,recorder
20260827-022806_perlmutter_5bc126dd,ours_l01_s2_oracle_trace-610042_b8_k8_isolated,isolated,ours,7,1,iso_sync_ms,0.700114,recorder
20260827-022806_perlmutter_5bc126dd,ours_l01_s2_oracle_trace-610042_b8_k8_isolated,isolated,ours,7,2,iso_sync_ms,0.585062,recorder
20260827-022806_perlmutter_5bc126dd,ours_l01_s2_oracle_trace-610042_b8_k8_isolated,isolated,ours,7,3,iso_sync_ms,0.505438,recorder
20260827-022806_perlmutter_5bc126dd,ours_l01_s2_oracle_trace-610042_b8_k8_isolated,isolated,ours,7,4,iso_sync_ms,0.720284,recorder
20260827-022806_perlmutter_5bc126dd,ours_l01_s2_oracle_trace-610042_b8_k8_isolated,isolated,ours,7,5,iso_sync_ms,0.54229,recorder
20260827-022806_perlmutter_5bc126dd,ours_l01_s2_oracle_trace-610042_b8_k8_isolated,isolated,ours,7,6,iso_sync_ms,0.751083,recorder
20260827-022806_perlmutter_5bc126dd,ours_l01_s2_oracle_trace-610042_b8_k8_isolated,isolated,ours,7,7,iso_sync_ms,0.565754,recorder
20260827-022806_perlmutter_5bc126dd,ours_l01_s2_oracle_trace-610042_b8_k8_isolated,isolated,ours,7,8,iso_sync_ms,1.140547,recorder
20260827-022806_perlmutter_5bc126dd,ours_l01_s2_oracle_trace-610042_b8_k8_isolated,isolated,ours,7,9,iso_sync_ms,0.224725,recorder
20260827-022806_perlmutter_5bc126dd,ours_l01_s2_oracle_trace-610042_b8_k8_isolated,isolated,ours,8,0,e2e_ms,70.435234,recorder
20260827-022806_perlmutter_5bc126dd,ours_l01_s2_oracle_trace-610042_b8_k8_isolated,isolated,ours,8,1,e2e_ms,71.468285,recorder
20260827-022806_perlmutter_5bc126dd,ours_l01_s2_oracle_trace-610042_b8_k8_isolated,isolated,ours,8,2,e2e_ms,71.286819,recorder
20260827-022806_perlmutter_5bc126dd,ours_l01_s2_oracle_trace-610042_b8_k8_isolated,isolated,ours,8,3,e2e_ms,68.687714,recorder
20260827-022806_perlmutter_5bc126dd,ours_l01_s2_oracle_trace-610042_b8_k8_isolated,isolated,ours,8,4,e2e_ms,69.674301,recorder
20260827-022806_perlmutter_5bc126dd,ours_l01_s2_oracle_trace-610042_b8_k8_isolated,isolated,ours,8,5,e2e_ms,69.497215,recorder
20260827-022806_perlmutter_5bc126dd,ours_l01_s2_oracle_trace-610042_b8_k8_isolated,isolated,ours,8,6,e2e_ms,70.379425,recorder
20260827-022806_perlmutter_5bc126dd,ours_l01_s2_oracle_trace-610042_b8_k8_isolated,isolated,ours,8,7,e2e_ms,70.643585,recorder
20260827-022806_perlmutter_5bc126dd,ours_l01_s2_oracle_trace-610042_b8_k8_isolated,isolated,ours,8,8,e2e_ms,68.270111,recorder
20260827-022806_perlmutter_5bc126dd,ours_l01_s2_oracle_trace-610042_b8_k8_isolated,isolated,ours,8,9,e2e_ms,70.886749,recorder
20260827-022806_perlmutter_5bc126dd,ours_l01_s2_oracle_trace-610042_b8_k8_isolated,isolated,ours,8,0,l0_ms,5.512768,recorder
20260827-022806_perlmutter_5bc126dd,ours_l01_s2_oracle_trace-610042_b8_k8_isolated,isolated,ours,8,1,l0_ms,5.164256,recorder
20260827-022806_perlmutter_5bc126dd,ours_l01_s2_oracle_trace-610042_b8_k8_isolated,isolated,ours,8,2,l0_ms,4.843872,recorder
20260827-022806_perlmutter_5bc126dd,ours_l01_s2_oracle_trace-610042_b8_k8_isolated,isolated,ours,8,3,l0_ms,4.817024,recorder
20260827-022806_perlmutter_5bc126dd,ours_l01_s2_oracle_trace-610042_b8_k8_isolated,isolated,ours,8,4,l0_ms,5.249792,recorder
20260827-022806_perlmutter_5bc126dd,ours_l01_s2_oracle_trace-610042_b8_k8_isolated,isolated,ours,8,5,l0_ms,5.185728,recorder
20260827-022806_perlmutter_5bc126dd,ours_l01_s2_oracle_trace-610042_b8_k8_isolated,isolated,ours,8,6,l0_ms,4.978912,recorder
20260827-022806_perlmutter_5bc126dd,ours_l01_s2_oracle_trace-610042_b8_k8_isolated,isolated,ours,8,7,l0_ms,5.272288,recorder
20260827-022806_perlmutter_5bc126dd,ours_l01_s2_oracle_trace-610042_b8_k8_isolated,isolated,ours,8,8,l0_ms,5.420704,recorder
20260827-022806_perlmutter_5bc126dd,ours_l01_s2_oracle_trace-610042_b8_k8_isolated,isolated,ours,8,9,l0_ms,5.09056,recorder
20260827-022806_perlmutter_5bc126dd,ours_l01_s2_oracle_trace-610042_b8_k8_isolated,isolated,ours,8,0,act_ms,0.036896,recorder
20260827-022806_perlmutter_5bc126dd,ours_l01_s2_oracle_trace-610042_b8_k8_isolated,isolated,ours,8,1,act_ms,0.032704,recorder
20260827-022806_perlmutter_5bc126dd,ours_l01_s2_oracle_trace-610042_b8_k8_isolated,isolated,ours,8,2,act_ms,0.035488,recorder
20260827-022806_perlmutter_5bc126dd,ours_l01_s2_oracle_trace-610042_b8_k8_isolated,isolated,ours,8,3,act_ms,0.035296,recorder
20260827-022806_perlmutter_5bc126dd,ours_l01_s2_oracle_trace-610042_b8_k8_isolated,isolated,ours,8,4,act_ms,0.036512,recorder
20260827-022806_perlmutter_5bc126dd,ours_l01_s2_oracle_trace-610042_b8_k8_isolated,isolated,ours,8,5,act_ms,0.04096,recorder
20260827-022806_perlmutter_5bc126dd,ours_l01_s2_oracle_trace-610042_b8_k8_isolated,isolated,ours,8,6,act_ms,0.040512,recorder
20260827-022806_perlmutter_5bc126dd,ours_l01_s2_oracle_trace-610042_b8_k8_isolated,isolated,ours,8,7,act_ms,0.0408,recorder
20260827-022806_perlmutter_5bc126dd,ours_l01_s2_oracle_trace-610042_b8_k8_isolated,isolated,ours,8,8,act_ms,0.035072,recorder
20260827-022806_perlmutter_5bc126dd,ours_l01_s2_oracle_trace-610042_b8_k8_isolated,isolated,ours,8,9,act_ms,0.038688,recorder
20260827-022806_perlmutter_5bc126dd,ours_l01_s2_oracle_trace-610042_b8_k8_isolated,isolated,ours,8,0,l1_ms,64.885567,recorder
20260827-022806_perlmutter_5bc126dd,ours_l01_s2_oracle_trace-610042_b8_k8_isolated,isolated,ours,8,1,l1_ms,66.271332,recorder
20260827-022806_perlmutter_5bc126dd,ours_l01_s2_oracle_trace-610042_b8_k8_isolated,isolated,ours,8,2,l1_ms,66.407455,recorder
20260827-022806_perlmutter_5bc126dd,ours_l01_s2_oracle_trace-610042_b8_k8_isolated,isolated,ours,8,3,l1_ms,63.835392,recorder
20260827-022806_perlmutter_5bc126dd,ours_l01_s2_oracle_trace-610042_b8_k8_isolated,isolated,ours,8,4,l1_ms,64.388,recorder
20260827-022806_perlmutter_5bc126dd,ours_l01_s2_oracle_trace-610042_b8_k8_isolated,isolated,ours,8,5,l1_ms,64.270531,recorder
20260827-022806_perlmutter_5bc126dd,ours_l01_s2_oracle_trace-610042_b8_k8_isolated,isolated,ours,8,6,l1_ms,65.360001,recorder
20260827-022806_perlmutter_5bc126dd,ours_l01_s2_oracle_trace-610042_b8_k8_isolated,isolated,ours,8,7,l1_ms,65.330498,recorder
20260827-022806_perlmutter_5bc126dd,ours_l01_s2_oracle_trace-610042_b8_k8_isolated,isolated,ours,8,8,l1_ms,62.814335,recorder
20260827-022806_perlmutter_5bc126dd,ours_l01_s2_oracle_trace-610042_b8_k8_isolated,isolated,ours,8,9,l1_ms,65.757507,recorder
20260827-022806_perlmutter_5bc126dd,ours_l01_s2_oracle_trace-610042_b8_k8_isolated,isolated,ours,8,0,plan_comm_ms,0.641568,recorder
20260827-022806_perlmutter_5bc126dd,ours_l01_s2_oracle_trace-610042_b8_k8_isolated,isolated,ours,8,1,plan_comm_ms,0.22224,recorder
20260827-022806_perlmutter_5bc126dd,ours_l01_s2_oracle_trace-610042_b8_k8_isolated,isolated,ours,8,2,plan_comm_ms,0.589504,recorder
20260827-022806_perlmutter_5bc126dd,ours_l01_s2_oracle_trace-610042_b8_k8_isolated,isolated,ours,8,3,plan_comm_ms,0.237728,recorder
20260827-022806_perlmutter_5bc126dd,ours_l01_s2_oracle_trace-610042_b8_k8_isolated,isolated,ours,8,4,plan_comm_ms,0.22016,recorder
20260827-022806_perlmutter_5bc126dd,ours_l01_s2_oracle_trace-610042_b8_k8_isolated,isolated,ours,8,5,plan_comm_ms,0.226688,recorder
20260827-022806_perlmutter_5bc126dd,ours_l01_s2_oracle_trace-610042_b8_k8_isolated,isolated,ours,8,6,plan_comm_ms,0.510688,recorder
20260827-022806_perlmutter_5bc126dd,ours_l01_s2_oracle_trace-610042_b8_k8_isolated,isolated,ours,8,7,plan_comm_ms,0.213504,recorder
20260827-022806_perlmutter_5bc126dd,ours_l01_s2_oracle_trace-610042_b8_k8_isolated,isolated,ours,8,8,plan_comm_ms,0.70272,recorder
20260827-022806_perlmutter_5bc126dd,ours_l01_s2_oracle_trace-610042_b8_k8_isolated,isolated,ours,8,9,plan_comm_ms,0.23616,recorder
20260827-022806_perlmutter_5bc126dd,ours_l01_s2_oracle_trace-610042_b8_k8_isolated,isolated,ours,8,0,place_ms,119.252609,recorder
20260827-022806_perlmutter_5bc126dd,ours_l01_s2_oracle_trace-610042_b8_k8_isolated,isolated,ours,8,1,place_ms,119.735458,recorder
20260827-022806_perlmutter_5bc126dd,ours_l01_s2_oracle_trace-610042_b8_k8_isolated,isolated,ours,8,2,place_ms,120.543587,recorder
20260827-022806_perlmutter_5bc126dd,ours_l01_s2_oracle_trace-610042_b8_k8_isolated,isolated,ours,8,3,place_ms,120.379326,recorder
20260827-022806_perlmutter_5bc126dd,ours_l01_s2_oracle_trace-610042_b8_k8_isolated,isolated,ours,8,4,place_ms,119.172897,recorder
20260827-022806_perlmutter_5bc126dd,ours_l01_s2_oracle_trace-610042_b8_k8_isolated,isolated,ours,8,5,place_ms,118.313919,recorder
20260827-022806_perlmutter_5bc126dd,ours_l01_s2_oracle_trace-610042_b8_k8_isolated,isolated,ours,8,6,place_ms,123.980995,recorder
20260827-022806_perlmutter_5bc126dd,ours_l01_s2_oracle_trace-610042_b8_k8_isolated,isolated,ours,8,7,place_ms,118.501411,recorder
20260827-022806_perlmutter_5bc126dd,ours_l01_s2_oracle_trace-610042_b8_k8_isolated,isolated,ours,8,8,place_ms,120.369537,recorder
20260827-022806_perlmutter_5bc126dd,ours_l01_s2_oracle_trace-610042_b8_k8_isolated,isolated,ours,8,9,place_ms,117.757278,recorder
20260827-022806_perlmutter_5bc126dd,ours_l01_s2_oracle_trace-610042_b8_k8_isolated,isolated,ours,8,0,plan_ms,6.516896,recorder
20260827-022806_perlmutter_5bc126dd,ours_l01_s2_oracle_trace-610042_b8_k8_isolated,isolated,ours,8,1,plan_ms,5.909184,recorder
20260827-022806_perlmutter_5bc126dd,ours_l01_s2_oracle_trace-610042_b8_k8_isolated,isolated,ours,8,2,plan_ms,4.338624,recorder
20260827-022806_perlmutter_5bc126dd,ours_l01_s2_oracle_trace-610042_b8_k8_isolated,isolated,ours,8,3,plan_ms,6.025312,recorder
20260827-022806_perlmutter_5bc126dd,ours_l01_s2_oracle_trace-610042_b8_k8_isolated,isolated,ours,8,4,plan_ms,6.473056,recorder
20260827-022806_perlmutter_5bc126dd,ours_l01_s2_oracle_trace-610042_b8_k8_isolated,isolated,ours,8,5,plan_ms,6.351488,recorder
20260827-022806_perlmutter_5bc126dd,ours_l01_s2_oracle_trace-610042_b8_k8_isolated,isolated,ours,8,6,plan_ms,7.05984,recorder
20260827-022806_perlmutter_5bc126dd,ours_l01_s2_oracle_trace-610042_b8_k8_isolated,isolated,ours,8,7,plan_ms,6.541568,recorder
20260827-022806_perlmutter_5bc126dd,ours_l01_s2_oracle_trace-610042_b8_k8_isolated,isolated,ours,8,8,plan_ms,8.113632,recorder
20260827-022806_perlmutter_5bc126dd,ours_l01_s2_oracle_trace-610042_b8_k8_isolated,isolated,ours,8,9,plan_ms,7.967232,recorder
20260827-022806_perlmutter_5bc126dd,ours_l01_s2_oracle_trace-610042_b8_k8_isolated,isolated,ours,8,0,total_ms,196.860519,recorder
20260827-022806_perlmutter_5bc126dd,ours_l01_s2_oracle_trace-610042_b8_k8_isolated,isolated,ours,8,1,total_ms,197.348602,recorder
20260827-022806_perlmutter_5bc126dd,ours_l01_s2_oracle_trace-610042_b8_k8_isolated,isolated,ours,8,2,total_ms,196.772903,recorder
20260827-022806_perlmutter_5bc126dd,ours_l01_s2_oracle_trace-610042_b8_k8_isolated,isolated,ours,8,3,total_ms,195.343521,recorder
20260827-022806_perlmutter_5bc126dd,ours_l01_s2_oracle_trace-610042_b8_k8_isolated,isolated,ours,8,4,total_ms,195.552673,recorder
20260827-022806_perlmutter_5bc126dd,ours_l01_s2_oracle_trace-610042_b8_k8_isolated,isolated,ours,8,5,total_ms,194.402588,recorder
20260827-022806_perlmutter_5bc126dd,ours_l01_s2_oracle_trace-610042_b8_k8_isolated,isolated,ours,8,6,total_ms,201.945053,recorder
20260827-022806_perlmutter_5bc126dd,ours_l01_s2_oracle_trace-610042_b8_k8_isolated,isolated,ours,8,7,total_ms,195.915619,recorder
20260827-022806_perlmutter_5bc126dd,ours_l01_s2_oracle_trace-610042_b8_k8_isolated,isolated,ours,8,8,total_ms,197.470016,recorder
20260827-022806_perlmutter_5bc126dd,ours_l01_s2_oracle_trace-610042_b8_k8_isolated,isolated,ours,8,9,total_ms,196.860672,recorder
20260827-022806_perlmutter_5bc126dd,ours_l01_s2_oracle_trace-610042_b8_k8_isolated,isolated,ours,8,0,iso_sync_ms,0.781494,recorder
20260827-022806_perlmutter_5bc126dd,ours_l01_s2_oracle_trace-610042_b8_k8_isolated,isolated,ours,8,1,iso_sync_ms,0.661612,recorder
20260827-022806_perlmutter_5bc126dd,ours_l01_s2_oracle_trace-610042_b8_k8_isolated,isolated,ours,8,2,iso_sync_ms,0.718542,recorder
20260827-022806_perlmutter_5bc126dd,ours_l01_s2_oracle_trace-610042_b8_k8_isolated,isolated,ours,8,3,iso_sync_ms,0.481182,recorder
20260827-022806_perlmutter_5bc126dd,ours_l01_s2_oracle_trace-610042_b8_k8_isolated,isolated,ours,8,4,iso_sync_ms,0.533263,recorder
20260827-022806_perlmutter_5bc126dd,ours_l01_s2_oracle_trace-610042_b8_k8_isolated,isolated,ours,8,5,iso_sync_ms,0.604561,recorder
20260827-022806_perlmutter_5bc126dd,ours_l01_s2_oracle_trace-610042_b8_k8_isolated,isolated,ours,8,6,iso_sync_ms,0.746006,recorder
20260827-022806_perlmutter_5bc126dd,ours_l01_s2_oracle_trace-610042_b8_k8_isolated,isolated,ours,8,7,iso_sync_ms,0.512323,recorder
20260827-022806_perlmutter_5bc126dd,ours_l01_s2_oracle_trace-610042_b8_k8_isolated,isolated,ours,8,8,iso_sync_ms,1.126853,recorder
20260827-022806_perlmutter_5bc126dd,ours_l01_s2_oracle_trace-610042_b8_k8_isolated,isolated,ours,8,9,iso_sync_ms,0.223132,recorder
20260827-022806_perlmutter_5bc126dd,ours_l01_s2_oracle_trace-610042_b8_k8_isolated,isolated,ours,9,0,e2e_ms,70.44384,recorder
20260827-022806_perlmutter_5bc126dd,ours_l01_s2_oracle_trace-610042_b8_k8_isolated,isolated,ours,9,1,e2e_ms,71.683105,recorder
20260827-022806_perlmutter_5bc126dd,ours_l01_s2_oracle_trace-610042_b8_k8_isolated,isolated,ours,9,2,e2e_ms,71.273087,recorder
20260827-022806_perlmutter_5bc126dd,ours_l01_s2_oracle_trace-610042_b8_k8_isolated,isolated,ours,9,3,e2e_ms,68.91555,recorder
20260827-022806_perlmutter_5bc126dd,ours_l01_s2_oracle_trace-610042_b8_k8_isolated,isolated,ours,9,4,e2e_ms,69.702621,recorder
20260827-022806_perlmutter_5bc126dd,ours_l01_s2_oracle_trace-610042_b8_k8_isolated,isolated,ours,9,5,e2e_ms,69.507614,recorder
20260827-022806_perlmutter_5bc126dd,ours_l01_s2_oracle_trace-610042_b8_k8_isolated,isolated,ours,9,6,e2e_ms,70.378433,recorder
20260827-022806_perlmutter_5bc126dd,ours_l01_s2_oracle_trace-610042_b8_k8_isolated,isolated,ours,9,7,e2e_ms,70.676285,recorder
20260827-022806_perlmutter_5bc126dd,ours_l01_s2_oracle_trace-610042_b8_k8_isolated,isolated,ours,9,8,e2e_ms,68.183556,recorder
20260827-022806_perlmutter_5bc126dd,ours_l01_s2_oracle_trace-610042_b8_k8_isolated,isolated,ours,9,9,e2e_ms,70.803139,recorder
20260827-022806_perlmutter_5bc126dd,ours_l01_s2_oracle_trace-610042_b8_k8_isolated,isolated,ours,9,0,l0_ms,5.084416,recorder
20260827-022806_perlmutter_5bc126dd,ours_l01_s2_oracle_trace-610042_b8_k8_isolated,isolated,ours,9,1,l0_ms,5.2768,recorder
20260827-022806_perlmutter_5bc126dd,ours_l01_s2_oracle_trace-610042_b8_k8_isolated,isolated,ours,9,2,l0_ms,4.936032,recorder
20260827-022806_perlmutter_5bc126dd,ours_l01_s2_oracle_trace-610042_b8_k8_isolated,isolated,ours,9,3,l0_ms,5.34416,recorder
20260827-022806_perlmutter_5bc126dd,ours_l01_s2_oracle_trace-610042_b8_k8_isolated,isolated,ours,9,4,l0_ms,5.404544,recorder
20260827-022806_perlmutter_5bc126dd,ours_l01_s2_oracle_trace-610042_b8_k8_isolated,isolated,ours,9,5,l0_ms,4.76752,recorder
20260827-022806_perlmutter_5bc126dd,ours_l01_s2_oracle_trace-610042_b8_k8_isolated,isolated,ours,9,6,l0_ms,5.105376,recorder
20260827-022806_perlmutter_5bc126dd,ours_l01_s2_oracle_trace-610042_b8_k8_isolated,isolated,ours,9,7,l0_ms,5.392864,recorder
20260827-022806_perlmutter_5bc126dd,ours_l01_s2_oracle_trace-610042_b8_k8_isolated,isolated,ours,9,8,l0_ms,5.501952,recorder
20260827-022806_perlmutter_5bc126dd,ours_l01_s2_oracle_trace-610042_b8_k8_isolated,isolated,ours,9,9,l0_ms,4.82496,recorder
20260827-022806_perlmutter_5bc126dd,ours_l01_s2_oracle_trace-610042_b8_k8_isolated,isolated,ours,9,0,act_ms,0.037216,recorder
20260827-022806_perlmutter_5bc126dd,ours_l01_s2_oracle_trace-610042_b8_k8_isolated,isolated,ours,9,1,act_ms,0.040928,recorder
20260827-022806_perlmutter_5bc126dd,ours_l01_s2_oracle_trace-610042_b8_k8_isolated,isolated,ours,9,2,act_ms,0.040864,recorder
20260827-022806_perlmutter_5bc126dd,ours_l01_s2_oracle_trace-610042_b8_k8_isolated,isolated,ours,9,3,act_ms,0.039776,recorder
20260827-022806_perlmutter_5bc126dd,ours_l01_s2_oracle_trace-610042_b8_k8_isolated,isolated,ours,9,4,act_ms,0.039168,recorder
20260827-022806_perlmutter_5bc126dd,ours_l01_s2_oracle_trace-610042_b8_k8_isolated,isolated,ours,9,5,act_ms,0.039552,recorder
20260827-022806_perlmutter_5bc126dd,ours_l01_s2_oracle_trace-610042_b8_k8_isolated,isolated,ours,9,6,act_ms,0.03696,recorder
20260827-022806_perlmutter_5bc126dd,ours_l01_s2_oracle_trace-610042_b8_k8_isolated,isolated,ours,9,7,act_ms,0.043968,recorder
20260827-022806_perlmutter_5bc126dd,ours_l01_s2_oracle_trace-610042_b8_k8_isolated,isolated,ours,9,8,act_ms,0.040512,recorder
20260827-022806_perlmutter_5bc126dd,ours_l01_s2_oracle_trace-610042_b8_k8_isolated,isolated,ours,9,9,act_ms,0.041856,recorder
20260827-022806_perlmutter_5bc126dd,ours_l01_s2_oracle_trace-610042_b8_k8_isolated,isolated,ours,9,0,l1_ms,65.322205,recorder
20260827-022806_perlmutter_5bc126dd,ours_l01_s2_oracle_trace-610042_b8_k8_isolated,isolated,ours,9,1,l1_ms,66.365379,recorder
20260827-022806_perlmutter_5bc126dd,ours_l01_s2_oracle_trace-610042_b8_k8_isolated,isolated,ours,9,2,l1_ms,66.296188,recorder
20260827-022806_perlmutter_5bc126dd,ours_l01_s2_oracle_trace-610042_b8_k8_isolated,isolated,ours,9,3,l1_ms,63.531616,recorder
20260827-022806_perlmutter_5bc126dd,ours_l01_s2_oracle_trace-610042_b8_k8_isolated,isolated,ours,9,4,l1_ms,64.258911,recorder
20260827-022806_perlmutter_5bc126dd,ours_l01_s2_oracle_trace-610042_b8_k8_isolated,isolated,ours,9,5,l1_ms,64.700546,recorder
20260827-022806_perlmutter_5bc126dd,ours_l01_s2_oracle_trace-610042_b8_k8_isolated,isolated,ours,9,6,l1_ms,65.236099,recorder
20260827-022806_perlmutter_5bc126dd,ours_l01_s2_oracle_trace-610042_b8_k8_isolated,isolated,ours,9,7,l1_ms,65.239456,recorder
20260827-022806_perlmutter_5bc126dd,ours_l01_s2_oracle_trace-610042_b8_k8_isolated,isolated,ours,9,8,l1_ms,62.641087,recorder
20260827-022806_perlmutter_5bc126dd,ours_l01_s2_oracle_trace-610042_b8_k8_isolated,isolated,ours,9,9,l1_ms,65.936317,recorder
20260827-022806_perlmutter_5bc126dd,ours_l01_s2_oracle_trace-610042_b8_k8_isolated,isolated,ours,9,0,plan_comm_ms,0.640576,recorder
20260827-022806_perlmutter_5bc126dd,ours_l01_s2_oracle_trace-610042_b8_k8_isolated,isolated,ours,9,1,plan_comm_ms,0.223808,recorder
20260827-022806_perlmutter_5bc126dd,ours_l01_s2_oracle_trace-610042_b8_k8_isolated,isolated,ours,9,2,plan_comm_ms,0.584288,recorder
20260827-022806_perlmutter_5bc126dd,ours_l01_s2_oracle_trace-610042_b8_k8_isolated,isolated,ours,9,3,plan_comm_ms,0.22976,recorder
20260827-022806_perlmutter_5bc126dd,ours_l01_s2_oracle_trace-610042_b8_k8_isolated,isolated,ours,9,4,plan_comm_ms,0.218304,recorder
20260827-022806_perlmutter_5bc126dd,ours_l01_s2_oracle_trace-610042_b8_k8_isolated,isolated,ours,9,5,plan_comm_ms,0.201696,recorder
20260827-022806_perlmutter_5bc126dd,ours_l01_s2_oracle_trace-610042_b8_k8_isolated,isolated,ours,9,6,plan_comm_ms,0.520064,recorder
20260827-022806_perlmutter_5bc126dd,ours_l01_s2_oracle_trace-610042_b8_k8_isolated,isolated,ours,9,7,plan_comm_ms,0.216608,recorder
20260827-022806_perlmutter_5bc126dd,ours_l01_s2_oracle_trace-610042_b8_k8_isolated,isolated,ours,9,8,plan_comm_ms,0.63936,recorder
20260827-022806_perlmutter_5bc126dd,ours_l01_s2_oracle_trace-610042_b8_k8_isolated,isolated,ours,9,9,plan_comm_ms,0.239712,recorder
20260827-022806_perlmutter_5bc126dd,ours_l01_s2_oracle_trace-610042_b8_k8_isolated,isolated,ours,9,0,place_ms,118.44883,recorder
20260827-022806_perlmutter_5bc126dd,ours_l01_s2_oracle_trace-610042_b8_k8_isolated,isolated,ours,9,1,place_ms,117.938591,recorder
20260827-022806_perlmutter_5bc126dd,ours_l01_s2_oracle_trace-610042_b8_k8_isolated,isolated,ours,9,2,place_ms,117.854942,recorder
20260827-022806_perlmutter_5bc126dd,ours_l01_s2_oracle_trace-610042_b8_k8_isolated,isolated,ours,9,3,place_ms,118.292892,recorder
20260827-022806_perlmutter_5bc126dd,ours_l01_s2_oracle_trace-610042_b8_k8_isolated,isolated,ours,9,4,place_ms,118.29734,recorder
20260827-022806_perlmutter_5bc126dd,ours_l01_s2_oracle_trace-610042_b8_k8_isolated,isolated,ours,9,5,place_ms,117.737663,recorder
20260827-022806_perlmutter_5bc126dd,ours_l01_s2_oracle_trace-610042_b8_k8_isolated,isolated,ours,9,6,place_ms,123.245438,recorder
20260827-022806_perlmutter_5bc126dd,ours_l01_s2_oracle_trace-610042_b8_k8_isolated,isolated,ours,9,7,place_ms,117.391968,recorder
20260827-022806_perlmutter_5bc126dd,ours_l01_s2_oracle_trace-610042_b8_k8_isolated,isolated,ours,9,8,place_ms,119.978653,recorder
20260827-022806_perlmutter_5bc126dd,ours_l01_s2_oracle_trace-610042_b8_k8_isolated,isolated,ours,9,9,place_ms,117.682594,recorder
20260827-022806_perlmutter_5bc126dd,ours_l01_s2_oracle_trace-610042_b8_k8_isolated,isolated,ours,9,0,plan_ms,7.318656,recorder
20260827-022806_perlmutter_5bc126dd,ours_l01_s2_oracle_trace-610042_b8_k8_isolated,isolated,ours,9,1,plan_ms,7.527616,recorder
20260827-022806_perlmutter_5bc126dd,ours_l01_s2_oracle_trace-610042_b8_k8_isolated,isolated,ours,9,2,plan_ms,7.04416,recorder
20260827-022806_perlmutter_5bc126dd,ours_l01_s2_oracle_trace-610042_b8_k8_isolated,isolated,ours,9,3,plan_ms,7.831744,recorder
20260827-022806_perlmutter_5bc126dd,ours_l01_s2_oracle_trace-610042_b8_k8_isolated,isolated,ours,9,4,plan_ms,7.321696,recorder
20260827-022806_perlmutter_5bc126dd,ours_l01_s2_oracle_trace-610042_b8_k8_isolated,isolated,ours,9,5,plan_ms,6.925568,recorder
20260827-022806_perlmutter_5bc126dd,ours_l01_s2_oracle_trace-610042_b8_k8_isolated,isolated,ours,9,6,plan_ms,7.790912,recorder
20260827-022806_perlmutter_5bc126dd,ours_l01_s2_oracle_trace-610042_b8_k8_isolated,isolated,ours,9,7,plan_ms,7.627648,recorder
20260827-022806_perlmutter_5bc126dd,ours_l01_s2_oracle_trace-610042_b8_k8_isolated,isolated,ours,9,8,plan_ms,8.595264,recorder
20260827-022806_perlmutter_5bc126dd,ours_l01_s2_oracle_trace-610042_b8_k8_isolated,isolated,ours,9,9,plan_ms,8.130624,recorder
20260827-022806_perlmutter_5bc126dd,ours_l01_s2_oracle_trace-610042_b8_k8_isolated,isolated,ours,9,0,total_ms,196.865051,recorder
20260827-022806_perlmutter_5bc126dd,ours_l01_s2_oracle_trace-610042_b8_k8_isolated,isolated,ours,9,1,total_ms,197.38736,recorder
20260827-022806_perlmutter_5bc126dd,ours_l01_s2_oracle_trace-610042_b8_k8_isolated,isolated,ours,9,2,total_ms,196.770782,recorder
20260827-022806_perlmutter_5bc126dd,ours_l01_s2_oracle_trace-610042_b8_k8_isolated,isolated,ours,9,3,total_ms,195.283264,recorder
20260827-022806_perlmutter_5bc126dd,ours_l01_s2_oracle_trace-610042_b8_k8_isolated,isolated,ours,9,4,total_ms,195.554016,recorder
20260827-022806_perlmutter_5bc126dd,ours_l01_s2_oracle_trace-610042_b8_k8_isolated,isolated,ours,9,5,total_ms,194.385895,recorder
20260827-022806_perlmutter_5bc126dd,ours_l01_s2_oracle_trace-610042_b8_k8_isolated,isolated,ours,9,6,total_ms,201.947906,recorder
20260827-022806_perlmutter_5bc126dd,ours_l01_s2_oracle_trace-610042_b8_k8_isolated,isolated,ours,9,7,total_ms,195.9263,recorder
20260827-022806_perlmutter_5bc126dd,ours_l01_s2_oracle_trace-610042_b8_k8_isolated,isolated,ours,9,8,total_ms,197.411301,recorder
20260827-022806_perlmutter_5bc126dd,ours_l01_s2_oracle_trace-610042_b8_k8_isolated,isolated,ours,9,9,total_ms,196.872284,recorder
20260827-022806_perlmutter_5bc126dd,ours_l01_s2_oracle_trace-610042_b8_k8_isolated,isolated,ours,9,0,iso_sync_ms,0.787906,recorder
20260827-022806_perlmutter_5bc126dd,ours_l01_s2_oracle_trace-610042_b8_k8_isolated,isolated,ours,9,1,iso_sync_ms,0.674387,recorder
20260827-022806_perlmutter_5bc126dd,ours_l01_s2_oracle_trace-610042_b8_k8_isolated,isolated,ours,9,2,iso_sync_ms,0.672984,recorder
20260827-022806_perlmutter_5bc126dd,ours_l01_s2_oracle_trace-610042_b8_k8_isolated,isolated,ours,9,3,iso_sync_ms,0.490972,recorder
20260827-022806_perlmutter_5bc126dd,ours_l01_s2_oracle_trace-610042_b8_k8_isolated,isolated,ours,9,4,iso_sync_ms,0.75357,recorder
20260827-022806_perlmutter_5bc126dd,ours_l01_s2_oracle_trace-610042_b8_k8_isolated,isolated,ours,9,5,iso_sync_ms,0.39751,recorder
20260827-022806_perlmutter_5bc126dd,ours_l01_s2_oracle_trace-610042_b8_k8_isolated,isolated,ours,9,6,iso_sync_ms,0.73293,recorder
20260827-022806_perlmutter_5bc126dd,ours_l01_s2_oracle_trace-610042_b8_k8_isolated,isolated,ours,9,7,iso_sync_ms,0.558503,recorder
20260827-022806_perlmutter_5bc126dd,ours_l01_s2_oracle_trace-610042_b8_k8_isolated,isolated,ours,9,8,iso_sync_ms,0.704865,recorder
20260827-022806_perlmutter_5bc126dd,ours_l01_s2_oracle_trace-610042_b8_k8_isolated,isolated,ours,9,9,iso_sync_ms,0.225416,recorder
20260827-022806_perlmutter_5bc126dd,ours_l01_s2_oracle_trace-610042_b8_k8_isolated,isolated,ours,10,0,e2e_ms,70.448898,recorder
20260827-022806_perlmutter_5bc126dd,ours_l01_s2_oracle_trace-610042_b8_k8_isolated,isolated,ours,10,1,e2e_ms,71.6287,recorder
20260827-022806_perlmutter_5bc126dd,ours_l01_s2_oracle_trace-610042_b8_k8_isolated,isolated,ours,10,2,e2e_ms,71.133888,recorder
20260827-022806_perlmutter_5bc126dd,ours_l01_s2_oracle_trace-610042_b8_k8_isolated,isolated,ours,10,3,e2e_ms,69.064125,recorder
20260827-022806_perlmutter_5bc126dd,ours_l01_s2_oracle_trace-610042_b8_k8_isolated,isolated,ours,10,4,e2e_ms,69.710625,recorder
20260827-022806_perlmutter_5bc126dd,ours_l01_s2_oracle_trace-610042_b8_k8_isolated,isolated,ours,10,5,e2e_ms,69.526787,recorder
20260827-022806_perlmutter_5bc126dd,ours_l01_s2_oracle_trace-610042_b8_k8_isolated,isolated,ours,10,6,e2e_ms,70.368767,recorder
20260827-022806_perlmutter_5bc126dd,ours_l01_s2_oracle_trace-610042_b8_k8_isolated,isolated,ours,10,7,e2e_ms,70.696739,recorder
20260827-022806_perlmutter_5bc126dd,ours_l01_s2_oracle_trace-610042_b8_k8_isolated,isolated,ours,10,8,e2e_ms,68.265121,recorder
20260827-022806_perlmutter_5bc126dd,ours_l01_s2_oracle_trace-610042_b8_k8_isolated,isolated,ours,10,9,e2e_ms,70.897377,recorder
20260827-022806_perlmutter_5bc126dd,ours_l01_s2_oracle_trace-610042_b8_k8_isolated,isolated,ours,10,0,l0_ms,5.130368,recorder
20260827-022806_perlmutter_5bc126dd,ours_l01_s2_oracle_trace-610042_b8_k8_isolated,isolated,ours,10,1,l0_ms,5.556992,recorder
20260827-022806_perlmutter_5bc126dd,ours_l01_s2_oracle_trace-610042_b8_k8_isolated,isolated,ours,10,2,l0_ms,4.718112,recorder
20260827-022806_perlmutter_5bc126dd,ours_l01_s2_oracle_trace-610042_b8_k8_isolated,isolated,ours,10,3,l0_ms,5.25824,recorder
20260827-022806_perlmutter_5bc126dd,ours_l01_s2_oracle_trace-610042_b8_k8_isolated,isolated,ours,10,4,l0_ms,5.432416,recorder
20260827-022806_perlmutter_5bc126dd,ours_l01_s2_oracle_trace-610042_b8_k8_isolated,isolated,ours,10,5,l0_ms,4.825952,recorder
20260827-022806_perlmutter_5bc126dd,ours_l01_s2_oracle_trace-610042_b8_k8_isolated,isolated,ours,10,6,l0_ms,4.924896,recorder
20260827-022806_perlmutter_5bc126dd,ours_l01_s2_oracle_trace-610042_b8_k8_isolated,isolated,ours,10,7,l0_ms,5.504928,recorder
20260827-022806_perlmutter_5bc126dd,ours_l01_s2_oracle_trace-610042_b8_k8_isolated,isolated,ours,10,8,l0_ms,5.416,recorder
20260827-022806_perlmutter_5bc126dd,ours_l01_s2_oracle_trace-610042_b8_k8_isolated,isolated,ours,10,9,l0_ms,4.988928,recorder
20260827-022806_perlmutter_5bc126dd,ours_l01_s2_oracle_trace-610042_b8_k8_isolated,isolated,ours,10,0,act_ms,0.04368,recorder
20260827-022806_perlmutter_5bc126dd,ours_l01_s2_oracle_trace-610042_b8_k8_isolated,isolated,ours,10,1,act_ms,0.040512,recorder
20260827-022806_perlmutter_5bc126dd,ours_l01_s2_oracle_trace-610042_b8_k8_isolated,isolated,ours,10,2,act_ms,0.04208,recorder
20260827-022806_perlmutter_5bc126dd,ours_l01_s2_oracle_trace-610042_b8_k8_isolated,isolated,ours,10,3,act_ms,0.039328,recorder
20260827-022806_perlmutter_5bc126dd,ours_l01_s2_oracle_trace-610042_b8_k8_isolated,isolated,ours,10,4,act_ms,0.038688,recorder
20260827-022806_perlmutter_5bc126dd,ours_l01_s2_oracle_trace-610042_b8_k8_isolated,isolated,ours,10,5,act_ms,0.044768,recorder
20260827-022806_perlmutter_5bc126dd,ours_l01_s2_oracle_trace-610042_b8_k8_isolated,isolated,ours,10,6,act_ms,0.041312,recorder
20260827-022806_perlmutter_5bc126dd,ours_l01_s2_oracle_trace-610042_b8_k8_isolated,isolated,ours,10,7,act_ms,0.042528,recorder
20260827-022806_perlmutter_5bc126dd,ours_l01_s2_oracle_trace-610042_b8_k8_isolated,isolated,ours,10,8,act_ms,0.040736,recorder
20260827-022806_perlmutter_5bc126dd,ours_l01_s2_oracle_trace-610042_b8_k8_isolated,isolated,ours,10,9,act_ms,0.04384,recorder
20260827-022806_perlmutter_5bc126dd,ours_l01_s2_oracle_trace-610042_b8_k8_isolated,isolated,ours,10,0,l1_ms,65.274849,recorder
20260827-022806_perlmutter_5bc126dd,ours_l01_s2_oracle_trace-610042_b8_k8_isolated,isolated,ours,10,1,l1_ms,66.031197,recorder
20260827-022806_perlmutter_5bc126dd,ours_l01_s2_oracle_trace-610042_b8_k8_isolated,isolated,ours,10,2,l1_ms,66.373695,recorder
20260827-022806_perlmutter_5bc126dd,ours_l01_s2_oracle_trace-610042_b8_k8_isolated,isolated,ours,10,3,l1_ms,63.76656,recorder
20260827-022806_perlmutter_5bc126dd,ours_l01_s2_oracle_trace-610042_b8_k8_isolated,isolated,ours,10,4,l1_ms,64.239517,recorder
20260827-022806_perlmutter_5bc126dd,ours_l01_s2_oracle_trace-610042_b8_k8_isolated,isolated,ours,10,5,l1_ms,64.656067,recorder
20260827-022806_perlmutter_5bc126dd,ours_l01_s2_oracle_trace-610042_b8_k8_isolated,isolated,ours,10,6,l1_ms,65.402557,recorder
20260827-022806_perlmutter_5bc126dd,ours_l01_s2_oracle_trace-610042_b8_k8_isolated,isolated,ours,10,7,l1_ms,65.149277,recorder
20260827-022806_perlmutter_5bc126dd,ours_l01_s2_oracle_trace-610042_b8_k8_isolated,isolated,ours,10,8,l1_ms,62.808384,recorder
20260827-022806_perlmutter_5bc126dd,ours_l01_s2_oracle_trace-610042_b8_k8_isolated,isolated,ours,10,9,l1_ms,65.864609,recorder
20260827-022806_perlmutter_5bc126dd,ours_l01_s2_oracle_trace-610042_b8_k8_isolated,isolated,ours,10,0,plan_comm_ms,0.637952,recorder
20260827-022806_perlmutter_5bc126dd,ours_l01_s2_oracle_trace-610042_b8_k8_isolated,isolated,ours,10,1,plan_comm_ms,0.225344,recorder
20260827-022806_perlmutter_5bc126dd,ours_l01_s2_oracle_trace-610042_b8_k8_isolated,isolated,ours,10,2,plan_comm_ms,0.589792,recorder
20260827-022806_perlmutter_5bc126dd,ours_l01_s2_oracle_trace-610042_b8_k8_isolated,isolated,ours,10,3,plan_comm_ms,0.227648,recorder
20260827-022806_perlmutter_5bc126dd,ours_l01_s2_oracle_trace-610042_b8_k8_isolated,isolated,ours,10,4,plan_comm_ms,0.22576,recorder
20260827-022806_perlmutter_5bc126dd,ours_l01_s2_oracle_trace-610042_b8_k8_isolated,isolated,ours,10,5,plan_comm_ms,0.212512,recorder
20260827-022806_perlmutter_5bc126dd,ours_l01_s2_oracle_trace-610042_b8_k8_isolated,isolated,ours,10,6,plan_comm_ms,0.517216,recorder
20260827-022806_perlmutter_5bc126dd,ours_l01_s2_oracle_trace-610042_b8_k8_isolated,isolated,ours,10,7,plan_comm_ms,0.218208,recorder
20260827-022806_perlmutter_5bc126dd,ours_l01_s2_oracle_trace-610042_b8_k8_isolated,isolated,ours,10,8,plan_comm_ms,0.700544,recorder
20260827-022806_perlmutter_5bc126dd,ours_l01_s2_oracle_trace-610042_b8_k8_isolated,isolated,ours,10,9,plan_comm_ms,0.239488,recorder
20260827-022806_perlmutter_5bc126dd,ours_l01_s2_oracle_trace-610042_b8_k8_isolated,isolated,ours,10,0,place_ms,118.315453,recorder
20260827-022806_perlmutter_5bc126dd,ours_l01_s2_oracle_trace-610042_b8_k8_isolated,isolated,ours,10,1,place_ms,118.711487,recorder
20260827-022806_perlmutter_5bc126dd,ours_l01_s2_oracle_trace-610042_b8_k8_isolated,isolated,ours,10,2,place_ms,121.019264,recorder
20260827-022806_perlmutter_5bc126dd,ours_l01_s2_oracle_trace-610042_b8_k8_isolated,isolated,ours,10,3,place_ms,121.188835,recorder
20260827-022806_perlmutter_5bc126dd,ours_l01_s2_oracle_trace-610042_b8_k8_isolated,isolated,ours,10,4,place_ms,119.896095,recorder
20260827-022806_perlmutter_5bc126dd,ours_l01_s2_oracle_trace-610042_b8_k8_isolated,isolated,ours,10,5,place_ms,118.688385,recorder
20260827-022806_perlmutter_5bc126dd,ours_l01_s2_oracle_trace-610042_b8_k8_isolated,isolated,ours,10,6,place_ms,124.309731,recorder
20260827-022806_perlmutter_5bc126dd,ours_l01_s2_oracle_trace-610042_b8_k8_isolated,isolated,ours,10,7,place_ms,118.306496,recorder
20260827-022806_perlmutter_5bc126dd,ours_l01_s2_oracle_trace-610042_b8_k8_isolated,isolated,ours,10,8,place_ms,122.307457,recorder
20260827-022806_perlmutter_5bc126dd,ours_l01_s2_oracle_trace-610042_b8_k8_isolated,isolated,ours,10,9,place_ms,118.555229,recorder
20260827-022806_perlmutter_5bc126dd,ours_l01_s2_oracle_trace-610042_b8_k8_isolated,isolated,ours,10,0,plan_ms,7.447264,recorder
20260827-022806_perlmutter_5bc126dd,ours_l01_s2_oracle_trace-610042_b8_k8_isolated,isolated,ours,10,1,plan_ms,6.845056,recorder
20260827-022806_perlmutter_5bc126dd,ours_l01_s2_oracle_trace-610042_b8_k8_isolated,isolated,ours,10,2,plan_ms,4.025728,recorder
20260827-022806_perlmutter_5bc126dd,ours_l01_s2_oracle_trace-610042_b8_k8_isolated,isolated,ours,10,3,plan_ms,4.794624,recorder
20260827-022806_perlmutter_5bc126dd,ours_l01_s2_oracle_trace-610042_b8_k8_isolated,isolated,ours,10,4,plan_ms,5.72816,recorder
20260827-022806_perlmutter_5bc126dd,ours_l01_s2_oracle_trace-610042_b8_k8_isolated,isolated,ours,10,5,plan_ms,5.96608,recorder
20260827-022806_perlmutter_5bc126dd,ours_l01_s2_oracle_trace-610042_b8_k8_isolated,isolated,ours,10,6,plan_ms,6.740288,recorder
20260827-022806_perlmutter_5bc126dd,ours_l01_s2_oracle_trace-610042_b8_k8_isolated,isolated,ours,10,7,plan_ms,6.688928,recorder
20260827-022806_perlmutter_5bc126dd,ours_l01_s2_oracle_trace-610042_b8_k8_isolated,isolated,ours,10,8,plan_ms,6.188736,recorder
20260827-022806_perlmutter_5bc126dd,ours_l01_s2_oracle_trace-610042_b8_k8_isolated,isolated,ours,10,9,plan_ms,7.158496,recorder
20260827-022806_perlmutter_5bc126dd,ours_l01_s2_oracle_trace-610042_b8_k8_isolated,isolated,ours,10,0,total_ms,196.862946,recorder
20260827-022806_perlmutter_5bc126dd,ours_l01_s2_oracle_trace-610042_b8_k8_isolated,isolated,ours,10,1,total_ms,197.425217,recorder
20260827-022806_perlmutter_5bc126dd,ours_l01_s2_oracle_trace-610042_b8_k8_isolated,isolated,ours,10,2,total_ms,196.782822,recorder
20260827-022806_perlmutter_5bc126dd,ours_l01_s2_oracle_trace-610042_b8_k8_isolated,isolated,ours,10,3,total_ms,195.288284,recorder
20260827-022806_perlmutter_5bc126dd,ours_l01_s2_oracle_trace-610042_b8_k8_isolated,isolated,ours,10,4,total_ms,195.57431,recorder
20260827-022806_perlmutter_5bc126dd,ours_l01_s2_oracle_trace-610042_b8_k8_isolated,isolated,ours,10,5,total_ms,194.407928,recorder
20260827-022806_perlmutter_5bc126dd,ours_l01_s2_oracle_trace-610042_b8_k8_isolated,isolated,ours,10,6,total_ms,201.950012,recorder
20260827-022806_perlmutter_5bc126dd,ours_l01_s2_oracle_trace-610042_b8_k8_isolated,isolated,ours,10,7,total_ms,195.923676,recorder
20260827-022806_perlmutter_5bc126dd,ours_l01_s2_oracle_trace-610042_b8_k8_isolated,isolated,ours,10,8,total_ms,197.475174,recorder
20260827-022806_perlmutter_5bc126dd,ours_l01_s2_oracle_trace-610042_b8_k8_isolated,isolated,ours,10,9,total_ms,196.865829,recorder
20260827-022806_perlmutter_5bc126dd,ours_l01_s2_oracle_trace-610042_b8_k8_isolated,isolated,ours,10,0,iso_sync_ms,0.788859,recorder
20260827-022806_perlmutter_5bc126dd,ours_l01_s2_oracle_trace-610042_b8_k8_isolated,isolated,ours,10,1,iso_sync_ms,0.66065,recorder
20260827-022806_perlmutter_5bc126dd,ours_l01_s2_oracle_trace-610042_b8_k8_isolated,isolated,ours,10,2,iso_sync_ms,0.621284,recorder
20260827-022806_perlmutter_5bc126dd,ours_l01_s2_oracle_trace-610042_b8_k8_isolated,isolated,ours,10,3,iso_sync_ms,0.476042,recorder
20260827-022806_perlmutter_5bc126dd,ours_l01_s2_oracle_trace-610042_b8_k8_isolated,isolated,ours,10,4,iso_sync_ms,0.759892,recorder
20260827-022806_perlmutter_5bc126dd,ours_l01_s2_oracle_trace-610042_b8_k8_isolated,isolated,ours,10,5,iso_sync_ms,0.618639,recorder
20260827-022806_perlmutter_5bc126dd,ours_l01_s2_oracle_trace-610042_b8_k8_isolated,isolated,ours,10,6,iso_sync_ms,0.74347,recorder
20260827-022806_perlmutter_5bc126dd,ours_l01_s2_oracle_trace-610042_b8_k8_isolated,isolated,ours,10,7,iso_sync_ms,0.55266,recorder
20260827-022806_perlmutter_5bc126dd,ours_l01_s2_oracle_trace-610042_b8_k8_isolated,isolated,ours,10,8,iso_sync_ms,1.138215,recorder
20260827-022806_perlmutter_5bc126dd,ours_l01_s2_oracle_trace-610042_b8_k8_isolated,isolated,ours,10,9,iso_sync_ms,0.223893,recorder
20260827-022806_perlmutter_5bc126dd,ours_l01_s2_oracle_trace-610042_b8_k8_isolated,isolated,ours,11,0,e2e_ms,70.476929,recorder
20260827-022806_perlmutter_5bc126dd,ours_l01_s2_oracle_trace-610042_b8_k8_isolated,isolated,ours,11,1,e2e_ms,71.834846,recorder
20260827-022806_perlmutter_5bc126dd,ours_l01_s2_oracle_trace-610042_b8_k8_isolated,isolated,ours,11,2,e2e_ms,71.126846,recorder
20260827-022806_perlmutter_5bc126dd,ours_l01_s2_oracle_trace-610042_b8_k8_isolated,isolated,ours,11,3,e2e_ms,69.056801,recorder
20260827-022806_perlmutter_5bc126dd,ours_l01_s2_oracle_trace-610042_b8_k8_isolated,isolated,ours,11,4,e2e_ms,69.637024,recorder
20260827-022806_perlmutter_5bc126dd,ours_l01_s2_oracle_trace-610042_b8_k8_isolated,isolated,ours,11,5,e2e_ms,69.499779,recorder
20260827-022806_perlmutter_5bc126dd,ours_l01_s2_oracle_trace-610042_b8_k8_isolated,isolated,ours,11,6,e2e_ms,70.239075,recorder
20260827-022806_perlmutter_5bc126dd,ours_l01_s2_oracle_trace-610042_b8_k8_isolated,isolated,ours,11,7,e2e_ms,70.670052,recorder
20260827-022806_perlmutter_5bc126dd,ours_l01_s2_oracle_trace-610042_b8_k8_isolated,isolated,ours,11,8,e2e_ms,68.205956,recorder
20260827-022806_perlmutter_5bc126dd,ours_l01_s2_oracle_trace-610042_b8_k8_isolated,isolated,ours,11,9,e2e_ms,70.906914,recorder
20260827-022806_perlmutter_5bc126dd,ours_l01_s2_oracle_trace-610042_b8_k8_isolated,isolated,ours,11,0,l0_ms,5.176928,recorder
20260827-022806_perlmutter_5bc126dd,ours_l01_s2_oracle_trace-610042_b8_k8_isolated,isolated,ours,11,1,l0_ms,5.369568,recorder
20260827-022806_perlmutter_5bc126dd,ours_l01_s2_oracle_trace-610042_b8_k8_isolated,isolated,ours,11,2,l0_ms,4.732064,recorder
20260827-022806_perlmutter_5bc126dd,ours_l01_s2_oracle_trace-610042_b8_k8_isolated,isolated,ours,11,3,l0_ms,5.263712,recorder
20260827-022806_perlmutter_5bc126dd,ours_l01_s2_oracle_trace-610042_b8_k8_isolated,isolated,ours,11,4,l0_ms,4.990848,recorder
20260827-022806_perlmutter_5bc126dd,ours_l01_s2_oracle_trace-610042_b8_k8_isolated,isolated,ours,11,5,l0_ms,4.783072,recorder
20260827-022806_perlmutter_5bc126dd,ours_l01_s2_oracle_trace-610042_b8_k8_isolated,isolated,ours,11,6,l0_ms,4.83408,recorder
20260827-022806_perlmutter_5bc126dd,ours_l01_s2_oracle_trace-610042_b8_k8_isolated,isolated,ours,11,7,l0_ms,5.043456,recorder
20260827-022806_perlmutter_5bc126dd,ours_l01_s2_oracle_trace-610042_b8_k8_isolated,isolated,ours,11,8,l0_ms,5.255616,recorder
20260827-022806_perlmutter_5bc126dd,ours_l01_s2_oracle_trace-610042_b8_k8_isolated,isolated,ours,11,9,l0_ms,4.764448,recorder
20260827-022806_perlmutter_5bc126dd,ours_l01_s2_oracle_trace-610042_b8_k8_isolated,isolated,ours,11,0,act_ms,0.037632,recorder
20260827-022806_perlmutter_5bc126dd,ours_l01_s2_oracle_trace-610042_b8_k8_isolated,isolated,ours,11,1,act_ms,0.03232,recorder
20260827-022806_perlmutter_5bc126dd,ours_l01_s2_oracle_trace-610042_b8_k8_isolated,isolated,ours,11,2,act_ms,0.044416,recorder
20260827-022806_perlmutter_5bc126dd,ours_l01_s2_oracle_trace-610042_b8_k8_isolated,isolated,ours,11,3,act_ms,0.040416,recorder
20260827-022806_perlmutter_5bc126dd,ours_l01_s2_oracle_trace-610042_b8_k8_isolated,isolated,ours,11,4,act_ms,0.038848,recorder
20260827-022806_perlmutter_5bc126dd,ours_l01_s2_oracle_trace-610042_b8_k8_isolated,isolated,ours,11,5,act_ms,0.041024,recorder
20260827-022806_perlmutter_5bc126dd,ours_l01_s2_oracle_trace-610042_b8_k8_isolated,isolated,ours,11,6,act_ms,0.032416,recorder
20260827-022806_perlmutter_5bc126dd,ours_l01_s2_oracle_trace-610042_b8_k8_isolated,isolated,ours,11,7,act_ms,0.040544,recorder
20260827-022806_perlmutter_5bc126dd,ours_l01_s2_oracle_trace-610042_b8_k8_isolated,isolated,ours,11,8,act_ms,0.039584,recorder
20260827-022806_perlmutter_5bc126dd,ours_l01_s2_oracle_trace-610042_b8_k8_isolated,isolated,ours,11,9,act_ms,0.035712,recorder
20260827-022806_perlmutter_5bc126dd,ours_l01_s2_oracle_trace-610042_b8_k8_isolated,isolated,ours,11,0,l1_ms,65.262367,recorder
20260827-022806_perlmutter_5bc126dd,ours_l01_s2_oracle_trace-610042_b8_k8_isolated,isolated,ours,11,1,l1_ms,66.432961,recorder
20260827-022806_perlmutter_5bc126dd,ours_l01_s2_oracle_trace-610042_b8_k8_isolated,isolated,ours,11,2,l1_ms,66.350365,recorder
20260827-022806_perlmutter_5bc126dd,ours_l01_s2_oracle_trace-610042_b8_k8_isolated,isolated,ours,11,3,l1_ms,63.75267,recorder
20260827-022806_perlmutter_5bc126dd,ours_l01_s2_oracle_trace-610042_b8_k8_isolated,isolated,ours,11,4,l1_ms,64.60733,recorder
20260827-022806_perlmutter_5bc126dd,ours_l01_s2_oracle_trace-610042_b8_k8_isolated,isolated,ours,11,5,l1_ms,64.675682,recorder
20260827-022806_perlmutter_5bc126dd,ours_l01_s2_oracle_trace-610042_b8_k8_isolated,isolated,ours,11,6,l1_ms,65.372574,recorder
20260827-022806_perlmutter_5bc126dd,ours_l01_s2_oracle_trace-610042_b8_k8_isolated,isolated,ours,11,7,l1_ms,65.586044,recorder
20260827-022806_perlmutter_5bc126dd,ours_l01_s2_oracle_trace-610042_b8_k8_isolated,isolated,ours,11,8,l1_ms,62.910751,recorder
20260827-022806_perlmutter_5bc126dd,ours_l01_s2_oracle_trace-610042_b8_k8_isolated,isolated,ours,11,9,l1_ms,66.10675,recorder
20260827-022806_perlmutter_5bc126dd,ours_l01_s2_oracle_trace-610042_b8_k8_isolated,isolated,ours,11,0,plan_comm_ms,0.375936,recorder
20260827-022806_perlmutter_5bc126dd,ours_l01_s2_oracle_trace-610042_b8_k8_isolated,isolated,ours,11,1,plan_comm_ms,0.201408,recorder
20260827-022806_perlmutter_5bc126dd,ours_l01_s2_oracle_trace-610042_b8_k8_isolated,isolated,ours,11,2,plan_comm_ms,0.589472,recorder
20260827-022806_perlmutter_5bc126dd,ours_l01_s2_oracle_trace-610042_b8_k8_isolated,isolated,ours,11,3,plan_comm_ms,0.210176,recorder
20260827-022806_perlmutter_5bc126dd,ours_l01_s2_oracle_trace-610042_b8_k8_isolated,isolated,ours,11,4,plan_comm_ms,0.219872,recorder
20260827-022806_perlmutter_5bc126dd,ours_l01_s2_oracle_trace-610042_b8_k8_isolated,isolated,ours,11,5,plan_comm_ms,0.217728,recorder
20260827-022806_perlmutter_5bc126dd,ours_l01_s2_oracle_trace-610042_b8_k8_isolated,isolated,ours,11,6,plan_comm_ms,0.51664,recorder
20260827-022806_perlmutter_5bc126dd,ours_l01_s2_oracle_trace-610042_b8_k8_isolated,isolated,ours,11,7,plan_comm_ms,0.20304,recorder
20260827-022806_perlmutter_5bc126dd,ours_l01_s2_oracle_trace-610042_b8_k8_isolated,isolated,ours,11,8,plan_comm_ms,0.69648,recorder
20260827-022806_perlmutter_5bc126dd,ours_l01_s2_oracle_trace-610042_b8_k8_isolated,isolated,ours,11,9,plan_comm_ms,0.22192,recorder
20260827-022806_perlmutter_5bc126dd,ours_l01_s2_oracle_trace-610042_b8_k8_isolated,isolated,ours,11,0,place_ms,120.020355,recorder
20260827-022806_perlmutter_5bc126dd,ours_l01_s2_oracle_trace-610042_b8_k8_isolated,isolated,ours,11,1,place_ms,121.706207,recorder
20260827-022806_perlmutter_5bc126dd,ours_l01_s2_oracle_trace-610042_b8_k8_isolated,isolated,ours,11,2,place_ms,121.112961,recorder
20260827-022806_perlmutter_5bc126dd,ours_l01_s2_oracle_trace-610042_b8_k8_isolated,isolated,ours,11,3,place_ms,122.895584,recorder
20260827-022806_perlmutter_5bc126dd,ours_l01_s2_oracle_trace-610042_b8_k8_isolated,isolated,ours,11,4,place_ms,121.560669,recorder
20260827-022806_perlmutter_5bc126dd,ours_l01_s2_oracle_trace-610042_b8_k8_isolated,isolated,ours,11,5,place_ms,121.576477,recorder
20260827-022806_perlmutter_5bc126dd,ours_l01_s2_oracle_trace-610042_b8_k8_isolated,isolated,ours,11,6,place_ms,124.779678,recorder
20260827-022806_perlmutter_5bc126dd,ours_l01_s2_oracle_trace-610042_b8_k8_isolated,isolated,ours,11,7,place_ms,122.453117,recorder
20260827-022806_perlmutter_5bc126dd,ours_l01_s2_oracle_trace-610042_b8_k8_isolated,isolated,ours,11,8,place_ms,122.626625,recorder
20260827-022806_perlmutter_5bc126dd,ours_l01_s2_oracle_trace-610042_b8_k8_isolated,isolated,ours,11,9,place_ms,120.889313,recorder
20260827-022806_perlmutter_5bc126dd,ours_l01_s2_oracle_trace-610042_b8_k8_isolated,isolated,ours,11,0,plan_ms,5.986656,recorder
20260827-022806_perlmutter_5bc126dd,ours_l01_s2_oracle_trace-610042_b8_k8_isolated,isolated,ours,11,1,plan_ms,3.649152,recorder
20260827-022806_perlmutter_5bc126dd,ours_l01_s2_oracle_trace-610042_b8_k8_isolated,isolated,ours,11,2,plan_ms,3.920896,recorder
20260827-022806_perlmutter_5bc126dd,ours_l01_s2_oracle_trace-610042_b8_k8_isolated,isolated,ours,11,3,plan_ms,3.10976,recorder
20260827-022806_perlmutter_5bc126dd,ours_l01_s2_oracle_trace-610042_b8_k8_isolated,isolated,ours,11,4,plan_ms,4.1504,recorder
20260827-022806_perlmutter_5bc126dd,ours_l01_s2_oracle_trace-610042_b8_k8_isolated,isolated,ours,11,5,plan_ms,3.101472,recorder
20260827-022806_perlmutter_5bc126dd,ours_l01_s2_oracle_trace-610042_b8_k8_isolated,isolated,ours,11,6,plan_ms,6.407584,recorder
20260827-022806_perlmutter_5bc126dd,ours_l01_s2_oracle_trace-610042_b8_k8_isolated,isolated,ours,11,7,plan_ms,2.579904,recorder
20260827-022806_perlmutter_5bc126dd,ours_l01_s2_oracle_trace-610042_b8_k8_isolated,isolated,ours,11,8,plan_ms,5.934848,recorder
20260827-022806_perlmutter_5bc126dd,ours_l01_s2_oracle_trace-610042_b8_k8_isolated,isolated,ours,11,9,plan_ms,4.820832,recorder
20260827-022806_perlmutter_5bc126dd,ours_l01_s2_oracle_trace-610042_b8_k8_isolated,isolated,ours,11,0,total_ms,196.873123,recorder
20260827-022806_perlmutter_5bc126dd,ours_l01_s2_oracle_trace-610042_b8_k8_isolated,isolated,ours,11,1,total_ms,197.406525,recorder
20260827-022806_perlmutter_5bc126dd,ours_l01_s2_oracle_trace-610042_b8_k8_isolated,isolated,ours,11,2,total_ms,196.768356,recorder
20260827-022806_perlmutter_5bc126dd,ours_l01_s2_oracle_trace-610042_b8_k8_isolated,isolated,ours,11,3,total_ms,195.286591,recorder
20260827-022806_perlmutter_5bc126dd,ours_l01_s2_oracle_trace-610042_b8_k8_isolated,isolated,ours,11,4,total_ms,195.582306,recorder
20260827-022806_perlmutter_5bc126dd,ours_l01_s2_oracle_trace-610042_b8_k8_isolated,isolated,ours,11,5,total_ms,194.410629,recorder
20260827-022806_perlmutter_5bc126dd,ours_l01_s2_oracle_trace-610042_b8_k8_isolated,isolated,ours,11,6,total_ms,201.957306,recorder
20260827-022806_perlmutter_5bc126dd,ours_l01_s2_oracle_trace-610042_b8_k8_isolated,isolated,ours,11,7,total_ms,195.921051,recorder
20260827-022806_perlmutter_5bc126dd,ours_l01_s2_oracle_trace-610042_b8_k8_isolated,isolated,ours,11,8,total_ms,197.478394,recorder
20260827-022806_perlmutter_5bc126dd,ours_l01_s2_oracle_trace-610042_b8_k8_isolated,isolated,ours,11,9,total_ms,196.859421,recorder
20260827-022806_perlmutter_5bc126dd,ours_l01_s2_oracle_trace-610042_b8_k8_isolated,isolated,ours,11,0,iso_sync_ms,0.781585,recorder
20260827-022806_perlmutter_5bc126dd,ours_l01_s2_oracle_trace-610042_b8_k8_isolated,isolated,ours,11,1,iso_sync_ms,0.650661,recorder
20260827-022806_perlmutter_5bc126dd,ours_l01_s2_oracle_trace-610042_b8_k8_isolated,isolated,ours,11,2,iso_sync_ms,0.649618,recorder
20260827-022806_perlmutter_5bc126dd,ours_l01_s2_oracle_trace-610042_b8_k8_isolated,isolated,ours,11,3,iso_sync_ms,0.350268,recorder
20260827-022806_perlmutter_5bc126dd,ours_l01_s2_oracle_trace-610042_b8_k8_isolated,isolated,ours,11,4,iso_sync_ms,0.750484,recorder
20260827-022806_perlmutter_5bc126dd,ours_l01_s2_oracle_trace-610042_b8_k8_isolated,isolated,ours,11,5,iso_sync_ms,0.589652,recorder
20260827-022806_perlmutter_5bc126dd,ours_l01_s2_oracle_trace-610042_b8_k8_isolated,isolated,ours,11,6,iso_sync_ms,0.750815,recorder
20260827-022806_perlmutter_5bc126dd,ours_l01_s2_oracle_trace-610042_b8_k8_isolated,isolated,ours,11,7,iso_sync_ms,0.538934,recorder
20260827-022806_perlmutter_5bc126dd,ours_l01_s2_oracle_trace-610042_b8_k8_isolated,isolated,ours,11,8,iso_sync_ms,1.14067,recorder
20260827-022806_perlmutter_5bc126dd,ours_l01_s2_oracle_trace-610042_b8_k8_isolated,isolated,ours,11,9,iso_sync_ms,0.209406,recorder
20260827-022806_perlmutter_5bc126dd,ours_l01_s2_oracle_trace-610042_b8_k8_isolated,isolated,ours,12,0,e2e_ms,70.31472,recorder
20260827-022806_perlmutter_5bc126dd,ours_l01_s2_oracle_trace-610042_b8_k8_isolated,isolated,ours,12,1,e2e_ms,71.504929,recorder
20260827-022806_perlmutter_5bc126dd,ours_l01_s2_oracle_trace-610042_b8_k8_isolated,isolated,ours,12,2,e2e_ms,71.123871,recorder
20260827-022806_perlmutter_5bc126dd,ours_l01_s2_oracle_trace-610042_b8_k8_isolated,isolated,ours,12,3,e2e_ms,69.050941,recorder
20260827-022806_perlmutter_5bc126dd,ours_l01_s2_oracle_trace-610042_b8_k8_isolated,isolated,ours,12,4,e2e_ms,69.760895,recorder
20260827-022806_perlmutter_5bc126dd,ours_l01_s2_oracle_trace-610042_b8_k8_isolated,isolated,ours,12,5,e2e_ms,69.358238,recorder
20260827-022806_perlmutter_5bc126dd,ours_l01_s2_oracle_trace-610042_b8_k8_isolated,isolated,ours,12,6,e2e_ms,70.389053,recorder
20260827-022806_perlmutter_5bc126dd,ours_l01_s2_oracle_trace-610042_b8_k8_isolated,isolated,ours,12,7,e2e_ms,70.524834,recorder
20260827-022806_perlmutter_5bc126dd,ours_l01_s2_oracle_trace-610042_b8_k8_isolated,isolated,ours,12,8,e2e_ms,68.208351,recorder
20260827-022806_perlmutter_5bc126dd,ours_l01_s2_oracle_trace-610042_b8_k8_isolated,isolated,ours,12,9,e2e_ms,70.844223,recorder
20260827-022806_perlmutter_5bc126dd,ours_l01_s2_oracle_trace-610042_b8_k8_isolated,isolated,ours,12,0,l0_ms,5.332288,recorder
20260827-022806_perlmutter_5bc126dd,ours_l01_s2_oracle_trace-610042_b8_k8_isolated,isolated,ours,12,1,l0_ms,4.821632,recorder
20260827-022806_perlmutter_5bc126dd,ours_l01_s2_oracle_trace-610042_b8_k8_isolated,isolated,ours,12,2,l0_ms,4.662816,recorder
20260827-022806_perlmutter_5bc126dd,ours_l01_s2_oracle_trace-610042_b8_k8_isolated,isolated,ours,12,3,l0_ms,5.261664,recorder
20260827-022806_perlmutter_5bc126dd,ours_l01_s2_oracle_trace-610042_b8_k8_isolated,isolated,ours,12,4,l0_ms,5.14192,recorder
20260827-022806_perlmutter_5bc126dd,ours_l01_s2_oracle_trace-610042_b8_k8_isolated,isolated,ours,12,5,l0_ms,4.802656,recorder
20260827-022806_perlmutter_5bc126dd,ours_l01_s2_oracle_trace-610042_b8_k8_isolated,isolated,ours,12,6,l0_ms,5.014208,recorder
20260827-022806_perlmutter_5bc126dd,ours_l01_s2_oracle_trace-610042_b8_k8_isolated,isolated,ours,12,7,l0_ms,5.157728,recorder
20260827-022806_perlmutter_5bc126dd,ours_l01_s2_oracle_trace-610042_b8_k8_isolated,isolated,ours,12,8,l0_ms,5.236672,recorder
20260827-022806_perlmutter_5bc126dd,ours_l01_s2_oracle_trace-610042_b8_k8_isolated,isolated,ours,12,9,l0_ms,4.775744,recorder
20260827-022806_perlmutter_5bc126dd,ours_l01_s2_oracle_trace-610042_b8_k8_isolated,isolated,ours,12,0,act_ms,0.0488,recorder
20260827-022806_perlmutter_5bc126dd,ours_l01_s2_oracle_trace-610042_b8_k8_isolated,isolated,ours,12,1,act_ms,0.04944,recorder
20260827-022806_perlmutter_5bc126dd,ours_l01_s2_oracle_trace-610042_b8_k8_isolated,isolated,ours,12,2,act_ms,0.04624,recorder
20260827-022806_perlmutter_5bc126dd,ours_l01_s2_oracle_trace-610042_b8_k8_isolated,isolated,ours,12,3,act_ms,0.052352,recorder
20260827-022806_perlmutter_5bc126dd,ours_l01_s2_oracle_trace-610042_b8_k8_isolated,isolated,ours,12,4,act_ms,0.046848,recorder
20260827-022806_perlmutter_5bc126dd,ours_l01_s2_oracle_trace-610042_b8_k8_isolated,isolated,ours,12,5,act_ms,0.046784,recorder
20260827-022806_perlmutter_5bc126dd,ours_l01_s2_oracle_trace-610042_b8_k8_isolated,isolated,ours,12,6,act_ms,0.041376,recorder
20260827-022806_perlmutter_5bc126dd,ours_l01_s2_oracle_trace-610042_b8_k8_isolated,isolated,ours,12,7,act_ms,0.04656,recorder
20260827-022806_perlmutter_5bc126dd,ours_l01_s2_oracle_trace-610042_b8_k8_isolated,isolated,ours,12,8,act_ms,0.046336,recorder
20260827-022806_perlmutter_5bc126dd,ours_l01_s2_oracle_trace-610042_b8_k8_isolated,isolated,ours,12,9,act_ms,0.04944,recorder
20260827-022806_perlmutter_5bc126dd,ours_l01_s2_oracle_trace-610042_b8_k8_isolated,isolated,ours,12,0,l1_ms,64.933632,recorder
20260827-022806_perlmutter_5bc126dd,ours_l01_s2_oracle_trace-610042_b8_k8_isolated,isolated,ours,12,1,l1_ms,66.633858,recorder
20260827-022806_perlmutter_5bc126dd,ours_l01_s2_oracle_trace-610042_b8_k8_isolated,isolated,ours,12,2,l1_ms,66.414818,recorder
20260827-022806_perlmutter_5bc126dd,ours_l01_s2_oracle_trace-610042_b8_k8_isolated,isolated,ours,12,3,l1_ms,63.736927,recorder
20260827-022806_perlmutter_5bc126dd,ours_l01_s2_oracle_trace-610042_b8_k8_isolated,isolated,ours,12,4,l1_ms,64.572128,recorder
20260827-022806_perlmutter_5bc126dd,ours_l01_s2_oracle_trace-610042_b8_k8_isolated,isolated,ours,12,5,l1_ms,64.508797,recorder
20260827-022806_perlmutter_5bc126dd,ours_l01_s2_oracle_trace-610042_b8_k8_isolated,isolated,ours,12,6,l1_ms,65.333473,recorder
20260827-022806_perlmutter_5bc126dd,ours_l01_s2_oracle_trace-610042_b8_k8_isolated,isolated,ours,12,7,l1_ms,65.320541,recorder
20260827-022806_perlmutter_5bc126dd,ours_l01_s2_oracle_trace-610042_b8_k8_isolated,isolated,ours,12,8,l1_ms,62.925343,recorder
20260827-022806_perlmutter_5bc126dd,ours_l01_s2_oracle_trace-610042_b8_k8_isolated,isolated,ours,12,9,l1_ms,66.019043,recorder
20260827-022806_perlmutter_5bc126dd,ours_l01_s2_oracle_trace-610042_b8_k8_isolated,isolated,ours,12,0,plan_comm_ms,0.62576,recorder
20260827-022806_perlmutter_5bc126dd,ours_l01_s2_oracle_trace-610042_b8_k8_isolated,isolated,ours,12,1,plan_comm_ms,0.222016,recorder
20260827-022806_perlmutter_5bc126dd,ours_l01_s2_oracle_trace-610042_b8_k8_isolated,isolated,ours,12,2,plan_comm_ms,0.592,recorder
20260827-022806_perlmutter_5bc126dd,ours_l01_s2_oracle_trace-610042_b8_k8_isolated,isolated,ours,12,3,plan_comm_ms,0.236736,recorder
20260827-022806_perlmutter_5bc126dd,ours_l01_s2_oracle_trace-610042_b8_k8_isolated,isolated,ours,12,4,plan_comm_ms,0.219776,recorder
20260827-022806_perlmutter_5bc126dd,ours_l01_s2_oracle_trace-610042_b8_k8_isolated,isolated,ours,12,5,plan_comm_ms,0.219456,recorder
20260827-022806_perlmutter_5bc126dd,ours_l01_s2_oracle_trace-610042_b8_k8_isolated,isolated,ours,12,6,plan_comm_ms,0.341696,recorder
20260827-022806_perlmutter_5bc126dd,ours_l01_s2_oracle_trace-610042_b8_k8_isolated,isolated,ours,12,7,plan_comm_ms,0.217632,recorder
20260827-022806_perlmutter_5bc126dd,ours_l01_s2_oracle_trace-610042_b8_k8_isolated,isolated,ours,12,8,plan_comm_ms,0.261376,recorder
20260827-022806_perlmutter_5bc126dd,ours_l01_s2_oracle_trace-610042_b8_k8_isolated,isolated,ours,12,9,plan_comm_ms,0.236864,recorder
20260827-022806_perlmutter_5bc126dd,ours_l01_s2_oracle_trace-610042_b8_k8_isolated,isolated,ours,12,0,place_ms,116.390594,recorder
20260827-022806_perlmutter_5bc126dd,ours_l01_s2_oracle_trace-610042_b8_k8_isolated,isolated,ours,12,1,place_ms,116.832191,recorder
20260827-022806_perlmutter_5bc126dd,ours_l01_s2_oracle_trace-610042_b8_k8_isolated,isolated,ours,12,2,place_ms,117.655556,recorder
20260827-022806_perlmutter_5bc126dd,ours_l01_s2_oracle_trace-610042_b8_k8_isolated,isolated,ours,12,3,place_ms,117.212158,recorder
20260827-022806_perlmutter_5bc126dd,ours_l01_s2_oracle_trace-610042_b8_k8_isolated,isolated,ours,12,4,place_ms,116.293953,recorder
20260827-022806_perlmutter_5bc126dd,ours_l01_s2_oracle_trace-610042_b8_k8_isolated,isolated,ours,12,5,place_ms,115.412704,recorder
20260827-022806_perlmutter_5bc126dd,ours_l01_s2_oracle_trace-610042_b8_k8_isolated,isolated,ours,12,6,place_ms,121.258018,recorder
20260827-022806_perlmutter_5bc126dd,ours_l01_s2_oracle_trace-610042_b8_k8_isolated,isolated,ours,12,7,place_ms,115.75238,recorder
20260827-022806_perlmutter_5bc126dd,ours_l01_s2_oracle_trace-610042_b8_k8_isolated,isolated,ours,12,8,place_ms,118.073952,recorder
20260827-022806_perlmutter_5bc126dd,ours_l01_s2_oracle_trace-610042_b8_k8_isolated,isolated,ours,12,9,place_ms,114.905182,recorder
20260827-022806_perlmutter_5bc126dd,ours_l01_s2_oracle_trace-610042_b8_k8_isolated,isolated,ours,12,0,plan_ms,9.350592,recorder
20260827-022806_perlmutter_5bc126dd,ours_l01_s2_oracle_trace-610042_b8_k8_isolated,isolated,ours,12,1,plan_ms,8.880512,recorder
20260827-022806_perlmutter_5bc126dd,ours_l01_s2_oracle_trace-610042_b8_k8_isolated,isolated,ours,12,2,plan_ms,7.330208,recorder
20260827-022806_perlmutter_5bc126dd,ours_l01_s2_oracle_trace-610042_b8_k8_isolated,isolated,ours,12,3,plan_ms,8.776704,recorder
20260827-022806_perlmutter_5bc126dd,ours_l01_s2_oracle_trace-610042_b8_k8_isolated,isolated,ours,12,4,plan_ms,9.318912,recorder
20260827-022806_perlmutter_5bc126dd,ours_l01_s2_oracle_trace-610042_b8_k8_isolated,isolated,ours,12,5,plan_ms,9.258848,recorder
20260827-022806_perlmutter_5bc126dd,ours_l01_s2_oracle_trace-610042_b8_k8_isolated,isolated,ours,12,6,plan_ms,9.954368,recorder
20260827-022806_perlmutter_5bc126dd,ours_l01_s2_oracle_trace-610042_b8_k8_isolated,isolated,ours,12,7,plan_ms,9.417856,recorder
20260827-022806_perlmutter_5bc126dd,ours_l01_s2_oracle_trace-610042_b8_k8_isolated,isolated,ours,12,8,plan_ms,10.860768,recorder
20260827-022806_perlmutter_5bc126dd,ours_l01_s2_oracle_trace-610042_b8_k8_isolated,isolated,ours,12,9,plan_ms,10.866016,recorder
20260827-022806_perlmutter_5bc126dd,ours_l01_s2_oracle_trace-610042_b8_k8_isolated,isolated,ours,12,0,total_ms,196.694977,recorder
20260827-022806_perlmutter_5bc126dd,ours_l01_s2_oracle_trace-610042_b8_k8_isolated,isolated,ours,12,1,total_ms,197.454086,recorder
20260827-022806_perlmutter_5bc126dd,ours_l01_s2_oracle_trace-610042_b8_k8_isolated,isolated,ours,12,2,total_ms,196.715652,recorder
20260827-022806_perlmutter_5bc126dd,ours_l01_s2_oracle_trace-610042_b8_k8_isolated,isolated,ours,12,3,total_ms,195.289978,recorder
20260827-022806_perlmutter_5bc126dd,ours_l01_s2_oracle_trace-610042_b8_k8_isolated,isolated,ours,12,4,total_ms,195.607361,recorder
20260827-022806_perlmutter_5bc126dd,ours_l01_s2_oracle_trace-610042_b8_k8_isolated,isolated,ours,12,5,total_ms,194.263809,recorder
20260827-022806_perlmutter_5bc126dd,ours_l01_s2_oracle_trace-610042_b8_k8_isolated,isolated,ours,12,6,total_ms,201.957413,recorder
20260827-022806_perlmutter_5bc126dd,ours_l01_s2_oracle_trace-610042_b8_k8_isolated,isolated,ours,12,7,total_ms,195.925797,recorder
20260827-022806_perlmutter_5bc126dd,ours_l01_s2_oracle_trace-610042_b8_k8_isolated,isolated,ours,12,8,total_ms,197.417313,recorder
20260827-022806_perlmutter_5bc126dd,ours_l01_s2_oracle_trace-610042_b8_k8_isolated,isolated,ours,12,9,total_ms,196.865692,recorder
20260827-022806_perlmutter_5bc126dd,ours_l01_s2_oracle_trace-610042_b8_k8_isolated,isolated,ours,12,0,iso_sync_ms,0.822318,recorder
20260827-022806_perlmutter_5bc126dd,ours_l01_s2_oracle_trace-610042_b8_k8_isolated,isolated,ours,12,1,iso_sync_ms,0.78663,recorder
20260827-022806_perlmutter_5bc126dd,ours_l01_s2_oracle_trace-610042_b8_k8_isolated,isolated,ours,12,2,iso_sync_ms,0.631139,recorder
20260827-022806_perlmutter_5bc126dd,ours_l01_s2_oracle_trace-610042_b8_k8_isolated,isolated,ours,12,3,iso_sync_ms,0.535705,recorder
20260827-022806_perlmutter_5bc126dd,ours_l01_s2_oracle_trace-610042_b8_k8_isolated,isolated,ours,12,4,iso_sync_ms,0.743987,recorder
20260827-022806_perlmutter_5bc126dd,ours_l01_s2_oracle_trace-610042_b8_k8_isolated,isolated,ours,12,5,iso_sync_ms,0.573027,recorder
20260827-022806_perlmutter_5bc126dd,ours_l01_s2_oracle_trace-610042_b8_k8_isolated,isolated,ours,12,6,iso_sync_ms,0.877976,recorder
20260827-022806_perlmutter_5bc126dd,ours_l01_s2_oracle_trace-610042_b8_k8_isolated,isolated,ours,12,7,iso_sync_ms,0.539813,recorder
20260827-022806_perlmutter_5bc126dd,ours_l01_s2_oracle_trace-610042_b8_k8_isolated,isolated,ours,12,8,iso_sync_ms,0.94244,recorder
20260827-022806_perlmutter_5bc126dd,ours_l01_s2_oracle_trace-610042_b8_k8_isolated,isolated,ours,12,9,iso_sync_ms,0.257597,recorder
20260827-022806_perlmutter_5bc126dd,ours_l01_s2_oracle_trace-610042_b8_k8_isolated,isolated,ours,13,0,e2e_ms,70.226974,recorder
20260827-022806_perlmutter_5bc126dd,ours_l01_s2_oracle_trace-610042_b8_k8_isolated,isolated,ours,13,1,e2e_ms,71.561058,recorder
20260827-022806_perlmutter_5bc126dd,ours_l01_s2_oracle_trace-610042_b8_k8_isolated,isolated,ours,13,2,e2e_ms,71.148674,recorder
20260827-022806_perlmutter_5bc126dd,ours_l01_s2_oracle_trace-610042_b8_k8_isolated,isolated,ours,13,3,e2e_ms,68.987427,recorder
20260827-022806_perlmutter_5bc126dd,ours_l01_s2_oracle_trace-610042_b8_k8_isolated,isolated,ours,13,4,e2e_ms,69.768478,recorder
20260827-022806_perlmutter_5bc126dd,ours_l01_s2_oracle_trace-610042_b8_k8_isolated,isolated,ours,13,5,e2e_ms,69.402077,recorder
20260827-022806_perlmutter_5bc126dd,ours_l01_s2_oracle_trace-610042_b8_k8_isolated,isolated,ours,13,6,e2e_ms,70.171005,recorder
20260827-022806_perlmutter_5bc126dd,ours_l01_s2_oracle_trace-610042_b8_k8_isolated,isolated,ours,13,7,e2e_ms,70.677246,recorder
20260827-022806_perlmutter_5bc126dd,ours_l01_s2_oracle_trace-610042_b8_k8_isolated,isolated,ours,13,8,e2e_ms,68.004929,recorder
20260827-022806_perlmutter_5bc126dd,ours_l01_s2_oracle_trace-610042_b8_k8_isolated,isolated,ours,13,9,e2e_ms,70.936195,recorder
20260827-022806_perlmutter_5bc126dd,ours_l01_s2_oracle_trace-610042_b8_k8_isolated,isolated,ours,13,0,l0_ms,5.070816,recorder
20260827-022806_perlmutter_5bc126dd,ours_l01_s2_oracle_trace-610042_b8_k8_isolated,isolated,ours,13,1,l0_ms,4.931776,recorder
20260827-022806_perlmutter_5bc126dd,ours_l01_s2_oracle_trace-610042_b8_k8_isolated,isolated,ours,13,2,l0_ms,4.900192,recorder
20260827-022806_perlmutter_5bc126dd,ours_l01_s2_oracle_trace-610042_b8_k8_isolated,isolated,ours,13,3,l0_ms,5.439424,recorder
20260827-022806_perlmutter_5bc126dd,ours_l01_s2_oracle_trace-610042_b8_k8_isolated,isolated,ours,13,4,l0_ms,5.154688,recorder
20260827-022806_perlmutter_5bc126dd,ours_l01_s2_oracle_trace-610042_b8_k8_isolated,isolated,ours,13,5,l0_ms,4.811616,recorder
20260827-022806_perlmutter_5bc126dd,ours_l01_s2_oracle_trace-610042_b8_k8_isolated,isolated,ours,13,6,l0_ms,4.949696,recorder
20260827-022806_perlmutter_5bc126dd,ours_l01_s2_oracle_trace-610042_b8_k8_isolated,isolated,ours,13,7,l0_ms,5.120768,recorder
20260827-022806_perlmutter_5bc126dd,ours_l01_s2_oracle_trace-610042_b8_k8_isolated,isolated,ours,13,8,l0_ms,5.133952,recorder
20260827-022806_perlmutter_5bc126dd,ours_l01_s2_oracle_trace-610042_b8_k8_isolated,isolated,ours,13,9,l0_ms,4.872128,recorder
20260827-022806_perlmutter_5bc126dd,ours_l01_s2_oracle_trace-610042_b8_k8_isolated,isolated,ours,13,0,act_ms,0.040128,recorder
20260827-022806_perlmutter_5bc126dd,ours_l01_s2_oracle_trace-610042_b8_k8_isolated,isolated,ours,13,1,act_ms,0.034976,recorder
20260827-022806_perlmutter_5bc126dd,ours_l01_s2_oracle_trace-610042_b8_k8_isolated,isolated,ours,13,2,act_ms,0.03456,recorder
20260827-022806_perlmutter_5bc126dd,ours_l01_s2_oracle_trace-610042_b8_k8_isolated,isolated,ours,13,3,act_ms,0.036416,recorder
20260827-022806_perlmutter_5bc126dd,ours_l01_s2_oracle_trace-610042_b8_k8_isolated,isolated,ours,13,4,act_ms,0.035456,recorder
20260827-022806_perlmutter_5bc126dd,ours_l01_s2_oracle_trace-610042_b8_k8_isolated,isolated,ours,13,5,act_ms,0.038848,recorder
20260827-022806_perlmutter_5bc126dd,ours_l01_s2_oracle_trace-610042_b8_k8_isolated,isolated,ours,13,6,act_ms,0.035008,recorder
20260827-022806_perlmutter_5bc126dd,ours_l01_s2_oracle_trace-610042_b8_k8_isolated,isolated,ours,13,7,act_ms,0.035328,recorder
20260827-022806_perlmutter_5bc126dd,ours_l01_s2_oracle_trace-610042_b8_k8_isolated,isolated,ours,13,8,act_ms,0.03664,recorder
20260827-022806_perlmutter_5bc126dd,ours_l01_s2_oracle_trace-610042_b8_k8_isolated,isolated,ours,13,9,act_ms,0.035456,recorder
20260827-022806_perlmutter_5bc126dd,ours_l01_s2_oracle_trace-610042_b8_k8_isolated,isolated,ours,13,0,l1_ms,65.116035,recorder
20260827-022806_perlmutter_5bc126dd,ours_l01_s2_oracle_trace-610042_b8_k8_isolated,isolated,ours,13,1,l1_ms,66.594307,recorder
20260827-022806_perlmutter_5bc126dd,ours_l01_s2_oracle_trace-610042_b8_k8_isolated,isolated,ours,13,2,l1_ms,66.213921,recorder
20260827-022806_perlmutter_5bc126dd,ours_l01_s2_oracle_trace-610042_b8_k8_isolated,isolated,ours,13,3,l1_ms,63.511585,recorder
20260827-022806_perlmutter_5bc126dd,ours_l01_s2_oracle_trace-610042_b8_k8_isolated,isolated,ours,13,4,l1_ms,64.578339,recorder
20260827-022806_perlmutter_5bc126dd,ours_l01_s2_oracle_trace-610042_b8_k8_isolated,isolated,ours,13,5,l1_ms,64.551613,recorder
20260827-022806_perlmutter_5bc126dd,ours_l01_s2_oracle_trace-610042_b8_k8_isolated,isolated,ours,13,6,l1_ms,65.186302,recorder
20260827-022806_perlmutter_5bc126dd,ours_l01_s2_oracle_trace-610042_b8_k8_isolated,isolated,ours,13,7,l1_ms,65.521149,recorder
20260827-022806_perlmutter_5bc126dd,ours_l01_s2_oracle_trace-610042_b8_k8_isolated,isolated,ours,13,8,l1_ms,62.834335,recorder
20260827-022806_perlmutter_5bc126dd,ours_l01_s2_oracle_trace-610042_b8_k8_isolated,isolated,ours,13,9,l1_ms,66.02861,recorder
20260827-022806_perlmutter_5bc126dd,ours_l01_s2_oracle_trace-610042_b8_k8_isolated,isolated,ours,13,0,plan_comm_ms,0.627072,recorder
20260827-022806_perlmutter_5bc126dd,ours_l01_s2_oracle_trace-610042_b8_k8_isolated,isolated,ours,13,1,plan_comm_ms,0.225632,recorder
20260827-022806_perlmutter_5bc126dd,ours_l01_s2_oracle_trace-610042_b8_k8_isolated,isolated,ours,13,2,plan_comm_ms,0.545056,recorder
20260827-022806_perlmutter_5bc126dd,ours_l01_s2_oracle_trace-610042_b8_k8_isolated,isolated,ours,13,3,plan_comm_ms,0.237376,recorder
20260827-022806_perlmutter_5bc126dd,ours_l01_s2_oracle_trace-610042_b8_k8_isolated,isolated,ours,13,4,plan_comm_ms,0.211264,recorder
20260827-022806_perlmutter_5bc126dd,ours_l01_s2_oracle_trace-610042_b8_k8_isolated,isolated,ours,13,5,plan_comm_ms,0.21984,recorder
20260827-022806_perlmutter_5bc126dd,ours_l01_s2_oracle_trace-610042_b8_k8_isolated,isolated,ours,13,6,plan_comm_ms,0.47648,recorder
20260827-022806_perlmutter_5bc126dd,ours_l01_s2_oracle_trace-610042_b8_k8_isolated,isolated,ours,13,7,plan_comm_ms,0.211456,recorder
20260827-022806_perlmutter_5bc126dd,ours_l01_s2_oracle_trace-610042_b8_k8_isolated,isolated,ours,13,8,plan_comm_ms,0.696576,recorder
20260827-022806_perlmutter_5bc126dd,ours_l01_s2_oracle_trace-610042_b8_k8_isolated,isolated,ours,13,9,plan_comm_ms,0.228608,recorder
20260827-022806_perlmutter_5bc126dd,ours_l01_s2_oracle_trace-610042_b8_k8_isolated,isolated,ours,13,0,place_ms,112.753021,recorder
20260827-022806_perlmutter_5bc126dd,ours_l01_s2_oracle_trace-610042_b8_k8_isolated,isolated,ours,13,1,place_ms,112.821823,recorder
20260827-022806_perlmutter_5bc126dd,ours_l01_s2_oracle_trace-610042_b8_k8_isolated,isolated,ours,13,2,place_ms,112.56675,recorder
20260827-022806_perlmutter_5bc126dd,ours_l01_s2_oracle_trace-610042_b8_k8_isolated,isolated,ours,13,3,place_ms,113.773857,recorder
20260827-022806_perlmutter_5bc126dd,ours_l01_s2_oracle_trace-610042_b8_k8_isolated,isolated,ours,13,4,place_ms,113.019424,recorder
20260827-022806_perlmutter_5bc126dd,ours_l01_s2_oracle_trace-610042_b8_k8_isolated,isolated,ours,13,5,place_ms,112.636703,recorder
20260827-022806_perlmutter_5bc126dd,ours_l01_s2_oracle_trace-610042_b8_k8_isolated,isolated,ours,13,6,place_ms,117.004738,recorder
20260827-022806_perlmutter_5bc126dd,ours_l01_s2_oracle_trace-610042_b8_k8_isolated,isolated,ours,13,7,place_ms,112.91069,recorder
20260827-022806_perlmutter_5bc126dd,ours_l01_s2_oracle_trace-610042_b8_k8_isolated,isolated,ours,13,8,place_ms,113.83754,recorder
20260827-022806_perlmutter_5bc126dd,ours_l01_s2_oracle_trace-610042_b8_k8_isolated,isolated,ours,13,9,place_ms,113.090179,recorder
20260827-022806_perlmutter_5bc126dd,ours_l01_s2_oracle_trace-610042_b8_k8_isolated,isolated,ours,13,0,plan_ms,13.106464,recorder
20260827-022806_perlmutter_5bc126dd,ours_l01_s2_oracle_trace-610042_b8_k8_isolated,isolated,ours,13,1,plan_ms,12.840032,recorder
20260827-022806_perlmutter_5bc126dd,ours_l01_s2_oracle_trace-610042_b8_k8_isolated,isolated,ours,13,2,plan_ms,12.397056,recorder
20260827-022806_perlmutter_5bc126dd,ours_l01_s2_oracle_trace-610042_b8_k8_isolated,isolated,ours,13,3,plan_ms,12.273376,recorder
20260827-022806_perlmutter_5bc126dd,ours_l01_s2_oracle_trace-610042_b8_k8_isolated,isolated,ours,13,4,plan_ms,12.594432,recorder
20260827-022806_perlmutter_5bc126dd,ours_l01_s2_oracle_trace-610042_b8_k8_isolated,isolated,ours,13,5,plan_ms,12.023904,recorder
20260827-022806_perlmutter_5bc126dd,ours_l01_s2_oracle_trace-610042_b8_k8_isolated,isolated,ours,13,6,plan_ms,14.107072,recorder
20260827-022806_perlmutter_5bc126dd,ours_l01_s2_oracle_trace-610042_b8_k8_isolated,isolated,ours,13,7,plan_ms,12.114496,recorder
20260827-022806_perlmutter_5bc126dd,ours_l01_s2_oracle_trace-610042_b8_k8_isolated,isolated,ours,13,8,plan_ms,14.877216,recorder
20260827-022806_perlmutter_5bc126dd,ours_l01_s2_oracle_trace-610042_b8_k8_isolated,isolated,ours,13,9,plan_ms,12.594528,recorder
20260827-022806_perlmutter_5bc126dd,ours_l01_s2_oracle_trace-610042_b8_k8_isolated,isolated,ours,13,0,total_ms,196.728409,recorder
20260827-022806_perlmutter_5bc126dd,ours_l01_s2_oracle_trace-610042_b8_k8_isolated,isolated,ours,13,1,total_ms,197.462906,recorder
20260827-022806_perlmutter_5bc126dd,ours_l01_s2_oracle_trace-610042_b8_k8_isolated,isolated,ours,13,2,total_ms,196.671463,recorder
20260827-022806_perlmutter_5bc126dd,ours_l01_s2_oracle_trace-610042_b8_k8_isolated,isolated,ours,13,3,total_ms,195.286942,recorder
20260827-022806_perlmutter_5bc126dd,ours_l01_s2_oracle_trace-610042_b8_k8_isolated,isolated,ours,13,4,total_ms,195.60672,recorder
20260827-022806_perlmutter_5bc126dd,ours_l01_s2_oracle_trace-610042_b8_k8_isolated,isolated,ours,13,5,total_ms,194.297318,recorder
20260827-022806_perlmutter_5bc126dd,ours_l01_s2_oracle_trace-610042_b8_k8_isolated,isolated,ours,13,6,total_ms,201.773575,recorder
20260827-022806_perlmutter_5bc126dd,ours_l01_s2_oracle_trace-610042_b8_k8_isolated,isolated,ours,13,7,total_ms,195.928925,recorder
20260827-022806_perlmutter_5bc126dd,ours_l01_s2_oracle_trace-610042_b8_k8_isolated,isolated,ours,13,8,total_ms,197.429916,recorder
20260827-022806_perlmutter_5bc126dd,ours_l01_s2_oracle_trace-610042_b8_k8_isolated,isolated,ours,13,9,total_ms,196.863876,recorder
20260827-022806_perlmutter_5bc126dd,ours_l01_s2_oracle_trace-610042_b8_k8_isolated,isolated,ours,13,0,iso_sync_ms,0.704321,recorder
20260827-022806_perlmutter_5bc126dd,ours_l01_s2_oracle_trace-610042_b8_k8_isolated,isolated,ours,13,1,iso_sync_ms,0.788894,recorder
20260827-022806_perlmutter_5bc126dd,ours_l01_s2_oracle_trace-610042_b8_k8_isolated,isolated,ours,13,2,iso_sync_ms,0.447956,recorder
20260827-022806_perlmutter_5bc126dd,ours_l01_s2_oracle_trace-610042_b8_k8_isolated,isolated,ours,13,3,iso_sync_ms,0.551655,recorder
20260827-022806_perlmutter_5bc126dd,ours_l01_s2_oracle_trace-610042_b8_k8_isolated,isolated,ours,13,4,iso_sync_ms,0.748636,recorder
20260827-022806_perlmutter_5bc126dd,ours_l01_s2_oracle_trace-610042_b8_k8_isolated,isolated,ours,13,5,iso_sync_ms,0.578327,recorder
20260827-022806_perlmutter_5bc126dd,ours_l01_s2_oracle_trace-610042_b8_k8_isolated,isolated,ours,13,6,iso_sync_ms,0.427305,recorder
20260827-022806_perlmutter_5bc126dd,ours_l01_s2_oracle_trace-610042_b8_k8_isolated,isolated,ours,13,7,iso_sync_ms,0.695654,recorder
20260827-022806_perlmutter_5bc126dd,ours_l01_s2_oracle_trace-610042_b8_k8_isolated,isolated,ours,13,8,iso_sync_ms,1.126606,recorder
20260827-022806_perlmutter_5bc126dd,ours_l01_s2_oracle_trace-610042_b8_k8_isolated,isolated,ours,13,9,iso_sync_ms,0.265513,recorder
20260827-022806_perlmutter_5bc126dd,ours_l01_s2_oracle_trace-610042_b8_k8_isolated,isolated,ours,14,0,e2e_ms,70.23597,recorder
20260827-022806_perlmutter_5bc126dd,ours_l01_s2_oracle_trace-610042_b8_k8_isolated,isolated,ours,14,1,e2e_ms,71.558113,recorder
20260827-022806_perlmutter_5bc126dd,ours_l01_s2_oracle_trace-610042_b8_k8_isolated,isolated,ours,14,2,e2e_ms,71.237762,recorder
20260827-022806_perlmutter_5bc126dd,ours_l01_s2_oracle_trace-610042_b8_k8_isolated,isolated,ours,14,3,e2e_ms,69.065056,recorder
20260827-022806_perlmutter_5bc126dd,ours_l01_s2_oracle_trace-610042_b8_k8_isolated,isolated,ours,14,4,e2e_ms,70.127998,recorder
20260827-022806_perlmutter_5bc126dd,ours_l01_s2_oracle_trace-610042_b8_k8_isolated,isolated,ours,14,5,e2e_ms,69.426559,recorder
20260827-022806_perlmutter_5bc126dd,ours_l01_s2_oracle_trace-610042_b8_k8_isolated,isolated,ours,14,6,e2e_ms,70.269981,recorder
20260827-022806_perlmutter_5bc126dd,ours_l01_s2_oracle_trace-610042_b8_k8_isolated,isolated,ours,14,7,e2e_ms,70.605827,recorder
20260827-022806_perlmutter_5bc126dd,ours_l01_s2_oracle_trace-610042_b8_k8_isolated,isolated,ours,14,8,e2e_ms,68.180161,recorder
20260827-022806_perlmutter_5bc126dd,ours_l01_s2_oracle_trace-610042_b8_k8_isolated,isolated,ours,14,9,e2e_ms,70.912956,recorder
20260827-022806_perlmutter_5bc126dd,ours_l01_s2_oracle_trace-610042_b8_k8_isolated,isolated,ours,14,0,l0_ms,5.227456,recorder
20260827-022806_perlmutter_5bc126dd,ours_l01_s2_oracle_trace-610042_b8_k8_isolated,isolated,ours,14,1,l0_ms,5.07616,recorder
20260827-022806_perlmutter_5bc126dd,ours_l01_s2_oracle_trace-610042_b8_k8_isolated,isolated,ours,14,2,l0_ms,5.133568,recorder
20260827-022806_perlmutter_5bc126dd,ours_l01_s2_oracle_trace-610042_b8_k8_isolated,isolated,ours,14,3,l0_ms,5.383328,recorder
20260827-022806_perlmutter_5bc126dd,ours_l01_s2_oracle_trace-610042_b8_k8_isolated,isolated,ours,14,4,l0_ms,5.197728,recorder
20260827-022806_perlmutter_5bc126dd,ours_l01_s2_oracle_trace-610042_b8_k8_isolated,isolated,ours,14,5,l0_ms,4.83488,recorder
20260827-022806_perlmutter_5bc126dd,ours_l01_s2_oracle_trace-610042_b8_k8_isolated,isolated,ours,14,6,l0_ms,4.9496,recorder
20260827-022806_perlmutter_5bc126dd,ours_l01_s2_oracle_trace-610042_b8_k8_isolated,isolated,ours,14,7,l0_ms,5.245472,recorder
20260827-022806_perlmutter_5bc126dd,ours_l01_s2_oracle_trace-610042_b8_k8_isolated,isolated,ours,14,8,l0_ms,5.314944,recorder
20260827-022806_perlmutter_5bc126dd,ours_l01_s2_oracle_trace-610042_b8_k8_isolated,isolated,ours,14,9,l0_ms,4.902912,recorder
20260827-022806_perlmutter_5bc126dd,ours_l01_s2_oracle_trace-610042_b8_k8_isolated,isolated,ours,14,0,act_ms,0.037152,recorder
20260827-022806_perlmutter_5bc126dd,ours_l01_s2_oracle_trace-610042_b8_k8_isolated,isolated,ours,14,1,act_ms,0.03648,recorder
20260827-022806_perlmutter_5bc126dd,ours_l01_s2_oracle_trace-610042_b8_k8_isolated,isolated,ours,14,2,act_ms,0.039712,recorder
20260827-022806_perlmutter_5bc126dd,ours_l01_s2_oracle_trace-610042_b8_k8_isolated,isolated,ours,14,3,act_ms,0.043264,recorder
20260827-022806_perlmutter_5bc126dd,ours_l01_s2_oracle_trace-610042_b8_k8_isolated,isolated,ours,14,4,act_ms,0.035072,recorder
20260827-022806_perlmutter_5bc126dd,ours_l01_s2_oracle_trace-610042_b8_k8_isolated,isolated,ours,14,5,act_ms,0.039552,recorder
20260827-022806_perlmutter_5bc126dd,ours_l01_s2_oracle_trace-610042_b8_k8_isolated,isolated,ours,14,6,act_ms,0.036064,recorder
20260827-022806_perlmutter_5bc126dd,ours_l01_s2_oracle_trace-610042_b8_k8_isolated,isolated,ours,14,7,act_ms,0.039744,recorder
20260827-022806_perlmutter_5bc126dd,ours_l01_s2_oracle_trace-610042_b8_k8_isolated,isolated,ours,14,8,act_ms,0.04256,recorder
20260827-022806_perlmutter_5bc126dd,ours_l01_s2_oracle_trace-610042_b8_k8_isolated,isolated,ours,14,9,act_ms,0.03648,recorder
20260827-022806_perlmutter_5bc126dd,ours_l01_s2_oracle_trace-610042_b8_k8_isolated,isolated,ours,14,0,l1_ms,64.971359,recorder
20260827-022806_perlmutter_5bc126dd,ours_l01_s2_oracle_trace-610042_b8_k8_isolated,isolated,ours,14,1,l1_ms,66.445473,recorder
20260827-022806_perlmutter_5bc126dd,ours_l01_s2_oracle_trace-610042_b8_k8_isolated,isolated,ours,14,2,l1_ms,66.064484,recorder
20260827-022806_perlmutter_5bc126dd,ours_l01_s2_oracle_trace-610042_b8_k8_isolated,isolated,ours,14,3,l1_ms,63.638466,recorder
20260827-022806_perlmutter_5bc126dd,ours_l01_s2_oracle_trace-610042_b8_k8_isolated,isolated,ours,14,4,l1_ms,64.895203,recorder
20260827-022806_perlmutter_5bc126dd,ours_l01_s2_oracle_trace-610042_b8_k8_isolated,isolated,ours,14,5,l1_ms,64.552132,recorder
20260827-022806_perlmutter_5bc126dd,ours_l01_s2_oracle_trace-610042_b8_k8_isolated,isolated,ours,14,6,l1_ms,65.284317,recorder
20260827-022806_perlmutter_5bc126dd,ours_l01_s2_oracle_trace-610042_b8_k8_isolated,isolated,ours,14,7,l1_ms,65.32061,recorder
20260827-022806_perlmutter_5bc126dd,ours_l01_s2_oracle_trace-610042_b8_k8_isolated,isolated,ours,14,8,l1_ms,62.822655,recorder
20260827-022806_perlmutter_5bc126dd,ours_l01_s2_oracle_trace-610042_b8_k8_isolated,isolated,ours,14,9,l1_ms,65.973572,recorder
20260827-022806_perlmutter_5bc126dd,ours_l01_s2_oracle_trace-610042_b8_k8_isolated,isolated,ours,14,0,plan_comm_ms,0.63392,recorder
20260827-022806_perlmutter_5bc126dd,ours_l01_s2_oracle_trace-610042_b8_k8_isolated,isolated,ours,14,1,plan_comm_ms,0.2184,recorder
20260827-022806_perlmutter_5bc126dd,ours_l01_s2_oracle_trace-610042_b8_k8_isolated,isolated,ours,14,2,plan_comm_ms,0.59584,recorder
20260827-022806_perlmutter_5bc126dd,ours_l01_s2_oracle_trace-610042_b8_k8_isolated,isolated,ours,14,3,plan_comm_ms,0.238144,recorder
20260827-022806_perlmutter_5bc126dd,ours_l01_s2_oracle_trace-610042_b8_k8_isolated,isolated,ours,14,4,plan_comm_ms,0.223456,recorder
20260827-022806_perlmutter_5bc126dd,ours_l01_s2_oracle_trace-610042_b8_k8_isolated,isolated,ours,14,5,plan_comm_ms,0.220384,recorder
20260827-022806_perlmutter_5bc126dd,ours_l01_s2_oracle_trace-610042_b8_k8_isolated,isolated,ours,14,6,plan_comm_ms,0.519456,recorder
20260827-022806_perlmutter_5bc126dd,ours_l01_s2_oracle_trace-610042_b8_k8_isolated,isolated,ours,14,7,plan_comm_ms,0.21856,recorder
20260827-022806_perlmutter_5bc126dd,ours_l01_s2_oracle_trace-610042_b8_k8_isolated,isolated,ours,14,8,plan_comm_ms,0.698112,recorder
20260827-022806_perlmutter_5bc126dd,ours_l01_s2_oracle_trace-610042_b8_k8_isolated,isolated,ours,14,9,plan_comm_ms,0.238048,recorder
20260827-022806_perlmutter_5bc126dd,ours_l01_s2_oracle_trace-610042_b8_k8_isolated,isolated,ours,14,0,place_ms,108.216866,recorder
20260827-022806_perlmutter_5bc126dd,ours_l01_s2_oracle_trace-610042_b8_k8_isolated,isolated,ours,14,1,place_ms,109.250687,recorder
20260827-022806_perlmutter_5bc126dd,ours_l01_s2_oracle_trace-610042_b8_k8_isolated,isolated,ours,14,2,place_ms,108.459709,recorder
20260827-022806_perlmutter_5bc126dd,ours_l01_s2_oracle_trace-610042_b8_k8_isolated,isolated,ours,14,3,place_ms,112.429375,recorder
20260827-022806_perlmutter_5bc126dd,ours_l01_s2_oracle_trace-610042_b8_k8_isolated,isolated,ours,14,4,place_ms,108.674911,recorder
20260827-022806_perlmutter_5bc126dd,ours_l01_s2_oracle_trace-610042_b8_k8_isolated,isolated,ours,14,5,place_ms,110.212158,recorder
20260827-022806_perlmutter_5bc126dd,ours_l01_s2_oracle_trace-610042_b8_k8_isolated,isolated,ours,14,6,place_ms,113.124382,recorder
20260827-022806_perlmutter_5bc126dd,ours_l01_s2_oracle_trace-610042_b8_k8_isolated,isolated,ours,14,7,place_ms,108.493248,recorder
20260827-022806_perlmutter_5bc126dd,ours_l01_s2_oracle_trace-610042_b8_k8_isolated,isolated,ours,14,8,place_ms,113.171074,recorder
20260827-022806_perlmutter_5bc126dd,ours_l01_s2_oracle_trace-610042_b8_k8_isolated,isolated,ours,14,9,place_ms,108.147362,recorder
20260827-022806_perlmutter_5bc126dd,ours_l01_s2_oracle_trace-610042_b8_k8_isolated,isolated,ours,14,0,plan_ms,17.665024,recorder
20260827-022806_perlmutter_5bc126dd,ours_l01_s2_oracle_trace-610042_b8_k8_isolated,isolated,ours,14,1,plan_ms,16.407871,recorder
20260827-022806_perlmutter_5bc126dd,ours_l01_s2_oracle_trace-610042_b8_k8_isolated,isolated,ours,14,2,plan_ms,16.416767,recorder
20260827-022806_perlmutter_5bc126dd,ours_l01_s2_oracle_trace-610042_b8_k8_isolated,isolated,ours,14,3,plan_ms,13.545024,recorder
20260827-022806_perlmutter_5bc126dd,ours_l01_s2_oracle_trace-610042_b8_k8_isolated,isolated,ours,14,4,plan_ms,16.945087,recorder
20260827-022806_perlmutter_5bc126dd,ours_l01_s2_oracle_trace-610042_b8_k8_isolated,isolated,ours,14,5,plan_ms,14.456736,recorder
20260827-022806_perlmutter_5bc126dd,ours_l01_s2_oracle_trace-610042_b8_k8_isolated,isolated,ours,14,6,plan_ms,17.918337,recorder
20260827-022806_perlmutter_5bc126dd,ours_l01_s2_oracle_trace-610042_b8_k8_isolated,isolated,ours,14,7,plan_ms,16.508608,recorder
20260827-022806_perlmutter_5bc126dd,ours_l01_s2_oracle_trace-610042_b8_k8_isolated,isolated,ours,14,8,plan_ms,15.329824,recorder
20260827-022806_perlmutter_5bc126dd,ours_l01_s2_oracle_trace-610042_b8_k8_isolated,isolated,ours,14,9,plan_ms,17.531136,recorder
20260827-022806_perlmutter_5bc126dd,ours_l01_s2_oracle_trace-610042_b8_k8_isolated,isolated,ours,14,0,total_ms,196.765732,recorder
20260827-022806_perlmutter_5bc126dd,ours_l01_s2_oracle_trace-610042_b8_k8_isolated,isolated,ours,14,1,total_ms,197.449753,recorder
20260827-022806_perlmutter_5bc126dd,ours_l01_s2_oracle_trace-610042_b8_k8_isolated,isolated,ours,14,2,total_ms,196.723938,recorder
20260827-022806_perlmutter_5bc126dd,ours_l01_s2_oracle_trace-610042_b8_k8_isolated,isolated,ours,14,3,total_ms,195.291809,recorder
20260827-022806_perlmutter_5bc126dd,ours_l01_s2_oracle_trace-610042_b8_k8_isolated,isolated,ours,14,4,total_ms,195.986496,recorder
20260827-022806_perlmutter_5bc126dd,ours_l01_s2_oracle_trace-610042_b8_k8_isolated,isolated,ours,14,5,total_ms,194.329025,recorder
20260827-022806_perlmutter_5bc126dd,ours_l01_s2_oracle_trace-610042_b8_k8_isolated,isolated,ours,14,6,total_ms,201.844986,recorder
20260827-022806_perlmutter_5bc126dd,ours_l01_s2_oracle_trace-610042_b8_k8_isolated,isolated,ours,14,7,total_ms,195.841415,recorder
20260827-022806_perlmutter_5bc126dd,ours_l01_s2_oracle_trace-610042_b8_k8_isolated,isolated,ours,14,8,total_ms,197.394012,recorder
20260827-022806_perlmutter_5bc126dd,ours_l01_s2_oracle_trace-610042_b8_k8_isolated,isolated,ours,14,9,total_ms,196.843353,recorder
20260827-022806_perlmutter_5bc126dd,ours_l01_s2_oracle_trace-610042_b8_k8_isolated,isolated,ours,14,0,iso_sync_ms,0.880059,recorder
20260827-022806_perlmutter_5bc126dd,ours_l01_s2_oracle_trace-610042_b8_k8_isolated,isolated,ours,14,1,iso_sync_ms,0.764316,recorder
20260827-022806_perlmutter_5bc126dd,ours_l01_s2_oracle_trace-610042_b8_k8_isolated,isolated,ours,14,2,iso_sync_ms,0.633664,recorder
20260827-022806_perlmutter_5bc126dd,ours_l01_s2_oracle_trace-610042_b8_k8_isolated,isolated,ours,14,3,iso_sync_ms,0.536957,recorder
20260827-022806_perlmutter_5bc126dd,ours_l01_s2_oracle_trace-610042_b8_k8_isolated,isolated,ours,14,4,iso_sync_ms,0.749598,recorder
20260827-022806_perlmutter_5bc126dd,ours_l01_s2_oracle_trace-610042_b8_k8_isolated,isolated,ours,14,5,iso_sync_ms,0.19713,recorder
20260827-022806_perlmutter_5bc126dd,ours_l01_s2_oracle_trace-610042_b8_k8_isolated,isolated,ours,14,6,iso_sync_ms,0.806739,recorder
20260827-022806_perlmutter_5bc126dd,ours_l01_s2_oracle_trace-610042_b8_k8_isolated,isolated,ours,14,7,iso_sync_ms,0.653622,recorder
20260827-022806_perlmutter_5bc126dd,ours_l01_s2_oracle_trace-610042_b8_k8_isolated,isolated,ours,14,8,iso_sync_ms,1.215167,recorder
20260827-022806_perlmutter_5bc126dd,ours_l01_s2_oracle_trace-610042_b8_k8_isolated,isolated,ours,14,9,iso_sync_ms,0.305871,recorder
20260827-022806_perlmutter_5bc126dd,ours_l01_s2_oracle_trace-610042_b8_k8_isolated,isolated,ours,15,0,e2e_ms,70.388641,recorder
20260827-022806_perlmutter_5bc126dd,ours_l01_s2_oracle_trace-610042_b8_k8_isolated,isolated,ours,15,1,e2e_ms,71.588898,recorder
20260827-022806_perlmutter_5bc126dd,ours_l01_s2_oracle_trace-610042_b8_k8_isolated,isolated,ours,15,2,e2e_ms,71.129601,recorder
20260827-022806_perlmutter_5bc126dd,ours_l01_s2_oracle_trace-610042_b8_k8_isolated,isolated,ours,15,3,e2e_ms,68.976959,recorder
20260827-022806_perlmutter_5bc126dd,ours_l01_s2_oracle_trace-610042_b8_k8_isolated,isolated,ours,15,4,e2e_ms,69.779938,recorder
20260827-022806_perlmutter_5bc126dd,ours_l01_s2_oracle_trace-610042_b8_k8_isolated,isolated,ours,15,5,e2e_ms,69.355713,recorder
20260827-022806_perlmutter_5bc126dd,ours_l01_s2_oracle_trace-610042_b8_k8_isolated,isolated,ours,15,6,e2e_ms,70.184738,recorder
20260827-022806_perlmutter_5bc126dd,ours_l01_s2_oracle_trace-610042_b8_k8_isolated,isolated,ours,15,7,e2e_ms,70.626015,recorder
20260827-022806_perlmutter_5bc126dd,ours_l01_s2_oracle_trace-610042_b8_k8_isolated,isolated,ours,15,8,e2e_ms,68.16893,recorder
20260827-022806_perlmutter_5bc126dd,ours_l01_s2_oracle_trace-610042_b8_k8_isolated,isolated,ours,15,9,e2e_ms,70.709503,recorder
20260827-022806_perlmutter_5bc126dd,ours_l01_s2_oracle_trace-610042_b8_k8_isolated,isolated,ours,15,0,l0_ms,5.217696,recorder
20260827-022806_perlmutter_5bc126dd,ours_l01_s2_oracle_trace-610042_b8_k8_isolated,isolated,ours,15,1,l0_ms,4.9448,recorder
20260827-022806_perlmutter_5bc126dd,ours_l01_s2_oracle_trace-610042_b8_k8_isolated,isolated,ours,15,2,l0_ms,4.894144,recorder
20260827-022806_perlmutter_5bc126dd,ours_l01_s2_oracle_trace-610042_b8_k8_isolated,isolated,ours,15,3,l0_ms,5.246592,recorder
20260827-022806_perlmutter_5bc126dd,ours_l01_s2_oracle_trace-610042_b8_k8_isolated,isolated,ours,15,4,l0_ms,5.19632,recorder
20260827-022806_perlmutter_5bc126dd,ours_l01_s2_oracle_trace-610042_b8_k8_isolated,isolated,ours,15,5,l0_ms,4.825248,recorder
20260827-022806_perlmutter_5bc126dd,ours_l01_s2_oracle_trace-610042_b8_k8_isolated,isolated,ours,15,6,l0_ms,4.961728,recorder
20260827-022806_perlmutter_5bc126dd,ours_l01_s2_oracle_trace-610042_b8_k8_isolated,isolated,ours,15,7,l0_ms,5.185152,recorder
20260827-022806_perlmutter_5bc126dd,ours_l01_s2_oracle_trace-610042_b8_k8_isolated,isolated,ours,15,8,l0_ms,5.395872,recorder
20260827-022806_perlmutter_5bc126dd,ours_l01_s2_oracle_trace-610042_b8_k8_isolated,isolated,ours,15,9,l0_ms,4.765344,recorder
20260827-022806_perlmutter_5bc126dd,ours_l01_s2_oracle_trace-610042_b8_k8_isolated,isolated,ours,15,0,act_ms,0.040832,recorder
20260827-022806_perlmutter_5bc126dd,ours_l01_s2_oracle_trace-610042_b8_k8_isolated,isolated,ours,15,1,act_ms,0.0376,recorder
20260827-022806_perlmutter_5bc126dd,ours_l01_s2_oracle_trace-610042_b8_k8_isolated,isolated,ours,15,2,act_ms,0.046176,recorder
20260827-022806_perlmutter_5bc126dd,ours_l01_s2_oracle_trace-610042_b8_k8_isolated,isolated,ours,15,3,act_ms,0.039776,recorder
20260827-022806_perlmutter_5bc126dd,ours_l01_s2_oracle_trace-610042_b8_k8_isolated,isolated,ours,15,4,act_ms,0.035808,recorder
20260827-022806_perlmutter_5bc126dd,ours_l01_s2_oracle_trace-610042_b8_k8_isolated,isolated,ours,15,5,act_ms,0.039232,recorder
20260827-022806_perlmutter_5bc126dd,ours_l01_s2_oracle_trace-610042_b8_k8_isolated,isolated,ours,15,6,act_ms,0.036768,recorder
20260827-022806_perlmutter_5bc126dd,ours_l01_s2_oracle_trace-610042_b8_k8_isolated,isolated,ours,15,7,act_ms,0.03968,recorder
20260827-022806_perlmutter_5bc126dd,ours_l01_s2_oracle_trace-610042_b8_k8_isolated,isolated,ours,15,8,act_ms,0.034752,recorder
20260827-022806_perlmutter_5bc126dd,ours_l01_s2_oracle_trace-610042_b8_k8_isolated,isolated,ours,15,9,act_ms,0.036832,recorder
20260827-022806_perlmutter_5bc126dd,ours_l01_s2_oracle_trace-610042_b8_k8_isolated,isolated,ours,15,0,l1_ms,65.130112,recorder
20260827-022806_perlmutter_5bc126dd,ours_l01_s2_oracle_trace-610042_b8_k8_isolated,isolated,ours,15,1,l1_ms,66.606499,recorder
20260827-022806_perlmutter_5bc126dd,ours_l01_s2_oracle_trace-610042_b8_k8_isolated,isolated,ours,15,2,l1_ms,66.189278,recorder
20260827-022806_perlmutter_5bc126dd,ours_l01_s2_oracle_trace-610042_b8_k8_isolated,isolated,ours,15,3,l1_ms,63.690594,recorder
20260827-022806_perlmutter_5bc126dd,ours_l01_s2_oracle_trace-610042_b8_k8_isolated,isolated,ours,15,4,l1_ms,64.547806,recorder
20260827-022806_perlmutter_5bc126dd,ours_l01_s2_oracle_trace-610042_b8_k8_isolated,isolated,ours,15,5,l1_ms,64.491234,recorder
20260827-022806_perlmutter_5bc126dd,ours_l01_s2_oracle_trace-610042_b8_k8_isolated,isolated,ours,15,6,l1_ms,65.186241,recorder
20260827-022806_perlmutter_5bc126dd,ours_l01_s2_oracle_trace-610042_b8_k8_isolated,isolated,ours,15,7,l1_ms,65.401184,recorder
20260827-022806_perlmutter_5bc126dd,ours_l01_s2_oracle_trace-610042_b8_k8_isolated,isolated,ours,15,8,l1_ms,62.738304,recorder
20260827-022806_perlmutter_5bc126dd,ours_l01_s2_oracle_trace-610042_b8_k8_isolated,isolated,ours,15,9,l1_ms,65.907326,recorder
20260827-022806_perlmutter_5bc126dd,ours_l01_s2_oracle_trace-610042_b8_k8_isolated,isolated,ours,15,0,plan_comm_ms,0.6224,recorder
20260827-022806_perlmutter_5bc126dd,ours_l01_s2_oracle_trace-610042_b8_k8_isolated,isolated,ours,15,1,plan_comm_ms,0.226592,recorder
20260827-022806_perlmutter_5bc126dd,ours_l01_s2_oracle_trace-610042_b8_k8_isolated,isolated,ours,15,2,plan_comm_ms,0.596128,recorder
20260827-022806_perlmutter_5bc126dd,ours_l01_s2_oracle_trace-610042_b8_k8_isolated,isolated,ours,15,3,plan_comm_ms,0.231264,recorder
20260827-022806_perlmutter_5bc126dd,ours_l01_s2_oracle_trace-610042_b8_k8_isolated,isolated,ours,15,4,plan_comm_ms,0.224928,recorder
20260827-022806_perlmutter_5bc126dd,ours_l01_s2_oracle_trace-610042_b8_k8_isolated,isolated,ours,15,5,plan_comm_ms,0.220608,recorder
20260827-022806_perlmutter_5bc126dd,ours_l01_s2_oracle_trace-610042_b8_k8_isolated,isolated,ours,15,6,plan_comm_ms,0.517856,recorder
20260827-022806_perlmutter_5bc126dd,ours_l01_s2_oracle_trace-610042_b8_k8_isolated,isolated,ours,15,7,plan_comm_ms,0.199264,recorder
20260827-022806_perlmutter_5bc126dd,ours_l01_s2_oracle_trace-610042_b8_k8_isolated,isolated,ours,15,8,plan_comm_ms,0.696896,recorder
20260827-022806_perlmutter_5bc126dd,ours_l01_s2_oracle_trace-610042_b8_k8_isolated,isolated,ours,15,9,plan_comm_ms,0.237408,recorder
20260827-022806_perlmutter_5bc126dd,ours_l01_s2_oracle_trace-610042_b8_k8_isolated,isolated,ours,15,0,place_ms,110.700638,recorder
20260827-022806_perlmutter_5bc126dd,ours_l01_s2_oracle_trace-610042_b8_k8_isolated,isolated,ours,15,1,place_ms,111.522881,recorder
20260827-022806_perlmutter_5bc126dd,ours_l01_s2_oracle_trace-610042_b8_k8_isolated,isolated,ours,15,2,place_ms,112.1119,recorder
20260827-022806_perlmutter_5bc126dd,ours_l01_s2_oracle_trace-610042_b8_k8_isolated,isolated,ours,15,3,place_ms,113.197372,recorder
20260827-022806_perlmutter_5bc126dd,ours_l01_s2_oracle_trace-610042_b8_k8_isolated,isolated,ours,15,4,place_ms,111.779968,recorder
20260827-022806_perlmutter_5bc126dd,ours_l01_s2_oracle_trace-610042_b8_k8_isolated,isolated,ours,15,5,place_ms,111.575806,recorder
20260827-022806_perlmutter_5bc126dd,ours_l01_s2_oracle_trace-610042_b8_k8_isolated,isolated,ours,15,6,place_ms,115.613693,recorder
20260827-022806_perlmutter_5bc126dd,ours_l01_s2_oracle_trace-610042_b8_k8_isolated,isolated,ours,15,7,place_ms,113.33741,recorder
20260827-022806_perlmutter_5bc126dd,ours_l01_s2_oracle_trace-610042_b8_k8_isolated,isolated,ours,15,8,place_ms,113.435616,recorder
20260827-022806_perlmutter_5bc126dd,ours_l01_s2_oracle_trace-610042_b8_k8_isolated,isolated,ours,15,9,place_ms,112.873245,recorder
20260827-022806_perlmutter_5bc126dd,ours_l01_s2_oracle_trace-610042_b8_k8_isolated,isolated,ours,15,0,plan_ms,15.033664,recorder
20260827-022806_perlmutter_5bc126dd,ours_l01_s2_oracle_trace-610042_b8_k8_isolated,isolated,ours,15,1,plan_ms,14.116544,recorder
20260827-022806_perlmutter_5bc126dd,ours_l01_s2_oracle_trace-610042_b8_k8_isolated,isolated,ours,15,2,plan_ms,12.885056,recorder
20260827-022806_perlmutter_5bc126dd,ours_l01_s2_oracle_trace-610042_b8_k8_isolated,isolated,ours,15,3,plan_ms,12.864512,recorder
20260827-022806_perlmutter_5bc126dd,ours_l01_s2_oracle_trace-610042_b8_k8_isolated,isolated,ours,15,4,plan_ms,13.820128,recorder
20260827-022806_perlmutter_5bc126dd,ours_l01_s2_oracle_trace-610042_b8_k8_isolated,isolated,ours,15,5,plan_ms,13.169632,recorder
20260827-022806_perlmutter_5bc126dd,ours_l01_s2_oracle_trace-610042_b8_k8_isolated,isolated,ours,15,6,plan_ms,15.544864,recorder
20260827-022806_perlmutter_5bc126dd,ours_l01_s2_oracle_trace-610042_b8_k8_isolated,isolated,ours,15,7,plan_ms,11.653184,recorder
20260827-022806_perlmutter_5bc126dd,ours_l01_s2_oracle_trace-610042_b8_k8_isolated,isolated,ours,15,8,plan_ms,15.083744,recorder
20260827-022806_perlmutter_5bc126dd,ours_l01_s2_oracle_trace-610042_b8_k8_isolated,isolated,ours,15,9,plan_ms,12.943744,recorder
20260827-022806_perlmutter_5bc126dd,ours_l01_s2_oracle_trace-610042_b8_k8_isolated,isolated,ours,15,0,total_ms,196.759674,recorder
20260827-022806_perlmutter_5bc126dd,ours_l01_s2_oracle_trace-610042_b8_k8_isolated,isolated,ours,15,1,total_ms,197.468994,recorder
20260827-022806_perlmutter_5bc126dd,ours_l01_s2_oracle_trace-610042_b8_k8_isolated,isolated,ours,15,2,total_ms,196.736633,recorder
20260827-022806_perlmutter_5bc126dd,ours_l01_s2_oracle_trace-610042_b8_k8_isolated,isolated,ours,15,3,total_ms,195.283783,recorder
20260827-022806_perlmutter_5bc126dd,ours_l01_s2_oracle_trace-610042_b8_k8_isolated,isolated,ours,15,4,total_ms,195.61911,recorder
20260827-022806_perlmutter_5bc126dd,ours_l01_s2_oracle_trace-610042_b8_k8_isolated,isolated,ours,15,5,total_ms,194.335449,recorder
20260827-022806_perlmutter_5bc126dd,ours_l01_s2_oracle_trace-610042_b8_k8_isolated,isolated,ours,15,6,total_ms,201.874405,recorder
20260827-022806_perlmutter_5bc126dd,ours_l01_s2_oracle_trace-610042_b8_k8_isolated,isolated,ours,15,7,total_ms,195.829575,recorder
20260827-022806_perlmutter_5bc126dd,ours_l01_s2_oracle_trace-610042_b8_k8_isolated,isolated,ours,15,8,total_ms,197.398849,recorder
20260827-022806_perlmutter_5bc126dd,ours_l01_s2_oracle_trace-610042_b8_k8_isolated,isolated,ours,15,9,total_ms,196.779938,recorder
20260827-022806_perlmutter_5bc126dd,ours_l01_s2_oracle_trace-610042_b8_k8_isolated,isolated,ours,15,0,iso_sync_ms,0.872876,recorder
20260827-022806_perlmutter_5bc126dd,ours_l01_s2_oracle_trace-610042_b8_k8_isolated,isolated,ours,15,1,iso_sync_ms,0.756622,recorder
20260827-022806_perlmutter_5bc126dd,ours_l01_s2_oracle_trace-610042_b8_k8_isolated,isolated,ours,15,2,iso_sync_ms,0.614117,recorder
20260827-022806_perlmutter_5bc126dd,ours_l01_s2_oracle_trace-610042_b8_k8_isolated,isolated,ours,15,3,iso_sync_ms,0.521037,recorder
20260827-022806_perlmutter_5bc126dd,ours_l01_s2_oracle_trace-610042_b8_k8_isolated,isolated,ours,15,4,iso_sync_ms,0.73,recorder
20260827-022806_perlmutter_5bc126dd,ours_l01_s2_oracle_trace-610042_b8_k8_isolated,isolated,ours,15,5,iso_sync_ms,0.565271,recorder
20260827-022806_perlmutter_5bc126dd,ours_l01_s2_oracle_trace-610042_b8_k8_isolated,isolated,ours,15,6,iso_sync_ms,0.78145,recorder
20260827-022806_perlmutter_5bc126dd,ours_l01_s2_oracle_trace-610042_b8_k8_isolated,isolated,ours,15,7,iso_sync_ms,0.613906,recorder
20260827-022806_perlmutter_5bc126dd,ours_l01_s2_oracle_trace-610042_b8_k8_isolated,isolated,ours,15,8,iso_sync_ms,1.200539,recorder
20260827-022806_perlmutter_5bc126dd,ours_l01_s2_oracle_trace-610042_b8_k8_isolated,isolated,ours,15,9,iso_sync_ms,0.292254,recorder
20260827-022806_perlmutter_5bc126dd,ours_l01_s2_oracle_noshard_trace-610042_b8_k8_isolated,isolated,ours,0,0,e2e_ms,116.776001,recorder
20260827-022806_perlmutter_5bc126dd,ours_l01_s2_oracle_noshard_trace-610042_b8_k8_isolated,isolated,ours,0,1,e2e_ms,109.709824,recorder
20260827-022806_perlmutter_5bc126dd,ours_l01_s2_oracle_noshard_trace-610042_b8_k8_isolated,isolated,ours,0,2,e2e_ms,113.221245,recorder
20260827-022806_perlmutter_5bc126dd,ours_l01_s2_oracle_noshard_trace-610042_b8_k8_isolated,isolated,ours,0,3,e2e_ms,113.111839,recorder
20260827-022806_perlmutter_5bc126dd,ours_l01_s2_oracle_noshard_trace-610042_b8_k8_isolated,isolated,ours,0,4,e2e_ms,110.08979,recorder
20260827-022806_perlmutter_5bc126dd,ours_l01_s2_oracle_noshard_trace-610042_b8_k8_isolated,isolated,ours,0,5,e2e_ms,108.295616,recorder
20260827-022806_perlmutter_5bc126dd,ours_l01_s2_oracle_noshard_trace-610042_b8_k8_isolated,isolated,ours,0,6,e2e_ms,110.485603,recorder
20260827-022806_perlmutter_5bc126dd,ours_l01_s2_oracle_noshard_trace-610042_b8_k8_isolated,isolated,ours,0,7,e2e_ms,107.024254,recorder
20260827-022806_perlmutter_5bc126dd,ours_l01_s2_oracle_noshard_trace-610042_b8_k8_isolated,isolated,ours,0,8,e2e_ms,112.060547,recorder
20260827-022806_perlmutter_5bc126dd,ours_l01_s2_oracle_noshard_trace-610042_b8_k8_isolated,isolated,ours,0,9,e2e_ms,113.726494,recorder
20260827-022806_perlmutter_5bc126dd,ours_l01_s2_oracle_noshard_trace-610042_b8_k8_isolated,isolated,ours,0,0,l0_ms,77.815521,recorder
20260827-022806_perlmutter_5bc126dd,ours_l01_s2_oracle_noshard_trace-610042_b8_k8_isolated,isolated,ours,0,1,l0_ms,68.492989,recorder
20260827-022806_perlmutter_5bc126dd,ours_l01_s2_oracle_noshard_trace-610042_b8_k8_isolated,isolated,ours,0,2,l0_ms,65.963776,recorder
20260827-022806_perlmutter_5bc126dd,ours_l01_s2_oracle_noshard_trace-610042_b8_k8_isolated,isolated,ours,0,3,l0_ms,68.358978,recorder
20260827-022806_perlmutter_5bc126dd,ours_l01_s2_oracle_noshard_trace-610042_b8_k8_isolated,isolated,ours,0,4,l0_ms,75.958176,recorder
20260827-022806_perlmutter_5bc126dd,ours_l01_s2_oracle_noshard_trace-610042_b8_k8_isolated,isolated,ours,0,5,l0_ms,67.896767,recorder
20260827-022806_perlmutter_5bc126dd,ours_l01_s2_oracle_noshard_trace-610042_b8_k8_isolated,isolated,ours,0,6,l0_ms,64.400803,recorder
20260827-022806_perlmutter_5bc126dd,ours_l01_s2_oracle_noshard_trace-610042_b8_k8_isolated,isolated,ours,0,7,l0_ms,63.016735,recorder
20260827-022806_perlmutter_5bc126dd,ours_l01_s2_oracle_noshard_trace-610042_b8_k8_isolated,isolated,ours,0,8,l0_ms,71.51683,recorder
20260827-022806_perlmutter_5bc126dd,ours_l01_s2_oracle_noshard_trace-610042_b8_k8_isolated,isolated,ours,0,9,l0_ms,64.664062,recorder
20260827-022806_perlmutter_5bc126dd,ours_l01_s2_oracle_noshard_trace-610042_b8_k8_isolated,isolated,ours,0,0,act_ms,0.043904,recorder
20260827-022806_perlmutter_5bc126dd,ours_l01_s2_oracle_noshard_trace-610042_b8_k8_isolated,isolated,ours,0,1,act_ms,0.049664,recorder
20260827-022806_perlmutter_5bc126dd,ours_l01_s2_oracle_noshard_trace-610042_b8_k8_isolated,isolated,ours,0,2,act_ms,0.043712,recorder
20260827-022806_perlmutter_5bc126dd,ours_l01_s2_oracle_noshard_trace-610042_b8_k8_isolated,isolated,ours,0,3,act_ms,0.048448,recorder
20260827-022806_perlmutter_5bc126dd,ours_l01_s2_oracle_noshard_trace-610042_b8_k8_isolated,isolated,ours,0,4,act_ms,0.045184,recorder
20260827-022806_perlmutter_5bc126dd,ours_l01_s2_oracle_noshard_trace-610042_b8_k8_isolated,isolated,ours,0,5,act_ms,0.051232,recorder
20260827-022806_perlmutter_5bc126dd,ours_l01_s2_oracle_noshard_trace-610042_b8_k8_isolated,isolated,ours,0,6,act_ms,0.044032,recorder
20260827-022806_perlmutter_5bc126dd,ours_l01_s2_oracle_noshard_trace-610042_b8_k8_isolated,isolated,ours,0,7,act_ms,0.048704,recorder
20260827-022806_perlmutter_5bc126dd,ours_l01_s2_oracle_noshard_trace-610042_b8_k8_isolated,isolated,ours,0,8,act_ms,0.049184,recorder
20260827-022806_perlmutter_5bc126dd,ours_l01_s2_oracle_noshard_trace-610042_b8_k8_isolated,isolated,ours,0,9,act_ms,0.045728,recorder
20260827-022806_perlmutter_5bc126dd,ours_l01_s2_oracle_noshard_trace-610042_b8_k8_isolated,isolated,ours,0,0,l1_ms,38.916576,recorder
20260827-022806_perlmutter_5bc126dd,ours_l01_s2_oracle_noshard_trace-610042_b8_k8_isolated,isolated,ours,0,1,l1_ms,41.167168,recorder
20260827-022806_perlmutter_5bc126dd,ours_l01_s2_oracle_noshard_trace-610042_b8_k8_isolated,isolated,ours,0,2,l1_ms,47.21376,recorder
20260827-022806_perlmutter_5bc126dd,ours_l01_s2_oracle_noshard_trace-610042_b8_k8_isolated,isolated,ours,0,3,l1_ms,44.704414,recorder
20260827-022806_perlmutter_5bc126dd,ours_l01_s2_oracle_noshard_trace-610042_b8_k8_isolated,isolated,ours,0,4,l1_ms,34.086433,recorder
20260827-022806_perlmutter_5bc126dd,ours_l01_s2_oracle_noshard_trace-610042_b8_k8_isolated,isolated,ours,0,5,l1_ms,40.347614,recorder
20260827-022806_perlmutter_5bc126dd,ours_l01_s2_oracle_noshard_trace-610042_b8_k8_isolated,isolated,ours,0,6,l1_ms,46.040768,recorder
20260827-022806_perlmutter_5bc126dd,ours_l01_s2_oracle_noshard_trace-610042_b8_k8_isolated,isolated,ours,0,7,l1_ms,43.958817,recorder
20260827-022806_perlmutter_5bc126dd,ours_l01_s2_oracle_noshard_trace-610042_b8_k8_isolated,isolated,ours,0,8,l1_ms,40.49453,recorder
20260827-022806_perlmutter_5bc126dd,ours_l01_s2_oracle_noshard_trace-610042_b8_k8_isolated,isolated,ours,0,9,l1_ms,49.016705,recorder
20260827-022806_perlmutter_5bc126dd,ours_l01_s2_oracle_noshard_trace-610042_b8_k8_isolated,isolated,ours,0,0,plan_comm_ms,0.861056,recorder
20260827-022806_perlmutter_5bc126dd,ours_l01_s2_oracle_noshard_trace-610042_b8_k8_isolated,isolated,ours,0,1,plan_comm_ms,0.258496,recorder
20260827-022806_perlmutter_5bc126dd,ours_l01_s2_oracle_noshard_trace-610042_b8_k8_isolated,isolated,ours,0,2,plan_comm_ms,0.213728,recorder
20260827-022806_perlmutter_5bc126dd,ours_l01_s2_oracle_noshard_trace-610042_b8_k8_isolated,isolated,ours,0,3,plan_comm_ms,0.342784,recorder
20260827-022806_perlmutter_5bc126dd,ours_l01_s2_oracle_noshard_trace-610042_b8_k8_isolated,isolated,ours,0,4,plan_comm_ms,0.267424,recorder
20260827-022806_perlmutter_5bc126dd,ours_l01_s2_oracle_noshard_trace-610042_b8_k8_isolated,isolated,ours,0,5,plan_comm_ms,0.214848,recorder
20260827-022806_perlmutter_5bc126dd,ours_l01_s2_oracle_noshard_trace-610042_b8_k8_isolated,isolated,ours,0,6,plan_comm_ms,0.597056,recorder
20260827-022806_perlmutter_5bc126dd,ours_l01_s2_oracle_noshard_trace-610042_b8_k8_isolated,isolated,ours,0,7,plan_comm_ms,0.290592,recorder
20260827-022806_perlmutter_5bc126dd,ours_l01_s2_oracle_noshard_trace-610042_b8_k8_isolated,isolated,ours,0,8,plan_comm_ms,0.771392,recorder
20260827-022806_perlmutter_5bc126dd,ours_l01_s2_oracle_noshard_trace-610042_b8_k8_isolated,isolated,ours,0,9,plan_comm_ms,0.295168,recorder
20260827-022806_perlmutter_5bc126dd,ours_l01_s2_oracle_noshard_trace-610042_b8_k8_isolated,isolated,ours,0,0,place_ms,4.315776,recorder
20260827-022806_perlmutter_5bc126dd,ours_l01_s2_oracle_noshard_trace-610042_b8_k8_isolated,isolated,ours,0,1,place_ms,4.329088,recorder
20260827-022806_perlmutter_5bc126dd,ours_l01_s2_oracle_noshard_trace-610042_b8_k8_isolated,isolated,ours,0,2,place_ms,4.35344,recorder
20260827-022806_perlmutter_5bc126dd,ours_l01_s2_oracle_noshard_trace-610042_b8_k8_isolated,isolated,ours,0,3,place_ms,4.018368,recorder
20260827-022806_perlmutter_5bc126dd,ours_l01_s2_oracle_noshard_trace-610042_b8_k8_isolated,isolated,ours,0,4,place_ms,4.287648,recorder
20260827-022806_perlmutter_5bc126dd,ours_l01_s2_oracle_noshard_trace-610042_b8_k8_isolated,isolated,ours,0,5,place_ms,4.309824,recorder
20260827-022806_perlmutter_5bc126dd,ours_l01_s2_oracle_noshard_trace-610042_b8_k8_isolated,isolated,ours,0,6,place_ms,4.191936,recorder
20260827-022806_perlmutter_5bc126dd,ours_l01_s2_oracle_noshard_trace-610042_b8_k8_isolated,isolated,ours,0,7,place_ms,4.237408,recorder
20260827-022806_perlmutter_5bc126dd,ours_l01_s2_oracle_noshard_trace-610042_b8_k8_isolated,isolated,ours,0,8,place_ms,4.142304,recorder
20260827-022806_perlmutter_5bc126dd,ours_l01_s2_oracle_noshard_trace-610042_b8_k8_isolated,isolated,ours,0,9,place_ms,4.18704,recorder
20260827-022806_perlmutter_5bc126dd,ours_l01_s2_oracle_noshard_trace-610042_b8_k8_isolated,isolated,ours,0,0,plan_ms,2.849376,recorder
20260827-022806_perlmutter_5bc126dd,ours_l01_s2_oracle_noshard_trace-610042_b8_k8_isolated,isolated,ours,0,1,plan_ms,2.189984,recorder
20260827-022806_perlmutter_5bc126dd,ours_l01_s2_oracle_noshard_trace-610042_b8_k8_isolated,isolated,ours,0,2,plan_ms,2.15776,recorder
20260827-022806_perlmutter_5bc126dd,ours_l01_s2_oracle_noshard_trace-610042_b8_k8_isolated,isolated,ours,0,3,plan_ms,2.220832,recorder
20260827-022806_perlmutter_5bc126dd,ours_l01_s2_oracle_noshard_trace-610042_b8_k8_isolated,isolated,ours,0,4,plan_ms,2.127296,recorder
20260827-022806_perlmutter_5bc126dd,ours_l01_s2_oracle_noshard_trace-610042_b8_k8_isolated,isolated,ours,0,5,plan_ms,1.734016,recorder
20260827-022806_perlmutter_5bc126dd,ours_l01_s2_oracle_noshard_trace-610042_b8_k8_isolated,isolated,ours,0,6,plan_ms,2.257536,recorder
20260827-022806_perlmutter_5bc126dd,ours_l01_s2_oracle_noshard_trace-610042_b8_k8_isolated,isolated,ours,0,7,plan_ms,2.157312,recorder
20260827-022806_perlmutter_5bc126dd,ours_l01_s2_oracle_noshard_trace-610042_b8_k8_isolated,isolated,ours,0,8,plan_ms,2.098848,recorder
20260827-022806_perlmutter_5bc126dd,ours_l01_s2_oracle_noshard_trace-610042_b8_k8_isolated,isolated,ours,0,9,plan_ms,2.656288,recorder
20260827-022806_perlmutter_5bc126dd,ours_l01_s2_oracle_noshard_trace-610042_b8_k8_isolated,isolated,ours,0,0,total_ms,124.817406,recorder
20260827-022806_perlmutter_5bc126dd,ours_l01_s2_oracle_noshard_trace-610042_b8_k8_isolated,isolated,ours,0,1,total_ms,116.501762,recorder
20260827-022806_perlmutter_5bc126dd,ours_l01_s2_oracle_noshard_trace-610042_b8_k8_isolated,isolated,ours,0,2,total_ms,119.959999,recorder
20260827-022806_perlmutter_5bc126dd,ours_l01_s2_oracle_noshard_trace-610042_b8_k8_isolated,isolated,ours,0,3,total_ms,119.70739,recorder
20260827-022806_perlmutter_5bc126dd,ours_l01_s2_oracle_noshard_trace-610042_b8_k8_isolated,isolated,ours,0,4,total_ms,116.786339,recorder
20260827-022806_perlmutter_5bc126dd,ours_l01_s2_oracle_noshard_trace-610042_b8_k8_isolated,isolated,ours,0,5,total_ms,114.568062,recorder
20260827-022806_perlmutter_5bc126dd,ours_l01_s2_oracle_noshard_trace-610042_b8_k8_isolated,isolated,ours,0,6,total_ms,117.545952,recorder
20260827-022806_perlmutter_5bc126dd,ours_l01_s2_oracle_noshard_trace-610042_b8_k8_isolated,isolated,ours,0,7,total_ms,113.722816,recorder
20260827-022806_perlmutter_5bc126dd,ours_l01_s2_oracle_noshard_trace-610042_b8_k8_isolated,isolated,ours,0,8,total_ms,119.087074,recorder
20260827-022806_perlmutter_5bc126dd,ours_l01_s2_oracle_noshard_trace-610042_b8_k8_isolated,isolated,ours,0,9,total_ms,120.878304,recorder
20260827-022806_perlmutter_5bc126dd,ours_l01_s2_oracle_noshard_trace-610042_b8_k8_isolated,isolated,ours,0,0,iso_sync_ms,0.982055,recorder
20260827-022806_perlmutter_5bc126dd,ours_l01_s2_oracle_noshard_trace-610042_b8_k8_isolated,isolated,ours,0,1,iso_sync_ms,0.536546,recorder
20260827-022806_perlmutter_5bc126dd,ours_l01_s2_oracle_noshard_trace-610042_b8_k8_isolated,isolated,ours,0,2,iso_sync_ms,0.213782,recorder
20260827-022806_perlmutter_5bc126dd,ours_l01_s2_oracle_noshard_trace-610042_b8_k8_isolated,isolated,ours,0,3,iso_sync_ms,0.598686,recorder
20260827-022806_perlmutter_5bc126dd,ours_l01_s2_oracle_noshard_trace-610042_b8_k8_isolated,isolated,ours,0,4,iso_sync_ms,0.573708,recorder
20260827-022806_perlmutter_5bc126dd,ours_l01_s2_oracle_noshard_trace-610042_b8_k8_isolated,isolated,ours,0,5,iso_sync_ms,0.877263,recorder
20260827-022806_perlmutter_5bc126dd,ours_l01_s2_oracle_noshard_trace-610042_b8_k8_isolated,isolated,ours,0,6,iso_sync_ms,0.710691,recorder
20260827-022806_perlmutter_5bc126dd,ours_l01_s2_oracle_noshard_trace-610042_b8_k8_isolated,isolated,ours,0,7,iso_sync_ms,0.465509,recorder
20260827-022806_perlmutter_5bc126dd,ours_l01_s2_oracle_noshard_trace-610042_b8_k8_isolated,isolated,ours,0,8,iso_sync_ms,1.023355,recorder
20260827-022806_perlmutter_5bc126dd,ours_l01_s2_oracle_noshard_trace-610042_b8_k8_isolated,isolated,ours,0,9,iso_sync_ms,1.364613,recorder
20260827-022806_perlmutter_5bc126dd,ours_l01_s2_oracle_noshard_trace-610042_b8_k8_isolated,isolated,ours,1,0,e2e_ms,116.775009,recorder
20260827-022806_perlmutter_5bc126dd,ours_l01_s2_oracle_noshard_trace-610042_b8_k8_isolated,isolated,ours,1,1,e2e_ms,109.632477,recorder
20260827-022806_perlmutter_5bc126dd,ours_l01_s2_oracle_noshard_trace-610042_b8_k8_isolated,isolated,ours,1,2,e2e_ms,113.260513,recorder
20260827-022806_perlmutter_5bc126dd,ours_l01_s2_oracle_noshard_trace-610042_b8_k8_isolated,isolated,ours,1,3,e2e_ms,113.11776,recorder
20260827-022806_perlmutter_5bc126dd,ours_l01_s2_oracle_noshard_trace-610042_b8_k8_isolated,isolated,ours,1,4,e2e_ms,110.108292,recorder
20260827-022806_perlmutter_5bc126dd,ours_l01_s2_oracle_noshard_trace-610042_b8_k8_isolated,isolated,ours,1,5,e2e_ms,108.313187,recorder
20260827-022806_perlmutter_5bc126dd,ours_l01_s2_oracle_noshard_trace-610042_b8_k8_isolated,isolated,ours,1,6,e2e_ms,110.412323,recorder
20260827-022806_perlmutter_5bc126dd,ours_l01_s2_oracle_noshard_trace-610042_b8_k8_isolated,isolated,ours,1,7,e2e_ms,107.036766,recorder
20260827-022806_perlmutter_5bc126dd,ours_l01_s2_oracle_noshard_trace-610042_b8_k8_isolated,isolated,ours,1,8,e2e_ms,112.160126,recorder
20260827-022806_perlmutter_5bc126dd,ours_l01_s2_oracle_noshard_trace-610042_b8_k8_isolated,isolated,ours,1,9,e2e_ms,114.049026,recorder
20260827-022806_perlmutter_5bc126dd,ours_l01_s2_oracle_noshard_trace-610042_b8_k8_isolated,isolated,ours,1,0,l0_ms,80.328835,recorder
20260827-022806_perlmutter_5bc126dd,ours_l01_s2_oracle_noshard_trace-610042_b8_k8_isolated,isolated,ours,1,1,l0_ms,62.253887,recorder
20260827-022806_perlmutter_5bc126dd,ours_l01_s2_oracle_noshard_trace-610042_b8_k8_isolated,isolated,ours,1,2,l0_ms,66.290947,recorder
20260827-022806_perlmutter_5bc126dd,ours_l01_s2_oracle_noshard_trace-610042_b8_k8_isolated,isolated,ours,1,3,l0_ms,65.591362,recorder
20260827-022806_perlmutter_5bc126dd,ours_l01_s2_oracle_noshard_trace-610042_b8_k8_isolated,isolated,ours,1,4,l0_ms,67.837692,recorder
20260827-022806_perlmutter_5bc126dd,ours_l01_s2_oracle_noshard_trace-610042_b8_k8_isolated,isolated,ours,1,5,l0_ms,66.672386,recorder
20260827-022806_perlmutter_5bc126dd,ours_l01_s2_oracle_noshard_trace-610042_b8_k8_isolated,isolated,ours,1,6,l0_ms,60.201023,recorder
20260827-022806_perlmutter_5bc126dd,ours_l01_s2_oracle_noshard_trace-610042_b8_k8_isolated,isolated,ours,1,7,l0_ms,63.282753,recorder
20260827-022806_perlmutter_5bc126dd,ours_l01_s2_oracle_noshard_trace-610042_b8_k8_isolated,isolated,ours,1,8,l0_ms,65.25264,recorder
20260827-022806_perlmutter_5bc126dd,ours_l01_s2_oracle_noshard_trace-610042_b8_k8_isolated,isolated,ours,1,9,l0_ms,60.405823,recorder
20260827-022806_perlmutter_5bc126dd,ours_l01_s2_oracle_noshard_trace-610042_b8_k8_isolated,isolated,ours,1,0,act_ms,0.042336,recorder
20260827-022806_perlmutter_5bc126dd,ours_l01_s2_oracle_noshard_trace-610042_b8_k8_isolated,isolated,ours,1,1,act_ms,0.044896,recorder
20260827-022806_perlmutter_5bc126dd,ours_l01_s2_oracle_noshard_trace-610042_b8_k8_isolated,isolated,ours,1,2,act_ms,0.046816,recorder
20260827-022806_perlmutter_5bc126dd,ours_l01_s2_oracle_noshard_trace-610042_b8_k8_isolated,isolated,ours,1,3,act_ms,0.049632,recorder
20260827-022806_perlmutter_5bc126dd,ours_l01_s2_oracle_noshard_trace-610042_b8_k8_isolated,isolated,ours,1,4,act_ms,0.042912,recorder
20260827-022806_perlmutter_5bc126dd,ours_l01_s2_oracle_noshard_trace-610042_b8_k8_isolated,isolated,ours,1,5,act_ms,0.040544,recorder
20260827-022806_perlmutter_5bc126dd,ours_l01_s2_oracle_noshard_trace-610042_b8_k8_isolated,isolated,ours,1,6,act_ms,0.040672,recorder
20260827-022806_perlmutter_5bc126dd,ours_l01_s2_oracle_noshard_trace-610042_b8_k8_isolated,isolated,ours,1,7,act_ms,0.043648,recorder
20260827-022806_perlmutter_5bc126dd,ours_l01_s2_oracle_noshard_trace-610042_b8_k8_isolated,isolated,ours,1,8,act_ms,0.046048,recorder
20260827-022806_perlmutter_5bc126dd,ours_l01_s2_oracle_noshard_trace-610042_b8_k8_isolated,isolated,ours,1,9,act_ms,0.038688,recorder
20260827-022806_perlmutter_5bc126dd,ours_l01_s2_oracle_noshard_trace-610042_b8_k8_isolated,isolated,ours,1,0,l1_ms,36.403839,recorder
20260827-022806_perlmutter_5bc126dd,ours_l01_s2_oracle_noshard_trace-610042_b8_k8_isolated,isolated,ours,1,1,l1_ms,47.333694,recorder
20260827-022806_perlmutter_5bc126dd,ours_l01_s2_oracle_noshard_trace-610042_b8_k8_isolated,isolated,ours,1,2,l1_ms,46.922752,recorder
20260827-022806_perlmutter_5bc126dd,ours_l01_s2_oracle_noshard_trace-610042_b8_k8_isolated,isolated,ours,1,3,l1_ms,47.476768,recorder
20260827-022806_perlmutter_5bc126dd,ours_l01_s2_oracle_noshard_trace-610042_b8_k8_isolated,isolated,ours,1,4,l1_ms,42.22768,recorder
20260827-022806_perlmutter_5bc126dd,ours_l01_s2_oracle_noshard_trace-610042_b8_k8_isolated,isolated,ours,1,5,l1_ms,41.600258,recorder
20260827-022806_perlmutter_5bc126dd,ours_l01_s2_oracle_noshard_trace-610042_b8_k8_isolated,isolated,ours,1,6,l1_ms,50.170624,recorder
20260827-022806_perlmutter_5bc126dd,ours_l01_s2_oracle_noshard_trace-610042_b8_k8_isolated,isolated,ours,1,7,l1_ms,43.710369,recorder
20260827-022806_perlmutter_5bc126dd,ours_l01_s2_oracle_noshard_trace-610042_b8_k8_isolated,isolated,ours,1,8,l1_ms,46.861439,recorder
20260827-022806_perlmutter_5bc126dd,ours_l01_s2_oracle_noshard_trace-610042_b8_k8_isolated,isolated,ours,1,9,l1_ms,53.604511,recorder
20260827-022806_perlmutter_5bc126dd,ours_l01_s2_oracle_noshard_trace-610042_b8_k8_isolated,isolated,ours,1,0,plan_comm_ms,0.8568,recorder
20260827-022806_perlmutter_5bc126dd,ours_l01_s2_oracle_noshard_trace-610042_b8_k8_isolated,isolated,ours,1,1,plan_comm_ms,0.264224,recorder
20260827-022806_perlmutter_5bc126dd,ours_l01_s2_oracle_noshard_trace-610042_b8_k8_isolated,isolated,ours,1,2,plan_comm_ms,0.212672,recorder
20260827-022806_perlmutter_5bc126dd,ours_l01_s2_oracle_noshard_trace-610042_b8_k8_isolated,isolated,ours,1,3,plan_comm_ms,0.339616,recorder
20260827-022806_perlmutter_5bc126dd,ours_l01_s2_oracle_noshard_trace-610042_b8_k8_isolated,isolated,ours,1,4,plan_comm_ms,0.265792,recorder
20260827-022806_perlmutter_5bc126dd,ours_l01_s2_oracle_noshard_trace-610042_b8_k8_isolated,isolated,ours,1,5,plan_comm_ms,0.212256,recorder
20260827-022806_perlmutter_5bc126dd,ours_l01_s2_oracle_noshard_trace-610042_b8_k8_isolated,isolated,ours,1,6,plan_comm_ms,0.569952,recorder
20260827-022806_perlmutter_5bc126dd,ours_l01_s2_oracle_noshard_trace-610042_b8_k8_isolated,isolated,ours,1,7,plan_comm_ms,0.282368,recorder
20260827-022806_perlmutter_5bc126dd,ours_l01_s2_oracle_noshard_trace-610042_b8_k8_isolated,isolated,ours,1,8,plan_comm_ms,0.772736,recorder
20260827-022806_perlmutter_5bc126dd,ours_l01_s2_oracle_noshard_trace-610042_b8_k8_isolated,isolated,ours,1,9,plan_comm_ms,0.254208,recorder
20260827-022806_perlmutter_5bc126dd,ours_l01_s2_oracle_noshard_trace-610042_b8_k8_isolated,isolated,ours,1,0,place_ms,4.133856,recorder
20260827-022806_perlmutter_5bc126dd,ours_l01_s2_oracle_noshard_trace-610042_b8_k8_isolated,isolated,ours,1,1,place_ms,4.25488,recorder
20260827-022806_perlmutter_5bc126dd,ours_l01_s2_oracle_noshard_trace-610042_b8_k8_isolated,isolated,ours,1,2,place_ms,4.230432,recorder
20260827-022806_perlmutter_5bc126dd,ours_l01_s2_oracle_noshard_trace-610042_b8_k8_isolated,isolated,ours,1,3,place_ms,3.893568,recorder
20260827-022806_perlmutter_5bc126dd,ours_l01_s2_oracle_noshard_trace-610042_b8_k8_isolated,isolated,ours,1,4,place_ms,4.272256,recorder
20260827-022806_perlmutter_5bc126dd,ours_l01_s2_oracle_noshard_trace-610042_b8_k8_isolated,isolated,ours,1,5,place_ms,4.183776,recorder
20260827-022806_perlmutter_5bc126dd,ours_l01_s2_oracle_noshard_trace-610042_b8_k8_isolated,isolated,ours,1,6,place_ms,4.4112,recorder
20260827-022806_perlmutter_5bc126dd,ours_l01_s2_oracle_noshard_trace-610042_b8_k8_isolated,isolated,ours,1,7,place_ms,4.161344,recorder
20260827-022806_perlmutter_5bc126dd,ours_l01_s2_oracle_noshard_trace-610042_b8_k8_isolated,isolated,ours,1,8,place_ms,3.929088,recorder
20260827-022806_perlmutter_5bc126dd,ours_l01_s2_oracle_noshard_trace-610042_b8_k8_isolated,isolated,ours,1,9,place_ms,4.791744,recorder
20260827-022806_perlmutter_5bc126dd,ours_l01_s2_oracle_noshard_trace-610042_b8_k8_isolated,isolated,ours,1,0,plan_ms,3.042336,recorder
20260827-022806_perlmutter_5bc126dd,ours_l01_s2_oracle_noshard_trace-610042_b8_k8_isolated,isolated,ours,1,1,plan_ms,2.349952,recorder
20260827-022806_perlmutter_5bc126dd,ours_l01_s2_oracle_noshard_trace-610042_b8_k8_isolated,isolated,ours,1,2,plan_ms,2.268384,recorder
20260827-022806_perlmutter_5bc126dd,ours_l01_s2_oracle_noshard_trace-610042_b8_k8_isolated,isolated,ours,1,3,plan_ms,2.364352,recorder
20260827-022806_perlmutter_5bc126dd,ours_l01_s2_oracle_noshard_trace-610042_b8_k8_isolated,isolated,ours,1,4,plan_ms,2.149312,recorder
20260827-022806_perlmutter_5bc126dd,ours_l01_s2_oracle_noshard_trace-610042_b8_k8_isolated,isolated,ours,1,5,plan_ms,1.861472,recorder
20260827-022806_perlmutter_5bc126dd,ours_l01_s2_oracle_noshard_trace-610042_b8_k8_isolated,isolated,ours,1,6,plan_ms,2.117088,recorder
20260827-022806_perlmutter_5bc126dd,ours_l01_s2_oracle_noshard_trace-610042_b8_k8_isolated,isolated,ours,1,7,plan_ms,2.224032,recorder
20260827-022806_perlmutter_5bc126dd,ours_l01_s2_oracle_noshard_trace-610042_b8_k8_isolated,isolated,ours,1,8,plan_ms,2.240032,recorder
20260827-022806_perlmutter_5bc126dd,ours_l01_s2_oracle_noshard_trace-610042_b8_k8_isolated,isolated,ours,1,9,plan_ms,1.733472,recorder
20260827-022806_perlmutter_5bc126dd,ours_l01_s2_oracle_noshard_trace-610042_b8_k8_isolated,isolated,ours,1,0,total_ms,124.823616,recorder
20260827-022806_perlmutter_5bc126dd,ours_l01_s2_oracle_noshard_trace-610042_b8_k8_isolated,isolated,ours,1,1,total_ms,116.515228,recorder
20260827-022806_perlmutter_5bc126dd,ours_l01_s2_oracle_noshard_trace-610042_b8_k8_isolated,isolated,ours,1,2,total_ms,119.986916,recorder
20260827-022806_perlmutter_5bc126dd,ours_l01_s2_oracle_noshard_trace-610042_b8_k8_isolated,isolated,ours,1,3,total_ms,119.73008,recorder
20260827-022806_perlmutter_5bc126dd,ours_l01_s2_oracle_noshard_trace-610042_b8_k8_isolated,isolated,ours,1,4,total_ms,116.810432,recorder
20260827-022806_perlmutter_5bc126dd,ours_l01_s2_oracle_noshard_trace-610042_b8_k8_isolated,isolated,ours,1,5,total_ms,114.58474,recorder
20260827-022806_perlmutter_5bc126dd,ours_l01_s2_oracle_noshard_trace-610042_b8_k8_isolated,isolated,ours,1,6,total_ms,117.524284,recorder
20260827-022806_perlmutter_5bc126dd,ours_l01_s2_oracle_noshard_trace-610042_b8_k8_isolated,isolated,ours,1,7,total_ms,113.718781,recorder
20260827-022806_perlmutter_5bc126dd,ours_l01_s2_oracle_noshard_trace-610042_b8_k8_isolated,isolated,ours,1,8,total_ms,119.115906,recorder
20260827-022806_perlmutter_5bc126dd,ours_l01_s2_oracle_noshard_trace-610042_b8_k8_isolated,isolated,ours,1,9,total_ms,120.84243,recorder
20260827-022806_perlmutter_5bc126dd,ours_l01_s2_oracle_noshard_trace-610042_b8_k8_isolated,isolated,ours,1,0,iso_sync_ms,0.957768,recorder
20260827-022806_perlmutter_5bc126dd,ours_l01_s2_oracle_noshard_trace-610042_b8_k8_isolated,isolated,ours,1,1,iso_sync_ms,0.517158,recorder
20260827-022806_perlmutter_5bc126dd,ours_l01_s2_oracle_noshard_trace-610042_b8_k8_isolated,isolated,ours,1,2,iso_sync_ms,0.201228,recorder
20260827-022806_perlmutter_5bc126dd,ours_l01_s2_oracle_noshard_trace-610042_b8_k8_isolated,isolated,ours,1,3,iso_sync_ms,0.563829,recorder
20260827-022806_perlmutter_5bc126dd,ours_l01_s2_oracle_noshard_trace-610042_b8_k8_isolated,isolated,ours,1,4,iso_sync_ms,0.532187,recorder
20260827-022806_perlmutter_5bc126dd,ours_l01_s2_oracle_noshard_trace-610042_b8_k8_isolated,isolated,ours,1,5,iso_sync_ms,0.843899,recorder
20260827-022806_perlmutter_5bc126dd,ours_l01_s2_oracle_noshard_trace-610042_b8_k8_isolated,isolated,ours,1,6,iso_sync_ms,0.488462,recorder
20260827-022806_perlmutter_5bc126dd,ours_l01_s2_oracle_noshard_trace-610042_b8_k8_isolated,isolated,ours,1,7,iso_sync_ms,0.456161,recorder
20260827-022806_perlmutter_5bc126dd,ours_l01_s2_oracle_noshard_trace-610042_b8_k8_isolated,isolated,ours,1,8,iso_sync_ms,1.048674,recorder
20260827-022806_perlmutter_5bc126dd,ours_l01_s2_oracle_noshard_trace-610042_b8_k8_isolated,isolated,ours,1,9,iso_sync_ms,1.105203,recorder
20260827-022806_perlmutter_5bc126dd,ours_l01_s2_oracle_noshard_trace-610042_b8_k8_isolated,isolated,ours,2,0,e2e_ms,116.757759,recorder
20260827-022806_perlmutter_5bc126dd,ours_l01_s2_oracle_noshard_trace-610042_b8_k8_isolated,isolated,ours,2,1,e2e_ms,109.67469,recorder
20260827-022806_perlmutter_5bc126dd,ours_l01_s2_oracle_noshard_trace-610042_b8_k8_isolated,isolated,ours,2,2,e2e_ms,113.24202,recorder
20260827-022806_perlmutter_5bc126dd,ours_l01_s2_oracle_noshard_trace-610042_b8_k8_isolated,isolated,ours,2,3,e2e_ms,113.118851,recorder
20260827-022806_perlmutter_5bc126dd,ours_l01_s2_oracle_noshard_trace-610042_b8_k8_isolated,isolated,ours,2,4,e2e_ms,110.078529,recorder
20260827-022806_perlmutter_5bc126dd,ours_l01_s2_oracle_noshard_trace-610042_b8_k8_isolated,isolated,ours,2,5,e2e_ms,108.314819,recorder
20260827-022806_perlmutter_5bc126dd,ours_l01_s2_oracle_noshard_trace-610042_b8_k8_isolated,isolated,ours,2,6,e2e_ms,110.382141,recorder
20260827-022806_perlmutter_5bc126dd,ours_l01_s2_oracle_noshard_trace-610042_b8_k8_isolated,isolated,ours,2,7,e2e_ms,107.019646,recorder
20260827-022806_perlmutter_5bc126dd,ours_l01_s2_oracle_noshard_trace-610042_b8_k8_isolated,isolated,ours,2,8,e2e_ms,111.934052,recorder
20260827-022806_perlmutter_5bc126dd,ours_l01_s2_oracle_noshard_trace-610042_b8_k8_isolated,isolated,ours,2,9,e2e_ms,113.703293,recorder
20260827-022806_perlmutter_5bc126dd,ours_l01_s2_oracle_noshard_trace-610042_b8_k8_isolated,isolated,ours,2,0,l0_ms,71.052544,recorder
20260827-022806_perlmutter_5bc126dd,ours_l01_s2_oracle_noshard_trace-610042_b8_k8_isolated,isolated,ours,2,1,l0_ms,60.833889,recorder
20260827-022806_perlmutter_5bc126dd,ours_l01_s2_oracle_noshard_trace-610042_b8_k8_isolated,isolated,ours,2,2,l0_ms,67.79277,recorder
20260827-022806_perlmutter_5bc126dd,ours_l01_s2_oracle_noshard_trace-610042_b8_k8_isolated,isolated,ours,2,3,l0_ms,63.447296,recorder
20260827-022806_perlmutter_5bc126dd,ours_l01_s2_oracle_noshard_trace-610042_b8_k8_isolated,isolated,ours,2,4,l0_ms,65.122627,recorder
20260827-022806_perlmutter_5bc126dd,ours_l01_s2_oracle_noshard_trace-610042_b8_k8_isolated,isolated,ours,2,5,l0_ms,66.807869,recorder
20260827-022806_perlmutter_5bc126dd,ours_l01_s2_oracle_noshard_trace-610042_b8_k8_isolated,isolated,ours,2,6,l0_ms,61.972992,recorder
20260827-022806_perlmutter_5bc126dd,ours_l01_s2_oracle_noshard_trace-610042_b8_k8_isolated,isolated,ours,2,7,l0_ms,61.028,recorder
20260827-022806_perlmutter_5bc126dd,ours_l01_s2_oracle_noshard_trace-610042_b8_k8_isolated,isolated,ours,2,8,l0_ms,64.435837,recorder
20260827-022806_perlmutter_5bc126dd,ours_l01_s2_oracle_noshard_trace-610042_b8_k8_isolated,isolated,ours,2,9,l0_ms,58.634079,recorder
20260827-022806_perlmutter_5bc126dd,ours_l01_s2_oracle_noshard_trace-610042_b8_k8_isolated,isolated,ours,2,0,act_ms,0.0464,recorder
20260827-022806_perlmutter_5bc126dd,ours_l01_s2_oracle_noshard_trace-610042_b8_k8_isolated,isolated,ours,2,1,act_ms,0.044064,recorder
20260827-022806_perlmutter_5bc126dd,ours_l01_s2_oracle_noshard_trace-610042_b8_k8_isolated,isolated,ours,2,2,act_ms,0.049024,recorder
20260827-022806_perlmutter_5bc126dd,ours_l01_s2_oracle_noshard_trace-610042_b8_k8_isolated,isolated,ours,2,3,act_ms,0.04656,recorder
20260827-022806_perlmutter_5bc126dd,ours_l01_s2_oracle_noshard_trace-610042_b8_k8_isolated,isolated,ours,2,4,act_ms,0.0464,recorder
20260827-022806_perlmutter_5bc126dd,ours_l01_s2_oracle_noshard_trace-610042_b8_k8_isolated,isolated,ours,2,5,act_ms,0.041312,recorder
20260827-022806_perlmutter_5bc126dd,ours_l01_s2_oracle_noshard_trace-610042_b8_k8_isolated,isolated,ours,2,6,act_ms,0.041088,recorder
20260827-022806_perlmutter_5bc126dd,ours_l01_s2_oracle_noshard_trace-610042_b8_k8_isolated,isolated,ours,2,7,act_ms,0.046304,recorder
20260827-022806_perlmutter_5bc126dd,ours_l01_s2_oracle_noshard_trace-610042_b8_k8_isolated,isolated,ours,2,8,act_ms,0.046528,recorder
20260827-022806_perlmutter_5bc126dd,ours_l01_s2_oracle_noshard_trace-610042_b8_k8_isolated,isolated,ours,2,9,act_ms,0.043488,recorder
20260827-022806_perlmutter_5bc126dd,ours_l01_s2_oracle_noshard_trace-610042_b8_k8_isolated,isolated,ours,2,0,l1_ms,45.658817,recorder
20260827-022806_perlmutter_5bc126dd,ours_l01_s2_oracle_noshard_trace-610042_b8_k8_isolated,isolated,ours,2,1,l1_ms,48.796738,recorder
20260827-022806_perlmutter_5bc126dd,ours_l01_s2_oracle_noshard_trace-610042_b8_k8_isolated,isolated,ours,2,2,l1_ms,45.400223,recorder
20260827-022806_perlmutter_5bc126dd,ours_l01_s2_oracle_noshard_trace-610042_b8_k8_isolated,isolated,ours,2,3,l1_ms,49.624992,recorder
20260827-022806_perlmutter_5bc126dd,ours_l01_s2_oracle_noshard_trace-610042_b8_k8_isolated,isolated,ours,2,4,l1_ms,44.909504,recorder
20260827-022806_perlmutter_5bc126dd,ours_l01_s2_oracle_noshard_trace-610042_b8_k8_isolated,isolated,ours,2,5,l1_ms,41.465633,recorder
20260827-022806_perlmutter_5bc126dd,ours_l01_s2_oracle_noshard_trace-610042_b8_k8_isolated,isolated,ours,2,6,l1_ms,48.368065,recorder
20260827-022806_perlmutter_5bc126dd,ours_l01_s2_oracle_noshard_trace-610042_b8_k8_isolated,isolated,ours,2,7,l1_ms,45.945343,recorder
20260827-022806_perlmutter_5bc126dd,ours_l01_s2_oracle_noshard_trace-610042_b8_k8_isolated,isolated,ours,2,8,l1_ms,47.451679,recorder
20260827-022806_perlmutter_5bc126dd,ours_l01_s2_oracle_noshard_trace-610042_b8_k8_isolated,isolated,ours,2,9,l1_ms,55.025726,recorder
20260827-022806_perlmutter_5bc126dd,ours_l01_s2_oracle_noshard_trace-610042_b8_k8_isolated,isolated,ours,2,0,plan_comm_ms,0.85488,recorder
20260827-022806_perlmutter_5bc126dd,ours_l01_s2_oracle_noshard_trace-610042_b8_k8_isolated,isolated,ours,2,1,plan_comm_ms,0.262816,recorder
20260827-022806_perlmutter_5bc126dd,ours_l01_s2_oracle_noshard_trace-610042_b8_k8_isolated,isolated,ours,2,2,plan_comm_ms,0.207872,recorder
20260827-022806_perlmutter_5bc126dd,ours_l01_s2_oracle_noshard_trace-610042_b8_k8_isolated,isolated,ours,2,3,plan_comm_ms,0.338944,recorder
20260827-022806_perlmutter_5bc126dd,ours_l01_s2_oracle_noshard_trace-610042_b8_k8_isolated,isolated,ours,2,4,plan_comm_ms,0.263072,recorder
20260827-022806_perlmutter_5bc126dd,ours_l01_s2_oracle_noshard_trace-610042_b8_k8_isolated,isolated,ours,2,5,plan_comm_ms,0.207968,recorder
20260827-022806_perlmutter_5bc126dd,ours_l01_s2_oracle_noshard_trace-610042_b8_k8_isolated,isolated,ours,2,6,plan_comm_ms,0.603232,recorder
20260827-022806_perlmutter_5bc126dd,ours_l01_s2_oracle_noshard_trace-610042_b8_k8_isolated,isolated,ours,2,7,plan_comm_ms,0.286176,recorder
20260827-022806_perlmutter_5bc126dd,ours_l01_s2_oracle_noshard_trace-610042_b8_k8_isolated,isolated,ours,2,8,plan_comm_ms,0.696992,recorder
20260827-022806_perlmutter_5bc126dd,ours_l01_s2_oracle_noshard_trace-610042_b8_k8_isolated,isolated,ours,2,9,plan_comm_ms,0.292864,recorder
20260827-022806_perlmutter_5bc126dd,ours_l01_s2_oracle_noshard_trace-610042_b8_k8_isolated,isolated,ours,2,0,place_ms,4.211584,recorder
20260827-022806_perlmutter_5bc126dd,ours_l01_s2_oracle_noshard_trace-610042_b8_k8_isolated,isolated,ours,2,1,place_ms,4.241984,recorder
20260827-022806_perlmutter_5bc126dd,ours_l01_s2_oracle_noshard_trace-610042_b8_k8_isolated,isolated,ours,2,2,place_ms,4.278848,recorder
20260827-022806_perlmutter_5bc126dd,ours_l01_s2_oracle_noshard_trace-610042_b8_k8_isolated,isolated,ours,2,3,place_ms,3.968512,recorder
20260827-022806_perlmutter_5bc126dd,ours_l01_s2_oracle_noshard_trace-610042_b8_k8_isolated,isolated,ours,2,4,place_ms,4.213536,recorder
20260827-022806_perlmutter_5bc126dd,ours_l01_s2_oracle_noshard_trace-610042_b8_k8_isolated,isolated,ours,2,5,place_ms,4.243584,recorder
20260827-022806_perlmutter_5bc126dd,ours_l01_s2_oracle_noshard_trace-610042_b8_k8_isolated,isolated,ours,2,6,place_ms,4.15808,recorder
20260827-022806_perlmutter_5bc126dd,ours_l01_s2_oracle_noshard_trace-610042_b8_k8_isolated,isolated,ours,2,7,place_ms,4.174048,recorder
20260827-022806_perlmutter_5bc126dd,ours_l01_s2_oracle_noshard_trace-610042_b8_k8_isolated,isolated,ours,2,8,place_ms,4.507808,recorder
20260827-022806_perlmutter_5bc126dd,ours_l01_s2_oracle_noshard_trace-610042_b8_k8_isolated,isolated,ours,2,9,place_ms,4.133408,recorder
20260827-022806_perlmutter_5bc126dd,ours_l01_s2_oracle_noshard_trace-610042_b8_k8_isolated,isolated,ours,2,0,plan_ms,2.983936,recorder
20260827-022806_perlmutter_5bc126dd,ours_l01_s2_oracle_noshard_trace-610042_b8_k8_isolated,isolated,ours,2,1,plan_ms,2.319808,recorder
20260827-022806_perlmutter_5bc126dd,ours_l01_s2_oracle_noshard_trace-610042_b8_k8_isolated,isolated,ours,2,2,plan_ms,2.243424,recorder
20260827-022806_perlmutter_5bc126dd,ours_l01_s2_oracle_noshard_trace-610042_b8_k8_isolated,isolated,ours,2,3,plan_ms,2.29392,recorder
20260827-022806_perlmutter_5bc126dd,ours_l01_s2_oracle_noshard_trace-610042_b8_k8_isolated,isolated,ours,2,4,plan_ms,2.249376,recorder
20260827-022806_perlmutter_5bc126dd,ours_l01_s2_oracle_noshard_trace-610042_b8_k8_isolated,isolated,ours,2,5,plan_ms,1.80832,recorder
20260827-022806_perlmutter_5bc126dd,ours_l01_s2_oracle_noshard_trace-610042_b8_k8_isolated,isolated,ours,2,6,plan_ms,2.302624,recorder
20260827-022806_perlmutter_5bc126dd,ours_l01_s2_oracle_noshard_trace-610042_b8_k8_isolated,isolated,ours,2,7,plan_ms,2.237632,recorder
20260827-022806_perlmutter_5bc126dd,ours_l01_s2_oracle_noshard_trace-610042_b8_k8_isolated,isolated,ours,2,8,plan_ms,1.895104,recorder
20260827-022806_perlmutter_5bc126dd,ours_l01_s2_oracle_noshard_trace-610042_b8_k8_isolated,isolated,ours,2,9,plan_ms,2.743776,recorder
20260827-022806_perlmutter_5bc126dd,ours_l01_s2_oracle_noshard_trace-610042_b8_k8_isolated,isolated,ours,2,0,total_ms,124.822525,recorder
20260827-022806_perlmutter_5bc126dd,ours_l01_s2_oracle_noshard_trace-610042_b8_k8_isolated,isolated,ours,2,1,total_ms,116.513924,recorder
20260827-022806_perlmutter_5bc126dd,ours_l01_s2_oracle_noshard_trace-610042_b8_k8_isolated,isolated,ours,2,2,total_ms,119.986786,recorder
20260827-022806_perlmutter_5bc126dd,ours_l01_s2_oracle_noshard_trace-610042_b8_k8_isolated,isolated,ours,2,3,total_ms,119.734467,recorder
20260827-022806_perlmutter_5bc126dd,ours_l01_s2_oracle_noshard_trace-610042_b8_k8_isolated,isolated,ours,2,4,total_ms,116.819008,recorder
20260827-022806_perlmutter_5bc126dd,ours_l01_s2_oracle_noshard_trace-610042_b8_k8_isolated,isolated,ours,2,5,total_ms,114.588318,recorder
20260827-022806_perlmutter_5bc126dd,ours_l01_s2_oracle_noshard_trace-610042_b8_k8_isolated,isolated,ours,2,6,total_ms,117.459297,recorder
20260827-022806_perlmutter_5bc126dd,ours_l01_s2_oracle_noshard_trace-610042_b8_k8_isolated,isolated,ours,2,7,total_ms,113.73037,recorder
20260827-022806_perlmutter_5bc126dd,ours_l01_s2_oracle_noshard_trace-610042_b8_k8_isolated,isolated,ours,2,8,total_ms,119.048286,recorder
20260827-022806_perlmutter_5bc126dd,ours_l01_s2_oracle_noshard_trace-610042_b8_k8_isolated,isolated,ours,2,9,total_ms,120.885918,recorder
20260827-022806_perlmutter_5bc126dd,ours_l01_s2_oracle_noshard_trace-610042_b8_k8_isolated,isolated,ours,2,0,iso_sync_ms,0.96382,recorder
20260827-022806_perlmutter_5bc126dd,ours_l01_s2_oracle_noshard_trace-610042_b8_k8_isolated,isolated,ours,2,1,iso_sync_ms,0.529853,recorder
20260827-022806_perlmutter_5bc126dd,ours_l01_s2_oracle_noshard_trace-610042_b8_k8_isolated,isolated,ours,2,2,iso_sync_ms,0.215646,recorder
20260827-022806_perlmutter_5bc126dd,ours_l01_s2_oracle_noshard_trace-610042_b8_k8_isolated,isolated,ours,2,3,iso_sync_ms,0.573067,recorder
20260827-022806_perlmutter_5bc126dd,ours_l01_s2_oracle_noshard_trace-610042_b8_k8_isolated,isolated,ours,2,4,iso_sync_ms,0.548018,recorder
20260827-022806_perlmutter_5bc126dd,ours_l01_s2_oracle_noshard_trace-610042_b8_k8_isolated,isolated,ours,2,5,iso_sync_ms,0.846293,recorder
20260827-022806_perlmutter_5bc126dd,ours_l01_s2_oracle_noshard_trace-610042_b8_k8_isolated,isolated,ours,2,6,iso_sync_ms,0.691705,recorder
20260827-022806_perlmutter_5bc126dd,ours_l01_s2_oracle_noshard_trace-610042_b8_k8_isolated,isolated,ours,2,7,iso_sync_ms,0.568497,recorder
20260827-022806_perlmutter_5bc126dd,ours_l01_s2_oracle_noshard_trace-610042_b8_k8_isolated,isolated,ours,2,8,iso_sync_ms,0.365124,recorder
20260827-022806_perlmutter_5bc126dd,ours_l01_s2_oracle_noshard_trace-610042_b8_k8_isolated,isolated,ours,2,9,iso_sync_ms,1.334346,recorder
20260827-022806_perlmutter_5bc126dd,ours_l01_s2_oracle_noshard_trace-610042_b8_k8_isolated,isolated,ours,3,0,e2e_ms,116.78093,recorder
20260827-022806_perlmutter_5bc126dd,ours_l01_s2_oracle_noshard_trace-610042_b8_k8_isolated,isolated,ours,3,1,e2e_ms,109.647011,recorder
20260827-022806_perlmutter_5bc126dd,ours_l01_s2_oracle_noshard_trace-610042_b8_k8_isolated,isolated,ours,3,2,e2e_ms,113.249886,recorder
20260827-022806_perlmutter_5bc126dd,ours_l01_s2_oracle_noshard_trace-610042_b8_k8_isolated,isolated,ours,3,3,e2e_ms,113.118942,recorder
20260827-022806_perlmutter_5bc126dd,ours_l01_s2_oracle_noshard_trace-610042_b8_k8_isolated,isolated,ours,3,4,e2e_ms,109.986656,recorder
20260827-022806_perlmutter_5bc126dd,ours_l01_s2_oracle_noshard_trace-610042_b8_k8_isolated,isolated,ours,3,5,e2e_ms,108.316444,recorder
20260827-022806_perlmutter_5bc126dd,ours_l01_s2_oracle_noshard_trace-610042_b8_k8_isolated,isolated,ours,3,6,e2e_ms,110.35437,recorder
20260827-022806_perlmutter_5bc126dd,ours_l01_s2_oracle_noshard_trace-610042_b8_k8_isolated,isolated,ours,3,7,e2e_ms,107.014946,recorder
20260827-022806_perlmutter_5bc126dd,ours_l01_s2_oracle_noshard_trace-610042_b8_k8_isolated,isolated,ours,3,8,e2e_ms,112.071587,recorder
20260827-022806_perlmutter_5bc126dd,ours_l01_s2_oracle_noshard_trace-610042_b8_k8_isolated,isolated,ours,3,9,e2e_ms,113.715935,recorder
20260827-022806_perlmutter_5bc126dd,ours_l01_s2_oracle_noshard_trace-610042_b8_k8_isolated,isolated,ours,3,0,l0_ms,77.846909,recorder
20260827-022806_perlmutter_5bc126dd,ours_l01_s2_oracle_noshard_trace-610042_b8_k8_isolated,isolated,ours,3,1,l0_ms,60.888832,recorder
20260827-022806_perlmutter_5bc126dd,ours_l01_s2_oracle_noshard_trace-610042_b8_k8_isolated,isolated,ours,3,2,l0_ms,67.21962,recorder
20260827-022806_perlmutter_5bc126dd,ours_l01_s2_oracle_noshard_trace-610042_b8_k8_isolated,isolated,ours,3,3,l0_ms,63.477921,recorder
20260827-022806_perlmutter_5bc126dd,ours_l01_s2_oracle_noshard_trace-610042_b8_k8_isolated,isolated,ours,3,4,l0_ms,65.075363,recorder
20260827-022806_perlmutter_5bc126dd,ours_l01_s2_oracle_noshard_trace-610042_b8_k8_isolated,isolated,ours,3,5,l0_ms,69.654243,recorder
20260827-022806_perlmutter_5bc126dd,ours_l01_s2_oracle_noshard_trace-610042_b8_k8_isolated,isolated,ours,3,6,l0_ms,59.610847,recorder
20260827-022806_perlmutter_5bc126dd,ours_l01_s2_oracle_noshard_trace-610042_b8_k8_isolated,isolated,ours,3,7,l0_ms,59.133858,recorder
20260827-022806_perlmutter_5bc126dd,ours_l01_s2_oracle_noshard_trace-610042_b8_k8_isolated,isolated,ours,3,8,l0_ms,64.61216,recorder
20260827-022806_perlmutter_5bc126dd,ours_l01_s2_oracle_noshard_trace-610042_b8_k8_isolated,isolated,ours,3,9,l0_ms,63.934143,recorder
20260827-022806_perlmutter_5bc126dd,ours_l01_s2_oracle_noshard_trace-610042_b8_k8_isolated,isolated,ours,3,0,act_ms,0.036544,recorder
20260827-022806_perlmutter_5bc126dd,ours_l01_s2_oracle_noshard_trace-610042_b8_k8_isolated,isolated,ours,3,1,act_ms,0.046176,recorder
20260827-022806_perlmutter_5bc126dd,ours_l01_s2_oracle_noshard_trace-610042_b8_k8_isolated,isolated,ours,3,2,act_ms,0.038496,recorder
20260827-022806_perlmutter_5bc126dd,ours_l01_s2_oracle_noshard_trace-610042_b8_k8_isolated,isolated,ours,3,3,act_ms,0.0488,recorder
20260827-022806_perlmutter_5bc126dd,ours_l01_s2_oracle_noshard_trace-610042_b8_k8_isolated,isolated,ours,3,4,act_ms,0.04176,recorder
20260827-022806_perlmutter_5bc126dd,ours_l01_s2_oracle_noshard_trace-610042_b8_k8_isolated,isolated,ours,3,5,act_ms,0.047008,recorder
20260827-022806_perlmutter_5bc126dd,ours_l01_s2_oracle_noshard_trace-610042_b8_k8_isolated,isolated,ours,3,6,act_ms,0.040384,recorder
20260827-022806_perlmutter_5bc126dd,ours_l01_s2_oracle_noshard_trace-610042_b8_k8_isolated,isolated,ours,3,7,act_ms,0.045824,recorder
20260827-022806_perlmutter_5bc126dd,ours_l01_s2_oracle_noshard_trace-610042_b8_k8_isolated,isolated,ours,3,8,act_ms,0.04928,recorder
20260827-022806_perlmutter_5bc126dd,ours_l01_s2_oracle_noshard_trace-610042_b8_k8_isolated,isolated,ours,3,9,act_ms,0.046784,recorder
20260827-022806_perlmutter_5bc126dd,ours_l01_s2_oracle_noshard_trace-610042_b8_k8_isolated,isolated,ours,3,0,l1_ms,38.897472,recorder
20260827-022806_perlmutter_5bc126dd,ours_l01_s2_oracle_noshard_trace-610042_b8_k8_isolated,isolated,ours,3,1,l1_ms,48.712002,recorder
20260827-022806_perlmutter_5bc126dd,ours_l01_s2_oracle_noshard_trace-610042_b8_k8_isolated,isolated,ours,3,2,l1_ms,45.991776,recorder
20260827-022806_perlmutter_5bc126dd,ours_l01_s2_oracle_noshard_trace-610042_b8_k8_isolated,isolated,ours,3,3,l1_ms,49.592224,recorder
20260827-022806_perlmutter_5bc126dd,ours_l01_s2_oracle_noshard_trace-610042_b8_k8_isolated,isolated,ours,3,4,l1_ms,44.869537,recorder
20260827-022806_perlmutter_5bc126dd,ours_l01_s2_oracle_noshard_trace-610042_b8_k8_isolated,isolated,ours,3,5,l1_ms,38.6152,recorder
20260827-022806_perlmutter_5bc126dd,ours_l01_s2_oracle_noshard_trace-610042_b8_k8_isolated,isolated,ours,3,6,l1_ms,50.703136,recorder
20260827-022806_perlmutter_5bc126dd,ours_l01_s2_oracle_noshard_trace-610042_b8_k8_isolated,isolated,ours,3,7,l1_ms,47.835262,recorder
20260827-022806_perlmutter_5bc126dd,ours_l01_s2_oracle_noshard_trace-610042_b8_k8_isolated,isolated,ours,3,8,l1_ms,47.410145,recorder
20260827-022806_perlmutter_5bc126dd,ours_l01_s2_oracle_noshard_trace-610042_b8_k8_isolated,isolated,ours,3,9,l1_ms,49.735008,recorder
20260827-022806_perlmutter_5bc126dd,ours_l01_s2_oracle_noshard_trace-610042_b8_k8_isolated,isolated,ours,3,0,plan_comm_ms,0.350816,recorder
20260827-022806_perlmutter_5bc126dd,ours_l01_s2_oracle_noshard_trace-610042_b8_k8_isolated,isolated,ours,3,1,plan_comm_ms,0.19968,recorder
20260827-022806_perlmutter_5bc126dd,ours_l01_s2_oracle_noshard_trace-610042_b8_k8_isolated,isolated,ours,3,2,plan_comm_ms,0.19968,recorder
20260827-022806_perlmutter_5bc126dd,ours_l01_s2_oracle_noshard_trace-610042_b8_k8_isolated,isolated,ours,3,3,plan_comm_ms,0.2848,recorder
20260827-022806_perlmutter_5bc126dd,ours_l01_s2_oracle_noshard_trace-610042_b8_k8_isolated,isolated,ours,3,4,plan_comm_ms,0.235712,recorder
20260827-022806_perlmutter_5bc126dd,ours_l01_s2_oracle_noshard_trace-610042_b8_k8_isolated,isolated,ours,3,5,plan_comm_ms,0.195296,recorder
20260827-022806_perlmutter_5bc126dd,ours_l01_s2_oracle_noshard_trace-610042_b8_k8_isolated,isolated,ours,3,6,plan_comm_ms,0.572352,recorder
20260827-022806_perlmutter_5bc126dd,ours_l01_s2_oracle_noshard_trace-610042_b8_k8_isolated,isolated,ours,3,7,plan_comm_ms,0.28112,recorder
20260827-022806_perlmutter_5bc126dd,ours_l01_s2_oracle_noshard_trace-610042_b8_k8_isolated,isolated,ours,3,8,plan_comm_ms,0.728672,recorder
20260827-022806_perlmutter_5bc126dd,ours_l01_s2_oracle_noshard_trace-610042_b8_k8_isolated,isolated,ours,3,9,plan_comm_ms,0.290848,recorder
20260827-022806_perlmutter_5bc126dd,ours_l01_s2_oracle_noshard_trace-610042_b8_k8_isolated,isolated,ours,3,0,place_ms,4.323264,recorder
20260827-022806_perlmutter_5bc126dd,ours_l01_s2_oracle_noshard_trace-610042_b8_k8_isolated,isolated,ours,3,1,place_ms,4.374912,recorder
20260827-022806_perlmutter_5bc126dd,ours_l01_s2_oracle_noshard_trace-610042_b8_k8_isolated,isolated,ours,3,2,place_ms,4.32208,recorder
20260827-022806_perlmutter_5bc126dd,ours_l01_s2_oracle_noshard_trace-610042_b8_k8_isolated,isolated,ours,3,3,place_ms,4.050816,recorder
20260827-022806_perlmutter_5bc126dd,ours_l01_s2_oracle_noshard_trace-610042_b8_k8_isolated,isolated,ours,3,4,place_ms,4.722816,recorder
20260827-022806_perlmutter_5bc126dd,ours_l01_s2_oracle_noshard_trace-610042_b8_k8_isolated,isolated,ours,3,5,place_ms,4.3624,recorder
20260827-022806_perlmutter_5bc126dd,ours_l01_s2_oracle_noshard_trace-610042_b8_k8_isolated,isolated,ours,3,6,place_ms,4.422272,recorder
20260827-022806_perlmutter_5bc126dd,ours_l01_s2_oracle_noshard_trace-610042_b8_k8_isolated,isolated,ours,3,7,place_ms,4.231168,recorder
20260827-022806_perlmutter_5bc126dd,ours_l01_s2_oracle_noshard_trace-610042_b8_k8_isolated,isolated,ours,3,8,place_ms,4.390144,recorder
20260827-022806_perlmutter_5bc126dd,ours_l01_s2_oracle_noshard_trace-610042_b8_k8_isolated,isolated,ours,3,9,place_ms,4.222464,recorder
20260827-022806_perlmutter_5bc126dd,ours_l01_s2_oracle_noshard_trace-610042_b8_k8_isolated,isolated,ours,3,0,plan_ms,3.361504,recorder
20260827-022806_perlmutter_5bc126dd,ours_l01_s2_oracle_noshard_trace-610042_b8_k8_isolated,isolated,ours,3,1,plan_ms,2.28368,recorder
20260827-022806_perlmutter_5bc126dd,ours_l01_s2_oracle_noshard_trace-610042_b8_k8_isolated,isolated,ours,3,2,plan_ms,2.205312,recorder
20260827-022806_perlmutter_5bc126dd,ours_l01_s2_oracle_noshard_trace-610042_b8_k8_isolated,isolated,ours,3,3,plan_ms,2.267936,recorder
20260827-022806_perlmutter_5bc126dd,ours_l01_s2_oracle_noshard_trace-610042_b8_k8_isolated,isolated,ours,3,4,plan_ms,1.829088,recorder
20260827-022806_perlmutter_5bc126dd,ours_l01_s2_oracle_noshard_trace-610042_b8_k8_isolated,isolated,ours,3,5,plan_ms,1.707072,recorder
20260827-022806_perlmutter_5bc126dd,ours_l01_s2_oracle_noshard_trace-610042_b8_k8_isolated,isolated,ours,3,6,plan_ms,2.067808,recorder
20260827-022806_perlmutter_5bc126dd,ours_l01_s2_oracle_noshard_trace-610042_b8_k8_isolated,isolated,ours,3,7,plan_ms,2.18208,recorder
20260827-022806_perlmutter_5bc126dd,ours_l01_s2_oracle_noshard_trace-610042_b8_k8_isolated,isolated,ours,3,8,plan_ms,1.873728,recorder
20260827-022806_perlmutter_5bc126dd,ours_l01_s2_oracle_noshard_trace-610042_b8_k8_isolated,isolated,ours,3,9,plan_ms,2.64512,recorder
20260827-022806_perlmutter_5bc126dd,ours_l01_s2_oracle_noshard_trace-610042_b8_k8_isolated,isolated,ours,3,0,total_ms,124.830719,recorder
20260827-022806_perlmutter_5bc126dd,ours_l01_s2_oracle_noshard_trace-610042_b8_k8_isolated,isolated,ours,3,1,total_ms,116.519585,recorder
20260827-022806_perlmutter_5bc126dd,ours_l01_s2_oracle_noshard_trace-610042_b8_k8_isolated,isolated,ours,3,2,total_ms,119.991394,recorder
20260827-022806_perlmutter_5bc126dd,ours_l01_s2_oracle_noshard_trace-610042_b8_k8_isolated,isolated,ours,3,3,total_ms,119.736191,recorder
20260827-022806_perlmutter_5bc126dd,ours_l01_s2_oracle_noshard_trace-610042_b8_k8_isolated,isolated,ours,3,4,total_ms,116.788544,recorder
20260827-022806_perlmutter_5bc126dd,ours_l01_s2_oracle_noshard_trace-610042_b8_k8_isolated,isolated,ours,3,5,total_ms,114.595139,recorder
20260827-022806_perlmutter_5bc126dd,ours_l01_s2_oracle_noshard_trace-610042_b8_k8_isolated,isolated,ours,3,6,total_ms,117.430786,recorder
20260827-022806_perlmutter_5bc126dd,ours_l01_s2_oracle_noshard_trace-610042_b8_k8_isolated,isolated,ours,3,7,total_ms,113.723747,recorder
20260827-022806_perlmutter_5bc126dd,ours_l01_s2_oracle_noshard_trace-610042_b8_k8_isolated,isolated,ours,3,8,total_ms,119.079262,recorder
20260827-022806_perlmutter_5bc126dd,ours_l01_s2_oracle_noshard_trace-610042_b8_k8_isolated,isolated,ours,3,9,total_ms,120.888863,recorder
20260827-022806_perlmutter_5bc126dd,ours_l01_s2_oracle_noshard_trace-610042_b8_k8_isolated,isolated,ours,3,0,iso_sync_ms,0.952779,recorder
20260827-022806_perlmutter_5bc126dd,ours_l01_s2_oracle_noshard_trace-610042_b8_k8_isolated,isolated,ours,3,1,iso_sync_ms,0.513912,recorder
20260827-022806_perlmutter_5bc126dd,ours_l01_s2_oracle_noshard_trace-610042_b8_k8_isolated,isolated,ours,3,2,iso_sync_ms,0.194165,recorder
20260827-022806_perlmutter_5bc126dd,ours_l01_s2_oracle_noshard_trace-610042_b8_k8_isolated,isolated,ours,3,3,iso_sync_ms,0.555692,recorder
20260827-022806_perlmutter_5bc126dd,ours_l01_s2_oracle_noshard_trace-610042_b8_k8_isolated,isolated,ours,3,4,iso_sync_ms,0.385795,recorder
20260827-022806_perlmutter_5bc126dd,ours_l01_s2_oracle_noshard_trace-610042_b8_k8_isolated,isolated,ours,3,5,iso_sync_ms,0.835022,recorder
20260827-022806_perlmutter_5bc126dd,ours_l01_s2_oracle_noshard_trace-610042_b8_k8_isolated,isolated,ours,3,6,iso_sync_ms,0.437565,recorder
20260827-022806_perlmutter_5bc126dd,ours_l01_s2_oracle_noshard_trace-610042_b8_k8_isolated,isolated,ours,3,7,iso_sync_ms,0.548629,recorder
20260827-022806_perlmutter_5bc126dd,ours_l01_s2_oracle_noshard_trace-610042_b8_k8_isolated,isolated,ours,3,8,iso_sync_ms,0.558918,recorder
20260827-022806_perlmutter_5bc126dd,ours_l01_s2_oracle_noshard_trace-610042_b8_k8_isolated,isolated,ours,3,9,iso_sync_ms,1.328755,recorder
20260827-022806_perlmutter_5bc126dd,ours_l01_s2_oracle_noshard_trace-610042_b8_k8_isolated,isolated,ours,4,0,e2e_ms,116.701569,recorder
20260827-022806_perlmutter_5bc126dd,ours_l01_s2_oracle_noshard_trace-610042_b8_k8_isolated,isolated,ours,4,1,e2e_ms,109.702621,recorder
20260827-022806_perlmutter_5bc126dd,ours_l01_s2_oracle_noshard_trace-610042_b8_k8_isolated,isolated,ours,4,2,e2e_ms,113.253632,recorder
20260827-022806_perlmutter_5bc126dd,ours_l01_s2_oracle_noshard_trace-610042_b8_k8_isolated,isolated,ours,4,3,e2e_ms,113.114975,recorder
20260827-022806_perlmutter_5bc126dd,ours_l01_s2_oracle_noshard_trace-610042_b8_k8_isolated,isolated,ours,4,4,e2e_ms,110.085793,recorder
20260827-022806_perlmutter_5bc126dd,ours_l01_s2_oracle_noshard_trace-610042_b8_k8_isolated,isolated,ours,4,5,e2e_ms,108.306847,recorder
20260827-022806_perlmutter_5bc126dd,ours_l01_s2_oracle_noshard_trace-610042_b8_k8_isolated,isolated,ours,4,6,e2e_ms,110.398338,recorder
20260827-022806_perlmutter_5bc126dd,ours_l01_s2_oracle_noshard_trace-610042_b8_k8_isolated,isolated,ours,4,7,e2e_ms,106.963715,recorder
20260827-022806_perlmutter_5bc126dd,ours_l01_s2_oracle_noshard_trace-610042_b8_k8_isolated,isolated,ours,4,8,e2e_ms,112.026718,recorder
20260827-022806_perlmutter_5bc126dd,ours_l01_s2_oracle_noshard_trace-610042_b8_k8_isolated,isolated,ours,4,9,e2e_ms,113.940765,recorder
20260827-022806_perlmutter_5bc126dd,ours_l01_s2_oracle_noshard_trace-610042_b8_k8_isolated,isolated,ours,4,0,l0_ms,71.751709,recorder
20260827-022806_perlmutter_5bc126dd,ours_l01_s2_oracle_noshard_trace-610042_b8_k8_isolated,isolated,ours,4,1,l0_ms,61.346912,recorder
20260827-022806_perlmutter_5bc126dd,ours_l01_s2_oracle_noshard_trace-610042_b8_k8_isolated,isolated,ours,4,2,l0_ms,64.098045,recorder
20260827-022806_perlmutter_5bc126dd,ours_l01_s2_oracle_noshard_trace-610042_b8_k8_isolated,isolated,ours,4,3,l0_ms,64.947266,recorder
20260827-022806_perlmutter_5bc126dd,ours_l01_s2_oracle_noshard_trace-610042_b8_k8_isolated,isolated,ours,4,4,l0_ms,67.452637,recorder
20260827-022806_perlmutter_5bc126dd,ours_l01_s2_oracle_noshard_trace-610042_b8_k8_isolated,isolated,ours,4,5,l0_ms,67.904579,recorder
20260827-022806_perlmutter_5bc126dd,ours_l01_s2_oracle_noshard_trace-610042_b8_k8_isolated,isolated,ours,4,6,l0_ms,61.654144,recorder
20260827-022806_perlmutter_5bc126dd,ours_l01_s2_oracle_noshard_trace-610042_b8_k8_isolated,isolated,ours,4,7,l0_ms,60.052704,recorder
20260827-022806_perlmutter_5bc126dd,ours_l01_s2_oracle_noshard_trace-610042_b8_k8_isolated,isolated,ours,4,8,l0_ms,64.934303,recorder
20260827-022806_perlmutter_5bc126dd,ours_l01_s2_oracle_noshard_trace-610042_b8_k8_isolated,isolated,ours,4,9,l0_ms,59.580959,recorder
20260827-022806_perlmutter_5bc126dd,ours_l01_s2_oracle_noshard_trace-610042_b8_k8_isolated,isolated,ours,4,0,act_ms,0.04096,recorder
20260827-022806_perlmutter_5bc126dd,ours_l01_s2_oracle_noshard_trace-610042_b8_k8_isolated,isolated,ours,4,1,act_ms,0.043488,recorder
20260827-022806_perlmutter_5bc126dd,ours_l01_s2_oracle_noshard_trace-610042_b8_k8_isolated,isolated,ours,4,2,act_ms,0.046816,recorder
20260827-022806_perlmutter_5bc126dd,ours_l01_s2_oracle_noshard_trace-610042_b8_k8_isolated,isolated,ours,4,3,act_ms,0.0384,recorder
20260827-022806_perlmutter_5bc126dd,ours_l01_s2_oracle_noshard_trace-610042_b8_k8_isolated,isolated,ours,4,4,act_ms,0.044896,recorder
20260827-022806_perlmutter_5bc126dd,ours_l01_s2_oracle_noshard_trace-610042_b8_k8_isolated,isolated,ours,4,5,act_ms,0.042048,recorder
20260827-022806_perlmutter_5bc126dd,ours_l01_s2_oracle_noshard_trace-610042_b8_k8_isolated,isolated,ours,4,6,act_ms,0.047424,recorder
20260827-022806_perlmutter_5bc126dd,ours_l01_s2_oracle_noshard_trace-610042_b8_k8_isolated,isolated,ours,4,7,act_ms,0.041408,recorder
20260827-022806_perlmutter_5bc126dd,ours_l01_s2_oracle_noshard_trace-610042_b8_k8_isolated,isolated,ours,4,8,act_ms,0.046368,recorder
20260827-022806_perlmutter_5bc126dd,ours_l01_s2_oracle_noshard_trace-610042_b8_k8_isolated,isolated,ours,4,9,act_ms,0.042144,recorder
20260827-022806_perlmutter_5bc126dd,ours_l01_s2_oracle_noshard_trace-610042_b8_k8_isolated,isolated,ours,4,0,l1_ms,44.908897,recorder
20260827-022806_perlmutter_5bc126dd,ours_l01_s2_oracle_noshard_trace-610042_b8_k8_isolated,isolated,ours,4,1,l1_ms,48.312225,recorder
20260827-022806_perlmutter_5bc126dd,ours_l01_s2_oracle_noshard_trace-610042_b8_k8_isolated,isolated,ours,4,2,l1_ms,49.108768,recorder
20260827-022806_perlmutter_5bc126dd,ours_l01_s2_oracle_noshard_trace-610042_b8_k8_isolated,isolated,ours,4,3,l1_ms,48.129311,recorder
20260827-022806_perlmutter_5bc126dd,ours_l01_s2_oracle_noshard_trace-610042_b8_k8_isolated,isolated,ours,4,4,l1_ms,42.588257,recorder
20260827-022806_perlmutter_5bc126dd,ours_l01_s2_oracle_noshard_trace-610042_b8_k8_isolated,isolated,ours,4,5,l1_ms,40.360226,recorder
20260827-022806_perlmutter_5bc126dd,ours_l01_s2_oracle_noshard_trace-610042_b8_k8_isolated,isolated,ours,4,6,l1_ms,48.69677,recorder
20260827-022806_perlmutter_5bc126dd,ours_l01_s2_oracle_noshard_trace-610042_b8_k8_isolated,isolated,ours,4,7,l1_ms,46.869598,recorder
20260827-022806_perlmutter_5bc126dd,ours_l01_s2_oracle_noshard_trace-610042_b8_k8_isolated,isolated,ours,4,8,l1_ms,47.046047,recorder
20260827-022806_perlmutter_5bc126dd,ours_l01_s2_oracle_noshard_trace-610042_b8_k8_isolated,isolated,ours,4,9,l1_ms,54.317665,recorder
20260827-022806_perlmutter_5bc126dd,ours_l01_s2_oracle_noshard_trace-610042_b8_k8_isolated,isolated,ours,4,0,plan_comm_ms,0.79696,recorder
20260827-022806_perlmutter_5bc126dd,ours_l01_s2_oracle_noshard_trace-610042_b8_k8_isolated,isolated,ours,4,1,plan_comm_ms,0.254432,recorder
20260827-022806_perlmutter_5bc126dd,ours_l01_s2_oracle_noshard_trace-610042_b8_k8_isolated,isolated,ours,4,2,plan_comm_ms,0.209952,recorder
20260827-022806_perlmutter_5bc126dd,ours_l01_s2_oracle_noshard_trace-610042_b8_k8_isolated,isolated,ours,4,3,plan_comm_ms,0.338624,recorder
20260827-022806_perlmutter_5bc126dd,ours_l01_s2_oracle_noshard_trace-610042_b8_k8_isolated,isolated,ours,4,4,plan_comm_ms,0.254432,recorder
20260827-022806_perlmutter_5bc126dd,ours_l01_s2_oracle_noshard_trace-610042_b8_k8_isolated,isolated,ours,4,5,plan_comm_ms,0.210784,recorder
20260827-022806_perlmutter_5bc126dd,ours_l01_s2_oracle_noshard_trace-610042_b8_k8_isolated,isolated,ours,4,6,plan_comm_ms,0.594464,recorder
20260827-022806_perlmutter_5bc126dd,ours_l01_s2_oracle_noshard_trace-610042_b8_k8_isolated,isolated,ours,4,7,plan_comm_ms,0.276032,recorder
20260827-022806_perlmutter_5bc126dd,ours_l01_s2_oracle_noshard_trace-610042_b8_k8_isolated,isolated,ours,4,8,plan_comm_ms,0.758944,recorder
20260827-022806_perlmutter_5bc126dd,ours_l01_s2_oracle_noshard_trace-610042_b8_k8_isolated,isolated,ours,4,9,plan_comm_ms,0.285696,recorder
20260827-022806_perlmutter_5bc126dd,ours_l01_s2_oracle_noshard_trace-610042_b8_k8_isolated,isolated,ours,4,0,place_ms,4.1464,recorder
20260827-022806_perlmutter_5bc126dd,ours_l01_s2_oracle_noshard_trace-610042_b8_k8_isolated,isolated,ours,4,1,place_ms,4.29584,recorder
20260827-022806_perlmutter_5bc126dd,ours_l01_s2_oracle_noshard_trace-610042_b8_k8_isolated,isolated,ours,4,2,place_ms,4.325984,recorder
20260827-022806_perlmutter_5bc126dd,ours_l01_s2_oracle_noshard_trace-610042_b8_k8_isolated,isolated,ours,4,3,place_ms,4.1624,recorder
20260827-022806_perlmutter_5bc126dd,ours_l01_s2_oracle_noshard_trace-610042_b8_k8_isolated,isolated,ours,4,4,place_ms,4.228192,recorder
20260827-022806_perlmutter_5bc126dd,ours_l01_s2_oracle_noshard_trace-610042_b8_k8_isolated,isolated,ours,4,5,place_ms,4.336224,recorder
20260827-022806_perlmutter_5bc126dd,ours_l01_s2_oracle_noshard_trace-610042_b8_k8_isolated,isolated,ours,4,6,place_ms,4.219488,recorder
20260827-022806_perlmutter_5bc126dd,ours_l01_s2_oracle_noshard_trace-610042_b8_k8_isolated,isolated,ours,4,7,place_ms,4.318336,recorder
20260827-022806_perlmutter_5bc126dd,ours_l01_s2_oracle_noshard_trace-610042_b8_k8_isolated,isolated,ours,4,8,place_ms,4.29504,recorder
20260827-022806_perlmutter_5bc126dd,ours_l01_s2_oracle_noshard_trace-610042_b8_k8_isolated,isolated,ours,4,9,place_ms,4.277472,recorder
20260827-022806_perlmutter_5bc126dd,ours_l01_s2_oracle_noshard_trace-610042_b8_k8_isolated,isolated,ours,4,0,plan_ms,3.058336,recorder
20260827-022806_perlmutter_5bc126dd,ours_l01_s2_oracle_noshard_trace-610042_b8_k8_isolated,isolated,ours,4,1,plan_ms,2.25872,recorder
20260827-022806_perlmutter_5bc126dd,ours_l01_s2_oracle_noshard_trace-610042_b8_k8_isolated,isolated,ours,4,2,plan_ms,2.181536,recorder
20260827-022806_perlmutter_5bc126dd,ours_l01_s2_oracle_noshard_trace-610042_b8_k8_isolated,isolated,ours,4,3,plan_ms,2.09824,recorder
20260827-022806_perlmutter_5bc126dd,ours_l01_s2_oracle_noshard_trace-610042_b8_k8_isolated,isolated,ours,4,4,plan_ms,2.23216,recorder
20260827-022806_perlmutter_5bc126dd,ours_l01_s2_oracle_noshard_trace-610042_b8_k8_isolated,isolated,ours,4,5,plan_ms,1.71792,recorder
20260827-022806_perlmutter_5bc126dd,ours_l01_s2_oracle_noshard_trace-610042_b8_k8_isolated,isolated,ours,4,6,plan_ms,2.239616,recorder
20260827-022806_perlmutter_5bc126dd,ours_l01_s2_oracle_noshard_trace-610042_b8_k8_isolated,isolated,ours,4,7,plan_ms,2.155456,recorder
20260827-022806_perlmutter_5bc126dd,ours_l01_s2_oracle_noshard_trace-610042_b8_k8_isolated,isolated,ours,4,8,plan_ms,2.021184,recorder
20260827-022806_perlmutter_5bc126dd,ours_l01_s2_oracle_noshard_trace-610042_b8_k8_isolated,isolated,ours,4,9,plan_ms,2.383136,recorder
20260827-022806_perlmutter_5bc126dd,ours_l01_s2_oracle_noshard_trace-610042_b8_k8_isolated,isolated,ours,4,0,total_ms,124.717918,recorder
20260827-022806_perlmutter_5bc126dd,ours_l01_s2_oracle_noshard_trace-610042_b8_k8_isolated,isolated,ours,4,1,total_ms,116.525185,recorder
20260827-022806_perlmutter_5bc126dd,ours_l01_s2_oracle_noshard_trace-610042_b8_k8_isolated,isolated,ours,4,2,total_ms,119.986176,recorder
20260827-022806_perlmutter_5bc126dd,ours_l01_s2_oracle_noshard_trace-610042_b8_k8_isolated,isolated,ours,4,3,total_ms,119.73008,recorder
20260827-022806_perlmutter_5bc126dd,ours_l01_s2_oracle_noshard_trace-610042_b8_k8_isolated,isolated,ours,4,4,total_ms,116.814529,recorder
20260827-022806_perlmutter_5bc126dd,ours_l01_s2_oracle_noshard_trace-610042_b8_k8_isolated,isolated,ours,4,5,total_ms,114.586014,recorder
20260827-022806_perlmutter_5bc126dd,ours_l01_s2_oracle_noshard_trace-610042_b8_k8_isolated,isolated,ours,4,6,total_ms,117.467331,recorder
20260827-022806_perlmutter_5bc126dd,ours_l01_s2_oracle_noshard_trace-610042_b8_k8_isolated,isolated,ours,4,7,total_ms,113.726463,recorder
20260827-022806_perlmutter_5bc126dd,ours_l01_s2_oracle_noshard_trace-610042_b8_k8_isolated,isolated,ours,4,8,total_ms,119.116066,recorder
20260827-022806_perlmutter_5bc126dd,ours_l01_s2_oracle_noshard_trace-610042_b8_k8_isolated,isolated,ours,4,9,total_ms,120.901535,recorder
20260827-022806_perlmutter_5bc126dd,ours_l01_s2_oracle_noshard_trace-610042_b8_k8_isolated,isolated,ours,4,0,iso_sync_ms,1.019132,recorder
20260827-022806_perlmutter_5bc126dd,ours_l01_s2_oracle_noshard_trace-610042_b8_k8_isolated,isolated,ours,4,1,iso_sync_ms,0.573149,recorder
20260827-022806_perlmutter_5bc126dd,ours_l01_s2_oracle_noshard_trace-610042_b8_k8_isolated,isolated,ours,4,2,iso_sync_ms,0.193394,recorder
20260827-022806_perlmutter_5bc126dd,ours_l01_s2_oracle_noshard_trace-610042_b8_k8_isolated,isolated,ours,4,3,iso_sync_ms,0.569131,recorder
20260827-022806_perlmutter_5bc126dd,ours_l01_s2_oracle_noshard_trace-610042_b8_k8_isolated,isolated,ours,4,4,iso_sync_ms,0.544393,recorder
20260827-022806_perlmutter_5bc126dd,ours_l01_s2_oracle_noshard_trace-610042_b8_k8_isolated,isolated,ours,4,5,iso_sync_ms,0.845967,recorder
20260827-022806_perlmutter_5bc126dd,ours_l01_s2_oracle_noshard_trace-610042_b8_k8_isolated,isolated,ours,4,6,iso_sync_ms,0.694985,recorder
20260827-022806_perlmutter_5bc126dd,ours_l01_s2_oracle_noshard_trace-610042_b8_k8_isolated,isolated,ours,4,7,iso_sync_ms,0.549613,recorder
20260827-022806_perlmutter_5bc126dd,ours_l01_s2_oracle_noshard_trace-610042_b8_k8_isolated,isolated,ours,4,8,iso_sync_ms,1.051635,recorder
20260827-022806_perlmutter_5bc126dd,ours_l01_s2_oracle_noshard_trace-610042_b8_k8_isolated,isolated,ours,4,9,iso_sync_ms,1.324553,recorder
20260827-022806_perlmutter_5bc126dd,ours_l01_s2_oracle_noshard_trace-610042_b8_k8_isolated,isolated,ours,5,0,e2e_ms,116.719261,recorder
20260827-022806_perlmutter_5bc126dd,ours_l01_s2_oracle_noshard_trace-610042_b8_k8_isolated,isolated,ours,5,1,e2e_ms,109.721695,recorder
20260827-022806_perlmutter_5bc126dd,ours_l01_s2_oracle_noshard_trace-610042_b8_k8_isolated,isolated,ours,5,2,e2e_ms,113.281982,recorder
20260827-022806_perlmutter_5bc126dd,ours_l01_s2_oracle_noshard_trace-610042_b8_k8_isolated,isolated,ours,5,3,e2e_ms,113.119133,recorder
20260827-022806_perlmutter_5bc126dd,ours_l01_s2_oracle_noshard_trace-610042_b8_k8_isolated,isolated,ours,5,4,e2e_ms,110.109955,recorder
20260827-022806_perlmutter_5bc126dd,ours_l01_s2_oracle_noshard_trace-610042_b8_k8_isolated,isolated,ours,5,5,e2e_ms,108.291069,recorder
20260827-022806_perlmutter_5bc126dd,ours_l01_s2_oracle_noshard_trace-610042_b8_k8_isolated,isolated,ours,5,6,e2e_ms,110.402115,recorder
20260827-022806_perlmutter_5bc126dd,ours_l01_s2_oracle_noshard_trace-610042_b8_k8_isolated,isolated,ours,5,7,e2e_ms,106.941635,recorder
20260827-022806_perlmutter_5bc126dd,ours_l01_s2_oracle_noshard_trace-610042_b8_k8_isolated,isolated,ours,5,8,e2e_ms,112.152702,recorder
20260827-022806_perlmutter_5bc126dd,ours_l01_s2_oracle_noshard_trace-610042_b8_k8_isolated,isolated,ours,5,9,e2e_ms,113.957314,recorder
20260827-022806_perlmutter_5bc126dd,ours_l01_s2_oracle_noshard_trace-610042_b8_k8_isolated,isolated,ours,5,0,l0_ms,80.32563,recorder
20260827-022806_perlmutter_5bc126dd,ours_l01_s2_oracle_noshard_trace-610042_b8_k8_isolated,isolated,ours,5,1,l0_ms,60.982273,recorder
20260827-022806_perlmutter_5bc126dd,ours_l01_s2_oracle_noshard_trace-610042_b8_k8_isolated,isolated,ours,5,2,l0_ms,64.161858,recorder
20260827-022806_perlmutter_5bc126dd,ours_l01_s2_oracle_noshard_trace-610042_b8_k8_isolated,isolated,ours,5,3,l0_ms,63.498432,recorder
20260827-022806_perlmutter_5bc126dd,ours_l01_s2_oracle_noshard_trace-610042_b8_k8_isolated,isolated,ours,5,4,l0_ms,65.194946,recorder
20260827-022806_perlmutter_5bc126dd,ours_l01_s2_oracle_noshard_trace-610042_b8_k8_isolated,isolated,ours,5,5,l0_ms,69.106339,recorder
20260827-022806_perlmutter_5bc126dd,ours_l01_s2_oracle_noshard_trace-610042_b8_k8_isolated,isolated,ours,5,6,l0_ms,59.338848,recorder
20260827-022806_perlmutter_5bc126dd,ours_l01_s2_oracle_noshard_trace-610042_b8_k8_isolated,isolated,ours,5,7,l0_ms,59.071938,recorder
20260827-022806_perlmutter_5bc126dd,ours_l01_s2_oracle_noshard_trace-610042_b8_k8_isolated,isolated,ours,5,8,l0_ms,64.689156,recorder
20260827-022806_perlmutter_5bc126dd,ours_l01_s2_oracle_noshard_trace-610042_b8_k8_isolated,isolated,ours,5,9,l0_ms,60.023487,recorder
20260827-022806_perlmutter_5bc126dd,ours_l01_s2_oracle_noshard_trace-610042_b8_k8_isolated,isolated,ours,5,0,act_ms,0.040256,recorder
20260827-022806_perlmutter_5bc126dd,ours_l01_s2_oracle_noshard_trace-610042_b8_k8_isolated,isolated,ours,5,1,act_ms,0.0424,recorder
20260827-022806_perlmutter_5bc126dd,ours_l01_s2_oracle_noshard_trace-610042_b8_k8_isolated,isolated,ours,5,2,act_ms,0.043296,recorder
20260827-022806_perlmutter_5bc126dd,ours_l01_s2_oracle_noshard_trace-610042_b8_k8_isolated,isolated,ours,5,3,act_ms,0.040448,recorder
20260827-022806_perlmutter_5bc126dd,ours_l01_s2_oracle_noshard_trace-610042_b8_k8_isolated,isolated,ours,5,4,act_ms,0.03984,recorder
20260827-022806_perlmutter_5bc126dd,ours_l01_s2_oracle_noshard_trace-610042_b8_k8_isolated,isolated,ours,5,5,act_ms,0.039104,recorder
20260827-022806_perlmutter_5bc126dd,ours_l01_s2_oracle_noshard_trace-610042_b8_k8_isolated,isolated,ours,5,6,act_ms,0.045184,recorder
20260827-022806_perlmutter_5bc126dd,ours_l01_s2_oracle_noshard_trace-610042_b8_k8_isolated,isolated,ours,5,7,act_ms,0.041952,recorder
20260827-022806_perlmutter_5bc126dd,ours_l01_s2_oracle_noshard_trace-610042_b8_k8_isolated,isolated,ours,5,8,act_ms,0.041952,recorder
20260827-022806_perlmutter_5bc126dd,ours_l01_s2_oracle_noshard_trace-610042_b8_k8_isolated,isolated,ours,5,9,act_ms,0.040896,recorder
20260827-022806_perlmutter_5bc126dd,ours_l01_s2_oracle_noshard_trace-610042_b8_k8_isolated,isolated,ours,5,0,l1_ms,36.353374,recorder
20260827-022806_perlmutter_5bc126dd,ours_l01_s2_oracle_noshard_trace-610042_b8_k8_isolated,isolated,ours,5,1,l1_ms,48.697025,recorder
20260827-022806_perlmutter_5bc126dd,ours_l01_s2_oracle_noshard_trace-610042_b8_k8_isolated,isolated,ours,5,2,l1_ms,49.076832,recorder
20260827-022806_perlmutter_5bc126dd,ours_l01_s2_oracle_noshard_trace-610042_b8_k8_isolated,isolated,ours,5,3,l1_ms,49.580257,recorder
20260827-022806_perlmutter_5bc126dd,ours_l01_s2_oracle_noshard_trace-610042_b8_k8_isolated,isolated,ours,5,4,l1_ms,44.875168,recorder
20260827-022806_perlmutter_5bc126dd,ours_l01_s2_oracle_noshard_trace-610042_b8_k8_isolated,isolated,ours,5,5,l1_ms,39.145634,recorder
20260827-022806_perlmutter_5bc126dd,ours_l01_s2_oracle_noshard_trace-610042_b8_k8_isolated,isolated,ours,5,6,l1_ms,51.018082,recorder
20260827-022806_perlmutter_5bc126dd,ours_l01_s2_oracle_noshard_trace-610042_b8_k8_isolated,isolated,ours,5,7,l1_ms,47.827744,recorder
20260827-022806_perlmutter_5bc126dd,ours_l01_s2_oracle_noshard_trace-610042_b8_k8_isolated,isolated,ours,5,8,l1_ms,47.4216,recorder
20260827-022806_perlmutter_5bc126dd,ours_l01_s2_oracle_noshard_trace-610042_b8_k8_isolated,isolated,ours,5,9,l1_ms,53.892929,recorder
20260827-022806_perlmutter_5bc126dd,ours_l01_s2_oracle_noshard_trace-610042_b8_k8_isolated,isolated,ours,5,0,plan_comm_ms,0.796192,recorder
20260827-022806_perlmutter_5bc126dd,ours_l01_s2_oracle_noshard_trace-610042_b8_k8_isolated,isolated,ours,5,1,plan_comm_ms,0.24672,recorder
20260827-022806_perlmutter_5bc126dd,ours_l01_s2_oracle_noshard_trace-610042_b8_k8_isolated,isolated,ours,5,2,plan_comm_ms,0.213248,recorder
20260827-022806_perlmutter_5bc126dd,ours_l01_s2_oracle_noshard_trace-610042_b8_k8_isolated,isolated,ours,5,3,plan_comm_ms,0.337472,recorder
20260827-022806_perlmutter_5bc126dd,ours_l01_s2_oracle_noshard_trace-610042_b8_k8_isolated,isolated,ours,5,4,plan_comm_ms,0.256768,recorder
20260827-022806_perlmutter_5bc126dd,ours_l01_s2_oracle_noshard_trace-610042_b8_k8_isolated,isolated,ours,5,5,plan_comm_ms,0.211264,recorder
20260827-022806_perlmutter_5bc126dd,ours_l01_s2_oracle_noshard_trace-610042_b8_k8_isolated,isolated,ours,5,6,plan_comm_ms,0.598784,recorder
20260827-022806_perlmutter_5bc126dd,ours_l01_s2_oracle_noshard_trace-610042_b8_k8_isolated,isolated,ours,5,7,plan_comm_ms,0.276736,recorder
20260827-022806_perlmutter_5bc126dd,ours_l01_s2_oracle_noshard_trace-610042_b8_k8_isolated,isolated,ours,5,8,plan_comm_ms,0.759264,recorder
20260827-022806_perlmutter_5bc126dd,ours_l01_s2_oracle_noshard_trace-610042_b8_k8_isolated,isolated,ours,5,9,plan_comm_ms,0.282944,recorder
20260827-022806_perlmutter_5bc126dd,ours_l01_s2_oracle_noshard_trace-610042_b8_k8_isolated,isolated,ours,5,0,place_ms,4.124096,recorder
20260827-022806_perlmutter_5bc126dd,ours_l01_s2_oracle_noshard_trace-610042_b8_k8_isolated,isolated,ours,5,1,place_ms,4.285408,recorder
20260827-022806_perlmutter_5bc126dd,ours_l01_s2_oracle_noshard_trace-610042_b8_k8_isolated,isolated,ours,5,2,place_ms,4.310432,recorder
20260827-022806_perlmutter_5bc126dd,ours_l01_s2_oracle_noshard_trace-610042_b8_k8_isolated,isolated,ours,5,3,place_ms,4.148608,recorder
20260827-022806_perlmutter_5bc126dd,ours_l01_s2_oracle_noshard_trace-610042_b8_k8_isolated,isolated,ours,5,4,place_ms,4.239904,recorder
20260827-022806_perlmutter_5bc126dd,ours_l01_s2_oracle_noshard_trace-610042_b8_k8_isolated,isolated,ours,5,5,place_ms,4.319744,recorder
20260827-022806_perlmutter_5bc126dd,ours_l01_s2_oracle_noshard_trace-610042_b8_k8_isolated,isolated,ours,5,6,place_ms,4.18896,recorder
20260827-022806_perlmutter_5bc126dd,ours_l01_s2_oracle_noshard_trace-610042_b8_k8_isolated,isolated,ours,5,7,place_ms,4.565088,recorder
20260827-022806_perlmutter_5bc126dd,ours_l01_s2_oracle_noshard_trace-610042_b8_k8_isolated,isolated,ours,5,8,place_ms,4.221024,recorder
20260827-022806_perlmutter_5bc126dd,ours_l01_s2_oracle_noshard_trace-610042_b8_k8_isolated,isolated,ours,5,9,place_ms,4.15584,recorder
20260827-022806_perlmutter_5bc126dd,ours_l01_s2_oracle_noshard_trace-610042_b8_k8_isolated,isolated,ours,5,0,plan_ms,3.082688,recorder
20260827-022806_perlmutter_5bc126dd,ours_l01_s2_oracle_noshard_trace-610042_b8_k8_isolated,isolated,ours,5,1,plan_ms,2.25616,recorder
20260827-022806_perlmutter_5bc126dd,ours_l01_s2_oracle_noshard_trace-610042_b8_k8_isolated,isolated,ours,5,2,plan_ms,2.193184,recorder
20260827-022806_perlmutter_5bc126dd,ours_l01_s2_oracle_noshard_trace-610042_b8_k8_isolated,isolated,ours,5,3,plan_ms,2.104736,recorder
20260827-022806_perlmutter_5bc126dd,ours_l01_s2_oracle_noshard_trace-610042_b8_k8_isolated,isolated,ours,5,4,plan_ms,2.214048,recorder
20260827-022806_perlmutter_5bc126dd,ours_l01_s2_oracle_noshard_trace-610042_b8_k8_isolated,isolated,ours,5,5,plan_ms,1.745472,recorder
20260827-022806_perlmutter_5bc126dd,ours_l01_s2_oracle_noshard_trace-610042_b8_k8_isolated,isolated,ours,5,6,plan_ms,2.270912,recorder
20260827-022806_perlmutter_5bc126dd,ours_l01_s2_oracle_noshard_trace-610042_b8_k8_isolated,isolated,ours,5,7,plan_ms,1.936864,recorder
20260827-022806_perlmutter_5bc126dd,ours_l01_s2_oracle_noshard_trace-610042_b8_k8_isolated,isolated,ours,5,8,plan_ms,1.98816,recorder
20260827-022806_perlmutter_5bc126dd,ours_l01_s2_oracle_noshard_trace-610042_b8_k8_isolated,isolated,ours,5,9,plan_ms,2.492832,recorder
20260827-022806_perlmutter_5bc126dd,ours_l01_s2_oracle_noshard_trace-610042_b8_k8_isolated,isolated,ours,5,0,total_ms,124.73587,recorder
20260827-022806_perlmutter_5bc126dd,ours_l01_s2_oracle_noshard_trace-610042_b8_k8_isolated,isolated,ours,5,1,total_ms,116.523071,recorder
20260827-022806_perlmutter_5bc126dd,ours_l01_s2_oracle_noshard_trace-610042_b8_k8_isolated,isolated,ours,5,2,total_ms,120.013725,recorder
20260827-022806_perlmutter_5bc126dd,ours_l01_s2_oracle_noshard_trace-610042_b8_k8_isolated,isolated,ours,5,3,total_ms,119.723618,recorder
20260827-022806_perlmutter_5bc126dd,ours_l01_s2_oracle_noshard_trace-610042_b8_k8_isolated,isolated,ours,5,4,total_ms,116.835587,recorder
20260827-022806_perlmutter_5bc126dd,ours_l01_s2_oracle_noshard_trace-610042_b8_k8_isolated,isolated,ours,5,5,total_ms,114.581123,recorder
20260827-022806_perlmutter_5bc126dd,ours_l01_s2_oracle_noshard_trace-610042_b8_k8_isolated,isolated,ours,5,6,total_ms,117.475586,recorder
20260827-022806_perlmutter_5bc126dd,ours_l01_s2_oracle_noshard_trace-610042_b8_k8_isolated,isolated,ours,5,7,total_ms,113.734978,recorder
20260827-022806_perlmutter_5bc126dd,ours_l01_s2_oracle_noshard_trace-610042_b8_k8_isolated,isolated,ours,5,8,total_ms,119.13533,recorder
20260827-022806_perlmutter_5bc126dd,ours_l01_s2_oracle_noshard_trace-610042_b8_k8_isolated,isolated,ours,5,9,total_ms,120.902786,recorder
20260827-022806_perlmutter_5bc126dd,ours_l01_s2_oracle_noshard_trace-610042_b8_k8_isolated,isolated,ours,5,0,iso_sync_ms,1.010976,recorder
20260827-022806_perlmutter_5bc126dd,ours_l01_s2_oracle_noshard_trace-610042_b8_k8_isolated,isolated,ours,5,1,iso_sync_ms,0.566236,recorder
20260827-022806_perlmutter_5bc126dd,ours_l01_s2_oracle_noshard_trace-610042_b8_k8_isolated,isolated,ours,5,2,iso_sync_ms,0.18081,recorder
20260827-022806_perlmutter_5bc126dd,ours_l01_s2_oracle_noshard_trace-610042_b8_k8_isolated,isolated,ours,5,3,iso_sync_ms,0.536638,recorder
20260827-022806_perlmutter_5bc126dd,ours_l01_s2_oracle_noshard_trace-610042_b8_k8_isolated,isolated,ours,5,4,iso_sync_ms,0.546548,recorder
20260827-022806_perlmutter_5bc126dd,ours_l01_s2_oracle_noshard_trace-610042_b8_k8_isolated,isolated,ours,5,5,iso_sync_ms,0.818093,recorder
20260827-022806_perlmutter_5bc126dd,ours_l01_s2_oracle_noshard_trace-610042_b8_k8_isolated,isolated,ours,5,6,iso_sync_ms,0.698591,recorder
20260827-022806_perlmutter_5bc126dd,ours_l01_s2_oracle_noshard_trace-610042_b8_k8_isolated,isolated,ours,5,7,iso_sync_ms,0.486591,recorder
20260827-022806_perlmutter_5bc126dd,ours_l01_s2_oracle_noshard_trace-610042_b8_k8_isolated,isolated,ours,5,8,iso_sync_ms,1.04427,recorder
20260827-022806_perlmutter_5bc126dd,ours_l01_s2_oracle_noshard_trace-610042_b8_k8_isolated,isolated,ours,5,9,iso_sync_ms,1.313692,recorder
20260827-022806_perlmutter_5bc126dd,ours_l01_s2_oracle_noshard_trace-610042_b8_k8_isolated,isolated,ours,6,0,e2e_ms,116.737091,recorder
20260827-022806_perlmutter_5bc126dd,ours_l01_s2_oracle_noshard_trace-610042_b8_k8_isolated,isolated,ours,6,1,e2e_ms,109.740829,recorder
20260827-022806_perlmutter_5bc126dd,ours_l01_s2_oracle_noshard_trace-610042_b8_k8_isolated,isolated,ours,6,2,e2e_ms,113.301437,recorder
20260827-022806_perlmutter_5bc126dd,ours_l01_s2_oracle_noshard_trace-610042_b8_k8_isolated,isolated,ours,6,3,e2e_ms,113.1465,recorder
20260827-022806_perlmutter_5bc126dd,ours_l01_s2_oracle_noshard_trace-610042_b8_k8_isolated,isolated,ours,6,4,e2e_ms,110.146973,recorder
20260827-022806_perlmutter_5bc126dd,ours_l01_s2_oracle_noshard_trace-610042_b8_k8_isolated,isolated,ours,6,5,e2e_ms,108.329788,recorder
20260827-022806_perlmutter_5bc126dd,ours_l01_s2_oracle_noshard_trace-610042_b8_k8_isolated,isolated,ours,6,6,e2e_ms,110.596992,recorder
20260827-022806_perlmutter_5bc126dd,ours_l01_s2_oracle_noshard_trace-610042_b8_k8_isolated,isolated,ours,6,7,e2e_ms,107.038017,recorder
20260827-022806_perlmutter_5bc126dd,ours_l01_s2_oracle_noshard_trace-610042_b8_k8_isolated,isolated,ours,6,8,e2e_ms,112.213661,recorder
20260827-022806_perlmutter_5bc126dd,ours_l01_s2_oracle_noshard_trace-610042_b8_k8_isolated,isolated,ours,6,9,e2e_ms,113.950752,recorder
20260827-022806_perlmutter_5bc126dd,ours_l01_s2_oracle_noshard_trace-610042_b8_k8_isolated,isolated,ours,6,0,l0_ms,71.484383,recorder
20260827-022806_perlmutter_5bc126dd,ours_l01_s2_oracle_noshard_trace-610042_b8_k8_isolated,isolated,ours,6,1,l0_ms,61.423138,recorder
20260827-022806_perlmutter_5bc126dd,ours_l01_s2_oracle_noshard_trace-610042_b8_k8_isolated,isolated,ours,6,2,l0_ms,64.342529,recorder
20260827-022806_perlmutter_5bc126dd,ours_l01_s2_oracle_noshard_trace-610042_b8_k8_isolated,isolated,ours,6,3,l0_ms,64.999199,recorder
20260827-022806_perlmutter_5bc126dd,ours_l01_s2_oracle_noshard_trace-610042_b8_k8_isolated,isolated,ours,6,4,l0_ms,67.524445,recorder
20260827-022806_perlmutter_5bc126dd,ours_l01_s2_oracle_noshard_trace-610042_b8_k8_isolated,isolated,ours,6,5,l0_ms,70.385826,recorder
20260827-022806_perlmutter_5bc126dd,ours_l01_s2_oracle_noshard_trace-610042_b8_k8_isolated,isolated,ours,6,6,l0_ms,62.949409,recorder
20260827-022806_perlmutter_5bc126dd,ours_l01_s2_oracle_noshard_trace-610042_b8_k8_isolated,isolated,ours,6,7,l0_ms,60.14595,recorder
20260827-022806_perlmutter_5bc126dd,ours_l01_s2_oracle_noshard_trace-610042_b8_k8_isolated,isolated,ours,6,8,l0_ms,65.104034,recorder
20260827-022806_perlmutter_5bc126dd,ours_l01_s2_oracle_noshard_trace-610042_b8_k8_isolated,isolated,ours,6,9,l0_ms,60.369568,recorder
20260827-022806_perlmutter_5bc126dd,ours_l01_s2_oracle_noshard_trace-610042_b8_k8_isolated,isolated,ours,6,0,act_ms,0.042912,recorder
20260827-022806_perlmutter_5bc126dd,ours_l01_s2_oracle_noshard_trace-610042_b8_k8_isolated,isolated,ours,6,1,act_ms,0.04224,recorder
20260827-022806_perlmutter_5bc126dd,ours_l01_s2_oracle_noshard_trace-610042_b8_k8_isolated,isolated,ours,6,2,act_ms,0.046368,recorder
20260827-022806_perlmutter_5bc126dd,ours_l01_s2_oracle_noshard_trace-610042_b8_k8_isolated,isolated,ours,6,3,act_ms,0.038432,recorder
20260827-022806_perlmutter_5bc126dd,ours_l01_s2_oracle_noshard_trace-610042_b8_k8_isolated,isolated,ours,6,4,act_ms,0.042944,recorder
20260827-022806_perlmutter_5bc126dd,ours_l01_s2_oracle_noshard_trace-610042_b8_k8_isolated,isolated,ours,6,5,act_ms,0.040032,recorder
20260827-022806_perlmutter_5bc126dd,ours_l01_s2_oracle_noshard_trace-610042_b8_k8_isolated,isolated,ours,6,6,act_ms,0.039648,recorder
20260827-022806_perlmutter_5bc126dd,ours_l01_s2_oracle_noshard_trace-610042_b8_k8_isolated,isolated,ours,6,7,act_ms,0.039232,recorder
20260827-022806_perlmutter_5bc126dd,ours_l01_s2_oracle_noshard_trace-610042_b8_k8_isolated,isolated,ours,6,8,act_ms,0.043104,recorder
20260827-022806_perlmutter_5bc126dd,ours_l01_s2_oracle_noshard_trace-610042_b8_k8_isolated,isolated,ours,6,9,act_ms,0.043968,recorder
20260827-022806_perlmutter_5bc126dd,ours_l01_s2_oracle_noshard_trace-610042_b8_k8_isolated,isolated,ours,6,0,l1_ms,45.209793,recorder
20260827-022806_perlmutter_5bc126dd,ours_l01_s2_oracle_noshard_trace-610042_b8_k8_isolated,isolated,ours,6,1,l1_ms,48.275455,recorder
20260827-022806_perlmutter_5bc126dd,ours_l01_s2_oracle_noshard_trace-610042_b8_k8_isolated,isolated,ours,6,2,l1_ms,48.912544,recorder
20260827-022806_perlmutter_5bc126dd,ours_l01_s2_oracle_noshard_trace-610042_b8_k8_isolated,isolated,ours,6,3,l1_ms,48.108864,recorder
20260827-022806_perlmutter_5bc126dd,ours_l01_s2_oracle_noshard_trace-610042_b8_k8_isolated,isolated,ours,6,4,l1_ms,42.579582,recorder
20260827-022806_perlmutter_5bc126dd,ours_l01_s2_oracle_noshard_trace-610042_b8_k8_isolated,isolated,ours,6,5,l1_ms,37.903934,recorder
20260827-022806_perlmutter_5bc126dd,ours_l01_s2_oracle_noshard_trace-610042_b8_k8_isolated,isolated,ours,6,6,l1_ms,47.607937,recorder
20260827-022806_perlmutter_5bc126dd,ours_l01_s2_oracle_noshard_trace-610042_b8_k8_isolated,isolated,ours,6,7,l1_ms,46.852833,recorder
20260827-022806_perlmutter_5bc126dd,ours_l01_s2_oracle_noshard_trace-610042_b8_k8_isolated,isolated,ours,6,8,l1_ms,47.066528,recorder
20260827-022806_perlmutter_5bc126dd,ours_l01_s2_oracle_noshard_trace-610042_b8_k8_isolated,isolated,ours,6,9,l1_ms,53.537216,recorder
20260827-022806_perlmutter_5bc126dd,ours_l01_s2_oracle_noshard_trace-610042_b8_k8_isolated,isolated,ours,6,0,plan_comm_ms,0.797568,recorder
20260827-022806_perlmutter_5bc126dd,ours_l01_s2_oracle_noshard_trace-610042_b8_k8_isolated,isolated,ours,6,1,plan_comm_ms,0.257408,recorder
20260827-022806_perlmutter_5bc126dd,ours_l01_s2_oracle_noshard_trace-610042_b8_k8_isolated,isolated,ours,6,2,plan_comm_ms,0.21408,recorder
20260827-022806_perlmutter_5bc126dd,ours_l01_s2_oracle_noshard_trace-610042_b8_k8_isolated,isolated,ours,6,3,plan_comm_ms,0.339136,recorder
20260827-022806_perlmutter_5bc126dd,ours_l01_s2_oracle_noshard_trace-610042_b8_k8_isolated,isolated,ours,6,4,plan_comm_ms,0.257504,recorder
20260827-022806_perlmutter_5bc126dd,ours_l01_s2_oracle_noshard_trace-610042_b8_k8_isolated,isolated,ours,6,5,plan_comm_ms,0.212064,recorder
20260827-022806_perlmutter_5bc126dd,ours_l01_s2_oracle_noshard_trace-610042_b8_k8_isolated,isolated,ours,6,6,plan_comm_ms,0.599392,recorder
20260827-022806_perlmutter_5bc126dd,ours_l01_s2_oracle_noshard_trace-610042_b8_k8_isolated,isolated,ours,6,7,plan_comm_ms,0.278624,recorder
20260827-022806_perlmutter_5bc126dd,ours_l01_s2_oracle_noshard_trace-610042_b8_k8_isolated,isolated,ours,6,8,plan_comm_ms,0.760512,recorder
20260827-022806_perlmutter_5bc126dd,ours_l01_s2_oracle_noshard_trace-610042_b8_k8_isolated,isolated,ours,6,9,plan_comm_ms,0.286016,recorder
20260827-022806_perlmutter_5bc126dd,ours_l01_s2_oracle_noshard_trace-610042_b8_k8_isolated,isolated,ours,6,0,place_ms,4.148736,recorder
20260827-022806_perlmutter_5bc126dd,ours_l01_s2_oracle_noshard_trace-610042_b8_k8_isolated,isolated,ours,6,1,place_ms,4.30928,recorder
20260827-022806_perlmutter_5bc126dd,ours_l01_s2_oracle_noshard_trace-610042_b8_k8_isolated,isolated,ours,6,2,place_ms,4.271008,recorder
20260827-022806_perlmutter_5bc126dd,ours_l01_s2_oracle_noshard_trace-610042_b8_k8_isolated,isolated,ours,6,3,place_ms,4.122432,recorder
20260827-022806_perlmutter_5bc126dd,ours_l01_s2_oracle_noshard_trace-610042_b8_k8_isolated,isolated,ours,6,4,place_ms,4.213024,recorder
20260827-022806_perlmutter_5bc126dd,ours_l01_s2_oracle_noshard_trace-610042_b8_k8_isolated,isolated,ours,6,5,place_ms,4.289632,recorder
20260827-022806_perlmutter_5bc126dd,ours_l01_s2_oracle_noshard_trace-610042_b8_k8_isolated,isolated,ours,6,6,place_ms,4.15904,recorder
20260827-022806_perlmutter_5bc126dd,ours_l01_s2_oracle_noshard_trace-610042_b8_k8_isolated,isolated,ours,6,7,place_ms,4.344256,recorder
20260827-022806_perlmutter_5bc126dd,ours_l01_s2_oracle_noshard_trace-610042_b8_k8_isolated,isolated,ours,6,8,place_ms,4.17904,recorder
20260827-022806_perlmutter_5bc126dd,ours_l01_s2_oracle_noshard_trace-610042_b8_k8_isolated,isolated,ours,6,9,place_ms,4.099904,recorder
20260827-022806_perlmutter_5bc126dd,ours_l01_s2_oracle_noshard_trace-610042_b8_k8_isolated,isolated,ours,6,0,plan_ms,3.045952,recorder
20260827-022806_perlmutter_5bc126dd,ours_l01_s2_oracle_noshard_trace-610042_b8_k8_isolated,isolated,ours,6,1,plan_ms,2.209696,recorder
20260827-022806_perlmutter_5bc126dd,ours_l01_s2_oracle_noshard_trace-610042_b8_k8_isolated,isolated,ours,6,2,plan_ms,2.212448,recorder
20260827-022806_perlmutter_5bc126dd,ours_l01_s2_oracle_noshard_trace-610042_b8_k8_isolated,isolated,ours,6,3,plan_ms,2.10352,recorder
20260827-022806_perlmutter_5bc126dd,ours_l01_s2_oracle_noshard_trace-610042_b8_k8_isolated,isolated,ours,6,4,plan_ms,2.210816,recorder
20260827-022806_perlmutter_5bc126dd,ours_l01_s2_oracle_noshard_trace-610042_b8_k8_isolated,isolated,ours,6,5,plan_ms,1.740544,recorder
20260827-022806_perlmutter_5bc126dd,ours_l01_s2_oracle_noshard_trace-610042_b8_k8_isolated,isolated,ours,6,6,plan_ms,2.131488,recorder
20260827-022806_perlmutter_5bc126dd,ours_l01_s2_oracle_noshard_trace-610042_b8_k8_isolated,isolated,ours,6,7,plan_ms,2.061792,recorder
20260827-022806_perlmutter_5bc126dd,ours_l01_s2_oracle_noshard_trace-610042_b8_k8_isolated,isolated,ours,6,8,plan_ms,1.97472,recorder
20260827-022806_perlmutter_5bc126dd,ours_l01_s2_oracle_noshard_trace-610042_b8_k8_isolated,isolated,ours,6,9,plan_ms,2.557376,recorder
20260827-022806_perlmutter_5bc126dd,ours_l01_s2_oracle_noshard_trace-610042_b8_k8_isolated,isolated,ours,6,0,total_ms,124.743324,recorder
20260827-022806_perlmutter_5bc126dd,ours_l01_s2_oracle_noshard_trace-610042_b8_k8_isolated,isolated,ours,6,1,total_ms,116.531296,recorder
20260827-022806_perlmutter_5bc126dd,ours_l01_s2_oracle_noshard_trace-610042_b8_k8_isolated,isolated,ours,6,2,total_ms,120.012993,recorder
20260827-022806_perlmutter_5bc126dd,ours_l01_s2_oracle_noshard_trace-610042_b8_k8_isolated,isolated,ours,6,3,total_ms,119.726753,recorder
20260827-022806_perlmutter_5bc126dd,ours_l01_s2_oracle_noshard_trace-610042_b8_k8_isolated,isolated,ours,6,4,total_ms,116.841118,recorder
20260827-022806_perlmutter_5bc126dd,ours_l01_s2_oracle_noshard_trace-610042_b8_k8_isolated,isolated,ours,6,5,total_ms,114.585373,recorder
20260827-022806_perlmutter_5bc126dd,ours_l01_s2_oracle_noshard_trace-610042_b8_k8_isolated,isolated,ours,6,6,total_ms,117.499458,recorder
20260827-022806_perlmutter_5bc126dd,ours_l01_s2_oracle_noshard_trace-610042_b8_k8_isolated,isolated,ours,6,7,total_ms,113.73571,recorder
20260827-022806_perlmutter_5bc126dd,ours_l01_s2_oracle_noshard_trace-610042_b8_k8_isolated,isolated,ours,6,8,total_ms,119.141411,recorder
20260827-022806_perlmutter_5bc126dd,ours_l01_s2_oracle_noshard_trace-610042_b8_k8_isolated,isolated,ours,6,9,total_ms,120.906433,recorder
20260827-022806_perlmutter_5bc126dd,ours_l01_s2_oracle_noshard_trace-610042_b8_k8_isolated,isolated,ours,6,0,iso_sync_ms,1.020284,recorder
20260827-022806_perlmutter_5bc126dd,ours_l01_s2_oracle_noshard_trace-610042_b8_k8_isolated,isolated,ours,6,1,iso_sync_ms,0.563721,recorder
20260827-022806_perlmutter_5bc126dd,ours_l01_s2_oracle_noshard_trace-610042_b8_k8_isolated,isolated,ours,6,2,iso_sync_ms,0.188966,recorder
20260827-022806_perlmutter_5bc126dd,ours_l01_s2_oracle_noshard_trace-610042_b8_k8_isolated,isolated,ours,6,3,iso_sync_ms,0.546046,recorder
20260827-022806_perlmutter_5bc126dd,ours_l01_s2_oracle_noshard_trace-610042_b8_k8_isolated,isolated,ours,6,4,iso_sync_ms,0.550275,recorder
20260827-022806_perlmutter_5bc126dd,ours_l01_s2_oracle_noshard_trace-610042_b8_k8_isolated,isolated,ours,6,5,iso_sync_ms,0.829395,recorder
20260827-022806_perlmutter_5bc126dd,ours_l01_s2_oracle_noshard_trace-610042_b8_k8_isolated,isolated,ours,6,6,iso_sync_ms,0.704463,recorder
20260827-022806_perlmutter_5bc126dd,ours_l01_s2_oracle_noshard_trace-610042_b8_k8_isolated,isolated,ours,6,7,iso_sync_ms,0.52707,recorder
20260827-022806_perlmutter_5bc126dd,ours_l01_s2_oracle_noshard_trace-610042_b8_k8_isolated,isolated,ours,6,8,iso_sync_ms,1.058357,recorder
20260827-022806_perlmutter_5bc126dd,ours_l01_s2_oracle_noshard_trace-610042_b8_k8_isolated,isolated,ours,6,9,iso_sync_ms,1.3128,recorder
20260827-022806_perlmutter_5bc126dd,ours_l01_s2_oracle_noshard_trace-610042_b8_k8_isolated,isolated,ours,7,0,e2e_ms,116.695488,recorder
20260827-022806_perlmutter_5bc126dd,ours_l01_s2_oracle_noshard_trace-610042_b8_k8_isolated,isolated,ours,7,1,e2e_ms,109.785858,recorder
20260827-022806_perlmutter_5bc126dd,ours_l01_s2_oracle_noshard_trace-610042_b8_k8_isolated,isolated,ours,7,2,e2e_ms,113.285789,recorder
20260827-022806_perlmutter_5bc126dd,ours_l01_s2_oracle_noshard_trace-610042_b8_k8_isolated,isolated,ours,7,3,e2e_ms,113.098396,recorder
20260827-022806_perlmutter_5bc126dd,ours_l01_s2_oracle_noshard_trace-610042_b8_k8_isolated,isolated,ours,7,4,e2e_ms,110.11232,recorder
20260827-022806_perlmutter_5bc126dd,ours_l01_s2_oracle_noshard_trace-610042_b8_k8_isolated,isolated,ours,7,5,e2e_ms,108.304062,recorder
20260827-022806_perlmutter_5bc126dd,ours_l01_s2_oracle_noshard_trace-610042_b8_k8_isolated,isolated,ours,7,6,e2e_ms,110.524544,recorder
20260827-022806_perlmutter_5bc126dd,ours_l01_s2_oracle_noshard_trace-610042_b8_k8_isolated,isolated,ours,7,7,e2e_ms,106.936127,recorder
20260827-022806_perlmutter_5bc126dd,ours_l01_s2_oracle_noshard_trace-610042_b8_k8_isolated,isolated,ours,7,8,e2e_ms,112.11216,recorder
20260827-022806_perlmutter_5bc126dd,ours_l01_s2_oracle_noshard_trace-610042_b8_k8_isolated,isolated,ours,7,9,e2e_ms,113.950912,recorder
20260827-022806_perlmutter_5bc126dd,ours_l01_s2_oracle_noshard_trace-610042_b8_k8_isolated,isolated,ours,7,0,l0_ms,79.629631,recorder
20260827-022806_perlmutter_5bc126dd,ours_l01_s2_oracle_noshard_trace-610042_b8_k8_isolated,isolated,ours,7,1,l0_ms,63.793953,recorder
20260827-022806_perlmutter_5bc126dd,ours_l01_s2_oracle_noshard_trace-610042_b8_k8_isolated,isolated,ours,7,2,l0_ms,66.244675,recorder
20260827-022806_perlmutter_5bc126dd,ours_l01_s2_oracle_noshard_trace-610042_b8_k8_isolated,isolated,ours,7,3,l0_ms,65.653023,recorder
20260827-022806_perlmutter_5bc126dd,ours_l01_s2_oracle_noshard_trace-610042_b8_k8_isolated,isolated,ours,7,4,l0_ms,67.244896,recorder
20260827-022806_perlmutter_5bc126dd,ours_l01_s2_oracle_noshard_trace-610042_b8_k8_isolated,isolated,ours,7,5,l0_ms,69.751907,recorder
20260827-022806_perlmutter_5bc126dd,ours_l01_s2_oracle_noshard_trace-610042_b8_k8_isolated,isolated,ours,7,6,l0_ms,59.750786,recorder
20260827-022806_perlmutter_5bc126dd,ours_l01_s2_oracle_noshard_trace-610042_b8_k8_isolated,isolated,ours,7,7,l0_ms,59.068417,recorder
20260827-022806_perlmutter_5bc126dd,ours_l01_s2_oracle_noshard_trace-610042_b8_k8_isolated,isolated,ours,7,8,l0_ms,66.756447,recorder
20260827-022806_perlmutter_5bc126dd,ours_l01_s2_oracle_noshard_trace-610042_b8_k8_isolated,isolated,ours,7,9,l0_ms,59.999264,recorder
20260827-022806_perlmutter_5bc126dd,ours_l01_s2_oracle_noshard_trace-610042_b8_k8_isolated,isolated,ours,7,0,act_ms,0.036736,recorder
20260827-022806_perlmutter_5bc126dd,ours_l01_s2_oracle_noshard_trace-610042_b8_k8_isolated,isolated,ours,7,1,act_ms,0.042592,recorder
20260827-022806_perlmutter_5bc126dd,ours_l01_s2_oracle_noshard_trace-610042_b8_k8_isolated,isolated,ours,7,2,act_ms,0.031584,recorder
20260827-022806_perlmutter_5bc126dd,ours_l01_s2_oracle_noshard_trace-610042_b8_k8_isolated,isolated,ours,7,3,act_ms,0.03584,recorder
20260827-022806_perlmutter_5bc126dd,ours_l01_s2_oracle_noshard_trace-610042_b8_k8_isolated,isolated,ours,7,4,act_ms,0.042976,recorder
20260827-022806_perlmutter_5bc126dd,ours_l01_s2_oracle_noshard_trace-610042_b8_k8_isolated,isolated,ours,7,5,act_ms,0.036096,recorder
20260827-022806_perlmutter_5bc126dd,ours_l01_s2_oracle_noshard_trace-610042_b8_k8_isolated,isolated,ours,7,6,act_ms,0.042784,recorder
20260827-022806_perlmutter_5bc126dd,ours_l01_s2_oracle_noshard_trace-610042_b8_k8_isolated,isolated,ours,7,7,act_ms,0.040544,recorder
20260827-022806_perlmutter_5bc126dd,ours_l01_s2_oracle_noshard_trace-610042_b8_k8_isolated,isolated,ours,7,8,act_ms,0.044864,recorder
20260827-022806_perlmutter_5bc126dd,ours_l01_s2_oracle_noshard_trace-610042_b8_k8_isolated,isolated,ours,7,9,act_ms,0.038944,recorder
20260827-022806_perlmutter_5bc126dd,ours_l01_s2_oracle_noshard_trace-610042_b8_k8_isolated,isolated,ours,7,0,l1_ms,37.029121,recorder
20260827-022806_perlmutter_5bc126dd,ours_l01_s2_oracle_noshard_trace-610042_b8_k8_isolated,isolated,ours,7,1,l1_ms,45.94931,recorder
20260827-022806_perlmutter_5bc126dd,ours_l01_s2_oracle_noshard_trace-610042_b8_k8_isolated,isolated,ours,7,2,l1_ms,47.009537,recorder
20260827-022806_perlmutter_5bc126dd,ours_l01_s2_oracle_noshard_trace-610042_b8_k8_isolated,isolated,ours,7,3,l1_ms,47.409534,recorder
20260827-022806_perlmutter_5bc126dd,ours_l01_s2_oracle_noshard_trace-610042_b8_k8_isolated,isolated,ours,7,4,l1_ms,42.824448,recorder
20260827-022806_perlmutter_5bc126dd,ours_l01_s2_oracle_noshard_trace-610042_b8_k8_isolated,isolated,ours,7,5,l1_ms,38.516064,recorder
20260827-022806_perlmutter_5bc126dd,ours_l01_s2_oracle_noshard_trace-610042_b8_k8_isolated,isolated,ours,7,6,l1_ms,50.730976,recorder
20260827-022806_perlmutter_5bc126dd,ours_l01_s2_oracle_noshard_trace-610042_b8_k8_isolated,isolated,ours,7,7,l1_ms,47.827168,recorder
20260827-022806_perlmutter_5bc126dd,ours_l01_s2_oracle_noshard_trace-610042_b8_k8_isolated,isolated,ours,7,8,l1_ms,45.310848,recorder
20260827-022806_perlmutter_5bc126dd,ours_l01_s2_oracle_noshard_trace-610042_b8_k8_isolated,isolated,ours,7,9,l1_ms,53.912704,recorder
20260827-022806_perlmutter_5bc126dd,ours_l01_s2_oracle_noshard_trace-610042_b8_k8_isolated,isolated,ours,7,0,plan_comm_ms,0.800992,recorder
20260827-022806_perlmutter_5bc126dd,ours_l01_s2_oracle_noshard_trace-610042_b8_k8_isolated,isolated,ours,7,1,plan_comm_ms,0.254624,recorder
20260827-022806_perlmutter_5bc126dd,ours_l01_s2_oracle_noshard_trace-610042_b8_k8_isolated,isolated,ours,7,2,plan_comm_ms,0.211648,recorder
20260827-022806_perlmutter_5bc126dd,ours_l01_s2_oracle_noshard_trace-610042_b8_k8_isolated,isolated,ours,7,3,plan_comm_ms,0.270688,recorder
20260827-022806_perlmutter_5bc126dd,ours_l01_s2_oracle_noshard_trace-610042_b8_k8_isolated,isolated,ours,7,4,plan_comm_ms,0.261344,recorder
20260827-022806_perlmutter_5bc126dd,ours_l01_s2_oracle_noshard_trace-610042_b8_k8_isolated,isolated,ours,7,5,plan_comm_ms,0.213856,recorder
20260827-022806_perlmutter_5bc126dd,ours_l01_s2_oracle_noshard_trace-610042_b8_k8_isolated,isolated,ours,7,6,plan_comm_ms,0.553408,recorder
20260827-022806_perlmutter_5bc126dd,ours_l01_s2_oracle_noshard_trace-610042_b8_k8_isolated,isolated,ours,7,7,plan_comm_ms,0.259072,recorder
20260827-022806_perlmutter_5bc126dd,ours_l01_s2_oracle_noshard_trace-610042_b8_k8_isolated,isolated,ours,7,8,plan_comm_ms,0.762784,recorder
20260827-022806_perlmutter_5bc126dd,ours_l01_s2_oracle_noshard_trace-610042_b8_k8_isolated,isolated,ours,7,9,plan_comm_ms,0.284224,recorder
20260827-022806_perlmutter_5bc126dd,ours_l01_s2_oracle_noshard_trace-610042_b8_k8_isolated,isolated,ours,7,0,place_ms,4.22128,recorder
20260827-022806_perlmutter_5bc126dd,ours_l01_s2_oracle_noshard_trace-610042_b8_k8_isolated,isolated,ours,7,1,place_ms,4.623168,recorder
20260827-022806_perlmutter_5bc126dd,ours_l01_s2_oracle_noshard_trace-610042_b8_k8_isolated,isolated,ours,7,2,place_ms,4.321504,recorder
20260827-022806_perlmutter_5bc126dd,ours_l01_s2_oracle_noshard_trace-610042_b8_k8_isolated,isolated,ours,7,3,place_ms,4.529472,recorder
20260827-022806_perlmutter_5bc126dd,ours_l01_s2_oracle_noshard_trace-610042_b8_k8_isolated,isolated,ours,7,4,place_ms,4.239616,recorder
20260827-022806_perlmutter_5bc126dd,ours_l01_s2_oracle_noshard_trace-610042_b8_k8_isolated,isolated,ours,7,5,place_ms,4.332096,recorder
20260827-022806_perlmutter_5bc126dd,ours_l01_s2_oracle_noshard_trace-610042_b8_k8_isolated,isolated,ours,7,6,place_ms,4.575808,recorder
20260827-022806_perlmutter_5bc126dd,ours_l01_s2_oracle_noshard_trace-610042_b8_k8_isolated,isolated,ours,7,7,place_ms,4.720288,recorder
20260827-022806_perlmutter_5bc126dd,ours_l01_s2_oracle_noshard_trace-610042_b8_k8_isolated,isolated,ours,7,8,place_ms,4.311808,recorder
20260827-022806_perlmutter_5bc126dd,ours_l01_s2_oracle_noshard_trace-610042_b8_k8_isolated,isolated,ours,7,9,place_ms,4.17872,recorder
20260827-022806_perlmutter_5bc126dd,ours_l01_s2_oracle_noshard_trace-610042_b8_k8_isolated,isolated,ours,7,0,plan_ms,3.0104,recorder
20260827-022806_perlmutter_5bc126dd,ours_l01_s2_oracle_noshard_trace-610042_b8_k8_isolated,isolated,ours,7,1,plan_ms,1.854816,recorder
20260827-022806_perlmutter_5bc126dd,ours_l01_s2_oracle_noshard_trace-610042_b8_k8_isolated,isolated,ours,7,2,plan_ms,2.177376,recorder
20260827-022806_perlmutter_5bc126dd,ours_l01_s2_oracle_noshard_trace-610042_b8_k8_isolated,isolated,ours,7,3,plan_ms,1.746144,recorder
20260827-022806_perlmutter_5bc126dd,ours_l01_s2_oracle_noshard_trace-610042_b8_k8_isolated,isolated,ours,7,4,plan_ms,2.212576,recorder
20260827-022806_perlmutter_5bc126dd,ours_l01_s2_oracle_noshard_trace-610042_b8_k8_isolated,isolated,ours,7,5,plan_ms,1.725952,recorder
20260827-022806_perlmutter_5bc126dd,ours_l01_s2_oracle_noshard_trace-610042_b8_k8_isolated,isolated,ours,7,6,plan_ms,1.791712,recorder
20260827-022806_perlmutter_5bc126dd,ours_l01_s2_oracle_noshard_trace-610042_b8_k8_isolated,isolated,ours,7,7,plan_ms,1.79072,recorder
20260827-022806_perlmutter_5bc126dd,ours_l01_s2_oracle_noshard_trace-610042_b8_k8_isolated,isolated,ours,7,8,plan_ms,1.938976,recorder
20260827-022806_perlmutter_5bc126dd,ours_l01_s2_oracle_noshard_trace-610042_b8_k8_isolated,isolated,ours,7,9,plan_ms,2.480704,recorder
20260827-022806_perlmutter_5bc126dd,ours_l01_s2_oracle_noshard_trace-610042_b8_k8_isolated,isolated,ours,7,0,total_ms,124.743263,recorder
20260827-022806_perlmutter_5bc126dd,ours_l01_s2_oracle_noshard_trace-610042_b8_k8_isolated,isolated,ours,7,1,total_ms,116.532188,recorder
20260827-022806_perlmutter_5bc126dd,ours_l01_s2_oracle_noshard_trace-610042_b8_k8_isolated,isolated,ours,7,2,total_ms,120.010979,recorder
20260827-022806_perlmutter_5bc126dd,ours_l01_s2_oracle_noshard_trace-610042_b8_k8_isolated,isolated,ours,7,3,total_ms,119.659904,recorder
20260827-022806_perlmutter_5bc126dd,ours_l01_s2_oracle_noshard_trace-610042_b8_k8_isolated,isolated,ours,7,4,total_ms,116.840195,recorder
20260827-022806_perlmutter_5bc126dd,ours_l01_s2_oracle_noshard_trace-610042_b8_k8_isolated,isolated,ours,7,5,total_ms,114.589569,recorder
20260827-022806_perlmutter_5bc126dd,ours_l01_s2_oracle_noshard_trace-610042_b8_k8_isolated,isolated,ours,7,6,total_ms,117.459839,recorder
20260827-022806_perlmutter_5bc126dd,ours_l01_s2_oracle_noshard_trace-610042_b8_k8_isolated,isolated,ours,7,7,total_ms,113.720734,recorder
20260827-022806_perlmutter_5bc126dd,ours_l01_s2_oracle_noshard_trace-610042_b8_k8_isolated,isolated,ours,7,8,total_ms,119.139999,recorder
20260827-022806_perlmutter_5bc126dd,ours_l01_s2_oracle_noshard_trace-610042_b8_k8_isolated,isolated,ours,7,9,total_ms,120.909058,recorder
20260827-022806_perlmutter_5bc126dd,ours_l01_s2_oracle_noshard_trace-610042_b8_k8_isolated,isolated,ours,7,0,iso_sync_ms,0.958123,recorder
20260827-022806_perlmutter_5bc126dd,ours_l01_s2_oracle_noshard_trace-610042_b8_k8_isolated,isolated,ours,7,1,iso_sync_ms,0.420965,recorder
20260827-022806_perlmutter_5bc126dd,ours_l01_s2_oracle_noshard_trace-610042_b8_k8_isolated,isolated,ours,7,2,iso_sync_ms,0.184066,recorder
20260827-022806_perlmutter_5bc126dd,ours_l01_s2_oracle_noshard_trace-610042_b8_k8_isolated,isolated,ours,7,3,iso_sync_ms,0.277076,recorder
20260827-022806_perlmutter_5bc126dd,ours_l01_s2_oracle_noshard_trace-610042_b8_k8_isolated,isolated,ours,7,4,iso_sync_ms,0.538923,recorder
20260827-022806_perlmutter_5bc126dd,ours_l01_s2_oracle_noshard_trace-610042_b8_k8_isolated,isolated,ours,7,5,iso_sync_ms,0.820077,recorder
20260827-022806_perlmutter_5bc126dd,ours_l01_s2_oracle_noshard_trace-610042_b8_k8_isolated,isolated,ours,7,6,iso_sync_ms,0.298096,recorder
20260827-022806_perlmutter_5bc126dd,ours_l01_s2_oracle_noshard_trace-610042_b8_k8_isolated,isolated,ours,7,7,iso_sync_ms,0.407448,recorder
20260827-022806_perlmutter_5bc126dd,ours_l01_s2_oracle_noshard_trace-610042_b8_k8_isolated,isolated,ours,7,8,iso_sync_ms,1.017168,recorder
20260827-022806_perlmutter_5bc126dd,ours_l01_s2_oracle_noshard_trace-610042_b8_k8_isolated,isolated,ours,7,9,iso_sync_ms,1.318661,recorder
20260827-022806_perlmutter_5bc126dd,ours_l01_s2_oracle_noshard_trace-610042_b8_k8_isolated,isolated,ours,8,0,e2e_ms,116.675392,recorder
20260827-022806_perlmutter_5bc126dd,ours_l01_s2_oracle_noshard_trace-610042_b8_k8_isolated,isolated,ours,8,1,e2e_ms,109.860382,recorder
20260827-022806_perlmutter_5bc126dd,ours_l01_s2_oracle_noshard_trace-610042_b8_k8_isolated,isolated,ours,8,2,e2e_ms,113.23571,recorder
20260827-022806_perlmutter_5bc126dd,ours_l01_s2_oracle_noshard_trace-610042_b8_k8_isolated,isolated,ours,8,3,e2e_ms,112.91021,recorder
20260827-022806_perlmutter_5bc126dd,ours_l01_s2_oracle_noshard_trace-610042_b8_k8_isolated,isolated,ours,8,4,e2e_ms,110.105247,recorder
20260827-022806_perlmutter_5bc126dd,ours_l01_s2_oracle_noshard_trace-610042_b8_k8_isolated,isolated,ours,8,5,e2e_ms,108.301186,recorder
20260827-022806_perlmutter_5bc126dd,ours_l01_s2_oracle_noshard_trace-610042_b8_k8_isolated,isolated,ours,8,6,e2e_ms,110.585052,recorder
20260827-022806_perlmutter_5bc126dd,ours_l01_s2_oracle_noshard_trace-610042_b8_k8_isolated,isolated,ours,8,7,e2e_ms,107.017471,recorder
20260827-022806_perlmutter_5bc126dd,ours_l01_s2_oracle_noshard_trace-610042_b8_k8_isolated,isolated,ours,8,8,e2e_ms,112.166466,recorder
20260827-022806_perlmutter_5bc126dd,ours_l01_s2_oracle_noshard_trace-610042_b8_k8_isolated,isolated,ours,8,9,e2e_ms,113.748924,recorder
20260827-022806_perlmutter_5bc126dd,ours_l01_s2_oracle_noshard_trace-610042_b8_k8_isolated,isolated,ours,8,0,l0_ms,72.633087,recorder
20260827-022806_perlmutter_5bc126dd,ours_l01_s2_oracle_noshard_trace-610042_b8_k8_isolated,isolated,ours,8,1,l0_ms,61.687328,recorder
20260827-022806_perlmutter_5bc126dd,ours_l01_s2_oracle_noshard_trace-610042_b8_k8_isolated,isolated,ours,8,2,l0_ms,64.149506,recorder
20260827-022806_perlmutter_5bc126dd,ours_l01_s2_oracle_noshard_trace-610042_b8_k8_isolated,isolated,ours,8,3,l0_ms,65.49469,recorder
20260827-022806_perlmutter_5bc126dd,ours_l01_s2_oracle_noshard_trace-610042_b8_k8_isolated,isolated,ours,8,4,l0_ms,72.802399,recorder
20260827-022806_perlmutter_5bc126dd,ours_l01_s2_oracle_noshard_trace-610042_b8_k8_isolated,isolated,ours,8,5,l0_ms,67.933601,recorder
20260827-022806_perlmutter_5bc126dd,ours_l01_s2_oracle_noshard_trace-610042_b8_k8_isolated,isolated,ours,8,6,l0_ms,64.504066,recorder
20260827-022806_perlmutter_5bc126dd,ours_l01_s2_oracle_noshard_trace-610042_b8_k8_isolated,isolated,ours,8,7,l0_ms,60.978848,recorder
20260827-022806_perlmutter_5bc126dd,ours_l01_s2_oracle_noshard_trace-610042_b8_k8_isolated,isolated,ours,8,8,l0_ms,70.375839,recorder
20260827-022806_perlmutter_5bc126dd,ours_l01_s2_oracle_noshard_trace-610042_b8_k8_isolated,isolated,ours,8,9,l0_ms,61.024574,recorder
20260827-022806_perlmutter_5bc126dd,ours_l01_s2_oracle_noshard_trace-610042_b8_k8_isolated,isolated,ours,8,0,act_ms,0.041344,recorder
20260827-022806_perlmutter_5bc126dd,ours_l01_s2_oracle_noshard_trace-610042_b8_k8_isolated,isolated,ours,8,1,act_ms,0.044672,recorder
20260827-022806_perlmutter_5bc126dd,ours_l01_s2_oracle_noshard_trace-610042_b8_k8_isolated,isolated,ours,8,2,act_ms,0.035328,recorder
20260827-022806_perlmutter_5bc126dd,ours_l01_s2_oracle_noshard_trace-610042_b8_k8_isolated,isolated,ours,8,3,act_ms,0.043488,recorder
20260827-022806_perlmutter_5bc126dd,ours_l01_s2_oracle_noshard_trace-610042_b8_k8_isolated,isolated,ours,8,4,act_ms,0.045824,recorder
20260827-022806_perlmutter_5bc126dd,ours_l01_s2_oracle_noshard_trace-610042_b8_k8_isolated,isolated,ours,8,5,act_ms,0.043936,recorder
20260827-022806_perlmutter_5bc126dd,ours_l01_s2_oracle_noshard_trace-610042_b8_k8_isolated,isolated,ours,8,6,act_ms,0.045888,recorder
20260827-022806_perlmutter_5bc126dd,ours_l01_s2_oracle_noshard_trace-610042_b8_k8_isolated,isolated,ours,8,7,act_ms,0.04576,recorder
20260827-022806_perlmutter_5bc126dd,ours_l01_s2_oracle_noshard_trace-610042_b8_k8_isolated,isolated,ours,8,8,act_ms,0.043872,recorder
20260827-022806_perlmutter_5bc126dd,ours_l01_s2_oracle_noshard_trace-610042_b8_k8_isolated,isolated,ours,8,9,act_ms,0.044192,recorder
20260827-022806_perlmutter_5bc126dd,ours_l01_s2_oracle_noshard_trace-610042_b8_k8_isolated,isolated,ours,8,0,l1_ms,44.000961,recorder
20260827-022806_perlmutter_5bc126dd,ours_l01_s2_oracle_noshard_trace-610042_b8_k8_isolated,isolated,ours,8,1,l1_ms,48.128384,recorder
20260827-022806_perlmutter_5bc126dd,ours_l01_s2_oracle_noshard_trace-610042_b8_k8_isolated,isolated,ours,8,2,l1_ms,49.05088,recorder
20260827-022806_perlmutter_5bc126dd,ours_l01_s2_oracle_noshard_trace-610042_b8_k8_isolated,isolated,ours,8,3,l1_ms,47.372032,recorder
20260827-022806_perlmutter_5bc126dd,ours_l01_s2_oracle_noshard_trace-610042_b8_k8_isolated,isolated,ours,8,4,l1_ms,37.257023,recorder
20260827-022806_perlmutter_5bc126dd,ours_l01_s2_oracle_noshard_trace-610042_b8_k8_isolated,isolated,ours,8,5,l1_ms,40.323647,recorder
20260827-022806_perlmutter_5bc126dd,ours_l01_s2_oracle_noshard_trace-610042_b8_k8_isolated,isolated,ours,8,6,l1_ms,46.035103,recorder
20260827-022806_perlmutter_5bc126dd,ours_l01_s2_oracle_noshard_trace-610042_b8_k8_isolated,isolated,ours,8,7,l1_ms,45.992863,recorder
20260827-022806_perlmutter_5bc126dd,ours_l01_s2_oracle_noshard_trace-610042_b8_k8_isolated,isolated,ours,8,8,l1_ms,41.746754,recorder
20260827-022806_perlmutter_5bc126dd,ours_l01_s2_oracle_noshard_trace-610042_b8_k8_isolated,isolated,ours,8,9,l1_ms,52.680161,recorder
20260827-022806_perlmutter_5bc126dd,ours_l01_s2_oracle_noshard_trace-610042_b8_k8_isolated,isolated,ours,8,0,plan_comm_ms,0.835136,recorder
20260827-022806_perlmutter_5bc126dd,ours_l01_s2_oracle_noshard_trace-610042_b8_k8_isolated,isolated,ours,8,1,plan_comm_ms,0.263968,recorder
20260827-022806_perlmutter_5bc126dd,ours_l01_s2_oracle_noshard_trace-610042_b8_k8_isolated,isolated,ours,8,2,plan_comm_ms,0.212224,recorder
20260827-022806_perlmutter_5bc126dd,ours_l01_s2_oracle_noshard_trace-610042_b8_k8_isolated,isolated,ours,8,3,plan_comm_ms,0.343104,recorder
20260827-022806_perlmutter_5bc126dd,ours_l01_s2_oracle_noshard_trace-610042_b8_k8_isolated,isolated,ours,8,4,plan_comm_ms,0.25408,recorder
20260827-022806_perlmutter_5bc126dd,ours_l01_s2_oracle_noshard_trace-610042_b8_k8_isolated,isolated,ours,8,5,plan_comm_ms,0.219392,recorder
20260827-022806_perlmutter_5bc126dd,ours_l01_s2_oracle_noshard_trace-610042_b8_k8_isolated,isolated,ours,8,6,plan_comm_ms,0.601056,recorder
20260827-022806_perlmutter_5bc126dd,ours_l01_s2_oracle_noshard_trace-610042_b8_k8_isolated,isolated,ours,8,7,plan_comm_ms,0.275488,recorder
20260827-022806_perlmutter_5bc126dd,ours_l01_s2_oracle_noshard_trace-610042_b8_k8_isolated,isolated,ours,8,8,plan_comm_ms,0.758496,recorder
20260827-022806_perlmutter_5bc126dd,ours_l01_s2_oracle_noshard_trace-610042_b8_k8_isolated,isolated,ours,8,9,plan_comm_ms,0.249952,recorder
20260827-022806_perlmutter_5bc126dd,ours_l01_s2_oracle_noshard_trace-610042_b8_k8_isolated,isolated,ours,8,0,place_ms,4.211328,recorder
20260827-022806_perlmutter_5bc126dd,ours_l01_s2_oracle_noshard_trace-610042_b8_k8_isolated,isolated,ours,8,1,place_ms,4.324896,recorder
20260827-022806_perlmutter_5bc126dd,ours_l01_s2_oracle_noshard_trace-610042_b8_k8_isolated,isolated,ours,8,2,place_ms,4.349152,recorder
20260827-022806_perlmutter_5bc126dd,ours_l01_s2_oracle_noshard_trace-610042_b8_k8_isolated,isolated,ours,8,3,place_ms,4.192384,recorder
20260827-022806_perlmutter_5bc126dd,ours_l01_s2_oracle_noshard_trace-610042_b8_k8_isolated,isolated,ours,8,4,place_ms,4.269312,recorder
20260827-022806_perlmutter_5bc126dd,ours_l01_s2_oracle_noshard_trace-610042_b8_k8_isolated,isolated,ours,8,5,place_ms,4.341152,recorder
20260827-022806_perlmutter_5bc126dd,ours_l01_s2_oracle_noshard_trace-610042_b8_k8_isolated,isolated,ours,8,6,place_ms,4.01024,recorder
20260827-022806_perlmutter_5bc126dd,ours_l01_s2_oracle_noshard_trace-610042_b8_k8_isolated,isolated,ours,8,7,place_ms,4.211648,recorder
20260827-022806_perlmutter_5bc126dd,ours_l01_s2_oracle_noshard_trace-610042_b8_k8_isolated,isolated,ours,8,8,place_ms,4.132032,recorder
20260827-022806_perlmutter_5bc126dd,ours_l01_s2_oracle_noshard_trace-610042_b8_k8_isolated,isolated,ours,8,9,place_ms,4.75232,recorder
20260827-022806_perlmutter_5bc126dd,ours_l01_s2_oracle_noshard_trace-610042_b8_k8_isolated,isolated,ours,8,0,plan_ms,3.04656,recorder
20260827-022806_perlmutter_5bc126dd,ours_l01_s2_oracle_noshard_trace-610042_b8_k8_isolated,isolated,ours,8,1,plan_ms,2.071488,recorder
20260827-022806_perlmutter_5bc126dd,ours_l01_s2_oracle_noshard_trace-610042_b8_k8_isolated,isolated,ours,8,2,plan_ms,2.201472,recorder
20260827-022806_perlmutter_5bc126dd,ours_l01_s2_oracle_noshard_trace-610042_b8_k8_isolated,isolated,ours,8,3,plan_ms,2.276064,recorder
20260827-022806_perlmutter_5bc126dd,ours_l01_s2_oracle_noshard_trace-610042_b8_k8_isolated,isolated,ours,8,4,plan_ms,2.197472,recorder
20260827-022806_perlmutter_5bc126dd,ours_l01_s2_oracle_noshard_trace-610042_b8_k8_isolated,isolated,ours,8,5,plan_ms,1.721888,recorder
20260827-022806_perlmutter_5bc126dd,ours_l01_s2_oracle_noshard_trace-610042_b8_k8_isolated,isolated,ours,8,6,plan_ms,2.295776,recorder
20260827-022806_perlmutter_5bc126dd,ours_l01_s2_oracle_noshard_trace-610042_b8_k8_isolated,isolated,ours,8,7,plan_ms,2.209024,recorder
20260827-022806_perlmutter_5bc126dd,ours_l01_s2_oracle_noshard_trace-610042_b8_k8_isolated,isolated,ours,8,8,plan_ms,2.070944,recorder
20260827-022806_perlmutter_5bc126dd,ours_l01_s2_oracle_noshard_trace-610042_b8_k8_isolated,isolated,ours,8,9,plan_ms,2.099616,recorder
20260827-022806_perlmutter_5bc126dd,ours_l01_s2_oracle_noshard_trace-610042_b8_k8_isolated,isolated,ours,8,0,total_ms,124.782684,recorder
20260827-022806_perlmutter_5bc126dd,ours_l01_s2_oracle_noshard_trace-610042_b8_k8_isolated,isolated,ours,8,1,total_ms,116.534721,recorder
20260827-022806_perlmutter_5bc126dd,ours_l01_s2_oracle_noshard_trace-610042_b8_k8_isolated,isolated,ours,8,2,total_ms,120.013794,recorder
20260827-022806_perlmutter_5bc126dd,ours_l01_s2_oracle_noshard_trace-610042_b8_k8_isolated,isolated,ours,8,3,total_ms,119.735458,recorder
20260827-022806_perlmutter_5bc126dd,ours_l01_s2_oracle_noshard_trace-610042_b8_k8_isolated,isolated,ours,8,4,total_ms,116.841568,recorder
20260827-022806_perlmutter_5bc126dd,ours_l01_s2_oracle_noshard_trace-610042_b8_k8_isolated,isolated,ours,8,5,total_ms,114.598686,recorder
20260827-022806_perlmutter_5bc126dd,ours_l01_s2_oracle_noshard_trace-610042_b8_k8_isolated,isolated,ours,8,6,total_ms,117.506592,recorder
20260827-022806_perlmutter_5bc126dd,ours_l01_s2_oracle_noshard_trace-610042_b8_k8_isolated,isolated,ours,8,7,total_ms,113.729088,recorder
20260827-022806_perlmutter_5bc126dd,ours_l01_s2_oracle_noshard_trace-610042_b8_k8_isolated,isolated,ours,8,8,total_ms,119.142303,recorder
20260827-022806_perlmutter_5bc126dd,ours_l01_s2_oracle_noshard_trace-610042_b8_k8_isolated,isolated,ours,8,9,total_ms,120.865631,recorder
20260827-022806_perlmutter_5bc126dd,ours_l01_s2_oracle_noshard_trace-610042_b8_k8_isolated,isolated,ours,8,0,iso_sync_ms,0.966462,recorder
20260827-022806_perlmutter_5bc126dd,ours_l01_s2_oracle_noshard_trace-610042_b8_k8_isolated,isolated,ours,8,1,iso_sync_ms,0.538153,recorder
20260827-022806_perlmutter_5bc126dd,ours_l01_s2_oracle_noshard_trace-610042_b8_k8_isolated,isolated,ours,8,2,iso_sync_ms,0.185099,recorder
20260827-022806_perlmutter_5bc126dd,ours_l01_s2_oracle_noshard_trace-610042_b8_k8_isolated,isolated,ours,8,3,iso_sync_ms,0.525868,recorder
20260827-022806_perlmutter_5bc126dd,ours_l01_s2_oracle_noshard_trace-610042_b8_k8_isolated,isolated,ours,8,4,iso_sync_ms,0.540176,recorder
20260827-022806_perlmutter_5bc126dd,ours_l01_s2_oracle_noshard_trace-610042_b8_k8_isolated,isolated,ours,8,5,iso_sync_ms,0.79985,recorder
20260827-022806_perlmutter_5bc126dd,ours_l01_s2_oracle_noshard_trace-610042_b8_k8_isolated,isolated,ours,8,6,iso_sync_ms,0.685689,recorder
20260827-022806_perlmutter_5bc126dd,ours_l01_s2_oracle_noshard_trace-610042_b8_k8_isolated,isolated,ours,8,7,iso_sync_ms,0.508595,recorder
20260827-022806_perlmutter_5bc126dd,ours_l01_s2_oracle_noshard_trace-610042_b8_k8_isolated,isolated,ours,8,8,iso_sync_ms,1.056276,recorder
20260827-022806_perlmutter_5bc126dd,ours_l01_s2_oracle_noshard_trace-610042_b8_k8_isolated,isolated,ours,8,9,iso_sync_ms,0.915514,recorder
20260827-022806_perlmutter_5bc126dd,ours_l01_s2_oracle_noshard_trace-610042_b8_k8_isolated,isolated,ours,9,0,e2e_ms,116.712547,recorder
20260827-022806_perlmutter_5bc126dd,ours_l01_s2_oracle_noshard_trace-610042_b8_k8_isolated,isolated,ours,9,1,e2e_ms,109.916801,recorder
20260827-022806_perlmutter_5bc126dd,ours_l01_s2_oracle_noshard_trace-610042_b8_k8_isolated,isolated,ours,9,2,e2e_ms,113.290237,recorder
20260827-022806_perlmutter_5bc126dd,ours_l01_s2_oracle_noshard_trace-610042_b8_k8_isolated,isolated,ours,9,3,e2e_ms,113.000061,recorder
20260827-022806_perlmutter_5bc126dd,ours_l01_s2_oracle_noshard_trace-610042_b8_k8_isolated,isolated,ours,9,4,e2e_ms,110.106941,recorder
20260827-022806_perlmutter_5bc126dd,ours_l01_s2_oracle_noshard_trace-610042_b8_k8_isolated,isolated,ours,9,5,e2e_ms,108.18515,recorder
20260827-022806_perlmutter_5bc126dd,ours_l01_s2_oracle_noshard_trace-610042_b8_k8_isolated,isolated,ours,9,6,e2e_ms,110.602051,recorder
20260827-022806_perlmutter_5bc126dd,ours_l01_s2_oracle_noshard_trace-610042_b8_k8_isolated,isolated,ours,9,7,e2e_ms,107.060959,recorder
20260827-022806_perlmutter_5bc126dd,ours_l01_s2_oracle_noshard_trace-610042_b8_k8_isolated,isolated,ours,9,8,e2e_ms,112.151489,recorder
20260827-022806_perlmutter_5bc126dd,ours_l01_s2_oracle_noshard_trace-610042_b8_k8_isolated,isolated,ours,9,9,e2e_ms,113.802879,recorder
20260827-022806_perlmutter_5bc126dd,ours_l01_s2_oracle_noshard_trace-610042_b8_k8_isolated,isolated,ours,9,0,l0_ms,81.745506,recorder
20260827-022806_perlmutter_5bc126dd,ours_l01_s2_oracle_noshard_trace-610042_b8_k8_isolated,isolated,ours,9,1,l0_ms,61.201439,recorder
20260827-022806_perlmutter_5bc126dd,ours_l01_s2_oracle_noshard_trace-610042_b8_k8_isolated,isolated,ours,9,2,l0_ms,66.206268,recorder
20260827-022806_perlmutter_5bc126dd,ours_l01_s2_oracle_noshard_trace-610042_b8_k8_isolated,isolated,ours,9,3,l0_ms,63.655743,recorder
20260827-022806_perlmutter_5bc126dd,ours_l01_s2_oracle_noshard_trace-610042_b8_k8_isolated,isolated,ours,9,4,l0_ms,65.228897,recorder
20260827-022806_perlmutter_5bc126dd,ours_l01_s2_oracle_noshard_trace-610042_b8_k8_isolated,isolated,ours,9,5,l0_ms,65.238014,recorder
20260827-022806_perlmutter_5bc126dd,ours_l01_s2_oracle_noshard_trace-610042_b8_k8_isolated,isolated,ours,9,6,l0_ms,60.020161,recorder
20260827-022806_perlmutter_5bc126dd,ours_l01_s2_oracle_noshard_trace-610042_b8_k8_isolated,isolated,ours,9,7,l0_ms,61.885601,recorder
20260827-022806_perlmutter_5bc126dd,ours_l01_s2_oracle_noshard_trace-610042_b8_k8_isolated,isolated,ours,9,8,l0_ms,64.707581,recorder
20260827-022806_perlmutter_5bc126dd,ours_l01_s2_oracle_noshard_trace-610042_b8_k8_isolated,isolated,ours,9,9,l0_ms,60.003872,recorder
20260827-022806_perlmutter_5bc126dd,ours_l01_s2_oracle_noshard_trace-610042_b8_k8_isolated,isolated,ours,9,0,act_ms,0.036352,recorder
20260827-022806_perlmutter_5bc126dd,ours_l01_s2_oracle_noshard_trace-610042_b8_k8_isolated,isolated,ours,9,1,act_ms,0.038688,recorder
20260827-022806_perlmutter_5bc126dd,ours_l01_s2_oracle_noshard_trace-610042_b8_k8_isolated,isolated,ours,9,2,act_ms,0.034912,recorder
20260827-022806_perlmutter_5bc126dd,ours_l01_s2_oracle_noshard_trace-610042_b8_k8_isolated,isolated,ours,9,3,act_ms,0.039552,recorder
20260827-022806_perlmutter_5bc126dd,ours_l01_s2_oracle_noshard_trace-610042_b8_k8_isolated,isolated,ours,9,4,act_ms,0.040672,recorder
20260827-022806_perlmutter_5bc126dd,ours_l01_s2_oracle_noshard_trace-610042_b8_k8_isolated,isolated,ours,9,5,act_ms,0.040928,recorder
20260827-022806_perlmutter_5bc126dd,ours_l01_s2_oracle_noshard_trace-610042_b8_k8_isolated,isolated,ours,9,6,act_ms,0.042272,recorder
20260827-022806_perlmutter_5bc126dd,ours_l01_s2_oracle_noshard_trace-610042_b8_k8_isolated,isolated,ours,9,7,act_ms,0.038976,recorder
20260827-022806_perlmutter_5bc126dd,ours_l01_s2_oracle_noshard_trace-610042_b8_k8_isolated,isolated,ours,9,8,act_ms,0.039712,recorder
20260827-022806_perlmutter_5bc126dd,ours_l01_s2_oracle_noshard_trace-610042_b8_k8_isolated,isolated,ours,9,9,act_ms,0.040608,recorder
20260827-022806_perlmutter_5bc126dd,ours_l01_s2_oracle_noshard_trace-610042_b8_k8_isolated,isolated,ours,9,0,l1_ms,34.930687,recorder
20260827-022806_perlmutter_5bc126dd,ours_l01_s2_oracle_noshard_trace-610042_b8_k8_isolated,isolated,ours,9,1,l1_ms,48.676674,recorder
20260827-022806_perlmutter_5bc126dd,ours_l01_s2_oracle_noshard_trace-610042_b8_k8_isolated,isolated,ours,9,2,l1_ms,47.049057,recorder
20260827-022806_perlmutter_5bc126dd,ours_l01_s2_oracle_noshard_trace-610042_b8_k8_isolated,isolated,ours,9,3,l1_ms,49.304768,recorder
20260827-022806_perlmutter_5bc126dd,ours_l01_s2_oracle_noshard_trace-610042_b8_k8_isolated,isolated,ours,9,4,l1_ms,44.837376,recorder
20260827-022806_perlmutter_5bc126dd,ours_l01_s2_oracle_noshard_trace-610042_b8_k8_isolated,isolated,ours,9,5,l1_ms,42.906208,recorder
20260827-022806_perlmutter_5bc126dd,ours_l01_s2_oracle_noshard_trace-610042_b8_k8_isolated,isolated,ours,9,6,l1_ms,50.539616,recorder
20260827-022806_perlmutter_5bc126dd,ours_l01_s2_oracle_noshard_trace-610042_b8_k8_isolated,isolated,ours,9,7,l1_ms,45.136383,recorder
20260827-022806_perlmutter_5bc126dd,ours_l01_s2_oracle_noshard_trace-610042_b8_k8_isolated,isolated,ours,9,8,l1_ms,47.404194,recorder
20260827-022806_perlmutter_5bc126dd,ours_l01_s2_oracle_noshard_trace-610042_b8_k8_isolated,isolated,ours,9,9,l1_ms,53.7584,recorder
20260827-022806_perlmutter_5bc126dd,ours_l01_s2_oracle_noshard_trace-610042_b8_k8_isolated,isolated,ours,9,0,plan_comm_ms,0.834432,recorder
20260827-022806_perlmutter_5bc126dd,ours_l01_s2_oracle_noshard_trace-610042_b8_k8_isolated,isolated,ours,9,1,plan_comm_ms,0.267168,recorder
20260827-022806_perlmutter_5bc126dd,ours_l01_s2_oracle_noshard_trace-610042_b8_k8_isolated,isolated,ours,9,2,plan_comm_ms,0.22016,recorder
20260827-022806_perlmutter_5bc126dd,ours_l01_s2_oracle_noshard_trace-610042_b8_k8_isolated,isolated,ours,9,3,plan_comm_ms,0.345728,recorder
20260827-022806_perlmutter_5bc126dd,ours_l01_s2_oracle_noshard_trace-610042_b8_k8_isolated,isolated,ours,9,4,plan_comm_ms,0.264576,recorder
20260827-022806_perlmutter_5bc126dd,ours_l01_s2_oracle_noshard_trace-610042_b8_k8_isolated,isolated,ours,9,5,plan_comm_ms,0.217568,recorder
20260827-022806_perlmutter_5bc126dd,ours_l01_s2_oracle_noshard_trace-610042_b8_k8_isolated,isolated,ours,9,6,plan_comm_ms,0.603648,recorder
20260827-022806_perlmutter_5bc126dd,ours_l01_s2_oracle_noshard_trace-610042_b8_k8_isolated,isolated,ours,9,7,plan_comm_ms,0.28288,recorder
20260827-022806_perlmutter_5bc126dd,ours_l01_s2_oracle_noshard_trace-610042_b8_k8_isolated,isolated,ours,9,8,plan_comm_ms,0.7688,recorder
20260827-022806_perlmutter_5bc126dd,ours_l01_s2_oracle_noshard_trace-610042_b8_k8_isolated,isolated,ours,9,9,plan_comm_ms,0.264,recorder
20260827-022806_perlmutter_5bc126dd,ours_l01_s2_oracle_noshard_trace-610042_b8_k8_isolated,isolated,ours,9,0,place_ms,4.134496,recorder
20260827-022806_perlmutter_5bc126dd,ours_l01_s2_oracle_noshard_trace-610042_b8_k8_isolated,isolated,ours,9,1,place_ms,4.225376,recorder
20260827-022806_perlmutter_5bc126dd,ours_l01_s2_oracle_noshard_trace-610042_b8_k8_isolated,isolated,ours,9,2,place_ms,4.27312,recorder
20260827-022806_perlmutter_5bc126dd,ours_l01_s2_oracle_noshard_trace-610042_b8_k8_isolated,isolated,ours,9,3,place_ms,4.139264,recorder
20260827-022806_perlmutter_5bc126dd,ours_l01_s2_oracle_noshard_trace-610042_b8_k8_isolated,isolated,ours,9,4,place_ms,4.203808,recorder
20260827-022806_perlmutter_5bc126dd,ours_l01_s2_oracle_noshard_trace-610042_b8_k8_isolated,isolated,ours,9,5,place_ms,4.245856,recorder
20260827-022806_perlmutter_5bc126dd,ours_l01_s2_oracle_noshard_trace-610042_b8_k8_isolated,isolated,ours,9,6,place_ms,3.925568,recorder
20260827-022806_perlmutter_5bc126dd,ours_l01_s2_oracle_noshard_trace-610042_b8_k8_isolated,isolated,ours,9,7,place_ms,4.165376,recorder
20260827-022806_perlmutter_5bc126dd,ours_l01_s2_oracle_noshard_trace-610042_b8_k8_isolated,isolated,ours,9,8,place_ms,4.087008,recorder
20260827-022806_perlmutter_5bc126dd,ours_l01_s2_oracle_noshard_trace-610042_b8_k8_isolated,isolated,ours,9,9,place_ms,4.696832,recorder
20260827-022806_perlmutter_5bc126dd,ours_l01_s2_oracle_noshard_trace-610042_b8_k8_isolated,isolated,ours,9,0,plan_ms,3.080832,recorder
20260827-022806_perlmutter_5bc126dd,ours_l01_s2_oracle_noshard_trace-610042_b8_k8_isolated,isolated,ours,9,1,plan_ms,2.121216,recorder
20260827-022806_perlmutter_5bc126dd,ours_l01_s2_oracle_noshard_trace-610042_b8_k8_isolated,isolated,ours,9,2,plan_ms,2.226048,recorder
20260827-022806_perlmutter_5bc126dd,ours_l01_s2_oracle_noshard_trace-610042_b8_k8_isolated,isolated,ours,9,3,plan_ms,2.126752,recorder
20260827-022806_perlmutter_5bc126dd,ours_l01_s2_oracle_noshard_trace-610042_b8_k8_isolated,isolated,ours,9,4,plan_ms,2.25472,recorder
20260827-022806_perlmutter_5bc126dd,ours_l01_s2_oracle_noshard_trace-610042_b8_k8_isolated,isolated,ours,9,5,plan_ms,1.781376,recorder
20260827-022806_perlmutter_5bc126dd,ours_l01_s2_oracle_noshard_trace-610042_b8_k8_isolated,isolated,ours,9,6,plan_ms,2.370816,recorder
20260827-022806_perlmutter_5bc126dd,ours_l01_s2_oracle_noshard_trace-610042_b8_k8_isolated,isolated,ours,9,7,plan_ms,2.220064,recorder
20260827-022806_perlmutter_5bc126dd,ours_l01_s2_oracle_noshard_trace-610042_b8_k8_isolated,isolated,ours,9,8,plan_ms,2.125184,recorder
20260827-022806_perlmutter_5bc126dd,ours_l01_s2_oracle_noshard_trace-610042_b8_k8_isolated,isolated,ours,9,9,plan_ms,2.108736,recorder
20260827-022806_perlmutter_5bc126dd,ours_l01_s2_oracle_noshard_trace-610042_b8_k8_isolated,isolated,ours,9,0,total_ms,124.775459,recorder
20260827-022806_perlmutter_5bc126dd,ours_l01_s2_oracle_noshard_trace-610042_b8_k8_isolated,isolated,ours,9,1,total_ms,116.54496,recorder
20260827-022806_perlmutter_5bc126dd,ours_l01_s2_oracle_noshard_trace-610042_b8_k8_isolated,isolated,ours,9,2,total_ms,120.022621,recorder
20260827-022806_perlmutter_5bc126dd,ours_l01_s2_oracle_noshard_trace-610042_b8_k8_isolated,isolated,ours,9,3,total_ms,119.627548,recorder
20260827-022806_perlmutter_5bc126dd,ours_l01_s2_oracle_noshard_trace-610042_b8_k8_isolated,isolated,ours,9,4,total_ms,116.844292,recorder
20260827-022806_perlmutter_5bc126dd,ours_l01_s2_oracle_noshard_trace-610042_b8_k8_isolated,isolated,ours,9,5,total_ms,114.443619,recorder
20260827-022806_perlmutter_5bc126dd,ours_l01_s2_oracle_noshard_trace-610042_b8_k8_isolated,isolated,ours,9,6,total_ms,117.51638,recorder
20260827-022806_perlmutter_5bc126dd,ours_l01_s2_oracle_noshard_trace-610042_b8_k8_isolated,isolated,ours,9,7,total_ms,113.742912,recorder
20260827-022806_perlmutter_5bc126dd,ours_l01_s2_oracle_noshard_trace-610042_b8_k8_isolated,isolated,ours,9,8,total_ms,119.146141,recorder
20260827-022806_perlmutter_5bc126dd,ours_l01_s2_oracle_noshard_trace-610042_b8_k8_isolated,isolated,ours,9,9,total_ms,120.885567,recorder
20260827-022806_perlmutter_5bc126dd,ours_l01_s2_oracle_noshard_trace-610042_b8_k8_isolated,isolated,ours,9,0,iso_sync_ms,0.97012,recorder
20260827-022806_perlmutter_5bc126dd,ours_l01_s2_oracle_noshard_trace-610042_b8_k8_isolated,isolated,ours,9,1,iso_sync_ms,0.553131,recorder
20260827-022806_perlmutter_5bc126dd,ours_l01_s2_oracle_noshard_trace-610042_b8_k8_isolated,isolated,ours,9,2,iso_sync_ms,0.18052,recorder
20260827-022806_perlmutter_5bc126dd,ours_l01_s2_oracle_noshard_trace-610042_b8_k8_isolated,isolated,ours,9,3,iso_sync_ms,0.530988,recorder
20260827-022806_perlmutter_5bc126dd,ours_l01_s2_oracle_noshard_trace-610042_b8_k8_isolated,isolated,ours,9,4,iso_sync_ms,0.650972,recorder
20260827-022806_perlmutter_5bc126dd,ours_l01_s2_oracle_noshard_trace-610042_b8_k8_isolated,isolated,ours,9,5,iso_sync_ms,0.816201,recorder
20260827-022806_perlmutter_5bc126dd,ours_l01_s2_oracle_noshard_trace-610042_b8_k8_isolated,isolated,ours,9,6,iso_sync_ms,0.84133,recorder
20260827-022806_perlmutter_5bc126dd,ours_l01_s2_oracle_noshard_trace-610042_b8_k8_isolated,isolated,ours,9,7,iso_sync_ms,0.497103,recorder
20260827-022806_perlmutter_5bc126dd,ours_l01_s2_oracle_noshard_trace-610042_b8_k8_isolated,isolated,ours,9,8,iso_sync_ms,1.052078,recorder
20260827-022806_perlmutter_5bc126dd,ours_l01_s2_oracle_noshard_trace-610042_b8_k8_isolated,isolated,ours,9,9,iso_sync_ms,0.948097,recorder
20260827-022806_perlmutter_5bc126dd,ours_l01_s2_oracle_noshard_trace-610042_b8_k8_isolated,isolated,ours,10,0,e2e_ms,116.705727,recorder
20260827-022806_perlmutter_5bc126dd,ours_l01_s2_oracle_noshard_trace-610042_b8_k8_isolated,isolated,ours,10,1,e2e_ms,109.907585,recorder
20260827-022806_perlmutter_5bc126dd,ours_l01_s2_oracle_noshard_trace-610042_b8_k8_isolated,isolated,ours,10,2,e2e_ms,113.273857,recorder
20260827-022806_perlmutter_5bc126dd,ours_l01_s2_oracle_noshard_trace-610042_b8_k8_isolated,isolated,ours,10,3,e2e_ms,113.021858,recorder
20260827-022806_perlmutter_5bc126dd,ours_l01_s2_oracle_noshard_trace-610042_b8_k8_isolated,isolated,ours,10,4,e2e_ms,110.143356,recorder
20260827-022806_perlmutter_5bc126dd,ours_l01_s2_oracle_noshard_trace-610042_b8_k8_isolated,isolated,ours,10,5,e2e_ms,108.201599,recorder
20260827-022806_perlmutter_5bc126dd,ours_l01_s2_oracle_noshard_trace-610042_b8_k8_isolated,isolated,ours,10,6,e2e_ms,110.614815,recorder
20260827-022806_perlmutter_5bc126dd,ours_l01_s2_oracle_noshard_trace-610042_b8_k8_isolated,isolated,ours,10,7,e2e_ms,106.993408,recorder
20260827-022806_perlmutter_5bc126dd,ours_l01_s2_oracle_noshard_trace-610042_b8_k8_isolated,isolated,ours,10,8,e2e_ms,112.20755,recorder
20260827-022806_perlmutter_5bc126dd,ours_l01_s2_oracle_noshard_trace-610042_b8_k8_isolated,isolated,ours,10,9,e2e_ms,113.679779,recorder
20260827-022806_perlmutter_5bc126dd,ours_l01_s2_oracle_noshard_trace-610042_b8_k8_isolated,isolated,ours,10,0,l0_ms,70.897377,recorder
20260827-022806_perlmutter_5bc126dd,ours_l01_s2_oracle_noshard_trace-610042_b8_k8_isolated,isolated,ours,10,1,l0_ms,61.86525,recorder
20260827-022806_perlmutter_5bc126dd,ours_l01_s2_oracle_noshard_trace-610042_b8_k8_isolated,isolated,ours,10,2,l0_ms,67.422783,recorder
20260827-022806_perlmutter_5bc126dd,ours_l01_s2_oracle_noshard_trace-610042_b8_k8_isolated,isolated,ours,10,3,l0_ms,65.003036,recorder
20260827-022806_perlmutter_5bc126dd,ours_l01_s2_oracle_noshard_trace-610042_b8_k8_isolated,isolated,ours,10,4,l0_ms,67.547775,recorder
20260827-022806_perlmutter_5bc126dd,ours_l01_s2_oracle_noshard_trace-610042_b8_k8_isolated,isolated,ours,10,5,l0_ms,66.083809,recorder
20260827-022806_perlmutter_5bc126dd,ours_l01_s2_oracle_noshard_trace-610042_b8_k8_isolated,isolated,ours,10,6,l0_ms,61.409794,recorder
20260827-022806_perlmutter_5bc126dd,ours_l01_s2_oracle_noshard_trace-610042_b8_k8_isolated,isolated,ours,10,7,l0_ms,60.124481,recorder
20260827-022806_perlmutter_5bc126dd,ours_l01_s2_oracle_noshard_trace-610042_b8_k8_isolated,isolated,ours,10,8,l0_ms,65.119362,recorder
20260827-022806_perlmutter_5bc126dd,ours_l01_s2_oracle_noshard_trace-610042_b8_k8_isolated,isolated,ours,10,9,l0_ms,58.709759,recorder
20260827-022806_perlmutter_5bc126dd,ours_l01_s2_oracle_noshard_trace-610042_b8_k8_isolated,isolated,ours,10,0,act_ms,0.03936,recorder
20260827-022806_perlmutter_5bc126dd,ours_l01_s2_oracle_noshard_trace-610042_b8_k8_isolated,isolated,ours,10,1,act_ms,0.037248,recorder
20260827-022806_perlmutter_5bc126dd,ours_l01_s2_oracle_noshard_trace-610042_b8_k8_isolated,isolated,ours,10,2,act_ms,0.035584,recorder
20260827-022806_perlmutter_5bc126dd,ours_l01_s2_oracle_noshard_trace-610042_b8_k8_isolated,isolated,ours,10,3,act_ms,0.039392,recorder
20260827-022806_perlmutter_5bc126dd,ours_l01_s2_oracle_noshard_trace-610042_b8_k8_isolated,isolated,ours,10,4,act_ms,0.045056,recorder
20260827-022806_perlmutter_5bc126dd,ours_l01_s2_oracle_noshard_trace-610042_b8_k8_isolated,isolated,ours,10,5,act_ms,0.03936,recorder
20260827-022806_perlmutter_5bc126dd,ours_l01_s2_oracle_noshard_trace-610042_b8_k8_isolated,isolated,ours,10,6,act_ms,0.042784,recorder
20260827-022806_perlmutter_5bc126dd,ours_l01_s2_oracle_noshard_trace-610042_b8_k8_isolated,isolated,ours,10,7,act_ms,0.039808,recorder
20260827-022806_perlmutter_5bc126dd,ours_l01_s2_oracle_noshard_trace-610042_b8_k8_isolated,isolated,ours,10,8,act_ms,0.043936,recorder
20260827-022806_perlmutter_5bc126dd,ours_l01_s2_oracle_noshard_trace-610042_b8_k8_isolated,isolated,ours,10,9,act_ms,0.043488,recorder
20260827-022806_perlmutter_5bc126dd,ours_l01_s2_oracle_noshard_trace-610042_b8_k8_isolated,isolated,ours,10,0,l1_ms,45.768993,recorder
20260827-022806_perlmutter_5bc126dd,ours_l01_s2_oracle_noshard_trace-610042_b8_k8_isolated,isolated,ours,10,1,l1_ms,48.005089,recorder
20260827-022806_perlmutter_5bc126dd,ours_l01_s2_oracle_noshard_trace-610042_b8_k8_isolated,isolated,ours,10,2,l1_ms,45.815487,recorder
20260827-022806_perlmutter_5bc126dd,ours_l01_s2_oracle_noshard_trace-610042_b8_k8_isolated,isolated,ours,10,3,l1_ms,47.979424,recorder
20260827-022806_perlmutter_5bc126dd,ours_l01_s2_oracle_noshard_trace-610042_b8_k8_isolated,isolated,ours,10,4,l1_ms,42.550529,recorder
20260827-022806_perlmutter_5bc126dd,ours_l01_s2_oracle_noshard_trace-610042_b8_k8_isolated,isolated,ours,10,5,l1_ms,42.07843,recorder
20260827-022806_perlmutter_5bc126dd,ours_l01_s2_oracle_noshard_trace-610042_b8_k8_isolated,isolated,ours,10,6,l1_ms,49.162239,recorder
20260827-022806_perlmutter_5bc126dd,ours_l01_s2_oracle_noshard_trace-610042_b8_k8_isolated,isolated,ours,10,7,l1_ms,46.829121,recorder
20260827-022806_perlmutter_5bc126dd,ours_l01_s2_oracle_noshard_trace-610042_b8_k8_isolated,isolated,ours,10,8,l1_ms,47.044254,recorder
20260827-022806_perlmutter_5bc126dd,ours_l01_s2_oracle_noshard_trace-610042_b8_k8_isolated,isolated,ours,10,9,l1_ms,54.926529,recorder
20260827-022806_perlmutter_5bc126dd,ours_l01_s2_oracle_noshard_trace-610042_b8_k8_isolated,isolated,ours,10,0,plan_comm_ms,0.83392,recorder
20260827-022806_perlmutter_5bc126dd,ours_l01_s2_oracle_noshard_trace-610042_b8_k8_isolated,isolated,ours,10,1,plan_comm_ms,0.267584,recorder
20260827-022806_perlmutter_5bc126dd,ours_l01_s2_oracle_noshard_trace-610042_b8_k8_isolated,isolated,ours,10,2,plan_comm_ms,0.218272,recorder
20260827-022806_perlmutter_5bc126dd,ours_l01_s2_oracle_noshard_trace-610042_b8_k8_isolated,isolated,ours,10,3,plan_comm_ms,0.3448,recorder
20260827-022806_perlmutter_5bc126dd,ours_l01_s2_oracle_noshard_trace-610042_b8_k8_isolated,isolated,ours,10,4,plan_comm_ms,0.26272,recorder
20260827-022806_perlmutter_5bc126dd,ours_l01_s2_oracle_noshard_trace-610042_b8_k8_isolated,isolated,ours,10,5,plan_comm_ms,0.217152,recorder
20260827-022806_perlmutter_5bc126dd,ours_l01_s2_oracle_noshard_trace-610042_b8_k8_isolated,isolated,ours,10,6,plan_comm_ms,0.604,recorder
20260827-022806_perlmutter_5bc126dd,ours_l01_s2_oracle_noshard_trace-610042_b8_k8_isolated,isolated,ours,10,7,plan_comm_ms,0.280288,recorder
20260827-022806_perlmutter_5bc126dd,ours_l01_s2_oracle_noshard_trace-610042_b8_k8_isolated,isolated,ours,10,8,plan_comm_ms,0.770144,recorder
20260827-022806_perlmutter_5bc126dd,ours_l01_s2_oracle_noshard_trace-610042_b8_k8_isolated,isolated,ours,10,9,plan_comm_ms,0.289568,recorder
20260827-022806_perlmutter_5bc126dd,ours_l01_s2_oracle_noshard_trace-610042_b8_k8_isolated,isolated,ours,10,0,place_ms,4.160288,recorder
20260827-022806_perlmutter_5bc126dd,ours_l01_s2_oracle_noshard_trace-610042_b8_k8_isolated,isolated,ours,10,1,place_ms,4.236512,recorder
20260827-022806_perlmutter_5bc126dd,ours_l01_s2_oracle_noshard_trace-610042_b8_k8_isolated,isolated,ours,10,2,place_ms,4.253312,recorder
20260827-022806_perlmutter_5bc126dd,ours_l01_s2_oracle_noshard_trace-610042_b8_k8_isolated,isolated,ours,10,3,place_ms,4.156192,recorder
20260827-022806_perlmutter_5bc126dd,ours_l01_s2_oracle_noshard_trace-610042_b8_k8_isolated,isolated,ours,10,4,place_ms,4.211168,recorder
20260827-022806_perlmutter_5bc126dd,ours_l01_s2_oracle_noshard_trace-610042_b8_k8_isolated,isolated,ours,10,5,place_ms,4.265408,recorder
20260827-022806_perlmutter_5bc126dd,ours_l01_s2_oracle_noshard_trace-610042_b8_k8_isolated,isolated,ours,10,6,place_ms,3.919264,recorder
20260827-022806_perlmutter_5bc126dd,ours_l01_s2_oracle_noshard_trace-610042_b8_k8_isolated,isolated,ours,10,7,place_ms,4.318592,recorder
20260827-022806_perlmutter_5bc126dd,ours_l01_s2_oracle_noshard_trace-610042_b8_k8_isolated,isolated,ours,10,8,place_ms,4.10544,recorder
20260827-022806_perlmutter_5bc126dd,ours_l01_s2_oracle_noshard_trace-610042_b8_k8_isolated,isolated,ours,10,9,place_ms,4.348096,recorder
20260827-022806_perlmutter_5bc126dd,ours_l01_s2_oracle_noshard_trace-610042_b8_k8_isolated,isolated,ours,10,0,plan_ms,3.06912,recorder
20260827-022806_perlmutter_5bc126dd,ours_l01_s2_oracle_noshard_trace-610042_b8_k8_isolated,isolated,ours,10,1,plan_ms,2.121568,recorder
20260827-022806_perlmutter_5bc126dd,ours_l01_s2_oracle_noshard_trace-610042_b8_k8_isolated,isolated,ours,10,2,plan_ms,2.259648,recorder
20260827-022806_perlmutter_5bc126dd,ours_l01_s2_oracle_noshard_trace-610042_b8_k8_isolated,isolated,ours,10,3,plan_ms,2.098144,recorder
20260827-022806_perlmutter_5bc126dd,ours_l01_s2_oracle_noshard_trace-610042_b8_k8_isolated,isolated,ours,10,4,plan_ms,2.218752,recorder
20260827-022806_perlmutter_5bc126dd,ours_l01_s2_oracle_noshard_trace-610042_b8_k8_isolated,isolated,ours,10,5,plan_ms,1.785216,recorder
20260827-022806_perlmutter_5bc126dd,ours_l01_s2_oracle_noshard_trace-610042_b8_k8_isolated,isolated,ours,10,6,plan_ms,2.38576,recorder
20260827-022806_perlmutter_5bc126dd,ours_l01_s2_oracle_noshard_trace-610042_b8_k8_isolated,isolated,ours,10,7,plan_ms,2.139072,recorder
20260827-022806_perlmutter_5bc126dd,ours_l01_s2_oracle_noshard_trace-610042_b8_k8_isolated,isolated,ours,10,8,plan_ms,2.05728,recorder
20260827-022806_perlmutter_5bc126dd,ours_l01_s2_oracle_noshard_trace-610042_b8_k8_isolated,isolated,ours,10,9,plan_ms,2.585376,recorder
20260827-022806_perlmutter_5bc126dd,ours_l01_s2_oracle_noshard_trace-610042_b8_k8_isolated,isolated,ours,10,0,total_ms,124.782654,recorder
20260827-022806_perlmutter_5bc126dd,ours_l01_s2_oracle_noshard_trace-610042_b8_k8_isolated,isolated,ours,10,1,total_ms,116.546082,recorder
20260827-022806_perlmutter_5bc126dd,ours_l01_s2_oracle_noshard_trace-610042_b8_k8_isolated,isolated,ours,10,2,total_ms,120.019135,recorder
20260827-022806_perlmutter_5bc126dd,ours_l01_s2_oracle_noshard_trace-610042_b8_k8_isolated,isolated,ours,10,3,total_ms,119.634499,recorder
20260827-022806_perlmutter_5bc126dd,ours_l01_s2_oracle_noshard_trace-610042_b8_k8_isolated,isolated,ours,10,4,total_ms,116.849823,recorder
20260827-022806_perlmutter_5bc126dd,ours_l01_s2_oracle_noshard_trace-610042_b8_k8_isolated,isolated,ours,10,5,total_ms,114.482468,recorder
20260827-022806_perlmutter_5bc126dd,ours_l01_s2_oracle_noshard_trace-610042_b8_k8_isolated,isolated,ours,10,6,total_ms,117.537598,recorder
20260827-022806_perlmutter_5bc126dd,ours_l01_s2_oracle_noshard_trace-610042_b8_k8_isolated,isolated,ours,10,7,total_ms,113.745346,recorder
20260827-022806_perlmutter_5bc126dd,ours_l01_s2_oracle_noshard_trace-610042_b8_k8_isolated,isolated,ours,10,8,total_ms,119.153824,recorder
20260827-022806_perlmutter_5bc126dd,ours_l01_s2_oracle_noshard_trace-610042_b8_k8_isolated,isolated,ours,10,9,total_ms,120.916801,recorder
20260827-022806_perlmutter_5bc126dd,ours_l01_s2_oracle_noshard_trace-610042_b8_k8_isolated,isolated,ours,10,0,iso_sync_ms,0.960902,recorder
20260827-022806_perlmutter_5bc126dd,ours_l01_s2_oracle_noshard_trace-610042_b8_k8_isolated,isolated,ours,10,1,iso_sync_ms,0.546018,recorder
20260827-022806_perlmutter_5bc126dd,ours_l01_s2_oracle_noshard_trace-610042_b8_k8_isolated,isolated,ours,10,2,iso_sync_ms,0.183035,recorder
20260827-022806_perlmutter_5bc126dd,ours_l01_s2_oracle_noshard_trace-610042_b8_k8_isolated,isolated,ours,10,3,iso_sync_ms,0.546228,recorder
20260827-022806_perlmutter_5bc126dd,ours_l01_s2_oracle_noshard_trace-610042_b8_k8_isolated,isolated,ours,10,4,iso_sync_ms,0.645321,recorder
20260827-022806_perlmutter_5bc126dd,ours_l01_s2_oracle_noshard_trace-610042_b8_k8_isolated,isolated,ours,10,5,iso_sync_ms,0.8105,recorder
20260827-022806_perlmutter_5bc126dd,ours_l01_s2_oracle_noshard_trace-610042_b8_k8_isolated,isolated,ours,10,6,iso_sync_ms,0.801923,recorder
20260827-022806_perlmutter_5bc126dd,ours_l01_s2_oracle_noshard_trace-610042_b8_k8_isolated,isolated,ours,10,7,iso_sync_ms,0.427287,recorder
20260827-022806_perlmutter_5bc126dd,ours_l01_s2_oracle_noshard_trace-610042_b8_k8_isolated,isolated,ours,10,8,iso_sync_ms,1.049804,recorder
20260827-022806_perlmutter_5bc126dd,ours_l01_s2_oracle_noshard_trace-610042_b8_k8_isolated,isolated,ours,10,9,iso_sync_ms,1.200827,recorder
20260827-022806_perlmutter_5bc126dd,ours_l01_s2_oracle_noshard_trace-610042_b8_k8_isolated,isolated,ours,11,0,e2e_ms,116.715042,recorder
20260827-022806_perlmutter_5bc126dd,ours_l01_s2_oracle_noshard_trace-610042_b8_k8_isolated,isolated,ours,11,1,e2e_ms,109.917213,recorder
20260827-022806_perlmutter_5bc126dd,ours_l01_s2_oracle_noshard_trace-610042_b8_k8_isolated,isolated,ours,11,2,e2e_ms,113.30928,recorder
20260827-022806_perlmutter_5bc126dd,ours_l01_s2_oracle_noshard_trace-610042_b8_k8_isolated,isolated,ours,11,3,e2e_ms,113.056862,recorder
20260827-022806_perlmutter_5bc126dd,ours_l01_s2_oracle_noshard_trace-610042_b8_k8_isolated,isolated,ours,11,4,e2e_ms,110.14547,recorder
20260827-022806_perlmutter_5bc126dd,ours_l01_s2_oracle_noshard_trace-610042_b8_k8_isolated,isolated,ours,11,5,e2e_ms,108.24173,recorder
20260827-022806_perlmutter_5bc126dd,ours_l01_s2_oracle_noshard_trace-610042_b8_k8_isolated,isolated,ours,11,6,e2e_ms,110.529373,recorder
20260827-022806_perlmutter_5bc126dd,ours_l01_s2_oracle_noshard_trace-610042_b8_k8_isolated,isolated,ours,11,7,e2e_ms,106.966339,recorder
20260827-022806_perlmutter_5bc126dd,ours_l01_s2_oracle_noshard_trace-610042_b8_k8_isolated,isolated,ours,11,8,e2e_ms,112.169662,recorder
20260827-022806_perlmutter_5bc126dd,ours_l01_s2_oracle_noshard_trace-610042_b8_k8_isolated,isolated,ours,11,9,e2e_ms,113.794334,recorder
20260827-022806_perlmutter_5bc126dd,ours_l01_s2_oracle_noshard_trace-610042_b8_k8_isolated,isolated,ours,11,0,l0_ms,72.098083,recorder
20260827-022806_perlmutter_5bc126dd,ours_l01_s2_oracle_noshard_trace-610042_b8_k8_isolated,isolated,ours,11,1,l0_ms,63.950207,recorder
20260827-022806_perlmutter_5bc126dd,ours_l01_s2_oracle_noshard_trace-610042_b8_k8_isolated,isolated,ours,11,2,l0_ms,66.389473,recorder
20260827-022806_perlmutter_5bc126dd,ours_l01_s2_oracle_noshard_trace-610042_b8_k8_isolated,isolated,ours,11,3,l0_ms,65.714531,recorder
20260827-022806_perlmutter_5bc126dd,ours_l01_s2_oracle_noshard_trace-610042_b8_k8_isolated,isolated,ours,11,4,l0_ms,67.319519,recorder
20260827-022806_perlmutter_5bc126dd,ours_l01_s2_oracle_noshard_trace-610042_b8_k8_isolated,isolated,ours,11,5,l0_ms,67.915619,recorder
20260827-022806_perlmutter_5bc126dd,ours_l01_s2_oracle_noshard_trace-610042_b8_k8_isolated,isolated,ours,11,6,l0_ms,63.926174,recorder
20260827-022806_perlmutter_5bc126dd,ours_l01_s2_oracle_noshard_trace-610042_b8_k8_isolated,isolated,ours,11,7,l0_ms,59.124897,recorder
20260827-022806_perlmutter_5bc126dd,ours_l01_s2_oracle_noshard_trace-610042_b8_k8_isolated,isolated,ours,11,8,l0_ms,66.840034,recorder
20260827-022806_perlmutter_5bc126dd,ours_l01_s2_oracle_noshard_trace-610042_b8_k8_isolated,isolated,ours,11,9,l0_ms,59.872097,recorder
20260827-022806_perlmutter_5bc126dd,ours_l01_s2_oracle_noshard_trace-610042_b8_k8_isolated,isolated,ours,11,0,act_ms,0.040704,recorder
20260827-022806_perlmutter_5bc126dd,ours_l01_s2_oracle_noshard_trace-610042_b8_k8_isolated,isolated,ours,11,1,act_ms,0.038528,recorder
20260827-022806_perlmutter_5bc126dd,ours_l01_s2_oracle_noshard_trace-610042_b8_k8_isolated,isolated,ours,11,2,act_ms,0.033472,recorder
20260827-022806_perlmutter_5bc126dd,ours_l01_s2_oracle_noshard_trace-610042_b8_k8_isolated,isolated,ours,11,3,act_ms,0.039232,recorder
20260827-022806_perlmutter_5bc126dd,ours_l01_s2_oracle_noshard_trace-610042_b8_k8_isolated,isolated,ours,11,4,act_ms,0.044352,recorder
20260827-022806_perlmutter_5bc126dd,ours_l01_s2_oracle_noshard_trace-610042_b8_k8_isolated,isolated,ours,11,5,act_ms,0.04272,recorder
20260827-022806_perlmutter_5bc126dd,ours_l01_s2_oracle_noshard_trace-610042_b8_k8_isolated,isolated,ours,11,6,act_ms,0.036864,recorder
20260827-022806_perlmutter_5bc126dd,ours_l01_s2_oracle_noshard_trace-610042_b8_k8_isolated,isolated,ours,11,7,act_ms,0.043648,recorder
20260827-022806_perlmutter_5bc126dd,ours_l01_s2_oracle_noshard_trace-610042_b8_k8_isolated,isolated,ours,11,8,act_ms,0.037344,recorder
20260827-022806_perlmutter_5bc126dd,ours_l01_s2_oracle_noshard_trace-610042_b8_k8_isolated,isolated,ours,11,9,act_ms,0.041056,recorder
20260827-022806_perlmutter_5bc126dd,ours_l01_s2_oracle_noshard_trace-610042_b8_k8_isolated,isolated,ours,11,0,l1_ms,44.576256,recorder
20260827-022806_perlmutter_5bc126dd,ours_l01_s2_oracle_noshard_trace-610042_b8_k8_isolated,isolated,ours,11,1,l1_ms,45.928478,recorder
20260827-022806_perlmutter_5bc126dd,ours_l01_s2_oracle_noshard_trace-610042_b8_k8_isolated,isolated,ours,11,2,l1_ms,46.886337,recorder
20260827-022806_perlmutter_5bc126dd,ours_l01_s2_oracle_noshard_trace-610042_b8_k8_isolated,isolated,ours,11,3,l1_ms,47.303104,recorder
20260827-022806_perlmutter_5bc126dd,ours_l01_s2_oracle_noshard_trace-610042_b8_k8_isolated,isolated,ours,11,4,l1_ms,42.781601,recorder
20260827-022806_perlmutter_5bc126dd,ours_l01_s2_oracle_noshard_trace-610042_b8_k8_isolated,isolated,ours,11,5,l1_ms,40.283394,recorder
20260827-022806_perlmutter_5bc126dd,ours_l01_s2_oracle_noshard_trace-610042_b8_k8_isolated,isolated,ours,11,6,l1_ms,46.566338,recorder
20260827-022806_perlmutter_5bc126dd,ours_l01_s2_oracle_noshard_trace-610042_b8_k8_isolated,isolated,ours,11,7,l1_ms,47.797791,recorder
20260827-022806_perlmutter_5bc126dd,ours_l01_s2_oracle_noshard_trace-610042_b8_k8_isolated,isolated,ours,11,8,l1_ms,45.29229,recorder
20260827-022806_perlmutter_5bc126dd,ours_l01_s2_oracle_noshard_trace-610042_b8_k8_isolated,isolated,ours,11,9,l1_ms,53.881184,recorder
20260827-022806_perlmutter_5bc126dd,ours_l01_s2_oracle_noshard_trace-610042_b8_k8_isolated,isolated,ours,11,0,plan_comm_ms,0.819712,recorder
20260827-022806_perlmutter_5bc126dd,ours_l01_s2_oracle_noshard_trace-610042_b8_k8_isolated,isolated,ours,11,1,plan_comm_ms,0.257664,recorder
20260827-022806_perlmutter_5bc126dd,ours_l01_s2_oracle_noshard_trace-610042_b8_k8_isolated,isolated,ours,11,2,plan_comm_ms,0.2112,recorder
20260827-022806_perlmutter_5bc126dd,ours_l01_s2_oracle_noshard_trace-610042_b8_k8_isolated,isolated,ours,11,3,plan_comm_ms,0.3368,recorder
20260827-022806_perlmutter_5bc126dd,ours_l01_s2_oracle_noshard_trace-610042_b8_k8_isolated,isolated,ours,11,4,plan_comm_ms,0.257248,recorder
20260827-022806_perlmutter_5bc126dd,ours_l01_s2_oracle_noshard_trace-610042_b8_k8_isolated,isolated,ours,11,5,plan_comm_ms,0.206496,recorder
20260827-022806_perlmutter_5bc126dd,ours_l01_s2_oracle_noshard_trace-610042_b8_k8_isolated,isolated,ours,11,6,plan_comm_ms,0.569056,recorder
20260827-022806_perlmutter_5bc126dd,ours_l01_s2_oracle_noshard_trace-610042_b8_k8_isolated,isolated,ours,11,7,plan_comm_ms,0.22064,recorder
20260827-022806_perlmutter_5bc126dd,ours_l01_s2_oracle_noshard_trace-610042_b8_k8_isolated,isolated,ours,11,8,plan_comm_ms,0.767136,recorder
20260827-022806_perlmutter_5bc126dd,ours_l01_s2_oracle_noshard_trace-610042_b8_k8_isolated,isolated,ours,11,9,plan_comm_ms,0.221824,recorder
20260827-022806_perlmutter_5bc126dd,ours_l01_s2_oracle_noshard_trace-610042_b8_k8_isolated,isolated,ours,11,0,place_ms,4.193504,recorder
20260827-022806_perlmutter_5bc126dd,ours_l01_s2_oracle_noshard_trace-610042_b8_k8_isolated,isolated,ours,11,1,place_ms,4.318432,recorder
20260827-022806_perlmutter_5bc126dd,ours_l01_s2_oracle_noshard_trace-610042_b8_k8_isolated,isolated,ours,11,2,place_ms,4.317792,recorder
20260827-022806_perlmutter_5bc126dd,ours_l01_s2_oracle_noshard_trace-610042_b8_k8_isolated,isolated,ours,11,3,place_ms,4.159008,recorder
20260827-022806_perlmutter_5bc126dd,ours_l01_s2_oracle_noshard_trace-610042_b8_k8_isolated,isolated,ours,11,4,place_ms,4.212096,recorder
20260827-022806_perlmutter_5bc126dd,ours_l01_s2_oracle_noshard_trace-610042_b8_k8_isolated,isolated,ours,11,5,place_ms,4.2864,recorder
20260827-022806_perlmutter_5bc126dd,ours_l01_s2_oracle_noshard_trace-610042_b8_k8_isolated,isolated,ours,11,6,place_ms,4.278464,recorder
20260827-022806_perlmutter_5bc126dd,ours_l01_s2_oracle_noshard_trace-610042_b8_k8_isolated,isolated,ours,11,7,place_ms,4.593952,recorder
20260827-022806_perlmutter_5bc126dd,ours_l01_s2_oracle_noshard_trace-610042_b8_k8_isolated,isolated,ours,11,8,place_ms,4.131232,recorder
20260827-022806_perlmutter_5bc126dd,ours_l01_s2_oracle_noshard_trace-610042_b8_k8_isolated,isolated,ours,11,9,place_ms,4.778592,recorder
20260827-022806_perlmutter_5bc126dd,ours_l01_s2_oracle_noshard_trace-610042_b8_k8_isolated,isolated,ours,11,0,plan_ms,3.042528,recorder
20260827-022806_perlmutter_5bc126dd,ours_l01_s2_oracle_noshard_trace-610042_b8_k8_isolated,isolated,ours,11,1,plan_ms,2.046432,recorder
20260827-022806_perlmutter_5bc126dd,ours_l01_s2_oracle_noshard_trace-610042_b8_k8_isolated,isolated,ours,11,2,plan_ms,2.173536,recorder
20260827-022806_perlmutter_5bc126dd,ours_l01_s2_oracle_noshard_trace-610042_b8_k8_isolated,isolated,ours,11,3,plan_ms,2.09632,recorder
20260827-022806_perlmutter_5bc126dd,ours_l01_s2_oracle_noshard_trace-610042_b8_k8_isolated,isolated,ours,11,4,plan_ms,2.223104,recorder
20260827-022806_perlmutter_5bc126dd,ours_l01_s2_oracle_noshard_trace-610042_b8_k8_isolated,isolated,ours,11,5,plan_ms,1.769056,recorder
20260827-022806_perlmutter_5bc126dd,ours_l01_s2_oracle_noshard_trace-610042_b8_k8_isolated,isolated,ours,11,6,plan_ms,2.119392,recorder
20260827-022806_perlmutter_5bc126dd,ours_l01_s2_oracle_noshard_trace-610042_b8_k8_isolated,isolated,ours,11,7,plan_ms,1.897504,recorder
20260827-022806_perlmutter_5bc126dd,ours_l01_s2_oracle_noshard_trace-610042_b8_k8_isolated,isolated,ours,11,8,plan_ms,2.069152,recorder
20260827-022806_perlmutter_5bc126dd,ours_l01_s2_oracle_noshard_trace-610042_b8_k8_isolated,isolated,ours,11,9,plan_ms,2.05424,recorder
20260827-022806_perlmutter_5bc126dd,ours_l01_s2_oracle_noshard_trace-610042_b8_k8_isolated,isolated,ours,11,0,total_ms,124.785187,recorder
20260827-022806_perlmutter_5bc126dd,ours_l01_s2_oracle_noshard_trace-610042_b8_k8_isolated,isolated,ours,11,1,total_ms,116.553246,recorder
20260827-022806_perlmutter_5bc126dd,ours_l01_s2_oracle_noshard_trace-610042_b8_k8_isolated,isolated,ours,11,2,total_ms,120.026276,recorder
20260827-022806_perlmutter_5bc126dd,ours_l01_s2_oracle_noshard_trace-610042_b8_k8_isolated,isolated,ours,11,3,total_ms,119.662079,recorder
20260827-022806_perlmutter_5bc126dd,ours_l01_s2_oracle_noshard_trace-610042_b8_k8_isolated,isolated,ours,11,4,total_ms,116.851234,recorder
20260827-022806_perlmutter_5bc126dd,ours_l01_s2_oracle_noshard_trace-610042_b8_k8_isolated,isolated,ours,11,5,total_ms,114.517532,recorder
20260827-022806_perlmutter_5bc126dd,ours_l01_s2_oracle_noshard_trace-610042_b8_k8_isolated,isolated,ours,11,6,total_ms,117.510559,recorder
20260827-022806_perlmutter_5bc126dd,ours_l01_s2_oracle_noshard_trace-610042_b8_k8_isolated,isolated,ours,11,7,total_ms,113.693283,recorder
20260827-022806_perlmutter_5bc126dd,ours_l01_s2_oracle_noshard_trace-610042_b8_k8_isolated,isolated,ours,11,8,total_ms,119.152512,recorder
20260827-022806_perlmutter_5bc126dd,ours_l01_s2_oracle_noshard_trace-610042_b8_k8_isolated,isolated,ours,11,9,total_ms,120.862366,recorder
20260827-022806_perlmutter_5bc126dd,ours_l01_s2_oracle_noshard_trace-610042_b8_k8_isolated,isolated,ours,11,0,iso_sync_ms,0.958628,recorder
20260827-022806_perlmutter_5bc126dd,ours_l01_s2_oracle_noshard_trace-610042_b8_k8_isolated,isolated,ours,11,1,iso_sync_ms,0.538143,recorder
20260827-022806_perlmutter_5bc126dd,ours_l01_s2_oracle_noshard_trace-610042_b8_k8_isolated,isolated,ours,11,2,iso_sync_ms,0.171152,recorder
20260827-022806_perlmutter_5bc126dd,ours_l01_s2_oracle_noshard_trace-610042_b8_k8_isolated,isolated,ours,11,3,iso_sync_ms,0.530398,recorder
20260827-022806_perlmutter_5bc126dd,ours_l01_s2_oracle_noshard_trace-610042_b8_k8_isolated,isolated,ours,11,4,iso_sync_ms,0.608208,recorder
20260827-022806_perlmutter_5bc126dd,ours_l01_s2_oracle_noshard_trace-610042_b8_k8_isolated,isolated,ours,11,5,iso_sync_ms,0.807494,recorder
20260827-022806_perlmutter_5bc126dd,ours_l01_s2_oracle_noshard_trace-610042_b8_k8_isolated,isolated,ours,11,6,iso_sync_ms,0.591686,recorder
20260827-022806_perlmutter_5bc126dd,ours_l01_s2_oracle_noshard_trace-610042_b8_k8_isolated,isolated,ours,11,7,iso_sync_ms,0.26312,recorder
20260827-022806_perlmutter_5bc126dd,ours_l01_s2_oracle_noshard_trace-610042_b8_k8_isolated,isolated,ours,11,8,iso_sync_ms,1.039544,recorder
20260827-022806_perlmutter_5bc126dd,ours_l01_s2_oracle_noshard_trace-610042_b8_k8_isolated,isolated,ours,11,9,iso_sync_ms,0.305802,recorder
20260827-022806_perlmutter_5bc126dd,ours_l01_s2_oracle_noshard_trace-610042_b8_k8_isolated,isolated,ours,12,0,e2e_ms,116.543617,recorder
20260827-022806_perlmutter_5bc126dd,ours_l01_s2_oracle_noshard_trace-610042_b8_k8_isolated,isolated,ours,12,1,e2e_ms,109.70723,recorder
20260827-022806_perlmutter_5bc126dd,ours_l01_s2_oracle_noshard_trace-610042_b8_k8_isolated,isolated,ours,12,2,e2e_ms,113.144417,recorder
20260827-022806_perlmutter_5bc126dd,ours_l01_s2_oracle_noshard_trace-610042_b8_k8_isolated,isolated,ours,12,3,e2e_ms,112.996254,recorder
20260827-022806_perlmutter_5bc126dd,ours_l01_s2_oracle_noshard_trace-610042_b8_k8_isolated,isolated,ours,12,4,e2e_ms,110.078659,recorder
20260827-022806_perlmutter_5bc126dd,ours_l01_s2_oracle_noshard_trace-610042_b8_k8_isolated,isolated,ours,12,5,e2e_ms,108.21981,recorder
20260827-022806_perlmutter_5bc126dd,ours_l01_s2_oracle_noshard_trace-610042_b8_k8_isolated,isolated,ours,12,6,e2e_ms,110.586525,recorder
20260827-022806_perlmutter_5bc126dd,ours_l01_s2_oracle_noshard_trace-610042_b8_k8_isolated,isolated,ours,12,7,e2e_ms,106.962654,recorder
20260827-022806_perlmutter_5bc126dd,ours_l01_s2_oracle_noshard_trace-610042_b8_k8_isolated,isolated,ours,12,8,e2e_ms,112.149406,recorder
20260827-022806_perlmutter_5bc126dd,ours_l01_s2_oracle_noshard_trace-610042_b8_k8_isolated,isolated,ours,12,9,e2e_ms,113.652451,recorder
20260827-022806_perlmutter_5bc126dd,ours_l01_s2_oracle_noshard_trace-610042_b8_k8_isolated,isolated,ours,12,0,l0_ms,70.771072,recorder
20260827-022806_perlmutter_5bc126dd,ours_l01_s2_oracle_noshard_trace-610042_b8_k8_isolated,isolated,ours,12,1,l0_ms,61.700226,recorder
20260827-022806_perlmutter_5bc126dd,ours_l01_s2_oracle_noshard_trace-610042_b8_k8_isolated,isolated,ours,12,2,l0_ms,64.080643,recorder
20260827-022806_perlmutter_5bc126dd,ours_l01_s2_oracle_noshard_trace-610042_b8_k8_isolated,isolated,ours,12,3,l0_ms,65.68589,recorder
20260827-022806_perlmutter_5bc126dd,ours_l01_s2_oracle_noshard_trace-610042_b8_k8_isolated,isolated,ours,12,4,l0_ms,72.805443,recorder
20260827-022806_perlmutter_5bc126dd,ours_l01_s2_oracle_noshard_trace-610042_b8_k8_isolated,isolated,ours,12,5,l0_ms,66.729538,recorder
20260827-022806_perlmutter_5bc126dd,ours_l01_s2_oracle_noshard_trace-610042_b8_k8_isolated,isolated,ours,12,6,l0_ms,64.520927,recorder
20260827-022806_perlmutter_5bc126dd,ours_l01_s2_oracle_noshard_trace-610042_b8_k8_isolated,isolated,ours,12,7,l0_ms,60.989601,recorder
20260827-022806_perlmutter_5bc126dd,ours_l01_s2_oracle_noshard_trace-610042_b8_k8_isolated,isolated,ours,12,8,l0_ms,70.405731,recorder
20260827-022806_perlmutter_5bc126dd,ours_l01_s2_oracle_noshard_trace-610042_b8_k8_isolated,isolated,ours,12,9,l0_ms,61.075424,recorder
20260827-022806_perlmutter_5bc126dd,ours_l01_s2_oracle_noshard_trace-610042_b8_k8_isolated,isolated,ours,12,0,act_ms,0.046272,recorder
20260827-022806_perlmutter_5bc126dd,ours_l01_s2_oracle_noshard_trace-610042_b8_k8_isolated,isolated,ours,12,1,act_ms,0.049504,recorder
20260827-022806_perlmutter_5bc126dd,ours_l01_s2_oracle_noshard_trace-610042_b8_k8_isolated,isolated,ours,12,2,act_ms,0.04736,recorder
20260827-022806_perlmutter_5bc126dd,ours_l01_s2_oracle_noshard_trace-610042_b8_k8_isolated,isolated,ours,12,3,act_ms,0.04288,recorder
20260827-022806_perlmutter_5bc126dd,ours_l01_s2_oracle_noshard_trace-610042_b8_k8_isolated,isolated,ours,12,4,act_ms,0.049056,recorder
20260827-022806_perlmutter_5bc126dd,ours_l01_s2_oracle_noshard_trace-610042_b8_k8_isolated,isolated,ours,12,5,act_ms,0.046432,recorder
20260827-022806_perlmutter_5bc126dd,ours_l01_s2_oracle_noshard_trace-610042_b8_k8_isolated,isolated,ours,12,6,act_ms,0.048704,recorder
20260827-022806_perlmutter_5bc126dd,ours_l01_s2_oracle_noshard_trace-610042_b8_k8_isolated,isolated,ours,12,7,act_ms,0.040096,recorder
20260827-022806_perlmutter_5bc126dd,ours_l01_s2_oracle_noshard_trace-610042_b8_k8_isolated,isolated,ours,12,8,act_ms,0.049248,recorder
20260827-022806_perlmutter_5bc126dd,ours_l01_s2_oracle_noshard_trace-610042_b8_k8_isolated,isolated,ours,12,9,act_ms,0.039808,recorder
20260827-022806_perlmutter_5bc126dd,ours_l01_s2_oracle_noshard_trace-610042_b8_k8_isolated,isolated,ours,12,0,l1_ms,45.726273,recorder
20260827-022806_perlmutter_5bc126dd,ours_l01_s2_oracle_noshard_trace-610042_b8_k8_isolated,isolated,ours,12,1,l1_ms,47.957504,recorder
20260827-022806_perlmutter_5bc126dd,ours_l01_s2_oracle_noshard_trace-610042_b8_k8_isolated,isolated,ours,12,2,l1_ms,49.016415,recorder
20260827-022806_perlmutter_5bc126dd,ours_l01_s2_oracle_noshard_trace-610042_b8_k8_isolated,isolated,ours,12,3,l1_ms,47.267487,recorder
20260827-022806_perlmutter_5bc126dd,ours_l01_s2_oracle_noshard_trace-610042_b8_k8_isolated,isolated,ours,12,4,l1_ms,37.224159,recorder
20260827-022806_perlmutter_5bc126dd,ours_l01_s2_oracle_noshard_trace-610042_b8_k8_isolated,isolated,ours,12,5,l1_ms,41.44384,recorder
20260827-022806_perlmutter_5bc126dd,ours_l01_s2_oracle_noshard_trace-610042_b8_k8_isolated,isolated,ours,12,6,l1_ms,46.016895,recorder
20260827-022806_perlmutter_5bc126dd,ours_l01_s2_oracle_noshard_trace-610042_b8_k8_isolated,isolated,ours,12,7,l1_ms,45.932961,recorder
20260827-022806_perlmutter_5bc126dd,ours_l01_s2_oracle_noshard_trace-610042_b8_k8_isolated,isolated,ours,12,8,l1_ms,41.694431,recorder
20260827-022806_perlmutter_5bc126dd,ours_l01_s2_oracle_noshard_trace-610042_b8_k8_isolated,isolated,ours,12,9,l1_ms,52.537216,recorder
20260827-022806_perlmutter_5bc126dd,ours_l01_s2_oracle_noshard_trace-610042_b8_k8_isolated,isolated,ours,12,0,plan_comm_ms,0.74896,recorder
20260827-022806_perlmutter_5bc126dd,ours_l01_s2_oracle_noshard_trace-610042_b8_k8_isolated,isolated,ours,12,1,plan_comm_ms,0.250496,recorder
20260827-022806_perlmutter_5bc126dd,ours_l01_s2_oracle_noshard_trace-610042_b8_k8_isolated,isolated,ours,12,2,plan_comm_ms,0.202624,recorder
20260827-022806_perlmutter_5bc126dd,ours_l01_s2_oracle_noshard_trace-610042_b8_k8_isolated,isolated,ours,12,3,plan_comm_ms,0.331296,recorder
20260827-022806_perlmutter_5bc126dd,ours_l01_s2_oracle_noshard_trace-610042_b8_k8_isolated,isolated,ours,12,4,plan_comm_ms,0.254304,recorder
20260827-022806_perlmutter_5bc126dd,ours_l01_s2_oracle_noshard_trace-610042_b8_k8_isolated,isolated,ours,12,5,plan_comm_ms,0.198688,recorder
20260827-022806_perlmutter_5bc126dd,ours_l01_s2_oracle_noshard_trace-610042_b8_k8_isolated,isolated,ours,12,6,plan_comm_ms,0.534336,recorder
20260827-022806_perlmutter_5bc126dd,ours_l01_s2_oracle_noshard_trace-610042_b8_k8_isolated,isolated,ours,12,7,plan_comm_ms,0.27088,recorder
20260827-022806_perlmutter_5bc126dd,ours_l01_s2_oracle_noshard_trace-610042_b8_k8_isolated,isolated,ours,12,8,plan_comm_ms,0.759968,recorder
20260827-022806_perlmutter_5bc126dd,ours_l01_s2_oracle_noshard_trace-610042_b8_k8_isolated,isolated,ours,12,9,plan_comm_ms,0.283168,recorder
20260827-022806_perlmutter_5bc126dd,ours_l01_s2_oracle_noshard_trace-610042_b8_k8_isolated,isolated,ours,12,0,place_ms,5.456384,recorder
20260827-022806_perlmutter_5bc126dd,ours_l01_s2_oracle_noshard_trace-610042_b8_k8_isolated,isolated,ours,12,1,place_ms,4.393056,recorder
20260827-022806_perlmutter_5bc126dd,ours_l01_s2_oracle_noshard_trace-610042_b8_k8_isolated,isolated,ours,12,2,place_ms,4.629024,recorder
20260827-022806_perlmutter_5bc126dd,ours_l01_s2_oracle_noshard_trace-610042_b8_k8_isolated,isolated,ours,12,3,place_ms,4.136576,recorder
20260827-022806_perlmutter_5bc126dd,ours_l01_s2_oracle_noshard_trace-610042_b8_k8_isolated,isolated,ours,12,4,place_ms,4.566656,recorder
20260827-022806_perlmutter_5bc126dd,ours_l01_s2_oracle_noshard_trace-610042_b8_k8_isolated,isolated,ours,12,5,place_ms,4.23904,recorder
20260827-022806_perlmutter_5bc126dd,ours_l01_s2_oracle_noshard_trace-610042_b8_k8_isolated,isolated,ours,12,6,place_ms,4.292672,recorder
20260827-022806_perlmutter_5bc126dd,ours_l01_s2_oracle_noshard_trace-610042_b8_k8_isolated,isolated,ours,12,7,place_ms,4.138016,recorder
20260827-022806_perlmutter_5bc126dd,ours_l01_s2_oracle_noshard_trace-610042_b8_k8_isolated,isolated,ours,12,8,place_ms,4.18592,recorder
20260827-022806_perlmutter_5bc126dd,ours_l01_s2_oracle_noshard_trace-610042_b8_k8_isolated,isolated,ours,12,9,place_ms,4.296608,recorder
20260827-022806_perlmutter_5bc126dd,ours_l01_s2_oracle_noshard_trace-610042_b8_k8_isolated,isolated,ours,12,0,plan_ms,1.949248,recorder
20260827-022806_perlmutter_5bc126dd,ours_l01_s2_oracle_noshard_trace-610042_b8_k8_isolated,isolated,ours,12,1,plan_ms,2.028448,recorder
20260827-022806_perlmutter_5bc126dd,ours_l01_s2_oracle_noshard_trace-610042_b8_k8_isolated,isolated,ours,12,2,plan_ms,2.035168,recorder
20260827-022806_perlmutter_5bc126dd,ours_l01_s2_oracle_noshard_trace-610042_b8_k8_isolated,isolated,ours,12,3,plan_ms,2.182304,recorder
20260827-022806_perlmutter_5bc126dd,ours_l01_s2_oracle_noshard_trace-610042_b8_k8_isolated,isolated,ours,12,4,plan_ms,1.935392,recorder
20260827-022806_perlmutter_5bc126dd,ours_l01_s2_oracle_noshard_trace-610042_b8_k8_isolated,isolated,ours,12,5,plan_ms,1.84304,recorder
20260827-022806_perlmutter_5bc126dd,ours_l01_s2_oracle_noshard_trace-610042_b8_k8_isolated,isolated,ours,12,6,plan_ms,2.054592,recorder
20260827-022806_perlmutter_5bc126dd,ours_l01_s2_oracle_noshard_trace-610042_b8_k8_isolated,isolated,ours,12,7,plan_ms,2.291584,recorder
20260827-022806_perlmutter_5bc126dd,ours_l01_s2_oracle_noshard_trace-610042_b8_k8_isolated,isolated,ours,12,8,plan_ms,2.04752,recorder
20260827-022806_perlmutter_5bc126dd,ours_l01_s2_oracle_noshard_trace-610042_b8_k8_isolated,isolated,ours,12,9,plan_ms,2.571104,recorder
20260827-022806_perlmutter_5bc126dd,ours_l01_s2_oracle_noshard_trace-610042_b8_k8_isolated,isolated,ours,12,0,total_ms,124.718018,recorder
20260827-022806_perlmutter_5bc126dd,ours_l01_s2_oracle_noshard_trace-610042_b8_k8_isolated,isolated,ours,12,1,total_ms,116.39299,recorder
20260827-022806_perlmutter_5bc126dd,ours_l01_s2_oracle_noshard_trace-610042_b8_k8_isolated,isolated,ours,12,2,total_ms,120.025284,recorder
20260827-022806_perlmutter_5bc126dd,ours_l01_s2_oracle_noshard_trace-610042_b8_k8_isolated,isolated,ours,12,3,total_ms,119.660126,recorder
20260827-022806_perlmutter_5bc126dd,ours_l01_s2_oracle_noshard_trace-610042_b8_k8_isolated,isolated,ours,12,4,total_ms,116.849792,recorder
20260827-022806_perlmutter_5bc126dd,ours_l01_s2_oracle_noshard_trace-610042_b8_k8_isolated,isolated,ours,12,5,total_ms,114.514275,recorder
20260827-022806_perlmutter_5bc126dd,ours_l01_s2_oracle_noshard_trace-610042_b8_k8_isolated,isolated,ours,12,6,total_ms,117.481697,recorder
20260827-022806_perlmutter_5bc126dd,ours_l01_s2_oracle_noshard_trace-610042_b8_k8_isolated,isolated,ours,12,7,total_ms,113.676895,recorder
20260827-022806_perlmutter_5bc126dd,ours_l01_s2_oracle_noshard_trace-610042_b8_k8_isolated,isolated,ours,12,8,total_ms,119.15667,recorder
20260827-022806_perlmutter_5bc126dd,ours_l01_s2_oracle_noshard_trace-610042_b8_k8_isolated,isolated,ours,12,9,total_ms,120.817566,recorder
20260827-022806_perlmutter_5bc126dd,ours_l01_s2_oracle_noshard_trace-610042_b8_k8_isolated,isolated,ours,12,0,iso_sync_ms,0.48644,recorder
20260827-022806_perlmutter_5bc126dd,ours_l01_s2_oracle_noshard_trace-610042_b8_k8_isolated,isolated,ours,12,1,iso_sync_ms,0.52282,recorder
20260827-022806_perlmutter_5bc126dd,ours_l01_s2_oracle_noshard_trace-610042_b8_k8_isolated,isolated,ours,12,2,iso_sync_ms,0.27423,recorder
20260827-022806_perlmutter_5bc126dd,ours_l01_s2_oracle_noshard_trace-610042_b8_k8_isolated,isolated,ours,12,3,iso_sync_ms,0.515125,recorder
20260827-022806_perlmutter_5bc126dd,ours_l01_s2_oracle_noshard_trace-610042_b8_k8_isolated,isolated,ours,12,4,iso_sync_ms,0.471791,recorder
20260827-022806_perlmutter_5bc126dd,ours_l01_s2_oracle_noshard_trace-610042_b8_k8_isolated,isolated,ours,12,5,iso_sync_ms,0.798442,recorder
20260827-022806_perlmutter_5bc126dd,ours_l01_s2_oracle_noshard_trace-610042_b8_k8_isolated,isolated,ours,12,6,iso_sync_ms,0.510145,recorder
20260827-022806_perlmutter_5bc126dd,ours_l01_s2_oracle_noshard_trace-610042_b8_k8_isolated,isolated,ours,12,7,iso_sync_ms,0.469256,recorder
20260827-022806_perlmutter_5bc126dd,ours_l01_s2_oracle_noshard_trace-610042_b8_k8_isolated,isolated,ours,12,8,iso_sync_ms,1.094814,recorder
20260827-022806_perlmutter_5bc126dd,ours_l01_s2_oracle_noshard_trace-610042_b8_k8_isolated,isolated,ours,12,9,iso_sync_ms,1.281456,recorder
20260827-022806_perlmutter_5bc126dd,ours_l01_s2_oracle_noshard_trace-610042_b8_k8_isolated,isolated,ours,13,0,e2e_ms,116.703682,recorder
20260827-022806_perlmutter_5bc126dd,ours_l01_s2_oracle_noshard_trace-610042_b8_k8_isolated,isolated,ours,13,1,e2e_ms,109.759361,recorder
20260827-022806_perlmutter_5bc126dd,ours_l01_s2_oracle_noshard_trace-610042_b8_k8_isolated,isolated,ours,13,2,e2e_ms,113.12925,recorder
20260827-022806_perlmutter_5bc126dd,ours_l01_s2_oracle_noshard_trace-610042_b8_k8_isolated,isolated,ours,13,3,e2e_ms,113.06179,recorder
20260827-022806_perlmutter_5bc126dd,ours_l01_s2_oracle_noshard_trace-610042_b8_k8_isolated,isolated,ours,13,4,e2e_ms,109.979233,recorder
20260827-022806_perlmutter_5bc126dd,ours_l01_s2_oracle_noshard_trace-610042_b8_k8_isolated,isolated,ours,13,5,e2e_ms,108.254845,recorder
20260827-022806_perlmutter_5bc126dd,ours_l01_s2_oracle_noshard_trace-610042_b8_k8_isolated,isolated,ours,13,6,e2e_ms,110.626366,recorder
20260827-022806_perlmutter_5bc126dd,ours_l01_s2_oracle_noshard_trace-610042_b8_k8_isolated,isolated,ours,13,7,e2e_ms,106.991806,recorder
20260827-022806_perlmutter_5bc126dd,ours_l01_s2_oracle_noshard_trace-610042_b8_k8_isolated,isolated,ours,13,8,e2e_ms,112.028893,recorder
20260827-022806_perlmutter_5bc126dd,ours_l01_s2_oracle_noshard_trace-610042_b8_k8_isolated,isolated,ours,13,9,e2e_ms,113.662308,recorder
20260827-022806_perlmutter_5bc126dd,ours_l01_s2_oracle_noshard_trace-610042_b8_k8_isolated,isolated,ours,13,0,l0_ms,77.724899,recorder
20260827-022806_perlmutter_5bc126dd,ours_l01_s2_oracle_noshard_trace-610042_b8_k8_isolated,isolated,ours,13,1,l0_ms,63.152672,recorder
20260827-022806_perlmutter_5bc126dd,ours_l01_s2_oracle_noshard_trace-610042_b8_k8_isolated,isolated,ours,13,2,l0_ms,66.199615,recorder
20260827-022806_perlmutter_5bc126dd,ours_l01_s2_oracle_noshard_trace-610042_b8_k8_isolated,isolated,ours,13,3,l0_ms,63.677055,recorder
20260827-022806_perlmutter_5bc126dd,ours_l01_s2_oracle_noshard_trace-610042_b8_k8_isolated,isolated,ours,13,4,l0_ms,66.974686,recorder
20260827-022806_perlmutter_5bc126dd,ours_l01_s2_oracle_noshard_trace-610042_b8_k8_isolated,isolated,ours,13,5,l0_ms,65.30352,recorder
20260827-022806_perlmutter_5bc126dd,ours_l01_s2_oracle_noshard_trace-610042_b8_k8_isolated,isolated,ours,13,6,l0_ms,60.038143,recorder
20260827-022806_perlmutter_5bc126dd,ours_l01_s2_oracle_noshard_trace-610042_b8_k8_isolated,isolated,ours,13,7,l0_ms,61.905952,recorder
20260827-022806_perlmutter_5bc126dd,ours_l01_s2_oracle_noshard_trace-610042_b8_k8_isolated,isolated,ours,13,8,l0_ms,65.53936,recorder
20260827-022806_perlmutter_5bc126dd,ours_l01_s2_oracle_noshard_trace-610042_b8_k8_isolated,isolated,ours,13,9,l0_ms,59.977631,recorder
20260827-022806_perlmutter_5bc126dd,ours_l01_s2_oracle_noshard_trace-610042_b8_k8_isolated,isolated,ours,13,0,act_ms,0.043808,recorder
20260827-022806_perlmutter_5bc126dd,ours_l01_s2_oracle_noshard_trace-610042_b8_k8_isolated,isolated,ours,13,1,act_ms,0.040032,recorder
20260827-022806_perlmutter_5bc126dd,ours_l01_s2_oracle_noshard_trace-610042_b8_k8_isolated,isolated,ours,13,2,act_ms,0.040032,recorder
20260827-022806_perlmutter_5bc126dd,ours_l01_s2_oracle_noshard_trace-610042_b8_k8_isolated,isolated,ours,13,3,act_ms,0.038592,recorder
20260827-022806_perlmutter_5bc126dd,ours_l01_s2_oracle_noshard_trace-610042_b8_k8_isolated,isolated,ours,13,4,act_ms,0.039552,recorder
20260827-022806_perlmutter_5bc126dd,ours_l01_s2_oracle_noshard_trace-610042_b8_k8_isolated,isolated,ours,13,5,act_ms,0.040256,recorder
20260827-022806_perlmutter_5bc126dd,ours_l01_s2_oracle_noshard_trace-610042_b8_k8_isolated,isolated,ours,13,6,act_ms,0.042336,recorder
20260827-022806_perlmutter_5bc126dd,ours_l01_s2_oracle_noshard_trace-610042_b8_k8_isolated,isolated,ours,13,7,act_ms,0.042304,recorder
20260827-022806_perlmutter_5bc126dd,ours_l01_s2_oracle_noshard_trace-610042_b8_k8_isolated,isolated,ours,13,8,act_ms,0.040352,recorder
20260827-022806_perlmutter_5bc126dd,ours_l01_s2_oracle_noshard_trace-610042_b8_k8_isolated,isolated,ours,13,9,act_ms,0.042944,recorder
20260827-022806_perlmutter_5bc126dd,ours_l01_s2_oracle_noshard_trace-610042_b8_k8_isolated,isolated,ours,13,0,l1_ms,38.934975,recorder
20260827-022806_perlmutter_5bc126dd,ours_l01_s2_oracle_noshard_trace-610042_b8_k8_isolated,isolated,ours,13,1,l1_ms,46.566654,recorder
20260827-022806_perlmutter_5bc126dd,ours_l01_s2_oracle_noshard_trace-610042_b8_k8_isolated,isolated,ours,13,2,l1_ms,46.889599,recorder
20260827-022806_perlmutter_5bc126dd,ours_l01_s2_oracle_noshard_trace-610042_b8_k8_isolated,isolated,ours,13,3,l1_ms,49.346146,recorder
20260827-022806_perlmutter_5bc126dd,ours_l01_s2_oracle_noshard_trace-610042_b8_k8_isolated,isolated,ours,13,4,l1_ms,42.964993,recorder
20260827-022806_perlmutter_5bc126dd,ours_l01_s2_oracle_noshard_trace-610042_b8_k8_isolated,isolated,ours,13,5,l1_ms,42.911072,recorder
20260827-022806_perlmutter_5bc126dd,ours_l01_s2_oracle_noshard_trace-610042_b8_k8_isolated,isolated,ours,13,6,l1_ms,50.545887,recorder
20260827-022806_perlmutter_5bc126dd,ours_l01_s2_oracle_noshard_trace-610042_b8_k8_isolated,isolated,ours,13,7,l1_ms,45.043552,recorder
20260827-022806_perlmutter_5bc126dd,ours_l01_s2_oracle_noshard_trace-610042_b8_k8_isolated,isolated,ours,13,8,l1_ms,46.449184,recorder
20260827-022806_perlmutter_5bc126dd,ours_l01_s2_oracle_noshard_trace-610042_b8_k8_isolated,isolated,ours,13,9,l1_ms,53.641727,recorder
20260827-022806_perlmutter_5bc126dd,ours_l01_s2_oracle_noshard_trace-610042_b8_k8_isolated,isolated,ours,13,0,plan_comm_ms,0.792864,recorder
20260827-022806_perlmutter_5bc126dd,ours_l01_s2_oracle_noshard_trace-610042_b8_k8_isolated,isolated,ours,13,1,plan_comm_ms,0.25344,recorder
20260827-022806_perlmutter_5bc126dd,ours_l01_s2_oracle_noshard_trace-610042_b8_k8_isolated,isolated,ours,13,2,plan_comm_ms,0.204032,recorder
20260827-022806_perlmutter_5bc126dd,ours_l01_s2_oracle_noshard_trace-610042_b8_k8_isolated,isolated,ours,13,3,plan_comm_ms,0.330656,recorder
20260827-022806_perlmutter_5bc126dd,ours_l01_s2_oracle_noshard_trace-610042_b8_k8_isolated,isolated,ours,13,4,plan_comm_ms,0.2576,recorder
20260827-022806_perlmutter_5bc126dd,ours_l01_s2_oracle_noshard_trace-610042_b8_k8_isolated,isolated,ours,13,5,plan_comm_ms,0.203008,recorder
20260827-022806_perlmutter_5bc126dd,ours_l01_s2_oracle_noshard_trace-610042_b8_k8_isolated,isolated,ours,13,6,plan_comm_ms,0.602688,recorder
20260827-022806_perlmutter_5bc126dd,ours_l01_s2_oracle_noshard_trace-610042_b8_k8_isolated,isolated,ours,13,7,plan_comm_ms,0.277632,recorder
20260827-022806_perlmutter_5bc126dd,ours_l01_s2_oracle_noshard_trace-610042_b8_k8_isolated,isolated,ours,13,8,plan_comm_ms,0.76336,recorder
20260827-022806_perlmutter_5bc126dd,ours_l01_s2_oracle_noshard_trace-610042_b8_k8_isolated,isolated,ours,13,9,plan_comm_ms,0.284672,recorder
20260827-022806_perlmutter_5bc126dd,ours_l01_s2_oracle_noshard_trace-610042_b8_k8_isolated,isolated,ours,13,0,place_ms,4.15008,recorder
20260827-022806_perlmutter_5bc126dd,ours_l01_s2_oracle_noshard_trace-610042_b8_k8_isolated,isolated,ours,13,1,place_ms,4.287872,recorder
20260827-022806_perlmutter_5bc126dd,ours_l01_s2_oracle_noshard_trace-610042_b8_k8_isolated,isolated,ours,13,2,place_ms,4.342144,recorder
20260827-022806_perlmutter_5bc126dd,ours_l01_s2_oracle_noshard_trace-610042_b8_k8_isolated,isolated,ours,13,3,place_ms,4.124192,recorder
20260827-022806_perlmutter_5bc126dd,ours_l01_s2_oracle_noshard_trace-610042_b8_k8_isolated,isolated,ours,13,4,place_ms,4.226816,recorder
20260827-022806_perlmutter_5bc126dd,ours_l01_s2_oracle_noshard_trace-610042_b8_k8_isolated,isolated,ours,13,5,place_ms,4.1688,recorder
20260827-022806_perlmutter_5bc126dd,ours_l01_s2_oracle_noshard_trace-610042_b8_k8_isolated,isolated,ours,13,6,place_ms,3.976544,recorder
20260827-022806_perlmutter_5bc126dd,ours_l01_s2_oracle_noshard_trace-610042_b8_k8_isolated,isolated,ours,13,7,place_ms,4.057376,recorder
20260827-022806_perlmutter_5bc126dd,ours_l01_s2_oracle_noshard_trace-610042_b8_k8_isolated,isolated,ours,13,8,place_ms,4.166368,recorder
20260827-022806_perlmutter_5bc126dd,ours_l01_s2_oracle_noshard_trace-610042_b8_k8_isolated,isolated,ours,13,9,place_ms,4.19792,recorder
20260827-022806_perlmutter_5bc126dd,ours_l01_s2_oracle_noshard_trace-610042_b8_k8_isolated,isolated,ours,13,0,plan_ms,3.088224,recorder
20260827-022806_perlmutter_5bc126dd,ours_l01_s2_oracle_noshard_trace-610042_b8_k8_isolated,isolated,ours,13,1,plan_ms,2.121376,recorder
20260827-022806_perlmutter_5bc126dd,ours_l01_s2_oracle_noshard_trace-610042_b8_k8_isolated,isolated,ours,13,2,plan_ms,2.206144,recorder
20260827-022806_perlmutter_5bc126dd,ours_l01_s2_oracle_noshard_trace-610042_b8_k8_isolated,isolated,ours,13,3,plan_ms,2.15648,recorder
20260827-022806_perlmutter_5bc126dd,ours_l01_s2_oracle_noshard_trace-610042_b8_k8_isolated,isolated,ours,13,4,plan_ms,2.225536,recorder
20260827-022806_perlmutter_5bc126dd,ours_l01_s2_oracle_noshard_trace-610042_b8_k8_isolated,isolated,ours,13,5,plan_ms,1.904448,recorder
20260827-022806_perlmutter_5bc126dd,ours_l01_s2_oracle_noshard_trace-610042_b8_k8_isolated,isolated,ours,13,6,plan_ms,2.32736,recorder
20260827-022806_perlmutter_5bc126dd,ours_l01_s2_oracle_noshard_trace-610042_b8_k8_isolated,isolated,ours,13,7,plan_ms,2.345376,recorder
20260827-022806_perlmutter_5bc126dd,ours_l01_s2_oracle_noshard_trace-610042_b8_k8_isolated,isolated,ours,13,8,plan_ms,2.05552,recorder
20260827-022806_perlmutter_5bc126dd,ours_l01_s2_oracle_noshard_trace-610042_b8_k8_isolated,isolated,ours,13,9,plan_ms,2.666112,recorder
20260827-022806_perlmutter_5bc126dd,ours_l01_s2_oracle_noshard_trace-610042_b8_k8_isolated,isolated,ours,13,0,total_ms,124.749603,recorder
20260827-022806_perlmutter_5bc126dd,ours_l01_s2_oracle_noshard_trace-610042_b8_k8_isolated,isolated,ours,13,1,total_ms,116.436478,recorder
20260827-022806_perlmutter_5bc126dd,ours_l01_s2_oracle_noshard_trace-610042_b8_k8_isolated,isolated,ours,13,2,total_ms,119.895744,recorder
20260827-022806_perlmutter_5bc126dd,ours_l01_s2_oracle_noshard_trace-610042_b8_k8_isolated,isolated,ours,13,3,total_ms,119.688004,recorder
20260827-022806_perlmutter_5bc126dd,ours_l01_s2_oracle_noshard_trace-610042_b8_k8_isolated,isolated,ours,13,4,total_ms,116.703171,recorder
20260827-022806_perlmutter_5bc126dd,ours_l01_s2_oracle_noshard_trace-610042_b8_k8_isolated,isolated,ours,13,5,total_ms,114.544739,recorder
20260827-022806_perlmutter_5bc126dd,ours_l01_s2_oracle_noshard_trace-610042_b8_k8_isolated,isolated,ours,13,6,total_ms,117.547295,recorder
20260827-022806_perlmutter_5bc126dd,ours_l01_s2_oracle_noshard_trace-610042_b8_k8_isolated,isolated,ours,13,7,total_ms,113.68531,recorder
20260827-022806_perlmutter_5bc126dd,ours_l01_s2_oracle_noshard_trace-610042_b8_k8_isolated,isolated,ours,13,8,total_ms,119.027618,recorder
20260827-022806_perlmutter_5bc126dd,ours_l01_s2_oracle_noshard_trace-610042_b8_k8_isolated,isolated,ours,13,9,total_ms,120.824509,recorder
20260827-022806_perlmutter_5bc126dd,ours_l01_s2_oracle_noshard_trace-610042_b8_k8_isolated,isolated,ours,13,0,iso_sync_ms,0.986636,recorder
20260827-022806_perlmutter_5bc126dd,ours_l01_s2_oracle_noshard_trace-610042_b8_k8_isolated,isolated,ours,13,1,iso_sync_ms,0.550142,recorder
20260827-022806_perlmutter_5bc126dd,ours_l01_s2_oracle_noshard_trace-610042_b8_k8_isolated,isolated,ours,13,2,iso_sync_ms,0.294428,recorder
20260827-022806_perlmutter_5bc126dd,ours_l01_s2_oracle_noshard_trace-610042_b8_k8_isolated,isolated,ours,13,3,iso_sync_ms,0.677338,recorder
20260827-022806_perlmutter_5bc126dd,ours_l01_s2_oracle_noshard_trace-610042_b8_k8_isolated,isolated,ours,13,4,iso_sync_ms,0.585461,recorder
20260827-022806_perlmutter_5bc126dd,ours_l01_s2_oracle_noshard_trace-610042_b8_k8_isolated,isolated,ours,13,5,iso_sync_ms,0.961317,recorder
20260827-022806_perlmutter_5bc126dd,ours_l01_s2_oracle_noshard_trace-610042_b8_k8_isolated,isolated,ours,13,6,iso_sync_ms,0.754878,recorder
20260827-022806_perlmutter_5bc126dd,ours_l01_s2_oracle_noshard_trace-610042_b8_k8_isolated,isolated,ours,13,7,iso_sync_ms,0.478054,recorder
20260827-022806_perlmutter_5bc126dd,ours_l01_s2_oracle_noshard_trace-610042_b8_k8_isolated,isolated,ours,13,8,iso_sync_ms,1.106748,recorder
20260827-022806_perlmutter_5bc126dd,ours_l01_s2_oracle_noshard_trace-610042_b8_k8_isolated,isolated,ours,13,9,iso_sync_ms,1.431826,recorder
20260827-022806_perlmutter_5bc126dd,ours_l01_s2_oracle_noshard_trace-610042_b8_k8_isolated,isolated,ours,14,0,e2e_ms,116.644066,recorder
20260827-022806_perlmutter_5bc126dd,ours_l01_s2_oracle_noshard_trace-610042_b8_k8_isolated,isolated,ours,14,1,e2e_ms,109.804352,recorder
20260827-022806_perlmutter_5bc126dd,ours_l01_s2_oracle_noshard_trace-610042_b8_k8_isolated,isolated,ours,14,2,e2e_ms,113.144226,recorder
20260827-022806_perlmutter_5bc126dd,ours_l01_s2_oracle_noshard_trace-610042_b8_k8_isolated,isolated,ours,14,3,e2e_ms,113.054749,recorder
20260827-022806_perlmutter_5bc126dd,ours_l01_s2_oracle_noshard_trace-610042_b8_k8_isolated,isolated,ours,14,4,e2e_ms,110.015747,recorder
20260827-022806_perlmutter_5bc126dd,ours_l01_s2_oracle_noshard_trace-610042_b8_k8_isolated,isolated,ours,14,5,e2e_ms,108.26899,recorder
20260827-022806_perlmutter_5bc126dd,ours_l01_s2_oracle_noshard_trace-610042_b8_k8_isolated,isolated,ours,14,6,e2e_ms,110.633537,recorder
20260827-022806_perlmutter_5bc126dd,ours_l01_s2_oracle_noshard_trace-610042_b8_k8_isolated,isolated,ours,14,7,e2e_ms,107.011139,recorder
20260827-022806_perlmutter_5bc126dd,ours_l01_s2_oracle_noshard_trace-610042_b8_k8_isolated,isolated,ours,14,8,e2e_ms,112.069183,recorder
20260827-022806_perlmutter_5bc126dd,ours_l01_s2_oracle_noshard_trace-610042_b8_k8_isolated,isolated,ours,14,9,e2e_ms,113.685501,recorder
20260827-022806_perlmutter_5bc126dd,ours_l01_s2_oracle_noshard_trace-610042_b8_k8_isolated,isolated,ours,14,0,l0_ms,70.914909,recorder
20260827-022806_perlmutter_5bc126dd,ours_l01_s2_oracle_noshard_trace-610042_b8_k8_isolated,isolated,ours,14,1,l0_ms,62.539646,recorder
20260827-022806_perlmutter_5bc126dd,ours_l01_s2_oracle_noshard_trace-610042_b8_k8_isolated,isolated,ours,14,2,l0_ms,67.437149,recorder
20260827-022806_perlmutter_5bc126dd,ours_l01_s2_oracle_noshard_trace-610042_b8_k8_isolated,isolated,ours,14,3,l0_ms,65.194878,recorder
20260827-022806_perlmutter_5bc126dd,ours_l01_s2_oracle_noshard_trace-610042_b8_k8_isolated,isolated,ours,14,4,l0_ms,68.8536,recorder
20260827-022806_perlmutter_5bc126dd,ours_l01_s2_oracle_noshard_trace-610042_b8_k8_isolated,isolated,ours,14,5,l0_ms,66.777184,recorder
20260827-022806_perlmutter_5bc126dd,ours_l01_s2_oracle_noshard_trace-610042_b8_k8_isolated,isolated,ours,14,6,l0_ms,62.108639,recorder
20260827-022806_perlmutter_5bc126dd,ours_l01_s2_oracle_noshard_trace-610042_b8_k8_isolated,isolated,ours,14,7,l0_ms,60.912415,recorder
20260827-022806_perlmutter_5bc126dd,ours_l01_s2_oracle_noshard_trace-610042_b8_k8_isolated,isolated,ours,14,8,l0_ms,66.829117,recorder
20260827-022806_perlmutter_5bc126dd,ours_l01_s2_oracle_noshard_trace-610042_b8_k8_isolated,isolated,ours,14,9,l0_ms,62.455902,recorder
20260827-022806_perlmutter_5bc126dd,ours_l01_s2_oracle_noshard_trace-610042_b8_k8_isolated,isolated,ours,14,0,act_ms,0.041856,recorder
20260827-022806_perlmutter_5bc126dd,ours_l01_s2_oracle_noshard_trace-610042_b8_k8_isolated,isolated,ours,14,1,act_ms,0.037376,recorder
20260827-022806_perlmutter_5bc126dd,ours_l01_s2_oracle_noshard_trace-610042_b8_k8_isolated,isolated,ours,14,2,act_ms,0.044672,recorder
20260827-022806_perlmutter_5bc126dd,ours_l01_s2_oracle_noshard_trace-610042_b8_k8_isolated,isolated,ours,14,3,act_ms,0.041248,recorder
20260827-022806_perlmutter_5bc126dd,ours_l01_s2_oracle_noshard_trace-610042_b8_k8_isolated,isolated,ours,14,4,act_ms,0.045248,recorder
20260827-022806_perlmutter_5bc126dd,ours_l01_s2_oracle_noshard_trace-610042_b8_k8_isolated,isolated,ours,14,5,act_ms,0.04112,recorder
20260827-022806_perlmutter_5bc126dd,ours_l01_s2_oracle_noshard_trace-610042_b8_k8_isolated,isolated,ours,14,6,act_ms,0.041568,recorder
20260827-022806_perlmutter_5bc126dd,ours_l01_s2_oracle_noshard_trace-610042_b8_k8_isolated,isolated,ours,14,7,act_ms,0.040608,recorder
20260827-022806_perlmutter_5bc126dd,ours_l01_s2_oracle_noshard_trace-610042_b8_k8_isolated,isolated,ours,14,8,act_ms,0.042272,recorder
20260827-022806_perlmutter_5bc126dd,ours_l01_s2_oracle_noshard_trace-610042_b8_k8_isolated,isolated,ours,14,9,act_ms,0.034656,recorder
20260827-022806_perlmutter_5bc126dd,ours_l01_s2_oracle_noshard_trace-610042_b8_k8_isolated,isolated,ours,14,0,l1_ms,45.687298,recorder
20260827-022806_perlmutter_5bc126dd,ours_l01_s2_oracle_noshard_trace-610042_b8_k8_isolated,isolated,ours,14,1,l1_ms,47.227329,recorder
20260827-022806_perlmutter_5bc126dd,ours_l01_s2_oracle_noshard_trace-610042_b8_k8_isolated,isolated,ours,14,2,l1_ms,45.662399,recorder
20260827-022806_perlmutter_5bc126dd,ours_l01_s2_oracle_noshard_trace-610042_b8_k8_isolated,isolated,ours,14,3,l1_ms,47.818623,recorder
20260827-022806_perlmutter_5bc126dd,ours_l01_s2_oracle_noshard_trace-610042_b8_k8_isolated,isolated,ours,14,4,l1_ms,41.116898,recorder
20260827-022806_perlmutter_5bc126dd,ours_l01_s2_oracle_noshard_trace-610042_b8_k8_isolated,isolated,ours,14,5,l1_ms,41.450687,recorder
20260827-022806_perlmutter_5bc126dd,ours_l01_s2_oracle_noshard_trace-610042_b8_k8_isolated,isolated,ours,14,6,l1_ms,48.48333,recorder
20260827-022806_perlmutter_5bc126dd,ours_l01_s2_oracle_noshard_trace-610042_b8_k8_isolated,isolated,ours,14,7,l1_ms,46.058113,recorder
20260827-022806_perlmutter_5bc126dd,ours_l01_s2_oracle_noshard_trace-610042_b8_k8_isolated,isolated,ours,14,8,l1_ms,45.197792,recorder
20260827-022806_perlmutter_5bc126dd,ours_l01_s2_oracle_noshard_trace-610042_b8_k8_isolated,isolated,ours,14,9,l1_ms,51.194942,recorder
20260827-022806_perlmutter_5bc126dd,ours_l01_s2_oracle_noshard_trace-610042_b8_k8_isolated,isolated,ours,14,0,plan_comm_ms,0.772704,recorder
20260827-022806_perlmutter_5bc126dd,ours_l01_s2_oracle_noshard_trace-610042_b8_k8_isolated,isolated,ours,14,1,plan_comm_ms,0.256992,recorder
20260827-022806_perlmutter_5bc126dd,ours_l01_s2_oracle_noshard_trace-610042_b8_k8_isolated,isolated,ours,14,2,plan_comm_ms,0.20272,recorder
20260827-022806_perlmutter_5bc126dd,ours_l01_s2_oracle_noshard_trace-610042_b8_k8_isolated,isolated,ours,14,3,plan_comm_ms,0.333952,recorder
20260827-022806_perlmutter_5bc126dd,ours_l01_s2_oracle_noshard_trace-610042_b8_k8_isolated,isolated,ours,14,4,plan_comm_ms,0.258624,recorder
20260827-022806_perlmutter_5bc126dd,ours_l01_s2_oracle_noshard_trace-610042_b8_k8_isolated,isolated,ours,14,5,plan_comm_ms,0.203136,recorder
20260827-022806_perlmutter_5bc126dd,ours_l01_s2_oracle_noshard_trace-610042_b8_k8_isolated,isolated,ours,14,6,plan_comm_ms,0.605632,recorder
20260827-022806_perlmutter_5bc126dd,ours_l01_s2_oracle_noshard_trace-610042_b8_k8_isolated,isolated,ours,14,7,plan_comm_ms,0.278784,recorder
20260827-022806_perlmutter_5bc126dd,ours_l01_s2_oracle_noshard_trace-610042_b8_k8_isolated,isolated,ours,14,8,plan_comm_ms,0.764064,recorder
20260827-022806_perlmutter_5bc126dd,ours_l01_s2_oracle_noshard_trace-610042_b8_k8_isolated,isolated,ours,14,9,plan_comm_ms,0.286816,recorder
20260827-022806_perlmutter_5bc126dd,ours_l01_s2_oracle_noshard_trace-610042_b8_k8_isolated,isolated,ours,14,0,place_ms,4.592928,recorder
20260827-022806_perlmutter_5bc126dd,ours_l01_s2_oracle_noshard_trace-610042_b8_k8_isolated,isolated,ours,14,1,place_ms,4.28144,recorder
20260827-022806_perlmutter_5bc126dd,ours_l01_s2_oracle_noshard_trace-610042_b8_k8_isolated,isolated,ours,14,2,place_ms,4.318656,recorder
20260827-022806_perlmutter_5bc126dd,ours_l01_s2_oracle_noshard_trace-610042_b8_k8_isolated,isolated,ours,14,3,place_ms,4.101984,recorder
20260827-022806_perlmutter_5bc126dd,ours_l01_s2_oracle_noshard_trace-610042_b8_k8_isolated,isolated,ours,14,4,place_ms,4.263264,recorder
20260827-022806_perlmutter_5bc126dd,ours_l01_s2_oracle_noshard_trace-610042_b8_k8_isolated,isolated,ours,14,5,place_ms,4.185184,recorder
20260827-022806_perlmutter_5bc126dd,ours_l01_s2_oracle_noshard_trace-610042_b8_k8_isolated,isolated,ours,14,6,place_ms,3.970848,recorder
20260827-022806_perlmutter_5bc126dd,ours_l01_s2_oracle_noshard_trace-610042_b8_k8_isolated,isolated,ours,14,7,place_ms,4.07856,recorder
20260827-022806_perlmutter_5bc126dd,ours_l01_s2_oracle_noshard_trace-610042_b8_k8_isolated,isolated,ours,14,8,place_ms,4.104256,recorder
20260827-022806_perlmutter_5bc126dd,ours_l01_s2_oracle_noshard_trace-610042_b8_k8_isolated,isolated,ours,14,9,place_ms,4.203872,recorder
20260827-022806_perlmutter_5bc126dd,ours_l01_s2_oracle_noshard_trace-610042_b8_k8_isolated,isolated,ours,14,0,plan_ms,2.703296,recorder
20260827-022806_perlmutter_5bc126dd,ours_l01_s2_oracle_noshard_trace-610042_b8_k8_isolated,isolated,ours,14,1,plan_ms,2.110624,recorder
20260827-022806_perlmutter_5bc126dd,ours_l01_s2_oracle_noshard_trace-610042_b8_k8_isolated,isolated,ours,14,2,plan_ms,2.232704,recorder
20260827-022806_perlmutter_5bc126dd,ours_l01_s2_oracle_noshard_trace-610042_b8_k8_isolated,isolated,ours,14,3,plan_ms,2.188544,recorder
20260827-022806_perlmutter_5bc126dd,ours_l01_s2_oracle_noshard_trace-610042_b8_k8_isolated,isolated,ours,14,4,plan_ms,2.190848,recorder
20260827-022806_perlmutter_5bc126dd,ours_l01_s2_oracle_noshard_trace-610042_b8_k8_isolated,isolated,ours,14,5,plan_ms,1.877152,recorder
20260827-022806_perlmutter_5bc126dd,ours_l01_s2_oracle_noshard_trace-610042_b8_k8_isolated,isolated,ours,14,6,plan_ms,2.318688,recorder
20260827-022806_perlmutter_5bc126dd,ours_l01_s2_oracle_noshard_trace-610042_b8_k8_isolated,isolated,ours,14,7,plan_ms,2.311328,recorder
20260827-022806_perlmutter_5bc126dd,ours_l01_s2_oracle_noshard_trace-610042_b8_k8_isolated,isolated,ours,14,8,plan_ms,2.093024,recorder
20260827-022806_perlmutter_5bc126dd,ours_l01_s2_oracle_noshard_trace-610042_b8_k8_isolated,isolated,ours,14,9,plan_ms,2.650272,recorder
20260827-022806_perlmutter_5bc126dd,ours_l01_s2_oracle_noshard_trace-610042_b8_k8_isolated,isolated,ours,14,0,total_ms,124.726944,recorder
20260827-022806_perlmutter_5bc126dd,ours_l01_s2_oracle_noshard_trace-610042_b8_k8_isolated,isolated,ours,14,1,total_ms,116.46666,recorder
20260827-022806_perlmutter_5bc126dd,ours_l01_s2_oracle_noshard_trace-610042_b8_k8_isolated,isolated,ours,14,2,total_ms,119.913826,recorder
20260827-022806_perlmutter_5bc126dd,ours_l01_s2_oracle_noshard_trace-610042_b8_k8_isolated,isolated,ours,14,3,total_ms,119.692894,recorder
20260827-022806_perlmutter_5bc126dd,ours_l01_s2_oracle_noshard_trace-610042_b8_k8_isolated,isolated,ours,14,4,total_ms,116.741699,recorder
20260827-022806_perlmutter_5bc126dd,ours_l01_s2_oracle_noshard_trace-610042_b8_k8_isolated,isolated,ours,14,5,total_ms,114.547134,recorder
20260827-022806_perlmutter_5bc126dd,ours_l01_s2_oracle_noshard_trace-610042_b8_k8_isolated,isolated,ours,14,6,total_ms,117.542305,recorder
20260827-022806_perlmutter_5bc126dd,ours_l01_s2_oracle_noshard_trace-610042_b8_k8_isolated,isolated,ours,14,7,total_ms,113.692352,recorder
20260827-022806_perlmutter_5bc126dd,ours_l01_s2_oracle_noshard_trace-610042_b8_k8_isolated,isolated,ours,14,8,total_ms,119.043678,recorder
20260827-022806_perlmutter_5bc126dd,ours_l01_s2_oracle_noshard_trace-610042_b8_k8_isolated,isolated,ours,14,9,total_ms,120.840126,recorder
20260827-022806_perlmutter_5bc126dd,ours_l01_s2_oracle_noshard_trace-610042_b8_k8_isolated,isolated,ours,14,0,iso_sync_ms,0.540264,recorder
20260827-022806_perlmutter_5bc126dd,ours_l01_s2_oracle_noshard_trace-610042_b8_k8_isolated,isolated,ours,14,1,iso_sync_ms,0.53831,recorder
20260827-022806_perlmutter_5bc126dd,ours_l01_s2_oracle_noshard_trace-610042_b8_k8_isolated,isolated,ours,14,2,iso_sync_ms,0.254221,recorder
20260827-022806_perlmutter_5bc126dd,ours_l01_s2_oracle_noshard_trace-610042_b8_k8_isolated,isolated,ours,14,3,iso_sync_ms,0.642421,recorder
20260827-022806_perlmutter_5bc126dd,ours_l01_s2_oracle_noshard_trace-610042_b8_k8_isolated,isolated,ours,14,4,iso_sync_ms,0.574921,recorder
20260827-022806_perlmutter_5bc126dd,ours_l01_s2_oracle_noshard_trace-610042_b8_k8_isolated,isolated,ours,14,5,iso_sync_ms,0.920378,recorder
20260827-022806_perlmutter_5bc126dd,ours_l01_s2_oracle_noshard_trace-610042_b8_k8_isolated,isolated,ours,14,6,iso_sync_ms,0.741402,recorder
20260827-022806_perlmutter_5bc126dd,ours_l01_s2_oracle_noshard_trace-610042_b8_k8_isolated,isolated,ours,14,7,iso_sync_ms,0.475298,recorder
20260827-022806_perlmutter_5bc126dd,ours_l01_s2_oracle_noshard_trace-610042_b8_k8_isolated,isolated,ours,14,8,iso_sync_ms,1.095526,recorder
20260827-022806_perlmutter_5bc126dd,ours_l01_s2_oracle_noshard_trace-610042_b8_k8_isolated,isolated,ours,14,9,iso_sync_ms,1.40804,recorder
20260827-022806_perlmutter_5bc126dd,ours_l01_s2_oracle_noshard_trace-610042_b8_k8_isolated,isolated,ours,15,0,e2e_ms,116.706429,recorder
20260827-022806_perlmutter_5bc126dd,ours_l01_s2_oracle_noshard_trace-610042_b8_k8_isolated,isolated,ours,15,1,e2e_ms,109.767746,recorder
20260827-022806_perlmutter_5bc126dd,ours_l01_s2_oracle_noshard_trace-610042_b8_k8_isolated,isolated,ours,15,2,e2e_ms,113.188354,recorder
20260827-022806_perlmutter_5bc126dd,ours_l01_s2_oracle_noshard_trace-610042_b8_k8_isolated,isolated,ours,15,3,e2e_ms,113.075233,recorder
20260827-022806_perlmutter_5bc126dd,ours_l01_s2_oracle_noshard_trace-610042_b8_k8_isolated,isolated,ours,15,4,e2e_ms,110.094017,recorder
20260827-022806_perlmutter_5bc126dd,ours_l01_s2_oracle_noshard_trace-610042_b8_k8_isolated,isolated,ours,15,5,e2e_ms,108.294403,recorder
20260827-022806_perlmutter_5bc126dd,ours_l01_s2_oracle_noshard_trace-610042_b8_k8_isolated,isolated,ours,15,6,e2e_ms,110.645248,recorder
20260827-022806_perlmutter_5bc126dd,ours_l01_s2_oracle_noshard_trace-610042_b8_k8_isolated,isolated,ours,15,7,e2e_ms,107.046463,recorder
20260827-022806_perlmutter_5bc126dd,ours_l01_s2_oracle_noshard_trace-610042_b8_k8_isolated,isolated,ours,15,8,e2e_ms,112.115425,recorder
20260827-022806_perlmutter_5bc126dd,ours_l01_s2_oracle_noshard_trace-610042_b8_k8_isolated,isolated,ours,15,9,e2e_ms,113.660225,recorder
20260827-022806_perlmutter_5bc126dd,ours_l01_s2_oracle_noshard_trace-610042_b8_k8_isolated,isolated,ours,15,0,l0_ms,77.767075,recorder
20260827-022806_perlmutter_5bc126dd,ours_l01_s2_oracle_noshard_trace-610042_b8_k8_isolated,isolated,ours,15,1,l0_ms,64.632004,recorder
20260827-022806_perlmutter_5bc126dd,ours_l01_s2_oracle_noshard_trace-610042_b8_k8_isolated,isolated,ours,15,2,l0_ms,66.384323,recorder
20260827-022806_perlmutter_5bc126dd,ours_l01_s2_oracle_noshard_trace-610042_b8_k8_isolated,isolated,ours,15,3,l0_ms,68.929153,recorder
20260827-022806_perlmutter_5bc126dd,ours_l01_s2_oracle_noshard_trace-610042_b8_k8_isolated,isolated,ours,15,4,l0_ms,67.881409,recorder
20260827-022806_perlmutter_5bc126dd,ours_l01_s2_oracle_noshard_trace-610042_b8_k8_isolated,isolated,ours,15,5,l0_ms,67.946243,recorder
20260827-022806_perlmutter_5bc126dd,ours_l01_s2_oracle_noshard_trace-610042_b8_k8_isolated,isolated,ours,15,6,l0_ms,59.073151,recorder
20260827-022806_perlmutter_5bc126dd,ours_l01_s2_oracle_noshard_trace-610042_b8_k8_isolated,isolated,ours,15,7,l0_ms,59.685471,recorder
20260827-022806_perlmutter_5bc126dd,ours_l01_s2_oracle_noshard_trace-610042_b8_k8_isolated,isolated,ours,15,8,l0_ms,71.920639,recorder
20260827-022806_perlmutter_5bc126dd,ours_l01_s2_oracle_noshard_trace-610042_b8_k8_isolated,isolated,ours,15,9,l0_ms,61.043648,recorder
20260827-022806_perlmutter_5bc126dd,ours_l01_s2_oracle_noshard_trace-610042_b8_k8_isolated,isolated,ours,15,0,act_ms,0.045536,recorder
20260827-022806_perlmutter_5bc126dd,ours_l01_s2_oracle_noshard_trace-610042_b8_k8_isolated,isolated,ours,15,1,act_ms,0.040192,recorder
20260827-022806_perlmutter_5bc126dd,ours_l01_s2_oracle_noshard_trace-610042_b8_k8_isolated,isolated,ours,15,2,act_ms,0.044288,recorder
20260827-022806_perlmutter_5bc126dd,ours_l01_s2_oracle_noshard_trace-610042_b8_k8_isolated,isolated,ours,15,3,act_ms,0.038528,recorder
20260827-022806_perlmutter_5bc126dd,ours_l01_s2_oracle_noshard_trace-610042_b8_k8_isolated,isolated,ours,15,4,act_ms,0.045888,recorder
20260827-022806_perlmutter_5bc126dd,ours_l01_s2_oracle_noshard_trace-610042_b8_k8_isolated,isolated,ours,15,5,act_ms,0.0424,recorder
20260827-022806_perlmutter_5bc126dd,ours_l01_s2_oracle_noshard_trace-610042_b8_k8_isolated,isolated,ours,15,6,act_ms,0.04032,recorder
20260827-022806_perlmutter_5bc126dd,ours_l01_s2_oracle_noshard_trace-610042_b8_k8_isolated,isolated,ours,15,7,act_ms,0.03936,recorder
20260827-022806_perlmutter_5bc126dd,ours_l01_s2_oracle_noshard_trace-610042_b8_k8_isolated,isolated,ours,15,8,act_ms,0.036256,recorder
20260827-022806_perlmutter_5bc126dd,ours_l01_s2_oracle_noshard_trace-610042_b8_k8_isolated,isolated,ours,15,9,act_ms,0.04256,recorder
20260827-022806_perlmutter_5bc126dd,ours_l01_s2_oracle_noshard_trace-610042_b8_k8_isolated,isolated,ours,15,0,l1_ms,38.893826,recorder
20260827-022806_perlmutter_5bc126dd,ours_l01_s2_oracle_noshard_trace-610042_b8_k8_isolated,isolated,ours,15,1,l1_ms,45.095551,recorder
20260827-022806_perlmutter_5bc126dd,ours_l01_s2_oracle_noshard_trace-610042_b8_k8_isolated,isolated,ours,15,2,l1_ms,46.759743,recorder
20260827-022806_perlmutter_5bc126dd,ours_l01_s2_oracle_noshard_trace-610042_b8_k8_isolated,isolated,ours,15,3,l1_ms,44.107552,recorder
20260827-022806_perlmutter_5bc126dd,ours_l01_s2_oracle_noshard_trace-610042_b8_k8_isolated,isolated,ours,15,4,l1_ms,42.166721,recorder
20260827-022806_perlmutter_5bc126dd,ours_l01_s2_oracle_noshard_trace-610042_b8_k8_isolated,isolated,ours,15,5,l1_ms,40.305759,recorder
20260827-022806_perlmutter_5bc126dd,ours_l01_s2_oracle_noshard_trace-610042_b8_k8_isolated,isolated,ours,15,6,l1_ms,51.531776,recorder
20260827-022806_perlmutter_5bc126dd,ours_l01_s2_oracle_noshard_trace-610042_b8_k8_isolated,isolated,ours,15,7,l1_ms,47.321632,recorder
20260827-022806_perlmutter_5bc126dd,ours_l01_s2_oracle_noshard_trace-610042_b8_k8_isolated,isolated,ours,15,8,l1_ms,40.158527,recorder
20260827-022806_perlmutter_5bc126dd,ours_l01_s2_oracle_noshard_trace-610042_b8_k8_isolated,isolated,ours,15,9,l1_ms,52.574017,recorder
20260827-022806_perlmutter_5bc126dd,ours_l01_s2_oracle_noshard_trace-610042_b8_k8_isolated,isolated,ours,15,0,plan_comm_ms,0.797568,recorder
20260827-022806_perlmutter_5bc126dd,ours_l01_s2_oracle_noshard_trace-610042_b8_k8_isolated,isolated,ours,15,1,plan_comm_ms,0.250144,recorder
20260827-022806_perlmutter_5bc126dd,ours_l01_s2_oracle_noshard_trace-610042_b8_k8_isolated,isolated,ours,15,2,plan_comm_ms,0.201664,recorder
20260827-022806_perlmutter_5bc126dd,ours_l01_s2_oracle_noshard_trace-610042_b8_k8_isolated,isolated,ours,15,3,plan_comm_ms,0.327424,recorder
20260827-022806_perlmutter_5bc126dd,ours_l01_s2_oracle_noshard_trace-610042_b8_k8_isolated,isolated,ours,15,4,plan_comm_ms,0.250368,recorder
20260827-022806_perlmutter_5bc126dd,ours_l01_s2_oracle_noshard_trace-610042_b8_k8_isolated,isolated,ours,15,5,plan_comm_ms,0.195264,recorder
20260827-022806_perlmutter_5bc126dd,ours_l01_s2_oracle_noshard_trace-610042_b8_k8_isolated,isolated,ours,15,6,plan_comm_ms,0.606144,recorder
20260827-022806_perlmutter_5bc126dd,ours_l01_s2_oracle_noshard_trace-610042_b8_k8_isolated,isolated,ours,15,7,plan_comm_ms,0.27904,recorder
20260827-022806_perlmutter_5bc126dd,ours_l01_s2_oracle_noshard_trace-610042_b8_k8_isolated,isolated,ours,15,8,plan_comm_ms,0.759552,recorder
20260827-022806_perlmutter_5bc126dd,ours_l01_s2_oracle_noshard_trace-610042_b8_k8_isolated,isolated,ours,15,9,plan_comm_ms,0.278144,recorder
20260827-022806_perlmutter_5bc126dd,ours_l01_s2_oracle_noshard_trace-610042_b8_k8_isolated,isolated,ours,15,0,place_ms,4.108416,recorder
20260827-022806_perlmutter_5bc126dd,ours_l01_s2_oracle_noshard_trace-610042_b8_k8_isolated,isolated,ours,15,1,place_ms,4.255456,recorder
20260827-022806_perlmutter_5bc126dd,ours_l01_s2_oracle_noshard_trace-610042_b8_k8_isolated,isolated,ours,15,2,place_ms,4.301696,recorder
20260827-022806_perlmutter_5bc126dd,ours_l01_s2_oracle_noshard_trace-610042_b8_k8_isolated,isolated,ours,15,3,place_ms,4.095456,recorder
20260827-022806_perlmutter_5bc126dd,ours_l01_s2_oracle_noshard_trace-610042_b8_k8_isolated,isolated,ours,15,4,place_ms,4.246592,recorder
20260827-022806_perlmutter_5bc126dd,ours_l01_s2_oracle_noshard_trace-610042_b8_k8_isolated,isolated,ours,15,5,place_ms,4.18608,recorder
20260827-022806_perlmutter_5bc126dd,ours_l01_s2_oracle_noshard_trace-610042_b8_k8_isolated,isolated,ours,15,6,place_ms,3.958848,recorder
20260827-022806_perlmutter_5bc126dd,ours_l01_s2_oracle_noshard_trace-610042_b8_k8_isolated,isolated,ours,15,7,place_ms,4.066688,recorder
20260827-022806_perlmutter_5bc126dd,ours_l01_s2_oracle_noshard_trace-610042_b8_k8_isolated,isolated,ours,15,8,place_ms,4.11648,recorder
20260827-022806_perlmutter_5bc126dd,ours_l01_s2_oracle_noshard_trace-610042_b8_k8_isolated,isolated,ours,15,9,place_ms,4.3096,recorder
20260827-022806_perlmutter_5bc126dd,ours_l01_s2_oracle_noshard_trace-610042_b8_k8_isolated,isolated,ours,15,0,plan_ms,3.131616,recorder
20260827-022806_perlmutter_5bc126dd,ours_l01_s2_oracle_noshard_trace-610042_b8_k8_isolated,isolated,ours,15,1,plan_ms,2.176544,recorder
20260827-022806_perlmutter_5bc126dd,ours_l01_s2_oracle_noshard_trace-610042_b8_k8_isolated,isolated,ours,15,2,plan_ms,2.232224,recorder
20260827-022806_perlmutter_5bc126dd,ours_l01_s2_oracle_noshard_trace-610042_b8_k8_isolated,isolated,ours,15,3,plan_ms,2.174656,recorder
20260827-022806_perlmutter_5bc126dd,ours_l01_s2_oracle_noshard_trace-610042_b8_k8_isolated,isolated,ours,15,4,plan_ms,2.15984,recorder
20260827-022806_perlmutter_5bc126dd,ours_l01_s2_oracle_noshard_trace-610042_b8_k8_isolated,isolated,ours,15,5,plan_ms,1.854144,recorder
20260827-022806_perlmutter_5bc126dd,ours_l01_s2_oracle_noshard_trace-610042_b8_k8_isolated,isolated,ours,15,6,plan_ms,2.32768,recorder
20260827-022806_perlmutter_5bc126dd,ours_l01_s2_oracle_noshard_trace-610042_b8_k8_isolated,isolated,ours,15,7,plan_ms,2.307392,recorder
20260827-022806_perlmutter_5bc126dd,ours_l01_s2_oracle_noshard_trace-610042_b8_k8_isolated,isolated,ours,15,8,plan_ms,2.059712,recorder
20260827-022806_perlmutter_5bc126dd,ours_l01_s2_oracle_noshard_trace-610042_b8_k8_isolated,isolated,ours,15,9,plan_ms,2.573376,recorder
20260827-022806_perlmutter_5bc126dd,ours_l01_s2_oracle_noshard_trace-610042_b8_k8_isolated,isolated,ours,15,0,total_ms,124.75798,recorder
20260827-022806_perlmutter_5bc126dd,ours_l01_s2_oracle_noshard_trace-610042_b8_k8_isolated,isolated,ours,15,1,total_ms,116.463776,recorder
20260827-022806_perlmutter_5bc126dd,ours_l01_s2_oracle_noshard_trace-610042_b8_k8_isolated,isolated,ours,15,2,total_ms,119.9384,recorder
20260827-022806_perlmutter_5bc126dd,ours_l01_s2_oracle_noshard_trace-610042_b8_k8_isolated,isolated,ours,15,3,total_ms,119.687294,recorder
20260827-022806_perlmutter_5bc126dd,ours_l01_s2_oracle_noshard_trace-610042_b8_k8_isolated,isolated,ours,15,4,total_ms,116.765411,recorder
20260827-022806_perlmutter_5bc126dd,ours_l01_s2_oracle_noshard_trace-610042_b8_k8_isolated,isolated,ours,15,5,total_ms,114.543549,recorder
20260827-022806_perlmutter_5bc126dd,ours_l01_s2_oracle_noshard_trace-610042_b8_k8_isolated,isolated,ours,15,6,total_ms,117.551331,recorder
20260827-022806_perlmutter_5bc126dd,ours_l01_s2_oracle_noshard_trace-610042_b8_k8_isolated,isolated,ours,15,7,total_ms,113.714531,recorder
20260827-022806_perlmutter_5bc126dd,ours_l01_s2_oracle_noshard_trace-610042_b8_k8_isolated,isolated,ours,15,8,total_ms,119.065727,recorder
20260827-022806_perlmutter_5bc126dd,ours_l01_s2_oracle_noshard_trace-610042_b8_k8_isolated,isolated,ours,15,9,total_ms,120.835617,recorder
20260827-022806_perlmutter_5bc126dd,ours_l01_s2_oracle_noshard_trace-610042_b8_k8_isolated,isolated,ours,15,0,iso_sync_ms,1.047955,recorder
20260827-022806_perlmutter_5bc126dd,ours_l01_s2_oracle_noshard_trace-610042_b8_k8_isolated,isolated,ours,15,1,iso_sync_ms,0.549321,recorder
20260827-022806_perlmutter_5bc126dd,ours_l01_s2_oracle_noshard_trace-610042_b8_k8_isolated,isolated,ours,15,2,iso_sync_ms,0.26344,recorder
20260827-022806_perlmutter_5bc126dd,ours_l01_s2_oracle_noshard_trace-610042_b8_k8_isolated,isolated,ours,15,3,iso_sync_ms,0.618154,recorder
20260827-022806_perlmutter_5bc126dd,ours_l01_s2_oracle_noshard_trace-610042_b8_k8_isolated,isolated,ours,15,4,iso_sync_ms,0.58533,recorder
20260827-022806_perlmutter_5bc126dd,ours_l01_s2_oracle_noshard_trace-610042_b8_k8_isolated,isolated,ours,15,5,iso_sync_ms,0.897053,recorder
20260827-022806_perlmutter_5bc126dd,ours_l01_s2_oracle_noshard_trace-610042_b8_k8_isolated,isolated,ours,15,6,iso_sync_ms,0.738696,recorder
20260827-022806_perlmutter_5bc126dd,ours_l01_s2_oracle_noshard_trace-610042_b8_k8_isolated,isolated,ours,15,7,iso_sync_ms,0.480829,recorder
20260827-022806_perlmutter_5bc126dd,ours_l01_s2_oracle_noshard_trace-610042_b8_k8_isolated,isolated,ours,15,8,iso_sync_ms,1.080718,recorder
20260827-022806_perlmutter_5bc126dd,ours_l01_s2_oracle_noshard_trace-610042_b8_k8_isolated,isolated,ours,15,9,iso_sync_ms,1.376158,recorder
20260827-022806_perlmutter_5bc126dd,ours_l01_s2_trace-610042_b32_k8_isolated,isolated,ours,0,0,e2e_ms,26.5152,recorder
20260827-022806_perlmutter_5bc126dd,ours_l01_s2_trace-610042_b32_k8_isolated,isolated,ours,0,1,e2e_ms,24.846497,recorder
20260827-022806_perlmutter_5bc126dd,ours_l01_s2_trace-610042_b32_k8_isolated,isolated,ours,0,2,e2e_ms,26.182112,recorder
20260827-022806_perlmutter_5bc126dd,ours_l01_s2_trace-610042_b32_k8_isolated,isolated,ours,0,3,e2e_ms,25.357311,recorder
20260827-022806_perlmutter_5bc126dd,ours_l01_s2_trace-610042_b32_k8_isolated,isolated,ours,0,4,e2e_ms,24.955616,recorder
20260827-022806_perlmutter_5bc126dd,ours_l01_s2_trace-610042_b32_k8_isolated,isolated,ours,0,5,e2e_ms,24.447008,recorder
20260827-022806_perlmutter_5bc126dd,ours_l01_s2_trace-610042_b32_k8_isolated,isolated,ours,0,6,e2e_ms,26.043425,recorder
20260827-022806_perlmutter_5bc126dd,ours_l01_s2_trace-610042_b32_k8_isolated,isolated,ours,0,7,e2e_ms,23.994432,recorder
20260827-022806_perlmutter_5bc126dd,ours_l01_s2_trace-610042_b32_k8_isolated,isolated,ours,0,8,e2e_ms,25.431776,recorder
20260827-022806_perlmutter_5bc126dd,ours_l01_s2_trace-610042_b32_k8_isolated,isolated,ours,0,9,e2e_ms,24.294657,recorder
20260827-022806_perlmutter_5bc126dd,ours_l01_s2_trace-610042_b32_k8_isolated,isolated,ours,0,0,l0_ms,13.174304,recorder
20260827-022806_perlmutter_5bc126dd,ours_l01_s2_trace-610042_b32_k8_isolated,isolated,ours,0,1,l0_ms,11.429376,recorder
20260827-022806_perlmutter_5bc126dd,ours_l01_s2_trace-610042_b32_k8_isolated,isolated,ours,0,2,l0_ms,12.890208,recorder
20260827-022806_perlmutter_5bc126dd,ours_l01_s2_trace-610042_b32_k8_isolated,isolated,ours,0,3,l0_ms,11.119968,recorder
20260827-022806_perlmutter_5bc126dd,ours_l01_s2_trace-610042_b32_k8_isolated,isolated,ours,0,4,l0_ms,11.409632,recorder
20260827-022806_perlmutter_5bc126dd,ours_l01_s2_trace-610042_b32_k8_isolated,isolated,ours,0,5,l0_ms,10.920768,recorder
20260827-022806_perlmutter_5bc126dd,ours_l01_s2_trace-610042_b32_k8_isolated,isolated,ours,0,6,l0_ms,11.79056,recorder
20260827-022806_perlmutter_5bc126dd,ours_l01_s2_trace-610042_b32_k8_isolated,isolated,ours,0,7,l0_ms,10.288704,recorder
20260827-022806_perlmutter_5bc126dd,ours_l01_s2_trace-610042_b32_k8_isolated,isolated,ours,0,8,l0_ms,11.72064,recorder
20260827-022806_perlmutter_5bc126dd,ours_l01_s2_trace-610042_b32_k8_isolated,isolated,ours,0,9,l0_ms,10.627168,recorder
20260827-022806_perlmutter_5bc126dd,ours_l01_s2_trace-610042_b32_k8_isolated,isolated,ours,0,0,act_ms,0.132064,recorder
20260827-022806_perlmutter_5bc126dd,ours_l01_s2_trace-610042_b32_k8_isolated,isolated,ours,0,1,act_ms,0.135232,recorder
20260827-022806_perlmutter_5bc126dd,ours_l01_s2_trace-610042_b32_k8_isolated,isolated,ours,0,2,act_ms,0.134656,recorder
20260827-022806_perlmutter_5bc126dd,ours_l01_s2_trace-610042_b32_k8_isolated,isolated,ours,0,3,act_ms,0.133344,recorder
20260827-022806_perlmutter_5bc126dd,ours_l01_s2_trace-610042_b32_k8_isolated,isolated,ours,0,4,act_ms,0.131904,recorder
20260827-022806_perlmutter_5bc126dd,ours_l01_s2_trace-610042_b32_k8_isolated,isolated,ours,0,5,act_ms,0.134144,recorder
20260827-022806_perlmutter_5bc126dd,ours_l01_s2_trace-610042_b32_k8_isolated,isolated,ours,0,6,act_ms,0.13264,recorder
20260827-022806_perlmutter_5bc126dd,ours_l01_s2_trace-610042_b32_k8_isolated,isolated,ours,0,7,act_ms,0.132,recorder
20260827-022806_perlmutter_5bc126dd,ours_l01_s2_trace-610042_b32_k8_isolated,isolated,ours,0,8,act_ms,0.134592,recorder
20260827-022806_perlmutter_5bc126dd,ours_l01_s2_trace-610042_b32_k8_isolated,isolated,ours,0,9,act_ms,0.133472,recorder
20260827-022806_perlmutter_5bc126dd,ours_l01_s2_trace-610042_b32_k8_isolated,isolated,ours,0,0,l1_ms,13.208832,recorder
20260827-022806_perlmutter_5bc126dd,ours_l01_s2_trace-610042_b32_k8_isolated,isolated,ours,0,1,l1_ms,13.281888,recorder
20260827-022806_perlmutter_5bc126dd,ours_l01_s2_trace-610042_b32_k8_isolated,isolated,ours,0,2,l1_ms,13.157248,recorder
20260827-022806_perlmutter_5bc126dd,ours_l01_s2_trace-610042_b32_k8_isolated,isolated,ours,0,3,l1_ms,14.104,recorder
20260827-022806_perlmutter_5bc126dd,ours_l01_s2_trace-610042_b32_k8_isolated,isolated,ours,0,4,l1_ms,13.41408,recorder
20260827-022806_perlmutter_5bc126dd,ours_l01_s2_trace-610042_b32_k8_isolated,isolated,ours,0,5,l1_ms,13.392096,recorder
20260827-022806_perlmutter_5bc126dd,ours_l01_s2_trace-610042_b32_k8_isolated,isolated,ours,0,6,l1_ms,14.120224,recorder
20260827-022806_perlmutter_5bc126dd,ours_l01_s2_trace-610042_b32_k8_isolated,isolated,ours,0,7,l1_ms,13.573728,recorder
20260827-022806_perlmutter_5bc126dd,ours_l01_s2_trace-610042_b32_k8_isolated,isolated,ours,0,8,l1_ms,13.576544,recorder
20260827-022806_perlmutter_5bc126dd,ours_l01_s2_trace-610042_b32_k8_isolated,isolated,ours,0,9,l1_ms,13.534016,recorder
20260827-022806_perlmutter_5bc126dd,ours_l01_s2_trace-610042_b32_k8_isolated,isolated,ours,0,0,plan_comm_ms,0.279104,recorder
20260827-022806_perlmutter_5bc126dd,ours_l01_s2_trace-610042_b32_k8_isolated,isolated,ours,0,1,plan_comm_ms,0.20352,recorder
20260827-022806_perlmutter_5bc126dd,ours_l01_s2_trace-610042_b32_k8_isolated,isolated,ours,0,2,plan_comm_ms,0.198496,recorder
20260827-022806_perlmutter_5bc126dd,ours_l01_s2_trace-610042_b32_k8_isolated,isolated,ours,0,3,plan_comm_ms,0.348512,recorder
20260827-022806_perlmutter_5bc126dd,ours_l01_s2_trace-610042_b32_k8_isolated,isolated,ours,0,4,plan_comm_ms,0.193248,recorder
20260827-022806_perlmutter_5bc126dd,ours_l01_s2_trace-610042_b32_k8_isolated,isolated,ours,0,5,plan_comm_ms,0.202208,recorder
20260827-022806_perlmutter_5bc126dd,ours_l01_s2_trace-610042_b32_k8_isolated,isolated,ours,0,6,plan_comm_ms,0.224672,recorder
20260827-022806_perlmutter_5bc126dd,ours_l01_s2_trace-610042_b32_k8_isolated,isolated,ours,0,7,plan_comm_ms,0.223552,recorder
20260827-022806_perlmutter_5bc126dd,ours_l01_s2_trace-610042_b32_k8_isolated,isolated,ours,0,8,plan_comm_ms,3.973152,recorder
20260827-022806_perlmutter_5bc126dd,ours_l01_s2_trace-610042_b32_k8_isolated,isolated,ours,0,9,plan_comm_ms,0.517376,recorder
20260827-022806_perlmutter_5bc126dd,ours_l01_s2_trace-610042_b32_k8_isolated,isolated,ours,0,0,place_ms,3.944416,recorder
20260827-022806_perlmutter_5bc126dd,ours_l01_s2_trace-610042_b32_k8_isolated,isolated,ours,0,1,place_ms,4.006112,recorder
20260827-022806_perlmutter_5bc126dd,ours_l01_s2_trace-610042_b32_k8_isolated,isolated,ours,0,2,place_ms,3.9976,recorder
20260827-022806_perlmutter_5bc126dd,ours_l01_s2_trace-610042_b32_k8_isolated,isolated,ours,0,3,place_ms,3.913248,recorder
20260827-022806_perlmutter_5bc126dd,ours_l01_s2_trace-610042_b32_k8_isolated,isolated,ours,0,4,place_ms,3.945056,recorder
20260827-022806_perlmutter_5bc126dd,ours_l01_s2_trace-610042_b32_k8_isolated,isolated,ours,0,5,place_ms,3.879968,recorder
20260827-022806_perlmutter_5bc126dd,ours_l01_s2_trace-610042_b32_k8_isolated,isolated,ours,0,6,place_ms,3.983488,recorder
20260827-022806_perlmutter_5bc126dd,ours_l01_s2_trace-610042_b32_k8_isolated,isolated,ours,0,7,place_ms,3.963648,recorder
20260827-022806_perlmutter_5bc126dd,ours_l01_s2_trace-610042_b32_k8_isolated,isolated,ours,0,8,place_ms,3.87408,recorder
20260827-022806_perlmutter_5bc126dd,ours_l01_s2_trace-610042_b32_k8_isolated,isolated,ours,0,9,place_ms,3.894624,recorder
20260827-022806_perlmutter_5bc126dd,ours_l01_s2_trace-610042_b32_k8_isolated,isolated,ours,0,0,plan_ms,2.335424,recorder
20260827-022806_perlmutter_5bc126dd,ours_l01_s2_trace-610042_b32_k8_isolated,isolated,ours,0,1,plan_ms,2.187072,recorder
20260827-022806_perlmutter_5bc126dd,ours_l01_s2_trace-610042_b32_k8_isolated,isolated,ours,0,2,plan_ms,1.949952,recorder
20260827-022806_perlmutter_5bc126dd,ours_l01_s2_trace-610042_b32_k8_isolated,isolated,ours,0,3,plan_ms,2.329536,recorder
20260827-022806_perlmutter_5bc126dd,ours_l01_s2_trace-610042_b32_k8_isolated,isolated,ours,0,4,plan_ms,2.329184,recorder
20260827-022806_perlmutter_5bc126dd,ours_l01_s2_trace-610042_b32_k8_isolated,isolated,ours,0,5,plan_ms,2.229824,recorder
20260827-022806_perlmutter_5bc126dd,ours_l01_s2_trace-610042_b32_k8_isolated,isolated,ours,0,6,plan_ms,3.087968,recorder
20260827-022806_perlmutter_5bc126dd,ours_l01_s2_trace-610042_b32_k8_isolated,isolated,ours,0,7,plan_ms,2.390112,recorder
20260827-022806_perlmutter_5bc126dd,ours_l01_s2_trace-610042_b32_k8_isolated,isolated,ours,0,8,plan_ms,3.340832,recorder
20260827-022806_perlmutter_5bc126dd,ours_l01_s2_trace-610042_b32_k8_isolated,isolated,ours,0,9,plan_ms,2.063648,recorder
20260827-022806_perlmutter_5bc126dd,ours_l01_s2_trace-610042_b32_k8_isolated,isolated,ours,0,0,total_ms,33.076607,recorder
20260827-022806_perlmutter_5bc126dd,ours_l01_s2_trace-610042_b32_k8_isolated,isolated,ours,0,1,total_ms,31.245537,recorder
20260827-022806_perlmutter_5bc126dd,ours_l01_s2_trace-610042_b32_k8_isolated,isolated,ours,0,2,total_ms,32.330498,recorder
20260827-022806_perlmutter_5bc126dd,ours_l01_s2_trace-610042_b32_k8_isolated,isolated,ours,0,3,total_ms,31.950945,recorder
20260827-022806_perlmutter_5bc126dd,ours_l01_s2_trace-610042_b32_k8_isolated,isolated,ours,0,4,total_ms,31.425472,recorder
20260827-022806_perlmutter_5bc126dd,ours_l01_s2_trace-610042_b32_k8_isolated,isolated,ours,0,5,total_ms,30.761345,recorder
20260827-022806_perlmutter_5bc126dd,ours_l01_s2_trace-610042_b32_k8_isolated,isolated,ours,0,6,total_ms,33.341888,recorder
20260827-022806_perlmutter_5bc126dd,ours_l01_s2_trace-610042_b32_k8_isolated,isolated,ours,0,7,total_ms,30.574047,recorder
20260827-022806_perlmutter_5bc126dd,ours_l01_s2_trace-610042_b32_k8_isolated,isolated,ours,0,8,total_ms,36.622143,recorder
20260827-022806_perlmutter_5bc126dd,ours_l01_s2_trace-610042_b32_k8_isolated,isolated,ours,0,9,total_ms,30.77264,recorder
20260827-022806_perlmutter_5bc126dd,ours_l01_s2_trace-610042_b32_k8_isolated,isolated,ours,0,0,iso_sync_ms,24.271525,recorder
20260827-022806_perlmutter_5bc126dd,ours_l01_s2_trace-610042_b32_k8_isolated,isolated,ours,0,1,iso_sync_ms,26.271053,recorder
20260827-022806_perlmutter_5bc126dd,ours_l01_s2_trace-610042_b32_k8_isolated,isolated,ours,0,2,iso_sync_ms,24.545674,recorder
20260827-022806_perlmutter_5bc126dd,ours_l01_s2_trace-610042_b32_k8_isolated,isolated,ours,0,3,iso_sync_ms,26.021973,recorder
20260827-022806_perlmutter_5bc126dd,ours_l01_s2_trace-610042_b32_k8_isolated,isolated,ours,0,4,iso_sync_ms,25.380415,recorder
20260827-022806_perlmutter_5bc126dd,ours_l01_s2_trace-610042_b32_k8_isolated,isolated,ours,0,5,iso_sync_ms,25.143569,recorder
20260827-022806_perlmutter_5bc126dd,ours_l01_s2_trace-610042_b32_k8_isolated,isolated,ours,0,6,iso_sync_ms,24.430121,recorder
20260827-022806_perlmutter_5bc126dd,ours_l01_s2_trace-610042_b32_k8_isolated,isolated,ours,0,7,iso_sync_ms,25.593687,recorder
20260827-022806_perlmutter_5bc126dd,ours_l01_s2_trace-610042_b32_k8_isolated,isolated,ours,0,8,iso_sync_ms,24.148748,recorder
20260827-022806_perlmutter_5bc126dd,ours_l01_s2_trace-610042_b32_k8_isolated,isolated,ours,0,9,iso_sync_ms,25.085847,recorder
20260827-022806_perlmutter_5bc126dd,ours_l01_s2_trace-610042_b32_k8_isolated,isolated,ours,1,0,e2e_ms,26.525057,recorder
20260827-022806_perlmutter_5bc126dd,ours_l01_s2_trace-610042_b32_k8_isolated,isolated,ours,1,1,e2e_ms,24.841568,recorder
20260827-022806_perlmutter_5bc126dd,ours_l01_s2_trace-610042_b32_k8_isolated,isolated,ours,1,2,e2e_ms,26.191904,recorder
20260827-022806_perlmutter_5bc126dd,ours_l01_s2_trace-610042_b32_k8_isolated,isolated,ours,1,3,e2e_ms,25.351423,recorder
20260827-022806_perlmutter_5bc126dd,ours_l01_s2_trace-610042_b32_k8_isolated,isolated,ours,1,4,e2e_ms,24.977568,recorder
20260827-022806_perlmutter_5bc126dd,ours_l01_s2_trace-610042_b32_k8_isolated,isolated,ours,1,5,e2e_ms,24.448288,recorder
20260827-022806_perlmutter_5bc126dd,ours_l01_s2_trace-610042_b32_k8_isolated,isolated,ours,1,6,e2e_ms,26.045792,recorder
20260827-022806_perlmutter_5bc126dd,ours_l01_s2_trace-610042_b32_k8_isolated,isolated,ours,1,7,e2e_ms,23.993471,recorder
20260827-022806_perlmutter_5bc126dd,ours_l01_s2_trace-610042_b32_k8_isolated,isolated,ours,1,8,e2e_ms,25.416609,recorder
20260827-022806_perlmutter_5bc126dd,ours_l01_s2_trace-610042_b32_k8_isolated,isolated,ours,1,9,e2e_ms,24.29504,recorder
20260827-022806_perlmutter_5bc126dd,ours_l01_s2_trace-610042_b32_k8_isolated,isolated,ours,1,0,l0_ms,13.185792,recorder
20260827-022806_perlmutter_5bc126dd,ours_l01_s2_trace-610042_b32_k8_isolated,isolated,ours,1,1,l0_ms,11.418848,recorder
20260827-022806_perlmutter_5bc126dd,ours_l01_s2_trace-610042_b32_k8_isolated,isolated,ours,1,2,l0_ms,12.89984,recorder
20260827-022806_perlmutter_5bc126dd,ours_l01_s2_trace-610042_b32_k8_isolated,isolated,ours,1,3,l0_ms,11.115136,recorder
20260827-022806_perlmutter_5bc126dd,ours_l01_s2_trace-610042_b32_k8_isolated,isolated,ours,1,4,l0_ms,11.414048,recorder
20260827-022806_perlmutter_5bc126dd,ours_l01_s2_trace-610042_b32_k8_isolated,isolated,ours,1,5,l0_ms,10.932032,recorder
20260827-022806_perlmutter_5bc126dd,ours_l01_s2_trace-610042_b32_k8_isolated,isolated,ours,1,6,l0_ms,11.79776,recorder
20260827-022806_perlmutter_5bc126dd,ours_l01_s2_trace-610042_b32_k8_isolated,isolated,ours,1,7,l0_ms,10.301056,recorder
20260827-022806_perlmutter_5bc126dd,ours_l01_s2_trace-610042_b32_k8_isolated,isolated,ours,1,8,l0_ms,11.710752,recorder
20260827-022806_perlmutter_5bc126dd,ours_l01_s2_trace-610042_b32_k8_isolated,isolated,ours,1,9,l0_ms,10.626816,recorder
20260827-022806_perlmutter_5bc126dd,ours_l01_s2_trace-610042_b32_k8_isolated,isolated,ours,1,0,act_ms,0.129664,recorder
20260827-022806_perlmutter_5bc126dd,ours_l01_s2_trace-610042_b32_k8_isolated,isolated,ours,1,1,act_ms,0.1288,recorder
20260827-022806_perlmutter_5bc126dd,ours_l01_s2_trace-610042_b32_k8_isolated,isolated,ours,1,2,act_ms,0.13008,recorder
20260827-022806_perlmutter_5bc126dd,ours_l01_s2_trace-610042_b32_k8_isolated,isolated,ours,1,3,act_ms,0.129504,recorder
20260827-022806_perlmutter_5bc126dd,ours_l01_s2_trace-610042_b32_k8_isolated,isolated,ours,1,4,act_ms,0.130208,recorder
20260827-022806_perlmutter_5bc126dd,ours_l01_s2_trace-610042_b32_k8_isolated,isolated,ours,1,5,act_ms,0.128256,recorder
20260827-022806_perlmutter_5bc126dd,ours_l01_s2_trace-610042_b32_k8_isolated,isolated,ours,1,6,act_ms,0.12832,recorder
20260827-022806_perlmutter_5bc126dd,ours_l01_s2_trace-610042_b32_k8_isolated,isolated,ours,1,7,act_ms,0.129504,recorder
20260827-022806_perlmutter_5bc126dd,ours_l01_s2_trace-610042_b32_k8_isolated,isolated,ours,1,8,act_ms,0.127744,recorder
20260827-022806_perlmutter_5bc126dd,ours_l01_s2_trace-610042_b32_k8_isolated,isolated,ours,1,9,act_ms,0.129632,recorder
20260827-022806_perlmutter_5bc126dd,ours_l01_s2_trace-610042_b32_k8_isolated,isolated,ours,1,0,l1_ms,13.2096,recorder
20260827-022806_perlmutter_5bc126dd,ours_l01_s2_trace-610042_b32_k8_isolated,isolated,ours,1,1,l1_ms,13.29392,recorder
20260827-022806_perlmutter_5bc126dd,ours_l01_s2_trace-610042_b32_k8_isolated,isolated,ours,1,2,l1_ms,13.161984,recorder
20260827-022806_perlmutter_5bc126dd,ours_l01_s2_trace-610042_b32_k8_isolated,isolated,ours,1,3,l1_ms,14.106784,recorder
20260827-022806_perlmutter_5bc126dd,ours_l01_s2_trace-610042_b32_k8_isolated,isolated,ours,1,4,l1_ms,13.433312,recorder
20260827-022806_perlmutter_5bc126dd,ours_l01_s2_trace-610042_b32_k8_isolated,isolated,ours,1,5,l1_ms,13.388,recorder
20260827-022806_perlmutter_5bc126dd,ours_l01_s2_trace-610042_b32_k8_isolated,isolated,ours,1,6,l1_ms,14.119712,recorder
20260827-022806_perlmutter_5bc126dd,ours_l01_s2_trace-610042_b32_k8_isolated,isolated,ours,1,7,l1_ms,13.562912,recorder
20260827-022806_perlmutter_5bc126dd,ours_l01_s2_trace-610042_b32_k8_isolated,isolated,ours,1,8,l1_ms,13.578112,recorder
20260827-022806_perlmutter_5bc126dd,ours_l01_s2_trace-610042_b32_k8_isolated,isolated,ours,1,9,l1_ms,13.538592,recorder
20260827-022806_perlmutter_5bc126dd,ours_l01_s2_trace-610042_b32_k8_isolated,isolated,ours,1,0,plan_comm_ms,0.277888,recorder
20260827-022806_perlmutter_5bc126dd,ours_l01_s2_trace-610042_b32_k8_isolated,isolated,ours,1,1,plan_comm_ms,0.200704,recorder
20260827-022806_perlmutter_5bc126dd,ours_l01_s2_trace-610042_b32_k8_isolated,isolated,ours,1,2,plan_comm_ms,0.193824,recorder
20260827-022806_perlmutter_5bc126dd,ours_l01_s2_trace-610042_b32_k8_isolated,isolated,ours,1,3,plan_comm_ms,0.347424,recorder
20260827-022806_perlmutter_5bc126dd,ours_l01_s2_trace-610042_b32_k8_isolated,isolated,ours,1,4,plan_comm_ms,0.198304,recorder
20260827-022806_perlmutter_5bc126dd,ours_l01_s2_trace-610042_b32_k8_isolated,isolated,ours,1,5,plan_comm_ms,0.207968,recorder
20260827-022806_perlmutter_5bc126dd,ours_l01_s2_trace-610042_b32_k8_isolated,isolated,ours,1,6,plan_comm_ms,0.234656,recorder
20260827-022806_perlmutter_5bc126dd,ours_l01_s2_trace-610042_b32_k8_isolated,isolated,ours,1,7,plan_comm_ms,0.222624,recorder
20260827-022806_perlmutter_5bc126dd,ours_l01_s2_trace-610042_b32_k8_isolated,isolated,ours,1,8,plan_comm_ms,3.965696,recorder
20260827-022806_perlmutter_5bc126dd,ours_l01_s2_trace-610042_b32_k8_isolated,isolated,ours,1,9,plan_comm_ms,0.516992,recorder
20260827-022806_perlmutter_5bc126dd,ours_l01_s2_trace-610042_b32_k8_isolated,isolated,ours,1,0,place_ms,3.907936,recorder
20260827-022806_perlmutter_5bc126dd,ours_l01_s2_trace-610042_b32_k8_isolated,isolated,ours,1,1,place_ms,3.9776,recorder
20260827-022806_perlmutter_5bc126dd,ours_l01_s2_trace-610042_b32_k8_isolated,isolated,ours,1,2,place_ms,3.988672,recorder
20260827-022806_perlmutter_5bc126dd,ours_l01_s2_trace-610042_b32_k8_isolated,isolated,ours,1,3,place_ms,3.877312,recorder
20260827-022806_perlmutter_5bc126dd,ours_l01_s2_trace-610042_b32_k8_isolated,isolated,ours,1,4,place_ms,3.92912,recorder
20260827-022806_perlmutter_5bc126dd,ours_l01_s2_trace-610042_b32_k8_isolated,isolated,ours,1,5,place_ms,3.828032,recorder
20260827-022806_perlmutter_5bc126dd,ours_l01_s2_trace-610042_b32_k8_isolated,isolated,ours,1,6,place_ms,3.963584,recorder
20260827-022806_perlmutter_5bc126dd,ours_l01_s2_trace-610042_b32_k8_isolated,isolated,ours,1,7,place_ms,3.950208,recorder
20260827-022806_perlmutter_5bc126dd,ours_l01_s2_trace-610042_b32_k8_isolated,isolated,ours,1,8,place_ms,3.866976,recorder
20260827-022806_perlmutter_5bc126dd,ours_l01_s2_trace-610042_b32_k8_isolated,isolated,ours,1,9,place_ms,3.858976,recorder
20260827-022806_perlmutter_5bc126dd,ours_l01_s2_trace-610042_b32_k8_isolated,isolated,ours,1,0,plan_ms,2.364448,recorder
20260827-022806_perlmutter_5bc126dd,ours_l01_s2_trace-610042_b32_k8_isolated,isolated,ours,1,1,plan_ms,2.230976,recorder
20260827-022806_perlmutter_5bc126dd,ours_l01_s2_trace-610042_b32_k8_isolated,isolated,ours,1,2,plan_ms,1.960544,recorder
20260827-022806_perlmutter_5bc126dd,ours_l01_s2_trace-610042_b32_k8_isolated,isolated,ours,1,3,plan_ms,2.380096,recorder
20260827-022806_perlmutter_5bc126dd,ours_l01_s2_trace-610042_b32_k8_isolated,isolated,ours,1,4,plan_ms,2.34672,recorder
20260827-022806_perlmutter_5bc126dd,ours_l01_s2_trace-610042_b32_k8_isolated,isolated,ours,1,5,plan_ms,2.282208,recorder
20260827-022806_perlmutter_5bc126dd,ours_l01_s2_trace-610042_b32_k8_isolated,isolated,ours,1,6,plan_ms,3.104608,recorder
20260827-022806_perlmutter_5bc126dd,ours_l01_s2_trace-610042_b32_k8_isolated,isolated,ours,1,7,plan_ms,2.412704,recorder
20260827-022806_perlmutter_5bc126dd,ours_l01_s2_trace-610042_b32_k8_isolated,isolated,ours,1,8,plan_ms,3.365248,recorder
20260827-022806_perlmutter_5bc126dd,ours_l01_s2_trace-610042_b32_k8_isolated,isolated,ours,1,9,plan_ms,2.104608,recorder
20260827-022806_perlmutter_5bc126dd,ours_l01_s2_trace-610042_b32_k8_isolated,isolated,ours,1,0,total_ms,33.077663,recorder
20260827-022806_perlmutter_5bc126dd,ours_l01_s2_trace-610042_b32_k8_isolated,isolated,ours,1,1,total_ms,31.253153,recorder
20260827-022806_perlmutter_5bc126dd,ours_l01_s2_trace-610042_b32_k8_isolated,isolated,ours,1,2,total_ms,32.337666,recorder
20260827-022806_perlmutter_5bc126dd,ours_l01_s2_trace-610042_b32_k8_isolated,isolated,ours,1,3,total_ms,31.958879,recorder
20260827-022806_perlmutter_5bc126dd,ours_l01_s2_trace-610042_b32_k8_isolated,isolated,ours,1,4,total_ms,31.454048,recorder
20260827-022806_perlmutter_5bc126dd,ours_l01_s2_trace-610042_b32_k8_isolated,isolated,ours,1,5,total_ms,30.768831,recorder
20260827-022806_perlmutter_5bc126dd,ours_l01_s2_trace-610042_b32_k8_isolated,isolated,ours,1,6,total_ms,33.350975,recorder
20260827-022806_perlmutter_5bc126dd,ours_l01_s2_trace-610042_b32_k8_isolated,isolated,ours,1,7,total_ms,30.581345,recorder
20260827-022806_perlmutter_5bc126dd,ours_l01_s2_trace-610042_b32_k8_isolated,isolated,ours,1,8,total_ms,36.616863,recorder
20260827-022806_perlmutter_5bc126dd,ours_l01_s2_trace-610042_b32_k8_isolated,isolated,ours,1,9,total_ms,30.777952,recorder
20260827-022806_perlmutter_5bc126dd,ours_l01_s2_trace-610042_b32_k8_isolated,isolated,ours,1,0,iso_sync_ms,24.290281,recorder
20260827-022806_perlmutter_5bc126dd,ours_l01_s2_trace-610042_b32_k8_isolated,isolated,ours,1,1,iso_sync_ms,26.314367,recorder
20260827-022806_perlmutter_5bc126dd,ours_l01_s2_trace-610042_b32_k8_isolated,isolated,ours,1,2,iso_sync_ms,24.552788,recorder
20260827-022806_perlmutter_5bc126dd,ours_l01_s2_trace-610042_b32_k8_isolated,isolated,ours,1,3,iso_sync_ms,26.026903,recorder
20260827-022806_perlmutter_5bc126dd,ours_l01_s2_trace-610042_b32_k8_isolated,isolated,ours,1,4,iso_sync_ms,25.383952,recorder
20260827-022806_perlmutter_5bc126dd,ours_l01_s2_trace-610042_b32_k8_isolated,isolated,ours,1,5,iso_sync_ms,25.179618,recorder
20260827-022806_perlmutter_5bc126dd,ours_l01_s2_trace-610042_b32_k8_isolated,isolated,ours,1,6,iso_sync_ms,24.399302,recorder
20260827-022806_perlmutter_5bc126dd,ours_l01_s2_trace-610042_b32_k8_isolated,isolated,ours,1,7,iso_sync_ms,25.592013,recorder
20260827-022806_perlmutter_5bc126dd,ours_l01_s2_trace-610042_b32_k8_isolated,isolated,ours,1,8,iso_sync_ms,24.153247,recorder
20260827-022806_perlmutter_5bc126dd,ours_l01_s2_trace-610042_b32_k8_isolated,isolated,ours,1,9,iso_sync_ms,25.063503,recorder
20260827-022806_perlmutter_5bc126dd,ours_l01_s2_trace-610042_b32_k8_isolated,isolated,ours,2,0,e2e_ms,26.52,recorder
20260827-022806_perlmutter_5bc126dd,ours_l01_s2_trace-610042_b32_k8_isolated,isolated,ours,2,1,e2e_ms,24.845888,recorder
20260827-022806_perlmutter_5bc126dd,ours_l01_s2_trace-610042_b32_k8_isolated,isolated,ours,2,2,e2e_ms,26.181313,recorder
20260827-022806_perlmutter_5bc126dd,ours_l01_s2_trace-610042_b32_k8_isolated,isolated,ours,2,3,e2e_ms,25.341375,recorder
20260827-022806_perlmutter_5bc126dd,ours_l01_s2_trace-610042_b32_k8_isolated,isolated,ours,2,4,e2e_ms,24.971136,recorder
20260827-022806_perlmutter_5bc126dd,ours_l01_s2_trace-610042_b32_k8_isolated,isolated,ours,2,5,e2e_ms,24.437952,recorder
20260827-022806_perlmutter_5bc126dd,ours_l01_s2_trace-610042_b32_k8_isolated,isolated,ours,2,6,e2e_ms,26.051968,recorder
20260827-022806_perlmutter_5bc126dd,ours_l01_s2_trace-610042_b32_k8_isolated,isolated,ours,2,7,e2e_ms,23.993631,recorder
20260827-022806_perlmutter_5bc126dd,ours_l01_s2_trace-610042_b32_k8_isolated,isolated,ours,2,8,e2e_ms,25.421375,recorder
20260827-022806_perlmutter_5bc126dd,ours_l01_s2_trace-610042_b32_k8_isolated,isolated,ours,2,9,e2e_ms,24.302977,recorder
20260827-022806_perlmutter_5bc126dd,ours_l01_s2_trace-610042_b32_k8_isolated,isolated,ours,2,0,l0_ms,13.181664,recorder
20260827-022806_perlmutter_5bc126dd,ours_l01_s2_trace-610042_b32_k8_isolated,isolated,ours,2,1,l0_ms,11.435456,recorder
20260827-022806_perlmutter_5bc126dd,ours_l01_s2_trace-610042_b32_k8_isolated,isolated,ours,2,2,l0_ms,12.88992,recorder
20260827-022806_perlmutter_5bc126dd,ours_l01_s2_trace-610042_b32_k8_isolated,isolated,ours,2,3,l0_ms,11.101856,recorder
20260827-022806_perlmutter_5bc126dd,ours_l01_s2_trace-610042_b32_k8_isolated,isolated,ours,2,4,l0_ms,11.399808,recorder
20260827-022806_perlmutter_5bc126dd,ours_l01_s2_trace-610042_b32_k8_isolated,isolated,ours,2,5,l0_ms,10.839168,recorder
20260827-022806_perlmutter_5bc126dd,ours_l01_s2_trace-610042_b32_k8_isolated,isolated,ours,2,6,l0_ms,11.798624,recorder
20260827-022806_perlmutter_5bc126dd,ours_l01_s2_trace-610042_b32_k8_isolated,isolated,ours,2,7,l0_ms,10.312352,recorder
20260827-022806_perlmutter_5bc126dd,ours_l01_s2_trace-610042_b32_k8_isolated,isolated,ours,2,8,l0_ms,11.712064,recorder
20260827-022806_perlmutter_5bc126dd,ours_l01_s2_trace-610042_b32_k8_isolated,isolated,ours,2,9,l0_ms,10.63904,recorder
20260827-022806_perlmutter_5bc126dd,ours_l01_s2_trace-610042_b32_k8_isolated,isolated,ours,2,0,act_ms,0.12448,recorder
20260827-022806_perlmutter_5bc126dd,ours_l01_s2_trace-610042_b32_k8_isolated,isolated,ours,2,1,act_ms,0.128672,recorder
20260827-022806_perlmutter_5bc126dd,ours_l01_s2_trace-610042_b32_k8_isolated,isolated,ours,2,2,act_ms,0.125856,recorder
20260827-022806_perlmutter_5bc126dd,ours_l01_s2_trace-610042_b32_k8_isolated,isolated,ours,2,3,act_ms,0.131424,recorder
20260827-022806_perlmutter_5bc126dd,ours_l01_s2_trace-610042_b32_k8_isolated,isolated,ours,2,4,act_ms,0.127872,recorder
20260827-022806_perlmutter_5bc126dd,ours_l01_s2_trace-610042_b32_k8_isolated,isolated,ours,2,5,act_ms,0.130656,recorder
20260827-022806_perlmutter_5bc126dd,ours_l01_s2_trace-610042_b32_k8_isolated,isolated,ours,2,6,act_ms,0.12816,recorder
20260827-022806_perlmutter_5bc126dd,ours_l01_s2_trace-610042_b32_k8_isolated,isolated,ours,2,7,act_ms,0.129984,recorder
20260827-022806_perlmutter_5bc126dd,ours_l01_s2_trace-610042_b32_k8_isolated,isolated,ours,2,8,act_ms,0.129952,recorder
20260827-022806_perlmutter_5bc126dd,ours_l01_s2_trace-610042_b32_k8_isolated,isolated,ours,2,9,act_ms,0.126112,recorder
20260827-022806_perlmutter_5bc126dd,ours_l01_s2_trace-610042_b32_k8_isolated,isolated,ours,2,0,l1_ms,13.213856,recorder
20260827-022806_perlmutter_5bc126dd,ours_l01_s2_trace-610042_b32_k8_isolated,isolated,ours,2,1,l1_ms,13.28176,recorder
20260827-022806_perlmutter_5bc126dd,ours_l01_s2_trace-610042_b32_k8_isolated,isolated,ours,2,2,l1_ms,13.165536,recorder
20260827-022806_perlmutter_5bc126dd,ours_l01_s2_trace-610042_b32_k8_isolated,isolated,ours,2,3,l1_ms,14.108096,recorder
20260827-022806_perlmutter_5bc126dd,ours_l01_s2_trace-610042_b32_k8_isolated,isolated,ours,2,4,l1_ms,13.443456,recorder
20260827-022806_perlmutter_5bc126dd,ours_l01_s2_trace-610042_b32_k8_isolated,isolated,ours,2,5,l1_ms,13.468128,recorder
20260827-022806_perlmutter_5bc126dd,ours_l01_s2_trace-610042_b32_k8_isolated,isolated,ours,2,6,l1_ms,14.125184,recorder
20260827-022806_perlmutter_5bc126dd,ours_l01_s2_trace-610042_b32_k8_isolated,isolated,ours,2,7,l1_ms,13.551296,recorder
20260827-022806_perlmutter_5bc126dd,ours_l01_s2_trace-610042_b32_k8_isolated,isolated,ours,2,8,l1_ms,13.57936,recorder
20260827-022806_perlmutter_5bc126dd,ours_l01_s2_trace-610042_b32_k8_isolated,isolated,ours,2,9,l1_ms,13.537824,recorder
20260827-022806_perlmutter_5bc126dd,ours_l01_s2_trace-610042_b32_k8_isolated,isolated,ours,2,0,plan_comm_ms,0.282304,recorder
20260827-022806_perlmutter_5bc126dd,ours_l01_s2_trace-610042_b32_k8_isolated,isolated,ours,2,1,plan_comm_ms,0.195936,recorder
20260827-022806_perlmutter_5bc126dd,ours_l01_s2_trace-610042_b32_k8_isolated,isolated,ours,2,2,plan_comm_ms,0.193696,recorder
20260827-022806_perlmutter_5bc126dd,ours_l01_s2_trace-610042_b32_k8_isolated,isolated,ours,2,3,plan_comm_ms,0.356,recorder
20260827-022806_perlmutter_5bc126dd,ours_l01_s2_trace-610042_b32_k8_isolated,isolated,ours,2,4,plan_comm_ms,0.19808,recorder
20260827-022806_perlmutter_5bc126dd,ours_l01_s2_trace-610042_b32_k8_isolated,isolated,ours,2,5,plan_comm_ms,0.208736,recorder
20260827-022806_perlmutter_5bc126dd,ours_l01_s2_trace-610042_b32_k8_isolated,isolated,ours,2,6,plan_comm_ms,0.23472,recorder
20260827-022806_perlmutter_5bc126dd,ours_l01_s2_trace-610042_b32_k8_isolated,isolated,ours,2,7,plan_comm_ms,0.220096,recorder
20260827-022806_perlmutter_5bc126dd,ours_l01_s2_trace-610042_b32_k8_isolated,isolated,ours,2,8,plan_comm_ms,3.972512,recorder
20260827-022806_perlmutter_5bc126dd,ours_l01_s2_trace-610042_b32_k8_isolated,isolated,ours,2,9,plan_comm_ms,0.521792,recorder
20260827-022806_perlmutter_5bc126dd,ours_l01_s2_trace-610042_b32_k8_isolated,isolated,ours,2,0,place_ms,3.9344,recorder
20260827-022806_perlmutter_5bc126dd,ours_l01_s2_trace-610042_b32_k8_isolated,isolated,ours,2,1,place_ms,4.019584,recorder
20260827-022806_perlmutter_5bc126dd,ours_l01_s2_trace-610042_b32_k8_isolated,isolated,ours,2,2,place_ms,3.97296,recorder
20260827-022806_perlmutter_5bc126dd,ours_l01_s2_trace-610042_b32_k8_isolated,isolated,ours,2,3,place_ms,3.912224,recorder
20260827-022806_perlmutter_5bc126dd,ours_l01_s2_trace-610042_b32_k8_isolated,isolated,ours,2,4,place_ms,3.92816,recorder
20260827-022806_perlmutter_5bc126dd,ours_l01_s2_trace-610042_b32_k8_isolated,isolated,ours,2,5,place_ms,3.86352,recorder
20260827-022806_perlmutter_5bc126dd,ours_l01_s2_trace-610042_b32_k8_isolated,isolated,ours,2,6,place_ms,3.948704,recorder
20260827-022806_perlmutter_5bc126dd,ours_l01_s2_trace-610042_b32_k8_isolated,isolated,ours,2,7,place_ms,3.965664,recorder
20260827-022806_perlmutter_5bc126dd,ours_l01_s2_trace-610042_b32_k8_isolated,isolated,ours,2,8,place_ms,3.88784,recorder
20260827-022806_perlmutter_5bc126dd,ours_l01_s2_trace-610042_b32_k8_isolated,isolated,ours,2,9,place_ms,3.890816,recorder
20260827-022806_perlmutter_5bc126dd,ours_l01_s2_trace-610042_b32_k8_isolated,isolated,ours,2,0,plan_ms,2.344832,recorder
20260827-022806_perlmutter_5bc126dd,ours_l01_s2_trace-610042_b32_k8_isolated,isolated,ours,2,1,plan_ms,2.187744,recorder
20260827-022806_perlmutter_5bc126dd,ours_l01_s2_trace-610042_b32_k8_isolated,isolated,ours,2,2,plan_ms,1.98576,recorder
20260827-022806_perlmutter_5bc126dd,ours_l01_s2_trace-610042_b32_k8_isolated,isolated,ours,2,3,plan_ms,2.358144,recorder
20260827-022806_perlmutter_5bc126dd,ours_l01_s2_trace-610042_b32_k8_isolated,isolated,ours,2,4,plan_ms,2.359616,recorder
20260827-022806_perlmutter_5bc126dd,ours_l01_s2_trace-610042_b32_k8_isolated,isolated,ours,2,5,plan_ms,2.261344,recorder
20260827-022806_perlmutter_5bc126dd,ours_l01_s2_trace-610042_b32_k8_isolated,isolated,ours,2,6,plan_ms,3.11888,recorder
20260827-022806_perlmutter_5bc126dd,ours_l01_s2_trace-610042_b32_k8_isolated,isolated,ours,2,7,plan_ms,2.39728,recorder
20260827-022806_perlmutter_5bc126dd,ours_l01_s2_trace-610042_b32_k8_isolated,isolated,ours,2,8,plan_ms,3.344128,recorder
20260827-022806_perlmutter_5bc126dd,ours_l01_s2_trace-610042_b32_k8_isolated,isolated,ours,2,9,plan_ms,2.059264,recorder
20260827-022806_perlmutter_5bc126dd,ours_l01_s2_trace-610042_b32_k8_isolated,isolated,ours,2,0,total_ms,33.083839,recorder
20260827-022806_perlmutter_5bc126dd,ours_l01_s2_trace-610042_b32_k8_isolated,isolated,ours,2,1,total_ms,31.251455,recorder
20260827-022806_perlmutter_5bc126dd,ours_l01_s2_trace-610042_b32_k8_isolated,isolated,ours,2,2,total_ms,32.336098,recorder
20260827-022806_perlmutter_5bc126dd,ours_l01_s2_trace-610042_b32_k8_isolated,isolated,ours,2,3,total_ms,31.970049,recorder
20260827-022806_perlmutter_5bc126dd,ours_l01_s2_trace-610042_b32_k8_isolated,isolated,ours,2,4,total_ms,31.459328,recorder
20260827-022806_perlmutter_5bc126dd,ours_l01_s2_trace-610042_b32_k8_isolated,isolated,ours,2,5,total_ms,30.773855,recorder
20260827-022806_perlmutter_5bc126dd,ours_l01_s2_trace-610042_b32_k8_isolated,isolated,ours,2,6,total_ms,33.356705,recorder
20260827-022806_perlmutter_5bc126dd,ours_l01_s2_trace-610042_b32_k8_isolated,isolated,ours,2,7,total_ms,30.579008,recorder
20260827-022806_perlmutter_5bc126dd,ours_l01_s2_trace-610042_b32_k8_isolated,isolated,ours,2,8,total_ms,36.628193,recorder
20260827-022806_perlmutter_5bc126dd,ours_l01_s2_trace-610042_b32_k8_isolated,isolated,ours,2,9,total_ms,30.777184,recorder
20260827-022806_perlmutter_5bc126dd,ours_l01_s2_trace-610042_b32_k8_isolated,isolated,ours,2,0,iso_sync_ms,24.300782,recorder
20260827-022806_perlmutter_5bc126dd,ours_l01_s2_trace-610042_b32_k8_isolated,isolated,ours,2,1,iso_sync_ms,26.297314,recorder
20260827-022806_perlmutter_5bc126dd,ours_l01_s2_trace-610042_b32_k8_isolated,isolated,ours,2,2,iso_sync_ms,24.561054,recorder
20260827-022806_perlmutter_5bc126dd,ours_l01_s2_trace-610042_b32_k8_isolated,isolated,ours,2,3,iso_sync_ms,26.010993,recorder
20260827-022806_perlmutter_5bc126dd,ours_l01_s2_trace-610042_b32_k8_isolated,isolated,ours,2,4,iso_sync_ms,25.382479,recorder
20260827-022806_perlmutter_5bc126dd,ours_l01_s2_trace-610042_b32_k8_isolated,isolated,ours,2,5,iso_sync_ms,25.146614,recorder
20260827-022806_perlmutter_5bc126dd,ours_l01_s2_trace-610042_b32_k8_isolated,isolated,ours,2,6,iso_sync_ms,24.415964,recorder
20260827-022806_perlmutter_5bc126dd,ours_l01_s2_trace-610042_b32_k8_isolated,isolated,ours,2,7,iso_sync_ms,25.624626,recorder
20260827-022806_perlmutter_5bc126dd,ours_l01_s2_trace-610042_b32_k8_isolated,isolated,ours,2,8,iso_sync_ms,24.140693,recorder
20260827-022806_perlmutter_5bc126dd,ours_l01_s2_trace-610042_b32_k8_isolated,isolated,ours,2,9,iso_sync_ms,25.065678,recorder
20260827-022806_perlmutter_5bc126dd,ours_l01_s2_trace-610042_b32_k8_isolated,isolated,ours,3,0,e2e_ms,26.519745,recorder
20260827-022806_perlmutter_5bc126dd,ours_l01_s2_trace-610042_b32_k8_isolated,isolated,ours,3,1,e2e_ms,24.84688,recorder
20260827-022806_perlmutter_5bc126dd,ours_l01_s2_trace-610042_b32_k8_isolated,isolated,ours,3,2,e2e_ms,26.187073,recorder
20260827-022806_perlmutter_5bc126dd,ours_l01_s2_trace-610042_b32_k8_isolated,isolated,ours,3,3,e2e_ms,25.292929,recorder
20260827-022806_perlmutter_5bc126dd,ours_l01_s2_trace-610042_b32_k8_isolated,isolated,ours,3,4,e2e_ms,24.972321,recorder
20260827-022806_perlmutter_5bc126dd,ours_l01_s2_trace-610042_b32_k8_isolated,isolated,ours,3,5,e2e_ms,24.464352,recorder
20260827-022806_perlmutter_5bc126dd,ours_l01_s2_trace-610042_b32_k8_isolated,isolated,ours,3,6,e2e_ms,26.051519,recorder
20260827-022806_perlmutter_5bc126dd,ours_l01_s2_trace-610042_b32_k8_isolated,isolated,ours,3,7,e2e_ms,23.97328,recorder
20260827-022806_perlmutter_5bc126dd,ours_l01_s2_trace-610042_b32_k8_isolated,isolated,ours,3,8,e2e_ms,25.395647,recorder
20260827-022806_perlmutter_5bc126dd,ours_l01_s2_trace-610042_b32_k8_isolated,isolated,ours,3,9,e2e_ms,24.305311,recorder
20260827-022806_perlmutter_5bc126dd,ours_l01_s2_trace-610042_b32_k8_isolated,isolated,ours,3,0,l0_ms,13.178112,recorder
20260827-022806_perlmutter_5bc126dd,ours_l01_s2_trace-610042_b32_k8_isolated,isolated,ours,3,1,l0_ms,11.432992,recorder
20260827-022806_perlmutter_5bc126dd,ours_l01_s2_trace-610042_b32_k8_isolated,isolated,ours,3,2,l0_ms,12.9,recorder
20260827-022806_perlmutter_5bc126dd,ours_l01_s2_trace-610042_b32_k8_isolated,isolated,ours,3,3,l0_ms,11.057312,recorder
20260827-022806_perlmutter_5bc126dd,ours_l01_s2_trace-610042_b32_k8_isolated,isolated,ours,3,4,l0_ms,11.412416,recorder
20260827-022806_perlmutter_5bc126dd,ours_l01_s2_trace-610042_b32_k8_isolated,isolated,ours,3,5,l0_ms,10.848768,recorder
20260827-022806_perlmutter_5bc126dd,ours_l01_s2_trace-610042_b32_k8_isolated,isolated,ours,3,6,l0_ms,11.788576,recorder
20260827-022806_perlmutter_5bc126dd,ours_l01_s2_trace-610042_b32_k8_isolated,isolated,ours,3,7,l0_ms,10.286272,recorder
20260827-022806_perlmutter_5bc126dd,ours_l01_s2_trace-610042_b32_k8_isolated,isolated,ours,3,8,l0_ms,11.689888,recorder
20260827-022806_perlmutter_5bc126dd,ours_l01_s2_trace-610042_b32_k8_isolated,isolated,ours,3,9,l0_ms,10.64032,recorder
20260827-022806_perlmutter_5bc126dd,ours_l01_s2_trace-610042_b32_k8_isolated,isolated,ours,3,0,act_ms,0.122496,recorder
20260827-022806_perlmutter_5bc126dd,ours_l01_s2_trace-610042_b32_k8_isolated,isolated,ours,3,1,act_ms,0.121408,recorder
20260827-022806_perlmutter_5bc126dd,ours_l01_s2_trace-610042_b32_k8_isolated,isolated,ours,3,2,act_ms,0.123872,recorder
20260827-022806_perlmutter_5bc126dd,ours_l01_s2_trace-610042_b32_k8_isolated,isolated,ours,3,3,act_ms,0.122688,recorder
20260827-022806_perlmutter_5bc126dd,ours_l01_s2_trace-610042_b32_k8_isolated,isolated,ours,3,4,act_ms,0.11888,recorder
20260827-022806_perlmutter_5bc126dd,ours_l01_s2_trace-610042_b32_k8_isolated,isolated,ours,3,5,act_ms,0.119744,recorder
20260827-022806_perlmutter_5bc126dd,ours_l01_s2_trace-610042_b32_k8_isolated,isolated,ours,3,6,act_ms,0.119552,recorder
20260827-022806_perlmutter_5bc126dd,ours_l01_s2_trace-610042_b32_k8_isolated,isolated,ours,3,7,act_ms,0.122848,recorder
20260827-022806_perlmutter_5bc126dd,ours_l01_s2_trace-610042_b32_k8_isolated,isolated,ours,3,8,act_ms,0.1208,recorder
20260827-022806_perlmutter_5bc126dd,ours_l01_s2_trace-610042_b32_k8_isolated,isolated,ours,3,9,act_ms,0.120768,recorder
20260827-022806_perlmutter_5bc126dd,ours_l01_s2_trace-610042_b32_k8_isolated,isolated,ours,3,0,l1_ms,13.219136,recorder
20260827-022806_perlmutter_5bc126dd,ours_l01_s2_trace-610042_b32_k8_isolated,isolated,ours,3,1,l1_ms,13.29248,recorder
20260827-022806_perlmutter_5bc126dd,ours_l01_s2_trace-610042_b32_k8_isolated,isolated,ours,3,2,l1_ms,13.1632,recorder
20260827-022806_perlmutter_5bc126dd,ours_l01_s2_trace-610042_b32_k8_isolated,isolated,ours,3,3,l1_ms,14.112928,recorder
20260827-022806_perlmutter_5bc126dd,ours_l01_s2_trace-610042_b32_k8_isolated,isolated,ours,3,4,l1_ms,13.441024,recorder
20260827-022806_perlmutter_5bc126dd,ours_l01_s2_trace-610042_b32_k8_isolated,isolated,ours,3,5,l1_ms,13.49584,recorder
20260827-022806_perlmutter_5bc126dd,ours_l01_s2_trace-610042_b32_k8_isolated,isolated,ours,3,6,l1_ms,14.143392,recorder
20260827-022806_perlmutter_5bc126dd,ours_l01_s2_trace-610042_b32_k8_isolated,isolated,ours,3,7,l1_ms,13.56416,recorder
20260827-022806_perlmutter_5bc126dd,ours_l01_s2_trace-610042_b32_k8_isolated,isolated,ours,3,8,l1_ms,13.58496,recorder
20260827-022806_perlmutter_5bc126dd,ours_l01_s2_trace-610042_b32_k8_isolated,isolated,ours,3,9,l1_ms,13.544224,recorder
20260827-022806_perlmutter_5bc126dd,ours_l01_s2_trace-610042_b32_k8_isolated,isolated,ours,3,0,plan_comm_ms,0.280544,recorder
20260827-022806_perlmutter_5bc126dd,ours_l01_s2_trace-610042_b32_k8_isolated,isolated,ours,3,1,plan_comm_ms,0.192992,recorder
20260827-022806_perlmutter_5bc126dd,ours_l01_s2_trace-610042_b32_k8_isolated,isolated,ours,3,2,plan_comm_ms,0.192032,recorder
20260827-022806_perlmutter_5bc126dd,ours_l01_s2_trace-610042_b32_k8_isolated,isolated,ours,3,3,plan_comm_ms,0.259648,recorder
20260827-022806_perlmutter_5bc126dd,ours_l01_s2_trace-610042_b32_k8_isolated,isolated,ours,3,4,plan_comm_ms,0.190688,recorder
20260827-022806_perlmutter_5bc126dd,ours_l01_s2_trace-610042_b32_k8_isolated,isolated,ours,3,5,plan_comm_ms,0.203584,recorder
20260827-022806_perlmutter_5bc126dd,ours_l01_s2_trace-610042_b32_k8_isolated,isolated,ours,3,6,plan_comm_ms,0.228064,recorder
20260827-022806_perlmutter_5bc126dd,ours_l01_s2_trace-610042_b32_k8_isolated,isolated,ours,3,7,plan_comm_ms,0.19952,recorder
20260827-022806_perlmutter_5bc126dd,ours_l01_s2_trace-610042_b32_k8_isolated,isolated,ours,3,8,plan_comm_ms,3.968832,recorder
20260827-022806_perlmutter_5bc126dd,ours_l01_s2_trace-610042_b32_k8_isolated,isolated,ours,3,9,plan_comm_ms,0.520544,recorder
20260827-022806_perlmutter_5bc126dd,ours_l01_s2_trace-610042_b32_k8_isolated,isolated,ours,3,0,place_ms,3.974784,recorder
20260827-022806_perlmutter_5bc126dd,ours_l01_s2_trace-610042_b32_k8_isolated,isolated,ours,3,1,place_ms,3.984032,recorder
20260827-022806_perlmutter_5bc126dd,ours_l01_s2_trace-610042_b32_k8_isolated,isolated,ours,3,2,place_ms,3.988384,recorder
20260827-022806_perlmutter_5bc126dd,ours_l01_s2_trace-610042_b32_k8_isolated,isolated,ours,3,3,place_ms,4.394592,recorder
20260827-022806_perlmutter_5bc126dd,ours_l01_s2_trace-610042_b32_k8_isolated,isolated,ours,3,4,place_ms,3.992896,recorder
20260827-022806_perlmutter_5bc126dd,ours_l01_s2_trace-610042_b32_k8_isolated,isolated,ours,3,5,place_ms,3.876896,recorder
20260827-022806_perlmutter_5bc126dd,ours_l01_s2_trace-610042_b32_k8_isolated,isolated,ours,3,6,place_ms,4.013088,recorder
20260827-022806_perlmutter_5bc126dd,ours_l01_s2_trace-610042_b32_k8_isolated,isolated,ours,3,7,place_ms,3.95168,recorder
20260827-022806_perlmutter_5bc126dd,ours_l01_s2_trace-610042_b32_k8_isolated,isolated,ours,3,8,place_ms,3.893792,recorder
20260827-022806_perlmutter_5bc126dd,ours_l01_s2_trace-610042_b32_k8_isolated,isolated,ours,3,9,place_ms,3.86048,recorder
20260827-022806_perlmutter_5bc126dd,ours_l01_s2_trace-610042_b32_k8_isolated,isolated,ours,3,0,plan_ms,2.309376,recorder
20260827-022806_perlmutter_5bc126dd,ours_l01_s2_trace-610042_b32_k8_isolated,isolated,ours,3,1,plan_ms,2.233248,recorder
20260827-022806_perlmutter_5bc126dd,ours_l01_s2_trace-610042_b32_k8_isolated,isolated,ours,3,2,plan_ms,1.97376,recorder
20260827-022806_perlmutter_5bc126dd,ours_l01_s2_trace-610042_b32_k8_isolated,isolated,ours,3,3,plan_ms,1.9344,recorder
20260827-022806_perlmutter_5bc126dd,ours_l01_s2_trace-610042_b32_k8_isolated,isolated,ours,3,4,plan_ms,2.298528,recorder
20260827-022806_perlmutter_5bc126dd,ours_l01_s2_trace-610042_b32_k8_isolated,isolated,ours,3,5,plan_ms,2.245568,recorder
20260827-022806_perlmutter_5bc126dd,ours_l01_s2_trace-610042_b32_k8_isolated,isolated,ours,3,6,plan_ms,3.08,recorder
20260827-022806_perlmutter_5bc126dd,ours_l01_s2_trace-610042_b32_k8_isolated,isolated,ours,3,7,plan_ms,2.45824,recorder
20260827-022806_perlmutter_5bc126dd,ours_l01_s2_trace-610042_b32_k8_isolated,isolated,ours,3,8,plan_ms,3.373056,recorder
20260827-022806_perlmutter_5bc126dd,ours_l01_s2_trace-610042_b32_k8_isolated,isolated,ours,3,9,plan_ms,2.094336,recorder
20260827-022806_perlmutter_5bc126dd,ours_l01_s2_trace-610042_b32_k8_isolated,isolated,ours,3,0,total_ms,33.086784,recorder
20260827-022806_perlmutter_5bc126dd,ours_l01_s2_trace-610042_b32_k8_isolated,isolated,ours,3,1,total_ms,31.259457,recorder
20260827-022806_perlmutter_5bc126dd,ours_l01_s2_trace-610042_b32_k8_isolated,isolated,ours,3,2,total_ms,32.343552,recorder
20260827-022806_perlmutter_5bc126dd,ours_l01_s2_trace-610042_b32_k8_isolated,isolated,ours,3,3,total_ms,31.883904,recorder
20260827-022806_perlmutter_5bc126dd,ours_l01_s2_trace-610042_b32_k8_isolated,isolated,ours,3,4,total_ms,31.456736,recorder
20260827-022806_perlmutter_5bc126dd,ours_l01_s2_trace-610042_b32_k8_isolated,isolated,ours,3,5,total_ms,30.792704,recorder
20260827-022806_perlmutter_5bc126dd,ours_l01_s2_trace-610042_b32_k8_isolated,isolated,ours,3,6,total_ms,33.374977,recorder
20260827-022806_perlmutter_5bc126dd,ours_l01_s2_trace-610042_b32_k8_isolated,isolated,ours,3,7,total_ms,30.585024,recorder
20260827-022806_perlmutter_5bc126dd,ours_l01_s2_trace-610042_b32_k8_isolated,isolated,ours,3,8,total_ms,36.633633,recorder
20260827-022806_perlmutter_5bc126dd,ours_l01_s2_trace-610042_b32_k8_isolated,isolated,ours,3,9,total_ms,30.783136,recorder
20260827-022806_perlmutter_5bc126dd,ours_l01_s2_trace-610042_b32_k8_isolated,isolated,ours,3,0,iso_sync_ms,24.274521,recorder
20260827-022806_perlmutter_5bc126dd,ours_l01_s2_trace-610042_b32_k8_isolated,isolated,ours,3,1,iso_sync_ms,26.286995,recorder
20260827-022806_perlmutter_5bc126dd,ours_l01_s2_trace-610042_b32_k8_isolated,isolated,ours,3,2,iso_sync_ms,24.509494,recorder
20260827-022806_perlmutter_5bc126dd,ours_l01_s2_trace-610042_b32_k8_isolated,isolated,ours,3,3,iso_sync_ms,25.977979,recorder
20260827-022806_perlmutter_5bc126dd,ours_l01_s2_trace-610042_b32_k8_isolated,isolated,ours,3,4,iso_sync_ms,25.071428,recorder
20260827-022806_perlmutter_5bc126dd,ours_l01_s2_trace-610042_b32_k8_isolated,isolated,ours,3,5,iso_sync_ms,25.159429,recorder
20260827-022806_perlmutter_5bc126dd,ours_l01_s2_trace-610042_b32_k8_isolated,isolated,ours,3,6,iso_sync_ms,24.387108,recorder
20260827-022806_perlmutter_5bc126dd,ours_l01_s2_trace-610042_b32_k8_isolated,isolated,ours,3,7,iso_sync_ms,25.524754,recorder
20260827-022806_perlmutter_5bc126dd,ours_l01_s2_trace-610042_b32_k8_isolated,isolated,ours,3,8,iso_sync_ms,24.104282,recorder
20260827-022806_perlmutter_5bc126dd,ours_l01_s2_trace-610042_b32_k8_isolated,isolated,ours,3,9,iso_sync_ms,25.00997,recorder
20260827-022806_perlmutter_5bc126dd,ours_l01_s2_trace-610042_b32_k8_isolated,isolated,ours,4,0,e2e_ms,26.519968,recorder
20260827-022806_perlmutter_5bc126dd,ours_l01_s2_trace-610042_b32_k8_isolated,isolated,ours,4,1,e2e_ms,24.856768,recorder
20260827-022806_perlmutter_5bc126dd,ours_l01_s2_trace-610042_b32_k8_isolated,isolated,ours,4,2,e2e_ms,26.210913,recorder
20260827-022806_perlmutter_5bc126dd,ours_l01_s2_trace-610042_b32_k8_isolated,isolated,ours,4,3,e2e_ms,25.374111,recorder
20260827-022806_perlmutter_5bc126dd,ours_l01_s2_trace-610042_b32_k8_isolated,isolated,ours,4,4,e2e_ms,24.988417,recorder
20260827-022806_perlmutter_5bc126dd,ours_l01_s2_trace-610042_b32_k8_isolated,isolated,ours,4,5,e2e_ms,24.443041,recorder
20260827-022806_perlmutter_5bc126dd,ours_l01_s2_trace-610042_b32_k8_isolated,isolated,ours,4,6,e2e_ms,26.06016,recorder
20260827-022806_perlmutter_5bc126dd,ours_l01_s2_trace-610042_b32_k8_isolated,isolated,ours,4,7,e2e_ms,24.019873,recorder
20260827-022806_perlmutter_5bc126dd,ours_l01_s2_trace-610042_b32_k8_isolated,isolated,ours,4,8,e2e_ms,25.447935,recorder
20260827-022806_perlmutter_5bc126dd,ours_l01_s2_trace-610042_b32_k8_isolated,isolated,ours,4,9,e2e_ms,24.310593,recorder
20260827-022806_perlmutter_5bc126dd,ours_l01_s2_trace-610042_b32_k8_isolated,isolated,ours,4,0,l0_ms,13.196512,recorder
20260827-022806_perlmutter_5bc126dd,ours_l01_s2_trace-610042_b32_k8_isolated,isolated,ours,4,1,l0_ms,11.46032,recorder
20260827-022806_perlmutter_5bc126dd,ours_l01_s2_trace-610042_b32_k8_isolated,isolated,ours,4,2,l0_ms,12.916384,recorder
20260827-022806_perlmutter_5bc126dd,ours_l01_s2_trace-610042_b32_k8_isolated,isolated,ours,4,3,l0_ms,11.137376,recorder
20260827-022806_perlmutter_5bc126dd,ours_l01_s2_trace-610042_b32_k8_isolated,isolated,ours,4,4,l0_ms,11.435104,recorder
20260827-022806_perlmutter_5bc126dd,ours_l01_s2_trace-610042_b32_k8_isolated,isolated,ours,4,5,l0_ms,10.845504,recorder
20260827-022806_perlmutter_5bc126dd,ours_l01_s2_trace-610042_b32_k8_isolated,isolated,ours,4,6,l0_ms,11.806176,recorder
20260827-022806_perlmutter_5bc126dd,ours_l01_s2_trace-610042_b32_k8_isolated,isolated,ours,4,7,l0_ms,10.337504,recorder
20260827-022806_perlmutter_5bc126dd,ours_l01_s2_trace-610042_b32_k8_isolated,isolated,ours,4,8,l0_ms,11.599776,recorder
20260827-022806_perlmutter_5bc126dd,ours_l01_s2_trace-610042_b32_k8_isolated,isolated,ours,4,9,l0_ms,10.54512,recorder
20260827-022806_perlmutter_5bc126dd,ours_l01_s2_trace-610042_b32_k8_isolated,isolated,ours,4,0,act_ms,0.126464,recorder
20260827-022806_perlmutter_5bc126dd,ours_l01_s2_trace-610042_b32_k8_isolated,isolated,ours,4,1,act_ms,0.125312,recorder
20260827-022806_perlmutter_5bc126dd,ours_l01_s2_trace-610042_b32_k8_isolated,isolated,ours,4,2,act_ms,0.128896,recorder
20260827-022806_perlmutter_5bc126dd,ours_l01_s2_trace-610042_b32_k8_isolated,isolated,ours,4,3,act_ms,0.125536,recorder
20260827-022806_perlmutter_5bc126dd,ours_l01_s2_trace-610042_b32_k8_isolated,isolated,ours,4,4,act_ms,0.1288,recorder
20260827-022806_perlmutter_5bc126dd,ours_l01_s2_trace-610042_b32_k8_isolated,isolated,ours,4,5,act_ms,0.126912,recorder
20260827-022806_perlmutter_5bc126dd,ours_l01_s2_trace-610042_b32_k8_isolated,isolated,ours,4,6,act_ms,0.12768,recorder
20260827-022806_perlmutter_5bc126dd,ours_l01_s2_trace-610042_b32_k8_isolated,isolated,ours,4,7,act_ms,0.126208,recorder
20260827-022806_perlmutter_5bc126dd,ours_l01_s2_trace-610042_b32_k8_isolated,isolated,ours,4,8,act_ms,0.1248,recorder
20260827-022806_perlmutter_5bc126dd,ours_l01_s2_trace-610042_b32_k8_isolated,isolated,ours,4,9,act_ms,0.1264,recorder
20260827-022806_perlmutter_5bc126dd,ours_l01_s2_trace-610042_b32_k8_isolated,isolated,ours,4,0,l1_ms,13.196992,recorder
20260827-022806_perlmutter_5bc126dd,ours_l01_s2_trace-610042_b32_k8_isolated,isolated,ours,4,1,l1_ms,13.271136,recorder
20260827-022806_perlmutter_5bc126dd,ours_l01_s2_trace-610042_b32_k8_isolated,isolated,ours,4,2,l1_ms,13.165632,recorder
20260827-022806_perlmutter_5bc126dd,ours_l01_s2_trace-610042_b32_k8_isolated,isolated,ours,4,3,l1_ms,14.1112,recorder
20260827-022806_perlmutter_5bc126dd,ours_l01_s2_trace-610042_b32_k8_isolated,isolated,ours,4,4,l1_ms,13.424512,recorder
20260827-022806_perlmutter_5bc126dd,ours_l01_s2_trace-610042_b32_k8_isolated,isolated,ours,4,5,l1_ms,13.470624,recorder
20260827-022806_perlmutter_5bc126dd,ours_l01_s2_trace-610042_b32_k8_isolated,isolated,ours,4,6,l1_ms,14.126304,recorder
20260827-022806_perlmutter_5bc126dd,ours_l01_s2_trace-610042_b32_k8_isolated,isolated,ours,4,7,l1_ms,13.55616,recorder
20260827-022806_perlmutter_5bc126dd,ours_l01_s2_trace-610042_b32_k8_isolated,isolated,ours,4,8,l1_ms,13.72336,recorder
20260827-022806_perlmutter_5bc126dd,ours_l01_s2_trace-610042_b32_k8_isolated,isolated,ours,4,9,l1_ms,13.639072,recorder
20260827-022806_perlmutter_5bc126dd,ours_l01_s2_trace-610042_b32_k8_isolated,isolated,ours,4,0,plan_comm_ms,0.204544,recorder
20260827-022806_perlmutter_5bc126dd,ours_l01_s2_trace-610042_b32_k8_isolated,isolated,ours,4,1,plan_comm_ms,0.178432,recorder
20260827-022806_perlmutter_5bc126dd,ours_l01_s2_trace-610042_b32_k8_isolated,isolated,ours,4,2,plan_comm_ms,0.180416,recorder
20260827-022806_perlmutter_5bc126dd,ours_l01_s2_trace-610042_b32_k8_isolated,isolated,ours,4,3,plan_comm_ms,0.339136,recorder
20260827-022806_perlmutter_5bc126dd,ours_l01_s2_trace-610042_b32_k8_isolated,isolated,ours,4,4,plan_comm_ms,0.188384,recorder
20260827-022806_perlmutter_5bc126dd,ours_l01_s2_trace-610042_b32_k8_isolated,isolated,ours,4,5,plan_comm_ms,0.19152,recorder
20260827-022806_perlmutter_5bc126dd,ours_l01_s2_trace-610042_b32_k8_isolated,isolated,ours,4,6,plan_comm_ms,0.215392,recorder
20260827-022806_perlmutter_5bc126dd,ours_l01_s2_trace-610042_b32_k8_isolated,isolated,ours,4,7,plan_comm_ms,0.201664,recorder
20260827-022806_perlmutter_5bc126dd,ours_l01_s2_trace-610042_b32_k8_isolated,isolated,ours,4,8,plan_comm_ms,3.955232,recorder
20260827-022806_perlmutter_5bc126dd,ours_l01_s2_trace-610042_b32_k8_isolated,isolated,ours,4,9,plan_comm_ms,0.494336,recorder
20260827-022806_perlmutter_5bc126dd,ours_l01_s2_trace-610042_b32_k8_isolated,isolated,ours,4,0,place_ms,3.91968,recorder
20260827-022806_perlmutter_5bc126dd,ours_l01_s2_trace-610042_b32_k8_isolated,isolated,ours,4,1,place_ms,3.894624,recorder
20260827-022806_perlmutter_5bc126dd,ours_l01_s2_trace-610042_b32_k8_isolated,isolated,ours,4,2,place_ms,3.908064,recorder
20260827-022806_perlmutter_5bc126dd,ours_l01_s2_trace-610042_b32_k8_isolated,isolated,ours,4,3,place_ms,3.902656,recorder
20260827-022806_perlmutter_5bc126dd,ours_l01_s2_trace-610042_b32_k8_isolated,isolated,ours,4,4,place_ms,3.963648,recorder
20260827-022806_perlmutter_5bc126dd,ours_l01_s2_trace-610042_b32_k8_isolated,isolated,ours,4,5,place_ms,3.93248,recorder
20260827-022806_perlmutter_5bc126dd,ours_l01_s2_trace-610042_b32_k8_isolated,isolated,ours,4,6,place_ms,3.96496,recorder
20260827-022806_perlmutter_5bc126dd,ours_l01_s2_trace-610042_b32_k8_isolated,isolated,ours,4,7,place_ms,4.01008,recorder
20260827-022806_perlmutter_5bc126dd,ours_l01_s2_trace-610042_b32_k8_isolated,isolated,ours,4,8,place_ms,3.768704,recorder
20260827-022806_perlmutter_5bc126dd,ours_l01_s2_trace-610042_b32_k8_isolated,isolated,ours,4,9,place_ms,3.83568,recorder
20260827-022806_perlmutter_5bc126dd,ours_l01_s2_trace-610042_b32_k8_isolated,isolated,ours,4,0,plan_ms,2.363072,recorder
20260827-022806_perlmutter_5bc126dd,ours_l01_s2_trace-610042_b32_k8_isolated,isolated,ours,4,1,plan_ms,2.317088,recorder
20260827-022806_perlmutter_5bc126dd,ours_l01_s2_trace-610042_b32_k8_isolated,isolated,ours,4,2,plan_ms,2.042784,recorder
20260827-022806_perlmutter_5bc126dd,ours_l01_s2_trace-610042_b32_k8_isolated,isolated,ours,4,3,plan_ms,2.353088,recorder
20260827-022806_perlmutter_5bc126dd,ours_l01_s2_trace-610042_b32_k8_isolated,isolated,ours,4,4,plan_ms,2.31376,recorder
20260827-022806_perlmutter_5bc126dd,ours_l01_s2_trace-610042_b32_k8_isolated,isolated,ours,4,5,plan_ms,2.208448,recorder
20260827-022806_perlmutter_5bc126dd,ours_l01_s2_trace-610042_b32_k8_isolated,isolated,ours,4,6,plan_ms,3.12224,recorder
20260827-022806_perlmutter_5bc126dd,ours_l01_s2_trace-610042_b32_k8_isolated,isolated,ours,4,7,plan_ms,2.325536,recorder
20260827-022806_perlmutter_5bc126dd,ours_l01_s2_trace-610042_b32_k8_isolated,isolated,ours,4,8,plan_ms,3.439328,recorder
20260827-022806_perlmutter_5bc126dd,ours_l01_s2_trace-610042_b32_k8_isolated,isolated,ours,4,9,plan_ms,2.114304,recorder
20260827-022806_perlmutter_5bc126dd,ours_l01_s2_trace-610042_b32_k8_isolated,isolated,ours,4,0,total_ms,33.009602,recorder
20260827-022806_perlmutter_5bc126dd,ours_l01_s2_trace-610042_b32_k8_isolated,isolated,ours,4,1,total_ms,31.249249,recorder
20260827-022806_perlmutter_5bc126dd,ours_l01_s2_trace-610042_b32_k8_isolated,isolated,ours,4,2,total_ms,32.344543,recorder
20260827-022806_perlmutter_5bc126dd,ours_l01_s2_trace-610042_b32_k8_isolated,isolated,ours,4,3,total_ms,31.971359,recorder
20260827-022806_perlmutter_5bc126dd,ours_l01_s2_trace-610042_b32_k8_isolated,isolated,ours,4,4,total_ms,31.456545,recorder
20260827-022806_perlmutter_5bc126dd,ours_l01_s2_trace-610042_b32_k8_isolated,isolated,ours,4,5,total_ms,30.777857,recorder
20260827-022806_perlmutter_5bc126dd,ours_l01_s2_trace-610042_b32_k8_isolated,isolated,ours,4,6,total_ms,33.36512,recorder
20260827-022806_perlmutter_5bc126dd,ours_l01_s2_trace-610042_b32_k8_isolated,isolated,ours,4,7,total_ms,30.559521,recorder
20260827-022806_perlmutter_5bc126dd,ours_l01_s2_trace-610042_b32_k8_isolated,isolated,ours,4,8,total_ms,36.613537,recorder
20260827-022806_perlmutter_5bc126dd,ours_l01_s2_trace-610042_b32_k8_isolated,isolated,ours,4,9,total_ms,30.757248,recorder
20260827-022806_perlmutter_5bc126dd,ours_l01_s2_trace-610042_b32_k8_isolated,isolated,ours,4,0,iso_sync_ms,24.380061,recorder
20260827-022806_perlmutter_5bc126dd,ours_l01_s2_trace-610042_b32_k8_isolated,isolated,ours,4,1,iso_sync_ms,26.223518,recorder
20260827-022806_perlmutter_5bc126dd,ours_l01_s2_trace-610042_b32_k8_isolated,isolated,ours,4,2,iso_sync_ms,24.56063,recorder
20260827-022806_perlmutter_5bc126dd,ours_l01_s2_trace-610042_b32_k8_isolated,isolated,ours,4,3,iso_sync_ms,26.02386,recorder
20260827-022806_perlmutter_5bc126dd,ours_l01_s2_trace-610042_b32_k8_isolated,isolated,ours,4,4,iso_sync_ms,25.381869,recorder
20260827-022806_perlmutter_5bc126dd,ours_l01_s2_trace-610042_b32_k8_isolated,isolated,ours,4,5,iso_sync_ms,25.146012,recorder
20260827-022806_perlmutter_5bc126dd,ours_l01_s2_trace-610042_b32_k8_isolated,isolated,ours,4,6,iso_sync_ms,24.359701,recorder
20260827-022806_perlmutter_5bc126dd,ours_l01_s2_trace-610042_b32_k8_isolated,isolated,ours,4,7,iso_sync_ms,25.582547,recorder
20260827-022806_perlmutter_5bc126dd,ours_l01_s2_trace-610042_b32_k8_isolated,isolated,ours,4,8,iso_sync_ms,24.192057,recorder
20260827-022806_perlmutter_5bc126dd,ours_l01_s2_trace-610042_b32_k8_isolated,isolated,ours,4,9,iso_sync_ms,25.112589,recorder
20260827-022806_perlmutter_5bc126dd,ours_l01_s2_trace-610042_b32_k8_isolated,isolated,ours,5,0,e2e_ms,26.524481,recorder
20260827-022806_perlmutter_5bc126dd,ours_l01_s2_trace-610042_b32_k8_isolated,isolated,ours,5,1,e2e_ms,24.896929,recorder
20260827-022806_perlmutter_5bc126dd,ours_l01_s2_trace-610042_b32_k8_isolated,isolated,ours,5,2,e2e_ms,26.233088,recorder
20260827-022806_perlmutter_5bc126dd,ours_l01_s2_trace-610042_b32_k8_isolated,isolated,ours,5,3,e2e_ms,25.41008,recorder
20260827-022806_perlmutter_5bc126dd,ours_l01_s2_trace-610042_b32_k8_isolated,isolated,ours,5,4,e2e_ms,25.009472,recorder
20260827-022806_perlmutter_5bc126dd,ours_l01_s2_trace-610042_b32_k8_isolated,isolated,ours,5,5,e2e_ms,24.456896,recorder
20260827-022806_perlmutter_5bc126dd,ours_l01_s2_trace-610042_b32_k8_isolated,isolated,ours,5,6,e2e_ms,26.053217,recorder
20260827-022806_perlmutter_5bc126dd,ours_l01_s2_trace-610042_b32_k8_isolated,isolated,ours,5,7,e2e_ms,24.038113,recorder
20260827-022806_perlmutter_5bc126dd,ours_l01_s2_trace-610042_b32_k8_isolated,isolated,ours,5,8,e2e_ms,25.460863,recorder
20260827-022806_perlmutter_5bc126dd,ours_l01_s2_trace-610042_b32_k8_isolated,isolated,ours,5,9,e2e_ms,24.312063,recorder
20260827-022806_perlmutter_5bc126dd,ours_l01_s2_trace-610042_b32_k8_isolated,isolated,ours,5,0,l0_ms,13.206464,recorder
20260827-022806_perlmutter_5bc126dd,ours_l01_s2_trace-610042_b32_k8_isolated,isolated,ours,5,1,l0_ms,11.495872,recorder
20260827-022806_perlmutter_5bc126dd,ours_l01_s2_trace-610042_b32_k8_isolated,isolated,ours,5,2,l0_ms,12.937376,recorder
20260827-022806_perlmutter_5bc126dd,ours_l01_s2_trace-610042_b32_k8_isolated,isolated,ours,5,3,l0_ms,11.17088,recorder
20260827-022806_perlmutter_5bc126dd,ours_l01_s2_trace-610042_b32_k8_isolated,isolated,ours,5,4,l0_ms,11.444224,recorder
20260827-022806_perlmutter_5bc126dd,ours_l01_s2_trace-610042_b32_k8_isolated,isolated,ours,5,5,l0_ms,10.86432,recorder
20260827-022806_perlmutter_5bc126dd,ours_l01_s2_trace-610042_b32_k8_isolated,isolated,ours,5,6,l0_ms,11.802528,recorder
20260827-022806_perlmutter_5bc126dd,ours_l01_s2_trace-610042_b32_k8_isolated,isolated,ours,5,7,l0_ms,10.343168,recorder
20260827-022806_perlmutter_5bc126dd,ours_l01_s2_trace-610042_b32_k8_isolated,isolated,ours,5,8,l0_ms,11.643456,recorder
20260827-022806_perlmutter_5bc126dd,ours_l01_s2_trace-610042_b32_k8_isolated,isolated,ours,5,9,l0_ms,10.548032,recorder
20260827-022806_perlmutter_5bc126dd,ours_l01_s2_trace-610042_b32_k8_isolated,isolated,ours,5,0,act_ms,0.112448,recorder
20260827-022806_perlmutter_5bc126dd,ours_l01_s2_trace-610042_b32_k8_isolated,isolated,ours,5,1,act_ms,0.111744,recorder
20260827-022806_perlmutter_5bc126dd,ours_l01_s2_trace-610042_b32_k8_isolated,isolated,ours,5,2,act_ms,0.113696,recorder
20260827-022806_perlmutter_5bc126dd,ours_l01_s2_trace-610042_b32_k8_isolated,isolated,ours,5,3,act_ms,0.110944,recorder
20260827-022806_perlmutter_5bc126dd,ours_l01_s2_trace-610042_b32_k8_isolated,isolated,ours,5,4,act_ms,0.11088,recorder
20260827-022806_perlmutter_5bc126dd,ours_l01_s2_trace-610042_b32_k8_isolated,isolated,ours,5,5,act_ms,0.113952,recorder
20260827-022806_perlmutter_5bc126dd,ours_l01_s2_trace-610042_b32_k8_isolated,isolated,ours,5,6,act_ms,0.112576,recorder
20260827-022806_perlmutter_5bc126dd,ours_l01_s2_trace-610042_b32_k8_isolated,isolated,ours,5,7,act_ms,0.111328,recorder
20260827-022806_perlmutter_5bc126dd,ours_l01_s2_trace-610042_b32_k8_isolated,isolated,ours,5,8,act_ms,0.110976,recorder
20260827-022806_perlmutter_5bc126dd,ours_l01_s2_trace-610042_b32_k8_isolated,isolated,ours,5,9,act_ms,0.112544,recorder
20260827-022806_perlmutter_5bc126dd,ours_l01_s2_trace-610042_b32_k8_isolated,isolated,ours,5,0,l1_ms,13.205568,recorder
20260827-022806_perlmutter_5bc126dd,ours_l01_s2_trace-610042_b32_k8_isolated,isolated,ours,5,1,l1_ms,13.289312,recorder
20260827-022806_perlmutter_5bc126dd,ours_l01_s2_trace-610042_b32_k8_isolated,isolated,ours,5,2,l1_ms,13.182016,recorder
20260827-022806_perlmutter_5bc126dd,ours_l01_s2_trace-610042_b32_k8_isolated,isolated,ours,5,3,l1_ms,14.128256,recorder
20260827-022806_perlmutter_5bc126dd,ours_l01_s2_trace-610042_b32_k8_isolated,isolated,ours,5,4,l1_ms,13.454368,recorder
20260827-022806_perlmutter_5bc126dd,ours_l01_s2_trace-610042_b32_k8_isolated,isolated,ours,5,5,l1_ms,13.478624,recorder
20260827-022806_perlmutter_5bc126dd,ours_l01_s2_trace-610042_b32_k8_isolated,isolated,ours,5,6,l1_ms,14.138112,recorder
20260827-022806_perlmutter_5bc126dd,ours_l01_s2_trace-610042_b32_k8_isolated,isolated,ours,5,7,l1_ms,13.583616,recorder
20260827-022806_perlmutter_5bc126dd,ours_l01_s2_trace-610042_b32_k8_isolated,isolated,ours,5,8,l1_ms,13.706432,recorder
20260827-022806_perlmutter_5bc126dd,ours_l01_s2_trace-610042_b32_k8_isolated,isolated,ours,5,9,l1_ms,13.651488,recorder
20260827-022806_perlmutter_5bc126dd,ours_l01_s2_trace-610042_b32_k8_isolated,isolated,ours,5,0,plan_comm_ms,0.215104,recorder
20260827-022806_perlmutter_5bc126dd,ours_l01_s2_trace-610042_b32_k8_isolated,isolated,ours,5,1,plan_comm_ms,0.192064,recorder
20260827-022806_perlmutter_5bc126dd,ours_l01_s2_trace-610042_b32_k8_isolated,isolated,ours,5,2,plan_comm_ms,0.190944,recorder
20260827-022806_perlmutter_5bc126dd,ours_l01_s2_trace-610042_b32_k8_isolated,isolated,ours,5,3,plan_comm_ms,0.346784,recorder
20260827-022806_perlmutter_5bc126dd,ours_l01_s2_trace-610042_b32_k8_isolated,isolated,ours,5,4,plan_comm_ms,0.189024,recorder
20260827-022806_perlmutter_5bc126dd,ours_l01_s2_trace-610042_b32_k8_isolated,isolated,ours,5,5,plan_comm_ms,0.200608,recorder
20260827-022806_perlmutter_5bc126dd,ours_l01_s2_trace-610042_b32_k8_isolated,isolated,ours,5,6,plan_comm_ms,0.222272,recorder
20260827-022806_perlmutter_5bc126dd,ours_l01_s2_trace-610042_b32_k8_isolated,isolated,ours,5,7,plan_comm_ms,0.211456,recorder
20260827-022806_perlmutter_5bc126dd,ours_l01_s2_trace-610042_b32_k8_isolated,isolated,ours,5,8,plan_comm_ms,3.951072,recorder
20260827-022806_perlmutter_5bc126dd,ours_l01_s2_trace-610042_b32_k8_isolated,isolated,ours,5,9,plan_comm_ms,0.504576,recorder
20260827-022806_perlmutter_5bc126dd,ours_l01_s2_trace-610042_b32_k8_isolated,isolated,ours,5,0,place_ms,3.895936,recorder
20260827-022806_perlmutter_5bc126dd,ours_l01_s2_trace-610042_b32_k8_isolated,isolated,ours,5,1,place_ms,3.89632,recorder
20260827-022806_perlmutter_5bc126dd,ours_l01_s2_trace-610042_b32_k8_isolated,isolated,ours,5,2,place_ms,3.875392,recorder
20260827-022806_perlmutter_5bc126dd,ours_l01_s2_trace-610042_b32_k8_isolated,isolated,ours,5,3,place_ms,3.913216,recorder
20260827-022806_perlmutter_5bc126dd,ours_l01_s2_trace-610042_b32_k8_isolated,isolated,ours,5,4,place_ms,4.002432,recorder
20260827-022806_perlmutter_5bc126dd,ours_l01_s2_trace-610042_b32_k8_isolated,isolated,ours,5,5,place_ms,3.912544,recorder
20260827-022806_perlmutter_5bc126dd,ours_l01_s2_trace-610042_b32_k8_isolated,isolated,ours,5,6,place_ms,3.937504,recorder
20260827-022806_perlmutter_5bc126dd,ours_l01_s2_trace-610042_b32_k8_isolated,isolated,ours,5,7,place_ms,4.007168,recorder
20260827-022806_perlmutter_5bc126dd,ours_l01_s2_trace-610042_b32_k8_isolated,isolated,ours,5,8,place_ms,3.76544,recorder
20260827-022806_perlmutter_5bc126dd,ours_l01_s2_trace-610042_b32_k8_isolated,isolated,ours,5,9,place_ms,3.831648,recorder
20260827-022806_perlmutter_5bc126dd,ours_l01_s2_trace-610042_b32_k8_isolated,isolated,ours,5,0,plan_ms,2.387136,recorder
20260827-022806_perlmutter_5bc126dd,ours_l01_s2_trace-610042_b32_k8_isolated,isolated,ours,5,1,plan_ms,2.280768,recorder
20260827-022806_perlmutter_5bc126dd,ours_l01_s2_trace-610042_b32_k8_isolated,isolated,ours,5,2,plan_ms,2.062208,recorder
20260827-022806_perlmutter_5bc126dd,ours_l01_s2_trace-610042_b32_k8_isolated,isolated,ours,5,3,plan_ms,2.319232,recorder
20260827-022806_perlmutter_5bc126dd,ours_l01_s2_trace-610042_b32_k8_isolated,isolated,ours,5,4,plan_ms,2.2728,recorder
20260827-022806_perlmutter_5bc126dd,ours_l01_s2_trace-610042_b32_k8_isolated,isolated,ours,5,5,plan_ms,2.21744,recorder
20260827-022806_perlmutter_5bc126dd,ours_l01_s2_trace-610042_b32_k8_isolated,isolated,ours,5,6,plan_ms,3.156864,recorder
20260827-022806_perlmutter_5bc126dd,ours_l01_s2_trace-610042_b32_k8_isolated,isolated,ours,5,7,plan_ms,2.320416,recorder
20260827-022806_perlmutter_5bc126dd,ours_l01_s2_trace-610042_b32_k8_isolated,isolated,ours,5,8,plan_ms,3.432704,recorder
20260827-022806_perlmutter_5bc126dd,ours_l01_s2_trace-610042_b32_k8_isolated,isolated,ours,5,9,plan_ms,2.11888,recorder
20260827-022806_perlmutter_5bc126dd,ours_l01_s2_trace-610042_b32_k8_isolated,isolated,ours,5,0,total_ms,33.025089,recorder
20260827-022806_perlmutter_5bc126dd,ours_l01_s2_trace-610042_b32_k8_isolated,isolated,ours,5,1,total_ms,31.268864,recorder
20260827-022806_perlmutter_5bc126dd,ours_l01_s2_trace-610042_b32_k8_isolated,isolated,ours,5,2,total_ms,32.363968,recorder
20260827-022806_perlmutter_5bc126dd,ours_l01_s2_trace-610042_b32_k8_isolated,isolated,ours,5,3,total_ms,31.99168,recorder
20260827-022806_perlmutter_5bc126dd,ours_l01_s2_trace-610042_b32_k8_isolated,isolated,ours,5,4,total_ms,31.476065,recorder
20260827-022806_perlmutter_5bc126dd,ours_l01_s2_trace-610042_b32_k8_isolated,isolated,ours,5,5,total_ms,30.789824,recorder
20260827-022806_perlmutter_5bc126dd,ours_l01_s2_trace-610042_b32_k8_isolated,isolated,ours,5,6,total_ms,33.372162,recorder
20260827-022806_perlmutter_5bc126dd,ours_l01_s2_trace-610042_b32_k8_isolated,isolated,ours,5,7,total_ms,30.579456,recorder
20260827-022806_perlmutter_5bc126dd,ours_l01_s2_trace-610042_b32_k8_isolated,isolated,ours,5,8,total_ms,36.612415,recorder
20260827-022806_perlmutter_5bc126dd,ours_l01_s2_trace-610042_b32_k8_isolated,isolated,ours,5,9,total_ms,30.769505,recorder
20260827-022806_perlmutter_5bc126dd,ours_l01_s2_trace-610042_b32_k8_isolated,isolated,ours,5,0,iso_sync_ms,24.376433,recorder
20260827-022806_perlmutter_5bc126dd,ours_l01_s2_trace-610042_b32_k8_isolated,isolated,ours,5,1,iso_sync_ms,26.259658,recorder
20260827-022806_perlmutter_5bc126dd,ours_l01_s2_trace-610042_b32_k8_isolated,isolated,ours,5,2,iso_sync_ms,24.602001,recorder
20260827-022806_perlmutter_5bc126dd,ours_l01_s2_trace-610042_b32_k8_isolated,isolated,ours,5,3,iso_sync_ms,26.057116,recorder
20260827-022806_perlmutter_5bc126dd,ours_l01_s2_trace-610042_b32_k8_isolated,isolated,ours,5,4,iso_sync_ms,25.410294,recorder
20260827-022806_perlmutter_5bc126dd,ours_l01_s2_trace-610042_b32_k8_isolated,isolated,ours,5,5,iso_sync_ms,25.188945,recorder
20260827-022806_perlmutter_5bc126dd,ours_l01_s2_trace-610042_b32_k8_isolated,isolated,ours,5,6,iso_sync_ms,24.393968,recorder
20260827-022806_perlmutter_5bc126dd,ours_l01_s2_trace-610042_b32_k8_isolated,isolated,ours,5,7,iso_sync_ms,25.614389,recorder
20260827-022806_perlmutter_5bc126dd,ours_l01_s2_trace-610042_b32_k8_isolated,isolated,ours,5,8,iso_sync_ms,24.236303,recorder
20260827-022806_perlmutter_5bc126dd,ours_l01_s2_trace-610042_b32_k8_isolated,isolated,ours,5,9,iso_sync_ms,25.14446,recorder
20260827-022806_perlmutter_5bc126dd,ours_l01_s2_trace-610042_b32_k8_isolated,isolated,ours,6,0,e2e_ms,26.542336,recorder
20260827-022806_perlmutter_5bc126dd,ours_l01_s2_trace-610042_b32_k8_isolated,isolated,ours,6,1,e2e_ms,24.911936,recorder
20260827-022806_perlmutter_5bc126dd,ours_l01_s2_trace-610042_b32_k8_isolated,isolated,ours,6,2,e2e_ms,26.24752,recorder
20260827-022806_perlmutter_5bc126dd,ours_l01_s2_trace-610042_b32_k8_isolated,isolated,ours,6,3,e2e_ms,25.41296,recorder
20260827-022806_perlmutter_5bc126dd,ours_l01_s2_trace-610042_b32_k8_isolated,isolated,ours,6,4,e2e_ms,25.04928,recorder
20260827-022806_perlmutter_5bc126dd,ours_l01_s2_trace-610042_b32_k8_isolated,isolated,ours,6,5,e2e_ms,24.474304,recorder
20260827-022806_perlmutter_5bc126dd,ours_l01_s2_trace-610042_b32_k8_isolated,isolated,ours,6,6,e2e_ms,26.060255,recorder
20260827-022806_perlmutter_5bc126dd,ours_l01_s2_trace-610042_b32_k8_isolated,isolated,ours,6,7,e2e_ms,24.034529,recorder
20260827-022806_perlmutter_5bc126dd,ours_l01_s2_trace-610042_b32_k8_isolated,isolated,ours,6,8,e2e_ms,25.466272,recorder
20260827-022806_perlmutter_5bc126dd,ours_l01_s2_trace-610042_b32_k8_isolated,isolated,ours,6,9,e2e_ms,24.327904,recorder
20260827-022806_perlmutter_5bc126dd,ours_l01_s2_trace-610042_b32_k8_isolated,isolated,ours,6,0,l0_ms,13.220768,recorder
20260827-022806_perlmutter_5bc126dd,ours_l01_s2_trace-610042_b32_k8_isolated,isolated,ours,6,1,l0_ms,11.508672,recorder
20260827-022806_perlmutter_5bc126dd,ours_l01_s2_trace-610042_b32_k8_isolated,isolated,ours,6,2,l0_ms,12.954016,recorder
20260827-022806_perlmutter_5bc126dd,ours_l01_s2_trace-610042_b32_k8_isolated,isolated,ours,6,3,l0_ms,11.176736,recorder
20260827-022806_perlmutter_5bc126dd,ours_l01_s2_trace-610042_b32_k8_isolated,isolated,ours,6,4,l0_ms,11.477344,recorder
20260827-022806_perlmutter_5bc126dd,ours_l01_s2_trace-610042_b32_k8_isolated,isolated,ours,6,5,l0_ms,10.8752,recorder
20260827-022806_perlmutter_5bc126dd,ours_l01_s2_trace-610042_b32_k8_isolated,isolated,ours,6,6,l0_ms,11.809824,recorder
20260827-022806_perlmutter_5bc126dd,ours_l01_s2_trace-610042_b32_k8_isolated,isolated,ours,6,7,l0_ms,10.351552,recorder
20260827-022806_perlmutter_5bc126dd,ours_l01_s2_trace-610042_b32_k8_isolated,isolated,ours,6,8,l0_ms,11.673696,recorder
20260827-022806_perlmutter_5bc126dd,ours_l01_s2_trace-610042_b32_k8_isolated,isolated,ours,6,9,l0_ms,10.581184,recorder
20260827-022806_perlmutter_5bc126dd,ours_l01_s2_trace-610042_b32_k8_isolated,isolated,ours,6,0,act_ms,0.107712,recorder
20260827-022806_perlmutter_5bc126dd,ours_l01_s2_trace-610042_b32_k8_isolated,isolated,ours,6,1,act_ms,0.109888,recorder
20260827-022806_perlmutter_5bc126dd,ours_l01_s2_trace-610042_b32_k8_isolated,isolated,ours,6,2,act_ms,0.111616,recorder
20260827-022806_perlmutter_5bc126dd,ours_l01_s2_trace-610042_b32_k8_isolated,isolated,ours,6,3,act_ms,0.112096,recorder
20260827-022806_perlmutter_5bc126dd,ours_l01_s2_trace-610042_b32_k8_isolated,isolated,ours,6,4,act_ms,0.108128,recorder
20260827-022806_perlmutter_5bc126dd,ours_l01_s2_trace-610042_b32_k8_isolated,isolated,ours,6,5,act_ms,0.1128,recorder
20260827-022806_perlmutter_5bc126dd,ours_l01_s2_trace-610042_b32_k8_isolated,isolated,ours,6,6,act_ms,0.112864,recorder
20260827-022806_perlmutter_5bc126dd,ours_l01_s2_trace-610042_b32_k8_isolated,isolated,ours,6,7,act_ms,0.108768,recorder
20260827-022806_perlmutter_5bc126dd,ours_l01_s2_trace-610042_b32_k8_isolated,isolated,ours,6,8,act_ms,0.11232,recorder
20260827-022806_perlmutter_5bc126dd,ours_l01_s2_trace-610042_b32_k8_isolated,isolated,ours,6,9,act_ms,0.109632,recorder
20260827-022806_perlmutter_5bc126dd,ours_l01_s2_trace-610042_b32_k8_isolated,isolated,ours,6,0,l1_ms,13.213856,recorder
20260827-022806_perlmutter_5bc126dd,ours_l01_s2_trace-610042_b32_k8_isolated,isolated,ours,6,1,l1_ms,13.293376,recorder
20260827-022806_perlmutter_5bc126dd,ours_l01_s2_trace-610042_b32_k8_isolated,isolated,ours,6,2,l1_ms,13.181888,recorder
20260827-022806_perlmutter_5bc126dd,ours_l01_s2_trace-610042_b32_k8_isolated,isolated,ours,6,3,l1_ms,14.124128,recorder
20260827-022806_perlmutter_5bc126dd,ours_l01_s2_trace-610042_b32_k8_isolated,isolated,ours,6,4,l1_ms,13.463808,recorder
20260827-022806_perlmutter_5bc126dd,ours_l01_s2_trace-610042_b32_k8_isolated,isolated,ours,6,5,l1_ms,13.486304,recorder
20260827-022806_perlmutter_5bc126dd,ours_l01_s2_trace-610042_b32_k8_isolated,isolated,ours,6,6,l1_ms,14.137568,recorder
20260827-022806_perlmutter_5bc126dd,ours_l01_s2_trace-610042_b32_k8_isolated,isolated,ours,6,7,l1_ms,13.574208,recorder
20260827-022806_perlmutter_5bc126dd,ours_l01_s2_trace-610042_b32_k8_isolated,isolated,ours,6,8,l1_ms,13.680256,recorder
20260827-022806_perlmutter_5bc126dd,ours_l01_s2_trace-610042_b32_k8_isolated,isolated,ours,6,9,l1_ms,13.637088,recorder
20260827-022806_perlmutter_5bc126dd,ours_l01_s2_trace-610042_b32_k8_isolated,isolated,ours,6,0,plan_comm_ms,0.217216,recorder
20260827-022806_perlmutter_5bc126dd,ours_l01_s2_trace-610042_b32_k8_isolated,isolated,ours,6,1,plan_comm_ms,0.189728,recorder
20260827-022806_perlmutter_5bc126dd,ours_l01_s2_trace-610042_b32_k8_isolated,isolated,ours,6,2,plan_comm_ms,0.190912,recorder
20260827-022806_perlmutter_5bc126dd,ours_l01_s2_trace-610042_b32_k8_isolated,isolated,ours,6,3,plan_comm_ms,0.344672,recorder
20260827-022806_perlmutter_5bc126dd,ours_l01_s2_trace-610042_b32_k8_isolated,isolated,ours,6,4,plan_comm_ms,0.184768,recorder
20260827-022806_perlmutter_5bc126dd,ours_l01_s2_trace-610042_b32_k8_isolated,isolated,ours,6,5,plan_comm_ms,0.200288,recorder
20260827-022806_perlmutter_5bc126dd,ours_l01_s2_trace-610042_b32_k8_isolated,isolated,ours,6,6,plan_comm_ms,0.223168,recorder
20260827-022806_perlmutter_5bc126dd,ours_l01_s2_trace-610042_b32_k8_isolated,isolated,ours,6,7,plan_comm_ms,0.208256,recorder
20260827-022806_perlmutter_5bc126dd,ours_l01_s2_trace-610042_b32_k8_isolated,isolated,ours,6,8,plan_comm_ms,3.961152,recorder
20260827-022806_perlmutter_5bc126dd,ours_l01_s2_trace-610042_b32_k8_isolated,isolated,ours,6,9,plan_comm_ms,0.505056,recorder
20260827-022806_perlmutter_5bc126dd,ours_l01_s2_trace-610042_b32_k8_isolated,isolated,ours,6,0,place_ms,3.85712,recorder
20260827-022806_perlmutter_5bc126dd,ours_l01_s2_trace-610042_b32_k8_isolated,isolated,ours,6,1,place_ms,3.842272,recorder
20260827-022806_perlmutter_5bc126dd,ours_l01_s2_trace-610042_b32_k8_isolated,isolated,ours,6,2,place_ms,3.850528,recorder
20260827-022806_perlmutter_5bc126dd,ours_l01_s2_trace-610042_b32_k8_isolated,isolated,ours,6,3,place_ms,3.895808,recorder
20260827-022806_perlmutter_5bc126dd,ours_l01_s2_trace-610042_b32_k8_isolated,isolated,ours,6,4,place_ms,3.96064,recorder
20260827-022806_perlmutter_5bc126dd,ours_l01_s2_trace-610042_b32_k8_isolated,isolated,ours,6,5,place_ms,3.886496,recorder
20260827-022806_perlmutter_5bc126dd,ours_l01_s2_trace-610042_b32_k8_isolated,isolated,ours,6,6,place_ms,3.902112,recorder
20260827-022806_perlmutter_5bc126dd,ours_l01_s2_trace-610042_b32_k8_isolated,isolated,ours,6,7,place_ms,3.956448,recorder
20260827-022806_perlmutter_5bc126dd,ours_l01_s2_trace-610042_b32_k8_isolated,isolated,ours,6,8,place_ms,3.753408,recorder
20260827-022806_perlmutter_5bc126dd,ours_l01_s2_trace-610042_b32_k8_isolated,isolated,ours,6,9,place_ms,3.82336,recorder
20260827-022806_perlmutter_5bc126dd,ours_l01_s2_trace-610042_b32_k8_isolated,isolated,ours,6,0,plan_ms,2.404928,recorder
20260827-022806_perlmutter_5bc126dd,ours_l01_s2_trace-610042_b32_k8_isolated,isolated,ours,6,1,plan_ms,2.323712,recorder
20260827-022806_perlmutter_5bc126dd,ours_l01_s2_trace-610042_b32_k8_isolated,isolated,ours,6,2,plan_ms,2.069824,recorder
20260827-022806_perlmutter_5bc126dd,ours_l01_s2_trace-610042_b32_k8_isolated,isolated,ours,6,3,plan_ms,2.329632,recorder
20260827-022806_perlmutter_5bc126dd,ours_l01_s2_trace-610042_b32_k8_isolated,isolated,ours,6,4,plan_ms,2.28288,recorder
20260827-022806_perlmutter_5bc126dd,ours_l01_s2_trace-610042_b32_k8_isolated,isolated,ours,6,5,plan_ms,2.227488,recorder
20260827-022806_perlmutter_5bc126dd,ours_l01_s2_trace-610042_b32_k8_isolated,isolated,ours,6,6,plan_ms,3.188768,recorder
20260827-022806_perlmutter_5bc126dd,ours_l01_s2_trace-610042_b32_k8_isolated,isolated,ours,6,7,plan_ms,2.374368,recorder
20260827-022806_perlmutter_5bc126dd,ours_l01_s2_trace-610042_b32_k8_isolated,isolated,ours,6,8,plan_ms,3.442432,recorder
20260827-022806_perlmutter_5bc126dd,ours_l01_s2_trace-610042_b32_k8_isolated,isolated,ours,6,9,plan_ms,2.107904,recorder
20260827-022806_perlmutter_5bc126dd,ours_l01_s2_trace-610042_b32_k8_isolated,isolated,ours,6,0,total_ms,33.023937,recorder
20260827-022806_perlmutter_5bc126dd,ours_l01_s2_trace-610042_b32_k8_isolated,isolated,ours,6,1,total_ms,31.269983,recorder
20260827-022806_perlmutter_5bc126dd,ours_l01_s2_trace-610042_b32_k8_isolated,isolated,ours,6,2,total_ms,32.361118,recorder
20260827-022806_perlmutter_5bc126dd,ours_l01_s2_trace-610042_b32_k8_isolated,isolated,ours,6,3,total_ms,31.985409,recorder
20260827-022806_perlmutter_5bc126dd,ours_l01_s2_trace-610042_b32_k8_isolated,isolated,ours,6,4,total_ms,31.479904,recorder
20260827-022806_perlmutter_5bc126dd,ours_l01_s2_trace-610042_b32_k8_isolated,isolated,ours,6,5,total_ms,30.791008,recorder
20260827-022806_perlmutter_5bc126dd,ours_l01_s2_trace-610042_b32_k8_isolated,isolated,ours,6,6,total_ms,33.37664,recorder
20260827-022806_perlmutter_5bc126dd,ours_l01_s2_trace-610042_b32_k8_isolated,isolated,ours,6,7,total_ms,30.575935,recorder
20260827-022806_perlmutter_5bc126dd,ours_l01_s2_trace-610042_b32_k8_isolated,isolated,ours,6,8,total_ms,36.625633,recorder
20260827-022806_perlmutter_5bc126dd,ours_l01_s2_trace-610042_b32_k8_isolated,isolated,ours,6,9,total_ms,30.766592,recorder
20260827-022806_perlmutter_5bc126dd,ours_l01_s2_trace-610042_b32_k8_isolated,isolated,ours,6,0,iso_sync_ms,24.387184,recorder
20260827-022806_perlmutter_5bc126dd,ours_l01_s2_trace-610042_b32_k8_isolated,isolated,ours,6,1,iso_sync_ms,26.296248,recorder
20260827-022806_perlmutter_5bc126dd,ours_l01_s2_trace-610042_b32_k8_isolated,isolated,ours,6,2,iso_sync_ms,24.632169,recorder
20260827-022806_perlmutter_5bc126dd,ours_l01_s2_trace-610042_b32_k8_isolated,isolated,ours,6,3,iso_sync_ms,26.103625,recorder
20260827-022806_perlmutter_5bc126dd,ours_l01_s2_trace-610042_b32_k8_isolated,isolated,ours,6,4,iso_sync_ms,25.429441,recorder
20260827-022806_perlmutter_5bc126dd,ours_l01_s2_trace-610042_b32_k8_isolated,isolated,ours,6,5,iso_sync_ms,25.227741,recorder
20260827-022806_perlmutter_5bc126dd,ours_l01_s2_trace-610042_b32_k8_isolated,isolated,ours,6,6,iso_sync_ms,24.422493,recorder
20260827-022806_perlmutter_5bc126dd,ours_l01_s2_trace-610042_b32_k8_isolated,isolated,ours,6,7,iso_sync_ms,25.608237,recorder
20260827-022806_perlmutter_5bc126dd,ours_l01_s2_trace-610042_b32_k8_isolated,isolated,ours,6,8,iso_sync_ms,24.237525,recorder
20260827-022806_perlmutter_5bc126dd,ours_l01_s2_trace-610042_b32_k8_isolated,isolated,ours,6,9,iso_sync_ms,25.168136,recorder
20260827-022806_perlmutter_5bc126dd,ours_l01_s2_trace-610042_b32_k8_isolated,isolated,ours,7,0,e2e_ms,26.520351,recorder
20260827-022806_perlmutter_5bc126dd,ours_l01_s2_trace-610042_b32_k8_isolated,isolated,ours,7,1,e2e_ms,24.917152,recorder
20260827-022806_perlmutter_5bc126dd,ours_l01_s2_trace-610042_b32_k8_isolated,isolated,ours,7,2,e2e_ms,26.242752,recorder
20260827-022806_perlmutter_5bc126dd,ours_l01_s2_trace-610042_b32_k8_isolated,isolated,ours,7,3,e2e_ms,25.412832,recorder
20260827-022806_perlmutter_5bc126dd,ours_l01_s2_trace-610042_b32_k8_isolated,isolated,ours,7,4,e2e_ms,25.050976,recorder
20260827-022806_perlmutter_5bc126dd,ours_l01_s2_trace-610042_b32_k8_isolated,isolated,ours,7,5,e2e_ms,24.453056,recorder
20260827-022806_perlmutter_5bc126dd,ours_l01_s2_trace-610042_b32_k8_isolated,isolated,ours,7,6,e2e_ms,26.032255,recorder
20260827-022806_perlmutter_5bc126dd,ours_l01_s2_trace-610042_b32_k8_isolated,isolated,ours,7,7,e2e_ms,24.037504,recorder
20260827-022806_perlmutter_5bc126dd,ours_l01_s2_trace-610042_b32_k8_isolated,isolated,ours,7,8,e2e_ms,25.490175,recorder
20260827-022806_perlmutter_5bc126dd,ours_l01_s2_trace-610042_b32_k8_isolated,isolated,ours,7,9,e2e_ms,24.323072,recorder
20260827-022806_perlmutter_5bc126dd,ours_l01_s2_trace-610042_b32_k8_isolated,isolated,ours,7,0,l0_ms,13.203136,recorder
20260827-022806_perlmutter_5bc126dd,ours_l01_s2_trace-610042_b32_k8_isolated,isolated,ours,7,1,l0_ms,11.512416,recorder
20260827-022806_perlmutter_5bc126dd,ours_l01_s2_trace-610042_b32_k8_isolated,isolated,ours,7,2,l0_ms,12.94992,recorder
20260827-022806_perlmutter_5bc126dd,ours_l01_s2_trace-610042_b32_k8_isolated,isolated,ours,7,3,l0_ms,11.172512,recorder
20260827-022806_perlmutter_5bc126dd,ours_l01_s2_trace-610042_b32_k8_isolated,isolated,ours,7,4,l0_ms,11.48832,recorder
20260827-022806_perlmutter_5bc126dd,ours_l01_s2_trace-610042_b32_k8_isolated,isolated,ours,7,5,l0_ms,10.863456,recorder
20260827-022806_perlmutter_5bc126dd,ours_l01_s2_trace-610042_b32_k8_isolated,isolated,ours,7,6,l0_ms,11.792,recorder
20260827-022806_perlmutter_5bc126dd,ours_l01_s2_trace-610042_b32_k8_isolated,isolated,ours,7,7,l0_ms,10.347744,recorder
20260827-022806_perlmutter_5bc126dd,ours_l01_s2_trace-610042_b32_k8_isolated,isolated,ours,7,8,l0_ms,11.68832,recorder
20260827-022806_perlmutter_5bc126dd,ours_l01_s2_trace-610042_b32_k8_isolated,isolated,ours,7,9,l0_ms,10.572128,recorder
20260827-022806_perlmutter_5bc126dd,ours_l01_s2_trace-610042_b32_k8_isolated,isolated,ours,7,0,act_ms,0.108768,recorder
20260827-022806_perlmutter_5bc126dd,ours_l01_s2_trace-610042_b32_k8_isolated,isolated,ours,7,1,act_ms,0.109312,recorder
20260827-022806_perlmutter_5bc126dd,ours_l01_s2_trace-610042_b32_k8_isolated,isolated,ours,7,2,act_ms,0.111584,recorder
20260827-022806_perlmutter_5bc126dd,ours_l01_s2_trace-610042_b32_k8_isolated,isolated,ours,7,3,act_ms,0.109376,recorder
20260827-022806_perlmutter_5bc126dd,ours_l01_s2_trace-610042_b32_k8_isolated,isolated,ours,7,4,act_ms,0.111168,recorder
20260827-022806_perlmutter_5bc126dd,ours_l01_s2_trace-610042_b32_k8_isolated,isolated,ours,7,5,act_ms,0.110496,recorder
20260827-022806_perlmutter_5bc126dd,ours_l01_s2_trace-610042_b32_k8_isolated,isolated,ours,7,6,act_ms,0.10864,recorder
20260827-022806_perlmutter_5bc126dd,ours_l01_s2_trace-610042_b32_k8_isolated,isolated,ours,7,7,act_ms,0.10992,recorder
20260827-022806_perlmutter_5bc126dd,ours_l01_s2_trace-610042_b32_k8_isolated,isolated,ours,7,8,act_ms,0.108032,recorder
20260827-022806_perlmutter_5bc126dd,ours_l01_s2_trace-610042_b32_k8_isolated,isolated,ours,7,9,act_ms,0.10816,recorder
20260827-022806_perlmutter_5bc126dd,ours_l01_s2_trace-610042_b32_k8_isolated,isolated,ours,7,0,l1_ms,13.208448,recorder
20260827-022806_perlmutter_5bc126dd,ours_l01_s2_trace-610042_b32_k8_isolated,isolated,ours,7,1,l1_ms,13.295424,recorder
20260827-022806_perlmutter_5bc126dd,ours_l01_s2_trace-610042_b32_k8_isolated,isolated,ours,7,2,l1_ms,13.181248,recorder
20260827-022806_perlmutter_5bc126dd,ours_l01_s2_trace-610042_b32_k8_isolated,isolated,ours,7,3,l1_ms,14.130944,recorder
20260827-022806_perlmutter_5bc126dd,ours_l01_s2_trace-610042_b32_k8_isolated,isolated,ours,7,4,l1_ms,13.451488,recorder
20260827-022806_perlmutter_5bc126dd,ours_l01_s2_trace-610042_b32_k8_isolated,isolated,ours,7,5,l1_ms,13.479104,recorder
20260827-022806_perlmutter_5bc126dd,ours_l01_s2_trace-610042_b32_k8_isolated,isolated,ours,7,6,l1_ms,14.131616,recorder
20260827-022806_perlmutter_5bc126dd,ours_l01_s2_trace-610042_b32_k8_isolated,isolated,ours,7,7,l1_ms,13.57984,recorder
20260827-022806_perlmutter_5bc126dd,ours_l01_s2_trace-610042_b32_k8_isolated,isolated,ours,7,8,l1_ms,13.693824,recorder
20260827-022806_perlmutter_5bc126dd,ours_l01_s2_trace-610042_b32_k8_isolated,isolated,ours,7,9,l1_ms,13.642784,recorder
20260827-022806_perlmutter_5bc126dd,ours_l01_s2_trace-610042_b32_k8_isolated,isolated,ours,7,0,plan_comm_ms,0.21744,recorder
20260827-022806_perlmutter_5bc126dd,ours_l01_s2_trace-610042_b32_k8_isolated,isolated,ours,7,1,plan_comm_ms,0.184544,recorder
20260827-022806_perlmutter_5bc126dd,ours_l01_s2_trace-610042_b32_k8_isolated,isolated,ours,7,2,plan_comm_ms,0.189088,recorder
20260827-022806_perlmutter_5bc126dd,ours_l01_s2_trace-610042_b32_k8_isolated,isolated,ours,7,3,plan_comm_ms,0.348672,recorder
20260827-022806_perlmutter_5bc126dd,ours_l01_s2_trace-610042_b32_k8_isolated,isolated,ours,7,4,plan_comm_ms,0.18512,recorder
20260827-022806_perlmutter_5bc126dd,ours_l01_s2_trace-610042_b32_k8_isolated,isolated,ours,7,5,plan_comm_ms,0.202912,recorder
20260827-022806_perlmutter_5bc126dd,ours_l01_s2_trace-610042_b32_k8_isolated,isolated,ours,7,6,plan_comm_ms,0.222496,recorder
20260827-022806_perlmutter_5bc126dd,ours_l01_s2_trace-610042_b32_k8_isolated,isolated,ours,7,7,plan_comm_ms,0.190048,recorder
20260827-022806_perlmutter_5bc126dd,ours_l01_s2_trace-610042_b32_k8_isolated,isolated,ours,7,8,plan_comm_ms,3.957056,recorder
20260827-022806_perlmutter_5bc126dd,ours_l01_s2_trace-610042_b32_k8_isolated,isolated,ours,7,9,plan_comm_ms,0.510368,recorder
20260827-022806_perlmutter_5bc126dd,ours_l01_s2_trace-610042_b32_k8_isolated,isolated,ours,7,0,place_ms,3.925792,recorder
20260827-022806_perlmutter_5bc126dd,ours_l01_s2_trace-610042_b32_k8_isolated,isolated,ours,7,1,place_ms,3.886432,recorder
20260827-022806_perlmutter_5bc126dd,ours_l01_s2_trace-610042_b32_k8_isolated,isolated,ours,7,2,place_ms,3.879456,recorder
20260827-022806_perlmutter_5bc126dd,ours_l01_s2_trace-610042_b32_k8_isolated,isolated,ours,7,3,place_ms,3.933952,recorder
20260827-022806_perlmutter_5bc126dd,ours_l01_s2_trace-610042_b32_k8_isolated,isolated,ours,7,4,place_ms,3.972096,recorder
20260827-022806_perlmutter_5bc126dd,ours_l01_s2_trace-610042_b32_k8_isolated,isolated,ours,7,5,place_ms,3.929152,recorder
20260827-022806_perlmutter_5bc126dd,ours_l01_s2_trace-610042_b32_k8_isolated,isolated,ours,7,6,place_ms,5.223808,recorder
20260827-022806_perlmutter_5bc126dd,ours_l01_s2_trace-610042_b32_k8_isolated,isolated,ours,7,7,place_ms,4.050784,recorder
20260827-022806_perlmutter_5bc126dd,ours_l01_s2_trace-610042_b32_k8_isolated,isolated,ours,7,8,place_ms,3.740576,recorder
20260827-022806_perlmutter_5bc126dd,ours_l01_s2_trace-610042_b32_k8_isolated,isolated,ours,7,9,place_ms,3.798784,recorder
20260827-022806_perlmutter_5bc126dd,ours_l01_s2_trace-610042_b32_k8_isolated,isolated,ours,7,0,plan_ms,2.361536,recorder
20260827-022806_perlmutter_5bc126dd,ours_l01_s2_trace-610042_b32_k8_isolated,isolated,ours,7,1,plan_ms,2.28192,recorder
20260827-022806_perlmutter_5bc126dd,ours_l01_s2_trace-610042_b32_k8_isolated,isolated,ours,7,2,plan_ms,2.054848,recorder
20260827-022806_perlmutter_5bc126dd,ours_l01_s2_trace-610042_b32_k8_isolated,isolated,ours,7,3,plan_ms,2.300704,recorder
20260827-022806_perlmutter_5bc126dd,ours_l01_s2_trace-610042_b32_k8_isolated,isolated,ours,7,4,plan_ms,2.269824,recorder
20260827-022806_perlmutter_5bc126dd,ours_l01_s2_trace-610042_b32_k8_isolated,isolated,ours,7,5,plan_ms,2.20448,recorder
20260827-022806_perlmutter_5bc126dd,ours_l01_s2_trace-610042_b32_k8_isolated,isolated,ours,7,6,plan_ms,1.890912,recorder
20260827-022806_perlmutter_5bc126dd,ours_l01_s2_trace-610042_b32_k8_isolated,isolated,ours,7,7,plan_ms,2.279328,recorder
20260827-022806_perlmutter_5bc126dd,ours_l01_s2_trace-610042_b32_k8_isolated,isolated,ours,7,8,plan_ms,3.449472,recorder
20260827-022806_perlmutter_5bc126dd,ours_l01_s2_trace-610042_b32_k8_isolated,isolated,ours,7,9,plan_ms,2.141632,recorder
20260827-022806_perlmutter_5bc126dd,ours_l01_s2_trace-610042_b32_k8_isolated,isolated,ours,7,0,total_ms,33.027424,recorder
20260827-022806_perlmutter_5bc126dd,ours_l01_s2_trace-610042_b32_k8_isolated,isolated,ours,7,1,total_ms,31.272352,recorder
20260827-022806_perlmutter_5bc126dd,ours_l01_s2_trace-610042_b32_k8_isolated,isolated,ours,7,2,total_ms,32.368446,recorder
20260827-022806_perlmutter_5bc126dd,ours_l01_s2_trace-610042_b32_k8_isolated,isolated,ours,7,3,total_ms,31.998465,recorder
20260827-022806_perlmutter_5bc126dd,ours_l01_s2_trace-610042_b32_k8_isolated,isolated,ours,7,4,total_ms,31.48032,recorder
20260827-022806_perlmutter_5bc126dd,ours_l01_s2_trace-610042_b32_k8_isolated,isolated,ours,7,5,total_ms,30.791937,recorder
20260827-022806_perlmutter_5bc126dd,ours_l01_s2_trace-610042_b32_k8_isolated,isolated,ours,7,6,total_ms,33.371937,recorder
20260827-022806_perlmutter_5bc126dd,ours_l01_s2_trace-610042_b32_k8_isolated,isolated,ours,7,7,total_ms,30.559969,recorder
20260827-022806_perlmutter_5bc126dd,ours_l01_s2_trace-610042_b32_k8_isolated,isolated,ours,7,8,total_ms,36.639584,recorder
20260827-022806_perlmutter_5bc126dd,ours_l01_s2_trace-610042_b32_k8_isolated,isolated,ours,7,9,total_ms,30.776159,recorder
20260827-022806_perlmutter_5bc126dd,ours_l01_s2_trace-610042_b32_k8_isolated,isolated,ours,7,0,iso_sync_ms,24.169424,recorder
20260827-022806_perlmutter_5bc126dd,ours_l01_s2_trace-610042_b32_k8_isolated,isolated,ours,7,1,iso_sync_ms,26.280568,recorder
20260827-022806_perlmutter_5bc126dd,ours_l01_s2_trace-610042_b32_k8_isolated,isolated,ours,7,2,iso_sync_ms,24.656275,recorder
20260827-022806_perlmutter_5bc126dd,ours_l01_s2_trace-610042_b32_k8_isolated,isolated,ours,7,3,iso_sync_ms,26.087103,recorder
20260827-022806_perlmutter_5bc126dd,ours_l01_s2_trace-610042_b32_k8_isolated,isolated,ours,7,4,iso_sync_ms,25.445943,recorder
20260827-022806_perlmutter_5bc126dd,ours_l01_s2_trace-610042_b32_k8_isolated,isolated,ours,7,5,iso_sync_ms,25.235996,recorder
20260827-022806_perlmutter_5bc126dd,ours_l01_s2_trace-610042_b32_k8_isolated,isolated,ours,7,6,iso_sync_ms,24.430037,recorder
20260827-022806_perlmutter_5bc126dd,ours_l01_s2_trace-610042_b32_k8_isolated,isolated,ours,7,7,iso_sync_ms,25.51698,recorder
20260827-022806_perlmutter_5bc126dd,ours_l01_s2_trace-610042_b32_k8_isolated,isolated,ours,7,8,iso_sync_ms,24.268134,recorder
20260827-022806_perlmutter_5bc126dd,ours_l01_s2_trace-610042_b32_k8_isolated,isolated,ours,7,9,iso_sync_ms,25.198264,recorder
20260827-022806_perlmutter_5bc126dd,ours_l01_s2_trace-610042_b32_k8_isolated,isolated,ours,8,0,e2e_ms,26.401728,recorder
20260827-022806_perlmutter_5bc126dd,ours_l01_s2_trace-610042_b32_k8_isolated,isolated,ours,8,1,e2e_ms,24.921024,recorder
20260827-022806_perlmutter_5bc126dd,ours_l01_s2_trace-610042_b32_k8_isolated,isolated,ours,8,2,e2e_ms,26.206528,recorder
20260827-022806_perlmutter_5bc126dd,ours_l01_s2_trace-610042_b32_k8_isolated,isolated,ours,8,3,e2e_ms,25.443745,recorder
20260827-022806_perlmutter_5bc126dd,ours_l01_s2_trace-610042_b32_k8_isolated,isolated,ours,8,4,e2e_ms,25.059584,recorder
20260827-022806_perlmutter_5bc126dd,ours_l01_s2_trace-610042_b32_k8_isolated,isolated,ours,8,5,e2e_ms,24.48896,recorder
20260827-022806_perlmutter_5bc126dd,ours_l01_s2_trace-610042_b32_k8_isolated,isolated,ours,8,6,e2e_ms,26.059744,recorder
20260827-022806_perlmutter_5bc126dd,ours_l01_s2_trace-610042_b32_k8_isolated,isolated,ours,8,7,e2e_ms,23.902592,recorder
20260827-022806_perlmutter_5bc126dd,ours_l01_s2_trace-610042_b32_k8_isolated,isolated,ours,8,8,e2e_ms,25.502815,recorder
20260827-022806_perlmutter_5bc126dd,ours_l01_s2_trace-610042_b32_k8_isolated,isolated,ours,8,9,e2e_ms,24.194401,recorder
20260827-022806_perlmutter_5bc126dd,ours_l01_s2_trace-610042_b32_k8_isolated,isolated,ours,8,0,l0_ms,13.22736,recorder
20260827-022806_perlmutter_5bc126dd,ours_l01_s2_trace-610042_b32_k8_isolated,isolated,ours,8,1,l0_ms,11.54608,recorder
20260827-022806_perlmutter_5bc126dd,ours_l01_s2_trace-610042_b32_k8_isolated,isolated,ours,8,2,l0_ms,12.915776,recorder
20260827-022806_perlmutter_5bc126dd,ours_l01_s2_trace-610042_b32_k8_isolated,isolated,ours,8,3,l0_ms,11.210624,recorder
20260827-022806_perlmutter_5bc126dd,ours_l01_s2_trace-610042_b32_k8_isolated,isolated,ours,8,4,l0_ms,11.486144,recorder
20260827-022806_perlmutter_5bc126dd,ours_l01_s2_trace-610042_b32_k8_isolated,isolated,ours,8,5,l0_ms,10.891904,recorder
20260827-022806_perlmutter_5bc126dd,ours_l01_s2_trace-610042_b32_k8_isolated,isolated,ours,8,6,l0_ms,11.80624,recorder
20260827-022806_perlmutter_5bc126dd,ours_l01_s2_trace-610042_b32_k8_isolated,isolated,ours,8,7,l0_ms,10.365728,recorder
20260827-022806_perlmutter_5bc126dd,ours_l01_s2_trace-610042_b32_k8_isolated,isolated,ours,8,8,l0_ms,11.716992,recorder
20260827-022806_perlmutter_5bc126dd,ours_l01_s2_trace-610042_b32_k8_isolated,isolated,ours,8,9,l0_ms,10.622496,recorder
20260827-022806_perlmutter_5bc126dd,ours_l01_s2_trace-610042_b32_k8_isolated,isolated,ours,8,0,act_ms,0.120512,recorder
20260827-022806_perlmutter_5bc126dd,ours_l01_s2_trace-610042_b32_k8_isolated,isolated,ours,8,1,act_ms,0.121952,recorder
20260827-022806_perlmutter_5bc126dd,ours_l01_s2_trace-610042_b32_k8_isolated,isolated,ours,8,2,act_ms,0.121344,recorder
20260827-022806_perlmutter_5bc126dd,ours_l01_s2_trace-610042_b32_k8_isolated,isolated,ours,8,3,act_ms,0.12272,recorder
20260827-022806_perlmutter_5bc126dd,ours_l01_s2_trace-610042_b32_k8_isolated,isolated,ours,8,4,act_ms,0.120352,recorder
20260827-022806_perlmutter_5bc126dd,ours_l01_s2_trace-610042_b32_k8_isolated,isolated,ours,8,5,act_ms,0.122016,recorder
20260827-022806_perlmutter_5bc126dd,ours_l01_s2_trace-610042_b32_k8_isolated,isolated,ours,8,6,act_ms,0.119232,recorder
20260827-022806_perlmutter_5bc126dd,ours_l01_s2_trace-610042_b32_k8_isolated,isolated,ours,8,7,act_ms,0.120992,recorder
20260827-022806_perlmutter_5bc126dd,ours_l01_s2_trace-610042_b32_k8_isolated,isolated,ours,8,8,act_ms,0.118912,recorder
20260827-022806_perlmutter_5bc126dd,ours_l01_s2_trace-610042_b32_k8_isolated,isolated,ours,8,9,act_ms,0.121184,recorder
20260827-022806_perlmutter_5bc126dd,ours_l01_s2_trace-610042_b32_k8_isolated,isolated,ours,8,0,l1_ms,13.053856,recorder
20260827-022806_perlmutter_5bc126dd,ours_l01_s2_trace-610042_b32_k8_isolated,isolated,ours,8,1,l1_ms,13.252992,recorder
20260827-022806_perlmutter_5bc126dd,ours_l01_s2_trace-610042_b32_k8_isolated,isolated,ours,8,2,l1_ms,13.169408,recorder
20260827-022806_perlmutter_5bc126dd,ours_l01_s2_trace-610042_b32_k8_isolated,isolated,ours,8,3,l1_ms,14.1104,recorder
20260827-022806_perlmutter_5bc126dd,ours_l01_s2_trace-610042_b32_k8_isolated,isolated,ours,8,4,l1_ms,13.453088,recorder
20260827-022806_perlmutter_5bc126dd,ours_l01_s2_trace-610042_b32_k8_isolated,isolated,ours,8,5,l1_ms,13.47504,recorder
20260827-022806_perlmutter_5bc126dd,ours_l01_s2_trace-610042_b32_k8_isolated,isolated,ours,8,6,l1_ms,14.134272,recorder
20260827-022806_perlmutter_5bc126dd,ours_l01_s2_trace-610042_b32_k8_isolated,isolated,ours,8,7,l1_ms,13.415872,recorder
20260827-022806_perlmutter_5bc126dd,ours_l01_s2_trace-610042_b32_k8_isolated,isolated,ours,8,8,l1_ms,13.666912,recorder
20260827-022806_perlmutter_5bc126dd,ours_l01_s2_trace-610042_b32_k8_isolated,isolated,ours,8,9,l1_ms,13.45072,recorder
20260827-022806_perlmutter_5bc126dd,ours_l01_s2_trace-610042_b32_k8_isolated,isolated,ours,8,0,plan_comm_ms,0.255072,recorder
20260827-022806_perlmutter_5bc126dd,ours_l01_s2_trace-610042_b32_k8_isolated,isolated,ours,8,1,plan_comm_ms,0.194112,recorder
20260827-022806_perlmutter_5bc126dd,ours_l01_s2_trace-610042_b32_k8_isolated,isolated,ours,8,2,plan_comm_ms,0.208768,recorder
20260827-022806_perlmutter_5bc126dd,ours_l01_s2_trace-610042_b32_k8_isolated,isolated,ours,8,3,plan_comm_ms,0.360096,recorder
20260827-022806_perlmutter_5bc126dd,ours_l01_s2_trace-610042_b32_k8_isolated,isolated,ours,8,4,plan_comm_ms,0.186592,recorder
20260827-022806_perlmutter_5bc126dd,ours_l01_s2_trace-610042_b32_k8_isolated,isolated,ours,8,5,plan_comm_ms,0.205408,recorder
20260827-022806_perlmutter_5bc126dd,ours_l01_s2_trace-610042_b32_k8_isolated,isolated,ours,8,6,plan_comm_ms,0.234464,recorder
20260827-022806_perlmutter_5bc126dd,ours_l01_s2_trace-610042_b32_k8_isolated,isolated,ours,8,7,plan_comm_ms,0.214976,recorder
20260827-022806_perlmutter_5bc126dd,ours_l01_s2_trace-610042_b32_k8_isolated,isolated,ours,8,8,plan_comm_ms,3.961952,recorder
20260827-022806_perlmutter_5bc126dd,ours_l01_s2_trace-610042_b32_k8_isolated,isolated,ours,8,9,plan_comm_ms,0.51488,recorder
20260827-022806_perlmutter_5bc126dd,ours_l01_s2_trace-610042_b32_k8_isolated,isolated,ours,8,0,place_ms,3.909568,recorder
20260827-022806_perlmutter_5bc126dd,ours_l01_s2_trace-610042_b32_k8_isolated,isolated,ours,8,1,place_ms,3.890752,recorder
20260827-022806_perlmutter_5bc126dd,ours_l01_s2_trace-610042_b32_k8_isolated,isolated,ours,8,2,place_ms,3.880768,recorder
20260827-022806_perlmutter_5bc126dd,ours_l01_s2_trace-610042_b32_k8_isolated,isolated,ours,8,3,place_ms,3.900128,recorder
20260827-022806_perlmutter_5bc126dd,ours_l01_s2_trace-610042_b32_k8_isolated,isolated,ours,8,4,place_ms,3.860128,recorder
20260827-022806_perlmutter_5bc126dd,ours_l01_s2_trace-610042_b32_k8_isolated,isolated,ours,8,5,place_ms,3.884128,recorder
20260827-022806_perlmutter_5bc126dd,ours_l01_s2_trace-610042_b32_k8_isolated,isolated,ours,8,6,place_ms,3.942656,recorder
20260827-022806_perlmutter_5bc126dd,ours_l01_s2_trace-610042_b32_k8_isolated,isolated,ours,8,7,place_ms,3.99312,recorder
20260827-022806_perlmutter_5bc126dd,ours_l01_s2_trace-610042_b32_k8_isolated,isolated,ours,8,8,place_ms,3.859072,recorder
20260827-022806_perlmutter_5bc126dd,ours_l01_s2_trace-610042_b32_k8_isolated,isolated,ours,8,9,place_ms,3.89056,recorder
20260827-022806_perlmutter_5bc126dd,ours_l01_s2_trace-610042_b32_k8_isolated,isolated,ours,8,0,plan_ms,2.349376,recorder
20260827-022806_perlmutter_5bc126dd,ours_l01_s2_trace-610042_b32_k8_isolated,isolated,ours,8,1,plan_ms,2.259808,recorder
20260827-022806_perlmutter_5bc126dd,ours_l01_s2_trace-610042_b32_k8_isolated,isolated,ours,8,2,plan_ms,2.067616,recorder
20260827-022806_perlmutter_5bc126dd,ours_l01_s2_trace-610042_b32_k8_isolated,isolated,ours,8,3,plan_ms,2.285952,recorder
20260827-022806_perlmutter_5bc126dd,ours_l01_s2_trace-610042_b32_k8_isolated,isolated,ours,8,4,plan_ms,2.3752,recorder
20260827-022806_perlmutter_5bc126dd,ours_l01_s2_trace-610042_b32_k8_isolated,isolated,ours,8,5,plan_ms,2.214464,recorder
20260827-022806_perlmutter_5bc126dd,ours_l01_s2_trace-610042_b32_k8_isolated,isolated,ours,8,6,plan_ms,3.147904,recorder
20260827-022806_perlmutter_5bc126dd,ours_l01_s2_trace-610042_b32_k8_isolated,isolated,ours,8,7,plan_ms,2.316896,recorder
20260827-022806_perlmutter_5bc126dd,ours_l01_s2_trace-610042_b32_k8_isolated,isolated,ours,8,8,plan_ms,3.322016,recorder
20260827-022806_perlmutter_5bc126dd,ours_l01_s2_trace-610042_b32_k8_isolated,isolated,ours,8,9,plan_ms,2.030432,recorder
20260827-022806_perlmutter_5bc126dd,ours_l01_s2_trace-610042_b32_k8_isolated,isolated,ours,8,0,total_ms,32.918079,recorder
20260827-022806_perlmutter_5bc126dd,ours_l01_s2_trace-610042_b32_k8_isolated,isolated,ours,8,1,total_ms,31.268608,recorder
20260827-022806_perlmutter_5bc126dd,ours_l01_s2_trace-610042_b32_k8_isolated,isolated,ours,8,2,total_ms,32.366047,recorder
20260827-022806_perlmutter_5bc126dd,ours_l01_s2_trace-610042_b32_k8_isolated,isolated,ours,8,3,total_ms,31.992256,recorder
20260827-022806_perlmutter_5bc126dd,ours_l01_s2_trace-610042_b32_k8_isolated,isolated,ours,8,4,total_ms,31.483871,recorder
20260827-022806_perlmutter_5bc126dd,ours_l01_s2_trace-610042_b32_k8_isolated,isolated,ours,8,5,total_ms,30.795296,recorder
20260827-022806_perlmutter_5bc126dd,ours_l01_s2_trace-610042_b32_k8_isolated,isolated,ours,8,6,total_ms,33.387135,recorder
20260827-022806_perlmutter_5bc126dd,ours_l01_s2_trace-610042_b32_k8_isolated,isolated,ours,8,7,total_ms,30.429953,recorder
20260827-022806_perlmutter_5bc126dd,ours_l01_s2_trace-610042_b32_k8_isolated,isolated,ours,8,8,total_ms,36.648224,recorder
20260827-022806_perlmutter_5bc126dd,ours_l01_s2_trace-610042_b32_k8_isolated,isolated,ours,8,9,total_ms,30.632641,recorder
20260827-022806_perlmutter_5bc126dd,ours_l01_s2_trace-610042_b32_k8_isolated,isolated,ours,8,0,iso_sync_ms,24.382859,recorder
20260827-022806_perlmutter_5bc126dd,ours_l01_s2_trace-610042_b32_k8_isolated,isolated,ours,8,1,iso_sync_ms,26.299392,recorder
20260827-022806_perlmutter_5bc126dd,ours_l01_s2_trace-610042_b32_k8_isolated,isolated,ours,8,2,iso_sync_ms,24.663924,recorder
20260827-022806_perlmutter_5bc126dd,ours_l01_s2_trace-610042_b32_k8_isolated,isolated,ours,8,3,iso_sync_ms,26.063926,recorder
20260827-022806_perlmutter_5bc126dd,ours_l01_s2_trace-610042_b32_k8_isolated,isolated,ours,8,4,iso_sync_ms,25.49788,recorder
20260827-022806_perlmutter_5bc126dd,ours_l01_s2_trace-610042_b32_k8_isolated,isolated,ours,8,5,iso_sync_ms,25.263194,recorder
20260827-022806_perlmutter_5bc126dd,ours_l01_s2_trace-610042_b32_k8_isolated,isolated,ours,8,6,iso_sync_ms,24.50146,recorder
20260827-022806_perlmutter_5bc126dd,ours_l01_s2_trace-610042_b32_k8_isolated,isolated,ours,8,7,iso_sync_ms,25.640626,recorder
20260827-022806_perlmutter_5bc126dd,ours_l01_s2_trace-610042_b32_k8_isolated,isolated,ours,8,8,iso_sync_ms,24.256255,recorder
20260827-022806_perlmutter_5bc126dd,ours_l01_s2_trace-610042_b32_k8_isolated,isolated,ours,8,9,iso_sync_ms,25.154173,recorder
20260827-022806_perlmutter_5bc126dd,ours_l01_s2_trace-610042_b32_k8_isolated,isolated,ours,9,0,e2e_ms,26.436417,recorder
20260827-022806_perlmutter_5bc126dd,ours_l01_s2_trace-610042_b32_k8_isolated,isolated,ours,9,1,e2e_ms,24.946976,recorder
20260827-022806_perlmutter_5bc126dd,ours_l01_s2_trace-610042_b32_k8_isolated,isolated,ours,9,2,e2e_ms,26.22624,recorder
20260827-022806_perlmutter_5bc126dd,ours_l01_s2_trace-610042_b32_k8_isolated,isolated,ours,9,3,e2e_ms,25.463648,recorder
20260827-022806_perlmutter_5bc126dd,ours_l01_s2_trace-610042_b32_k8_isolated,isolated,ours,9,4,e2e_ms,25.055136,recorder
20260827-022806_perlmutter_5bc126dd,ours_l01_s2_trace-610042_b32_k8_isolated,isolated,ours,9,5,e2e_ms,24.502399,recorder
20260827-022806_perlmutter_5bc126dd,ours_l01_s2_trace-610042_b32_k8_isolated,isolated,ours,9,6,e2e_ms,26.072767,recorder
20260827-022806_perlmutter_5bc126dd,ours_l01_s2_trace-610042_b32_k8_isolated,isolated,ours,9,7,e2e_ms,23.950272,recorder
20260827-022806_perlmutter_5bc126dd,ours_l01_s2_trace-610042_b32_k8_isolated,isolated,ours,9,8,e2e_ms,25.506945,recorder
20260827-022806_perlmutter_5bc126dd,ours_l01_s2_trace-610042_b32_k8_isolated,isolated,ours,9,9,e2e_ms,24.239967,recorder
20260827-022806_perlmutter_5bc126dd,ours_l01_s2_trace-610042_b32_k8_isolated,isolated,ours,9,0,l0_ms,13.230496,recorder
20260827-022806_perlmutter_5bc126dd,ours_l01_s2_trace-610042_b32_k8_isolated,isolated,ours,9,1,l0_ms,11.566496,recorder
20260827-022806_perlmutter_5bc126dd,ours_l01_s2_trace-610042_b32_k8_isolated,isolated,ours,9,2,l0_ms,12.934752,recorder
20260827-022806_perlmutter_5bc126dd,ours_l01_s2_trace-610042_b32_k8_isolated,isolated,ours,9,3,l0_ms,11.224512,recorder
20260827-022806_perlmutter_5bc126dd,ours_l01_s2_trace-610042_b32_k8_isolated,isolated,ours,9,4,l0_ms,11.493152,recorder
20260827-022806_perlmutter_5bc126dd,ours_l01_s2_trace-610042_b32_k8_isolated,isolated,ours,9,5,l0_ms,10.90848,recorder
20260827-022806_perlmutter_5bc126dd,ours_l01_s2_trace-610042_b32_k8_isolated,isolated,ours,9,6,l0_ms,11.825088,recorder
20260827-022806_perlmutter_5bc126dd,ours_l01_s2_trace-610042_b32_k8_isolated,isolated,ours,9,7,l0_ms,10.37408,recorder
20260827-022806_perlmutter_5bc126dd,ours_l01_s2_trace-610042_b32_k8_isolated,isolated,ours,9,8,l0_ms,11.729216,recorder
20260827-022806_perlmutter_5bc126dd,ours_l01_s2_trace-610042_b32_k8_isolated,isolated,ours,9,9,l0_ms,10.634144,recorder
20260827-022806_perlmutter_5bc126dd,ours_l01_s2_trace-610042_b32_k8_isolated,isolated,ours,9,0,act_ms,0.112448,recorder
20260827-022806_perlmutter_5bc126dd,ours_l01_s2_trace-610042_b32_k8_isolated,isolated,ours,9,1,act_ms,0.115712,recorder
20260827-022806_perlmutter_5bc126dd,ours_l01_s2_trace-610042_b32_k8_isolated,isolated,ours,9,2,act_ms,0.112928,recorder
20260827-022806_perlmutter_5bc126dd,ours_l01_s2_trace-610042_b32_k8_isolated,isolated,ours,9,3,act_ms,0.114528,recorder
20260827-022806_perlmutter_5bc126dd,ours_l01_s2_trace-610042_b32_k8_isolated,isolated,ours,9,4,act_ms,0.1136,recorder
20260827-022806_perlmutter_5bc126dd,ours_l01_s2_trace-610042_b32_k8_isolated,isolated,ours,9,5,act_ms,0.11344,recorder
20260827-022806_perlmutter_5bc126dd,ours_l01_s2_trace-610042_b32_k8_isolated,isolated,ours,9,6,act_ms,0.113792,recorder
20260827-022806_perlmutter_5bc126dd,ours_l01_s2_trace-610042_b32_k8_isolated,isolated,ours,9,7,act_ms,0.114944,recorder
20260827-022806_perlmutter_5bc126dd,ours_l01_s2_trace-610042_b32_k8_isolated,isolated,ours,9,8,act_ms,0.112608,recorder
20260827-022806_perlmutter_5bc126dd,ours_l01_s2_trace-610042_b32_k8_isolated,isolated,ours,9,9,act_ms,0.112512,recorder
20260827-022806_perlmutter_5bc126dd,ours_l01_s2_trace-610042_b32_k8_isolated,isolated,ours,9,0,l1_ms,13.093472,recorder
20260827-022806_perlmutter_5bc126dd,ours_l01_s2_trace-610042_b32_k8_isolated,isolated,ours,9,1,l1_ms,13.264768,recorder
20260827-022806_perlmutter_5bc126dd,ours_l01_s2_trace-610042_b32_k8_isolated,isolated,ours,9,2,l1_ms,13.17856,recorder
20260827-022806_perlmutter_5bc126dd,ours_l01_s2_trace-610042_b32_k8_isolated,isolated,ours,9,3,l1_ms,14.124608,recorder
20260827-022806_perlmutter_5bc126dd,ours_l01_s2_trace-610042_b32_k8_isolated,isolated,ours,9,4,l1_ms,13.448384,recorder
20260827-022806_perlmutter_5bc126dd,ours_l01_s2_trace-610042_b32_k8_isolated,isolated,ours,9,5,l1_ms,13.48048,recorder
20260827-022806_perlmutter_5bc126dd,ours_l01_s2_trace-610042_b32_k8_isolated,isolated,ours,9,6,l1_ms,14.133888,recorder
20260827-022806_perlmutter_5bc126dd,ours_l01_s2_trace-610042_b32_k8_isolated,isolated,ours,9,7,l1_ms,13.461248,recorder
20260827-022806_perlmutter_5bc126dd,ours_l01_s2_trace-610042_b32_k8_isolated,isolated,ours,9,8,l1_ms,13.66512,recorder
20260827-022806_perlmutter_5bc126dd,ours_l01_s2_trace-610042_b32_k8_isolated,isolated,ours,9,9,l1_ms,13.493312,recorder
20260827-022806_perlmutter_5bc126dd,ours_l01_s2_trace-610042_b32_k8_isolated,isolated,ours,9,0,plan_comm_ms,0.25504,recorder
20260827-022806_perlmutter_5bc126dd,ours_l01_s2_trace-610042_b32_k8_isolated,isolated,ours,9,1,plan_comm_ms,0.19216,recorder
20260827-022806_perlmutter_5bc126dd,ours_l01_s2_trace-610042_b32_k8_isolated,isolated,ours,9,2,plan_comm_ms,0.206912,recorder
20260827-022806_perlmutter_5bc126dd,ours_l01_s2_trace-610042_b32_k8_isolated,isolated,ours,9,3,plan_comm_ms,0.356384,recorder
20260827-022806_perlmutter_5bc126dd,ours_l01_s2_trace-610042_b32_k8_isolated,isolated,ours,9,4,plan_comm_ms,0.19488,recorder
20260827-022806_perlmutter_5bc126dd,ours_l01_s2_trace-610042_b32_k8_isolated,isolated,ours,9,5,plan_comm_ms,0.207328,recorder
20260827-022806_perlmutter_5bc126dd,ours_l01_s2_trace-610042_b32_k8_isolated,isolated,ours,9,6,plan_comm_ms,0.231616,recorder
20260827-022806_perlmutter_5bc126dd,ours_l01_s2_trace-610042_b32_k8_isolated,isolated,ours,9,7,plan_comm_ms,0.21232,recorder
20260827-022806_perlmutter_5bc126dd,ours_l01_s2_trace-610042_b32_k8_isolated,isolated,ours,9,8,plan_comm_ms,3.966496,recorder
20260827-022806_perlmutter_5bc126dd,ours_l01_s2_trace-610042_b32_k8_isolated,isolated,ours,9,9,plan_comm_ms,0.514496,recorder
20260827-022806_perlmutter_5bc126dd,ours_l01_s2_trace-610042_b32_k8_isolated,isolated,ours,9,0,place_ms,3.875104,recorder
20260827-022806_perlmutter_5bc126dd,ours_l01_s2_trace-610042_b32_k8_isolated,isolated,ours,9,1,place_ms,3.844096,recorder
20260827-022806_perlmutter_5bc126dd,ours_l01_s2_trace-610042_b32_k8_isolated,isolated,ours,9,2,place_ms,3.800512,recorder
20260827-022806_perlmutter_5bc126dd,ours_l01_s2_trace-610042_b32_k8_isolated,isolated,ours,9,3,place_ms,3.834976,recorder
20260827-022806_perlmutter_5bc126dd,ours_l01_s2_trace-610042_b32_k8_isolated,isolated,ours,9,4,place_ms,3.82192,recorder
20260827-022806_perlmutter_5bc126dd,ours_l01_s2_trace-610042_b32_k8_isolated,isolated,ours,9,5,place_ms,3.83792,recorder
20260827-022806_perlmutter_5bc126dd,ours_l01_s2_trace-610042_b32_k8_isolated,isolated,ours,9,6,place_ms,3.89568,recorder
20260827-022806_perlmutter_5bc126dd,ours_l01_s2_trace-610042_b32_k8_isolated,isolated,ours,9,7,place_ms,3.94672,recorder
20260827-022806_perlmutter_5bc126dd,ours_l01_s2_trace-610042_b32_k8_isolated,isolated,ours,9,8,place_ms,3.847392,recorder
20260827-022806_perlmutter_5bc126dd,ours_l01_s2_trace-610042_b32_k8_isolated,isolated,ours,9,9,place_ms,3.839456,recorder
20260827-022806_perlmutter_5bc126dd,ours_l01_s2_trace-610042_b32_k8_isolated,isolated,ours,9,0,plan_ms,2.384416,recorder
20260827-022806_perlmutter_5bc126dd,ours_l01_s2_trace-610042_b32_k8_isolated,isolated,ours,9,1,plan_ms,2.291488,recorder
20260827-022806_perlmutter_5bc126dd,ours_l01_s2_trace-610042_b32_k8_isolated,isolated,ours,9,2,plan_ms,2.137344,recorder
20260827-022806_perlmutter_5bc126dd,ours_l01_s2_trace-610042_b32_k8_isolated,isolated,ours,9,3,plan_ms,2.344192,recorder
20260827-022806_perlmutter_5bc126dd,ours_l01_s2_trace-610042_b32_k8_isolated,isolated,ours,9,4,plan_ms,2.41072,recorder
20260827-022806_perlmutter_5bc126dd,ours_l01_s2_trace-610042_b32_k8_isolated,isolated,ours,9,5,plan_ms,2.250656,recorder
20260827-022806_perlmutter_5bc126dd,ours_l01_s2_trace-610042_b32_k8_isolated,isolated,ours,9,6,plan_ms,3.180352,recorder
20260827-022806_perlmutter_5bc126dd,ours_l01_s2_trace-610042_b32_k8_isolated,isolated,ours,9,7,plan_ms,2.353344,recorder
20260827-022806_perlmutter_5bc126dd,ours_l01_s2_trace-610042_b32_k8_isolated,isolated,ours,9,8,plan_ms,3.328064,recorder
20260827-022806_perlmutter_5bc126dd,ours_l01_s2_trace-610042_b32_k8_isolated,isolated,ours,9,9,plan_ms,2.074112,recorder
20260827-022806_perlmutter_5bc126dd,ours_l01_s2_trace-610042_b32_k8_isolated,isolated,ours,9,0,total_ms,32.953377,recorder
20260827-022806_perlmutter_5bc126dd,ours_l01_s2_trace-610042_b32_k8_isolated,isolated,ours,9,1,total_ms,31.277121,recorder
20260827-022806_perlmutter_5bc126dd,ours_l01_s2_trace-610042_b32_k8_isolated,isolated,ours,9,2,total_ms,32.373314,recorder
20260827-022806_perlmutter_5bc126dd,ours_l01_s2_trace-610042_b32_k8_isolated,isolated,ours,9,3,total_ms,32.001568,recorder
20260827-022806_perlmutter_5bc126dd,ours_l01_s2_trace-610042_b32_k8_isolated,isolated,ours,9,4,total_ms,31.484961,recorder
20260827-022806_perlmutter_5bc126dd,ours_l01_s2_trace-610042_b32_k8_isolated,isolated,ours,9,5,total_ms,30.800863,recorder
20260827-022806_perlmutter_5bc126dd,ours_l01_s2_trace-610042_b32_k8_isolated,isolated,ours,9,6,total_ms,33.382751,recorder
20260827-022806_perlmutter_5bc126dd,ours_l01_s2_trace-610042_b32_k8_isolated,isolated,ours,9,7,total_ms,30.46496,recorder
20260827-022806_perlmutter_5bc126dd,ours_l01_s2_trace-610042_b32_k8_isolated,isolated,ours,9,8,total_ms,36.651199,recorder
20260827-022806_perlmutter_5bc126dd,ours_l01_s2_trace-610042_b32_k8_isolated,isolated,ours,9,9,total_ms,30.670336,recorder
20260827-022806_perlmutter_5bc126dd,ours_l01_s2_trace-610042_b32_k8_isolated,isolated,ours,9,0,iso_sync_ms,24.342231,recorder
20260827-022806_perlmutter_5bc126dd,ours_l01_s2_trace-610042_b32_k8_isolated,isolated,ours,9,1,iso_sync_ms,26.248905,recorder
20260827-022806_perlmutter_5bc126dd,ours_l01_s2_trace-610042_b32_k8_isolated,isolated,ours,9,2,iso_sync_ms,24.624127,recorder
20260827-022806_perlmutter_5bc126dd,ours_l01_s2_trace-610042_b32_k8_isolated,isolated,ours,9,3,iso_sync_ms,26.007166,recorder
20260827-022806_perlmutter_5bc126dd,ours_l01_s2_trace-610042_b32_k8_isolated,isolated,ours,9,4,iso_sync_ms,25.458484,recorder
20260827-022806_perlmutter_5bc126dd,ours_l01_s2_trace-610042_b32_k8_isolated,isolated,ours,9,5,iso_sync_ms,25.235501,recorder
20260827-022806_perlmutter_5bc126dd,ours_l01_s2_trace-610042_b32_k8_isolated,isolated,ours,9,6,iso_sync_ms,24.474598,recorder
20260827-022806_perlmutter_5bc126dd,ours_l01_s2_trace-610042_b32_k8_isolated,isolated,ours,9,7,iso_sync_ms,25.563367,recorder
20260827-022806_perlmutter_5bc126dd,ours_l01_s2_trace-610042_b32_k8_isolated,isolated,ours,9,8,iso_sync_ms,24.221847,recorder
20260827-022806_perlmutter_5bc126dd,ours_l01_s2_trace-610042_b32_k8_isolated,isolated,ours,9,9,iso_sync_ms,25.121781,recorder
20260827-022806_perlmutter_5bc126dd,ours_l01_s2_trace-610042_b32_k8_isolated,isolated,ours,10,0,e2e_ms,26.44208,recorder
20260827-022806_perlmutter_5bc126dd,ours_l01_s2_trace-610042_b32_k8_isolated,isolated,ours,10,1,e2e_ms,24.923584,recorder
20260827-022806_perlmutter_5bc126dd,ours_l01_s2_trace-610042_b32_k8_isolated,isolated,ours,10,2,e2e_ms,26.224096,recorder
20260827-022806_perlmutter_5bc126dd,ours_l01_s2_trace-610042_b32_k8_isolated,isolated,ours,10,3,e2e_ms,25.446112,recorder
20260827-022806_perlmutter_5bc126dd,ours_l01_s2_trace-610042_b32_k8_isolated,isolated,ours,10,4,e2e_ms,25.038849,recorder
20260827-022806_perlmutter_5bc126dd,ours_l01_s2_trace-610042_b32_k8_isolated,isolated,ours,10,5,e2e_ms,24.483135,recorder
20260827-022806_perlmutter_5bc126dd,ours_l01_s2_trace-610042_b32_k8_isolated,isolated,ours,10,6,e2e_ms,26.075487,recorder
20260827-022806_perlmutter_5bc126dd,ours_l01_s2_trace-610042_b32_k8_isolated,isolated,ours,10,7,e2e_ms,23.965025,recorder
20260827-022806_perlmutter_5bc126dd,ours_l01_s2_trace-610042_b32_k8_isolated,isolated,ours,10,8,e2e_ms,25.481695,recorder
20260827-022806_perlmutter_5bc126dd,ours_l01_s2_trace-610042_b32_k8_isolated,isolated,ours,10,9,e2e_ms,24.236288,recorder
20260827-022806_perlmutter_5bc126dd,ours_l01_s2_trace-610042_b32_k8_isolated,isolated,ours,10,0,l0_ms,13.203136,recorder
20260827-022806_perlmutter_5bc126dd,ours_l01_s2_trace-610042_b32_k8_isolated,isolated,ours,10,1,l0_ms,11.541312,recorder
20260827-022806_perlmutter_5bc126dd,ours_l01_s2_trace-610042_b32_k8_isolated,isolated,ours,10,2,l0_ms,12.932864,recorder
20260827-022806_perlmutter_5bc126dd,ours_l01_s2_trace-610042_b32_k8_isolated,isolated,ours,10,3,l0_ms,11.213984,recorder
20260827-022806_perlmutter_5bc126dd,ours_l01_s2_trace-610042_b32_k8_isolated,isolated,ours,10,4,l0_ms,11.466976,recorder
20260827-022806_perlmutter_5bc126dd,ours_l01_s2_trace-610042_b32_k8_isolated,isolated,ours,10,5,l0_ms,10.901504,recorder
20260827-022806_perlmutter_5bc126dd,ours_l01_s2_trace-610042_b32_k8_isolated,isolated,ours,10,6,l0_ms,11.824672,recorder
20260827-022806_perlmutter_5bc126dd,ours_l01_s2_trace-610042_b32_k8_isolated,isolated,ours,10,7,l0_ms,10.35824,recorder
20260827-022806_perlmutter_5bc126dd,ours_l01_s2_trace-610042_b32_k8_isolated,isolated,ours,10,8,l0_ms,11.69648,recorder
20260827-022806_perlmutter_5bc126dd,ours_l01_s2_trace-610042_b32_k8_isolated,isolated,ours,10,9,l0_ms,10.597088,recorder
20260827-022806_perlmutter_5bc126dd,ours_l01_s2_trace-610042_b32_k8_isolated,isolated,ours,10,0,act_ms,0.114752,recorder
20260827-022806_perlmutter_5bc126dd,ours_l01_s2_trace-610042_b32_k8_isolated,isolated,ours,10,1,act_ms,0.110624,recorder
20260827-022806_perlmutter_5bc126dd,ours_l01_s2_trace-610042_b32_k8_isolated,isolated,ours,10,2,act_ms,0.110528,recorder
20260827-022806_perlmutter_5bc126dd,ours_l01_s2_trace-610042_b32_k8_isolated,isolated,ours,10,3,act_ms,0.10992,recorder
20260827-022806_perlmutter_5bc126dd,ours_l01_s2_trace-610042_b32_k8_isolated,isolated,ours,10,4,act_ms,0.111808,recorder
20260827-022806_perlmutter_5bc126dd,ours_l01_s2_trace-610042_b32_k8_isolated,isolated,ours,10,5,act_ms,0.114336,recorder
20260827-022806_perlmutter_5bc126dd,ours_l01_s2_trace-610042_b32_k8_isolated,isolated,ours,10,6,act_ms,0.112512,recorder
20260827-022806_perlmutter_5bc126dd,ours_l01_s2_trace-610042_b32_k8_isolated,isolated,ours,10,7,act_ms,0.114208,recorder
20260827-022806_perlmutter_5bc126dd,ours_l01_s2_trace-610042_b32_k8_isolated,isolated,ours,10,8,act_ms,0.111968,recorder
20260827-022806_perlmutter_5bc126dd,ours_l01_s2_trace-610042_b32_k8_isolated,isolated,ours,10,9,act_ms,0.11376,recorder
20260827-022806_perlmutter_5bc126dd,ours_l01_s2_trace-610042_b32_k8_isolated,isolated,ours,10,0,l1_ms,13.124192,recorder
20260827-022806_perlmutter_5bc126dd,ours_l01_s2_trace-610042_b32_k8_isolated,isolated,ours,10,1,l1_ms,13.271648,recorder
20260827-022806_perlmutter_5bc126dd,ours_l01_s2_trace-610042_b32_k8_isolated,isolated,ours,10,2,l1_ms,13.180704,recorder
20260827-022806_perlmutter_5bc126dd,ours_l01_s2_trace-610042_b32_k8_isolated,isolated,ours,10,3,l1_ms,14.122208,recorder
20260827-022806_perlmutter_5bc126dd,ours_l01_s2_trace-610042_b32_k8_isolated,isolated,ours,10,4,l1_ms,13.460064,recorder
20260827-022806_perlmutter_5bc126dd,ours_l01_s2_trace-610042_b32_k8_isolated,isolated,ours,10,5,l1_ms,13.467296,recorder
20260827-022806_perlmutter_5bc126dd,ours_l01_s2_trace-610042_b32_k8_isolated,isolated,ours,10,6,l1_ms,14.138304,recorder
20260827-022806_perlmutter_5bc126dd,ours_l01_s2_trace-610042_b32_k8_isolated,isolated,ours,10,7,l1_ms,13.492576,recorder
20260827-022806_perlmutter_5bc126dd,ours_l01_s2_trace-610042_b32_k8_isolated,isolated,ours,10,8,l1_ms,13.673248,recorder
20260827-022806_perlmutter_5bc126dd,ours_l01_s2_trace-610042_b32_k8_isolated,isolated,ours,10,9,l1_ms,13.52544,recorder
20260827-022806_perlmutter_5bc126dd,ours_l01_s2_trace-610042_b32_k8_isolated,isolated,ours,10,0,plan_comm_ms,0.258816,recorder
20260827-022806_perlmutter_5bc126dd,ours_l01_s2_trace-610042_b32_k8_isolated,isolated,ours,10,1,plan_comm_ms,0.189792,recorder
20260827-022806_perlmutter_5bc126dd,ours_l01_s2_trace-610042_b32_k8_isolated,isolated,ours,10,2,plan_comm_ms,0.18928,recorder
20260827-022806_perlmutter_5bc126dd,ours_l01_s2_trace-610042_b32_k8_isolated,isolated,ours,10,3,plan_comm_ms,0.35312,recorder
20260827-022806_perlmutter_5bc126dd,ours_l01_s2_trace-610042_b32_k8_isolated,isolated,ours,10,4,plan_comm_ms,0.193472,recorder
20260827-022806_perlmutter_5bc126dd,ours_l01_s2_trace-610042_b32_k8_isolated,isolated,ours,10,5,plan_comm_ms,0.207968,recorder
20260827-022806_perlmutter_5bc126dd,ours_l01_s2_trace-610042_b32_k8_isolated,isolated,ours,10,6,plan_comm_ms,0.234304,recorder
20260827-022806_perlmutter_5bc126dd,ours_l01_s2_trace-610042_b32_k8_isolated,isolated,ours,10,7,plan_comm_ms,0.209056,recorder
20260827-022806_perlmutter_5bc126dd,ours_l01_s2_trace-610042_b32_k8_isolated,isolated,ours,10,8,plan_comm_ms,3.968352,recorder
20260827-022806_perlmutter_5bc126dd,ours_l01_s2_trace-610042_b32_k8_isolated,isolated,ours,10,9,plan_comm_ms,0.5136,recorder
20260827-022806_perlmutter_5bc126dd,ours_l01_s2_trace-610042_b32_k8_isolated,isolated,ours,10,0,place_ms,3.833056,recorder
20260827-022806_perlmutter_5bc126dd,ours_l01_s2_trace-610042_b32_k8_isolated,isolated,ours,10,1,place_ms,3.826016,recorder
20260827-022806_perlmutter_5bc126dd,ours_l01_s2_trace-610042_b32_k8_isolated,isolated,ours,10,2,place_ms,3.834048,recorder
20260827-022806_perlmutter_5bc126dd,ours_l01_s2_trace-610042_b32_k8_isolated,isolated,ours,10,3,place_ms,3.818208,recorder
20260827-022806_perlmutter_5bc126dd,ours_l01_s2_trace-610042_b32_k8_isolated,isolated,ours,10,4,place_ms,3.800768,recorder
20260827-022806_perlmutter_5bc126dd,ours_l01_s2_trace-610042_b32_k8_isolated,isolated,ours,10,5,place_ms,3.809792,recorder
20260827-022806_perlmutter_5bc126dd,ours_l01_s2_trace-610042_b32_k8_isolated,isolated,ours,10,6,place_ms,3.877632,recorder
20260827-022806_perlmutter_5bc126dd,ours_l01_s2_trace-610042_b32_k8_isolated,isolated,ours,10,7,place_ms,3.982912,recorder
20260827-022806_perlmutter_5bc126dd,ours_l01_s2_trace-610042_b32_k8_isolated,isolated,ours,10,8,place_ms,3.840608,recorder
20260827-022806_perlmutter_5bc126dd,ours_l01_s2_trace-610042_b32_k8_isolated,isolated,ours,10,9,place_ms,3.882368,recorder
20260827-022806_perlmutter_5bc126dd,ours_l01_s2_trace-610042_b32_k8_isolated,isolated,ours,10,0,plan_ms,2.447776,recorder
20260827-022806_perlmutter_5bc126dd,ours_l01_s2_trace-610042_b32_k8_isolated,isolated,ours,10,1,plan_ms,2.33584,recorder
20260827-022806_perlmutter_5bc126dd,ours_l01_s2_trace-610042_b32_k8_isolated,isolated,ours,10,2,plan_ms,2.12352,recorder
20260827-022806_perlmutter_5bc126dd,ours_l01_s2_trace-610042_b32_k8_isolated,isolated,ours,10,3,plan_ms,2.379648,recorder
20260827-022806_perlmutter_5bc126dd,ours_l01_s2_trace-610042_b32_k8_isolated,isolated,ours,10,4,plan_ms,2.45248,recorder
20260827-022806_perlmutter_5bc126dd,ours_l01_s2_trace-610042_b32_k8_isolated,isolated,ours,10,5,plan_ms,2.300448,recorder
20260827-022806_perlmutter_5bc126dd,ours_l01_s2_trace-610042_b32_k8_isolated,isolated,ours,10,6,plan_ms,3.197568,recorder
20260827-022806_perlmutter_5bc126dd,ours_l01_s2_trace-610042_b32_k8_isolated,isolated,ours,10,7,plan_ms,2.336928,recorder
20260827-022806_perlmutter_5bc126dd,ours_l01_s2_trace-610042_b32_k8_isolated,isolated,ours,10,8,plan_ms,3.367872,recorder
20260827-022806_perlmutter_5bc126dd,ours_l01_s2_trace-610042_b32_k8_isolated,isolated,ours,10,9,plan_ms,2.068352,recorder
20260827-022806_perlmutter_5bc126dd,ours_l01_s2_trace-610042_b32_k8_isolated,isolated,ours,10,0,total_ms,32.984097,recorder
20260827-022806_perlmutter_5bc126dd,ours_l01_s2_trace-610042_b32_k8_isolated,isolated,ours,10,1,total_ms,31.277569,recorder
20260827-022806_perlmutter_5bc126dd,ours_l01_s2_trace-610042_b32_k8_isolated,isolated,ours,10,2,total_ms,32.373314,recorder
20260827-022806_perlmutter_5bc126dd,ours_l01_s2_trace-610042_b32_k8_isolated,isolated,ours,10,3,total_ms,31.999424,recorder
20260827-022806_perlmutter_5bc126dd,ours_l01_s2_trace-610042_b32_k8_isolated,isolated,ours,10,4,total_ms,31.487936,recorder
20260827-022806_perlmutter_5bc126dd,ours_l01_s2_trace-610042_b32_k8_isolated,isolated,ours,10,5,total_ms,30.803713,recorder
20260827-022806_perlmutter_5bc126dd,ours_l01_s2_trace-610042_b32_k8_isolated,isolated,ours,10,6,total_ms,33.38736,recorder
20260827-022806_perlmutter_5bc126dd,ours_l01_s2_trace-610042_b32_k8_isolated,isolated,ours,10,7,total_ms,30.496288,recorder
20260827-022806_perlmutter_5bc126dd,ours_l01_s2_trace-610042_b32_k8_isolated,isolated,ours,10,8,total_ms,36.660896,recorder
20260827-022806_perlmutter_5bc126dd,ours_l01_s2_trace-610042_b32_k8_isolated,isolated,ours,10,9,total_ms,30.702976,recorder
20260827-022806_perlmutter_5bc126dd,ours_l01_s2_trace-610042_b32_k8_isolated,isolated,ours,10,0,iso_sync_ms,24.332552,recorder
20260827-022806_perlmutter_5bc126dd,ours_l01_s2_trace-610042_b32_k8_isolated,isolated,ours,10,1,iso_sync_ms,26.219828,recorder
20260827-022806_perlmutter_5bc126dd,ours_l01_s2_trace-610042_b32_k8_isolated,isolated,ours,10,2,iso_sync_ms,24.602535,recorder
20260827-022806_perlmutter_5bc126dd,ours_l01_s2_trace-610042_b32_k8_isolated,isolated,ours,10,3,iso_sync_ms,26.002448,recorder
20260827-022806_perlmutter_5bc126dd,ours_l01_s2_trace-610042_b32_k8_isolated,isolated,ours,10,4,iso_sync_ms,25.419518,recorder
20260827-022806_perlmutter_5bc126dd,ours_l01_s2_trace-610042_b32_k8_isolated,isolated,ours,10,5,iso_sync_ms,25.192748,recorder
20260827-022806_perlmutter_5bc126dd,ours_l01_s2_trace-610042_b32_k8_isolated,isolated,ours,10,6,iso_sync_ms,24.437526,recorder
20260827-022806_perlmutter_5bc126dd,ours_l01_s2_trace-610042_b32_k8_isolated,isolated,ours,10,7,iso_sync_ms,25.586451,recorder
20260827-022806_perlmutter_5bc126dd,ours_l01_s2_trace-610042_b32_k8_isolated,isolated,ours,10,8,iso_sync_ms,24.184956,recorder
20260827-022806_perlmutter_5bc126dd,ours_l01_s2_trace-610042_b32_k8_isolated,isolated,ours,10,9,iso_sync_ms,25.081493,recorder
20260827-022806_perlmutter_5bc126dd,ours_l01_s2_trace-610042_b32_k8_isolated,isolated,ours,11,0,e2e_ms,26.491009,recorder
20260827-022806_perlmutter_5bc126dd,ours_l01_s2_trace-610042_b32_k8_isolated,isolated,ours,11,1,e2e_ms,24.937536,recorder
20260827-022806_perlmutter_5bc126dd,ours_l01_s2_trace-610042_b32_k8_isolated,isolated,ours,11,2,e2e_ms,26.237888,recorder
20260827-022806_perlmutter_5bc126dd,ours_l01_s2_trace-610042_b32_k8_isolated,isolated,ours,11,3,e2e_ms,25.449921,recorder
20260827-022806_perlmutter_5bc126dd,ours_l01_s2_trace-610042_b32_k8_isolated,isolated,ours,11,4,e2e_ms,25.042944,recorder
20260827-022806_perlmutter_5bc126dd,ours_l01_s2_trace-610042_b32_k8_isolated,isolated,ours,11,5,e2e_ms,24.34944,recorder
20260827-022806_perlmutter_5bc126dd,ours_l01_s2_trace-610042_b32_k8_isolated,isolated,ours,11,6,e2e_ms,25.923008,recorder
20260827-022806_perlmutter_5bc126dd,ours_l01_s2_trace-610042_b32_k8_isolated,isolated,ours,11,7,e2e_ms,23.977184,recorder
20260827-022806_perlmutter_5bc126dd,ours_l01_s2_trace-610042_b32_k8_isolated,isolated,ours,11,8,e2e_ms,25.508415,recorder
20260827-022806_perlmutter_5bc126dd,ours_l01_s2_trace-610042_b32_k8_isolated,isolated,ours,11,9,e2e_ms,24.279873,recorder
20260827-022806_perlmutter_5bc126dd,ours_l01_s2_trace-610042_b32_k8_isolated,isolated,ours,11,0,l0_ms,13.253216,recorder
20260827-022806_perlmutter_5bc126dd,ours_l01_s2_trace-610042_b32_k8_isolated,isolated,ours,11,1,l0_ms,11.554912,recorder
20260827-022806_perlmutter_5bc126dd,ours_l01_s2_trace-610042_b32_k8_isolated,isolated,ours,11,2,l0_ms,12.949088,recorder
20260827-022806_perlmutter_5bc126dd,ours_l01_s2_trace-610042_b32_k8_isolated,isolated,ours,11,3,l0_ms,11.213568,recorder
20260827-022806_perlmutter_5bc126dd,ours_l01_s2_trace-610042_b32_k8_isolated,isolated,ours,11,4,l0_ms,11.482144,recorder
20260827-022806_perlmutter_5bc126dd,ours_l01_s2_trace-610042_b32_k8_isolated,isolated,ours,11,5,l0_ms,10.9224,recorder
20260827-022806_perlmutter_5bc126dd,ours_l01_s2_trace-610042_b32_k8_isolated,isolated,ours,11,6,l0_ms,11.827424,recorder
20260827-022806_perlmutter_5bc126dd,ours_l01_s2_trace-610042_b32_k8_isolated,isolated,ours,11,7,l0_ms,10.371264,recorder
20260827-022806_perlmutter_5bc126dd,ours_l01_s2_trace-610042_b32_k8_isolated,isolated,ours,11,8,l0_ms,11.73552,recorder
20260827-022806_perlmutter_5bc126dd,ours_l01_s2_trace-610042_b32_k8_isolated,isolated,ours,11,9,l0_ms,10.641888,recorder
20260827-022806_perlmutter_5bc126dd,ours_l01_s2_trace-610042_b32_k8_isolated,isolated,ours,11,0,act_ms,0.11184,recorder
20260827-022806_perlmutter_5bc126dd,ours_l01_s2_trace-610042_b32_k8_isolated,isolated,ours,11,1,act_ms,0.109664,recorder
20260827-022806_perlmutter_5bc126dd,ours_l01_s2_trace-610042_b32_k8_isolated,isolated,ours,11,2,act_ms,0.112352,recorder
20260827-022806_perlmutter_5bc126dd,ours_l01_s2_trace-610042_b32_k8_isolated,isolated,ours,11,3,act_ms,0.109856,recorder
20260827-022806_perlmutter_5bc126dd,ours_l01_s2_trace-610042_b32_k8_isolated,isolated,ours,11,4,act_ms,0.109984,recorder
20260827-022806_perlmutter_5bc126dd,ours_l01_s2_trace-610042_b32_k8_isolated,isolated,ours,11,5,act_ms,0.112384,recorder
20260827-022806_perlmutter_5bc126dd,ours_l01_s2_trace-610042_b32_k8_isolated,isolated,ours,11,6,act_ms,0.111968,recorder
20260827-022806_perlmutter_5bc126dd,ours_l01_s2_trace-610042_b32_k8_isolated,isolated,ours,11,7,act_ms,0.111136,recorder
20260827-022806_perlmutter_5bc126dd,ours_l01_s2_trace-610042_b32_k8_isolated,isolated,ours,11,8,act_ms,0.111616,recorder
20260827-022806_perlmutter_5bc126dd,ours_l01_s2_trace-610042_b32_k8_isolated,isolated,ours,11,9,act_ms,0.111136,recorder
20260827-022806_perlmutter_5bc126dd,ours_l01_s2_trace-610042_b32_k8_isolated,isolated,ours,11,0,l1_ms,13.125952,recorder
20260827-022806_perlmutter_5bc126dd,ours_l01_s2_trace-610042_b32_k8_isolated,isolated,ours,11,1,l1_ms,13.27296,recorder
20260827-022806_perlmutter_5bc126dd,ours_l01_s2_trace-610042_b32_k8_isolated,isolated,ours,11,2,l1_ms,13.176448,recorder
20260827-022806_perlmutter_5bc126dd,ours_l01_s2_trace-610042_b32_k8_isolated,isolated,ours,11,3,l1_ms,14.126496,recorder
20260827-022806_perlmutter_5bc126dd,ours_l01_s2_trace-610042_b32_k8_isolated,isolated,ours,11,4,l1_ms,13.450816,recorder
20260827-022806_perlmutter_5bc126dd,ours_l01_s2_trace-610042_b32_k8_isolated,isolated,ours,11,5,l1_ms,13.314656,recorder
20260827-022806_perlmutter_5bc126dd,ours_l01_s2_trace-610042_b32_k8_isolated,isolated,ours,11,6,l1_ms,13.983616,recorder
20260827-022806_perlmutter_5bc126dd,ours_l01_s2_trace-610042_b32_k8_isolated,isolated,ours,11,7,l1_ms,13.494784,recorder
20260827-022806_perlmutter_5bc126dd,ours_l01_s2_trace-610042_b32_k8_isolated,isolated,ours,11,8,l1_ms,13.66128,recorder
20260827-022806_perlmutter_5bc126dd,ours_l01_s2_trace-610042_b32_k8_isolated,isolated,ours,11,9,l1_ms,13.526848,recorder
20260827-022806_perlmutter_5bc126dd,ours_l01_s2_trace-610042_b32_k8_isolated,isolated,ours,11,0,plan_comm_ms,0.254752,recorder
20260827-022806_perlmutter_5bc126dd,ours_l01_s2_trace-610042_b32_k8_isolated,isolated,ours,11,1,plan_comm_ms,0.1832,recorder
20260827-022806_perlmutter_5bc126dd,ours_l01_s2_trace-610042_b32_k8_isolated,isolated,ours,11,2,plan_comm_ms,0.187968,recorder
20260827-022806_perlmutter_5bc126dd,ours_l01_s2_trace-610042_b32_k8_isolated,isolated,ours,11,3,plan_comm_ms,0.347104,recorder
20260827-022806_perlmutter_5bc126dd,ours_l01_s2_trace-610042_b32_k8_isolated,isolated,ours,11,4,plan_comm_ms,0.190464,recorder
20260827-022806_perlmutter_5bc126dd,ours_l01_s2_trace-610042_b32_k8_isolated,isolated,ours,11,5,plan_comm_ms,0.20992,recorder
20260827-022806_perlmutter_5bc126dd,ours_l01_s2_trace-610042_b32_k8_isolated,isolated,ours,11,6,plan_comm_ms,0.225088,recorder
20260827-022806_perlmutter_5bc126dd,ours_l01_s2_trace-610042_b32_k8_isolated,isolated,ours,11,7,plan_comm_ms,0.202144,recorder
20260827-022806_perlmutter_5bc126dd,ours_l01_s2_trace-610042_b32_k8_isolated,isolated,ours,11,8,plan_comm_ms,3.963584,recorder
20260827-022806_perlmutter_5bc126dd,ours_l01_s2_trace-610042_b32_k8_isolated,isolated,ours,11,9,plan_comm_ms,0.51152,recorder
20260827-022806_perlmutter_5bc126dd,ours_l01_s2_trace-610042_b32_k8_isolated,isolated,ours,11,0,place_ms,3.886688,recorder
20260827-022806_perlmutter_5bc126dd,ours_l01_s2_trace-610042_b32_k8_isolated,isolated,ours,11,1,place_ms,3.897344,recorder
20260827-022806_perlmutter_5bc126dd,ours_l01_s2_trace-610042_b32_k8_isolated,isolated,ours,11,2,place_ms,3.882464,recorder
20260827-022806_perlmutter_5bc126dd,ours_l01_s2_trace-610042_b32_k8_isolated,isolated,ours,11,3,place_ms,3.918912,recorder
20260827-022806_perlmutter_5bc126dd,ours_l01_s2_trace-610042_b32_k8_isolated,isolated,ours,11,4,place_ms,3.855168,recorder
20260827-022806_perlmutter_5bc126dd,ours_l01_s2_trace-610042_b32_k8_isolated,isolated,ours,11,5,place_ms,3.902976,recorder
20260827-022806_perlmutter_5bc126dd,ours_l01_s2_trace-610042_b32_k8_isolated,isolated,ours,11,6,place_ms,3.953216,recorder
20260827-022806_perlmutter_5bc126dd,ours_l01_s2_trace-610042_b32_k8_isolated,isolated,ours,11,7,place_ms,3.998432,recorder
20260827-022806_perlmutter_5bc126dd,ours_l01_s2_trace-610042_b32_k8_isolated,isolated,ours,11,8,place_ms,3.875392,recorder
20260827-022806_perlmutter_5bc126dd,ours_l01_s2_trace-610042_b32_k8_isolated,isolated,ours,11,9,place_ms,3.893824,recorder
20260827-022806_perlmutter_5bc126dd,ours_l01_s2_trace-610042_b32_k8_isolated,isolated,ours,11,0,plan_ms,2.354816,recorder
20260827-022806_perlmutter_5bc126dd,ours_l01_s2_trace-610042_b32_k8_isolated,isolated,ours,11,1,plan_ms,2.26512,recorder
20260827-022806_perlmutter_5bc126dd,ours_l01_s2_trace-610042_b32_k8_isolated,isolated,ours,11,2,plan_ms,2.06864,recorder
20260827-022806_perlmutter_5bc126dd,ours_l01_s2_trace-610042_b32_k8_isolated,isolated,ours,11,3,plan_ms,2.293856,recorder
20260827-022806_perlmutter_5bc126dd,ours_l01_s2_trace-610042_b32_k8_isolated,isolated,ours,11,4,plan_ms,2.400064,recorder
20260827-022806_perlmutter_5bc126dd,ours_l01_s2_trace-610042_b32_k8_isolated,isolated,ours,11,5,plan_ms,2.1936,recorder
20260827-022806_perlmutter_5bc126dd,ours_l01_s2_trace-610042_b32_k8_isolated,isolated,ours,11,6,plan_ms,3.134368,recorder
20260827-022806_perlmutter_5bc126dd,ours_l01_s2_trace-610042_b32_k8_isolated,isolated,ours,11,7,plan_ms,2.32192,recorder
20260827-022806_perlmutter_5bc126dd,ours_l01_s2_trace-610042_b32_k8_isolated,isolated,ours,11,8,plan_ms,3.302784,recorder
20260827-022806_perlmutter_5bc126dd,ours_l01_s2_trace-610042_b32_k8_isolated,isolated,ours,11,9,plan_ms,2.020224,recorder
20260827-022806_perlmutter_5bc126dd,ours_l01_s2_trace-610042_b32_k8_isolated,isolated,ours,11,0,total_ms,32.989601,recorder
20260827-022806_perlmutter_5bc126dd,ours_l01_s2_trace-610042_b32_k8_isolated,isolated,ours,11,1,total_ms,31.285536,recorder
20260827-022806_perlmutter_5bc126dd,ours_l01_s2_trace-610042_b32_k8_isolated,isolated,ours,11,2,total_ms,32.379295,recorder
20260827-022806_perlmutter_5bc126dd,ours_l01_s2_trace-610042_b32_k8_isolated,isolated,ours,11,3,total_ms,32.012287,recorder
20260827-022806_perlmutter_5bc126dd,ours_l01_s2_trace-610042_b32_k8_isolated,isolated,ours,11,4,total_ms,31.490976,recorder
20260827-022806_perlmutter_5bc126dd,ours_l01_s2_trace-610042_b32_k8_isolated,isolated,ours,11,5,total_ms,30.658848,recorder
20260827-022806_perlmutter_5bc126dd,ours_l01_s2_trace-610042_b32_k8_isolated,isolated,ours,11,6,total_ms,33.238014,recorder
20260827-022806_perlmutter_5bc126dd,ours_l01_s2_trace-610042_b32_k8_isolated,isolated,ours,11,7,total_ms,30.501984,recorder
20260827-022806_perlmutter_5bc126dd,ours_l01_s2_trace-610042_b32_k8_isolated,isolated,ours,11,8,total_ms,36.652512,recorder
20260827-022806_perlmutter_5bc126dd,ours_l01_s2_trace-610042_b32_k8_isolated,isolated,ours,11,9,total_ms,30.707745,recorder
20260827-022806_perlmutter_5bc126dd,ours_l01_s2_trace-610042_b32_k8_isolated,isolated,ours,11,0,iso_sync_ms,24.345247,recorder
20260827-022806_perlmutter_5bc126dd,ours_l01_s2_trace-610042_b32_k8_isolated,isolated,ours,11,1,iso_sync_ms,26.288471,recorder
20260827-022806_perlmutter_5bc126dd,ours_l01_s2_trace-610042_b32_k8_isolated,isolated,ours,11,2,iso_sync_ms,24.619528,recorder
20260827-022806_perlmutter_5bc126dd,ours_l01_s2_trace-610042_b32_k8_isolated,isolated,ours,11,3,iso_sync_ms,26.005523,recorder
20260827-022806_perlmutter_5bc126dd,ours_l01_s2_trace-610042_b32_k8_isolated,isolated,ours,11,4,iso_sync_ms,25.438715,recorder
20260827-022806_perlmutter_5bc126dd,ours_l01_s2_trace-610042_b32_k8_isolated,isolated,ours,11,5,iso_sync_ms,25.212707,recorder
20260827-022806_perlmutter_5bc126dd,ours_l01_s2_trace-610042_b32_k8_isolated,isolated,ours,11,6,iso_sync_ms,24.464307,recorder
20260827-022806_perlmutter_5bc126dd,ours_l01_s2_trace-610042_b32_k8_isolated,isolated,ours,11,7,iso_sync_ms,25.614956,recorder
20260827-022806_perlmutter_5bc126dd,ours_l01_s2_trace-610042_b32_k8_isolated,isolated,ours,11,8,iso_sync_ms,24.215055,recorder
20260827-022806_perlmutter_5bc126dd,ours_l01_s2_trace-610042_b32_k8_isolated,isolated,ours,11,9,iso_sync_ms,25.118614,recorder
20260827-022806_perlmutter_5bc126dd,ours_l01_s2_trace-610042_b32_k8_isolated,isolated,ours,12,0,e2e_ms,26.373152,recorder
20260827-022806_perlmutter_5bc126dd,ours_l01_s2_trace-610042_b32_k8_isolated,isolated,ours,12,1,e2e_ms,24.85104,recorder
20260827-022806_perlmutter_5bc126dd,ours_l01_s2_trace-610042_b32_k8_isolated,isolated,ours,12,2,e2e_ms,26.091328,recorder
20260827-022806_perlmutter_5bc126dd,ours_l01_s2_trace-610042_b32_k8_isolated,isolated,ours,12,3,e2e_ms,25.285889,recorder
20260827-022806_perlmutter_5bc126dd,ours_l01_s2_trace-610042_b32_k8_isolated,isolated,ours,12,4,e2e_ms,25.059839,recorder
20260827-022806_perlmutter_5bc126dd,ours_l01_s2_trace-610042_b32_k8_isolated,isolated,ours,12,5,e2e_ms,24.2656,recorder
20260827-022806_perlmutter_5bc126dd,ours_l01_s2_trace-610042_b32_k8_isolated,isolated,ours,12,6,e2e_ms,25.938368,recorder
20260827-022806_perlmutter_5bc126dd,ours_l01_s2_trace-610042_b32_k8_isolated,isolated,ours,12,7,e2e_ms,23.968256,recorder
20260827-022806_perlmutter_5bc126dd,ours_l01_s2_trace-610042_b32_k8_isolated,isolated,ours,12,8,e2e_ms,25.470753,recorder
20260827-022806_perlmutter_5bc126dd,ours_l01_s2_trace-610042_b32_k8_isolated,isolated,ours,12,9,e2e_ms,24.273409,recorder
20260827-022806_perlmutter_5bc126dd,ours_l01_s2_trace-610042_b32_k8_isolated,isolated,ours,12,0,l0_ms,12.958048,recorder
20260827-022806_perlmutter_5bc126dd,ours_l01_s2_trace-610042_b32_k8_isolated,isolated,ours,12,1,l0_ms,11.551264,recorder
20260827-022806_perlmutter_5bc126dd,ours_l01_s2_trace-610042_b32_k8_isolated,isolated,ours,12,2,l0_ms,12.799584,recorder
20260827-022806_perlmutter_5bc126dd,ours_l01_s2_trace-610042_b32_k8_isolated,isolated,ours,12,3,l0_ms,11.050304,recorder
20260827-022806_perlmutter_5bc126dd,ours_l01_s2_trace-610042_b32_k8_isolated,isolated,ours,12,4,l0_ms,11.312768,recorder
20260827-022806_perlmutter_5bc126dd,ours_l01_s2_trace-610042_b32_k8_isolated,isolated,ours,12,5,l0_ms,10.802016,recorder
20260827-022806_perlmutter_5bc126dd,ours_l01_s2_trace-610042_b32_k8_isolated,isolated,ours,12,6,l0_ms,11.653568,recorder
20260827-022806_perlmutter_5bc126dd,ours_l01_s2_trace-610042_b32_k8_isolated,isolated,ours,12,7,l0_ms,10.309504,recorder
20260827-022806_perlmutter_5bc126dd,ours_l01_s2_trace-610042_b32_k8_isolated,isolated,ours,12,8,l0_ms,11.706304,recorder
20260827-022806_perlmutter_5bc126dd,ours_l01_s2_trace-610042_b32_k8_isolated,isolated,ours,12,9,l0_ms,10.631616,recorder
20260827-022806_perlmutter_5bc126dd,ours_l01_s2_trace-610042_b32_k8_isolated,isolated,ours,12,0,act_ms,0.141824,recorder
20260827-022806_perlmutter_5bc126dd,ours_l01_s2_trace-610042_b32_k8_isolated,isolated,ours,12,1,act_ms,0.14064,recorder
20260827-022806_perlmutter_5bc126dd,ours_l01_s2_trace-610042_b32_k8_isolated,isolated,ours,12,2,act_ms,0.141856,recorder
20260827-022806_perlmutter_5bc126dd,ours_l01_s2_trace-610042_b32_k8_isolated,isolated,ours,12,3,act_ms,0.14192,recorder
20260827-022806_perlmutter_5bc126dd,ours_l01_s2_trace-610042_b32_k8_isolated,isolated,ours,12,4,act_ms,0.141888,recorder
20260827-022806_perlmutter_5bc126dd,ours_l01_s2_trace-610042_b32_k8_isolated,isolated,ours,12,5,act_ms,0.141824,recorder
20260827-022806_perlmutter_5bc126dd,ours_l01_s2_trace-610042_b32_k8_isolated,isolated,ours,12,6,act_ms,0.142144,recorder
20260827-022806_perlmutter_5bc126dd,ours_l01_s2_trace-610042_b32_k8_isolated,isolated,ours,12,7,act_ms,0.142848,recorder
20260827-022806_perlmutter_5bc126dd,ours_l01_s2_trace-610042_b32_k8_isolated,isolated,ours,12,8,act_ms,0.14208,recorder
20260827-022806_perlmutter_5bc126dd,ours_l01_s2_trace-610042_b32_k8_isolated,isolated,ours,12,9,act_ms,0.14288,recorder
20260827-022806_perlmutter_5bc126dd,ours_l01_s2_trace-610042_b32_k8_isolated,isolated,ours,12,0,l1_ms,13.27328,recorder
20260827-022806_perlmutter_5bc126dd,ours_l01_s2_trace-610042_b32_k8_isolated,isolated,ours,12,1,l1_ms,13.159136,recorder
20260827-022806_perlmutter_5bc126dd,ours_l01_s2_trace-610042_b32_k8_isolated,isolated,ours,12,2,l1_ms,13.149888,recorder
20260827-022806_perlmutter_5bc126dd,ours_l01_s2_trace-610042_b32_k8_isolated,isolated,ours,12,3,l1_ms,14.093664,recorder
20260827-022806_perlmutter_5bc126dd,ours_l01_s2_trace-610042_b32_k8_isolated,isolated,ours,12,4,l1_ms,13.605184,recorder
20260827-022806_perlmutter_5bc126dd,ours_l01_s2_trace-610042_b32_k8_isolated,isolated,ours,12,5,l1_ms,13.32176,recorder
20260827-022806_perlmutter_5bc126dd,ours_l01_s2_trace-610042_b32_k8_isolated,isolated,ours,12,6,l1_ms,14.142656,recorder
20260827-022806_perlmutter_5bc126dd,ours_l01_s2_trace-610042_b32_k8_isolated,isolated,ours,12,7,l1_ms,13.515904,recorder
20260827-022806_perlmutter_5bc126dd,ours_l01_s2_trace-610042_b32_k8_isolated,isolated,ours,12,8,l1_ms,13.622368,recorder
20260827-022806_perlmutter_5bc126dd,ours_l01_s2_trace-610042_b32_k8_isolated,isolated,ours,12,9,l1_ms,13.498912,recorder
20260827-022806_perlmutter_5bc126dd,ours_l01_s2_trace-610042_b32_k8_isolated,isolated,ours,12,0,plan_comm_ms,0.215392,recorder
20260827-022806_perlmutter_5bc126dd,ours_l01_s2_trace-610042_b32_k8_isolated,isolated,ours,12,1,plan_comm_ms,0.186816,recorder
20260827-022806_perlmutter_5bc126dd,ours_l01_s2_trace-610042_b32_k8_isolated,isolated,ours,12,2,plan_comm_ms,0.18064,recorder
20260827-022806_perlmutter_5bc126dd,ours_l01_s2_trace-610042_b32_k8_isolated,isolated,ours,12,3,plan_comm_ms,0.34608,recorder
20260827-022806_perlmutter_5bc126dd,ours_l01_s2_trace-610042_b32_k8_isolated,isolated,ours,12,4,plan_comm_ms,0.187328,recorder
20260827-022806_perlmutter_5bc126dd,ours_l01_s2_trace-610042_b32_k8_isolated,isolated,ours,12,5,plan_comm_ms,0.194176,recorder
20260827-022806_perlmutter_5bc126dd,ours_l01_s2_trace-610042_b32_k8_isolated,isolated,ours,12,6,plan_comm_ms,0.221344,recorder
20260827-022806_perlmutter_5bc126dd,ours_l01_s2_trace-610042_b32_k8_isolated,isolated,ours,12,7,plan_comm_ms,0.209376,recorder
20260827-022806_perlmutter_5bc126dd,ours_l01_s2_trace-610042_b32_k8_isolated,isolated,ours,12,8,plan_comm_ms,3.95952,recorder
20260827-022806_perlmutter_5bc126dd,ours_l01_s2_trace-610042_b32_k8_isolated,isolated,ours,12,9,plan_comm_ms,0.502528,recorder
20260827-022806_perlmutter_5bc126dd,ours_l01_s2_trace-610042_b32_k8_isolated,isolated,ours,12,0,place_ms,4.52848,recorder
20260827-022806_perlmutter_5bc126dd,ours_l01_s2_trace-610042_b32_k8_isolated,isolated,ours,12,1,place_ms,4.0288,recorder
20260827-022806_perlmutter_5bc126dd,ours_l01_s2_trace-610042_b32_k8_isolated,isolated,ours,12,2,place_ms,3.922752,recorder
20260827-022806_perlmutter_5bc126dd,ours_l01_s2_trace-610042_b32_k8_isolated,isolated,ours,12,3,place_ms,3.92752,recorder
20260827-022806_perlmutter_5bc126dd,ours_l01_s2_trace-610042_b32_k8_isolated,isolated,ours,12,4,place_ms,3.997248,recorder
20260827-022806_perlmutter_5bc126dd,ours_l01_s2_trace-610042_b32_k8_isolated,isolated,ours,12,5,place_ms,4.330496,recorder
20260827-022806_perlmutter_5bc126dd,ours_l01_s2_trace-610042_b32_k8_isolated,isolated,ours,12,6,place_ms,3.918816,recorder
20260827-022806_perlmutter_5bc126dd,ours_l01_s2_trace-610042_b32_k8_isolated,isolated,ours,12,7,place_ms,4.0208,recorder
20260827-022806_perlmutter_5bc126dd,ours_l01_s2_trace-610042_b32_k8_isolated,isolated,ours,12,8,place_ms,3.84816,recorder
20260827-022806_perlmutter_5bc126dd,ours_l01_s2_trace-610042_b32_k8_isolated,isolated,ours,12,9,place_ms,3.890848,recorder
20260827-022806_perlmutter_5bc126dd,ours_l01_s2_trace-610042_b32_k8_isolated,isolated,ours,12,0,plan_ms,1.867136,recorder
20260827-022806_perlmutter_5bc126dd,ours_l01_s2_trace-610042_b32_k8_isolated,isolated,ours,12,1,plan_ms,2.128928,recorder
20260827-022806_perlmutter_5bc126dd,ours_l01_s2_trace-610042_b32_k8_isolated,isolated,ours,12,2,plan_ms,2.025152,recorder
20260827-022806_perlmutter_5bc126dd,ours_l01_s2_trace-610042_b32_k8_isolated,isolated,ours,12,3,plan_ms,2.29472,recorder
20260827-022806_perlmutter_5bc126dd,ours_l01_s2_trace-610042_b32_k8_isolated,isolated,ours,12,4,plan_ms,2.243904,recorder
20260827-022806_perlmutter_5bc126dd,ours_l01_s2_trace-610042_b32_k8_isolated,isolated,ours,12,5,plan_ms,1.899936,recorder
20260827-022806_perlmutter_5bc126dd,ours_l01_s2_trace-610042_b32_k8_isolated,isolated,ours,12,6,plan_ms,3.19024,recorder
20260827-022806_perlmutter_5bc126dd,ours_l01_s2_trace-610042_b32_k8_isolated,isolated,ours,12,7,plan_ms,2.33296,recorder
20260827-022806_perlmutter_5bc126dd,ours_l01_s2_trace-610042_b32_k8_isolated,isolated,ours,12,8,plan_ms,3.378496,recorder
20260827-022806_perlmutter_5bc126dd,ours_l01_s2_trace-610042_b32_k8_isolated,isolated,ours,12,9,plan_ms,2.06192,recorder
20260827-022806_perlmutter_5bc126dd,ours_l01_s2_trace-610042_b32_k8_isolated,isolated,ours,12,0,total_ms,32.986526,recorder
20260827-022806_perlmutter_5bc126dd,ours_l01_s2_trace-610042_b32_k8_isolated,isolated,ours,12,1,total_ms,31.19792,recorder
20260827-022806_perlmutter_5bc126dd,ours_l01_s2_trace-610042_b32_k8_isolated,isolated,ours,12,2,total_ms,32.22224,recorder
20260827-022806_perlmutter_5bc126dd,ours_l01_s2_trace-610042_b32_k8_isolated,isolated,ours,12,3,total_ms,31.856672,recorder
20260827-022806_perlmutter_5bc126dd,ours_l01_s2_trace-610042_b32_k8_isolated,isolated,ours,12,4,total_ms,31.490688,recorder
20260827-022806_perlmutter_5bc126dd,ours_l01_s2_trace-610042_b32_k8_isolated,isolated,ours,12,5,total_ms,30.692575,recorder
20260827-022806_perlmutter_5bc126dd,ours_l01_s2_trace-610042_b32_k8_isolated,isolated,ours,12,6,total_ms,33.271198,recorder
20260827-022806_perlmutter_5bc126dd,ours_l01_s2_trace-610042_b32_k8_isolated,isolated,ours,12,7,total_ms,30.53376,recorder
20260827-022806_perlmutter_5bc126dd,ours_l01_s2_trace-610042_b32_k8_isolated,isolated,ours,12,8,total_ms,36.659264,recorder
20260827-022806_perlmutter_5bc126dd,ours_l01_s2_trace-610042_b32_k8_isolated,isolated,ours,12,9,total_ms,30.731071,recorder
20260827-022806_perlmutter_5bc126dd,ours_l01_s2_trace-610042_b32_k8_isolated,isolated,ours,12,0,iso_sync_ms,24.293685,recorder
20260827-022806_perlmutter_5bc126dd,ours_l01_s2_trace-610042_b32_k8_isolated,isolated,ours,12,1,iso_sync_ms,25.904737,recorder
20260827-022806_perlmutter_5bc126dd,ours_l01_s2_trace-610042_b32_k8_isolated,isolated,ours,12,2,iso_sync_ms,24.553187,recorder
20260827-022806_perlmutter_5bc126dd,ours_l01_s2_trace-610042_b32_k8_isolated,isolated,ours,12,3,iso_sync_ms,25.984872,recorder
20260827-022806_perlmutter_5bc126dd,ours_l01_s2_trace-610042_b32_k8_isolated,isolated,ours,12,4,iso_sync_ms,25.344145,recorder
20260827-022806_perlmutter_5bc126dd,ours_l01_s2_trace-610042_b32_k8_isolated,isolated,ours,12,5,iso_sync_ms,25.120061,recorder
20260827-022806_perlmutter_5bc126dd,ours_l01_s2_trace-610042_b32_k8_isolated,isolated,ours,12,6,iso_sync_ms,23.851281,recorder
20260827-022806_perlmutter_5bc126dd,ours_l01_s2_trace-610042_b32_k8_isolated,isolated,ours,12,7,iso_sync_ms,25.557076,recorder
20260827-022806_perlmutter_5bc126dd,ours_l01_s2_trace-610042_b32_k8_isolated,isolated,ours,12,8,iso_sync_ms,24.101945,recorder
20260827-022806_perlmutter_5bc126dd,ours_l01_s2_trace-610042_b32_k8_isolated,isolated,ours,12,9,iso_sync_ms,25.016031,recorder
20260827-022806_perlmutter_5bc126dd,ours_l01_s2_trace-610042_b32_k8_isolated,isolated,ours,13,0,e2e_ms,26.479679,recorder
20260827-022806_perlmutter_5bc126dd,ours_l01_s2_trace-610042_b32_k8_isolated,isolated,ours,13,1,e2e_ms,24.823423,recorder
20260827-022806_perlmutter_5bc126dd,ours_l01_s2_trace-610042_b32_k8_isolated,isolated,ours,13,2,e2e_ms,26.118015,recorder
20260827-022806_perlmutter_5bc126dd,ours_l01_s2_trace-610042_b32_k8_isolated,isolated,ours,13,3,e2e_ms,25.308096,recorder
20260827-022806_perlmutter_5bc126dd,ours_l01_s2_trace-610042_b32_k8_isolated,isolated,ours,13,4,e2e_ms,24.90736,recorder
20260827-022806_perlmutter_5bc126dd,ours_l01_s2_trace-610042_b32_k8_isolated,isolated,ours,13,5,e2e_ms,24.395361,recorder
20260827-022806_perlmutter_5bc126dd,ours_l01_s2_trace-610042_b32_k8_isolated,isolated,ours,13,6,e2e_ms,25.997152,recorder
20260827-022806_perlmutter_5bc126dd,ours_l01_s2_trace-610042_b32_k8_isolated,isolated,ours,13,7,e2e_ms,23.984447,recorder
20260827-022806_perlmutter_5bc126dd,ours_l01_s2_trace-610042_b32_k8_isolated,isolated,ours,13,8,e2e_ms,25.481983,recorder
20260827-022806_perlmutter_5bc126dd,ours_l01_s2_trace-610042_b32_k8_isolated,isolated,ours,13,9,e2e_ms,24.29088,recorder
20260827-022806_perlmutter_5bc126dd,ours_l01_s2_trace-610042_b32_k8_isolated,isolated,ours,13,0,l0_ms,13.096384,recorder
20260827-022806_perlmutter_5bc126dd,ours_l01_s2_trace-610042_b32_k8_isolated,isolated,ours,13,1,l0_ms,11.556192,recorder
20260827-022806_perlmutter_5bc126dd,ours_l01_s2_trace-610042_b32_k8_isolated,isolated,ours,13,2,l0_ms,12.826688,recorder
20260827-022806_perlmutter_5bc126dd,ours_l01_s2_trace-610042_b32_k8_isolated,isolated,ours,13,3,l0_ms,11.07184,recorder
20260827-022806_perlmutter_5bc126dd,ours_l01_s2_trace-610042_b32_k8_isolated,isolated,ours,13,4,l0_ms,11.37344,recorder
20260827-022806_perlmutter_5bc126dd,ours_l01_s2_trace-610042_b32_k8_isolated,isolated,ours,13,5,l0_ms,10.905824,recorder
20260827-022806_perlmutter_5bc126dd,ours_l01_s2_trace-610042_b32_k8_isolated,isolated,ours,13,6,l0_ms,11.717664,recorder
20260827-022806_perlmutter_5bc126dd,ours_l01_s2_trace-610042_b32_k8_isolated,isolated,ours,13,7,l0_ms,10.291936,recorder
20260827-022806_perlmutter_5bc126dd,ours_l01_s2_trace-610042_b32_k8_isolated,isolated,ours,13,8,l0_ms,11.72912,recorder
20260827-022806_perlmutter_5bc126dd,ours_l01_s2_trace-610042_b32_k8_isolated,isolated,ours,13,9,l0_ms,10.6464,recorder
20260827-022806_perlmutter_5bc126dd,ours_l01_s2_trace-610042_b32_k8_isolated,isolated,ours,13,0,act_ms,0.120032,recorder
20260827-022806_perlmutter_5bc126dd,ours_l01_s2_trace-610042_b32_k8_isolated,isolated,ours,13,1,act_ms,0.119136,recorder
20260827-022806_perlmutter_5bc126dd,ours_l01_s2_trace-610042_b32_k8_isolated,isolated,ours,13,2,act_ms,0.119232,recorder
20260827-022806_perlmutter_5bc126dd,ours_l01_s2_trace-610042_b32_k8_isolated,isolated,ours,13,3,act_ms,0.120096,recorder
20260827-022806_perlmutter_5bc126dd,ours_l01_s2_trace-610042_b32_k8_isolated,isolated,ours,13,4,act_ms,0.120096,recorder
20260827-022806_perlmutter_5bc126dd,ours_l01_s2_trace-610042_b32_k8_isolated,isolated,ours,13,5,act_ms,0.119392,recorder
20260827-022806_perlmutter_5bc126dd,ours_l01_s2_trace-610042_b32_k8_isolated,isolated,ours,13,6,act_ms,0.119488,recorder
20260827-022806_perlmutter_5bc126dd,ours_l01_s2_trace-610042_b32_k8_isolated,isolated,ours,13,7,act_ms,0.11968,recorder
20260827-022806_perlmutter_5bc126dd,ours_l01_s2_trace-610042_b32_k8_isolated,isolated,ours,13,8,act_ms,0.119872,recorder
20260827-022806_perlmutter_5bc126dd,ours_l01_s2_trace-610042_b32_k8_isolated,isolated,ours,13,9,act_ms,0.12112,recorder
20260827-022806_perlmutter_5bc126dd,ours_l01_s2_trace-610042_b32_k8_isolated,isolated,ours,13,0,l1_ms,13.263264,recorder
20260827-022806_perlmutter_5bc126dd,ours_l01_s2_trace-610042_b32_k8_isolated,isolated,ours,13,1,l1_ms,13.148096,recorder
20260827-022806_perlmutter_5bc126dd,ours_l01_s2_trace-610042_b32_k8_isolated,isolated,ours,13,2,l1_ms,13.172096,recorder
20260827-022806_perlmutter_5bc126dd,ours_l01_s2_trace-610042_b32_k8_isolated,isolated,ours,13,3,l1_ms,14.11616,recorder
20260827-022806_perlmutter_5bc126dd,ours_l01_s2_trace-610042_b32_k8_isolated,isolated,ours,13,4,l1_ms,13.413824,recorder
20260827-022806_perlmutter_5bc126dd,ours_l01_s2_trace-610042_b32_k8_isolated,isolated,ours,13,5,l1_ms,13.370144,recorder
20260827-022806_perlmutter_5bc126dd,ours_l01_s2_trace-610042_b32_k8_isolated,isolated,ours,13,6,l1_ms,14.16,recorder
20260827-022806_perlmutter_5bc126dd,ours_l01_s2_trace-610042_b32_k8_isolated,isolated,ours,13,7,l1_ms,13.572832,recorder
20260827-022806_perlmutter_5bc126dd,ours_l01_s2_trace-610042_b32_k8_isolated,isolated,ours,13,8,l1_ms,13.632992,recorder
20260827-022806_perlmutter_5bc126dd,ours_l01_s2_trace-610042_b32_k8_isolated,isolated,ours,13,9,l1_ms,13.52336,recorder
20260827-022806_perlmutter_5bc126dd,ours_l01_s2_trace-610042_b32_k8_isolated,isolated,ours,13,0,plan_comm_ms,0.22416,recorder
20260827-022806_perlmutter_5bc126dd,ours_l01_s2_trace-610042_b32_k8_isolated,isolated,ours,13,1,plan_comm_ms,0.191168,recorder
20260827-022806_perlmutter_5bc126dd,ours_l01_s2_trace-610042_b32_k8_isolated,isolated,ours,13,2,plan_comm_ms,0.180224,recorder
20260827-022806_perlmutter_5bc126dd,ours_l01_s2_trace-610042_b32_k8_isolated,isolated,ours,13,3,plan_comm_ms,0.345664,recorder
20260827-022806_perlmutter_5bc126dd,ours_l01_s2_trace-610042_b32_k8_isolated,isolated,ours,13,4,plan_comm_ms,0.192832,recorder
20260827-022806_perlmutter_5bc126dd,ours_l01_s2_trace-610042_b32_k8_isolated,isolated,ours,13,5,plan_comm_ms,0.204448,recorder
20260827-022806_perlmutter_5bc126dd,ours_l01_s2_trace-610042_b32_k8_isolated,isolated,ours,13,6,plan_comm_ms,0.2256,recorder
20260827-022806_perlmutter_5bc126dd,ours_l01_s2_trace-610042_b32_k8_isolated,isolated,ours,13,7,plan_comm_ms,0.207584,recorder
20260827-022806_perlmutter_5bc126dd,ours_l01_s2_trace-610042_b32_k8_isolated,isolated,ours,13,8,plan_comm_ms,3.957536,recorder
20260827-022806_perlmutter_5bc126dd,ours_l01_s2_trace-610042_b32_k8_isolated,isolated,ours,13,9,plan_comm_ms,0.508768,recorder
20260827-022806_perlmutter_5bc126dd,ours_l01_s2_trace-610042_b32_k8_isolated,isolated,ours,13,0,place_ms,4.003392,recorder
20260827-022806_perlmutter_5bc126dd,ours_l01_s2_trace-610042_b32_k8_isolated,isolated,ours,13,1,place_ms,4.022944,recorder
20260827-022806_perlmutter_5bc126dd,ours_l01_s2_trace-610042_b32_k8_isolated,isolated,ours,13,2,place_ms,3.93424,recorder
20260827-022806_perlmutter_5bc126dd,ours_l01_s2_trace-610042_b32_k8_isolated,isolated,ours,13,3,place_ms,3.926336,recorder
20260827-022806_perlmutter_5bc126dd,ours_l01_s2_trace-610042_b32_k8_isolated,isolated,ours,13,4,place_ms,3.991712,recorder
20260827-022806_perlmutter_5bc126dd,ours_l01_s2_trace-610042_b32_k8_isolated,isolated,ours,13,5,place_ms,3.986368,recorder
20260827-022806_perlmutter_5bc126dd,ours_l01_s2_trace-610042_b32_k8_isolated,isolated,ours,13,6,place_ms,3.9,recorder
20260827-022806_perlmutter_5bc126dd,ours_l01_s2_trace-610042_b32_k8_isolated,isolated,ours,13,7,place_ms,4.003616,recorder
20260827-022806_perlmutter_5bc126dd,ours_l01_s2_trace-610042_b32_k8_isolated,isolated,ours,13,8,place_ms,3.854848,recorder
20260827-022806_perlmutter_5bc126dd,ours_l01_s2_trace-610042_b32_k8_isolated,isolated,ours,13,9,place_ms,3.852416,recorder
20260827-022806_perlmutter_5bc126dd,ours_l01_s2_trace-610042_b32_k8_isolated,isolated,ours,13,0,plan_ms,2.28336,recorder
20260827-022806_perlmutter_5bc126dd,ours_l01_s2_trace-610042_b32_k8_isolated,isolated,ours,13,1,plan_ms,2.137344,recorder
20260827-022806_perlmutter_5bc126dd,ours_l01_s2_trace-610042_b32_k8_isolated,isolated,ours,13,2,plan_ms,2.017088,recorder
20260827-022806_perlmutter_5bc126dd,ours_l01_s2_trace-610042_b32_k8_isolated,isolated,ours,13,3,plan_ms,2.3096,recorder
20260827-022806_perlmutter_5bc126dd,ours_l01_s2_trace-610042_b32_k8_isolated,isolated,ours,13,4,plan_ms,2.250848,recorder
20260827-022806_perlmutter_5bc126dd,ours_l01_s2_trace-610042_b32_k8_isolated,isolated,ours,13,5,plan_ms,2.137024,recorder
20260827-022806_perlmutter_5bc126dd,ours_l01_s2_trace-610042_b32_k8_isolated,isolated,ours,13,6,plan_ms,3.178016,recorder
20260827-022806_perlmutter_5bc126dd,ours_l01_s2_trace-610042_b32_k8_isolated,isolated,ours,13,7,plan_ms,2.340192,recorder
20260827-022806_perlmutter_5bc126dd,ours_l01_s2_trace-610042_b32_k8_isolated,isolated,ours,13,8,plan_ms,3.35792,recorder
20260827-022806_perlmutter_5bc126dd,ours_l01_s2_trace-610042_b32_k8_isolated,isolated,ours,13,9,plan_ms,2.081888,recorder
20260827-022806_perlmutter_5bc126dd,ours_l01_s2_trace-610042_b32_k8_isolated,isolated,ours,13,0,total_ms,32.992897,recorder
20260827-022806_perlmutter_5bc126dd,ours_l01_s2_trace-610042_b32_k8_isolated,isolated,ours,13,1,total_ms,31.177183,recorder
20260827-022806_perlmutter_5bc126dd,ours_l01_s2_trace-610042_b32_k8_isolated,isolated,ours,13,2,total_ms,32.251873,recorder
20260827-022806_perlmutter_5bc126dd,ours_l01_s2_trace-610042_b32_k8_isolated,isolated,ours,13,3,total_ms,31.892288,recorder
20260827-022806_perlmutter_5bc126dd,ours_l01_s2_trace-610042_b32_k8_isolated,isolated,ours,13,4,total_ms,31.345087,recorder
20260827-022806_perlmutter_5bc126dd,ours_l01_s2_trace-610042_b32_k8_isolated,isolated,ours,13,5,total_ms,30.725504,recorder
20260827-022806_perlmutter_5bc126dd,ours_l01_s2_trace-610042_b32_k8_isolated,isolated,ours,13,6,total_ms,33.303074,recorder
20260827-022806_perlmutter_5bc126dd,ours_l01_s2_trace-610042_b32_k8_isolated,isolated,ours,13,7,total_ms,30.538143,recorder
20260827-022806_perlmutter_5bc126dd,ours_l01_s2_trace-610042_b32_k8_isolated,isolated,ours,13,8,total_ms,36.654655,recorder
20260827-022806_perlmutter_5bc126dd,ours_l01_s2_trace-610042_b32_k8_isolated,isolated,ours,13,9,total_ms,30.736256,recorder
20260827-022806_perlmutter_5bc126dd,ours_l01_s2_trace-610042_b32_k8_isolated,isolated,ours,13,0,iso_sync_ms,24.361667,recorder
20260827-022806_perlmutter_5bc126dd,ours_l01_s2_trace-610042_b32_k8_isolated,isolated,ours,13,1,iso_sync_ms,26.235476,recorder
20260827-022806_perlmutter_5bc126dd,ours_l01_s2_trace-610042_b32_k8_isolated,isolated,ours,13,2,iso_sync_ms,24.62245,recorder
20260827-022806_perlmutter_5bc126dd,ours_l01_s2_trace-610042_b32_k8_isolated,isolated,ours,13,3,iso_sync_ms,26.040779,recorder
20260827-022806_perlmutter_5bc126dd,ours_l01_s2_trace-610042_b32_k8_isolated,isolated,ours,13,4,iso_sync_ms,25.37285,recorder
20260827-022806_perlmutter_5bc126dd,ours_l01_s2_trace-610042_b32_k8_isolated,isolated,ours,13,5,iso_sync_ms,25.219613,recorder
20260827-022806_perlmutter_5bc126dd,ours_l01_s2_trace-610042_b32_k8_isolated,isolated,ours,13,6,iso_sync_ms,24.376555,recorder
20260827-022806_perlmutter_5bc126dd,ours_l01_s2_trace-610042_b32_k8_isolated,isolated,ours,13,7,iso_sync_ms,25.618505,recorder
20260827-022806_perlmutter_5bc126dd,ours_l01_s2_trace-610042_b32_k8_isolated,isolated,ours,13,8,iso_sync_ms,24.17196,recorder
20260827-022806_perlmutter_5bc126dd,ours_l01_s2_trace-610042_b32_k8_isolated,isolated,ours,13,9,iso_sync_ms,25.073602,recorder
20260827-022806_perlmutter_5bc126dd,ours_l01_s2_trace-610042_b32_k8_isolated,isolated,ours,14,0,e2e_ms,26.483871,recorder
20260827-022806_perlmutter_5bc126dd,ours_l01_s2_trace-610042_b32_k8_isolated,isolated,ours,14,1,e2e_ms,24.833792,recorder
20260827-022806_perlmutter_5bc126dd,ours_l01_s2_trace-610042_b32_k8_isolated,isolated,ours,14,2,e2e_ms,26.147392,recorder
20260827-022806_perlmutter_5bc126dd,ours_l01_s2_trace-610042_b32_k8_isolated,isolated,ours,14,3,e2e_ms,25.33712,recorder
20260827-022806_perlmutter_5bc126dd,ours_l01_s2_trace-610042_b32_k8_isolated,isolated,ours,14,4,e2e_ms,24.9408,recorder
20260827-022806_perlmutter_5bc126dd,ours_l01_s2_trace-610042_b32_k8_isolated,isolated,ours,14,5,e2e_ms,24.398272,recorder
20260827-022806_perlmutter_5bc126dd,ours_l01_s2_trace-610042_b32_k8_isolated,isolated,ours,14,6,e2e_ms,26.005089,recorder
20260827-022806_perlmutter_5bc126dd,ours_l01_s2_trace-610042_b32_k8_isolated,isolated,ours,14,7,e2e_ms,23.977312,recorder
20260827-022806_perlmutter_5bc126dd,ours_l01_s2_trace-610042_b32_k8_isolated,isolated,ours,14,8,e2e_ms,25.285824,recorder
20260827-022806_perlmutter_5bc126dd,ours_l01_s2_trace-610042_b32_k8_isolated,isolated,ours,14,9,e2e_ms,24.281729,recorder
20260827-022806_perlmutter_5bc126dd,ours_l01_s2_trace-610042_b32_k8_isolated,isolated,ours,14,0,l0_ms,13.132288,recorder
20260827-022806_perlmutter_5bc126dd,ours_l01_s2_trace-610042_b32_k8_isolated,isolated,ours,14,1,l0_ms,11.535008,recorder
20260827-022806_perlmutter_5bc126dd,ours_l01_s2_trace-610042_b32_k8_isolated,isolated,ours,14,2,l0_ms,12.856,recorder
20260827-022806_perlmutter_5bc126dd,ours_l01_s2_trace-610042_b32_k8_isolated,isolated,ours,14,3,l0_ms,11.099008,recorder
20260827-022806_perlmutter_5bc126dd,ours_l01_s2_trace-610042_b32_k8_isolated,isolated,ours,14,4,l0_ms,11.401408,recorder
20260827-022806_perlmutter_5bc126dd,ours_l01_s2_trace-610042_b32_k8_isolated,isolated,ours,14,5,l0_ms,10.894272,recorder
20260827-022806_perlmutter_5bc126dd,ours_l01_s2_trace-610042_b32_k8_isolated,isolated,ours,14,6,l0_ms,11.753696,recorder
20260827-022806_perlmutter_5bc126dd,ours_l01_s2_trace-610042_b32_k8_isolated,isolated,ours,14,7,l0_ms,10.295552,recorder
20260827-022806_perlmutter_5bc126dd,ours_l01_s2_trace-610042_b32_k8_isolated,isolated,ours,14,8,l0_ms,11.524096,recorder
20260827-022806_perlmutter_5bc126dd,ours_l01_s2_trace-610042_b32_k8_isolated,isolated,ours,14,9,l0_ms,10.641056,recorder
20260827-022806_perlmutter_5bc126dd,ours_l01_s2_trace-610042_b32_k8_isolated,isolated,ours,14,0,act_ms,0.114784,recorder
20260827-022806_perlmutter_5bc126dd,ours_l01_s2_trace-610042_b32_k8_isolated,isolated,ours,14,1,act_ms,0.111136,recorder
20260827-022806_perlmutter_5bc126dd,ours_l01_s2_trace-610042_b32_k8_isolated,isolated,ours,14,2,act_ms,0.113728,recorder
20260827-022806_perlmutter_5bc126dd,ours_l01_s2_trace-610042_b32_k8_isolated,isolated,ours,14,3,act_ms,0.113664,recorder
20260827-022806_perlmutter_5bc126dd,ours_l01_s2_trace-610042_b32_k8_isolated,isolated,ours,14,4,act_ms,0.11376,recorder
20260827-022806_perlmutter_5bc126dd,ours_l01_s2_trace-610042_b32_k8_isolated,isolated,ours,14,5,act_ms,0.11232,recorder
20260827-022806_perlmutter_5bc126dd,ours_l01_s2_trace-610042_b32_k8_isolated,isolated,ours,14,6,act_ms,0.115008,recorder
20260827-022806_perlmutter_5bc126dd,ours_l01_s2_trace-610042_b32_k8_isolated,isolated,ours,14,7,act_ms,0.116992,recorder
20260827-022806_perlmutter_5bc126dd,ours_l01_s2_trace-610042_b32_k8_isolated,isolated,ours,14,8,act_ms,0.11392,recorder
20260827-022806_perlmutter_5bc126dd,ours_l01_s2_trace-610042_b32_k8_isolated,isolated,ours,14,9,act_ms,0.11488,recorder
20260827-022806_perlmutter_5bc126dd,ours_l01_s2_trace-610042_b32_k8_isolated,isolated,ours,14,0,l1_ms,13.2368,recorder
20260827-022806_perlmutter_5bc126dd,ours_l01_s2_trace-610042_b32_k8_isolated,isolated,ours,14,1,l1_ms,13.187648,recorder
20260827-022806_perlmutter_5bc126dd,ours_l01_s2_trace-610042_b32_k8_isolated,isolated,ours,14,2,l1_ms,13.177664,recorder
20260827-022806_perlmutter_5bc126dd,ours_l01_s2_trace-610042_b32_k8_isolated,isolated,ours,14,3,l1_ms,14.124448,recorder
20260827-022806_perlmutter_5bc126dd,ours_l01_s2_trace-610042_b32_k8_isolated,isolated,ours,14,4,l1_ms,13.425632,recorder
20260827-022806_perlmutter_5bc126dd,ours_l01_s2_trace-610042_b32_k8_isolated,isolated,ours,14,5,l1_ms,13.39168,recorder
20260827-022806_perlmutter_5bc126dd,ours_l01_s2_trace-610042_b32_k8_isolated,isolated,ours,14,6,l1_ms,14.136384,recorder
20260827-022806_perlmutter_5bc126dd,ours_l01_s2_trace-610042_b32_k8_isolated,isolated,ours,14,7,l1_ms,13.564768,recorder
20260827-022806_perlmutter_5bc126dd,ours_l01_s2_trace-610042_b32_k8_isolated,isolated,ours,14,8,l1_ms,13.647808,recorder
20260827-022806_perlmutter_5bc126dd,ours_l01_s2_trace-610042_b32_k8_isolated,isolated,ours,14,9,l1_ms,13.525792,recorder
20260827-022806_perlmutter_5bc126dd,ours_l01_s2_trace-610042_b32_k8_isolated,isolated,ours,14,0,plan_comm_ms,0.231264,recorder
20260827-022806_perlmutter_5bc126dd,ours_l01_s2_trace-610042_b32_k8_isolated,isolated,ours,14,1,plan_comm_ms,0.19168,recorder
20260827-022806_perlmutter_5bc126dd,ours_l01_s2_trace-610042_b32_k8_isolated,isolated,ours,14,2,plan_comm_ms,0.183776,recorder
20260827-022806_perlmutter_5bc126dd,ours_l01_s2_trace-610042_b32_k8_isolated,isolated,ours,14,3,plan_comm_ms,0.348352,recorder
20260827-022806_perlmutter_5bc126dd,ours_l01_s2_trace-610042_b32_k8_isolated,isolated,ours,14,4,plan_comm_ms,0.189152,recorder
20260827-022806_perlmutter_5bc126dd,ours_l01_s2_trace-610042_b32_k8_isolated,isolated,ours,14,5,plan_comm_ms,0.204608,recorder
20260827-022806_perlmutter_5bc126dd,ours_l01_s2_trace-610042_b32_k8_isolated,isolated,ours,14,6,plan_comm_ms,0.230912,recorder
20260827-022806_perlmutter_5bc126dd,ours_l01_s2_trace-610042_b32_k8_isolated,isolated,ours,14,7,plan_comm_ms,0.211136,recorder
20260827-022806_perlmutter_5bc126dd,ours_l01_s2_trace-610042_b32_k8_isolated,isolated,ours,14,8,plan_comm_ms,0.582304,recorder
20260827-022806_perlmutter_5bc126dd,ours_l01_s2_trace-610042_b32_k8_isolated,isolated,ours,14,9,plan_comm_ms,0.512032,recorder
20260827-022806_perlmutter_5bc126dd,ours_l01_s2_trace-610042_b32_k8_isolated,isolated,ours,14,0,place_ms,3.957024,recorder
20260827-022806_perlmutter_5bc126dd,ours_l01_s2_trace-610042_b32_k8_isolated,isolated,ours,14,1,place_ms,4.000928,recorder
20260827-022806_perlmutter_5bc126dd,ours_l01_s2_trace-610042_b32_k8_isolated,isolated,ours,14,2,place_ms,3.9128,recorder
20260827-022806_perlmutter_5bc126dd,ours_l01_s2_trace-610042_b32_k8_isolated,isolated,ours,14,3,place_ms,3.892128,recorder
20260827-022806_perlmutter_5bc126dd,ours_l01_s2_trace-610042_b32_k8_isolated,isolated,ours,14,4,place_ms,3.956544,recorder
20260827-022806_perlmutter_5bc126dd,ours_l01_s2_trace-610042_b32_k8_isolated,isolated,ours,14,5,place_ms,3.991296,recorder
20260827-022806_perlmutter_5bc126dd,ours_l01_s2_trace-610042_b32_k8_isolated,isolated,ours,14,6,place_ms,3.889152,recorder
20260827-022806_perlmutter_5bc126dd,ours_l01_s2_trace-610042_b32_k8_isolated,isolated,ours,14,7,place_ms,3.982752,recorder
20260827-022806_perlmutter_5bc126dd,ours_l01_s2_trace-610042_b32_k8_isolated,isolated,ours,14,8,place_ms,5.339072,recorder
20260827-022806_perlmutter_5bc126dd,ours_l01_s2_trace-610042_b32_k8_isolated,isolated,ours,14,9,place_ms,3.846144,recorder
20260827-022806_perlmutter_5bc126dd,ours_l01_s2_trace-610042_b32_k8_isolated,isolated,ours,14,0,plan_ms,2.31936,recorder
20260827-022806_perlmutter_5bc126dd,ours_l01_s2_trace-610042_b32_k8_isolated,isolated,ours,14,1,plan_ms,2.177248,recorder
20260827-022806_perlmutter_5bc126dd,ours_l01_s2_trace-610042_b32_k8_isolated,isolated,ours,14,2,plan_ms,2.040224,recorder
20260827-022806_perlmutter_5bc126dd,ours_l01_s2_trace-610042_b32_k8_isolated,isolated,ours,14,3,plan_ms,2.343296,recorder
20260827-022806_perlmutter_5bc126dd,ours_l01_s2_trace-610042_b32_k8_isolated,isolated,ours,14,4,plan_ms,2.291712,recorder
20260827-022806_perlmutter_5bc126dd,ours_l01_s2_trace-610042_b32_k8_isolated,isolated,ours,14,5,plan_ms,2.131168,recorder
20260827-022806_perlmutter_5bc126dd,ours_l01_s2_trace-610042_b32_k8_isolated,isolated,ours,14,6,plan_ms,3.18048,recorder
20260827-022806_perlmutter_5bc126dd,ours_l01_s2_trace-610042_b32_k8_isolated,isolated,ours,14,7,plan_ms,2.36464,recorder
20260827-022806_perlmutter_5bc126dd,ours_l01_s2_trace-610042_b32_k8_isolated,isolated,ours,14,8,plan_ms,2.025536,recorder
20260827-022806_perlmutter_5bc126dd,ours_l01_s2_trace-610042_b32_k8_isolated,isolated,ours,14,9,plan_ms,2.091904,recorder
20260827-022806_perlmutter_5bc126dd,ours_l01_s2_trace-610042_b32_k8_isolated,isolated,ours,14,0,total_ms,32.993855,recorder
20260827-022806_perlmutter_5bc126dd,ours_l01_s2_trace-610042_b32_k8_isolated,isolated,ours,14,1,total_ms,31.205984,recorder
20260827-022806_perlmutter_5bc126dd,ours_l01_s2_trace-610042_b32_k8_isolated,isolated,ours,14,2,total_ms,32.28653,recorder
20260827-022806_perlmutter_5bc126dd,ours_l01_s2_trace-610042_b32_k8_isolated,isolated,ours,14,3,total_ms,31.923231,recorder
20260827-022806_perlmutter_5bc126dd,ours_l01_s2_trace-610042_b32_k8_isolated,isolated,ours,14,4,total_ms,31.380833,recorder
20260827-022806_perlmutter_5bc126dd,ours_l01_s2_trace-610042_b32_k8_isolated,isolated,ours,14,5,total_ms,30.72768,recorder
20260827-022806_perlmutter_5bc126dd,ours_l01_s2_trace-610042_b32_k8_isolated,isolated,ours,14,6,total_ms,33.307999,recorder
20260827-022806_perlmutter_5bc126dd,ours_l01_s2_trace-610042_b32_k8_isolated,isolated,ours,14,7,total_ms,30.538208,recorder
20260827-022806_perlmutter_5bc126dd,ours_l01_s2_trace-610042_b32_k8_isolated,isolated,ours,14,8,total_ms,33.247456,recorder
20260827-022806_perlmutter_5bc126dd,ours_l01_s2_trace-610042_b32_k8_isolated,isolated,ours,14,9,total_ms,30.734144,recorder
20260827-022806_perlmutter_5bc126dd,ours_l01_s2_trace-610042_b32_k8_isolated,isolated,ours,14,0,iso_sync_ms,24.352429,recorder
20260827-022806_perlmutter_5bc126dd,ours_l01_s2_trace-610042_b32_k8_isolated,isolated,ours,14,1,iso_sync_ms,26.226659,recorder
20260827-022806_perlmutter_5bc126dd,ours_l01_s2_trace-610042_b32_k8_isolated,isolated,ours,14,2,iso_sync_ms,24.568245,recorder
20260827-022806_perlmutter_5bc126dd,ours_l01_s2_trace-610042_b32_k8_isolated,isolated,ours,14,3,iso_sync_ms,26.017585,recorder
20260827-022806_perlmutter_5bc126dd,ours_l01_s2_trace-610042_b32_k8_isolated,isolated,ours,14,4,iso_sync_ms,25.345276,recorder
20260827-022806_perlmutter_5bc126dd,ours_l01_s2_trace-610042_b32_k8_isolated,isolated,ours,14,5,iso_sync_ms,25.196168,recorder
20260827-022806_perlmutter_5bc126dd,ours_l01_s2_trace-610042_b32_k8_isolated,isolated,ours,14,6,iso_sync_ms,24.374591,recorder
20260827-022806_perlmutter_5bc126dd,ours_l01_s2_trace-610042_b32_k8_isolated,isolated,ours,14,7,iso_sync_ms,25.609847,recorder
20260827-022806_perlmutter_5bc126dd,ours_l01_s2_trace-610042_b32_k8_isolated,isolated,ours,14,8,iso_sync_ms,27.182856,recorder
20260827-022806_perlmutter_5bc126dd,ours_l01_s2_trace-610042_b32_k8_isolated,isolated,ours,14,9,iso_sync_ms,23.921506,recorder
20260827-022806_perlmutter_5bc126dd,ours_l01_s2_trace-610042_b32_k8_isolated,isolated,ours,15,0,e2e_ms,26.494528,recorder
20260827-022806_perlmutter_5bc126dd,ours_l01_s2_trace-610042_b32_k8_isolated,isolated,ours,15,1,e2e_ms,24.8368,recorder
20260827-022806_perlmutter_5bc126dd,ours_l01_s2_trace-610042_b32_k8_isolated,isolated,ours,15,2,e2e_ms,26.157345,recorder
20260827-022806_perlmutter_5bc126dd,ours_l01_s2_trace-610042_b32_k8_isolated,isolated,ours,15,3,e2e_ms,25.331327,recorder
20260827-022806_perlmutter_5bc126dd,ours_l01_s2_trace-610042_b32_k8_isolated,isolated,ours,15,4,e2e_ms,24.95792,recorder
20260827-022806_perlmutter_5bc126dd,ours_l01_s2_trace-610042_b32_k8_isolated,isolated,ours,15,5,e2e_ms,24.439264,recorder
20260827-022806_perlmutter_5bc126dd,ours_l01_s2_trace-610042_b32_k8_isolated,isolated,ours,15,6,e2e_ms,26.017153,recorder
20260827-022806_perlmutter_5bc126dd,ours_l01_s2_trace-610042_b32_k8_isolated,isolated,ours,15,7,e2e_ms,23.990656,recorder
20260827-022806_perlmutter_5bc126dd,ours_l01_s2_trace-610042_b32_k8_isolated,isolated,ours,15,8,e2e_ms,25.415424,recorder
20260827-022806_perlmutter_5bc126dd,ours_l01_s2_trace-610042_b32_k8_isolated,isolated,ours,15,9,e2e_ms,24.293888,recorder
20260827-022806_perlmutter_5bc126dd,ours_l01_s2_trace-610042_b32_k8_isolated,isolated,ours,15,0,l0_ms,13.146464,recorder
20260827-022806_perlmutter_5bc126dd,ours_l01_s2_trace-610042_b32_k8_isolated,isolated,ours,15,1,l0_ms,11.536768,recorder
20260827-022806_perlmutter_5bc126dd,ours_l01_s2_trace-610042_b32_k8_isolated,isolated,ours,15,2,l0_ms,12.866592,recorder
20260827-022806_perlmutter_5bc126dd,ours_l01_s2_trace-610042_b32_k8_isolated,isolated,ours,15,3,l0_ms,11.09472,recorder
20260827-022806_perlmutter_5bc126dd,ours_l01_s2_trace-610042_b32_k8_isolated,isolated,ours,15,4,l0_ms,11.394112,recorder
20260827-022806_perlmutter_5bc126dd,ours_l01_s2_trace-610042_b32_k8_isolated,isolated,ours,15,5,l0_ms,10.918048,recorder
20260827-022806_perlmutter_5bc126dd,ours_l01_s2_trace-610042_b32_k8_isolated,isolated,ours,15,6,l0_ms,11.741728,recorder
20260827-022806_perlmutter_5bc126dd,ours_l01_s2_trace-610042_b32_k8_isolated,isolated,ours,15,7,l0_ms,10.300384,recorder
20260827-022806_perlmutter_5bc126dd,ours_l01_s2_trace-610042_b32_k8_isolated,isolated,ours,15,8,l0_ms,11.730368,recorder
20260827-022806_perlmutter_5bc126dd,ours_l01_s2_trace-610042_b32_k8_isolated,isolated,ours,15,9,l0_ms,10.649952,recorder
20260827-022806_perlmutter_5bc126dd,ours_l01_s2_trace-610042_b32_k8_isolated,isolated,ours,15,0,act_ms,0.116288,recorder
20260827-022806_perlmutter_5bc126dd,ours_l01_s2_trace-610042_b32_k8_isolated,isolated,ours,15,1,act_ms,0.118528,recorder
20260827-022806_perlmutter_5bc126dd,ours_l01_s2_trace-610042_b32_k8_isolated,isolated,ours,15,2,act_ms,0.116384,recorder
20260827-022806_perlmutter_5bc126dd,ours_l01_s2_trace-610042_b32_k8_isolated,isolated,ours,15,3,act_ms,0.118144,recorder
20260827-022806_perlmutter_5bc126dd,ours_l01_s2_trace-610042_b32_k8_isolated,isolated,ours,15,4,act_ms,0.114464,recorder
20260827-022806_perlmutter_5bc126dd,ours_l01_s2_trace-610042_b32_k8_isolated,isolated,ours,15,5,act_ms,0.117696,recorder
20260827-022806_perlmutter_5bc126dd,ours_l01_s2_trace-610042_b32_k8_isolated,isolated,ours,15,6,act_ms,0.118176,recorder
20260827-022806_perlmutter_5bc126dd,ours_l01_s2_trace-610042_b32_k8_isolated,isolated,ours,15,7,act_ms,0.117728,recorder
20260827-022806_perlmutter_5bc126dd,ours_l01_s2_trace-610042_b32_k8_isolated,isolated,ours,15,8,act_ms,0.116896,recorder
20260827-022806_perlmutter_5bc126dd,ours_l01_s2_trace-610042_b32_k8_isolated,isolated,ours,15,9,act_ms,0.117952,recorder
20260827-022806_perlmutter_5bc126dd,ours_l01_s2_trace-610042_b32_k8_isolated,isolated,ours,15,0,l1_ms,13.231776,recorder
20260827-022806_perlmutter_5bc126dd,ours_l01_s2_trace-610042_b32_k8_isolated,isolated,ours,15,1,l1_ms,13.181504,recorder
20260827-022806_perlmutter_5bc126dd,ours_l01_s2_trace-610042_b32_k8_isolated,isolated,ours,15,2,l1_ms,13.174368,recorder
20260827-022806_perlmutter_5bc126dd,ours_l01_s2_trace-610042_b32_k8_isolated,isolated,ours,15,3,l1_ms,14.118464,recorder
20260827-022806_perlmutter_5bc126dd,ours_l01_s2_trace-610042_b32_k8_isolated,isolated,ours,15,4,l1_ms,13.449344,recorder
20260827-022806_perlmutter_5bc126dd,ours_l01_s2_trace-610042_b32_k8_isolated,isolated,ours,15,5,l1_ms,13.40352,recorder
20260827-022806_perlmutter_5bc126dd,ours_l01_s2_trace-610042_b32_k8_isolated,isolated,ours,15,6,l1_ms,14.157248,recorder
20260827-022806_perlmutter_5bc126dd,ours_l01_s2_trace-610042_b32_k8_isolated,isolated,ours,15,7,l1_ms,13.572544,recorder
20260827-022806_perlmutter_5bc126dd,ours_l01_s2_trace-610042_b32_k8_isolated,isolated,ours,15,8,l1_ms,13.56816,recorder
20260827-022806_perlmutter_5bc126dd,ours_l01_s2_trace-610042_b32_k8_isolated,isolated,ours,15,9,l1_ms,13.525984,recorder
20260827-022806_perlmutter_5bc126dd,ours_l01_s2_trace-610042_b32_k8_isolated,isolated,ours,15,0,plan_comm_ms,0.231584,recorder
20260827-022806_perlmutter_5bc126dd,ours_l01_s2_trace-610042_b32_k8_isolated,isolated,ours,15,1,plan_comm_ms,0.190816,recorder
20260827-022806_perlmutter_5bc126dd,ours_l01_s2_trace-610042_b32_k8_isolated,isolated,ours,15,2,plan_comm_ms,0.187488,recorder
20260827-022806_perlmutter_5bc126dd,ours_l01_s2_trace-610042_b32_k8_isolated,isolated,ours,15,3,plan_comm_ms,0.343584,recorder
20260827-022806_perlmutter_5bc126dd,ours_l01_s2_trace-610042_b32_k8_isolated,isolated,ours,15,4,plan_comm_ms,0.18768,recorder
20260827-022806_perlmutter_5bc126dd,ours_l01_s2_trace-610042_b32_k8_isolated,isolated,ours,15,5,plan_comm_ms,0.202336,recorder
20260827-022806_perlmutter_5bc126dd,ours_l01_s2_trace-610042_b32_k8_isolated,isolated,ours,15,6,plan_comm_ms,0.229056,recorder
20260827-022806_perlmutter_5bc126dd,ours_l01_s2_trace-610042_b32_k8_isolated,isolated,ours,15,7,plan_comm_ms,0.20944,recorder
20260827-022806_perlmutter_5bc126dd,ours_l01_s2_trace-610042_b32_k8_isolated,isolated,ours,15,8,plan_comm_ms,3.96112,recorder
20260827-022806_perlmutter_5bc126dd,ours_l01_s2_trace-610042_b32_k8_isolated,isolated,ours,15,9,plan_comm_ms,0.512064,recorder
20260827-022806_perlmutter_5bc126dd,ours_l01_s2_trace-610042_b32_k8_isolated,isolated,ours,15,0,place_ms,3.9968,recorder
20260827-022806_perlmutter_5bc126dd,ours_l01_s2_trace-610042_b32_k8_isolated,isolated,ours,15,1,place_ms,4.077664,recorder
20260827-022806_perlmutter_5bc126dd,ours_l01_s2_trace-610042_b32_k8_isolated,isolated,ours,15,2,place_ms,3.97616,recorder
20260827-022806_perlmutter_5bc126dd,ours_l01_s2_trace-610042_b32_k8_isolated,isolated,ours,15,3,place_ms,3.921088,recorder
20260827-022806_perlmutter_5bc126dd,ours_l01_s2_trace-610042_b32_k8_isolated,isolated,ours,15,4,place_ms,4.03504,recorder
20260827-022806_perlmutter_5bc126dd,ours_l01_s2_trace-610042_b32_k8_isolated,isolated,ours,15,5,place_ms,4.012768,recorder
20260827-022806_perlmutter_5bc126dd,ours_l01_s2_trace-610042_b32_k8_isolated,isolated,ours,15,6,place_ms,3.910912,recorder
20260827-022806_perlmutter_5bc126dd,ours_l01_s2_trace-610042_b32_k8_isolated,isolated,ours,15,7,place_ms,4.003072,recorder
20260827-022806_perlmutter_5bc126dd,ours_l01_s2_trace-610042_b32_k8_isolated,isolated,ours,15,8,place_ms,3.885088,recorder
20260827-022806_perlmutter_5bc126dd,ours_l01_s2_trace-610042_b32_k8_isolated,isolated,ours,15,9,place_ms,3.867456,recorder
20260827-022806_perlmutter_5bc126dd,ours_l01_s2_trace-610042_b32_k8_isolated,isolated,ours,15,0,plan_ms,2.272352,recorder
20260827-022806_perlmutter_5bc126dd,ours_l01_s2_trace-610042_b32_k8_isolated,isolated,ours,15,1,plan_ms,2.104608,recorder
20260827-022806_perlmutter_5bc126dd,ours_l01_s2_trace-610042_b32_k8_isolated,isolated,ours,15,2,plan_ms,1.975552,recorder
20260827-022806_perlmutter_5bc126dd,ours_l01_s2_trace-610042_b32_k8_isolated,isolated,ours,15,3,plan_ms,2.32912,recorder
20260827-022806_perlmutter_5bc126dd,ours_l01_s2_trace-610042_b32_k8_isolated,isolated,ours,15,4,plan_ms,2.229024,recorder
20260827-022806_perlmutter_5bc126dd,ours_l01_s2_trace-610042_b32_k8_isolated,isolated,ours,15,5,plan_ms,2.100704,recorder
20260827-022806_perlmutter_5bc126dd,ours_l01_s2_trace-610042_b32_k8_isolated,isolated,ours,15,6,plan_ms,3.174592,recorder
20260827-022806_perlmutter_5bc126dd,ours_l01_s2_trace-610042_b32_k8_isolated,isolated,ours,15,7,plan_ms,2.338112,recorder
20260827-022806_perlmutter_5bc126dd,ours_l01_s2_trace-610042_b32_k8_isolated,isolated,ours,15,8,plan_ms,3.32576,recorder
20260827-022806_perlmutter_5bc126dd,ours_l01_s2_trace-610042_b32_k8_isolated,isolated,ours,15,9,plan_ms,2.067008,recorder
20260827-022806_perlmutter_5bc126dd,ours_l01_s2_trace-610042_b32_k8_isolated,isolated,ours,15,0,total_ms,32.997536,recorder
20260827-022806_perlmutter_5bc126dd,ours_l01_s2_trace-610042_b32_k8_isolated,isolated,ours,15,1,total_ms,31.21216,recorder
20260827-022806_perlmutter_5bc126dd,ours_l01_s2_trace-610042_b32_k8_isolated,isolated,ours,15,2,total_ms,32.298882,recorder
20260827-022806_perlmutter_5bc126dd,ours_l01_s2_trace-610042_b32_k8_isolated,isolated,ours,15,3,total_ms,31.927391,recorder
20260827-022806_perlmutter_5bc126dd,ours_l01_s2_trace-610042_b32_k8_isolated,isolated,ours,15,4,total_ms,31.411968,recorder
20260827-022806_perlmutter_5bc126dd,ours_l01_s2_trace-610042_b32_k8_isolated,isolated,ours,15,5,total_ms,30.757343,recorder
20260827-022806_perlmutter_5bc126dd,ours_l01_s2_trace-610042_b32_k8_isolated,isolated,ours,15,6,total_ms,33.33427,recorder
20260827-022806_perlmutter_5bc126dd,ours_l01_s2_trace-610042_b32_k8_isolated,isolated,ours,15,7,total_ms,30.543552,recorder
20260827-022806_perlmutter_5bc126dd,ours_l01_s2_trace-610042_b32_k8_isolated,isolated,ours,15,8,total_ms,36.589664,recorder
20260827-022806_perlmutter_5bc126dd,ours_l01_s2_trace-610042_b32_k8_isolated,isolated,ours,15,9,total_ms,30.742687,recorder
20260827-022806_perlmutter_5bc126dd,ours_l01_s2_trace-610042_b32_k8_isolated,isolated,ours,15,0,iso_sync_ms,24.363359,recorder
20260827-022806_perlmutter_5bc126dd,ours_l01_s2_trace-610042_b32_k8_isolated,isolated,ours,15,1,iso_sync_ms,26.240355,recorder
20260827-022806_perlmutter_5bc126dd,ours_l01_s2_trace-610042_b32_k8_isolated,isolated,ours,15,2,iso_sync_ms,24.527657,recorder
20260827-022806_perlmutter_5bc126dd,ours_l01_s2_trace-610042_b32_k8_isolated,isolated,ours,15,3,iso_sync_ms,26.053534,recorder
20260827-022806_perlmutter_5bc126dd,ours_l01_s2_trace-610042_b32_k8_isolated,isolated,ours,15,4,iso_sync_ms,25.392618,recorder
20260827-022806_perlmutter_5bc126dd,ours_l01_s2_trace-610042_b32_k8_isolated,isolated,ours,15,5,iso_sync_ms,25.18135,recorder
20260827-022806_perlmutter_5bc126dd,ours_l01_s2_trace-610042_b32_k8_isolated,isolated,ours,15,6,iso_sync_ms,24.371124,recorder
20260827-022806_perlmutter_5bc126dd,ours_l01_s2_trace-610042_b32_k8_isolated,isolated,ours,15,7,iso_sync_ms,25.604466,recorder
20260827-022806_perlmutter_5bc126dd,ours_l01_s2_trace-610042_b32_k8_isolated,isolated,ours,15,8,iso_sync_ms,24.176188,recorder
20260827-022806_perlmutter_5bc126dd,ours_l01_s2_trace-610042_b32_k8_isolated,isolated,ours,15,9,iso_sync_ms,25.08304,recorder
20260827-022806_perlmutter_5bc126dd,ours_l01_s2_oracle_noshard_trace-610042_b32_k8_isolated,isolated,ours,0,0,e2e_ms,123.84819,recorder
20260827-022806_perlmutter_5bc126dd,ours_l01_s2_oracle_noshard_trace-610042_b32_k8_isolated,isolated,ours,0,1,e2e_ms,123.429405,recorder
20260827-022806_perlmutter_5bc126dd,ours_l01_s2_oracle_noshard_trace-610042_b32_k8_isolated,isolated,ours,0,2,e2e_ms,121.94326,recorder
20260827-022806_perlmutter_5bc126dd,ours_l01_s2_oracle_noshard_trace-610042_b32_k8_isolated,isolated,ours,0,3,e2e_ms,123.354973,recorder
20260827-022806_perlmutter_5bc126dd,ours_l01_s2_oracle_noshard_trace-610042_b32_k8_isolated,isolated,ours,0,4,e2e_ms,122.813187,recorder
20260827-022806_perlmutter_5bc126dd,ours_l01_s2_oracle_noshard_trace-610042_b32_k8_isolated,isolated,ours,0,5,e2e_ms,123.222595,recorder
20260827-022806_perlmutter_5bc126dd,ours_l01_s2_oracle_noshard_trace-610042_b32_k8_isolated,isolated,ours,0,6,e2e_ms,120.05085,recorder
20260827-022806_perlmutter_5bc126dd,ours_l01_s2_oracle_noshard_trace-610042_b32_k8_isolated,isolated,ours,0,7,e2e_ms,125.446976,recorder
20260827-022806_perlmutter_5bc126dd,ours_l01_s2_oracle_noshard_trace-610042_b32_k8_isolated,isolated,ours,0,8,e2e_ms,126.015999,recorder
20260827-022806_perlmutter_5bc126dd,ours_l01_s2_oracle_noshard_trace-610042_b32_k8_isolated,isolated,ours,0,9,e2e_ms,124.155556,recorder
20260827-022806_perlmutter_5bc126dd,ours_l01_s2_oracle_noshard_trace-610042_b32_k8_isolated,isolated,ours,0,0,l0_ms,73.14061,recorder
20260827-022806_perlmutter_5bc126dd,ours_l01_s2_oracle_noshard_trace-610042_b32_k8_isolated,isolated,ours,0,1,l0_ms,74.144958,recorder
20260827-022806_perlmutter_5bc126dd,ours_l01_s2_oracle_noshard_trace-610042_b32_k8_isolated,isolated,ours,0,2,l0_ms,69.30867,recorder
20260827-022806_perlmutter_5bc126dd,ours_l01_s2_oracle_noshard_trace-610042_b32_k8_isolated,isolated,ours,0,3,l0_ms,73.834396,recorder
20260827-022806_perlmutter_5bc126dd,ours_l01_s2_oracle_noshard_trace-610042_b32_k8_isolated,isolated,ours,0,4,l0_ms,71.696259,recorder
20260827-022806_perlmutter_5bc126dd,ours_l01_s2_oracle_noshard_trace-610042_b32_k8_isolated,isolated,ours,0,5,l0_ms,74.614845,recorder
20260827-022806_perlmutter_5bc126dd,ours_l01_s2_oracle_noshard_trace-610042_b32_k8_isolated,isolated,ours,0,6,l0_ms,71.869186,recorder
20260827-022806_perlmutter_5bc126dd,ours_l01_s2_oracle_noshard_trace-610042_b32_k8_isolated,isolated,ours,0,7,l0_ms,66.773727,recorder
20260827-022806_perlmutter_5bc126dd,ours_l01_s2_oracle_noshard_trace-610042_b32_k8_isolated,isolated,ours,0,8,l0_ms,71.984001,recorder
20260827-022806_perlmutter_5bc126dd,ours_l01_s2_oracle_noshard_trace-610042_b32_k8_isolated,isolated,ours,0,9,l0_ms,75.143394,recorder
20260827-022806_perlmutter_5bc126dd,ours_l01_s2_oracle_noshard_trace-610042_b32_k8_isolated,isolated,ours,0,0,act_ms,0.13808,recorder
20260827-022806_perlmutter_5bc126dd,ours_l01_s2_oracle_noshard_trace-610042_b32_k8_isolated,isolated,ours,0,1,act_ms,0.144448,recorder
20260827-022806_perlmutter_5bc126dd,ours_l01_s2_oracle_noshard_trace-610042_b32_k8_isolated,isolated,ours,0,2,act_ms,0.142368,recorder
20260827-022806_perlmutter_5bc126dd,ours_l01_s2_oracle_noshard_trace-610042_b32_k8_isolated,isolated,ours,0,3,act_ms,0.134912,recorder
20260827-022806_perlmutter_5bc126dd,ours_l01_s2_oracle_noshard_trace-610042_b32_k8_isolated,isolated,ours,0,4,act_ms,0.138656,recorder
20260827-022806_perlmutter_5bc126dd,ours_l01_s2_oracle_noshard_trace-610042_b32_k8_isolated,isolated,ours,0,5,act_ms,0.148192,recorder
20260827-022806_perlmutter_5bc126dd,ours_l01_s2_oracle_noshard_trace-610042_b32_k8_isolated,isolated,ours,0,6,act_ms,0.139328,recorder
20260827-022806_perlmutter_5bc126dd,ours_l01_s2_oracle_noshard_trace-610042_b32_k8_isolated,isolated,ours,0,7,act_ms,0.145632,recorder
20260827-022806_perlmutter_5bc126dd,ours_l01_s2_oracle_noshard_trace-610042_b32_k8_isolated,isolated,ours,0,8,act_ms,0.141472,recorder
20260827-022806_perlmutter_5bc126dd,ours_l01_s2_oracle_noshard_trace-610042_b32_k8_isolated,isolated,ours,0,9,act_ms,0.14688,recorder
20260827-022806_perlmutter_5bc126dd,ours_l01_s2_oracle_noshard_trace-610042_b32_k8_isolated,isolated,ours,0,0,l1_ms,50.569504,recorder
20260827-022806_perlmutter_5bc126dd,ours_l01_s2_oracle_noshard_trace-610042_b32_k8_isolated,isolated,ours,0,1,l1_ms,49.139999,recorder
20260827-022806_perlmutter_5bc126dd,ours_l01_s2_oracle_noshard_trace-610042_b32_k8_isolated,isolated,ours,0,2,l1_ms,52.492226,recorder
20260827-022806_perlmutter_5bc126dd,ours_l01_s2_oracle_noshard_trace-610042_b32_k8_isolated,isolated,ours,0,3,l1_ms,49.385666,recorder
20260827-022806_perlmutter_5bc126dd,ours_l01_s2_oracle_noshard_trace-610042_b32_k8_isolated,isolated,ours,0,4,l1_ms,50.978271,recorder
20260827-022806_perlmutter_5bc126dd,ours_l01_s2_oracle_noshard_trace-610042_b32_k8_isolated,isolated,ours,0,5,l1_ms,48.459553,recorder
20260827-022806_perlmutter_5bc126dd,ours_l01_s2_oracle_noshard_trace-610042_b32_k8_isolated,isolated,ours,0,6,l1_ms,48.042336,recorder
20260827-022806_perlmutter_5bc126dd,ours_l01_s2_oracle_noshard_trace-610042_b32_k8_isolated,isolated,ours,0,7,l1_ms,58.527615,recorder
20260827-022806_perlmutter_5bc126dd,ours_l01_s2_oracle_noshard_trace-610042_b32_k8_isolated,isolated,ours,0,8,l1_ms,53.89053,recorder
20260827-022806_perlmutter_5bc126dd,ours_l01_s2_oracle_noshard_trace-610042_b32_k8_isolated,isolated,ours,0,9,l1_ms,48.86528,recorder
20260827-022806_perlmutter_5bc126dd,ours_l01_s2_oracle_noshard_trace-610042_b32_k8_isolated,isolated,ours,0,0,plan_comm_ms,0.27264,recorder
20260827-022806_perlmutter_5bc126dd,ours_l01_s2_oracle_noshard_trace-610042_b32_k8_isolated,isolated,ours,0,1,plan_comm_ms,0.342272,recorder
20260827-022806_perlmutter_5bc126dd,ours_l01_s2_oracle_noshard_trace-610042_b32_k8_isolated,isolated,ours,0,2,plan_comm_ms,0.575712,recorder
20260827-022806_perlmutter_5bc126dd,ours_l01_s2_oracle_noshard_trace-610042_b32_k8_isolated,isolated,ours,0,3,plan_comm_ms,0.256736,recorder
20260827-022806_perlmutter_5bc126dd,ours_l01_s2_oracle_noshard_trace-610042_b32_k8_isolated,isolated,ours,0,4,plan_comm_ms,0.47728,recorder
20260827-022806_perlmutter_5bc126dd,ours_l01_s2_oracle_noshard_trace-610042_b32_k8_isolated,isolated,ours,0,5,plan_comm_ms,0.288448,recorder
20260827-022806_perlmutter_5bc126dd,ours_l01_s2_oracle_noshard_trace-610042_b32_k8_isolated,isolated,ours,0,6,plan_comm_ms,0.33872,recorder
20260827-022806_perlmutter_5bc126dd,ours_l01_s2_oracle_noshard_trace-610042_b32_k8_isolated,isolated,ours,0,7,plan_comm_ms,0.860992,recorder
20260827-022806_perlmutter_5bc126dd,ours_l01_s2_oracle_noshard_trace-610042_b32_k8_isolated,isolated,ours,0,8,plan_comm_ms,0.314784,recorder
20260827-022806_perlmutter_5bc126dd,ours_l01_s2_oracle_noshard_trace-610042_b32_k8_isolated,isolated,ours,0,9,plan_comm_ms,1.729248,recorder
20260827-022806_perlmutter_5bc126dd,ours_l01_s2_oracle_noshard_trace-610042_b32_k8_isolated,isolated,ours,0,0,place_ms,5.088384,recorder
20260827-022806_perlmutter_5bc126dd,ours_l01_s2_oracle_noshard_trace-610042_b32_k8_isolated,isolated,ours,0,1,place_ms,4.8104,recorder
20260827-022806_perlmutter_5bc126dd,ours_l01_s2_oracle_noshard_trace-610042_b32_k8_isolated,isolated,ours,0,2,place_ms,4.73552,recorder
20260827-022806_perlmutter_5bc126dd,ours_l01_s2_oracle_noshard_trace-610042_b32_k8_isolated,isolated,ours,0,3,place_ms,5.192192,recorder
20260827-022806_perlmutter_5bc126dd,ours_l01_s2_oracle_noshard_trace-610042_b32_k8_isolated,isolated,ours,0,4,place_ms,4.790048,recorder
20260827-022806_perlmutter_5bc126dd,ours_l01_s2_oracle_noshard_trace-610042_b32_k8_isolated,isolated,ours,0,5,place_ms,4.84,recorder
20260827-022806_perlmutter_5bc126dd,ours_l01_s2_oracle_noshard_trace-610042_b32_k8_isolated,isolated,ours,0,6,place_ms,4.819744,recorder
20260827-022806_perlmutter_5bc126dd,ours_l01_s2_oracle_noshard_trace-610042_b32_k8_isolated,isolated,ours,0,7,place_ms,5.200032,recorder
20260827-022806_perlmutter_5bc126dd,ours_l01_s2_oracle_noshard_trace-610042_b32_k8_isolated,isolated,ours,0,8,place_ms,4.822048,recorder
20260827-022806_perlmutter_5bc126dd,ours_l01_s2_oracle_noshard_trace-610042_b32_k8_isolated,isolated,ours,0,9,place_ms,4.815008,recorder
20260827-022806_perlmutter_5bc126dd,ours_l01_s2_oracle_noshard_trace-610042_b32_k8_isolated,isolated,ours,0,0,plan_ms,2.891296,recorder
20260827-022806_perlmutter_5bc126dd,ours_l01_s2_oracle_noshard_trace-610042_b32_k8_isolated,isolated,ours,0,1,plan_ms,2.790304,recorder
20260827-022806_perlmutter_5bc126dd,ours_l01_s2_oracle_noshard_trace-610042_b32_k8_isolated,isolated,ours,0,2,plan_ms,2.872864,recorder
20260827-022806_perlmutter_5bc126dd,ours_l01_s2_oracle_noshard_trace-610042_b32_k8_isolated,isolated,ours,0,3,plan_ms,2.553568,recorder
20260827-022806_perlmutter_5bc126dd,ours_l01_s2_oracle_noshard_trace-610042_b32_k8_isolated,isolated,ours,0,4,plan_ms,3.324288,recorder
20260827-022806_perlmutter_5bc126dd,ours_l01_s2_oracle_noshard_trace-610042_b32_k8_isolated,isolated,ours,0,5,plan_ms,2.912128,recorder
20260827-022806_perlmutter_5bc126dd,ours_l01_s2_oracle_noshard_trace-610042_b32_k8_isolated,isolated,ours,0,6,plan_ms,3.85968,recorder
20260827-022806_perlmutter_5bc126dd,ours_l01_s2_oracle_noshard_trace-610042_b32_k8_isolated,isolated,ours,0,7,plan_ms,2.454816,recorder
20260827-022806_perlmutter_5bc126dd,ours_l01_s2_oracle_noshard_trace-610042_b32_k8_isolated,isolated,ours,0,8,plan_ms,2.973152,recorder
20260827-022806_perlmutter_5bc126dd,ours_l01_s2_oracle_noshard_trace-610042_b32_k8_isolated,isolated,ours,0,9,plan_ms,3.032512,recorder
20260827-022806_perlmutter_5bc126dd,ours_l01_s2_oracle_noshard_trace-610042_b32_k8_isolated,isolated,ours,0,0,total_ms,132.103653,recorder
20260827-022806_perlmutter_5bc126dd,ours_l01_s2_oracle_noshard_trace-610042_b32_k8_isolated,isolated,ours,0,1,total_ms,131.375168,recorder
20260827-022806_perlmutter_5bc126dd,ours_l01_s2_oracle_noshard_trace-610042_b32_k8_isolated,isolated,ours,0,2,total_ms,130.13031,recorder
20260827-022806_perlmutter_5bc126dd,ours_l01_s2_oracle_noshard_trace-610042_b32_k8_isolated,isolated,ours,0,3,total_ms,131.36058,recorder
20260827-022806_perlmutter_5bc126dd,ours_l01_s2_oracle_noshard_trace-610042_b32_k8_isolated,isolated,ours,0,4,total_ms,131.408096,recorder
20260827-022806_perlmutter_5bc126dd,ours_l01_s2_oracle_noshard_trace-610042_b32_k8_isolated,isolated,ours,0,5,total_ms,131.265915,recorder
20260827-022806_perlmutter_5bc126dd,ours_l01_s2_oracle_noshard_trace-610042_b32_k8_isolated,isolated,ours,0,6,total_ms,129.071808,recorder
20260827-022806_perlmutter_5bc126dd,ours_l01_s2_oracle_noshard_trace-610042_b32_k8_isolated,isolated,ours,0,7,total_ms,133.966599,recorder
20260827-022806_perlmutter_5bc126dd,ours_l01_s2_oracle_noshard_trace-610042_b32_k8_isolated,isolated,ours,0,8,total_ms,134.128891,recorder
20260827-022806_perlmutter_5bc126dd,ours_l01_s2_oracle_noshard_trace-610042_b32_k8_isolated,isolated,ours,0,9,total_ms,133.735291,recorder
20260827-022806_perlmutter_5bc126dd,ours_l01_s2_oracle_noshard_trace-610042_b32_k8_isolated,isolated,ours,0,0,iso_sync_ms,0.299459,recorder
20260827-022806_perlmutter_5bc126dd,ours_l01_s2_oracle_noshard_trace-610042_b32_k8_isolated,isolated,ours,0,1,iso_sync_ms,0.794925,recorder
20260827-022806_perlmutter_5bc126dd,ours_l01_s2_oracle_noshard_trace-610042_b32_k8_isolated,isolated,ours,0,2,iso_sync_ms,0.174297,recorder
20260827-022806_perlmutter_5bc126dd,ours_l01_s2_oracle_noshard_trace-610042_b32_k8_isolated,isolated,ours,0,3,iso_sync_ms,0.717226,recorder
20260827-022806_perlmutter_5bc126dd,ours_l01_s2_oracle_noshard_trace-610042_b32_k8_isolated,isolated,ours,0,4,iso_sync_ms,0.722506,recorder
20260827-022806_perlmutter_5bc126dd,ours_l01_s2_oracle_noshard_trace-610042_b32_k8_isolated,isolated,ours,0,5,iso_sync_ms,0.803211,recorder
20260827-022806_perlmutter_5bc126dd,ours_l01_s2_oracle_noshard_trace-610042_b32_k8_isolated,isolated,ours,0,6,iso_sync_ms,1.286996,recorder
20260827-022806_perlmutter_5bc126dd,ours_l01_s2_oracle_noshard_trace-610042_b32_k8_isolated,isolated,ours,0,7,iso_sync_ms,0.343233,recorder
20260827-022806_perlmutter_5bc126dd,ours_l01_s2_oracle_noshard_trace-610042_b32_k8_isolated,isolated,ours,0,8,iso_sync_ms,0.747163,recorder
20260827-022806_perlmutter_5bc126dd,ours_l01_s2_oracle_noshard_trace-610042_b32_k8_isolated,isolated,ours,0,9,iso_sync_ms,1.627713,recorder
20260827-022806_perlmutter_5bc126dd,ours_l01_s2_oracle_noshard_trace-610042_b32_k8_isolated,isolated,ours,1,0,e2e_ms,123.987648,recorder
20260827-022806_perlmutter_5bc126dd,ours_l01_s2_oracle_noshard_trace-610042_b32_k8_isolated,isolated,ours,1,1,e2e_ms,123.549698,recorder
20260827-022806_perlmutter_5bc126dd,ours_l01_s2_oracle_noshard_trace-610042_b32_k8_isolated,isolated,ours,1,2,e2e_ms,122.065056,recorder
20260827-022806_perlmutter_5bc126dd,ours_l01_s2_oracle_noshard_trace-610042_b32_k8_isolated,isolated,ours,1,3,e2e_ms,123.413345,recorder
20260827-022806_perlmutter_5bc126dd,ours_l01_s2_oracle_noshard_trace-610042_b32_k8_isolated,isolated,ours,1,4,e2e_ms,123.05658,recorder
20260827-022806_perlmutter_5bc126dd,ours_l01_s2_oracle_noshard_trace-610042_b32_k8_isolated,isolated,ours,1,5,e2e_ms,123.358337,recorder
20260827-022806_perlmutter_5bc126dd,ours_l01_s2_oracle_noshard_trace-610042_b32_k8_isolated,isolated,ours,1,6,e2e_ms,120.248451,recorder
20260827-022806_perlmutter_5bc126dd,ours_l01_s2_oracle_noshard_trace-610042_b32_k8_isolated,isolated,ours,1,7,e2e_ms,125.504639,recorder
20260827-022806_perlmutter_5bc126dd,ours_l01_s2_oracle_noshard_trace-610042_b32_k8_isolated,isolated,ours,1,8,e2e_ms,126.147011,recorder
20260827-022806_perlmutter_5bc126dd,ours_l01_s2_oracle_noshard_trace-610042_b32_k8_isolated,isolated,ours,1,9,e2e_ms,124.269341,recorder
20260827-022806_perlmutter_5bc126dd,ours_l01_s2_oracle_noshard_trace-610042_b32_k8_isolated,isolated,ours,1,0,l0_ms,75.654335,recorder
20260827-022806_perlmutter_5bc126dd,ours_l01_s2_oracle_noshard_trace-610042_b32_k8_isolated,isolated,ours,1,1,l0_ms,73.799644,recorder
20260827-022806_perlmutter_5bc126dd,ours_l01_s2_oracle_noshard_trace-610042_b32_k8_isolated,isolated,ours,1,2,l0_ms,69.961502,recorder
20260827-022806_perlmutter_5bc126dd,ours_l01_s2_oracle_noshard_trace-610042_b32_k8_isolated,isolated,ours,1,3,l0_ms,73.795006,recorder
20260827-022806_perlmutter_5bc126dd,ours_l01_s2_oracle_noshard_trace-610042_b32_k8_isolated,isolated,ours,1,4,l0_ms,74.880196,recorder
20260827-022806_perlmutter_5bc126dd,ours_l01_s2_oracle_noshard_trace-610042_b32_k8_isolated,isolated,ours,1,5,l0_ms,72.388962,recorder
20260827-022806_perlmutter_5bc126dd,ours_l01_s2_oracle_noshard_trace-610042_b32_k8_isolated,isolated,ours,1,6,l0_ms,72.135872,recorder
20260827-022806_perlmutter_5bc126dd,ours_l01_s2_oracle_noshard_trace-610042_b32_k8_isolated,isolated,ours,1,7,l0_ms,67.603806,recorder
20260827-022806_perlmutter_5bc126dd,ours_l01_s2_oracle_noshard_trace-610042_b32_k8_isolated,isolated,ours,1,8,l0_ms,75.986526,recorder
20260827-022806_perlmutter_5bc126dd,ours_l01_s2_oracle_noshard_trace-610042_b32_k8_isolated,isolated,ours,1,9,l0_ms,71.077888,recorder
20260827-022806_perlmutter_5bc126dd,ours_l01_s2_oracle_noshard_trace-610042_b32_k8_isolated,isolated,ours,1,0,act_ms,0.138656,recorder
20260827-022806_perlmutter_5bc126dd,ours_l01_s2_oracle_noshard_trace-610042_b32_k8_isolated,isolated,ours,1,1,act_ms,0.128672,recorder
20260827-022806_perlmutter_5bc126dd,ours_l01_s2_oracle_noshard_trace-610042_b32_k8_isolated,isolated,ours,1,2,act_ms,0.132832,recorder
20260827-022806_perlmutter_5bc126dd,ours_l01_s2_oracle_noshard_trace-610042_b32_k8_isolated,isolated,ours,1,3,act_ms,0.133568,recorder
20260827-022806_perlmutter_5bc126dd,ours_l01_s2_oracle_noshard_trace-610042_b32_k8_isolated,isolated,ours,1,4,act_ms,0.141248,recorder
20260827-022806_perlmutter_5bc126dd,ours_l01_s2_oracle_noshard_trace-610042_b32_k8_isolated,isolated,ours,1,5,act_ms,0.13456,recorder
20260827-022806_perlmutter_5bc126dd,ours_l01_s2_oracle_noshard_trace-610042_b32_k8_isolated,isolated,ours,1,6,act_ms,0.141312,recorder
20260827-022806_perlmutter_5bc126dd,ours_l01_s2_oracle_noshard_trace-610042_b32_k8_isolated,isolated,ours,1,7,act_ms,0.133376,recorder
20260827-022806_perlmutter_5bc126dd,ours_l01_s2_oracle_noshard_trace-610042_b32_k8_isolated,isolated,ours,1,8,act_ms,0.144224,recorder
20260827-022806_perlmutter_5bc126dd,ours_l01_s2_oracle_noshard_trace-610042_b32_k8_isolated,isolated,ours,1,9,act_ms,0.132384,recorder
20260827-022806_perlmutter_5bc126dd,ours_l01_s2_oracle_noshard_trace-610042_b32_k8_isolated,isolated,ours,1,0,l1_ms,48.194656,recorder
20260827-022806_perlmutter_5bc126dd,ours_l01_s2_oracle_noshard_trace-610042_b32_k8_isolated,isolated,ours,1,1,l1_ms,49.621376,recorder
20260827-022806_perlmutter_5bc126dd,ours_l01_s2_oracle_noshard_trace-610042_b32_k8_isolated,isolated,ours,1,2,l1_ms,51.970718,recorder
20260827-022806_perlmutter_5bc126dd,ours_l01_s2_oracle_noshard_trace-610042_b32_k8_isolated,isolated,ours,1,3,l1_ms,49.484768,recorder
20260827-022806_perlmutter_5bc126dd,ours_l01_s2_oracle_noshard_trace-610042_b32_k8_isolated,isolated,ours,1,4,l1_ms,48.035137,recorder
20260827-022806_perlmutter_5bc126dd,ours_l01_s2_oracle_noshard_trace-610042_b32_k8_isolated,isolated,ours,1,5,l1_ms,50.834816,recorder
20260827-022806_perlmutter_5bc126dd,ours_l01_s2_oracle_noshard_trace-610042_b32_k8_isolated,isolated,ours,1,6,l1_ms,47.971264,recorder
20260827-022806_perlmutter_5bc126dd,ours_l01_s2_oracle_noshard_trace-610042_b32_k8_isolated,isolated,ours,1,7,l1_ms,57.767456,recorder
20260827-022806_perlmutter_5bc126dd,ours_l01_s2_oracle_noshard_trace-610042_b32_k8_isolated,isolated,ours,1,8,l1_ms,50.016254,recorder
20260827-022806_perlmutter_5bc126dd,ours_l01_s2_oracle_noshard_trace-610042_b32_k8_isolated,isolated,ours,1,9,l1_ms,53.059071,recorder
20260827-022806_perlmutter_5bc126dd,ours_l01_s2_oracle_noshard_trace-610042_b32_k8_isolated,isolated,ours,1,0,plan_comm_ms,0.273408,recorder
20260827-022806_perlmutter_5bc126dd,ours_l01_s2_oracle_noshard_trace-610042_b32_k8_isolated,isolated,ours,1,1,plan_comm_ms,0.353184,recorder
20260827-022806_perlmutter_5bc126dd,ours_l01_s2_oracle_noshard_trace-610042_b32_k8_isolated,isolated,ours,1,2,plan_comm_ms,0.574592,recorder
20260827-022806_perlmutter_5bc126dd,ours_l01_s2_oracle_noshard_trace-610042_b32_k8_isolated,isolated,ours,1,3,plan_comm_ms,0.287104,recorder
20260827-022806_perlmutter_5bc126dd,ours_l01_s2_oracle_noshard_trace-610042_b32_k8_isolated,isolated,ours,1,4,plan_comm_ms,0.483584,recorder
20260827-022806_perlmutter_5bc126dd,ours_l01_s2_oracle_noshard_trace-610042_b32_k8_isolated,isolated,ours,1,5,plan_comm_ms,0.295872,recorder
20260827-022806_perlmutter_5bc126dd,ours_l01_s2_oracle_noshard_trace-610042_b32_k8_isolated,isolated,ours,1,6,plan_comm_ms,0.339584,recorder
20260827-022806_perlmutter_5bc126dd,ours_l01_s2_oracle_noshard_trace-610042_b32_k8_isolated,isolated,ours,1,7,plan_comm_ms,0.90592,recorder
20260827-022806_perlmutter_5bc126dd,ours_l01_s2_oracle_noshard_trace-610042_b32_k8_isolated,isolated,ours,1,8,plan_comm_ms,0.320928,recorder
20260827-022806_perlmutter_5bc126dd,ours_l01_s2_oracle_noshard_trace-610042_b32_k8_isolated,isolated,ours,1,9,plan_comm_ms,1.651808,recorder
20260827-022806_perlmutter_5bc126dd,ours_l01_s2_oracle_noshard_trace-610042_b32_k8_isolated,isolated,ours,1,0,place_ms,4.769248,recorder
20260827-022806_perlmutter_5bc126dd,ours_l01_s2_oracle_noshard_trace-610042_b32_k8_isolated,isolated,ours,1,1,place_ms,4.7376,recorder
20260827-022806_perlmutter_5bc126dd,ours_l01_s2_oracle_noshard_trace-610042_b32_k8_isolated,isolated,ours,1,2,place_ms,4.708096,recorder
20260827-022806_perlmutter_5bc126dd,ours_l01_s2_oracle_noshard_trace-610042_b32_k8_isolated,isolated,ours,1,3,place_ms,4.724928,recorder
20260827-022806_perlmutter_5bc126dd,ours_l01_s2_oracle_noshard_trace-610042_b32_k8_isolated,isolated,ours,1,4,place_ms,4.741344,recorder
20260827-022806_perlmutter_5bc126dd,ours_l01_s2_oracle_noshard_trace-610042_b32_k8_isolated,isolated,ours,1,5,place_ms,4.75968,recorder
20260827-022806_perlmutter_5bc126dd,ours_l01_s2_oracle_noshard_trace-610042_b32_k8_isolated,isolated,ours,1,6,place_ms,4.79168,recorder
20260827-022806_perlmutter_5bc126dd,ours_l01_s2_oracle_noshard_trace-610042_b32_k8_isolated,isolated,ours,1,7,place_ms,4.709184,recorder
20260827-022806_perlmutter_5bc126dd,ours_l01_s2_oracle_noshard_trace-610042_b32_k8_isolated,isolated,ours,1,8,place_ms,4.776128,recorder
20260827-022806_perlmutter_5bc126dd,ours_l01_s2_oracle_noshard_trace-610042_b32_k8_isolated,isolated,ours,1,9,place_ms,5.005056,recorder
20260827-022806_perlmutter_5bc126dd,ours_l01_s2_oracle_noshard_trace-610042_b32_k8_isolated,isolated,ours,1,0,plan_ms,3.09616,recorder
20260827-022806_perlmutter_5bc126dd,ours_l01_s2_oracle_noshard_trace-610042_b32_k8_isolated,isolated,ours,1,1,plan_ms,2.748992,recorder
20260827-022806_perlmutter_5bc126dd,ours_l01_s2_oracle_noshard_trace-610042_b32_k8_isolated,isolated,ours,1,2,plan_ms,2.776096,recorder
20260827-022806_perlmutter_5bc126dd,ours_l01_s2_oracle_noshard_trace-610042_b32_k8_isolated,isolated,ours,1,3,plan_ms,2.967168,recorder
20260827-022806_perlmutter_5bc126dd,ours_l01_s2_oracle_noshard_trace-610042_b32_k8_isolated,isolated,ours,1,4,plan_ms,3.133984,recorder
20260827-022806_perlmutter_5bc126dd,ours_l01_s2_oracle_noshard_trace-610042_b32_k8_isolated,isolated,ours,1,5,plan_ms,2.860992,recorder
20260827-022806_perlmutter_5bc126dd,ours_l01_s2_oracle_noshard_trace-610042_b32_k8_isolated,isolated,ours,1,6,plan_ms,3.6872,recorder
20260827-022806_perlmutter_5bc126dd,ours_l01_s2_oracle_noshard_trace-610042_b32_k8_isolated,isolated,ours,1,7,plan_ms,2.899552,recorder
20260827-022806_perlmutter_5bc126dd,ours_l01_s2_oracle_noshard_trace-610042_b32_k8_isolated,isolated,ours,1,8,plan_ms,2.895232,recorder
20260827-022806_perlmutter_5bc126dd,ours_l01_s2_oracle_noshard_trace-610042_b32_k8_isolated,isolated,ours,1,9,plan_ms,2.730688,recorder
20260827-022806_perlmutter_5bc126dd,ours_l01_s2_oracle_noshard_trace-610042_b32_k8_isolated,isolated,ours,1,0,total_ms,132.12883,recorder
20260827-022806_perlmutter_5bc126dd,ours_l01_s2_oracle_noshard_trace-610042_b32_k8_isolated,isolated,ours,1,1,total_ms,131.392166,recorder
20260827-022806_perlmutter_5bc126dd,ours_l01_s2_oracle_noshard_trace-610042_b32_k8_isolated,isolated,ours,1,2,total_ms,130.126694,recorder
20260827-022806_perlmutter_5bc126dd,ours_l01_s2_oracle_noshard_trace-610042_b32_k8_isolated,isolated,ours,1,3,total_ms,131.395615,recorder
20260827-022806_perlmutter_5bc126dd,ours_l01_s2_oracle_noshard_trace-610042_b32_k8_isolated,isolated,ours,1,4,total_ms,131.418457,recorder
20260827-022806_perlmutter_5bc126dd,ours_l01_s2_oracle_noshard_trace-610042_b32_k8_isolated,isolated,ours,1,5,total_ms,131.277283,recorder
20260827-022806_perlmutter_5bc126dd,ours_l01_s2_oracle_noshard_trace-610042_b32_k8_isolated,isolated,ours,1,6,total_ms,129.069702,recorder
20260827-022806_perlmutter_5bc126dd,ours_l01_s2_oracle_noshard_trace-610042_b32_k8_isolated,isolated,ours,1,7,total_ms,134.021957,recorder
20260827-022806_perlmutter_5bc126dd,ours_l01_s2_oracle_noshard_trace-610042_b32_k8_isolated,isolated,ours,1,8,total_ms,134.142014,recorder
20260827-022806_perlmutter_5bc126dd,ours_l01_s2_oracle_noshard_trace-610042_b32_k8_isolated,isolated,ours,1,9,total_ms,133.659424,recorder
20260827-022806_perlmutter_5bc126dd,ours_l01_s2_oracle_noshard_trace-610042_b32_k8_isolated,isolated,ours,1,0,iso_sync_ms,0.548709,recorder
20260827-022806_perlmutter_5bc126dd,ours_l01_s2_oracle_noshard_trace-610042_b32_k8_isolated,isolated,ours,1,1,iso_sync_ms,0.762653,recorder
20260827-022806_perlmutter_5bc126dd,ours_l01_s2_oracle_noshard_trace-610042_b32_k8_isolated,isolated,ours,1,2,iso_sync_ms,0.162173,recorder
20260827-022806_perlmutter_5bc126dd,ours_l01_s2_oracle_noshard_trace-610042_b32_k8_isolated,isolated,ours,1,3,iso_sync_ms,0.728026,recorder
20260827-022806_perlmutter_5bc126dd,ours_l01_s2_oracle_noshard_trace-610042_b32_k8_isolated,isolated,ours,1,4,iso_sync_ms,0.713609,recorder
20260827-022806_perlmutter_5bc126dd,ours_l01_s2_oracle_noshard_trace-610042_b32_k8_isolated,isolated,ours,1,5,iso_sync_ms,0.80751,recorder
20260827-022806_perlmutter_5bc126dd,ours_l01_s2_oracle_noshard_trace-610042_b32_k8_isolated,isolated,ours,1,6,iso_sync_ms,1.27337,recorder
20260827-022806_perlmutter_5bc126dd,ours_l01_s2_oracle_noshard_trace-610042_b32_k8_isolated,isolated,ours,1,7,iso_sync_ms,0.8803,recorder
20260827-022806_perlmutter_5bc126dd,ours_l01_s2_oracle_noshard_trace-610042_b32_k8_isolated,isolated,ours,1,8,iso_sync_ms,0.737134,recorder
20260827-022806_perlmutter_5bc126dd,ours_l01_s2_oracle_noshard_trace-610042_b32_k8_isolated,isolated,ours,1,9,iso_sync_ms,1.281776,recorder
20260827-022806_perlmutter_5bc126dd,ours_l01_s2_oracle_noshard_trace-610042_b32_k8_isolated,isolated,ours,2,0,e2e_ms,123.854691,recorder
20260827-022806_perlmutter_5bc126dd,ours_l01_s2_oracle_noshard_trace-610042_b32_k8_isolated,isolated,ours,2,1,e2e_ms,123.390816,recorder
20260827-022806_perlmutter_5bc126dd,ours_l01_s2_oracle_noshard_trace-610042_b32_k8_isolated,isolated,ours,2,2,e2e_ms,121.920708,recorder
20260827-022806_perlmutter_5bc126dd,ours_l01_s2_oracle_noshard_trace-610042_b32_k8_isolated,isolated,ours,2,3,e2e_ms,123.242943,recorder
20260827-022806_perlmutter_5bc126dd,ours_l01_s2_oracle_noshard_trace-610042_b32_k8_isolated,isolated,ours,2,4,e2e_ms,122.714333,recorder
20260827-022806_perlmutter_5bc126dd,ours_l01_s2_oracle_noshard_trace-610042_b32_k8_isolated,isolated,ours,2,5,e2e_ms,123.186852,recorder
20260827-022806_perlmutter_5bc126dd,ours_l01_s2_oracle_noshard_trace-610042_b32_k8_isolated,isolated,ours,2,6,e2e_ms,120.041924,recorder
20260827-022806_perlmutter_5bc126dd,ours_l01_s2_oracle_noshard_trace-610042_b32_k8_isolated,isolated,ours,2,7,e2e_ms,125.329155,recorder
20260827-022806_perlmutter_5bc126dd,ours_l01_s2_oracle_noshard_trace-610042_b32_k8_isolated,isolated,ours,2,8,e2e_ms,125.956451,recorder
20260827-022806_perlmutter_5bc126dd,ours_l01_s2_oracle_noshard_trace-610042_b32_k8_isolated,isolated,ours,2,9,e2e_ms,124.057312,recorder
20260827-022806_perlmutter_5bc126dd,ours_l01_s2_oracle_noshard_trace-610042_b32_k8_isolated,isolated,ours,2,0,l0_ms,74.181664,recorder
20260827-022806_perlmutter_5bc126dd,ours_l01_s2_oracle_noshard_trace-610042_b32_k8_isolated,isolated,ours,2,1,l0_ms,71.659683,recorder
20260827-022806_perlmutter_5bc126dd,ours_l01_s2_oracle_noshard_trace-610042_b32_k8_isolated,isolated,ours,2,2,l0_ms,70.053825,recorder
20260827-022806_perlmutter_5bc126dd,ours_l01_s2_oracle_noshard_trace-610042_b32_k8_isolated,isolated,ours,2,3,l0_ms,73.627075,recorder
20260827-022806_perlmutter_5bc126dd,ours_l01_s2_oracle_noshard_trace-610042_b32_k8_isolated,isolated,ours,2,4,l0_ms,69.342079,recorder
20260827-022806_perlmutter_5bc126dd,ours_l01_s2_oracle_noshard_trace-610042_b32_k8_isolated,isolated,ours,2,5,l0_ms,71.290306,recorder
20260827-022806_perlmutter_5bc126dd,ours_l01_s2_oracle_noshard_trace-610042_b32_k8_isolated,isolated,ours,2,6,l0_ms,71.939613,recorder
20260827-022806_perlmutter_5bc126dd,ours_l01_s2_oracle_noshard_trace-610042_b32_k8_isolated,isolated,ours,2,7,l0_ms,64.852417,recorder
20260827-022806_perlmutter_5bc126dd,ours_l01_s2_oracle_noshard_trace-610042_b32_k8_isolated,isolated,ours,2,8,l0_ms,76.375519,recorder
20260827-022806_perlmutter_5bc126dd,ours_l01_s2_oracle_noshard_trace-610042_b32_k8_isolated,isolated,ours,2,9,l0_ms,72.832291,recorder
20260827-022806_perlmutter_5bc126dd,ours_l01_s2_oracle_noshard_trace-610042_b32_k8_isolated,isolated,ours,2,0,act_ms,0.143232,recorder
20260827-022806_perlmutter_5bc126dd,ours_l01_s2_oracle_noshard_trace-610042_b32_k8_isolated,isolated,ours,2,1,act_ms,0.137312,recorder
20260827-022806_perlmutter_5bc126dd,ours_l01_s2_oracle_noshard_trace-610042_b32_k8_isolated,isolated,ours,2,2,act_ms,0.140608,recorder
20260827-022806_perlmutter_5bc126dd,ours_l01_s2_oracle_noshard_trace-610042_b32_k8_isolated,isolated,ours,2,3,act_ms,0.142912,recorder
20260827-022806_perlmutter_5bc126dd,ours_l01_s2_oracle_noshard_trace-610042_b32_k8_isolated,isolated,ours,2,4,act_ms,0.144032,recorder
20260827-022806_perlmutter_5bc126dd,ours_l01_s2_oracle_noshard_trace-610042_b32_k8_isolated,isolated,ours,2,5,act_ms,0.130688,recorder
20260827-022806_perlmutter_5bc126dd,ours_l01_s2_oracle_noshard_trace-610042_b32_k8_isolated,isolated,ours,2,6,act_ms,0.129792,recorder
20260827-022806_perlmutter_5bc126dd,ours_l01_s2_oracle_noshard_trace-610042_b32_k8_isolated,isolated,ours,2,7,act_ms,0.13888,recorder
20260827-022806_perlmutter_5bc126dd,ours_l01_s2_oracle_noshard_trace-610042_b32_k8_isolated,isolated,ours,2,8,act_ms,0.139392,recorder
20260827-022806_perlmutter_5bc126dd,ours_l01_s2_oracle_noshard_trace-610042_b32_k8_isolated,isolated,ours,2,9,act_ms,0.137856,recorder
20260827-022806_perlmutter_5bc126dd,ours_l01_s2_oracle_noshard_trace-610042_b32_k8_isolated,isolated,ours,2,0,l1_ms,49.529793,recorder
20260827-022806_perlmutter_5bc126dd,ours_l01_s2_oracle_noshard_trace-610042_b32_k8_isolated,isolated,ours,2,1,l1_ms,51.593822,recorder
20260827-022806_perlmutter_5bc126dd,ours_l01_s2_oracle_noshard_trace-610042_b32_k8_isolated,isolated,ours,2,2,l1_ms,51.726273,recorder
20260827-022806_perlmutter_5bc126dd,ours_l01_s2_oracle_noshard_trace-610042_b32_k8_isolated,isolated,ours,2,3,l1_ms,49.472961,recorder
20260827-022806_perlmutter_5bc126dd,ours_l01_s2_oracle_noshard_trace-610042_b32_k8_isolated,isolated,ours,2,4,l1_ms,53.228226,recorder
20260827-022806_perlmutter_5bc126dd,ours_l01_s2_oracle_noshard_trace-610042_b32_k8_isolated,isolated,ours,2,5,l1_ms,51.765858,recorder
20260827-022806_perlmutter_5bc126dd,ours_l01_s2_oracle_noshard_trace-610042_b32_k8_isolated,isolated,ours,2,6,l1_ms,47.972511,recorder
20260827-022806_perlmutter_5bc126dd,ours_l01_s2_oracle_noshard_trace-610042_b32_k8_isolated,isolated,ours,2,7,l1_ms,60.337856,recorder
20260827-022806_perlmutter_5bc126dd,ours_l01_s2_oracle_noshard_trace-610042_b32_k8_isolated,isolated,ours,2,8,l1_ms,49.441536,recorder
20260827-022806_perlmutter_5bc126dd,ours_l01_s2_oracle_noshard_trace-610042_b32_k8_isolated,isolated,ours,2,9,l1_ms,51.08717,recorder
20260827-022806_perlmutter_5bc126dd,ours_l01_s2_oracle_noshard_trace-610042_b32_k8_isolated,isolated,ours,2,0,plan_comm_ms,0.272384,recorder
20260827-022806_perlmutter_5bc126dd,ours_l01_s2_oracle_noshard_trace-610042_b32_k8_isolated,isolated,ours,2,1,plan_comm_ms,0.34576,recorder
20260827-022806_perlmutter_5bc126dd,ours_l01_s2_oracle_noshard_trace-610042_b32_k8_isolated,isolated,ours,2,2,plan_comm_ms,0.571648,recorder
20260827-022806_perlmutter_5bc126dd,ours_l01_s2_oracle_noshard_trace-610042_b32_k8_isolated,isolated,ours,2,3,plan_comm_ms,0.28272,recorder
20260827-022806_perlmutter_5bc126dd,ours_l01_s2_oracle_noshard_trace-610042_b32_k8_isolated,isolated,ours,2,4,plan_comm_ms,0.483712,recorder
20260827-022806_perlmutter_5bc126dd,ours_l01_s2_oracle_noshard_trace-610042_b32_k8_isolated,isolated,ours,2,5,plan_comm_ms,0.296768,recorder
20260827-022806_perlmutter_5bc126dd,ours_l01_s2_oracle_noshard_trace-610042_b32_k8_isolated,isolated,ours,2,6,plan_comm_ms,0.33616,recorder
20260827-022806_perlmutter_5bc126dd,ours_l01_s2_oracle_noshard_trace-610042_b32_k8_isolated,isolated,ours,2,7,plan_comm_ms,0.900768,recorder
20260827-022806_perlmutter_5bc126dd,ours_l01_s2_oracle_noshard_trace-610042_b32_k8_isolated,isolated,ours,2,8,plan_comm_ms,0.319264,recorder
20260827-022806_perlmutter_5bc126dd,ours_l01_s2_oracle_noshard_trace-610042_b32_k8_isolated,isolated,ours,2,9,plan_comm_ms,1.663072,recorder
20260827-022806_perlmutter_5bc126dd,ours_l01_s2_oracle_noshard_trace-610042_b32_k8_isolated,isolated,ours,2,0,place_ms,4.823712,recorder
20260827-022806_perlmutter_5bc126dd,ours_l01_s2_oracle_noshard_trace-610042_b32_k8_isolated,isolated,ours,2,1,place_ms,4.80912,recorder
20260827-022806_perlmutter_5bc126dd,ours_l01_s2_oracle_noshard_trace-610042_b32_k8_isolated,isolated,ours,2,2,place_ms,4.718624,recorder
20260827-022806_perlmutter_5bc126dd,ours_l01_s2_oracle_noshard_trace-610042_b32_k8_isolated,isolated,ours,2,3,place_ms,4.757088,recorder
20260827-022806_perlmutter_5bc126dd,ours_l01_s2_oracle_noshard_trace-610042_b32_k8_isolated,isolated,ours,2,4,place_ms,4.756192,recorder
20260827-022806_perlmutter_5bc126dd,ours_l01_s2_oracle_noshard_trace-610042_b32_k8_isolated,isolated,ours,2,5,place_ms,4.801632,recorder
20260827-022806_perlmutter_5bc126dd,ours_l01_s2_oracle_noshard_trace-610042_b32_k8_isolated,isolated,ours,2,6,place_ms,4.808128,recorder
20260827-022806_perlmutter_5bc126dd,ours_l01_s2_oracle_noshard_trace-610042_b32_k8_isolated,isolated,ours,2,7,place_ms,4.76192,recorder
20260827-022806_perlmutter_5bc126dd,ours_l01_s2_oracle_noshard_trace-610042_b32_k8_isolated,isolated,ours,2,8,place_ms,4.809376,recorder
20260827-022806_perlmutter_5bc126dd,ours_l01_s2_oracle_noshard_trace-610042_b32_k8_isolated,isolated,ours,2,9,place_ms,5.16144,recorder
20260827-022806_perlmutter_5bc126dd,ours_l01_s2_oracle_noshard_trace-610042_b32_k8_isolated,isolated,ours,2,0,plan_ms,3.182368,recorder
20260827-022806_perlmutter_5bc126dd,ours_l01_s2_oracle_noshard_trace-610042_b32_k8_isolated,isolated,ours,2,1,plan_ms,2.83872,recorder
20260827-022806_perlmutter_5bc126dd,ours_l01_s2_oracle_noshard_trace-610042_b32_k8_isolated,isolated,ours,2,2,plan_ms,2.916864,recorder
20260827-022806_perlmutter_5bc126dd,ours_l01_s2_oracle_noshard_trace-610042_b32_k8_isolated,isolated,ours,2,3,plan_ms,3.10656,recorder
20260827-022806_perlmutter_5bc126dd,ours_l01_s2_oracle_noshard_trace-610042_b32_k8_isolated,isolated,ours,2,4,plan_ms,3.467232,recorder
20260827-022806_perlmutter_5bc126dd,ours_l01_s2_oracle_noshard_trace-610042_b32_k8_isolated,isolated,ours,2,5,plan_ms,2.992704,recorder
20260827-022806_perlmutter_5bc126dd,ours_l01_s2_oracle_noshard_trace-610042_b32_k8_isolated,isolated,ours,2,6,plan_ms,3.885312,recorder
20260827-022806_perlmutter_5bc126dd,ours_l01_s2_oracle_noshard_trace-610042_b32_k8_isolated,isolated,ours,2,7,plan_ms,3.024832,recorder
20260827-022806_perlmutter_5bc126dd,ours_l01_s2_oracle_noshard_trace-610042_b32_k8_isolated,isolated,ours,2,8,plan_ms,3.0536,recorder
20260827-022806_perlmutter_5bc126dd,ours_l01_s2_oracle_noshard_trace-610042_b32_k8_isolated,isolated,ours,2,9,plan_ms,2.79312,recorder
20260827-022806_perlmutter_5bc126dd,ours_l01_s2_oracle_noshard_trace-610042_b32_k8_isolated,isolated,ours,2,0,total_ms,132.136002,recorder
20260827-022806_perlmutter_5bc126dd,ours_l01_s2_oracle_noshard_trace-610042_b32_k8_isolated,isolated,ours,2,1,total_ms,131.387207,recorder
20260827-022806_perlmutter_5bc126dd,ours_l01_s2_oracle_noshard_trace-610042_b32_k8_isolated,isolated,ours,2,2,total_ms,130.13063,recorder
20260827-022806_perlmutter_5bc126dd,ours_l01_s2_oracle_noshard_trace-610042_b32_k8_isolated,isolated,ours,2,3,total_ms,131.392197,recorder
20260827-022806_perlmutter_5bc126dd,ours_l01_s2_oracle_noshard_trace-610042_b32_k8_isolated,isolated,ours,2,4,total_ms,131.424667,recorder
20260827-022806_perlmutter_5bc126dd,ours_l01_s2_oracle_noshard_trace-610042_b32_k8_isolated,isolated,ours,2,5,total_ms,131.280701,recorder
20260827-022806_perlmutter_5bc126dd,ours_l01_s2_oracle_noshard_trace-610042_b32_k8_isolated,isolated,ours,2,6,total_ms,129.074371,recorder
20260827-022806_perlmutter_5bc126dd,ours_l01_s2_oracle_noshard_trace-610042_b32_k8_isolated,isolated,ours,2,7,total_ms,134.019547,recorder
20260827-022806_perlmutter_5bc126dd,ours_l01_s2_oracle_noshard_trace-610042_b32_k8_isolated,isolated,ours,2,8,total_ms,134.141754,recorder
20260827-022806_perlmutter_5bc126dd,ours_l01_s2_oracle_noshard_trace-610042_b32_k8_isolated,isolated,ours,2,9,total_ms,133.677917,recorder
20260827-022806_perlmutter_5bc126dd,ours_l01_s2_oracle_noshard_trace-610042_b32_k8_isolated,isolated,ours,2,0,iso_sync_ms,0.511798,recorder
20260827-022806_perlmutter_5bc126dd,ours_l01_s2_oracle_noshard_trace-610042_b32_k8_isolated,isolated,ours,2,1,iso_sync_ms,0.753266,recorder
20260827-022806_perlmutter_5bc126dd,ours_l01_s2_oracle_noshard_trace-610042_b32_k8_isolated,isolated,ours,2,2,iso_sync_ms,0.17052,recorder
20260827-022806_perlmutter_5bc126dd,ours_l01_s2_oracle_noshard_trace-610042_b32_k8_isolated,isolated,ours,2,3,iso_sync_ms,0.723216,recorder
20260827-022806_perlmutter_5bc126dd,ours_l01_s2_oracle_noshard_trace-610042_b32_k8_isolated,isolated,ours,2,4,iso_sync_ms,0.721453,recorder
20260827-022806_perlmutter_5bc126dd,ours_l01_s2_oracle_noshard_trace-610042_b32_k8_isolated,isolated,ours,2,5,iso_sync_ms,0.798743,recorder
20260827-022806_perlmutter_5bc126dd,ours_l01_s2_oracle_noshard_trace-610042_b32_k8_isolated,isolated,ours,2,6,iso_sync_ms,1.282577,recorder
20260827-022806_perlmutter_5bc126dd,ours_l01_s2_oracle_noshard_trace-610042_b32_k8_isolated,isolated,ours,2,7,iso_sync_ms,0.873637,recorder
20260827-022806_perlmutter_5bc126dd,ours_l01_s2_oracle_noshard_trace-610042_b32_k8_isolated,isolated,ours,2,8,iso_sync_ms,0.740249,recorder
20260827-022806_perlmutter_5bc126dd,ours_l01_s2_oracle_noshard_trace-610042_b32_k8_isolated,isolated,ours,2,9,iso_sync_ms,0.291553,recorder
20260827-022806_perlmutter_5bc126dd,ours_l01_s2_oracle_noshard_trace-610042_b32_k8_isolated,isolated,ours,3,0,e2e_ms,123.958527,recorder
20260827-022806_perlmutter_5bc126dd,ours_l01_s2_oracle_noshard_trace-610042_b32_k8_isolated,isolated,ours,3,1,e2e_ms,123.500031,recorder
20260827-022806_perlmutter_5bc126dd,ours_l01_s2_oracle_noshard_trace-610042_b32_k8_isolated,isolated,ours,3,2,e2e_ms,122.01725,recorder
20260827-022806_perlmutter_5bc126dd,ours_l01_s2_oracle_noshard_trace-610042_b32_k8_isolated,isolated,ours,3,3,e2e_ms,123.345154,recorder
20260827-022806_perlmutter_5bc126dd,ours_l01_s2_oracle_noshard_trace-610042_b32_k8_isolated,isolated,ours,3,4,e2e_ms,122.849983,recorder
20260827-022806_perlmutter_5bc126dd,ours_l01_s2_oracle_noshard_trace-610042_b32_k8_isolated,isolated,ours,3,5,e2e_ms,123.313728,recorder
20260827-022806_perlmutter_5bc126dd,ours_l01_s2_oracle_noshard_trace-610042_b32_k8_isolated,isolated,ours,3,6,e2e_ms,120.225822,recorder
20260827-022806_perlmutter_5bc126dd,ours_l01_s2_oracle_noshard_trace-610042_b32_k8_isolated,isolated,ours,3,7,e2e_ms,125.488319,recorder
20260827-022806_perlmutter_5bc126dd,ours_l01_s2_oracle_noshard_trace-610042_b32_k8_isolated,isolated,ours,3,8,e2e_ms,126.087135,recorder
20260827-022806_perlmutter_5bc126dd,ours_l01_s2_oracle_noshard_trace-610042_b32_k8_isolated,isolated,ours,3,9,e2e_ms,124.240479,recorder
20260827-022806_perlmutter_5bc126dd,ours_l01_s2_oracle_noshard_trace-610042_b32_k8_isolated,isolated,ours,3,0,l0_ms,71.594749,recorder
20260827-022806_perlmutter_5bc126dd,ours_l01_s2_oracle_noshard_trace-610042_b32_k8_isolated,isolated,ours,3,1,l0_ms,71.732285,recorder
20260827-022806_perlmutter_5bc126dd,ours_l01_s2_oracle_noshard_trace-610042_b32_k8_isolated,isolated,ours,3,2,l0_ms,67.144196,recorder
20260827-022806_perlmutter_5bc126dd,ours_l01_s2_oracle_noshard_trace-610042_b32_k8_isolated,isolated,ours,3,3,l0_ms,74.652931,recorder
20260827-022806_perlmutter_5bc126dd,ours_l01_s2_oracle_noshard_trace-610042_b32_k8_isolated,isolated,ours,3,4,l0_ms,70.779808,recorder
20260827-022806_perlmutter_5bc126dd,ours_l01_s2_oracle_noshard_trace-610042_b32_k8_isolated,isolated,ours,3,5,l0_ms,71.130692,recorder
20260827-022806_perlmutter_5bc126dd,ours_l01_s2_oracle_noshard_trace-610042_b32_k8_isolated,isolated,ours,3,6,l0_ms,72.959999,recorder
20260827-022806_perlmutter_5bc126dd,ours_l01_s2_oracle_noshard_trace-610042_b32_k8_isolated,isolated,ours,3,7,l0_ms,66.601089,recorder
20260827-022806_perlmutter_5bc126dd,ours_l01_s2_oracle_noshard_trace-610042_b32_k8_isolated,isolated,ours,3,8,l0_ms,78.826881,recorder
20260827-022806_perlmutter_5bc126dd,ours_l01_s2_oracle_noshard_trace-610042_b32_k8_isolated,isolated,ours,3,9,l0_ms,70.353119,recorder
20260827-022806_perlmutter_5bc126dd,ours_l01_s2_oracle_noshard_trace-610042_b32_k8_isolated,isolated,ours,3,0,act_ms,0.137216,recorder
20260827-022806_perlmutter_5bc126dd,ours_l01_s2_oracle_noshard_trace-610042_b32_k8_isolated,isolated,ours,3,1,act_ms,0.138528,recorder
20260827-022806_perlmutter_5bc126dd,ours_l01_s2_oracle_noshard_trace-610042_b32_k8_isolated,isolated,ours,3,2,act_ms,0.134304,recorder
20260827-022806_perlmutter_5bc126dd,ours_l01_s2_oracle_noshard_trace-610042_b32_k8_isolated,isolated,ours,3,3,act_ms,0.135872,recorder
20260827-022806_perlmutter_5bc126dd,ours_l01_s2_oracle_noshard_trace-610042_b32_k8_isolated,isolated,ours,3,4,act_ms,0.140928,recorder
20260827-022806_perlmutter_5bc126dd,ours_l01_s2_oracle_noshard_trace-610042_b32_k8_isolated,isolated,ours,3,5,act_ms,0.12976,recorder
20260827-022806_perlmutter_5bc126dd,ours_l01_s2_oracle_noshard_trace-610042_b32_k8_isolated,isolated,ours,3,6,act_ms,0.13344,recorder
20260827-022806_perlmutter_5bc126dd,ours_l01_s2_oracle_noshard_trace-610042_b32_k8_isolated,isolated,ours,3,7,act_ms,0.13072,recorder
20260827-022806_perlmutter_5bc126dd,ours_l01_s2_oracle_noshard_trace-610042_b32_k8_isolated,isolated,ours,3,8,act_ms,0.129664,recorder
20260827-022806_perlmutter_5bc126dd,ours_l01_s2_oracle_noshard_trace-610042_b32_k8_isolated,isolated,ours,3,9,act_ms,0.13072,recorder
20260827-022806_perlmutter_5bc126dd,ours_l01_s2_oracle_noshard_trace-610042_b32_k8_isolated,isolated,ours,3,0,l1_ms,52.226559,recorder
20260827-022806_perlmutter_5bc126dd,ours_l01_s2_oracle_noshard_trace-610042_b32_k8_isolated,isolated,ours,3,1,l1_ms,51.629215,recorder
20260827-022806_perlmutter_5bc126dd,ours_l01_s2_oracle_noshard_trace-610042_b32_k8_isolated,isolated,ours,3,2,l1_ms,54.73875,recorder
20260827-022806_perlmutter_5bc126dd,ours_l01_s2_oracle_noshard_trace-610042_b32_k8_isolated,isolated,ours,3,3,l1_ms,48.556351,recorder
20260827-022806_perlmutter_5bc126dd,ours_l01_s2_oracle_noshard_trace-610042_b32_k8_isolated,isolated,ours,3,4,l1_ms,51.929249,recorder
20260827-022806_perlmutter_5bc126dd,ours_l01_s2_oracle_noshard_trace-610042_b32_k8_isolated,isolated,ours,3,5,l1_ms,52.05328,recorder
20260827-022806_perlmutter_5bc126dd,ours_l01_s2_oracle_noshard_trace-610042_b32_k8_isolated,isolated,ours,3,6,l1_ms,47.132385,recorder
20260827-022806_perlmutter_5bc126dd,ours_l01_s2_oracle_noshard_trace-610042_b32_k8_isolated,isolated,ours,3,7,l1_ms,58.756512,recorder
20260827-022806_perlmutter_5bc126dd,ours_l01_s2_oracle_noshard_trace-610042_b32_k8_isolated,isolated,ours,3,8,l1_ms,47.130592,recorder
20260827-022806_perlmutter_5bc126dd,ours_l01_s2_oracle_noshard_trace-610042_b32_k8_isolated,isolated,ours,3,9,l1_ms,53.756641,recorder
20260827-022806_perlmutter_5bc126dd,ours_l01_s2_oracle_noshard_trace-610042_b32_k8_isolated,isolated,ours,3,0,plan_comm_ms,0.269344,recorder
20260827-022806_perlmutter_5bc126dd,ours_l01_s2_oracle_noshard_trace-610042_b32_k8_isolated,isolated,ours,3,1,plan_comm_ms,0.3488,recorder
20260827-022806_perlmutter_5bc126dd,ours_l01_s2_oracle_noshard_trace-610042_b32_k8_isolated,isolated,ours,3,2,plan_comm_ms,0.571264,recorder
20260827-022806_perlmutter_5bc126dd,ours_l01_s2_oracle_noshard_trace-610042_b32_k8_isolated,isolated,ours,3,3,plan_comm_ms,0.281632,recorder
20260827-022806_perlmutter_5bc126dd,ours_l01_s2_oracle_noshard_trace-610042_b32_k8_isolated,isolated,ours,3,4,plan_comm_ms,0.483168,recorder
20260827-022806_perlmutter_5bc126dd,ours_l01_s2_oracle_noshard_trace-610042_b32_k8_isolated,isolated,ours,3,5,plan_comm_ms,0.294624,recorder
20260827-022806_perlmutter_5bc126dd,ours_l01_s2_oracle_noshard_trace-610042_b32_k8_isolated,isolated,ours,3,6,plan_comm_ms,0.336032,recorder
20260827-022806_perlmutter_5bc126dd,ours_l01_s2_oracle_noshard_trace-610042_b32_k8_isolated,isolated,ours,3,7,plan_comm_ms,0.864672,recorder
20260827-022806_perlmutter_5bc126dd,ours_l01_s2_oracle_noshard_trace-610042_b32_k8_isolated,isolated,ours,3,8,plan_comm_ms,0.271904,recorder
20260827-022806_perlmutter_5bc126dd,ours_l01_s2_oracle_noshard_trace-610042_b32_k8_isolated,isolated,ours,3,9,plan_comm_ms,1.724384,recorder
20260827-022806_perlmutter_5bc126dd,ours_l01_s2_oracle_noshard_trace-610042_b32_k8_isolated,isolated,ours,3,0,place_ms,4.846432,recorder
20260827-022806_perlmutter_5bc126dd,ours_l01_s2_oracle_noshard_trace-610042_b32_k8_isolated,isolated,ours,3,1,place_ms,4.8576,recorder
20260827-022806_perlmutter_5bc126dd,ours_l01_s2_oracle_noshard_trace-610042_b32_k8_isolated,isolated,ours,3,2,place_ms,4.742368,recorder
20260827-022806_perlmutter_5bc126dd,ours_l01_s2_oracle_noshard_trace-610042_b32_k8_isolated,isolated,ours,3,3,place_ms,4.797504,recorder
20260827-022806_perlmutter_5bc126dd,ours_l01_s2_oracle_noshard_trace-610042_b32_k8_isolated,isolated,ours,3,4,place_ms,4.792384,recorder
20260827-022806_perlmutter_5bc126dd,ours_l01_s2_oracle_noshard_trace-610042_b32_k8_isolated,isolated,ours,3,5,place_ms,4.765568,recorder
20260827-022806_perlmutter_5bc126dd,ours_l01_s2_oracle_noshard_trace-610042_b32_k8_isolated,isolated,ours,3,6,place_ms,4.856544,recorder
20260827-022806_perlmutter_5bc126dd,ours_l01_s2_oracle_noshard_trace-610042_b32_k8_isolated,isolated,ours,3,7,place_ms,4.77472,recorder
20260827-022806_perlmutter_5bc126dd,ours_l01_s2_oracle_noshard_trace-610042_b32_k8_isolated,isolated,ours,3,8,place_ms,4.803616,recorder
20260827-022806_perlmutter_5bc126dd,ours_l01_s2_oracle_noshard_trace-610042_b32_k8_isolated,isolated,ours,3,9,place_ms,4.810784,recorder
20260827-022806_perlmutter_5bc126dd,ours_l01_s2_oracle_noshard_trace-610042_b32_k8_isolated,isolated,ours,3,0,plan_ms,3.055616,recorder
20260827-022806_perlmutter_5bc126dd,ours_l01_s2_oracle_noshard_trace-610042_b32_k8_isolated,isolated,ours,3,1,plan_ms,2.689824,recorder
20260827-022806_perlmutter_5bc126dd,ours_l01_s2_oracle_noshard_trace-610042_b32_k8_isolated,isolated,ours,3,2,plan_ms,2.800896,recorder
20260827-022806_perlmutter_5bc126dd,ours_l01_s2_oracle_noshard_trace-610042_b32_k8_isolated,isolated,ours,3,3,plan_ms,2.974112,recorder
20260827-022806_perlmutter_5bc126dd,ours_l01_s2_oracle_noshard_trace-610042_b32_k8_isolated,isolated,ours,3,4,plan_ms,3.308096,recorder
20260827-022806_perlmutter_5bc126dd,ours_l01_s2_oracle_noshard_trace-610042_b32_k8_isolated,isolated,ours,3,5,plan_ms,2.90592,recorder
20260827-022806_perlmutter_5bc126dd,ours_l01_s2_oracle_noshard_trace-610042_b32_k8_isolated,isolated,ours,3,6,plan_ms,3.651968,recorder
20260827-022806_perlmutter_5bc126dd,ours_l01_s2_oracle_noshard_trace-610042_b32_k8_isolated,isolated,ours,3,7,plan_ms,2.89616,recorder
20260827-022806_perlmutter_5bc126dd,ours_l01_s2_oracle_noshard_trace-610042_b32_k8_isolated,isolated,ours,3,8,plan_ms,2.979648,recorder
20260827-022806_perlmutter_5bc126dd,ours_l01_s2_oracle_noshard_trace-610042_b32_k8_isolated,isolated,ours,3,9,plan_ms,2.978016,recorder
20260827-022806_perlmutter_5bc126dd,ours_l01_s2_oracle_noshard_trace-610042_b32_k8_isolated,isolated,ours,3,0,total_ms,132.132324,recorder
20260827-022806_perlmutter_5bc126dd,ours_l01_s2_oracle_noshard_trace-610042_b32_k8_isolated,isolated,ours,3,1,total_ms,131.399033,recorder
20260827-022806_perlmutter_5bc126dd,ours_l01_s2_oracle_noshard_trace-610042_b32_k8_isolated,isolated,ours,3,2,total_ms,130.135513,recorder
20260827-022806_perlmutter_5bc126dd,ours_l01_s2_oracle_noshard_trace-610042_b32_k8_isolated,isolated,ours,3,3,total_ms,131.400772,recorder
20260827-022806_perlmutter_5bc126dd,ours_l01_s2_oracle_noshard_trace-610042_b32_k8_isolated,isolated,ours,3,4,total_ms,131.436325,recorder
20260827-022806_perlmutter_5bc126dd,ours_l01_s2_oracle_noshard_trace-610042_b32_k8_isolated,isolated,ours,3,5,total_ms,131.282501,recorder
20260827-022806_perlmutter_5bc126dd,ours_l01_s2_oracle_noshard_trace-610042_b32_k8_isolated,isolated,ours,3,6,total_ms,129.072861,recorder
20260827-022806_perlmutter_5bc126dd,ours_l01_s2_oracle_noshard_trace-610042_b32_k8_isolated,isolated,ours,3,7,total_ms,134.027008,recorder
20260827-022806_perlmutter_5bc126dd,ours_l01_s2_oracle_noshard_trace-610042_b32_k8_isolated,isolated,ours,3,8,total_ms,134.144897,recorder
20260827-022806_perlmutter_5bc126dd,ours_l01_s2_oracle_noshard_trace-610042_b32_k8_isolated,isolated,ours,3,9,total_ms,133.757278,recorder
20260827-022806_perlmutter_5bc126dd,ours_l01_s2_oracle_noshard_trace-610042_b32_k8_isolated,isolated,ours,3,0,iso_sync_ms,0.48155,recorder
20260827-022806_perlmutter_5bc126dd,ours_l01_s2_oracle_noshard_trace-610042_b32_k8_isolated,isolated,ours,3,1,iso_sync_ms,0.761521,recorder
20260827-022806_perlmutter_5bc126dd,ours_l01_s2_oracle_noshard_trace-610042_b32_k8_isolated,isolated,ours,3,2,iso_sync_ms,0.156623,recorder
20260827-022806_perlmutter_5bc126dd,ours_l01_s2_oracle_noshard_trace-610042_b32_k8_isolated,isolated,ours,3,3,iso_sync_ms,0.725352,recorder
20260827-022806_perlmutter_5bc126dd,ours_l01_s2_oracle_noshard_trace-610042_b32_k8_isolated,isolated,ours,3,4,iso_sync_ms,0.713158,recorder
20260827-022806_perlmutter_5bc126dd,ours_l01_s2_oracle_noshard_trace-610042_b32_k8_isolated,isolated,ours,3,5,iso_sync_ms,0.788653,recorder
20260827-022806_perlmutter_5bc126dd,ours_l01_s2_oracle_noshard_trace-610042_b32_k8_isolated,isolated,ours,3,6,iso_sync_ms,1.27334,recorder
20260827-022806_perlmutter_5bc126dd,ours_l01_s2_oracle_noshard_trace-610042_b32_k8_isolated,isolated,ours,3,7,iso_sync_ms,0.878677,recorder
20260827-022806_perlmutter_5bc126dd,ours_l01_s2_oracle_noshard_trace-610042_b32_k8_isolated,isolated,ours,3,8,iso_sync_ms,0.736291,recorder
20260827-022806_perlmutter_5bc126dd,ours_l01_s2_oracle_noshard_trace-610042_b32_k8_isolated,isolated,ours,3,9,iso_sync_ms,1.612104,recorder
20260827-022806_perlmutter_5bc126dd,ours_l01_s2_oracle_noshard_trace-610042_b32_k8_isolated,isolated,ours,4,0,e2e_ms,124.013023,recorder
20260827-022806_perlmutter_5bc126dd,ours_l01_s2_oracle_noshard_trace-610042_b32_k8_isolated,isolated,ours,4,1,e2e_ms,123.39949,recorder
20260827-022806_perlmutter_5bc126dd,ours_l01_s2_oracle_noshard_trace-610042_b32_k8_isolated,isolated,ours,4,2,e2e_ms,122.070435,recorder
20260827-022806_perlmutter_5bc126dd,ours_l01_s2_oracle_noshard_trace-610042_b32_k8_isolated,isolated,ours,4,3,e2e_ms,123.321152,recorder
20260827-022806_perlmutter_5bc126dd,ours_l01_s2_oracle_noshard_trace-610042_b32_k8_isolated,isolated,ours,4,4,e2e_ms,123.075554,recorder
20260827-022806_perlmutter_5bc126dd,ours_l01_s2_oracle_noshard_trace-610042_b32_k8_isolated,isolated,ours,4,5,e2e_ms,123.265312,recorder
20260827-022806_perlmutter_5bc126dd,ours_l01_s2_oracle_noshard_trace-610042_b32_k8_isolated,isolated,ours,4,6,e2e_ms,120.245506,recorder
20260827-022806_perlmutter_5bc126dd,ours_l01_s2_oracle_noshard_trace-610042_b32_k8_isolated,isolated,ours,4,7,e2e_ms,125.464317,recorder
20260827-022806_perlmutter_5bc126dd,ours_l01_s2_oracle_noshard_trace-610042_b32_k8_isolated,isolated,ours,4,8,e2e_ms,126.1353,recorder
20260827-022806_perlmutter_5bc126dd,ours_l01_s2_oracle_noshard_trace-610042_b32_k8_isolated,isolated,ours,4,9,e2e_ms,124.234016,recorder
20260827-022806_perlmutter_5bc126dd,ours_l01_s2_oracle_noshard_trace-610042_b32_k8_isolated,isolated,ours,4,0,l0_ms,74.959106,recorder
20260827-022806_perlmutter_5bc126dd,ours_l01_s2_oracle_noshard_trace-610042_b32_k8_isolated,isolated,ours,4,1,l0_ms,73.076706,recorder
20260827-022806_perlmutter_5bc126dd,ours_l01_s2_oracle_noshard_trace-610042_b32_k8_isolated,isolated,ours,4,2,l0_ms,68.762207,recorder
20260827-022806_perlmutter_5bc126dd,ours_l01_s2_oracle_noshard_trace-610042_b32_k8_isolated,isolated,ours,4,3,l0_ms,74.059517,recorder
20260827-022806_perlmutter_5bc126dd,ours_l01_s2_oracle_noshard_trace-610042_b32_k8_isolated,isolated,ours,4,4,l0_ms,69.70256,recorder
20260827-022806_perlmutter_5bc126dd,ours_l01_s2_oracle_noshard_trace-610042_b32_k8_isolated,isolated,ours,4,5,l0_ms,71.402397,recorder
20260827-022806_perlmutter_5bc126dd,ours_l01_s2_oracle_noshard_trace-610042_b32_k8_isolated,isolated,ours,4,6,l0_ms,72.183746,recorder
20260827-022806_perlmutter_5bc126dd,ours_l01_s2_oracle_noshard_trace-610042_b32_k8_isolated,isolated,ours,4,7,l0_ms,64.993919,recorder
20260827-022806_perlmutter_5bc126dd,ours_l01_s2_oracle_noshard_trace-610042_b32_k8_isolated,isolated,ours,4,8,l0_ms,71.957405,recorder
20260827-022806_perlmutter_5bc126dd,ours_l01_s2_oracle_noshard_trace-610042_b32_k8_isolated,isolated,ours,4,9,l0_ms,72.710526,recorder
20260827-022806_perlmutter_5bc126dd,ours_l01_s2_oracle_noshard_trace-610042_b32_k8_isolated,isolated,ours,4,0,act_ms,0.134592,recorder
20260827-022806_perlmutter_5bc126dd,ours_l01_s2_oracle_noshard_trace-610042_b32_k8_isolated,isolated,ours,4,1,act_ms,0.138464,recorder
20260827-022806_perlmutter_5bc126dd,ours_l01_s2_oracle_noshard_trace-610042_b32_k8_isolated,isolated,ours,4,2,act_ms,0.137408,recorder
20260827-022806_perlmutter_5bc126dd,ours_l01_s2_oracle_noshard_trace-610042_b32_k8_isolated,isolated,ours,4,3,act_ms,0.136704,recorder
20260827-022806_perlmutter_5bc126dd,ours_l01_s2_oracle_noshard_trace-610042_b32_k8_isolated,isolated,ours,4,4,act_ms,0.131008,recorder
20260827-022806_perlmutter_5bc126dd,ours_l01_s2_oracle_noshard_trace-610042_b32_k8_isolated,isolated,ours,4,5,act_ms,0.146752,recorder
20260827-022806_perlmutter_5bc126dd,ours_l01_s2_oracle_noshard_trace-610042_b32_k8_isolated,isolated,ours,4,6,act_ms,0.138688,recorder
20260827-022806_perlmutter_5bc126dd,ours_l01_s2_oracle_noshard_trace-610042_b32_k8_isolated,isolated,ours,4,7,act_ms,0.135552,recorder
20260827-022806_perlmutter_5bc126dd,ours_l01_s2_oracle_noshard_trace-610042_b32_k8_isolated,isolated,ours,4,8,act_ms,0.139456,recorder
20260827-022806_perlmutter_5bc126dd,ours_l01_s2_oracle_noshard_trace-610042_b32_k8_isolated,isolated,ours,4,9,act_ms,0.133856,recorder
20260827-022806_perlmutter_5bc126dd,ours_l01_s2_oracle_noshard_trace-610042_b32_k8_isolated,isolated,ours,4,0,l1_ms,48.919327,recorder
20260827-022806_perlmutter_5bc126dd,ours_l01_s2_oracle_noshard_trace-610042_b32_k8_isolated,isolated,ours,4,1,l1_ms,50.184319,recorder
20260827-022806_perlmutter_5bc126dd,ours_l01_s2_oracle_noshard_trace-610042_b32_k8_isolated,isolated,ours,4,2,l1_ms,53.170815,recorder
20260827-022806_perlmutter_5bc126dd,ours_l01_s2_oracle_noshard_trace-610042_b32_k8_isolated,isolated,ours,4,3,l1_ms,49.124928,recorder
20260827-022806_perlmutter_5bc126dd,ours_l01_s2_oracle_noshard_trace-610042_b32_k8_isolated,isolated,ours,4,4,l1_ms,53.241985,recorder
20260827-022806_perlmutter_5bc126dd,ours_l01_s2_oracle_noshard_trace-610042_b32_k8_isolated,isolated,ours,4,5,l1_ms,51.71616,recorder
20260827-022806_perlmutter_5bc126dd,ours_l01_s2_oracle_noshard_trace-610042_b32_k8_isolated,isolated,ours,4,6,l1_ms,47.923073,recorder
20260827-022806_perlmutter_5bc126dd,ours_l01_s2_oracle_noshard_trace-610042_b32_k8_isolated,isolated,ours,4,7,l1_ms,60.334846,recorder
20260827-022806_perlmutter_5bc126dd,ours_l01_s2_oracle_noshard_trace-610042_b32_k8_isolated,isolated,ours,4,8,l1_ms,54.038433,recorder
20260827-022806_perlmutter_5bc126dd,ours_l01_s2_oracle_noshard_trace-610042_b32_k8_isolated,isolated,ours,4,9,l1_ms,51.389633,recorder
20260827-022806_perlmutter_5bc126dd,ours_l01_s2_oracle_noshard_trace-610042_b32_k8_isolated,isolated,ours,4,0,plan_comm_ms,0.194176,recorder
20260827-022806_perlmutter_5bc126dd,ours_l01_s2_oracle_noshard_trace-610042_b32_k8_isolated,isolated,ours,4,1,plan_comm_ms,0.326784,recorder
20260827-022806_perlmutter_5bc126dd,ours_l01_s2_oracle_noshard_trace-610042_b32_k8_isolated,isolated,ours,4,2,plan_comm_ms,0.550304,recorder
20260827-022806_perlmutter_5bc126dd,ours_l01_s2_oracle_noshard_trace-610042_b32_k8_isolated,isolated,ours,4,3,plan_comm_ms,0.268032,recorder
20260827-022806_perlmutter_5bc126dd,ours_l01_s2_oracle_noshard_trace-610042_b32_k8_isolated,isolated,ours,4,4,plan_comm_ms,0.470176,recorder
20260827-022806_perlmutter_5bc126dd,ours_l01_s2_oracle_noshard_trace-610042_b32_k8_isolated,isolated,ours,4,5,plan_comm_ms,0.287744,recorder
20260827-022806_perlmutter_5bc126dd,ours_l01_s2_oracle_noshard_trace-610042_b32_k8_isolated,isolated,ours,4,6,plan_comm_ms,0.289792,recorder
20260827-022806_perlmutter_5bc126dd,ours_l01_s2_oracle_noshard_trace-610042_b32_k8_isolated,isolated,ours,4,7,plan_comm_ms,0.903136,recorder
20260827-022806_perlmutter_5bc126dd,ours_l01_s2_oracle_noshard_trace-610042_b32_k8_isolated,isolated,ours,4,8,plan_comm_ms,0.309568,recorder
20260827-022806_perlmutter_5bc126dd,ours_l01_s2_oracle_noshard_trace-610042_b32_k8_isolated,isolated,ours,4,9,plan_comm_ms,1.7064,recorder
20260827-022806_perlmutter_5bc126dd,ours_l01_s2_oracle_noshard_trace-610042_b32_k8_isolated,isolated,ours,4,0,place_ms,5.003456,recorder
20260827-022806_perlmutter_5bc126dd,ours_l01_s2_oracle_noshard_trace-610042_b32_k8_isolated,isolated,ours,4,1,place_ms,4.839648,recorder
20260827-022806_perlmutter_5bc126dd,ours_l01_s2_oracle_noshard_trace-610042_b32_k8_isolated,isolated,ours,4,2,place_ms,4.845344,recorder
20260827-022806_perlmutter_5bc126dd,ours_l01_s2_oracle_noshard_trace-610042_b32_k8_isolated,isolated,ours,4,3,place_ms,4.902112,recorder
20260827-022806_perlmutter_5bc126dd,ours_l01_s2_oracle_noshard_trace-610042_b32_k8_isolated,isolated,ours,4,4,place_ms,4.653568,recorder
20260827-022806_perlmutter_5bc126dd,ours_l01_s2_oracle_noshard_trace-610042_b32_k8_isolated,isolated,ours,4,5,place_ms,4.9368,recorder
20260827-022806_perlmutter_5bc126dd,ours_l01_s2_oracle_noshard_trace-610042_b32_k8_isolated,isolated,ours,4,6,place_ms,5.449536,recorder
20260827-022806_perlmutter_5bc126dd,ours_l01_s2_oracle_noshard_trace-610042_b32_k8_isolated,isolated,ours,4,7,place_ms,4.808864,recorder
20260827-022806_perlmutter_5bc126dd,ours_l01_s2_oracle_noshard_trace-610042_b32_k8_isolated,isolated,ours,4,8,place_ms,4.739584,recorder
20260827-022806_perlmutter_5bc126dd,ours_l01_s2_oracle_noshard_trace-610042_b32_k8_isolated,isolated,ours,4,9,place_ms,4.948288,recorder
20260827-022806_perlmutter_5bc126dd,ours_l01_s2_oracle_noshard_trace-610042_b32_k8_isolated,isolated,ours,4,0,plan_ms,2.8576,recorder
20260827-022806_perlmutter_5bc126dd,ours_l01_s2_oracle_noshard_trace-610042_b32_k8_isolated,isolated,ours,4,1,plan_ms,2.670912,recorder
20260827-022806_perlmutter_5bc126dd,ours_l01_s2_oracle_noshard_trace-610042_b32_k8_isolated,isolated,ours,4,2,plan_ms,2.65152,recorder
20260827-022806_perlmutter_5bc126dd,ours_l01_s2_oracle_noshard_trace-610042_b32_k8_isolated,isolated,ours,4,3,plan_ms,2.91488,recorder
20260827-022806_perlmutter_5bc126dd,ours_l01_s2_oracle_noshard_trace-610042_b32_k8_isolated,isolated,ours,4,4,plan_ms,3.237888,recorder
20260827-022806_perlmutter_5bc126dd,ours_l01_s2_oracle_noshard_trace-610042_b32_k8_isolated,isolated,ours,4,5,plan_ms,2.773728,recorder
20260827-022806_perlmutter_5bc126dd,ours_l01_s2_oracle_noshard_trace-610042_b32_k8_isolated,isolated,ours,4,6,plan_ms,3.050496,recorder
20260827-022806_perlmutter_5bc126dd,ours_l01_s2_oracle_noshard_trace-610042_b32_k8_isolated,isolated,ours,4,7,plan_ms,2.861824,recorder
20260827-022806_perlmutter_5bc126dd,ours_l01_s2_oracle_noshard_trace-610042_b32_k8_isolated,isolated,ours,4,8,plan_ms,2.943168,recorder
20260827-022806_perlmutter_5bc126dd,ours_l01_s2_oracle_noshard_trace-610042_b32_k8_isolated,isolated,ours,4,9,plan_ms,2.86256,recorder
20260827-022806_perlmutter_5bc126dd,ours_l01_s2_oracle_noshard_trace-610042_b32_k8_isolated,isolated,ours,4,0,total_ms,132.071457,recorder
20260827-022806_perlmutter_5bc126dd,ours_l01_s2_oracle_noshard_trace-610042_b32_k8_isolated,isolated,ours,4,1,total_ms,131.239746,recorder
20260827-022806_perlmutter_5bc126dd,ours_l01_s2_oracle_noshard_trace-610042_b32_k8_isolated,isolated,ours,4,2,total_ms,130.121063,recorder
20260827-022806_perlmutter_5bc126dd,ours_l01_s2_oracle_noshard_trace-610042_b32_k8_isolated,isolated,ours,4,3,total_ms,131.409149,recorder
20260827-022806_perlmutter_5bc126dd,ours_l01_s2_oracle_noshard_trace-610042_b32_k8_isolated,isolated,ours,4,4,total_ms,131.440063,recorder
20260827-022806_perlmutter_5bc126dd,ours_l01_s2_oracle_noshard_trace-610042_b32_k8_isolated,isolated,ours,4,5,total_ms,131.266617,recorder
20260827-022806_perlmutter_5bc126dd,ours_l01_s2_oracle_noshard_trace-610042_b32_k8_isolated,isolated,ours,4,6,total_ms,129.039291,recorder
20260827-022806_perlmutter_5bc126dd,ours_l01_s2_oracle_noshard_trace-610042_b32_k8_isolated,isolated,ours,4,7,total_ms,134.041092,recorder
20260827-022806_perlmutter_5bc126dd,ours_l01_s2_oracle_noshard_trace-610042_b32_k8_isolated,isolated,ours,4,8,total_ms,134.131485,recorder
20260827-022806_perlmutter_5bc126dd,ours_l01_s2_oracle_noshard_trace-610042_b32_k8_isolated,isolated,ours,4,9,total_ms,133.755142,recorder
20260827-022806_perlmutter_5bc126dd,ours_l01_s2_oracle_noshard_trace-610042_b32_k8_isolated,isolated,ours,4,0,iso_sync_ms,0.539233,recorder
20260827-022806_perlmutter_5bc126dd,ours_l01_s2_oracle_noshard_trace-610042_b32_k8_isolated,isolated,ours,4,1,iso_sync_ms,0.748558,recorder
20260827-022806_perlmutter_5bc126dd,ours_l01_s2_oracle_noshard_trace-610042_b32_k8_isolated,isolated,ours,4,2,iso_sync_ms,0.304069,recorder
20260827-022806_perlmutter_5bc126dd,ours_l01_s2_oracle_noshard_trace-610042_b32_k8_isolated,isolated,ours,4,3,iso_sync_ms,0.722318,recorder
20260827-022806_perlmutter_5bc126dd,ours_l01_s2_oracle_noshard_trace-610042_b32_k8_isolated,isolated,ours,4,4,iso_sync_ms,0.682662,recorder
20260827-022806_perlmutter_5bc126dd,ours_l01_s2_oracle_noshard_trace-610042_b32_k8_isolated,isolated,ours,4,5,iso_sync_ms,0.765422,recorder
20260827-022806_perlmutter_5bc126dd,ours_l01_s2_oracle_noshard_trace-610042_b32_k8_isolated,isolated,ours,4,6,iso_sync_ms,0.853732,recorder
20260827-022806_perlmutter_5bc126dd,ours_l01_s2_oracle_noshard_trace-610042_b32_k8_isolated,isolated,ours,4,7,iso_sync_ms,0.870694,recorder
20260827-022806_perlmutter_5bc126dd,ours_l01_s2_oracle_noshard_trace-610042_b32_k8_isolated,isolated,ours,4,8,iso_sync_ms,0.724081,recorder
20260827-022806_perlmutter_5bc126dd,ours_l01_s2_oracle_noshard_trace-610042_b32_k8_isolated,isolated,ours,4,9,iso_sync_ms,1.576671,recorder
20260827-022806_perlmutter_5bc126dd,ours_l01_s2_oracle_noshard_trace-610042_b32_k8_isolated,isolated,ours,5,0,e2e_ms,123.96077,recorder
20260827-022806_perlmutter_5bc126dd,ours_l01_s2_oracle_noshard_trace-610042_b32_k8_isolated,isolated,ours,5,1,e2e_ms,123.484894,recorder
20260827-022806_perlmutter_5bc126dd,ours_l01_s2_oracle_noshard_trace-610042_b32_k8_isolated,isolated,ours,5,2,e2e_ms,121.911522,recorder
20260827-022806_perlmutter_5bc126dd,ours_l01_s2_oracle_noshard_trace-610042_b32_k8_isolated,isolated,ours,5,3,e2e_ms,123.408066,recorder
20260827-022806_perlmutter_5bc126dd,ours_l01_s2_oracle_noshard_trace-610042_b32_k8_isolated,isolated,ours,5,4,e2e_ms,123.112831,recorder
20260827-022806_perlmutter_5bc126dd,ours_l01_s2_oracle_noshard_trace-610042_b32_k8_isolated,isolated,ours,5,5,e2e_ms,123.293053,recorder
20260827-022806_perlmutter_5bc126dd,ours_l01_s2_oracle_noshard_trace-610042_b32_k8_isolated,isolated,ours,5,6,e2e_ms,120.178398,recorder
20260827-022806_perlmutter_5bc126dd,ours_l01_s2_oracle_noshard_trace-610042_b32_k8_isolated,isolated,ours,5,7,e2e_ms,125.494141,recorder
20260827-022806_perlmutter_5bc126dd,ours_l01_s2_oracle_noshard_trace-610042_b32_k8_isolated,isolated,ours,5,8,e2e_ms,126.143745,recorder
20260827-022806_perlmutter_5bc126dd,ours_l01_s2_oracle_noshard_trace-610042_b32_k8_isolated,isolated,ours,5,9,e2e_ms,124.210655,recorder
20260827-022806_perlmutter_5bc126dd,ours_l01_s2_oracle_noshard_trace-610042_b32_k8_isolated,isolated,ours,5,0,l0_ms,73.98288,recorder
20260827-022806_perlmutter_5bc126dd,ours_l01_s2_oracle_noshard_trace-610042_b32_k8_isolated,isolated,ours,5,1,l0_ms,73.303421,recorder
20260827-022806_perlmutter_5bc126dd,ours_l01_s2_oracle_noshard_trace-610042_b32_k8_isolated,isolated,ours,5,2,l0_ms,67.23568,recorder
20260827-022806_perlmutter_5bc126dd,ours_l01_s2_oracle_noshard_trace-610042_b32_k8_isolated,isolated,ours,5,3,l0_ms,72.716125,recorder
20260827-022806_perlmutter_5bc126dd,ours_l01_s2_oracle_noshard_trace-610042_b32_k8_isolated,isolated,ours,5,4,l0_ms,71.077248,recorder
20260827-022806_perlmutter_5bc126dd,ours_l01_s2_oracle_noshard_trace-610042_b32_k8_isolated,isolated,ours,5,5,l0_ms,71.158813,recorder
20260827-022806_perlmutter_5bc126dd,ours_l01_s2_oracle_noshard_trace-610042_b32_k8_isolated,isolated,ours,5,6,l0_ms,72.420387,recorder
20260827-022806_perlmutter_5bc126dd,ours_l01_s2_oracle_noshard_trace-610042_b32_k8_isolated,isolated,ours,5,7,l0_ms,66.598755,recorder
20260827-022806_perlmutter_5bc126dd,ours_l01_s2_oracle_noshard_trace-610042_b32_k8_isolated,isolated,ours,5,8,l0_ms,74.151108,recorder
20260827-022806_perlmutter_5bc126dd,ours_l01_s2_oracle_noshard_trace-610042_b32_k8_isolated,isolated,ours,5,9,l0_ms,70.331551,recorder
20260827-022806_perlmutter_5bc126dd,ours_l01_s2_oracle_noshard_trace-610042_b32_k8_isolated,isolated,ours,5,0,act_ms,0.124192,recorder
20260827-022806_perlmutter_5bc126dd,ours_l01_s2_oracle_noshard_trace-610042_b32_k8_isolated,isolated,ours,5,1,act_ms,0.121888,recorder
20260827-022806_perlmutter_5bc126dd,ours_l01_s2_oracle_noshard_trace-610042_b32_k8_isolated,isolated,ours,5,2,act_ms,0.11904,recorder
20260827-022806_perlmutter_5bc126dd,ours_l01_s2_oracle_noshard_trace-610042_b32_k8_isolated,isolated,ours,5,3,act_ms,0.118176,recorder
20260827-022806_perlmutter_5bc126dd,ours_l01_s2_oracle_noshard_trace-610042_b32_k8_isolated,isolated,ours,5,4,act_ms,0.124672,recorder
20260827-022806_perlmutter_5bc126dd,ours_l01_s2_oracle_noshard_trace-610042_b32_k8_isolated,isolated,ours,5,5,act_ms,0.125472,recorder
20260827-022806_perlmutter_5bc126dd,ours_l01_s2_oracle_noshard_trace-610042_b32_k8_isolated,isolated,ours,5,6,act_ms,0.12256,recorder
20260827-022806_perlmutter_5bc126dd,ours_l01_s2_oracle_noshard_trace-610042_b32_k8_isolated,isolated,ours,5,7,act_ms,0.116704,recorder
20260827-022806_perlmutter_5bc126dd,ours_l01_s2_oracle_noshard_trace-610042_b32_k8_isolated,isolated,ours,5,8,act_ms,0.126944,recorder
20260827-022806_perlmutter_5bc126dd,ours_l01_s2_oracle_noshard_trace-610042_b32_k8_isolated,isolated,ours,5,9,act_ms,0.120096,recorder
20260827-022806_perlmutter_5bc126dd,ours_l01_s2_oracle_noshard_trace-610042_b32_k8_isolated,isolated,ours,5,0,l1_ms,49.853695,recorder
20260827-022806_perlmutter_5bc126dd,ours_l01_s2_oracle_noshard_trace-610042_b32_k8_isolated,isolated,ours,5,1,l1_ms,50.059586,recorder
20260827-022806_perlmutter_5bc126dd,ours_l01_s2_oracle_noshard_trace-610042_b32_k8_isolated,isolated,ours,5,2,l1_ms,54.556801,recorder
20260827-022806_perlmutter_5bc126dd,ours_l01_s2_oracle_noshard_trace-610042_b32_k8_isolated,isolated,ours,5,3,l1_ms,50.573761,recorder
20260827-022806_perlmutter_5bc126dd,ours_l01_s2_oracle_noshard_trace-610042_b32_k8_isolated,isolated,ours,5,4,l1_ms,51.910912,recorder
20260827-022806_perlmutter_5bc126dd,ours_l01_s2_oracle_noshard_trace-610042_b32_k8_isolated,isolated,ours,5,5,l1_ms,52.008766,recorder
20260827-022806_perlmutter_5bc126dd,ours_l01_s2_oracle_noshard_trace-610042_b32_k8_isolated,isolated,ours,5,6,l1_ms,47.635456,recorder
20260827-022806_perlmutter_5bc126dd,ours_l01_s2_oracle_noshard_trace-610042_b32_k8_isolated,isolated,ours,5,7,l1_ms,58.778687,recorder
20260827-022806_perlmutter_5bc126dd,ours_l01_s2_oracle_noshard_trace-610042_b32_k8_isolated,isolated,ours,5,8,l1_ms,51.865696,recorder
20260827-022806_perlmutter_5bc126dd,ours_l01_s2_oracle_noshard_trace-610042_b32_k8_isolated,isolated,ours,5,9,l1_ms,53.759007,recorder
20260827-022806_perlmutter_5bc126dd,ours_l01_s2_oracle_noshard_trace-610042_b32_k8_isolated,isolated,ours,5,0,plan_comm_ms,0.184128,recorder
20260827-022806_perlmutter_5bc126dd,ours_l01_s2_oracle_noshard_trace-610042_b32_k8_isolated,isolated,ours,5,1,plan_comm_ms,0.32096,recorder
20260827-022806_perlmutter_5bc126dd,ours_l01_s2_oracle_noshard_trace-610042_b32_k8_isolated,isolated,ours,5,2,plan_comm_ms,0.56848,recorder
20260827-022806_perlmutter_5bc126dd,ours_l01_s2_oracle_noshard_trace-610042_b32_k8_isolated,isolated,ours,5,3,plan_comm_ms,0.26016,recorder
20260827-022806_perlmutter_5bc126dd,ours_l01_s2_oracle_noshard_trace-610042_b32_k8_isolated,isolated,ours,5,4,plan_comm_ms,0.469728,recorder
20260827-022806_perlmutter_5bc126dd,ours_l01_s2_oracle_noshard_trace-610042_b32_k8_isolated,isolated,ours,5,5,plan_comm_ms,0.279584,recorder
20260827-022806_perlmutter_5bc126dd,ours_l01_s2_oracle_noshard_trace-610042_b32_k8_isolated,isolated,ours,5,6,plan_comm_ms,0.322624,recorder
20260827-022806_perlmutter_5bc126dd,ours_l01_s2_oracle_noshard_trace-610042_b32_k8_isolated,isolated,ours,5,7,plan_comm_ms,0.894496,recorder
20260827-022806_perlmutter_5bc126dd,ours_l01_s2_oracle_noshard_trace-610042_b32_k8_isolated,isolated,ours,5,8,plan_comm_ms,0.301088,recorder
20260827-022806_perlmutter_5bc126dd,ours_l01_s2_oracle_noshard_trace-610042_b32_k8_isolated,isolated,ours,5,9,plan_comm_ms,0.346176,recorder
20260827-022806_perlmutter_5bc126dd,ours_l01_s2_oracle_noshard_trace-610042_b32_k8_isolated,isolated,ours,5,0,place_ms,4.909184,recorder
20260827-022806_perlmutter_5bc126dd,ours_l01_s2_oracle_noshard_trace-610042_b32_k8_isolated,isolated,ours,5,1,place_ms,4.790464,recorder
20260827-022806_perlmutter_5bc126dd,ours_l01_s2_oracle_noshard_trace-610042_b32_k8_isolated,isolated,ours,5,2,place_ms,4.794752,recorder
20260827-022806_perlmutter_5bc126dd,ours_l01_s2_oracle_noshard_trace-610042_b32_k8_isolated,isolated,ours,5,3,place_ms,4.794624,recorder
20260827-022806_perlmutter_5bc126dd,ours_l01_s2_oracle_noshard_trace-610042_b32_k8_isolated,isolated,ours,5,4,place_ms,4.61808,recorder
20260827-022806_perlmutter_5bc126dd,ours_l01_s2_oracle_noshard_trace-610042_b32_k8_isolated,isolated,ours,5,5,place_ms,4.845408,recorder
20260827-022806_perlmutter_5bc126dd,ours_l01_s2_oracle_noshard_trace-610042_b32_k8_isolated,isolated,ours,5,6,place_ms,4.845856,recorder
20260827-022806_perlmutter_5bc126dd,ours_l01_s2_oracle_noshard_trace-610042_b32_k8_isolated,isolated,ours,5,7,place_ms,4.743392,recorder
20260827-022806_perlmutter_5bc126dd,ours_l01_s2_oracle_noshard_trace-610042_b32_k8_isolated,isolated,ours,5,8,place_ms,4.723808,recorder
20260827-022806_perlmutter_5bc126dd,ours_l01_s2_oracle_noshard_trace-610042_b32_k8_isolated,isolated,ours,5,9,place_ms,5.315456,recorder
20260827-022806_perlmutter_5bc126dd,ours_l01_s2_oracle_noshard_trace-610042_b32_k8_isolated,isolated,ours,5,0,plan_ms,3.018368,recorder
20260827-022806_perlmutter_5bc126dd,ours_l01_s2_oracle_noshard_trace-610042_b32_k8_isolated,isolated,ours,5,1,plan_ms,2.67104,recorder
20260827-022806_perlmutter_5bc126dd,ours_l01_s2_oracle_noshard_trace-610042_b32_k8_isolated,isolated,ours,5,2,plan_ms,2.706688,recorder
20260827-022806_perlmutter_5bc126dd,ours_l01_s2_oracle_noshard_trace-610042_b32_k8_isolated,isolated,ours,5,3,plan_ms,2.942976,recorder
20260827-022806_perlmutter_5bc126dd,ours_l01_s2_oracle_noshard_trace-610042_b32_k8_isolated,isolated,ours,5,4,plan_ms,3.238112,recorder
20260827-022806_perlmutter_5bc126dd,ours_l01_s2_oracle_noshard_trace-610042_b32_k8_isolated,isolated,ours,5,5,plan_ms,2.843936,recorder
20260827-022806_perlmutter_5bc126dd,ours_l01_s2_oracle_noshard_trace-610042_b32_k8_isolated,isolated,ours,5,6,plan_ms,3.641056,recorder
20260827-022806_perlmutter_5bc126dd,ours_l01_s2_oracle_noshard_trace-610042_b32_k8_isolated,isolated,ours,5,7,plan_ms,2.904832,recorder
20260827-022806_perlmutter_5bc126dd,ours_l01_s2_oracle_noshard_trace-610042_b32_k8_isolated,isolated,ours,5,8,plan_ms,2.954272,recorder
20260827-022806_perlmutter_5bc126dd,ours_l01_s2_oracle_noshard_trace-610042_b32_k8_isolated,isolated,ours,5,9,plan_ms,2.474304,recorder
20260827-022806_perlmutter_5bc126dd,ours_l01_s2_oracle_noshard_trace-610042_b32_k8_isolated,isolated,ours,5,0,total_ms,132.075653,recorder
20260827-022806_perlmutter_5bc126dd,ours_l01_s2_oracle_noshard_trace-610042_b32_k8_isolated,isolated,ours,5,1,total_ms,131.270493,recorder
20260827-022806_perlmutter_5bc126dd,ours_l01_s2_oracle_noshard_trace-610042_b32_k8_isolated,isolated,ours,5,2,total_ms,129.985092,recorder
20260827-022806_perlmutter_5bc126dd,ours_l01_s2_oracle_noshard_trace-610042_b32_k8_isolated,isolated,ours,5,3,total_ms,131.408798,recorder
20260827-022806_perlmutter_5bc126dd,ours_l01_s2_oracle_noshard_trace-610042_b32_k8_isolated,isolated,ours,5,4,total_ms,131.441895,recorder
20260827-022806_perlmutter_5bc126dd,ours_l01_s2_oracle_noshard_trace-610042_b32_k8_isolated,isolated,ours,5,5,total_ms,131.26503,recorder
20260827-022806_perlmutter_5bc126dd,ours_l01_s2_oracle_noshard_trace-610042_b32_k8_isolated,isolated,ours,5,6,total_ms,128.991226,recorder
20260827-022806_perlmutter_5bc126dd,ours_l01_s2_oracle_noshard_trace-610042_b32_k8_isolated,isolated,ours,5,7,total_ms,134.04007,recorder
20260827-022806_perlmutter_5bc126dd,ours_l01_s2_oracle_noshard_trace-610042_b32_k8_isolated,isolated,ours,5,8,total_ms,134.126083,recorder
20260827-022806_perlmutter_5bc126dd,ours_l01_s2_oracle_noshard_trace-610042_b32_k8_isolated,isolated,ours,5,9,total_ms,132.349792,recorder
20260827-022806_perlmutter_5bc126dd,ours_l01_s2_oracle_noshard_trace-610042_b32_k8_isolated,isolated,ours,5,0,iso_sync_ms,0.531308,recorder
20260827-022806_perlmutter_5bc126dd,ours_l01_s2_oracle_noshard_trace-610042_b32_k8_isolated,isolated,ours,5,1,iso_sync_ms,0.748689,recorder
20260827-022806_perlmutter_5bc126dd,ours_l01_s2_oracle_noshard_trace-610042_b32_k8_isolated,isolated,ours,5,2,iso_sync_ms,0.282466,recorder
20260827-022806_perlmutter_5bc126dd,ours_l01_s2_oracle_noshard_trace-610042_b32_k8_isolated,isolated,ours,5,3,iso_sync_ms,0.874903,recorder
20260827-022806_perlmutter_5bc126dd,ours_l01_s2_oracle_noshard_trace-610042_b32_k8_isolated,isolated,ours,5,4,iso_sync_ms,0.689184,recorder
20260827-022806_perlmutter_5bc126dd,ours_l01_s2_oracle_noshard_trace-610042_b32_k8_isolated,isolated,ours,5,5,iso_sync_ms,0.772876,recorder
20260827-022806_perlmutter_5bc126dd,ours_l01_s2_oracle_noshard_trace-610042_b32_k8_isolated,isolated,ours,5,6,iso_sync_ms,1.287792,recorder
20260827-022806_perlmutter_5bc126dd,ours_l01_s2_oracle_noshard_trace-610042_b32_k8_isolated,isolated,ours,5,7,iso_sync_ms,0.967753,recorder
20260827-022806_perlmutter_5bc126dd,ours_l01_s2_oracle_noshard_trace-610042_b32_k8_isolated,isolated,ours,5,8,iso_sync_ms,0.731767,recorder
20260827-022806_perlmutter_5bc126dd,ours_l01_s2_oracle_noshard_trace-610042_b32_k8_isolated,isolated,ours,5,9,iso_sync_ms,2.959778,recorder
20260827-022806_perlmutter_5bc126dd,ours_l01_s2_oracle_noshard_trace-610042_b32_k8_isolated,isolated,ours,6,0,e2e_ms,123.988319,recorder
20260827-022806_perlmutter_5bc126dd,ours_l01_s2_oracle_noshard_trace-610042_b32_k8_isolated,isolated,ours,6,1,e2e_ms,123.502724,recorder
20260827-022806_perlmutter_5bc126dd,ours_l01_s2_oracle_noshard_trace-610042_b32_k8_isolated,isolated,ours,6,2,e2e_ms,121.980354,recorder
20260827-022806_perlmutter_5bc126dd,ours_l01_s2_oracle_noshard_trace-610042_b32_k8_isolated,isolated,ours,6,3,e2e_ms,123.41539,recorder
20260827-022806_perlmutter_5bc126dd,ours_l01_s2_oracle_noshard_trace-610042_b32_k8_isolated,isolated,ours,6,4,e2e_ms,123.166595,recorder
20260827-022806_perlmutter_5bc126dd,ours_l01_s2_oracle_noshard_trace-610042_b32_k8_isolated,isolated,ours,6,5,e2e_ms,123.279869,recorder
20260827-022806_perlmutter_5bc126dd,ours_l01_s2_oracle_noshard_trace-610042_b32_k8_isolated,isolated,ours,6,6,e2e_ms,120.326492,recorder
20260827-022806_perlmutter_5bc126dd,ours_l01_s2_oracle_noshard_trace-610042_b32_k8_isolated,isolated,ours,6,7,e2e_ms,125.476608,recorder
20260827-022806_perlmutter_5bc126dd,ours_l01_s2_oracle_noshard_trace-610042_b32_k8_isolated,isolated,ours,6,8,e2e_ms,126.195747,recorder
20260827-022806_perlmutter_5bc126dd,ours_l01_s2_oracle_noshard_trace-610042_b32_k8_isolated,isolated,ours,6,9,e2e_ms,124.28614,recorder
20260827-022806_perlmutter_5bc126dd,ours_l01_s2_oracle_noshard_trace-610042_b32_k8_isolated,isolated,ours,6,0,l0_ms,75.193504,recorder
20260827-022806_perlmutter_5bc126dd,ours_l01_s2_oracle_noshard_trace-610042_b32_k8_isolated,isolated,ours,6,1,l0_ms,71.708992,recorder
20260827-022806_perlmutter_5bc126dd,ours_l01_s2_oracle_noshard_trace-610042_b32_k8_isolated,isolated,ours,6,2,l0_ms,68.954048,recorder
20260827-022806_perlmutter_5bc126dd,ours_l01_s2_oracle_noshard_trace-610042_b32_k8_isolated,isolated,ours,6,3,l0_ms,73.771294,recorder
20260827-022806_perlmutter_5bc126dd,ours_l01_s2_oracle_noshard_trace-610042_b32_k8_isolated,isolated,ours,6,4,l0_ms,70.719582,recorder
20260827-022806_perlmutter_5bc126dd,ours_l01_s2_oracle_noshard_trace-610042_b32_k8_isolated,isolated,ours,6,5,l0_ms,72.236572,recorder
20260827-022806_perlmutter_5bc126dd,ours_l01_s2_oracle_noshard_trace-610042_b32_k8_isolated,isolated,ours,6,6,l0_ms,73.038429,recorder
20260827-022806_perlmutter_5bc126dd,ours_l01_s2_oracle_noshard_trace-610042_b32_k8_isolated,isolated,ours,6,7,l0_ms,66.214561,recorder
20260827-022806_perlmutter_5bc126dd,ours_l01_s2_oracle_noshard_trace-610042_b32_k8_isolated,isolated,ours,6,8,l0_ms,74.420029,recorder
20260827-022806_perlmutter_5bc126dd,ours_l01_s2_oracle_noshard_trace-610042_b32_k8_isolated,isolated,ours,6,9,l0_ms,72.788414,recorder
20260827-022806_perlmutter_5bc126dd,ours_l01_s2_oracle_noshard_trace-610042_b32_k8_isolated,isolated,ours,6,0,act_ms,0.114336,recorder
20260827-022806_perlmutter_5bc126dd,ours_l01_s2_oracle_noshard_trace-610042_b32_k8_isolated,isolated,ours,6,1,act_ms,0.113632,recorder
20260827-022806_perlmutter_5bc126dd,ours_l01_s2_oracle_noshard_trace-610042_b32_k8_isolated,isolated,ours,6,2,act_ms,0.122912,recorder
20260827-022806_perlmutter_5bc126dd,ours_l01_s2_oracle_noshard_trace-610042_b32_k8_isolated,isolated,ours,6,3,act_ms,0.121952,recorder
20260827-022806_perlmutter_5bc126dd,ours_l01_s2_oracle_noshard_trace-610042_b32_k8_isolated,isolated,ours,6,4,act_ms,0.116992,recorder
20260827-022806_perlmutter_5bc126dd,ours_l01_s2_oracle_noshard_trace-610042_b32_k8_isolated,isolated,ours,6,5,act_ms,0.124064,recorder
20260827-022806_perlmutter_5bc126dd,ours_l01_s2_oracle_noshard_trace-610042_b32_k8_isolated,isolated,ours,6,6,act_ms,0.11696,recorder
20260827-022806_perlmutter_5bc126dd,ours_l01_s2_oracle_noshard_trace-610042_b32_k8_isolated,isolated,ours,6,7,act_ms,0.119552,recorder
20260827-022806_perlmutter_5bc126dd,ours_l01_s2_oracle_noshard_trace-610042_b32_k8_isolated,isolated,ours,6,8,act_ms,0.118464,recorder
20260827-022806_perlmutter_5bc126dd,ours_l01_s2_oracle_noshard_trace-610042_b32_k8_isolated,isolated,ours,6,9,act_ms,0.116288,recorder
20260827-022806_perlmutter_5bc126dd,ours_l01_s2_oracle_noshard_trace-610042_b32_k8_isolated,isolated,ours,6,0,l1_ms,48.680481,recorder
20260827-022806_perlmutter_5bc126dd,ours_l01_s2_oracle_noshard_trace-610042_b32_k8_isolated,isolated,ours,6,1,l1_ms,51.680096,recorder
20260827-022806_perlmutter_5bc126dd,ours_l01_s2_oracle_noshard_trace-610042_b32_k8_isolated,isolated,ours,6,2,l1_ms,52.903393,recorder
20260827-022806_perlmutter_5bc126dd,ours_l01_s2_oracle_noshard_trace-610042_b32_k8_isolated,isolated,ours,6,3,l1_ms,49.522144,recorder
20260827-022806_perlmutter_5bc126dd,ours_l01_s2_oracle_noshard_trace-610042_b32_k8_isolated,isolated,ours,6,4,l1_ms,52.330017,recorder
20260827-022806_perlmutter_5bc126dd,ours_l01_s2_oracle_noshard_trace-610042_b32_k8_isolated,isolated,ours,6,5,l1_ms,50.919231,recorder
20260827-022806_perlmutter_5bc126dd,ours_l01_s2_oracle_noshard_trace-610042_b32_k8_isolated,isolated,ours,6,6,l1_ms,47.171104,recorder
20260827-022806_perlmutter_5bc126dd,ours_l01_s2_oracle_noshard_trace-610042_b32_k8_isolated,isolated,ours,6,7,l1_ms,59.142494,recorder
20260827-022806_perlmutter_5bc126dd,ours_l01_s2_oracle_noshard_trace-610042_b32_k8_isolated,isolated,ours,6,8,l1_ms,51.657249,recorder
20260827-022806_perlmutter_5bc126dd,ours_l01_s2_oracle_noshard_trace-610042_b32_k8_isolated,isolated,ours,6,9,l1_ms,51.381439,recorder
20260827-022806_perlmutter_5bc126dd,ours_l01_s2_oracle_noshard_trace-610042_b32_k8_isolated,isolated,ours,6,0,plan_comm_ms,0.2,recorder
20260827-022806_perlmutter_5bc126dd,ours_l01_s2_oracle_noshard_trace-610042_b32_k8_isolated,isolated,ours,6,1,plan_comm_ms,0.328992,recorder
20260827-022806_perlmutter_5bc126dd,ours_l01_s2_oracle_noshard_trace-610042_b32_k8_isolated,isolated,ours,6,2,plan_comm_ms,0.566432,recorder
20260827-022806_perlmutter_5bc126dd,ours_l01_s2_oracle_noshard_trace-610042_b32_k8_isolated,isolated,ours,6,3,plan_comm_ms,0.270976,recorder
20260827-022806_perlmutter_5bc126dd,ours_l01_s2_oracle_noshard_trace-610042_b32_k8_isolated,isolated,ours,6,4,plan_comm_ms,0.479616,recorder
20260827-022806_perlmutter_5bc126dd,ours_l01_s2_oracle_noshard_trace-610042_b32_k8_isolated,isolated,ours,6,5,plan_comm_ms,0.287424,recorder
20260827-022806_perlmutter_5bc126dd,ours_l01_s2_oracle_noshard_trace-610042_b32_k8_isolated,isolated,ours,6,6,plan_comm_ms,0.323232,recorder
20260827-022806_perlmutter_5bc126dd,ours_l01_s2_oracle_noshard_trace-610042_b32_k8_isolated,isolated,ours,6,7,plan_comm_ms,0.899872,recorder
20260827-022806_perlmutter_5bc126dd,ours_l01_s2_oracle_noshard_trace-610042_b32_k8_isolated,isolated,ours,6,8,plan_comm_ms,0.291488,recorder
20260827-022806_perlmutter_5bc126dd,ours_l01_s2_oracle_noshard_trace-610042_b32_k8_isolated,isolated,ours,6,9,plan_comm_ms,1.711872,recorder
20260827-022806_perlmutter_5bc126dd,ours_l01_s2_oracle_noshard_trace-610042_b32_k8_isolated,isolated,ours,6,0,place_ms,4.984096,recorder
20260827-022806_perlmutter_5bc126dd,ours_l01_s2_oracle_noshard_trace-610042_b32_k8_isolated,isolated,ours,6,1,place_ms,4.80816,recorder
20260827-022806_perlmutter_5bc126dd,ours_l01_s2_oracle_noshard_trace-610042_b32_k8_isolated,isolated,ours,6,2,place_ms,4.833312,recorder
20260827-022806_perlmutter_5bc126dd,ours_l01_s2_oracle_noshard_trace-610042_b32_k8_isolated,isolated,ours,6,3,place_ms,4.7728,recorder
20260827-022806_perlmutter_5bc126dd,ours_l01_s2_oracle_noshard_trace-610042_b32_k8_isolated,isolated,ours,6,4,place_ms,4.633024,recorder
20260827-022806_perlmutter_5bc126dd,ours_l01_s2_oracle_noshard_trace-610042_b32_k8_isolated,isolated,ours,6,5,place_ms,4.837664,recorder
20260827-022806_perlmutter_5bc126dd,ours_l01_s2_oracle_noshard_trace-610042_b32_k8_isolated,isolated,ours,6,6,place_ms,4.818816,recorder
20260827-022806_perlmutter_5bc126dd,ours_l01_s2_oracle_noshard_trace-610042_b32_k8_isolated,isolated,ours,6,7,place_ms,4.752416,recorder
20260827-022806_perlmutter_5bc126dd,ours_l01_s2_oracle_noshard_trace-610042_b32_k8_isolated,isolated,ours,6,8,place_ms,4.909792,recorder
20260827-022806_perlmutter_5bc126dd,ours_l01_s2_oracle_noshard_trace-610042_b32_k8_isolated,isolated,ours,6,9,place_ms,4.741856,recorder
20260827-022806_perlmutter_5bc126dd,ours_l01_s2_oracle_noshard_trace-610042_b32_k8_isolated,isolated,ours,6,0,plan_ms,2.918624,recorder
20260827-022806_perlmutter_5bc126dd,ours_l01_s2_oracle_noshard_trace-610042_b32_k8_isolated,isolated,ours,6,1,plan_ms,2.658816,recorder
20260827-022806_perlmutter_5bc126dd,ours_l01_s2_oracle_noshard_trace-610042_b32_k8_isolated,isolated,ours,6,2,plan_ms,2.633024,recorder
20260827-022806_perlmutter_5bc126dd,ours_l01_s2_oracle_noshard_trace-610042_b32_k8_isolated,isolated,ours,6,3,plan_ms,2.949696,recorder
20260827-022806_perlmutter_5bc126dd,ours_l01_s2_oracle_noshard_trace-610042_b32_k8_isolated,isolated,ours,6,4,plan_ms,3.164256,recorder
20260827-022806_perlmutter_5bc126dd,ours_l01_s2_oracle_noshard_trace-610042_b32_k8_isolated,isolated,ours,6,5,plan_ms,2.868128,recorder
20260827-022806_perlmutter_5bc126dd,ours_l01_s2_oracle_noshard_trace-610042_b32_k8_isolated,isolated,ours,6,6,plan_ms,3.52912,recorder
20260827-022806_perlmutter_5bc126dd,ours_l01_s2_oracle_noshard_trace-610042_b32_k8_isolated,isolated,ours,6,7,plan_ms,2.915072,recorder
20260827-022806_perlmutter_5bc126dd,ours_l01_s2_oracle_noshard_trace-610042_b32_k8_isolated,isolated,ours,6,8,plan_ms,2.717408,recorder
20260827-022806_perlmutter_5bc126dd,ours_l01_s2_oracle_noshard_trace-610042_b32_k8_isolated,isolated,ours,6,9,plan_ms,3.019104,recorder
20260827-022806_perlmutter_5bc126dd,ours_l01_s2_oracle_noshard_trace-610042_b32_k8_isolated,isolated,ours,6,0,total_ms,132.094147,recorder
20260827-022806_perlmutter_5bc126dd,ours_l01_s2_oracle_noshard_trace-610042_b32_k8_isolated,isolated,ours,6,1,total_ms,131.301727,recorder
20260827-022806_perlmutter_5bc126dd,ours_l01_s2_oracle_noshard_trace-610042_b32_k8_isolated,isolated,ours,6,2,total_ms,130.016678,recorder
20260827-022806_perlmutter_5bc126dd,ours_l01_s2_oracle_noshard_trace-610042_b32_k8_isolated,isolated,ours,6,3,total_ms,131.411865,recorder
20260827-022806_perlmutter_5bc126dd,ours_l01_s2_oracle_noshard_trace-610042_b32_k8_isolated,isolated,ours,6,4,total_ms,131.446014,recorder
20260827-022806_perlmutter_5bc126dd,ours_l01_s2_oracle_noshard_trace-610042_b32_k8_isolated,isolated,ours,6,5,total_ms,131.275558,recorder
20260827-022806_perlmutter_5bc126dd,ours_l01_s2_oracle_noshard_trace-610042_b32_k8_isolated,isolated,ours,6,6,total_ms,129.000443,recorder
20260827-022806_perlmutter_5bc126dd,ours_l01_s2_oracle_noshard_trace-610042_b32_k8_isolated,isolated,ours,6,7,total_ms,134.046494,recorder
20260827-022806_perlmutter_5bc126dd,ours_l01_s2_oracle_noshard_trace-610042_b32_k8_isolated,isolated,ours,6,8,total_ms,134.116989,recorder
20260827-022806_perlmutter_5bc126dd,ours_l01_s2_oracle_noshard_trace-610042_b32_k8_isolated,isolated,ours,6,9,total_ms,133.761444,recorder
20260827-022806_perlmutter_5bc126dd,ours_l01_s2_oracle_noshard_trace-610042_b32_k8_isolated,isolated,ours,6,0,iso_sync_ms,0.523283,recorder
20260827-022806_perlmutter_5bc126dd,ours_l01_s2_oracle_noshard_trace-610042_b32_k8_isolated,isolated,ours,6,1,iso_sync_ms,0.73877,recorder
20260827-022806_perlmutter_5bc126dd,ours_l01_s2_oracle_noshard_trace-610042_b32_k8_isolated,isolated,ours,6,2,iso_sync_ms,0.256547,recorder
20260827-022806_perlmutter_5bc126dd,ours_l01_s2_oracle_noshard_trace-610042_b32_k8_isolated,isolated,ours,6,3,iso_sync_ms,0.837521,recorder
20260827-022806_perlmutter_5bc126dd,ours_l01_s2_oracle_noshard_trace-610042_b32_k8_isolated,isolated,ours,6,4,iso_sync_ms,0.696388,recorder
20260827-022806_perlmutter_5bc126dd,ours_l01_s2_oracle_noshard_trace-610042_b32_k8_isolated,isolated,ours,6,5,iso_sync_ms,0.776032,recorder
20260827-022806_perlmutter_5bc126dd,ours_l01_s2_oracle_noshard_trace-610042_b32_k8_isolated,isolated,ours,6,6,iso_sync_ms,1.281009,recorder
20260827-022806_perlmutter_5bc126dd,ours_l01_s2_oracle_noshard_trace-610042_b32_k8_isolated,isolated,ours,6,7,iso_sync_ms,0.956321,recorder
20260827-022806_perlmutter_5bc126dd,ours_l01_s2_oracle_noshard_trace-610042_b32_k8_isolated,isolated,ours,6,8,iso_sync_ms,0.635881,recorder
20260827-022806_perlmutter_5bc126dd,ours_l01_s2_oracle_noshard_trace-610042_b32_k8_isolated,isolated,ours,6,9,iso_sync_ms,1.621719,recorder
20260827-022806_perlmutter_5bc126dd,ours_l01_s2_oracle_noshard_trace-610042_b32_k8_isolated,isolated,ours,7,0,e2e_ms,123.984543,recorder
20260827-022806_perlmutter_5bc126dd,ours_l01_s2_oracle_noshard_trace-610042_b32_k8_isolated,isolated,ours,7,1,e2e_ms,123.6399,recorder
20260827-022806_perlmutter_5bc126dd,ours_l01_s2_oracle_noshard_trace-610042_b32_k8_isolated,isolated,ours,7,2,e2e_ms,122.035965,recorder
20260827-022806_perlmutter_5bc126dd,ours_l01_s2_oracle_noshard_trace-610042_b32_k8_isolated,isolated,ours,7,3,e2e_ms,123.467583,recorder
20260827-022806_perlmutter_5bc126dd,ours_l01_s2_oracle_noshard_trace-610042_b32_k8_isolated,isolated,ours,7,4,e2e_ms,123.179039,recorder
20260827-022806_perlmutter_5bc126dd,ours_l01_s2_oracle_noshard_trace-610042_b32_k8_isolated,isolated,ours,7,5,e2e_ms,123.332191,recorder
20260827-022806_perlmutter_5bc126dd,ours_l01_s2_oracle_noshard_trace-610042_b32_k8_isolated,isolated,ours,7,6,e2e_ms,120.28067,recorder
20260827-022806_perlmutter_5bc126dd,ours_l01_s2_oracle_noshard_trace-610042_b32_k8_isolated,isolated,ours,7,7,e2e_ms,125.561119,recorder
20260827-022806_perlmutter_5bc126dd,ours_l01_s2_oracle_noshard_trace-610042_b32_k8_isolated,isolated,ours,7,8,e2e_ms,126.219551,recorder
20260827-022806_perlmutter_5bc126dd,ours_l01_s2_oracle_noshard_trace-610042_b32_k8_isolated,isolated,ours,7,9,e2e_ms,124.381279,recorder
20260827-022806_perlmutter_5bc126dd,ours_l01_s2_oracle_noshard_trace-610042_b32_k8_isolated,isolated,ours,7,0,l0_ms,74.034851,recorder
20260827-022806_perlmutter_5bc126dd,ours_l01_s2_oracle_noshard_trace-610042_b32_k8_isolated,isolated,ours,7,1,l0_ms,73.442749,recorder
20260827-022806_perlmutter_5bc126dd,ours_l01_s2_oracle_noshard_trace-610042_b32_k8_isolated,isolated,ours,7,2,l0_ms,67.263519,recorder
20260827-022806_perlmutter_5bc126dd,ours_l01_s2_oracle_noshard_trace-610042_b32_k8_isolated,isolated,ours,7,3,l0_ms,74.790657,recorder
20260827-022806_perlmutter_5bc126dd,ours_l01_s2_oracle_noshard_trace-610042_b32_k8_isolated,isolated,ours,7,4,l0_ms,71.139069,recorder
20260827-022806_perlmutter_5bc126dd,ours_l01_s2_oracle_noshard_trace-610042_b32_k8_isolated,isolated,ours,7,5,l0_ms,71.179581,recorder
20260827-022806_perlmutter_5bc126dd,ours_l01_s2_oracle_noshard_trace-610042_b32_k8_isolated,isolated,ours,7,6,l0_ms,73.572258,recorder
20260827-022806_perlmutter_5bc126dd,ours_l01_s2_oracle_noshard_trace-610042_b32_k8_isolated,isolated,ours,7,7,l0_ms,68.517601,recorder
20260827-022806_perlmutter_5bc126dd,ours_l01_s2_oracle_noshard_trace-610042_b32_k8_isolated,isolated,ours,7,8,l0_ms,75.113091,recorder
20260827-022806_perlmutter_5bc126dd,ours_l01_s2_oracle_noshard_trace-610042_b32_k8_isolated,isolated,ours,7,9,l0_ms,72.947037,recorder
20260827-022806_perlmutter_5bc126dd,ours_l01_s2_oracle_noshard_trace-610042_b32_k8_isolated,isolated,ours,7,0,act_ms,0.119232,recorder
20260827-022806_perlmutter_5bc126dd,ours_l01_s2_oracle_noshard_trace-610042_b32_k8_isolated,isolated,ours,7,1,act_ms,0.119136,recorder
20260827-022806_perlmutter_5bc126dd,ours_l01_s2_oracle_noshard_trace-610042_b32_k8_isolated,isolated,ours,7,2,act_ms,0.116128,recorder
20260827-022806_perlmutter_5bc126dd,ours_l01_s2_oracle_noshard_trace-610042_b32_k8_isolated,isolated,ours,7,3,act_ms,0.126368,recorder
20260827-022806_perlmutter_5bc126dd,ours_l01_s2_oracle_noshard_trace-610042_b32_k8_isolated,isolated,ours,7,4,act_ms,0.12096,recorder
20260827-022806_perlmutter_5bc126dd,ours_l01_s2_oracle_noshard_trace-610042_b32_k8_isolated,isolated,ours,7,5,act_ms,0.11952,recorder
20260827-022806_perlmutter_5bc126dd,ours_l01_s2_oracle_noshard_trace-610042_b32_k8_isolated,isolated,ours,7,6,act_ms,0.121344,recorder
20260827-022806_perlmutter_5bc126dd,ours_l01_s2_oracle_noshard_trace-610042_b32_k8_isolated,isolated,ours,7,7,act_ms,0.11488,recorder
20260827-022806_perlmutter_5bc126dd,ours_l01_s2_oracle_noshard_trace-610042_b32_k8_isolated,isolated,ours,7,8,act_ms,0.120288,recorder
20260827-022806_perlmutter_5bc126dd,ours_l01_s2_oracle_noshard_trace-610042_b32_k8_isolated,isolated,ours,7,9,act_ms,0.119968,recorder
20260827-022806_perlmutter_5bc126dd,ours_l01_s2_oracle_noshard_trace-610042_b32_k8_isolated,isolated,ours,7,0,l1_ms,49.830463,recorder
20260827-022806_perlmutter_5bc126dd,ours_l01_s2_oracle_noshard_trace-610042_b32_k8_isolated,isolated,ours,7,1,l1_ms,50.078014,recorder
20260827-022806_perlmutter_5bc126dd,ours_l01_s2_oracle_noshard_trace-610042_b32_k8_isolated,isolated,ours,7,2,l1_ms,54.656319,recorder
20260827-022806_perlmutter_5bc126dd,ours_l01_s2_oracle_noshard_trace-610042_b32_k8_isolated,isolated,ours,7,3,l1_ms,48.55056,recorder
20260827-022806_perlmutter_5bc126dd,ours_l01_s2_oracle_noshard_trace-610042_b32_k8_isolated,isolated,ours,7,4,l1_ms,51.919006,recorder
20260827-022806_perlmutter_5bc126dd,ours_l01_s2_oracle_noshard_trace-610042_b32_k8_isolated,isolated,ours,7,5,l1_ms,52.033089,recorder
20260827-022806_perlmutter_5bc126dd,ours_l01_s2_oracle_noshard_trace-610042_b32_k8_isolated,isolated,ours,7,6,l1_ms,46.58707,recorder
20260827-022806_perlmutter_5bc126dd,ours_l01_s2_oracle_noshard_trace-610042_b32_k8_isolated,isolated,ours,7,7,l1_ms,56.928638,recorder
20260827-022806_perlmutter_5bc126dd,ours_l01_s2_oracle_noshard_trace-610042_b32_k8_isolated,isolated,ours,7,8,l1_ms,50.986176,recorder
20260827-022806_perlmutter_5bc126dd,ours_l01_s2_oracle_noshard_trace-610042_b32_k8_isolated,isolated,ours,7,9,l1_ms,51.314274,recorder
20260827-022806_perlmutter_5bc126dd,ours_l01_s2_oracle_noshard_trace-610042_b32_k8_isolated,isolated,ours,7,0,plan_comm_ms,0.199808,recorder
20260827-022806_perlmutter_5bc126dd,ours_l01_s2_oracle_noshard_trace-610042_b32_k8_isolated,isolated,ours,7,1,plan_comm_ms,0.33792,recorder
20260827-022806_perlmutter_5bc126dd,ours_l01_s2_oracle_noshard_trace-610042_b32_k8_isolated,isolated,ours,7,2,plan_comm_ms,0.562368,recorder
20260827-022806_perlmutter_5bc126dd,ours_l01_s2_oracle_noshard_trace-610042_b32_k8_isolated,isolated,ours,7,3,plan_comm_ms,0.27536,recorder
20260827-022806_perlmutter_5bc126dd,ours_l01_s2_oracle_noshard_trace-610042_b32_k8_isolated,isolated,ours,7,4,plan_comm_ms,0.481088,recorder
20260827-022806_perlmutter_5bc126dd,ours_l01_s2_oracle_noshard_trace-610042_b32_k8_isolated,isolated,ours,7,5,plan_comm_ms,0.287648,recorder
20260827-022806_perlmutter_5bc126dd,ours_l01_s2_oracle_noshard_trace-610042_b32_k8_isolated,isolated,ours,7,6,plan_comm_ms,0.32704,recorder
20260827-022806_perlmutter_5bc126dd,ours_l01_s2_oracle_noshard_trace-610042_b32_k8_isolated,isolated,ours,7,7,plan_comm_ms,0.284064,recorder
20260827-022806_perlmutter_5bc126dd,ours_l01_s2_oracle_noshard_trace-610042_b32_k8_isolated,isolated,ours,7,8,plan_comm_ms,0.251456,recorder
20260827-022806_perlmutter_5bc126dd,ours_l01_s2_oracle_noshard_trace-610042_b32_k8_isolated,isolated,ours,7,9,plan_comm_ms,1.715552,recorder
20260827-022806_perlmutter_5bc126dd,ours_l01_s2_oracle_noshard_trace-610042_b32_k8_isolated,isolated,ours,7,0,place_ms,4.902784,recorder
20260827-022806_perlmutter_5bc126dd,ours_l01_s2_oracle_noshard_trace-610042_b32_k8_isolated,isolated,ours,7,1,place_ms,4.811872,recorder
20260827-022806_perlmutter_5bc126dd,ours_l01_s2_oracle_noshard_trace-610042_b32_k8_isolated,isolated,ours,7,2,place_ms,4.79632,recorder
20260827-022806_perlmutter_5bc126dd,ours_l01_s2_oracle_noshard_trace-610042_b32_k8_isolated,isolated,ours,7,3,place_ms,4.78608,recorder
20260827-022806_perlmutter_5bc126dd,ours_l01_s2_oracle_noshard_trace-610042_b32_k8_isolated,isolated,ours,7,4,place_ms,4.617952,recorder
20260827-022806_perlmutter_5bc126dd,ours_l01_s2_oracle_noshard_trace-610042_b32_k8_isolated,isolated,ours,7,5,place_ms,4.82896,recorder
20260827-022806_perlmutter_5bc126dd,ours_l01_s2_oracle_noshard_trace-610042_b32_k8_isolated,isolated,ours,7,6,place_ms,4.826496,recorder
20260827-022806_perlmutter_5bc126dd,ours_l01_s2_oracle_noshard_trace-610042_b32_k8_isolated,isolated,ours,7,7,place_ms,5.283712,recorder
20260827-022806_perlmutter_5bc126dd,ours_l01_s2_oracle_noshard_trace-610042_b32_k8_isolated,isolated,ours,7,8,place_ms,5.268864,recorder
20260827-022806_perlmutter_5bc126dd,ours_l01_s2_oracle_noshard_trace-610042_b32_k8_isolated,isolated,ours,7,9,place_ms,4.761184,recorder
20260827-022806_perlmutter_5bc126dd,ours_l01_s2_oracle_noshard_trace-610042_b32_k8_isolated,isolated,ours,7,0,plan_ms,3.002624,recorder
20260827-022806_perlmutter_5bc126dd,ours_l01_s2_oracle_noshard_trace-610042_b32_k8_isolated,isolated,ours,7,1,plan_ms,2.519776,recorder
20260827-022806_perlmutter_5bc126dd,ours_l01_s2_oracle_noshard_trace-610042_b32_k8_isolated,isolated,ours,7,2,plan_ms,2.650304,recorder
20260827-022806_perlmutter_5bc126dd,ours_l01_s2_oracle_noshard_trace-610042_b32_k8_isolated,isolated,ours,7,3,plan_ms,2.889792,recorder
20260827-022806_perlmutter_5bc126dd,ours_l01_s2_oracle_noshard_trace-610042_b32_k8_isolated,isolated,ours,7,4,plan_ms,3.15568,recorder
20260827-022806_perlmutter_5bc126dd,ours_l01_s2_oracle_noshard_trace-610042_b32_k8_isolated,isolated,ours,7,5,plan_ms,2.825312,recorder
20260827-022806_perlmutter_5bc126dd,ours_l01_s2_oracle_noshard_trace-610042_b32_k8_isolated,isolated,ours,7,6,plan_ms,3.554944,recorder
20260827-022806_perlmutter_5bc126dd,ours_l01_s2_oracle_noshard_trace-610042_b32_k8_isolated,isolated,ours,7,7,plan_ms,2.303904,recorder
20260827-022806_perlmutter_5bc126dd,ours_l01_s2_oracle_noshard_trace-610042_b32_k8_isolated,isolated,ours,7,8,plan_ms,2.342976,recorder
20260827-022806_perlmutter_5bc126dd,ours_l01_s2_oracle_noshard_trace-610042_b32_k8_isolated,isolated,ours,7,9,plan_ms,2.892608,recorder
20260827-022806_perlmutter_5bc126dd,ours_l01_s2_oracle_noshard_trace-610042_b32_k8_isolated,isolated,ours,7,0,total_ms,132.092636,recorder
20260827-022806_perlmutter_5bc126dd,ours_l01_s2_oracle_noshard_trace-610042_b32_k8_isolated,isolated,ours,7,1,total_ms,131.312668,recorder
20260827-022806_perlmutter_5bc126dd,ours_l01_s2_oracle_noshard_trace-610042_b32_k8_isolated,isolated,ours,7,2,total_ms,130.047775,recorder
20260827-022806_perlmutter_5bc126dd,ours_l01_s2_oracle_noshard_trace-610042_b32_k8_isolated,isolated,ours,7,3,total_ms,131.422012,recorder
20260827-022806_perlmutter_5bc126dd,ours_l01_s2_oracle_noshard_trace-610042_b32_k8_isolated,isolated,ours,7,4,total_ms,131.437149,recorder
20260827-022806_perlmutter_5bc126dd,ours_l01_s2_oracle_noshard_trace-610042_b32_k8_isolated,isolated,ours,7,5,total_ms,131.277222,recorder
20260827-022806_perlmutter_5bc126dd,ours_l01_s2_oracle_noshard_trace-610042_b32_k8_isolated,isolated,ours,7,6,total_ms,128.992508,recorder
20260827-022806_perlmutter_5bc126dd,ours_l01_s2_oracle_noshard_trace-610042_b32_k8_isolated,isolated,ours,7,7,total_ms,133.436035,recorder
20260827-022806_perlmutter_5bc126dd,ours_l01_s2_oracle_noshard_trace-610042_b32_k8_isolated,isolated,ours,7,8,total_ms,134.085892,recorder
20260827-022806_perlmutter_5bc126dd,ours_l01_s2_oracle_noshard_trace-610042_b32_k8_isolated,isolated,ours,7,9,total_ms,133.75351,recorder
20260827-022806_perlmutter_5bc126dd,ours_l01_s2_oracle_noshard_trace-610042_b32_k8_isolated,isolated,ours,7,0,iso_sync_ms,0.529064,recorder
20260827-022806_perlmutter_5bc126dd,ours_l01_s2_oracle_noshard_trace-610042_b32_k8_isolated,isolated,ours,7,1,iso_sync_ms,0.741485,recorder
20260827-022806_perlmutter_5bc126dd,ours_l01_s2_oracle_noshard_trace-610042_b32_k8_isolated,isolated,ours,7,2,iso_sync_ms,0.249603,recorder
20260827-022806_perlmutter_5bc126dd,ours_l01_s2_oracle_noshard_trace-610042_b32_k8_isolated,isolated,ours,7,3,iso_sync_ms,0.807162,recorder
20260827-022806_perlmutter_5bc126dd,ours_l01_s2_oracle_noshard_trace-610042_b32_k8_isolated,isolated,ours,7,4,iso_sync_ms,0.689915,recorder
20260827-022806_perlmutter_5bc126dd,ours_l01_s2_oracle_noshard_trace-610042_b32_k8_isolated,isolated,ours,7,5,iso_sync_ms,0.787925,recorder
20260827-022806_perlmutter_5bc126dd,ours_l01_s2_oracle_noshard_trace-610042_b32_k8_isolated,isolated,ours,7,6,iso_sync_ms,1.285658,recorder
20260827-022806_perlmutter_5bc126dd,ours_l01_s2_oracle_noshard_trace-610042_b32_k8_isolated,isolated,ours,7,7,iso_sync_ms,1.516655,recorder
20260827-022806_perlmutter_5bc126dd,ours_l01_s2_oracle_noshard_trace-610042_b32_k8_isolated,isolated,ours,7,8,iso_sync_ms,0.298388,recorder
20260827-022806_perlmutter_5bc126dd,ours_l01_s2_oracle_noshard_trace-610042_b32_k8_isolated,isolated,ours,7,9,iso_sync_ms,1.610838,recorder
20260827-022806_perlmutter_5bc126dd,ours_l01_s2_oracle_noshard_trace-610042_b32_k8_isolated,isolated,ours,8,0,e2e_ms,123.913155,recorder
20260827-022806_perlmutter_5bc126dd,ours_l01_s2_oracle_noshard_trace-610042_b32_k8_isolated,isolated,ours,8,1,e2e_ms,123.497635,recorder
20260827-022806_perlmutter_5bc126dd,ours_l01_s2_oracle_noshard_trace-610042_b32_k8_isolated,isolated,ours,8,2,e2e_ms,122.10733,recorder
20260827-022806_perlmutter_5bc126dd,ours_l01_s2_oracle_noshard_trace-610042_b32_k8_isolated,isolated,ours,8,3,e2e_ms,123.382339,recorder
20260827-022806_perlmutter_5bc126dd,ours_l01_s2_oracle_noshard_trace-610042_b32_k8_isolated,isolated,ours,8,4,e2e_ms,123.17363,recorder
20260827-022806_perlmutter_5bc126dd,ours_l01_s2_oracle_noshard_trace-610042_b32_k8_isolated,isolated,ours,8,5,e2e_ms,123.068161,recorder
20260827-022806_perlmutter_5bc126dd,ours_l01_s2_oracle_noshard_trace-610042_b32_k8_isolated,isolated,ours,8,6,e2e_ms,120.396576,recorder
20260827-022806_perlmutter_5bc126dd,ours_l01_s2_oracle_noshard_trace-610042_b32_k8_isolated,isolated,ours,8,7,e2e_ms,125.368576,recorder
20260827-022806_perlmutter_5bc126dd,ours_l01_s2_oracle_noshard_trace-610042_b32_k8_isolated,isolated,ours,8,8,e2e_ms,125.991714,recorder
20260827-022806_perlmutter_5bc126dd,ours_l01_s2_oracle_noshard_trace-610042_b32_k8_isolated,isolated,ours,8,9,e2e_ms,124.322083,recorder
20260827-022806_perlmutter_5bc126dd,ours_l01_s2_oracle_noshard_trace-610042_b32_k8_isolated,isolated,ours,8,0,l0_ms,74.6464,recorder
20260827-022806_perlmutter_5bc126dd,ours_l01_s2_oracle_noshard_trace-610042_b32_k8_isolated,isolated,ours,8,1,l0_ms,73.115585,recorder
20260827-022806_perlmutter_5bc126dd,ours_l01_s2_oracle_noshard_trace-610042_b32_k8_isolated,isolated,ours,8,2,l0_ms,68.870781,recorder
20260827-022806_perlmutter_5bc126dd,ours_l01_s2_oracle_noshard_trace-610042_b32_k8_isolated,isolated,ours,8,3,l0_ms,74.142433,recorder
20260827-022806_perlmutter_5bc126dd,ours_l01_s2_oracle_noshard_trace-610042_b32_k8_isolated,isolated,ours,8,4,l0_ms,69.848511,recorder
20260827-022806_perlmutter_5bc126dd,ours_l01_s2_oracle_noshard_trace-610042_b32_k8_isolated,isolated,ours,8,5,l0_ms,71.393982,recorder
20260827-022806_perlmutter_5bc126dd,ours_l01_s2_oracle_noshard_trace-610042_b32_k8_isolated,isolated,ours,8,6,l0_ms,72.419197,recorder
20260827-022806_perlmutter_5bc126dd,ours_l01_s2_oracle_noshard_trace-610042_b32_k8_isolated,isolated,ours,8,7,l0_ms,64.929314,recorder
20260827-022806_perlmutter_5bc126dd,ours_l01_s2_oracle_noshard_trace-610042_b32_k8_isolated,isolated,ours,8,8,l0_ms,72.053505,recorder
20260827-022806_perlmutter_5bc126dd,ours_l01_s2_oracle_noshard_trace-610042_b32_k8_isolated,isolated,ours,8,9,l0_ms,75.116158,recorder
20260827-022806_perlmutter_5bc126dd,ours_l01_s2_oracle_noshard_trace-610042_b32_k8_isolated,isolated,ours,8,0,act_ms,0.133472,recorder
20260827-022806_perlmutter_5bc126dd,ours_l01_s2_oracle_noshard_trace-610042_b32_k8_isolated,isolated,ours,8,1,act_ms,0.130304,recorder
20260827-022806_perlmutter_5bc126dd,ours_l01_s2_oracle_noshard_trace-610042_b32_k8_isolated,isolated,ours,8,2,act_ms,0.128832,recorder
20260827-022806_perlmutter_5bc126dd,ours_l01_s2_oracle_noshard_trace-610042_b32_k8_isolated,isolated,ours,8,3,act_ms,0.127232,recorder
20260827-022806_perlmutter_5bc126dd,ours_l01_s2_oracle_noshard_trace-610042_b32_k8_isolated,isolated,ours,8,4,act_ms,0.132512,recorder
20260827-022806_perlmutter_5bc126dd,ours_l01_s2_oracle_noshard_trace-610042_b32_k8_isolated,isolated,ours,8,5,act_ms,0.131104,recorder
20260827-022806_perlmutter_5bc126dd,ours_l01_s2_oracle_noshard_trace-610042_b32_k8_isolated,isolated,ours,8,6,act_ms,0.124032,recorder
20260827-022806_perlmutter_5bc126dd,ours_l01_s2_oracle_noshard_trace-610042_b32_k8_isolated,isolated,ours,8,7,act_ms,0.134048,recorder
20260827-022806_perlmutter_5bc126dd,ours_l01_s2_oracle_noshard_trace-610042_b32_k8_isolated,isolated,ours,8,8,act_ms,0.135168,recorder
20260827-022806_perlmutter_5bc126dd,ours_l01_s2_oracle_noshard_trace-610042_b32_k8_isolated,isolated,ours,8,9,act_ms,0.128576,recorder
20260827-022806_perlmutter_5bc126dd,ours_l01_s2_oracle_noshard_trace-610042_b32_k8_isolated,isolated,ours,8,0,l1_ms,49.133282,recorder
20260827-022806_perlmutter_5bc126dd,ours_l01_s2_oracle_noshard_trace-610042_b32_k8_isolated,isolated,ours,8,1,l1_ms,50.251743,recorder
20260827-022806_perlmutter_5bc126dd,ours_l01_s2_oracle_noshard_trace-610042_b32_k8_isolated,isolated,ours,8,2,l1_ms,53.107712,recorder
20260827-022806_perlmutter_5bc126dd,ours_l01_s2_oracle_noshard_trace-610042_b32_k8_isolated,isolated,ours,8,3,l1_ms,49.112671,recorder
20260827-022806_perlmutter_5bc126dd,ours_l01_s2_oracle_noshard_trace-610042_b32_k8_isolated,isolated,ours,8,4,l1_ms,53.192608,recorder
20260827-022806_perlmutter_5bc126dd,ours_l01_s2_oracle_noshard_trace-610042_b32_k8_isolated,isolated,ours,8,5,l1_ms,51.543072,recorder
20260827-022806_perlmutter_5bc126dd,ours_l01_s2_oracle_noshard_trace-610042_b32_k8_isolated,isolated,ours,8,6,l1_ms,47.853344,recorder
20260827-022806_perlmutter_5bc126dd,ours_l01_s2_oracle_noshard_trace-610042_b32_k8_isolated,isolated,ours,8,7,l1_ms,60.305218,recorder
20260827-022806_perlmutter_5bc126dd,ours_l01_s2_oracle_noshard_trace-610042_b32_k8_isolated,isolated,ours,8,8,l1_ms,53.80304,recorder
20260827-022806_perlmutter_5bc126dd,ours_l01_s2_oracle_noshard_trace-610042_b32_k8_isolated,isolated,ours,8,9,l1_ms,49.077343,recorder
20260827-022806_perlmutter_5bc126dd,ours_l01_s2_oracle_noshard_trace-610042_b32_k8_isolated,isolated,ours,8,0,plan_comm_ms,0.233024,recorder
20260827-022806_perlmutter_5bc126dd,ours_l01_s2_oracle_noshard_trace-610042_b32_k8_isolated,isolated,ours,8,1,plan_comm_ms,0.336032,recorder
20260827-022806_perlmutter_5bc126dd,ours_l01_s2_oracle_noshard_trace-610042_b32_k8_isolated,isolated,ours,8,2,plan_comm_ms,0.566368,recorder
20260827-022806_perlmutter_5bc126dd,ours_l01_s2_oracle_noshard_trace-610042_b32_k8_isolated,isolated,ours,8,3,plan_comm_ms,0.277824,recorder
20260827-022806_perlmutter_5bc126dd,ours_l01_s2_oracle_noshard_trace-610042_b32_k8_isolated,isolated,ours,8,4,plan_comm_ms,0.47584,recorder
20260827-022806_perlmutter_5bc126dd,ours_l01_s2_oracle_noshard_trace-610042_b32_k8_isolated,isolated,ours,8,5,plan_comm_ms,0.300512,recorder
20260827-022806_perlmutter_5bc126dd,ours_l01_s2_oracle_noshard_trace-610042_b32_k8_isolated,isolated,ours,8,6,plan_comm_ms,0.33264,recorder
20260827-022806_perlmutter_5bc126dd,ours_l01_s2_oracle_noshard_trace-610042_b32_k8_isolated,isolated,ours,8,7,plan_comm_ms,0.90912,recorder
20260827-022806_perlmutter_5bc126dd,ours_l01_s2_oracle_noshard_trace-610042_b32_k8_isolated,isolated,ours,8,8,plan_comm_ms,0.32032,recorder
20260827-022806_perlmutter_5bc126dd,ours_l01_s2_oracle_noshard_trace-610042_b32_k8_isolated,isolated,ours,8,9,plan_comm_ms,1.703456,recorder
20260827-022806_perlmutter_5bc126dd,ours_l01_s2_oracle_noshard_trace-610042_b32_k8_isolated,isolated,ours,8,0,place_ms,4.929504,recorder
20260827-022806_perlmutter_5bc126dd,ours_l01_s2_oracle_noshard_trace-610042_b32_k8_isolated,isolated,ours,8,1,place_ms,4.814752,recorder
20260827-022806_perlmutter_5bc126dd,ours_l01_s2_oracle_noshard_trace-610042_b32_k8_isolated,isolated,ours,8,2,place_ms,4.818944,recorder
20260827-022806_perlmutter_5bc126dd,ours_l01_s2_oracle_noshard_trace-610042_b32_k8_isolated,isolated,ours,8,3,place_ms,4.78656,recorder
20260827-022806_perlmutter_5bc126dd,ours_l01_s2_oracle_noshard_trace-610042_b32_k8_isolated,isolated,ours,8,4,place_ms,4.815584,recorder
20260827-022806_perlmutter_5bc126dd,ours_l01_s2_oracle_noshard_trace-610042_b32_k8_isolated,isolated,ours,8,5,place_ms,4.612608,recorder
20260827-022806_perlmutter_5bc126dd,ours_l01_s2_oracle_noshard_trace-610042_b32_k8_isolated,isolated,ours,8,6,place_ms,4.8248,recorder
20260827-022806_perlmutter_5bc126dd,ours_l01_s2_oracle_noshard_trace-610042_b32_k8_isolated,isolated,ours,8,7,place_ms,4.83424,recorder
20260827-022806_perlmutter_5bc126dd,ours_l01_s2_oracle_noshard_trace-610042_b32_k8_isolated,isolated,ours,8,8,place_ms,4.795712,recorder
20260827-022806_perlmutter_5bc126dd,ours_l01_s2_oracle_noshard_trace-610042_b32_k8_isolated,isolated,ours,8,9,place_ms,5.106688,recorder
20260827-022806_perlmutter_5bc126dd,ours_l01_s2_oracle_noshard_trace-610042_b32_k8_isolated,isolated,ours,8,0,plan_ms,3.059296,recorder
20260827-022806_perlmutter_5bc126dd,ours_l01_s2_oracle_noshard_trace-610042_b32_k8_isolated,isolated,ours,8,1,plan_ms,2.68832,recorder
20260827-022806_perlmutter_5bc126dd,ours_l01_s2_oracle_noshard_trace-610042_b32_k8_isolated,isolated,ours,8,2,plan_ms,2.562272,recorder
20260827-022806_perlmutter_5bc126dd,ours_l01_s2_oracle_noshard_trace-610042_b32_k8_isolated,isolated,ours,8,3,plan_ms,2.970688,recorder
20260827-022806_perlmutter_5bc126dd,ours_l01_s2_oracle_noshard_trace-610042_b32_k8_isolated,isolated,ours,8,4,plan_ms,2.978048,recorder
20260827-022806_perlmutter_5bc126dd,ours_l01_s2_oracle_noshard_trace-610042_b32_k8_isolated,isolated,ours,8,5,plan_ms,3.15264,recorder
20260827-022806_perlmutter_5bc126dd,ours_l01_s2_oracle_noshard_trace-610042_b32_k8_isolated,isolated,ours,8,6,plan_ms,3.4472,recorder
20260827-022806_perlmutter_5bc126dd,ours_l01_s2_oracle_noshard_trace-610042_b32_k8_isolated,isolated,ours,8,7,plan_ms,2.93488,recorder
20260827-022806_perlmutter_5bc126dd,ours_l01_s2_oracle_noshard_trace-610042_b32_k8_isolated,isolated,ours,8,8,plan_ms,2.886464,recorder
20260827-022806_perlmutter_5bc126dd,ours_l01_s2_oracle_noshard_trace-610042_b32_k8_isolated,isolated,ours,8,9,plan_ms,2.612224,recorder
20260827-022806_perlmutter_5bc126dd,ours_l01_s2_oracle_noshard_trace-610042_b32_k8_isolated,isolated,ours,8,0,total_ms,132.137497,recorder
20260827-022806_perlmutter_5bc126dd,ours_l01_s2_oracle_noshard_trace-610042_b32_k8_isolated,isolated,ours,8,1,total_ms,131.339737,recorder
20260827-022806_perlmutter_5bc126dd,ours_l01_s2_oracle_noshard_trace-610042_b32_k8_isolated,isolated,ours,8,2,total_ms,130.057571,recorder
20260827-022806_perlmutter_5bc126dd,ours_l01_s2_oracle_noshard_trace-610042_b32_k8_isolated,isolated,ours,8,3,total_ms,131.419968,recorder
20260827-022806_perlmutter_5bc126dd,ours_l01_s2_oracle_noshard_trace-610042_b32_k8_isolated,isolated,ours,8,4,total_ms,131.445511,recorder
20260827-022806_perlmutter_5bc126dd,ours_l01_s2_oracle_noshard_trace-610042_b32_k8_isolated,isolated,ours,8,5,total_ms,131.136414,recorder
20260827-022806_perlmutter_5bc126dd,ours_l01_s2_oracle_noshard_trace-610042_b32_k8_isolated,isolated,ours,8,6,total_ms,129.003906,recorder
20260827-022806_perlmutter_5bc126dd,ours_l01_s2_oracle_noshard_trace-610042_b32_k8_isolated,isolated,ours,8,7,total_ms,134.049347,recorder
20260827-022806_perlmutter_5bc126dd,ours_l01_s2_oracle_noshard_trace-610042_b32_k8_isolated,isolated,ours,8,8,total_ms,133.996765,recorder
20260827-022806_perlmutter_5bc126dd,ours_l01_s2_oracle_noshard_trace-610042_b32_k8_isolated,isolated,ours,8,9,total_ms,133.748001,recorder
20260827-022806_perlmutter_5bc126dd,ours_l01_s2_oracle_noshard_trace-610042_b32_k8_isolated,isolated,ours,8,0,iso_sync_ms,0.473958,recorder
20260827-022806_perlmutter_5bc126dd,ours_l01_s2_oracle_noshard_trace-610042_b32_k8_isolated,isolated,ours,8,1,iso_sync_ms,0.720426,recorder
20260827-022806_perlmutter_5bc126dd,ours_l01_s2_oracle_noshard_trace-610042_b32_k8_isolated,isolated,ours,8,2,iso_sync_ms,0.21661,recorder
20260827-022806_perlmutter_5bc126dd,ours_l01_s2_oracle_noshard_trace-610042_b32_k8_isolated,isolated,ours,8,3,iso_sync_ms,0.798027,recorder
20260827-022806_perlmutter_5bc126dd,ours_l01_s2_oracle_noshard_trace-610042_b32_k8_isolated,isolated,ours,8,4,iso_sync_ms,0.687181,recorder
20260827-022806_perlmutter_5bc126dd,ours_l01_s2_oracle_noshard_trace-610042_b32_k8_isolated,isolated,ours,8,5,iso_sync_ms,0.779982,recorder
20260827-022806_perlmutter_5bc126dd,ours_l01_s2_oracle_noshard_trace-610042_b32_k8_isolated,isolated,ours,8,6,iso_sync_ms,1.420613,recorder
20260827-022806_perlmutter_5bc126dd,ours_l01_s2_oracle_noshard_trace-610042_b32_k8_isolated,isolated,ours,8,7,iso_sync_ms,0.926986,recorder
20260827-022806_perlmutter_5bc126dd,ours_l01_s2_oracle_noshard_trace-610042_b32_k8_isolated,isolated,ours,8,8,iso_sync_ms,0.719274,recorder
20260827-022806_perlmutter_5bc126dd,ours_l01_s2_oracle_noshard_trace-610042_b32_k8_isolated,isolated,ours,8,9,iso_sync_ms,1.181861,recorder
20260827-022806_perlmutter_5bc126dd,ours_l01_s2_oracle_noshard_trace-610042_b32_k8_isolated,isolated,ours,9,0,e2e_ms,123.862175,recorder
20260827-022806_perlmutter_5bc126dd,ours_l01_s2_oracle_noshard_trace-610042_b32_k8_isolated,isolated,ours,9,1,e2e_ms,123.377823,recorder
20260827-022806_perlmutter_5bc126dd,ours_l01_s2_oracle_noshard_trace-610042_b32_k8_isolated,isolated,ours,9,2,e2e_ms,122.07341,recorder
20260827-022806_perlmutter_5bc126dd,ours_l01_s2_oracle_noshard_trace-610042_b32_k8_isolated,isolated,ours,9,3,e2e_ms,123.367325,recorder
20260827-022806_perlmutter_5bc126dd,ours_l01_s2_oracle_noshard_trace-610042_b32_k8_isolated,isolated,ours,9,4,e2e_ms,123.172707,recorder
20260827-022806_perlmutter_5bc126dd,ours_l01_s2_oracle_noshard_trace-610042_b32_k8_isolated,isolated,ours,9,5,e2e_ms,123.107971,recorder
20260827-022806_perlmutter_5bc126dd,ours_l01_s2_oracle_noshard_trace-610042_b32_k8_isolated,isolated,ours,9,6,e2e_ms,120.379585,recorder
20260827-022806_perlmutter_5bc126dd,ours_l01_s2_oracle_noshard_trace-610042_b32_k8_isolated,isolated,ours,9,7,e2e_ms,125.345314,recorder
20260827-022806_perlmutter_5bc126dd,ours_l01_s2_oracle_noshard_trace-610042_b32_k8_isolated,isolated,ours,9,8,e2e_ms,125.97802,recorder
20260827-022806_perlmutter_5bc126dd,ours_l01_s2_oracle_noshard_trace-610042_b32_k8_isolated,isolated,ours,9,9,e2e_ms,124.243935,recorder
20260827-022806_perlmutter_5bc126dd,ours_l01_s2_oracle_noshard_trace-610042_b32_k8_isolated,isolated,ours,9,0,l0_ms,75.344193,recorder
20260827-022806_perlmutter_5bc126dd,ours_l01_s2_oracle_noshard_trace-610042_b32_k8_isolated,isolated,ours,9,1,l0_ms,73.3256,recorder
20260827-022806_perlmutter_5bc126dd,ours_l01_s2_oracle_noshard_trace-610042_b32_k8_isolated,isolated,ours,9,2,l0_ms,68.671906,recorder
20260827-022806_perlmutter_5bc126dd,ours_l01_s2_oracle_noshard_trace-610042_b32_k8_isolated,isolated,ours,9,3,l0_ms,73.628227,recorder
20260827-022806_perlmutter_5bc126dd,ours_l01_s2_oracle_noshard_trace-610042_b32_k8_isolated,isolated,ours,9,4,l0_ms,74.444351,recorder
20260827-022806_perlmutter_5bc126dd,ours_l01_s2_oracle_noshard_trace-610042_b32_k8_isolated,isolated,ours,9,5,l0_ms,71.448158,recorder
20260827-022806_perlmutter_5bc126dd,ours_l01_s2_oracle_noshard_trace-610042_b32_k8_isolated,isolated,ours,9,6,l0_ms,72.619392,recorder
20260827-022806_perlmutter_5bc126dd,ours_l01_s2_oracle_noshard_trace-610042_b32_k8_isolated,isolated,ours,9,7,l0_ms,66.639488,recorder
20260827-022806_perlmutter_5bc126dd,ours_l01_s2_oracle_noshard_trace-610042_b32_k8_isolated,isolated,ours,9,8,l0_ms,74.998688,recorder
20260827-022806_perlmutter_5bc126dd,ours_l01_s2_oracle_noshard_trace-610042_b32_k8_isolated,isolated,ours,9,9,l0_ms,72.679199,recorder
20260827-022806_perlmutter_5bc126dd,ours_l01_s2_oracle_noshard_trace-610042_b32_k8_isolated,isolated,ours,9,0,act_ms,0.118176,recorder
20260827-022806_perlmutter_5bc126dd,ours_l01_s2_oracle_noshard_trace-610042_b32_k8_isolated,isolated,ours,9,1,act_ms,0.126944,recorder
20260827-022806_perlmutter_5bc126dd,ours_l01_s2_oracle_noshard_trace-610042_b32_k8_isolated,isolated,ours,9,2,act_ms,0.125504,recorder
20260827-022806_perlmutter_5bc126dd,ours_l01_s2_oracle_noshard_trace-610042_b32_k8_isolated,isolated,ours,9,3,act_ms,0.115008,recorder
20260827-022806_perlmutter_5bc126dd,ours_l01_s2_oracle_noshard_trace-610042_b32_k8_isolated,isolated,ours,9,4,act_ms,0.119488,recorder
20260827-022806_perlmutter_5bc126dd,ours_l01_s2_oracle_noshard_trace-610042_b32_k8_isolated,isolated,ours,9,5,act_ms,0.120544,recorder
20260827-022806_perlmutter_5bc126dd,ours_l01_s2_oracle_noshard_trace-610042_b32_k8_isolated,isolated,ours,9,6,act_ms,0.12096,recorder
20260827-022806_perlmutter_5bc126dd,ours_l01_s2_oracle_noshard_trace-610042_b32_k8_isolated,isolated,ours,9,7,act_ms,0.123872,recorder
20260827-022806_perlmutter_5bc126dd,ours_l01_s2_oracle_noshard_trace-610042_b32_k8_isolated,isolated,ours,9,8,act_ms,0.11856,recorder
20260827-022806_perlmutter_5bc126dd,ours_l01_s2_oracle_noshard_trace-610042_b32_k8_isolated,isolated,ours,9,9,act_ms,0.125056,recorder
20260827-022806_perlmutter_5bc126dd,ours_l01_s2_oracle_noshard_trace-610042_b32_k8_isolated,isolated,ours,9,0,l1_ms,48.399807,recorder
20260827-022806_perlmutter_5bc126dd,ours_l01_s2_oracle_noshard_trace-610042_b32_k8_isolated,isolated,ours,9,1,l1_ms,49.925282,recorder
20260827-022806_perlmutter_5bc126dd,ours_l01_s2_oracle_noshard_trace-610042_b32_k8_isolated,isolated,ours,9,2,l1_ms,53.276001,recorder
20260827-022806_perlmutter_5bc126dd,ours_l01_s2_oracle_noshard_trace-610042_b32_k8_isolated,isolated,ours,9,3,l1_ms,49.624096,recorder
20260827-022806_perlmutter_5bc126dd,ours_l01_s2_oracle_noshard_trace-610042_b32_k8_isolated,isolated,ours,9,4,l1_ms,48.608864,recorder
20260827-022806_perlmutter_5bc126dd,ours_l01_s2_oracle_noshard_trace-610042_b32_k8_isolated,isolated,ours,9,5,l1_ms,51.539265,recorder
20260827-022806_perlmutter_5bc126dd,ours_l01_s2_oracle_noshard_trace-610042_b32_k8_isolated,isolated,ours,9,6,l1_ms,47.639233,recorder
20260827-022806_perlmutter_5bc126dd,ours_l01_s2_oracle_noshard_trace-610042_b32_k8_isolated,isolated,ours,9,7,l1_ms,58.581951,recorder
20260827-022806_perlmutter_5bc126dd,ours_l01_s2_oracle_noshard_trace-610042_b32_k8_isolated,isolated,ours,9,8,l1_ms,50.860767,recorder
20260827-022806_perlmutter_5bc126dd,ours_l01_s2_oracle_noshard_trace-610042_b32_k8_isolated,isolated,ours,9,9,l1_ms,51.439678,recorder
20260827-022806_perlmutter_5bc126dd,ours_l01_s2_oracle_noshard_trace-610042_b32_k8_isolated,isolated,ours,9,0,plan_comm_ms,0.232288,recorder
20260827-022806_perlmutter_5bc126dd,ours_l01_s2_oracle_noshard_trace-610042_b32_k8_isolated,isolated,ours,9,1,plan_comm_ms,0.33504,recorder
20260827-022806_perlmutter_5bc126dd,ours_l01_s2_oracle_noshard_trace-610042_b32_k8_isolated,isolated,ours,9,2,plan_comm_ms,0.560352,recorder
20260827-022806_perlmutter_5bc126dd,ours_l01_s2_oracle_noshard_trace-610042_b32_k8_isolated,isolated,ours,9,3,plan_comm_ms,0.274848,recorder
20260827-022806_perlmutter_5bc126dd,ours_l01_s2_oracle_noshard_trace-610042_b32_k8_isolated,isolated,ours,9,4,plan_comm_ms,0.480224,recorder
20260827-022806_perlmutter_5bc126dd,ours_l01_s2_oracle_noshard_trace-610042_b32_k8_isolated,isolated,ours,9,5,plan_comm_ms,0.29904,recorder
20260827-022806_perlmutter_5bc126dd,ours_l01_s2_oracle_noshard_trace-610042_b32_k8_isolated,isolated,ours,9,6,plan_comm_ms,0.328384,recorder
20260827-022806_perlmutter_5bc126dd,ours_l01_s2_oracle_noshard_trace-610042_b32_k8_isolated,isolated,ours,9,7,plan_comm_ms,0.907616,recorder
20260827-022806_perlmutter_5bc126dd,ours_l01_s2_oracle_noshard_trace-610042_b32_k8_isolated,isolated,ours,9,8,plan_comm_ms,0.320224,recorder
20260827-022806_perlmutter_5bc126dd,ours_l01_s2_oracle_noshard_trace-610042_b32_k8_isolated,isolated,ours,9,9,plan_comm_ms,1.720704,recorder
20260827-022806_perlmutter_5bc126dd,ours_l01_s2_oracle_noshard_trace-610042_b32_k8_isolated,isolated,ours,9,0,place_ms,4.961184,recorder
20260827-022806_perlmutter_5bc126dd,ours_l01_s2_oracle_noshard_trace-610042_b32_k8_isolated,isolated,ours,9,1,place_ms,4.797152,recorder
20260827-022806_perlmutter_5bc126dd,ours_l01_s2_oracle_noshard_trace-610042_b32_k8_isolated,isolated,ours,9,2,place_ms,4.797344,recorder
20260827-022806_perlmutter_5bc126dd,ours_l01_s2_oracle_noshard_trace-610042_b32_k8_isolated,isolated,ours,9,3,place_ms,4.754112,recorder
20260827-022806_perlmutter_5bc126dd,ours_l01_s2_oracle_noshard_trace-610042_b32_k8_isolated,isolated,ours,9,4,place_ms,4.759872,recorder
20260827-022806_perlmutter_5bc126dd,ours_l01_s2_oracle_noshard_trace-610042_b32_k8_isolated,isolated,ours,9,5,place_ms,4.573376,recorder
20260827-022806_perlmutter_5bc126dd,ours_l01_s2_oracle_noshard_trace-610042_b32_k8_isolated,isolated,ours,9,6,place_ms,4.799712,recorder
20260827-022806_perlmutter_5bc126dd,ours_l01_s2_oracle_noshard_trace-610042_b32_k8_isolated,isolated,ours,9,7,place_ms,4.8008,recorder
20260827-022806_perlmutter_5bc126dd,ours_l01_s2_oracle_noshard_trace-610042_b32_k8_isolated,isolated,ours,9,8,place_ms,4.75776,recorder
20260827-022806_perlmutter_5bc126dd,ours_l01_s2_oracle_noshard_trace-610042_b32_k8_isolated,isolated,ours,9,9,place_ms,4.72128,recorder
20260827-022806_perlmutter_5bc126dd,ours_l01_s2_oracle_noshard_trace-610042_b32_k8_isolated,isolated,ours,9,0,plan_ms,3.067552,recorder
20260827-022806_perlmutter_5bc126dd,ours_l01_s2_oracle_noshard_trace-610042_b32_k8_isolated,isolated,ours,9,1,plan_ms,2.833376,recorder
20260827-022806_perlmutter_5bc126dd,ours_l01_s2_oracle_noshard_trace-610042_b32_k8_isolated,isolated,ours,9,2,plan_ms,2.649248,recorder
20260827-022806_perlmutter_5bc126dd,ours_l01_s2_oracle_noshard_trace-610042_b32_k8_isolated,isolated,ours,9,3,plan_ms,3.026304,recorder
20260827-022806_perlmutter_5bc126dd,ours_l01_s2_oracle_noshard_trace-610042_b32_k8_isolated,isolated,ours,9,4,plan_ms,3.035616,recorder
20260827-022806_perlmutter_5bc126dd,ours_l01_s2_oracle_noshard_trace-610042_b32_k8_isolated,isolated,ours,9,5,plan_ms,3.189312,recorder
20260827-022806_perlmutter_5bc126dd,ours_l01_s2_oracle_noshard_trace-610042_b32_k8_isolated,isolated,ours,9,6,plan_ms,3.515872,recorder
20260827-022806_perlmutter_5bc126dd,ours_l01_s2_oracle_noshard_trace-610042_b32_k8_isolated,isolated,ours,9,7,plan_ms,2.998272,recorder
20260827-022806_perlmutter_5bc126dd,ours_l01_s2_oracle_noshard_trace-610042_b32_k8_isolated,isolated,ours,9,8,plan_ms,2.977408,recorder
20260827-022806_perlmutter_5bc126dd,ours_l01_s2_oracle_noshard_trace-610042_b32_k8_isolated,isolated,ours,9,9,plan_ms,3.07568,recorder
20260827-022806_perlmutter_5bc126dd,ours_l01_s2_oracle_noshard_trace-610042_b32_k8_isolated,isolated,ours,9,0,total_ms,132.127335,recorder
20260827-022806_perlmutter_5bc126dd,ours_l01_s2_oracle_noshard_trace-610042_b32_k8_isolated,isolated,ours,9,1,total_ms,131.346497,recorder
20260827-022806_perlmutter_5bc126dd,ours_l01_s2_oracle_noshard_trace-610042_b32_k8_isolated,isolated,ours,9,2,total_ms,130.083481,recorder
20260827-022806_perlmutter_5bc126dd,ours_l01_s2_oracle_noshard_trace-610042_b32_k8_isolated,isolated,ours,9,3,total_ms,131.425659,recorder
20260827-022806_perlmutter_5bc126dd,ours_l01_s2_oracle_noshard_trace-610042_b32_k8_isolated,isolated,ours,9,4,total_ms,131.451813,recorder
20260827-022806_perlmutter_5bc126dd,ours_l01_s2_oracle_noshard_trace-610042_b32_k8_isolated,isolated,ours,9,5,total_ms,131.172897,recorder
20260827-022806_perlmutter_5bc126dd,ours_l01_s2_oracle_noshard_trace-610042_b32_k8_isolated,isolated,ours,9,6,total_ms,129.026688,recorder
20260827-022806_perlmutter_5bc126dd,ours_l01_s2_oracle_noshard_trace-610042_b32_k8_isolated,isolated,ours,9,7,total_ms,134.054718,recorder
20260827-022806_perlmutter_5bc126dd,ours_l01_s2_oracle_noshard_trace-610042_b32_k8_isolated,isolated,ours,9,8,total_ms,134.036514,recorder
20260827-022806_perlmutter_5bc126dd,ours_l01_s2_oracle_noshard_trace-610042_b32_k8_isolated,isolated,ours,9,9,total_ms,133.764603,recorder
20260827-022806_perlmutter_5bc126dd,ours_l01_s2_oracle_noshard_trace-610042_b32_k8_isolated,isolated,ours,9,0,iso_sync_ms,0.466504,recorder
20260827-022806_perlmutter_5bc126dd,ours_l01_s2_oracle_noshard_trace-610042_b32_k8_isolated,isolated,ours,9,1,iso_sync_ms,0.731968,recorder
20260827-022806_perlmutter_5bc126dd,ours_l01_s2_oracle_noshard_trace-610042_b32_k8_isolated,isolated,ours,9,2,iso_sync_ms,0.205498,recorder
20260827-022806_perlmutter_5bc126dd,ours_l01_s2_oracle_noshard_trace-610042_b32_k8_isolated,isolated,ours,9,3,iso_sync_ms,0.766866,recorder
20260827-022806_perlmutter_5bc126dd,ours_l01_s2_oracle_noshard_trace-610042_b32_k8_isolated,isolated,ours,9,4,iso_sync_ms,0.68092,recorder
20260827-022806_perlmutter_5bc126dd,ours_l01_s2_oracle_noshard_trace-610042_b32_k8_isolated,isolated,ours,9,5,iso_sync_ms,0.769832,recorder
20260827-022806_perlmutter_5bc126dd,ours_l01_s2_oracle_noshard_trace-610042_b32_k8_isolated,isolated,ours,9,6,iso_sync_ms,1.371608,recorder
20260827-022806_perlmutter_5bc126dd,ours_l01_s2_oracle_noshard_trace-610042_b32_k8_isolated,isolated,ours,9,7,iso_sync_ms,0.905605,recorder
20260827-022806_perlmutter_5bc126dd,ours_l01_s2_oracle_noshard_trace-610042_b32_k8_isolated,isolated,ours,9,8,iso_sync_ms,0.713522,recorder
20260827-022806_perlmutter_5bc126dd,ours_l01_s2_oracle_noshard_trace-610042_b32_k8_isolated,isolated,ours,9,9,iso_sync_ms,1.704143,recorder
20260827-022806_perlmutter_5bc126dd,ours_l01_s2_oracle_noshard_trace-610042_b32_k8_isolated,isolated,ours,10,0,e2e_ms,123.967102,recorder
20260827-022806_perlmutter_5bc126dd,ours_l01_s2_oracle_noshard_trace-610042_b32_k8_isolated,isolated,ours,10,1,e2e_ms,123.567299,recorder
20260827-022806_perlmutter_5bc126dd,ours_l01_s2_oracle_noshard_trace-610042_b32_k8_isolated,isolated,ours,10,2,e2e_ms,122.068832,recorder
20260827-022806_perlmutter_5bc126dd,ours_l01_s2_oracle_noshard_trace-610042_b32_k8_isolated,isolated,ours,10,3,e2e_ms,123.607933,recorder
20260827-022806_perlmutter_5bc126dd,ours_l01_s2_oracle_noshard_trace-610042_b32_k8_isolated,isolated,ours,10,4,e2e_ms,123.188164,recorder
20260827-022806_perlmutter_5bc126dd,ours_l01_s2_oracle_noshard_trace-610042_b32_k8_isolated,isolated,ours,10,5,e2e_ms,123.250626,recorder
20260827-022806_perlmutter_5bc126dd,ours_l01_s2_oracle_noshard_trace-610042_b32_k8_isolated,isolated,ours,10,6,e2e_ms,120.409149,recorder
20260827-022806_perlmutter_5bc126dd,ours_l01_s2_oracle_noshard_trace-610042_b32_k8_isolated,isolated,ours,10,7,e2e_ms,125.560188,recorder
20260827-022806_perlmutter_5bc126dd,ours_l01_s2_oracle_noshard_trace-610042_b32_k8_isolated,isolated,ours,10,8,e2e_ms,126.164062,recorder
20260827-022806_perlmutter_5bc126dd,ours_l01_s2_oracle_noshard_trace-610042_b32_k8_isolated,isolated,ours,10,9,e2e_ms,124.390945,recorder
20260827-022806_perlmutter_5bc126dd,ours_l01_s2_oracle_noshard_trace-610042_b32_k8_isolated,isolated,ours,10,0,l0_ms,75.683937,recorder
20260827-022806_perlmutter_5bc126dd,ours_l01_s2_oracle_noshard_trace-610042_b32_k8_isolated,isolated,ours,10,1,l0_ms,71.767265,recorder
20260827-022806_perlmutter_5bc126dd,ours_l01_s2_oracle_noshard_trace-610042_b32_k8_isolated,isolated,ours,10,2,l0_ms,69.163071,recorder
20260827-022806_perlmutter_5bc126dd,ours_l01_s2_oracle_noshard_trace-610042_b32_k8_isolated,isolated,ours,10,3,l0_ms,74.475647,recorder
20260827-022806_perlmutter_5bc126dd,ours_l01_s2_oracle_noshard_trace-610042_b32_k8_isolated,isolated,ours,10,4,l0_ms,70.77562,recorder
20260827-022806_perlmutter_5bc126dd,ours_l01_s2_oracle_noshard_trace-610042_b32_k8_isolated,isolated,ours,10,5,l0_ms,72.315613,recorder
20260827-022806_perlmutter_5bc126dd,ours_l01_s2_oracle_noshard_trace-610042_b32_k8_isolated,isolated,ours,10,6,l0_ms,73.128418,recorder
20260827-022806_perlmutter_5bc126dd,ours_l01_s2_oracle_noshard_trace-610042_b32_k8_isolated,isolated,ours,10,7,l0_ms,66.343552,recorder
20260827-022806_perlmutter_5bc126dd,ours_l01_s2_oracle_noshard_trace-610042_b32_k8_isolated,isolated,ours,10,8,l0_ms,74.492386,recorder
20260827-022806_perlmutter_5bc126dd,ours_l01_s2_oracle_noshard_trace-610042_b32_k8_isolated,isolated,ours,10,9,l0_ms,72.919937,recorder
20260827-022806_perlmutter_5bc126dd,ours_l01_s2_oracle_noshard_trace-610042_b32_k8_isolated,isolated,ours,10,0,act_ms,0.130048,recorder
20260827-022806_perlmutter_5bc126dd,ours_l01_s2_oracle_noshard_trace-610042_b32_k8_isolated,isolated,ours,10,1,act_ms,0.122624,recorder
20260827-022806_perlmutter_5bc126dd,ours_l01_s2_oracle_noshard_trace-610042_b32_k8_isolated,isolated,ours,10,2,act_ms,0.124256,recorder
20260827-022806_perlmutter_5bc126dd,ours_l01_s2_oracle_noshard_trace-610042_b32_k8_isolated,isolated,ours,10,3,act_ms,0.122368,recorder
20260827-022806_perlmutter_5bc126dd,ours_l01_s2_oracle_noshard_trace-610042_b32_k8_isolated,isolated,ours,10,4,act_ms,0.125056,recorder
20260827-022806_perlmutter_5bc126dd,ours_l01_s2_oracle_noshard_trace-610042_b32_k8_isolated,isolated,ours,10,5,act_ms,0.118496,recorder
20260827-022806_perlmutter_5bc126dd,ours_l01_s2_oracle_noshard_trace-610042_b32_k8_isolated,isolated,ours,10,6,act_ms,0.121824,recorder
20260827-022806_perlmutter_5bc126dd,ours_l01_s2_oracle_noshard_trace-610042_b32_k8_isolated,isolated,ours,10,7,act_ms,0.12304,recorder
20260827-022806_perlmutter_5bc126dd,ours_l01_s2_oracle_noshard_trace-610042_b32_k8_isolated,isolated,ours,10,8,act_ms,0.122144,recorder
20260827-022806_perlmutter_5bc126dd,ours_l01_s2_oracle_noshard_trace-610042_b32_k8_isolated,isolated,ours,10,9,act_ms,0.123104,recorder
20260827-022806_perlmutter_5bc126dd,ours_l01_s2_oracle_noshard_trace-610042_b32_k8_isolated,isolated,ours,10,0,l1_ms,48.153118,recorder
20260827-022806_perlmutter_5bc126dd,ours_l01_s2_oracle_noshard_trace-610042_b32_k8_isolated,isolated,ours,10,1,l1_ms,51.677406,recorder
20260827-022806_perlmutter_5bc126dd,ours_l01_s2_oracle_noshard_trace-610042_b32_k8_isolated,isolated,ours,10,2,l1_ms,52.781506,recorder
20260827-022806_perlmutter_5bc126dd,ours_l01_s2_oracle_noshard_trace-610042_b32_k8_isolated,isolated,ours,10,3,l1_ms,49.009918,recorder
20260827-022806_perlmutter_5bc126dd,ours_l01_s2_oracle_noshard_trace-610042_b32_k8_isolated,isolated,ours,10,4,l1_ms,52.287487,recorder
20260827-022806_perlmutter_5bc126dd,ours_l01_s2_oracle_noshard_trace-610042_b32_k8_isolated,isolated,ours,10,5,l1_ms,50.816513,recorder
20260827-022806_perlmutter_5bc126dd,ours_l01_s2_oracle_noshard_trace-610042_b32_k8_isolated,isolated,ours,10,6,l1_ms,47.158913,recorder
20260827-022806_perlmutter_5bc126dd,ours_l01_s2_oracle_noshard_trace-610042_b32_k8_isolated,isolated,ours,10,7,l1_ms,59.093601,recorder
20260827-022806_perlmutter_5bc126dd,ours_l01_s2_oracle_noshard_trace-610042_b32_k8_isolated,isolated,ours,10,8,l1_ms,51.549538,recorder
20260827-022806_perlmutter_5bc126dd,ours_l01_s2_oracle_noshard_trace-610042_b32_k8_isolated,isolated,ours,10,9,l1_ms,51.347904,recorder
20260827-022806_perlmutter_5bc126dd,ours_l01_s2_oracle_noshard_trace-610042_b32_k8_isolated,isolated,ours,10,0,plan_comm_ms,0.229472,recorder
20260827-022806_perlmutter_5bc126dd,ours_l01_s2_oracle_noshard_trace-610042_b32_k8_isolated,isolated,ours,10,1,plan_comm_ms,0.333408,recorder
20260827-022806_perlmutter_5bc126dd,ours_l01_s2_oracle_noshard_trace-610042_b32_k8_isolated,isolated,ours,10,2,plan_comm_ms,0.557152,recorder
20260827-022806_perlmutter_5bc126dd,ours_l01_s2_oracle_noshard_trace-610042_b32_k8_isolated,isolated,ours,10,3,plan_comm_ms,0.274016,recorder
20260827-022806_perlmutter_5bc126dd,ours_l01_s2_oracle_noshard_trace-610042_b32_k8_isolated,isolated,ours,10,4,plan_comm_ms,0.47984,recorder
20260827-022806_perlmutter_5bc126dd,ours_l01_s2_oracle_noshard_trace-610042_b32_k8_isolated,isolated,ours,10,5,plan_comm_ms,0.297792,recorder
20260827-022806_perlmutter_5bc126dd,ours_l01_s2_oracle_noshard_trace-610042_b32_k8_isolated,isolated,ours,10,6,plan_comm_ms,0.327904,recorder
20260827-022806_perlmutter_5bc126dd,ours_l01_s2_oracle_noshard_trace-610042_b32_k8_isolated,isolated,ours,10,7,plan_comm_ms,0.899392,recorder
20260827-022806_perlmutter_5bc126dd,ours_l01_s2_oracle_noshard_trace-610042_b32_k8_isolated,isolated,ours,10,8,plan_comm_ms,0.317632,recorder
20260827-022806_perlmutter_5bc126dd,ours_l01_s2_oracle_noshard_trace-610042_b32_k8_isolated,isolated,ours,10,9,plan_comm_ms,1.653856,recorder
20260827-022806_perlmutter_5bc126dd,ours_l01_s2_oracle_noshard_trace-610042_b32_k8_isolated,isolated,ours,10,0,place_ms,4.822208,recorder
20260827-022806_perlmutter_5bc126dd,ours_l01_s2_oracle_noshard_trace-610042_b32_k8_isolated,isolated,ours,10,1,place_ms,4.709824,recorder
20260827-022806_perlmutter_5bc126dd,ours_l01_s2_oracle_noshard_trace-610042_b32_k8_isolated,isolated,ours,10,2,place_ms,4.714368,recorder
20260827-022806_perlmutter_5bc126dd,ours_l01_s2_oracle_noshard_trace-610042_b32_k8_isolated,isolated,ours,10,3,place_ms,4.697152,recorder
20260827-022806_perlmutter_5bc126dd,ours_l01_s2_oracle_noshard_trace-610042_b32_k8_isolated,isolated,ours,10,4,place_ms,4.706208,recorder
20260827-022806_perlmutter_5bc126dd,ours_l01_s2_oracle_noshard_trace-610042_b32_k8_isolated,isolated,ours,10,5,place_ms,4.55264,recorder
20260827-022806_perlmutter_5bc126dd,ours_l01_s2_oracle_noshard_trace-610042_b32_k8_isolated,isolated,ours,10,6,place_ms,4.738208,recorder
20260827-022806_perlmutter_5bc126dd,ours_l01_s2_oracle_noshard_trace-610042_b32_k8_isolated,isolated,ours,10,7,place_ms,4.97824,recorder
20260827-022806_perlmutter_5bc126dd,ours_l01_s2_oracle_noshard_trace-610042_b32_k8_isolated,isolated,ours,10,8,place_ms,4.716704,recorder
20260827-022806_perlmutter_5bc126dd,ours_l01_s2_oracle_noshard_trace-610042_b32_k8_isolated,isolated,ours,10,9,place_ms,4.890304,recorder
20260827-022806_perlmutter_5bc126dd,ours_l01_s2_oracle_noshard_trace-610042_b32_k8_isolated,isolated,ours,10,0,plan_ms,3.112288,recorder
20260827-022806_perlmutter_5bc126dd,ours_l01_s2_oracle_noshard_trace-610042_b32_k8_isolated,isolated,ours,10,1,plan_ms,2.732032,recorder
20260827-022806_perlmutter_5bc126dd,ours_l01_s2_oracle_noshard_trace-610042_b32_k8_isolated,isolated,ours,10,2,plan_ms,2.744544,recorder
20260827-022806_perlmutter_5bc126dd,ours_l01_s2_oracle_noshard_trace-610042_b32_k8_isolated,isolated,ours,10,3,plan_ms,2.843872,recorder
20260827-022806_perlmutter_5bc126dd,ours_l01_s2_oracle_noshard_trace-610042_b32_k8_isolated,isolated,ours,10,4,plan_ms,3.076672,recorder
20260827-022806_perlmutter_5bc126dd,ours_l01_s2_oracle_noshard_trace-610042_b32_k8_isolated,isolated,ours,10,5,plan_ms,3.101376,recorder
20260827-022806_perlmutter_5bc126dd,ours_l01_s2_oracle_noshard_trace-610042_b32_k8_isolated,isolated,ours,10,6,plan_ms,3.556992,recorder
20260827-022806_perlmutter_5bc126dd,ours_l01_s2_oracle_noshard_trace-610042_b32_k8_isolated,isolated,ours,10,7,plan_ms,2.602208,recorder
20260827-022806_perlmutter_5bc126dd,ours_l01_s2_oracle_noshard_trace-610042_b32_k8_isolated,isolated,ours,10,8,plan_ms,2.864896,recorder
20260827-022806_perlmutter_5bc126dd,ours_l01_s2_oracle_noshard_trace-610042_b32_k8_isolated,isolated,ours,10,9,plan_ms,2.76928,recorder
20260827-022806_perlmutter_5bc126dd,ours_l01_s2_oracle_noshard_trace-610042_b32_k8_isolated,isolated,ours,10,0,total_ms,132.13443,recorder
20260827-022806_perlmutter_5bc126dd,ours_l01_s2_oracle_noshard_trace-610042_b32_k8_isolated,isolated,ours,10,1,total_ms,131.345413,recorder
20260827-022806_perlmutter_5bc126dd,ours_l01_s2_oracle_noshard_trace-610042_b32_k8_isolated,isolated,ours,10,2,total_ms,130.087814,recorder
20260827-022806_perlmutter_5bc126dd,ours_l01_s2_oracle_noshard_trace-610042_b32_k8_isolated,isolated,ours,10,3,total_ms,131.425598,recorder
20260827-022806_perlmutter_5bc126dd,ours_l01_s2_oracle_noshard_trace-610042_b32_k8_isolated,isolated,ours,10,4,total_ms,131.454117,recorder
20260827-022806_perlmutter_5bc126dd,ours_l01_s2_oracle_noshard_trace-610042_b32_k8_isolated,isolated,ours,10,5,total_ms,131.204956,recorder
20260827-022806_perlmutter_5bc126dd,ours_l01_s2_oracle_noshard_trace-610042_b32_k8_isolated,isolated,ours,10,6,total_ms,129.035355,recorder
20260827-022806_perlmutter_5bc126dd,ours_l01_s2_oracle_noshard_trace-610042_b32_k8_isolated,isolated,ours,10,7,total_ms,134.043198,recorder
20260827-022806_perlmutter_5bc126dd,ours_l01_s2_oracle_noshard_trace-610042_b32_k8_isolated,isolated,ours,10,8,total_ms,134.066238,recorder
20260827-022806_perlmutter_5bc126dd,ours_l01_s2_oracle_noshard_trace-610042_b32_k8_isolated,isolated,ours,10,9,total_ms,133.70723,recorder
20260827-022806_perlmutter_5bc126dd,ours_l01_s2_oracle_noshard_trace-610042_b32_k8_isolated,isolated,ours,10,0,iso_sync_ms,0.462045,recorder
20260827-022806_perlmutter_5bc126dd,ours_l01_s2_oracle_noshard_trace-610042_b32_k8_isolated,isolated,ours,10,1,iso_sync_ms,0.731528,recorder
20260827-022806_perlmutter_5bc126dd,ours_l01_s2_oracle_noshard_trace-610042_b32_k8_isolated,isolated,ours,10,2,iso_sync_ms,0.212542,recorder
20260827-022806_perlmutter_5bc126dd,ours_l01_s2_oracle_noshard_trace-610042_b32_k8_isolated,isolated,ours,10,3,iso_sync_ms,0.76391,recorder
20260827-022806_perlmutter_5bc126dd,ours_l01_s2_oracle_noshard_trace-610042_b32_k8_isolated,isolated,ours,10,4,iso_sync_ms,0.680528,recorder
20260827-022806_perlmutter_5bc126dd,ours_l01_s2_oracle_noshard_trace-610042_b32_k8_isolated,isolated,ours,10,5,iso_sync_ms,0.772497,recorder
20260827-022806_perlmutter_5bc126dd,ours_l01_s2_oracle_noshard_trace-610042_b32_k8_isolated,isolated,ours,10,6,iso_sync_ms,1.356208,recorder
20260827-022806_perlmutter_5bc126dd,ours_l01_s2_oracle_noshard_trace-610042_b32_k8_isolated,isolated,ours,10,7,iso_sync_ms,0.781956,recorder
20260827-022806_perlmutter_5bc126dd,ours_l01_s2_oracle_noshard_trace-610042_b32_k8_isolated,isolated,ours,10,8,iso_sync_ms,0.719274,recorder
20260827-022806_perlmutter_5bc126dd,ours_l01_s2_oracle_noshard_trace-610042_b32_k8_isolated,isolated,ours,10,9,iso_sync_ms,1.374323,recorder
20260827-022806_perlmutter_5bc126dd,ours_l01_s2_oracle_noshard_trace-610042_b32_k8_isolated,isolated,ours,11,0,e2e_ms,123.911453,recorder
20260827-022806_perlmutter_5bc126dd,ours_l01_s2_oracle_noshard_trace-610042_b32_k8_isolated,isolated,ours,11,1,e2e_ms,123.547745,recorder
20260827-022806_perlmutter_5bc126dd,ours_l01_s2_oracle_noshard_trace-610042_b32_k8_isolated,isolated,ours,11,2,e2e_ms,122.127296,recorder
20260827-022806_perlmutter_5bc126dd,ours_l01_s2_oracle_noshard_trace-610042_b32_k8_isolated,isolated,ours,11,3,e2e_ms,123.390594,recorder
20260827-022806_perlmutter_5bc126dd,ours_l01_s2_oracle_noshard_trace-610042_b32_k8_isolated,isolated,ours,11,4,e2e_ms,123.088799,recorder
20260827-022806_perlmutter_5bc126dd,ours_l01_s2_oracle_noshard_trace-610042_b32_k8_isolated,isolated,ours,11,5,e2e_ms,123.231552,recorder
20260827-022806_perlmutter_5bc126dd,ours_l01_s2_oracle_noshard_trace-610042_b32_k8_isolated,isolated,ours,11,6,e2e_ms,120.464607,recorder
20260827-022806_perlmutter_5bc126dd,ours_l01_s2_oracle_noshard_trace-610042_b32_k8_isolated,isolated,ours,11,7,e2e_ms,125.405312,recorder
20260827-022806_perlmutter_5bc126dd,ours_l01_s2_oracle_noshard_trace-610042_b32_k8_isolated,isolated,ours,11,8,e2e_ms,126.096001,recorder
20260827-022806_perlmutter_5bc126dd,ours_l01_s2_oracle_noshard_trace-610042_b32_k8_isolated,isolated,ours,11,9,e2e_ms,124.307358,recorder
20260827-022806_perlmutter_5bc126dd,ours_l01_s2_oracle_noshard_trace-610042_b32_k8_isolated,isolated,ours,11,0,l0_ms,73.995712,recorder
20260827-022806_perlmutter_5bc126dd,ours_l01_s2_oracle_noshard_trace-610042_b32_k8_isolated,isolated,ours,11,1,l0_ms,73.339455,recorder
20260827-022806_perlmutter_5bc126dd,ours_l01_s2_oracle_noshard_trace-610042_b32_k8_isolated,isolated,ours,11,2,l0_ms,71.715042,recorder
20260827-022806_perlmutter_5bc126dd,ours_l01_s2_oracle_noshard_trace-610042_b32_k8_isolated,isolated,ours,11,3,l0_ms,75.809921,recorder
20260827-022806_perlmutter_5bc126dd,ours_l01_s2_oracle_noshard_trace-610042_b32_k8_isolated,isolated,ours,11,4,l0_ms,71.282082,recorder
20260827-022806_perlmutter_5bc126dd,ours_l01_s2_oracle_noshard_trace-610042_b32_k8_isolated,isolated,ours,11,5,l0_ms,74.372704,recorder
20260827-022806_perlmutter_5bc126dd,ours_l01_s2_oracle_noshard_trace-610042_b32_k8_isolated,isolated,ours,11,6,l0_ms,73.74189,recorder
20260827-022806_perlmutter_5bc126dd,ours_l01_s2_oracle_noshard_trace-610042_b32_k8_isolated,isolated,ours,11,7,l0_ms,68.384766,recorder
20260827-022806_perlmutter_5bc126dd,ours_l01_s2_oracle_noshard_trace-610042_b32_k8_isolated,isolated,ours,11,8,l0_ms,77.502335,recorder
20260827-022806_perlmutter_5bc126dd,ours_l01_s2_oracle_noshard_trace-610042_b32_k8_isolated,isolated,ours,11,9,l0_ms,72.969696,recorder
20260827-022806_perlmutter_5bc126dd,ours_l01_s2_oracle_noshard_trace-610042_b32_k8_isolated,isolated,ours,11,0,act_ms,0.12192,recorder
20260827-022806_perlmutter_5bc126dd,ours_l01_s2_oracle_noshard_trace-610042_b32_k8_isolated,isolated,ours,11,1,act_ms,0.123296,recorder
20260827-022806_perlmutter_5bc126dd,ours_l01_s2_oracle_noshard_trace-610042_b32_k8_isolated,isolated,ours,11,2,act_ms,0.12128,recorder
20260827-022806_perlmutter_5bc126dd,ours_l01_s2_oracle_noshard_trace-610042_b32_k8_isolated,isolated,ours,11,3,act_ms,0.12224,recorder
20260827-022806_perlmutter_5bc126dd,ours_l01_s2_oracle_noshard_trace-610042_b32_k8_isolated,isolated,ours,11,4,act_ms,0.127136,recorder
20260827-022806_perlmutter_5bc126dd,ours_l01_s2_oracle_noshard_trace-610042_b32_k8_isolated,isolated,ours,11,5,act_ms,0.1232,recorder
20260827-022806_perlmutter_5bc126dd,ours_l01_s2_oracle_noshard_trace-610042_b32_k8_isolated,isolated,ours,11,6,act_ms,0.116768,recorder
20260827-022806_perlmutter_5bc126dd,ours_l01_s2_oracle_noshard_trace-610042_b32_k8_isolated,isolated,ours,11,7,act_ms,0.120864,recorder
20260827-022806_perlmutter_5bc126dd,ours_l01_s2_oracle_noshard_trace-610042_b32_k8_isolated,isolated,ours,11,8,act_ms,0.121664,recorder
20260827-022806_perlmutter_5bc126dd,ours_l01_s2_oracle_noshard_trace-610042_b32_k8_isolated,isolated,ours,11,9,act_ms,0.117824,recorder
20260827-022806_perlmutter_5bc126dd,ours_l01_s2_oracle_noshard_trace-610042_b32_k8_isolated,isolated,ours,11,0,l1_ms,49.793823,recorder
20260827-022806_perlmutter_5bc126dd,ours_l01_s2_oracle_noshard_trace-610042_b32_k8_isolated,isolated,ours,11,1,l1_ms,50.084991,recorder
20260827-022806_perlmutter_5bc126dd,ours_l01_s2_oracle_noshard_trace-610042_b32_k8_isolated,isolated,ours,11,2,l1_ms,50.290977,recorder
20260827-022806_perlmutter_5bc126dd,ours_l01_s2_oracle_noshard_trace-610042_b32_k8_isolated,isolated,ours,11,3,l1_ms,47.458431,recorder
20260827-022806_perlmutter_5bc126dd,ours_l01_s2_oracle_noshard_trace-610042_b32_k8_isolated,isolated,ours,11,4,l1_ms,51.679585,recorder
20260827-022806_perlmutter_5bc126dd,ours_l01_s2_oracle_noshard_trace-610042_b32_k8_isolated,isolated,ours,11,5,l1_ms,48.735649,recorder
20260827-022806_perlmutter_5bc126dd,ours_l01_s2_oracle_noshard_trace-610042_b32_k8_isolated,isolated,ours,11,6,l1_ms,46.605953,recorder
20260827-022806_perlmutter_5bc126dd,ours_l01_s2_oracle_noshard_trace-610042_b32_k8_isolated,isolated,ours,11,7,l1_ms,56.899681,recorder
20260827-022806_perlmutter_5bc126dd,ours_l01_s2_oracle_noshard_trace-610042_b32_k8_isolated,isolated,ours,11,8,l1_ms,48.472,recorder
20260827-022806_perlmutter_5bc126dd,ours_l01_s2_oracle_noshard_trace-610042_b32_k8_isolated,isolated,ours,11,9,l1_ms,51.219841,recorder
20260827-022806_perlmutter_5bc126dd,ours_l01_s2_oracle_noshard_trace-610042_b32_k8_isolated,isolated,ours,11,0,plan_comm_ms,0.218272,recorder
20260827-022806_perlmutter_5bc126dd,ours_l01_s2_oracle_noshard_trace-610042_b32_k8_isolated,isolated,ours,11,1,plan_comm_ms,0.29296,recorder
20260827-022806_perlmutter_5bc126dd,ours_l01_s2_oracle_noshard_trace-610042_b32_k8_isolated,isolated,ours,11,2,plan_comm_ms,0.558592,recorder
20260827-022806_perlmutter_5bc126dd,ours_l01_s2_oracle_noshard_trace-610042_b32_k8_isolated,isolated,ours,11,3,plan_comm_ms,0.247968,recorder
20260827-022806_perlmutter_5bc126dd,ours_l01_s2_oracle_noshard_trace-610042_b32_k8_isolated,isolated,ours,11,4,plan_comm_ms,0.480672,recorder
20260827-022806_perlmutter_5bc126dd,ours_l01_s2_oracle_noshard_trace-610042_b32_k8_isolated,isolated,ours,11,5,plan_comm_ms,0.28864,recorder
20260827-022806_perlmutter_5bc126dd,ours_l01_s2_oracle_noshard_trace-610042_b32_k8_isolated,isolated,ours,11,6,plan_comm_ms,0.295392,recorder
20260827-022806_perlmutter_5bc126dd,ours_l01_s2_oracle_noshard_trace-610042_b32_k8_isolated,isolated,ours,11,7,plan_comm_ms,0.907616,recorder
20260827-022806_perlmutter_5bc126dd,ours_l01_s2_oracle_noshard_trace-610042_b32_k8_isolated,isolated,ours,11,8,plan_comm_ms,0.313376,recorder
20260827-022806_perlmutter_5bc126dd,ours_l01_s2_oracle_noshard_trace-610042_b32_k8_isolated,isolated,ours,11,9,plan_comm_ms,1.718816,recorder
20260827-022806_perlmutter_5bc126dd,ours_l01_s2_oracle_noshard_trace-610042_b32_k8_isolated,isolated,ours,11,0,place_ms,4.936704,recorder
20260827-022806_perlmutter_5bc126dd,ours_l01_s2_oracle_noshard_trace-610042_b32_k8_isolated,isolated,ours,11,1,place_ms,4.803392,recorder
20260827-022806_perlmutter_5bc126dd,ours_l01_s2_oracle_noshard_trace-610042_b32_k8_isolated,isolated,ours,11,2,place_ms,4.775424,recorder
20260827-022806_perlmutter_5bc126dd,ours_l01_s2_oracle_noshard_trace-610042_b32_k8_isolated,isolated,ours,11,3,place_ms,4.817024,recorder
20260827-022806_perlmutter_5bc126dd,ours_l01_s2_oracle_noshard_trace-610042_b32_k8_isolated,isolated,ours,11,4,place_ms,4.810432,recorder
20260827-022806_perlmutter_5bc126dd,ours_l01_s2_oracle_noshard_trace-610042_b32_k8_isolated,isolated,ours,11,5,place_ms,4.629504,recorder
20260827-022806_perlmutter_5bc126dd,ours_l01_s2_oracle_noshard_trace-610042_b32_k8_isolated,isolated,ours,11,6,place_ms,4.819104,recorder
20260827-022806_perlmutter_5bc126dd,ours_l01_s2_oracle_noshard_trace-610042_b32_k8_isolated,isolated,ours,11,7,place_ms,4.816704,recorder
20260827-022806_perlmutter_5bc126dd,ours_l01_s2_oracle_noshard_trace-610042_b32_k8_isolated,isolated,ours,11,8,place_ms,4.760608,recorder
20260827-022806_perlmutter_5bc126dd,ours_l01_s2_oracle_noshard_trace-610042_b32_k8_isolated,isolated,ours,11,9,place_ms,4.740736,recorder
20260827-022806_perlmutter_5bc126dd,ours_l01_s2_oracle_noshard_trace-610042_b32_k8_isolated,isolated,ours,11,0,plan_ms,3.064736,recorder
20260827-022806_perlmutter_5bc126dd,ours_l01_s2_oracle_noshard_trace-610042_b32_k8_isolated,isolated,ours,11,1,plan_ms,2.71216,recorder
20260827-022806_perlmutter_5bc126dd,ours_l01_s2_oracle_noshard_trace-610042_b32_k8_isolated,isolated,ours,11,2,plan_ms,2.632384,recorder
20260827-022806_perlmutter_5bc126dd,ours_l01_s2_oracle_noshard_trace-610042_b32_k8_isolated,isolated,ours,11,3,plan_ms,2.975808,recorder
20260827-022806_perlmutter_5bc126dd,ours_l01_s2_oracle_noshard_trace-610042_b32_k8_isolated,isolated,ours,11,4,plan_ms,2.92608,recorder
20260827-022806_perlmutter_5bc126dd,ours_l01_s2_oracle_noshard_trace-610042_b32_k8_isolated,isolated,ours,11,5,plan_ms,3.053472,recorder
20260827-022806_perlmutter_5bc126dd,ours_l01_s2_oracle_noshard_trace-610042_b32_k8_isolated,isolated,ours,11,6,plan_ms,3.453728,recorder
20260827-022806_perlmutter_5bc126dd,ours_l01_s2_oracle_noshard_trace-610042_b32_k8_isolated,isolated,ours,11,7,plan_ms,2.92976,recorder
20260827-022806_perlmutter_5bc126dd,ours_l01_s2_oracle_noshard_trace-610042_b32_k8_isolated,isolated,ours,11,8,plan_ms,2.901984,recorder
20260827-022806_perlmutter_5bc126dd,ours_l01_s2_oracle_noshard_trace-610042_b32_k8_isolated,isolated,ours,11,9,plan_ms,2.924992,recorder
20260827-022806_perlmutter_5bc126dd,ours_l01_s2_oracle_noshard_trace-610042_b32_k8_isolated,isolated,ours,11,0,total_ms,132.133698,recorder
20260827-022806_perlmutter_5bc126dd,ours_l01_s2_oracle_noshard_trace-610042_b32_k8_isolated,isolated,ours,11,1,total_ms,131.358597,recorder
20260827-022806_perlmutter_5bc126dd,ours_l01_s2_oracle_noshard_trace-610042_b32_k8_isolated,isolated,ours,11,2,total_ms,130.095993,recorder
20260827-022806_perlmutter_5bc126dd,ours_l01_s2_oracle_noshard_trace-610042_b32_k8_isolated,isolated,ours,11,3,total_ms,131.43399,recorder
20260827-022806_perlmutter_5bc126dd,ours_l01_s2_oracle_noshard_trace-610042_b32_k8_isolated,isolated,ours,11,4,total_ms,131.308517,recorder
20260827-022806_perlmutter_5bc126dd,ours_l01_s2_oracle_noshard_trace-610042_b32_k8_isolated,isolated,ours,11,5,total_ms,131.205887,recorder
20260827-022806_perlmutter_5bc126dd,ours_l01_s2_oracle_noshard_trace-610042_b32_k8_isolated,isolated,ours,11,6,total_ms,129.035812,recorder
20260827-022806_perlmutter_5bc126dd,ours_l01_s2_oracle_noshard_trace-610042_b32_k8_isolated,isolated,ours,11,7,total_ms,134.062881,recorder
20260827-022806_perlmutter_5bc126dd,ours_l01_s2_oracle_noshard_trace-610042_b32_k8_isolated,isolated,ours,11,8,total_ms,134.074371,recorder
20260827-022806_perlmutter_5bc126dd,ours_l01_s2_oracle_noshard_trace-610042_b32_k8_isolated,isolated,ours,11,9,total_ms,133.694595,recorder
20260827-022806_perlmutter_5bc126dd,ours_l01_s2_oracle_noshard_trace-610042_b32_k8_isolated,isolated,ours,11,0,iso_sync_ms,0.459,recorder
20260827-022806_perlmutter_5bc126dd,ours_l01_s2_oracle_noshard_trace-610042_b32_k8_isolated,isolated,ours,11,1,iso_sync_ms,0.731317,recorder
20260827-022806_perlmutter_5bc126dd,ours_l01_s2_oracle_noshard_trace-610042_b32_k8_isolated,isolated,ours,11,2,iso_sync_ms,0.200779,recorder
20260827-022806_perlmutter_5bc126dd,ours_l01_s2_oracle_noshard_trace-610042_b32_k8_isolated,isolated,ours,11,3,iso_sync_ms,0.75827,recorder
20260827-022806_perlmutter_5bc126dd,ours_l01_s2_oracle_noshard_trace-610042_b32_k8_isolated,isolated,ours,11,4,iso_sync_ms,0.679377,recorder
20260827-022806_perlmutter_5bc126dd,ours_l01_s2_oracle_noshard_trace-610042_b32_k8_isolated,isolated,ours,11,5,iso_sync_ms,0.915244,recorder
20260827-022806_perlmutter_5bc126dd,ours_l01_s2_oracle_noshard_trace-610042_b32_k8_isolated,isolated,ours,11,6,iso_sync_ms,1.350276,recorder
20260827-022806_perlmutter_5bc126dd,ours_l01_s2_oracle_noshard_trace-610042_b32_k8_isolated,isolated,ours,11,7,iso_sync_ms,0.899072,recorder
20260827-022806_perlmutter_5bc126dd,ours_l01_s2_oracle_noshard_trace-610042_b32_k8_isolated,isolated,ours,11,8,iso_sync_ms,0.71209,recorder
20260827-022806_perlmutter_5bc126dd,ours_l01_s2_oracle_noshard_trace-610042_b32_k8_isolated,isolated,ours,11,9,iso_sync_ms,1.692901,recorder
20260827-022806_perlmutter_5bc126dd,ours_l01_s2_oracle_noshard_trace-610042_b32_k8_isolated,isolated,ours,12,0,e2e_ms,124.065056,recorder
20260827-022806_perlmutter_5bc126dd,ours_l01_s2_oracle_noshard_trace-610042_b32_k8_isolated,isolated,ours,12,1,e2e_ms,123.355873,recorder
20260827-022806_perlmutter_5bc126dd,ours_l01_s2_oracle_noshard_trace-610042_b32_k8_isolated,isolated,ours,12,2,e2e_ms,122.043869,recorder
20260827-022806_perlmutter_5bc126dd,ours_l01_s2_oracle_noshard_trace-610042_b32_k8_isolated,isolated,ours,12,3,e2e_ms,123.311615,recorder
20260827-022806_perlmutter_5bc126dd,ours_l01_s2_oracle_noshard_trace-610042_b32_k8_isolated,isolated,ours,12,4,e2e_ms,123.053856,recorder
20260827-022806_perlmutter_5bc126dd,ours_l01_s2_oracle_noshard_trace-610042_b32_k8_isolated,isolated,ours,12,5,e2e_ms,123.211647,recorder
20260827-022806_perlmutter_5bc126dd,ours_l01_s2_oracle_noshard_trace-610042_b32_k8_isolated,isolated,ours,12,6,e2e_ms,120.288994,recorder
20260827-022806_perlmutter_5bc126dd,ours_l01_s2_oracle_noshard_trace-610042_b32_k8_isolated,isolated,ours,12,7,e2e_ms,125.07933,recorder
20260827-022806_perlmutter_5bc126dd,ours_l01_s2_oracle_noshard_trace-610042_b32_k8_isolated,isolated,ours,12,8,e2e_ms,125.990242,recorder
20260827-022806_perlmutter_5bc126dd,ours_l01_s2_oracle_noshard_trace-610042_b32_k8_isolated,isolated,ours,12,9,e2e_ms,124.301056,recorder
20260827-022806_perlmutter_5bc126dd,ours_l01_s2_oracle_noshard_trace-610042_b32_k8_isolated,isolated,ours,12,0,l0_ms,73.248734,recorder
20260827-022806_perlmutter_5bc126dd,ours_l01_s2_oracle_noshard_trace-610042_b32_k8_isolated,isolated,ours,12,1,l0_ms,75.099167,recorder
20260827-022806_perlmutter_5bc126dd,ours_l01_s2_oracle_noshard_trace-610042_b32_k8_isolated,isolated,ours,12,2,l0_ms,72.03875,recorder
20260827-022806_perlmutter_5bc126dd,ours_l01_s2_oracle_noshard_trace-610042_b32_k8_isolated,isolated,ours,12,3,l0_ms,76.057823,recorder
20260827-022806_perlmutter_5bc126dd,ours_l01_s2_oracle_noshard_trace-610042_b32_k8_isolated,isolated,ours,12,4,l0_ms,71.602272,recorder
20260827-022806_perlmutter_5bc126dd,ours_l01_s2_oracle_noshard_trace-610042_b32_k8_isolated,isolated,ours,12,5,l0_ms,71.448227,recorder
20260827-022806_perlmutter_5bc126dd,ours_l01_s2_oracle_noshard_trace-610042_b32_k8_isolated,isolated,ours,12,6,l0_ms,74.126434,recorder
20260827-022806_perlmutter_5bc126dd,ours_l01_s2_oracle_noshard_trace-610042_b32_k8_isolated,isolated,ours,12,7,l0_ms,64.811966,recorder
20260827-022806_perlmutter_5bc126dd,ours_l01_s2_oracle_noshard_trace-610042_b32_k8_isolated,isolated,ours,12,8,l0_ms,71.970749,recorder
20260827-022806_perlmutter_5bc126dd,ours_l01_s2_oracle_noshard_trace-610042_b32_k8_isolated,isolated,ours,12,9,l0_ms,75.184227,recorder
20260827-022806_perlmutter_5bc126dd,ours_l01_s2_oracle_noshard_trace-610042_b32_k8_isolated,isolated,ours,12,0,act_ms,0.147552,recorder
20260827-022806_perlmutter_5bc126dd,ours_l01_s2_oracle_noshard_trace-610042_b32_k8_isolated,isolated,ours,12,1,act_ms,0.1464,recorder
20260827-022806_perlmutter_5bc126dd,ours_l01_s2_oracle_noshard_trace-610042_b32_k8_isolated,isolated,ours,12,2,act_ms,0.151424,recorder
20260827-022806_perlmutter_5bc126dd,ours_l01_s2_oracle_noshard_trace-610042_b32_k8_isolated,isolated,ours,12,3,act_ms,0.152544,recorder
20260827-022806_perlmutter_5bc126dd,ours_l01_s2_oracle_noshard_trace-610042_b32_k8_isolated,isolated,ours,12,4,act_ms,0.148864,recorder
20260827-022806_perlmutter_5bc126dd,ours_l01_s2_oracle_noshard_trace-610042_b32_k8_isolated,isolated,ours,12,5,act_ms,0.146816,recorder
20260827-022806_perlmutter_5bc126dd,ours_l01_s2_oracle_noshard_trace-610042_b32_k8_isolated,isolated,ours,12,6,act_ms,0.156128,recorder
20260827-022806_perlmutter_5bc126dd,ours_l01_s2_oracle_noshard_trace-610042_b32_k8_isolated,isolated,ours,12,7,act_ms,0.15248,recorder
20260827-022806_perlmutter_5bc126dd,ours_l01_s2_oracle_noshard_trace-610042_b32_k8_isolated,isolated,ours,12,8,act_ms,0.149344,recorder
20260827-022806_perlmutter_5bc126dd,ours_l01_s2_oracle_noshard_trace-610042_b32_k8_isolated,isolated,ours,12,9,act_ms,0.150176,recorder
20260827-022806_perlmutter_5bc126dd,ours_l01_s2_oracle_noshard_trace-610042_b32_k8_isolated,isolated,ours,12,0,l1_ms,50.66877,recorder
20260827-022806_perlmutter_5bc126dd,ours_l01_s2_oracle_noshard_trace-610042_b32_k8_isolated,isolated,ours,12,1,l1_ms,48.110306,recorder
20260827-022806_perlmutter_5bc126dd,ours_l01_s2_oracle_noshard_trace-610042_b32_k8_isolated,isolated,ours,12,2,l1_ms,49.853695,recorder
20260827-022806_perlmutter_5bc126dd,ours_l01_s2_oracle_noshard_trace-610042_b32_k8_isolated,isolated,ours,12,3,l1_ms,47.10125,recorder
20260827-022806_perlmutter_5bc126dd,ours_l01_s2_oracle_noshard_trace-610042_b32_k8_isolated,isolated,ours,12,4,l1_ms,51.302719,recorder
20260827-022806_perlmutter_5bc126dd,ours_l01_s2_oracle_noshard_trace-610042_b32_k8_isolated,isolated,ours,12,5,l1_ms,51.616608,recorder
20260827-022806_perlmutter_5bc126dd,ours_l01_s2_oracle_noshard_trace-610042_b32_k8_isolated,isolated,ours,12,6,l1_ms,46.006432,recorder
20260827-022806_perlmutter_5bc126dd,ours_l01_s2_oracle_noshard_trace-610042_b32_k8_isolated,isolated,ours,12,7,l1_ms,60.11488,recorder
20260827-022806_perlmutter_5bc126dd,ours_l01_s2_oracle_noshard_trace-610042_b32_k8_isolated,isolated,ours,12,8,l1_ms,53.870144,recorder
20260827-022806_perlmutter_5bc126dd,ours_l01_s2_oracle_noshard_trace-610042_b32_k8_isolated,isolated,ours,12,9,l1_ms,48.966656,recorder
20260827-022806_perlmutter_5bc126dd,ours_l01_s2_oracle_noshard_trace-610042_b32_k8_isolated,isolated,ours,12,0,plan_comm_ms,0.20688,recorder
20260827-022806_perlmutter_5bc126dd,ours_l01_s2_oracle_noshard_trace-610042_b32_k8_isolated,isolated,ours,12,1,plan_comm_ms,0.335872,recorder
20260827-022806_perlmutter_5bc126dd,ours_l01_s2_oracle_noshard_trace-610042_b32_k8_isolated,isolated,ours,12,2,plan_comm_ms,0.568768,recorder
20260827-022806_perlmutter_5bc126dd,ours_l01_s2_oracle_noshard_trace-610042_b32_k8_isolated,isolated,ours,12,3,plan_comm_ms,0.275488,recorder
20260827-022806_perlmutter_5bc126dd,ours_l01_s2_oracle_noshard_trace-610042_b32_k8_isolated,isolated,ours,12,4,plan_comm_ms,0.47392,recorder
20260827-022806_perlmutter_5bc126dd,ours_l01_s2_oracle_noshard_trace-610042_b32_k8_isolated,isolated,ours,12,5,plan_comm_ms,0.24864,recorder
20260827-022806_perlmutter_5bc126dd,ours_l01_s2_oracle_noshard_trace-610042_b32_k8_isolated,isolated,ours,12,6,plan_comm_ms,0.333952,recorder
20260827-022806_perlmutter_5bc126dd,ours_l01_s2_oracle_noshard_trace-610042_b32_k8_isolated,isolated,ours,12,7,plan_comm_ms,0.892608,recorder
20260827-022806_perlmutter_5bc126dd,ours_l01_s2_oracle_noshard_trace-610042_b32_k8_isolated,isolated,ours,12,8,plan_comm_ms,0.298368,recorder
20260827-022806_perlmutter_5bc126dd,ours_l01_s2_oracle_noshard_trace-610042_b32_k8_isolated,isolated,ours,12,9,plan_comm_ms,1.716736,recorder
20260827-022806_perlmutter_5bc126dd,ours_l01_s2_oracle_noshard_trace-610042_b32_k8_isolated,isolated,ours,12,0,place_ms,4.947904,recorder
20260827-022806_perlmutter_5bc126dd,ours_l01_s2_oracle_noshard_trace-610042_b32_k8_isolated,isolated,ours,12,1,place_ms,4.698496,recorder
20260827-022806_perlmutter_5bc126dd,ours_l01_s2_oracle_noshard_trace-610042_b32_k8_isolated,isolated,ours,12,2,place_ms,4.653856,recorder
20260827-022806_perlmutter_5bc126dd,ours_l01_s2_oracle_noshard_trace-610042_b32_k8_isolated,isolated,ours,12,3,place_ms,4.795776,recorder
20260827-022806_perlmutter_5bc126dd,ours_l01_s2_oracle_noshard_trace-610042_b32_k8_isolated,isolated,ours,12,4,place_ms,4.82384,recorder
20260827-022806_perlmutter_5bc126dd,ours_l01_s2_oracle_noshard_trace-610042_b32_k8_isolated,isolated,ours,12,5,place_ms,4.965088,recorder
20260827-022806_perlmutter_5bc126dd,ours_l01_s2_oracle_noshard_trace-610042_b32_k8_isolated,isolated,ours,12,6,place_ms,4.834016,recorder
20260827-022806_perlmutter_5bc126dd,ours_l01_s2_oracle_noshard_trace-610042_b32_k8_isolated,isolated,ours,12,7,place_ms,4.80976,recorder
20260827-022806_perlmutter_5bc126dd,ours_l01_s2_oracle_noshard_trace-610042_b32_k8_isolated,isolated,ours,12,8,place_ms,5.008192,recorder
20260827-022806_perlmutter_5bc126dd,ours_l01_s2_oracle_noshard_trace-610042_b32_k8_isolated,isolated,ours,12,9,place_ms,4.813184,recorder
20260827-022806_perlmutter_5bc126dd,ours_l01_s2_oracle_noshard_trace-610042_b32_k8_isolated,isolated,ours,12,0,plan_ms,2.898304,recorder
20260827-022806_perlmutter_5bc126dd,ours_l01_s2_oracle_noshard_trace-610042_b32_k8_isolated,isolated,ours,12,1,plan_ms,2.976224,recorder
20260827-022806_perlmutter_5bc126dd,ours_l01_s2_oracle_noshard_trace-610042_b32_k8_isolated,isolated,ours,12,2,plan_ms,2.828096,recorder
20260827-022806_perlmutter_5bc126dd,ours_l01_s2_oracle_noshard_trace-610042_b32_k8_isolated,isolated,ours,12,3,plan_ms,2.894048,recorder
20260827-022806_perlmutter_5bc126dd,ours_l01_s2_oracle_noshard_trace-610042_b32_k8_isolated,isolated,ours,12,4,plan_ms,2.986816,recorder
20260827-022806_perlmutter_5bc126dd,ours_l01_s2_oracle_noshard_trace-610042_b32_k8_isolated,isolated,ours,12,5,plan_ms,2.771552,recorder
20260827-022806_perlmutter_5bc126dd,ours_l01_s2_oracle_noshard_trace-610042_b32_k8_isolated,isolated,ours,12,6,plan_ms,3.578592,recorder
20260827-022806_perlmutter_5bc126dd,ours_l01_s2_oracle_noshard_trace-610042_b32_k8_isolated,isolated,ours,12,7,plan_ms,3.10256,recorder
20260827-022806_perlmutter_5bc126dd,ours_l01_s2_oracle_noshard_trace-610042_b32_k8_isolated,isolated,ours,12,8,plan_ms,2.78512,recorder
20260827-022806_perlmutter_5bc126dd,ours_l01_s2_oracle_noshard_trace-610042_b32_k8_isolated,isolated,ours,12,9,plan_ms,2.871008,recorder
20260827-022806_perlmutter_5bc126dd,ours_l01_s2_oracle_noshard_trace-610042_b32_k8_isolated,isolated,ours,12,0,total_ms,132.120605,recorder
20260827-022806_perlmutter_5bc126dd,ours_l01_s2_oracle_noshard_trace-610042_b32_k8_isolated,isolated,ours,12,1,total_ms,131.368835,recorder
20260827-022806_perlmutter_5bc126dd,ours_l01_s2_oracle_noshard_trace-610042_b32_k8_isolated,isolated,ours,12,2,total_ms,130.096924,recorder
20260827-022806_perlmutter_5bc126dd,ours_l01_s2_oracle_noshard_trace-610042_b32_k8_isolated,isolated,ours,12,3,total_ms,131.279648,recorder
20260827-022806_perlmutter_5bc126dd,ours_l01_s2_oracle_noshard_trace-610042_b32_k8_isolated,isolated,ours,12,4,total_ms,131.340775,recorder
20260827-022806_perlmutter_5bc126dd,ours_l01_s2_oracle_noshard_trace-610042_b32_k8_isolated,isolated,ours,12,5,total_ms,131.199265,recorder
20260827-022806_perlmutter_5bc126dd,ours_l01_s2_oracle_noshard_trace-610042_b32_k8_isolated,isolated,ours,12,6,total_ms,129.037918,recorder
20260827-022806_perlmutter_5bc126dd,ours_l01_s2_oracle_noshard_trace-610042_b32_k8_isolated,isolated,ours,12,7,total_ms,133.898682,recorder
20260827-022806_perlmutter_5bc126dd,ours_l01_s2_oracle_noshard_trace-610042_b32_k8_isolated,isolated,ours,12,8,total_ms,134.08429,recorder
20260827-022806_perlmutter_5bc126dd,ours_l01_s2_oracle_noshard_trace-610042_b32_k8_isolated,isolated,ours,12,9,total_ms,133.704391,recorder
20260827-022806_perlmutter_5bc126dd,ours_l01_s2_oracle_noshard_trace-610042_b32_k8_isolated,isolated,ours,12,0,iso_sync_ms,0.480969,recorder
20260827-022806_perlmutter_5bc126dd,ours_l01_s2_oracle_noshard_trace-610042_b32_k8_isolated,isolated,ours,12,1,iso_sync_ms,0.718719,recorder
20260827-022806_perlmutter_5bc126dd,ours_l01_s2_oracle_noshard_trace-610042_b32_k8_isolated,isolated,ours,12,2,iso_sync_ms,0.197171,recorder
20260827-022806_perlmutter_5bc126dd,ours_l01_s2_oracle_noshard_trace-610042_b32_k8_isolated,isolated,ours,12,3,iso_sync_ms,0.761501,recorder
20260827-022806_perlmutter_5bc126dd,ours_l01_s2_oracle_noshard_trace-610042_b32_k8_isolated,isolated,ours,12,4,iso_sync_ms,0.829243,recorder
20260827-022806_perlmutter_5bc126dd,ours_l01_s2_oracle_noshard_trace-610042_b32_k8_isolated,isolated,ours,12,5,iso_sync_ms,0.737476,recorder
20260827-022806_perlmutter_5bc126dd,ours_l01_s2_oracle_noshard_trace-610042_b32_k8_isolated,isolated,ours,12,6,iso_sync_ms,1.31914,recorder
20260827-022806_perlmutter_5bc126dd,ours_l01_s2_oracle_noshard_trace-610042_b32_k8_isolated,isolated,ours,12,7,iso_sync_ms,0.906191,recorder
20260827-022806_perlmutter_5bc126dd,ours_l01_s2_oracle_noshard_trace-610042_b32_k8_isolated,isolated,ours,12,8,iso_sync_ms,0.859692,recorder
20260827-022806_perlmutter_5bc126dd,ours_l01_s2_oracle_noshard_trace-610042_b32_k8_isolated,isolated,ours,12,9,iso_sync_ms,1.664867,recorder
20260827-022806_perlmutter_5bc126dd,ours_l01_s2_oracle_noshard_trace-610042_b32_k8_isolated,isolated,ours,13,0,e2e_ms,123.821732,recorder
20260827-022806_perlmutter_5bc126dd,ours_l01_s2_oracle_noshard_trace-610042_b32_k8_isolated,isolated,ours,13,1,e2e_ms,123.301888,recorder
20260827-022806_perlmutter_5bc126dd,ours_l01_s2_oracle_noshard_trace-610042_b32_k8_isolated,isolated,ours,13,2,e2e_ms,121.99424,recorder
20260827-022806_perlmutter_5bc126dd,ours_l01_s2_oracle_noshard_trace-610042_b32_k8_isolated,isolated,ours,13,3,e2e_ms,123.312477,recorder
20260827-022806_perlmutter_5bc126dd,ours_l01_s2_oracle_noshard_trace-610042_b32_k8_isolated,isolated,ours,13,4,e2e_ms,122.976547,recorder
20260827-022806_perlmutter_5bc126dd,ours_l01_s2_oracle_noshard_trace-610042_b32_k8_isolated,isolated,ours,13,5,e2e_ms,123.27494,recorder
20260827-022806_perlmutter_5bc126dd,ours_l01_s2_oracle_noshard_trace-610042_b32_k8_isolated,isolated,ours,13,6,e2e_ms,120.239235,recorder
20260827-022806_perlmutter_5bc126dd,ours_l01_s2_oracle_noshard_trace-610042_b32_k8_isolated,isolated,ours,13,7,e2e_ms,125.426178,recorder
20260827-022806_perlmutter_5bc126dd,ours_l01_s2_oracle_noshard_trace-610042_b32_k8_isolated,isolated,ours,13,8,e2e_ms,125.922241,recorder
20260827-022806_perlmutter_5bc126dd,ours_l01_s2_oracle_noshard_trace-610042_b32_k8_isolated,isolated,ours,13,9,e2e_ms,124.27475,recorder
20260827-022806_perlmutter_5bc126dd,ours_l01_s2_oracle_noshard_trace-610042_b32_k8_isolated,isolated,ours,13,0,l0_ms,75.498047,recorder
20260827-022806_perlmutter_5bc126dd,ours_l01_s2_oracle_noshard_trace-610042_b32_k8_isolated,isolated,ours,13,1,l0_ms,73.23584,recorder
20260827-022806_perlmutter_5bc126dd,ours_l01_s2_oracle_noshard_trace-610042_b32_k8_isolated,isolated,ours,13,2,l0_ms,68.561661,recorder
20260827-022806_perlmutter_5bc126dd,ours_l01_s2_oracle_noshard_trace-610042_b32_k8_isolated,isolated,ours,13,3,l0_ms,73.715042,recorder
20260827-022806_perlmutter_5bc126dd,ours_l01_s2_oracle_noshard_trace-610042_b32_k8_isolated,isolated,ours,13,4,l0_ms,74.357475,recorder
20260827-022806_perlmutter_5bc126dd,ours_l01_s2_oracle_noshard_trace-610042_b32_k8_isolated,isolated,ours,13,5,l0_ms,71.604897,recorder
20260827-022806_perlmutter_5bc126dd,ours_l01_s2_oracle_noshard_trace-610042_b32_k8_isolated,isolated,ours,13,6,l0_ms,76.839394,recorder
20260827-022806_perlmutter_5bc126dd,ours_l01_s2_oracle_noshard_trace-610042_b32_k8_isolated,isolated,ours,13,7,l0_ms,66.85939,recorder
20260827-022806_perlmutter_5bc126dd,ours_l01_s2_oracle_noshard_trace-610042_b32_k8_isolated,isolated,ours,13,8,l0_ms,74.903137,recorder
20260827-022806_perlmutter_5bc126dd,ours_l01_s2_oracle_noshard_trace-610042_b32_k8_isolated,isolated,ours,13,9,l0_ms,73.226433,recorder
20260827-022806_perlmutter_5bc126dd,ours_l01_s2_oracle_noshard_trace-610042_b32_k8_isolated,isolated,ours,13,0,act_ms,0.130272,recorder
20260827-022806_perlmutter_5bc126dd,ours_l01_s2_oracle_noshard_trace-610042_b32_k8_isolated,isolated,ours,13,1,act_ms,0.128064,recorder
20260827-022806_perlmutter_5bc126dd,ours_l01_s2_oracle_noshard_trace-610042_b32_k8_isolated,isolated,ours,13,2,act_ms,0.122016,recorder
20260827-022806_perlmutter_5bc126dd,ours_l01_s2_oracle_noshard_trace-610042_b32_k8_isolated,isolated,ours,13,3,act_ms,0.127904,recorder
20260827-022806_perlmutter_5bc126dd,ours_l01_s2_oracle_noshard_trace-610042_b32_k8_isolated,isolated,ours,13,4,act_ms,0.120384,recorder
20260827-022806_perlmutter_5bc126dd,ours_l01_s2_oracle_noshard_trace-610042_b32_k8_isolated,isolated,ours,13,5,act_ms,0.1304,recorder
20260827-022806_perlmutter_5bc126dd,ours_l01_s2_oracle_noshard_trace-610042_b32_k8_isolated,isolated,ours,13,6,act_ms,0.13264,recorder
20260827-022806_perlmutter_5bc126dd,ours_l01_s2_oracle_noshard_trace-610042_b32_k8_isolated,isolated,ours,13,7,act_ms,0.121952,recorder
20260827-022806_perlmutter_5bc126dd,ours_l01_s2_oracle_noshard_trace-610042_b32_k8_isolated,isolated,ours,13,8,act_ms,0.12784,recorder
20260827-022806_perlmutter_5bc126dd,ours_l01_s2_oracle_noshard_trace-610042_b32_k8_isolated,isolated,ours,13,9,act_ms,0.128736,recorder
20260827-022806_perlmutter_5bc126dd,ours_l01_s2_oracle_noshard_trace-610042_b32_k8_isolated,isolated,ours,13,0,l1_ms,48.193409,recorder
20260827-022806_perlmutter_5bc126dd,ours_l01_s2_oracle_noshard_trace-610042_b32_k8_isolated,isolated,ours,13,1,l1_ms,49.937984,recorder
20260827-022806_perlmutter_5bc126dd,ours_l01_s2_oracle_noshard_trace-610042_b32_k8_isolated,isolated,ours,13,2,l1_ms,53.310558,recorder
20260827-022806_perlmutter_5bc126dd,ours_l01_s2_oracle_noshard_trace-610042_b32_k8_isolated,isolated,ours,13,3,l1_ms,49.469536,recorder
20260827-022806_perlmutter_5bc126dd,ours_l01_s2_oracle_noshard_trace-610042_b32_k8_isolated,isolated,ours,13,4,l1_ms,48.498688,recorder
20260827-022806_perlmutter_5bc126dd,ours_l01_s2_oracle_noshard_trace-610042_b32_k8_isolated,isolated,ours,13,5,l1_ms,51.539646,recorder
20260827-022806_perlmutter_5bc126dd,ours_l01_s2_oracle_noshard_trace-610042_b32_k8_isolated,isolated,ours,13,6,l1_ms,43.2672,recorder
20260827-022806_perlmutter_5bc126dd,ours_l01_s2_oracle_noshard_trace-610042_b32_k8_isolated,isolated,ours,13,7,l1_ms,58.444832,recorder
20260827-022806_perlmutter_5bc126dd,ours_l01_s2_oracle_noshard_trace-610042_b32_k8_isolated,isolated,ours,13,8,l1_ms,50.891266,recorder
20260827-022806_perlmutter_5bc126dd,ours_l01_s2_oracle_noshard_trace-610042_b32_k8_isolated,isolated,ours,13,9,l1_ms,50.919582,recorder
20260827-022806_perlmutter_5bc126dd,ours_l01_s2_oracle_noshard_trace-610042_b32_k8_isolated,isolated,ours,13,0,plan_comm_ms,0.205632,recorder
20260827-022806_perlmutter_5bc126dd,ours_l01_s2_oracle_noshard_trace-610042_b32_k8_isolated,isolated,ours,13,1,plan_comm_ms,0.341792,recorder
20260827-022806_perlmutter_5bc126dd,ours_l01_s2_oracle_noshard_trace-610042_b32_k8_isolated,isolated,ours,13,2,plan_comm_ms,0.566784,recorder
20260827-022806_perlmutter_5bc126dd,ours_l01_s2_oracle_noshard_trace-610042_b32_k8_isolated,isolated,ours,13,3,plan_comm_ms,0.270432,recorder
20260827-022806_perlmutter_5bc126dd,ours_l01_s2_oracle_noshard_trace-610042_b32_k8_isolated,isolated,ours,13,4,plan_comm_ms,0.4728,recorder
20260827-022806_perlmutter_5bc126dd,ours_l01_s2_oracle_noshard_trace-610042_b32_k8_isolated,isolated,ours,13,5,plan_comm_ms,0.229632,recorder
20260827-022806_perlmutter_5bc126dd,ours_l01_s2_oracle_noshard_trace-610042_b32_k8_isolated,isolated,ours,13,6,plan_comm_ms,0.334816,recorder
20260827-022806_perlmutter_5bc126dd,ours_l01_s2_oracle_noshard_trace-610042_b32_k8_isolated,isolated,ours,13,7,plan_comm_ms,0.893728,recorder
20260827-022806_perlmutter_5bc126dd,ours_l01_s2_oracle_noshard_trace-610042_b32_k8_isolated,isolated,ours,13,8,plan_comm_ms,0.276768,recorder
20260827-022806_perlmutter_5bc126dd,ours_l01_s2_oracle_noshard_trace-610042_b32_k8_isolated,isolated,ours,13,9,plan_comm_ms,1.715392,recorder
20260827-022806_perlmutter_5bc126dd,ours_l01_s2_oracle_noshard_trace-610042_b32_k8_isolated,isolated,ours,13,0,place_ms,4.930464,recorder
20260827-022806_perlmutter_5bc126dd,ours_l01_s2_oracle_noshard_trace-610042_b32_k8_isolated,isolated,ours,13,1,place_ms,4.663616,recorder
20260827-022806_perlmutter_5bc126dd,ours_l01_s2_oracle_noshard_trace-610042_b32_k8_isolated,isolated,ours,13,2,place_ms,4.62176,recorder
20260827-022806_perlmutter_5bc126dd,ours_l01_s2_oracle_noshard_trace-610042_b32_k8_isolated,isolated,ours,13,3,place_ms,4.768768,recorder
20260827-022806_perlmutter_5bc126dd,ours_l01_s2_oracle_noshard_trace-610042_b32_k8_isolated,isolated,ours,13,4,place_ms,5.084768,recorder
20260827-022806_perlmutter_5bc126dd,ours_l01_s2_oracle_noshard_trace-610042_b32_k8_isolated,isolated,ours,13,5,place_ms,5.01744,recorder
20260827-022806_perlmutter_5bc126dd,ours_l01_s2_oracle_noshard_trace-610042_b32_k8_isolated,isolated,ours,13,6,place_ms,4.791072,recorder
20260827-022806_perlmutter_5bc126dd,ours_l01_s2_oracle_noshard_trace-610042_b32_k8_isolated,isolated,ours,13,7,place_ms,4.788544,recorder
20260827-022806_perlmutter_5bc126dd,ours_l01_s2_oracle_noshard_trace-610042_b32_k8_isolated,isolated,ours,13,8,place_ms,5.378784,recorder
20260827-022806_perlmutter_5bc126dd,ours_l01_s2_oracle_noshard_trace-610042_b32_k8_isolated,isolated,ours,13,9,place_ms,4.807072,recorder
20260827-022806_perlmutter_5bc126dd,ours_l01_s2_oracle_noshard_trace-610042_b32_k8_isolated,isolated,ours,13,0,plan_ms,3.003744,recorder
20260827-022806_perlmutter_5bc126dd,ours_l01_s2_oracle_noshard_trace-610042_b32_k8_isolated,isolated,ours,13,1,plan_ms,3.068224,recorder
20260827-022806_perlmutter_5bc126dd,ours_l01_s2_oracle_noshard_trace-610042_b32_k8_isolated,isolated,ours,13,2,plan_ms,2.934784,recorder
20260827-022806_perlmutter_5bc126dd,ours_l01_s2_oracle_noshard_trace-610042_b32_k8_isolated,isolated,ours,13,3,plan_ms,2.962368,recorder
20260827-022806_perlmutter_5bc126dd,ours_l01_s2_oracle_noshard_trace-610042_b32_k8_isolated,isolated,ours,13,4,plan_ms,2.8336,recorder
20260827-022806_perlmutter_5bc126dd,ours_l01_s2_oracle_noshard_trace-610042_b32_k8_isolated,isolated,ours,13,5,plan_ms,2.646464,recorder
20260827-022806_perlmutter_5bc126dd,ours_l01_s2_oracle_noshard_trace-610042_b32_k8_isolated,isolated,ours,13,6,plan_ms,3.689088,recorder
20260827-022806_perlmutter_5bc126dd,ours_l01_s2_oracle_noshard_trace-610042_b32_k8_isolated,isolated,ours,13,7,plan_ms,2.82992,recorder
20260827-022806_perlmutter_5bc126dd,ours_l01_s2_oracle_noshard_trace-610042_b32_k8_isolated,isolated,ours,13,8,plan_ms,2.48704,recorder
20260827-022806_perlmutter_5bc126dd,ours_l01_s2_oracle_noshard_trace-610042_b32_k8_isolated,isolated,ours,13,9,plan_ms,2.894272,recorder
20260827-022806_perlmutter_5bc126dd,ours_l01_s2_oracle_noshard_trace-610042_b32_k8_isolated,isolated,ours,13,0,total_ms,131.964157,recorder
20260827-022806_perlmutter_5bc126dd,ours_l01_s2_oracle_noshard_trace-610042_b32_k8_isolated,isolated,ours,13,1,total_ms,131.377914,recorder
20260827-022806_perlmutter_5bc126dd,ours_l01_s2_oracle_noshard_trace-610042_b32_k8_isolated,isolated,ours,13,2,total_ms,130.120285,recorder
20260827-022806_perlmutter_5bc126dd,ours_l01_s2_oracle_noshard_trace-610042_b32_k8_isolated,isolated,ours,13,3,total_ms,131.317444,recorder
20260827-022806_perlmutter_5bc126dd,ours_l01_s2_oracle_noshard_trace-610042_b32_k8_isolated,isolated,ours,13,4,total_ms,131.37001,recorder
20260827-022806_perlmutter_5bc126dd,ours_l01_s2_oracle_noshard_trace-610042_b32_k8_isolated,isolated,ours,13,5,total_ms,131.170822,recorder
20260827-022806_perlmutter_5bc126dd,ours_l01_s2_oracle_noshard_trace-610042_b32_k8_isolated,isolated,ours,13,6,total_ms,129.05661,recorder
20260827-022806_perlmutter_5bc126dd,ours_l01_s2_oracle_noshard_trace-610042_b32_k8_isolated,isolated,ours,13,7,total_ms,133.940964,recorder
20260827-022806_perlmutter_5bc126dd,ours_l01_s2_oracle_noshard_trace-610042_b32_k8_isolated,isolated,ours,13,8,total_ms,134.067429,recorder
20260827-022806_perlmutter_5bc126dd,ours_l01_s2_oracle_noshard_trace-610042_b32_k8_isolated,isolated,ours,13,9,total_ms,133.694534,recorder
20260827-022806_perlmutter_5bc126dd,ours_l01_s2_oracle_noshard_trace-610042_b32_k8_isolated,isolated,ours,13,0,iso_sync_ms,0.477032,recorder
20260827-022806_perlmutter_5bc126dd,ours_l01_s2_oracle_noshard_trace-610042_b32_k8_isolated,isolated,ours,13,1,iso_sync_ms,0.866304,recorder
20260827-022806_perlmutter_5bc126dd,ours_l01_s2_oracle_noshard_trace-610042_b32_k8_isolated,isolated,ours,13,2,iso_sync_ms,0.189236,recorder
20260827-022806_perlmutter_5bc126dd,ours_l01_s2_oracle_noshard_trace-610042_b32_k8_isolated,isolated,ours,13,3,iso_sync_ms,0.728017,recorder
20260827-022806_perlmutter_5bc126dd,ours_l01_s2_oracle_noshard_trace-610042_b32_k8_isolated,isolated,ours,13,4,iso_sync_ms,0.662801,recorder
20260827-022806_perlmutter_5bc126dd,ours_l01_s2_oracle_noshard_trace-610042_b32_k8_isolated,isolated,ours,13,5,iso_sync_ms,0.586955,recorder
20260827-022806_perlmutter_5bc126dd,ours_l01_s2_oracle_noshard_trace-610042_b32_k8_isolated,isolated,ours,13,6,iso_sync_ms,1.315964,recorder
20260827-022806_perlmutter_5bc126dd,ours_l01_s2_oracle_noshard_trace-610042_b32_k8_isolated,isolated,ours,13,7,iso_sync_ms,0.881674,recorder
20260827-022806_perlmutter_5bc126dd,ours_l01_s2_oracle_noshard_trace-610042_b32_k8_isolated,isolated,ours,13,8,iso_sync_ms,0.317484,recorder
20260827-022806_perlmutter_5bc126dd,ours_l01_s2_oracle_noshard_trace-610042_b32_k8_isolated,isolated,ours,13,9,iso_sync_ms,1.654107,recorder
20260827-022806_perlmutter_5bc126dd,ours_l01_s2_oracle_noshard_trace-610042_b32_k8_isolated,isolated,ours,14,0,e2e_ms,123.872734,recorder
20260827-022806_perlmutter_5bc126dd,ours_l01_s2_oracle_noshard_trace-610042_b32_k8_isolated,isolated,ours,14,1,e2e_ms,123.501213,recorder
20260827-022806_perlmutter_5bc126dd,ours_l01_s2_oracle_noshard_trace-610042_b32_k8_isolated,isolated,ours,14,2,e2e_ms,122.013054,recorder
20260827-022806_perlmutter_5bc126dd,ours_l01_s2_oracle_noshard_trace-610042_b32_k8_isolated,isolated,ours,14,3,e2e_ms,123.345795,recorder
20260827-022806_perlmutter_5bc126dd,ours_l01_s2_oracle_noshard_trace-610042_b32_k8_isolated,isolated,ours,14,4,e2e_ms,123.026657,recorder
20260827-022806_perlmutter_5bc126dd,ours_l01_s2_oracle_noshard_trace-610042_b32_k8_isolated,isolated,ours,14,5,e2e_ms,123.208832,recorder
20260827-022806_perlmutter_5bc126dd,ours_l01_s2_oracle_noshard_trace-610042_b32_k8_isolated,isolated,ours,14,6,e2e_ms,120.184479,recorder
20260827-022806_perlmutter_5bc126dd,ours_l01_s2_oracle_noshard_trace-610042_b32_k8_isolated,isolated,ours,14,7,e2e_ms,125.464767,recorder
20260827-022806_perlmutter_5bc126dd,ours_l01_s2_oracle_noshard_trace-610042_b32_k8_isolated,isolated,ours,14,8,e2e_ms,126.043388,recorder
20260827-022806_perlmutter_5bc126dd,ours_l01_s2_oracle_noshard_trace-610042_b32_k8_isolated,isolated,ours,14,9,e2e_ms,124.122528,recorder
20260827-022806_perlmutter_5bc126dd,ours_l01_s2_oracle_noshard_trace-610042_b32_k8_isolated,isolated,ours,14,0,l0_ms,74.099457,recorder
20260827-022806_perlmutter_5bc126dd,ours_l01_s2_oracle_noshard_trace-610042_b32_k8_isolated,isolated,ours,14,1,l0_ms,72.594818,recorder
20260827-022806_perlmutter_5bc126dd,ours_l01_s2_oracle_noshard_trace-610042_b32_k8_isolated,isolated,ours,14,2,l0_ms,69.104355,recorder
20260827-022806_perlmutter_5bc126dd,ours_l01_s2_oracle_noshard_trace-610042_b32_k8_isolated,isolated,ours,14,3,l0_ms,72.632095,recorder
20260827-022806_perlmutter_5bc126dd,ours_l01_s2_oracle_noshard_trace-610042_b32_k8_isolated,isolated,ours,14,4,l0_ms,74.057442,recorder
20260827-022806_perlmutter_5bc126dd,ours_l01_s2_oracle_noshard_trace-610042_b32_k8_isolated,isolated,ours,14,5,l0_ms,72.73027,recorder
20260827-022806_perlmutter_5bc126dd,ours_l01_s2_oracle_noshard_trace-610042_b32_k8_isolated,isolated,ours,14,6,l0_ms,77.526428,recorder
20260827-022806_perlmutter_5bc126dd,ours_l01_s2_oracle_noshard_trace-610042_b32_k8_isolated,isolated,ours,14,7,l0_ms,68.415421,recorder
20260827-022806_perlmutter_5bc126dd,ours_l01_s2_oracle_noshard_trace-610042_b32_k8_isolated,isolated,ours,14,8,l0_ms,75.506851,recorder
20260827-022806_perlmutter_5bc126dd,ours_l01_s2_oracle_noshard_trace-610042_b32_k8_isolated,isolated,ours,14,9,l0_ms,72.906754,recorder
20260827-022806_perlmutter_5bc126dd,ours_l01_s2_oracle_noshard_trace-610042_b32_k8_isolated,isolated,ours,14,0,act_ms,0.124608,recorder
20260827-022806_perlmutter_5bc126dd,ours_l01_s2_oracle_noshard_trace-610042_b32_k8_isolated,isolated,ours,14,1,act_ms,0.122016,recorder
20260827-022806_perlmutter_5bc126dd,ours_l01_s2_oracle_noshard_trace-610042_b32_k8_isolated,isolated,ours,14,2,act_ms,0.114592,recorder
20260827-022806_perlmutter_5bc126dd,ours_l01_s2_oracle_noshard_trace-610042_b32_k8_isolated,isolated,ours,14,3,act_ms,0.12144,recorder
20260827-022806_perlmutter_5bc126dd,ours_l01_s2_oracle_noshard_trace-610042_b32_k8_isolated,isolated,ours,14,4,act_ms,0.124288,recorder
20260827-022806_perlmutter_5bc126dd,ours_l01_s2_oracle_noshard_trace-610042_b32_k8_isolated,isolated,ours,14,5,act_ms,0.124256,recorder
20260827-022806_perlmutter_5bc126dd,ours_l01_s2_oracle_noshard_trace-610042_b32_k8_isolated,isolated,ours,14,6,act_ms,0.121664,recorder
20260827-022806_perlmutter_5bc126dd,ours_l01_s2_oracle_noshard_trace-610042_b32_k8_isolated,isolated,ours,14,7,act_ms,0.11504,recorder
20260827-022806_perlmutter_5bc126dd,ours_l01_s2_oracle_noshard_trace-610042_b32_k8_isolated,isolated,ours,14,8,act_ms,0.123776,recorder
20260827-022806_perlmutter_5bc126dd,ours_l01_s2_oracle_noshard_trace-610042_b32_k8_isolated,isolated,ours,14,9,act_ms,0.116992,recorder
20260827-022806_perlmutter_5bc126dd,ours_l01_s2_oracle_noshard_trace-610042_b32_k8_isolated,isolated,ours,14,0,l1_ms,49.64867,recorder
20260827-022806_perlmutter_5bc126dd,ours_l01_s2_oracle_noshard_trace-610042_b32_k8_isolated,isolated,ours,14,1,l1_ms,50.784386,recorder
20260827-022806_perlmutter_5bc126dd,ours_l01_s2_oracle_noshard_trace-610042_b32_k8_isolated,isolated,ours,14,2,l1_ms,52.794113,recorder
20260827-022806_perlmutter_5bc126dd,ours_l01_s2_oracle_noshard_trace-610042_b32_k8_isolated,isolated,ours,14,3,l1_ms,50.592255,recorder
20260827-022806_perlmutter_5bc126dd,ours_l01_s2_oracle_noshard_trace-610042_b32_k8_isolated,isolated,ours,14,4,l1_ms,48.844929,recorder
20260827-022806_perlmutter_5bc126dd,ours_l01_s2_oracle_noshard_trace-610042_b32_k8_isolated,isolated,ours,14,5,l1_ms,50.354305,recorder
20260827-022806_perlmutter_5bc126dd,ours_l01_s2_oracle_noshard_trace-610042_b32_k8_isolated,isolated,ours,14,6,l1_ms,42.536385,recorder
20260827-022806_perlmutter_5bc126dd,ours_l01_s2_oracle_noshard_trace-610042_b32_k8_isolated,isolated,ours,14,7,l1_ms,56.934303,recorder
20260827-022806_perlmutter_5bc126dd,ours_l01_s2_oracle_noshard_trace-610042_b32_k8_isolated,isolated,ours,14,8,l1_ms,50.412769,recorder
20260827-022806_perlmutter_5bc126dd,ours_l01_s2_oracle_noshard_trace-610042_b32_k8_isolated,isolated,ours,14,9,l1_ms,51.098785,recorder
20260827-022806_perlmutter_5bc126dd,ours_l01_s2_oracle_noshard_trace-610042_b32_k8_isolated,isolated,ours,14,0,plan_comm_ms,0.20592,recorder
20260827-022806_perlmutter_5bc126dd,ours_l01_s2_oracle_noshard_trace-610042_b32_k8_isolated,isolated,ours,14,1,plan_comm_ms,0.337536,recorder
20260827-022806_perlmutter_5bc126dd,ours_l01_s2_oracle_noshard_trace-610042_b32_k8_isolated,isolated,ours,14,2,plan_comm_ms,0.563552,recorder
20260827-022806_perlmutter_5bc126dd,ours_l01_s2_oracle_noshard_trace-610042_b32_k8_isolated,isolated,ours,14,3,plan_comm_ms,0.269056,recorder
20260827-022806_perlmutter_5bc126dd,ours_l01_s2_oracle_noshard_trace-610042_b32_k8_isolated,isolated,ours,14,4,plan_comm_ms,0.458304,recorder
20260827-022806_perlmutter_5bc126dd,ours_l01_s2_oracle_noshard_trace-610042_b32_k8_isolated,isolated,ours,14,5,plan_comm_ms,0.288032,recorder
20260827-022806_perlmutter_5bc126dd,ours_l01_s2_oracle_noshard_trace-610042_b32_k8_isolated,isolated,ours,14,6,plan_comm_ms,0.267168,recorder
20260827-022806_perlmutter_5bc126dd,ours_l01_s2_oracle_noshard_trace-610042_b32_k8_isolated,isolated,ours,14,7,plan_comm_ms,0.899328,recorder
20260827-022806_perlmutter_5bc126dd,ours_l01_s2_oracle_noshard_trace-610042_b32_k8_isolated,isolated,ours,14,8,plan_comm_ms,0.312736,recorder
20260827-022806_perlmutter_5bc126dd,ours_l01_s2_oracle_noshard_trace-610042_b32_k8_isolated,isolated,ours,14,9,plan_comm_ms,1.719104,recorder
20260827-022806_perlmutter_5bc126dd,ours_l01_s2_oracle_noshard_trace-610042_b32_k8_isolated,isolated,ours,14,0,place_ms,4.983424,recorder
20260827-022806_perlmutter_5bc126dd,ours_l01_s2_oracle_noshard_trace-610042_b32_k8_isolated,isolated,ours,14,1,place_ms,4.680512,recorder
20260827-022806_perlmutter_5bc126dd,ours_l01_s2_oracle_noshard_trace-610042_b32_k8_isolated,isolated,ours,14,2,place_ms,4.670624,recorder
20260827-022806_perlmutter_5bc126dd,ours_l01_s2_oracle_noshard_trace-610042_b32_k8_isolated,isolated,ours,14,3,place_ms,4.829152,recorder
20260827-022806_perlmutter_5bc126dd,ours_l01_s2_oracle_noshard_trace-610042_b32_k8_isolated,isolated,ours,14,4,place_ms,5.083584,recorder
20260827-022806_perlmutter_5bc126dd,ours_l01_s2_oracle_noshard_trace-610042_b32_k8_isolated,isolated,ours,14,5,place_ms,4.601184,recorder
20260827-022806_perlmutter_5bc126dd,ours_l01_s2_oracle_noshard_trace-610042_b32_k8_isolated,isolated,ours,14,6,place_ms,5.798496,recorder
20260827-022806_perlmutter_5bc126dd,ours_l01_s2_oracle_noshard_trace-610042_b32_k8_isolated,isolated,ours,14,7,place_ms,4.802624,recorder
20260827-022806_perlmutter_5bc126dd,ours_l01_s2_oracle_noshard_trace-610042_b32_k8_isolated,isolated,ours,14,8,place_ms,5.039008,recorder
20260827-022806_perlmutter_5bc126dd,ours_l01_s2_oracle_noshard_trace-610042_b32_k8_isolated,isolated,ours,14,9,place_ms,5.037248,recorder
20260827-022806_perlmutter_5bc126dd,ours_l01_s2_oracle_noshard_trace-610042_b32_k8_isolated,isolated,ours,14,0,plan_ms,2.9336,recorder
20260827-022806_perlmutter_5bc126dd,ours_l01_s2_oracle_noshard_trace-610042_b32_k8_isolated,isolated,ours,14,1,plan_ms,2.849952,recorder
20260827-022806_perlmutter_5bc126dd,ours_l01_s2_oracle_noshard_trace-610042_b32_k8_isolated,isolated,ours,14,2,plan_ms,2.871936,recorder
20260827-022806_perlmutter_5bc126dd,ours_l01_s2_oracle_noshard_trace-610042_b32_k8_isolated,isolated,ours,14,3,plan_ms,2.898752,recorder
20260827-022806_perlmutter_5bc126dd,ours_l01_s2_oracle_noshard_trace-610042_b32_k8_isolated,isolated,ours,14,4,plan_ms,2.784736,recorder
20260827-022806_perlmutter_5bc126dd,ours_l01_s2_oracle_noshard_trace-610042_b32_k8_isolated,isolated,ours,14,5,plan_ms,3.140192,recorder
20260827-022806_perlmutter_5bc126dd,ours_l01_s2_oracle_noshard_trace-610042_b32_k8_isolated,isolated,ours,14,6,plan_ms,2.743936,recorder
20260827-022806_perlmutter_5bc126dd,ours_l01_s2_oracle_noshard_trace-610042_b32_k8_isolated,isolated,ours,14,7,plan_ms,2.8048,recorder
20260827-022806_perlmutter_5bc126dd,ours_l01_s2_oracle_noshard_trace-610042_b32_k8_isolated,isolated,ours,14,8,plan_ms,2.70192,recorder
20260827-022806_perlmutter_5bc126dd,ours_l01_s2_oracle_noshard_trace-610042_b32_k8_isolated,isolated,ours,14,9,plan_ms,2.815232,recorder
20260827-022806_perlmutter_5bc126dd,ours_l01_s2_oracle_noshard_trace-610042_b32_k8_isolated,isolated,ours,14,0,total_ms,131.999557,recorder
20260827-022806_perlmutter_5bc126dd,ours_l01_s2_oracle_noshard_trace-610042_b32_k8_isolated,isolated,ours,14,1,total_ms,131.373245,recorder
20260827-022806_perlmutter_5bc126dd,ours_l01_s2_oracle_noshard_trace-610042_b32_k8_isolated,isolated,ours,14,2,total_ms,130.122559,recorder
20260827-022806_perlmutter_5bc126dd,ours_l01_s2_oracle_noshard_trace-610042_b32_k8_isolated,isolated,ours,14,3,total_ms,131.345825,recorder
20260827-022806_perlmutter_5bc126dd,ours_l01_s2_oracle_noshard_trace-610042_b32_k8_isolated,isolated,ours,14,4,total_ms,131.356155,recorder
20260827-022806_perlmutter_5bc126dd,ours_l01_s2_oracle_noshard_trace-610042_b32_k8_isolated,isolated,ours,14,5,total_ms,131.241318,recorder
20260827-022806_perlmutter_5bc126dd,ours_l01_s2_oracle_noshard_trace-610042_b32_k8_isolated,isolated,ours,14,6,total_ms,128.996445,recorder
20260827-022806_perlmutter_5bc126dd,ours_l01_s2_oracle_noshard_trace-610042_b32_k8_isolated,isolated,ours,14,7,total_ms,133.974625,recorder
20260827-022806_perlmutter_5bc126dd,ours_l01_s2_oracle_noshard_trace-610042_b32_k8_isolated,isolated,ours,14,8,total_ms,134.100128,recorder
20260827-022806_perlmutter_5bc126dd,ours_l01_s2_oracle_noshard_trace-610042_b32_k8_isolated,isolated,ours,14,9,total_ms,133.69722,recorder
20260827-022806_perlmutter_5bc126dd,ours_l01_s2_oracle_noshard_trace-610042_b32_k8_isolated,isolated,ours,14,0,iso_sync_ms,0.485609,recorder
20260827-022806_perlmutter_5bc126dd,ours_l01_s2_oracle_noshard_trace-610042_b32_k8_isolated,isolated,ours,14,1,iso_sync_ms,0.844152,recorder
20260827-022806_perlmutter_5bc126dd,ours_l01_s2_oracle_noshard_trace-610042_b32_k8_isolated,isolated,ours,14,2,iso_sync_ms,0.188935,recorder
20260827-022806_perlmutter_5bc126dd,ours_l01_s2_oracle_noshard_trace-610042_b32_k8_isolated,isolated,ours,14,3,iso_sync_ms,0.735923,recorder
20260827-022806_perlmutter_5bc126dd,ours_l01_s2_oracle_noshard_trace-610042_b32_k8_isolated,isolated,ours,14,4,iso_sync_ms,0.425051,recorder
20260827-022806_perlmutter_5bc126dd,ours_l01_s2_oracle_noshard_trace-610042_b32_k8_isolated,isolated,ours,14,5,iso_sync_ms,0.845193,recorder
20260827-022806_perlmutter_5bc126dd,ours_l01_s2_oracle_noshard_trace-610042_b32_k8_isolated,isolated,ours,14,6,iso_sync_ms,0.343143,recorder
20260827-022806_perlmutter_5bc126dd,ours_l01_s2_oracle_noshard_trace-610042_b32_k8_isolated,isolated,ours,14,7,iso_sync_ms,0.889539,recorder
20260827-022806_perlmutter_5bc126dd,ours_l01_s2_oracle_noshard_trace-610042_b32_k8_isolated,isolated,ours,14,8,iso_sync_ms,0.723749,recorder
20260827-022806_perlmutter_5bc126dd,ours_l01_s2_oracle_noshard_trace-610042_b32_k8_isolated,isolated,ours,14,9,iso_sync_ms,1.533654,recorder
20260827-022806_perlmutter_5bc126dd,ours_l01_s2_oracle_noshard_trace-610042_b32_k8_isolated,isolated,ours,15,0,e2e_ms,123.942146,recorder
20260827-022806_perlmutter_5bc126dd,ours_l01_s2_oracle_noshard_trace-610042_b32_k8_isolated,isolated,ours,15,1,e2e_ms,123.416832,recorder
20260827-022806_perlmutter_5bc126dd,ours_l01_s2_oracle_noshard_trace-610042_b32_k8_isolated,isolated,ours,15,2,e2e_ms,122.094498,recorder
20260827-022806_perlmutter_5bc126dd,ours_l01_s2_oracle_noshard_trace-610042_b32_k8_isolated,isolated,ours,15,3,e2e_ms,123.390495,recorder
20260827-022806_perlmutter_5bc126dd,ours_l01_s2_oracle_noshard_trace-610042_b32_k8_isolated,isolated,ours,15,4,e2e_ms,123.073021,recorder
20260827-022806_perlmutter_5bc126dd,ours_l01_s2_oracle_noshard_trace-610042_b32_k8_isolated,isolated,ours,15,5,e2e_ms,123.237724,recorder
20260827-022806_perlmutter_5bc126dd,ours_l01_s2_oracle_noshard_trace-610042_b32_k8_isolated,isolated,ours,15,6,e2e_ms,120.311714,recorder
20260827-022806_perlmutter_5bc126dd,ours_l01_s2_oracle_noshard_trace-610042_b32_k8_isolated,isolated,ours,15,7,e2e_ms,125.515747,recorder
20260827-022806_perlmutter_5bc126dd,ours_l01_s2_oracle_noshard_trace-610042_b32_k8_isolated,isolated,ours,15,8,e2e_ms,126.008415,recorder
20260827-022806_perlmutter_5bc126dd,ours_l01_s2_oracle_noshard_trace-610042_b32_k8_isolated,isolated,ours,15,9,e2e_ms,124.288445,recorder
20260827-022806_perlmutter_5bc126dd,ours_l01_s2_oracle_noshard_trace-610042_b32_k8_isolated,isolated,ours,15,0,l0_ms,74.429886,recorder
20260827-022806_perlmutter_5bc126dd,ours_l01_s2_oracle_noshard_trace-610042_b32_k8_isolated,isolated,ours,15,1,l0_ms,75.704224,recorder
20260827-022806_perlmutter_5bc126dd,ours_l01_s2_oracle_noshard_trace-610042_b32_k8_isolated,isolated,ours,15,2,l0_ms,67.037346,recorder
20260827-022806_perlmutter_5bc126dd,ours_l01_s2_oracle_noshard_trace-610042_b32_k8_isolated,isolated,ours,15,3,l0_ms,73.821251,recorder
20260827-022806_perlmutter_5bc126dd,ours_l01_s2_oracle_noshard_trace-610042_b32_k8_isolated,isolated,ours,15,4,l0_ms,73.352509,recorder
20260827-022806_perlmutter_5bc126dd,ours_l01_s2_oracle_noshard_trace-610042_b32_k8_isolated,isolated,ours,15,5,l0_ms,71.239006,recorder
20260827-022806_perlmutter_5bc126dd,ours_l01_s2_oracle_noshard_trace-610042_b32_k8_isolated,isolated,ours,15,6,l0_ms,74.227615,recorder
20260827-022806_perlmutter_5bc126dd,ours_l01_s2_oracle_noshard_trace-610042_b32_k8_isolated,isolated,ours,15,7,l0_ms,73.441986,recorder
20260827-022806_perlmutter_5bc126dd,ours_l01_s2_oracle_noshard_trace-610042_b32_k8_isolated,isolated,ours,15,8,l0_ms,77.401344,recorder
20260827-022806_perlmutter_5bc126dd,ours_l01_s2_oracle_noshard_trace-610042_b32_k8_isolated,isolated,ours,15,9,l0_ms,72.931488,recorder
20260827-022806_perlmutter_5bc126dd,ours_l01_s2_oracle_noshard_trace-610042_b32_k8_isolated,isolated,ours,15,0,act_ms,0.131968,recorder
20260827-022806_perlmutter_5bc126dd,ours_l01_s2_oracle_noshard_trace-610042_b32_k8_isolated,isolated,ours,15,1,act_ms,0.126528,recorder
20260827-022806_perlmutter_5bc126dd,ours_l01_s2_oracle_noshard_trace-610042_b32_k8_isolated,isolated,ours,15,2,act_ms,0.130112,recorder
20260827-022806_perlmutter_5bc126dd,ours_l01_s2_oracle_noshard_trace-610042_b32_k8_isolated,isolated,ours,15,3,act_ms,0.13104,recorder
20260827-022806_perlmutter_5bc126dd,ours_l01_s2_oracle_noshard_trace-610042_b32_k8_isolated,isolated,ours,15,4,act_ms,0.133152,recorder
20260827-022806_perlmutter_5bc126dd,ours_l01_s2_oracle_noshard_trace-610042_b32_k8_isolated,isolated,ours,15,5,act_ms,0.127296,recorder
20260827-022806_perlmutter_5bc126dd,ours_l01_s2_oracle_noshard_trace-610042_b32_k8_isolated,isolated,ours,15,6,act_ms,0.133152,recorder
20260827-022806_perlmutter_5bc126dd,ours_l01_s2_oracle_noshard_trace-610042_b32_k8_isolated,isolated,ours,15,7,act_ms,0.144224,recorder
20260827-022806_perlmutter_5bc126dd,ours_l01_s2_oracle_noshard_trace-610042_b32_k8_isolated,isolated,ours,15,8,act_ms,0.128192,recorder
20260827-022806_perlmutter_5bc126dd,ours_l01_s2_oracle_noshard_trace-610042_b32_k8_isolated,isolated,ours,15,9,act_ms,0.122432,recorder
20260827-022806_perlmutter_5bc126dd,ours_l01_s2_oracle_noshard_trace-610042_b32_k8_isolated,isolated,ours,15,0,l1_ms,49.380287,recorder
20260827-022806_perlmutter_5bc126dd,ours_l01_s2_oracle_noshard_trace-610042_b32_k8_isolated,isolated,ours,15,1,l1_ms,47.586079,recorder
20260827-022806_perlmutter_5bc126dd,ours_l01_s2_oracle_noshard_trace-610042_b32_k8_isolated,isolated,ours,15,2,l1_ms,54.92704,recorder
20260827-022806_perlmutter_5bc126dd,ours_l01_s2_oracle_noshard_trace-610042_b32_k8_isolated,isolated,ours,15,3,l1_ms,49.43821,recorder
20260827-022806_perlmutter_5bc126dd,ours_l01_s2_oracle_noshard_trace-610042_b32_k8_isolated,isolated,ours,15,4,l1_ms,49.58736,recorder
20260827-022806_perlmutter_5bc126dd,ours_l01_s2_oracle_noshard_trace-610042_b32_k8_isolated,isolated,ours,15,5,l1_ms,51.871426,recorder
20260827-022806_perlmutter_5bc126dd,ours_l01_s2_oracle_noshard_trace-610042_b32_k8_isolated,isolated,ours,15,6,l1_ms,45.950943,recorder
20260827-022806_perlmutter_5bc126dd,ours_l01_s2_oracle_noshard_trace-610042_b32_k8_isolated,isolated,ours,15,7,l1_ms,51.929535,recorder
20260827-022806_perlmutter_5bc126dd,ours_l01_s2_oracle_noshard_trace-610042_b32_k8_isolated,isolated,ours,15,8,l1_ms,48.478882,recorder
20260827-022806_perlmutter_5bc126dd,ours_l01_s2_oracle_noshard_trace-610042_b32_k8_isolated,isolated,ours,15,9,l1_ms,51.234528,recorder
20260827-022806_perlmutter_5bc126dd,ours_l01_s2_oracle_noshard_trace-610042_b32_k8_isolated,isolated,ours,15,0,plan_comm_ms,0.2032,recorder
20260827-022806_perlmutter_5bc126dd,ours_l01_s2_oracle_noshard_trace-610042_b32_k8_isolated,isolated,ours,15,1,plan_comm_ms,0.253984,recorder
20260827-022806_perlmutter_5bc126dd,ours_l01_s2_oracle_noshard_trace-610042_b32_k8_isolated,isolated,ours,15,2,plan_comm_ms,0.56192,recorder
20260827-022806_perlmutter_5bc126dd,ours_l01_s2_oracle_noshard_trace-610042_b32_k8_isolated,isolated,ours,15,3,plan_comm_ms,0.233376,recorder
20260827-022806_perlmutter_5bc126dd,ours_l01_s2_oracle_noshard_trace-610042_b32_k8_isolated,isolated,ours,15,4,plan_comm_ms,0.479328,recorder
20260827-022806_perlmutter_5bc126dd,ours_l01_s2_oracle_noshard_trace-610042_b32_k8_isolated,isolated,ours,15,5,plan_comm_ms,0.286656,recorder
20260827-022806_perlmutter_5bc126dd,ours_l01_s2_oracle_noshard_trace-610042_b32_k8_isolated,isolated,ours,15,6,plan_comm_ms,0.2592,recorder
20260827-022806_perlmutter_5bc126dd,ours_l01_s2_oracle_noshard_trace-610042_b32_k8_isolated,isolated,ours,15,7,plan_comm_ms,0.897376,recorder
20260827-022806_perlmutter_5bc126dd,ours_l01_s2_oracle_noshard_trace-610042_b32_k8_isolated,isolated,ours,15,8,plan_comm_ms,0.313248,recorder
20260827-022806_perlmutter_5bc126dd,ours_l01_s2_oracle_noshard_trace-610042_b32_k8_isolated,isolated,ours,15,9,plan_comm_ms,1.680896,recorder
20260827-022806_perlmutter_5bc126dd,ours_l01_s2_oracle_noshard_trace-610042_b32_k8_isolated,isolated,ours,15,0,place_ms,5.276512,recorder
20260827-022806_perlmutter_5bc126dd,ours_l01_s2_oracle_noshard_trace-610042_b32_k8_isolated,isolated,ours,15,1,place_ms,5.113824,recorder
20260827-022806_perlmutter_5bc126dd,ours_l01_s2_oracle_noshard_trace-610042_b32_k8_isolated,isolated,ours,15,2,place_ms,4.643744,recorder
20260827-022806_perlmutter_5bc126dd,ours_l01_s2_oracle_noshard_trace-610042_b32_k8_isolated,isolated,ours,15,3,place_ms,5.33152,recorder
20260827-022806_perlmutter_5bc126dd,ours_l01_s2_oracle_noshard_trace-610042_b32_k8_isolated,isolated,ours,15,4,place_ms,4.960576,recorder
20260827-022806_perlmutter_5bc126dd,ours_l01_s2_oracle_noshard_trace-610042_b32_k8_isolated,isolated,ours,15,5,place_ms,4.890816,recorder
20260827-022806_perlmutter_5bc126dd,ours_l01_s2_oracle_noshard_trace-610042_b32_k8_isolated,isolated,ours,15,6,place_ms,5.271552,recorder
20260827-022806_perlmutter_5bc126dd,ours_l01_s2_oracle_noshard_trace-610042_b32_k8_isolated,isolated,ours,15,7,place_ms,4.817344,recorder
20260827-022806_perlmutter_5bc126dd,ours_l01_s2_oracle_noshard_trace-610042_b32_k8_isolated,isolated,ours,15,8,place_ms,4.845952,recorder
20260827-022806_perlmutter_5bc126dd,ours_l01_s2_oracle_noshard_trace-610042_b32_k8_isolated,isolated,ours,15,9,place_ms,5.193792,recorder
20260827-022806_perlmutter_5bc126dd,ours_l01_s2_oracle_noshard_trace-610042_b32_k8_isolated,isolated,ours,15,0,plan_ms,2.604928,recorder
20260827-022806_perlmutter_5bc126dd,ours_l01_s2_oracle_noshard_trace-610042_b32_k8_isolated,isolated,ours,15,1,plan_ms,2.52,recorder
20260827-022806_perlmutter_5bc126dd,ours_l01_s2_oracle_noshard_trace-610042_b32_k8_isolated,isolated,ours,15,2,plan_ms,2.819072,recorder
20260827-022806_perlmutter_5bc126dd,ours_l01_s2_oracle_noshard_trace-610042_b32_k8_isolated,isolated,ours,15,3,plan_ms,2.358624,recorder
20260827-022806_perlmutter_5bc126dd,ours_l01_s2_oracle_noshard_trace-610042_b32_k8_isolated,isolated,ours,15,4,plan_ms,2.883232,recorder
20260827-022806_perlmutter_5bc126dd,ours_l01_s2_oracle_noshard_trace-610042_b32_k8_isolated,isolated,ours,15,5,plan_ms,2.821408,recorder
20260827-022806_perlmutter_5bc126dd,ours_l01_s2_oracle_noshard_trace-610042_b32_k8_isolated,isolated,ours,15,6,plan_ms,3.148256,recorder
20260827-022806_perlmutter_5bc126dd,ours_l01_s2_oracle_noshard_trace-610042_b32_k8_isolated,isolated,ours,15,7,plan_ms,2.743616,recorder
20260827-022806_perlmutter_5bc126dd,ours_l01_s2_oracle_noshard_trace-610042_b32_k8_isolated,isolated,ours,15,8,plan_ms,2.938048,recorder
20260827-022806_perlmutter_5bc126dd,ours_l01_s2_oracle_noshard_trace-610042_b32_k8_isolated,isolated,ours,15,9,plan_ms,2.515616,recorder
20260827-022806_perlmutter_5bc126dd,ours_l01_s2_oracle_noshard_trace-610042_b32_k8_isolated,isolated,ours,15,0,total_ms,132.029892,recorder
20260827-022806_perlmutter_5bc126dd,ours_l01_s2_oracle_noshard_trace-610042_b32_k8_isolated,isolated,ours,15,1,total_ms,131.308029,recorder
20260827-022806_perlmutter_5bc126dd,ours_l01_s2_oracle_noshard_trace-610042_b32_k8_isolated,isolated,ours,15,2,total_ms,130.12233,recorder
20260827-022806_perlmutter_5bc126dd,ours_l01_s2_oracle_noshard_trace-610042_b32_k8_isolated,isolated,ours,15,3,total_ms,131.317154,recorder
20260827-022806_perlmutter_5bc126dd,ours_l01_s2_oracle_noshard_trace-610042_b32_k8_isolated,isolated,ours,15,4,total_ms,131.399231,recorder
20260827-022806_perlmutter_5bc126dd,ours_l01_s2_oracle_noshard_trace-610042_b32_k8_isolated,isolated,ours,15,5,total_ms,131.239975,recorder
20260827-022806_perlmutter_5bc126dd,ours_l01_s2_oracle_noshard_trace-610042_b32_k8_isolated,isolated,ours,15,6,total_ms,128.99411,recorder
20260827-022806_perlmutter_5bc126dd,ours_l01_s2_oracle_noshard_trace-610042_b32_k8_isolated,isolated,ours,15,7,total_ms,133.977219,recorder
20260827-022806_perlmutter_5bc126dd,ours_l01_s2_oracle_noshard_trace-610042_b32_k8_isolated,isolated,ours,15,8,total_ms,134.108963,recorder
20260827-022806_perlmutter_5bc126dd,ours_l01_s2_oracle_noshard_trace-610042_b32_k8_isolated,isolated,ours,15,9,total_ms,133.681793,recorder
20260827-022806_perlmutter_5bc126dd,ours_l01_s2_oracle_noshard_trace-610042_b32_k8_isolated,isolated,ours,15,0,iso_sync_ms,0.316532,recorder
20260827-022806_perlmutter_5bc126dd,ours_l01_s2_oracle_noshard_trace-610042_b32_k8_isolated,isolated,ours,15,1,iso_sync_ms,0.534032,recorder
20260827-022806_perlmutter_5bc126dd,ours_l01_s2_oracle_noshard_trace-610042_b32_k8_isolated,isolated,ours,15,2,iso_sync_ms,0.165851,recorder
20260827-022806_perlmutter_5bc126dd,ours_l01_s2_oracle_noshard_trace-610042_b32_k8_isolated,isolated,ours,15,3,iso_sync_ms,0.289409,recorder
20260827-022806_perlmutter_5bc126dd,ours_l01_s2_oracle_noshard_trace-610042_b32_k8_isolated,isolated,ours,15,4,iso_sync_ms,0.675476,recorder
20260827-022806_perlmutter_5bc126dd,ours_l01_s2_oracle_noshard_trace-610042_b32_k8_isolated,isolated,ours,15,5,iso_sync_ms,0.688781,recorder
20260827-022806_perlmutter_5bc126dd,ours_l01_s2_oracle_noshard_trace-610042_b32_k8_isolated,isolated,ours,15,6,iso_sync_ms,1.029169,recorder
20260827-022806_perlmutter_5bc126dd,ours_l01_s2_oracle_noshard_trace-610042_b32_k8_isolated,isolated,ours,15,7,iso_sync_ms,0.882506,recorder
20260827-022806_perlmutter_5bc126dd,ours_l01_s2_oracle_noshard_trace-610042_b32_k8_isolated,isolated,ours,15,8,iso_sync_ms,0.748126,recorder
20260827-022806_perlmutter_5bc126dd,ours_l01_s2_oracle_noshard_trace-610042_b32_k8_isolated,isolated,ours,15,9,iso_sync_ms,1.256538,recorder
