run_id,cell_id,mode,impl,rank,iter,metric,value_ms,source
20260829-105928_perlmutter_4caaa5c8,ours_l01_s1_gate_pv2_r2_wa_pfov2_noid_trace-a2e8ab_b8_k8_isolated,isolated,ours,0,0,e2e_ms,5.828128,recorder
20260829-105928_perlmutter_4caaa5c8,ours_l01_s1_gate_pv2_r2_wa_pfov2_noid_trace-a2e8ab_b8_k8_isolated,isolated,ours,0,1,e2e_ms,5.411776,recorder
20260829-105928_perlmutter_4caaa5c8,ours_l01_s1_gate_pv2_r2_wa_pfov2_noid_trace-a2e8ab_b8_k8_isolated,isolated,ours,0,2,e2e_ms,6.951168,recorder
20260829-105928_perlmutter_4caaa5c8,ours_l01_s1_gate_pv2_r2_wa_pfov2_noid_trace-a2e8ab_b8_k8_isolated,isolated,ours,0,3,e2e_ms,7.9784,recorder
20260829-105928_perlmutter_4caaa5c8,ours_l01_s1_gate_pv2_r2_wa_pfov2_noid_trace-a2e8ab_b8_k8_isolated,isolated,ours,0,4,e2e_ms,6.698752,recorder
20260829-105928_perlmutter_4caaa5c8,ours_l01_s1_gate_pv2_r2_wa_pfov2_noid_trace-a2e8ab_b8_k8_isolated,isolated,ours,0,5,e2e_ms,5.84544,recorder
20260829-105928_perlmutter_4caaa5c8,ours_l01_s1_gate_pv2_r2_wa_pfov2_noid_trace-a2e8ab_b8_k8_isolated,isolated,ours,0,6,e2e_ms,7.336352,recorder
20260829-105928_perlmutter_4caaa5c8,ours_l01_s1_gate_pv2_r2_wa_pfov2_noid_trace-a2e8ab_b8_k8_isolated,isolated,ours,0,7,e2e_ms,5.818848,recorder
20260829-105928_perlmutter_4caaa5c8,ours_l01_s1_gate_pv2_r2_wa_pfov2_noid_trace-a2e8ab_b8_k8_isolated,isolated,ours,0,8,e2e_ms,5.537408,recorder
20260829-105928_perlmutter_4caaa5c8,ours_l01_s1_gate_pv2_r2_wa_pfov2_noid_trace-a2e8ab_b8_k8_isolated,isolated,ours,0,9,e2e_ms,5.748288,recorder
20260829-105928_perlmutter_4caaa5c8,ours_l01_s1_gate_pv2_r2_wa_pfov2_noid_trace-a2e8ab_b8_k8_isolated,isolated,ours,0,0,l0_ms,2.613984,recorder
20260829-105928_perlmutter_4caaa5c8,ours_l01_s1_gate_pv2_r2_wa_pfov2_noid_trace-a2e8ab_b8_k8_isolated,isolated,ours,0,1,l0_ms,2.47632,recorder
20260829-105928_perlmutter_4caaa5c8,ours_l01_s1_gate_pv2_r2_wa_pfov2_noid_trace-a2e8ab_b8_k8_isolated,isolated,ours,0,2,l0_ms,3.80816,recorder
20260829-105928_perlmutter_4caaa5c8,ours_l01_s1_gate_pv2_r2_wa_pfov2_noid_trace-a2e8ab_b8_k8_isolated,isolated,ours,0,3,l0_ms,4.609792,recorder
20260829-105928_perlmutter_4caaa5c8,ours_l01_s1_gate_pv2_r2_wa_pfov2_noid_trace-a2e8ab_b8_k8_isolated,isolated,ours,0,4,l0_ms,3.572064,recorder
20260829-105928_perlmutter_4caaa5c8,ours_l01_s1_gate_pv2_r2_wa_pfov2_noid_trace-a2e8ab_b8_k8_isolated,isolated,ours,0,5,l0_ms,2.7744,recorder
20260829-105928_perlmutter_4caaa5c8,ours_l01_s1_gate_pv2_r2_wa_pfov2_noid_trace-a2e8ab_b8_k8_isolated,isolated,ours,0,6,l0_ms,4.004576,recorder
20260829-105928_perlmutter_4caaa5c8,ours_l01_s1_gate_pv2_r2_wa_pfov2_noid_trace-a2e8ab_b8_k8_isolated,isolated,ours,0,7,l0_ms,2.746464,recorder
20260829-105928_perlmutter_4caaa5c8,ours_l01_s1_gate_pv2_r2_wa_pfov2_noid_trace-a2e8ab_b8_k8_isolated,isolated,ours,0,8,l0_ms,2.526048,recorder
20260829-105928_perlmutter_4caaa5c8,ours_l01_s1_gate_pv2_r2_wa_pfov2_noid_trace-a2e8ab_b8_k8_isolated,isolated,ours,0,9,l0_ms,2.624672,recorder
20260829-105928_perlmutter_4caaa5c8,ours_l01_s1_gate_pv2_r2_wa_pfov2_noid_trace-a2e8ab_b8_k8_isolated,isolated,ours,0,0,act_ms,0.04896,recorder
20260829-105928_perlmutter_4caaa5c8,ours_l01_s1_gate_pv2_r2_wa_pfov2_noid_trace-a2e8ab_b8_k8_isolated,isolated,ours,0,1,act_ms,0.047328,recorder
20260829-105928_perlmutter_4caaa5c8,ours_l01_s1_gate_pv2_r2_wa_pfov2_noid_trace-a2e8ab_b8_k8_isolated,isolated,ours,0,2,act_ms,0.049568,recorder
20260829-105928_perlmutter_4caaa5c8,ours_l01_s1_gate_pv2_r2_wa_pfov2_noid_trace-a2e8ab_b8_k8_isolated,isolated,ours,0,3,act_ms,0.048192,recorder
20260829-105928_perlmutter_4caaa5c8,ours_l01_s1_gate_pv2_r2_wa_pfov2_noid_trace-a2e8ab_b8_k8_isolated,isolated,ours,0,4,act_ms,0.045952,recorder
20260829-105928_perlmutter_4caaa5c8,ours_l01_s1_gate_pv2_r2_wa_pfov2_noid_trace-a2e8ab_b8_k8_isolated,isolated,ours,0,5,act_ms,0.04576,recorder
20260829-105928_perlmutter_4caaa5c8,ours_l01_s1_gate_pv2_r2_wa_pfov2_noid_trace-a2e8ab_b8_k8_isolated,isolated,ours,0,6,act_ms,0.049312,recorder
20260829-105928_perlmutter_4caaa5c8,ours_l01_s1_gate_pv2_r2_wa_pfov2_noid_trace-a2e8ab_b8_k8_isolated,isolated,ours,0,7,act_ms,0.049504,recorder
20260829-105928_perlmutter_4caaa5c8,ours_l01_s1_gate_pv2_r2_wa_pfov2_noid_trace-a2e8ab_b8_k8_isolated,isolated,ours,0,8,act_ms,0.047616,recorder
20260829-105928_perlmutter_4caaa5c8,ours_l01_s1_gate_pv2_r2_wa_pfov2_noid_trace-a2e8ab_b8_k8_isolated,isolated,ours,0,9,act_ms,0.045952,recorder
20260829-105928_perlmutter_4caaa5c8,ours_l01_s1_gate_pv2_r2_wa_pfov2_noid_trace-a2e8ab_b8_k8_isolated,isolated,ours,0,0,l1_ms,3.165184,recorder
20260829-105928_perlmutter_4caaa5c8,ours_l01_s1_gate_pv2_r2_wa_pfov2_noid_trace-a2e8ab_b8_k8_isolated,isolated,ours,0,1,l1_ms,2.888128,recorder
20260829-105928_perlmutter_4caaa5c8,ours_l01_s1_gate_pv2_r2_wa_pfov2_noid_trace-a2e8ab_b8_k8_isolated,isolated,ours,0,2,l1_ms,3.09344,recorder
20260829-105928_perlmutter_4caaa5c8,ours_l01_s1_gate_pv2_r2_wa_pfov2_noid_trace-a2e8ab_b8_k8_isolated,isolated,ours,0,3,l1_ms,3.320416,recorder
20260829-105928_perlmutter_4caaa5c8,ours_l01_s1_gate_pv2_r2_wa_pfov2_noid_trace-a2e8ab_b8_k8_isolated,isolated,ours,0,4,l1_ms,3.080736,recorder
20260829-105928_perlmutter_4caaa5c8,ours_l01_s1_gate_pv2_r2_wa_pfov2_noid_trace-a2e8ab_b8_k8_isolated,isolated,ours,0,5,l1_ms,3.02528,recorder
20260829-105928_perlmutter_4caaa5c8,ours_l01_s1_gate_pv2_r2_wa_pfov2_noid_trace-a2e8ab_b8_k8_isolated,isolated,ours,0,6,l1_ms,3.282464,recorder
20260829-105928_perlmutter_4caaa5c8,ours_l01_s1_gate_pv2_r2_wa_pfov2_noid_trace-a2e8ab_b8_k8_isolated,isolated,ours,0,7,l1_ms,3.02288,recorder
20260829-105928_perlmutter_4caaa5c8,ours_l01_s1_gate_pv2_r2_wa_pfov2_noid_trace-a2e8ab_b8_k8_isolated,isolated,ours,0,8,l1_ms,2.963744,recorder
20260829-105928_perlmutter_4caaa5c8,ours_l01_s1_gate_pv2_r2_wa_pfov2_noid_trace-a2e8ab_b8_k8_isolated,isolated,ours,0,9,l1_ms,3.077664,recorder
20260829-105928_perlmutter_4caaa5c8,ours_l01_s1_gate_pv2_r2_wa_pfov2_noid_trace-a2e8ab_b8_k8_isolated,isolated,ours,0,0,plan_comm_ms,0.576384,recorder
20260829-105928_perlmutter_4caaa5c8,ours_l01_s1_gate_pv2_r2_wa_pfov2_noid_trace-a2e8ab_b8_k8_isolated,isolated,ours,0,1,plan_comm_ms,0.70064,recorder
20260829-105928_perlmutter_4caaa5c8,ours_l01_s1_gate_pv2_r2_wa_pfov2_noid_trace-a2e8ab_b8_k8_isolated,isolated,ours,0,2,plan_comm_ms,0.64752,recorder
20260829-105928_perlmutter_4caaa5c8,ours_l01_s1_gate_pv2_r2_wa_pfov2_noid_trace-a2e8ab_b8_k8_isolated,isolated,ours,0,3,plan_comm_ms,0.325952,recorder
20260829-105928_perlmutter_4caaa5c8,ours_l01_s1_gate_pv2_r2_wa_pfov2_noid_trace-a2e8ab_b8_k8_isolated,isolated,ours,0,4,plan_comm_ms,0.550752,recorder
20260829-105928_perlmutter_4caaa5c8,ours_l01_s1_gate_pv2_r2_wa_pfov2_noid_trace-a2e8ab_b8_k8_isolated,isolated,ours,0,5,plan_comm_ms,0.357376,recorder
20260829-105928_perlmutter_4caaa5c8,ours_l01_s1_gate_pv2_r2_wa_pfov2_noid_trace-a2e8ab_b8_k8_isolated,isolated,ours,0,6,plan_comm_ms,0.413312,recorder
20260829-105928_perlmutter_4caaa5c8,ours_l01_s1_gate_pv2_r2_wa_pfov2_noid_trace-a2e8ab_b8_k8_isolated,isolated,ours,0,7,plan_comm_ms,0.191808,recorder
20260829-105928_perlmutter_4caaa5c8,ours_l01_s1_gate_pv2_r2_wa_pfov2_noid_trace-a2e8ab_b8_k8_isolated,isolated,ours,0,8,plan_comm_ms,0.234016,recorder
20260829-105928_perlmutter_4caaa5c8,ours_l01_s1_gate_pv2_r2_wa_pfov2_noid_trace-a2e8ab_b8_k8_isolated,isolated,ours,0,9,plan_comm_ms,0.788896,recorder
20260829-105928_perlmutter_4caaa5c8,ours_l01_s1_gate_pv2_r2_wa_pfov2_noid_trace-a2e8ab_b8_k8_isolated,isolated,ours,0,0,place_ms,0.002336,recorder
20260829-105928_perlmutter_4caaa5c8,ours_l01_s1_gate_pv2_r2_wa_pfov2_noid_trace-a2e8ab_b8_k8_isolated,isolated,ours,0,1,place_ms,0.002368,recorder
20260829-105928_perlmutter_4caaa5c8,ours_l01_s1_gate_pv2_r2_wa_pfov2_noid_trace-a2e8ab_b8_k8_isolated,isolated,ours,0,2,place_ms,0.002368,recorder
20260829-105928_perlmutter_4caaa5c8,ours_l01_s1_gate_pv2_r2_wa_pfov2_noid_trace-a2e8ab_b8_k8_isolated,isolated,ours,0,3,place_ms,0.002336,recorder
20260829-105928_perlmutter_4caaa5c8,ours_l01_s1_gate_pv2_r2_wa_pfov2_noid_trace-a2e8ab_b8_k8_isolated,isolated,ours,0,4,place_ms,0.002368,recorder
20260829-105928_perlmutter_4caaa5c8,ours_l01_s1_gate_pv2_r2_wa_pfov2_noid_trace-a2e8ab_b8_k8_isolated,isolated,ours,0,5,place_ms,0.002368,recorder
20260829-105928_perlmutter_4caaa5c8,ours_l01_s1_gate_pv2_r2_wa_pfov2_noid_trace-a2e8ab_b8_k8_isolated,isolated,ours,0,6,place_ms,0.002336,recorder
20260829-105928_perlmutter_4caaa5c8,ours_l01_s1_gate_pv2_r2_wa_pfov2_noid_trace-a2e8ab_b8_k8_isolated,isolated,ours,0,7,place_ms,0.002368,recorder
20260829-105928_perlmutter_4caaa5c8,ours_l01_s1_gate_pv2_r2_wa_pfov2_noid_trace-a2e8ab_b8_k8_isolated,isolated,ours,0,8,place_ms,0.002336,recorder
20260829-105928_perlmutter_4caaa5c8,ours_l01_s1_gate_pv2_r2_wa_pfov2_noid_trace-a2e8ab_b8_k8_isolated,isolated,ours,0,9,place_ms,0.002368,recorder
20260829-105928_perlmutter_4caaa5c8,ours_l01_s1_gate_pv2_r2_wa_pfov2_noid_trace-a2e8ab_b8_k8_isolated,isolated,ours,0,0,plan_ms,0.941696,recorder
20260829-105928_perlmutter_4caaa5c8,ours_l01_s1_gate_pv2_r2_wa_pfov2_noid_trace-a2e8ab_b8_k8_isolated,isolated,ours,0,1,plan_ms,0.954112,recorder
20260829-105928_perlmutter_4caaa5c8,ours_l01_s1_gate_pv2_r2_wa_pfov2_noid_trace-a2e8ab_b8_k8_isolated,isolated,ours,0,2,plan_ms,0.933344,recorder
20260829-105928_perlmutter_4caaa5c8,ours_l01_s1_gate_pv2_r2_wa_pfov2_noid_trace-a2e8ab_b8_k8_isolated,isolated,ours,0,3,plan_ms,0.862496,recorder
20260829-105928_perlmutter_4caaa5c8,ours_l01_s1_gate_pv2_r2_wa_pfov2_noid_trace-a2e8ab_b8_k8_isolated,isolated,ours,0,4,plan_ms,0.94752,recorder
20260829-105928_perlmutter_4caaa5c8,ours_l01_s1_gate_pv2_r2_wa_pfov2_noid_trace-a2e8ab_b8_k8_isolated,isolated,ours,0,5,plan_ms,0.793856,recorder
20260829-105928_perlmutter_4caaa5c8,ours_l01_s1_gate_pv2_r2_wa_pfov2_noid_trace-a2e8ab_b8_k8_isolated,isolated,ours,0,6,plan_ms,1.078496,recorder
20260829-105928_perlmutter_4caaa5c8,ours_l01_s1_gate_pv2_r2_wa_pfov2_noid_trace-a2e8ab_b8_k8_isolated,isolated,ours,0,7,plan_ms,0.847744,recorder
20260829-105928_perlmutter_4caaa5c8,ours_l01_s1_gate_pv2_r2_wa_pfov2_noid_trace-a2e8ab_b8_k8_isolated,isolated,ours,0,8,plan_ms,0.84144,recorder
20260829-105928_perlmutter_4caaa5c8,ours_l01_s1_gate_pv2_r2_wa_pfov2_noid_trace-a2e8ab_b8_k8_isolated,isolated,ours,0,9,plan_ms,0.765184,recorder
20260829-105928_perlmutter_4caaa5c8,ours_l01_s1_gate_pv2_r2_wa_pfov2_noid_trace-a2e8ab_b8_k8_isolated,isolated,ours,0,0,total_ms,7.357792,recorder
20260829-105928_perlmutter_4caaa5c8,ours_l01_s1_gate_pv2_r2_wa_pfov2_noid_trace-a2e8ab_b8_k8_isolated,isolated,ours,0,1,total_ms,7.07888,recorder
20260829-105928_perlmutter_4caaa5c8,ours_l01_s1_gate_pv2_r2_wa_pfov2_noid_trace-a2e8ab_b8_k8_isolated,isolated,ours,0,2,total_ms,8.544192,recorder
20260829-105928_perlmutter_4caaa5c8,ours_l01_s1_gate_pv2_r2_wa_pfov2_noid_trace-a2e8ab_b8_k8_isolated,isolated,ours,0,3,total_ms,9.178848,recorder
20260829-105928_perlmutter_4caaa5c8,ours_l01_s1_gate_pv2_r2_wa_pfov2_noid_trace-a2e8ab_b8_k8_isolated,isolated,ours,0,4,total_ms,8.209984,recorder
20260829-105928_perlmutter_4caaa5c8,ours_l01_s1_gate_pv2_r2_wa_pfov2_noid_trace-a2e8ab_b8_k8_isolated,isolated,ours,0,5,total_ms,7.009312,recorder
20260829-105928_perlmutter_4caaa5c8,ours_l01_s1_gate_pv2_r2_wa_pfov2_noid_trace-a2e8ab_b8_k8_isolated,isolated,ours,0,6,total_ms,8.840064,recorder
20260829-105928_perlmutter_4caaa5c8,ours_l01_s1_gate_pv2_r2_wa_pfov2_noid_trace-a2e8ab_b8_k8_isolated,isolated,ours,0,7,total_ms,6.870624,recorder
20260829-105928_perlmutter_4caaa5c8,ours_l01_s1_gate_pv2_r2_wa_pfov2_noid_trace-a2e8ab_b8_k8_isolated,isolated,ours,0,8,total_ms,6.625312,recorder
20260829-105928_perlmutter_4caaa5c8,ours_l01_s1_gate_pv2_r2_wa_pfov2_noid_trace-a2e8ab_b8_k8_isolated,isolated,ours,0,9,total_ms,7.314176,recorder
20260829-105928_perlmutter_4caaa5c8,ours_l01_s1_gate_pv2_r2_wa_pfov2_noid_trace-a2e8ab_b8_k8_isolated,isolated,ours,0,0,iso_sync_ms,127.632024,recorder
20260829-105928_perlmutter_4caaa5c8,ours_l01_s1_gate_pv2_r2_wa_pfov2_noid_trace-a2e8ab_b8_k8_isolated,isolated,ours,0,1,iso_sync_ms,128.232736,recorder
20260829-105928_perlmutter_4caaa5c8,ours_l01_s1_gate_pv2_r2_wa_pfov2_noid_trace-a2e8ab_b8_k8_isolated,isolated,ours,0,2,iso_sync_ms,127.192373,recorder
20260829-105928_perlmutter_4caaa5c8,ours_l01_s1_gate_pv2_r2_wa_pfov2_noid_trace-a2e8ab_b8_k8_isolated,isolated,ours,0,3,iso_sync_ms,126.980183,recorder
20260829-105928_perlmutter_4caaa5c8,ours_l01_s1_gate_pv2_r2_wa_pfov2_noid_trace-a2e8ab_b8_k8_isolated,isolated,ours,0,4,iso_sync_ms,124.672398,recorder
20260829-105928_perlmutter_4caaa5c8,ours_l01_s1_gate_pv2_r2_wa_pfov2_noid_trace-a2e8ab_b8_k8_isolated,isolated,ours,0,5,iso_sync_ms,125.915192,recorder
20260829-105928_perlmutter_4caaa5c8,ours_l01_s1_gate_pv2_r2_wa_pfov2_noid_trace-a2e8ab_b8_k8_isolated,isolated,ours,0,6,iso_sync_ms,129.741375,recorder
20260829-105928_perlmutter_4caaa5c8,ours_l01_s1_gate_pv2_r2_wa_pfov2_noid_trace-a2e8ab_b8_k8_isolated,isolated,ours,0,7,iso_sync_ms,134.186034,recorder
20260829-105928_perlmutter_4caaa5c8,ours_l01_s1_gate_pv2_r2_wa_pfov2_noid_trace-a2e8ab_b8_k8_isolated,isolated,ours,0,8,iso_sync_ms,133.623575,recorder
20260829-105928_perlmutter_4caaa5c8,ours_l01_s1_gate_pv2_r2_wa_pfov2_noid_trace-a2e8ab_b8_k8_isolated,isolated,ours,0,9,iso_sync_ms,145.755948,recorder
20260829-105928_perlmutter_4caaa5c8,ours_l01_s1_gate_pv2_r2_wa_pfov2_noid_trace-a2e8ab_b8_k8_isolated,isolated,ours,1,0,e2e_ms,5.84304,recorder
20260829-105928_perlmutter_4caaa5c8,ours_l01_s1_gate_pv2_r2_wa_pfov2_noid_trace-a2e8ab_b8_k8_isolated,isolated,ours,1,1,e2e_ms,5.42496,recorder
20260829-105928_perlmutter_4caaa5c8,ours_l01_s1_gate_pv2_r2_wa_pfov2_noid_trace-a2e8ab_b8_k8_isolated,isolated,ours,1,2,e2e_ms,6.924608,recorder
20260829-105928_perlmutter_4caaa5c8,ours_l01_s1_gate_pv2_r2_wa_pfov2_noid_trace-a2e8ab_b8_k8_isolated,isolated,ours,1,3,e2e_ms,7.976992,recorder
20260829-105928_perlmutter_4caaa5c8,ours_l01_s1_gate_pv2_r2_wa_pfov2_noid_trace-a2e8ab_b8_k8_isolated,isolated,ours,1,4,e2e_ms,6.725664,recorder
20260829-105928_perlmutter_4caaa5c8,ours_l01_s1_gate_pv2_r2_wa_pfov2_noid_trace-a2e8ab_b8_k8_isolated,isolated,ours,1,5,e2e_ms,5.831072,recorder
20260829-105928_perlmutter_4caaa5c8,ours_l01_s1_gate_pv2_r2_wa_pfov2_noid_trace-a2e8ab_b8_k8_isolated,isolated,ours,1,6,e2e_ms,7.309024,recorder
20260829-105928_perlmutter_4caaa5c8,ours_l01_s1_gate_pv2_r2_wa_pfov2_noid_trace-a2e8ab_b8_k8_isolated,isolated,ours,1,7,e2e_ms,5.82464,recorder
20260829-105928_perlmutter_4caaa5c8,ours_l01_s1_gate_pv2_r2_wa_pfov2_noid_trace-a2e8ab_b8_k8_isolated,isolated,ours,1,8,e2e_ms,5.5424,recorder
20260829-105928_perlmutter_4caaa5c8,ours_l01_s1_gate_pv2_r2_wa_pfov2_noid_trace-a2e8ab_b8_k8_isolated,isolated,ours,1,9,e2e_ms,5.752448,recorder
20260829-105928_perlmutter_4caaa5c8,ours_l01_s1_gate_pv2_r2_wa_pfov2_noid_trace-a2e8ab_b8_k8_isolated,isolated,ours,1,0,l0_ms,2.615104,recorder
20260829-105928_perlmutter_4caaa5c8,ours_l01_s1_gate_pv2_r2_wa_pfov2_noid_trace-a2e8ab_b8_k8_isolated,isolated,ours,1,1,l0_ms,2.489216,recorder
20260829-105928_perlmutter_4caaa5c8,ours_l01_s1_gate_pv2_r2_wa_pfov2_noid_trace-a2e8ab_b8_k8_isolated,isolated,ours,1,2,l0_ms,3.782784,recorder
20260829-105928_perlmutter_4caaa5c8,ours_l01_s1_gate_pv2_r2_wa_pfov2_noid_trace-a2e8ab_b8_k8_isolated,isolated,ours,1,3,l0_ms,4.612992,recorder
20260829-105928_perlmutter_4caaa5c8,ours_l01_s1_gate_pv2_r2_wa_pfov2_noid_trace-a2e8ab_b8_k8_isolated,isolated,ours,1,4,l0_ms,3.59264,recorder
20260829-105928_perlmutter_4caaa5c8,ours_l01_s1_gate_pv2_r2_wa_pfov2_noid_trace-a2e8ab_b8_k8_isolated,isolated,ours,1,5,l0_ms,2.756288,recorder
20260829-105928_perlmutter_4caaa5c8,ours_l01_s1_gate_pv2_r2_wa_pfov2_noid_trace-a2e8ab_b8_k8_isolated,isolated,ours,1,6,l0_ms,3.976064,recorder
20260829-105928_perlmutter_4caaa5c8,ours_l01_s1_gate_pv2_r2_wa_pfov2_noid_trace-a2e8ab_b8_k8_isolated,isolated,ours,1,7,l0_ms,2.590048,recorder
20260829-105928_perlmutter_4caaa5c8,ours_l01_s1_gate_pv2_r2_wa_pfov2_noid_trace-a2e8ab_b8_k8_isolated,isolated,ours,1,8,l0_ms,2.514592,recorder
20260829-105928_perlmutter_4caaa5c8,ours_l01_s1_gate_pv2_r2_wa_pfov2_noid_trace-a2e8ab_b8_k8_isolated,isolated,ours,1,9,l0_ms,2.629792,recorder
20260829-105928_perlmutter_4caaa5c8,ours_l01_s1_gate_pv2_r2_wa_pfov2_noid_trace-a2e8ab_b8_k8_isolated,isolated,ours,1,0,act_ms,0.054912,recorder
20260829-105928_perlmutter_4caaa5c8,ours_l01_s1_gate_pv2_r2_wa_pfov2_noid_trace-a2e8ab_b8_k8_isolated,isolated,ours,1,1,act_ms,0.054752,recorder
20260829-105928_perlmutter_4caaa5c8,ours_l01_s1_gate_pv2_r2_wa_pfov2_noid_trace-a2e8ab_b8_k8_isolated,isolated,ours,1,2,act_ms,0.054176,recorder
20260829-105928_perlmutter_4caaa5c8,ours_l01_s1_gate_pv2_r2_wa_pfov2_noid_trace-a2e8ab_b8_k8_isolated,isolated,ours,1,3,act_ms,0.053632,recorder
20260829-105928_perlmutter_4caaa5c8,ours_l01_s1_gate_pv2_r2_wa_pfov2_noid_trace-a2e8ab_b8_k8_isolated,isolated,ours,1,4,act_ms,0.056288,recorder
20260829-105928_perlmutter_4caaa5c8,ours_l01_s1_gate_pv2_r2_wa_pfov2_noid_trace-a2e8ab_b8_k8_isolated,isolated,ours,1,5,act_ms,0.05472,recorder
20260829-105928_perlmutter_4caaa5c8,ours_l01_s1_gate_pv2_r2_wa_pfov2_noid_trace-a2e8ab_b8_k8_isolated,isolated,ours,1,6,act_ms,0.055328,recorder
20260829-105928_perlmutter_4caaa5c8,ours_l01_s1_gate_pv2_r2_wa_pfov2_noid_trace-a2e8ab_b8_k8_isolated,isolated,ours,1,7,act_ms,0.05632,recorder
20260829-105928_perlmutter_4caaa5c8,ours_l01_s1_gate_pv2_r2_wa_pfov2_noid_trace-a2e8ab_b8_k8_isolated,isolated,ours,1,8,act_ms,0.055616,recorder
20260829-105928_perlmutter_4caaa5c8,ours_l01_s1_gate_pv2_r2_wa_pfov2_noid_trace-a2e8ab_b8_k8_isolated,isolated,ours,1,9,act_ms,0.05616,recorder
20260829-105928_perlmutter_4caaa5c8,ours_l01_s1_gate_pv2_r2_wa_pfov2_noid_trace-a2e8ab_b8_k8_isolated,isolated,ours,1,0,l1_ms,3.173024,recorder
20260829-105928_perlmutter_4caaa5c8,ours_l01_s1_gate_pv2_r2_wa_pfov2_noid_trace-a2e8ab_b8_k8_isolated,isolated,ours,1,1,l1_ms,2.880992,recorder
20260829-105928_perlmutter_4caaa5c8,ours_l01_s1_gate_pv2_r2_wa_pfov2_noid_trace-a2e8ab_b8_k8_isolated,isolated,ours,1,2,l1_ms,3.087648,recorder
20260829-105928_perlmutter_4caaa5c8,ours_l01_s1_gate_pv2_r2_wa_pfov2_noid_trace-a2e8ab_b8_k8_isolated,isolated,ours,1,3,l1_ms,3.310368,recorder
20260829-105928_perlmutter_4caaa5c8,ours_l01_s1_gate_pv2_r2_wa_pfov2_noid_trace-a2e8ab_b8_k8_isolated,isolated,ours,1,4,l1_ms,3.076736,recorder
20260829-105928_perlmutter_4caaa5c8,ours_l01_s1_gate_pv2_r2_wa_pfov2_noid_trace-a2e8ab_b8_k8_isolated,isolated,ours,1,5,l1_ms,3.020064,recorder
20260829-105928_perlmutter_4caaa5c8,ours_l01_s1_gate_pv2_r2_wa_pfov2_noid_trace-a2e8ab_b8_k8_isolated,isolated,ours,1,6,l1_ms,3.277632,recorder
20260829-105928_perlmutter_4caaa5c8,ours_l01_s1_gate_pv2_r2_wa_pfov2_noid_trace-a2e8ab_b8_k8_isolated,isolated,ours,1,7,l1_ms,3.178272,recorder
20260829-105928_perlmutter_4caaa5c8,ours_l01_s1_gate_pv2_r2_wa_pfov2_noid_trace-a2e8ab_b8_k8_isolated,isolated,ours,1,8,l1_ms,2.972192,recorder
20260829-105928_perlmutter_4caaa5c8,ours_l01_s1_gate_pv2_r2_wa_pfov2_noid_trace-a2e8ab_b8_k8_isolated,isolated,ours,1,9,l1_ms,3.066496,recorder
20260829-105928_perlmutter_4caaa5c8,ours_l01_s1_gate_pv2_r2_wa_pfov2_noid_trace-a2e8ab_b8_k8_isolated,isolated,ours,1,0,plan_comm_ms,0.830464,recorder
20260829-105928_perlmutter_4caaa5c8,ours_l01_s1_gate_pv2_r2_wa_pfov2_noid_trace-a2e8ab_b8_k8_isolated,isolated,ours,1,1,plan_comm_ms,0.642816,recorder
20260829-105928_perlmutter_4caaa5c8,ours_l01_s1_gate_pv2_r2_wa_pfov2_noid_trace-a2e8ab_b8_k8_isolated,isolated,ours,1,2,plan_comm_ms,0.697408,recorder
20260829-105928_perlmutter_4caaa5c8,ours_l01_s1_gate_pv2_r2_wa_pfov2_noid_trace-a2e8ab_b8_k8_isolated,isolated,ours,1,3,plan_comm_ms,0.3424,recorder
20260829-105928_perlmutter_4caaa5c8,ours_l01_s1_gate_pv2_r2_wa_pfov2_noid_trace-a2e8ab_b8_k8_isolated,isolated,ours,1,4,plan_comm_ms,0.568512,recorder
20260829-105928_perlmutter_4caaa5c8,ours_l01_s1_gate_pv2_r2_wa_pfov2_noid_trace-a2e8ab_b8_k8_isolated,isolated,ours,1,5,plan_comm_ms,0.344448,recorder
20260829-105928_perlmutter_4caaa5c8,ours_l01_s1_gate_pv2_r2_wa_pfov2_noid_trace-a2e8ab_b8_k8_isolated,isolated,ours,1,6,plan_comm_ms,0.224992,recorder
20260829-105928_perlmutter_4caaa5c8,ours_l01_s1_gate_pv2_r2_wa_pfov2_noid_trace-a2e8ab_b8_k8_isolated,isolated,ours,1,7,plan_comm_ms,0.183008,recorder
20260829-105928_perlmutter_4caaa5c8,ours_l01_s1_gate_pv2_r2_wa_pfov2_noid_trace-a2e8ab_b8_k8_isolated,isolated,ours,1,8,plan_comm_ms,0.220416,recorder
20260829-105928_perlmutter_4caaa5c8,ours_l01_s1_gate_pv2_r2_wa_pfov2_noid_trace-a2e8ab_b8_k8_isolated,isolated,ours,1,9,plan_comm_ms,0.772704,recorder
20260829-105928_perlmutter_4caaa5c8,ours_l01_s1_gate_pv2_r2_wa_pfov2_noid_trace-a2e8ab_b8_k8_isolated,isolated,ours,1,0,place_ms,0.002304,recorder
20260829-105928_perlmutter_4caaa5c8,ours_l01_s1_gate_pv2_r2_wa_pfov2_noid_trace-a2e8ab_b8_k8_isolated,isolated,ours,1,1,place_ms,0.002304,recorder
20260829-105928_perlmutter_4caaa5c8,ours_l01_s1_gate_pv2_r2_wa_pfov2_noid_trace-a2e8ab_b8_k8_isolated,isolated,ours,1,2,place_ms,0.002304,recorder
20260829-105928_perlmutter_4caaa5c8,ours_l01_s1_gate_pv2_r2_wa_pfov2_noid_trace-a2e8ab_b8_k8_isolated,isolated,ours,1,3,place_ms,0.002656,recorder
20260829-105928_perlmutter_4caaa5c8,ours_l01_s1_gate_pv2_r2_wa_pfov2_noid_trace-a2e8ab_b8_k8_isolated,isolated,ours,1,4,place_ms,0.002528,recorder
20260829-105928_perlmutter_4caaa5c8,ours_l01_s1_gate_pv2_r2_wa_pfov2_noid_trace-a2e8ab_b8_k8_isolated,isolated,ours,1,5,place_ms,0.002336,recorder
20260829-105928_perlmutter_4caaa5c8,ours_l01_s1_gate_pv2_r2_wa_pfov2_noid_trace-a2e8ab_b8_k8_isolated,isolated,ours,1,6,place_ms,0.01328,recorder
20260829-105928_perlmutter_4caaa5c8,ours_l01_s1_gate_pv2_r2_wa_pfov2_noid_trace-a2e8ab_b8_k8_isolated,isolated,ours,1,7,place_ms,0.002304,recorder
20260829-105928_perlmutter_4caaa5c8,ours_l01_s1_gate_pv2_r2_wa_pfov2_noid_trace-a2e8ab_b8_k8_isolated,isolated,ours,1,8,place_ms,0.002464,recorder
20260829-105928_perlmutter_4caaa5c8,ours_l01_s1_gate_pv2_r2_wa_pfov2_noid_trace-a2e8ab_b8_k8_isolated,isolated,ours,1,9,place_ms,0.002304,recorder
20260829-105928_perlmutter_4caaa5c8,ours_l01_s1_gate_pv2_r2_wa_pfov2_noid_trace-a2e8ab_b8_k8_isolated,isolated,ours,1,0,plan_ms,0.930592,recorder
20260829-105928_perlmutter_4caaa5c8,ours_l01_s1_gate_pv2_r2_wa_pfov2_noid_trace-a2e8ab_b8_k8_isolated,isolated,ours,1,1,plan_ms,0.944832,recorder
20260829-105928_perlmutter_4caaa5c8,ours_l01_s1_gate_pv2_r2_wa_pfov2_noid_trace-a2e8ab_b8_k8_isolated,isolated,ours,1,2,plan_ms,0.960928,recorder
20260829-105928_perlmutter_4caaa5c8,ours_l01_s1_gate_pv2_r2_wa_pfov2_noid_trace-a2e8ab_b8_k8_isolated,isolated,ours,1,3,plan_ms,0.864928,recorder
20260829-105928_perlmutter_4caaa5c8,ours_l01_s1_gate_pv2_r2_wa_pfov2_noid_trace-a2e8ab_b8_k8_isolated,isolated,ours,1,4,plan_ms,0.930176,recorder
20260829-105928_perlmutter_4caaa5c8,ours_l01_s1_gate_pv2_r2_wa_pfov2_noid_trace-a2e8ab_b8_k8_isolated,isolated,ours,1,5,plan_ms,0.81728,recorder
20260829-105928_perlmutter_4caaa5c8,ours_l01_s1_gate_pv2_r2_wa_pfov2_noid_trace-a2e8ab_b8_k8_isolated,isolated,ours,1,6,plan_ms,1.058368,recorder
20260829-105928_perlmutter_4caaa5c8,ours_l01_s1_gate_pv2_r2_wa_pfov2_noid_trace-a2e8ab_b8_k8_isolated,isolated,ours,1,7,plan_ms,0.853408,recorder
20260829-105928_perlmutter_4caaa5c8,ours_l01_s1_gate_pv2_r2_wa_pfov2_noid_trace-a2e8ab_b8_k8_isolated,isolated,ours,1,8,plan_ms,0.868288,recorder
20260829-105928_perlmutter_4caaa5c8,ours_l01_s1_gate_pv2_r2_wa_pfov2_noid_trace-a2e8ab_b8_k8_isolated,isolated,ours,1,9,plan_ms,0.769184,recorder
20260829-105928_perlmutter_4caaa5c8,ours_l01_s1_gate_pv2_r2_wa_pfov2_noid_trace-a2e8ab_b8_k8_isolated,isolated,ours,1,0,total_ms,7.616192,recorder
20260829-105928_perlmutter_4caaa5c8,ours_l01_s1_gate_pv2_r2_wa_pfov2_noid_trace-a2e8ab_b8_k8_isolated,isolated,ours,1,1,total_ms,7.029888,recorder
20260829-105928_perlmutter_4caaa5c8,ours_l01_s1_gate_pv2_r2_wa_pfov2_noid_trace-a2e8ab_b8_k8_isolated,isolated,ours,1,2,total_ms,8.599744,recorder
20260829-105928_perlmutter_4caaa5c8,ours_l01_s1_gate_pv2_r2_wa_pfov2_noid_trace-a2e8ab_b8_k8_isolated,isolated,ours,1,3,total_ms,9.19728,recorder
20260829-105928_perlmutter_4caaa5c8,ours_l01_s1_gate_pv2_r2_wa_pfov2_noid_trace-a2e8ab_b8_k8_isolated,isolated,ours,1,4,total_ms,8.236128,recorder
20260829-105928_perlmutter_4caaa5c8,ours_l01_s1_gate_pv2_r2_wa_pfov2_noid_trace-a2e8ab_b8_k8_isolated,isolated,ours,1,5,total_ms,7.0056,recorder
20260829-105928_perlmutter_4caaa5c8,ours_l01_s1_gate_pv2_r2_wa_pfov2_noid_trace-a2e8ab_b8_k8_isolated,isolated,ours,1,6,total_ms,8.61616,recorder
20260829-105928_perlmutter_4caaa5c8,ours_l01_s1_gate_pv2_r2_wa_pfov2_noid_trace-a2e8ab_b8_k8_isolated,isolated,ours,1,7,total_ms,6.873184,recorder
20260829-105928_perlmutter_4caaa5c8,ours_l01_s1_gate_pv2_r2_wa_pfov2_noid_trace-a2e8ab_b8_k8_isolated,isolated,ours,1,8,total_ms,6.643104,recorder
20260829-105928_perlmutter_4caaa5c8,ours_l01_s1_gate_pv2_r2_wa_pfov2_noid_trace-a2e8ab_b8_k8_isolated,isolated,ours,1,9,total_ms,7.306752,recorder
20260829-105928_perlmutter_4caaa5c8,ours_l01_s1_gate_pv2_r2_wa_pfov2_noid_trace-a2e8ab_b8_k8_isolated,isolated,ours,1,0,iso_sync_ms,126.431091,recorder
20260829-105928_perlmutter_4caaa5c8,ours_l01_s1_gate_pv2_r2_wa_pfov2_noid_trace-a2e8ab_b8_k8_isolated,isolated,ours,1,1,iso_sync_ms,125.535337,recorder
20260829-105928_perlmutter_4caaa5c8,ours_l01_s1_gate_pv2_r2_wa_pfov2_noid_trace-a2e8ab_b8_k8_isolated,isolated,ours,1,2,iso_sync_ms,124.131582,recorder
20260829-105928_perlmutter_4caaa5c8,ours_l01_s1_gate_pv2_r2_wa_pfov2_noid_trace-a2e8ab_b8_k8_isolated,isolated,ours,1,3,iso_sync_ms,126.418927,recorder
20260829-105928_perlmutter_4caaa5c8,ours_l01_s1_gate_pv2_r2_wa_pfov2_noid_trace-a2e8ab_b8_k8_isolated,isolated,ours,1,4,iso_sync_ms,125.309891,recorder
20260829-105928_perlmutter_4caaa5c8,ours_l01_s1_gate_pv2_r2_wa_pfov2_noid_trace-a2e8ab_b8_k8_isolated,isolated,ours,1,5,iso_sync_ms,127.418039,recorder
20260829-105928_perlmutter_4caaa5c8,ours_l01_s1_gate_pv2_r2_wa_pfov2_noid_trace-a2e8ab_b8_k8_isolated,isolated,ours,1,6,iso_sync_ms,109.395121,recorder
20260829-105928_perlmutter_4caaa5c8,ours_l01_s1_gate_pv2_r2_wa_pfov2_noid_trace-a2e8ab_b8_k8_isolated,isolated,ours,1,7,iso_sync_ms,118.544162,recorder
20260829-105928_perlmutter_4caaa5c8,ours_l01_s1_gate_pv2_r2_wa_pfov2_noid_trace-a2e8ab_b8_k8_isolated,isolated,ours,1,8,iso_sync_ms,127.321573,recorder
20260829-105928_perlmutter_4caaa5c8,ours_l01_s1_gate_pv2_r2_wa_pfov2_noid_trace-a2e8ab_b8_k8_isolated,isolated,ours,1,9,iso_sync_ms,126.062487,recorder
20260829-105928_perlmutter_4caaa5c8,ours_l01_s1_gate_pv2_r2_wa_pfov2_noid_trace-a2e8ab_b8_k8_isolated,isolated,ours,2,0,e2e_ms,5.840352,recorder
20260829-105928_perlmutter_4caaa5c8,ours_l01_s1_gate_pv2_r2_wa_pfov2_noid_trace-a2e8ab_b8_k8_isolated,isolated,ours,2,1,e2e_ms,5.422688,recorder
20260829-105928_perlmutter_4caaa5c8,ours_l01_s1_gate_pv2_r2_wa_pfov2_noid_trace-a2e8ab_b8_k8_isolated,isolated,ours,2,2,e2e_ms,6.983552,recorder
20260829-105928_perlmutter_4caaa5c8,ours_l01_s1_gate_pv2_r2_wa_pfov2_noid_trace-a2e8ab_b8_k8_isolated,isolated,ours,2,3,e2e_ms,7.978624,recorder
20260829-105928_perlmutter_4caaa5c8,ours_l01_s1_gate_pv2_r2_wa_pfov2_noid_trace-a2e8ab_b8_k8_isolated,isolated,ours,2,4,e2e_ms,6.730848,recorder
20260829-105928_perlmutter_4caaa5c8,ours_l01_s1_gate_pv2_r2_wa_pfov2_noid_trace-a2e8ab_b8_k8_isolated,isolated,ours,2,5,e2e_ms,5.872096,recorder
20260829-105928_perlmutter_4caaa5c8,ours_l01_s1_gate_pv2_r2_wa_pfov2_noid_trace-a2e8ab_b8_k8_isolated,isolated,ours,2,6,e2e_ms,7.373824,recorder
20260829-105928_perlmutter_4caaa5c8,ours_l01_s1_gate_pv2_r2_wa_pfov2_noid_trace-a2e8ab_b8_k8_isolated,isolated,ours,2,7,e2e_ms,5.831008,recorder
20260829-105928_perlmutter_4caaa5c8,ours_l01_s1_gate_pv2_r2_wa_pfov2_noid_trace-a2e8ab_b8_k8_isolated,isolated,ours,2,8,e2e_ms,5.570016,recorder
20260829-105928_perlmutter_4caaa5c8,ours_l01_s1_gate_pv2_r2_wa_pfov2_noid_trace-a2e8ab_b8_k8_isolated,isolated,ours,2,9,e2e_ms,5.75168,recorder
20260829-105928_perlmutter_4caaa5c8,ours_l01_s1_gate_pv2_r2_wa_pfov2_noid_trace-a2e8ab_b8_k8_isolated,isolated,ours,2,0,l0_ms,2.612672,recorder
20260829-105928_perlmutter_4caaa5c8,ours_l01_s1_gate_pv2_r2_wa_pfov2_noid_trace-a2e8ab_b8_k8_isolated,isolated,ours,2,1,l0_ms,2.446528,recorder
20260829-105928_perlmutter_4caaa5c8,ours_l01_s1_gate_pv2_r2_wa_pfov2_noid_trace-a2e8ab_b8_k8_isolated,isolated,ours,2,2,l0_ms,3.815776,recorder
20260829-105928_perlmutter_4caaa5c8,ours_l01_s1_gate_pv2_r2_wa_pfov2_noid_trace-a2e8ab_b8_k8_isolated,isolated,ours,2,3,l0_ms,4.452768,recorder
20260829-105928_perlmutter_4caaa5c8,ours_l01_s1_gate_pv2_r2_wa_pfov2_noid_trace-a2e8ab_b8_k8_isolated,isolated,ours,2,4,l0_ms,3.57568,recorder
20260829-105928_perlmutter_4caaa5c8,ours_l01_s1_gate_pv2_r2_wa_pfov2_noid_trace-a2e8ab_b8_k8_isolated,isolated,ours,2,5,l0_ms,2.781888,recorder
20260829-105928_perlmutter_4caaa5c8,ours_l01_s1_gate_pv2_r2_wa_pfov2_noid_trace-a2e8ab_b8_k8_isolated,isolated,ours,2,6,l0_ms,4.068416,recorder
20260829-105928_perlmutter_4caaa5c8,ours_l01_s1_gate_pv2_r2_wa_pfov2_noid_trace-a2e8ab_b8_k8_isolated,isolated,ours,2,7,l0_ms,2.626784,recorder
20260829-105928_perlmutter_4caaa5c8,ours_l01_s1_gate_pv2_r2_wa_pfov2_noid_trace-a2e8ab_b8_k8_isolated,isolated,ours,2,8,l0_ms,2.45536,recorder
20260829-105928_perlmutter_4caaa5c8,ours_l01_s1_gate_pv2_r2_wa_pfov2_noid_trace-a2e8ab_b8_k8_isolated,isolated,ours,2,9,l0_ms,2.627776,recorder
20260829-105928_perlmutter_4caaa5c8,ours_l01_s1_gate_pv2_r2_wa_pfov2_noid_trace-a2e8ab_b8_k8_isolated,isolated,ours,2,0,act_ms,0.055616,recorder
20260829-105928_perlmutter_4caaa5c8,ours_l01_s1_gate_pv2_r2_wa_pfov2_noid_trace-a2e8ab_b8_k8_isolated,isolated,ours,2,1,act_ms,0.055744,recorder
20260829-105928_perlmutter_4caaa5c8,ours_l01_s1_gate_pv2_r2_wa_pfov2_noid_trace-a2e8ab_b8_k8_isolated,isolated,ours,2,2,act_ms,0.054784,recorder
20260829-105928_perlmutter_4caaa5c8,ours_l01_s1_gate_pv2_r2_wa_pfov2_noid_trace-a2e8ab_b8_k8_isolated,isolated,ours,2,3,act_ms,0.055904,recorder
20260829-105928_perlmutter_4caaa5c8,ours_l01_s1_gate_pv2_r2_wa_pfov2_noid_trace-a2e8ab_b8_k8_isolated,isolated,ours,2,4,act_ms,0.054848,recorder
20260829-105928_perlmutter_4caaa5c8,ours_l01_s1_gate_pv2_r2_wa_pfov2_noid_trace-a2e8ab_b8_k8_isolated,isolated,ours,2,5,act_ms,0.05584,recorder
20260829-105928_perlmutter_4caaa5c8,ours_l01_s1_gate_pv2_r2_wa_pfov2_noid_trace-a2e8ab_b8_k8_isolated,isolated,ours,2,6,act_ms,0.055008,recorder
20260829-105928_perlmutter_4caaa5c8,ours_l01_s1_gate_pv2_r2_wa_pfov2_noid_trace-a2e8ab_b8_k8_isolated,isolated,ours,2,7,act_ms,0.052672,recorder
20260829-105928_perlmutter_4caaa5c8,ours_l01_s1_gate_pv2_r2_wa_pfov2_noid_trace-a2e8ab_b8_k8_isolated,isolated,ours,2,8,act_ms,0.054176,recorder
20260829-105928_perlmutter_4caaa5c8,ours_l01_s1_gate_pv2_r2_wa_pfov2_noid_trace-a2e8ab_b8_k8_isolated,isolated,ours,2,9,act_ms,0.056064,recorder
20260829-105928_perlmutter_4caaa5c8,ours_l01_s1_gate_pv2_r2_wa_pfov2_noid_trace-a2e8ab_b8_k8_isolated,isolated,ours,2,0,l1_ms,3.172064,recorder
20260829-105928_perlmutter_4caaa5c8,ours_l01_s1_gate_pv2_r2_wa_pfov2_noid_trace-a2e8ab_b8_k8_isolated,isolated,ours,2,1,l1_ms,2.920416,recorder
20260829-105928_perlmutter_4caaa5c8,ours_l01_s1_gate_pv2_r2_wa_pfov2_noid_trace-a2e8ab_b8_k8_isolated,isolated,ours,2,2,l1_ms,3.112992,recorder
20260829-105928_perlmutter_4caaa5c8,ours_l01_s1_gate_pv2_r2_wa_pfov2_noid_trace-a2e8ab_b8_k8_isolated,isolated,ours,2,3,l1_ms,3.469952,recorder
20260829-105928_perlmutter_4caaa5c8,ours_l01_s1_gate_pv2_r2_wa_pfov2_noid_trace-a2e8ab_b8_k8_isolated,isolated,ours,2,4,l1_ms,3.10032,recorder
20260829-105928_perlmutter_4caaa5c8,ours_l01_s1_gate_pv2_r2_wa_pfov2_noid_trace-a2e8ab_b8_k8_isolated,isolated,ours,2,5,l1_ms,3.034368,recorder
20260829-105928_perlmutter_4caaa5c8,ours_l01_s1_gate_pv2_r2_wa_pfov2_noid_trace-a2e8ab_b8_k8_isolated,isolated,ours,2,6,l1_ms,3.2504,recorder
20260829-105928_perlmutter_4caaa5c8,ours_l01_s1_gate_pv2_r2_wa_pfov2_noid_trace-a2e8ab_b8_k8_isolated,isolated,ours,2,7,l1_ms,3.151552,recorder
20260829-105928_perlmutter_4caaa5c8,ours_l01_s1_gate_pv2_r2_wa_pfov2_noid_trace-a2e8ab_b8_k8_isolated,isolated,ours,2,8,l1_ms,3.06048,recorder
20260829-105928_perlmutter_4caaa5c8,ours_l01_s1_gate_pv2_r2_wa_pfov2_noid_trace-a2e8ab_b8_k8_isolated,isolated,ours,2,9,l1_ms,3.06784,recorder
20260829-105928_perlmutter_4caaa5c8,ours_l01_s1_gate_pv2_r2_wa_pfov2_noid_trace-a2e8ab_b8_k8_isolated,isolated,ours,2,0,plan_comm_ms,0.785824,recorder
20260829-105928_perlmutter_4caaa5c8,ours_l01_s1_gate_pv2_r2_wa_pfov2_noid_trace-a2e8ab_b8_k8_isolated,isolated,ours,2,1,plan_comm_ms,0.711552,recorder
20260829-105928_perlmutter_4caaa5c8,ours_l01_s1_gate_pv2_r2_wa_pfov2_noid_trace-a2e8ab_b8_k8_isolated,isolated,ours,2,2,plan_comm_ms,0.688128,recorder
20260829-105928_perlmutter_4caaa5c8,ours_l01_s1_gate_pv2_r2_wa_pfov2_noid_trace-a2e8ab_b8_k8_isolated,isolated,ours,2,3,plan_comm_ms,0.334688,recorder
20260829-105928_perlmutter_4caaa5c8,ours_l01_s1_gate_pv2_r2_wa_pfov2_noid_trace-a2e8ab_b8_k8_isolated,isolated,ours,2,4,plan_comm_ms,0.569312,recorder
20260829-105928_perlmutter_4caaa5c8,ours_l01_s1_gate_pv2_r2_wa_pfov2_noid_trace-a2e8ab_b8_k8_isolated,isolated,ours,2,5,plan_comm_ms,0.3208,recorder
20260829-105928_perlmutter_4caaa5c8,ours_l01_s1_gate_pv2_r2_wa_pfov2_noid_trace-a2e8ab_b8_k8_isolated,isolated,ours,2,6,plan_comm_ms,0.390496,recorder
20260829-105928_perlmutter_4caaa5c8,ours_l01_s1_gate_pv2_r2_wa_pfov2_noid_trace-a2e8ab_b8_k8_isolated,isolated,ours,2,7,plan_comm_ms,0.18384,recorder
20260829-105928_perlmutter_4caaa5c8,ours_l01_s1_gate_pv2_r2_wa_pfov2_noid_trace-a2e8ab_b8_k8_isolated,isolated,ours,2,8,plan_comm_ms,0.220192,recorder
20260829-105928_perlmutter_4caaa5c8,ours_l01_s1_gate_pv2_r2_wa_pfov2_noid_trace-a2e8ab_b8_k8_isolated,isolated,ours,2,9,plan_comm_ms,0.775488,recorder
20260829-105928_perlmutter_4caaa5c8,ours_l01_s1_gate_pv2_r2_wa_pfov2_noid_trace-a2e8ab_b8_k8_isolated,isolated,ours,2,0,place_ms,0.002336,recorder
20260829-105928_perlmutter_4caaa5c8,ours_l01_s1_gate_pv2_r2_wa_pfov2_noid_trace-a2e8ab_b8_k8_isolated,isolated,ours,2,1,place_ms,0.002336,recorder
20260829-105928_perlmutter_4caaa5c8,ours_l01_s1_gate_pv2_r2_wa_pfov2_noid_trace-a2e8ab_b8_k8_isolated,isolated,ours,2,2,place_ms,0.002368,recorder
20260829-105928_perlmutter_4caaa5c8,ours_l01_s1_gate_pv2_r2_wa_pfov2_noid_trace-a2e8ab_b8_k8_isolated,isolated,ours,2,3,place_ms,0.002368,recorder
20260829-105928_perlmutter_4caaa5c8,ours_l01_s1_gate_pv2_r2_wa_pfov2_noid_trace-a2e8ab_b8_k8_isolated,isolated,ours,2,4,place_ms,0.002336,recorder
20260829-105928_perlmutter_4caaa5c8,ours_l01_s1_gate_pv2_r2_wa_pfov2_noid_trace-a2e8ab_b8_k8_isolated,isolated,ours,2,5,place_ms,0.002368,recorder
20260829-105928_perlmutter_4caaa5c8,ours_l01_s1_gate_pv2_r2_wa_pfov2_noid_trace-a2e8ab_b8_k8_isolated,isolated,ours,2,6,place_ms,0.002368,recorder
20260829-105928_perlmutter_4caaa5c8,ours_l01_s1_gate_pv2_r2_wa_pfov2_noid_trace-a2e8ab_b8_k8_isolated,isolated,ours,2,7,place_ms,0.002368,recorder
20260829-105928_perlmutter_4caaa5c8,ours_l01_s1_gate_pv2_r2_wa_pfov2_noid_trace-a2e8ab_b8_k8_isolated,isolated,ours,2,8,place_ms,0.002336,recorder
20260829-105928_perlmutter_4caaa5c8,ours_l01_s1_gate_pv2_r2_wa_pfov2_noid_trace-a2e8ab_b8_k8_isolated,isolated,ours,2,9,place_ms,0.002368,recorder
20260829-105928_perlmutter_4caaa5c8,ours_l01_s1_gate_pv2_r2_wa_pfov2_noid_trace-a2e8ab_b8_k8_isolated,isolated,ours,2,0,plan_ms,0.94144,recorder
20260829-105928_perlmutter_4caaa5c8,ours_l01_s1_gate_pv2_r2_wa_pfov2_noid_trace-a2e8ab_b8_k8_isolated,isolated,ours,2,1,plan_ms,0.954464,recorder
20260829-105928_perlmutter_4caaa5c8,ours_l01_s1_gate_pv2_r2_wa_pfov2_noid_trace-a2e8ab_b8_k8_isolated,isolated,ours,2,2,plan_ms,0.934976,recorder
20260829-105928_perlmutter_4caaa5c8,ours_l01_s1_gate_pv2_r2_wa_pfov2_noid_trace-a2e8ab_b8_k8_isolated,isolated,ours,2,3,plan_ms,0.879296,recorder
20260829-105928_perlmutter_4caaa5c8,ours_l01_s1_gate_pv2_r2_wa_pfov2_noid_trace-a2e8ab_b8_k8_isolated,isolated,ours,2,4,plan_ms,0.951936,recorder
20260829-105928_perlmutter_4caaa5c8,ours_l01_s1_gate_pv2_r2_wa_pfov2_noid_trace-a2e8ab_b8_k8_isolated,isolated,ours,2,5,plan_ms,0.801344,recorder
20260829-105928_perlmutter_4caaa5c8,ours_l01_s1_gate_pv2_r2_wa_pfov2_noid_trace-a2e8ab_b8_k8_isolated,isolated,ours,2,6,plan_ms,1.06368,recorder
20260829-105928_perlmutter_4caaa5c8,ours_l01_s1_gate_pv2_r2_wa_pfov2_noid_trace-a2e8ab_b8_k8_isolated,isolated,ours,2,7,plan_ms,0.855616,recorder
20260829-105928_perlmutter_4caaa5c8,ours_l01_s1_gate_pv2_r2_wa_pfov2_noid_trace-a2e8ab_b8_k8_isolated,isolated,ours,2,8,plan_ms,0.849632,recorder
20260829-105928_perlmutter_4caaa5c8,ours_l01_s1_gate_pv2_r2_wa_pfov2_noid_trace-a2e8ab_b8_k8_isolated,isolated,ours,2,9,plan_ms,0.777472,recorder
20260829-105928_perlmutter_4caaa5c8,ours_l01_s1_gate_pv2_r2_wa_pfov2_noid_trace-a2e8ab_b8_k8_isolated,isolated,ours,2,0,total_ms,7.579424,recorder
20260829-105928_perlmutter_4caaa5c8,ours_l01_s1_gate_pv2_r2_wa_pfov2_noid_trace-a2e8ab_b8_k8_isolated,isolated,ours,2,1,total_ms,7.10016,recorder
20260829-105928_perlmutter_4caaa5c8,ours_l01_s1_gate_pv2_r2_wa_pfov2_noid_trace-a2e8ab_b8_k8_isolated,isolated,ours,2,2,total_ms,8.619136,recorder
20260829-105928_perlmutter_4caaa5c8,ours_l01_s1_gate_pv2_r2_wa_pfov2_noid_trace-a2e8ab_b8_k8_isolated,isolated,ours,2,3,total_ms,9.204704,recorder
20260829-105928_perlmutter_4caaa5c8,ours_l01_s1_gate_pv2_r2_wa_pfov2_noid_trace-a2e8ab_b8_k8_isolated,isolated,ours,2,4,total_ms,8.264256,recorder
20260829-105928_perlmutter_4caaa5c8,ours_l01_s1_gate_pv2_r2_wa_pfov2_noid_trace-a2e8ab_b8_k8_isolated,isolated,ours,2,5,total_ms,7.006624,recorder
20260829-105928_perlmutter_4caaa5c8,ours_l01_s1_gate_pv2_r2_wa_pfov2_noid_trace-a2e8ab_b8_k8_isolated,isolated,ours,2,6,total_ms,8.839776,recorder
20260829-105928_perlmutter_4caaa5c8,ours_l01_s1_gate_pv2_r2_wa_pfov2_noid_trace-a2e8ab_b8_k8_isolated,isolated,ours,2,7,total_ms,6.883168,recorder
20260829-105928_perlmutter_4caaa5c8,ours_l01_s1_gate_pv2_r2_wa_pfov2_noid_trace-a2e8ab_b8_k8_isolated,isolated,ours,2,8,total_ms,6.652096,recorder
20260829-105928_perlmutter_4caaa5c8,ours_l01_s1_gate_pv2_r2_wa_pfov2_noid_trace-a2e8ab_b8_k8_isolated,isolated,ours,2,9,total_ms,7.317216,recorder
20260829-105928_perlmutter_4caaa5c8,ours_l01_s1_gate_pv2_r2_wa_pfov2_noid_trace-a2e8ab_b8_k8_isolated,isolated,ours,2,0,iso_sync_ms,130.151738,recorder
20260829-105928_perlmutter_4caaa5c8,ours_l01_s1_gate_pv2_r2_wa_pfov2_noid_trace-a2e8ab_b8_k8_isolated,isolated,ours,2,1,iso_sync_ms,131.184697,recorder
20260829-105928_perlmutter_4caaa5c8,ours_l01_s1_gate_pv2_r2_wa_pfov2_noid_trace-a2e8ab_b8_k8_isolated,isolated,ours,2,2,iso_sync_ms,130.988037,recorder
20260829-105928_perlmutter_4caaa5c8,ours_l01_s1_gate_pv2_r2_wa_pfov2_noid_trace-a2e8ab_b8_k8_isolated,isolated,ours,2,3,iso_sync_ms,130.076182,recorder
20260829-105928_perlmutter_4caaa5c8,ours_l01_s1_gate_pv2_r2_wa_pfov2_noid_trace-a2e8ab_b8_k8_isolated,isolated,ours,2,4,iso_sync_ms,133.278127,recorder
20260829-105928_perlmutter_4caaa5c8,ours_l01_s1_gate_pv2_r2_wa_pfov2_noid_trace-a2e8ab_b8_k8_isolated,isolated,ours,2,5,iso_sync_ms,126.755448,recorder
20260829-105928_perlmutter_4caaa5c8,ours_l01_s1_gate_pv2_r2_wa_pfov2_noid_trace-a2e8ab_b8_k8_isolated,isolated,ours,2,6,iso_sync_ms,132.229528,recorder
20260829-105928_perlmutter_4caaa5c8,ours_l01_s1_gate_pv2_r2_wa_pfov2_noid_trace-a2e8ab_b8_k8_isolated,isolated,ours,2,7,iso_sync_ms,135.494114,recorder
20260829-105928_perlmutter_4caaa5c8,ours_l01_s1_gate_pv2_r2_wa_pfov2_noid_trace-a2e8ab_b8_k8_isolated,isolated,ours,2,8,iso_sync_ms,139.426843,recorder
20260829-105928_perlmutter_4caaa5c8,ours_l01_s1_gate_pv2_r2_wa_pfov2_noid_trace-a2e8ab_b8_k8_isolated,isolated,ours,2,9,iso_sync_ms,148.876194,recorder
20260829-105928_perlmutter_4caaa5c8,ours_l01_s1_gate_pv2_r2_wa_pfov2_noid_trace-a2e8ab_b8_k8_isolated,isolated,ours,3,0,e2e_ms,5.839232,recorder
20260829-105928_perlmutter_4caaa5c8,ours_l01_s1_gate_pv2_r2_wa_pfov2_noid_trace-a2e8ab_b8_k8_isolated,isolated,ours,3,1,e2e_ms,5.432448,recorder
20260829-105928_perlmutter_4caaa5c8,ours_l01_s1_gate_pv2_r2_wa_pfov2_noid_trace-a2e8ab_b8_k8_isolated,isolated,ours,3,2,e2e_ms,6.985312,recorder
20260829-105928_perlmutter_4caaa5c8,ours_l01_s1_gate_pv2_r2_wa_pfov2_noid_trace-a2e8ab_b8_k8_isolated,isolated,ours,3,3,e2e_ms,7.63696,recorder
20260829-105928_perlmutter_4caaa5c8,ours_l01_s1_gate_pv2_r2_wa_pfov2_noid_trace-a2e8ab_b8_k8_isolated,isolated,ours,3,4,e2e_ms,6.742688,recorder
20260829-105928_perlmutter_4caaa5c8,ours_l01_s1_gate_pv2_r2_wa_pfov2_noid_trace-a2e8ab_b8_k8_isolated,isolated,ours,3,5,e2e_ms,5.861632,recorder
20260829-105928_perlmutter_4caaa5c8,ours_l01_s1_gate_pv2_r2_wa_pfov2_noid_trace-a2e8ab_b8_k8_isolated,isolated,ours,3,6,e2e_ms,7.350144,recorder
20260829-105928_perlmutter_4caaa5c8,ours_l01_s1_gate_pv2_r2_wa_pfov2_noid_trace-a2e8ab_b8_k8_isolated,isolated,ours,3,7,e2e_ms,5.866272,recorder
20260829-105928_perlmutter_4caaa5c8,ours_l01_s1_gate_pv2_r2_wa_pfov2_noid_trace-a2e8ab_b8_k8_isolated,isolated,ours,3,8,e2e_ms,5.575552,recorder
20260829-105928_perlmutter_4caaa5c8,ours_l01_s1_gate_pv2_r2_wa_pfov2_noid_trace-a2e8ab_b8_k8_isolated,isolated,ours,3,9,e2e_ms,5.77648,recorder
20260829-105928_perlmutter_4caaa5c8,ours_l01_s1_gate_pv2_r2_wa_pfov2_noid_trace-a2e8ab_b8_k8_isolated,isolated,ours,3,0,l0_ms,2.60624,recorder
20260829-105928_perlmutter_4caaa5c8,ours_l01_s1_gate_pv2_r2_wa_pfov2_noid_trace-a2e8ab_b8_k8_isolated,isolated,ours,3,1,l0_ms,2.41568,recorder
20260829-105928_perlmutter_4caaa5c8,ours_l01_s1_gate_pv2_r2_wa_pfov2_noid_trace-a2e8ab_b8_k8_isolated,isolated,ours,3,2,l0_ms,3.812416,recorder
20260829-105928_perlmutter_4caaa5c8,ours_l01_s1_gate_pv2_r2_wa_pfov2_noid_trace-a2e8ab_b8_k8_isolated,isolated,ours,3,3,l0_ms,4.483712,recorder
20260829-105928_perlmutter_4caaa5c8,ours_l01_s1_gate_pv2_r2_wa_pfov2_noid_trace-a2e8ab_b8_k8_isolated,isolated,ours,3,4,l0_ms,3.57472,recorder
20260829-105928_perlmutter_4caaa5c8,ours_l01_s1_gate_pv2_r2_wa_pfov2_noid_trace-a2e8ab_b8_k8_isolated,isolated,ours,3,5,l0_ms,2.717408,recorder
20260829-105928_perlmutter_4caaa5c8,ours_l01_s1_gate_pv2_r2_wa_pfov2_noid_trace-a2e8ab_b8_k8_isolated,isolated,ours,3,6,l0_ms,4.045888,recorder
20260829-105928_perlmutter_4caaa5c8,ours_l01_s1_gate_pv2_r2_wa_pfov2_noid_trace-a2e8ab_b8_k8_isolated,isolated,ours,3,7,l0_ms,2.669184,recorder
20260829-105928_perlmutter_4caaa5c8,ours_l01_s1_gate_pv2_r2_wa_pfov2_noid_trace-a2e8ab_b8_k8_isolated,isolated,ours,3,8,l0_ms,2.487648,recorder
20260829-105928_perlmutter_4caaa5c8,ours_l01_s1_gate_pv2_r2_wa_pfov2_noid_trace-a2e8ab_b8_k8_isolated,isolated,ours,3,9,l0_ms,2.651456,recorder
20260829-105928_perlmutter_4caaa5c8,ours_l01_s1_gate_pv2_r2_wa_pfov2_noid_trace-a2e8ab_b8_k8_isolated,isolated,ours,3,0,act_ms,0.050816,recorder
20260829-105928_perlmutter_4caaa5c8,ours_l01_s1_gate_pv2_r2_wa_pfov2_noid_trace-a2e8ab_b8_k8_isolated,isolated,ours,3,1,act_ms,0.050336,recorder
20260829-105928_perlmutter_4caaa5c8,ours_l01_s1_gate_pv2_r2_wa_pfov2_noid_trace-a2e8ab_b8_k8_isolated,isolated,ours,3,2,act_ms,0.051328,recorder
20260829-105928_perlmutter_4caaa5c8,ours_l01_s1_gate_pv2_r2_wa_pfov2_noid_trace-a2e8ab_b8_k8_isolated,isolated,ours,3,3,act_ms,0.05056,recorder
20260829-105928_perlmutter_4caaa5c8,ours_l01_s1_gate_pv2_r2_wa_pfov2_noid_trace-a2e8ab_b8_k8_isolated,isolated,ours,3,4,act_ms,0.049344,recorder
20260829-105928_perlmutter_4caaa5c8,ours_l01_s1_gate_pv2_r2_wa_pfov2_noid_trace-a2e8ab_b8_k8_isolated,isolated,ours,3,5,act_ms,0.051072,recorder
20260829-105928_perlmutter_4caaa5c8,ours_l01_s1_gate_pv2_r2_wa_pfov2_noid_trace-a2e8ab_b8_k8_isolated,isolated,ours,3,6,act_ms,0.050976,recorder
20260829-105928_perlmutter_4caaa5c8,ours_l01_s1_gate_pv2_r2_wa_pfov2_noid_trace-a2e8ab_b8_k8_isolated,isolated,ours,3,7,act_ms,0.051008,recorder
20260829-105928_perlmutter_4caaa5c8,ours_l01_s1_gate_pv2_r2_wa_pfov2_noid_trace-a2e8ab_b8_k8_isolated,isolated,ours,3,8,act_ms,0.051296,recorder
20260829-105928_perlmutter_4caaa5c8,ours_l01_s1_gate_pv2_r2_wa_pfov2_noid_trace-a2e8ab_b8_k8_isolated,isolated,ours,3,9,act_ms,0.051776,recorder
20260829-105928_perlmutter_4caaa5c8,ours_l01_s1_gate_pv2_r2_wa_pfov2_noid_trace-a2e8ab_b8_k8_isolated,isolated,ours,3,0,l1_ms,3.182176,recorder
20260829-105928_perlmutter_4caaa5c8,ours_l01_s1_gate_pv2_r2_wa_pfov2_noid_trace-a2e8ab_b8_k8_isolated,isolated,ours,3,1,l1_ms,2.966432,recorder
20260829-105928_perlmutter_4caaa5c8,ours_l01_s1_gate_pv2_r2_wa_pfov2_noid_trace-a2e8ab_b8_k8_isolated,isolated,ours,3,2,l1_ms,3.121568,recorder
20260829-105928_perlmutter_4caaa5c8,ours_l01_s1_gate_pv2_r2_wa_pfov2_noid_trace-a2e8ab_b8_k8_isolated,isolated,ours,3,3,l1_ms,3.102688,recorder
20260829-105928_perlmutter_4caaa5c8,ours_l01_s1_gate_pv2_r2_wa_pfov2_noid_trace-a2e8ab_b8_k8_isolated,isolated,ours,3,4,l1_ms,3.118624,recorder
20260829-105928_perlmutter_4caaa5c8,ours_l01_s1_gate_pv2_r2_wa_pfov2_noid_trace-a2e8ab_b8_k8_isolated,isolated,ours,3,5,l1_ms,3.093152,recorder
20260829-105928_perlmutter_4caaa5c8,ours_l01_s1_gate_pv2_r2_wa_pfov2_noid_trace-a2e8ab_b8_k8_isolated,isolated,ours,3,6,l1_ms,3.25328,recorder
20260829-105928_perlmutter_4caaa5c8,ours_l01_s1_gate_pv2_r2_wa_pfov2_noid_trace-a2e8ab_b8_k8_isolated,isolated,ours,3,7,l1_ms,3.14608,recorder
20260829-105928_perlmutter_4caaa5c8,ours_l01_s1_gate_pv2_r2_wa_pfov2_noid_trace-a2e8ab_b8_k8_isolated,isolated,ours,3,8,l1_ms,3.036608,recorder
20260829-105928_perlmutter_4caaa5c8,ours_l01_s1_gate_pv2_r2_wa_pfov2_noid_trace-a2e8ab_b8_k8_isolated,isolated,ours,3,9,l1_ms,3.073248,recorder
20260829-105928_perlmutter_4caaa5c8,ours_l01_s1_gate_pv2_r2_wa_pfov2_noid_trace-a2e8ab_b8_k8_isolated,isolated,ours,3,0,plan_comm_ms,0.822848,recorder
20260829-105928_perlmutter_4caaa5c8,ours_l01_s1_gate_pv2_r2_wa_pfov2_noid_trace-a2e8ab_b8_k8_isolated,isolated,ours,3,1,plan_comm_ms,0.722496,recorder
20260829-105928_perlmutter_4caaa5c8,ours_l01_s1_gate_pv2_r2_wa_pfov2_noid_trace-a2e8ab_b8_k8_isolated,isolated,ours,3,2,plan_comm_ms,0.635488,recorder
20260829-105928_perlmutter_4caaa5c8,ours_l01_s1_gate_pv2_r2_wa_pfov2_noid_trace-a2e8ab_b8_k8_isolated,isolated,ours,3,3,plan_comm_ms,0.298368,recorder
20260829-105928_perlmutter_4caaa5c8,ours_l01_s1_gate_pv2_r2_wa_pfov2_noid_trace-a2e8ab_b8_k8_isolated,isolated,ours,3,4,plan_comm_ms,0.579232,recorder
20260829-105928_perlmutter_4caaa5c8,ours_l01_s1_gate_pv2_r2_wa_pfov2_noid_trace-a2e8ab_b8_k8_isolated,isolated,ours,3,5,plan_comm_ms,0.352672,recorder
20260829-105928_perlmutter_4caaa5c8,ours_l01_s1_gate_pv2_r2_wa_pfov2_noid_trace-a2e8ab_b8_k8_isolated,isolated,ours,3,6,plan_comm_ms,0.403904,recorder
20260829-105928_perlmutter_4caaa5c8,ours_l01_s1_gate_pv2_r2_wa_pfov2_noid_trace-a2e8ab_b8_k8_isolated,isolated,ours,3,7,plan_comm_ms,0.17456,recorder
20260829-105928_perlmutter_4caaa5c8,ours_l01_s1_gate_pv2_r2_wa_pfov2_noid_trace-a2e8ab_b8_k8_isolated,isolated,ours,3,8,plan_comm_ms,0.195744,recorder
20260829-105928_perlmutter_4caaa5c8,ours_l01_s1_gate_pv2_r2_wa_pfov2_noid_trace-a2e8ab_b8_k8_isolated,isolated,ours,3,9,plan_comm_ms,0.292512,recorder
20260829-105928_perlmutter_4caaa5c8,ours_l01_s1_gate_pv2_r2_wa_pfov2_noid_trace-a2e8ab_b8_k8_isolated,isolated,ours,3,0,place_ms,0.002304,recorder
20260829-105928_perlmutter_4caaa5c8,ours_l01_s1_gate_pv2_r2_wa_pfov2_noid_trace-a2e8ab_b8_k8_isolated,isolated,ours,3,1,place_ms,0.002336,recorder
20260829-105928_perlmutter_4caaa5c8,ours_l01_s1_gate_pv2_r2_wa_pfov2_noid_trace-a2e8ab_b8_k8_isolated,isolated,ours,3,2,place_ms,0.002304,recorder
20260829-105928_perlmutter_4caaa5c8,ours_l01_s1_gate_pv2_r2_wa_pfov2_noid_trace-a2e8ab_b8_k8_isolated,isolated,ours,3,3,place_ms,0.002336,recorder
20260829-105928_perlmutter_4caaa5c8,ours_l01_s1_gate_pv2_r2_wa_pfov2_noid_trace-a2e8ab_b8_k8_isolated,isolated,ours,3,4,place_ms,0.002336,recorder
20260829-105928_perlmutter_4caaa5c8,ours_l01_s1_gate_pv2_r2_wa_pfov2_noid_trace-a2e8ab_b8_k8_isolated,isolated,ours,3,5,place_ms,0.002304,recorder
20260829-105928_perlmutter_4caaa5c8,ours_l01_s1_gate_pv2_r2_wa_pfov2_noid_trace-a2e8ab_b8_k8_isolated,isolated,ours,3,6,place_ms,0.002304,recorder
20260829-105928_perlmutter_4caaa5c8,ours_l01_s1_gate_pv2_r2_wa_pfov2_noid_trace-a2e8ab_b8_k8_isolated,isolated,ours,3,7,place_ms,0.002304,recorder
20260829-105928_perlmutter_4caaa5c8,ours_l01_s1_gate_pv2_r2_wa_pfov2_noid_trace-a2e8ab_b8_k8_isolated,isolated,ours,3,8,place_ms,0.002624,recorder
20260829-105928_perlmutter_4caaa5c8,ours_l01_s1_gate_pv2_r2_wa_pfov2_noid_trace-a2e8ab_b8_k8_isolated,isolated,ours,3,9,place_ms,0.002304,recorder
20260829-105928_perlmutter_4caaa5c8,ours_l01_s1_gate_pv2_r2_wa_pfov2_noid_trace-a2e8ab_b8_k8_isolated,isolated,ours,3,0,plan_ms,0.954208,recorder
20260829-105928_perlmutter_4caaa5c8,ours_l01_s1_gate_pv2_r2_wa_pfov2_noid_trace-a2e8ab_b8_k8_isolated,isolated,ours,3,1,plan_ms,0.94704,recorder
20260829-105928_perlmutter_4caaa5c8,ours_l01_s1_gate_pv2_r2_wa_pfov2_noid_trace-a2e8ab_b8_k8_isolated,isolated,ours,3,2,plan_ms,0.942848,recorder
20260829-105928_perlmutter_4caaa5c8,ours_l01_s1_gate_pv2_r2_wa_pfov2_noid_trace-a2e8ab_b8_k8_isolated,isolated,ours,3,3,plan_ms,0.9272,recorder
20260829-105928_perlmutter_4caaa5c8,ours_l01_s1_gate_pv2_r2_wa_pfov2_noid_trace-a2e8ab_b8_k8_isolated,isolated,ours,3,4,plan_ms,0.945248,recorder
20260829-105928_perlmutter_4caaa5c8,ours_l01_s1_gate_pv2_r2_wa_pfov2_noid_trace-a2e8ab_b8_k8_isolated,isolated,ours,3,5,plan_ms,0.819232,recorder
20260829-105928_perlmutter_4caaa5c8,ours_l01_s1_gate_pv2_r2_wa_pfov2_noid_trace-a2e8ab_b8_k8_isolated,isolated,ours,3,6,plan_ms,1.085568,recorder
20260829-105928_perlmutter_4caaa5c8,ours_l01_s1_gate_pv2_r2_wa_pfov2_noid_trace-a2e8ab_b8_k8_isolated,isolated,ours,3,7,plan_ms,0.861568,recorder
20260829-105928_perlmutter_4caaa5c8,ours_l01_s1_gate_pv2_r2_wa_pfov2_noid_trace-a2e8ab_b8_k8_isolated,isolated,ours,3,8,plan_ms,0.872384,recorder
20260829-105928_perlmutter_4caaa5c8,ours_l01_s1_gate_pv2_r2_wa_pfov2_noid_trace-a2e8ab_b8_k8_isolated,isolated,ours,3,9,plan_ms,1.240736,recorder
20260829-105928_perlmutter_4caaa5c8,ours_l01_s1_gate_pv2_r2_wa_pfov2_noid_trace-a2e8ab_b8_k8_isolated,isolated,ours,3,0,total_ms,7.628544,recorder
20260829-105928_perlmutter_4caaa5c8,ours_l01_s1_gate_pv2_r2_wa_pfov2_noid_trace-a2e8ab_b8_k8_isolated,isolated,ours,3,1,total_ms,7.11376,recorder
20260829-105928_perlmutter_4caaa5c8,ours_l01_s1_gate_pv2_r2_wa_pfov2_noid_trace-a2e8ab_b8_k8_isolated,isolated,ours,3,2,total_ms,8.575616,recorder
20260829-105928_perlmutter_4caaa5c8,ours_l01_s1_gate_pv2_r2_wa_pfov2_noid_trace-a2e8ab_b8_k8_isolated,isolated,ours,3,3,total_ms,8.874528,recorder
20260829-105928_perlmutter_4caaa5c8,ours_l01_s1_gate_pv2_r2_wa_pfov2_noid_trace-a2e8ab_b8_k8_isolated,isolated,ours,3,4,total_ms,8.279456,recorder
20260829-105928_perlmutter_4caaa5c8,ours_l01_s1_gate_pv2_r2_wa_pfov2_noid_trace-a2e8ab_b8_k8_isolated,isolated,ours,3,5,total_ms,7.044992,recorder
20260829-105928_perlmutter_4caaa5c8,ours_l01_s1_gate_pv2_r2_wa_pfov2_noid_trace-a2e8ab_b8_k8_isolated,isolated,ours,3,6,total_ms,8.851808,recorder
20260829-105928_perlmutter_4caaa5c8,ours_l01_s1_gate_pv2_r2_wa_pfov2_noid_trace-a2e8ab_b8_k8_isolated,isolated,ours,3,7,total_ms,6.914368,recorder
20260829-105928_perlmutter_4caaa5c8,ours_l01_s1_gate_pv2_r2_wa_pfov2_noid_trace-a2e8ab_b8_k8_isolated,isolated,ours,3,8,total_ms,6.656576,recorder
20260829-105928_perlmutter_4caaa5c8,ours_l01_s1_gate_pv2_r2_wa_pfov2_noid_trace-a2e8ab_b8_k8_isolated,isolated,ours,3,9,total_ms,7.321696,recorder
20260829-105928_perlmutter_4caaa5c8,ours_l01_s1_gate_pv2_r2_wa_pfov2_noid_trace-a2e8ab_b8_k8_isolated,isolated,ours,3,0,iso_sync_ms,183.810099,recorder
20260829-105928_perlmutter_4caaa5c8,ours_l01_s1_gate_pv2_r2_wa_pfov2_noid_trace-a2e8ab_b8_k8_isolated,isolated,ours,3,1,iso_sync_ms,189.81691,recorder
20260829-105928_perlmutter_4caaa5c8,ours_l01_s1_gate_pv2_r2_wa_pfov2_noid_trace-a2e8ab_b8_k8_isolated,isolated,ours,3,2,iso_sync_ms,181.228033,recorder
20260829-105928_perlmutter_4caaa5c8,ours_l01_s1_gate_pv2_r2_wa_pfov2_noid_trace-a2e8ab_b8_k8_isolated,isolated,ours,3,3,iso_sync_ms,184.269628,recorder
20260829-105928_perlmutter_4caaa5c8,ours_l01_s1_gate_pv2_r2_wa_pfov2_noid_trace-a2e8ab_b8_k8_isolated,isolated,ours,3,4,iso_sync_ms,184.86495,recorder
20260829-105928_perlmutter_4caaa5c8,ours_l01_s1_gate_pv2_r2_wa_pfov2_noid_trace-a2e8ab_b8_k8_isolated,isolated,ours,3,5,iso_sync_ms,184.750368,recorder
20260829-105928_perlmutter_4caaa5c8,ours_l01_s1_gate_pv2_r2_wa_pfov2_noid_trace-a2e8ab_b8_k8_isolated,isolated,ours,3,6,iso_sync_ms,199.917862,recorder
20260829-105928_perlmutter_4caaa5c8,ours_l01_s1_gate_pv2_r2_wa_pfov2_noid_trace-a2e8ab_b8_k8_isolated,isolated,ours,3,7,iso_sync_ms,196.738211,recorder
20260829-105928_perlmutter_4caaa5c8,ours_l01_s1_gate_pv2_r2_wa_pfov2_noid_trace-a2e8ab_b8_k8_isolated,isolated,ours,3,8,iso_sync_ms,195.452874,recorder
20260829-105928_perlmutter_4caaa5c8,ours_l01_s1_gate_pv2_r2_wa_pfov2_noid_trace-a2e8ab_b8_k8_isolated,isolated,ours,3,9,iso_sync_ms,207.762148,recorder
20260829-105928_perlmutter_4caaa5c8,ours_l01_s1_gate_pv2_r2_wa_pfov2_noid_trace-a2e8ab_b8_k8_isolated,isolated,ours,4,0,e2e_ms,5.872064,recorder
20260829-105928_perlmutter_4caaa5c8,ours_l01_s1_gate_pv2_r2_wa_pfov2_noid_trace-a2e8ab_b8_k8_isolated,isolated,ours,4,1,e2e_ms,5.459328,recorder
20260829-105928_perlmutter_4caaa5c8,ours_l01_s1_gate_pv2_r2_wa_pfov2_noid_trace-a2e8ab_b8_k8_isolated,isolated,ours,4,2,e2e_ms,6.989632,recorder
20260829-105928_perlmutter_4caaa5c8,ours_l01_s1_gate_pv2_r2_wa_pfov2_noid_trace-a2e8ab_b8_k8_isolated,isolated,ours,4,3,e2e_ms,7.796192,recorder
20260829-105928_perlmutter_4caaa5c8,ours_l01_s1_gate_pv2_r2_wa_pfov2_noid_trace-a2e8ab_b8_k8_isolated,isolated,ours,4,4,e2e_ms,6.749728,recorder
20260829-105928_perlmutter_4caaa5c8,ours_l01_s1_gate_pv2_r2_wa_pfov2_noid_trace-a2e8ab_b8_k8_isolated,isolated,ours,4,5,e2e_ms,5.87232,recorder
20260829-105928_perlmutter_4caaa5c8,ours_l01_s1_gate_pv2_r2_wa_pfov2_noid_trace-a2e8ab_b8_k8_isolated,isolated,ours,4,6,e2e_ms,7.351712,recorder
20260829-105928_perlmutter_4caaa5c8,ours_l01_s1_gate_pv2_r2_wa_pfov2_noid_trace-a2e8ab_b8_k8_isolated,isolated,ours,4,7,e2e_ms,5.867008,recorder
20260829-105928_perlmutter_4caaa5c8,ours_l01_s1_gate_pv2_r2_wa_pfov2_noid_trace-a2e8ab_b8_k8_isolated,isolated,ours,4,8,e2e_ms,5.588352,recorder
20260829-105928_perlmutter_4caaa5c8,ours_l01_s1_gate_pv2_r2_wa_pfov2_noid_trace-a2e8ab_b8_k8_isolated,isolated,ours,4,9,e2e_ms,5.769056,recorder
20260829-105928_perlmutter_4caaa5c8,ours_l01_s1_gate_pv2_r2_wa_pfov2_noid_trace-a2e8ab_b8_k8_isolated,isolated,ours,4,0,l0_ms,2.631488,recorder
20260829-105928_perlmutter_4caaa5c8,ours_l01_s1_gate_pv2_r2_wa_pfov2_noid_trace-a2e8ab_b8_k8_isolated,isolated,ours,4,1,l0_ms,2.44784,recorder
20260829-105928_perlmutter_4caaa5c8,ours_l01_s1_gate_pv2_r2_wa_pfov2_noid_trace-a2e8ab_b8_k8_isolated,isolated,ours,4,2,l0_ms,3.843584,recorder
20260829-105928_perlmutter_4caaa5c8,ours_l01_s1_gate_pv2_r2_wa_pfov2_noid_trace-a2e8ab_b8_k8_isolated,isolated,ours,4,3,l0_ms,4.459456,recorder
20260829-105928_perlmutter_4caaa5c8,ours_l01_s1_gate_pv2_r2_wa_pfov2_noid_trace-a2e8ab_b8_k8_isolated,isolated,ours,4,4,l0_ms,3.59024,recorder
20260829-105928_perlmutter_4caaa5c8,ours_l01_s1_gate_pv2_r2_wa_pfov2_noid_trace-a2e8ab_b8_k8_isolated,isolated,ours,4,5,l0_ms,2.757664,recorder
20260829-105928_perlmutter_4caaa5c8,ours_l01_s1_gate_pv2_r2_wa_pfov2_noid_trace-a2e8ab_b8_k8_isolated,isolated,ours,4,6,l0_ms,4.023584,recorder
20260829-105928_perlmutter_4caaa5c8,ours_l01_s1_gate_pv2_r2_wa_pfov2_noid_trace-a2e8ab_b8_k8_isolated,isolated,ours,4,7,l0_ms,2.670304,recorder
20260829-105928_perlmutter_4caaa5c8,ours_l01_s1_gate_pv2_r2_wa_pfov2_noid_trace-a2e8ab_b8_k8_isolated,isolated,ours,4,8,l0_ms,2.498496,recorder
20260829-105928_perlmutter_4caaa5c8,ours_l01_s1_gate_pv2_r2_wa_pfov2_noid_trace-a2e8ab_b8_k8_isolated,isolated,ours,4,9,l0_ms,2.617984,recorder
20260829-105928_perlmutter_4caaa5c8,ours_l01_s1_gate_pv2_r2_wa_pfov2_noid_trace-a2e8ab_b8_k8_isolated,isolated,ours,4,0,act_ms,0.046752,recorder
20260829-105928_perlmutter_4caaa5c8,ours_l01_s1_gate_pv2_r2_wa_pfov2_noid_trace-a2e8ab_b8_k8_isolated,isolated,ours,4,1,act_ms,0.044832,recorder
20260829-105928_perlmutter_4caaa5c8,ours_l01_s1_gate_pv2_r2_wa_pfov2_noid_trace-a2e8ab_b8_k8_isolated,isolated,ours,4,2,act_ms,0.044928,recorder
20260829-105928_perlmutter_4caaa5c8,ours_l01_s1_gate_pv2_r2_wa_pfov2_noid_trace-a2e8ab_b8_k8_isolated,isolated,ours,4,3,act_ms,0.0456,recorder
20260829-105928_perlmutter_4caaa5c8,ours_l01_s1_gate_pv2_r2_wa_pfov2_noid_trace-a2e8ab_b8_k8_isolated,isolated,ours,4,4,act_ms,0.046208,recorder
20260829-105928_perlmutter_4caaa5c8,ours_l01_s1_gate_pv2_r2_wa_pfov2_noid_trace-a2e8ab_b8_k8_isolated,isolated,ours,4,5,act_ms,0.0448,recorder
20260829-105928_perlmutter_4caaa5c8,ours_l01_s1_gate_pv2_r2_wa_pfov2_noid_trace-a2e8ab_b8_k8_isolated,isolated,ours,4,6,act_ms,0.045216,recorder
20260829-105928_perlmutter_4caaa5c8,ours_l01_s1_gate_pv2_r2_wa_pfov2_noid_trace-a2e8ab_b8_k8_isolated,isolated,ours,4,7,act_ms,0.048416,recorder
20260829-105928_perlmutter_4caaa5c8,ours_l01_s1_gate_pv2_r2_wa_pfov2_noid_trace-a2e8ab_b8_k8_isolated,isolated,ours,4,8,act_ms,0.044928,recorder
20260829-105928_perlmutter_4caaa5c8,ours_l01_s1_gate_pv2_r2_wa_pfov2_noid_trace-a2e8ab_b8_k8_isolated,isolated,ours,4,9,act_ms,0.04608,recorder
20260829-105928_perlmutter_4caaa5c8,ours_l01_s1_gate_pv2_r2_wa_pfov2_noid_trace-a2e8ab_b8_k8_isolated,isolated,ours,4,0,l1_ms,3.193824,recorder
20260829-105928_perlmutter_4caaa5c8,ours_l01_s1_gate_pv2_r2_wa_pfov2_noid_trace-a2e8ab_b8_k8_isolated,isolated,ours,4,1,l1_ms,2.966656,recorder
20260829-105928_perlmutter_4caaa5c8,ours_l01_s1_gate_pv2_r2_wa_pfov2_noid_trace-a2e8ab_b8_k8_isolated,isolated,ours,4,2,l1_ms,3.10112,recorder
20260829-105928_perlmutter_4caaa5c8,ours_l01_s1_gate_pv2_r2_wa_pfov2_noid_trace-a2e8ab_b8_k8_isolated,isolated,ours,4,3,l1_ms,3.291136,recorder
20260829-105928_perlmutter_4caaa5c8,ours_l01_s1_gate_pv2_r2_wa_pfov2_noid_trace-a2e8ab_b8_k8_isolated,isolated,ours,4,4,l1_ms,3.11328,recorder
20260829-105928_perlmutter_4caaa5c8,ours_l01_s1_gate_pv2_r2_wa_pfov2_noid_trace-a2e8ab_b8_k8_isolated,isolated,ours,4,5,l1_ms,3.069856,recorder
20260829-105928_perlmutter_4caaa5c8,ours_l01_s1_gate_pv2_r2_wa_pfov2_noid_trace-a2e8ab_b8_k8_isolated,isolated,ours,4,6,l1_ms,3.282912,recorder
20260829-105928_perlmutter_4caaa5c8,ours_l01_s1_gate_pv2_r2_wa_pfov2_noid_trace-a2e8ab_b8_k8_isolated,isolated,ours,4,7,l1_ms,3.148288,recorder
20260829-105928_perlmutter_4caaa5c8,ours_l01_s1_gate_pv2_r2_wa_pfov2_noid_trace-a2e8ab_b8_k8_isolated,isolated,ours,4,8,l1_ms,3.044928,recorder
20260829-105928_perlmutter_4caaa5c8,ours_l01_s1_gate_pv2_r2_wa_pfov2_noid_trace-a2e8ab_b8_k8_isolated,isolated,ours,4,9,l1_ms,3.104992,recorder
20260829-105928_perlmutter_4caaa5c8,ours_l01_s1_gate_pv2_r2_wa_pfov2_noid_trace-a2e8ab_b8_k8_isolated,isolated,ours,4,0,plan_comm_ms,0.716192,recorder
20260829-105928_perlmutter_4caaa5c8,ours_l01_s1_gate_pv2_r2_wa_pfov2_noid_trace-a2e8ab_b8_k8_isolated,isolated,ours,4,1,plan_comm_ms,0.724544,recorder
20260829-105928_perlmutter_4caaa5c8,ours_l01_s1_gate_pv2_r2_wa_pfov2_noid_trace-a2e8ab_b8_k8_isolated,isolated,ours,4,2,plan_comm_ms,0.682208,recorder
20260829-105928_perlmutter_4caaa5c8,ours_l01_s1_gate_pv2_r2_wa_pfov2_noid_trace-a2e8ab_b8_k8_isolated,isolated,ours,4,3,plan_comm_ms,0.335104,recorder
20260829-105928_perlmutter_4caaa5c8,ours_l01_s1_gate_pv2_r2_wa_pfov2_noid_trace-a2e8ab_b8_k8_isolated,isolated,ours,4,4,plan_comm_ms,0.573856,recorder
20260829-105928_perlmutter_4caaa5c8,ours_l01_s1_gate_pv2_r2_wa_pfov2_noid_trace-a2e8ab_b8_k8_isolated,isolated,ours,4,5,plan_comm_ms,0.332992,recorder
20260829-105928_perlmutter_4caaa5c8,ours_l01_s1_gate_pv2_r2_wa_pfov2_noid_trace-a2e8ab_b8_k8_isolated,isolated,ours,4,6,plan_comm_ms,0.387008,recorder
20260829-105928_perlmutter_4caaa5c8,ours_l01_s1_gate_pv2_r2_wa_pfov2_noid_trace-a2e8ab_b8_k8_isolated,isolated,ours,4,7,plan_comm_ms,0.188544,recorder
20260829-105928_perlmutter_4caaa5c8,ours_l01_s1_gate_pv2_r2_wa_pfov2_noid_trace-a2e8ab_b8_k8_isolated,isolated,ours,4,8,plan_comm_ms,0.220544,recorder
20260829-105928_perlmutter_4caaa5c8,ours_l01_s1_gate_pv2_r2_wa_pfov2_noid_trace-a2e8ab_b8_k8_isolated,isolated,ours,4,9,plan_comm_ms,0.7912,recorder
20260829-105928_perlmutter_4caaa5c8,ours_l01_s1_gate_pv2_r2_wa_pfov2_noid_trace-a2e8ab_b8_k8_isolated,isolated,ours,4,0,place_ms,0.002336,recorder
20260829-105928_perlmutter_4caaa5c8,ours_l01_s1_gate_pv2_r2_wa_pfov2_noid_trace-a2e8ab_b8_k8_isolated,isolated,ours,4,1,place_ms,0.002624,recorder
20260829-105928_perlmutter_4caaa5c8,ours_l01_s1_gate_pv2_r2_wa_pfov2_noid_trace-a2e8ab_b8_k8_isolated,isolated,ours,4,2,place_ms,0.002336,recorder
20260829-105928_perlmutter_4caaa5c8,ours_l01_s1_gate_pv2_r2_wa_pfov2_noid_trace-a2e8ab_b8_k8_isolated,isolated,ours,4,3,place_ms,0.002336,recorder
20260829-105928_perlmutter_4caaa5c8,ours_l01_s1_gate_pv2_r2_wa_pfov2_noid_trace-a2e8ab_b8_k8_isolated,isolated,ours,4,4,place_ms,0.002368,recorder
20260829-105928_perlmutter_4caaa5c8,ours_l01_s1_gate_pv2_r2_wa_pfov2_noid_trace-a2e8ab_b8_k8_isolated,isolated,ours,4,5,place_ms,0.002368,recorder
20260829-105928_perlmutter_4caaa5c8,ours_l01_s1_gate_pv2_r2_wa_pfov2_noid_trace-a2e8ab_b8_k8_isolated,isolated,ours,4,6,place_ms,0.002336,recorder
20260829-105928_perlmutter_4caaa5c8,ours_l01_s1_gate_pv2_r2_wa_pfov2_noid_trace-a2e8ab_b8_k8_isolated,isolated,ours,4,7,place_ms,0.002336,recorder
20260829-105928_perlmutter_4caaa5c8,ours_l01_s1_gate_pv2_r2_wa_pfov2_noid_trace-a2e8ab_b8_k8_isolated,isolated,ours,4,8,place_ms,0.002336,recorder
20260829-105928_perlmutter_4caaa5c8,ours_l01_s1_gate_pv2_r2_wa_pfov2_noid_trace-a2e8ab_b8_k8_isolated,isolated,ours,4,9,place_ms,0.0024,recorder
20260829-105928_perlmutter_4caaa5c8,ours_l01_s1_gate_pv2_r2_wa_pfov2_noid_trace-a2e8ab_b8_k8_isolated,isolated,ours,4,0,plan_ms,0.930912,recorder
20260829-105928_perlmutter_4caaa5c8,ours_l01_s1_gate_pv2_r2_wa_pfov2_noid_trace-a2e8ab_b8_k8_isolated,isolated,ours,4,1,plan_ms,0.93648,recorder
20260829-105928_perlmutter_4caaa5c8,ours_l01_s1_gate_pv2_r2_wa_pfov2_noid_trace-a2e8ab_b8_k8_isolated,isolated,ours,4,2,plan_ms,0.937504,recorder
20260829-105928_perlmutter_4caaa5c8,ours_l01_s1_gate_pv2_r2_wa_pfov2_noid_trace-a2e8ab_b8_k8_isolated,isolated,ours,4,3,plan_ms,0.938592,recorder
20260829-105928_perlmutter_4caaa5c8,ours_l01_s1_gate_pv2_r2_wa_pfov2_noid_trace-a2e8ab_b8_k8_isolated,isolated,ours,4,4,plan_ms,0.942432,recorder
20260829-105928_perlmutter_4caaa5c8,ours_l01_s1_gate_pv2_r2_wa_pfov2_noid_trace-a2e8ab_b8_k8_isolated,isolated,ours,4,5,plan_ms,0.817344,recorder
20260829-105928_perlmutter_4caaa5c8,ours_l01_s1_gate_pv2_r2_wa_pfov2_noid_trace-a2e8ab_b8_k8_isolated,isolated,ours,4,6,plan_ms,1.101664,recorder
20260829-105928_perlmutter_4caaa5c8,ours_l01_s1_gate_pv2_r2_wa_pfov2_noid_trace-a2e8ab_b8_k8_isolated,isolated,ours,4,7,plan_ms,0.853952,recorder
20260829-105928_perlmutter_4caaa5c8,ours_l01_s1_gate_pv2_r2_wa_pfov2_noid_trace-a2e8ab_b8_k8_isolated,isolated,ours,4,8,plan_ms,0.83696,recorder
20260829-105928_perlmutter_4caaa5c8,ours_l01_s1_gate_pv2_r2_wa_pfov2_noid_trace-a2e8ab_b8_k8_isolated,isolated,ours,4,9,plan_ms,0.76512,recorder
20260829-105928_perlmutter_4caaa5c8,ours_l01_s1_gate_pv2_r2_wa_pfov2_noid_trace-a2e8ab_b8_k8_isolated,isolated,ours,4,0,total_ms,7.531616,recorder
20260829-105928_perlmutter_4caaa5c8,ours_l01_s1_gate_pv2_r2_wa_pfov2_noid_trace-a2e8ab_b8_k8_isolated,isolated,ours,4,1,total_ms,7.133152,recorder
20260829-105928_perlmutter_4caaa5c8,ours_l01_s1_gate_pv2_r2_wa_pfov2_noid_trace-a2e8ab_b8_k8_isolated,isolated,ours,4,2,total_ms,8.6216,recorder
20260829-105928_perlmutter_4caaa5c8,ours_l01_s1_gate_pv2_r2_wa_pfov2_noid_trace-a2e8ab_b8_k8_isolated,isolated,ours,4,3,total_ms,9.082496,recorder
20260829-105928_perlmutter_4caaa5c8,ours_l01_s1_gate_pv2_r2_wa_pfov2_noid_trace-a2e8ab_b8_k8_isolated,isolated,ours,4,4,total_ms,8.27856,recorder
20260829-105928_perlmutter_4caaa5c8,ours_l01_s1_gate_pv2_r2_wa_pfov2_noid_trace-a2e8ab_b8_k8_isolated,isolated,ours,4,5,total_ms,7.03504,recorder
20260829-105928_perlmutter_4caaa5c8,ours_l01_s1_gate_pv2_r2_wa_pfov2_noid_trace-a2e8ab_b8_k8_isolated,isolated,ours,4,6,total_ms,8.852512,recorder
20260829-105928_perlmutter_4caaa5c8,ours_l01_s1_gate_pv2_r2_wa_pfov2_noid_trace-a2e8ab_b8_k8_isolated,isolated,ours,4,7,total_ms,6.921696,recorder
20260829-105928_perlmutter_4caaa5c8,ours_l01_s1_gate_pv2_r2_wa_pfov2_noid_trace-a2e8ab_b8_k8_isolated,isolated,ours,4,8,total_ms,6.6584,recorder
20260829-105928_perlmutter_4caaa5c8,ours_l01_s1_gate_pv2_r2_wa_pfov2_noid_trace-a2e8ab_b8_k8_isolated,isolated,ours,4,9,total_ms,7.337568,recorder
20260829-105928_perlmutter_4caaa5c8,ours_l01_s1_gate_pv2_r2_wa_pfov2_noid_trace-a2e8ab_b8_k8_isolated,isolated,ours,4,0,iso_sync_ms,0.473465,recorder
20260829-105928_perlmutter_4caaa5c8,ours_l01_s1_gate_pv2_r2_wa_pfov2_noid_trace-a2e8ab_b8_k8_isolated,isolated,ours,4,1,iso_sync_ms,0.716985,recorder
20260829-105928_perlmutter_4caaa5c8,ours_l01_s1_gate_pv2_r2_wa_pfov2_noid_trace-a2e8ab_b8_k8_isolated,isolated,ours,4,2,iso_sync_ms,0.553279,recorder
20260829-105928_perlmutter_4caaa5c8,ours_l01_s1_gate_pv2_r2_wa_pfov2_noid_trace-a2e8ab_b8_k8_isolated,isolated,ours,4,3,iso_sync_ms,0.479015,recorder
20260829-105928_perlmutter_4caaa5c8,ours_l01_s1_gate_pv2_r2_wa_pfov2_noid_trace-a2e8ab_b8_k8_isolated,isolated,ours,4,4,iso_sync_ms,0.309468,recorder
20260829-105928_perlmutter_4caaa5c8,ours_l01_s1_gate_pv2_r2_wa_pfov2_noid_trace-a2e8ab_b8_k8_isolated,isolated,ours,4,5,iso_sync_ms,3.249097,recorder
20260829-105928_perlmutter_4caaa5c8,ours_l01_s1_gate_pv2_r2_wa_pfov2_noid_trace-a2e8ab_b8_k8_isolated,isolated,ours,4,6,iso_sync_ms,5.493882,recorder
20260829-105928_perlmutter_4caaa5c8,ours_l01_s1_gate_pv2_r2_wa_pfov2_noid_trace-a2e8ab_b8_k8_isolated,isolated,ours,4,7,iso_sync_ms,1.956029,recorder
20260829-105928_perlmutter_4caaa5c8,ours_l01_s1_gate_pv2_r2_wa_pfov2_noid_trace-a2e8ab_b8_k8_isolated,isolated,ours,4,8,iso_sync_ms,4.215283,recorder
20260829-105928_perlmutter_4caaa5c8,ours_l01_s1_gate_pv2_r2_wa_pfov2_noid_trace-a2e8ab_b8_k8_isolated,isolated,ours,4,9,iso_sync_ms,7.007818,recorder
20260829-105928_perlmutter_4caaa5c8,ours_l01_s1_gate_pv2_r2_wa_pfov2_noid_trace-a2e8ab_b8_k8_isolated,isolated,ours,5,0,e2e_ms,5.887776,recorder
20260829-105928_perlmutter_4caaa5c8,ours_l01_s1_gate_pv2_r2_wa_pfov2_noid_trace-a2e8ab_b8_k8_isolated,isolated,ours,5,1,e2e_ms,5.470944,recorder
20260829-105928_perlmutter_4caaa5c8,ours_l01_s1_gate_pv2_r2_wa_pfov2_noid_trace-a2e8ab_b8_k8_isolated,isolated,ours,5,2,e2e_ms,7.011648,recorder
20260829-105928_perlmutter_4caaa5c8,ours_l01_s1_gate_pv2_r2_wa_pfov2_noid_trace-a2e8ab_b8_k8_isolated,isolated,ours,5,3,e2e_ms,7.829856,recorder
20260829-105928_perlmutter_4caaa5c8,ours_l01_s1_gate_pv2_r2_wa_pfov2_noid_trace-a2e8ab_b8_k8_isolated,isolated,ours,5,4,e2e_ms,6.759392,recorder
20260829-105928_perlmutter_4caaa5c8,ours_l01_s1_gate_pv2_r2_wa_pfov2_noid_trace-a2e8ab_b8_k8_isolated,isolated,ours,5,5,e2e_ms,5.894528,recorder
20260829-105928_perlmutter_4caaa5c8,ours_l01_s1_gate_pv2_r2_wa_pfov2_noid_trace-a2e8ab_b8_k8_isolated,isolated,ours,5,6,e2e_ms,7.356288,recorder
20260829-105928_perlmutter_4caaa5c8,ours_l01_s1_gate_pv2_r2_wa_pfov2_noid_trace-a2e8ab_b8_k8_isolated,isolated,ours,5,7,e2e_ms,5.870592,recorder
20260829-105928_perlmutter_4caaa5c8,ours_l01_s1_gate_pv2_r2_wa_pfov2_noid_trace-a2e8ab_b8_k8_isolated,isolated,ours,5,8,e2e_ms,5.632832,recorder
20260829-105928_perlmutter_4caaa5c8,ours_l01_s1_gate_pv2_r2_wa_pfov2_noid_trace-a2e8ab_b8_k8_isolated,isolated,ours,5,9,e2e_ms,5.792896,recorder
20260829-105928_perlmutter_4caaa5c8,ours_l01_s1_gate_pv2_r2_wa_pfov2_noid_trace-a2e8ab_b8_k8_isolated,isolated,ours,5,0,l0_ms,2.536576,recorder
20260829-105928_perlmutter_4caaa5c8,ours_l01_s1_gate_pv2_r2_wa_pfov2_noid_trace-a2e8ab_b8_k8_isolated,isolated,ours,5,1,l0_ms,2.457888,recorder
20260829-105928_perlmutter_4caaa5c8,ours_l01_s1_gate_pv2_r2_wa_pfov2_noid_trace-a2e8ab_b8_k8_isolated,isolated,ours,5,2,l0_ms,3.860736,recorder
20260829-105928_perlmutter_4caaa5c8,ours_l01_s1_gate_pv2_r2_wa_pfov2_noid_trace-a2e8ab_b8_k8_isolated,isolated,ours,5,3,l0_ms,4.466176,recorder
20260829-105928_perlmutter_4caaa5c8,ours_l01_s1_gate_pv2_r2_wa_pfov2_noid_trace-a2e8ab_b8_k8_isolated,isolated,ours,5,4,l0_ms,3.595776,recorder
20260829-105928_perlmutter_4caaa5c8,ours_l01_s1_gate_pv2_r2_wa_pfov2_noid_trace-a2e8ab_b8_k8_isolated,isolated,ours,5,5,l0_ms,2.778336,recorder
20260829-105928_perlmutter_4caaa5c8,ours_l01_s1_gate_pv2_r2_wa_pfov2_noid_trace-a2e8ab_b8_k8_isolated,isolated,ours,5,6,l0_ms,4.028128,recorder
20260829-105928_perlmutter_4caaa5c8,ours_l01_s1_gate_pv2_r2_wa_pfov2_noid_trace-a2e8ab_b8_k8_isolated,isolated,ours,5,7,l0_ms,2.700992,recorder
20260829-105928_perlmutter_4caaa5c8,ours_l01_s1_gate_pv2_r2_wa_pfov2_noid_trace-a2e8ab_b8_k8_isolated,isolated,ours,5,8,l0_ms,2.528032,recorder
20260829-105928_perlmutter_4caaa5c8,ours_l01_s1_gate_pv2_r2_wa_pfov2_noid_trace-a2e8ab_b8_k8_isolated,isolated,ours,5,9,l0_ms,2.624128,recorder
20260829-105928_perlmutter_4caaa5c8,ours_l01_s1_gate_pv2_r2_wa_pfov2_noid_trace-a2e8ab_b8_k8_isolated,isolated,ours,5,0,act_ms,0.049024,recorder
20260829-105928_perlmutter_4caaa5c8,ours_l01_s1_gate_pv2_r2_wa_pfov2_noid_trace-a2e8ab_b8_k8_isolated,isolated,ours,5,1,act_ms,0.050528,recorder
20260829-105928_perlmutter_4caaa5c8,ours_l01_s1_gate_pv2_r2_wa_pfov2_noid_trace-a2e8ab_b8_k8_isolated,isolated,ours,5,2,act_ms,0.050912,recorder
20260829-105928_perlmutter_4caaa5c8,ours_l01_s1_gate_pv2_r2_wa_pfov2_noid_trace-a2e8ab_b8_k8_isolated,isolated,ours,5,3,act_ms,0.049376,recorder
20260829-105928_perlmutter_4caaa5c8,ours_l01_s1_gate_pv2_r2_wa_pfov2_noid_trace-a2e8ab_b8_k8_isolated,isolated,ours,5,4,act_ms,0.0496,recorder
20260829-105928_perlmutter_4caaa5c8,ours_l01_s1_gate_pv2_r2_wa_pfov2_noid_trace-a2e8ab_b8_k8_isolated,isolated,ours,5,5,act_ms,0.0488,recorder
20260829-105928_perlmutter_4caaa5c8,ours_l01_s1_gate_pv2_r2_wa_pfov2_noid_trace-a2e8ab_b8_k8_isolated,isolated,ours,5,6,act_ms,0.048064,recorder
20260829-105928_perlmutter_4caaa5c8,ours_l01_s1_gate_pv2_r2_wa_pfov2_noid_trace-a2e8ab_b8_k8_isolated,isolated,ours,5,7,act_ms,0.050272,recorder
20260829-105928_perlmutter_4caaa5c8,ours_l01_s1_gate_pv2_r2_wa_pfov2_noid_trace-a2e8ab_b8_k8_isolated,isolated,ours,5,8,act_ms,0.050208,recorder
20260829-105928_perlmutter_4caaa5c8,ours_l01_s1_gate_pv2_r2_wa_pfov2_noid_trace-a2e8ab_b8_k8_isolated,isolated,ours,5,9,act_ms,0.05008,recorder
20260829-105928_perlmutter_4caaa5c8,ours_l01_s1_gate_pv2_r2_wa_pfov2_noid_trace-a2e8ab_b8_k8_isolated,isolated,ours,5,0,l1_ms,3.302176,recorder
20260829-105928_perlmutter_4caaa5c8,ours_l01_s1_gate_pv2_r2_wa_pfov2_noid_trace-a2e8ab_b8_k8_isolated,isolated,ours,5,1,l1_ms,2.962528,recorder
20260829-105928_perlmutter_4caaa5c8,ours_l01_s1_gate_pv2_r2_wa_pfov2_noid_trace-a2e8ab_b8_k8_isolated,isolated,ours,5,2,l1_ms,3.1,recorder
20260829-105928_perlmutter_4caaa5c8,ours_l01_s1_gate_pv2_r2_wa_pfov2_noid_trace-a2e8ab_b8_k8_isolated,isolated,ours,5,3,l1_ms,3.314304,recorder
20260829-105928_perlmutter_4caaa5c8,ours_l01_s1_gate_pv2_r2_wa_pfov2_noid_trace-a2e8ab_b8_k8_isolated,isolated,ours,5,4,l1_ms,3.114016,recorder
20260829-105928_perlmutter_4caaa5c8,ours_l01_s1_gate_pv2_r2_wa_pfov2_noid_trace-a2e8ab_b8_k8_isolated,isolated,ours,5,5,l1_ms,3.067392,recorder
20260829-105928_perlmutter_4caaa5c8,ours_l01_s1_gate_pv2_r2_wa_pfov2_noid_trace-a2e8ab_b8_k8_isolated,isolated,ours,5,6,l1_ms,3.280096,recorder
20260829-105928_perlmutter_4caaa5c8,ours_l01_s1_gate_pv2_r2_wa_pfov2_noid_trace-a2e8ab_b8_k8_isolated,isolated,ours,5,7,l1_ms,3.119328,recorder
20260829-105928_perlmutter_4caaa5c8,ours_l01_s1_gate_pv2_r2_wa_pfov2_noid_trace-a2e8ab_b8_k8_isolated,isolated,ours,5,8,l1_ms,3.054592,recorder
20260829-105928_perlmutter_4caaa5c8,ours_l01_s1_gate_pv2_r2_wa_pfov2_noid_trace-a2e8ab_b8_k8_isolated,isolated,ours,5,9,l1_ms,3.118688,recorder
20260829-105928_perlmutter_4caaa5c8,ours_l01_s1_gate_pv2_r2_wa_pfov2_noid_trace-a2e8ab_b8_k8_isolated,isolated,ours,5,0,plan_comm_ms,0.637568,recorder
20260829-105928_perlmutter_4caaa5c8,ours_l01_s1_gate_pv2_r2_wa_pfov2_noid_trace-a2e8ab_b8_k8_isolated,isolated,ours,5,1,plan_comm_ms,0.683424,recorder
20260829-105928_perlmutter_4caaa5c8,ours_l01_s1_gate_pv2_r2_wa_pfov2_noid_trace-a2e8ab_b8_k8_isolated,isolated,ours,5,2,plan_comm_ms,0.687552,recorder
20260829-105928_perlmutter_4caaa5c8,ours_l01_s1_gate_pv2_r2_wa_pfov2_noid_trace-a2e8ab_b8_k8_isolated,isolated,ours,5,3,plan_comm_ms,0.3256,recorder
20260829-105928_perlmutter_4caaa5c8,ours_l01_s1_gate_pv2_r2_wa_pfov2_noid_trace-a2e8ab_b8_k8_isolated,isolated,ours,5,4,plan_comm_ms,0.574368,recorder
20260829-105928_perlmutter_4caaa5c8,ours_l01_s1_gate_pv2_r2_wa_pfov2_noid_trace-a2e8ab_b8_k8_isolated,isolated,ours,5,5,plan_comm_ms,0.353056,recorder
20260829-105928_perlmutter_4caaa5c8,ours_l01_s1_gate_pv2_r2_wa_pfov2_noid_trace-a2e8ab_b8_k8_isolated,isolated,ours,5,6,plan_comm_ms,0.398848,recorder
20260829-105928_perlmutter_4caaa5c8,ours_l01_s1_gate_pv2_r2_wa_pfov2_noid_trace-a2e8ab_b8_k8_isolated,isolated,ours,5,7,plan_comm_ms,0.189216,recorder
20260829-105928_perlmutter_4caaa5c8,ours_l01_s1_gate_pv2_r2_wa_pfov2_noid_trace-a2e8ab_b8_k8_isolated,isolated,ours,5,8,plan_comm_ms,0.221344,recorder
20260829-105928_perlmutter_4caaa5c8,ours_l01_s1_gate_pv2_r2_wa_pfov2_noid_trace-a2e8ab_b8_k8_isolated,isolated,ours,5,9,plan_comm_ms,0.800384,recorder
20260829-105928_perlmutter_4caaa5c8,ours_l01_s1_gate_pv2_r2_wa_pfov2_noid_trace-a2e8ab_b8_k8_isolated,isolated,ours,5,0,place_ms,0.002304,recorder
20260829-105928_perlmutter_4caaa5c8,ours_l01_s1_gate_pv2_r2_wa_pfov2_noid_trace-a2e8ab_b8_k8_isolated,isolated,ours,5,1,place_ms,0.00256,recorder
20260829-105928_perlmutter_4caaa5c8,ours_l01_s1_gate_pv2_r2_wa_pfov2_noid_trace-a2e8ab_b8_k8_isolated,isolated,ours,5,2,place_ms,0.002336,recorder
20260829-105928_perlmutter_4caaa5c8,ours_l01_s1_gate_pv2_r2_wa_pfov2_noid_trace-a2e8ab_b8_k8_isolated,isolated,ours,5,3,place_ms,0.002304,recorder
20260829-105928_perlmutter_4caaa5c8,ours_l01_s1_gate_pv2_r2_wa_pfov2_noid_trace-a2e8ab_b8_k8_isolated,isolated,ours,5,4,place_ms,0.002304,recorder
20260829-105928_perlmutter_4caaa5c8,ours_l01_s1_gate_pv2_r2_wa_pfov2_noid_trace-a2e8ab_b8_k8_isolated,isolated,ours,5,5,place_ms,0.0024,recorder
20260829-105928_perlmutter_4caaa5c8,ours_l01_s1_gate_pv2_r2_wa_pfov2_noid_trace-a2e8ab_b8_k8_isolated,isolated,ours,5,6,place_ms,0.002336,recorder
20260829-105928_perlmutter_4caaa5c8,ours_l01_s1_gate_pv2_r2_wa_pfov2_noid_trace-a2e8ab_b8_k8_isolated,isolated,ours,5,7,place_ms,0.00256,recorder
20260829-105928_perlmutter_4caaa5c8,ours_l01_s1_gate_pv2_r2_wa_pfov2_noid_trace-a2e8ab_b8_k8_isolated,isolated,ours,5,8,place_ms,0.002336,recorder
20260829-105928_perlmutter_4caaa5c8,ours_l01_s1_gate_pv2_r2_wa_pfov2_noid_trace-a2e8ab_b8_k8_isolated,isolated,ours,5,9,place_ms,0.002304,recorder
20260829-105928_perlmutter_4caaa5c8,ours_l01_s1_gate_pv2_r2_wa_pfov2_noid_trace-a2e8ab_b8_k8_isolated,isolated,ours,5,0,plan_ms,0.918816,recorder
20260829-105928_perlmutter_4caaa5c8,ours_l01_s1_gate_pv2_r2_wa_pfov2_noid_trace-a2e8ab_b8_k8_isolated,isolated,ours,5,1,plan_ms,0.929056,recorder
20260829-105928_perlmutter_4caaa5c8,ours_l01_s1_gate_pv2_r2_wa_pfov2_noid_trace-a2e8ab_b8_k8_isolated,isolated,ours,5,2,plan_ms,0.920704,recorder
20260829-105928_perlmutter_4caaa5c8,ours_l01_s1_gate_pv2_r2_wa_pfov2_noid_trace-a2e8ab_b8_k8_isolated,isolated,ours,5,3,plan_ms,0.9384,recorder
20260829-105928_perlmutter_4caaa5c8,ours_l01_s1_gate_pv2_r2_wa_pfov2_noid_trace-a2e8ab_b8_k8_isolated,isolated,ours,5,4,plan_ms,0.935104,recorder
20260829-105928_perlmutter_4caaa5c8,ours_l01_s1_gate_pv2_r2_wa_pfov2_noid_trace-a2e8ab_b8_k8_isolated,isolated,ours,5,5,plan_ms,0.787264,recorder
20260829-105928_perlmutter_4caaa5c8,ours_l01_s1_gate_pv2_r2_wa_pfov2_noid_trace-a2e8ab_b8_k8_isolated,isolated,ours,5,6,plan_ms,1.100768,recorder
20260829-105928_perlmutter_4caaa5c8,ours_l01_s1_gate_pv2_r2_wa_pfov2_noid_trace-a2e8ab_b8_k8_isolated,isolated,ours,5,7,plan_ms,0.848416,recorder
20260829-105928_perlmutter_4caaa5c8,ours_l01_s1_gate_pv2_r2_wa_pfov2_noid_trace-a2e8ab_b8_k8_isolated,isolated,ours,5,8,plan_ms,0.807232,recorder
20260829-105928_perlmutter_4caaa5c8,ours_l01_s1_gate_pv2_r2_wa_pfov2_noid_trace-a2e8ab_b8_k8_isolated,isolated,ours,5,9,plan_ms,0.740896,recorder
20260829-105928_perlmutter_4caaa5c8,ours_l01_s1_gate_pv2_r2_wa_pfov2_noid_trace-a2e8ab_b8_k8_isolated,isolated,ours,5,0,total_ms,7.456704,recorder
20260829-105928_perlmutter_4caaa5c8,ours_l01_s1_gate_pv2_r2_wa_pfov2_noid_trace-a2e8ab_b8_k8_isolated,isolated,ours,5,1,total_ms,7.095968,recorder
20260829-105928_perlmutter_4caaa5c8,ours_l01_s1_gate_pv2_r2_wa_pfov2_noid_trace-a2e8ab_b8_k8_isolated,isolated,ours,5,2,total_ms,8.632224,recorder
20260829-105928_perlmutter_4caaa5c8,ours_l01_s1_gate_pv2_r2_wa_pfov2_noid_trace-a2e8ab_b8_k8_isolated,isolated,ours,5,3,total_ms,9.106048,recorder
20260829-105928_perlmutter_4caaa5c8,ours_l01_s1_gate_pv2_r2_wa_pfov2_noid_trace-a2e8ab_b8_k8_isolated,isolated,ours,5,4,total_ms,8.281376,recorder
20260829-105928_perlmutter_4caaa5c8,ours_l01_s1_gate_pv2_r2_wa_pfov2_noid_trace-a2e8ab_b8_k8_isolated,isolated,ours,5,5,total_ms,7.04688,recorder
20260829-105928_perlmutter_4caaa5c8,ours_l01_s1_gate_pv2_r2_wa_pfov2_noid_trace-a2e8ab_b8_k8_isolated,isolated,ours,5,6,total_ms,8.868096,recorder
20260829-105928_perlmutter_4caaa5c8,ours_l01_s1_gate_pv2_r2_wa_pfov2_noid_trace-a2e8ab_b8_k8_isolated,isolated,ours,5,7,total_ms,6.92032,recorder
20260829-105928_perlmutter_4caaa5c8,ours_l01_s1_gate_pv2_r2_wa_pfov2_noid_trace-a2e8ab_b8_k8_isolated,isolated,ours,5,8,total_ms,6.674208,recorder
20260829-105928_perlmutter_4caaa5c8,ours_l01_s1_gate_pv2_r2_wa_pfov2_noid_trace-a2e8ab_b8_k8_isolated,isolated,ours,5,9,total_ms,7.346336,recorder
20260829-105928_perlmutter_4caaa5c8,ours_l01_s1_gate_pv2_r2_wa_pfov2_noid_trace-a2e8ab_b8_k8_isolated,isolated,ours,5,0,iso_sync_ms,2.257121,recorder
20260829-105928_perlmutter_4caaa5c8,ours_l01_s1_gate_pv2_r2_wa_pfov2_noid_trace-a2e8ab_b8_k8_isolated,isolated,ours,5,1,iso_sync_ms,2.902006,recorder
20260829-105928_perlmutter_4caaa5c8,ours_l01_s1_gate_pv2_r2_wa_pfov2_noid_trace-a2e8ab_b8_k8_isolated,isolated,ours,5,2,iso_sync_ms,0.327523,recorder
20260829-105928_perlmutter_4caaa5c8,ours_l01_s1_gate_pv2_r2_wa_pfov2_noid_trace-a2e8ab_b8_k8_isolated,isolated,ours,5,3,iso_sync_ms,3.683155,recorder
20260829-105928_perlmutter_4caaa5c8,ours_l01_s1_gate_pv2_r2_wa_pfov2_noid_trace-a2e8ab_b8_k8_isolated,isolated,ours,5,4,iso_sync_ms,0.805626,recorder
20260829-105928_perlmutter_4caaa5c8,ours_l01_s1_gate_pv2_r2_wa_pfov2_noid_trace-a2e8ab_b8_k8_isolated,isolated,ours,5,5,iso_sync_ms,0.256596,recorder
20260829-105928_perlmutter_4caaa5c8,ours_l01_s1_gate_pv2_r2_wa_pfov2_noid_trace-a2e8ab_b8_k8_isolated,isolated,ours,5,6,iso_sync_ms,0.255283,recorder
20260829-105928_perlmutter_4caaa5c8,ours_l01_s1_gate_pv2_r2_wa_pfov2_noid_trace-a2e8ab_b8_k8_isolated,isolated,ours,5,7,iso_sync_ms,0.287575,recorder
20260829-105928_perlmutter_4caaa5c8,ours_l01_s1_gate_pv2_r2_wa_pfov2_noid_trace-a2e8ab_b8_k8_isolated,isolated,ours,5,8,iso_sync_ms,0.254091,recorder
20260829-105928_perlmutter_4caaa5c8,ours_l01_s1_gate_pv2_r2_wa_pfov2_noid_trace-a2e8ab_b8_k8_isolated,isolated,ours,5,9,iso_sync_ms,0.244653,recorder
20260829-105928_perlmutter_4caaa5c8,ours_l01_s1_gate_pv2_r2_wa_pfov2_noid_trace-a2e8ab_b8_k8_isolated,isolated,ours,6,0,e2e_ms,5.901312,recorder
20260829-105928_perlmutter_4caaa5c8,ours_l01_s1_gate_pv2_r2_wa_pfov2_noid_trace-a2e8ab_b8_k8_isolated,isolated,ours,6,1,e2e_ms,5.491776,recorder
20260829-105928_perlmutter_4caaa5c8,ours_l01_s1_gate_pv2_r2_wa_pfov2_noid_trace-a2e8ab_b8_k8_isolated,isolated,ours,6,2,e2e_ms,7.037184,recorder
20260829-105928_perlmutter_4caaa5c8,ours_l01_s1_gate_pv2_r2_wa_pfov2_noid_trace-a2e8ab_b8_k8_isolated,isolated,ours,6,3,e2e_ms,7.840064,recorder
20260829-105928_perlmutter_4caaa5c8,ours_l01_s1_gate_pv2_r2_wa_pfov2_noid_trace-a2e8ab_b8_k8_isolated,isolated,ours,6,4,e2e_ms,6.800768,recorder
20260829-105928_perlmutter_4caaa5c8,ours_l01_s1_gate_pv2_r2_wa_pfov2_noid_trace-a2e8ab_b8_k8_isolated,isolated,ours,6,5,e2e_ms,5.890432,recorder
20260829-105928_perlmutter_4caaa5c8,ours_l01_s1_gate_pv2_r2_wa_pfov2_noid_trace-a2e8ab_b8_k8_isolated,isolated,ours,6,6,e2e_ms,7.38208,recorder
20260829-105928_perlmutter_4caaa5c8,ours_l01_s1_gate_pv2_r2_wa_pfov2_noid_trace-a2e8ab_b8_k8_isolated,isolated,ours,6,7,e2e_ms,5.882944,recorder
20260829-105928_perlmutter_4caaa5c8,ours_l01_s1_gate_pv2_r2_wa_pfov2_noid_trace-a2e8ab_b8_k8_isolated,isolated,ours,6,8,e2e_ms,5.612032,recorder
20260829-105928_perlmutter_4caaa5c8,ours_l01_s1_gate_pv2_r2_wa_pfov2_noid_trace-a2e8ab_b8_k8_isolated,isolated,ours,6,9,e2e_ms,5.780736,recorder
20260829-105928_perlmutter_4caaa5c8,ours_l01_s1_gate_pv2_r2_wa_pfov2_noid_trace-a2e8ab_b8_k8_isolated,isolated,ours,6,0,l0_ms,2.535872,recorder
20260829-105928_perlmutter_4caaa5c8,ours_l01_s1_gate_pv2_r2_wa_pfov2_noid_trace-a2e8ab_b8_k8_isolated,isolated,ours,6,1,l0_ms,2.477024,recorder
20260829-105928_perlmutter_4caaa5c8,ours_l01_s1_gate_pv2_r2_wa_pfov2_noid_trace-a2e8ab_b8_k8_isolated,isolated,ours,6,2,l0_ms,3.867584,recorder
20260829-105928_perlmutter_4caaa5c8,ours_l01_s1_gate_pv2_r2_wa_pfov2_noid_trace-a2e8ab_b8_k8_isolated,isolated,ours,6,3,l0_ms,4.495808,recorder
20260829-105928_perlmutter_4caaa5c8,ours_l01_s1_gate_pv2_r2_wa_pfov2_noid_trace-a2e8ab_b8_k8_isolated,isolated,ours,6,4,l0_ms,3.624608,recorder
20260829-105928_perlmutter_4caaa5c8,ours_l01_s1_gate_pv2_r2_wa_pfov2_noid_trace-a2e8ab_b8_k8_isolated,isolated,ours,6,5,l0_ms,2.757408,recorder
20260829-105928_perlmutter_4caaa5c8,ours_l01_s1_gate_pv2_r2_wa_pfov2_noid_trace-a2e8ab_b8_k8_isolated,isolated,ours,6,6,l0_ms,4.073888,recorder
20260829-105928_perlmutter_4caaa5c8,ours_l01_s1_gate_pv2_r2_wa_pfov2_noid_trace-a2e8ab_b8_k8_isolated,isolated,ours,6,7,l0_ms,2.71744,recorder
20260829-105928_perlmutter_4caaa5c8,ours_l01_s1_gate_pv2_r2_wa_pfov2_noid_trace-a2e8ab_b8_k8_isolated,isolated,ours,6,8,l0_ms,2.507488,recorder
20260829-105928_perlmutter_4caaa5c8,ours_l01_s1_gate_pv2_r2_wa_pfov2_noid_trace-a2e8ab_b8_k8_isolated,isolated,ours,6,9,l0_ms,2.604896,recorder
20260829-105928_perlmutter_4caaa5c8,ours_l01_s1_gate_pv2_r2_wa_pfov2_noid_trace-a2e8ab_b8_k8_isolated,isolated,ours,6,0,act_ms,0.05056,recorder
20260829-105928_perlmutter_4caaa5c8,ours_l01_s1_gate_pv2_r2_wa_pfov2_noid_trace-a2e8ab_b8_k8_isolated,isolated,ours,6,1,act_ms,0.049792,recorder
20260829-105928_perlmutter_4caaa5c8,ours_l01_s1_gate_pv2_r2_wa_pfov2_noid_trace-a2e8ab_b8_k8_isolated,isolated,ours,6,2,act_ms,0.047552,recorder
20260829-105928_perlmutter_4caaa5c8,ours_l01_s1_gate_pv2_r2_wa_pfov2_noid_trace-a2e8ab_b8_k8_isolated,isolated,ours,6,3,act_ms,0.047872,recorder
20260829-105928_perlmutter_4caaa5c8,ours_l01_s1_gate_pv2_r2_wa_pfov2_noid_trace-a2e8ab_b8_k8_isolated,isolated,ours,6,4,act_ms,0.047712,recorder
20260829-105928_perlmutter_4caaa5c8,ours_l01_s1_gate_pv2_r2_wa_pfov2_noid_trace-a2e8ab_b8_k8_isolated,isolated,ours,6,5,act_ms,0.048448,recorder
20260829-105928_perlmutter_4caaa5c8,ours_l01_s1_gate_pv2_r2_wa_pfov2_noid_trace-a2e8ab_b8_k8_isolated,isolated,ours,6,6,act_ms,0.048,recorder
20260829-105928_perlmutter_4caaa5c8,ours_l01_s1_gate_pv2_r2_wa_pfov2_noid_trace-a2e8ab_b8_k8_isolated,isolated,ours,6,7,act_ms,0.05296,recorder
20260829-105928_perlmutter_4caaa5c8,ours_l01_s1_gate_pv2_r2_wa_pfov2_noid_trace-a2e8ab_b8_k8_isolated,isolated,ours,6,8,act_ms,0.047584,recorder
20260829-105928_perlmutter_4caaa5c8,ours_l01_s1_gate_pv2_r2_wa_pfov2_noid_trace-a2e8ab_b8_k8_isolated,isolated,ours,6,9,act_ms,0.049472,recorder
20260829-105928_perlmutter_4caaa5c8,ours_l01_s1_gate_pv2_r2_wa_pfov2_noid_trace-a2e8ab_b8_k8_isolated,isolated,ours,6,0,l1_ms,3.31488,recorder
20260829-105928_perlmutter_4caaa5c8,ours_l01_s1_gate_pv2_r2_wa_pfov2_noid_trace-a2e8ab_b8_k8_isolated,isolated,ours,6,1,l1_ms,2.96496,recorder
20260829-105928_perlmutter_4caaa5c8,ours_l01_s1_gate_pv2_r2_wa_pfov2_noid_trace-a2e8ab_b8_k8_isolated,isolated,ours,6,2,l1_ms,3.122048,recorder
20260829-105928_perlmutter_4caaa5c8,ours_l01_s1_gate_pv2_r2_wa_pfov2_noid_trace-a2e8ab_b8_k8_isolated,isolated,ours,6,3,l1_ms,3.296384,recorder
20260829-105928_perlmutter_4caaa5c8,ours_l01_s1_gate_pv2_r2_wa_pfov2_noid_trace-a2e8ab_b8_k8_isolated,isolated,ours,6,4,l1_ms,3.128448,recorder
20260829-105928_perlmutter_4caaa5c8,ours_l01_s1_gate_pv2_r2_wa_pfov2_noid_trace-a2e8ab_b8_k8_isolated,isolated,ours,6,5,l1_ms,3.084576,recorder
20260829-105928_perlmutter_4caaa5c8,ours_l01_s1_gate_pv2_r2_wa_pfov2_noid_trace-a2e8ab_b8_k8_isolated,isolated,ours,6,6,l1_ms,3.260192,recorder
20260829-105928_perlmutter_4caaa5c8,ours_l01_s1_gate_pv2_r2_wa_pfov2_noid_trace-a2e8ab_b8_k8_isolated,isolated,ours,6,7,l1_ms,3.112544,recorder
20260829-105928_perlmutter_4caaa5c8,ours_l01_s1_gate_pv2_r2_wa_pfov2_noid_trace-a2e8ab_b8_k8_isolated,isolated,ours,6,8,l1_ms,3.05696,recorder
20260829-105928_perlmutter_4caaa5c8,ours_l01_s1_gate_pv2_r2_wa_pfov2_noid_trace-a2e8ab_b8_k8_isolated,isolated,ours,6,9,l1_ms,3.126368,recorder
20260829-105928_perlmutter_4caaa5c8,ours_l01_s1_gate_pv2_r2_wa_pfov2_noid_trace-a2e8ab_b8_k8_isolated,isolated,ours,6,0,plan_comm_ms,0.70528,recorder
20260829-105928_perlmutter_4caaa5c8,ours_l01_s1_gate_pv2_r2_wa_pfov2_noid_trace-a2e8ab_b8_k8_isolated,isolated,ours,6,1,plan_comm_ms,0.702304,recorder
20260829-105928_perlmutter_4caaa5c8,ours_l01_s1_gate_pv2_r2_wa_pfov2_noid_trace-a2e8ab_b8_k8_isolated,isolated,ours,6,2,plan_comm_ms,0.672384,recorder
20260829-105928_perlmutter_4caaa5c8,ours_l01_s1_gate_pv2_r2_wa_pfov2_noid_trace-a2e8ab_b8_k8_isolated,isolated,ours,6,3,plan_comm_ms,0.295552,recorder
20260829-105928_perlmutter_4caaa5c8,ours_l01_s1_gate_pv2_r2_wa_pfov2_noid_trace-a2e8ab_b8_k8_isolated,isolated,ours,6,4,plan_comm_ms,0.566944,recorder
20260829-105928_perlmutter_4caaa5c8,ours_l01_s1_gate_pv2_r2_wa_pfov2_noid_trace-a2e8ab_b8_k8_isolated,isolated,ours,6,5,plan_comm_ms,0.305088,recorder
20260829-105928_perlmutter_4caaa5c8,ours_l01_s1_gate_pv2_r2_wa_pfov2_noid_trace-a2e8ab_b8_k8_isolated,isolated,ours,6,6,plan_comm_ms,0.386048,recorder
20260829-105928_perlmutter_4caaa5c8,ours_l01_s1_gate_pv2_r2_wa_pfov2_noid_trace-a2e8ab_b8_k8_isolated,isolated,ours,6,7,plan_comm_ms,0.18416,recorder
20260829-105928_perlmutter_4caaa5c8,ours_l01_s1_gate_pv2_r2_wa_pfov2_noid_trace-a2e8ab_b8_k8_isolated,isolated,ours,6,8,plan_comm_ms,0.212384,recorder
20260829-105928_perlmutter_4caaa5c8,ours_l01_s1_gate_pv2_r2_wa_pfov2_noid_trace-a2e8ab_b8_k8_isolated,isolated,ours,6,9,plan_comm_ms,0.780224,recorder
20260829-105928_perlmutter_4caaa5c8,ours_l01_s1_gate_pv2_r2_wa_pfov2_noid_trace-a2e8ab_b8_k8_isolated,isolated,ours,6,0,place_ms,0.002336,recorder
20260829-105928_perlmutter_4caaa5c8,ours_l01_s1_gate_pv2_r2_wa_pfov2_noid_trace-a2e8ab_b8_k8_isolated,isolated,ours,6,1,place_ms,0.002336,recorder
20260829-105928_perlmutter_4caaa5c8,ours_l01_s1_gate_pv2_r2_wa_pfov2_noid_trace-a2e8ab_b8_k8_isolated,isolated,ours,6,2,place_ms,0.002336,recorder
20260829-105928_perlmutter_4caaa5c8,ours_l01_s1_gate_pv2_r2_wa_pfov2_noid_trace-a2e8ab_b8_k8_isolated,isolated,ours,6,3,place_ms,0.002368,recorder
20260829-105928_perlmutter_4caaa5c8,ours_l01_s1_gate_pv2_r2_wa_pfov2_noid_trace-a2e8ab_b8_k8_isolated,isolated,ours,6,4,place_ms,0.002368,recorder
20260829-105928_perlmutter_4caaa5c8,ours_l01_s1_gate_pv2_r2_wa_pfov2_noid_trace-a2e8ab_b8_k8_isolated,isolated,ours,6,5,place_ms,0.002336,recorder
20260829-105928_perlmutter_4caaa5c8,ours_l01_s1_gate_pv2_r2_wa_pfov2_noid_trace-a2e8ab_b8_k8_isolated,isolated,ours,6,6,place_ms,0.002336,recorder
20260829-105928_perlmutter_4caaa5c8,ours_l01_s1_gate_pv2_r2_wa_pfov2_noid_trace-a2e8ab_b8_k8_isolated,isolated,ours,6,7,place_ms,0.002336,recorder
20260829-105928_perlmutter_4caaa5c8,ours_l01_s1_gate_pv2_r2_wa_pfov2_noid_trace-a2e8ab_b8_k8_isolated,isolated,ours,6,8,place_ms,0.002368,recorder
20260829-105928_perlmutter_4caaa5c8,ours_l01_s1_gate_pv2_r2_wa_pfov2_noid_trace-a2e8ab_b8_k8_isolated,isolated,ours,6,9,place_ms,0.002368,recorder
20260829-105928_perlmutter_4caaa5c8,ours_l01_s1_gate_pv2_r2_wa_pfov2_noid_trace-a2e8ab_b8_k8_isolated,isolated,ours,6,0,plan_ms,0.91248,recorder
20260829-105928_perlmutter_4caaa5c8,ours_l01_s1_gate_pv2_r2_wa_pfov2_noid_trace-a2e8ab_b8_k8_isolated,isolated,ours,6,1,plan_ms,0.91104,recorder
20260829-105928_perlmutter_4caaa5c8,ours_l01_s1_gate_pv2_r2_wa_pfov2_noid_trace-a2e8ab_b8_k8_isolated,isolated,ours,6,2,plan_ms,0.9152,recorder
20260829-105928_perlmutter_4caaa5c8,ours_l01_s1_gate_pv2_r2_wa_pfov2_noid_trace-a2e8ab_b8_k8_isolated,isolated,ours,6,3,plan_ms,0.932448,recorder
20260829-105928_perlmutter_4caaa5c8,ours_l01_s1_gate_pv2_r2_wa_pfov2_noid_trace-a2e8ab_b8_k8_isolated,isolated,ours,6,4,plan_ms,0.914944,recorder
20260829-105928_perlmutter_4caaa5c8,ours_l01_s1_gate_pv2_r2_wa_pfov2_noid_trace-a2e8ab_b8_k8_isolated,isolated,ours,6,5,plan_ms,0.789376,recorder
20260829-105928_perlmutter_4caaa5c8,ours_l01_s1_gate_pv2_r2_wa_pfov2_noid_trace-a2e8ab_b8_k8_isolated,isolated,ours,6,6,plan_ms,1.078112,recorder
20260829-105928_perlmutter_4caaa5c8,ours_l01_s1_gate_pv2_r2_wa_pfov2_noid_trace-a2e8ab_b8_k8_isolated,isolated,ours,6,7,plan_ms,0.835776,recorder
20260829-105928_perlmutter_4caaa5c8,ours_l01_s1_gate_pv2_r2_wa_pfov2_noid_trace-a2e8ab_b8_k8_isolated,isolated,ours,6,8,plan_ms,0.833376,recorder
20260829-105928_perlmutter_4caaa5c8,ours_l01_s1_gate_pv2_r2_wa_pfov2_noid_trace-a2e8ab_b8_k8_isolated,isolated,ours,6,9,plan_ms,0.756192,recorder
20260829-105928_perlmutter_4caaa5c8,ours_l01_s1_gate_pv2_r2_wa_pfov2_noid_trace-a2e8ab_b8_k8_isolated,isolated,ours,6,0,total_ms,7.53152,recorder
20260829-105928_perlmutter_4caaa5c8,ours_l01_s1_gate_pv2_r2_wa_pfov2_noid_trace-a2e8ab_b8_k8_isolated,isolated,ours,6,1,total_ms,7.117504,recorder
20260829-105928_perlmutter_4caaa5c8,ours_l01_s1_gate_pv2_r2_wa_pfov2_noid_trace-a2e8ab_b8_k8_isolated,isolated,ours,6,2,total_ms,8.637376,recorder
20260829-105928_perlmutter_4caaa5c8,ours_l01_s1_gate_pv2_r2_wa_pfov2_noid_trace-a2e8ab_b8_k8_isolated,isolated,ours,6,3,total_ms,9.08128,recorder
20260829-105928_perlmutter_4caaa5c8,ours_l01_s1_gate_pv2_r2_wa_pfov2_noid_trace-a2e8ab_b8_k8_isolated,isolated,ours,6,4,total_ms,8.295264,recorder
20260829-105928_perlmutter_4caaa5c8,ours_l01_s1_gate_pv2_r2_wa_pfov2_noid_trace-a2e8ab_b8_k8_isolated,isolated,ours,6,5,total_ms,7.016992,recorder
20260829-105928_perlmutter_4caaa5c8,ours_l01_s1_gate_pv2_r2_wa_pfov2_noid_trace-a2e8ab_b8_k8_isolated,isolated,ours,6,6,total_ms,8.858592,recorder
20260829-105928_perlmutter_4caaa5c8,ours_l01_s1_gate_pv2_r2_wa_pfov2_noid_trace-a2e8ab_b8_k8_isolated,isolated,ours,6,7,total_ms,6.915424,recorder
20260829-105928_perlmutter_4caaa5c8,ours_l01_s1_gate_pv2_r2_wa_pfov2_noid_trace-a2e8ab_b8_k8_isolated,isolated,ours,6,8,total_ms,6.670048,recorder
20260829-105928_perlmutter_4caaa5c8,ours_l01_s1_gate_pv2_r2_wa_pfov2_noid_trace-a2e8ab_b8_k8_isolated,isolated,ours,6,9,total_ms,7.3296,recorder
20260829-105928_perlmutter_4caaa5c8,ours_l01_s1_gate_pv2_r2_wa_pfov2_noid_trace-a2e8ab_b8_k8_isolated,isolated,ours,6,0,iso_sync_ms,112.7851,recorder
20260829-105928_perlmutter_4caaa5c8,ours_l01_s1_gate_pv2_r2_wa_pfov2_noid_trace-a2e8ab_b8_k8_isolated,isolated,ours,6,1,iso_sync_ms,113.038139,recorder
20260829-105928_perlmutter_4caaa5c8,ours_l01_s1_gate_pv2_r2_wa_pfov2_noid_trace-a2e8ab_b8_k8_isolated,isolated,ours,6,2,iso_sync_ms,112.437349,recorder
20260829-105928_perlmutter_4caaa5c8,ours_l01_s1_gate_pv2_r2_wa_pfov2_noid_trace-a2e8ab_b8_k8_isolated,isolated,ours,6,3,iso_sync_ms,116.536286,recorder
20260829-105928_perlmutter_4caaa5c8,ours_l01_s1_gate_pv2_r2_wa_pfov2_noid_trace-a2e8ab_b8_k8_isolated,isolated,ours,6,4,iso_sync_ms,110.576233,recorder
20260829-105928_perlmutter_4caaa5c8,ours_l01_s1_gate_pv2_r2_wa_pfov2_noid_trace-a2e8ab_b8_k8_isolated,isolated,ours,6,5,iso_sync_ms,116.075958,recorder
20260829-105928_perlmutter_4caaa5c8,ours_l01_s1_gate_pv2_r2_wa_pfov2_noid_trace-a2e8ab_b8_k8_isolated,isolated,ours,6,6,iso_sync_ms,115.064553,recorder
20260829-105928_perlmutter_4caaa5c8,ours_l01_s1_gate_pv2_r2_wa_pfov2_noid_trace-a2e8ab_b8_k8_isolated,isolated,ours,6,7,iso_sync_ms,114.324093,recorder
20260829-105928_perlmutter_4caaa5c8,ours_l01_s1_gate_pv2_r2_wa_pfov2_noid_trace-a2e8ab_b8_k8_isolated,isolated,ours,6,8,iso_sync_ms,112.348556,recorder
20260829-105928_perlmutter_4caaa5c8,ours_l01_s1_gate_pv2_r2_wa_pfov2_noid_trace-a2e8ab_b8_k8_isolated,isolated,ours,6,9,iso_sync_ms,117.802653,recorder
20260829-105928_perlmutter_4caaa5c8,ours_l01_s1_gate_pv2_r2_wa_pfov2_noid_trace-a2e8ab_b8_k8_isolated,isolated,ours,7,0,e2e_ms,5.904,recorder
20260829-105928_perlmutter_4caaa5c8,ours_l01_s1_gate_pv2_r2_wa_pfov2_noid_trace-a2e8ab_b8_k8_isolated,isolated,ours,7,1,e2e_ms,5.47744,recorder
20260829-105928_perlmutter_4caaa5c8,ours_l01_s1_gate_pv2_r2_wa_pfov2_noid_trace-a2e8ab_b8_k8_isolated,isolated,ours,7,2,e2e_ms,7.046752,recorder
20260829-105928_perlmutter_4caaa5c8,ours_l01_s1_gate_pv2_r2_wa_pfov2_noid_trace-a2e8ab_b8_k8_isolated,isolated,ours,7,3,e2e_ms,7.849056,recorder
20260829-105928_perlmutter_4caaa5c8,ours_l01_s1_gate_pv2_r2_wa_pfov2_noid_trace-a2e8ab_b8_k8_isolated,isolated,ours,7,4,e2e_ms,6.786592,recorder
20260829-105928_perlmutter_4caaa5c8,ours_l01_s1_gate_pv2_r2_wa_pfov2_noid_trace-a2e8ab_b8_k8_isolated,isolated,ours,7,5,e2e_ms,5.9192,recorder
20260829-105928_perlmutter_4caaa5c8,ours_l01_s1_gate_pv2_r2_wa_pfov2_noid_trace-a2e8ab_b8_k8_isolated,isolated,ours,7,6,e2e_ms,7.36592,recorder
20260829-105928_perlmutter_4caaa5c8,ours_l01_s1_gate_pv2_r2_wa_pfov2_noid_trace-a2e8ab_b8_k8_isolated,isolated,ours,7,7,e2e_ms,5.885024,recorder
20260829-105928_perlmutter_4caaa5c8,ours_l01_s1_gate_pv2_r2_wa_pfov2_noid_trace-a2e8ab_b8_k8_isolated,isolated,ours,7,8,e2e_ms,5.614112,recorder
20260829-105928_perlmutter_4caaa5c8,ours_l01_s1_gate_pv2_r2_wa_pfov2_noid_trace-a2e8ab_b8_k8_isolated,isolated,ours,7,9,e2e_ms,5.778848,recorder
20260829-105928_perlmutter_4caaa5c8,ours_l01_s1_gate_pv2_r2_wa_pfov2_noid_trace-a2e8ab_b8_k8_isolated,isolated,ours,7,0,l0_ms,2.55856,recorder
20260829-105928_perlmutter_4caaa5c8,ours_l01_s1_gate_pv2_r2_wa_pfov2_noid_trace-a2e8ab_b8_k8_isolated,isolated,ours,7,1,l0_ms,2.466976,recorder
20260829-105928_perlmutter_4caaa5c8,ours_l01_s1_gate_pv2_r2_wa_pfov2_noid_trace-a2e8ab_b8_k8_isolated,isolated,ours,7,2,l0_ms,3.874976,recorder
20260829-105928_perlmutter_4caaa5c8,ours_l01_s1_gate_pv2_r2_wa_pfov2_noid_trace-a2e8ab_b8_k8_isolated,isolated,ours,7,3,l0_ms,4.483776,recorder
20260829-105928_perlmutter_4caaa5c8,ours_l01_s1_gate_pv2_r2_wa_pfov2_noid_trace-a2e8ab_b8_k8_isolated,isolated,ours,7,4,l0_ms,3.446912,recorder
20260829-105928_perlmutter_4caaa5c8,ours_l01_s1_gate_pv2_r2_wa_pfov2_noid_trace-a2e8ab_b8_k8_isolated,isolated,ours,7,5,l0_ms,2.779424,recorder
20260829-105928_perlmutter_4caaa5c8,ours_l01_s1_gate_pv2_r2_wa_pfov2_noid_trace-a2e8ab_b8_k8_isolated,isolated,ours,7,6,l0_ms,4.059296,recorder
20260829-105928_perlmutter_4caaa5c8,ours_l01_s1_gate_pv2_r2_wa_pfov2_noid_trace-a2e8ab_b8_k8_isolated,isolated,ours,7,7,l0_ms,2.698144,recorder
20260829-105928_perlmutter_4caaa5c8,ours_l01_s1_gate_pv2_r2_wa_pfov2_noid_trace-a2e8ab_b8_k8_isolated,isolated,ours,7,8,l0_ms,2.527424,recorder
20260829-105928_perlmutter_4caaa5c8,ours_l01_s1_gate_pv2_r2_wa_pfov2_noid_trace-a2e8ab_b8_k8_isolated,isolated,ours,7,9,l0_ms,2.602016,recorder
20260829-105928_perlmutter_4caaa5c8,ours_l01_s1_gate_pv2_r2_wa_pfov2_noid_trace-a2e8ab_b8_k8_isolated,isolated,ours,7,0,act_ms,0.044224,recorder
20260829-105928_perlmutter_4caaa5c8,ours_l01_s1_gate_pv2_r2_wa_pfov2_noid_trace-a2e8ab_b8_k8_isolated,isolated,ours,7,1,act_ms,0.046048,recorder
20260829-105928_perlmutter_4caaa5c8,ours_l01_s1_gate_pv2_r2_wa_pfov2_noid_trace-a2e8ab_b8_k8_isolated,isolated,ours,7,2,act_ms,0.045984,recorder
20260829-105928_perlmutter_4caaa5c8,ours_l01_s1_gate_pv2_r2_wa_pfov2_noid_trace-a2e8ab_b8_k8_isolated,isolated,ours,7,3,act_ms,0.04688,recorder
20260829-105928_perlmutter_4caaa5c8,ours_l01_s1_gate_pv2_r2_wa_pfov2_noid_trace-a2e8ab_b8_k8_isolated,isolated,ours,7,4,act_ms,0.046368,recorder
20260829-105928_perlmutter_4caaa5c8,ours_l01_s1_gate_pv2_r2_wa_pfov2_noid_trace-a2e8ab_b8_k8_isolated,isolated,ours,7,5,act_ms,0.044832,recorder
20260829-105928_perlmutter_4caaa5c8,ours_l01_s1_gate_pv2_r2_wa_pfov2_noid_trace-a2e8ab_b8_k8_isolated,isolated,ours,7,6,act_ms,0.045984,recorder
20260829-105928_perlmutter_4caaa5c8,ours_l01_s1_gate_pv2_r2_wa_pfov2_noid_trace-a2e8ab_b8_k8_isolated,isolated,ours,7,7,act_ms,0.043424,recorder
20260829-105928_perlmutter_4caaa5c8,ours_l01_s1_gate_pv2_r2_wa_pfov2_noid_trace-a2e8ab_b8_k8_isolated,isolated,ours,7,8,act_ms,0.0456,recorder
20260829-105928_perlmutter_4caaa5c8,ours_l01_s1_gate_pv2_r2_wa_pfov2_noid_trace-a2e8ab_b8_k8_isolated,isolated,ours,7,9,act_ms,0.043168,recorder
20260829-105928_perlmutter_4caaa5c8,ours_l01_s1_gate_pv2_r2_wa_pfov2_noid_trace-a2e8ab_b8_k8_isolated,isolated,ours,7,0,l1_ms,3.301216,recorder
20260829-105928_perlmutter_4caaa5c8,ours_l01_s1_gate_pv2_r2_wa_pfov2_noid_trace-a2e8ab_b8_k8_isolated,isolated,ours,7,1,l1_ms,2.964416,recorder
20260829-105928_perlmutter_4caaa5c8,ours_l01_s1_gate_pv2_r2_wa_pfov2_noid_trace-a2e8ab_b8_k8_isolated,isolated,ours,7,2,l1_ms,3.125792,recorder
20260829-105928_perlmutter_4caaa5c8,ours_l01_s1_gate_pv2_r2_wa_pfov2_noid_trace-a2e8ab_b8_k8_isolated,isolated,ours,7,3,l1_ms,3.3184,recorder
20260829-105928_perlmutter_4caaa5c8,ours_l01_s1_gate_pv2_r2_wa_pfov2_noid_trace-a2e8ab_b8_k8_isolated,isolated,ours,7,4,l1_ms,3.293312,recorder
20260829-105928_perlmutter_4caaa5c8,ours_l01_s1_gate_pv2_r2_wa_pfov2_noid_trace-a2e8ab_b8_k8_isolated,isolated,ours,7,5,l1_ms,3.094944,recorder
20260829-105928_perlmutter_4caaa5c8,ours_l01_s1_gate_pv2_r2_wa_pfov2_noid_trace-a2e8ab_b8_k8_isolated,isolated,ours,7,6,l1_ms,3.26064,recorder
20260829-105928_perlmutter_4caaa5c8,ours_l01_s1_gate_pv2_r2_wa_pfov2_noid_trace-a2e8ab_b8_k8_isolated,isolated,ours,7,7,l1_ms,3.143456,recorder
20260829-105928_perlmutter_4caaa5c8,ours_l01_s1_gate_pv2_r2_wa_pfov2_noid_trace-a2e8ab_b8_k8_isolated,isolated,ours,7,8,l1_ms,3.041088,recorder
20260829-105928_perlmutter_4caaa5c8,ours_l01_s1_gate_pv2_r2_wa_pfov2_noid_trace-a2e8ab_b8_k8_isolated,isolated,ours,7,9,l1_ms,3.133664,recorder
20260829-105928_perlmutter_4caaa5c8,ours_l01_s1_gate_pv2_r2_wa_pfov2_noid_trace-a2e8ab_b8_k8_isolated,isolated,ours,7,0,plan_comm_ms,0.712,recorder
20260829-105928_perlmutter_4caaa5c8,ours_l01_s1_gate_pv2_r2_wa_pfov2_noid_trace-a2e8ab_b8_k8_isolated,isolated,ours,7,1,plan_comm_ms,0.71536,recorder
20260829-105928_perlmutter_4caaa5c8,ours_l01_s1_gate_pv2_r2_wa_pfov2_noid_trace-a2e8ab_b8_k8_isolated,isolated,ours,7,2,plan_comm_ms,0.677888,recorder
20260829-105928_perlmutter_4caaa5c8,ours_l01_s1_gate_pv2_r2_wa_pfov2_noid_trace-a2e8ab_b8_k8_isolated,isolated,ours,7,3,plan_comm_ms,0.246912,recorder
20260829-105928_perlmutter_4caaa5c8,ours_l01_s1_gate_pv2_r2_wa_pfov2_noid_trace-a2e8ab_b8_k8_isolated,isolated,ours,7,4,plan_comm_ms,0.574816,recorder
20260829-105928_perlmutter_4caaa5c8,ours_l01_s1_gate_pv2_r2_wa_pfov2_noid_trace-a2e8ab_b8_k8_isolated,isolated,ours,7,5,plan_comm_ms,0.353184,recorder
20260829-105928_perlmutter_4caaa5c8,ours_l01_s1_gate_pv2_r2_wa_pfov2_noid_trace-a2e8ab_b8_k8_isolated,isolated,ours,7,6,plan_comm_ms,0.395808,recorder
20260829-105928_perlmutter_4caaa5c8,ours_l01_s1_gate_pv2_r2_wa_pfov2_noid_trace-a2e8ab_b8_k8_isolated,isolated,ours,7,7,plan_comm_ms,0.18192,recorder
20260829-105928_perlmutter_4caaa5c8,ours_l01_s1_gate_pv2_r2_wa_pfov2_noid_trace-a2e8ab_b8_k8_isolated,isolated,ours,7,8,plan_comm_ms,0.217664,recorder
20260829-105928_perlmutter_4caaa5c8,ours_l01_s1_gate_pv2_r2_wa_pfov2_noid_trace-a2e8ab_b8_k8_isolated,isolated,ours,7,9,plan_comm_ms,0.798048,recorder
20260829-105928_perlmutter_4caaa5c8,ours_l01_s1_gate_pv2_r2_wa_pfov2_noid_trace-a2e8ab_b8_k8_isolated,isolated,ours,7,0,place_ms,0.002304,recorder
20260829-105928_perlmutter_4caaa5c8,ours_l01_s1_gate_pv2_r2_wa_pfov2_noid_trace-a2e8ab_b8_k8_isolated,isolated,ours,7,1,place_ms,0.002304,recorder
20260829-105928_perlmutter_4caaa5c8,ours_l01_s1_gate_pv2_r2_wa_pfov2_noid_trace-a2e8ab_b8_k8_isolated,isolated,ours,7,2,place_ms,0.002304,recorder
20260829-105928_perlmutter_4caaa5c8,ours_l01_s1_gate_pv2_r2_wa_pfov2_noid_trace-a2e8ab_b8_k8_isolated,isolated,ours,7,3,place_ms,0.00272,recorder
20260829-105928_perlmutter_4caaa5c8,ours_l01_s1_gate_pv2_r2_wa_pfov2_noid_trace-a2e8ab_b8_k8_isolated,isolated,ours,7,4,place_ms,0.002432,recorder
20260829-105928_perlmutter_4caaa5c8,ours_l01_s1_gate_pv2_r2_wa_pfov2_noid_trace-a2e8ab_b8_k8_isolated,isolated,ours,7,5,place_ms,0.002304,recorder
20260829-105928_perlmutter_4caaa5c8,ours_l01_s1_gate_pv2_r2_wa_pfov2_noid_trace-a2e8ab_b8_k8_isolated,isolated,ours,7,6,place_ms,0.002304,recorder
20260829-105928_perlmutter_4caaa5c8,ours_l01_s1_gate_pv2_r2_wa_pfov2_noid_trace-a2e8ab_b8_k8_isolated,isolated,ours,7,7,place_ms,0.002304,recorder
20260829-105928_perlmutter_4caaa5c8,ours_l01_s1_gate_pv2_r2_wa_pfov2_noid_trace-a2e8ab_b8_k8_isolated,isolated,ours,7,8,place_ms,0.002304,recorder
20260829-105928_perlmutter_4caaa5c8,ours_l01_s1_gate_pv2_r2_wa_pfov2_noid_trace-a2e8ab_b8_k8_isolated,isolated,ours,7,9,place_ms,0.002528,recorder
20260829-105928_perlmutter_4caaa5c8,ours_l01_s1_gate_pv2_r2_wa_pfov2_noid_trace-a2e8ab_b8_k8_isolated,isolated,ours,7,0,plan_ms,0.917792,recorder
20260829-105928_perlmutter_4caaa5c8,ours_l01_s1_gate_pv2_r2_wa_pfov2_noid_trace-a2e8ab_b8_k8_isolated,isolated,ours,7,1,plan_ms,0.9272,recorder
20260829-105928_perlmutter_4caaa5c8,ours_l01_s1_gate_pv2_r2_wa_pfov2_noid_trace-a2e8ab_b8_k8_isolated,isolated,ours,7,2,plan_ms,0.907136,recorder
20260829-105928_perlmutter_4caaa5c8,ours_l01_s1_gate_pv2_r2_wa_pfov2_noid_trace-a2e8ab_b8_k8_isolated,isolated,ours,7,3,plan_ms,0.950432,recorder
20260829-105928_perlmutter_4caaa5c8,ours_l01_s1_gate_pv2_r2_wa_pfov2_noid_trace-a2e8ab_b8_k8_isolated,isolated,ours,7,4,plan_ms,0.929088,recorder
20260829-105928_perlmutter_4caaa5c8,ours_l01_s1_gate_pv2_r2_wa_pfov2_noid_trace-a2e8ab_b8_k8_isolated,isolated,ours,7,5,plan_ms,0.786752,recorder
20260829-105928_perlmutter_4caaa5c8,ours_l01_s1_gate_pv2_r2_wa_pfov2_noid_trace-a2e8ab_b8_k8_isolated,isolated,ours,7,6,plan_ms,1.095936,recorder
20260829-105928_perlmutter_4caaa5c8,ours_l01_s1_gate_pv2_r2_wa_pfov2_noid_trace-a2e8ab_b8_k8_isolated,isolated,ours,7,7,plan_ms,0.858112,recorder
20260829-105928_perlmutter_4caaa5c8,ours_l01_s1_gate_pv2_r2_wa_pfov2_noid_trace-a2e8ab_b8_k8_isolated,isolated,ours,7,8,plan_ms,0.830752,recorder
20260829-105928_perlmutter_4caaa5c8,ours_l01_s1_gate_pv2_r2_wa_pfov2_noid_trace-a2e8ab_b8_k8_isolated,isolated,ours,7,9,plan_ms,0.765984,recorder
20260829-105928_perlmutter_4caaa5c8,ours_l01_s1_gate_pv2_r2_wa_pfov2_noid_trace-a2e8ab_b8_k8_isolated,isolated,ours,7,0,total_ms,7.544544,recorder
20260829-105928_perlmutter_4caaa5c8,ours_l01_s1_gate_pv2_r2_wa_pfov2_noid_trace-a2e8ab_b8_k8_isolated,isolated,ours,7,1,total_ms,7.131808,recorder
20260829-105928_perlmutter_4caaa5c8,ours_l01_s1_gate_pv2_r2_wa_pfov2_noid_trace-a2e8ab_b8_k8_isolated,isolated,ours,7,2,total_ms,8.643936,recorder
20260829-105928_perlmutter_4caaa5c8,ours_l01_s1_gate_pv2_r2_wa_pfov2_noid_trace-a2e8ab_b8_k8_isolated,isolated,ours,7,3,total_ms,9.05872,recorder
20260829-105928_perlmutter_4caaa5c8,ours_l01_s1_gate_pv2_r2_wa_pfov2_noid_trace-a2e8ab_b8_k8_isolated,isolated,ours,7,4,total_ms,8.30256,recorder
20260829-105928_perlmutter_4caaa5c8,ours_l01_s1_gate_pv2_r2_wa_pfov2_noid_trace-a2e8ab_b8_k8_isolated,isolated,ours,7,5,total_ms,7.071264,recorder
20260829-105928_perlmutter_4caaa5c8,ours_l01_s1_gate_pv2_r2_wa_pfov2_noid_trace-a2e8ab_b8_k8_isolated,isolated,ours,7,6,total_ms,8.870176,recorder
20260829-105928_perlmutter_4caaa5c8,ours_l01_s1_gate_pv2_r2_wa_pfov2_noid_trace-a2e8ab_b8_k8_isolated,isolated,ours,7,7,total_ms,6.936992,recorder
20260829-105928_perlmutter_4caaa5c8,ours_l01_s1_gate_pv2_r2_wa_pfov2_noid_trace-a2e8ab_b8_k8_isolated,isolated,ours,7,8,total_ms,6.675072,recorder
20260829-105928_perlmutter_4caaa5c8,ours_l01_s1_gate_pv2_r2_wa_pfov2_noid_trace-a2e8ab_b8_k8_isolated,isolated,ours,7,9,total_ms,7.355424,recorder
20260829-105928_perlmutter_4caaa5c8,ours_l01_s1_gate_pv2_r2_wa_pfov2_noid_trace-a2e8ab_b8_k8_isolated,isolated,ours,7,0,iso_sync_ms,12.870483,recorder
20260829-105928_perlmutter_4caaa5c8,ours_l01_s1_gate_pv2_r2_wa_pfov2_noid_trace-a2e8ab_b8_k8_isolated,isolated,ours,7,1,iso_sync_ms,13.408092,recorder
20260829-105928_perlmutter_4caaa5c8,ours_l01_s1_gate_pv2_r2_wa_pfov2_noid_trace-a2e8ab_b8_k8_isolated,isolated,ours,7,2,iso_sync_ms,13.498928,recorder
20260829-105928_perlmutter_4caaa5c8,ours_l01_s1_gate_pv2_r2_wa_pfov2_noid_trace-a2e8ab_b8_k8_isolated,isolated,ours,7,3,iso_sync_ms,12.638305,recorder
20260829-105928_perlmutter_4caaa5c8,ours_l01_s1_gate_pv2_r2_wa_pfov2_noid_trace-a2e8ab_b8_k8_isolated,isolated,ours,7,4,iso_sync_ms,11.992167,recorder
20260829-105928_perlmutter_4caaa5c8,ours_l01_s1_gate_pv2_r2_wa_pfov2_noid_trace-a2e8ab_b8_k8_isolated,isolated,ours,7,5,iso_sync_ms,23.493165,recorder
20260829-105928_perlmutter_4caaa5c8,ours_l01_s1_gate_pv2_r2_wa_pfov2_noid_trace-a2e8ab_b8_k8_isolated,isolated,ours,7,6,iso_sync_ms,27.078952,recorder
20260829-105928_perlmutter_4caaa5c8,ours_l01_s1_gate_pv2_r2_wa_pfov2_noid_trace-a2e8ab_b8_k8_isolated,isolated,ours,7,7,iso_sync_ms,20.882902,recorder
20260829-105928_perlmutter_4caaa5c8,ours_l01_s1_gate_pv2_r2_wa_pfov2_noid_trace-a2e8ab_b8_k8_isolated,isolated,ours,7,8,iso_sync_ms,22.898926,recorder
20260829-105928_perlmutter_4caaa5c8,ours_l01_s1_gate_pv2_r2_wa_pfov2_noid_trace-a2e8ab_b8_k8_isolated,isolated,ours,7,9,iso_sync_ms,8.070521,recorder
20260829-105928_perlmutter_4caaa5c8,ours_l01_s1_gate_pv2_r2_wa_pfov2_noid_trace-a2e8ab_b8_k8_isolated,isolated,ours,8,0,e2e_ms,5.91664,recorder
20260829-105928_perlmutter_4caaa5c8,ours_l01_s1_gate_pv2_r2_wa_pfov2_noid_trace-a2e8ab_b8_k8_isolated,isolated,ours,8,1,e2e_ms,5.455584,recorder
20260829-105928_perlmutter_4caaa5c8,ours_l01_s1_gate_pv2_r2_wa_pfov2_noid_trace-a2e8ab_b8_k8_isolated,isolated,ours,8,2,e2e_ms,7.06256,recorder
20260829-105928_perlmutter_4caaa5c8,ours_l01_s1_gate_pv2_r2_wa_pfov2_noid_trace-a2e8ab_b8_k8_isolated,isolated,ours,8,3,e2e_ms,7.876256,recorder
20260829-105928_perlmutter_4caaa5c8,ours_l01_s1_gate_pv2_r2_wa_pfov2_noid_trace-a2e8ab_b8_k8_isolated,isolated,ours,8,4,e2e_ms,6.758688,recorder
20260829-105928_perlmutter_4caaa5c8,ours_l01_s1_gate_pv2_r2_wa_pfov2_noid_trace-a2e8ab_b8_k8_isolated,isolated,ours,8,5,e2e_ms,5.892576,recorder
20260829-105928_perlmutter_4caaa5c8,ours_l01_s1_gate_pv2_r2_wa_pfov2_noid_trace-a2e8ab_b8_k8_isolated,isolated,ours,8,6,e2e_ms,7.40192,recorder
20260829-105928_perlmutter_4caaa5c8,ours_l01_s1_gate_pv2_r2_wa_pfov2_noid_trace-a2e8ab_b8_k8_isolated,isolated,ours,8,7,e2e_ms,5.924992,recorder
20260829-105928_perlmutter_4caaa5c8,ours_l01_s1_gate_pv2_r2_wa_pfov2_noid_trace-a2e8ab_b8_k8_isolated,isolated,ours,8,8,e2e_ms,5.631776,recorder
20260829-105928_perlmutter_4caaa5c8,ours_l01_s1_gate_pv2_r2_wa_pfov2_noid_trace-a2e8ab_b8_k8_isolated,isolated,ours,8,9,e2e_ms,5.766592,recorder
20260829-105928_perlmutter_4caaa5c8,ours_l01_s1_gate_pv2_r2_wa_pfov2_noid_trace-a2e8ab_b8_k8_isolated,isolated,ours,8,0,l0_ms,2.583392,recorder
20260829-105928_perlmutter_4caaa5c8,ours_l01_s1_gate_pv2_r2_wa_pfov2_noid_trace-a2e8ab_b8_k8_isolated,isolated,ours,8,1,l0_ms,2.464064,recorder
20260829-105928_perlmutter_4caaa5c8,ours_l01_s1_gate_pv2_r2_wa_pfov2_noid_trace-a2e8ab_b8_k8_isolated,isolated,ours,8,2,l0_ms,3.889184,recorder
20260829-105928_perlmutter_4caaa5c8,ours_l01_s1_gate_pv2_r2_wa_pfov2_noid_trace-a2e8ab_b8_k8_isolated,isolated,ours,8,3,l0_ms,4.50624,recorder
20260829-105928_perlmutter_4caaa5c8,ours_l01_s1_gate_pv2_r2_wa_pfov2_noid_trace-a2e8ab_b8_k8_isolated,isolated,ours,8,4,l0_ms,3.458144,recorder
20260829-105928_perlmutter_4caaa5c8,ours_l01_s1_gate_pv2_r2_wa_pfov2_noid_trace-a2e8ab_b8_k8_isolated,isolated,ours,8,5,l0_ms,2.777696,recorder
20260829-105928_perlmutter_4caaa5c8,ours_l01_s1_gate_pv2_r2_wa_pfov2_noid_trace-a2e8ab_b8_k8_isolated,isolated,ours,8,6,l0_ms,4.101536,recorder
20260829-105928_perlmutter_4caaa5c8,ours_l01_s1_gate_pv2_r2_wa_pfov2_noid_trace-a2e8ab_b8_k8_isolated,isolated,ours,8,7,l0_ms,2.73408,recorder
20260829-105928_perlmutter_4caaa5c8,ours_l01_s1_gate_pv2_r2_wa_pfov2_noid_trace-a2e8ab_b8_k8_isolated,isolated,ours,8,8,l0_ms,2.542592,recorder
20260829-105928_perlmutter_4caaa5c8,ours_l01_s1_gate_pv2_r2_wa_pfov2_noid_trace-a2e8ab_b8_k8_isolated,isolated,ours,8,9,l0_ms,2.617632,recorder
20260829-105928_perlmutter_4caaa5c8,ours_l01_s1_gate_pv2_r2_wa_pfov2_noid_trace-a2e8ab_b8_k8_isolated,isolated,ours,8,0,act_ms,0.036608,recorder
20260829-105928_perlmutter_4caaa5c8,ours_l01_s1_gate_pv2_r2_wa_pfov2_noid_trace-a2e8ab_b8_k8_isolated,isolated,ours,8,1,act_ms,0.035424,recorder
20260829-105928_perlmutter_4caaa5c8,ours_l01_s1_gate_pv2_r2_wa_pfov2_noid_trace-a2e8ab_b8_k8_isolated,isolated,ours,8,2,act_ms,0.036832,recorder
20260829-105928_perlmutter_4caaa5c8,ours_l01_s1_gate_pv2_r2_wa_pfov2_noid_trace-a2e8ab_b8_k8_isolated,isolated,ours,8,3,act_ms,0.037216,recorder
20260829-105928_perlmutter_4caaa5c8,ours_l01_s1_gate_pv2_r2_wa_pfov2_noid_trace-a2e8ab_b8_k8_isolated,isolated,ours,8,4,act_ms,0.03632,recorder
20260829-105928_perlmutter_4caaa5c8,ours_l01_s1_gate_pv2_r2_wa_pfov2_noid_trace-a2e8ab_b8_k8_isolated,isolated,ours,8,5,act_ms,0.036992,recorder
20260829-105928_perlmutter_4caaa5c8,ours_l01_s1_gate_pv2_r2_wa_pfov2_noid_trace-a2e8ab_b8_k8_isolated,isolated,ours,8,6,act_ms,0.036832,recorder
20260829-105928_perlmutter_4caaa5c8,ours_l01_s1_gate_pv2_r2_wa_pfov2_noid_trace-a2e8ab_b8_k8_isolated,isolated,ours,8,7,act_ms,0.036864,recorder
20260829-105928_perlmutter_4caaa5c8,ours_l01_s1_gate_pv2_r2_wa_pfov2_noid_trace-a2e8ab_b8_k8_isolated,isolated,ours,8,8,act_ms,0.036416,recorder
20260829-105928_perlmutter_4caaa5c8,ours_l01_s1_gate_pv2_r2_wa_pfov2_noid_trace-a2e8ab_b8_k8_isolated,isolated,ours,8,9,act_ms,0.037952,recorder
20260829-105928_perlmutter_4caaa5c8,ours_l01_s1_gate_pv2_r2_wa_pfov2_noid_trace-a2e8ab_b8_k8_isolated,isolated,ours,8,0,l1_ms,3.29664,recorder
20260829-105928_perlmutter_4caaa5c8,ours_l01_s1_gate_pv2_r2_wa_pfov2_noid_trace-a2e8ab_b8_k8_isolated,isolated,ours,8,1,l1_ms,2.956096,recorder
20260829-105928_perlmutter_4caaa5c8,ours_l01_s1_gate_pv2_r2_wa_pfov2_noid_trace-a2e8ab_b8_k8_isolated,isolated,ours,8,2,l1_ms,3.136544,recorder
20260829-105928_perlmutter_4caaa5c8,ours_l01_s1_gate_pv2_r2_wa_pfov2_noid_trace-a2e8ab_b8_k8_isolated,isolated,ours,8,3,l1_ms,3.3328,recorder
20260829-105928_perlmutter_4caaa5c8,ours_l01_s1_gate_pv2_r2_wa_pfov2_noid_trace-a2e8ab_b8_k8_isolated,isolated,ours,8,4,l1_ms,3.264224,recorder
20260829-105928_perlmutter_4caaa5c8,ours_l01_s1_gate_pv2_r2_wa_pfov2_noid_trace-a2e8ab_b8_k8_isolated,isolated,ours,8,5,l1_ms,3.077888,recorder
20260829-105928_perlmutter_4caaa5c8,ours_l01_s1_gate_pv2_r2_wa_pfov2_noid_trace-a2e8ab_b8_k8_isolated,isolated,ours,8,6,l1_ms,3.263552,recorder
20260829-105928_perlmutter_4caaa5c8,ours_l01_s1_gate_pv2_r2_wa_pfov2_noid_trace-a2e8ab_b8_k8_isolated,isolated,ours,8,7,l1_ms,3.154048,recorder
20260829-105928_perlmutter_4caaa5c8,ours_l01_s1_gate_pv2_r2_wa_pfov2_noid_trace-a2e8ab_b8_k8_isolated,isolated,ours,8,8,l1_ms,3.052768,recorder
20260829-105928_perlmutter_4caaa5c8,ours_l01_s1_gate_pv2_r2_wa_pfov2_noid_trace-a2e8ab_b8_k8_isolated,isolated,ours,8,9,l1_ms,3.111008,recorder
20260829-105928_perlmutter_4caaa5c8,ours_l01_s1_gate_pv2_r2_wa_pfov2_noid_trace-a2e8ab_b8_k8_isolated,isolated,ours,8,0,plan_comm_ms,0.57136,recorder
20260829-105928_perlmutter_4caaa5c8,ours_l01_s1_gate_pv2_r2_wa_pfov2_noid_trace-a2e8ab_b8_k8_isolated,isolated,ours,8,1,plan_comm_ms,0.719072,recorder
20260829-105928_perlmutter_4caaa5c8,ours_l01_s1_gate_pv2_r2_wa_pfov2_noid_trace-a2e8ab_b8_k8_isolated,isolated,ours,8,2,plan_comm_ms,0.6728,recorder
20260829-105928_perlmutter_4caaa5c8,ours_l01_s1_gate_pv2_r2_wa_pfov2_noid_trace-a2e8ab_b8_k8_isolated,isolated,ours,8,3,plan_comm_ms,0.344416,recorder
20260829-105928_perlmutter_4caaa5c8,ours_l01_s1_gate_pv2_r2_wa_pfov2_noid_trace-a2e8ab_b8_k8_isolated,isolated,ours,8,4,plan_comm_ms,0.57008,recorder
20260829-105928_perlmutter_4caaa5c8,ours_l01_s1_gate_pv2_r2_wa_pfov2_noid_trace-a2e8ab_b8_k8_isolated,isolated,ours,8,5,plan_comm_ms,0.20592,recorder
20260829-105928_perlmutter_4caaa5c8,ours_l01_s1_gate_pv2_r2_wa_pfov2_noid_trace-a2e8ab_b8_k8_isolated,isolated,ours,8,6,plan_comm_ms,0.389344,recorder
20260829-105928_perlmutter_4caaa5c8,ours_l01_s1_gate_pv2_r2_wa_pfov2_noid_trace-a2e8ab_b8_k8_isolated,isolated,ours,8,7,plan_comm_ms,0.186272,recorder
20260829-105928_perlmutter_4caaa5c8,ours_l01_s1_gate_pv2_r2_wa_pfov2_noid_trace-a2e8ab_b8_k8_isolated,isolated,ours,8,8,plan_comm_ms,0.216608,recorder
20260829-105928_perlmutter_4caaa5c8,ours_l01_s1_gate_pv2_r2_wa_pfov2_noid_trace-a2e8ab_b8_k8_isolated,isolated,ours,8,9,plan_comm_ms,0.791328,recorder
20260829-105928_perlmutter_4caaa5c8,ours_l01_s1_gate_pv2_r2_wa_pfov2_noid_trace-a2e8ab_b8_k8_isolated,isolated,ours,8,0,place_ms,0.002336,recorder
20260829-105928_perlmutter_4caaa5c8,ours_l01_s1_gate_pv2_r2_wa_pfov2_noid_trace-a2e8ab_b8_k8_isolated,isolated,ours,8,1,place_ms,0.002336,recorder
20260829-105928_perlmutter_4caaa5c8,ours_l01_s1_gate_pv2_r2_wa_pfov2_noid_trace-a2e8ab_b8_k8_isolated,isolated,ours,8,2,place_ms,0.002336,recorder
20260829-105928_perlmutter_4caaa5c8,ours_l01_s1_gate_pv2_r2_wa_pfov2_noid_trace-a2e8ab_b8_k8_isolated,isolated,ours,8,3,place_ms,0.002336,recorder
20260829-105928_perlmutter_4caaa5c8,ours_l01_s1_gate_pv2_r2_wa_pfov2_noid_trace-a2e8ab_b8_k8_isolated,isolated,ours,8,4,place_ms,0.002336,recorder
20260829-105928_perlmutter_4caaa5c8,ours_l01_s1_gate_pv2_r2_wa_pfov2_noid_trace-a2e8ab_b8_k8_isolated,isolated,ours,8,5,place_ms,0.0136,recorder
20260829-105928_perlmutter_4caaa5c8,ours_l01_s1_gate_pv2_r2_wa_pfov2_noid_trace-a2e8ab_b8_k8_isolated,isolated,ours,8,6,place_ms,0.002368,recorder
20260829-105928_perlmutter_4caaa5c8,ours_l01_s1_gate_pv2_r2_wa_pfov2_noid_trace-a2e8ab_b8_k8_isolated,isolated,ours,8,7,place_ms,0.002368,recorder
20260829-105928_perlmutter_4caaa5c8,ours_l01_s1_gate_pv2_r2_wa_pfov2_noid_trace-a2e8ab_b8_k8_isolated,isolated,ours,8,8,place_ms,0.002368,recorder
20260829-105928_perlmutter_4caaa5c8,ours_l01_s1_gate_pv2_r2_wa_pfov2_noid_trace-a2e8ab_b8_k8_isolated,isolated,ours,8,9,place_ms,0.002336,recorder
20260829-105928_perlmutter_4caaa5c8,ours_l01_s1_gate_pv2_r2_wa_pfov2_noid_trace-a2e8ab_b8_k8_isolated,isolated,ours,8,0,plan_ms,0.898432,recorder
20260829-105928_perlmutter_4caaa5c8,ours_l01_s1_gate_pv2_r2_wa_pfov2_noid_trace-a2e8ab_b8_k8_isolated,isolated,ours,8,1,plan_ms,0.951328,recorder
20260829-105928_perlmutter_4caaa5c8,ours_l01_s1_gate_pv2_r2_wa_pfov2_noid_trace-a2e8ab_b8_k8_isolated,isolated,ours,8,2,plan_ms,0.894272,recorder
20260829-105928_perlmutter_4caaa5c8,ours_l01_s1_gate_pv2_r2_wa_pfov2_noid_trace-a2e8ab_b8_k8_isolated,isolated,ours,8,3,plan_ms,0.925504,recorder
20260829-105928_perlmutter_4caaa5c8,ours_l01_s1_gate_pv2_r2_wa_pfov2_noid_trace-a2e8ab_b8_k8_isolated,isolated,ours,8,4,plan_ms,0.961056,recorder
20260829-105928_perlmutter_4caaa5c8,ours_l01_s1_gate_pv2_r2_wa_pfov2_noid_trace-a2e8ab_b8_k8_isolated,isolated,ours,8,5,plan_ms,0.790656,recorder
20260829-105928_perlmutter_4caaa5c8,ours_l01_s1_gate_pv2_r2_wa_pfov2_noid_trace-a2e8ab_b8_k8_isolated,isolated,ours,8,6,plan_ms,1.056416,recorder
20260829-105928_perlmutter_4caaa5c8,ours_l01_s1_gate_pv2_r2_wa_pfov2_noid_trace-a2e8ab_b8_k8_isolated,isolated,ours,8,7,plan_ms,0.825792,recorder
20260829-105928_perlmutter_4caaa5c8,ours_l01_s1_gate_pv2_r2_wa_pfov2_noid_trace-a2e8ab_b8_k8_isolated,isolated,ours,8,8,plan_ms,0.818624,recorder
20260829-105928_perlmutter_4caaa5c8,ours_l01_s1_gate_pv2_r2_wa_pfov2_noid_trace-a2e8ab_b8_k8_isolated,isolated,ours,8,9,plan_ms,0.766816,recorder
20260829-105928_perlmutter_4caaa5c8,ours_l01_s1_gate_pv2_r2_wa_pfov2_noid_trace-a2e8ab_b8_k8_isolated,isolated,ours,8,0,total_ms,7.398176,recorder
20260829-105928_perlmutter_4caaa5c8,ours_l01_s1_gate_pv2_r2_wa_pfov2_noid_trace-a2e8ab_b8_k8_isolated,isolated,ours,8,1,total_ms,7.137856,recorder
20260829-105928_perlmutter_4caaa5c8,ours_l01_s1_gate_pv2_r2_wa_pfov2_noid_trace-a2e8ab_b8_k8_isolated,isolated,ours,8,2,total_ms,8.641536,recorder
20260829-105928_perlmutter_4caaa5c8,ours_l01_s1_gate_pv2_r2_wa_pfov2_noid_trace-a2e8ab_b8_k8_isolated,isolated,ours,8,3,total_ms,9.15808,recorder
20260829-105928_perlmutter_4caaa5c8,ours_l01_s1_gate_pv2_r2_wa_pfov2_noid_trace-a2e8ab_b8_k8_isolated,isolated,ours,8,4,total_ms,8.301696,recorder
20260829-105928_perlmutter_4caaa5c8,ours_l01_s1_gate_pv2_r2_wa_pfov2_noid_trace-a2e8ab_b8_k8_isolated,isolated,ours,8,5,total_ms,6.912,recorder
20260829-105928_perlmutter_4caaa5c8,ours_l01_s1_gate_pv2_r2_wa_pfov2_noid_trace-a2e8ab_b8_k8_isolated,isolated,ours,8,6,total_ms,8.859584,recorder
20260829-105928_perlmutter_4caaa5c8,ours_l01_s1_gate_pv2_r2_wa_pfov2_noid_trace-a2e8ab_b8_k8_isolated,isolated,ours,8,7,total_ms,6.948832,recorder
20260829-105928_perlmutter_4caaa5c8,ours_l01_s1_gate_pv2_r2_wa_pfov2_noid_trace-a2e8ab_b8_k8_isolated,isolated,ours,8,8,total_ms,6.679296,recorder
20260829-105928_perlmutter_4caaa5c8,ours_l01_s1_gate_pv2_r2_wa_pfov2_noid_trace-a2e8ab_b8_k8_isolated,isolated,ours,8,9,total_ms,7.341152,recorder
20260829-105928_perlmutter_4caaa5c8,ours_l01_s1_gate_pv2_r2_wa_pfov2_noid_trace-a2e8ab_b8_k8_isolated,isolated,ours,8,0,iso_sync_ms,334.408971,recorder
20260829-105928_perlmutter_4caaa5c8,ours_l01_s1_gate_pv2_r2_wa_pfov2_noid_trace-a2e8ab_b8_k8_isolated,isolated,ours,8,1,iso_sync_ms,336.11116,recorder
20260829-105928_perlmutter_4caaa5c8,ours_l01_s1_gate_pv2_r2_wa_pfov2_noid_trace-a2e8ab_b8_k8_isolated,isolated,ours,8,2,iso_sync_ms,331.521851,recorder
20260829-105928_perlmutter_4caaa5c8,ours_l01_s1_gate_pv2_r2_wa_pfov2_noid_trace-a2e8ab_b8_k8_isolated,isolated,ours,8,3,iso_sync_ms,335.632565,recorder
20260829-105928_perlmutter_4caaa5c8,ours_l01_s1_gate_pv2_r2_wa_pfov2_noid_trace-a2e8ab_b8_k8_isolated,isolated,ours,8,4,iso_sync_ms,333.246735,recorder
20260829-105928_perlmutter_4caaa5c8,ours_l01_s1_gate_pv2_r2_wa_pfov2_noid_trace-a2e8ab_b8_k8_isolated,isolated,ours,8,5,iso_sync_ms,334.354394,recorder
20260829-105928_perlmutter_4caaa5c8,ours_l01_s1_gate_pv2_r2_wa_pfov2_noid_trace-a2e8ab_b8_k8_isolated,isolated,ours,8,6,iso_sync_ms,335.463098,recorder
20260829-105928_perlmutter_4caaa5c8,ours_l01_s1_gate_pv2_r2_wa_pfov2_noid_trace-a2e8ab_b8_k8_isolated,isolated,ours,8,7,iso_sync_ms,333.833137,recorder
20260829-105928_perlmutter_4caaa5c8,ours_l01_s1_gate_pv2_r2_wa_pfov2_noid_trace-a2e8ab_b8_k8_isolated,isolated,ours,8,8,iso_sync_ms,334.59005,recorder
20260829-105928_perlmutter_4caaa5c8,ours_l01_s1_gate_pv2_r2_wa_pfov2_noid_trace-a2e8ab_b8_k8_isolated,isolated,ours,8,9,iso_sync_ms,334.989843,recorder
20260829-105928_perlmutter_4caaa5c8,ours_l01_s1_gate_pv2_r2_wa_pfov2_noid_trace-a2e8ab_b8_k8_isolated,isolated,ours,9,0,e2e_ms,5.90912,recorder
20260829-105928_perlmutter_4caaa5c8,ours_l01_s1_gate_pv2_r2_wa_pfov2_noid_trace-a2e8ab_b8_k8_isolated,isolated,ours,9,1,e2e_ms,5.401984,recorder
20260829-105928_perlmutter_4caaa5c8,ours_l01_s1_gate_pv2_r2_wa_pfov2_noid_trace-a2e8ab_b8_k8_isolated,isolated,ours,9,2,e2e_ms,7.039872,recorder
20260829-105928_perlmutter_4caaa5c8,ours_l01_s1_gate_pv2_r2_wa_pfov2_noid_trace-a2e8ab_b8_k8_isolated,isolated,ours,9,3,e2e_ms,7.854496,recorder
20260829-105928_perlmutter_4caaa5c8,ours_l01_s1_gate_pv2_r2_wa_pfov2_noid_trace-a2e8ab_b8_k8_isolated,isolated,ours,9,4,e2e_ms,6.709984,recorder
20260829-105928_perlmutter_4caaa5c8,ours_l01_s1_gate_pv2_r2_wa_pfov2_noid_trace-a2e8ab_b8_k8_isolated,isolated,ours,9,5,e2e_ms,5.889792,recorder
20260829-105928_perlmutter_4caaa5c8,ours_l01_s1_gate_pv2_r2_wa_pfov2_noid_trace-a2e8ab_b8_k8_isolated,isolated,ours,9,6,e2e_ms,7.401792,recorder
20260829-105928_perlmutter_4caaa5c8,ours_l01_s1_gate_pv2_r2_wa_pfov2_noid_trace-a2e8ab_b8_k8_isolated,isolated,ours,9,7,e2e_ms,5.894304,recorder
20260829-105928_perlmutter_4caaa5c8,ours_l01_s1_gate_pv2_r2_wa_pfov2_noid_trace-a2e8ab_b8_k8_isolated,isolated,ours,9,8,e2e_ms,5.617504,recorder
20260829-105928_perlmutter_4caaa5c8,ours_l01_s1_gate_pv2_r2_wa_pfov2_noid_trace-a2e8ab_b8_k8_isolated,isolated,ours,9,9,e2e_ms,5.782048,recorder
20260829-105928_perlmutter_4caaa5c8,ours_l01_s1_gate_pv2_r2_wa_pfov2_noid_trace-a2e8ab_b8_k8_isolated,isolated,ours,9,0,l0_ms,2.593696,recorder
20260829-105928_perlmutter_4caaa5c8,ours_l01_s1_gate_pv2_r2_wa_pfov2_noid_trace-a2e8ab_b8_k8_isolated,isolated,ours,9,1,l0_ms,2.408896,recorder
20260829-105928_perlmutter_4caaa5c8,ours_l01_s1_gate_pv2_r2_wa_pfov2_noid_trace-a2e8ab_b8_k8_isolated,isolated,ours,9,2,l0_ms,3.862144,recorder
20260829-105928_perlmutter_4caaa5c8,ours_l01_s1_gate_pv2_r2_wa_pfov2_noid_trace-a2e8ab_b8_k8_isolated,isolated,ours,9,3,l0_ms,4.493408,recorder
20260829-105928_perlmutter_4caaa5c8,ours_l01_s1_gate_pv2_r2_wa_pfov2_noid_trace-a2e8ab_b8_k8_isolated,isolated,ours,9,4,l0_ms,3.437856,recorder
20260829-105928_perlmutter_4caaa5c8,ours_l01_s1_gate_pv2_r2_wa_pfov2_noid_trace-a2e8ab_b8_k8_isolated,isolated,ours,9,5,l0_ms,2.76992,recorder
20260829-105928_perlmutter_4caaa5c8,ours_l01_s1_gate_pv2_r2_wa_pfov2_noid_trace-a2e8ab_b8_k8_isolated,isolated,ours,9,6,l0_ms,4.100384,recorder
20260829-105928_perlmutter_4caaa5c8,ours_l01_s1_gate_pv2_r2_wa_pfov2_noid_trace-a2e8ab_b8_k8_isolated,isolated,ours,9,7,l0_ms,2.727008,recorder
20260829-105928_perlmutter_4caaa5c8,ours_l01_s1_gate_pv2_r2_wa_pfov2_noid_trace-a2e8ab_b8_k8_isolated,isolated,ours,9,8,l0_ms,2.542176,recorder
20260829-105928_perlmutter_4caaa5c8,ours_l01_s1_gate_pv2_r2_wa_pfov2_noid_trace-a2e8ab_b8_k8_isolated,isolated,ours,9,9,l0_ms,2.635776,recorder
20260829-105928_perlmutter_4caaa5c8,ours_l01_s1_gate_pv2_r2_wa_pfov2_noid_trace-a2e8ab_b8_k8_isolated,isolated,ours,9,0,act_ms,0.026496,recorder
20260829-105928_perlmutter_4caaa5c8,ours_l01_s1_gate_pv2_r2_wa_pfov2_noid_trace-a2e8ab_b8_k8_isolated,isolated,ours,9,1,act_ms,0.02848,recorder
20260829-105928_perlmutter_4caaa5c8,ours_l01_s1_gate_pv2_r2_wa_pfov2_noid_trace-a2e8ab_b8_k8_isolated,isolated,ours,9,2,act_ms,0.025792,recorder
20260829-105928_perlmutter_4caaa5c8,ours_l01_s1_gate_pv2_r2_wa_pfov2_noid_trace-a2e8ab_b8_k8_isolated,isolated,ours,9,3,act_ms,0.02736,recorder
20260829-105928_perlmutter_4caaa5c8,ours_l01_s1_gate_pv2_r2_wa_pfov2_noid_trace-a2e8ab_b8_k8_isolated,isolated,ours,9,4,act_ms,0.025728,recorder
20260829-105928_perlmutter_4caaa5c8,ours_l01_s1_gate_pv2_r2_wa_pfov2_noid_trace-a2e8ab_b8_k8_isolated,isolated,ours,9,5,act_ms,0.02752,recorder
20260829-105928_perlmutter_4caaa5c8,ours_l01_s1_gate_pv2_r2_wa_pfov2_noid_trace-a2e8ab_b8_k8_isolated,isolated,ours,9,6,act_ms,0.027168,recorder
20260829-105928_perlmutter_4caaa5c8,ours_l01_s1_gate_pv2_r2_wa_pfov2_noid_trace-a2e8ab_b8_k8_isolated,isolated,ours,9,7,act_ms,0.026912,recorder
20260829-105928_perlmutter_4caaa5c8,ours_l01_s1_gate_pv2_r2_wa_pfov2_noid_trace-a2e8ab_b8_k8_isolated,isolated,ours,9,8,act_ms,0.028,recorder
20260829-105928_perlmutter_4caaa5c8,ours_l01_s1_gate_pv2_r2_wa_pfov2_noid_trace-a2e8ab_b8_k8_isolated,isolated,ours,9,9,act_ms,0.027424,recorder
20260829-105928_perlmutter_4caaa5c8,ours_l01_s1_gate_pv2_r2_wa_pfov2_noid_trace-a2e8ab_b8_k8_isolated,isolated,ours,9,0,l1_ms,3.288928,recorder
20260829-105928_perlmutter_4caaa5c8,ours_l01_s1_gate_pv2_r2_wa_pfov2_noid_trace-a2e8ab_b8_k8_isolated,isolated,ours,9,1,l1_ms,2.964608,recorder
20260829-105928_perlmutter_4caaa5c8,ours_l01_s1_gate_pv2_r2_wa_pfov2_noid_trace-a2e8ab_b8_k8_isolated,isolated,ours,9,2,l1_ms,3.151936,recorder
20260829-105928_perlmutter_4caaa5c8,ours_l01_s1_gate_pv2_r2_wa_pfov2_noid_trace-a2e8ab_b8_k8_isolated,isolated,ours,9,3,l1_ms,3.333728,recorder
20260829-105928_perlmutter_4caaa5c8,ours_l01_s1_gate_pv2_r2_wa_pfov2_noid_trace-a2e8ab_b8_k8_isolated,isolated,ours,9,4,l1_ms,3.2464,recorder
20260829-105928_perlmutter_4caaa5c8,ours_l01_s1_gate_pv2_r2_wa_pfov2_noid_trace-a2e8ab_b8_k8_isolated,isolated,ours,9,5,l1_ms,3.092352,recorder
20260829-105928_perlmutter_4caaa5c8,ours_l01_s1_gate_pv2_r2_wa_pfov2_noid_trace-a2e8ab_b8_k8_isolated,isolated,ours,9,6,l1_ms,3.27424,recorder
20260829-105928_perlmutter_4caaa5c8,ours_l01_s1_gate_pv2_r2_wa_pfov2_noid_trace-a2e8ab_b8_k8_isolated,isolated,ours,9,7,l1_ms,3.140384,recorder
20260829-105928_perlmutter_4caaa5c8,ours_l01_s1_gate_pv2_r2_wa_pfov2_noid_trace-a2e8ab_b8_k8_isolated,isolated,ours,9,8,l1_ms,3.047328,recorder
20260829-105928_perlmutter_4caaa5c8,ours_l01_s1_gate_pv2_r2_wa_pfov2_noid_trace-a2e8ab_b8_k8_isolated,isolated,ours,9,9,l1_ms,3.118848,recorder
20260829-105928_perlmutter_4caaa5c8,ours_l01_s1_gate_pv2_r2_wa_pfov2_noid_trace-a2e8ab_b8_k8_isolated,isolated,ours,9,0,plan_comm_ms,0.717088,recorder
20260829-105928_perlmutter_4caaa5c8,ours_l01_s1_gate_pv2_r2_wa_pfov2_noid_trace-a2e8ab_b8_k8_isolated,isolated,ours,9,1,plan_comm_ms,0.373088,recorder
20260829-105928_perlmutter_4caaa5c8,ours_l01_s1_gate_pv2_r2_wa_pfov2_noid_trace-a2e8ab_b8_k8_isolated,isolated,ours,9,2,plan_comm_ms,0.66528,recorder
20260829-105928_perlmutter_4caaa5c8,ours_l01_s1_gate_pv2_r2_wa_pfov2_noid_trace-a2e8ab_b8_k8_isolated,isolated,ours,9,3,plan_comm_ms,0.329792,recorder
20260829-105928_perlmutter_4caaa5c8,ours_l01_s1_gate_pv2_r2_wa_pfov2_noid_trace-a2e8ab_b8_k8_isolated,isolated,ours,9,4,plan_comm_ms,0.328672,recorder
20260829-105928_perlmutter_4caaa5c8,ours_l01_s1_gate_pv2_r2_wa_pfov2_noid_trace-a2e8ab_b8_k8_isolated,isolated,ours,9,5,plan_comm_ms,0.335424,recorder
20260829-105928_perlmutter_4caaa5c8,ours_l01_s1_gate_pv2_r2_wa_pfov2_noid_trace-a2e8ab_b8_k8_isolated,isolated,ours,9,6,plan_comm_ms,0.381408,recorder
20260829-105928_perlmutter_4caaa5c8,ours_l01_s1_gate_pv2_r2_wa_pfov2_noid_trace-a2e8ab_b8_k8_isolated,isolated,ours,9,7,plan_comm_ms,0.187744,recorder
20260829-105928_perlmutter_4caaa5c8,ours_l01_s1_gate_pv2_r2_wa_pfov2_noid_trace-a2e8ab_b8_k8_isolated,isolated,ours,9,8,plan_comm_ms,0.21296,recorder
20260829-105928_perlmutter_4caaa5c8,ours_l01_s1_gate_pv2_r2_wa_pfov2_noid_trace-a2e8ab_b8_k8_isolated,isolated,ours,9,9,plan_comm_ms,0.792544,recorder
20260829-105928_perlmutter_4caaa5c8,ours_l01_s1_gate_pv2_r2_wa_pfov2_noid_trace-a2e8ab_b8_k8_isolated,isolated,ours,9,0,place_ms,0.002336,recorder
20260829-105928_perlmutter_4caaa5c8,ours_l01_s1_gate_pv2_r2_wa_pfov2_noid_trace-a2e8ab_b8_k8_isolated,isolated,ours,9,1,place_ms,0.013024,recorder
20260829-105928_perlmutter_4caaa5c8,ours_l01_s1_gate_pv2_r2_wa_pfov2_noid_trace-a2e8ab_b8_k8_isolated,isolated,ours,9,2,place_ms,0.002304,recorder
20260829-105928_perlmutter_4caaa5c8,ours_l01_s1_gate_pv2_r2_wa_pfov2_noid_trace-a2e8ab_b8_k8_isolated,isolated,ours,9,3,place_ms,0.002304,recorder
20260829-105928_perlmutter_4caaa5c8,ours_l01_s1_gate_pv2_r2_wa_pfov2_noid_trace-a2e8ab_b8_k8_isolated,isolated,ours,9,4,place_ms,0.016,recorder
20260829-105928_perlmutter_4caaa5c8,ours_l01_s1_gate_pv2_r2_wa_pfov2_noid_trace-a2e8ab_b8_k8_isolated,isolated,ours,9,5,place_ms,0.002336,recorder
20260829-105928_perlmutter_4caaa5c8,ours_l01_s1_gate_pv2_r2_wa_pfov2_noid_trace-a2e8ab_b8_k8_isolated,isolated,ours,9,6,place_ms,0.002336,recorder
20260829-105928_perlmutter_4caaa5c8,ours_l01_s1_gate_pv2_r2_wa_pfov2_noid_trace-a2e8ab_b8_k8_isolated,isolated,ours,9,7,place_ms,0.002336,recorder
20260829-105928_perlmutter_4caaa5c8,ours_l01_s1_gate_pv2_r2_wa_pfov2_noid_trace-a2e8ab_b8_k8_isolated,isolated,ours,9,8,place_ms,0.002336,recorder
20260829-105928_perlmutter_4caaa5c8,ours_l01_s1_gate_pv2_r2_wa_pfov2_noid_trace-a2e8ab_b8_k8_isolated,isolated,ours,9,9,place_ms,0.002304,recorder
20260829-105928_perlmutter_4caaa5c8,ours_l01_s1_gate_pv2_r2_wa_pfov2_noid_trace-a2e8ab_b8_k8_isolated,isolated,ours,9,0,plan_ms,0.91616,recorder
20260829-105928_perlmutter_4caaa5c8,ours_l01_s1_gate_pv2_r2_wa_pfov2_noid_trace-a2e8ab_b8_k8_isolated,isolated,ours,9,1,plan_ms,0.966912,recorder
20260829-105928_perlmutter_4caaa5c8,ours_l01_s1_gate_pv2_r2_wa_pfov2_noid_trace-a2e8ab_b8_k8_isolated,isolated,ours,9,2,plan_ms,0.921632,recorder
20260829-105928_perlmutter_4caaa5c8,ours_l01_s1_gate_pv2_r2_wa_pfov2_noid_trace-a2e8ab_b8_k8_isolated,isolated,ours,9,3,plan_ms,0.945024,recorder
20260829-105928_perlmutter_4caaa5c8,ours_l01_s1_gate_pv2_r2_wa_pfov2_noid_trace-a2e8ab_b8_k8_isolated,isolated,ours,9,4,plan_ms,0.9656,recorder
20260829-105928_perlmutter_4caaa5c8,ours_l01_s1_gate_pv2_r2_wa_pfov2_noid_trace-a2e8ab_b8_k8_isolated,isolated,ours,9,5,plan_ms,0.830432,recorder
20260829-105928_perlmutter_4caaa5c8,ours_l01_s1_gate_pv2_r2_wa_pfov2_noid_trace-a2e8ab_b8_k8_isolated,isolated,ours,9,6,plan_ms,1.058848,recorder
20260829-105928_perlmutter_4caaa5c8,ours_l01_s1_gate_pv2_r2_wa_pfov2_noid_trace-a2e8ab_b8_k8_isolated,isolated,ours,9,7,plan_ms,0.853504,recorder
20260829-105928_perlmutter_4caaa5c8,ours_l01_s1_gate_pv2_r2_wa_pfov2_noid_trace-a2e8ab_b8_k8_isolated,isolated,ours,9,8,plan_ms,0.821408,recorder
20260829-105928_perlmutter_4caaa5c8,ours_l01_s1_gate_pv2_r2_wa_pfov2_noid_trace-a2e8ab_b8_k8_isolated,isolated,ours,9,9,plan_ms,0.759264,recorder
20260829-105928_perlmutter_4caaa5c8,ours_l01_s1_gate_pv2_r2_wa_pfov2_noid_trace-a2e8ab_b8_k8_isolated,isolated,ours,9,0,total_ms,7.555168,recorder
20260829-105928_perlmutter_4caaa5c8,ours_l01_s1_gate_pv2_r2_wa_pfov2_noid_trace-a2e8ab_b8_k8_isolated,isolated,ours,9,1,total_ms,6.764864,recorder
20260829-105928_perlmutter_4caaa5c8,ours_l01_s1_gate_pv2_r2_wa_pfov2_noid_trace-a2e8ab_b8_k8_isolated,isolated,ours,9,2,total_ms,8.639232,recorder
20260829-105928_perlmutter_4caaa5c8,ours_l01_s1_gate_pv2_r2_wa_pfov2_noid_trace-a2e8ab_b8_k8_isolated,isolated,ours,9,3,total_ms,9.141184,recorder
20260829-105928_perlmutter_4caaa5c8,ours_l01_s1_gate_pv2_r2_wa_pfov2_noid_trace-a2e8ab_b8_k8_isolated,isolated,ours,9,4,total_ms,8.031232,recorder
20260829-105928_perlmutter_4caaa5c8,ours_l01_s1_gate_pv2_r2_wa_pfov2_noid_trace-a2e8ab_b8_k8_isolated,isolated,ours,9,5,total_ms,7.06768,recorder
20260829-105928_perlmutter_4caaa5c8,ours_l01_s1_gate_pv2_r2_wa_pfov2_noid_trace-a2e8ab_b8_k8_isolated,isolated,ours,9,6,total_ms,8.8552,recorder
20260829-105928_perlmutter_4caaa5c8,ours_l01_s1_gate_pv2_r2_wa_pfov2_noid_trace-a2e8ab_b8_k8_isolated,isolated,ours,9,7,total_ms,6.947456,recorder
20260829-105928_perlmutter_4caaa5c8,ours_l01_s1_gate_pv2_r2_wa_pfov2_noid_trace-a2e8ab_b8_k8_isolated,isolated,ours,9,8,total_ms,6.663456,recorder
20260829-105928_perlmutter_4caaa5c8,ours_l01_s1_gate_pv2_r2_wa_pfov2_noid_trace-a2e8ab_b8_k8_isolated,isolated,ours,9,9,total_ms,7.345824,recorder
20260829-105928_perlmutter_4caaa5c8,ours_l01_s1_gate_pv2_r2_wa_pfov2_noid_trace-a2e8ab_b8_k8_isolated,isolated,ours,9,0,iso_sync_ms,330.960347,recorder
20260829-105928_perlmutter_4caaa5c8,ours_l01_s1_gate_pv2_r2_wa_pfov2_noid_trace-a2e8ab_b8_k8_isolated,isolated,ours,9,1,iso_sync_ms,334.41846,recorder
20260829-105928_perlmutter_4caaa5c8,ours_l01_s1_gate_pv2_r2_wa_pfov2_noid_trace-a2e8ab_b8_k8_isolated,isolated,ours,9,2,iso_sync_ms,330.162395,recorder
20260829-105928_perlmutter_4caaa5c8,ours_l01_s1_gate_pv2_r2_wa_pfov2_noid_trace-a2e8ab_b8_k8_isolated,isolated,ours,9,3,iso_sync_ms,333.095944,recorder
20260829-105928_perlmutter_4caaa5c8,ours_l01_s1_gate_pv2_r2_wa_pfov2_noid_trace-a2e8ab_b8_k8_isolated,isolated,ours,9,4,iso_sync_ms,331.36549,recorder
20260829-105928_perlmutter_4caaa5c8,ours_l01_s1_gate_pv2_r2_wa_pfov2_noid_trace-a2e8ab_b8_k8_isolated,isolated,ours,9,5,iso_sync_ms,331.197285,recorder
20260829-105928_perlmutter_4caaa5c8,ours_l01_s1_gate_pv2_r2_wa_pfov2_noid_trace-a2e8ab_b8_k8_isolated,isolated,ours,9,6,iso_sync_ms,333.455959,recorder
20260829-105928_perlmutter_4caaa5c8,ours_l01_s1_gate_pv2_r2_wa_pfov2_noid_trace-a2e8ab_b8_k8_isolated,isolated,ours,9,7,iso_sync_ms,328.740388,recorder
20260829-105928_perlmutter_4caaa5c8,ours_l01_s1_gate_pv2_r2_wa_pfov2_noid_trace-a2e8ab_b8_k8_isolated,isolated,ours,9,8,iso_sync_ms,332.929862,recorder
20260829-105928_perlmutter_4caaa5c8,ours_l01_s1_gate_pv2_r2_wa_pfov2_noid_trace-a2e8ab_b8_k8_isolated,isolated,ours,9,9,iso_sync_ms,332.674629,recorder
20260829-105928_perlmutter_4caaa5c8,ours_l01_s1_gate_pv2_r2_wa_pfov2_noid_trace-a2e8ab_b8_k8_isolated,isolated,ours,10,0,e2e_ms,5.916992,recorder
20260829-105928_perlmutter_4caaa5c8,ours_l01_s1_gate_pv2_r2_wa_pfov2_noid_trace-a2e8ab_b8_k8_isolated,isolated,ours,10,1,e2e_ms,5.477024,recorder
20260829-105928_perlmutter_4caaa5c8,ours_l01_s1_gate_pv2_r2_wa_pfov2_noid_trace-a2e8ab_b8_k8_isolated,isolated,ours,10,2,e2e_ms,7.051968,recorder
20260829-105928_perlmutter_4caaa5c8,ours_l01_s1_gate_pv2_r2_wa_pfov2_noid_trace-a2e8ab_b8_k8_isolated,isolated,ours,10,3,e2e_ms,7.86912,recorder
20260829-105928_perlmutter_4caaa5c8,ours_l01_s1_gate_pv2_r2_wa_pfov2_noid_trace-a2e8ab_b8_k8_isolated,isolated,ours,10,4,e2e_ms,6.771168,recorder
20260829-105928_perlmutter_4caaa5c8,ours_l01_s1_gate_pv2_r2_wa_pfov2_noid_trace-a2e8ab_b8_k8_isolated,isolated,ours,10,5,e2e_ms,5.900384,recorder
20260829-105928_perlmutter_4caaa5c8,ours_l01_s1_gate_pv2_r2_wa_pfov2_noid_trace-a2e8ab_b8_k8_isolated,isolated,ours,10,6,e2e_ms,7.402656,recorder
20260829-105928_perlmutter_4caaa5c8,ours_l01_s1_gate_pv2_r2_wa_pfov2_noid_trace-a2e8ab_b8_k8_isolated,isolated,ours,10,7,e2e_ms,5.907552,recorder
20260829-105928_perlmutter_4caaa5c8,ours_l01_s1_gate_pv2_r2_wa_pfov2_noid_trace-a2e8ab_b8_k8_isolated,isolated,ours,10,8,e2e_ms,5.60592,recorder
20260829-105928_perlmutter_4caaa5c8,ours_l01_s1_gate_pv2_r2_wa_pfov2_noid_trace-a2e8ab_b8_k8_isolated,isolated,ours,10,9,e2e_ms,5.770112,recorder
20260829-105928_perlmutter_4caaa5c8,ours_l01_s1_gate_pv2_r2_wa_pfov2_noid_trace-a2e8ab_b8_k8_isolated,isolated,ours,10,0,l0_ms,2.613248,recorder
20260829-105928_perlmutter_4caaa5c8,ours_l01_s1_gate_pv2_r2_wa_pfov2_noid_trace-a2e8ab_b8_k8_isolated,isolated,ours,10,1,l0_ms,2.490368,recorder
20260829-105928_perlmutter_4caaa5c8,ours_l01_s1_gate_pv2_r2_wa_pfov2_noid_trace-a2e8ab_b8_k8_isolated,isolated,ours,10,2,l0_ms,3.884896,recorder
20260829-105928_perlmutter_4caaa5c8,ours_l01_s1_gate_pv2_r2_wa_pfov2_noid_trace-a2e8ab_b8_k8_isolated,isolated,ours,10,3,l0_ms,4.51488,recorder
20260829-105928_perlmutter_4caaa5c8,ours_l01_s1_gate_pv2_r2_wa_pfov2_noid_trace-a2e8ab_b8_k8_isolated,isolated,ours,10,4,l0_ms,3.512256,recorder
20260829-105928_perlmutter_4caaa5c8,ours_l01_s1_gate_pv2_r2_wa_pfov2_noid_trace-a2e8ab_b8_k8_isolated,isolated,ours,10,5,l0_ms,2.7904,recorder
20260829-105928_perlmutter_4caaa5c8,ours_l01_s1_gate_pv2_r2_wa_pfov2_noid_trace-a2e8ab_b8_k8_isolated,isolated,ours,10,6,l0_ms,4.096416,recorder
20260829-105928_perlmutter_4caaa5c8,ours_l01_s1_gate_pv2_r2_wa_pfov2_noid_trace-a2e8ab_b8_k8_isolated,isolated,ours,10,7,l0_ms,2.739648,recorder
20260829-105928_perlmutter_4caaa5c8,ours_l01_s1_gate_pv2_r2_wa_pfov2_noid_trace-a2e8ab_b8_k8_isolated,isolated,ours,10,8,l0_ms,2.519936,recorder
20260829-105928_perlmutter_4caaa5c8,ours_l01_s1_gate_pv2_r2_wa_pfov2_noid_trace-a2e8ab_b8_k8_isolated,isolated,ours,10,9,l0_ms,2.617824,recorder
20260829-105928_perlmutter_4caaa5c8,ours_l01_s1_gate_pv2_r2_wa_pfov2_noid_trace-a2e8ab_b8_k8_isolated,isolated,ours,10,0,act_ms,0.04304,recorder
20260829-105928_perlmutter_4caaa5c8,ours_l01_s1_gate_pv2_r2_wa_pfov2_noid_trace-a2e8ab_b8_k8_isolated,isolated,ours,10,1,act_ms,0.042528,recorder
20260829-105928_perlmutter_4caaa5c8,ours_l01_s1_gate_pv2_r2_wa_pfov2_noid_trace-a2e8ab_b8_k8_isolated,isolated,ours,10,2,act_ms,0.040096,recorder
20260829-105928_perlmutter_4caaa5c8,ours_l01_s1_gate_pv2_r2_wa_pfov2_noid_trace-a2e8ab_b8_k8_isolated,isolated,ours,10,3,act_ms,0.040224,recorder
20260829-105928_perlmutter_4caaa5c8,ours_l01_s1_gate_pv2_r2_wa_pfov2_noid_trace-a2e8ab_b8_k8_isolated,isolated,ours,10,4,act_ms,0.039744,recorder
20260829-105928_perlmutter_4caaa5c8,ours_l01_s1_gate_pv2_r2_wa_pfov2_noid_trace-a2e8ab_b8_k8_isolated,isolated,ours,10,5,act_ms,0.04064,recorder
20260829-105928_perlmutter_4caaa5c8,ours_l01_s1_gate_pv2_r2_wa_pfov2_noid_trace-a2e8ab_b8_k8_isolated,isolated,ours,10,6,act_ms,0.042464,recorder
20260829-105928_perlmutter_4caaa5c8,ours_l01_s1_gate_pv2_r2_wa_pfov2_noid_trace-a2e8ab_b8_k8_isolated,isolated,ours,10,7,act_ms,0.040992,recorder
20260829-105928_perlmutter_4caaa5c8,ours_l01_s1_gate_pv2_r2_wa_pfov2_noid_trace-a2e8ab_b8_k8_isolated,isolated,ours,10,8,act_ms,0.04112,recorder
20260829-105928_perlmutter_4caaa5c8,ours_l01_s1_gate_pv2_r2_wa_pfov2_noid_trace-a2e8ab_b8_k8_isolated,isolated,ours,10,9,act_ms,0.043456,recorder
20260829-105928_perlmutter_4caaa5c8,ours_l01_s1_gate_pv2_r2_wa_pfov2_noid_trace-a2e8ab_b8_k8_isolated,isolated,ours,10,0,l1_ms,3.260704,recorder
20260829-105928_perlmutter_4caaa5c8,ours_l01_s1_gate_pv2_r2_wa_pfov2_noid_trace-a2e8ab_b8_k8_isolated,isolated,ours,10,1,l1_ms,2.944128,recorder
20260829-105928_perlmutter_4caaa5c8,ours_l01_s1_gate_pv2_r2_wa_pfov2_noid_trace-a2e8ab_b8_k8_isolated,isolated,ours,10,2,l1_ms,3.126976,recorder
20260829-105928_perlmutter_4caaa5c8,ours_l01_s1_gate_pv2_r2_wa_pfov2_noid_trace-a2e8ab_b8_k8_isolated,isolated,ours,10,3,l1_ms,3.314016,recorder
20260829-105928_perlmutter_4caaa5c8,ours_l01_s1_gate_pv2_r2_wa_pfov2_noid_trace-a2e8ab_b8_k8_isolated,isolated,ours,10,4,l1_ms,3.219168,recorder
20260829-105928_perlmutter_4caaa5c8,ours_l01_s1_gate_pv2_r2_wa_pfov2_noid_trace-a2e8ab_b8_k8_isolated,isolated,ours,10,5,l1_ms,3.069344,recorder
20260829-105928_perlmutter_4caaa5c8,ours_l01_s1_gate_pv2_r2_wa_pfov2_noid_trace-a2e8ab_b8_k8_isolated,isolated,ours,10,6,l1_ms,3.263776,recorder
20260829-105928_perlmutter_4caaa5c8,ours_l01_s1_gate_pv2_r2_wa_pfov2_noid_trace-a2e8ab_b8_k8_isolated,isolated,ours,10,7,l1_ms,3.126912,recorder
20260829-105928_perlmutter_4caaa5c8,ours_l01_s1_gate_pv2_r2_wa_pfov2_noid_trace-a2e8ab_b8_k8_isolated,isolated,ours,10,8,l1_ms,3.044864,recorder
20260829-105928_perlmutter_4caaa5c8,ours_l01_s1_gate_pv2_r2_wa_pfov2_noid_trace-a2e8ab_b8_k8_isolated,isolated,ours,10,9,l1_ms,3.108832,recorder
20260829-105928_perlmutter_4caaa5c8,ours_l01_s1_gate_pv2_r2_wa_pfov2_noid_trace-a2e8ab_b8_k8_isolated,isolated,ours,10,0,plan_comm_ms,0.742304,recorder
20260829-105928_perlmutter_4caaa5c8,ours_l01_s1_gate_pv2_r2_wa_pfov2_noid_trace-a2e8ab_b8_k8_isolated,isolated,ours,10,1,plan_comm_ms,0.706368,recorder
20260829-105928_perlmutter_4caaa5c8,ours_l01_s1_gate_pv2_r2_wa_pfov2_noid_trace-a2e8ab_b8_k8_isolated,isolated,ours,10,2,plan_comm_ms,0.688608,recorder
20260829-105928_perlmutter_4caaa5c8,ours_l01_s1_gate_pv2_r2_wa_pfov2_noid_trace-a2e8ab_b8_k8_isolated,isolated,ours,10,3,plan_comm_ms,0.329632,recorder
20260829-105928_perlmutter_4caaa5c8,ours_l01_s1_gate_pv2_r2_wa_pfov2_noid_trace-a2e8ab_b8_k8_isolated,isolated,ours,10,4,plan_comm_ms,0.54816,recorder
20260829-105928_perlmutter_4caaa5c8,ours_l01_s1_gate_pv2_r2_wa_pfov2_noid_trace-a2e8ab_b8_k8_isolated,isolated,ours,10,5,plan_comm_ms,0.342272,recorder
20260829-105928_perlmutter_4caaa5c8,ours_l01_s1_gate_pv2_r2_wa_pfov2_noid_trace-a2e8ab_b8_k8_isolated,isolated,ours,10,6,plan_comm_ms,0.398528,recorder
20260829-105928_perlmutter_4caaa5c8,ours_l01_s1_gate_pv2_r2_wa_pfov2_noid_trace-a2e8ab_b8_k8_isolated,isolated,ours,10,7,plan_comm_ms,0.195808,recorder
20260829-105928_perlmutter_4caaa5c8,ours_l01_s1_gate_pv2_r2_wa_pfov2_noid_trace-a2e8ab_b8_k8_isolated,isolated,ours,10,8,plan_comm_ms,0.212928,recorder
20260829-105928_perlmutter_4caaa5c8,ours_l01_s1_gate_pv2_r2_wa_pfov2_noid_trace-a2e8ab_b8_k8_isolated,isolated,ours,10,9,plan_comm_ms,0.675744,recorder
20260829-105928_perlmutter_4caaa5c8,ours_l01_s1_gate_pv2_r2_wa_pfov2_noid_trace-a2e8ab_b8_k8_isolated,isolated,ours,10,0,place_ms,0.002336,recorder
20260829-105928_perlmutter_4caaa5c8,ours_l01_s1_gate_pv2_r2_wa_pfov2_noid_trace-a2e8ab_b8_k8_isolated,isolated,ours,10,1,place_ms,0.002336,recorder
20260829-105928_perlmutter_4caaa5c8,ours_l01_s1_gate_pv2_r2_wa_pfov2_noid_trace-a2e8ab_b8_k8_isolated,isolated,ours,10,2,place_ms,0.002368,recorder
20260829-105928_perlmutter_4caaa5c8,ours_l01_s1_gate_pv2_r2_wa_pfov2_noid_trace-a2e8ab_b8_k8_isolated,isolated,ours,10,3,place_ms,0.002336,recorder
20260829-105928_perlmutter_4caaa5c8,ours_l01_s1_gate_pv2_r2_wa_pfov2_noid_trace-a2e8ab_b8_k8_isolated,isolated,ours,10,4,place_ms,0.002336,recorder
20260829-105928_perlmutter_4caaa5c8,ours_l01_s1_gate_pv2_r2_wa_pfov2_noid_trace-a2e8ab_b8_k8_isolated,isolated,ours,10,5,place_ms,0.002688,recorder
20260829-105928_perlmutter_4caaa5c8,ours_l01_s1_gate_pv2_r2_wa_pfov2_noid_trace-a2e8ab_b8_k8_isolated,isolated,ours,10,6,place_ms,0.002368,recorder
20260829-105928_perlmutter_4caaa5c8,ours_l01_s1_gate_pv2_r2_wa_pfov2_noid_trace-a2e8ab_b8_k8_isolated,isolated,ours,10,7,place_ms,0.002368,recorder
20260829-105928_perlmutter_4caaa5c8,ours_l01_s1_gate_pv2_r2_wa_pfov2_noid_trace-a2e8ab_b8_k8_isolated,isolated,ours,10,8,place_ms,0.002336,recorder
20260829-105928_perlmutter_4caaa5c8,ours_l01_s1_gate_pv2_r2_wa_pfov2_noid_trace-a2e8ab_b8_k8_isolated,isolated,ours,10,9,place_ms,0.002336,recorder
20260829-105928_perlmutter_4caaa5c8,ours_l01_s1_gate_pv2_r2_wa_pfov2_noid_trace-a2e8ab_b8_k8_isolated,isolated,ours,10,0,plan_ms,0.905984,recorder
20260829-105928_perlmutter_4caaa5c8,ours_l01_s1_gate_pv2_r2_wa_pfov2_noid_trace-a2e8ab_b8_k8_isolated,isolated,ours,10,1,plan_ms,0.950688,recorder
20260829-105928_perlmutter_4caaa5c8,ours_l01_s1_gate_pv2_r2_wa_pfov2_noid_trace-a2e8ab_b8_k8_isolated,isolated,ours,10,2,plan_ms,0.906336,recorder
20260829-105928_perlmutter_4caaa5c8,ours_l01_s1_gate_pv2_r2_wa_pfov2_noid_trace-a2e8ab_b8_k8_isolated,isolated,ours,10,3,plan_ms,0.936,recorder
20260829-105928_perlmutter_4caaa5c8,ours_l01_s1_gate_pv2_r2_wa_pfov2_noid_trace-a2e8ab_b8_k8_isolated,isolated,ours,10,4,plan_ms,0.966752,recorder
20260829-105928_perlmutter_4caaa5c8,ours_l01_s1_gate_pv2_r2_wa_pfov2_noid_trace-a2e8ab_b8_k8_isolated,isolated,ours,10,5,plan_ms,0.81232,recorder
20260829-105928_perlmutter_4caaa5c8,ours_l01_s1_gate_pv2_r2_wa_pfov2_noid_trace-a2e8ab_b8_k8_isolated,isolated,ours,10,6,plan_ms,1.06288,recorder
20260829-105928_perlmutter_4caaa5c8,ours_l01_s1_gate_pv2_r2_wa_pfov2_noid_trace-a2e8ab_b8_k8_isolated,isolated,ours,10,7,plan_ms,0.846016,recorder
20260829-105928_perlmutter_4caaa5c8,ours_l01_s1_gate_pv2_r2_wa_pfov2_noid_trace-a2e8ab_b8_k8_isolated,isolated,ours,10,8,plan_ms,0.846464,recorder
20260829-105928_perlmutter_4caaa5c8,ours_l01_s1_gate_pv2_r2_wa_pfov2_noid_trace-a2e8ab_b8_k8_isolated,isolated,ours,10,9,plan_ms,0.774528,recorder
20260829-105928_perlmutter_4caaa5c8,ours_l01_s1_gate_pv2_r2_wa_pfov2_noid_trace-a2e8ab_b8_k8_isolated,isolated,ours,10,0,total_ms,7.577024,recorder
20260829-105928_perlmutter_4caaa5c8,ours_l01_s1_gate_pv2_r2_wa_pfov2_noid_trace-a2e8ab_b8_k8_isolated,isolated,ours,10,1,total_ms,7.145728,recorder
20260829-105928_perlmutter_4caaa5c8,ours_l01_s1_gate_pv2_r2_wa_pfov2_noid_trace-a2e8ab_b8_k8_isolated,isolated,ours,10,2,total_ms,8.658688,recorder
20260829-105928_perlmutter_4caaa5c8,ours_l01_s1_gate_pv2_r2_wa_pfov2_noid_trace-a2e8ab_b8_k8_isolated,isolated,ours,10,3,total_ms,9.146784,recorder
20260829-105928_perlmutter_4caaa5c8,ours_l01_s1_gate_pv2_r2_wa_pfov2_noid_trace-a2e8ab_b8_k8_isolated,isolated,ours,10,4,total_ms,8.298304,recorder
20260829-105928_perlmutter_4caaa5c8,ours_l01_s1_gate_pv2_r2_wa_pfov2_noid_trace-a2e8ab_b8_k8_isolated,isolated,ours,10,5,total_ms,7.06704,recorder
20260829-105928_perlmutter_4caaa5c8,ours_l01_s1_gate_pv2_r2_wa_pfov2_noid_trace-a2e8ab_b8_k8_isolated,isolated,ours,10,6,total_ms,8.87584,recorder
20260829-105928_perlmutter_4caaa5c8,ours_l01_s1_gate_pv2_r2_wa_pfov2_noid_trace-a2e8ab_b8_k8_isolated,isolated,ours,10,7,total_ms,6.961152,recorder
20260829-105928_perlmutter_4caaa5c8,ours_l01_s1_gate_pv2_r2_wa_pfov2_noid_trace-a2e8ab_b8_k8_isolated,isolated,ours,10,8,total_ms,6.6792,recorder
20260829-105928_perlmutter_4caaa5c8,ours_l01_s1_gate_pv2_r2_wa_pfov2_noid_trace-a2e8ab_b8_k8_isolated,isolated,ours,10,9,total_ms,7.232096,recorder
20260829-105928_perlmutter_4caaa5c8,ours_l01_s1_gate_pv2_r2_wa_pfov2_noid_trace-a2e8ab_b8_k8_isolated,isolated,ours,10,0,iso_sync_ms,308.323468,recorder
20260829-105928_perlmutter_4caaa5c8,ours_l01_s1_gate_pv2_r2_wa_pfov2_noid_trace-a2e8ab_b8_k8_isolated,isolated,ours,10,1,iso_sync_ms,310.562735,recorder
20260829-105928_perlmutter_4caaa5c8,ours_l01_s1_gate_pv2_r2_wa_pfov2_noid_trace-a2e8ab_b8_k8_isolated,isolated,ours,10,2,iso_sync_ms,307.550123,recorder
20260829-105928_perlmutter_4caaa5c8,ours_l01_s1_gate_pv2_r2_wa_pfov2_noid_trace-a2e8ab_b8_k8_isolated,isolated,ours,10,3,iso_sync_ms,306.783391,recorder
20260829-105928_perlmutter_4caaa5c8,ours_l01_s1_gate_pv2_r2_wa_pfov2_noid_trace-a2e8ab_b8_k8_isolated,isolated,ours,10,4,iso_sync_ms,302.203262,recorder
20260829-105928_perlmutter_4caaa5c8,ours_l01_s1_gate_pv2_r2_wa_pfov2_noid_trace-a2e8ab_b8_k8_isolated,isolated,ours,10,5,iso_sync_ms,291.7427,recorder
20260829-105928_perlmutter_4caaa5c8,ours_l01_s1_gate_pv2_r2_wa_pfov2_noid_trace-a2e8ab_b8_k8_isolated,isolated,ours,10,6,iso_sync_ms,287.053229,recorder
20260829-105928_perlmutter_4caaa5c8,ours_l01_s1_gate_pv2_r2_wa_pfov2_noid_trace-a2e8ab_b8_k8_isolated,isolated,ours,10,7,iso_sync_ms,286.439624,recorder
20260829-105928_perlmutter_4caaa5c8,ours_l01_s1_gate_pv2_r2_wa_pfov2_noid_trace-a2e8ab_b8_k8_isolated,isolated,ours,10,8,iso_sync_ms,290.642404,recorder
20260829-105928_perlmutter_4caaa5c8,ours_l01_s1_gate_pv2_r2_wa_pfov2_noid_trace-a2e8ab_b8_k8_isolated,isolated,ours,10,9,iso_sync_ms,302.152234,recorder
20260829-105928_perlmutter_4caaa5c8,ours_l01_s1_gate_pv2_r2_wa_pfov2_noid_trace-a2e8ab_b8_k8_isolated,isolated,ours,11,0,e2e_ms,5.914208,recorder
20260829-105928_perlmutter_4caaa5c8,ours_l01_s1_gate_pv2_r2_wa_pfov2_noid_trace-a2e8ab_b8_k8_isolated,isolated,ours,11,1,e2e_ms,5.458464,recorder
20260829-105928_perlmutter_4caaa5c8,ours_l01_s1_gate_pv2_r2_wa_pfov2_noid_trace-a2e8ab_b8_k8_isolated,isolated,ours,11,2,e2e_ms,7.053184,recorder
20260829-105928_perlmutter_4caaa5c8,ours_l01_s1_gate_pv2_r2_wa_pfov2_noid_trace-a2e8ab_b8_k8_isolated,isolated,ours,11,3,e2e_ms,7.889408,recorder
20260829-105928_perlmutter_4caaa5c8,ours_l01_s1_gate_pv2_r2_wa_pfov2_noid_trace-a2e8ab_b8_k8_isolated,isolated,ours,11,4,e2e_ms,6.764032,recorder
20260829-105928_perlmutter_4caaa5c8,ours_l01_s1_gate_pv2_r2_wa_pfov2_noid_trace-a2e8ab_b8_k8_isolated,isolated,ours,11,5,e2e_ms,5.915264,recorder
20260829-105928_perlmutter_4caaa5c8,ours_l01_s1_gate_pv2_r2_wa_pfov2_noid_trace-a2e8ab_b8_k8_isolated,isolated,ours,11,6,e2e_ms,7.417536,recorder
20260829-105928_perlmutter_4caaa5c8,ours_l01_s1_gate_pv2_r2_wa_pfov2_noid_trace-a2e8ab_b8_k8_isolated,isolated,ours,11,7,e2e_ms,5.901344,recorder
20260829-105928_perlmutter_4caaa5c8,ours_l01_s1_gate_pv2_r2_wa_pfov2_noid_trace-a2e8ab_b8_k8_isolated,isolated,ours,11,8,e2e_ms,5.625216,recorder
20260829-105928_perlmutter_4caaa5c8,ours_l01_s1_gate_pv2_r2_wa_pfov2_noid_trace-a2e8ab_b8_k8_isolated,isolated,ours,11,9,e2e_ms,5.791008,recorder
20260829-105928_perlmutter_4caaa5c8,ours_l01_s1_gate_pv2_r2_wa_pfov2_noid_trace-a2e8ab_b8_k8_isolated,isolated,ours,11,0,l0_ms,2.604704,recorder
20260829-105928_perlmutter_4caaa5c8,ours_l01_s1_gate_pv2_r2_wa_pfov2_noid_trace-a2e8ab_b8_k8_isolated,isolated,ours,11,1,l0_ms,2.47504,recorder
20260829-105928_perlmutter_4caaa5c8,ours_l01_s1_gate_pv2_r2_wa_pfov2_noid_trace-a2e8ab_b8_k8_isolated,isolated,ours,11,2,l0_ms,3.881536,recorder
20260829-105928_perlmutter_4caaa5c8,ours_l01_s1_gate_pv2_r2_wa_pfov2_noid_trace-a2e8ab_b8_k8_isolated,isolated,ours,11,3,l0_ms,4.522336,recorder
20260829-105928_perlmutter_4caaa5c8,ours_l01_s1_gate_pv2_r2_wa_pfov2_noid_trace-a2e8ab_b8_k8_isolated,isolated,ours,11,4,l0_ms,3.518848,recorder
20260829-105928_perlmutter_4caaa5c8,ours_l01_s1_gate_pv2_r2_wa_pfov2_noid_trace-a2e8ab_b8_k8_isolated,isolated,ours,11,5,l0_ms,2.801056,recorder
20260829-105928_perlmutter_4caaa5c8,ours_l01_s1_gate_pv2_r2_wa_pfov2_noid_trace-a2e8ab_b8_k8_isolated,isolated,ours,11,6,l0_ms,4.1144,recorder
20260829-105928_perlmutter_4caaa5c8,ours_l01_s1_gate_pv2_r2_wa_pfov2_noid_trace-a2e8ab_b8_k8_isolated,isolated,ours,11,7,l0_ms,2.737792,recorder
20260829-105928_perlmutter_4caaa5c8,ours_l01_s1_gate_pv2_r2_wa_pfov2_noid_trace-a2e8ab_b8_k8_isolated,isolated,ours,11,8,l0_ms,2.538048,recorder
20260829-105928_perlmutter_4caaa5c8,ours_l01_s1_gate_pv2_r2_wa_pfov2_noid_trace-a2e8ab_b8_k8_isolated,isolated,ours,11,9,l0_ms,2.641056,recorder
20260829-105928_perlmutter_4caaa5c8,ours_l01_s1_gate_pv2_r2_wa_pfov2_noid_trace-a2e8ab_b8_k8_isolated,isolated,ours,11,0,act_ms,0.034144,recorder
20260829-105928_perlmutter_4caaa5c8,ours_l01_s1_gate_pv2_r2_wa_pfov2_noid_trace-a2e8ab_b8_k8_isolated,isolated,ours,11,1,act_ms,0.036736,recorder
20260829-105928_perlmutter_4caaa5c8,ours_l01_s1_gate_pv2_r2_wa_pfov2_noid_trace-a2e8ab_b8_k8_isolated,isolated,ours,11,2,act_ms,0.035072,recorder
20260829-105928_perlmutter_4caaa5c8,ours_l01_s1_gate_pv2_r2_wa_pfov2_noid_trace-a2e8ab_b8_k8_isolated,isolated,ours,11,3,act_ms,0.03472,recorder
20260829-105928_perlmutter_4caaa5c8,ours_l01_s1_gate_pv2_r2_wa_pfov2_noid_trace-a2e8ab_b8_k8_isolated,isolated,ours,11,4,act_ms,0.036192,recorder
20260829-105928_perlmutter_4caaa5c8,ours_l01_s1_gate_pv2_r2_wa_pfov2_noid_trace-a2e8ab_b8_k8_isolated,isolated,ours,11,5,act_ms,0.035808,recorder
20260829-105928_perlmutter_4caaa5c8,ours_l01_s1_gate_pv2_r2_wa_pfov2_noid_trace-a2e8ab_b8_k8_isolated,isolated,ours,11,6,act_ms,0.036448,recorder
20260829-105928_perlmutter_4caaa5c8,ours_l01_s1_gate_pv2_r2_wa_pfov2_noid_trace-a2e8ab_b8_k8_isolated,isolated,ours,11,7,act_ms,0.034816,recorder
20260829-105928_perlmutter_4caaa5c8,ours_l01_s1_gate_pv2_r2_wa_pfov2_noid_trace-a2e8ab_b8_k8_isolated,isolated,ours,11,8,act_ms,0.036224,recorder
20260829-105928_perlmutter_4caaa5c8,ours_l01_s1_gate_pv2_r2_wa_pfov2_noid_trace-a2e8ab_b8_k8_isolated,isolated,ours,11,9,act_ms,0.035168,recorder
20260829-105928_perlmutter_4caaa5c8,ours_l01_s1_gate_pv2_r2_wa_pfov2_noid_trace-a2e8ab_b8_k8_isolated,isolated,ours,11,0,l1_ms,3.27536,recorder
20260829-105928_perlmutter_4caaa5c8,ours_l01_s1_gate_pv2_r2_wa_pfov2_noid_trace-a2e8ab_b8_k8_isolated,isolated,ours,11,1,l1_ms,2.946688,recorder
20260829-105928_perlmutter_4caaa5c8,ours_l01_s1_gate_pv2_r2_wa_pfov2_noid_trace-a2e8ab_b8_k8_isolated,isolated,ours,11,2,l1_ms,3.136576,recorder
20260829-105928_perlmutter_4caaa5c8,ours_l01_s1_gate_pv2_r2_wa_pfov2_noid_trace-a2e8ab_b8_k8_isolated,isolated,ours,11,3,l1_ms,3.332352,recorder
20260829-105928_perlmutter_4caaa5c8,ours_l01_s1_gate_pv2_r2_wa_pfov2_noid_trace-a2e8ab_b8_k8_isolated,isolated,ours,11,4,l1_ms,3.208992,recorder
20260829-105928_perlmutter_4caaa5c8,ours_l01_s1_gate_pv2_r2_wa_pfov2_noid_trace-a2e8ab_b8_k8_isolated,isolated,ours,11,5,l1_ms,3.0784,recorder
20260829-105928_perlmutter_4caaa5c8,ours_l01_s1_gate_pv2_r2_wa_pfov2_noid_trace-a2e8ab_b8_k8_isolated,isolated,ours,11,6,l1_ms,3.266688,recorder
20260829-105928_perlmutter_4caaa5c8,ours_l01_s1_gate_pv2_r2_wa_pfov2_noid_trace-a2e8ab_b8_k8_isolated,isolated,ours,11,7,l1_ms,3.128736,recorder
20260829-105928_perlmutter_4caaa5c8,ours_l01_s1_gate_pv2_r2_wa_pfov2_noid_trace-a2e8ab_b8_k8_isolated,isolated,ours,11,8,l1_ms,3.050944,recorder
20260829-105928_perlmutter_4caaa5c8,ours_l01_s1_gate_pv2_r2_wa_pfov2_noid_trace-a2e8ab_b8_k8_isolated,isolated,ours,11,9,l1_ms,3.114784,recorder
20260829-105928_perlmutter_4caaa5c8,ours_l01_s1_gate_pv2_r2_wa_pfov2_noid_trace-a2e8ab_b8_k8_isolated,isolated,ours,11,0,plan_comm_ms,0.693696,recorder
20260829-105928_perlmutter_4caaa5c8,ours_l01_s1_gate_pv2_r2_wa_pfov2_noid_trace-a2e8ab_b8_k8_isolated,isolated,ours,11,1,plan_comm_ms,0.68432,recorder
20260829-105928_perlmutter_4caaa5c8,ours_l01_s1_gate_pv2_r2_wa_pfov2_noid_trace-a2e8ab_b8_k8_isolated,isolated,ours,11,2,plan_comm_ms,0.423744,recorder
20260829-105928_perlmutter_4caaa5c8,ours_l01_s1_gate_pv2_r2_wa_pfov2_noid_trace-a2e8ab_b8_k8_isolated,isolated,ours,11,3,plan_comm_ms,0.333216,recorder
20260829-105928_perlmutter_4caaa5c8,ours_l01_s1_gate_pv2_r2_wa_pfov2_noid_trace-a2e8ab_b8_k8_isolated,isolated,ours,11,4,plan_comm_ms,0.564576,recorder
20260829-105928_perlmutter_4caaa5c8,ours_l01_s1_gate_pv2_r2_wa_pfov2_noid_trace-a2e8ab_b8_k8_isolated,isolated,ours,11,5,plan_comm_ms,0.33488,recorder
20260829-105928_perlmutter_4caaa5c8,ours_l01_s1_gate_pv2_r2_wa_pfov2_noid_trace-a2e8ab_b8_k8_isolated,isolated,ours,11,6,plan_comm_ms,0.38768,recorder
20260829-105928_perlmutter_4caaa5c8,ours_l01_s1_gate_pv2_r2_wa_pfov2_noid_trace-a2e8ab_b8_k8_isolated,isolated,ours,11,7,plan_comm_ms,0.179008,recorder
20260829-105928_perlmutter_4caaa5c8,ours_l01_s1_gate_pv2_r2_wa_pfov2_noid_trace-a2e8ab_b8_k8_isolated,isolated,ours,11,8,plan_comm_ms,0.203776,recorder
20260829-105928_perlmutter_4caaa5c8,ours_l01_s1_gate_pv2_r2_wa_pfov2_noid_trace-a2e8ab_b8_k8_isolated,isolated,ours,11,9,plan_comm_ms,0.781056,recorder
20260829-105928_perlmutter_4caaa5c8,ours_l01_s1_gate_pv2_r2_wa_pfov2_noid_trace-a2e8ab_b8_k8_isolated,isolated,ours,11,0,place_ms,0.002336,recorder
20260829-105928_perlmutter_4caaa5c8,ours_l01_s1_gate_pv2_r2_wa_pfov2_noid_trace-a2e8ab_b8_k8_isolated,isolated,ours,11,1,place_ms,0.002304,recorder
20260829-105928_perlmutter_4caaa5c8,ours_l01_s1_gate_pv2_r2_wa_pfov2_noid_trace-a2e8ab_b8_k8_isolated,isolated,ours,11,2,place_ms,0.002336,recorder
20260829-105928_perlmutter_4caaa5c8,ours_l01_s1_gate_pv2_r2_wa_pfov2_noid_trace-a2e8ab_b8_k8_isolated,isolated,ours,11,3,place_ms,0.002336,recorder
20260829-105928_perlmutter_4caaa5c8,ours_l01_s1_gate_pv2_r2_wa_pfov2_noid_trace-a2e8ab_b8_k8_isolated,isolated,ours,11,4,place_ms,0.002304,recorder
20260829-105928_perlmutter_4caaa5c8,ours_l01_s1_gate_pv2_r2_wa_pfov2_noid_trace-a2e8ab_b8_k8_isolated,isolated,ours,11,5,place_ms,0.002496,recorder
20260829-105928_perlmutter_4caaa5c8,ours_l01_s1_gate_pv2_r2_wa_pfov2_noid_trace-a2e8ab_b8_k8_isolated,isolated,ours,11,6,place_ms,0.002304,recorder
20260829-105928_perlmutter_4caaa5c8,ours_l01_s1_gate_pv2_r2_wa_pfov2_noid_trace-a2e8ab_b8_k8_isolated,isolated,ours,11,7,place_ms,0.002304,recorder
20260829-105928_perlmutter_4caaa5c8,ours_l01_s1_gate_pv2_r2_wa_pfov2_noid_trace-a2e8ab_b8_k8_isolated,isolated,ours,11,8,place_ms,0.002304,recorder
20260829-105928_perlmutter_4caaa5c8,ours_l01_s1_gate_pv2_r2_wa_pfov2_noid_trace-a2e8ab_b8_k8_isolated,isolated,ours,11,9,place_ms,0.002304,recorder
20260829-105928_perlmutter_4caaa5c8,ours_l01_s1_gate_pv2_r2_wa_pfov2_noid_trace-a2e8ab_b8_k8_isolated,isolated,ours,11,0,plan_ms,0.956096,recorder
20260829-105928_perlmutter_4caaa5c8,ours_l01_s1_gate_pv2_r2_wa_pfov2_noid_trace-a2e8ab_b8_k8_isolated,isolated,ours,11,1,plan_ms,0.954944,recorder
20260829-105928_perlmutter_4caaa5c8,ours_l01_s1_gate_pv2_r2_wa_pfov2_noid_trace-a2e8ab_b8_k8_isolated,isolated,ours,11,2,plan_ms,0.96944,recorder
20260829-105928_perlmutter_4caaa5c8,ours_l01_s1_gate_pv2_r2_wa_pfov2_noid_trace-a2e8ab_b8_k8_isolated,isolated,ours,11,3,plan_ms,0.947776,recorder
20260829-105928_perlmutter_4caaa5c8,ours_l01_s1_gate_pv2_r2_wa_pfov2_noid_trace-a2e8ab_b8_k8_isolated,isolated,ours,11,4,plan_ms,0.963744,recorder
20260829-105928_perlmutter_4caaa5c8,ours_l01_s1_gate_pv2_r2_wa_pfov2_noid_trace-a2e8ab_b8_k8_isolated,isolated,ours,11,5,plan_ms,0.803936,recorder
20260829-105928_perlmutter_4caaa5c8,ours_l01_s1_gate_pv2_r2_wa_pfov2_noid_trace-a2e8ab_b8_k8_isolated,isolated,ours,11,6,plan_ms,1.050688,recorder
20260829-105928_perlmutter_4caaa5c8,ours_l01_s1_gate_pv2_r2_wa_pfov2_noid_trace-a2e8ab_b8_k8_isolated,isolated,ours,11,7,plan_ms,0.85296,recorder
20260829-105928_perlmutter_4caaa5c8,ours_l01_s1_gate_pv2_r2_wa_pfov2_noid_trace-a2e8ab_b8_k8_isolated,isolated,ours,11,8,plan_ms,0.832864,recorder
20260829-105928_perlmutter_4caaa5c8,ours_l01_s1_gate_pv2_r2_wa_pfov2_noid_trace-a2e8ab_b8_k8_isolated,isolated,ours,11,9,plan_ms,0.765152,recorder
20260829-105928_perlmutter_4caaa5c8,ours_l01_s1_gate_pv2_r2_wa_pfov2_noid_trace-a2e8ab_b8_k8_isolated,isolated,ours,11,0,total_ms,7.5768,recorder
20260829-105928_perlmutter_4caaa5c8,ours_l01_s1_gate_pv2_r2_wa_pfov2_noid_trace-a2e8ab_b8_k8_isolated,isolated,ours,11,1,total_ms,7.110272,recorder
20260829-105928_perlmutter_4caaa5c8,ours_l01_s1_gate_pv2_r2_wa_pfov2_noid_trace-a2e8ab_b8_k8_isolated,isolated,ours,11,2,total_ms,8.459008,recorder
20260829-105928_perlmutter_4caaa5c8,ours_l01_s1_gate_pv2_r2_wa_pfov2_noid_trace-a2e8ab_b8_k8_isolated,isolated,ours,11,3,total_ms,9.181792,recorder
20260829-105928_perlmutter_4caaa5c8,ours_l01_s1_gate_pv2_r2_wa_pfov2_noid_trace-a2e8ab_b8_k8_isolated,isolated,ours,11,4,total_ms,8.305056,recorder
20260829-105928_perlmutter_4caaa5c8,ours_l01_s1_gate_pv2_r2_wa_pfov2_noid_trace-a2e8ab_b8_k8_isolated,isolated,ours,11,5,total_ms,7.066752,recorder
20260829-105928_perlmutter_4caaa5c8,ours_l01_s1_gate_pv2_r2_wa_pfov2_noid_trace-a2e8ab_b8_k8_isolated,isolated,ours,11,6,total_ms,8.86848,recorder
20260829-105928_perlmutter_4caaa5c8,ours_l01_s1_gate_pv2_r2_wa_pfov2_noid_trace-a2e8ab_b8_k8_isolated,isolated,ours,11,7,total_ms,6.9456,recorder
20260829-105928_perlmutter_4caaa5c8,ours_l01_s1_gate_pv2_r2_wa_pfov2_noid_trace-a2e8ab_b8_k8_isolated,isolated,ours,11,8,total_ms,6.674048,recorder
20260829-105928_perlmutter_4caaa5c8,ours_l01_s1_gate_pv2_r2_wa_pfov2_noid_trace-a2e8ab_b8_k8_isolated,isolated,ours,11,9,total_ms,7.353152,recorder
20260829-105928_perlmutter_4caaa5c8,ours_l01_s1_gate_pv2_r2_wa_pfov2_noid_trace-a2e8ab_b8_k8_isolated,isolated,ours,11,0,iso_sync_ms,232.807355,recorder
20260829-105928_perlmutter_4caaa5c8,ours_l01_s1_gate_pv2_r2_wa_pfov2_noid_trace-a2e8ab_b8_k8_isolated,isolated,ours,11,1,iso_sync_ms,233.027399,recorder
20260829-105928_perlmutter_4caaa5c8,ours_l01_s1_gate_pv2_r2_wa_pfov2_noid_trace-a2e8ab_b8_k8_isolated,isolated,ours,11,2,iso_sync_ms,232.819868,recorder
20260829-105928_perlmutter_4caaa5c8,ours_l01_s1_gate_pv2_r2_wa_pfov2_noid_trace-a2e8ab_b8_k8_isolated,isolated,ours,11,3,iso_sync_ms,232.834818,recorder
20260829-105928_perlmutter_4caaa5c8,ours_l01_s1_gate_pv2_r2_wa_pfov2_noid_trace-a2e8ab_b8_k8_isolated,isolated,ours,11,4,iso_sync_ms,232.601928,recorder
20260829-105928_perlmutter_4caaa5c8,ours_l01_s1_gate_pv2_r2_wa_pfov2_noid_trace-a2e8ab_b8_k8_isolated,isolated,ours,11,5,iso_sync_ms,233.553006,recorder
20260829-105928_perlmutter_4caaa5c8,ours_l01_s1_gate_pv2_r2_wa_pfov2_noid_trace-a2e8ab_b8_k8_isolated,isolated,ours,11,6,iso_sync_ms,232.852641,recorder
20260829-105928_perlmutter_4caaa5c8,ours_l01_s1_gate_pv2_r2_wa_pfov2_noid_trace-a2e8ab_b8_k8_isolated,isolated,ours,11,7,iso_sync_ms,231.198416,recorder
20260829-105928_perlmutter_4caaa5c8,ours_l01_s1_gate_pv2_r2_wa_pfov2_noid_trace-a2e8ab_b8_k8_isolated,isolated,ours,11,8,iso_sync_ms,231.719993,recorder
20260829-105928_perlmutter_4caaa5c8,ours_l01_s1_gate_pv2_r2_wa_pfov2_noid_trace-a2e8ab_b8_k8_isolated,isolated,ours,11,9,iso_sync_ms,234.88567,recorder
20260829-105928_perlmutter_4caaa5c8,ours_l01_s1_gate_pv2_r2_wa_pfov2_noid_trace-a2e8ab_b8_k8_isolated,isolated,ours,12,0,e2e_ms,5.896864,recorder
20260829-105928_perlmutter_4caaa5c8,ours_l01_s1_gate_pv2_r2_wa_pfov2_noid_trace-a2e8ab_b8_k8_isolated,isolated,ours,12,1,e2e_ms,5.45424,recorder
20260829-105928_perlmutter_4caaa5c8,ours_l01_s1_gate_pv2_r2_wa_pfov2_noid_trace-a2e8ab_b8_k8_isolated,isolated,ours,12,2,e2e_ms,7.052768,recorder
20260829-105928_perlmutter_4caaa5c8,ours_l01_s1_gate_pv2_r2_wa_pfov2_noid_trace-a2e8ab_b8_k8_isolated,isolated,ours,12,3,e2e_ms,7.907424,recorder
20260829-105928_perlmutter_4caaa5c8,ours_l01_s1_gate_pv2_r2_wa_pfov2_noid_trace-a2e8ab_b8_k8_isolated,isolated,ours,12,4,e2e_ms,6.754016,recorder
20260829-105928_perlmutter_4caaa5c8,ours_l01_s1_gate_pv2_r2_wa_pfov2_noid_trace-a2e8ab_b8_k8_isolated,isolated,ours,12,5,e2e_ms,5.884,recorder
20260829-105928_perlmutter_4caaa5c8,ours_l01_s1_gate_pv2_r2_wa_pfov2_noid_trace-a2e8ab_b8_k8_isolated,isolated,ours,12,6,e2e_ms,7.306816,recorder
20260829-105928_perlmutter_4caaa5c8,ours_l01_s1_gate_pv2_r2_wa_pfov2_noid_trace-a2e8ab_b8_k8_isolated,isolated,ours,12,7,e2e_ms,5.906464,recorder
20260829-105928_perlmutter_4caaa5c8,ours_l01_s1_gate_pv2_r2_wa_pfov2_noid_trace-a2e8ab_b8_k8_isolated,isolated,ours,12,8,e2e_ms,5.623136,recorder
20260829-105928_perlmutter_4caaa5c8,ours_l01_s1_gate_pv2_r2_wa_pfov2_noid_trace-a2e8ab_b8_k8_isolated,isolated,ours,12,9,e2e_ms,5.67136,recorder
20260829-105928_perlmutter_4caaa5c8,ours_l01_s1_gate_pv2_r2_wa_pfov2_noid_trace-a2e8ab_b8_k8_isolated,isolated,ours,12,0,l0_ms,2.596576,recorder
20260829-105928_perlmutter_4caaa5c8,ours_l01_s1_gate_pv2_r2_wa_pfov2_noid_trace-a2e8ab_b8_k8_isolated,isolated,ours,12,1,l0_ms,2.465472,recorder
20260829-105928_perlmutter_4caaa5c8,ours_l01_s1_gate_pv2_r2_wa_pfov2_noid_trace-a2e8ab_b8_k8_isolated,isolated,ours,12,2,l0_ms,3.766848,recorder
20260829-105928_perlmutter_4caaa5c8,ours_l01_s1_gate_pv2_r2_wa_pfov2_noid_trace-a2e8ab_b8_k8_isolated,isolated,ours,12,3,l0_ms,4.535488,recorder
20260829-105928_perlmutter_4caaa5c8,ours_l01_s1_gate_pv2_r2_wa_pfov2_noid_trace-a2e8ab_b8_k8_isolated,isolated,ours,12,4,l0_ms,3.521024,recorder
20260829-105928_perlmutter_4caaa5c8,ours_l01_s1_gate_pv2_r2_wa_pfov2_noid_trace-a2e8ab_b8_k8_isolated,isolated,ours,12,5,l0_ms,2.767744,recorder
20260829-105928_perlmutter_4caaa5c8,ours_l01_s1_gate_pv2_r2_wa_pfov2_noid_trace-a2e8ab_b8_k8_isolated,isolated,ours,12,6,l0_ms,4.121952,recorder
20260829-105928_perlmutter_4caaa5c8,ours_l01_s1_gate_pv2_r2_wa_pfov2_noid_trace-a2e8ab_b8_k8_isolated,isolated,ours,12,7,l0_ms,2.738368,recorder
20260829-105928_perlmutter_4caaa5c8,ours_l01_s1_gate_pv2_r2_wa_pfov2_noid_trace-a2e8ab_b8_k8_isolated,isolated,ours,12,8,l0_ms,2.536256,recorder
20260829-105928_perlmutter_4caaa5c8,ours_l01_s1_gate_pv2_r2_wa_pfov2_noid_trace-a2e8ab_b8_k8_isolated,isolated,ours,12,9,l0_ms,2.654816,recorder
20260829-105928_perlmutter_4caaa5c8,ours_l01_s1_gate_pv2_r2_wa_pfov2_noid_trace-a2e8ab_b8_k8_isolated,isolated,ours,12,0,act_ms,0.031712,recorder
20260829-105928_perlmutter_4caaa5c8,ours_l01_s1_gate_pv2_r2_wa_pfov2_noid_trace-a2e8ab_b8_k8_isolated,isolated,ours,12,1,act_ms,0.03136,recorder
20260829-105928_perlmutter_4caaa5c8,ours_l01_s1_gate_pv2_r2_wa_pfov2_noid_trace-a2e8ab_b8_k8_isolated,isolated,ours,12,2,act_ms,0.032704,recorder
20260829-105928_perlmutter_4caaa5c8,ours_l01_s1_gate_pv2_r2_wa_pfov2_noid_trace-a2e8ab_b8_k8_isolated,isolated,ours,12,3,act_ms,0.032096,recorder
20260829-105928_perlmutter_4caaa5c8,ours_l01_s1_gate_pv2_r2_wa_pfov2_noid_trace-a2e8ab_b8_k8_isolated,isolated,ours,12,4,act_ms,0.030816,recorder
20260829-105928_perlmutter_4caaa5c8,ours_l01_s1_gate_pv2_r2_wa_pfov2_noid_trace-a2e8ab_b8_k8_isolated,isolated,ours,12,5,act_ms,0.031648,recorder
20260829-105928_perlmutter_4caaa5c8,ours_l01_s1_gate_pv2_r2_wa_pfov2_noid_trace-a2e8ab_b8_k8_isolated,isolated,ours,12,6,act_ms,0.031584,recorder
20260829-105928_perlmutter_4caaa5c8,ours_l01_s1_gate_pv2_r2_wa_pfov2_noid_trace-a2e8ab_b8_k8_isolated,isolated,ours,12,7,act_ms,0.031008,recorder
20260829-105928_perlmutter_4caaa5c8,ours_l01_s1_gate_pv2_r2_wa_pfov2_noid_trace-a2e8ab_b8_k8_isolated,isolated,ours,12,8,act_ms,0.031264,recorder
20260829-105928_perlmutter_4caaa5c8,ours_l01_s1_gate_pv2_r2_wa_pfov2_noid_trace-a2e8ab_b8_k8_isolated,isolated,ours,12,9,act_ms,0.0328,recorder
20260829-105928_perlmutter_4caaa5c8,ours_l01_s1_gate_pv2_r2_wa_pfov2_noid_trace-a2e8ab_b8_k8_isolated,isolated,ours,12,0,l1_ms,3.268576,recorder
20260829-105928_perlmutter_4caaa5c8,ours_l01_s1_gate_pv2_r2_wa_pfov2_noid_trace-a2e8ab_b8_k8_isolated,isolated,ours,12,1,l1_ms,2.957408,recorder
20260829-105928_perlmutter_4caaa5c8,ours_l01_s1_gate_pv2_r2_wa_pfov2_noid_trace-a2e8ab_b8_k8_isolated,isolated,ours,12,2,l1_ms,3.253216,recorder
20260829-105928_perlmutter_4caaa5c8,ours_l01_s1_gate_pv2_r2_wa_pfov2_noid_trace-a2e8ab_b8_k8_isolated,isolated,ours,12,3,l1_ms,3.33984,recorder
20260829-105928_perlmutter_4caaa5c8,ours_l01_s1_gate_pv2_r2_wa_pfov2_noid_trace-a2e8ab_b8_k8_isolated,isolated,ours,12,4,l1_ms,3.202176,recorder
20260829-105928_perlmutter_4caaa5c8,ours_l01_s1_gate_pv2_r2_wa_pfov2_noid_trace-a2e8ab_b8_k8_isolated,isolated,ours,12,5,l1_ms,3.084608,recorder
20260829-105928_perlmutter_4caaa5c8,ours_l01_s1_gate_pv2_r2_wa_pfov2_noid_trace-a2e8ab_b8_k8_isolated,isolated,ours,12,6,l1_ms,3.15328,recorder
20260829-105928_perlmutter_4caaa5c8,ours_l01_s1_gate_pv2_r2_wa_pfov2_noid_trace-a2e8ab_b8_k8_isolated,isolated,ours,12,7,l1_ms,3.137088,recorder
20260829-105928_perlmutter_4caaa5c8,ours_l01_s1_gate_pv2_r2_wa_pfov2_noid_trace-a2e8ab_b8_k8_isolated,isolated,ours,12,8,l1_ms,3.055616,recorder
20260829-105928_perlmutter_4caaa5c8,ours_l01_s1_gate_pv2_r2_wa_pfov2_noid_trace-a2e8ab_b8_k8_isolated,isolated,ours,12,9,l1_ms,2.983744,recorder
20260829-105928_perlmutter_4caaa5c8,ours_l01_s1_gate_pv2_r2_wa_pfov2_noid_trace-a2e8ab_b8_k8_isolated,isolated,ours,12,0,plan_comm_ms,0.712,recorder
20260829-105928_perlmutter_4caaa5c8,ours_l01_s1_gate_pv2_r2_wa_pfov2_noid_trace-a2e8ab_b8_k8_isolated,isolated,ours,12,1,plan_comm_ms,0.710144,recorder
20260829-105928_perlmutter_4caaa5c8,ours_l01_s1_gate_pv2_r2_wa_pfov2_noid_trace-a2e8ab_b8_k8_isolated,isolated,ours,12,2,plan_comm_ms,0.683712,recorder
20260829-105928_perlmutter_4caaa5c8,ours_l01_s1_gate_pv2_r2_wa_pfov2_noid_trace-a2e8ab_b8_k8_isolated,isolated,ours,12,3,plan_comm_ms,0.332032,recorder
20260829-105928_perlmutter_4caaa5c8,ours_l01_s1_gate_pv2_r2_wa_pfov2_noid_trace-a2e8ab_b8_k8_isolated,isolated,ours,12,4,plan_comm_ms,0.56464,recorder
20260829-105928_perlmutter_4caaa5c8,ours_l01_s1_gate_pv2_r2_wa_pfov2_noid_trace-a2e8ab_b8_k8_isolated,isolated,ours,12,5,plan_comm_ms,0.342464,recorder
20260829-105928_perlmutter_4caaa5c8,ours_l01_s1_gate_pv2_r2_wa_pfov2_noid_trace-a2e8ab_b8_k8_isolated,isolated,ours,12,6,plan_comm_ms,0.395584,recorder
20260829-105928_perlmutter_4caaa5c8,ours_l01_s1_gate_pv2_r2_wa_pfov2_noid_trace-a2e8ab_b8_k8_isolated,isolated,ours,12,7,plan_comm_ms,0.179712,recorder
20260829-105928_perlmutter_4caaa5c8,ours_l01_s1_gate_pv2_r2_wa_pfov2_noid_trace-a2e8ab_b8_k8_isolated,isolated,ours,12,8,plan_comm_ms,0.222048,recorder
20260829-105928_perlmutter_4caaa5c8,ours_l01_s1_gate_pv2_r2_wa_pfov2_noid_trace-a2e8ab_b8_k8_isolated,isolated,ours,12,9,plan_comm_ms,0.778464,recorder
20260829-105928_perlmutter_4caaa5c8,ours_l01_s1_gate_pv2_r2_wa_pfov2_noid_trace-a2e8ab_b8_k8_isolated,isolated,ours,12,0,place_ms,0.002336,recorder
20260829-105928_perlmutter_4caaa5c8,ours_l01_s1_gate_pv2_r2_wa_pfov2_noid_trace-a2e8ab_b8_k8_isolated,isolated,ours,12,1,place_ms,0.002336,recorder
20260829-105928_perlmutter_4caaa5c8,ours_l01_s1_gate_pv2_r2_wa_pfov2_noid_trace-a2e8ab_b8_k8_isolated,isolated,ours,12,2,place_ms,0.0024,recorder
20260829-105928_perlmutter_4caaa5c8,ours_l01_s1_gate_pv2_r2_wa_pfov2_noid_trace-a2e8ab_b8_k8_isolated,isolated,ours,12,3,place_ms,0.002368,recorder
20260829-105928_perlmutter_4caaa5c8,ours_l01_s1_gate_pv2_r2_wa_pfov2_noid_trace-a2e8ab_b8_k8_isolated,isolated,ours,12,4,place_ms,0.002336,recorder
20260829-105928_perlmutter_4caaa5c8,ours_l01_s1_gate_pv2_r2_wa_pfov2_noid_trace-a2e8ab_b8_k8_isolated,isolated,ours,12,5,place_ms,0.002432,recorder
20260829-105928_perlmutter_4caaa5c8,ours_l01_s1_gate_pv2_r2_wa_pfov2_noid_trace-a2e8ab_b8_k8_isolated,isolated,ours,12,6,place_ms,0.002368,recorder
20260829-105928_perlmutter_4caaa5c8,ours_l01_s1_gate_pv2_r2_wa_pfov2_noid_trace-a2e8ab_b8_k8_isolated,isolated,ours,12,7,place_ms,0.002368,recorder
20260829-105928_perlmutter_4caaa5c8,ours_l01_s1_gate_pv2_r2_wa_pfov2_noid_trace-a2e8ab_b8_k8_isolated,isolated,ours,12,8,place_ms,0.002336,recorder
20260829-105928_perlmutter_4caaa5c8,ours_l01_s1_gate_pv2_r2_wa_pfov2_noid_trace-a2e8ab_b8_k8_isolated,isolated,ours,12,9,place_ms,0.002368,recorder
20260829-105928_perlmutter_4caaa5c8,ours_l01_s1_gate_pv2_r2_wa_pfov2_noid_trace-a2e8ab_b8_k8_isolated,isolated,ours,12,0,plan_ms,0.92624,recorder
20260829-105928_perlmutter_4caaa5c8,ours_l01_s1_gate_pv2_r2_wa_pfov2_noid_trace-a2e8ab_b8_k8_isolated,isolated,ours,12,1,plan_ms,0.961344,recorder
20260829-105928_perlmutter_4caaa5c8,ours_l01_s1_gate_pv2_r2_wa_pfov2_noid_trace-a2e8ab_b8_k8_isolated,isolated,ours,12,2,plan_ms,0.903744,recorder
20260829-105928_perlmutter_4caaa5c8,ours_l01_s1_gate_pv2_r2_wa_pfov2_noid_trace-a2e8ab_b8_k8_isolated,isolated,ours,12,3,plan_ms,0.931392,recorder
20260829-105928_perlmutter_4caaa5c8,ours_l01_s1_gate_pv2_r2_wa_pfov2_noid_trace-a2e8ab_b8_k8_isolated,isolated,ours,12,4,plan_ms,0.973056,recorder
20260829-105928_perlmutter_4caaa5c8,ours_l01_s1_gate_pv2_r2_wa_pfov2_noid_trace-a2e8ab_b8_k8_isolated,isolated,ours,12,5,plan_ms,0.834112,recorder
20260829-105928_perlmutter_4caaa5c8,ours_l01_s1_gate_pv2_r2_wa_pfov2_noid_trace-a2e8ab_b8_k8_isolated,isolated,ours,12,6,plan_ms,1.037952,recorder
20260829-105928_perlmutter_4caaa5c8,ours_l01_s1_gate_pv2_r2_wa_pfov2_noid_trace-a2e8ab_b8_k8_isolated,isolated,ours,12,7,plan_ms,0.853984,recorder
20260829-105928_perlmutter_4caaa5c8,ours_l01_s1_gate_pv2_r2_wa_pfov2_noid_trace-a2e8ab_b8_k8_isolated,isolated,ours,12,8,plan_ms,0.8352,recorder
20260829-105928_perlmutter_4caaa5c8,ours_l01_s1_gate_pv2_r2_wa_pfov2_noid_trace-a2e8ab_b8_k8_isolated,isolated,ours,12,9,plan_ms,0.748832,recorder
20260829-105928_perlmutter_4caaa5c8,ours_l01_s1_gate_pv2_r2_wa_pfov2_noid_trace-a2e8ab_b8_k8_isolated,isolated,ours,12,0,total_ms,7.547552,recorder
20260829-105928_perlmutter_4caaa5c8,ours_l01_s1_gate_pv2_r2_wa_pfov2_noid_trace-a2e8ab_b8_k8_isolated,isolated,ours,12,1,total_ms,7.138304,recorder
20260829-105928_perlmutter_4caaa5c8,ours_l01_s1_gate_pv2_r2_wa_pfov2_noid_trace-a2e8ab_b8_k8_isolated,isolated,ours,12,2,total_ms,8.6528,recorder
20260829-105928_perlmutter_4caaa5c8,ours_l01_s1_gate_pv2_r2_wa_pfov2_noid_trace-a2e8ab_b8_k8_isolated,isolated,ours,12,3,total_ms,9.1832,recorder
20260829-105928_perlmutter_4caaa5c8,ours_l01_s1_gate_pv2_r2_wa_pfov2_noid_trace-a2e8ab_b8_k8_isolated,isolated,ours,12,4,total_ms,8.304,recorder
20260829-105928_perlmutter_4caaa5c8,ours_l01_s1_gate_pv2_r2_wa_pfov2_noid_trace-a2e8ab_b8_k8_isolated,isolated,ours,12,5,total_ms,7.073248,recorder
20260829-105928_perlmutter_4caaa5c8,ours_l01_s1_gate_pv2_r2_wa_pfov2_noid_trace-a2e8ab_b8_k8_isolated,isolated,ours,12,6,total_ms,8.752896,recorder
20260829-105928_perlmutter_4caaa5c8,ours_l01_s1_gate_pv2_r2_wa_pfov2_noid_trace-a2e8ab_b8_k8_isolated,isolated,ours,12,7,total_ms,6.952512,recorder
20260829-105928_perlmutter_4caaa5c8,ours_l01_s1_gate_pv2_r2_wa_pfov2_noid_trace-a2e8ab_b8_k8_isolated,isolated,ours,12,8,total_ms,6.692928,recorder
20260829-105928_perlmutter_4caaa5c8,ours_l01_s1_gate_pv2_r2_wa_pfov2_noid_trace-a2e8ab_b8_k8_isolated,isolated,ours,12,9,total_ms,7.211264,recorder
20260829-105928_perlmutter_4caaa5c8,ours_l01_s1_gate_pv2_r2_wa_pfov2_noid_trace-a2e8ab_b8_k8_isolated,isolated,ours,12,0,iso_sync_ms,128.720121,recorder
20260829-105928_perlmutter_4caaa5c8,ours_l01_s1_gate_pv2_r2_wa_pfov2_noid_trace-a2e8ab_b8_k8_isolated,isolated,ours,12,1,iso_sync_ms,130.426655,recorder
20260829-105928_perlmutter_4caaa5c8,ours_l01_s1_gate_pv2_r2_wa_pfov2_noid_trace-a2e8ab_b8_k8_isolated,isolated,ours,12,2,iso_sync_ms,127.147447,recorder
20260829-105928_perlmutter_4caaa5c8,ours_l01_s1_gate_pv2_r2_wa_pfov2_noid_trace-a2e8ab_b8_k8_isolated,isolated,ours,12,3,iso_sync_ms,133.763674,recorder
20260829-105928_perlmutter_4caaa5c8,ours_l01_s1_gate_pv2_r2_wa_pfov2_noid_trace-a2e8ab_b8_k8_isolated,isolated,ours,12,4,iso_sync_ms,129.9027,recorder
20260829-105928_perlmutter_4caaa5c8,ours_l01_s1_gate_pv2_r2_wa_pfov2_noid_trace-a2e8ab_b8_k8_isolated,isolated,ours,12,5,iso_sync_ms,125.810308,recorder
20260829-105928_perlmutter_4caaa5c8,ours_l01_s1_gate_pv2_r2_wa_pfov2_noid_trace-a2e8ab_b8_k8_isolated,isolated,ours,12,6,iso_sync_ms,129.806694,recorder
20260829-105928_perlmutter_4caaa5c8,ours_l01_s1_gate_pv2_r2_wa_pfov2_noid_trace-a2e8ab_b8_k8_isolated,isolated,ours,12,7,iso_sync_ms,129.65453,recorder
20260829-105928_perlmutter_4caaa5c8,ours_l01_s1_gate_pv2_r2_wa_pfov2_noid_trace-a2e8ab_b8_k8_isolated,isolated,ours,12,8,iso_sync_ms,131.717253,recorder
20260829-105928_perlmutter_4caaa5c8,ours_l01_s1_gate_pv2_r2_wa_pfov2_noid_trace-a2e8ab_b8_k8_isolated,isolated,ours,12,9,iso_sync_ms,128.965676,recorder
20260829-105928_perlmutter_4caaa5c8,ours_l01_s1_gate_pv2_r2_wa_pfov2_noid_trace-a2e8ab_b8_k8_isolated,isolated,ours,13,0,e2e_ms,5.907712,recorder
20260829-105928_perlmutter_4caaa5c8,ours_l01_s1_gate_pv2_r2_wa_pfov2_noid_trace-a2e8ab_b8_k8_isolated,isolated,ours,13,1,e2e_ms,5.449536,recorder
20260829-105928_perlmutter_4caaa5c8,ours_l01_s1_gate_pv2_r2_wa_pfov2_noid_trace-a2e8ab_b8_k8_isolated,isolated,ours,13,2,e2e_ms,7.05536,recorder
20260829-105928_perlmutter_4caaa5c8,ours_l01_s1_gate_pv2_r2_wa_pfov2_noid_trace-a2e8ab_b8_k8_isolated,isolated,ours,13,3,e2e_ms,7.931136,recorder
20260829-105928_perlmutter_4caaa5c8,ours_l01_s1_gate_pv2_r2_wa_pfov2_noid_trace-a2e8ab_b8_k8_isolated,isolated,ours,13,4,e2e_ms,6.750592,recorder
20260829-105928_perlmutter_4caaa5c8,ours_l01_s1_gate_pv2_r2_wa_pfov2_noid_trace-a2e8ab_b8_k8_isolated,isolated,ours,13,5,e2e_ms,5.900704,recorder
20260829-105928_perlmutter_4caaa5c8,ours_l01_s1_gate_pv2_r2_wa_pfov2_noid_trace-a2e8ab_b8_k8_isolated,isolated,ours,13,6,e2e_ms,7.309824,recorder
20260829-105928_perlmutter_4caaa5c8,ours_l01_s1_gate_pv2_r2_wa_pfov2_noid_trace-a2e8ab_b8_k8_isolated,isolated,ours,13,7,e2e_ms,5.91712,recorder
20260829-105928_perlmutter_4caaa5c8,ours_l01_s1_gate_pv2_r2_wa_pfov2_noid_trace-a2e8ab_b8_k8_isolated,isolated,ours,13,8,e2e_ms,5.55024,recorder
20260829-105928_perlmutter_4caaa5c8,ours_l01_s1_gate_pv2_r2_wa_pfov2_noid_trace-a2e8ab_b8_k8_isolated,isolated,ours,13,9,e2e_ms,5.6992,recorder
20260829-105928_perlmutter_4caaa5c8,ours_l01_s1_gate_pv2_r2_wa_pfov2_noid_trace-a2e8ab_b8_k8_isolated,isolated,ours,13,0,l0_ms,2.61088,recorder
20260829-105928_perlmutter_4caaa5c8,ours_l01_s1_gate_pv2_r2_wa_pfov2_noid_trace-a2e8ab_b8_k8_isolated,isolated,ours,13,1,l0_ms,2.45952,recorder
20260829-105928_perlmutter_4caaa5c8,ours_l01_s1_gate_pv2_r2_wa_pfov2_noid_trace-a2e8ab_b8_k8_isolated,isolated,ours,13,2,l0_ms,3.770624,recorder
20260829-105928_perlmutter_4caaa5c8,ours_l01_s1_gate_pv2_r2_wa_pfov2_noid_trace-a2e8ab_b8_k8_isolated,isolated,ours,13,3,l0_ms,4.5696,recorder
20260829-105928_perlmutter_4caaa5c8,ours_l01_s1_gate_pv2_r2_wa_pfov2_noid_trace-a2e8ab_b8_k8_isolated,isolated,ours,13,4,l0_ms,3.510144,recorder
20260829-105928_perlmutter_4caaa5c8,ours_l01_s1_gate_pv2_r2_wa_pfov2_noid_trace-a2e8ab_b8_k8_isolated,isolated,ours,13,5,l0_ms,2.781152,recorder
20260829-105928_perlmutter_4caaa5c8,ours_l01_s1_gate_pv2_r2_wa_pfov2_noid_trace-a2e8ab_b8_k8_isolated,isolated,ours,13,6,l0_ms,4.124256,recorder
20260829-105928_perlmutter_4caaa5c8,ours_l01_s1_gate_pv2_r2_wa_pfov2_noid_trace-a2e8ab_b8_k8_isolated,isolated,ours,13,7,l0_ms,2.747392,recorder
20260829-105928_perlmutter_4caaa5c8,ours_l01_s1_gate_pv2_r2_wa_pfov2_noid_trace-a2e8ab_b8_k8_isolated,isolated,ours,13,8,l0_ms,2.519808,recorder
20260829-105928_perlmutter_4caaa5c8,ours_l01_s1_gate_pv2_r2_wa_pfov2_noid_trace-a2e8ab_b8_k8_isolated,isolated,ours,13,9,l0_ms,2.665408,recorder
20260829-105928_perlmutter_4caaa5c8,ours_l01_s1_gate_pv2_r2_wa_pfov2_noid_trace-a2e8ab_b8_k8_isolated,isolated,ours,13,0,act_ms,0.040064,recorder
20260829-105928_perlmutter_4caaa5c8,ours_l01_s1_gate_pv2_r2_wa_pfov2_noid_trace-a2e8ab_b8_k8_isolated,isolated,ours,13,1,act_ms,0.039264,recorder
20260829-105928_perlmutter_4caaa5c8,ours_l01_s1_gate_pv2_r2_wa_pfov2_noid_trace-a2e8ab_b8_k8_isolated,isolated,ours,13,2,act_ms,0.038944,recorder
20260829-105928_perlmutter_4caaa5c8,ours_l01_s1_gate_pv2_r2_wa_pfov2_noid_trace-a2e8ab_b8_k8_isolated,isolated,ours,13,3,act_ms,0.041088,recorder
20260829-105928_perlmutter_4caaa5c8,ours_l01_s1_gate_pv2_r2_wa_pfov2_noid_trace-a2e8ab_b8_k8_isolated,isolated,ours,13,4,act_ms,0.040192,recorder
20260829-105928_perlmutter_4caaa5c8,ours_l01_s1_gate_pv2_r2_wa_pfov2_noid_trace-a2e8ab_b8_k8_isolated,isolated,ours,13,5,act_ms,0.041184,recorder
20260829-105928_perlmutter_4caaa5c8,ours_l01_s1_gate_pv2_r2_wa_pfov2_noid_trace-a2e8ab_b8_k8_isolated,isolated,ours,13,6,act_ms,0.041216,recorder
20260829-105928_perlmutter_4caaa5c8,ours_l01_s1_gate_pv2_r2_wa_pfov2_noid_trace-a2e8ab_b8_k8_isolated,isolated,ours,13,7,act_ms,0.037024,recorder
20260829-105928_perlmutter_4caaa5c8,ours_l01_s1_gate_pv2_r2_wa_pfov2_noid_trace-a2e8ab_b8_k8_isolated,isolated,ours,13,8,act_ms,0.041888,recorder
20260829-105928_perlmutter_4caaa5c8,ours_l01_s1_gate_pv2_r2_wa_pfov2_noid_trace-a2e8ab_b8_k8_isolated,isolated,ours,13,9,act_ms,0.040288,recorder
20260829-105928_perlmutter_4caaa5c8,ours_l01_s1_gate_pv2_r2_wa_pfov2_noid_trace-a2e8ab_b8_k8_isolated,isolated,ours,13,0,l1_ms,3.256768,recorder
20260829-105928_perlmutter_4caaa5c8,ours_l01_s1_gate_pv2_r2_wa_pfov2_noid_trace-a2e8ab_b8_k8_isolated,isolated,ours,13,1,l1_ms,2.950752,recorder
20260829-105928_perlmutter_4caaa5c8,ours_l01_s1_gate_pv2_r2_wa_pfov2_noid_trace-a2e8ab_b8_k8_isolated,isolated,ours,13,2,l1_ms,3.245792,recorder
20260829-105928_perlmutter_4caaa5c8,ours_l01_s1_gate_pv2_r2_wa_pfov2_noid_trace-a2e8ab_b8_k8_isolated,isolated,ours,13,3,l1_ms,3.320448,recorder
20260829-105928_perlmutter_4caaa5c8,ours_l01_s1_gate_pv2_r2_wa_pfov2_noid_trace-a2e8ab_b8_k8_isolated,isolated,ours,13,4,l1_ms,3.200256,recorder
20260829-105928_perlmutter_4caaa5c8,ours_l01_s1_gate_pv2_r2_wa_pfov2_noid_trace-a2e8ab_b8_k8_isolated,isolated,ours,13,5,l1_ms,3.078368,recorder
20260829-105928_perlmutter_4caaa5c8,ours_l01_s1_gate_pv2_r2_wa_pfov2_noid_trace-a2e8ab_b8_k8_isolated,isolated,ours,13,6,l1_ms,3.144352,recorder
20260829-105928_perlmutter_4caaa5c8,ours_l01_s1_gate_pv2_r2_wa_pfov2_noid_trace-a2e8ab_b8_k8_isolated,isolated,ours,13,7,l1_ms,3.132704,recorder
20260829-105928_perlmutter_4caaa5c8,ours_l01_s1_gate_pv2_r2_wa_pfov2_noid_trace-a2e8ab_b8_k8_isolated,isolated,ours,13,8,l1_ms,2.988544,recorder
20260829-105928_perlmutter_4caaa5c8,ours_l01_s1_gate_pv2_r2_wa_pfov2_noid_trace-a2e8ab_b8_k8_isolated,isolated,ours,13,9,l1_ms,2.993504,recorder
20260829-105928_perlmutter_4caaa5c8,ours_l01_s1_gate_pv2_r2_wa_pfov2_noid_trace-a2e8ab_b8_k8_isolated,isolated,ours,13,0,plan_comm_ms,0.677024,recorder
20260829-105928_perlmutter_4caaa5c8,ours_l01_s1_gate_pv2_r2_wa_pfov2_noid_trace-a2e8ab_b8_k8_isolated,isolated,ours,13,1,plan_comm_ms,0.714688,recorder
20260829-105928_perlmutter_4caaa5c8,ours_l01_s1_gate_pv2_r2_wa_pfov2_noid_trace-a2e8ab_b8_k8_isolated,isolated,ours,13,2,plan_comm_ms,0.681376,recorder
20260829-105928_perlmutter_4caaa5c8,ours_l01_s1_gate_pv2_r2_wa_pfov2_noid_trace-a2e8ab_b8_k8_isolated,isolated,ours,13,3,plan_comm_ms,0.33104,recorder
20260829-105928_perlmutter_4caaa5c8,ours_l01_s1_gate_pv2_r2_wa_pfov2_noid_trace-a2e8ab_b8_k8_isolated,isolated,ours,13,4,plan_comm_ms,0.548256,recorder
20260829-105928_perlmutter_4caaa5c8,ours_l01_s1_gate_pv2_r2_wa_pfov2_noid_trace-a2e8ab_b8_k8_isolated,isolated,ours,13,5,plan_comm_ms,0.340864,recorder
20260829-105928_perlmutter_4caaa5c8,ours_l01_s1_gate_pv2_r2_wa_pfov2_noid_trace-a2e8ab_b8_k8_isolated,isolated,ours,13,6,plan_comm_ms,0.39536,recorder
20260829-105928_perlmutter_4caaa5c8,ours_l01_s1_gate_pv2_r2_wa_pfov2_noid_trace-a2e8ab_b8_k8_isolated,isolated,ours,13,7,plan_comm_ms,0.177472,recorder
20260829-105928_perlmutter_4caaa5c8,ours_l01_s1_gate_pv2_r2_wa_pfov2_noid_trace-a2e8ab_b8_k8_isolated,isolated,ours,13,8,plan_comm_ms,0.221696,recorder
20260829-105928_perlmutter_4caaa5c8,ours_l01_s1_gate_pv2_r2_wa_pfov2_noid_trace-a2e8ab_b8_k8_isolated,isolated,ours,13,9,plan_comm_ms,0.771552,recorder
20260829-105928_perlmutter_4caaa5c8,ours_l01_s1_gate_pv2_r2_wa_pfov2_noid_trace-a2e8ab_b8_k8_isolated,isolated,ours,13,0,place_ms,0.002304,recorder
20260829-105928_perlmutter_4caaa5c8,ours_l01_s1_gate_pv2_r2_wa_pfov2_noid_trace-a2e8ab_b8_k8_isolated,isolated,ours,13,1,place_ms,0.002304,recorder
20260829-105928_perlmutter_4caaa5c8,ours_l01_s1_gate_pv2_r2_wa_pfov2_noid_trace-a2e8ab_b8_k8_isolated,isolated,ours,13,2,place_ms,0.002304,recorder
20260829-105928_perlmutter_4caaa5c8,ours_l01_s1_gate_pv2_r2_wa_pfov2_noid_trace-a2e8ab_b8_k8_isolated,isolated,ours,13,3,place_ms,0.002336,recorder
20260829-105928_perlmutter_4caaa5c8,ours_l01_s1_gate_pv2_r2_wa_pfov2_noid_trace-a2e8ab_b8_k8_isolated,isolated,ours,13,4,place_ms,0.002304,recorder
20260829-105928_perlmutter_4caaa5c8,ours_l01_s1_gate_pv2_r2_wa_pfov2_noid_trace-a2e8ab_b8_k8_isolated,isolated,ours,13,5,place_ms,0.002336,recorder
20260829-105928_perlmutter_4caaa5c8,ours_l01_s1_gate_pv2_r2_wa_pfov2_noid_trace-a2e8ab_b8_k8_isolated,isolated,ours,13,6,place_ms,0.002336,recorder
20260829-105928_perlmutter_4caaa5c8,ours_l01_s1_gate_pv2_r2_wa_pfov2_noid_trace-a2e8ab_b8_k8_isolated,isolated,ours,13,7,place_ms,0.002336,recorder
20260829-105928_perlmutter_4caaa5c8,ours_l01_s1_gate_pv2_r2_wa_pfov2_noid_trace-a2e8ab_b8_k8_isolated,isolated,ours,13,8,place_ms,0.002336,recorder
20260829-105928_perlmutter_4caaa5c8,ours_l01_s1_gate_pv2_r2_wa_pfov2_noid_trace-a2e8ab_b8_k8_isolated,isolated,ours,13,9,place_ms,0.002336,recorder
20260829-105928_perlmutter_4caaa5c8,ours_l01_s1_gate_pv2_r2_wa_pfov2_noid_trace-a2e8ab_b8_k8_isolated,isolated,ours,13,0,plan_ms,0.927392,recorder
20260829-105928_perlmutter_4caaa5c8,ours_l01_s1_gate_pv2_r2_wa_pfov2_noid_trace-a2e8ab_b8_k8_isolated,isolated,ours,13,1,plan_ms,0.972832,recorder
20260829-105928_perlmutter_4caaa5c8,ours_l01_s1_gate_pv2_r2_wa_pfov2_noid_trace-a2e8ab_b8_k8_isolated,isolated,ours,13,2,plan_ms,0.904288,recorder
20260829-105928_perlmutter_4caaa5c8,ours_l01_s1_gate_pv2_r2_wa_pfov2_noid_trace-a2e8ab_b8_k8_isolated,isolated,ours,13,3,plan_ms,0.908352,recorder
20260829-105928_perlmutter_4caaa5c8,ours_l01_s1_gate_pv2_r2_wa_pfov2_noid_trace-a2e8ab_b8_k8_isolated,isolated,ours,13,4,plan_ms,0.982112,recorder
20260829-105928_perlmutter_4caaa5c8,ours_l01_s1_gate_pv2_r2_wa_pfov2_noid_trace-a2e8ab_b8_k8_isolated,isolated,ours,13,5,plan_ms,0.824896,recorder
20260829-105928_perlmutter_4caaa5c8,ours_l01_s1_gate_pv2_r2_wa_pfov2_noid_trace-a2e8ab_b8_k8_isolated,isolated,ours,13,6,plan_ms,1.04256,recorder
20260829-105928_perlmutter_4caaa5c8,ours_l01_s1_gate_pv2_r2_wa_pfov2_noid_trace-a2e8ab_b8_k8_isolated,isolated,ours,13,7,plan_ms,0.841888,recorder
20260829-105928_perlmutter_4caaa5c8,ours_l01_s1_gate_pv2_r2_wa_pfov2_noid_trace-a2e8ab_b8_k8_isolated,isolated,ours,13,8,plan_ms,0.852416,recorder
20260829-105928_perlmutter_4caaa5c8,ours_l01_s1_gate_pv2_r2_wa_pfov2_noid_trace-a2e8ab_b8_k8_isolated,isolated,ours,13,9,plan_ms,0.74528,recorder
20260829-105928_perlmutter_4caaa5c8,ours_l01_s1_gate_pv2_r2_wa_pfov2_noid_trace-a2e8ab_b8_k8_isolated,isolated,ours,13,0,total_ms,7.524384,recorder
20260829-105928_perlmutter_4caaa5c8,ours_l01_s1_gate_pv2_r2_wa_pfov2_noid_trace-a2e8ab_b8_k8_isolated,isolated,ours,13,1,total_ms,7.148576,recorder
20260829-105928_perlmutter_4caaa5c8,ours_l01_s1_gate_pv2_r2_wa_pfov2_noid_trace-a2e8ab_b8_k8_isolated,isolated,ours,13,2,total_ms,8.653312,recorder
20260829-105928_perlmutter_4caaa5c8,ours_l01_s1_gate_pv2_r2_wa_pfov2_noid_trace-a2e8ab_b8_k8_isolated,isolated,ours,13,3,total_ms,9.182464,recorder
20260829-105928_perlmutter_4caaa5c8,ours_l01_s1_gate_pv2_r2_wa_pfov2_noid_trace-a2e8ab_b8_k8_isolated,isolated,ours,13,4,total_ms,8.292832,recorder
20260829-105928_perlmutter_4caaa5c8,ours_l01_s1_gate_pv2_r2_wa_pfov2_noid_trace-a2e8ab_b8_k8_isolated,isolated,ours,13,5,total_ms,7.078464,recorder
20260829-105928_perlmutter_4caaa5c8,ours_l01_s1_gate_pv2_r2_wa_pfov2_noid_trace-a2e8ab_b8_k8_isolated,isolated,ours,13,6,total_ms,8.758976,recorder
20260829-105928_perlmutter_4caaa5c8,ours_l01_s1_gate_pv2_r2_wa_pfov2_noid_trace-a2e8ab_b8_k8_isolated,isolated,ours,13,7,total_ms,6.94816,recorder
20260829-105928_perlmutter_4caaa5c8,ours_l01_s1_gate_pv2_r2_wa_pfov2_noid_trace-a2e8ab_b8_k8_isolated,isolated,ours,13,8,total_ms,6.636896,recorder
20260829-105928_perlmutter_4caaa5c8,ours_l01_s1_gate_pv2_r2_wa_pfov2_noid_trace-a2e8ab_b8_k8_isolated,isolated,ours,13,9,total_ms,7.228,recorder
20260829-105928_perlmutter_4caaa5c8,ours_l01_s1_gate_pv2_r2_wa_pfov2_noid_trace-a2e8ab_b8_k8_isolated,isolated,ours,13,0,iso_sync_ms,179.377569,recorder
20260829-105928_perlmutter_4caaa5c8,ours_l01_s1_gate_pv2_r2_wa_pfov2_noid_trace-a2e8ab_b8_k8_isolated,isolated,ours,13,1,iso_sync_ms,185.944469,recorder
20260829-105928_perlmutter_4caaa5c8,ours_l01_s1_gate_pv2_r2_wa_pfov2_noid_trace-a2e8ab_b8_k8_isolated,isolated,ours,13,2,iso_sync_ms,184.541283,recorder
20260829-105928_perlmutter_4caaa5c8,ours_l01_s1_gate_pv2_r2_wa_pfov2_noid_trace-a2e8ab_b8_k8_isolated,isolated,ours,13,3,iso_sync_ms,188.446713,recorder
20260829-105928_perlmutter_4caaa5c8,ours_l01_s1_gate_pv2_r2_wa_pfov2_noid_trace-a2e8ab_b8_k8_isolated,isolated,ours,13,4,iso_sync_ms,188.052921,recorder
20260829-105928_perlmutter_4caaa5c8,ours_l01_s1_gate_pv2_r2_wa_pfov2_noid_trace-a2e8ab_b8_k8_isolated,isolated,ours,13,5,iso_sync_ms,190.313276,recorder
20260829-105928_perlmutter_4caaa5c8,ours_l01_s1_gate_pv2_r2_wa_pfov2_noid_trace-a2e8ab_b8_k8_isolated,isolated,ours,13,6,iso_sync_ms,194.714415,recorder
20260829-105928_perlmutter_4caaa5c8,ours_l01_s1_gate_pv2_r2_wa_pfov2_noid_trace-a2e8ab_b8_k8_isolated,isolated,ours,13,7,iso_sync_ms,185.718442,recorder
20260829-105928_perlmutter_4caaa5c8,ours_l01_s1_gate_pv2_r2_wa_pfov2_noid_trace-a2e8ab_b8_k8_isolated,isolated,ours,13,8,iso_sync_ms,181.619087,recorder
20260829-105928_perlmutter_4caaa5c8,ours_l01_s1_gate_pv2_r2_wa_pfov2_noid_trace-a2e8ab_b8_k8_isolated,isolated,ours,13,9,iso_sync_ms,192.46945,recorder
20260829-105928_perlmutter_4caaa5c8,ours_l01_s1_gate_pv2_r2_wa_pfov2_noid_trace-a2e8ab_b8_k8_isolated,isolated,ours,14,0,e2e_ms,5.805472,recorder
20260829-105928_perlmutter_4caaa5c8,ours_l01_s1_gate_pv2_r2_wa_pfov2_noid_trace-a2e8ab_b8_k8_isolated,isolated,ours,14,1,e2e_ms,5.42336,recorder
20260829-105928_perlmutter_4caaa5c8,ours_l01_s1_gate_pv2_r2_wa_pfov2_noid_trace-a2e8ab_b8_k8_isolated,isolated,ours,14,2,e2e_ms,6.945184,recorder
20260829-105928_perlmutter_4caaa5c8,ours_l01_s1_gate_pv2_r2_wa_pfov2_noid_trace-a2e8ab_b8_k8_isolated,isolated,ours,14,3,e2e_ms,7.94976,recorder
20260829-105928_perlmutter_4caaa5c8,ours_l01_s1_gate_pv2_r2_wa_pfov2_noid_trace-a2e8ab_b8_k8_isolated,isolated,ours,14,4,e2e_ms,6.62272,recorder
20260829-105928_perlmutter_4caaa5c8,ours_l01_s1_gate_pv2_r2_wa_pfov2_noid_trace-a2e8ab_b8_k8_isolated,isolated,ours,14,5,e2e_ms,5.755808,recorder
20260829-105928_perlmutter_4caaa5c8,ours_l01_s1_gate_pv2_r2_wa_pfov2_noid_trace-a2e8ab_b8_k8_isolated,isolated,ours,14,6,e2e_ms,7.349632,recorder
20260829-105928_perlmutter_4caaa5c8,ours_l01_s1_gate_pv2_r2_wa_pfov2_noid_trace-a2e8ab_b8_k8_isolated,isolated,ours,14,7,e2e_ms,5.906432,recorder
20260829-105928_perlmutter_4caaa5c8,ours_l01_s1_gate_pv2_r2_wa_pfov2_noid_trace-a2e8ab_b8_k8_isolated,isolated,ours,14,8,e2e_ms,5.506208,recorder
20260829-105928_perlmutter_4caaa5c8,ours_l01_s1_gate_pv2_r2_wa_pfov2_noid_trace-a2e8ab_b8_k8_isolated,isolated,ours,14,9,e2e_ms,5.716032,recorder
20260829-105928_perlmutter_4caaa5c8,ours_l01_s1_gate_pv2_r2_wa_pfov2_noid_trace-a2e8ab_b8_k8_isolated,isolated,ours,14,0,l0_ms,2.617856,recorder
20260829-105928_perlmutter_4caaa5c8,ours_l01_s1_gate_pv2_r2_wa_pfov2_noid_trace-a2e8ab_b8_k8_isolated,isolated,ours,14,1,l0_ms,2.493248,recorder
20260829-105928_perlmutter_4caaa5c8,ours_l01_s1_gate_pv2_r2_wa_pfov2_noid_trace-a2e8ab_b8_k8_isolated,isolated,ours,14,2,l0_ms,3.798112,recorder
20260829-105928_perlmutter_4caaa5c8,ours_l01_s1_gate_pv2_r2_wa_pfov2_noid_trace-a2e8ab_b8_k8_isolated,isolated,ours,14,3,l0_ms,4.57168,recorder
20260829-105928_perlmutter_4caaa5c8,ours_l01_s1_gate_pv2_r2_wa_pfov2_noid_trace-a2e8ab_b8_k8_isolated,isolated,ours,14,4,l0_ms,3.544416,recorder
20260829-105928_perlmutter_4caaa5c8,ours_l01_s1_gate_pv2_r2_wa_pfov2_noid_trace-a2e8ab_b8_k8_isolated,isolated,ours,14,5,l0_ms,2.786048,recorder
20260829-105928_perlmutter_4caaa5c8,ours_l01_s1_gate_pv2_r2_wa_pfov2_noid_trace-a2e8ab_b8_k8_isolated,isolated,ours,14,6,l0_ms,3.98032,recorder
20260829-105928_perlmutter_4caaa5c8,ours_l01_s1_gate_pv2_r2_wa_pfov2_noid_trace-a2e8ab_b8_k8_isolated,isolated,ours,14,7,l0_ms,2.741216,recorder
20260829-105928_perlmutter_4caaa5c8,ours_l01_s1_gate_pv2_r2_wa_pfov2_noid_trace-a2e8ab_b8_k8_isolated,isolated,ours,14,8,l0_ms,2.536,recorder
20260829-105928_perlmutter_4caaa5c8,ours_l01_s1_gate_pv2_r2_wa_pfov2_noid_trace-a2e8ab_b8_k8_isolated,isolated,ours,14,9,l0_ms,2.648736,recorder
20260829-105928_perlmutter_4caaa5c8,ours_l01_s1_gate_pv2_r2_wa_pfov2_noid_trace-a2e8ab_b8_k8_isolated,isolated,ours,14,0,act_ms,0.034144,recorder
20260829-105928_perlmutter_4caaa5c8,ours_l01_s1_gate_pv2_r2_wa_pfov2_noid_trace-a2e8ab_b8_k8_isolated,isolated,ours,14,1,act_ms,0.0336,recorder
20260829-105928_perlmutter_4caaa5c8,ours_l01_s1_gate_pv2_r2_wa_pfov2_noid_trace-a2e8ab_b8_k8_isolated,isolated,ours,14,2,act_ms,0.033728,recorder
20260829-105928_perlmutter_4caaa5c8,ours_l01_s1_gate_pv2_r2_wa_pfov2_noid_trace-a2e8ab_b8_k8_isolated,isolated,ours,14,3,act_ms,0.034752,recorder
20260829-105928_perlmutter_4caaa5c8,ours_l01_s1_gate_pv2_r2_wa_pfov2_noid_trace-a2e8ab_b8_k8_isolated,isolated,ours,14,4,act_ms,0.034176,recorder
20260829-105928_perlmutter_4caaa5c8,ours_l01_s1_gate_pv2_r2_wa_pfov2_noid_trace-a2e8ab_b8_k8_isolated,isolated,ours,14,5,act_ms,0.035616,recorder
20260829-105928_perlmutter_4caaa5c8,ours_l01_s1_gate_pv2_r2_wa_pfov2_noid_trace-a2e8ab_b8_k8_isolated,isolated,ours,14,6,act_ms,0.033824,recorder
20260829-105928_perlmutter_4caaa5c8,ours_l01_s1_gate_pv2_r2_wa_pfov2_noid_trace-a2e8ab_b8_k8_isolated,isolated,ours,14,7,act_ms,0.034784,recorder
20260829-105928_perlmutter_4caaa5c8,ours_l01_s1_gate_pv2_r2_wa_pfov2_noid_trace-a2e8ab_b8_k8_isolated,isolated,ours,14,8,act_ms,0.034144,recorder
20260829-105928_perlmutter_4caaa5c8,ours_l01_s1_gate_pv2_r2_wa_pfov2_noid_trace-a2e8ab_b8_k8_isolated,isolated,ours,14,9,act_ms,0.03392,recorder
20260829-105928_perlmutter_4caaa5c8,ours_l01_s1_gate_pv2_r2_wa_pfov2_noid_trace-a2e8ab_b8_k8_isolated,isolated,ours,14,0,l1_ms,3.153472,recorder
20260829-105928_perlmutter_4caaa5c8,ours_l01_s1_gate_pv2_r2_wa_pfov2_noid_trace-a2e8ab_b8_k8_isolated,isolated,ours,14,1,l1_ms,2.896512,recorder
20260829-105928_perlmutter_4caaa5c8,ours_l01_s1_gate_pv2_r2_wa_pfov2_noid_trace-a2e8ab_b8_k8_isolated,isolated,ours,14,2,l1_ms,3.113344,recorder
20260829-105928_perlmutter_4caaa5c8,ours_l01_s1_gate_pv2_r2_wa_pfov2_noid_trace-a2e8ab_b8_k8_isolated,isolated,ours,14,3,l1_ms,3.343328,recorder
20260829-105928_perlmutter_4caaa5c8,ours_l01_s1_gate_pv2_r2_wa_pfov2_noid_trace-a2e8ab_b8_k8_isolated,isolated,ours,14,4,l1_ms,3.044128,recorder
20260829-105928_perlmutter_4caaa5c8,ours_l01_s1_gate_pv2_r2_wa_pfov2_noid_trace-a2e8ab_b8_k8_isolated,isolated,ours,14,5,l1_ms,2.934144,recorder
20260829-105928_perlmutter_4caaa5c8,ours_l01_s1_gate_pv2_r2_wa_pfov2_noid_trace-a2e8ab_b8_k8_isolated,isolated,ours,14,6,l1_ms,3.335488,recorder
20260829-105928_perlmutter_4caaa5c8,ours_l01_s1_gate_pv2_r2_wa_pfov2_noid_trace-a2e8ab_b8_k8_isolated,isolated,ours,14,7,l1_ms,3.130432,recorder
20260829-105928_perlmutter_4caaa5c8,ours_l01_s1_gate_pv2_r2_wa_pfov2_noid_trace-a2e8ab_b8_k8_isolated,isolated,ours,14,8,l1_ms,2.936064,recorder
20260829-105928_perlmutter_4caaa5c8,ours_l01_s1_gate_pv2_r2_wa_pfov2_noid_trace-a2e8ab_b8_k8_isolated,isolated,ours,14,9,l1_ms,3.033376,recorder
20260829-105928_perlmutter_4caaa5c8,ours_l01_s1_gate_pv2_r2_wa_pfov2_noid_trace-a2e8ab_b8_k8_isolated,isolated,ours,14,0,plan_comm_ms,0.7224,recorder
20260829-105928_perlmutter_4caaa5c8,ours_l01_s1_gate_pv2_r2_wa_pfov2_noid_trace-a2e8ab_b8_k8_isolated,isolated,ours,14,1,plan_comm_ms,0.724864,recorder
20260829-105928_perlmutter_4caaa5c8,ours_l01_s1_gate_pv2_r2_wa_pfov2_noid_trace-a2e8ab_b8_k8_isolated,isolated,ours,14,2,plan_comm_ms,0.672704,recorder
20260829-105928_perlmutter_4caaa5c8,ours_l01_s1_gate_pv2_r2_wa_pfov2_noid_trace-a2e8ab_b8_k8_isolated,isolated,ours,14,3,plan_comm_ms,0.340224,recorder
20260829-105928_perlmutter_4caaa5c8,ours_l01_s1_gate_pv2_r2_wa_pfov2_noid_trace-a2e8ab_b8_k8_isolated,isolated,ours,14,4,plan_comm_ms,0.575552,recorder
20260829-105928_perlmutter_4caaa5c8,ours_l01_s1_gate_pv2_r2_wa_pfov2_noid_trace-a2e8ab_b8_k8_isolated,isolated,ours,14,5,plan_comm_ms,0.33152,recorder
20260829-105928_perlmutter_4caaa5c8,ours_l01_s1_gate_pv2_r2_wa_pfov2_noid_trace-a2e8ab_b8_k8_isolated,isolated,ours,14,6,plan_comm_ms,0.403488,recorder
20260829-105928_perlmutter_4caaa5c8,ours_l01_s1_gate_pv2_r2_wa_pfov2_noid_trace-a2e8ab_b8_k8_isolated,isolated,ours,14,7,plan_comm_ms,0.180416,recorder
20260829-105928_perlmutter_4caaa5c8,ours_l01_s1_gate_pv2_r2_wa_pfov2_noid_trace-a2e8ab_b8_k8_isolated,isolated,ours,14,8,plan_comm_ms,0.217088,recorder
20260829-105928_perlmutter_4caaa5c8,ours_l01_s1_gate_pv2_r2_wa_pfov2_noid_trace-a2e8ab_b8_k8_isolated,isolated,ours,14,9,plan_comm_ms,0.780064,recorder
20260829-105928_perlmutter_4caaa5c8,ours_l01_s1_gate_pv2_r2_wa_pfov2_noid_trace-a2e8ab_b8_k8_isolated,isolated,ours,14,0,place_ms,0.002336,recorder
20260829-105928_perlmutter_4caaa5c8,ours_l01_s1_gate_pv2_r2_wa_pfov2_noid_trace-a2e8ab_b8_k8_isolated,isolated,ours,14,1,place_ms,0.002336,recorder
20260829-105928_perlmutter_4caaa5c8,ours_l01_s1_gate_pv2_r2_wa_pfov2_noid_trace-a2e8ab_b8_k8_isolated,isolated,ours,14,2,place_ms,0.002336,recorder
20260829-105928_perlmutter_4caaa5c8,ours_l01_s1_gate_pv2_r2_wa_pfov2_noid_trace-a2e8ab_b8_k8_isolated,isolated,ours,14,3,place_ms,0.002368,recorder
20260829-105928_perlmutter_4caaa5c8,ours_l01_s1_gate_pv2_r2_wa_pfov2_noid_trace-a2e8ab_b8_k8_isolated,isolated,ours,14,4,place_ms,0.002304,recorder
20260829-105928_perlmutter_4caaa5c8,ours_l01_s1_gate_pv2_r2_wa_pfov2_noid_trace-a2e8ab_b8_k8_isolated,isolated,ours,14,5,place_ms,0.002368,recorder
20260829-105928_perlmutter_4caaa5c8,ours_l01_s1_gate_pv2_r2_wa_pfov2_noid_trace-a2e8ab_b8_k8_isolated,isolated,ours,14,6,place_ms,0.002336,recorder
20260829-105928_perlmutter_4caaa5c8,ours_l01_s1_gate_pv2_r2_wa_pfov2_noid_trace-a2e8ab_b8_k8_isolated,isolated,ours,14,7,place_ms,0.002336,recorder
20260829-105928_perlmutter_4caaa5c8,ours_l01_s1_gate_pv2_r2_wa_pfov2_noid_trace-a2e8ab_b8_k8_isolated,isolated,ours,14,8,place_ms,0.002368,recorder
20260829-105928_perlmutter_4caaa5c8,ours_l01_s1_gate_pv2_r2_wa_pfov2_noid_trace-a2e8ab_b8_k8_isolated,isolated,ours,14,9,place_ms,0.002336,recorder
20260829-105928_perlmutter_4caaa5c8,ours_l01_s1_gate_pv2_r2_wa_pfov2_noid_trace-a2e8ab_b8_k8_isolated,isolated,ours,14,0,plan_ms,0.926688,recorder
20260829-105928_perlmutter_4caaa5c8,ours_l01_s1_gate_pv2_r2_wa_pfov2_noid_trace-a2e8ab_b8_k8_isolated,isolated,ours,14,1,plan_ms,0.930464,recorder
20260829-105928_perlmutter_4caaa5c8,ours_l01_s1_gate_pv2_r2_wa_pfov2_noid_trace-a2e8ab_b8_k8_isolated,isolated,ours,14,2,plan_ms,0.91056,recorder
20260829-105928_perlmutter_4caaa5c8,ours_l01_s1_gate_pv2_r2_wa_pfov2_noid_trace-a2e8ab_b8_k8_isolated,isolated,ours,14,3,plan_ms,0.892768,recorder
20260829-105928_perlmutter_4caaa5c8,ours_l01_s1_gate_pv2_r2_wa_pfov2_noid_trace-a2e8ab_b8_k8_isolated,isolated,ours,14,4,plan_ms,0.948512,recorder
20260829-105928_perlmutter_4caaa5c8,ours_l01_s1_gate_pv2_r2_wa_pfov2_noid_trace-a2e8ab_b8_k8_isolated,isolated,ours,14,5,plan_ms,0.8184,recorder
20260829-105928_perlmutter_4caaa5c8,ours_l01_s1_gate_pv2_r2_wa_pfov2_noid_trace-a2e8ab_b8_k8_isolated,isolated,ours,14,6,plan_ms,1.03264,recorder
20260829-105928_perlmutter_4caaa5c8,ours_l01_s1_gate_pv2_r2_wa_pfov2_noid_trace-a2e8ab_b8_k8_isolated,isolated,ours,14,7,plan_ms,0.854688,recorder
20260829-105928_perlmutter_4caaa5c8,ours_l01_s1_gate_pv2_r2_wa_pfov2_noid_trace-a2e8ab_b8_k8_isolated,isolated,ours,14,8,plan_ms,0.845312,recorder
20260829-105928_perlmutter_4caaa5c8,ours_l01_s1_gate_pv2_r2_wa_pfov2_noid_trace-a2e8ab_b8_k8_isolated,isolated,ours,14,9,plan_ms,0.756416,recorder
20260829-105928_perlmutter_4caaa5c8,ours_l01_s1_gate_pv2_r2_wa_pfov2_noid_trace-a2e8ab_b8_k8_isolated,isolated,ours,14,0,total_ms,7.467104,recorder
20260829-105928_perlmutter_4caaa5c8,ours_l01_s1_gate_pv2_r2_wa_pfov2_noid_trace-a2e8ab_b8_k8_isolated,isolated,ours,14,1,total_ms,7.090912,recorder
20260829-105928_perlmutter_4caaa5c8,ours_l01_s1_gate_pv2_r2_wa_pfov2_noid_trace-a2e8ab_b8_k8_isolated,isolated,ours,14,2,total_ms,8.540992,recorder
20260829-105928_perlmutter_4caaa5c8,ours_l01_s1_gate_pv2_r2_wa_pfov2_noid_trace-a2e8ab_b8_k8_isolated,isolated,ours,14,3,total_ms,9.196096,recorder
20260829-105928_perlmutter_4caaa5c8,ours_l01_s1_gate_pv2_r2_wa_pfov2_noid_trace-a2e8ab_b8_k8_isolated,isolated,ours,14,4,total_ms,8.159264,recorder
20260829-105928_perlmutter_4caaa5c8,ours_l01_s1_gate_pv2_r2_wa_pfov2_noid_trace-a2e8ab_b8_k8_isolated,isolated,ours,14,5,total_ms,6.918112,recorder
20260829-105928_perlmutter_4caaa5c8,ours_l01_s1_gate_pv2_r2_wa_pfov2_noid_trace-a2e8ab_b8_k8_isolated,isolated,ours,14,6,total_ms,8.79856,recorder
20260829-105928_perlmutter_4caaa5c8,ours_l01_s1_gate_pv2_r2_wa_pfov2_noid_trace-a2e8ab_b8_k8_isolated,isolated,ours,14,7,total_ms,6.953568,recorder
20260829-105928_perlmutter_4caaa5c8,ours_l01_s1_gate_pv2_r2_wa_pfov2_noid_trace-a2e8ab_b8_k8_isolated,isolated,ours,14,8,total_ms,6.581088,recorder
20260829-105928_perlmutter_4caaa5c8,ours_l01_s1_gate_pv2_r2_wa_pfov2_noid_trace-a2e8ab_b8_k8_isolated,isolated,ours,14,9,total_ms,7.265376,recorder
20260829-105928_perlmutter_4caaa5c8,ours_l01_s1_gate_pv2_r2_wa_pfov2_noid_trace-a2e8ab_b8_k8_isolated,isolated,ours,14,0,iso_sync_ms,127.165362,recorder
20260829-105928_perlmutter_4caaa5c8,ours_l01_s1_gate_pv2_r2_wa_pfov2_noid_trace-a2e8ab_b8_k8_isolated,isolated,ours,14,1,iso_sync_ms,128.87448,recorder
20260829-105928_perlmutter_4caaa5c8,ours_l01_s1_gate_pv2_r2_wa_pfov2_noid_trace-a2e8ab_b8_k8_isolated,isolated,ours,14,2,iso_sync_ms,127.780552,recorder
20260829-105928_perlmutter_4caaa5c8,ours_l01_s1_gate_pv2_r2_wa_pfov2_noid_trace-a2e8ab_b8_k8_isolated,isolated,ours,14,3,iso_sync_ms,124.448572,recorder
20260829-105928_perlmutter_4caaa5c8,ours_l01_s1_gate_pv2_r2_wa_pfov2_noid_trace-a2e8ab_b8_k8_isolated,isolated,ours,14,4,iso_sync_ms,128.385543,recorder
20260829-105928_perlmutter_4caaa5c8,ours_l01_s1_gate_pv2_r2_wa_pfov2_noid_trace-a2e8ab_b8_k8_isolated,isolated,ours,14,5,iso_sync_ms,126.874388,recorder
20260829-105928_perlmutter_4caaa5c8,ours_l01_s1_gate_pv2_r2_wa_pfov2_noid_trace-a2e8ab_b8_k8_isolated,isolated,ours,14,6,iso_sync_ms,126.895991,recorder
20260829-105928_perlmutter_4caaa5c8,ours_l01_s1_gate_pv2_r2_wa_pfov2_noid_trace-a2e8ab_b8_k8_isolated,isolated,ours,14,7,iso_sync_ms,127.939621,recorder
20260829-105928_perlmutter_4caaa5c8,ours_l01_s1_gate_pv2_r2_wa_pfov2_noid_trace-a2e8ab_b8_k8_isolated,isolated,ours,14,8,iso_sync_ms,126.641007,recorder
20260829-105928_perlmutter_4caaa5c8,ours_l01_s1_gate_pv2_r2_wa_pfov2_noid_trace-a2e8ab_b8_k8_isolated,isolated,ours,14,9,iso_sync_ms,130.666458,recorder
20260829-105928_perlmutter_4caaa5c8,ours_l01_s1_gate_pv2_r2_wa_pfov2_noid_trace-a2e8ab_b8_k8_isolated,isolated,ours,15,0,e2e_ms,5.732352,recorder
20260829-105928_perlmutter_4caaa5c8,ours_l01_s1_gate_pv2_r2_wa_pfov2_noid_trace-a2e8ab_b8_k8_isolated,isolated,ours,15,1,e2e_ms,5.374816,recorder
20260829-105928_perlmutter_4caaa5c8,ours_l01_s1_gate_pv2_r2_wa_pfov2_noid_trace-a2e8ab_b8_k8_isolated,isolated,ours,15,2,e2e_ms,6.873408,recorder
20260829-105928_perlmutter_4caaa5c8,ours_l01_s1_gate_pv2_r2_wa_pfov2_noid_trace-a2e8ab_b8_k8_isolated,isolated,ours,15,3,e2e_ms,7.92768,recorder
20260829-105928_perlmutter_4caaa5c8,ours_l01_s1_gate_pv2_r2_wa_pfov2_noid_trace-a2e8ab_b8_k8_isolated,isolated,ours,15,4,e2e_ms,6.614496,recorder
20260829-105928_perlmutter_4caaa5c8,ours_l01_s1_gate_pv2_r2_wa_pfov2_noid_trace-a2e8ab_b8_k8_isolated,isolated,ours,15,5,e2e_ms,5.754976,recorder
20260829-105928_perlmutter_4caaa5c8,ours_l01_s1_gate_pv2_r2_wa_pfov2_noid_trace-a2e8ab_b8_k8_isolated,isolated,ours,15,6,e2e_ms,7.316576,recorder
20260829-105928_perlmutter_4caaa5c8,ours_l01_s1_gate_pv2_r2_wa_pfov2_noid_trace-a2e8ab_b8_k8_isolated,isolated,ours,15,7,e2e_ms,5.771936,recorder
20260829-105928_perlmutter_4caaa5c8,ours_l01_s1_gate_pv2_r2_wa_pfov2_noid_trace-a2e8ab_b8_k8_isolated,isolated,ours,15,8,e2e_ms,5.506848,recorder
20260829-105928_perlmutter_4caaa5c8,ours_l01_s1_gate_pv2_r2_wa_pfov2_noid_trace-a2e8ab_b8_k8_isolated,isolated,ours,15,9,e2e_ms,5.69984,recorder
20260829-105928_perlmutter_4caaa5c8,ours_l01_s1_gate_pv2_r2_wa_pfov2_noid_trace-a2e8ab_b8_k8_isolated,isolated,ours,15,0,l0_ms,2.538688,recorder
20260829-105928_perlmutter_4caaa5c8,ours_l01_s1_gate_pv2_r2_wa_pfov2_noid_trace-a2e8ab_b8_k8_isolated,isolated,ours,15,1,l0_ms,2.442624,recorder
20260829-105928_perlmutter_4caaa5c8,ours_l01_s1_gate_pv2_r2_wa_pfov2_noid_trace-a2e8ab_b8_k8_isolated,isolated,ours,15,2,l0_ms,3.733664,recorder
20260829-105928_perlmutter_4caaa5c8,ours_l01_s1_gate_pv2_r2_wa_pfov2_noid_trace-a2e8ab_b8_k8_isolated,isolated,ours,15,3,l0_ms,4.56112,recorder
20260829-105928_perlmutter_4caaa5c8,ours_l01_s1_gate_pv2_r2_wa_pfov2_noid_trace-a2e8ab_b8_k8_isolated,isolated,ours,15,4,l0_ms,3.50624,recorder
20260829-105928_perlmutter_4caaa5c8,ours_l01_s1_gate_pv2_r2_wa_pfov2_noid_trace-a2e8ab_b8_k8_isolated,isolated,ours,15,5,l0_ms,2.755584,recorder
20260829-105928_perlmutter_4caaa5c8,ours_l01_s1_gate_pv2_r2_wa_pfov2_noid_trace-a2e8ab_b8_k8_isolated,isolated,ours,15,6,l0_ms,3.975488,recorder
20260829-105928_perlmutter_4caaa5c8,ours_l01_s1_gate_pv2_r2_wa_pfov2_noid_trace-a2e8ab_b8_k8_isolated,isolated,ours,15,7,l0_ms,2.717568,recorder
20260829-105928_perlmutter_4caaa5c8,ours_l01_s1_gate_pv2_r2_wa_pfov2_noid_trace-a2e8ab_b8_k8_isolated,isolated,ours,15,8,l0_ms,2.50144,recorder
20260829-105928_perlmutter_4caaa5c8,ours_l01_s1_gate_pv2_r2_wa_pfov2_noid_trace-a2e8ab_b8_k8_isolated,isolated,ours,15,9,l0_ms,2.632768,recorder
20260829-105928_perlmutter_4caaa5c8,ours_l01_s1_gate_pv2_r2_wa_pfov2_noid_trace-a2e8ab_b8_k8_isolated,isolated,ours,15,0,act_ms,0.03968,recorder
20260829-105928_perlmutter_4caaa5c8,ours_l01_s1_gate_pv2_r2_wa_pfov2_noid_trace-a2e8ab_b8_k8_isolated,isolated,ours,15,1,act_ms,0.040896,recorder
20260829-105928_perlmutter_4caaa5c8,ours_l01_s1_gate_pv2_r2_wa_pfov2_noid_trace-a2e8ab_b8_k8_isolated,isolated,ours,15,2,act_ms,0.04,recorder
20260829-105928_perlmutter_4caaa5c8,ours_l01_s1_gate_pv2_r2_wa_pfov2_noid_trace-a2e8ab_b8_k8_isolated,isolated,ours,15,3,act_ms,0.040512,recorder
20260829-105928_perlmutter_4caaa5c8,ours_l01_s1_gate_pv2_r2_wa_pfov2_noid_trace-a2e8ab_b8_k8_isolated,isolated,ours,15,4,act_ms,0.041056,recorder
20260829-105928_perlmutter_4caaa5c8,ours_l01_s1_gate_pv2_r2_wa_pfov2_noid_trace-a2e8ab_b8_k8_isolated,isolated,ours,15,5,act_ms,0.042112,recorder
20260829-105928_perlmutter_4caaa5c8,ours_l01_s1_gate_pv2_r2_wa_pfov2_noid_trace-a2e8ab_b8_k8_isolated,isolated,ours,15,6,act_ms,0.041696,recorder
20260829-105928_perlmutter_4caaa5c8,ours_l01_s1_gate_pv2_r2_wa_pfov2_noid_trace-a2e8ab_b8_k8_isolated,isolated,ours,15,7,act_ms,0.040832,recorder
20260829-105928_perlmutter_4caaa5c8,ours_l01_s1_gate_pv2_r2_wa_pfov2_noid_trace-a2e8ab_b8_k8_isolated,isolated,ours,15,8,act_ms,0.04128,recorder
20260829-105928_perlmutter_4caaa5c8,ours_l01_s1_gate_pv2_r2_wa_pfov2_noid_trace-a2e8ab_b8_k8_isolated,isolated,ours,15,9,act_ms,0.041504,recorder
20260829-105928_perlmutter_4caaa5c8,ours_l01_s1_gate_pv2_r2_wa_pfov2_noid_trace-a2e8ab_b8_k8_isolated,isolated,ours,15,0,l1_ms,3.153984,recorder
20260829-105928_perlmutter_4caaa5c8,ours_l01_s1_gate_pv2_r2_wa_pfov2_noid_trace-a2e8ab_b8_k8_isolated,isolated,ours,15,1,l1_ms,2.891296,recorder
20260829-105928_perlmutter_4caaa5c8,ours_l01_s1_gate_pv2_r2_wa_pfov2_noid_trace-a2e8ab_b8_k8_isolated,isolated,ours,15,2,l1_ms,3.099744,recorder
20260829-105928_perlmutter_4caaa5c8,ours_l01_s1_gate_pv2_r2_wa_pfov2_noid_trace-a2e8ab_b8_k8_isolated,isolated,ours,15,3,l1_ms,3.326048,recorder
20260829-105928_perlmutter_4caaa5c8,ours_l01_s1_gate_pv2_r2_wa_pfov2_noid_trace-a2e8ab_b8_k8_isolated,isolated,ours,15,4,l1_ms,3.0672,recorder
20260829-105928_perlmutter_4caaa5c8,ours_l01_s1_gate_pv2_r2_wa_pfov2_noid_trace-a2e8ab_b8_k8_isolated,isolated,ours,15,5,l1_ms,2.95728,recorder
20260829-105928_perlmutter_4caaa5c8,ours_l01_s1_gate_pv2_r2_wa_pfov2_noid_trace-a2e8ab_b8_k8_isolated,isolated,ours,15,6,l1_ms,3.299392,recorder
20260829-105928_perlmutter_4caaa5c8,ours_l01_s1_gate_pv2_r2_wa_pfov2_noid_trace-a2e8ab_b8_k8_isolated,isolated,ours,15,7,l1_ms,3.013536,recorder
20260829-105928_perlmutter_4caaa5c8,ours_l01_s1_gate_pv2_r2_wa_pfov2_noid_trace-a2e8ab_b8_k8_isolated,isolated,ours,15,8,l1_ms,2.964128,recorder
20260829-105928_perlmutter_4caaa5c8,ours_l01_s1_gate_pv2_r2_wa_pfov2_noid_trace-a2e8ab_b8_k8_isolated,isolated,ours,15,9,l1_ms,3.025568,recorder
20260829-105928_perlmutter_4caaa5c8,ours_l01_s1_gate_pv2_r2_wa_pfov2_noid_trace-a2e8ab_b8_k8_isolated,isolated,ours,15,0,plan_comm_ms,0.368992,recorder
20260829-105928_perlmutter_4caaa5c8,ours_l01_s1_gate_pv2_r2_wa_pfov2_noid_trace-a2e8ab_b8_k8_isolated,isolated,ours,15,1,plan_comm_ms,0.716608,recorder
20260829-105928_perlmutter_4caaa5c8,ours_l01_s1_gate_pv2_r2_wa_pfov2_noid_trace-a2e8ab_b8_k8_isolated,isolated,ours,15,2,plan_comm_ms,0.37824,recorder
20260829-105928_perlmutter_4caaa5c8,ours_l01_s1_gate_pv2_r2_wa_pfov2_noid_trace-a2e8ab_b8_k8_isolated,isolated,ours,15,3,plan_comm_ms,0.334496,recorder
20260829-105928_perlmutter_4caaa5c8,ours_l01_s1_gate_pv2_r2_wa_pfov2_noid_trace-a2e8ab_b8_k8_isolated,isolated,ours,15,4,plan_comm_ms,0.568768,recorder
20260829-105928_perlmutter_4caaa5c8,ours_l01_s1_gate_pv2_r2_wa_pfov2_noid_trace-a2e8ab_b8_k8_isolated,isolated,ours,15,5,plan_comm_ms,0.342464,recorder
20260829-105928_perlmutter_4caaa5c8,ours_l01_s1_gate_pv2_r2_wa_pfov2_noid_trace-a2e8ab_b8_k8_isolated,isolated,ours,15,6,plan_comm_ms,0.392928,recorder
20260829-105928_perlmutter_4caaa5c8,ours_l01_s1_gate_pv2_r2_wa_pfov2_noid_trace-a2e8ab_b8_k8_isolated,isolated,ours,15,7,plan_comm_ms,0.180896,recorder
20260829-105928_perlmutter_4caaa5c8,ours_l01_s1_gate_pv2_r2_wa_pfov2_noid_trace-a2e8ab_b8_k8_isolated,isolated,ours,15,8,plan_comm_ms,0.210976,recorder
20260829-105928_perlmutter_4caaa5c8,ours_l01_s1_gate_pv2_r2_wa_pfov2_noid_trace-a2e8ab_b8_k8_isolated,isolated,ours,15,9,plan_comm_ms,0.77856,recorder
20260829-105928_perlmutter_4caaa5c8,ours_l01_s1_gate_pv2_r2_wa_pfov2_noid_trace-a2e8ab_b8_k8_isolated,isolated,ours,15,0,place_ms,0.013184,recorder
20260829-105928_perlmutter_4caaa5c8,ours_l01_s1_gate_pv2_r2_wa_pfov2_noid_trace-a2e8ab_b8_k8_isolated,isolated,ours,15,1,place_ms,0.002304,recorder
20260829-105928_perlmutter_4caaa5c8,ours_l01_s1_gate_pv2_r2_wa_pfov2_noid_trace-a2e8ab_b8_k8_isolated,isolated,ours,15,2,place_ms,0.002304,recorder
20260829-105928_perlmutter_4caaa5c8,ours_l01_s1_gate_pv2_r2_wa_pfov2_noid_trace-a2e8ab_b8_k8_isolated,isolated,ours,15,3,place_ms,0.002304,recorder
20260829-105928_perlmutter_4caaa5c8,ours_l01_s1_gate_pv2_r2_wa_pfov2_noid_trace-a2e8ab_b8_k8_isolated,isolated,ours,15,4,place_ms,0.002304,recorder
20260829-105928_perlmutter_4caaa5c8,ours_l01_s1_gate_pv2_r2_wa_pfov2_noid_trace-a2e8ab_b8_k8_isolated,isolated,ours,15,5,place_ms,0.002304,recorder
20260829-105928_perlmutter_4caaa5c8,ours_l01_s1_gate_pv2_r2_wa_pfov2_noid_trace-a2e8ab_b8_k8_isolated,isolated,ours,15,6,place_ms,0.002304,recorder
20260829-105928_perlmutter_4caaa5c8,ours_l01_s1_gate_pv2_r2_wa_pfov2_noid_trace-a2e8ab_b8_k8_isolated,isolated,ours,15,7,place_ms,0.002304,recorder
20260829-105928_perlmutter_4caaa5c8,ours_l01_s1_gate_pv2_r2_wa_pfov2_noid_trace-a2e8ab_b8_k8_isolated,isolated,ours,15,8,place_ms,0.002304,recorder
20260829-105928_perlmutter_4caaa5c8,ours_l01_s1_gate_pv2_r2_wa_pfov2_noid_trace-a2e8ab_b8_k8_isolated,isolated,ours,15,9,place_ms,0.002304,recorder
20260829-105928_perlmutter_4caaa5c8,ours_l01_s1_gate_pv2_r2_wa_pfov2_noid_trace-a2e8ab_b8_k8_isolated,isolated,ours,15,0,plan_ms,0.99376,recorder
20260829-105928_perlmutter_4caaa5c8,ours_l01_s1_gate_pv2_r2_wa_pfov2_noid_trace-a2e8ab_b8_k8_isolated,isolated,ours,15,1,plan_ms,0.986656,recorder
20260829-105928_perlmutter_4caaa5c8,ours_l01_s1_gate_pv2_r2_wa_pfov2_noid_trace-a2e8ab_b8_k8_isolated,isolated,ours,15,2,plan_ms,0.974592,recorder
20260829-105928_perlmutter_4caaa5c8,ours_l01_s1_gate_pv2_r2_wa_pfov2_noid_trace-a2e8ab_b8_k8_isolated,isolated,ours,15,3,plan_ms,0.909728,recorder
20260829-105928_perlmutter_4caaa5c8,ours_l01_s1_gate_pv2_r2_wa_pfov2_noid_trace-a2e8ab_b8_k8_isolated,isolated,ours,15,4,plan_ms,1.000352,recorder
20260829-105928_perlmutter_4caaa5c8,ours_l01_s1_gate_pv2_r2_wa_pfov2_noid_trace-a2e8ab_b8_k8_isolated,isolated,ours,15,5,plan_ms,0.853184,recorder
20260829-105928_perlmutter_4caaa5c8,ours_l01_s1_gate_pv2_r2_wa_pfov2_noid_trace-a2e8ab_b8_k8_isolated,isolated,ours,15,6,plan_ms,1.073472,recorder
20260829-105928_perlmutter_4caaa5c8,ours_l01_s1_gate_pv2_r2_wa_pfov2_noid_trace-a2e8ab_b8_k8_isolated,isolated,ours,15,7,plan_ms,0.877216,recorder
20260829-105928_perlmutter_4caaa5c8,ours_l01_s1_gate_pv2_r2_wa_pfov2_noid_trace-a2e8ab_b8_k8_isolated,isolated,ours,15,8,plan_ms,0.8736,recorder
20260829-105928_perlmutter_4caaa5c8,ours_l01_s1_gate_pv2_r2_wa_pfov2_noid_trace-a2e8ab_b8_k8_isolated,isolated,ours,15,9,plan_ms,0.779968,recorder
20260829-105928_perlmutter_4caaa5c8,ours_l01_s1_gate_pv2_r2_wa_pfov2_noid_trace-a2e8ab_b8_k8_isolated,isolated,ours,15,0,total_ms,7.118464,recorder
20260829-105928_perlmutter_4caaa5c8,ours_l01_s1_gate_pv2_r2_wa_pfov2_noid_trace-a2e8ab_b8_k8_isolated,isolated,ours,15,1,total_ms,7.09008,recorder
20260829-105928_perlmutter_4caaa5c8,ours_l01_s1_gate_pv2_r2_wa_pfov2_noid_trace-a2e8ab_b8_k8_isolated,isolated,ours,15,2,total_ms,8.238752,recorder
20260829-105928_perlmutter_4caaa5c8,ours_l01_s1_gate_pv2_r2_wa_pfov2_noid_trace-a2e8ab_b8_k8_isolated,isolated,ours,15,3,total_ms,9.183488,recorder
20260829-105928_perlmutter_4caaa5c8,ours_l01_s1_gate_pv2_r2_wa_pfov2_noid_trace-a2e8ab_b8_k8_isolated,isolated,ours,15,4,total_ms,8.196224,recorder
20260829-105928_perlmutter_4caaa5c8,ours_l01_s1_gate_pv2_r2_wa_pfov2_noid_trace-a2e8ab_b8_k8_isolated,isolated,ours,15,5,total_ms,6.962144,recorder
20260829-105928_perlmutter_4caaa5c8,ours_l01_s1_gate_pv2_r2_wa_pfov2_noid_trace-a2e8ab_b8_k8_isolated,isolated,ours,15,6,total_ms,8.795168,recorder
20260829-105928_perlmutter_4caaa5c8,ours_l01_s1_gate_pv2_r2_wa_pfov2_noid_trace-a2e8ab_b8_k8_isolated,isolated,ours,15,7,total_ms,6.842272,recorder
20260829-105928_perlmutter_4caaa5c8,ours_l01_s1_gate_pv2_r2_wa_pfov2_noid_trace-a2e8ab_b8_k8_isolated,isolated,ours,15,8,total_ms,6.603424,recorder
20260829-105928_perlmutter_4caaa5c8,ours_l01_s1_gate_pv2_r2_wa_pfov2_noid_trace-a2e8ab_b8_k8_isolated,isolated,ours,15,9,total_ms,7.270304,recorder
20260829-105928_perlmutter_4caaa5c8,ours_l01_s1_gate_pv2_r2_wa_pfov2_noid_trace-a2e8ab_b8_k8_isolated,isolated,ours,15,0,iso_sync_ms,338.762226,recorder
20260829-105928_perlmutter_4caaa5c8,ours_l01_s1_gate_pv2_r2_wa_pfov2_noid_trace-a2e8ab_b8_k8_isolated,isolated,ours,15,1,iso_sync_ms,339.437122,recorder
20260829-105928_perlmutter_4caaa5c8,ours_l01_s1_gate_pv2_r2_wa_pfov2_noid_trace-a2e8ab_b8_k8_isolated,isolated,ours,15,2,iso_sync_ms,337.104387,recorder
20260829-105928_perlmutter_4caaa5c8,ours_l01_s1_gate_pv2_r2_wa_pfov2_noid_trace-a2e8ab_b8_k8_isolated,isolated,ours,15,3,iso_sync_ms,337.024542,recorder
20260829-105928_perlmutter_4caaa5c8,ours_l01_s1_gate_pv2_r2_wa_pfov2_noid_trace-a2e8ab_b8_k8_isolated,isolated,ours,15,4,iso_sync_ms,334.317973,recorder
20260829-105928_perlmutter_4caaa5c8,ours_l01_s1_gate_pv2_r2_wa_pfov2_noid_trace-a2e8ab_b8_k8_isolated,isolated,ours,15,5,iso_sync_ms,338.972062,recorder
20260829-105928_perlmutter_4caaa5c8,ours_l01_s1_gate_pv2_r2_wa_pfov2_noid_trace-a2e8ab_b8_k8_isolated,isolated,ours,15,6,iso_sync_ms,338.632866,recorder
20260829-105928_perlmutter_4caaa5c8,ours_l01_s1_gate_pv2_r2_wa_pfov2_noid_trace-a2e8ab_b8_k8_isolated,isolated,ours,15,7,iso_sync_ms,338.541168,recorder
20260829-105928_perlmutter_4caaa5c8,ours_l01_s1_gate_pv2_r2_wa_pfov2_noid_trace-a2e8ab_b8_k8_isolated,isolated,ours,15,8,iso_sync_ms,333.36562,recorder
20260829-105928_perlmutter_4caaa5c8,ours_l01_s1_gate_pv2_r2_wa_pfov2_noid_trace-a2e8ab_b8_k8_isolated,isolated,ours,15,9,iso_sync_ms,336.945548,recorder
