run_id,cell_id,mode,impl,rank,iter,metric,value_ms,source
20260925-072918_perlmutter_cb90a27f,ours_l01_s1_pv2_r2_pv3c_eps05_trace-a2e8ab_b16_k8_isolated,isolated,ours,0,0,e2e_ms,498.596313,recorder
20260925-072918_perlmutter_cb90a27f,ours_l01_s1_pv2_r2_pv3c_eps05_trace-a2e8ab_b16_k8_isolated,isolated,ours,0,1,e2e_ms,347.814606,recorder
20260925-072918_perlmutter_cb90a27f,ours_l01_s1_pv2_r2_pv3c_eps05_trace-a2e8ab_b16_k8_isolated,isolated,ours,0,2,e2e_ms,20.251713,recorder
20260925-072918_perlmutter_cb90a27f,ours_l01_s1_pv2_r2_pv3c_eps05_trace-a2e8ab_b16_k8_isolated,isolated,ours,0,3,e2e_ms,498.566498,recorder
20260925-072918_perlmutter_cb90a27f,ours_l01_s1_pv2_r2_pv3c_eps05_trace-a2e8ab_b16_k8_isolated,isolated,ours,0,4,e2e_ms,440.060028,recorder
20260925-072918_perlmutter_cb90a27f,ours_l01_s1_pv2_r2_pv3c_eps05_trace-a2e8ab_b16_k8_isolated,isolated,ours,0,5,e2e_ms,22.639969,recorder
20260925-072918_perlmutter_cb90a27f,ours_l01_s1_pv2_r2_pv3c_eps05_trace-a2e8ab_b16_k8_isolated,isolated,ours,0,6,e2e_ms,21.854816,recorder
20260925-072918_perlmutter_cb90a27f,ours_l01_s1_pv2_r2_pv3c_eps05_trace-a2e8ab_b16_k8_isolated,isolated,ours,0,7,e2e_ms,492.80127,recorder
20260925-072918_perlmutter_cb90a27f,ours_l01_s1_pv2_r2_pv3c_eps05_trace-a2e8ab_b16_k8_isolated,isolated,ours,0,8,e2e_ms,20.048704,recorder
20260925-072918_perlmutter_cb90a27f,ours_l01_s1_pv2_r2_pv3c_eps05_trace-a2e8ab_b16_k8_isolated,isolated,ours,0,9,e2e_ms,349.707153,recorder
20260925-072918_perlmutter_cb90a27f,ours_l01_s1_pv2_r2_pv3c_eps05_trace-a2e8ab_b16_k8_isolated,isolated,ours,0,0,l0_ms,10.46784,recorder
20260925-072918_perlmutter_cb90a27f,ours_l01_s1_pv2_r2_pv3c_eps05_trace-a2e8ab_b16_k8_isolated,isolated,ours,0,1,l0_ms,10.668256,recorder
20260925-072918_perlmutter_cb90a27f,ours_l01_s1_pv2_r2_pv3c_eps05_trace-a2e8ab_b16_k8_isolated,isolated,ours,0,2,l0_ms,10.515584,recorder
20260925-072918_perlmutter_cb90a27f,ours_l01_s1_pv2_r2_pv3c_eps05_trace-a2e8ab_b16_k8_isolated,isolated,ours,0,3,l0_ms,11.980224,recorder
20260925-072918_perlmutter_cb90a27f,ours_l01_s1_pv2_r2_pv3c_eps05_trace-a2e8ab_b16_k8_isolated,isolated,ours,0,4,l0_ms,11.85408,recorder
20260925-072918_perlmutter_cb90a27f,ours_l01_s1_pv2_r2_pv3c_eps05_trace-a2e8ab_b16_k8_isolated,isolated,ours,0,5,l0_ms,11.180256,recorder
20260925-072918_perlmutter_cb90a27f,ours_l01_s1_pv2_r2_pv3c_eps05_trace-a2e8ab_b16_k8_isolated,isolated,ours,0,6,l0_ms,11.319168,recorder
20260925-072918_perlmutter_cb90a27f,ours_l01_s1_pv2_r2_pv3c_eps05_trace-a2e8ab_b16_k8_isolated,isolated,ours,0,7,l0_ms,9.800704,recorder
20260925-072918_perlmutter_cb90a27f,ours_l01_s1_pv2_r2_pv3c_eps05_trace-a2e8ab_b16_k8_isolated,isolated,ours,0,8,l0_ms,10.205664,recorder
20260925-072918_perlmutter_cb90a27f,ours_l01_s1_pv2_r2_pv3c_eps05_trace-a2e8ab_b16_k8_isolated,isolated,ours,0,9,l0_ms,10.46112,recorder
20260925-072918_perlmutter_cb90a27f,ours_l01_s1_pv2_r2_pv3c_eps05_trace-a2e8ab_b16_k8_isolated,isolated,ours,0,0,act_ms,0.077152,recorder
20260925-072918_perlmutter_cb90a27f,ours_l01_s1_pv2_r2_pv3c_eps05_trace-a2e8ab_b16_k8_isolated,isolated,ours,0,1,act_ms,0.079104,recorder
20260925-072918_perlmutter_cb90a27f,ours_l01_s1_pv2_r2_pv3c_eps05_trace-a2e8ab_b16_k8_isolated,isolated,ours,0,2,act_ms,0.07808,recorder
20260925-072918_perlmutter_cb90a27f,ours_l01_s1_pv2_r2_pv3c_eps05_trace-a2e8ab_b16_k8_isolated,isolated,ours,0,3,act_ms,0.072288,recorder
20260925-072918_perlmutter_cb90a27f,ours_l01_s1_pv2_r2_pv3c_eps05_trace-a2e8ab_b16_k8_isolated,isolated,ours,0,4,act_ms,0.077856,recorder
20260925-072918_perlmutter_cb90a27f,ours_l01_s1_pv2_r2_pv3c_eps05_trace-a2e8ab_b16_k8_isolated,isolated,ours,0,5,act_ms,0.072256,recorder
20260925-072918_perlmutter_cb90a27f,ours_l01_s1_pv2_r2_pv3c_eps05_trace-a2e8ab_b16_k8_isolated,isolated,ours,0,6,act_ms,0.078784,recorder
20260925-072918_perlmutter_cb90a27f,ours_l01_s1_pv2_r2_pv3c_eps05_trace-a2e8ab_b16_k8_isolated,isolated,ours,0,7,act_ms,0.078976,recorder
20260925-072918_perlmutter_cb90a27f,ours_l01_s1_pv2_r2_pv3c_eps05_trace-a2e8ab_b16_k8_isolated,isolated,ours,0,8,act_ms,0.07584,recorder
20260925-072918_perlmutter_cb90a27f,ours_l01_s1_pv2_r2_pv3c_eps05_trace-a2e8ab_b16_k8_isolated,isolated,ours,0,9,act_ms,0.080192,recorder
20260925-072918_perlmutter_cb90a27f,ours_l01_s1_pv2_r2_pv3c_eps05_trace-a2e8ab_b16_k8_isolated,isolated,ours,0,0,l1_ms,488.051331,recorder
20260925-072918_perlmutter_cb90a27f,ours_l01_s1_pv2_r2_pv3c_eps05_trace-a2e8ab_b16_k8_isolated,isolated,ours,0,1,l1_ms,337.06723,recorder
20260925-072918_perlmutter_cb90a27f,ours_l01_s1_pv2_r2_pv3c_eps05_trace-a2e8ab_b16_k8_isolated,isolated,ours,0,2,l1_ms,9.658048,recorder
20260925-072918_perlmutter_cb90a27f,ours_l01_s1_pv2_r2_pv3c_eps05_trace-a2e8ab_b16_k8_isolated,isolated,ours,0,3,l1_ms,486.513977,recorder
20260925-072918_perlmutter_cb90a27f,ours_l01_s1_pv2_r2_pv3c_eps05_trace-a2e8ab_b16_k8_isolated,isolated,ours,0,4,l1_ms,428.128082,recorder
20260925-072918_perlmutter_cb90a27f,ours_l01_s1_pv2_r2_pv3c_eps05_trace-a2e8ab_b16_k8_isolated,isolated,ours,0,5,l1_ms,11.387456,recorder
20260925-072918_perlmutter_cb90a27f,ours_l01_s1_pv2_r2_pv3c_eps05_trace-a2e8ab_b16_k8_isolated,isolated,ours,0,6,l1_ms,10.456864,recorder
20260925-072918_perlmutter_cb90a27f,ours_l01_s1_pv2_r2_pv3c_eps05_trace-a2e8ab_b16_k8_isolated,isolated,ours,0,7,l1_ms,482.9216,recorder
20260925-072918_perlmutter_cb90a27f,ours_l01_s1_pv2_r2_pv3c_eps05_trace-a2e8ab_b16_k8_isolated,isolated,ours,0,8,l1_ms,9.7672,recorder
20260925-072918_perlmutter_cb90a27f,ours_l01_s1_pv2_r2_pv3c_eps05_trace-a2e8ab_b16_k8_isolated,isolated,ours,0,9,l1_ms,339.165863,recorder
20260925-072918_perlmutter_cb90a27f,ours_l01_s1_pv2_r2_pv3c_eps05_trace-a2e8ab_b16_k8_isolated,isolated,ours,0,0,plan_comm_ms,0.600864,recorder
20260925-072918_perlmutter_cb90a27f,ours_l01_s1_pv2_r2_pv3c_eps05_trace-a2e8ab_b16_k8_isolated,isolated,ours,0,1,plan_comm_ms,0.818976,recorder
20260925-072918_perlmutter_cb90a27f,ours_l01_s1_pv2_r2_pv3c_eps05_trace-a2e8ab_b16_k8_isolated,isolated,ours,0,2,plan_comm_ms,0.886944,recorder
20260925-072918_perlmutter_cb90a27f,ours_l01_s1_pv2_r2_pv3c_eps05_trace-a2e8ab_b16_k8_isolated,isolated,ours,0,3,plan_comm_ms,0.593088,recorder
20260925-072918_perlmutter_cb90a27f,ours_l01_s1_pv2_r2_pv3c_eps05_trace-a2e8ab_b16_k8_isolated,isolated,ours,0,4,plan_comm_ms,0.701824,recorder
20260925-072918_perlmutter_cb90a27f,ours_l01_s1_pv2_r2_pv3c_eps05_trace-a2e8ab_b16_k8_isolated,isolated,ours,0,5,plan_comm_ms,0.88592,recorder
20260925-072918_perlmutter_cb90a27f,ours_l01_s1_pv2_r2_pv3c_eps05_trace-a2e8ab_b16_k8_isolated,isolated,ours,0,6,plan_comm_ms,0.624064,recorder
20260925-072918_perlmutter_cb90a27f,ours_l01_s1_pv2_r2_pv3c_eps05_trace-a2e8ab_b16_k8_isolated,isolated,ours,0,7,plan_comm_ms,0.682208,recorder
20260925-072918_perlmutter_cb90a27f,ours_l01_s1_pv2_r2_pv3c_eps05_trace-a2e8ab_b16_k8_isolated,isolated,ours,0,8,plan_comm_ms,0.958432,recorder
20260925-072918_perlmutter_cb90a27f,ours_l01_s1_pv2_r2_pv3c_eps05_trace-a2e8ab_b16_k8_isolated,isolated,ours,0,9,plan_comm_ms,0.634784,recorder
20260925-072918_perlmutter_cb90a27f,ours_l01_s1_pv2_r2_pv3c_eps05_trace-a2e8ab_b16_k8_isolated,isolated,ours,0,0,place_ms,0.002336,recorder
20260925-072918_perlmutter_cb90a27f,ours_l01_s1_pv2_r2_pv3c_eps05_trace-a2e8ab_b16_k8_isolated,isolated,ours,0,1,place_ms,0.002368,recorder
20260925-072918_perlmutter_cb90a27f,ours_l01_s1_pv2_r2_pv3c_eps05_trace-a2e8ab_b16_k8_isolated,isolated,ours,0,2,place_ms,0.002336,recorder
20260925-072918_perlmutter_cb90a27f,ours_l01_s1_pv2_r2_pv3c_eps05_trace-a2e8ab_b16_k8_isolated,isolated,ours,0,3,place_ms,0.002336,recorder
20260925-072918_perlmutter_cb90a27f,ours_l01_s1_pv2_r2_pv3c_eps05_trace-a2e8ab_b16_k8_isolated,isolated,ours,0,4,place_ms,0.002336,recorder
20260925-072918_perlmutter_cb90a27f,ours_l01_s1_pv2_r2_pv3c_eps05_trace-a2e8ab_b16_k8_isolated,isolated,ours,0,5,place_ms,0.002336,recorder
20260925-072918_perlmutter_cb90a27f,ours_l01_s1_pv2_r2_pv3c_eps05_trace-a2e8ab_b16_k8_isolated,isolated,ours,0,6,place_ms,0.002368,recorder
20260925-072918_perlmutter_cb90a27f,ours_l01_s1_pv2_r2_pv3c_eps05_trace-a2e8ab_b16_k8_isolated,isolated,ours,0,7,place_ms,0.002368,recorder
20260925-072918_perlmutter_cb90a27f,ours_l01_s1_pv2_r2_pv3c_eps05_trace-a2e8ab_b16_k8_isolated,isolated,ours,0,8,place_ms,0.002336,recorder
20260925-072918_perlmutter_cb90a27f,ours_l01_s1_pv2_r2_pv3c_eps05_trace-a2e8ab_b16_k8_isolated,isolated,ours,0,9,place_ms,0.002368,recorder
20260925-072918_perlmutter_cb90a27f,ours_l01_s1_pv2_r2_pv3c_eps05_trace-a2e8ab_b16_k8_isolated,isolated,ours,0,0,plan_ms,1.923104,recorder
20260925-072918_perlmutter_cb90a27f,ours_l01_s1_pv2_r2_pv3c_eps05_trace-a2e8ab_b16_k8_isolated,isolated,ours,0,1,plan_ms,1.953088,recorder
20260925-072918_perlmutter_cb90a27f,ours_l01_s1_pv2_r2_pv3c_eps05_trace-a2e8ab_b16_k8_isolated,isolated,ours,0,2,plan_ms,1.93504,recorder
20260925-072918_perlmutter_cb90a27f,ours_l01_s1_pv2_r2_pv3c_eps05_trace-a2e8ab_b16_k8_isolated,isolated,ours,0,3,plan_ms,1.938176,recorder
20260925-072918_perlmutter_cb90a27f,ours_l01_s1_pv2_r2_pv3c_eps05_trace-a2e8ab_b16_k8_isolated,isolated,ours,0,4,plan_ms,1.91648,recorder
20260925-072918_perlmutter_cb90a27f,ours_l01_s1_pv2_r2_pv3c_eps05_trace-a2e8ab_b16_k8_isolated,isolated,ours,0,5,plan_ms,1.92896,recorder
20260925-072918_perlmutter_cb90a27f,ours_l01_s1_pv2_r2_pv3c_eps05_trace-a2e8ab_b16_k8_isolated,isolated,ours,0,6,plan_ms,1.922336,recorder
20260925-072918_perlmutter_cb90a27f,ours_l01_s1_pv2_r2_pv3c_eps05_trace-a2e8ab_b16_k8_isolated,isolated,ours,0,7,plan_ms,1.923392,recorder
20260925-072918_perlmutter_cb90a27f,ours_l01_s1_pv2_r2_pv3c_eps05_trace-a2e8ab_b16_k8_isolated,isolated,ours,0,8,plan_ms,1.920544,recorder
20260925-072918_perlmutter_cb90a27f,ours_l01_s1_pv2_r2_pv3c_eps05_trace-a2e8ab_b16_k8_isolated,isolated,ours,0,9,plan_ms,1.934368,recorder
20260925-072918_perlmutter_cb90a27f,ours_l01_s1_pv2_r2_pv3c_eps05_trace-a2e8ab_b16_k8_isolated,isolated,ours,0,0,total_ms,501.132446,recorder
20260925-072918_perlmutter_cb90a27f,ours_l01_s1_pv2_r2_pv3c_eps05_trace-a2e8ab_b16_k8_isolated,isolated,ours,0,1,total_ms,350.598663,recorder
20260925-072918_perlmutter_cb90a27f,ours_l01_s1_pv2_r2_pv3c_eps05_trace-a2e8ab_b16_k8_isolated,isolated,ours,0,2,total_ms,23.085344,recorder
20260925-072918_perlmutter_cb90a27f,ours_l01_s1_pv2_r2_pv3c_eps05_trace-a2e8ab_b16_k8_isolated,isolated,ours,0,3,total_ms,501.109436,recorder
20260925-072918_perlmutter_cb90a27f,ours_l01_s1_pv2_r2_pv3c_eps05_trace-a2e8ab_b16_k8_isolated,isolated,ours,0,4,total_ms,442.690338,recorder
20260925-072918_perlmutter_cb90a27f,ours_l01_s1_pv2_r2_pv3c_eps05_trace-a2e8ab_b16_k8_isolated,isolated,ours,0,5,total_ms,25.46656,recorder
20260925-072918_perlmutter_cb90a27f,ours_l01_s1_pv2_r2_pv3c_eps05_trace-a2e8ab_b16_k8_isolated,isolated,ours,0,6,total_ms,24.412577,recorder
20260925-072918_perlmutter_cb90a27f,ours_l01_s1_pv2_r2_pv3c_eps05_trace-a2e8ab_b16_k8_isolated,isolated,ours,0,7,total_ms,495.41806,recorder
20260925-072918_perlmutter_cb90a27f,ours_l01_s1_pv2_r2_pv3c_eps05_trace-a2e8ab_b16_k8_isolated,isolated,ours,0,8,total_ms,22.939615,recorder
20260925-072918_perlmutter_cb90a27f,ours_l01_s1_pv2_r2_pv3c_eps05_trace-a2e8ab_b16_k8_isolated,isolated,ours,0,9,total_ms,352.288544,recorder
20260925-072918_perlmutter_cb90a27f,ours_l01_s1_pv2_r2_pv3c_eps05_trace-a2e8ab_b16_k8_isolated,isolated,ours,0,0,iso_sync_ms,19.290805,recorder
20260925-072918_perlmutter_cb90a27f,ours_l01_s1_pv2_r2_pv3c_eps05_trace-a2e8ab_b16_k8_isolated,isolated,ours,0,1,iso_sync_ms,498.307898,recorder
20260925-072918_perlmutter_cb90a27f,ours_l01_s1_pv2_r2_pv3c_eps05_trace-a2e8ab_b16_k8_isolated,isolated,ours,0,2,iso_sync_ms,346.166029,recorder
20260925-072918_perlmutter_cb90a27f,ours_l01_s1_pv2_r2_pv3c_eps05_trace-a2e8ab_b16_k8_isolated,isolated,ours,0,3,iso_sync_ms,18.586594,recorder
20260925-072918_perlmutter_cb90a27f,ours_l01_s1_pv2_r2_pv3c_eps05_trace-a2e8ab_b16_k8_isolated,isolated,ours,0,4,iso_sync_ms,497.587515,recorder
20260925-072918_perlmutter_cb90a27f,ours_l01_s1_pv2_r2_pv3c_eps05_trace-a2e8ab_b16_k8_isolated,isolated,ours,0,5,iso_sync_ms,438.773369,recorder
20260925-072918_perlmutter_cb90a27f,ours_l01_s1_pv2_r2_pv3c_eps05_trace-a2e8ab_b16_k8_isolated,isolated,ours,0,6,iso_sync_ms,20.983547,recorder
20260925-072918_perlmutter_cb90a27f,ours_l01_s1_pv2_r2_pv3c_eps05_trace-a2e8ab_b16_k8_isolated,isolated,ours,0,7,iso_sync_ms,20.351385,recorder
20260925-072918_perlmutter_cb90a27f,ours_l01_s1_pv2_r2_pv3c_eps05_trace-a2e8ab_b16_k8_isolated,isolated,ours,0,8,iso_sync_ms,491.785111,recorder
20260925-072918_perlmutter_cb90a27f,ours_l01_s1_pv2_r2_pv3c_eps05_trace-a2e8ab_b16_k8_isolated,isolated,ours,0,9,iso_sync_ms,18.678282,recorder
20260925-072918_perlmutter_cb90a27f,ours_l01_s1_pv2_r2_pv3c_eps05_trace-a2e8ab_b16_k8_isolated,isolated,ours,1,0,e2e_ms,498.562134,recorder
20260925-072918_perlmutter_cb90a27f,ours_l01_s1_pv2_r2_pv3c_eps05_trace-a2e8ab_b16_k8_isolated,isolated,ours,1,1,e2e_ms,347.76416,recorder
20260925-072918_perlmutter_cb90a27f,ours_l01_s1_pv2_r2_pv3c_eps05_trace-a2e8ab_b16_k8_isolated,isolated,ours,1,2,e2e_ms,20.219423,recorder
20260925-072918_perlmutter_cb90a27f,ours_l01_s1_pv2_r2_pv3c_eps05_trace-a2e8ab_b16_k8_isolated,isolated,ours,1,3,e2e_ms,498.480316,recorder
20260925-072918_perlmutter_cb90a27f,ours_l01_s1_pv2_r2_pv3c_eps05_trace-a2e8ab_b16_k8_isolated,isolated,ours,1,4,e2e_ms,439.996979,recorder
20260925-072918_perlmutter_cb90a27f,ours_l01_s1_pv2_r2_pv3c_eps05_trace-a2e8ab_b16_k8_isolated,isolated,ours,1,5,e2e_ms,22.605921,recorder
20260925-072918_perlmutter_cb90a27f,ours_l01_s1_pv2_r2_pv3c_eps05_trace-a2e8ab_b16_k8_isolated,isolated,ours,1,6,e2e_ms,21.809568,recorder
20260925-072918_perlmutter_cb90a27f,ours_l01_s1_pv2_r2_pv3c_eps05_trace-a2e8ab_b16_k8_isolated,isolated,ours,1,7,e2e_ms,492.808472,recorder
20260925-072918_perlmutter_cb90a27f,ours_l01_s1_pv2_r2_pv3c_eps05_trace-a2e8ab_b16_k8_isolated,isolated,ours,1,8,e2e_ms,20.016319,recorder
20260925-072918_perlmutter_cb90a27f,ours_l01_s1_pv2_r2_pv3c_eps05_trace-a2e8ab_b16_k8_isolated,isolated,ours,1,9,e2e_ms,349.676605,recorder
20260925-072918_perlmutter_cb90a27f,ours_l01_s1_pv2_r2_pv3c_eps05_trace-a2e8ab_b16_k8_isolated,isolated,ours,1,0,l0_ms,10.467392,recorder
20260925-072918_perlmutter_cb90a27f,ours_l01_s1_pv2_r2_pv3c_eps05_trace-a2e8ab_b16_k8_isolated,isolated,ours,1,1,l0_ms,10.672864,recorder
20260925-072918_perlmutter_cb90a27f,ours_l01_s1_pv2_r2_pv3c_eps05_trace-a2e8ab_b16_k8_isolated,isolated,ours,1,2,l0_ms,10.485504,recorder
20260925-072918_perlmutter_cb90a27f,ours_l01_s1_pv2_r2_pv3c_eps05_trace-a2e8ab_b16_k8_isolated,isolated,ours,1,3,l0_ms,11.947424,recorder
20260925-072918_perlmutter_cb90a27f,ours_l01_s1_pv2_r2_pv3c_eps05_trace-a2e8ab_b16_k8_isolated,isolated,ours,1,4,l0_ms,11.786016,recorder
20260925-072918_perlmutter_cb90a27f,ours_l01_s1_pv2_r2_pv3c_eps05_trace-a2e8ab_b16_k8_isolated,isolated,ours,1,5,l0_ms,11.159328,recorder
20260925-072918_perlmutter_cb90a27f,ours_l01_s1_pv2_r2_pv3c_eps05_trace-a2e8ab_b16_k8_isolated,isolated,ours,1,6,l0_ms,11.308608,recorder
20260925-072918_perlmutter_cb90a27f,ours_l01_s1_pv2_r2_pv3c_eps05_trace-a2e8ab_b16_k8_isolated,isolated,ours,1,7,l0_ms,9.764544,recorder
20260925-072918_perlmutter_cb90a27f,ours_l01_s1_pv2_r2_pv3c_eps05_trace-a2e8ab_b16_k8_isolated,isolated,ours,1,8,l0_ms,10.173536,recorder
20260925-072918_perlmutter_cb90a27f,ours_l01_s1_pv2_r2_pv3c_eps05_trace-a2e8ab_b16_k8_isolated,isolated,ours,1,9,l0_ms,10.43408,recorder
20260925-072918_perlmutter_cb90a27f,ours_l01_s1_pv2_r2_pv3c_eps05_trace-a2e8ab_b16_k8_isolated,isolated,ours,1,0,act_ms,0.094688,recorder
20260925-072918_perlmutter_cb90a27f,ours_l01_s1_pv2_r2_pv3c_eps05_trace-a2e8ab_b16_k8_isolated,isolated,ours,1,1,act_ms,0.10016,recorder
20260925-072918_perlmutter_cb90a27f,ours_l01_s1_pv2_r2_pv3c_eps05_trace-a2e8ab_b16_k8_isolated,isolated,ours,1,2,act_ms,0.101152,recorder
20260925-072918_perlmutter_cb90a27f,ours_l01_s1_pv2_r2_pv3c_eps05_trace-a2e8ab_b16_k8_isolated,isolated,ours,1,3,act_ms,0.09792,recorder
20260925-072918_perlmutter_cb90a27f,ours_l01_s1_pv2_r2_pv3c_eps05_trace-a2e8ab_b16_k8_isolated,isolated,ours,1,4,act_ms,0.10288,recorder
20260925-072918_perlmutter_cb90a27f,ours_l01_s1_pv2_r2_pv3c_eps05_trace-a2e8ab_b16_k8_isolated,isolated,ours,1,5,act_ms,0.101248,recorder
20260925-072918_perlmutter_cb90a27f,ours_l01_s1_pv2_r2_pv3c_eps05_trace-a2e8ab_b16_k8_isolated,isolated,ours,1,6,act_ms,0.097056,recorder
20260925-072918_perlmutter_cb90a27f,ours_l01_s1_pv2_r2_pv3c_eps05_trace-a2e8ab_b16_k8_isolated,isolated,ours,1,7,act_ms,0.098272,recorder
20260925-072918_perlmutter_cb90a27f,ours_l01_s1_pv2_r2_pv3c_eps05_trace-a2e8ab_b16_k8_isolated,isolated,ours,1,8,act_ms,0.100928,recorder
20260925-072918_perlmutter_cb90a27f,ours_l01_s1_pv2_r2_pv3c_eps05_trace-a2e8ab_b16_k8_isolated,isolated,ours,1,9,act_ms,0.101024,recorder
20260925-072918_perlmutter_cb90a27f,ours_l01_s1_pv2_r2_pv3c_eps05_trace-a2e8ab_b16_k8_isolated,isolated,ours,1,0,l1_ms,488.000061,recorder
20260925-072918_perlmutter_cb90a27f,ours_l01_s1_pv2_r2_pv3c_eps05_trace-a2e8ab_b16_k8_isolated,isolated,ours,1,1,l1_ms,336.99115,recorder
20260925-072918_perlmutter_cb90a27f,ours_l01_s1_pv2_r2_pv3c_eps05_trace-a2e8ab_b16_k8_isolated,isolated,ours,1,2,l1_ms,9.632768,recorder
20260925-072918_perlmutter_cb90a27f,ours_l01_s1_pv2_r2_pv3c_eps05_trace-a2e8ab_b16_k8_isolated,isolated,ours,1,3,l1_ms,486.434967,recorder
20260925-072918_perlmutter_cb90a27f,ours_l01_s1_pv2_r2_pv3c_eps05_trace-a2e8ab_b16_k8_isolated,isolated,ours,1,4,l1_ms,428.108093,recorder
20260925-072918_perlmutter_cb90a27f,ours_l01_s1_pv2_r2_pv3c_eps05_trace-a2e8ab_b16_k8_isolated,isolated,ours,1,5,l1_ms,11.345344,recorder
20260925-072918_perlmutter_cb90a27f,ours_l01_s1_pv2_r2_pv3c_eps05_trace-a2e8ab_b16_k8_isolated,isolated,ours,1,6,l1_ms,10.403904,recorder
20260925-072918_perlmutter_cb90a27f,ours_l01_s1_pv2_r2_pv3c_eps05_trace-a2e8ab_b16_k8_isolated,isolated,ours,1,7,l1_ms,482.945679,recorder
20260925-072918_perlmutter_cb90a27f,ours_l01_s1_pv2_r2_pv3c_eps05_trace-a2e8ab_b16_k8_isolated,isolated,ours,1,8,l1_ms,9.741856,recorder
20260925-072918_perlmutter_cb90a27f,ours_l01_s1_pv2_r2_pv3c_eps05_trace-a2e8ab_b16_k8_isolated,isolated,ours,1,9,l1_ms,339.14151,recorder
20260925-072918_perlmutter_cb90a27f,ours_l01_s1_pv2_r2_pv3c_eps05_trace-a2e8ab_b16_k8_isolated,isolated,ours,1,0,plan_comm_ms,0.599968,recorder
20260925-072918_perlmutter_cb90a27f,ours_l01_s1_pv2_r2_pv3c_eps05_trace-a2e8ab_b16_k8_isolated,isolated,ours,1,1,plan_comm_ms,0.90016,recorder
20260925-072918_perlmutter_cb90a27f,ours_l01_s1_pv2_r2_pv3c_eps05_trace-a2e8ab_b16_k8_isolated,isolated,ours,1,2,plan_comm_ms,0.88528,recorder
20260925-072918_perlmutter_cb90a27f,ours_l01_s1_pv2_r2_pv3c_eps05_trace-a2e8ab_b16_k8_isolated,isolated,ours,1,3,plan_comm_ms,0.592128,recorder
20260925-072918_perlmutter_cb90a27f,ours_l01_s1_pv2_r2_pv3c_eps05_trace-a2e8ab_b16_k8_isolated,isolated,ours,1,4,plan_comm_ms,0.666304,recorder
20260925-072918_perlmutter_cb90a27f,ours_l01_s1_pv2_r2_pv3c_eps05_trace-a2e8ab_b16_k8_isolated,isolated,ours,1,5,plan_comm_ms,0.884288,recorder
20260925-072918_perlmutter_cb90a27f,ours_l01_s1_pv2_r2_pv3c_eps05_trace-a2e8ab_b16_k8_isolated,isolated,ours,1,6,plan_comm_ms,0.624896,recorder
20260925-072918_perlmutter_cb90a27f,ours_l01_s1_pv2_r2_pv3c_eps05_trace-a2e8ab_b16_k8_isolated,isolated,ours,1,7,plan_comm_ms,0.68224,recorder
20260925-072918_perlmutter_cb90a27f,ours_l01_s1_pv2_r2_pv3c_eps05_trace-a2e8ab_b16_k8_isolated,isolated,ours,1,8,plan_comm_ms,0.9568,recorder
20260925-072918_perlmutter_cb90a27f,ours_l01_s1_pv2_r2_pv3c_eps05_trace-a2e8ab_b16_k8_isolated,isolated,ours,1,9,plan_comm_ms,0.634944,recorder
20260925-072918_perlmutter_cb90a27f,ours_l01_s1_pv2_r2_pv3c_eps05_trace-a2e8ab_b16_k8_isolated,isolated,ours,1,0,place_ms,0.002272,recorder
20260925-072918_perlmutter_cb90a27f,ours_l01_s1_pv2_r2_pv3c_eps05_trace-a2e8ab_b16_k8_isolated,isolated,ours,1,1,place_ms,0.002304,recorder
20260925-072918_perlmutter_cb90a27f,ours_l01_s1_pv2_r2_pv3c_eps05_trace-a2e8ab_b16_k8_isolated,isolated,ours,1,2,place_ms,0.002304,recorder
20260925-072918_perlmutter_cb90a27f,ours_l01_s1_pv2_r2_pv3c_eps05_trace-a2e8ab_b16_k8_isolated,isolated,ours,1,3,place_ms,0.002464,recorder
20260925-072918_perlmutter_cb90a27f,ours_l01_s1_pv2_r2_pv3c_eps05_trace-a2e8ab_b16_k8_isolated,isolated,ours,1,4,place_ms,0.002304,recorder
20260925-072918_perlmutter_cb90a27f,ours_l01_s1_pv2_r2_pv3c_eps05_trace-a2e8ab_b16_k8_isolated,isolated,ours,1,5,place_ms,0.002304,recorder
20260925-072918_perlmutter_cb90a27f,ours_l01_s1_pv2_r2_pv3c_eps05_trace-a2e8ab_b16_k8_isolated,isolated,ours,1,6,place_ms,0.002304,recorder
20260925-072918_perlmutter_cb90a27f,ours_l01_s1_pv2_r2_pv3c_eps05_trace-a2e8ab_b16_k8_isolated,isolated,ours,1,7,place_ms,0.002304,recorder
20260925-072918_perlmutter_cb90a27f,ours_l01_s1_pv2_r2_pv3c_eps05_trace-a2e8ab_b16_k8_isolated,isolated,ours,1,8,place_ms,0.002304,recorder
20260925-072918_perlmutter_cb90a27f,ours_l01_s1_pv2_r2_pv3c_eps05_trace-a2e8ab_b16_k8_isolated,isolated,ours,1,9,place_ms,0.002304,recorder
20260925-072918_perlmutter_cb90a27f,ours_l01_s1_pv2_r2_pv3c_eps05_trace-a2e8ab_b16_k8_isolated,isolated,ours,1,0,plan_ms,1.947264,recorder
20260925-072918_perlmutter_cb90a27f,ours_l01_s1_pv2_r2_pv3c_eps05_trace-a2e8ab_b16_k8_isolated,isolated,ours,1,1,plan_ms,1.965568,recorder
20260925-072918_perlmutter_cb90a27f,ours_l01_s1_pv2_r2_pv3c_eps05_trace-a2e8ab_b16_k8_isolated,isolated,ours,1,2,plan_ms,1.970592,recorder
20260925-072918_perlmutter_cb90a27f,ours_l01_s1_pv2_r2_pv3c_eps05_trace-a2e8ab_b16_k8_isolated,isolated,ours,1,3,plan_ms,1.982464,recorder
20260925-072918_perlmutter_cb90a27f,ours_l01_s1_pv2_r2_pv3c_eps05_trace-a2e8ab_b16_k8_isolated,isolated,ours,1,4,plan_ms,1.988864,recorder
20260925-072918_perlmutter_cb90a27f,ours_l01_s1_pv2_r2_pv3c_eps05_trace-a2e8ab_b16_k8_isolated,isolated,ours,1,5,plan_ms,1.96384,recorder
20260925-072918_perlmutter_cb90a27f,ours_l01_s1_pv2_r2_pv3c_eps05_trace-a2e8ab_b16_k8_isolated,isolated,ours,1,6,plan_ms,1.968384,recorder
20260925-072918_perlmutter_cb90a27f,ours_l01_s1_pv2_r2_pv3c_eps05_trace-a2e8ab_b16_k8_isolated,isolated,ours,1,7,plan_ms,1.969728,recorder
20260925-072918_perlmutter_cb90a27f,ours_l01_s1_pv2_r2_pv3c_eps05_trace-a2e8ab_b16_k8_isolated,isolated,ours,1,8,plan_ms,1.957088,recorder
20260925-072918_perlmutter_cb90a27f,ours_l01_s1_pv2_r2_pv3c_eps05_trace-a2e8ab_b16_k8_isolated,isolated,ours,1,9,plan_ms,1.954816,recorder
20260925-072918_perlmutter_cb90a27f,ours_l01_s1_pv2_r2_pv3c_eps05_trace-a2e8ab_b16_k8_isolated,isolated,ours,1,0,total_ms,501.131165,recorder
20260925-072918_perlmutter_cb90a27f,ours_l01_s1_pv2_r2_pv3c_eps05_trace-a2e8ab_b16_k8_isolated,isolated,ours,1,1,total_ms,350.641846,recorder
20260925-072918_perlmutter_cb90a27f,ours_l01_s1_pv2_r2_pv3c_eps05_trace-a2e8ab_b16_k8_isolated,isolated,ours,1,2,total_ms,23.087456,recorder
20260925-072918_perlmutter_cb90a27f,ours_l01_s1_pv2_r2_pv3c_eps05_trace-a2e8ab_b16_k8_isolated,isolated,ours,1,3,total_ms,501.06723,recorder
20260925-072918_perlmutter_cb90a27f,ours_l01_s1_pv2_r2_pv3c_eps05_trace-a2e8ab_b16_k8_isolated,isolated,ours,1,4,total_ms,442.664856,recorder
20260925-072918_perlmutter_cb90a27f,ours_l01_s1_pv2_r2_pv3c_eps05_trace-a2e8ab_b16_k8_isolated,isolated,ours,1,5,total_ms,25.4664,recorder
20260925-072918_perlmutter_cb90a27f,ours_l01_s1_pv2_r2_pv3c_eps05_trace-a2e8ab_b16_k8_isolated,isolated,ours,1,6,total_ms,24.414623,recorder
20260925-072918_perlmutter_cb90a27f,ours_l01_s1_pv2_r2_pv3c_eps05_trace-a2e8ab_b16_k8_isolated,isolated,ours,1,7,total_ms,495.472473,recorder
20260925-072918_perlmutter_cb90a27f,ours_l01_s1_pv2_r2_pv3c_eps05_trace-a2e8ab_b16_k8_isolated,isolated,ours,1,8,total_ms,22.943008,recorder
20260925-072918_perlmutter_cb90a27f,ours_l01_s1_pv2_r2_pv3c_eps05_trace-a2e8ab_b16_k8_isolated,isolated,ours,1,9,total_ms,352.278351,recorder
20260925-072918_perlmutter_cb90a27f,ours_l01_s1_pv2_r2_pv3c_eps05_trace-a2e8ab_b16_k8_isolated,isolated,ours,1,0,iso_sync_ms,19.359178,recorder
20260925-072918_perlmutter_cb90a27f,ours_l01_s1_pv2_r2_pv3c_eps05_trace-a2e8ab_b16_k8_isolated,isolated,ours,1,1,iso_sync_ms,498.413552,recorder
20260925-072918_perlmutter_cb90a27f,ours_l01_s1_pv2_r2_pv3c_eps05_trace-a2e8ab_b16_k8_isolated,isolated,ours,1,2,iso_sync_ms,346.879578,recorder
20260925-072918_perlmutter_cb90a27f,ours_l01_s1_pv2_r2_pv3c_eps05_trace-a2e8ab_b16_k8_isolated,isolated,ours,1,3,iso_sync_ms,18.697378,recorder
20260925-072918_perlmutter_cb90a27f,ours_l01_s1_pv2_r2_pv3c_eps05_trace-a2e8ab_b16_k8_isolated,isolated,ours,1,4,iso_sync_ms,497.615791,recorder
20260925-072918_perlmutter_cb90a27f,ours_l01_s1_pv2_r2_pv3c_eps05_trace-a2e8ab_b16_k8_isolated,isolated,ours,1,5,iso_sync_ms,438.245319,recorder
20260925-072918_perlmutter_cb90a27f,ours_l01_s1_pv2_r2_pv3c_eps05_trace-a2e8ab_b16_k8_isolated,isolated,ours,1,6,iso_sync_ms,20.937328,recorder
20260925-072918_perlmutter_cb90a27f,ours_l01_s1_pv2_r2_pv3c_eps05_trace-a2e8ab_b16_k8_isolated,isolated,ours,1,7,iso_sync_ms,20.37466,recorder
20260925-072918_perlmutter_cb90a27f,ours_l01_s1_pv2_r2_pv3c_eps05_trace-a2e8ab_b16_k8_isolated,isolated,ours,1,8,iso_sync_ms,491.830949,recorder
20260925-072918_perlmutter_cb90a27f,ours_l01_s1_pv2_r2_pv3c_eps05_trace-a2e8ab_b16_k8_isolated,isolated,ours,1,9,iso_sync_ms,18.780018,recorder
20260925-072918_perlmutter_cb90a27f,ours_l01_s1_pv2_r2_pv3c_eps05_trace-a2e8ab_b16_k8_isolated,isolated,ours,2,0,e2e_ms,498.567261,recorder
20260925-072918_perlmutter_cb90a27f,ours_l01_s1_pv2_r2_pv3c_eps05_trace-a2e8ab_b16_k8_isolated,isolated,ours,2,1,e2e_ms,347.76236,recorder
20260925-072918_perlmutter_cb90a27f,ours_l01_s1_pv2_r2_pv3c_eps05_trace-a2e8ab_b16_k8_isolated,isolated,ours,2,2,e2e_ms,20.228672,recorder
20260925-072918_perlmutter_cb90a27f,ours_l01_s1_pv2_r2_pv3c_eps05_trace-a2e8ab_b16_k8_isolated,isolated,ours,2,3,e2e_ms,498.541199,recorder
20260925-072918_perlmutter_cb90a27f,ours_l01_s1_pv2_r2_pv3c_eps05_trace-a2e8ab_b16_k8_isolated,isolated,ours,2,4,e2e_ms,440.059723,recorder
20260925-072918_perlmutter_cb90a27f,ours_l01_s1_pv2_r2_pv3c_eps05_trace-a2e8ab_b16_k8_isolated,isolated,ours,2,5,e2e_ms,22.625568,recorder
20260925-072918_perlmutter_cb90a27f,ours_l01_s1_pv2_r2_pv3c_eps05_trace-a2e8ab_b16_k8_isolated,isolated,ours,2,6,e2e_ms,21.820383,recorder
20260925-072918_perlmutter_cb90a27f,ours_l01_s1_pv2_r2_pv3c_eps05_trace-a2e8ab_b16_k8_isolated,isolated,ours,2,7,e2e_ms,492.796295,recorder
20260925-072918_perlmutter_cb90a27f,ours_l01_s1_pv2_r2_pv3c_eps05_trace-a2e8ab_b16_k8_isolated,isolated,ours,2,8,e2e_ms,20.027777,recorder
20260925-072918_perlmutter_cb90a27f,ours_l01_s1_pv2_r2_pv3c_eps05_trace-a2e8ab_b16_k8_isolated,isolated,ours,2,9,e2e_ms,349.687836,recorder
20260925-072918_perlmutter_cb90a27f,ours_l01_s1_pv2_r2_pv3c_eps05_trace-a2e8ab_b16_k8_isolated,isolated,ours,2,0,l0_ms,10.470272,recorder
20260925-072918_perlmutter_cb90a27f,ours_l01_s1_pv2_r2_pv3c_eps05_trace-a2e8ab_b16_k8_isolated,isolated,ours,2,1,l0_ms,10.671616,recorder
20260925-072918_perlmutter_cb90a27f,ours_l01_s1_pv2_r2_pv3c_eps05_trace-a2e8ab_b16_k8_isolated,isolated,ours,2,2,l0_ms,10.506112,recorder
20260925-072918_perlmutter_cb90a27f,ours_l01_s1_pv2_r2_pv3c_eps05_trace-a2e8ab_b16_k8_isolated,isolated,ours,2,3,l0_ms,11.970624,recorder
20260925-072918_perlmutter_cb90a27f,ours_l01_s1_pv2_r2_pv3c_eps05_trace-a2e8ab_b16_k8_isolated,isolated,ours,2,4,l0_ms,11.846304,recorder
20260925-072918_perlmutter_cb90a27f,ours_l01_s1_pv2_r2_pv3c_eps05_trace-a2e8ab_b16_k8_isolated,isolated,ours,2,5,l0_ms,11.062464,recorder
20260925-072918_perlmutter_cb90a27f,ours_l01_s1_pv2_r2_pv3c_eps05_trace-a2e8ab_b16_k8_isolated,isolated,ours,2,6,l0_ms,11.311232,recorder
20260925-072918_perlmutter_cb90a27f,ours_l01_s1_pv2_r2_pv3c_eps05_trace-a2e8ab_b16_k8_isolated,isolated,ours,2,7,l0_ms,9.78096,recorder
20260925-072918_perlmutter_cb90a27f,ours_l01_s1_pv2_r2_pv3c_eps05_trace-a2e8ab_b16_k8_isolated,isolated,ours,2,8,l0_ms,10.2152,recorder
20260925-072918_perlmutter_cb90a27f,ours_l01_s1_pv2_r2_pv3c_eps05_trace-a2e8ab_b16_k8_isolated,isolated,ours,2,9,l0_ms,10.433344,recorder
20260925-072918_perlmutter_cb90a27f,ours_l01_s1_pv2_r2_pv3c_eps05_trace-a2e8ab_b16_k8_isolated,isolated,ours,2,0,act_ms,0.127296,recorder
20260925-072918_perlmutter_cb90a27f,ours_l01_s1_pv2_r2_pv3c_eps05_trace-a2e8ab_b16_k8_isolated,isolated,ours,2,1,act_ms,0.126848,recorder
20260925-072918_perlmutter_cb90a27f,ours_l01_s1_pv2_r2_pv3c_eps05_trace-a2e8ab_b16_k8_isolated,isolated,ours,2,2,act_ms,0.12448,recorder
20260925-072918_perlmutter_cb90a27f,ours_l01_s1_pv2_r2_pv3c_eps05_trace-a2e8ab_b16_k8_isolated,isolated,ours,2,3,act_ms,0.11168,recorder
20260925-072918_perlmutter_cb90a27f,ours_l01_s1_pv2_r2_pv3c_eps05_trace-a2e8ab_b16_k8_isolated,isolated,ours,2,4,act_ms,0.111136,recorder
20260925-072918_perlmutter_cb90a27f,ours_l01_s1_pv2_r2_pv3c_eps05_trace-a2e8ab_b16_k8_isolated,isolated,ours,2,5,act_ms,0.11152,recorder
20260925-072918_perlmutter_cb90a27f,ours_l01_s1_pv2_r2_pv3c_eps05_trace-a2e8ab_b16_k8_isolated,isolated,ours,2,6,act_ms,0.12448,recorder
20260925-072918_perlmutter_cb90a27f,ours_l01_s1_pv2_r2_pv3c_eps05_trace-a2e8ab_b16_k8_isolated,isolated,ours,2,7,act_ms,0.113568,recorder
20260925-072918_perlmutter_cb90a27f,ours_l01_s1_pv2_r2_pv3c_eps05_trace-a2e8ab_b16_k8_isolated,isolated,ours,2,8,act_ms,0.12416,recorder
20260925-072918_perlmutter_cb90a27f,ours_l01_s1_pv2_r2_pv3c_eps05_trace-a2e8ab_b16_k8_isolated,isolated,ours,2,9,act_ms,0.126304,recorder
20260925-072918_perlmutter_cb90a27f,ours_l01_s1_pv2_r2_pv3c_eps05_trace-a2e8ab_b16_k8_isolated,isolated,ours,2,0,l1_ms,487.969696,recorder
20260925-072918_perlmutter_cb90a27f,ours_l01_s1_pv2_r2_pv3c_eps05_trace-a2e8ab_b16_k8_isolated,isolated,ours,2,1,l1_ms,336.963898,recorder
20260925-072918_perlmutter_cb90a27f,ours_l01_s1_pv2_r2_pv3c_eps05_trace-a2e8ab_b16_k8_isolated,isolated,ours,2,2,l1_ms,9.59808,recorder
20260925-072918_perlmutter_cb90a27f,ours_l01_s1_pv2_r2_pv3c_eps05_trace-a2e8ab_b16_k8_isolated,isolated,ours,2,3,l1_ms,486.458893,recorder
20260925-072918_perlmutter_cb90a27f,ours_l01_s1_pv2_r2_pv3c_eps05_trace-a2e8ab_b16_k8_isolated,isolated,ours,2,4,l1_ms,428.102264,recorder
20260925-072918_perlmutter_cb90a27f,ours_l01_s1_pv2_r2_pv3c_eps05_trace-a2e8ab_b16_k8_isolated,isolated,ours,2,5,l1_ms,11.451584,recorder
20260925-072918_perlmutter_cb90a27f,ours_l01_s1_pv2_r2_pv3c_eps05_trace-a2e8ab_b16_k8_isolated,isolated,ours,2,6,l1_ms,10.384672,recorder
20260925-072918_perlmutter_cb90a27f,ours_l01_s1_pv2_r2_pv3c_eps05_trace-a2e8ab_b16_k8_isolated,isolated,ours,2,7,l1_ms,482.901764,recorder
20260925-072918_perlmutter_cb90a27f,ours_l01_s1_pv2_r2_pv3c_eps05_trace-a2e8ab_b16_k8_isolated,isolated,ours,2,8,l1_ms,9.688416,recorder
20260925-072918_perlmutter_cb90a27f,ours_l01_s1_pv2_r2_pv3c_eps05_trace-a2e8ab_b16_k8_isolated,isolated,ours,2,9,l1_ms,339.128204,recorder
20260925-072918_perlmutter_cb90a27f,ours_l01_s1_pv2_r2_pv3c_eps05_trace-a2e8ab_b16_k8_isolated,isolated,ours,2,0,plan_comm_ms,0.59648,recorder
20260925-072918_perlmutter_cb90a27f,ours_l01_s1_pv2_r2_pv3c_eps05_trace-a2e8ab_b16_k8_isolated,isolated,ours,2,1,plan_comm_ms,0.90144,recorder
20260925-072918_perlmutter_cb90a27f,ours_l01_s1_pv2_r2_pv3c_eps05_trace-a2e8ab_b16_k8_isolated,isolated,ours,2,2,plan_comm_ms,0.884352,recorder
20260925-072918_perlmutter_cb90a27f,ours_l01_s1_pv2_r2_pv3c_eps05_trace-a2e8ab_b16_k8_isolated,isolated,ours,2,3,plan_comm_ms,0.588736,recorder
20260925-072918_perlmutter_cb90a27f,ours_l01_s1_pv2_r2_pv3c_eps05_trace-a2e8ab_b16_k8_isolated,isolated,ours,2,4,plan_comm_ms,0.622272,recorder
20260925-072918_perlmutter_cb90a27f,ours_l01_s1_pv2_r2_pv3c_eps05_trace-a2e8ab_b16_k8_isolated,isolated,ours,2,5,plan_comm_ms,0.876448,recorder
20260925-072918_perlmutter_cb90a27f,ours_l01_s1_pv2_r2_pv3c_eps05_trace-a2e8ab_b16_k8_isolated,isolated,ours,2,6,plan_comm_ms,0.62176,recorder
20260925-072918_perlmutter_cb90a27f,ours_l01_s1_pv2_r2_pv3c_eps05_trace-a2e8ab_b16_k8_isolated,isolated,ours,2,7,plan_comm_ms,0.676896,recorder
20260925-072918_perlmutter_cb90a27f,ours_l01_s1_pv2_r2_pv3c_eps05_trace-a2e8ab_b16_k8_isolated,isolated,ours,2,8,plan_comm_ms,0.895136,recorder
20260925-072918_perlmutter_cb90a27f,ours_l01_s1_pv2_r2_pv3c_eps05_trace-a2e8ab_b16_k8_isolated,isolated,ours,2,9,plan_comm_ms,0.632544,recorder
20260925-072918_perlmutter_cb90a27f,ours_l01_s1_pv2_r2_pv3c_eps05_trace-a2e8ab_b16_k8_isolated,isolated,ours,2,0,place_ms,0.002336,recorder
20260925-072918_perlmutter_cb90a27f,ours_l01_s1_pv2_r2_pv3c_eps05_trace-a2e8ab_b16_k8_isolated,isolated,ours,2,1,place_ms,0.002496,recorder
20260925-072918_perlmutter_cb90a27f,ours_l01_s1_pv2_r2_pv3c_eps05_trace-a2e8ab_b16_k8_isolated,isolated,ours,2,2,place_ms,0.002336,recorder
20260925-072918_perlmutter_cb90a27f,ours_l01_s1_pv2_r2_pv3c_eps05_trace-a2e8ab_b16_k8_isolated,isolated,ours,2,3,place_ms,0.002368,recorder
20260925-072918_perlmutter_cb90a27f,ours_l01_s1_pv2_r2_pv3c_eps05_trace-a2e8ab_b16_k8_isolated,isolated,ours,2,4,place_ms,0.002368,recorder
20260925-072918_perlmutter_cb90a27f,ours_l01_s1_pv2_r2_pv3c_eps05_trace-a2e8ab_b16_k8_isolated,isolated,ours,2,5,place_ms,0.002368,recorder
20260925-072918_perlmutter_cb90a27f,ours_l01_s1_pv2_r2_pv3c_eps05_trace-a2e8ab_b16_k8_isolated,isolated,ours,2,6,place_ms,0.002336,recorder
20260925-072918_perlmutter_cb90a27f,ours_l01_s1_pv2_r2_pv3c_eps05_trace-a2e8ab_b16_k8_isolated,isolated,ours,2,7,place_ms,0.002336,recorder
20260925-072918_perlmutter_cb90a27f,ours_l01_s1_pv2_r2_pv3c_eps05_trace-a2e8ab_b16_k8_isolated,isolated,ours,2,8,place_ms,0.002336,recorder
20260925-072918_perlmutter_cb90a27f,ours_l01_s1_pv2_r2_pv3c_eps05_trace-a2e8ab_b16_k8_isolated,isolated,ours,2,9,place_ms,0.002336,recorder
20260925-072918_perlmutter_cb90a27f,ours_l01_s1_pv2_r2_pv3c_eps05_trace-a2e8ab_b16_k8_isolated,isolated,ours,2,0,plan_ms,1.958656,recorder
20260925-072918_perlmutter_cb90a27f,ours_l01_s1_pv2_r2_pv3c_eps05_trace-a2e8ab_b16_k8_isolated,isolated,ours,2,1,plan_ms,1.959392,recorder
20260925-072918_perlmutter_cb90a27f,ours_l01_s1_pv2_r2_pv3c_eps05_trace-a2e8ab_b16_k8_isolated,isolated,ours,2,2,plan_ms,1.95472,recorder
20260925-072918_perlmutter_cb90a27f,ours_l01_s1_pv2_r2_pv3c_eps05_trace-a2e8ab_b16_k8_isolated,isolated,ours,2,3,plan_ms,1.968928,recorder
20260925-072918_perlmutter_cb90a27f,ours_l01_s1_pv2_r2_pv3c_eps05_trace-a2e8ab_b16_k8_isolated,isolated,ours,2,4,plan_ms,1.940128,recorder
20260925-072918_perlmutter_cb90a27f,ours_l01_s1_pv2_r2_pv3c_eps05_trace-a2e8ab_b16_k8_isolated,isolated,ours,2,5,plan_ms,1.949952,recorder
20260925-072918_perlmutter_cb90a27f,ours_l01_s1_pv2_r2_pv3c_eps05_trace-a2e8ab_b16_k8_isolated,isolated,ours,2,6,plan_ms,1.964672,recorder
20260925-072918_perlmutter_cb90a27f,ours_l01_s1_pv2_r2_pv3c_eps05_trace-a2e8ab_b16_k8_isolated,isolated,ours,2,7,plan_ms,1.949792,recorder
20260925-072918_perlmutter_cb90a27f,ours_l01_s1_pv2_r2_pv3c_eps05_trace-a2e8ab_b16_k8_isolated,isolated,ours,2,8,plan_ms,1.946784,recorder
20260925-072918_perlmutter_cb90a27f,ours_l01_s1_pv2_r2_pv3c_eps05_trace-a2e8ab_b16_k8_isolated,isolated,ours,2,9,plan_ms,1.962656,recorder
20260925-072918_perlmutter_cb90a27f,ours_l01_s1_pv2_r2_pv3c_eps05_trace-a2e8ab_b16_k8_isolated,isolated,ours,2,0,total_ms,501.136383,recorder
20260925-072918_perlmutter_cb90a27f,ours_l01_s1_pv2_r2_pv3c_eps05_trace-a2e8ab_b16_k8_isolated,isolated,ours,2,1,total_ms,350.635406,recorder
20260925-072918_perlmutter_cb90a27f,ours_l01_s1_pv2_r2_pv3c_eps05_trace-a2e8ab_b16_k8_isolated,isolated,ours,2,2,total_ms,23.078976,recorder
20260925-072918_perlmutter_cb90a27f,ours_l01_s1_pv2_r2_pv3c_eps05_trace-a2e8ab_b16_k8_isolated,isolated,ours,2,3,total_ms,501.110687,recorder
20260925-072918_perlmutter_cb90a27f,ours_l01_s1_pv2_r2_pv3c_eps05_trace-a2e8ab_b16_k8_isolated,isolated,ours,2,4,total_ms,442.634247,recorder
20260925-072918_perlmutter_cb90a27f,ours_l01_s1_pv2_r2_pv3c_eps05_trace-a2e8ab_b16_k8_isolated,isolated,ours,2,5,total_ms,25.464161,recorder
20260925-072918_perlmutter_cb90a27f,ours_l01_s1_pv2_r2_pv3c_eps05_trace-a2e8ab_b16_k8_isolated,isolated,ours,2,6,total_ms,24.418495,recorder
20260925-072918_perlmutter_cb90a27f,ours_l01_s1_pv2_r2_pv3c_eps05_trace-a2e8ab_b16_k8_isolated,isolated,ours,2,7,total_ms,495.434937,recorder
20260925-072918_perlmutter_cb90a27f,ours_l01_s1_pv2_r2_pv3c_eps05_trace-a2e8ab_b16_k8_isolated,isolated,ours,2,8,total_ms,22.88224,recorder
20260925-072918_perlmutter_cb90a27f,ours_l01_s1_pv2_r2_pv3c_eps05_trace-a2e8ab_b16_k8_isolated,isolated,ours,2,9,total_ms,352.295349,recorder
20260925-072918_perlmutter_cb90a27f,ours_l01_s1_pv2_r2_pv3c_eps05_trace-a2e8ab_b16_k8_isolated,isolated,ours,2,0,iso_sync_ms,19.336113,recorder
20260925-072918_perlmutter_cb90a27f,ours_l01_s1_pv2_r2_pv3c_eps05_trace-a2e8ab_b16_k8_isolated,isolated,ours,2,1,iso_sync_ms,498.389176,recorder
20260925-072918_perlmutter_cb90a27f,ours_l01_s1_pv2_r2_pv3c_eps05_trace-a2e8ab_b16_k8_isolated,isolated,ours,2,2,iso_sync_ms,346.900148,recorder
20260925-072918_perlmutter_cb90a27f,ours_l01_s1_pv2_r2_pv3c_eps05_trace-a2e8ab_b16_k8_isolated,isolated,ours,2,3,iso_sync_ms,18.73984,recorder
20260925-072918_perlmutter_cb90a27f,ours_l01_s1_pv2_r2_pv3c_eps05_trace-a2e8ab_b16_k8_isolated,isolated,ours,2,4,iso_sync_ms,497.668481,recorder
20260925-072918_perlmutter_cb90a27f,ours_l01_s1_pv2_r2_pv3c_eps05_trace-a2e8ab_b16_k8_isolated,isolated,ours,2,5,iso_sync_ms,438.818296,recorder
20260925-072918_perlmutter_cb90a27f,ours_l01_s1_pv2_r2_pv3c_eps05_trace-a2e8ab_b16_k8_isolated,isolated,ours,2,6,iso_sync_ms,21.105843,recorder
20260925-072918_perlmutter_cb90a27f,ours_l01_s1_pv2_r2_pv3c_eps05_trace-a2e8ab_b16_k8_isolated,isolated,ours,2,7,iso_sync_ms,20.41092,recorder
20260925-072918_perlmutter_cb90a27f,ours_l01_s1_pv2_r2_pv3c_eps05_trace-a2e8ab_b16_k8_isolated,isolated,ours,2,8,iso_sync_ms,491.88836,recorder
20260925-072918_perlmutter_cb90a27f,ours_l01_s1_pv2_r2_pv3c_eps05_trace-a2e8ab_b16_k8_isolated,isolated,ours,2,9,iso_sync_ms,18.756793,recorder
20260925-072918_perlmutter_cb90a27f,ours_l01_s1_pv2_r2_pv3c_eps05_trace-a2e8ab_b16_k8_isolated,isolated,ours,3,0,e2e_ms,498.561188,recorder
20260925-072918_perlmutter_cb90a27f,ours_l01_s1_pv2_r2_pv3c_eps05_trace-a2e8ab_b16_k8_isolated,isolated,ours,3,1,e2e_ms,347.757629,recorder
20260925-072918_perlmutter_cb90a27f,ours_l01_s1_pv2_r2_pv3c_eps05_trace-a2e8ab_b16_k8_isolated,isolated,ours,3,2,e2e_ms,20.240128,recorder
20260925-072918_perlmutter_cb90a27f,ours_l01_s1_pv2_r2_pv3c_eps05_trace-a2e8ab_b16_k8_isolated,isolated,ours,3,3,e2e_ms,498.578491,recorder
20260925-072918_perlmutter_cb90a27f,ours_l01_s1_pv2_r2_pv3c_eps05_trace-a2e8ab_b16_k8_isolated,isolated,ours,3,4,e2e_ms,440.082153,recorder
20260925-072918_perlmutter_cb90a27f,ours_l01_s1_pv2_r2_pv3c_eps05_trace-a2e8ab_b16_k8_isolated,isolated,ours,3,5,e2e_ms,22.645281,recorder
20260925-072918_perlmutter_cb90a27f,ours_l01_s1_pv2_r2_pv3c_eps05_trace-a2e8ab_b16_k8_isolated,isolated,ours,3,6,e2e_ms,21.845407,recorder
20260925-072918_perlmutter_cb90a27f,ours_l01_s1_pv2_r2_pv3c_eps05_trace-a2e8ab_b16_k8_isolated,isolated,ours,3,7,e2e_ms,492.862701,recorder
20260925-072918_perlmutter_cb90a27f,ours_l01_s1_pv2_r2_pv3c_eps05_trace-a2e8ab_b16_k8_isolated,isolated,ours,3,8,e2e_ms,20.0464,recorder
20260925-072918_perlmutter_cb90a27f,ours_l01_s1_pv2_r2_pv3c_eps05_trace-a2e8ab_b16_k8_isolated,isolated,ours,3,9,e2e_ms,349.70459,recorder
20260925-072918_perlmutter_cb90a27f,ours_l01_s1_pv2_r2_pv3c_eps05_trace-a2e8ab_b16_k8_isolated,isolated,ours,3,0,l0_ms,10.48128,recorder
20260925-072918_perlmutter_cb90a27f,ours_l01_s1_pv2_r2_pv3c_eps05_trace-a2e8ab_b16_k8_isolated,isolated,ours,3,1,l0_ms,10.665024,recorder
20260925-072918_perlmutter_cb90a27f,ours_l01_s1_pv2_r2_pv3c_eps05_trace-a2e8ab_b16_k8_isolated,isolated,ours,3,2,l0_ms,10.5136,recorder
20260925-072918_perlmutter_cb90a27f,ours_l01_s1_pv2_r2_pv3c_eps05_trace-a2e8ab_b16_k8_isolated,isolated,ours,3,3,l0_ms,11.970016,recorder
20260925-072918_perlmutter_cb90a27f,ours_l01_s1_pv2_r2_pv3c_eps05_trace-a2e8ab_b16_k8_isolated,isolated,ours,3,4,l0_ms,11.870208,recorder
20260925-072918_perlmutter_cb90a27f,ours_l01_s1_pv2_r2_pv3c_eps05_trace-a2e8ab_b16_k8_isolated,isolated,ours,3,5,l0_ms,11.086656,recorder
20260925-072918_perlmutter_cb90a27f,ours_l01_s1_pv2_r2_pv3c_eps05_trace-a2e8ab_b16_k8_isolated,isolated,ours,3,6,l0_ms,11.339616,recorder
20260925-072918_perlmutter_cb90a27f,ours_l01_s1_pv2_r2_pv3c_eps05_trace-a2e8ab_b16_k8_isolated,isolated,ours,3,7,l0_ms,9.80096,recorder
20260925-072918_perlmutter_cb90a27f,ours_l01_s1_pv2_r2_pv3c_eps05_trace-a2e8ab_b16_k8_isolated,isolated,ours,3,8,l0_ms,10.229856,recorder
20260925-072918_perlmutter_cb90a27f,ours_l01_s1_pv2_r2_pv3c_eps05_trace-a2e8ab_b16_k8_isolated,isolated,ours,3,9,l0_ms,10.45536,recorder
20260925-072918_perlmutter_cb90a27f,ours_l01_s1_pv2_r2_pv3c_eps05_trace-a2e8ab_b16_k8_isolated,isolated,ours,3,0,act_ms,0.075296,recorder
20260925-072918_perlmutter_cb90a27f,ours_l01_s1_pv2_r2_pv3c_eps05_trace-a2e8ab_b16_k8_isolated,isolated,ours,3,1,act_ms,0.07392,recorder
20260925-072918_perlmutter_cb90a27f,ours_l01_s1_pv2_r2_pv3c_eps05_trace-a2e8ab_b16_k8_isolated,isolated,ours,3,2,act_ms,0.075008,recorder
20260925-072918_perlmutter_cb90a27f,ours_l01_s1_pv2_r2_pv3c_eps05_trace-a2e8ab_b16_k8_isolated,isolated,ours,3,3,act_ms,0.073696,recorder
20260925-072918_perlmutter_cb90a27f,ours_l01_s1_pv2_r2_pv3c_eps05_trace-a2e8ab_b16_k8_isolated,isolated,ours,3,4,act_ms,0.072896,recorder
20260925-072918_perlmutter_cb90a27f,ours_l01_s1_pv2_r2_pv3c_eps05_trace-a2e8ab_b16_k8_isolated,isolated,ours,3,5,act_ms,0.073312,recorder
20260925-072918_perlmutter_cb90a27f,ours_l01_s1_pv2_r2_pv3c_eps05_trace-a2e8ab_b16_k8_isolated,isolated,ours,3,6,act_ms,0.074176,recorder
20260925-072918_perlmutter_cb90a27f,ours_l01_s1_pv2_r2_pv3c_eps05_trace-a2e8ab_b16_k8_isolated,isolated,ours,3,7,act_ms,0.074368,recorder
20260925-072918_perlmutter_cb90a27f,ours_l01_s1_pv2_r2_pv3c_eps05_trace-a2e8ab_b16_k8_isolated,isolated,ours,3,8,act_ms,0.073408,recorder
20260925-072918_perlmutter_cb90a27f,ours_l01_s1_pv2_r2_pv3c_eps05_trace-a2e8ab_b16_k8_isolated,isolated,ours,3,9,act_ms,0.076288,recorder
20260925-072918_perlmutter_cb90a27f,ours_l01_s1_pv2_r2_pv3c_eps05_trace-a2e8ab_b16_k8_isolated,isolated,ours,3,0,l1_ms,488.004608,recorder
20260925-072918_perlmutter_cb90a27f,ours_l01_s1_pv2_r2_pv3c_eps05_trace-a2e8ab_b16_k8_isolated,isolated,ours,3,1,l1_ms,337.018677,recorder
20260925-072918_perlmutter_cb90a27f,ours_l01_s1_pv2_r2_pv3c_eps05_trace-a2e8ab_b16_k8_isolated,isolated,ours,3,2,l1_ms,9.65152,recorder
20260925-072918_perlmutter_cb90a27f,ours_l01_s1_pv2_r2_pv3c_eps05_trace-a2e8ab_b16_k8_isolated,isolated,ours,3,3,l1_ms,486.53479,recorder
20260925-072918_perlmutter_cb90a27f,ours_l01_s1_pv2_r2_pv3c_eps05_trace-a2e8ab_b16_k8_isolated,isolated,ours,3,4,l1_ms,428.139038,recorder
20260925-072918_perlmutter_cb90a27f,ours_l01_s1_pv2_r2_pv3c_eps05_trace-a2e8ab_b16_k8_isolated,isolated,ours,3,5,l1_ms,11.485312,recorder
20260925-072918_perlmutter_cb90a27f,ours_l01_s1_pv2_r2_pv3c_eps05_trace-a2e8ab_b16_k8_isolated,isolated,ours,3,6,l1_ms,10.431616,recorder
20260925-072918_perlmutter_cb90a27f,ours_l01_s1_pv2_r2_pv3c_eps05_trace-a2e8ab_b16_k8_isolated,isolated,ours,3,7,l1_ms,482.987366,recorder
20260925-072918_perlmutter_cb90a27f,ours_l01_s1_pv2_r2_pv3c_eps05_trace-a2e8ab_b16_k8_isolated,isolated,ours,3,8,l1_ms,9.743136,recorder
20260925-072918_perlmutter_cb90a27f,ours_l01_s1_pv2_r2_pv3c_eps05_trace-a2e8ab_b16_k8_isolated,isolated,ours,3,9,l1_ms,339.172943,recorder
20260925-072918_perlmutter_cb90a27f,ours_l01_s1_pv2_r2_pv3c_eps05_trace-a2e8ab_b16_k8_isolated,isolated,ours,3,0,plan_comm_ms,0.554272,recorder
20260925-072918_perlmutter_cb90a27f,ours_l01_s1_pv2_r2_pv3c_eps05_trace-a2e8ab_b16_k8_isolated,isolated,ours,3,1,plan_comm_ms,0.711712,recorder
20260925-072918_perlmutter_cb90a27f,ours_l01_s1_pv2_r2_pv3c_eps05_trace-a2e8ab_b16_k8_isolated,isolated,ours,3,2,plan_comm_ms,0.633408,recorder
20260925-072918_perlmutter_cb90a27f,ours_l01_s1_pv2_r2_pv3c_eps05_trace-a2e8ab_b16_k8_isolated,isolated,ours,3,3,plan_comm_ms,0.586912,recorder
20260925-072918_perlmutter_cb90a27f,ours_l01_s1_pv2_r2_pv3c_eps05_trace-a2e8ab_b16_k8_isolated,isolated,ours,3,4,plan_comm_ms,0.672736,recorder
20260925-072918_perlmutter_cb90a27f,ours_l01_s1_pv2_r2_pv3c_eps05_trace-a2e8ab_b16_k8_isolated,isolated,ours,3,5,plan_comm_ms,0.868384,recorder
20260925-072918_perlmutter_cb90a27f,ours_l01_s1_pv2_r2_pv3c_eps05_trace-a2e8ab_b16_k8_isolated,isolated,ours,3,6,plan_comm_ms,0.62064,recorder
20260925-072918_perlmutter_cb90a27f,ours_l01_s1_pv2_r2_pv3c_eps05_trace-a2e8ab_b16_k8_isolated,isolated,ours,3,7,plan_comm_ms,0.674016,recorder
20260925-072918_perlmutter_cb90a27f,ours_l01_s1_pv2_r2_pv3c_eps05_trace-a2e8ab_b16_k8_isolated,isolated,ours,3,8,plan_comm_ms,0.950976,recorder
20260925-072918_perlmutter_cb90a27f,ours_l01_s1_pv2_r2_pv3c_eps05_trace-a2e8ab_b16_k8_isolated,isolated,ours,3,9,plan_comm_ms,0.644544,recorder
20260925-072918_perlmutter_cb90a27f,ours_l01_s1_pv2_r2_pv3c_eps05_trace-a2e8ab_b16_k8_isolated,isolated,ours,3,0,place_ms,0.002304,recorder
20260925-072918_perlmutter_cb90a27f,ours_l01_s1_pv2_r2_pv3c_eps05_trace-a2e8ab_b16_k8_isolated,isolated,ours,3,1,place_ms,0.00256,recorder
20260925-072918_perlmutter_cb90a27f,ours_l01_s1_pv2_r2_pv3c_eps05_trace-a2e8ab_b16_k8_isolated,isolated,ours,3,2,place_ms,0.002336,recorder
20260925-072918_perlmutter_cb90a27f,ours_l01_s1_pv2_r2_pv3c_eps05_trace-a2e8ab_b16_k8_isolated,isolated,ours,3,3,place_ms,0.002368,recorder
20260925-072918_perlmutter_cb90a27f,ours_l01_s1_pv2_r2_pv3c_eps05_trace-a2e8ab_b16_k8_isolated,isolated,ours,3,4,place_ms,0.002336,recorder
20260925-072918_perlmutter_cb90a27f,ours_l01_s1_pv2_r2_pv3c_eps05_trace-a2e8ab_b16_k8_isolated,isolated,ours,3,5,place_ms,0.002336,recorder
20260925-072918_perlmutter_cb90a27f,ours_l01_s1_pv2_r2_pv3c_eps05_trace-a2e8ab_b16_k8_isolated,isolated,ours,3,6,place_ms,0.002336,recorder
20260925-072918_perlmutter_cb90a27f,ours_l01_s1_pv2_r2_pv3c_eps05_trace-a2e8ab_b16_k8_isolated,isolated,ours,3,7,place_ms,0.002304,recorder
20260925-072918_perlmutter_cb90a27f,ours_l01_s1_pv2_r2_pv3c_eps05_trace-a2e8ab_b16_k8_isolated,isolated,ours,3,8,place_ms,0.00256,recorder
20260925-072918_perlmutter_cb90a27f,ours_l01_s1_pv2_r2_pv3c_eps05_trace-a2e8ab_b16_k8_isolated,isolated,ours,3,9,place_ms,0.002336,recorder
20260925-072918_perlmutter_cb90a27f,ours_l01_s1_pv2_r2_pv3c_eps05_trace-a2e8ab_b16_k8_isolated,isolated,ours,3,0,plan_ms,1.980576,recorder
20260925-072918_perlmutter_cb90a27f,ours_l01_s1_pv2_r2_pv3c_eps05_trace-a2e8ab_b16_k8_isolated,isolated,ours,3,1,plan_ms,1.976896,recorder
20260925-072918_perlmutter_cb90a27f,ours_l01_s1_pv2_r2_pv3c_eps05_trace-a2e8ab_b16_k8_isolated,isolated,ours,3,2,plan_ms,1.946336,recorder
20260925-072918_perlmutter_cb90a27f,ours_l01_s1_pv2_r2_pv3c_eps05_trace-a2e8ab_b16_k8_isolated,isolated,ours,3,3,plan_ms,1.95712,recorder
20260925-072918_perlmutter_cb90a27f,ours_l01_s1_pv2_r2_pv3c_eps05_trace-a2e8ab_b16_k8_isolated,isolated,ours,3,4,plan_ms,1.927264,recorder
20260925-072918_perlmutter_cb90a27f,ours_l01_s1_pv2_r2_pv3c_eps05_trace-a2e8ab_b16_k8_isolated,isolated,ours,3,5,plan_ms,1.936032,recorder
20260925-072918_perlmutter_cb90a27f,ours_l01_s1_pv2_r2_pv3c_eps05_trace-a2e8ab_b16_k8_isolated,isolated,ours,3,6,plan_ms,1.937504,recorder
20260925-072918_perlmutter_cb90a27f,ours_l01_s1_pv2_r2_pv3c_eps05_trace-a2e8ab_b16_k8_isolated,isolated,ours,3,7,plan_ms,1.938816,recorder
20260925-072918_perlmutter_cb90a27f,ours_l01_s1_pv2_r2_pv3c_eps05_trace-a2e8ab_b16_k8_isolated,isolated,ours,3,8,plan_ms,1.934368,recorder
20260925-072918_perlmutter_cb90a27f,ours_l01_s1_pv2_r2_pv3c_eps05_trace-a2e8ab_b16_k8_isolated,isolated,ours,3,9,plan_ms,1.928032,recorder
20260925-072918_perlmutter_cb90a27f,ours_l01_s1_pv2_r2_pv3c_eps05_trace-a2e8ab_b16_k8_isolated,isolated,ours,3,0,total_ms,501.108185,recorder
20260925-072918_perlmutter_cb90a27f,ours_l01_s1_pv2_r2_pv3c_eps05_trace-a2e8ab_b16_k8_isolated,isolated,ours,3,1,total_ms,350.457947,recorder
20260925-072918_perlmutter_cb90a27f,ours_l01_s1_pv2_r2_pv3c_eps05_trace-a2e8ab_b16_k8_isolated,isolated,ours,3,2,total_ms,22.831841,recorder
20260925-072918_perlmutter_cb90a27f,ours_l01_s1_pv2_r2_pv3c_eps05_trace-a2e8ab_b16_k8_isolated,isolated,ours,3,3,total_ms,501.133759,recorder
20260925-072918_perlmutter_cb90a27f,ours_l01_s1_pv2_r2_pv3c_eps05_trace-a2e8ab_b16_k8_isolated,isolated,ours,3,4,total_ms,442.693695,recorder
20260925-072918_perlmutter_cb90a27f,ours_l01_s1_pv2_r2_pv3c_eps05_trace-a2e8ab_b16_k8_isolated,isolated,ours,3,5,total_ms,25.461248,recorder
20260925-072918_perlmutter_cb90a27f,ours_l01_s1_pv2_r2_pv3c_eps05_trace-a2e8ab_b16_k8_isolated,isolated,ours,3,6,total_ms,24.414721,recorder
20260925-072918_perlmutter_cb90a27f,ours_l01_s1_pv2_r2_pv3c_eps05_trace-a2e8ab_b16_k8_isolated,isolated,ours,3,7,total_ms,495.487732,recorder
20260925-072918_perlmutter_cb90a27f,ours_l01_s1_pv2_r2_pv3c_eps05_trace-a2e8ab_b16_k8_isolated,isolated,ours,3,8,total_ms,22.944,recorder
20260925-072918_perlmutter_cb90a27f,ours_l01_s1_pv2_r2_pv3c_eps05_trace-a2e8ab_b16_k8_isolated,isolated,ours,3,9,total_ms,352.289581,recorder
20260925-072918_perlmutter_cb90a27f,ours_l01_s1_pv2_r2_pv3c_eps05_trace-a2e8ab_b16_k8_isolated,isolated,ours,3,0,iso_sync_ms,19.418322,recorder
20260925-072918_perlmutter_cb90a27f,ours_l01_s1_pv2_r2_pv3c_eps05_trace-a2e8ab_b16_k8_isolated,isolated,ours,3,1,iso_sync_ms,498.038227,recorder
20260925-072918_perlmutter_cb90a27f,ours_l01_s1_pv2_r2_pv3c_eps05_trace-a2e8ab_b16_k8_isolated,isolated,ours,3,2,iso_sync_ms,346.72542,recorder
20260925-072918_perlmutter_cb90a27f,ours_l01_s1_pv2_r2_pv3c_eps05_trace-a2e8ab_b16_k8_isolated,isolated,ours,3,3,iso_sync_ms,18.250585,recorder
20260925-072918_perlmutter_cb90a27f,ours_l01_s1_pv2_r2_pv3c_eps05_trace-a2e8ab_b16_k8_isolated,isolated,ours,3,4,iso_sync_ms,497.591172,recorder
20260925-072918_perlmutter_cb90a27f,ours_l01_s1_pv2_r2_pv3c_eps05_trace-a2e8ab_b16_k8_isolated,isolated,ours,3,5,iso_sync_ms,438.848885,recorder
20260925-072918_perlmutter_cb90a27f,ours_l01_s1_pv2_r2_pv3c_eps05_trace-a2e8ab_b16_k8_isolated,isolated,ours,3,6,iso_sync_ms,21.125462,recorder
20260925-072918_perlmutter_cb90a27f,ours_l01_s1_pv2_r2_pv3c_eps05_trace-a2e8ab_b16_k8_isolated,isolated,ours,3,7,iso_sync_ms,20.365192,recorder
20260925-072918_perlmutter_cb90a27f,ours_l01_s1_pv2_r2_pv3c_eps05_trace-a2e8ab_b16_k8_isolated,isolated,ours,3,8,iso_sync_ms,491.928838,recorder
20260925-072918_perlmutter_cb90a27f,ours_l01_s1_pv2_r2_pv3c_eps05_trace-a2e8ab_b16_k8_isolated,isolated,ours,3,9,iso_sync_ms,18.835877,recorder
20260925-072918_perlmutter_cb90a27f,ours_l01_s1_pv2_r2_pv3c_eps05_trace-a2e8ab_b16_k8_isolated,isolated,ours,4,0,e2e_ms,498.637573,recorder
20260925-072918_perlmutter_cb90a27f,ours_l01_s1_pv2_r2_pv3c_eps05_trace-a2e8ab_b16_k8_isolated,isolated,ours,4,1,e2e_ms,347.800446,recorder
20260925-072918_perlmutter_cb90a27f,ours_l01_s1_pv2_r2_pv3c_eps05_trace-a2e8ab_b16_k8_isolated,isolated,ours,4,2,e2e_ms,20.246271,recorder
20260925-072918_perlmutter_cb90a27f,ours_l01_s1_pv2_r2_pv3c_eps05_trace-a2e8ab_b16_k8_isolated,isolated,ours,4,3,e2e_ms,498.569977,recorder
20260925-072918_perlmutter_cb90a27f,ours_l01_s1_pv2_r2_pv3c_eps05_trace-a2e8ab_b16_k8_isolated,isolated,ours,4,4,e2e_ms,440.0849,recorder
20260925-072918_perlmutter_cb90a27f,ours_l01_s1_pv2_r2_pv3c_eps05_trace-a2e8ab_b16_k8_isolated,isolated,ours,4,5,e2e_ms,22.637152,recorder
20260925-072918_perlmutter_cb90a27f,ours_l01_s1_pv2_r2_pv3c_eps05_trace-a2e8ab_b16_k8_isolated,isolated,ours,4,6,e2e_ms,21.833023,recorder
20260925-072918_perlmutter_cb90a27f,ours_l01_s1_pv2_r2_pv3c_eps05_trace-a2e8ab_b16_k8_isolated,isolated,ours,4,7,e2e_ms,492.83075,recorder
20260925-072918_perlmutter_cb90a27f,ours_l01_s1_pv2_r2_pv3c_eps05_trace-a2e8ab_b16_k8_isolated,isolated,ours,4,8,e2e_ms,20.042561,recorder
20260925-072918_perlmutter_cb90a27f,ours_l01_s1_pv2_r2_pv3c_eps05_trace-a2e8ab_b16_k8_isolated,isolated,ours,4,9,e2e_ms,349.720795,recorder
20260925-072918_perlmutter_cb90a27f,ours_l01_s1_pv2_r2_pv3c_eps05_trace-a2e8ab_b16_k8_isolated,isolated,ours,4,0,l0_ms,10.546624,recorder
20260925-072918_perlmutter_cb90a27f,ours_l01_s1_pv2_r2_pv3c_eps05_trace-a2e8ab_b16_k8_isolated,isolated,ours,4,1,l0_ms,10.642016,recorder
20260925-072918_perlmutter_cb90a27f,ours_l01_s1_pv2_r2_pv3c_eps05_trace-a2e8ab_b16_k8_isolated,isolated,ours,4,2,l0_ms,10.489984,recorder
20260925-072918_perlmutter_cb90a27f,ours_l01_s1_pv2_r2_pv3c_eps05_trace-a2e8ab_b16_k8_isolated,isolated,ours,4,3,l0_ms,11.978624,recorder
20260925-072918_perlmutter_cb90a27f,ours_l01_s1_pv2_r2_pv3c_eps05_trace-a2e8ab_b16_k8_isolated,isolated,ours,4,4,l0_ms,11.891072,recorder
20260925-072918_perlmutter_cb90a27f,ours_l01_s1_pv2_r2_pv3c_eps05_trace-a2e8ab_b16_k8_isolated,isolated,ours,4,5,l0_ms,11.075456,recorder
20260925-072918_perlmutter_cb90a27f,ours_l01_s1_pv2_r2_pv3c_eps05_trace-a2e8ab_b16_k8_isolated,isolated,ours,4,6,l0_ms,11.341472,recorder
20260925-072918_perlmutter_cb90a27f,ours_l01_s1_pv2_r2_pv3c_eps05_trace-a2e8ab_b16_k8_isolated,isolated,ours,4,7,l0_ms,9.794432,recorder
20260925-072918_perlmutter_cb90a27f,ours_l01_s1_pv2_r2_pv3c_eps05_trace-a2e8ab_b16_k8_isolated,isolated,ours,4,8,l0_ms,10.218464,recorder
20260925-072918_perlmutter_cb90a27f,ours_l01_s1_pv2_r2_pv3c_eps05_trace-a2e8ab_b16_k8_isolated,isolated,ours,4,9,l0_ms,10.468192,recorder
20260925-072918_perlmutter_cb90a27f,ours_l01_s1_pv2_r2_pv3c_eps05_trace-a2e8ab_b16_k8_isolated,isolated,ours,4,0,act_ms,0.119296,recorder
20260925-072918_perlmutter_cb90a27f,ours_l01_s1_pv2_r2_pv3c_eps05_trace-a2e8ab_b16_k8_isolated,isolated,ours,4,1,act_ms,0.121568,recorder
20260925-072918_perlmutter_cb90a27f,ours_l01_s1_pv2_r2_pv3c_eps05_trace-a2e8ab_b16_k8_isolated,isolated,ours,4,2,act_ms,0.123936,recorder
20260925-072918_perlmutter_cb90a27f,ours_l01_s1_pv2_r2_pv3c_eps05_trace-a2e8ab_b16_k8_isolated,isolated,ours,4,3,act_ms,0.117952,recorder
20260925-072918_perlmutter_cb90a27f,ours_l01_s1_pv2_r2_pv3c_eps05_trace-a2e8ab_b16_k8_isolated,isolated,ours,4,4,act_ms,0.122592,recorder
20260925-072918_perlmutter_cb90a27f,ours_l01_s1_pv2_r2_pv3c_eps05_trace-a2e8ab_b16_k8_isolated,isolated,ours,4,5,act_ms,0.122624,recorder
20260925-072918_perlmutter_cb90a27f,ours_l01_s1_pv2_r2_pv3c_eps05_trace-a2e8ab_b16_k8_isolated,isolated,ours,4,6,act_ms,0.121376,recorder
20260925-072918_perlmutter_cb90a27f,ours_l01_s1_pv2_r2_pv3c_eps05_trace-a2e8ab_b16_k8_isolated,isolated,ours,4,7,act_ms,0.122944,recorder
20260925-072918_perlmutter_cb90a27f,ours_l01_s1_pv2_r2_pv3c_eps05_trace-a2e8ab_b16_k8_isolated,isolated,ours,4,8,act_ms,0.120832,recorder
20260925-072918_perlmutter_cb90a27f,ours_l01_s1_pv2_r2_pv3c_eps05_trace-a2e8ab_b16_k8_isolated,isolated,ours,4,9,act_ms,0.123552,recorder
20260925-072918_perlmutter_cb90a27f,ours_l01_s1_pv2_r2_pv3c_eps05_trace-a2e8ab_b16_k8_isolated,isolated,ours,4,0,l1_ms,487.971649,recorder
20260925-072918_perlmutter_cb90a27f,ours_l01_s1_pv2_r2_pv3c_eps05_trace-a2e8ab_b16_k8_isolated,isolated,ours,4,1,l1_ms,337.036865,recorder
20260925-072918_perlmutter_cb90a27f,ours_l01_s1_pv2_r2_pv3c_eps05_trace-a2e8ab_b16_k8_isolated,isolated,ours,4,2,l1_ms,9.632352,recorder
20260925-072918_perlmutter_cb90a27f,ours_l01_s1_pv2_r2_pv3c_eps05_trace-a2e8ab_b16_k8_isolated,isolated,ours,4,3,l1_ms,486.473419,recorder
20260925-072918_perlmutter_cb90a27f,ours_l01_s1_pv2_r2_pv3c_eps05_trace-a2e8ab_b16_k8_isolated,isolated,ours,4,4,l1_ms,428.071228,recorder
20260925-072918_perlmutter_cb90a27f,ours_l01_s1_pv2_r2_pv3c_eps05_trace-a2e8ab_b16_k8_isolated,isolated,ours,4,5,l1_ms,11.439072,recorder
20260925-072918_perlmutter_cb90a27f,ours_l01_s1_pv2_r2_pv3c_eps05_trace-a2e8ab_b16_k8_isolated,isolated,ours,4,6,l1_ms,10.370176,recorder
20260925-072918_perlmutter_cb90a27f,ours_l01_s1_pv2_r2_pv3c_eps05_trace-a2e8ab_b16_k8_isolated,isolated,ours,4,7,l1_ms,482.913391,recorder
20260925-072918_perlmutter_cb90a27f,ours_l01_s1_pv2_r2_pv3c_eps05_trace-a2e8ab_b16_k8_isolated,isolated,ours,4,8,l1_ms,9.703264,recorder
20260925-072918_perlmutter_cb90a27f,ours_l01_s1_pv2_r2_pv3c_eps05_trace-a2e8ab_b16_k8_isolated,isolated,ours,4,9,l1_ms,339.129059,recorder
20260925-072918_perlmutter_cb90a27f,ours_l01_s1_pv2_r2_pv3c_eps05_trace-a2e8ab_b16_k8_isolated,isolated,ours,4,0,plan_comm_ms,0.562112,recorder
20260925-072918_perlmutter_cb90a27f,ours_l01_s1_pv2_r2_pv3c_eps05_trace-a2e8ab_b16_k8_isolated,isolated,ours,4,1,plan_comm_ms,0.729824,recorder
20260925-072918_perlmutter_cb90a27f,ours_l01_s1_pv2_r2_pv3c_eps05_trace-a2e8ab_b16_k8_isolated,isolated,ours,4,2,plan_comm_ms,0.874368,recorder
20260925-072918_perlmutter_cb90a27f,ours_l01_s1_pv2_r2_pv3c_eps05_trace-a2e8ab_b16_k8_isolated,isolated,ours,4,3,plan_comm_ms,0.561856,recorder
20260925-072918_perlmutter_cb90a27f,ours_l01_s1_pv2_r2_pv3c_eps05_trace-a2e8ab_b16_k8_isolated,isolated,ours,4,4,plan_comm_ms,0.658016,recorder
20260925-072918_perlmutter_cb90a27f,ours_l01_s1_pv2_r2_pv3c_eps05_trace-a2e8ab_b16_k8_isolated,isolated,ours,4,5,plan_comm_ms,0.84816,recorder
20260925-072918_perlmutter_cb90a27f,ours_l01_s1_pv2_r2_pv3c_eps05_trace-a2e8ab_b16_k8_isolated,isolated,ours,4,6,plan_comm_ms,0.592672,recorder
20260925-072918_perlmutter_cb90a27f,ours_l01_s1_pv2_r2_pv3c_eps05_trace-a2e8ab_b16_k8_isolated,isolated,ours,4,7,plan_comm_ms,0.64816,recorder
20260925-072918_perlmutter_cb90a27f,ours_l01_s1_pv2_r2_pv3c_eps05_trace-a2e8ab_b16_k8_isolated,isolated,ours,4,8,plan_comm_ms,0.919456,recorder
20260925-072918_perlmutter_cb90a27f,ours_l01_s1_pv2_r2_pv3c_eps05_trace-a2e8ab_b16_k8_isolated,isolated,ours,4,9,plan_comm_ms,0.677056,recorder
20260925-072918_perlmutter_cb90a27f,ours_l01_s1_pv2_r2_pv3c_eps05_trace-a2e8ab_b16_k8_isolated,isolated,ours,4,0,place_ms,0.002368,recorder
20260925-072918_perlmutter_cb90a27f,ours_l01_s1_pv2_r2_pv3c_eps05_trace-a2e8ab_b16_k8_isolated,isolated,ours,4,1,place_ms,0.002336,recorder
20260925-072918_perlmutter_cb90a27f,ours_l01_s1_pv2_r2_pv3c_eps05_trace-a2e8ab_b16_k8_isolated,isolated,ours,4,2,place_ms,0.002368,recorder
20260925-072918_perlmutter_cb90a27f,ours_l01_s1_pv2_r2_pv3c_eps05_trace-a2e8ab_b16_k8_isolated,isolated,ours,4,3,place_ms,0.002336,recorder
20260925-072918_perlmutter_cb90a27f,ours_l01_s1_pv2_r2_pv3c_eps05_trace-a2e8ab_b16_k8_isolated,isolated,ours,4,4,place_ms,0.002368,recorder
20260925-072918_perlmutter_cb90a27f,ours_l01_s1_pv2_r2_pv3c_eps05_trace-a2e8ab_b16_k8_isolated,isolated,ours,4,5,place_ms,0.002368,recorder
20260925-072918_perlmutter_cb90a27f,ours_l01_s1_pv2_r2_pv3c_eps05_trace-a2e8ab_b16_k8_isolated,isolated,ours,4,6,place_ms,0.002304,recorder
20260925-072918_perlmutter_cb90a27f,ours_l01_s1_pv2_r2_pv3c_eps05_trace-a2e8ab_b16_k8_isolated,isolated,ours,4,7,place_ms,0.002368,recorder
20260925-072918_perlmutter_cb90a27f,ours_l01_s1_pv2_r2_pv3c_eps05_trace-a2e8ab_b16_k8_isolated,isolated,ours,4,8,place_ms,0.002368,recorder
20260925-072918_perlmutter_cb90a27f,ours_l01_s1_pv2_r2_pv3c_eps05_trace-a2e8ab_b16_k8_isolated,isolated,ours,4,9,place_ms,0.002336,recorder
20260925-072918_perlmutter_cb90a27f,ours_l01_s1_pv2_r2_pv3c_eps05_trace-a2e8ab_b16_k8_isolated,isolated,ours,4,0,plan_ms,1.92448,recorder
20260925-072918_perlmutter_cb90a27f,ours_l01_s1_pv2_r2_pv3c_eps05_trace-a2e8ab_b16_k8_isolated,isolated,ours,4,1,plan_ms,1.975712,recorder
20260925-072918_perlmutter_cb90a27f,ours_l01_s1_pv2_r2_pv3c_eps05_trace-a2e8ab_b16_k8_isolated,isolated,ours,4,2,plan_ms,1.926752,recorder
20260925-072918_perlmutter_cb90a27f,ours_l01_s1_pv2_r2_pv3c_eps05_trace-a2e8ab_b16_k8_isolated,isolated,ours,4,3,plan_ms,1.955328,recorder
20260925-072918_perlmutter_cb90a27f,ours_l01_s1_pv2_r2_pv3c_eps05_trace-a2e8ab_b16_k8_isolated,isolated,ours,4,4,plan_ms,1.936,recorder
20260925-072918_perlmutter_cb90a27f,ours_l01_s1_pv2_r2_pv3c_eps05_trace-a2e8ab_b16_k8_isolated,isolated,ours,4,5,plan_ms,1.944352,recorder
20260925-072918_perlmutter_cb90a27f,ours_l01_s1_pv2_r2_pv3c_eps05_trace-a2e8ab_b16_k8_isolated,isolated,ours,4,6,plan_ms,1.940352,recorder
20260925-072918_perlmutter_cb90a27f,ours_l01_s1_pv2_r2_pv3c_eps05_trace-a2e8ab_b16_k8_isolated,isolated,ours,4,7,plan_ms,1.933856,recorder
20260925-072918_perlmutter_cb90a27f,ours_l01_s1_pv2_r2_pv3c_eps05_trace-a2e8ab_b16_k8_isolated,isolated,ours,4,8,plan_ms,1.940992,recorder
20260925-072918_perlmutter_cb90a27f,ours_l01_s1_pv2_r2_pv3c_eps05_trace-a2e8ab_b16_k8_isolated,isolated,ours,4,9,plan_ms,1.862272,recorder
20260925-072918_perlmutter_cb90a27f,ours_l01_s1_pv2_r2_pv3c_eps05_trace-a2e8ab_b16_k8_isolated,isolated,ours,4,0,total_ms,501.135681,recorder
20260925-072918_perlmutter_cb90a27f,ours_l01_s1_pv2_r2_pv3c_eps05_trace-a2e8ab_b16_k8_isolated,isolated,ours,4,1,total_ms,350.518188,recorder
20260925-072918_perlmutter_cb90a27f,ours_l01_s1_pv2_r2_pv3c_eps05_trace-a2e8ab_b16_k8_isolated,isolated,ours,4,2,total_ms,23.059488,recorder
20260925-072918_perlmutter_cb90a27f,ours_l01_s1_pv2_r2_pv3c_eps05_trace-a2e8ab_b16_k8_isolated,isolated,ours,4,3,total_ms,501.098785,recorder
20260925-072918_perlmutter_cb90a27f,ours_l01_s1_pv2_r2_pv3c_eps05_trace-a2e8ab_b16_k8_isolated,isolated,ours,4,4,total_ms,442.690887,recorder
20260925-072918_perlmutter_cb90a27f,ours_l01_s1_pv2_r2_pv3c_eps05_trace-a2e8ab_b16_k8_isolated,isolated,ours,4,5,total_ms,25.442112,recorder
20260925-072918_perlmutter_cb90a27f,ours_l01_s1_pv2_r2_pv3c_eps05_trace-a2e8ab_b16_k8_isolated,isolated,ours,4,6,total_ms,24.377953,recorder
20260925-072918_perlmutter_cb90a27f,ours_l01_s1_pv2_r2_pv3c_eps05_trace-a2e8ab_b16_k8_isolated,isolated,ours,4,7,total_ms,495.424469,recorder
20260925-072918_perlmutter_cb90a27f,ours_l01_s1_pv2_r2_pv3c_eps05_trace-a2e8ab_b16_k8_isolated,isolated,ours,4,8,total_ms,22.914593,recorder
20260925-072918_perlmutter_cb90a27f,ours_l01_s1_pv2_r2_pv3c_eps05_trace-a2e8ab_b16_k8_isolated,isolated,ours,4,9,total_ms,352.272369,recorder
20260925-072918_perlmutter_cb90a27f,ours_l01_s1_pv2_r2_pv3c_eps05_trace-a2e8ab_b16_k8_isolated,isolated,ours,4,0,iso_sync_ms,19.386707,recorder
20260925-072918_perlmutter_cb90a27f,ours_l01_s1_pv2_r2_pv3c_eps05_trace-a2e8ab_b16_k8_isolated,isolated,ours,4,1,iso_sync_ms,498.392965,recorder
20260925-072918_perlmutter_cb90a27f,ours_l01_s1_pv2_r2_pv3c_eps05_trace-a2e8ab_b16_k8_isolated,isolated,ours,4,2,iso_sync_ms,345.802151,recorder
20260925-072918_perlmutter_cb90a27f,ours_l01_s1_pv2_r2_pv3c_eps05_trace-a2e8ab_b16_k8_isolated,isolated,ours,4,3,iso_sync_ms,18.572074,recorder
20260925-072918_perlmutter_cb90a27f,ours_l01_s1_pv2_r2_pv3c_eps05_trace-a2e8ab_b16_k8_isolated,isolated,ours,4,4,iso_sync_ms,497.533616,recorder
20260925-072918_perlmutter_cb90a27f,ours_l01_s1_pv2_r2_pv3c_eps05_trace-a2e8ab_b16_k8_isolated,isolated,ours,4,5,iso_sync_ms,438.76606,recorder
20260925-072918_perlmutter_cb90a27f,ours_l01_s1_pv2_r2_pv3c_eps05_trace-a2e8ab_b16_k8_isolated,isolated,ours,4,6,iso_sync_ms,21.10136,recorder
20260925-072918_perlmutter_cb90a27f,ours_l01_s1_pv2_r2_pv3c_eps05_trace-a2e8ab_b16_k8_isolated,isolated,ours,4,7,iso_sync_ms,20.304209,recorder
20260925-072918_perlmutter_cb90a27f,ours_l01_s1_pv2_r2_pv3c_eps05_trace-a2e8ab_b16_k8_isolated,isolated,ours,4,8,iso_sync_ms,491.865697,recorder
20260925-072918_perlmutter_cb90a27f,ours_l01_s1_pv2_r2_pv3c_eps05_trace-a2e8ab_b16_k8_isolated,isolated,ours,4,9,iso_sync_ms,18.645255,recorder
20260925-072918_perlmutter_cb90a27f,ours_l01_s1_pv2_r2_pv3c_eps05_trace-a2e8ab_b16_k8_isolated,isolated,ours,5,0,e2e_ms,498.661682,recorder
20260925-072918_perlmutter_cb90a27f,ours_l01_s1_pv2_r2_pv3c_eps05_trace-a2e8ab_b16_k8_isolated,isolated,ours,5,1,e2e_ms,347.838684,recorder
20260925-072918_perlmutter_cb90a27f,ours_l01_s1_pv2_r2_pv3c_eps05_trace-a2e8ab_b16_k8_isolated,isolated,ours,5,2,e2e_ms,20.283039,recorder
20260925-072918_perlmutter_cb90a27f,ours_l01_s1_pv2_r2_pv3c_eps05_trace-a2e8ab_b16_k8_isolated,isolated,ours,5,3,e2e_ms,498.573273,recorder
20260925-072918_perlmutter_cb90a27f,ours_l01_s1_pv2_r2_pv3c_eps05_trace-a2e8ab_b16_k8_isolated,isolated,ours,5,4,e2e_ms,440.126068,recorder
20260925-072918_perlmutter_cb90a27f,ours_l01_s1_pv2_r2_pv3c_eps05_trace-a2e8ab_b16_k8_isolated,isolated,ours,5,5,e2e_ms,22.676384,recorder
20260925-072918_perlmutter_cb90a27f,ours_l01_s1_pv2_r2_pv3c_eps05_trace-a2e8ab_b16_k8_isolated,isolated,ours,5,6,e2e_ms,21.864191,recorder
20260925-072918_perlmutter_cb90a27f,ours_l01_s1_pv2_r2_pv3c_eps05_trace-a2e8ab_b16_k8_isolated,isolated,ours,5,7,e2e_ms,492.917023,recorder
20260925-072918_perlmutter_cb90a27f,ours_l01_s1_pv2_r2_pv3c_eps05_trace-a2e8ab_b16_k8_isolated,isolated,ours,5,8,e2e_ms,20.080256,recorder
20260925-072918_perlmutter_cb90a27f,ours_l01_s1_pv2_r2_pv3c_eps05_trace-a2e8ab_b16_k8_isolated,isolated,ours,5,9,e2e_ms,349.730408,recorder
20260925-072918_perlmutter_cb90a27f,ours_l01_s1_pv2_r2_pv3c_eps05_trace-a2e8ab_b16_k8_isolated,isolated,ours,5,0,l0_ms,10.574944,recorder
20260925-072918_perlmutter_cb90a27f,ours_l01_s1_pv2_r2_pv3c_eps05_trace-a2e8ab_b16_k8_isolated,isolated,ours,5,1,l0_ms,10.707232,recorder
20260925-072918_perlmutter_cb90a27f,ours_l01_s1_pv2_r2_pv3c_eps05_trace-a2e8ab_b16_k8_isolated,isolated,ours,5,2,l0_ms,10.53024,recorder
20260925-072918_perlmutter_cb90a27f,ours_l01_s1_pv2_r2_pv3c_eps05_trace-a2e8ab_b16_k8_isolated,isolated,ours,5,3,l0_ms,12.01488,recorder
20260925-072918_perlmutter_cb90a27f,ours_l01_s1_pv2_r2_pv3c_eps05_trace-a2e8ab_b16_k8_isolated,isolated,ours,5,4,l0_ms,11.932352,recorder
20260925-072918_perlmutter_cb90a27f,ours_l01_s1_pv2_r2_pv3c_eps05_trace-a2e8ab_b16_k8_isolated,isolated,ours,5,5,l0_ms,11.117536,recorder
20260925-072918_perlmutter_cb90a27f,ours_l01_s1_pv2_r2_pv3c_eps05_trace-a2e8ab_b16_k8_isolated,isolated,ours,5,6,l0_ms,11.398944,recorder
20260925-072918_perlmutter_cb90a27f,ours_l01_s1_pv2_r2_pv3c_eps05_trace-a2e8ab_b16_k8_isolated,isolated,ours,5,7,l0_ms,9.825408,recorder
20260925-072918_perlmutter_cb90a27f,ours_l01_s1_pv2_r2_pv3c_eps05_trace-a2e8ab_b16_k8_isolated,isolated,ours,5,8,l0_ms,10.254688,recorder
20260925-072918_perlmutter_cb90a27f,ours_l01_s1_pv2_r2_pv3c_eps05_trace-a2e8ab_b16_k8_isolated,isolated,ours,5,9,l0_ms,10.47152,recorder
20260925-072918_perlmutter_cb90a27f,ours_l01_s1_pv2_r2_pv3c_eps05_trace-a2e8ab_b16_k8_isolated,isolated,ours,5,0,act_ms,0.106944,recorder
20260925-072918_perlmutter_cb90a27f,ours_l01_s1_pv2_r2_pv3c_eps05_trace-a2e8ab_b16_k8_isolated,isolated,ours,5,1,act_ms,0.096896,recorder
20260925-072918_perlmutter_cb90a27f,ours_l01_s1_pv2_r2_pv3c_eps05_trace-a2e8ab_b16_k8_isolated,isolated,ours,5,2,act_ms,0.099328,recorder
20260925-072918_perlmutter_cb90a27f,ours_l01_s1_pv2_r2_pv3c_eps05_trace-a2e8ab_b16_k8_isolated,isolated,ours,5,3,act_ms,0.104288,recorder
20260925-072918_perlmutter_cb90a27f,ours_l01_s1_pv2_r2_pv3c_eps05_trace-a2e8ab_b16_k8_isolated,isolated,ours,5,4,act_ms,0.096064,recorder
20260925-072918_perlmutter_cb90a27f,ours_l01_s1_pv2_r2_pv3c_eps05_trace-a2e8ab_b16_k8_isolated,isolated,ours,5,5,act_ms,0.099104,recorder
20260925-072918_perlmutter_cb90a27f,ours_l01_s1_pv2_r2_pv3c_eps05_trace-a2e8ab_b16_k8_isolated,isolated,ours,5,6,act_ms,0.09552,recorder
20260925-072918_perlmutter_cb90a27f,ours_l01_s1_pv2_r2_pv3c_eps05_trace-a2e8ab_b16_k8_isolated,isolated,ours,5,7,act_ms,0.094304,recorder
20260925-072918_perlmutter_cb90a27f,ours_l01_s1_pv2_r2_pv3c_eps05_trace-a2e8ab_b16_k8_isolated,isolated,ours,5,8,act_ms,0.098848,recorder
20260925-072918_perlmutter_cb90a27f,ours_l01_s1_pv2_r2_pv3c_eps05_trace-a2e8ab_b16_k8_isolated,isolated,ours,5,9,act_ms,0.10512,recorder
20260925-072918_perlmutter_cb90a27f,ours_l01_s1_pv2_r2_pv3c_eps05_trace-a2e8ab_b16_k8_isolated,isolated,ours,5,0,l1_ms,487.979797,recorder
20260925-072918_perlmutter_cb90a27f,ours_l01_s1_pv2_r2_pv3c_eps05_trace-a2e8ab_b16_k8_isolated,isolated,ours,5,1,l1_ms,337.034546,recorder
20260925-072918_perlmutter_cb90a27f,ours_l01_s1_pv2_r2_pv3c_eps05_trace-a2e8ab_b16_k8_isolated,isolated,ours,5,2,l1_ms,9.653472,recorder
20260925-072918_perlmutter_cb90a27f,ours_l01_s1_pv2_r2_pv3c_eps05_trace-a2e8ab_b16_k8_isolated,isolated,ours,5,3,l1_ms,486.454102,recorder
20260925-072918_perlmutter_cb90a27f,ours_l01_s1_pv2_r2_pv3c_eps05_trace-a2e8ab_b16_k8_isolated,isolated,ours,5,4,l1_ms,428.097656,recorder
20260925-072918_perlmutter_cb90a27f,ours_l01_s1_pv2_r2_pv3c_eps05_trace-a2e8ab_b16_k8_isolated,isolated,ours,5,5,l1_ms,11.459744,recorder
20260925-072918_perlmutter_cb90a27f,ours_l01_s1_pv2_r2_pv3c_eps05_trace-a2e8ab_b16_k8_isolated,isolated,ours,5,6,l1_ms,10.369728,recorder
20260925-072918_perlmutter_cb90a27f,ours_l01_s1_pv2_r2_pv3c_eps05_trace-a2e8ab_b16_k8_isolated,isolated,ours,5,7,l1_ms,482.997314,recorder
20260925-072918_perlmutter_cb90a27f,ours_l01_s1_pv2_r2_pv3c_eps05_trace-a2e8ab_b16_k8_isolated,isolated,ours,5,8,l1_ms,9.72672,recorder
20260925-072918_perlmutter_cb90a27f,ours_l01_s1_pv2_r2_pv3c_eps05_trace-a2e8ab_b16_k8_isolated,isolated,ours,5,9,l1_ms,339.153748,recorder
20260925-072918_perlmutter_cb90a27f,ours_l01_s1_pv2_r2_pv3c_eps05_trace-a2e8ab_b16_k8_isolated,isolated,ours,5,0,plan_comm_ms,0.561664,recorder
20260925-072918_perlmutter_cb90a27f,ours_l01_s1_pv2_r2_pv3c_eps05_trace-a2e8ab_b16_k8_isolated,isolated,ours,5,1,plan_comm_ms,0.870304,recorder
20260925-072918_perlmutter_cb90a27f,ours_l01_s1_pv2_r2_pv3c_eps05_trace-a2e8ab_b16_k8_isolated,isolated,ours,5,2,plan_comm_ms,0.874304,recorder
20260925-072918_perlmutter_cb90a27f,ours_l01_s1_pv2_r2_pv3c_eps05_trace-a2e8ab_b16_k8_isolated,isolated,ours,5,3,plan_comm_ms,0.564288,recorder
20260925-072918_perlmutter_cb90a27f,ours_l01_s1_pv2_r2_pv3c_eps05_trace-a2e8ab_b16_k8_isolated,isolated,ours,5,4,plan_comm_ms,0.60208,recorder
20260925-072918_perlmutter_cb90a27f,ours_l01_s1_pv2_r2_pv3c_eps05_trace-a2e8ab_b16_k8_isolated,isolated,ours,5,5,plan_comm_ms,0.84928,recorder
20260925-072918_perlmutter_cb90a27f,ours_l01_s1_pv2_r2_pv3c_eps05_trace-a2e8ab_b16_k8_isolated,isolated,ours,5,6,plan_comm_ms,0.598112,recorder
20260925-072918_perlmutter_cb90a27f,ours_l01_s1_pv2_r2_pv3c_eps05_trace-a2e8ab_b16_k8_isolated,isolated,ours,5,7,plan_comm_ms,0.652064,recorder
20260925-072918_perlmutter_cb90a27f,ours_l01_s1_pv2_r2_pv3c_eps05_trace-a2e8ab_b16_k8_isolated,isolated,ours,5,8,plan_comm_ms,0.921344,recorder
20260925-072918_perlmutter_cb90a27f,ours_l01_s1_pv2_r2_pv3c_eps05_trace-a2e8ab_b16_k8_isolated,isolated,ours,5,9,plan_comm_ms,0.67936,recorder
20260925-072918_perlmutter_cb90a27f,ours_l01_s1_pv2_r2_pv3c_eps05_trace-a2e8ab_b16_k8_isolated,isolated,ours,5,0,place_ms,0.002304,recorder
20260925-072918_perlmutter_cb90a27f,ours_l01_s1_pv2_r2_pv3c_eps05_trace-a2e8ab_b16_k8_isolated,isolated,ours,5,1,place_ms,0.002272,recorder
20260925-072918_perlmutter_cb90a27f,ours_l01_s1_pv2_r2_pv3c_eps05_trace-a2e8ab_b16_k8_isolated,isolated,ours,5,2,place_ms,0.002304,recorder
20260925-072918_perlmutter_cb90a27f,ours_l01_s1_pv2_r2_pv3c_eps05_trace-a2e8ab_b16_k8_isolated,isolated,ours,5,3,place_ms,0.002272,recorder
20260925-072918_perlmutter_cb90a27f,ours_l01_s1_pv2_r2_pv3c_eps05_trace-a2e8ab_b16_k8_isolated,isolated,ours,5,4,place_ms,0.002304,recorder
20260925-072918_perlmutter_cb90a27f,ours_l01_s1_pv2_r2_pv3c_eps05_trace-a2e8ab_b16_k8_isolated,isolated,ours,5,5,place_ms,0.002304,recorder
20260925-072918_perlmutter_cb90a27f,ours_l01_s1_pv2_r2_pv3c_eps05_trace-a2e8ab_b16_k8_isolated,isolated,ours,5,6,place_ms,0.002272,recorder
20260925-072918_perlmutter_cb90a27f,ours_l01_s1_pv2_r2_pv3c_eps05_trace-a2e8ab_b16_k8_isolated,isolated,ours,5,7,place_ms,0.002304,recorder
20260925-072918_perlmutter_cb90a27f,ours_l01_s1_pv2_r2_pv3c_eps05_trace-a2e8ab_b16_k8_isolated,isolated,ours,5,8,place_ms,0.002304,recorder
20260925-072918_perlmutter_cb90a27f,ours_l01_s1_pv2_r2_pv3c_eps05_trace-a2e8ab_b16_k8_isolated,isolated,ours,5,9,place_ms,0.002304,recorder
20260925-072918_perlmutter_cb90a27f,ours_l01_s1_pv2_r2_pv3c_eps05_trace-a2e8ab_b16_k8_isolated,isolated,ours,5,0,plan_ms,1.90096,recorder
20260925-072918_perlmutter_cb90a27f,ours_l01_s1_pv2_r2_pv3c_eps05_trace-a2e8ab_b16_k8_isolated,isolated,ours,5,1,plan_ms,1.905952,recorder
20260925-072918_perlmutter_cb90a27f,ours_l01_s1_pv2_r2_pv3c_eps05_trace-a2e8ab_b16_k8_isolated,isolated,ours,5,2,plan_ms,1.89472,recorder
20260925-072918_perlmutter_cb90a27f,ours_l01_s1_pv2_r2_pv3c_eps05_trace-a2e8ab_b16_k8_isolated,isolated,ours,5,3,plan_ms,1.912928,recorder
20260925-072918_perlmutter_cb90a27f,ours_l01_s1_pv2_r2_pv3c_eps05_trace-a2e8ab_b16_k8_isolated,isolated,ours,5,4,plan_ms,1.900512,recorder
20260925-072918_perlmutter_cb90a27f,ours_l01_s1_pv2_r2_pv3c_eps05_trace-a2e8ab_b16_k8_isolated,isolated,ours,5,5,plan_ms,1.909184,recorder
20260925-072918_perlmutter_cb90a27f,ours_l01_s1_pv2_r2_pv3c_eps05_trace-a2e8ab_b16_k8_isolated,isolated,ours,5,6,plan_ms,1.90752,recorder
20260925-072918_perlmutter_cb90a27f,ours_l01_s1_pv2_r2_pv3c_eps05_trace-a2e8ab_b16_k8_isolated,isolated,ours,5,7,plan_ms,1.900704,recorder
20260925-072918_perlmutter_cb90a27f,ours_l01_s1_pv2_r2_pv3c_eps05_trace-a2e8ab_b16_k8_isolated,isolated,ours,5,8,plan_ms,1.901728,recorder
20260925-072918_perlmutter_cb90a27f,ours_l01_s1_pv2_r2_pv3c_eps05_trace-a2e8ab_b16_k8_isolated,isolated,ours,5,9,plan_ms,1.832736,recorder
20260925-072918_perlmutter_cb90a27f,ours_l01_s1_pv2_r2_pv3c_eps05_trace-a2e8ab_b16_k8_isolated,isolated,ours,5,0,total_ms,501.135498,recorder
20260925-072918_perlmutter_cb90a27f,ours_l01_s1_pv2_r2_pv3c_eps05_trace-a2e8ab_b16_k8_isolated,isolated,ours,5,1,total_ms,350.626984,recorder
20260925-072918_perlmutter_cb90a27f,ours_l01_s1_pv2_r2_pv3c_eps05_trace-a2e8ab_b16_k8_isolated,isolated,ours,5,2,total_ms,23.064192,recorder
20260925-072918_perlmutter_cb90a27f,ours_l01_s1_pv2_r2_pv3c_eps05_trace-a2e8ab_b16_k8_isolated,isolated,ours,5,3,total_ms,501.062195,recorder
20260925-072918_perlmutter_cb90a27f,ours_l01_s1_pv2_r2_pv3c_eps05_trace-a2e8ab_b16_k8_isolated,isolated,ours,5,4,total_ms,442.640564,recorder
20260925-072918_perlmutter_cb90a27f,ours_l01_s1_pv2_r2_pv3c_eps05_trace-a2e8ab_b16_k8_isolated,isolated,ours,5,5,total_ms,25.446304,recorder
20260925-072918_perlmutter_cb90a27f,ours_l01_s1_pv2_r2_pv3c_eps05_trace-a2e8ab_b16_k8_isolated,isolated,ours,5,6,total_ms,24.380928,recorder
20260925-072918_perlmutter_cb90a27f,ours_l01_s1_pv2_r2_pv3c_eps05_trace-a2e8ab_b16_k8_isolated,isolated,ours,5,7,total_ms,495.481445,recorder
20260925-072918_perlmutter_cb90a27f,ours_l01_s1_pv2_r2_pv3c_eps05_trace-a2e8ab_b16_k8_isolated,isolated,ours,5,8,total_ms,22.919712,recorder
20260925-072918_perlmutter_cb90a27f,ours_l01_s1_pv2_r2_pv3c_eps05_trace-a2e8ab_b16_k8_isolated,isolated,ours,5,9,total_ms,352.254791,recorder
20260925-072918_perlmutter_cb90a27f,ours_l01_s1_pv2_r2_pv3c_eps05_trace-a2e8ab_b16_k8_isolated,isolated,ours,5,0,iso_sync_ms,19.400864,recorder
20260925-072918_perlmutter_cb90a27f,ours_l01_s1_pv2_r2_pv3c_eps05_trace-a2e8ab_b16_k8_isolated,isolated,ours,5,1,iso_sync_ms,498.444565,recorder
20260925-072918_perlmutter_cb90a27f,ours_l01_s1_pv2_r2_pv3c_eps05_trace-a2e8ab_b16_k8_isolated,isolated,ours,5,2,iso_sync_ms,346.875024,recorder
20260925-072918_perlmutter_cb90a27f,ours_l01_s1_pv2_r2_pv3c_eps05_trace-a2e8ab_b16_k8_isolated,isolated,ours,5,3,iso_sync_ms,18.677798,recorder
20260925-072918_perlmutter_cb90a27f,ours_l01_s1_pv2_r2_pv3c_eps05_trace-a2e8ab_b16_k8_isolated,isolated,ours,5,4,iso_sync_ms,497.653417,recorder
20260925-072918_perlmutter_cb90a27f,ours_l01_s1_pv2_r2_pv3c_eps05_trace-a2e8ab_b16_k8_isolated,isolated,ours,5,5,iso_sync_ms,438.857036,recorder
20260925-072918_perlmutter_cb90a27f,ours_l01_s1_pv2_r2_pv3c_eps05_trace-a2e8ab_b16_k8_isolated,isolated,ours,5,6,iso_sync_ms,21.181684,recorder
20260925-072918_perlmutter_cb90a27f,ours_l01_s1_pv2_r2_pv3c_eps05_trace-a2e8ab_b16_k8_isolated,isolated,ours,5,7,iso_sync_ms,20.339768,recorder
20260925-072918_perlmutter_cb90a27f,ours_l01_s1_pv2_r2_pv3c_eps05_trace-a2e8ab_b16_k8_isolated,isolated,ours,5,8,iso_sync_ms,491.963326,recorder
20260925-072918_perlmutter_cb90a27f,ours_l01_s1_pv2_r2_pv3c_eps05_trace-a2e8ab_b16_k8_isolated,isolated,ours,5,9,iso_sync_ms,18.710792,recorder
20260925-072918_perlmutter_cb90a27f,ours_l01_s1_pv2_r2_pv3c_eps05_trace-a2e8ab_b16_k8_isolated,isolated,ours,6,0,e2e_ms,498.63797,recorder
20260925-072918_perlmutter_cb90a27f,ours_l01_s1_pv2_r2_pv3c_eps05_trace-a2e8ab_b16_k8_isolated,isolated,ours,6,1,e2e_ms,347.794952,recorder
20260925-072918_perlmutter_cb90a27f,ours_l01_s1_pv2_r2_pv3c_eps05_trace-a2e8ab_b16_k8_isolated,isolated,ours,6,2,e2e_ms,20.245665,recorder
20260925-072918_perlmutter_cb90a27f,ours_l01_s1_pv2_r2_pv3c_eps05_trace-a2e8ab_b16_k8_isolated,isolated,ours,6,3,e2e_ms,498.601685,recorder
20260925-072918_perlmutter_cb90a27f,ours_l01_s1_pv2_r2_pv3c_eps05_trace-a2e8ab_b16_k8_isolated,isolated,ours,6,4,e2e_ms,440.085419,recorder
20260925-072918_perlmutter_cb90a27f,ours_l01_s1_pv2_r2_pv3c_eps05_trace-a2e8ab_b16_k8_isolated,isolated,ours,6,5,e2e_ms,22.650145,recorder
20260925-072918_perlmutter_cb90a27f,ours_l01_s1_pv2_r2_pv3c_eps05_trace-a2e8ab_b16_k8_isolated,isolated,ours,6,6,e2e_ms,21.844353,recorder
20260925-072918_perlmutter_cb90a27f,ours_l01_s1_pv2_r2_pv3c_eps05_trace-a2e8ab_b16_k8_isolated,isolated,ours,6,7,e2e_ms,492.831573,recorder
20260925-072918_perlmutter_cb90a27f,ours_l01_s1_pv2_r2_pv3c_eps05_trace-a2e8ab_b16_k8_isolated,isolated,ours,6,8,e2e_ms,20.062401,recorder
20260925-072918_perlmutter_cb90a27f,ours_l01_s1_pv2_r2_pv3c_eps05_trace-a2e8ab_b16_k8_isolated,isolated,ours,6,9,e2e_ms,349.794617,recorder
20260925-072918_perlmutter_cb90a27f,ours_l01_s1_pv2_r2_pv3c_eps05_trace-a2e8ab_b16_k8_isolated,isolated,ours,6,0,l0_ms,10.545024,recorder
20260925-072918_perlmutter_cb90a27f,ours_l01_s1_pv2_r2_pv3c_eps05_trace-a2e8ab_b16_k8_isolated,isolated,ours,6,1,l0_ms,10.69728,recorder
20260925-072918_perlmutter_cb90a27f,ours_l01_s1_pv2_r2_pv3c_eps05_trace-a2e8ab_b16_k8_isolated,isolated,ours,6,2,l0_ms,10.50064,recorder
20260925-072918_perlmutter_cb90a27f,ours_l01_s1_pv2_r2_pv3c_eps05_trace-a2e8ab_b16_k8_isolated,isolated,ours,6,3,l0_ms,11.990688,recorder
20260925-072918_perlmutter_cb90a27f,ours_l01_s1_pv2_r2_pv3c_eps05_trace-a2e8ab_b16_k8_isolated,isolated,ours,6,4,l0_ms,11.904768,recorder
20260925-072918_perlmutter_cb90a27f,ours_l01_s1_pv2_r2_pv3c_eps05_trace-a2e8ab_b16_k8_isolated,isolated,ours,6,5,l0_ms,11.11104,recorder
20260925-072918_perlmutter_cb90a27f,ours_l01_s1_pv2_r2_pv3c_eps05_trace-a2e8ab_b16_k8_isolated,isolated,ours,6,6,l0_ms,11.37152,recorder
20260925-072918_perlmutter_cb90a27f,ours_l01_s1_pv2_r2_pv3c_eps05_trace-a2e8ab_b16_k8_isolated,isolated,ours,6,7,l0_ms,9.798048,recorder
20260925-072918_perlmutter_cb90a27f,ours_l01_s1_pv2_r2_pv3c_eps05_trace-a2e8ab_b16_k8_isolated,isolated,ours,6,8,l0_ms,10.235232,recorder
20260925-072918_perlmutter_cb90a27f,ours_l01_s1_pv2_r2_pv3c_eps05_trace-a2e8ab_b16_k8_isolated,isolated,ours,6,9,l0_ms,10.4552,recorder
20260925-072918_perlmutter_cb90a27f,ours_l01_s1_pv2_r2_pv3c_eps05_trace-a2e8ab_b16_k8_isolated,isolated,ours,6,0,act_ms,0.110848,recorder
20260925-072918_perlmutter_cb90a27f,ours_l01_s1_pv2_r2_pv3c_eps05_trace-a2e8ab_b16_k8_isolated,isolated,ours,6,1,act_ms,0.123584,recorder
20260925-072918_perlmutter_cb90a27f,ours_l01_s1_pv2_r2_pv3c_eps05_trace-a2e8ab_b16_k8_isolated,isolated,ours,6,2,act_ms,0.110592,recorder
20260925-072918_perlmutter_cb90a27f,ours_l01_s1_pv2_r2_pv3c_eps05_trace-a2e8ab_b16_k8_isolated,isolated,ours,6,3,act_ms,0.109664,recorder
20260925-072918_perlmutter_cb90a27f,ours_l01_s1_pv2_r2_pv3c_eps05_trace-a2e8ab_b16_k8_isolated,isolated,ours,6,4,act_ms,0.125792,recorder
20260925-072918_perlmutter_cb90a27f,ours_l01_s1_pv2_r2_pv3c_eps05_trace-a2e8ab_b16_k8_isolated,isolated,ours,6,5,act_ms,0.124832,recorder
20260925-072918_perlmutter_cb90a27f,ours_l01_s1_pv2_r2_pv3c_eps05_trace-a2e8ab_b16_k8_isolated,isolated,ours,6,6,act_ms,0.11024,recorder
20260925-072918_perlmutter_cb90a27f,ours_l01_s1_pv2_r2_pv3c_eps05_trace-a2e8ab_b16_k8_isolated,isolated,ours,6,7,act_ms,0.12304,recorder
20260925-072918_perlmutter_cb90a27f,ours_l01_s1_pv2_r2_pv3c_eps05_trace-a2e8ab_b16_k8_isolated,isolated,ours,6,8,act_ms,0.112608,recorder
20260925-072918_perlmutter_cb90a27f,ours_l01_s1_pv2_r2_pv3c_eps05_trace-a2e8ab_b16_k8_isolated,isolated,ours,6,9,act_ms,0.126912,recorder
20260925-072918_perlmutter_cb90a27f,ours_l01_s1_pv2_r2_pv3c_eps05_trace-a2e8ab_b16_k8_isolated,isolated,ours,6,0,l1_ms,487.982117,recorder
20260925-072918_perlmutter_cb90a27f,ours_l01_s1_pv2_r2_pv3c_eps05_trace-a2e8ab_b16_k8_isolated,isolated,ours,6,1,l1_ms,336.974091,recorder
20260925-072918_perlmutter_cb90a27f,ours_l01_s1_pv2_r2_pv3c_eps05_trace-a2e8ab_b16_k8_isolated,isolated,ours,6,2,l1_ms,9.634432,recorder
20260925-072918_perlmutter_cb90a27f,ours_l01_s1_pv2_r2_pv3c_eps05_trace-a2e8ab_b16_k8_isolated,isolated,ours,6,3,l1_ms,486.501343,recorder
20260925-072918_perlmutter_cb90a27f,ours_l01_s1_pv2_r2_pv3c_eps05_trace-a2e8ab_b16_k8_isolated,isolated,ours,6,4,l1_ms,428.05484,recorder
20260925-072918_perlmutter_cb90a27f,ours_l01_s1_pv2_r2_pv3c_eps05_trace-a2e8ab_b16_k8_isolated,isolated,ours,6,5,l1_ms,11.414272,recorder
20260925-072918_perlmutter_cb90a27f,ours_l01_s1_pv2_r2_pv3c_eps05_trace-a2e8ab_b16_k8_isolated,isolated,ours,6,6,l1_ms,10.362592,recorder
20260925-072918_perlmutter_cb90a27f,ours_l01_s1_pv2_r2_pv3c_eps05_trace-a2e8ab_b16_k8_isolated,isolated,ours,6,7,l1_ms,482.910492,recorder
20260925-072918_perlmutter_cb90a27f,ours_l01_s1_pv2_r2_pv3c_eps05_trace-a2e8ab_b16_k8_isolated,isolated,ours,6,8,l1_ms,9.71456,recorder
20260925-072918_perlmutter_cb90a27f,ours_l01_s1_pv2_r2_pv3c_eps05_trace-a2e8ab_b16_k8_isolated,isolated,ours,6,9,l1_ms,339.212524,recorder
20260925-072918_perlmutter_cb90a27f,ours_l01_s1_pv2_r2_pv3c_eps05_trace-a2e8ab_b16_k8_isolated,isolated,ours,6,0,plan_comm_ms,0.561056,recorder
20260925-072918_perlmutter_cb90a27f,ours_l01_s1_pv2_r2_pv3c_eps05_trace-a2e8ab_b16_k8_isolated,isolated,ours,6,1,plan_comm_ms,0.870432,recorder
20260925-072918_perlmutter_cb90a27f,ours_l01_s1_pv2_r2_pv3c_eps05_trace-a2e8ab_b16_k8_isolated,isolated,ours,6,2,plan_comm_ms,0.872192,recorder
20260925-072918_perlmutter_cb90a27f,ours_l01_s1_pv2_r2_pv3c_eps05_trace-a2e8ab_b16_k8_isolated,isolated,ours,6,3,plan_comm_ms,0.563968,recorder
20260925-072918_perlmutter_cb90a27f,ours_l01_s1_pv2_r2_pv3c_eps05_trace-a2e8ab_b16_k8_isolated,isolated,ours,6,4,plan_comm_ms,0.661504,recorder
20260925-072918_perlmutter_cb90a27f,ours_l01_s1_pv2_r2_pv3c_eps05_trace-a2e8ab_b16_k8_isolated,isolated,ours,6,5,plan_comm_ms,0.84752,recorder
20260925-072918_perlmutter_cb90a27f,ours_l01_s1_pv2_r2_pv3c_eps05_trace-a2e8ab_b16_k8_isolated,isolated,ours,6,6,plan_comm_ms,0.595136,recorder
20260925-072918_perlmutter_cb90a27f,ours_l01_s1_pv2_r2_pv3c_eps05_trace-a2e8ab_b16_k8_isolated,isolated,ours,6,7,plan_comm_ms,0.652416,recorder
20260925-072918_perlmutter_cb90a27f,ours_l01_s1_pv2_r2_pv3c_eps05_trace-a2e8ab_b16_k8_isolated,isolated,ours,6,8,plan_comm_ms,0.91728,recorder
20260925-072918_perlmutter_cb90a27f,ours_l01_s1_pv2_r2_pv3c_eps05_trace-a2e8ab_b16_k8_isolated,isolated,ours,6,9,plan_comm_ms,0.676768,recorder
20260925-072918_perlmutter_cb90a27f,ours_l01_s1_pv2_r2_pv3c_eps05_trace-a2e8ab_b16_k8_isolated,isolated,ours,6,0,place_ms,0.002368,recorder
20260925-072918_perlmutter_cb90a27f,ours_l01_s1_pv2_r2_pv3c_eps05_trace-a2e8ab_b16_k8_isolated,isolated,ours,6,1,place_ms,0.002368,recorder
20260925-072918_perlmutter_cb90a27f,ours_l01_s1_pv2_r2_pv3c_eps05_trace-a2e8ab_b16_k8_isolated,isolated,ours,6,2,place_ms,0.002368,recorder
20260925-072918_perlmutter_cb90a27f,ours_l01_s1_pv2_r2_pv3c_eps05_trace-a2e8ab_b16_k8_isolated,isolated,ours,6,3,place_ms,0.002336,recorder
20260925-072918_perlmutter_cb90a27f,ours_l01_s1_pv2_r2_pv3c_eps05_trace-a2e8ab_b16_k8_isolated,isolated,ours,6,4,place_ms,0.002336,recorder
20260925-072918_perlmutter_cb90a27f,ours_l01_s1_pv2_r2_pv3c_eps05_trace-a2e8ab_b16_k8_isolated,isolated,ours,6,5,place_ms,0.002336,recorder
20260925-072918_perlmutter_cb90a27f,ours_l01_s1_pv2_r2_pv3c_eps05_trace-a2e8ab_b16_k8_isolated,isolated,ours,6,6,place_ms,0.002336,recorder
20260925-072918_perlmutter_cb90a27f,ours_l01_s1_pv2_r2_pv3c_eps05_trace-a2e8ab_b16_k8_isolated,isolated,ours,6,7,place_ms,0.002336,recorder
20260925-072918_perlmutter_cb90a27f,ours_l01_s1_pv2_r2_pv3c_eps05_trace-a2e8ab_b16_k8_isolated,isolated,ours,6,8,place_ms,0.002368,recorder
20260925-072918_perlmutter_cb90a27f,ours_l01_s1_pv2_r2_pv3c_eps05_trace-a2e8ab_b16_k8_isolated,isolated,ours,6,9,place_ms,0.002368,recorder
20260925-072918_perlmutter_cb90a27f,ours_l01_s1_pv2_r2_pv3c_eps05_trace-a2e8ab_b16_k8_isolated,isolated,ours,6,0,plan_ms,1.935008,recorder
20260925-072918_perlmutter_cb90a27f,ours_l01_s1_pv2_r2_pv3c_eps05_trace-a2e8ab_b16_k8_isolated,isolated,ours,6,1,plan_ms,1.928256,recorder
20260925-072918_perlmutter_cb90a27f,ours_l01_s1_pv2_r2_pv3c_eps05_trace-a2e8ab_b16_k8_isolated,isolated,ours,6,2,plan_ms,1.925248,recorder
20260925-072918_perlmutter_cb90a27f,ours_l01_s1_pv2_r2_pv3c_eps05_trace-a2e8ab_b16_k8_isolated,isolated,ours,6,3,plan_ms,1.948288,recorder
20260925-072918_perlmutter_cb90a27f,ours_l01_s1_pv2_r2_pv3c_eps05_trace-a2e8ab_b16_k8_isolated,isolated,ours,6,4,plan_ms,1.93024,recorder
20260925-072918_perlmutter_cb90a27f,ours_l01_s1_pv2_r2_pv3c_eps05_trace-a2e8ab_b16_k8_isolated,isolated,ours,6,5,plan_ms,1.937632,recorder
20260925-072918_perlmutter_cb90a27f,ours_l01_s1_pv2_r2_pv3c_eps05_trace-a2e8ab_b16_k8_isolated,isolated,ours,6,6,plan_ms,1.933056,recorder
20260925-072918_perlmutter_cb90a27f,ours_l01_s1_pv2_r2_pv3c_eps05_trace-a2e8ab_b16_k8_isolated,isolated,ours,6,7,plan_ms,1.930336,recorder
20260925-072918_perlmutter_cb90a27f,ours_l01_s1_pv2_r2_pv3c_eps05_trace-a2e8ab_b16_k8_isolated,isolated,ours,6,8,plan_ms,1.924288,recorder
20260925-072918_perlmutter_cb90a27f,ours_l01_s1_pv2_r2_pv3c_eps05_trace-a2e8ab_b16_k8_isolated,isolated,ours,6,9,plan_ms,1.855456,recorder
20260925-072918_perlmutter_cb90a27f,ours_l01_s1_pv2_r2_pv3c_eps05_trace-a2e8ab_b16_k8_isolated,isolated,ours,6,0,total_ms,501.145844,recorder
20260925-072918_perlmutter_cb90a27f,ours_l01_s1_pv2_r2_pv3c_eps05_trace-a2e8ab_b16_k8_isolated,isolated,ours,6,1,total_ms,350.606079,recorder
20260925-072918_perlmutter_cb90a27f,ours_l01_s1_pv2_r2_pv3c_eps05_trace-a2e8ab_b16_k8_isolated,isolated,ours,6,2,total_ms,23.055264,recorder
20260925-072918_perlmutter_cb90a27f,ours_l01_s1_pv2_r2_pv3c_eps05_trace-a2e8ab_b16_k8_isolated,isolated,ours,6,3,total_ms,501.125641,recorder
20260925-072918_perlmutter_cb90a27f,ours_l01_s1_pv2_r2_pv3c_eps05_trace-a2e8ab_b16_k8_isolated,isolated,ours,6,4,total_ms,442.689606,recorder
20260925-072918_perlmutter_cb90a27f,ours_l01_s1_pv2_r2_pv3c_eps05_trace-a2e8ab_b16_k8_isolated,isolated,ours,6,5,total_ms,25.447329,recorder
20260925-072918_perlmutter_cb90a27f,ours_l01_s1_pv2_r2_pv3c_eps05_trace-a2e8ab_b16_k8_isolated,isolated,ours,6,6,total_ms,24.384192,recorder
20260925-072918_perlmutter_cb90a27f,ours_l01_s1_pv2_r2_pv3c_eps05_trace-a2e8ab_b16_k8_isolated,isolated,ours,6,7,total_ms,495.426392,recorder
20260925-072918_perlmutter_cb90a27f,ours_l01_s1_pv2_r2_pv3c_eps05_trace-a2e8ab_b16_k8_isolated,isolated,ours,6,8,total_ms,22.915936,recorder
20260925-072918_perlmutter_cb90a27f,ours_l01_s1_pv2_r2_pv3c_eps05_trace-a2e8ab_b16_k8_isolated,isolated,ours,6,9,total_ms,352.338837,recorder
20260925-072918_perlmutter_cb90a27f,ours_l01_s1_pv2_r2_pv3c_eps05_trace-a2e8ab_b16_k8_isolated,isolated,ours,6,0,iso_sync_ms,18.23373,recorder
20260925-072918_perlmutter_cb90a27f,ours_l01_s1_pv2_r2_pv3c_eps05_trace-a2e8ab_b16_k8_isolated,isolated,ours,6,1,iso_sync_ms,498.433855,recorder
20260925-072918_perlmutter_cb90a27f,ours_l01_s1_pv2_r2_pv3c_eps05_trace-a2e8ab_b16_k8_isolated,isolated,ours,6,2,iso_sync_ms,346.799948,recorder
20260925-072918_perlmutter_cb90a27f,ours_l01_s1_pv2_r2_pv3c_eps05_trace-a2e8ab_b16_k8_isolated,isolated,ours,6,3,iso_sync_ms,18.759015,recorder
20260925-072918_perlmutter_cb90a27f,ours_l01_s1_pv2_r2_pv3c_eps05_trace-a2e8ab_b16_k8_isolated,isolated,ours,6,4,iso_sync_ms,497.612357,recorder
20260925-072918_perlmutter_cb90a27f,ours_l01_s1_pv2_r2_pv3c_eps05_trace-a2e8ab_b16_k8_isolated,isolated,ours,6,5,iso_sync_ms,438.903446,recorder
20260925-072918_perlmutter_cb90a27f,ours_l01_s1_pv2_r2_pv3c_eps05_trace-a2e8ab_b16_k8_isolated,isolated,ours,6,6,iso_sync_ms,21.073877,recorder
20260925-072918_perlmutter_cb90a27f,ours_l01_s1_pv2_r2_pv3c_eps05_trace-a2e8ab_b16_k8_isolated,isolated,ours,6,7,iso_sync_ms,20.361219,recorder
20260925-072918_perlmutter_cb90a27f,ours_l01_s1_pv2_r2_pv3c_eps05_trace-a2e8ab_b16_k8_isolated,isolated,ours,6,8,iso_sync_ms,491.954599,recorder
20260925-072918_perlmutter_cb90a27f,ours_l01_s1_pv2_r2_pv3c_eps05_trace-a2e8ab_b16_k8_isolated,isolated,ours,6,9,iso_sync_ms,18.67908,recorder
20260925-072918_perlmutter_cb90a27f,ours_l01_s1_pv2_r2_pv3c_eps05_trace-a2e8ab_b16_k8_isolated,isolated,ours,7,0,e2e_ms,498.67392,recorder
20260925-072918_perlmutter_cb90a27f,ours_l01_s1_pv2_r2_pv3c_eps05_trace-a2e8ab_b16_k8_isolated,isolated,ours,7,1,e2e_ms,347.83017,recorder
20260925-072918_perlmutter_cb90a27f,ours_l01_s1_pv2_r2_pv3c_eps05_trace-a2e8ab_b16_k8_isolated,isolated,ours,7,2,e2e_ms,20.28352,recorder
20260925-072918_perlmutter_cb90a27f,ours_l01_s1_pv2_r2_pv3c_eps05_trace-a2e8ab_b16_k8_isolated,isolated,ours,7,3,e2e_ms,498.657196,recorder
20260925-072918_perlmutter_cb90a27f,ours_l01_s1_pv2_r2_pv3c_eps05_trace-a2e8ab_b16_k8_isolated,isolated,ours,7,4,e2e_ms,440.134216,recorder
20260925-072918_perlmutter_cb90a27f,ours_l01_s1_pv2_r2_pv3c_eps05_trace-a2e8ab_b16_k8_isolated,isolated,ours,7,5,e2e_ms,22.4592,recorder
20260925-072918_perlmutter_cb90a27f,ours_l01_s1_pv2_r2_pv3c_eps05_trace-a2e8ab_b16_k8_isolated,isolated,ours,7,6,e2e_ms,21.879072,recorder
20260925-072918_perlmutter_cb90a27f,ours_l01_s1_pv2_r2_pv3c_eps05_trace-a2e8ab_b16_k8_isolated,isolated,ours,7,7,e2e_ms,492.925659,recorder
20260925-072918_perlmutter_cb90a27f,ours_l01_s1_pv2_r2_pv3c_eps05_trace-a2e8ab_b16_k8_isolated,isolated,ours,7,8,e2e_ms,20.101343,recorder
20260925-072918_perlmutter_cb90a27f,ours_l01_s1_pv2_r2_pv3c_eps05_trace-a2e8ab_b16_k8_isolated,isolated,ours,7,9,e2e_ms,349.753235,recorder
20260925-072918_perlmutter_cb90a27f,ours_l01_s1_pv2_r2_pv3c_eps05_trace-a2e8ab_b16_k8_isolated,isolated,ours,7,0,l0_ms,10.607232,recorder
20260925-072918_perlmutter_cb90a27f,ours_l01_s1_pv2_r2_pv3c_eps05_trace-a2e8ab_b16_k8_isolated,isolated,ours,7,1,l0_ms,10.722784,recorder
20260925-072918_perlmutter_cb90a27f,ours_l01_s1_pv2_r2_pv3c_eps05_trace-a2e8ab_b16_k8_isolated,isolated,ours,7,2,l0_ms,10.480256,recorder
20260925-072918_perlmutter_cb90a27f,ours_l01_s1_pv2_r2_pv3c_eps05_trace-a2e8ab_b16_k8_isolated,isolated,ours,7,3,l0_ms,11.940128,recorder
20260925-072918_perlmutter_cb90a27f,ours_l01_s1_pv2_r2_pv3c_eps05_trace-a2e8ab_b16_k8_isolated,isolated,ours,7,4,l0_ms,11.942624,recorder
20260925-072918_perlmutter_cb90a27f,ours_l01_s1_pv2_r2_pv3c_eps05_trace-a2e8ab_b16_k8_isolated,isolated,ours,7,5,l0_ms,11.149568,recorder
20260925-072918_perlmutter_cb90a27f,ours_l01_s1_pv2_r2_pv3c_eps05_trace-a2e8ab_b16_k8_isolated,isolated,ours,7,6,l0_ms,11.40736,recorder
20260925-072918_perlmutter_cb90a27f,ours_l01_s1_pv2_r2_pv3c_eps05_trace-a2e8ab_b16_k8_isolated,isolated,ours,7,7,l0_ms,9.83984,recorder
20260925-072918_perlmutter_cb90a27f,ours_l01_s1_pv2_r2_pv3c_eps05_trace-a2e8ab_b16_k8_isolated,isolated,ours,7,8,l0_ms,10.275552,recorder
20260925-072918_perlmutter_cb90a27f,ours_l01_s1_pv2_r2_pv3c_eps05_trace-a2e8ab_b16_k8_isolated,isolated,ours,7,9,l0_ms,10.505408,recorder
20260925-072918_perlmutter_cb90a27f,ours_l01_s1_pv2_r2_pv3c_eps05_trace-a2e8ab_b16_k8_isolated,isolated,ours,7,0,act_ms,0.104608,recorder
20260925-072918_perlmutter_cb90a27f,ours_l01_s1_pv2_r2_pv3c_eps05_trace-a2e8ab_b16_k8_isolated,isolated,ours,7,1,act_ms,0.106464,recorder
20260925-072918_perlmutter_cb90a27f,ours_l01_s1_pv2_r2_pv3c_eps05_trace-a2e8ab_b16_k8_isolated,isolated,ours,7,2,act_ms,0.106432,recorder
20260925-072918_perlmutter_cb90a27f,ours_l01_s1_pv2_r2_pv3c_eps05_trace-a2e8ab_b16_k8_isolated,isolated,ours,7,3,act_ms,0.10688,recorder
20260925-072918_perlmutter_cb90a27f,ours_l01_s1_pv2_r2_pv3c_eps05_trace-a2e8ab_b16_k8_isolated,isolated,ours,7,4,act_ms,0.109632,recorder
20260925-072918_perlmutter_cb90a27f,ours_l01_s1_pv2_r2_pv3c_eps05_trace-a2e8ab_b16_k8_isolated,isolated,ours,7,5,act_ms,0.109728,recorder
20260925-072918_perlmutter_cb90a27f,ours_l01_s1_pv2_r2_pv3c_eps05_trace-a2e8ab_b16_k8_isolated,isolated,ours,7,6,act_ms,0.103008,recorder
20260925-072918_perlmutter_cb90a27f,ours_l01_s1_pv2_r2_pv3c_eps05_trace-a2e8ab_b16_k8_isolated,isolated,ours,7,7,act_ms,0.103296,recorder
20260925-072918_perlmutter_cb90a27f,ours_l01_s1_pv2_r2_pv3c_eps05_trace-a2e8ab_b16_k8_isolated,isolated,ours,7,8,act_ms,0.105216,recorder
20260925-072918_perlmutter_cb90a27f,ours_l01_s1_pv2_r2_pv3c_eps05_trace-a2e8ab_b16_k8_isolated,isolated,ours,7,9,act_ms,0.10656,recorder
20260925-072918_perlmutter_cb90a27f,ours_l01_s1_pv2_r2_pv3c_eps05_trace-a2e8ab_b16_k8_isolated,isolated,ours,7,0,l1_ms,487.962067,recorder
20260925-072918_perlmutter_cb90a27f,ours_l01_s1_pv2_r2_pv3c_eps05_trace-a2e8ab_b16_k8_isolated,isolated,ours,7,1,l1_ms,337.000916,recorder
20260925-072918_perlmutter_cb90a27f,ours_l01_s1_pv2_r2_pv3c_eps05_trace-a2e8ab_b16_k8_isolated,isolated,ours,7,2,l1_ms,9.696832,recorder
20260925-072918_perlmutter_cb90a27f,ours_l01_s1_pv2_r2_pv3c_eps05_trace-a2e8ab_b16_k8_isolated,isolated,ours,7,3,l1_ms,486.610168,recorder
20260925-072918_perlmutter_cb90a27f,ours_l01_s1_pv2_r2_pv3c_eps05_trace-a2e8ab_b16_k8_isolated,isolated,ours,7,4,l1_ms,428.08194,recorder
20260925-072918_perlmutter_cb90a27f,ours_l01_s1_pv2_r2_pv3c_eps05_trace-a2e8ab_b16_k8_isolated,isolated,ours,7,5,l1_ms,11.199904,recorder
20260925-072918_perlmutter_cb90a27f,ours_l01_s1_pv2_r2_pv3c_eps05_trace-a2e8ab_b16_k8_isolated,isolated,ours,7,6,l1_ms,10.368704,recorder
20260925-072918_perlmutter_cb90a27f,ours_l01_s1_pv2_r2_pv3c_eps05_trace-a2e8ab_b16_k8_isolated,isolated,ours,7,7,l1_ms,482.982513,recorder
20260925-072918_perlmutter_cb90a27f,ours_l01_s1_pv2_r2_pv3c_eps05_trace-a2e8ab_b16_k8_isolated,isolated,ours,7,8,l1_ms,9.720576,recorder
20260925-072918_perlmutter_cb90a27f,ours_l01_s1_pv2_r2_pv3c_eps05_trace-a2e8ab_b16_k8_isolated,isolated,ours,7,9,l1_ms,339.141266,recorder
20260925-072918_perlmutter_cb90a27f,ours_l01_s1_pv2_r2_pv3c_eps05_trace-a2e8ab_b16_k8_isolated,isolated,ours,7,0,plan_comm_ms,0.562656,recorder
20260925-072918_perlmutter_cb90a27f,ours_l01_s1_pv2_r2_pv3c_eps05_trace-a2e8ab_b16_k8_isolated,isolated,ours,7,1,plan_comm_ms,0.86912,recorder
20260925-072918_perlmutter_cb90a27f,ours_l01_s1_pv2_r2_pv3c_eps05_trace-a2e8ab_b16_k8_isolated,isolated,ours,7,2,plan_comm_ms,0.875936,recorder
20260925-072918_perlmutter_cb90a27f,ours_l01_s1_pv2_r2_pv3c_eps05_trace-a2e8ab_b16_k8_isolated,isolated,ours,7,3,plan_comm_ms,0.565696,recorder
20260925-072918_perlmutter_cb90a27f,ours_l01_s1_pv2_r2_pv3c_eps05_trace-a2e8ab_b16_k8_isolated,isolated,ours,7,4,plan_comm_ms,0.661664,recorder
20260925-072918_perlmutter_cb90a27f,ours_l01_s1_pv2_r2_pv3c_eps05_trace-a2e8ab_b16_k8_isolated,isolated,ours,7,5,plan_comm_ms,0.848512,recorder
20260925-072918_perlmutter_cb90a27f,ours_l01_s1_pv2_r2_pv3c_eps05_trace-a2e8ab_b16_k8_isolated,isolated,ours,7,6,plan_comm_ms,0.596768,recorder
20260925-072918_perlmutter_cb90a27f,ours_l01_s1_pv2_r2_pv3c_eps05_trace-a2e8ab_b16_k8_isolated,isolated,ours,7,7,plan_comm_ms,0.653152,recorder
20260925-072918_perlmutter_cb90a27f,ours_l01_s1_pv2_r2_pv3c_eps05_trace-a2e8ab_b16_k8_isolated,isolated,ours,7,8,plan_comm_ms,0.919104,recorder
20260925-072918_perlmutter_cb90a27f,ours_l01_s1_pv2_r2_pv3c_eps05_trace-a2e8ab_b16_k8_isolated,isolated,ours,7,9,plan_comm_ms,0.676704,recorder
20260925-072918_perlmutter_cb90a27f,ours_l01_s1_pv2_r2_pv3c_eps05_trace-a2e8ab_b16_k8_isolated,isolated,ours,7,0,place_ms,0.002304,recorder
20260925-072918_perlmutter_cb90a27f,ours_l01_s1_pv2_r2_pv3c_eps05_trace-a2e8ab_b16_k8_isolated,isolated,ours,7,1,place_ms,0.002592,recorder
20260925-072918_perlmutter_cb90a27f,ours_l01_s1_pv2_r2_pv3c_eps05_trace-a2e8ab_b16_k8_isolated,isolated,ours,7,2,place_ms,0.002336,recorder
20260925-072918_perlmutter_cb90a27f,ours_l01_s1_pv2_r2_pv3c_eps05_trace-a2e8ab_b16_k8_isolated,isolated,ours,7,3,place_ms,0.002304,recorder
20260925-072918_perlmutter_cb90a27f,ours_l01_s1_pv2_r2_pv3c_eps05_trace-a2e8ab_b16_k8_isolated,isolated,ours,7,4,place_ms,0.002304,recorder
20260925-072918_perlmutter_cb90a27f,ours_l01_s1_pv2_r2_pv3c_eps05_trace-a2e8ab_b16_k8_isolated,isolated,ours,7,5,place_ms,0.002304,recorder
20260925-072918_perlmutter_cb90a27f,ours_l01_s1_pv2_r2_pv3c_eps05_trace-a2e8ab_b16_k8_isolated,isolated,ours,7,6,place_ms,0.002304,recorder
20260925-072918_perlmutter_cb90a27f,ours_l01_s1_pv2_r2_pv3c_eps05_trace-a2e8ab_b16_k8_isolated,isolated,ours,7,7,place_ms,0.002304,recorder
20260925-072918_perlmutter_cb90a27f,ours_l01_s1_pv2_r2_pv3c_eps05_trace-a2e8ab_b16_k8_isolated,isolated,ours,7,8,place_ms,0.002304,recorder
20260925-072918_perlmutter_cb90a27f,ours_l01_s1_pv2_r2_pv3c_eps05_trace-a2e8ab_b16_k8_isolated,isolated,ours,7,9,place_ms,0.002304,recorder
20260925-072918_perlmutter_cb90a27f,ours_l01_s1_pv2_r2_pv3c_eps05_trace-a2e8ab_b16_k8_isolated,isolated,ours,7,0,plan_ms,1.888128,recorder
20260925-072918_perlmutter_cb90a27f,ours_l01_s1_pv2_r2_pv3c_eps05_trace-a2e8ab_b16_k8_isolated,isolated,ours,7,1,plan_ms,1.899392,recorder
20260925-072918_perlmutter_cb90a27f,ours_l01_s1_pv2_r2_pv3c_eps05_trace-a2e8ab_b16_k8_isolated,isolated,ours,7,2,plan_ms,1.891968,recorder
20260925-072918_perlmutter_cb90a27f,ours_l01_s1_pv2_r2_pv3c_eps05_trace-a2e8ab_b16_k8_isolated,isolated,ours,7,3,plan_ms,1.909952,recorder
20260925-072918_perlmutter_cb90a27f,ours_l01_s1_pv2_r2_pv3c_eps05_trace-a2e8ab_b16_k8_isolated,isolated,ours,7,4,plan_ms,1.88784,recorder
20260925-072918_perlmutter_cb90a27f,ours_l01_s1_pv2_r2_pv3c_eps05_trace-a2e8ab_b16_k8_isolated,isolated,ours,7,5,plan_ms,1.89712,recorder
20260925-072918_perlmutter_cb90a27f,ours_l01_s1_pv2_r2_pv3c_eps05_trace-a2e8ab_b16_k8_isolated,isolated,ours,7,6,plan_ms,1.896928,recorder
20260925-072918_perlmutter_cb90a27f,ours_l01_s1_pv2_r2_pv3c_eps05_trace-a2e8ab_b16_k8_isolated,isolated,ours,7,7,plan_ms,1.890816,recorder
20260925-072918_perlmutter_cb90a27f,ours_l01_s1_pv2_r2_pv3c_eps05_trace-a2e8ab_b16_k8_isolated,isolated,ours,7,8,plan_ms,1.885408,recorder
20260925-072918_perlmutter_cb90a27f,ours_l01_s1_pv2_r2_pv3c_eps05_trace-a2e8ab_b16_k8_isolated,isolated,ours,7,9,plan_ms,1.80672,recorder
20260925-072918_perlmutter_cb90a27f,ours_l01_s1_pv2_r2_pv3c_eps05_trace-a2e8ab_b16_k8_isolated,isolated,ours,7,0,total_ms,501.136749,recorder
20260925-072918_perlmutter_cb90a27f,ours_l01_s1_pv2_r2_pv3c_eps05_trace-a2e8ab_b16_k8_isolated,isolated,ours,7,1,total_ms,350.611145,recorder
20260925-072918_perlmutter_cb90a27f,ours_l01_s1_pv2_r2_pv3c_eps05_trace-a2e8ab_b16_k8_isolated,isolated,ours,7,2,total_ms,23.063135,recorder
20260925-072918_perlmutter_cb90a27f,ours_l01_s1_pv2_r2_pv3c_eps05_trace-a2e8ab_b16_k8_isolated,isolated,ours,7,3,total_ms,501.144379,recorder
20260925-072918_perlmutter_cb90a27f,ours_l01_s1_pv2_r2_pv3c_eps05_trace-a2e8ab_b16_k8_isolated,isolated,ours,7,4,total_ms,442.695221,recorder
20260925-072918_perlmutter_cb90a27f,ours_l01_s1_pv2_r2_pv3c_eps05_trace-a2e8ab_b16_k8_isolated,isolated,ours,7,5,total_ms,25.216736,recorder
20260925-072918_perlmutter_cb90a27f,ours_l01_s1_pv2_r2_pv3c_eps05_trace-a2e8ab_b16_k8_isolated,isolated,ours,7,6,total_ms,24.384159,recorder
20260925-072918_perlmutter_cb90a27f,ours_l01_s1_pv2_r2_pv3c_eps05_trace-a2e8ab_b16_k8_isolated,isolated,ours,7,7,total_ms,495.481293,recorder
20260925-072918_perlmutter_cb90a27f,ours_l01_s1_pv2_r2_pv3c_eps05_trace-a2e8ab_b16_k8_isolated,isolated,ours,7,8,total_ms,22.918016,recorder
20260925-072918_perlmutter_cb90a27f,ours_l01_s1_pv2_r2_pv3c_eps05_trace-a2e8ab_b16_k8_isolated,isolated,ours,7,9,total_ms,352.248383,recorder
20260925-072918_perlmutter_cb90a27f,ours_l01_s1_pv2_r2_pv3c_eps05_trace-a2e8ab_b16_k8_isolated,isolated,ours,7,0,iso_sync_ms,19.46593,recorder
20260925-072918_perlmutter_cb90a27f,ours_l01_s1_pv2_r2_pv3c_eps05_trace-a2e8ab_b16_k8_isolated,isolated,ours,7,1,iso_sync_ms,498.46259,recorder
20260925-072918_perlmutter_cb90a27f,ours_l01_s1_pv2_r2_pv3c_eps05_trace-a2e8ab_b16_k8_isolated,isolated,ours,7,2,iso_sync_ms,346.84237,recorder
20260925-072918_perlmutter_cb90a27f,ours_l01_s1_pv2_r2_pv3c_eps05_trace-a2e8ab_b16_k8_isolated,isolated,ours,7,3,iso_sync_ms,18.821646,recorder
20260925-072918_perlmutter_cb90a27f,ours_l01_s1_pv2_r2_pv3c_eps05_trace-a2e8ab_b16_k8_isolated,isolated,ours,7,4,iso_sync_ms,497.725957,recorder
20260925-072918_perlmutter_cb90a27f,ours_l01_s1_pv2_r2_pv3c_eps05_trace-a2e8ab_b16_k8_isolated,isolated,ours,7,5,iso_sync_ms,438.913334,recorder
20260925-072918_perlmutter_cb90a27f,ours_l01_s1_pv2_r2_pv3c_eps05_trace-a2e8ab_b16_k8_isolated,isolated,ours,7,6,iso_sync_ms,21.198397,recorder
20260925-072918_perlmutter_cb90a27f,ours_l01_s1_pv2_r2_pv3c_eps05_trace-a2e8ab_b16_k8_isolated,isolated,ours,7,7,iso_sync_ms,20.372351,recorder
20260925-072918_perlmutter_cb90a27f,ours_l01_s1_pv2_r2_pv3c_eps05_trace-a2e8ab_b16_k8_isolated,isolated,ours,7,8,iso_sync_ms,491.951022,recorder
20260925-072918_perlmutter_cb90a27f,ours_l01_s1_pv2_r2_pv3c_eps05_trace-a2e8ab_b16_k8_isolated,isolated,ours,7,9,iso_sync_ms,18.712054,recorder
20260925-072918_perlmutter_cb90a27f,ours_l01_s1_pv2_r2_pv3c_eps05_trace-a2e8ab_b16_k8_isolated,isolated,ours,8,0,e2e_ms,498.823883,recorder
20260925-072918_perlmutter_cb90a27f,ours_l01_s1_pv2_r2_pv3c_eps05_trace-a2e8ab_b16_k8_isolated,isolated,ours,8,1,e2e_ms,347.920593,recorder
20260925-072918_perlmutter_cb90a27f,ours_l01_s1_pv2_r2_pv3c_eps05_trace-a2e8ab_b16_k8_isolated,isolated,ours,8,2,e2e_ms,20.332993,recorder
20260925-072918_perlmutter_cb90a27f,ours_l01_s1_pv2_r2_pv3c_eps05_trace-a2e8ab_b16_k8_isolated,isolated,ours,8,3,e2e_ms,498.674347,recorder
20260925-072918_perlmutter_cb90a27f,ours_l01_s1_pv2_r2_pv3c_eps05_trace-a2e8ab_b16_k8_isolated,isolated,ours,8,4,e2e_ms,440.174957,recorder
20260925-072918_perlmutter_cb90a27f,ours_l01_s1_pv2_r2_pv3c_eps05_trace-a2e8ab_b16_k8_isolated,isolated,ours,8,5,e2e_ms,22.535648,recorder
20260925-072918_perlmutter_cb90a27f,ours_l01_s1_pv2_r2_pv3c_eps05_trace-a2e8ab_b16_k8_isolated,isolated,ours,8,6,e2e_ms,21.924032,recorder
20260925-072918_perlmutter_cb90a27f,ours_l01_s1_pv2_r2_pv3c_eps05_trace-a2e8ab_b16_k8_isolated,isolated,ours,8,7,e2e_ms,492.927673,recorder
20260925-072918_perlmutter_cb90a27f,ours_l01_s1_pv2_r2_pv3c_eps05_trace-a2e8ab_b16_k8_isolated,isolated,ours,8,8,e2e_ms,20.101343,recorder
20260925-072918_perlmutter_cb90a27f,ours_l01_s1_pv2_r2_pv3c_eps05_trace-a2e8ab_b16_k8_isolated,isolated,ours,8,9,e2e_ms,349.827942,recorder
20260925-072918_perlmutter_cb90a27f,ours_l01_s1_pv2_r2_pv3c_eps05_trace-a2e8ab_b16_k8_isolated,isolated,ours,8,0,l0_ms,10.646912,recorder
20260925-072918_perlmutter_cb90a27f,ours_l01_s1_pv2_r2_pv3c_eps05_trace-a2e8ab_b16_k8_isolated,isolated,ours,8,1,l0_ms,10.767712,recorder
20260925-072918_perlmutter_cb90a27f,ours_l01_s1_pv2_r2_pv3c_eps05_trace-a2e8ab_b16_k8_isolated,isolated,ours,8,2,l0_ms,10.538176,recorder
20260925-072918_perlmutter_cb90a27f,ours_l01_s1_pv2_r2_pv3c_eps05_trace-a2e8ab_b16_k8_isolated,isolated,ours,8,3,l0_ms,11.993728,recorder
20260925-072918_perlmutter_cb90a27f,ours_l01_s1_pv2_r2_pv3c_eps05_trace-a2e8ab_b16_k8_isolated,isolated,ours,8,4,l0_ms,12.000416,recorder
20260925-072918_perlmutter_cb90a27f,ours_l01_s1_pv2_r2_pv3c_eps05_trace-a2e8ab_b16_k8_isolated,isolated,ours,8,5,l0_ms,11.19216,recorder
20260925-072918_perlmutter_cb90a27f,ours_l01_s1_pv2_r2_pv3c_eps05_trace-a2e8ab_b16_k8_isolated,isolated,ours,8,6,l0_ms,11.458144,recorder
20260925-072918_perlmutter_cb90a27f,ours_l01_s1_pv2_r2_pv3c_eps05_trace-a2e8ab_b16_k8_isolated,isolated,ours,8,7,l0_ms,9.885504,recorder
20260925-072918_perlmutter_cb90a27f,ours_l01_s1_pv2_r2_pv3c_eps05_trace-a2e8ab_b16_k8_isolated,isolated,ours,8,8,l0_ms,10.329696,recorder
20260925-072918_perlmutter_cb90a27f,ours_l01_s1_pv2_r2_pv3c_eps05_trace-a2e8ab_b16_k8_isolated,isolated,ours,8,9,l0_ms,10.540512,recorder
20260925-072918_perlmutter_cb90a27f,ours_l01_s1_pv2_r2_pv3c_eps05_trace-a2e8ab_b16_k8_isolated,isolated,ours,8,0,act_ms,0.109376,recorder
20260925-072918_perlmutter_cb90a27f,ours_l01_s1_pv2_r2_pv3c_eps05_trace-a2e8ab_b16_k8_isolated,isolated,ours,8,1,act_ms,0.109312,recorder
20260925-072918_perlmutter_cb90a27f,ours_l01_s1_pv2_r2_pv3c_eps05_trace-a2e8ab_b16_k8_isolated,isolated,ours,8,2,act_ms,0.108192,recorder
20260925-072918_perlmutter_cb90a27f,ours_l01_s1_pv2_r2_pv3c_eps05_trace-a2e8ab_b16_k8_isolated,isolated,ours,8,3,act_ms,0.107808,recorder
20260925-072918_perlmutter_cb90a27f,ours_l01_s1_pv2_r2_pv3c_eps05_trace-a2e8ab_b16_k8_isolated,isolated,ours,8,4,act_ms,0.108128,recorder
20260925-072918_perlmutter_cb90a27f,ours_l01_s1_pv2_r2_pv3c_eps05_trace-a2e8ab_b16_k8_isolated,isolated,ours,8,5,act_ms,0.108224,recorder
20260925-072918_perlmutter_cb90a27f,ours_l01_s1_pv2_r2_pv3c_eps05_trace-a2e8ab_b16_k8_isolated,isolated,ours,8,6,act_ms,0.108032,recorder
20260925-072918_perlmutter_cb90a27f,ours_l01_s1_pv2_r2_pv3c_eps05_trace-a2e8ab_b16_k8_isolated,isolated,ours,8,7,act_ms,0.107232,recorder
20260925-072918_perlmutter_cb90a27f,ours_l01_s1_pv2_r2_pv3c_eps05_trace-a2e8ab_b16_k8_isolated,isolated,ours,8,8,act_ms,0.110016,recorder
20260925-072918_perlmutter_cb90a27f,ours_l01_s1_pv2_r2_pv3c_eps05_trace-a2e8ab_b16_k8_isolated,isolated,ours,8,9,act_ms,0.107488,recorder
20260925-072918_perlmutter_cb90a27f,ours_l01_s1_pv2_r2_pv3c_eps05_trace-a2e8ab_b16_k8_isolated,isolated,ours,8,0,l1_ms,488.067596,recorder
20260925-072918_perlmutter_cb90a27f,ours_l01_s1_pv2_r2_pv3c_eps05_trace-a2e8ab_b16_k8_isolated,isolated,ours,8,1,l1_ms,337.043579,recorder
20260925-072918_perlmutter_cb90a27f,ours_l01_s1_pv2_r2_pv3c_eps05_trace-a2e8ab_b16_k8_isolated,isolated,ours,8,2,l1_ms,9.686624,recorder
20260925-072918_perlmutter_cb90a27f,ours_l01_s1_pv2_r2_pv3c_eps05_trace-a2e8ab_b16_k8_isolated,isolated,ours,8,3,l1_ms,486.572815,recorder
20260925-072918_perlmutter_cb90a27f,ours_l01_s1_pv2_r2_pv3c_eps05_trace-a2e8ab_b16_k8_isolated,isolated,ours,8,4,l1_ms,428.066406,recorder
20260925-072918_perlmutter_cb90a27f,ours_l01_s1_pv2_r2_pv3c_eps05_trace-a2e8ab_b16_k8_isolated,isolated,ours,8,5,l1_ms,11.235264,recorder
20260925-072918_perlmutter_cb90a27f,ours_l01_s1_pv2_r2_pv3c_eps05_trace-a2e8ab_b16_k8_isolated,isolated,ours,8,6,l1_ms,10.357856,recorder
20260925-072918_perlmutter_cb90a27f,ours_l01_s1_pv2_r2_pv3c_eps05_trace-a2e8ab_b16_k8_isolated,isolated,ours,8,7,l1_ms,482.934937,recorder
20260925-072918_perlmutter_cb90a27f,ours_l01_s1_pv2_r2_pv3c_eps05_trace-a2e8ab_b16_k8_isolated,isolated,ours,8,8,l1_ms,9.661632,recorder
20260925-072918_perlmutter_cb90a27f,ours_l01_s1_pv2_r2_pv3c_eps05_trace-a2e8ab_b16_k8_isolated,isolated,ours,8,9,l1_ms,339.179932,recorder
20260925-072918_perlmutter_cb90a27f,ours_l01_s1_pv2_r2_pv3c_eps05_trace-a2e8ab_b16_k8_isolated,isolated,ours,8,0,plan_comm_ms,0.563552,recorder
20260925-072918_perlmutter_cb90a27f,ours_l01_s1_pv2_r2_pv3c_eps05_trace-a2e8ab_b16_k8_isolated,isolated,ours,8,1,plan_comm_ms,0.87376,recorder
20260925-072918_perlmutter_cb90a27f,ours_l01_s1_pv2_r2_pv3c_eps05_trace-a2e8ab_b16_k8_isolated,isolated,ours,8,2,plan_comm_ms,0.875104,recorder
20260925-072918_perlmutter_cb90a27f,ours_l01_s1_pv2_r2_pv3c_eps05_trace-a2e8ab_b16_k8_isolated,isolated,ours,8,3,plan_comm_ms,0.575296,recorder
20260925-072918_perlmutter_cb90a27f,ours_l01_s1_pv2_r2_pv3c_eps05_trace-a2e8ab_b16_k8_isolated,isolated,ours,8,4,plan_comm_ms,0.66352,recorder
20260925-072918_perlmutter_cb90a27f,ours_l01_s1_pv2_r2_pv3c_eps05_trace-a2e8ab_b16_k8_isolated,isolated,ours,8,5,plan_comm_ms,0.848832,recorder
20260925-072918_perlmutter_cb90a27f,ours_l01_s1_pv2_r2_pv3c_eps05_trace-a2e8ab_b16_k8_isolated,isolated,ours,8,6,plan_comm_ms,0.595776,recorder
20260925-072918_perlmutter_cb90a27f,ours_l01_s1_pv2_r2_pv3c_eps05_trace-a2e8ab_b16_k8_isolated,isolated,ours,8,7,plan_comm_ms,0.654048,recorder
20260925-072918_perlmutter_cb90a27f,ours_l01_s1_pv2_r2_pv3c_eps05_trace-a2e8ab_b16_k8_isolated,isolated,ours,8,8,plan_comm_ms,0.930176,recorder
20260925-072918_perlmutter_cb90a27f,ours_l01_s1_pv2_r2_pv3c_eps05_trace-a2e8ab_b16_k8_isolated,isolated,ours,8,9,plan_comm_ms,0.688448,recorder
20260925-072918_perlmutter_cb90a27f,ours_l01_s1_pv2_r2_pv3c_eps05_trace-a2e8ab_b16_k8_isolated,isolated,ours,8,0,place_ms,0.002336,recorder
20260925-072918_perlmutter_cb90a27f,ours_l01_s1_pv2_r2_pv3c_eps05_trace-a2e8ab_b16_k8_isolated,isolated,ours,8,1,place_ms,0.002368,recorder
20260925-072918_perlmutter_cb90a27f,ours_l01_s1_pv2_r2_pv3c_eps05_trace-a2e8ab_b16_k8_isolated,isolated,ours,8,2,place_ms,0.002368,recorder
20260925-072918_perlmutter_cb90a27f,ours_l01_s1_pv2_r2_pv3c_eps05_trace-a2e8ab_b16_k8_isolated,isolated,ours,8,3,place_ms,0.002336,recorder
20260925-072918_perlmutter_cb90a27f,ours_l01_s1_pv2_r2_pv3c_eps05_trace-a2e8ab_b16_k8_isolated,isolated,ours,8,4,place_ms,0.002336,recorder
20260925-072918_perlmutter_cb90a27f,ours_l01_s1_pv2_r2_pv3c_eps05_trace-a2e8ab_b16_k8_isolated,isolated,ours,8,5,place_ms,0.002336,recorder
20260925-072918_perlmutter_cb90a27f,ours_l01_s1_pv2_r2_pv3c_eps05_trace-a2e8ab_b16_k8_isolated,isolated,ours,8,6,place_ms,0.002336,recorder
20260925-072918_perlmutter_cb90a27f,ours_l01_s1_pv2_r2_pv3c_eps05_trace-a2e8ab_b16_k8_isolated,isolated,ours,8,7,place_ms,0.002336,recorder
20260925-072918_perlmutter_cb90a27f,ours_l01_s1_pv2_r2_pv3c_eps05_trace-a2e8ab_b16_k8_isolated,isolated,ours,8,8,place_ms,0.0024,recorder
20260925-072918_perlmutter_cb90a27f,ours_l01_s1_pv2_r2_pv3c_eps05_trace-a2e8ab_b16_k8_isolated,isolated,ours,8,9,place_ms,0.002336,recorder
20260925-072918_perlmutter_cb90a27f,ours_l01_s1_pv2_r2_pv3c_eps05_trace-a2e8ab_b16_k8_isolated,isolated,ours,8,0,plan_ms,1.855648,recorder
20260925-072918_perlmutter_cb90a27f,ours_l01_s1_pv2_r2_pv3c_eps05_trace-a2e8ab_b16_k8_isolated,isolated,ours,8,1,plan_ms,1.852256,recorder
20260925-072918_perlmutter_cb90a27f,ours_l01_s1_pv2_r2_pv3c_eps05_trace-a2e8ab_b16_k8_isolated,isolated,ours,8,2,plan_ms,1.848128,recorder
20260925-072918_perlmutter_cb90a27f,ours_l01_s1_pv2_r2_pv3c_eps05_trace-a2e8ab_b16_k8_isolated,isolated,ours,8,3,plan_ms,1.860064,recorder
20260925-072918_perlmutter_cb90a27f,ours_l01_s1_pv2_r2_pv3c_eps05_trace-a2e8ab_b16_k8_isolated,isolated,ours,8,4,plan_ms,1.856032,recorder
20260925-072918_perlmutter_cb90a27f,ours_l01_s1_pv2_r2_pv3c_eps05_trace-a2e8ab_b16_k8_isolated,isolated,ours,8,5,plan_ms,1.858112,recorder
20260925-072918_perlmutter_cb90a27f,ours_l01_s1_pv2_r2_pv3c_eps05_trace-a2e8ab_b16_k8_isolated,isolated,ours,8,6,plan_ms,1.85456,recorder
20260925-072918_perlmutter_cb90a27f,ours_l01_s1_pv2_r2_pv3c_eps05_trace-a2e8ab_b16_k8_isolated,isolated,ours,8,7,plan_ms,1.845056,recorder
20260925-072918_perlmutter_cb90a27f,ours_l01_s1_pv2_r2_pv3c_eps05_trace-a2e8ab_b16_k8_isolated,isolated,ours,8,8,plan_ms,1.83744,recorder
20260925-072918_perlmutter_cb90a27f,ours_l01_s1_pv2_r2_pv3c_eps05_trace-a2e8ab_b16_k8_isolated,isolated,ours,8,9,plan_ms,1.780096,recorder
20260925-072918_perlmutter_cb90a27f,ours_l01_s1_pv2_r2_pv3c_eps05_trace-a2e8ab_b16_k8_isolated,isolated,ours,8,0,total_ms,501.255188,recorder
20260925-072918_perlmutter_cb90a27f,ours_l01_s1_pv2_r2_pv3c_eps05_trace-a2e8ab_b16_k8_isolated,isolated,ours,8,1,total_ms,350.657959,recorder
20260925-072918_perlmutter_cb90a27f,ours_l01_s1_pv2_r2_pv3c_eps05_trace-a2e8ab_b16_k8_isolated,isolated,ours,8,2,total_ms,23.068192,recorder
20260925-072918_perlmutter_cb90a27f,ours_l01_s1_pv2_r2_pv3c_eps05_trace-a2e8ab_b16_k8_isolated,isolated,ours,8,3,total_ms,501.120636,recorder
20260925-072918_perlmutter_cb90a27f,ours_l01_s1_pv2_r2_pv3c_eps05_trace-a2e8ab_b16_k8_isolated,isolated,ours,8,4,total_ms,442.705811,recorder
20260925-072918_perlmutter_cb90a27f,ours_l01_s1_pv2_r2_pv3c_eps05_trace-a2e8ab_b16_k8_isolated,isolated,ours,8,5,total_ms,25.25408,recorder
20260925-072918_perlmutter_cb90a27f,ours_l01_s1_pv2_r2_pv3c_eps05_trace-a2e8ab_b16_k8_isolated,isolated,ours,8,6,total_ms,24.385504,recorder
20260925-072918_perlmutter_cb90a27f,ours_l01_s1_pv2_r2_pv3c_eps05_trace-a2e8ab_b16_k8_isolated,isolated,ours,8,7,total_ms,495.438477,recorder
20260925-072918_perlmutter_cb90a27f,ours_l01_s1_pv2_r2_pv3c_eps05_trace-a2e8ab_b16_k8_isolated,isolated,ours,8,8,total_ms,22.879999,recorder
20260925-072918_perlmutter_cb90a27f,ours_l01_s1_pv2_r2_pv3c_eps05_trace-a2e8ab_b16_k8_isolated,isolated,ours,8,9,total_ms,352.308563,recorder
20260925-072918_perlmutter_cb90a27f,ours_l01_s1_pv2_r2_pv3c_eps05_trace-a2e8ab_b16_k8_isolated,isolated,ours,8,0,iso_sync_ms,19.429009,recorder
20260925-072918_perlmutter_cb90a27f,ours_l01_s1_pv2_r2_pv3c_eps05_trace-a2e8ab_b16_k8_isolated,isolated,ours,8,1,iso_sync_ms,498.561637,recorder
20260925-072918_perlmutter_cb90a27f,ours_l01_s1_pv2_r2_pv3c_eps05_trace-a2e8ab_b16_k8_isolated,isolated,ours,8,2,iso_sync_ms,346.833524,recorder
20260925-072918_perlmutter_cb90a27f,ours_l01_s1_pv2_r2_pv3c_eps05_trace-a2e8ab_b16_k8_isolated,isolated,ours,8,3,iso_sync_ms,18.824536,recorder
20260925-072918_perlmutter_cb90a27f,ours_l01_s1_pv2_r2_pv3c_eps05_trace-a2e8ab_b16_k8_isolated,isolated,ours,8,4,iso_sync_ms,497.7082,recorder
20260925-072918_perlmutter_cb90a27f,ours_l01_s1_pv2_r2_pv3c_eps05_trace-a2e8ab_b16_k8_isolated,isolated,ours,8,5,iso_sync_ms,438.990638,recorder
20260925-072918_perlmutter_cb90a27f,ours_l01_s1_pv2_r2_pv3c_eps05_trace-a2e8ab_b16_k8_isolated,isolated,ours,8,6,iso_sync_ms,21.162574,recorder
20260925-072918_perlmutter_cb90a27f,ours_l01_s1_pv2_r2_pv3c_eps05_trace-a2e8ab_b16_k8_isolated,isolated,ours,8,7,iso_sync_ms,20.548512,recorder
20260925-072918_perlmutter_cb90a27f,ours_l01_s1_pv2_r2_pv3c_eps05_trace-a2e8ab_b16_k8_isolated,isolated,ours,8,8,iso_sync_ms,492.0146,recorder
20260925-072918_perlmutter_cb90a27f,ours_l01_s1_pv2_r2_pv3c_eps05_trace-a2e8ab_b16_k8_isolated,isolated,ours,8,9,iso_sync_ms,18.778527,recorder
20260925-072918_perlmutter_cb90a27f,ours_l01_s1_pv2_r2_pv3c_eps05_trace-a2e8ab_b16_k8_isolated,isolated,ours,9,0,e2e_ms,498.61554,recorder
20260925-072918_perlmutter_cb90a27f,ours_l01_s1_pv2_r2_pv3c_eps05_trace-a2e8ab_b16_k8_isolated,isolated,ours,9,1,e2e_ms,347.843994,recorder
20260925-072918_perlmutter_cb90a27f,ours_l01_s1_pv2_r2_pv3c_eps05_trace-a2e8ab_b16_k8_isolated,isolated,ours,9,2,e2e_ms,20.293056,recorder
20260925-072918_perlmutter_cb90a27f,ours_l01_s1_pv2_r2_pv3c_eps05_trace-a2e8ab_b16_k8_isolated,isolated,ours,9,3,e2e_ms,498.584167,recorder
20260925-072918_perlmutter_cb90a27f,ours_l01_s1_pv2_r2_pv3c_eps05_trace-a2e8ab_b16_k8_isolated,isolated,ours,9,4,e2e_ms,440.092896,recorder
20260925-072918_perlmutter_cb90a27f,ours_l01_s1_pv2_r2_pv3c_eps05_trace-a2e8ab_b16_k8_isolated,isolated,ours,9,5,e2e_ms,22.510529,recorder
20260925-072918_perlmutter_cb90a27f,ours_l01_s1_pv2_r2_pv3c_eps05_trace-a2e8ab_b16_k8_isolated,isolated,ours,9,6,e2e_ms,21.802624,recorder
20260925-072918_perlmutter_cb90a27f,ours_l01_s1_pv2_r2_pv3c_eps05_trace-a2e8ab_b16_k8_isolated,isolated,ours,9,7,e2e_ms,492.912445,recorder
20260925-072918_perlmutter_cb90a27f,ours_l01_s1_pv2_r2_pv3c_eps05_trace-a2e8ab_b16_k8_isolated,isolated,ours,9,8,e2e_ms,20.011744,recorder
20260925-072918_perlmutter_cb90a27f,ours_l01_s1_pv2_r2_pv3c_eps05_trace-a2e8ab_b16_k8_isolated,isolated,ours,9,9,e2e_ms,349.728455,recorder
20260925-072918_perlmutter_cb90a27f,ours_l01_s1_pv2_r2_pv3c_eps05_trace-a2e8ab_b16_k8_isolated,isolated,ours,9,0,l0_ms,10.555168,recorder
20260925-072918_perlmutter_cb90a27f,ours_l01_s1_pv2_r2_pv3c_eps05_trace-a2e8ab_b16_k8_isolated,isolated,ours,9,1,l0_ms,10.728288,recorder
20260925-072918_perlmutter_cb90a27f,ours_l01_s1_pv2_r2_pv3c_eps05_trace-a2e8ab_b16_k8_isolated,isolated,ours,9,2,l0_ms,10.487488,recorder
20260925-072918_perlmutter_cb90a27f,ours_l01_s1_pv2_r2_pv3c_eps05_trace-a2e8ab_b16_k8_isolated,isolated,ours,9,3,l0_ms,11.946656,recorder
20260925-072918_perlmutter_cb90a27f,ours_l01_s1_pv2_r2_pv3c_eps05_trace-a2e8ab_b16_k8_isolated,isolated,ours,9,4,l0_ms,11.91712,recorder
20260925-072918_perlmutter_cb90a27f,ours_l01_s1_pv2_r2_pv3c_eps05_trace-a2e8ab_b16_k8_isolated,isolated,ours,9,5,l0_ms,11.143584,recorder
20260925-072918_perlmutter_cb90a27f,ours_l01_s1_pv2_r2_pv3c_eps05_trace-a2e8ab_b16_k8_isolated,isolated,ours,9,6,l0_ms,11.328288,recorder
20260925-072918_perlmutter_cb90a27f,ours_l01_s1_pv2_r2_pv3c_eps05_trace-a2e8ab_b16_k8_isolated,isolated,ours,9,7,l0_ms,9.820416,recorder
20260925-072918_perlmutter_cb90a27f,ours_l01_s1_pv2_r2_pv3c_eps05_trace-a2e8ab_b16_k8_isolated,isolated,ours,9,8,l0_ms,10.248224,recorder
20260925-072918_perlmutter_cb90a27f,ours_l01_s1_pv2_r2_pv3c_eps05_trace-a2e8ab_b16_k8_isolated,isolated,ours,9,9,l0_ms,10.475776,recorder
20260925-072918_perlmutter_cb90a27f,ours_l01_s1_pv2_r2_pv3c_eps05_trace-a2e8ab_b16_k8_isolated,isolated,ours,9,0,act_ms,0.13216,recorder
20260925-072918_perlmutter_cb90a27f,ours_l01_s1_pv2_r2_pv3c_eps05_trace-a2e8ab_b16_k8_isolated,isolated,ours,9,1,act_ms,0.129216,recorder
20260925-072918_perlmutter_cb90a27f,ours_l01_s1_pv2_r2_pv3c_eps05_trace-a2e8ab_b16_k8_isolated,isolated,ours,9,2,act_ms,0.133824,recorder
20260925-072918_perlmutter_cb90a27f,ours_l01_s1_pv2_r2_pv3c_eps05_trace-a2e8ab_b16_k8_isolated,isolated,ours,9,3,act_ms,0.131168,recorder
20260925-072918_perlmutter_cb90a27f,ours_l01_s1_pv2_r2_pv3c_eps05_trace-a2e8ab_b16_k8_isolated,isolated,ours,9,4,act_ms,0.136832,recorder
20260925-072918_perlmutter_cb90a27f,ours_l01_s1_pv2_r2_pv3c_eps05_trace-a2e8ab_b16_k8_isolated,isolated,ours,9,5,act_ms,0.130368,recorder
20260925-072918_perlmutter_cb90a27f,ours_l01_s1_pv2_r2_pv3c_eps05_trace-a2e8ab_b16_k8_isolated,isolated,ours,9,6,act_ms,0.135808,recorder
20260925-072918_perlmutter_cb90a27f,ours_l01_s1_pv2_r2_pv3c_eps05_trace-a2e8ab_b16_k8_isolated,isolated,ours,9,7,act_ms,0.130816,recorder
20260925-072918_perlmutter_cb90a27f,ours_l01_s1_pv2_r2_pv3c_eps05_trace-a2e8ab_b16_k8_isolated,isolated,ours,9,8,act_ms,0.134048,recorder
20260925-072918_perlmutter_cb90a27f,ours_l01_s1_pv2_r2_pv3c_eps05_trace-a2e8ab_b16_k8_isolated,isolated,ours,9,9,act_ms,0.138752,recorder
20260925-072918_perlmutter_cb90a27f,ours_l01_s1_pv2_r2_pv3c_eps05_trace-a2e8ab_b16_k8_isolated,isolated,ours,9,0,l1_ms,487.928223,recorder
20260925-072918_perlmutter_cb90a27f,ours_l01_s1_pv2_r2_pv3c_eps05_trace-a2e8ab_b16_k8_isolated,isolated,ours,9,1,l1_ms,336.986511,recorder
20260925-072918_perlmutter_cb90a27f,ours_l01_s1_pv2_r2_pv3c_eps05_trace-a2e8ab_b16_k8_isolated,isolated,ours,9,2,l1_ms,9.671744,recorder
20260925-072918_perlmutter_cb90a27f,ours_l01_s1_pv2_r2_pv3c_eps05_trace-a2e8ab_b16_k8_isolated,isolated,ours,9,3,l1_ms,486.506348,recorder
20260925-072918_perlmutter_cb90a27f,ours_l01_s1_pv2_r2_pv3c_eps05_trace-a2e8ab_b16_k8_isolated,isolated,ours,9,4,l1_ms,428.03894,recorder
20260925-072918_perlmutter_cb90a27f,ours_l01_s1_pv2_r2_pv3c_eps05_trace-a2e8ab_b16_k8_isolated,isolated,ours,9,5,l1_ms,11.236576,recorder
20260925-072918_perlmutter_cb90a27f,ours_l01_s1_pv2_r2_pv3c_eps05_trace-a2e8ab_b16_k8_isolated,isolated,ours,9,6,l1_ms,10.338528,recorder
20260925-072918_perlmutter_cb90a27f,ours_l01_s1_pv2_r2_pv3c_eps05_trace-a2e8ab_b16_k8_isolated,isolated,ours,9,7,l1_ms,482.961212,recorder
20260925-072918_perlmutter_cb90a27f,ours_l01_s1_pv2_r2_pv3c_eps05_trace-a2e8ab_b16_k8_isolated,isolated,ours,9,8,l1_ms,9.629472,recorder
20260925-072918_perlmutter_cb90a27f,ours_l01_s1_pv2_r2_pv3c_eps05_trace-a2e8ab_b16_k8_isolated,isolated,ours,9,9,l1_ms,339.113922,recorder
20260925-072918_perlmutter_cb90a27f,ours_l01_s1_pv2_r2_pv3c_eps05_trace-a2e8ab_b16_k8_isolated,isolated,ours,9,0,plan_comm_ms,0.563264,recorder
20260925-072918_perlmutter_cb90a27f,ours_l01_s1_pv2_r2_pv3c_eps05_trace-a2e8ab_b16_k8_isolated,isolated,ours,9,1,plan_comm_ms,0.866688,recorder
20260925-072918_perlmutter_cb90a27f,ours_l01_s1_pv2_r2_pv3c_eps05_trace-a2e8ab_b16_k8_isolated,isolated,ours,9,2,plan_comm_ms,0.881952,recorder
20260925-072918_perlmutter_cb90a27f,ours_l01_s1_pv2_r2_pv3c_eps05_trace-a2e8ab_b16_k8_isolated,isolated,ours,9,3,plan_comm_ms,0.575488,recorder
20260925-072918_perlmutter_cb90a27f,ours_l01_s1_pv2_r2_pv3c_eps05_trace-a2e8ab_b16_k8_isolated,isolated,ours,9,4,plan_comm_ms,0.663072,recorder
20260925-072918_perlmutter_cb90a27f,ours_l01_s1_pv2_r2_pv3c_eps05_trace-a2e8ab_b16_k8_isolated,isolated,ours,9,5,plan_comm_ms,0.84256,recorder
20260925-072918_perlmutter_cb90a27f,ours_l01_s1_pv2_r2_pv3c_eps05_trace-a2e8ab_b16_k8_isolated,isolated,ours,9,6,plan_comm_ms,0.599008,recorder
20260925-072918_perlmutter_cb90a27f,ours_l01_s1_pv2_r2_pv3c_eps05_trace-a2e8ab_b16_k8_isolated,isolated,ours,9,7,plan_comm_ms,0.656736,recorder
20260925-072918_perlmutter_cb90a27f,ours_l01_s1_pv2_r2_pv3c_eps05_trace-a2e8ab_b16_k8_isolated,isolated,ours,9,8,plan_comm_ms,0.472544,recorder
20260925-072918_perlmutter_cb90a27f,ours_l01_s1_pv2_r2_pv3c_eps05_trace-a2e8ab_b16_k8_isolated,isolated,ours,9,9,plan_comm_ms,0.68288,recorder
20260925-072918_perlmutter_cb90a27f,ours_l01_s1_pv2_r2_pv3c_eps05_trace-a2e8ab_b16_k8_isolated,isolated,ours,9,0,place_ms,0.002304,recorder
20260925-072918_perlmutter_cb90a27f,ours_l01_s1_pv2_r2_pv3c_eps05_trace-a2e8ab_b16_k8_isolated,isolated,ours,9,1,place_ms,0.002304,recorder
20260925-072918_perlmutter_cb90a27f,ours_l01_s1_pv2_r2_pv3c_eps05_trace-a2e8ab_b16_k8_isolated,isolated,ours,9,2,place_ms,0.002304,recorder
20260925-072918_perlmutter_cb90a27f,ours_l01_s1_pv2_r2_pv3c_eps05_trace-a2e8ab_b16_k8_isolated,isolated,ours,9,3,place_ms,0.002336,recorder
20260925-072918_perlmutter_cb90a27f,ours_l01_s1_pv2_r2_pv3c_eps05_trace-a2e8ab_b16_k8_isolated,isolated,ours,9,4,place_ms,0.002304,recorder
20260925-072918_perlmutter_cb90a27f,ours_l01_s1_pv2_r2_pv3c_eps05_trace-a2e8ab_b16_k8_isolated,isolated,ours,9,5,place_ms,0.002304,recorder
20260925-072918_perlmutter_cb90a27f,ours_l01_s1_pv2_r2_pv3c_eps05_trace-a2e8ab_b16_k8_isolated,isolated,ours,9,6,place_ms,0.002304,recorder
20260925-072918_perlmutter_cb90a27f,ours_l01_s1_pv2_r2_pv3c_eps05_trace-a2e8ab_b16_k8_isolated,isolated,ours,9,7,place_ms,0.002304,recorder
20260925-072918_perlmutter_cb90a27f,ours_l01_s1_pv2_r2_pv3c_eps05_trace-a2e8ab_b16_k8_isolated,isolated,ours,9,8,place_ms,0.002304,recorder
20260925-072918_perlmutter_cb90a27f,ours_l01_s1_pv2_r2_pv3c_eps05_trace-a2e8ab_b16_k8_isolated,isolated,ours,9,9,place_ms,0.002304,recorder
20260925-072918_perlmutter_cb90a27f,ours_l01_s1_pv2_r2_pv3c_eps05_trace-a2e8ab_b16_k8_isolated,isolated,ours,9,0,plan_ms,1.958816,recorder
20260925-072918_perlmutter_cb90a27f,ours_l01_s1_pv2_r2_pv3c_eps05_trace-a2e8ab_b16_k8_isolated,isolated,ours,9,1,plan_ms,1.905568,recorder
20260925-072918_perlmutter_cb90a27f,ours_l01_s1_pv2_r2_pv3c_eps05_trace-a2e8ab_b16_k8_isolated,isolated,ours,9,2,plan_ms,1.895872,recorder
20260925-072918_perlmutter_cb90a27f,ours_l01_s1_pv2_r2_pv3c_eps05_trace-a2e8ab_b16_k8_isolated,isolated,ours,9,3,plan_ms,1.910624,recorder
20260925-072918_perlmutter_cb90a27f,ours_l01_s1_pv2_r2_pv3c_eps05_trace-a2e8ab_b16_k8_isolated,isolated,ours,9,4,plan_ms,1.950208,recorder
20260925-072918_perlmutter_cb90a27f,ours_l01_s1_pv2_r2_pv3c_eps05_trace-a2e8ab_b16_k8_isolated,isolated,ours,9,5,plan_ms,1.923392,recorder
20260925-072918_perlmutter_cb90a27f,ours_l01_s1_pv2_r2_pv3c_eps05_trace-a2e8ab_b16_k8_isolated,isolated,ours,9,6,plan_ms,1.985536,recorder
20260925-072918_perlmutter_cb90a27f,ours_l01_s1_pv2_r2_pv3c_eps05_trace-a2e8ab_b16_k8_isolated,isolated,ours,9,7,plan_ms,1.914848,recorder
20260925-072918_perlmutter_cb90a27f,ours_l01_s1_pv2_r2_pv3c_eps05_trace-a2e8ab_b16_k8_isolated,isolated,ours,9,8,plan_ms,1.930816,recorder
20260925-072918_perlmutter_cb90a27f,ours_l01_s1_pv2_r2_pv3c_eps05_trace-a2e8ab_b16_k8_isolated,isolated,ours,9,9,plan_ms,1.843552,recorder
20260925-072918_perlmutter_cb90a27f,ours_l01_s1_pv2_r2_pv3c_eps05_trace-a2e8ab_b16_k8_isolated,isolated,ours,9,0,total_ms,501.149567,recorder
20260925-072918_perlmutter_cb90a27f,ours_l01_s1_pv2_r2_pv3c_eps05_trace-a2e8ab_b16_k8_isolated,isolated,ours,9,1,total_ms,350.628448,recorder
20260925-072918_perlmutter_cb90a27f,ours_l01_s1_pv2_r2_pv3c_eps05_trace-a2e8ab_b16_k8_isolated,isolated,ours,9,2,total_ms,23.082272,recorder
20260925-072918_perlmutter_cb90a27f,ours_l01_s1_pv2_r2_pv3c_eps05_trace-a2e8ab_b16_k8_isolated,isolated,ours,9,3,total_ms,501.082062,recorder
20260925-072918_perlmutter_cb90a27f,ours_l01_s1_pv2_r2_pv3c_eps05_trace-a2e8ab_b16_k8_isolated,isolated,ours,9,4,total_ms,442.71759,recorder
20260925-072918_perlmutter_cb90a27f,ours_l01_s1_pv2_r2_pv3c_eps05_trace-a2e8ab_b16_k8_isolated,isolated,ours,9,5,total_ms,25.288416,recorder
20260925-072918_perlmutter_cb90a27f,ours_l01_s1_pv2_r2_pv3c_eps05_trace-a2e8ab_b16_k8_isolated,isolated,ours,9,6,total_ms,24.398657,recorder
20260925-072918_perlmutter_cb90a27f,ours_l01_s1_pv2_r2_pv3c_eps05_trace-a2e8ab_b16_k8_isolated,isolated,ours,9,7,total_ms,495.496277,recorder
20260925-072918_perlmutter_cb90a27f,ours_l01_s1_pv2_r2_pv3c_eps05_trace-a2e8ab_b16_k8_isolated,isolated,ours,9,8,total_ms,22.427233,recorder
20260925-072918_perlmutter_cb90a27f,ours_l01_s1_pv2_r2_pv3c_eps05_trace-a2e8ab_b16_k8_isolated,isolated,ours,9,9,total_ms,352.26709,recorder
20260925-072918_perlmutter_cb90a27f,ours_l01_s1_pv2_r2_pv3c_eps05_trace-a2e8ab_b16_k8_isolated,isolated,ours,9,0,iso_sync_ms,19.458827,recorder
20260925-072918_perlmutter_cb90a27f,ours_l01_s1_pv2_r2_pv3c_eps05_trace-a2e8ab_b16_k8_isolated,isolated,ours,9,1,iso_sync_ms,498.5169,recorder
20260925-072918_perlmutter_cb90a27f,ours_l01_s1_pv2_r2_pv3c_eps05_trace-a2e8ab_b16_k8_isolated,isolated,ours,9,2,iso_sync_ms,346.821401,recorder
20260925-072918_perlmutter_cb90a27f,ours_l01_s1_pv2_r2_pv3c_eps05_trace-a2e8ab_b16_k8_isolated,isolated,ours,9,3,iso_sync_ms,18.8164,recorder
20260925-072918_perlmutter_cb90a27f,ours_l01_s1_pv2_r2_pv3c_eps05_trace-a2e8ab_b16_k8_isolated,isolated,ours,9,4,iso_sync_ms,497.706206,recorder
20260925-072918_perlmutter_cb90a27f,ours_l01_s1_pv2_r2_pv3c_eps05_trace-a2e8ab_b16_k8_isolated,isolated,ours,9,5,iso_sync_ms,438.899561,recorder
20260925-072918_perlmutter_cb90a27f,ours_l01_s1_pv2_r2_pv3c_eps05_trace-a2e8ab_b16_k8_isolated,isolated,ours,9,6,iso_sync_ms,21.092327,recorder
20260925-072918_perlmutter_cb90a27f,ours_l01_s1_pv2_r2_pv3c_eps05_trace-a2e8ab_b16_k8_isolated,isolated,ours,9,7,iso_sync_ms,20.405705,recorder
20260925-072918_perlmutter_cb90a27f,ours_l01_s1_pv2_r2_pv3c_eps05_trace-a2e8ab_b16_k8_isolated,isolated,ours,9,8,iso_sync_ms,491.930687,recorder
20260925-072918_perlmutter_cb90a27f,ours_l01_s1_pv2_r2_pv3c_eps05_trace-a2e8ab_b16_k8_isolated,isolated,ours,9,9,iso_sync_ms,17.099758,recorder
20260925-072918_perlmutter_cb90a27f,ours_l01_s1_pv2_r2_pv3c_eps05_trace-a2e8ab_b16_k8_isolated,isolated,ours,10,0,e2e_ms,498.675079,recorder
20260925-072918_perlmutter_cb90a27f,ours_l01_s1_pv2_r2_pv3c_eps05_trace-a2e8ab_b16_k8_isolated,isolated,ours,10,1,e2e_ms,347.867645,recorder
20260925-072918_perlmutter_cb90a27f,ours_l01_s1_pv2_r2_pv3c_eps05_trace-a2e8ab_b16_k8_isolated,isolated,ours,10,2,e2e_ms,20.141184,recorder
20260925-072918_perlmutter_cb90a27f,ours_l01_s1_pv2_r2_pv3c_eps05_trace-a2e8ab_b16_k8_isolated,isolated,ours,10,3,e2e_ms,498.655487,recorder
20260925-072918_perlmutter_cb90a27f,ours_l01_s1_pv2_r2_pv3c_eps05_trace-a2e8ab_b16_k8_isolated,isolated,ours,10,4,e2e_ms,440.135895,recorder
20260925-072918_perlmutter_cb90a27f,ours_l01_s1_pv2_r2_pv3c_eps05_trace-a2e8ab_b16_k8_isolated,isolated,ours,10,5,e2e_ms,22.471231,recorder
20260925-072918_perlmutter_cb90a27f,ours_l01_s1_pv2_r2_pv3c_eps05_trace-a2e8ab_b16_k8_isolated,isolated,ours,10,6,e2e_ms,21.885952,recorder
20260925-072918_perlmutter_cb90a27f,ours_l01_s1_pv2_r2_pv3c_eps05_trace-a2e8ab_b16_k8_isolated,isolated,ours,10,7,e2e_ms,492.901276,recorder
20260925-072918_perlmutter_cb90a27f,ours_l01_s1_pv2_r2_pv3c_eps05_trace-a2e8ab_b16_k8_isolated,isolated,ours,10,8,e2e_ms,20.031967,recorder
20260925-072918_perlmutter_cb90a27f,ours_l01_s1_pv2_r2_pv3c_eps05_trace-a2e8ab_b16_k8_isolated,isolated,ours,10,9,e2e_ms,349.737366,recorder
20260925-072918_perlmutter_cb90a27f,ours_l01_s1_pv2_r2_pv3c_eps05_trace-a2e8ab_b16_k8_isolated,isolated,ours,10,0,l0_ms,10.596608,recorder
20260925-072918_perlmutter_cb90a27f,ours_l01_s1_pv2_r2_pv3c_eps05_trace-a2e8ab_b16_k8_isolated,isolated,ours,10,1,l0_ms,10.749824,recorder
20260925-072918_perlmutter_cb90a27f,ours_l01_s1_pv2_r2_pv3c_eps05_trace-a2e8ab_b16_k8_isolated,isolated,ours,10,2,l0_ms,10.522944,recorder
20260925-072918_perlmutter_cb90a27f,ours_l01_s1_pv2_r2_pv3c_eps05_trace-a2e8ab_b16_k8_isolated,isolated,ours,10,3,l0_ms,11.9776,recorder
20260925-072918_perlmutter_cb90a27f,ours_l01_s1_pv2_r2_pv3c_eps05_trace-a2e8ab_b16_k8_isolated,isolated,ours,10,4,l0_ms,11.965568,recorder
20260925-072918_perlmutter_cb90a27f,ours_l01_s1_pv2_r2_pv3c_eps05_trace-a2e8ab_b16_k8_isolated,isolated,ours,10,5,l0_ms,11.090048,recorder
20260925-072918_perlmutter_cb90a27f,ours_l01_s1_pv2_r2_pv3c_eps05_trace-a2e8ab_b16_k8_isolated,isolated,ours,10,6,l0_ms,11.419872,recorder
20260925-072918_perlmutter_cb90a27f,ours_l01_s1_pv2_r2_pv3c_eps05_trace-a2e8ab_b16_k8_isolated,isolated,ours,10,7,l0_ms,9.860352,recorder
20260925-072918_perlmutter_cb90a27f,ours_l01_s1_pv2_r2_pv3c_eps05_trace-a2e8ab_b16_k8_isolated,isolated,ours,10,8,l0_ms,10.252352,recorder
20260925-072918_perlmutter_cb90a27f,ours_l01_s1_pv2_r2_pv3c_eps05_trace-a2e8ab_b16_k8_isolated,isolated,ours,10,9,l0_ms,10.4672,recorder
20260925-072918_perlmutter_cb90a27f,ours_l01_s1_pv2_r2_pv3c_eps05_trace-a2e8ab_b16_k8_isolated,isolated,ours,10,0,act_ms,0.134944,recorder
20260925-072918_perlmutter_cb90a27f,ours_l01_s1_pv2_r2_pv3c_eps05_trace-a2e8ab_b16_k8_isolated,isolated,ours,10,1,act_ms,0.132096,recorder
20260925-072918_perlmutter_cb90a27f,ours_l01_s1_pv2_r2_pv3c_eps05_trace-a2e8ab_b16_k8_isolated,isolated,ours,10,2,act_ms,0.132288,recorder
20260925-072918_perlmutter_cb90a27f,ours_l01_s1_pv2_r2_pv3c_eps05_trace-a2e8ab_b16_k8_isolated,isolated,ours,10,3,act_ms,0.123968,recorder
20260925-072918_perlmutter_cb90a27f,ours_l01_s1_pv2_r2_pv3c_eps05_trace-a2e8ab_b16_k8_isolated,isolated,ours,10,4,act_ms,0.134848,recorder
20260925-072918_perlmutter_cb90a27f,ours_l01_s1_pv2_r2_pv3c_eps05_trace-a2e8ab_b16_k8_isolated,isolated,ours,10,5,act_ms,0.130144,recorder
20260925-072918_perlmutter_cb90a27f,ours_l01_s1_pv2_r2_pv3c_eps05_trace-a2e8ab_b16_k8_isolated,isolated,ours,10,6,act_ms,0.131776,recorder
20260925-072918_perlmutter_cb90a27f,ours_l01_s1_pv2_r2_pv3c_eps05_trace-a2e8ab_b16_k8_isolated,isolated,ours,10,7,act_ms,0.132448,recorder
20260925-072918_perlmutter_cb90a27f,ours_l01_s1_pv2_r2_pv3c_eps05_trace-a2e8ab_b16_k8_isolated,isolated,ours,10,8,act_ms,0.133952,recorder
20260925-072918_perlmutter_cb90a27f,ours_l01_s1_pv2_r2_pv3c_eps05_trace-a2e8ab_b16_k8_isolated,isolated,ours,10,9,act_ms,0.13104,recorder
20260925-072918_perlmutter_cb90a27f,ours_l01_s1_pv2_r2_pv3c_eps05_trace-a2e8ab_b16_k8_isolated,isolated,ours,10,0,l1_ms,487.943512,recorder
20260925-072918_perlmutter_cb90a27f,ours_l01_s1_pv2_r2_pv3c_eps05_trace-a2e8ab_b16_k8_isolated,isolated,ours,10,1,l1_ms,336.985718,recorder
20260925-072918_perlmutter_cb90a27f,ours_l01_s1_pv2_r2_pv3c_eps05_trace-a2e8ab_b16_k8_isolated,isolated,ours,10,2,l1_ms,9.485952,recorder
20260925-072918_perlmutter_cb90a27f,ours_l01_s1_pv2_r2_pv3c_eps05_trace-a2e8ab_b16_k8_isolated,isolated,ours,10,3,l1_ms,486.553925,recorder
20260925-072918_perlmutter_cb90a27f,ours_l01_s1_pv2_r2_pv3c_eps05_trace-a2e8ab_b16_k8_isolated,isolated,ours,10,4,l1_ms,428.035492,recorder
20260925-072918_perlmutter_cb90a27f,ours_l01_s1_pv2_r2_pv3c_eps05_trace-a2e8ab_b16_k8_isolated,isolated,ours,10,5,l1_ms,11.25104,recorder
20260925-072918_perlmutter_cb90a27f,ours_l01_s1_pv2_r2_pv3c_eps05_trace-a2e8ab_b16_k8_isolated,isolated,ours,10,6,l1_ms,10.334304,recorder
20260925-072918_perlmutter_cb90a27f,ours_l01_s1_pv2_r2_pv3c_eps05_trace-a2e8ab_b16_k8_isolated,isolated,ours,10,7,l1_ms,482.908478,recorder
20260925-072918_perlmutter_cb90a27f,ours_l01_s1_pv2_r2_pv3c_eps05_trace-a2e8ab_b16_k8_isolated,isolated,ours,10,8,l1_ms,9.645664,recorder
20260925-072918_perlmutter_cb90a27f,ours_l01_s1_pv2_r2_pv3c_eps05_trace-a2e8ab_b16_k8_isolated,isolated,ours,10,9,l1_ms,339.13913,recorder
20260925-072918_perlmutter_cb90a27f,ours_l01_s1_pv2_r2_pv3c_eps05_trace-a2e8ab_b16_k8_isolated,isolated,ours,10,0,plan_comm_ms,0.566432,recorder
20260925-072918_perlmutter_cb90a27f,ours_l01_s1_pv2_r2_pv3c_eps05_trace-a2e8ab_b16_k8_isolated,isolated,ours,10,1,plan_comm_ms,0.865248,recorder
20260925-072918_perlmutter_cb90a27f,ours_l01_s1_pv2_r2_pv3c_eps05_trace-a2e8ab_b16_k8_isolated,isolated,ours,10,2,plan_comm_ms,0.878848,recorder
20260925-072918_perlmutter_cb90a27f,ours_l01_s1_pv2_r2_pv3c_eps05_trace-a2e8ab_b16_k8_isolated,isolated,ours,10,3,plan_comm_ms,0.569568,recorder
20260925-072918_perlmutter_cb90a27f,ours_l01_s1_pv2_r2_pv3c_eps05_trace-a2e8ab_b16_k8_isolated,isolated,ours,10,4,plan_comm_ms,0.66448,recorder
20260925-072918_perlmutter_cb90a27f,ours_l01_s1_pv2_r2_pv3c_eps05_trace-a2e8ab_b16_k8_isolated,isolated,ours,10,5,plan_comm_ms,0.658496,recorder
20260925-072918_perlmutter_cb90a27f,ours_l01_s1_pv2_r2_pv3c_eps05_trace-a2e8ab_b16_k8_isolated,isolated,ours,10,6,plan_comm_ms,0.595712,recorder
20260925-072918_perlmutter_cb90a27f,ours_l01_s1_pv2_r2_pv3c_eps05_trace-a2e8ab_b16_k8_isolated,isolated,ours,10,7,plan_comm_ms,0.650304,recorder
20260925-072918_perlmutter_cb90a27f,ours_l01_s1_pv2_r2_pv3c_eps05_trace-a2e8ab_b16_k8_isolated,isolated,ours,10,8,plan_comm_ms,0.734432,recorder
20260925-072918_perlmutter_cb90a27f,ours_l01_s1_pv2_r2_pv3c_eps05_trace-a2e8ab_b16_k8_isolated,isolated,ours,10,9,plan_comm_ms,0.685728,recorder
20260925-072918_perlmutter_cb90a27f,ours_l01_s1_pv2_r2_pv3c_eps05_trace-a2e8ab_b16_k8_isolated,isolated,ours,10,0,place_ms,0.002336,recorder
20260925-072918_perlmutter_cb90a27f,ours_l01_s1_pv2_r2_pv3c_eps05_trace-a2e8ab_b16_k8_isolated,isolated,ours,10,1,place_ms,0.002304,recorder
20260925-072918_perlmutter_cb90a27f,ours_l01_s1_pv2_r2_pv3c_eps05_trace-a2e8ab_b16_k8_isolated,isolated,ours,10,2,place_ms,0.002336,recorder
20260925-072918_perlmutter_cb90a27f,ours_l01_s1_pv2_r2_pv3c_eps05_trace-a2e8ab_b16_k8_isolated,isolated,ours,10,3,place_ms,0.002368,recorder
20260925-072918_perlmutter_cb90a27f,ours_l01_s1_pv2_r2_pv3c_eps05_trace-a2e8ab_b16_k8_isolated,isolated,ours,10,4,place_ms,0.002368,recorder
20260925-072918_perlmutter_cb90a27f,ours_l01_s1_pv2_r2_pv3c_eps05_trace-a2e8ab_b16_k8_isolated,isolated,ours,10,5,place_ms,0.002336,recorder
20260925-072918_perlmutter_cb90a27f,ours_l01_s1_pv2_r2_pv3c_eps05_trace-a2e8ab_b16_k8_isolated,isolated,ours,10,6,place_ms,0.002368,recorder
20260925-072918_perlmutter_cb90a27f,ours_l01_s1_pv2_r2_pv3c_eps05_trace-a2e8ab_b16_k8_isolated,isolated,ours,10,7,place_ms,0.002336,recorder
20260925-072918_perlmutter_cb90a27f,ours_l01_s1_pv2_r2_pv3c_eps05_trace-a2e8ab_b16_k8_isolated,isolated,ours,10,8,place_ms,0.002368,recorder
20260925-072918_perlmutter_cb90a27f,ours_l01_s1_pv2_r2_pv3c_eps05_trace-a2e8ab_b16_k8_isolated,isolated,ours,10,9,place_ms,0.002336,recorder
20260925-072918_perlmutter_cb90a27f,ours_l01_s1_pv2_r2_pv3c_eps05_trace-a2e8ab_b16_k8_isolated,isolated,ours,10,0,plan_ms,1.90512,recorder
20260925-072918_perlmutter_cb90a27f,ours_l01_s1_pv2_r2_pv3c_eps05_trace-a2e8ab_b16_k8_isolated,isolated,ours,10,1,plan_ms,1.888096,recorder
20260925-072918_perlmutter_cb90a27f,ours_l01_s1_pv2_r2_pv3c_eps05_trace-a2e8ab_b16_k8_isolated,isolated,ours,10,2,plan_ms,1.877632,recorder
20260925-072918_perlmutter_cb90a27f,ours_l01_s1_pv2_r2_pv3c_eps05_trace-a2e8ab_b16_k8_isolated,isolated,ours,10,3,plan_ms,1.89376,recorder
20260925-072918_perlmutter_cb90a27f,ours_l01_s1_pv2_r2_pv3c_eps05_trace-a2e8ab_b16_k8_isolated,isolated,ours,10,4,plan_ms,1.905696,recorder
20260925-072918_perlmutter_cb90a27f,ours_l01_s1_pv2_r2_pv3c_eps05_trace-a2e8ab_b16_k8_isolated,isolated,ours,10,5,plan_ms,1.968128,recorder
20260925-072918_perlmutter_cb90a27f,ours_l01_s1_pv2_r2_pv3c_eps05_trace-a2e8ab_b16_k8_isolated,isolated,ours,10,6,plan_ms,1.909696,recorder
20260925-072918_perlmutter_cb90a27f,ours_l01_s1_pv2_r2_pv3c_eps05_trace-a2e8ab_b16_k8_isolated,isolated,ours,10,7,plan_ms,1.89568,recorder
20260925-072918_perlmutter_cb90a27f,ours_l01_s1_pv2_r2_pv3c_eps05_trace-a2e8ab_b16_k8_isolated,isolated,ours,10,8,plan_ms,1.916736,recorder
20260925-072918_perlmutter_cb90a27f,ours_l01_s1_pv2_r2_pv3c_eps05_trace-a2e8ab_b16_k8_isolated,isolated,ours,10,9,plan_ms,1.864096,recorder
20260925-072918_perlmutter_cb90a27f,ours_l01_s1_pv2_r2_pv3c_eps05_trace-a2e8ab_b16_k8_isolated,isolated,ours,10,0,total_ms,501.1698,recorder
20260925-072918_perlmutter_cb90a27f,ours_l01_s1_pv2_r2_pv3c_eps05_trace-a2e8ab_b16_k8_isolated,isolated,ours,10,1,total_ms,350.633057,recorder
20260925-072918_perlmutter_cb90a27f,ours_l01_s1_pv2_r2_pv3c_eps05_trace-a2e8ab_b16_k8_isolated,isolated,ours,10,2,total_ms,22.909536,recorder
20260925-072918_perlmutter_cb90a27f,ours_l01_s1_pv2_r2_pv3c_eps05_trace-a2e8ab_b16_k8_isolated,isolated,ours,10,3,total_ms,501.131165,recorder
20260925-072918_perlmutter_cb90a27f,ours_l01_s1_pv2_r2_pv3c_eps05_trace-a2e8ab_b16_k8_isolated,isolated,ours,10,4,total_ms,442.718933,recorder
20260925-072918_perlmutter_cb90a27f,ours_l01_s1_pv2_r2_pv3c_eps05_trace-a2e8ab_b16_k8_isolated,isolated,ours,10,5,total_ms,25.109856,recorder
20260925-072918_perlmutter_cb90a27f,ours_l01_s1_pv2_r2_pv3c_eps05_trace-a2e8ab_b16_k8_isolated,isolated,ours,10,6,total_ms,24.40288,recorder
20260925-072918_perlmutter_cb90a27f,ours_l01_s1_pv2_r2_pv3c_eps05_trace-a2e8ab_b16_k8_isolated,isolated,ours,10,7,total_ms,495.458618,recorder
20260925-072918_perlmutter_cb90a27f,ours_l01_s1_pv2_r2_pv3c_eps05_trace-a2e8ab_b16_k8_isolated,isolated,ours,10,8,total_ms,22.695328,recorder
20260925-072918_perlmutter_cb90a27f,ours_l01_s1_pv2_r2_pv3c_eps05_trace-a2e8ab_b16_k8_isolated,isolated,ours,10,9,total_ms,352.29834,recorder
20260925-072918_perlmutter_cb90a27f,ours_l01_s1_pv2_r2_pv3c_eps05_trace-a2e8ab_b16_k8_isolated,isolated,ours,10,0,iso_sync_ms,19.442235,recorder
20260925-072918_perlmutter_cb90a27f,ours_l01_s1_pv2_r2_pv3c_eps05_trace-a2e8ab_b16_k8_isolated,isolated,ours,10,1,iso_sync_ms,498.46002,recorder
20260925-072918_perlmutter_cb90a27f,ours_l01_s1_pv2_r2_pv3c_eps05_trace-a2e8ab_b16_k8_isolated,isolated,ours,10,2,iso_sync_ms,346.77471,recorder
20260925-072918_perlmutter_cb90a27f,ours_l01_s1_pv2_r2_pv3c_eps05_trace-a2e8ab_b16_k8_isolated,isolated,ours,10,3,iso_sync_ms,18.721596,recorder
20260925-072918_perlmutter_cb90a27f,ours_l01_s1_pv2_r2_pv3c_eps05_trace-a2e8ab_b16_k8_isolated,isolated,ours,10,4,iso_sync_ms,497.657522,recorder
20260925-072918_perlmutter_cb90a27f,ours_l01_s1_pv2_r2_pv3c_eps05_trace-a2e8ab_b16_k8_isolated,isolated,ours,10,5,iso_sync_ms,438.888169,recorder
20260925-072918_perlmutter_cb90a27f,ours_l01_s1_pv2_r2_pv3c_eps05_trace-a2e8ab_b16_k8_isolated,isolated,ours,10,6,iso_sync_ms,20.889243,recorder
20260925-072918_perlmutter_cb90a27f,ours_l01_s1_pv2_r2_pv3c_eps05_trace-a2e8ab_b16_k8_isolated,isolated,ours,10,7,iso_sync_ms,20.440783,recorder
20260925-072918_perlmutter_cb90a27f,ours_l01_s1_pv2_r2_pv3c_eps05_trace-a2e8ab_b16_k8_isolated,isolated,ours,10,8,iso_sync_ms,491.923403,recorder
20260925-072918_perlmutter_cb90a27f,ours_l01_s1_pv2_r2_pv3c_eps05_trace-a2e8ab_b16_k8_isolated,isolated,ours,10,9,iso_sync_ms,18.524603,recorder
20260925-072918_perlmutter_cb90a27f,ours_l01_s1_pv2_r2_pv3c_eps05_trace-a2e8ab_b16_k8_isolated,isolated,ours,11,0,e2e_ms,498.647003,recorder
20260925-072918_perlmutter_cb90a27f,ours_l01_s1_pv2_r2_pv3c_eps05_trace-a2e8ab_b16_k8_isolated,isolated,ours,11,1,e2e_ms,347.744476,recorder
20260925-072918_perlmutter_cb90a27f,ours_l01_s1_pv2_r2_pv3c_eps05_trace-a2e8ab_b16_k8_isolated,isolated,ours,11,2,e2e_ms,19.976032,recorder
20260925-072918_perlmutter_cb90a27f,ours_l01_s1_pv2_r2_pv3c_eps05_trace-a2e8ab_b16_k8_isolated,isolated,ours,11,3,e2e_ms,498.610443,recorder
20260925-072918_perlmutter_cb90a27f,ours_l01_s1_pv2_r2_pv3c_eps05_trace-a2e8ab_b16_k8_isolated,isolated,ours,11,4,e2e_ms,440.144104,recorder
20260925-072918_perlmutter_cb90a27f,ours_l01_s1_pv2_r2_pv3c_eps05_trace-a2e8ab_b16_k8_isolated,isolated,ours,11,5,e2e_ms,22.421375,recorder
20260925-072918_perlmutter_cb90a27f,ours_l01_s1_pv2_r2_pv3c_eps05_trace-a2e8ab_b16_k8_isolated,isolated,ours,11,6,e2e_ms,21.623169,recorder
20260925-072918_perlmutter_cb90a27f,ours_l01_s1_pv2_r2_pv3c_eps05_trace-a2e8ab_b16_k8_isolated,isolated,ours,11,7,e2e_ms,492.916382,recorder
20260925-072918_perlmutter_cb90a27f,ours_l01_s1_pv2_r2_pv3c_eps05_trace-a2e8ab_b16_k8_isolated,isolated,ours,11,8,e2e_ms,20.037121,recorder
20260925-072918_perlmutter_cb90a27f,ours_l01_s1_pv2_r2_pv3c_eps05_trace-a2e8ab_b16_k8_isolated,isolated,ours,11,9,e2e_ms,349.654755,recorder
20260925-072918_perlmutter_cb90a27f,ours_l01_s1_pv2_r2_pv3c_eps05_trace-a2e8ab_b16_k8_isolated,isolated,ours,11,0,l0_ms,10.575712,recorder
20260925-072918_perlmutter_cb90a27f,ours_l01_s1_pv2_r2_pv3c_eps05_trace-a2e8ab_b16_k8_isolated,isolated,ours,11,1,l0_ms,10.63712,recorder
20260925-072918_perlmutter_cb90a27f,ours_l01_s1_pv2_r2_pv3c_eps05_trace-a2e8ab_b16_k8_isolated,isolated,ours,11,2,l0_ms,10.383136,recorder
20260925-072918_perlmutter_cb90a27f,ours_l01_s1_pv2_r2_pv3c_eps05_trace-a2e8ab_b16_k8_isolated,isolated,ours,11,3,l0_ms,11.90224,recorder
20260925-072918_perlmutter_cb90a27f,ours_l01_s1_pv2_r2_pv3c_eps05_trace-a2e8ab_b16_k8_isolated,isolated,ours,11,4,l0_ms,11.972544,recorder
20260925-072918_perlmutter_cb90a27f,ours_l01_s1_pv2_r2_pv3c_eps05_trace-a2e8ab_b16_k8_isolated,isolated,ours,11,5,l0_ms,11.011872,recorder
20260925-072918_perlmutter_cb90a27f,ours_l01_s1_pv2_r2_pv3c_eps05_trace-a2e8ab_b16_k8_isolated,isolated,ours,11,6,l0_ms,11.381184,recorder
20260925-072918_perlmutter_cb90a27f,ours_l01_s1_pv2_r2_pv3c_eps05_trace-a2e8ab_b16_k8_isolated,isolated,ours,11,7,l0_ms,9.82352,recorder
20260925-072918_perlmutter_cb90a27f,ours_l01_s1_pv2_r2_pv3c_eps05_trace-a2e8ab_b16_k8_isolated,isolated,ours,11,8,l0_ms,10.26144,recorder
20260925-072918_perlmutter_cb90a27f,ours_l01_s1_pv2_r2_pv3c_eps05_trace-a2e8ab_b16_k8_isolated,isolated,ours,11,9,l0_ms,10.405696,recorder
20260925-072918_perlmutter_cb90a27f,ours_l01_s1_pv2_r2_pv3c_eps05_trace-a2e8ab_b16_k8_isolated,isolated,ours,11,0,act_ms,0.063872,recorder
20260925-072918_perlmutter_cb90a27f,ours_l01_s1_pv2_r2_pv3c_eps05_trace-a2e8ab_b16_k8_isolated,isolated,ours,11,1,act_ms,0.058784,recorder
20260925-072918_perlmutter_cb90a27f,ours_l01_s1_pv2_r2_pv3c_eps05_trace-a2e8ab_b16_k8_isolated,isolated,ours,11,2,act_ms,0.065472,recorder
20260925-072918_perlmutter_cb90a27f,ours_l01_s1_pv2_r2_pv3c_eps05_trace-a2e8ab_b16_k8_isolated,isolated,ours,11,3,act_ms,0.059648,recorder
20260925-072918_perlmutter_cb90a27f,ours_l01_s1_pv2_r2_pv3c_eps05_trace-a2e8ab_b16_k8_isolated,isolated,ours,11,4,act_ms,0.066016,recorder
20260925-072918_perlmutter_cb90a27f,ours_l01_s1_pv2_r2_pv3c_eps05_trace-a2e8ab_b16_k8_isolated,isolated,ours,11,5,act_ms,0.05856,recorder
20260925-072918_perlmutter_cb90a27f,ours_l01_s1_pv2_r2_pv3c_eps05_trace-a2e8ab_b16_k8_isolated,isolated,ours,11,6,act_ms,0.05968,recorder
20260925-072918_perlmutter_cb90a27f,ours_l01_s1_pv2_r2_pv3c_eps05_trace-a2e8ab_b16_k8_isolated,isolated,ours,11,7,act_ms,0.060384,recorder
20260925-072918_perlmutter_cb90a27f,ours_l01_s1_pv2_r2_pv3c_eps05_trace-a2e8ab_b16_k8_isolated,isolated,ours,11,8,act_ms,0.059072,recorder
20260925-072918_perlmutter_cb90a27f,ours_l01_s1_pv2_r2_pv3c_eps05_trace-a2e8ab_b16_k8_isolated,isolated,ours,11,9,act_ms,0.059456,recorder
20260925-072918_perlmutter_cb90a27f,ours_l01_s1_pv2_r2_pv3c_eps05_trace-a2e8ab_b16_k8_isolated,isolated,ours,11,0,l1_ms,488.007416,recorder
20260925-072918_perlmutter_cb90a27f,ours_l01_s1_pv2_r2_pv3c_eps05_trace-a2e8ab_b16_k8_isolated,isolated,ours,11,1,l1_ms,337.048584,recorder
20260925-072918_perlmutter_cb90a27f,ours_l01_s1_pv2_r2_pv3c_eps05_trace-a2e8ab_b16_k8_isolated,isolated,ours,11,2,l1_ms,9.527424,recorder
20260925-072918_perlmutter_cb90a27f,ours_l01_s1_pv2_r2_pv3c_eps05_trace-a2e8ab_b16_k8_isolated,isolated,ours,11,3,l1_ms,486.648529,recorder
20260925-072918_perlmutter_cb90a27f,ours_l01_s1_pv2_r2_pv3c_eps05_trace-a2e8ab_b16_k8_isolated,isolated,ours,11,4,l1_ms,428.10553,recorder
20260925-072918_perlmutter_cb90a27f,ours_l01_s1_pv2_r2_pv3c_eps05_trace-a2e8ab_b16_k8_isolated,isolated,ours,11,5,l1_ms,11.350944,recorder
20260925-072918_perlmutter_cb90a27f,ours_l01_s1_pv2_r2_pv3c_eps05_trace-a2e8ab_b16_k8_isolated,isolated,ours,11,6,l1_ms,10.182304,recorder
20260925-072918_perlmutter_cb90a27f,ours_l01_s1_pv2_r2_pv3c_eps05_trace-a2e8ab_b16_k8_isolated,isolated,ours,11,7,l1_ms,483.032471,recorder
20260925-072918_perlmutter_cb90a27f,ours_l01_s1_pv2_r2_pv3c_eps05_trace-a2e8ab_b16_k8_isolated,isolated,ours,11,8,l1_ms,9.716608,recorder
20260925-072918_perlmutter_cb90a27f,ours_l01_s1_pv2_r2_pv3c_eps05_trace-a2e8ab_b16_k8_isolated,isolated,ours,11,9,l1_ms,339.189606,recorder
20260925-072918_perlmutter_cb90a27f,ours_l01_s1_pv2_r2_pv3c_eps05_trace-a2e8ab_b16_k8_isolated,isolated,ours,11,0,plan_comm_ms,0.55776,recorder
20260925-072918_perlmutter_cb90a27f,ours_l01_s1_pv2_r2_pv3c_eps05_trace-a2e8ab_b16_k8_isolated,isolated,ours,11,1,plan_comm_ms,0.653216,recorder
20260925-072918_perlmutter_cb90a27f,ours_l01_s1_pv2_r2_pv3c_eps05_trace-a2e8ab_b16_k8_isolated,isolated,ours,11,2,plan_comm_ms,0.771136,recorder
20260925-072918_perlmutter_cb90a27f,ours_l01_s1_pv2_r2_pv3c_eps05_trace-a2e8ab_b16_k8_isolated,isolated,ours,11,3,plan_comm_ms,0.5576,recorder
20260925-072918_perlmutter_cb90a27f,ours_l01_s1_pv2_r2_pv3c_eps05_trace-a2e8ab_b16_k8_isolated,isolated,ours,11,4,plan_comm_ms,0.656672,recorder
20260925-072918_perlmutter_cb90a27f,ours_l01_s1_pv2_r2_pv3c_eps05_trace-a2e8ab_b16_k8_isolated,isolated,ours,11,5,plan_comm_ms,0.850272,recorder
20260925-072918_perlmutter_cb90a27f,ours_l01_s1_pv2_r2_pv3c_eps05_trace-a2e8ab_b16_k8_isolated,isolated,ours,11,6,plan_comm_ms,0.595872,recorder
20260925-072918_perlmutter_cb90a27f,ours_l01_s1_pv2_r2_pv3c_eps05_trace-a2e8ab_b16_k8_isolated,isolated,ours,11,7,plan_comm_ms,0.641504,recorder
20260925-072918_perlmutter_cb90a27f,ours_l01_s1_pv2_r2_pv3c_eps05_trace-a2e8ab_b16_k8_isolated,isolated,ours,11,8,plan_comm_ms,0.91856,recorder
20260925-072918_perlmutter_cb90a27f,ours_l01_s1_pv2_r2_pv3c_eps05_trace-a2e8ab_b16_k8_isolated,isolated,ours,11,9,plan_comm_ms,0.67376,recorder
20260925-072918_perlmutter_cb90a27f,ours_l01_s1_pv2_r2_pv3c_eps05_trace-a2e8ab_b16_k8_isolated,isolated,ours,11,0,place_ms,0.002656,recorder
20260925-072918_perlmutter_cb90a27f,ours_l01_s1_pv2_r2_pv3c_eps05_trace-a2e8ab_b16_k8_isolated,isolated,ours,11,1,place_ms,0.002304,recorder
20260925-072918_perlmutter_cb90a27f,ours_l01_s1_pv2_r2_pv3c_eps05_trace-a2e8ab_b16_k8_isolated,isolated,ours,11,2,place_ms,0.002304,recorder
20260925-072918_perlmutter_cb90a27f,ours_l01_s1_pv2_r2_pv3c_eps05_trace-a2e8ab_b16_k8_isolated,isolated,ours,11,3,place_ms,0.002304,recorder
20260925-072918_perlmutter_cb90a27f,ours_l01_s1_pv2_r2_pv3c_eps05_trace-a2e8ab_b16_k8_isolated,isolated,ours,11,4,place_ms,0.002336,recorder
20260925-072918_perlmutter_cb90a27f,ours_l01_s1_pv2_r2_pv3c_eps05_trace-a2e8ab_b16_k8_isolated,isolated,ours,11,5,place_ms,0.002336,recorder
20260925-072918_perlmutter_cb90a27f,ours_l01_s1_pv2_r2_pv3c_eps05_trace-a2e8ab_b16_k8_isolated,isolated,ours,11,6,place_ms,0.002304,recorder
20260925-072918_perlmutter_cb90a27f,ours_l01_s1_pv2_r2_pv3c_eps05_trace-a2e8ab_b16_k8_isolated,isolated,ours,11,7,place_ms,0.002304,recorder
20260925-072918_perlmutter_cb90a27f,ours_l01_s1_pv2_r2_pv3c_eps05_trace-a2e8ab_b16_k8_isolated,isolated,ours,11,8,place_ms,0.002304,recorder
20260925-072918_perlmutter_cb90a27f,ours_l01_s1_pv2_r2_pv3c_eps05_trace-a2e8ab_b16_k8_isolated,isolated,ours,11,9,place_ms,0.002304,recorder
20260925-072918_perlmutter_cb90a27f,ours_l01_s1_pv2_r2_pv3c_eps05_trace-a2e8ab_b16_k8_isolated,isolated,ours,11,0,plan_ms,1.942784,recorder
20260925-072918_perlmutter_cb90a27f,ours_l01_s1_pv2_r2_pv3c_eps05_trace-a2e8ab_b16_k8_isolated,isolated,ours,11,1,plan_ms,2.013856,recorder
20260925-072918_perlmutter_cb90a27f,ours_l01_s1_pv2_r2_pv3c_eps05_trace-a2e8ab_b16_k8_isolated,isolated,ours,11,2,plan_ms,2.015616,recorder
20260925-072918_perlmutter_cb90a27f,ours_l01_s1_pv2_r2_pv3c_eps05_trace-a2e8ab_b16_k8_isolated,isolated,ours,11,3,plan_ms,1.966144,recorder
20260925-072918_perlmutter_cb90a27f,ours_l01_s1_pv2_r2_pv3c_eps05_trace-a2e8ab_b16_k8_isolated,isolated,ours,11,4,plan_ms,1.910176,recorder
20260925-072918_perlmutter_cb90a27f,ours_l01_s1_pv2_r2_pv3c_eps05_trace-a2e8ab_b16_k8_isolated,isolated,ours,11,5,plan_ms,2.050784,recorder
20260925-072918_perlmutter_cb90a27f,ours_l01_s1_pv2_r2_pv3c_eps05_trace-a2e8ab_b16_k8_isolated,isolated,ours,11,6,plan_ms,1.94128,recorder
20260925-072918_perlmutter_cb90a27f,ours_l01_s1_pv2_r2_pv3c_eps05_trace-a2e8ab_b16_k8_isolated,isolated,ours,11,7,plan_ms,1.93488,recorder
20260925-072918_perlmutter_cb90a27f,ours_l01_s1_pv2_r2_pv3c_eps05_trace-a2e8ab_b16_k8_isolated,isolated,ours,11,8,plan_ms,1.919712,recorder
20260925-072918_perlmutter_cb90a27f,ours_l01_s1_pv2_r2_pv3c_eps05_trace-a2e8ab_b16_k8_isolated,isolated,ours,11,9,plan_ms,1.928672,recorder
20260925-072918_perlmutter_cb90a27f,ours_l01_s1_pv2_r2_pv3c_eps05_trace-a2e8ab_b16_k8_isolated,isolated,ours,11,0,total_ms,501.159271,recorder
20260925-072918_perlmutter_cb90a27f,ours_l01_s1_pv2_r2_pv3c_eps05_trace-a2e8ab_b16_k8_isolated,isolated,ours,11,1,total_ms,350.423523,recorder
20260925-072918_perlmutter_cb90a27f,ours_l01_s1_pv2_r2_pv3c_eps05_trace-a2e8ab_b16_k8_isolated,isolated,ours,11,2,total_ms,22.774624,recorder
20260925-072918_perlmutter_cb90a27f,ours_l01_s1_pv2_r2_pv3c_eps05_trace-a2e8ab_b16_k8_isolated,isolated,ours,11,3,total_ms,501.145966,recorder
20260925-072918_perlmutter_cb90a27f,ours_l01_s1_pv2_r2_pv3c_eps05_trace-a2e8ab_b16_k8_isolated,isolated,ours,11,4,total_ms,442.722717,recorder
20260925-072918_perlmutter_cb90a27f,ours_l01_s1_pv2_r2_pv3c_eps05_trace-a2e8ab_b16_k8_isolated,isolated,ours,11,5,total_ms,25.334208,recorder
20260925-072918_perlmutter_cb90a27f,ours_l01_s1_pv2_r2_pv3c_eps05_trace-a2e8ab_b16_k8_isolated,isolated,ours,11,6,total_ms,24.171167,recorder
20260925-072918_perlmutter_cb90a27f,ours_l01_s1_pv2_r2_pv3c_eps05_trace-a2e8ab_b16_k8_isolated,isolated,ours,11,7,total_ms,495.504639,recorder
20260925-072918_perlmutter_cb90a27f,ours_l01_s1_pv2_r2_pv3c_eps05_trace-a2e8ab_b16_k8_isolated,isolated,ours,11,8,total_ms,22.88736,recorder
20260925-072918_perlmutter_cb90a27f,ours_l01_s1_pv2_r2_pv3c_eps05_trace-a2e8ab_b16_k8_isolated,isolated,ours,11,9,total_ms,352.269196,recorder
20260925-072918_perlmutter_cb90a27f,ours_l01_s1_pv2_r2_pv3c_eps05_trace-a2e8ab_b16_k8_isolated,isolated,ours,11,0,iso_sync_ms,19.385284,recorder
20260925-072918_perlmutter_cb90a27f,ours_l01_s1_pv2_r2_pv3c_eps05_trace-a2e8ab_b16_k8_isolated,isolated,ours,11,1,iso_sync_ms,498.526228,recorder
20260925-072918_perlmutter_cb90a27f,ours_l01_s1_pv2_r2_pv3c_eps05_trace-a2e8ab_b16_k8_isolated,isolated,ours,11,2,iso_sync_ms,346.542038,recorder
20260925-072918_perlmutter_cb90a27f,ours_l01_s1_pv2_r2_pv3c_eps05_trace-a2e8ab_b16_k8_isolated,isolated,ours,11,3,iso_sync_ms,17.943906,recorder
20260925-072918_perlmutter_cb90a27f,ours_l01_s1_pv2_r2_pv3c_eps05_trace-a2e8ab_b16_k8_isolated,isolated,ours,11,4,iso_sync_ms,497.518973,recorder
20260925-072918_perlmutter_cb90a27f,ours_l01_s1_pv2_r2_pv3c_eps05_trace-a2e8ab_b16_k8_isolated,isolated,ours,11,5,iso_sync_ms,438.65151,recorder
20260925-072918_perlmutter_cb90a27f,ours_l01_s1_pv2_r2_pv3c_eps05_trace-a2e8ab_b16_k8_isolated,isolated,ours,11,6,iso_sync_ms,20.987554,recorder
20260925-072918_perlmutter_cb90a27f,ours_l01_s1_pv2_r2_pv3c_eps05_trace-a2e8ab_b16_k8_isolated,isolated,ours,11,7,iso_sync_ms,20.438789,recorder
20260925-072918_perlmutter_cb90a27f,ours_l01_s1_pv2_r2_pv3c_eps05_trace-a2e8ab_b16_k8_isolated,isolated,ours,11,8,iso_sync_ms,491.883305,recorder
20260925-072918_perlmutter_cb90a27f,ours_l01_s1_pv2_r2_pv3c_eps05_trace-a2e8ab_b16_k8_isolated,isolated,ours,11,9,iso_sync_ms,18.703811,recorder
20260925-072918_perlmutter_cb90a27f,ours_l01_s1_pv2_r2_pv3c_eps05_trace-a2e8ab_b16_k8_isolated,isolated,ours,12,0,e2e_ms,498.515625,recorder
20260925-072918_perlmutter_cb90a27f,ours_l01_s1_pv2_r2_pv3c_eps05_trace-a2e8ab_b16_k8_isolated,isolated,ours,12,1,e2e_ms,347.698151,recorder
20260925-072918_perlmutter_cb90a27f,ours_l01_s1_pv2_r2_pv3c_eps05_trace-a2e8ab_b16_k8_isolated,isolated,ours,12,2,e2e_ms,19.899872,recorder
20260925-072918_perlmutter_cb90a27f,ours_l01_s1_pv2_r2_pv3c_eps05_trace-a2e8ab_b16_k8_isolated,isolated,ours,12,3,e2e_ms,498.519287,recorder
20260925-072918_perlmutter_cb90a27f,ours_l01_s1_pv2_r2_pv3c_eps05_trace-a2e8ab_b16_k8_isolated,isolated,ours,12,4,e2e_ms,440.031006,recorder
20260925-072918_perlmutter_cb90a27f,ours_l01_s1_pv2_r2_pv3c_eps05_trace-a2e8ab_b16_k8_isolated,isolated,ours,12,5,e2e_ms,22.369696,recorder
20260925-072918_perlmutter_cb90a27f,ours_l01_s1_pv2_r2_pv3c_eps05_trace-a2e8ab_b16_k8_isolated,isolated,ours,12,6,e2e_ms,21.500896,recorder
20260925-072918_perlmutter_cb90a27f,ours_l01_s1_pv2_r2_pv3c_eps05_trace-a2e8ab_b16_k8_isolated,isolated,ours,12,7,e2e_ms,492.788818,recorder
20260925-072918_perlmutter_cb90a27f,ours_l01_s1_pv2_r2_pv3c_eps05_trace-a2e8ab_b16_k8_isolated,isolated,ours,12,8,e2e_ms,19.975679,recorder
20260925-072918_perlmutter_cb90a27f,ours_l01_s1_pv2_r2_pv3c_eps05_trace-a2e8ab_b16_k8_isolated,isolated,ours,12,9,e2e_ms,349.615692,recorder
20260925-072918_perlmutter_cb90a27f,ours_l01_s1_pv2_r2_pv3c_eps05_trace-a2e8ab_b16_k8_isolated,isolated,ours,12,0,l0_ms,10.43312,recorder
20260925-072918_perlmutter_cb90a27f,ours_l01_s1_pv2_r2_pv3c_eps05_trace-a2e8ab_b16_k8_isolated,isolated,ours,12,1,l0_ms,10.540544,recorder
20260925-072918_perlmutter_cb90a27f,ours_l01_s1_pv2_r2_pv3c_eps05_trace-a2e8ab_b16_k8_isolated,isolated,ours,12,2,l0_ms,10.292,recorder
20260925-072918_perlmutter_cb90a27f,ours_l01_s1_pv2_r2_pv3c_eps05_trace-a2e8ab_b16_k8_isolated,isolated,ours,12,3,l0_ms,11.826144,recorder
20260925-072918_perlmutter_cb90a27f,ours_l01_s1_pv2_r2_pv3c_eps05_trace-a2e8ab_b16_k8_isolated,isolated,ours,12,4,l0_ms,11.83984,recorder
20260925-072918_perlmutter_cb90a27f,ours_l01_s1_pv2_r2_pv3c_eps05_trace-a2e8ab_b16_k8_isolated,isolated,ours,12,5,l0_ms,10.966368,recorder
20260925-072918_perlmutter_cb90a27f,ours_l01_s1_pv2_r2_pv3c_eps05_trace-a2e8ab_b16_k8_isolated,isolated,ours,12,6,l0_ms,11.229248,recorder
20260925-072918_perlmutter_cb90a27f,ours_l01_s1_pv2_r2_pv3c_eps05_trace-a2e8ab_b16_k8_isolated,isolated,ours,12,7,l0_ms,9.722144,recorder
20260925-072918_perlmutter_cb90a27f,ours_l01_s1_pv2_r2_pv3c_eps05_trace-a2e8ab_b16_k8_isolated,isolated,ours,12,8,l0_ms,10.172192,recorder
20260925-072918_perlmutter_cb90a27f,ours_l01_s1_pv2_r2_pv3c_eps05_trace-a2e8ab_b16_k8_isolated,isolated,ours,12,9,l0_ms,10.352,recorder
20260925-072918_perlmutter_cb90a27f,ours_l01_s1_pv2_r2_pv3c_eps05_trace-a2e8ab_b16_k8_isolated,isolated,ours,12,0,act_ms,0.098176,recorder
20260925-072918_perlmutter_cb90a27f,ours_l01_s1_pv2_r2_pv3c_eps05_trace-a2e8ab_b16_k8_isolated,isolated,ours,12,1,act_ms,0.095552,recorder
20260925-072918_perlmutter_cb90a27f,ours_l01_s1_pv2_r2_pv3c_eps05_trace-a2e8ab_b16_k8_isolated,isolated,ours,12,2,act_ms,0.096736,recorder
20260925-072918_perlmutter_cb90a27f,ours_l01_s1_pv2_r2_pv3c_eps05_trace-a2e8ab_b16_k8_isolated,isolated,ours,12,3,act_ms,0.095424,recorder
20260925-072918_perlmutter_cb90a27f,ours_l01_s1_pv2_r2_pv3c_eps05_trace-a2e8ab_b16_k8_isolated,isolated,ours,12,4,act_ms,0.09728,recorder
20260925-072918_perlmutter_cb90a27f,ours_l01_s1_pv2_r2_pv3c_eps05_trace-a2e8ab_b16_k8_isolated,isolated,ours,12,5,act_ms,0.091936,recorder
20260925-072918_perlmutter_cb90a27f,ours_l01_s1_pv2_r2_pv3c_eps05_trace-a2e8ab_b16_k8_isolated,isolated,ours,12,6,act_ms,0.09472,recorder
20260925-072918_perlmutter_cb90a27f,ours_l01_s1_pv2_r2_pv3c_eps05_trace-a2e8ab_b16_k8_isolated,isolated,ours,12,7,act_ms,0.096128,recorder
20260925-072918_perlmutter_cb90a27f,ours_l01_s1_pv2_r2_pv3c_eps05_trace-a2e8ab_b16_k8_isolated,isolated,ours,12,8,act_ms,0.096896,recorder
20260925-072918_perlmutter_cb90a27f,ours_l01_s1_pv2_r2_pv3c_eps05_trace-a2e8ab_b16_k8_isolated,isolated,ours,12,9,act_ms,0.09712,recorder
20260925-072918_perlmutter_cb90a27f,ours_l01_s1_pv2_r2_pv3c_eps05_trace-a2e8ab_b16_k8_isolated,isolated,ours,12,0,l1_ms,487.984314,recorder
20260925-072918_perlmutter_cb90a27f,ours_l01_s1_pv2_r2_pv3c_eps05_trace-a2e8ab_b16_k8_isolated,isolated,ours,12,1,l1_ms,337.062042,recorder
20260925-072918_perlmutter_cb90a27f,ours_l01_s1_pv2_r2_pv3c_eps05_trace-a2e8ab_b16_k8_isolated,isolated,ours,12,2,l1_ms,9.511136,recorder
20260925-072918_perlmutter_cb90a27f,ours_l01_s1_pv2_r2_pv3c_eps05_trace-a2e8ab_b16_k8_isolated,isolated,ours,12,3,l1_ms,486.597717,recorder
20260925-072918_perlmutter_cb90a27f,ours_l01_s1_pv2_r2_pv3c_eps05_trace-a2e8ab_b16_k8_isolated,isolated,ours,12,4,l1_ms,428.093903,recorder
20260925-072918_perlmutter_cb90a27f,ours_l01_s1_pv2_r2_pv3c_eps05_trace-a2e8ab_b16_k8_isolated,isolated,ours,12,5,l1_ms,11.311392,recorder
20260925-072918_perlmutter_cb90a27f,ours_l01_s1_pv2_r2_pv3c_eps05_trace-a2e8ab_b16_k8_isolated,isolated,ours,12,6,l1_ms,10.176928,recorder
20260925-072918_perlmutter_cb90a27f,ours_l01_s1_pv2_r2_pv3c_eps05_trace-a2e8ab_b16_k8_isolated,isolated,ours,12,7,l1_ms,482.970551,recorder
20260925-072918_perlmutter_cb90a27f,ours_l01_s1_pv2_r2_pv3c_eps05_trace-a2e8ab_b16_k8_isolated,isolated,ours,12,8,l1_ms,9.706592,recorder
20260925-072918_perlmutter_cb90a27f,ours_l01_s1_pv2_r2_pv3c_eps05_trace-a2e8ab_b16_k8_isolated,isolated,ours,12,9,l1_ms,339.166565,recorder
20260925-072918_perlmutter_cb90a27f,ours_l01_s1_pv2_r2_pv3c_eps05_trace-a2e8ab_b16_k8_isolated,isolated,ours,12,0,plan_comm_ms,0.556704,recorder
20260925-072918_perlmutter_cb90a27f,ours_l01_s1_pv2_r2_pv3c_eps05_trace-a2e8ab_b16_k8_isolated,isolated,ours,12,1,plan_comm_ms,0.665504,recorder
20260925-072918_perlmutter_cb90a27f,ours_l01_s1_pv2_r2_pv3c_eps05_trace-a2e8ab_b16_k8_isolated,isolated,ours,12,2,plan_comm_ms,0.573856,recorder
20260925-072918_perlmutter_cb90a27f,ours_l01_s1_pv2_r2_pv3c_eps05_trace-a2e8ab_b16_k8_isolated,isolated,ours,12,3,plan_comm_ms,0.55504,recorder
20260925-072918_perlmutter_cb90a27f,ours_l01_s1_pv2_r2_pv3c_eps05_trace-a2e8ab_b16_k8_isolated,isolated,ours,12,4,plan_comm_ms,0.632928,recorder
20260925-072918_perlmutter_cb90a27f,ours_l01_s1_pv2_r2_pv3c_eps05_trace-a2e8ab_b16_k8_isolated,isolated,ours,12,5,plan_comm_ms,0.83968,recorder
20260925-072918_perlmutter_cb90a27f,ours_l01_s1_pv2_r2_pv3c_eps05_trace-a2e8ab_b16_k8_isolated,isolated,ours,12,6,plan_comm_ms,0.600768,recorder
20260925-072918_perlmutter_cb90a27f,ours_l01_s1_pv2_r2_pv3c_eps05_trace-a2e8ab_b16_k8_isolated,isolated,ours,12,7,plan_comm_ms,0.641408,recorder
20260925-072918_perlmutter_cb90a27f,ours_l01_s1_pv2_r2_pv3c_eps05_trace-a2e8ab_b16_k8_isolated,isolated,ours,12,8,plan_comm_ms,0.90656,recorder
20260925-072918_perlmutter_cb90a27f,ours_l01_s1_pv2_r2_pv3c_eps05_trace-a2e8ab_b16_k8_isolated,isolated,ours,12,9,plan_comm_ms,0.666272,recorder
20260925-072918_perlmutter_cb90a27f,ours_l01_s1_pv2_r2_pv3c_eps05_trace-a2e8ab_b16_k8_isolated,isolated,ours,12,0,place_ms,0.002336,recorder
20260925-072918_perlmutter_cb90a27f,ours_l01_s1_pv2_r2_pv3c_eps05_trace-a2e8ab_b16_k8_isolated,isolated,ours,12,1,place_ms,0.002368,recorder
20260925-072918_perlmutter_cb90a27f,ours_l01_s1_pv2_r2_pv3c_eps05_trace-a2e8ab_b16_k8_isolated,isolated,ours,12,2,place_ms,0.002336,recorder
20260925-072918_perlmutter_cb90a27f,ours_l01_s1_pv2_r2_pv3c_eps05_trace-a2e8ab_b16_k8_isolated,isolated,ours,12,3,place_ms,0.002336,recorder
20260925-072918_perlmutter_cb90a27f,ours_l01_s1_pv2_r2_pv3c_eps05_trace-a2e8ab_b16_k8_isolated,isolated,ours,12,4,place_ms,0.002656,recorder
20260925-072918_perlmutter_cb90a27f,ours_l01_s1_pv2_r2_pv3c_eps05_trace-a2e8ab_b16_k8_isolated,isolated,ours,12,5,place_ms,0.002336,recorder
20260925-072918_perlmutter_cb90a27f,ours_l01_s1_pv2_r2_pv3c_eps05_trace-a2e8ab_b16_k8_isolated,isolated,ours,12,6,place_ms,0.002336,recorder
20260925-072918_perlmutter_cb90a27f,ours_l01_s1_pv2_r2_pv3c_eps05_trace-a2e8ab_b16_k8_isolated,isolated,ours,12,7,place_ms,0.002368,recorder
20260925-072918_perlmutter_cb90a27f,ours_l01_s1_pv2_r2_pv3c_eps05_trace-a2e8ab_b16_k8_isolated,isolated,ours,12,8,place_ms,0.002368,recorder
20260925-072918_perlmutter_cb90a27f,ours_l01_s1_pv2_r2_pv3c_eps05_trace-a2e8ab_b16_k8_isolated,isolated,ours,12,9,place_ms,0.002336,recorder
20260925-072918_perlmutter_cb90a27f,ours_l01_s1_pv2_r2_pv3c_eps05_trace-a2e8ab_b16_k8_isolated,isolated,ours,12,0,plan_ms,2.090368,recorder
20260925-072918_perlmutter_cb90a27f,ours_l01_s1_pv2_r2_pv3c_eps05_trace-a2e8ab_b16_k8_isolated,isolated,ours,12,1,plan_ms,2.10016,recorder
20260925-072918_perlmutter_cb90a27f,ours_l01_s1_pv2_r2_pv3c_eps05_trace-a2e8ab_b16_k8_isolated,isolated,ours,12,2,plan_ms,2.113888,recorder
20260925-072918_perlmutter_cb90a27f,ours_l01_s1_pv2_r2_pv3c_eps05_trace-a2e8ab_b16_k8_isolated,isolated,ours,12,3,plan_ms,2.047296,recorder
20260925-072918_perlmutter_cb90a27f,ours_l01_s1_pv2_r2_pv3c_eps05_trace-a2e8ab_b16_k8_isolated,isolated,ours,12,4,plan_ms,2.051168,recorder
20260925-072918_perlmutter_cb90a27f,ours_l01_s1_pv2_r2_pv3c_eps05_trace-a2e8ab_b16_k8_isolated,isolated,ours,12,5,plan_ms,2.102272,recorder
20260925-072918_perlmutter_cb90a27f,ours_l01_s1_pv2_r2_pv3c_eps05_trace-a2e8ab_b16_k8_isolated,isolated,ours,12,6,plan_ms,2.095744,recorder
20260925-072918_perlmutter_cb90a27f,ours_l01_s1_pv2_r2_pv3c_eps05_trace-a2e8ab_b16_k8_isolated,isolated,ours,12,7,plan_ms,2.02144,recorder
20260925-072918_perlmutter_cb90a27f,ours_l01_s1_pv2_r2_pv3c_eps05_trace-a2e8ab_b16_k8_isolated,isolated,ours,12,8,plan_ms,2.010816,recorder
20260925-072918_perlmutter_cb90a27f,ours_l01_s1_pv2_r2_pv3c_eps05_trace-a2e8ab_b16_k8_isolated,isolated,ours,12,9,plan_ms,1.99328,recorder
20260925-072918_perlmutter_cb90a27f,ours_l01_s1_pv2_r2_pv3c_eps05_trace-a2e8ab_b16_k8_isolated,isolated,ours,12,0,total_ms,501.174438,recorder
20260925-072918_perlmutter_cb90a27f,ours_l01_s1_pv2_r2_pv3c_eps05_trace-a2e8ab_b16_k8_isolated,isolated,ours,12,1,total_ms,350.475342,recorder
20260925-072918_perlmutter_cb90a27f,ours_l01_s1_pv2_r2_pv3c_eps05_trace-a2e8ab_b16_k8_isolated,isolated,ours,12,2,total_ms,22.599585,recorder
20260925-072918_perlmutter_cb90a27f,ours_l01_s1_pv2_r2_pv3c_eps05_trace-a2e8ab_b16_k8_isolated,isolated,ours,12,3,total_ms,501.133423,recorder
20260925-072918_perlmutter_cb90a27f,ours_l01_s1_pv2_r2_pv3c_eps05_trace-a2e8ab_b16_k8_isolated,isolated,ours,12,4,total_ms,442.726471,recorder
20260925-072918_perlmutter_cb90a27f,ours_l01_s1_pv2_r2_pv3c_eps05_trace-a2e8ab_b16_k8_isolated,isolated,ours,12,5,total_ms,25.323008,recorder
20260925-072918_perlmutter_cb90a27f,ours_l01_s1_pv2_r2_pv3c_eps05_trace-a2e8ab_b16_k8_isolated,isolated,ours,12,6,total_ms,24.208769,recorder
20260925-072918_perlmutter_cb90a27f,ours_l01_s1_pv2_r2_pv3c_eps05_trace-a2e8ab_b16_k8_isolated,isolated,ours,12,7,total_ms,495.463104,recorder
20260925-072918_perlmutter_cb90a27f,ours_l01_s1_pv2_r2_pv3c_eps05_trace-a2e8ab_b16_k8_isolated,isolated,ours,12,8,total_ms,22.904736,recorder
20260925-072918_perlmutter_cb90a27f,ours_l01_s1_pv2_r2_pv3c_eps05_trace-a2e8ab_b16_k8_isolated,isolated,ours,12,9,total_ms,352.286743,recorder
20260925-072918_perlmutter_cb90a27f,ours_l01_s1_pv2_r2_pv3c_eps05_trace-a2e8ab_b16_k8_isolated,isolated,ours,12,0,iso_sync_ms,19.454023,recorder
20260925-072918_perlmutter_cb90a27f,ours_l01_s1_pv2_r2_pv3c_eps05_trace-a2e8ab_b16_k8_isolated,isolated,ours,12,1,iso_sync_ms,498.393172,recorder
20260925-072918_perlmutter_cb90a27f,ours_l01_s1_pv2_r2_pv3c_eps05_trace-a2e8ab_b16_k8_isolated,isolated,ours,12,2,iso_sync_ms,346.502594,recorder
20260925-072918_perlmutter_cb90a27f,ours_l01_s1_pv2_r2_pv3c_eps05_trace-a2e8ab_b16_k8_isolated,isolated,ours,12,3,iso_sync_ms,17.732257,recorder
20260925-072918_perlmutter_cb90a27f,ours_l01_s1_pv2_r2_pv3c_eps05_trace-a2e8ab_b16_k8_isolated,isolated,ours,12,4,iso_sync_ms,497.476776,recorder
20260925-072918_perlmutter_cb90a27f,ours_l01_s1_pv2_r2_pv3c_eps05_trace-a2e8ab_b16_k8_isolated,isolated,ours,12,5,iso_sync_ms,438.626194,recorder
20260925-072918_perlmutter_cb90a27f,ours_l01_s1_pv2_r2_pv3c_eps05_trace-a2e8ab_b16_k8_isolated,isolated,ours,12,6,iso_sync_ms,20.881427,recorder
20260925-072918_perlmutter_cb90a27f,ours_l01_s1_pv2_r2_pv3c_eps05_trace-a2e8ab_b16_k8_isolated,isolated,ours,12,7,iso_sync_ms,20.208833,recorder
20260925-072918_perlmutter_cb90a27f,ours_l01_s1_pv2_r2_pv3c_eps05_trace-a2e8ab_b16_k8_isolated,isolated,ours,12,8,iso_sync_ms,491.844046,recorder
20260925-072918_perlmutter_cb90a27f,ours_l01_s1_pv2_r2_pv3c_eps05_trace-a2e8ab_b16_k8_isolated,isolated,ours,12,9,iso_sync_ms,18.54445,recorder
20260925-072918_perlmutter_cb90a27f,ours_l01_s1_pv2_r2_pv3c_eps05_trace-a2e8ab_b16_k8_isolated,isolated,ours,13,0,e2e_ms,498.52887,recorder
20260925-072918_perlmutter_cb90a27f,ours_l01_s1_pv2_r2_pv3c_eps05_trace-a2e8ab_b16_k8_isolated,isolated,ours,13,1,e2e_ms,347.719818,recorder
20260925-072918_perlmutter_cb90a27f,ours_l01_s1_pv2_r2_pv3c_eps05_trace-a2e8ab_b16_k8_isolated,isolated,ours,13,2,e2e_ms,19.981024,recorder
20260925-072918_perlmutter_cb90a27f,ours_l01_s1_pv2_r2_pv3c_eps05_trace-a2e8ab_b16_k8_isolated,isolated,ours,13,3,e2e_ms,498.470001,recorder
20260925-072918_perlmutter_cb90a27f,ours_l01_s1_pv2_r2_pv3c_eps05_trace-a2e8ab_b16_k8_isolated,isolated,ours,13,4,e2e_ms,440.016205,recorder
20260925-072918_perlmutter_cb90a27f,ours_l01_s1_pv2_r2_pv3c_eps05_trace-a2e8ab_b16_k8_isolated,isolated,ours,13,5,e2e_ms,22.381376,recorder
20260925-072918_perlmutter_cb90a27f,ours_l01_s1_pv2_r2_pv3c_eps05_trace-a2e8ab_b16_k8_isolated,isolated,ours,13,6,e2e_ms,21.543488,recorder
20260925-072918_perlmutter_cb90a27f,ours_l01_s1_pv2_r2_pv3c_eps05_trace-a2e8ab_b16_k8_isolated,isolated,ours,13,7,e2e_ms,492.852234,recorder
20260925-072918_perlmutter_cb90a27f,ours_l01_s1_pv2_r2_pv3c_eps05_trace-a2e8ab_b16_k8_isolated,isolated,ours,13,8,e2e_ms,19.984097,recorder
20260925-072918_perlmutter_cb90a27f,ours_l01_s1_pv2_r2_pv3c_eps05_trace-a2e8ab_b16_k8_isolated,isolated,ours,13,9,e2e_ms,349.60434,recorder
20260925-072918_perlmutter_cb90a27f,ours_l01_s1_pv2_r2_pv3c_eps05_trace-a2e8ab_b16_k8_isolated,isolated,ours,13,0,l0_ms,10.451424,recorder
20260925-072918_perlmutter_cb90a27f,ours_l01_s1_pv2_r2_pv3c_eps05_trace-a2e8ab_b16_k8_isolated,isolated,ours,13,1,l0_ms,10.590144,recorder
20260925-072918_perlmutter_cb90a27f,ours_l01_s1_pv2_r2_pv3c_eps05_trace-a2e8ab_b16_k8_isolated,isolated,ours,13,2,l0_ms,10.365024,recorder
20260925-072918_perlmutter_cb90a27f,ours_l01_s1_pv2_r2_pv3c_eps05_trace-a2e8ab_b16_k8_isolated,isolated,ours,13,3,l0_ms,11.832928,recorder
20260925-072918_perlmutter_cb90a27f,ours_l01_s1_pv2_r2_pv3c_eps05_trace-a2e8ab_b16_k8_isolated,isolated,ours,13,4,l0_ms,11.824032,recorder
20260925-072918_perlmutter_cb90a27f,ours_l01_s1_pv2_r2_pv3c_eps05_trace-a2e8ab_b16_k8_isolated,isolated,ours,13,5,l0_ms,10.97472,recorder
20260925-072918_perlmutter_cb90a27f,ours_l01_s1_pv2_r2_pv3c_eps05_trace-a2e8ab_b16_k8_isolated,isolated,ours,13,6,l0_ms,11.258656,recorder
20260925-072918_perlmutter_cb90a27f,ours_l01_s1_pv2_r2_pv3c_eps05_trace-a2e8ab_b16_k8_isolated,isolated,ours,13,7,l0_ms,9.731904,recorder
20260925-072918_perlmutter_cb90a27f,ours_l01_s1_pv2_r2_pv3c_eps05_trace-a2e8ab_b16_k8_isolated,isolated,ours,13,8,l0_ms,10.1872,recorder
20260925-072918_perlmutter_cb90a27f,ours_l01_s1_pv2_r2_pv3c_eps05_trace-a2e8ab_b16_k8_isolated,isolated,ours,13,9,l0_ms,10.344096,recorder
20260925-072918_perlmutter_cb90a27f,ours_l01_s1_pv2_r2_pv3c_eps05_trace-a2e8ab_b16_k8_isolated,isolated,ours,13,0,act_ms,0.075712,recorder
20260925-072918_perlmutter_cb90a27f,ours_l01_s1_pv2_r2_pv3c_eps05_trace-a2e8ab_b16_k8_isolated,isolated,ours,13,1,act_ms,0.07872,recorder
20260925-072918_perlmutter_cb90a27f,ours_l01_s1_pv2_r2_pv3c_eps05_trace-a2e8ab_b16_k8_isolated,isolated,ours,13,2,act_ms,0.088032,recorder
20260925-072918_perlmutter_cb90a27f,ours_l01_s1_pv2_r2_pv3c_eps05_trace-a2e8ab_b16_k8_isolated,isolated,ours,13,3,act_ms,0.093792,recorder
20260925-072918_perlmutter_cb90a27f,ours_l01_s1_pv2_r2_pv3c_eps05_trace-a2e8ab_b16_k8_isolated,isolated,ours,13,4,act_ms,0.092064,recorder
20260925-072918_perlmutter_cb90a27f,ours_l01_s1_pv2_r2_pv3c_eps05_trace-a2e8ab_b16_k8_isolated,isolated,ours,13,5,act_ms,0.074976,recorder
20260925-072918_perlmutter_cb90a27f,ours_l01_s1_pv2_r2_pv3c_eps05_trace-a2e8ab_b16_k8_isolated,isolated,ours,13,6,act_ms,0.089632,recorder
20260925-072918_perlmutter_cb90a27f,ours_l01_s1_pv2_r2_pv3c_eps05_trace-a2e8ab_b16_k8_isolated,isolated,ours,13,7,act_ms,0.089184,recorder
20260925-072918_perlmutter_cb90a27f,ours_l01_s1_pv2_r2_pv3c_eps05_trace-a2e8ab_b16_k8_isolated,isolated,ours,13,8,act_ms,0.075968,recorder
20260925-072918_perlmutter_cb90a27f,ours_l01_s1_pv2_r2_pv3c_eps05_trace-a2e8ab_b16_k8_isolated,isolated,ours,13,9,act_ms,0.090688,recorder
20260925-072918_perlmutter_cb90a27f,ours_l01_s1_pv2_r2_pv3c_eps05_trace-a2e8ab_b16_k8_isolated,isolated,ours,13,0,l1_ms,488.00174,recorder
20260925-072918_perlmutter_cb90a27f,ours_l01_s1_pv2_r2_pv3c_eps05_trace-a2e8ab_b16_k8_isolated,isolated,ours,13,1,l1_ms,337.050934,recorder
20260925-072918_perlmutter_cb90a27f,ours_l01_s1_pv2_r2_pv3c_eps05_trace-a2e8ab_b16_k8_isolated,isolated,ours,13,2,l1_ms,9.527968,recorder
20260925-072918_perlmutter_cb90a27f,ours_l01_s1_pv2_r2_pv3c_eps05_trace-a2e8ab_b16_k8_isolated,isolated,ours,13,3,l1_ms,486.543304,recorder
20260925-072918_perlmutter_cb90a27f,ours_l01_s1_pv2_r2_pv3c_eps05_trace-a2e8ab_b16_k8_isolated,isolated,ours,13,4,l1_ms,428.100098,recorder
20260925-072918_perlmutter_cb90a27f,ours_l01_s1_pv2_r2_pv3c_eps05_trace-a2e8ab_b16_k8_isolated,isolated,ours,13,5,l1_ms,11.33168,recorder
20260925-072918_perlmutter_cb90a27f,ours_l01_s1_pv2_r2_pv3c_eps05_trace-a2e8ab_b16_k8_isolated,isolated,ours,13,6,l1_ms,10.1952,recorder
20260925-072918_perlmutter_cb90a27f,ours_l01_s1_pv2_r2_pv3c_eps05_trace-a2e8ab_b16_k8_isolated,isolated,ours,13,7,l1_ms,483.031128,recorder
20260925-072918_perlmutter_cb90a27f,ours_l01_s1_pv2_r2_pv3c_eps05_trace-a2e8ab_b16_k8_isolated,isolated,ours,13,8,l1_ms,9.720928,recorder
20260925-072918_perlmutter_cb90a27f,ours_l01_s1_pv2_r2_pv3c_eps05_trace-a2e8ab_b16_k8_isolated,isolated,ours,13,9,l1_ms,339.169556,recorder
20260925-072918_perlmutter_cb90a27f,ours_l01_s1_pv2_r2_pv3c_eps05_trace-a2e8ab_b16_k8_isolated,isolated,ours,13,0,plan_comm_ms,0.56064,recorder
20260925-072918_perlmutter_cb90a27f,ours_l01_s1_pv2_r2_pv3c_eps05_trace-a2e8ab_b16_k8_isolated,isolated,ours,13,1,plan_comm_ms,0.861344,recorder
20260925-072918_perlmutter_cb90a27f,ours_l01_s1_pv2_r2_pv3c_eps05_trace-a2e8ab_b16_k8_isolated,isolated,ours,13,2,plan_comm_ms,0.8888,recorder
20260925-072918_perlmutter_cb90a27f,ours_l01_s1_pv2_r2_pv3c_eps05_trace-a2e8ab_b16_k8_isolated,isolated,ours,13,3,plan_comm_ms,0.555936,recorder
20260925-072918_perlmutter_cb90a27f,ours_l01_s1_pv2_r2_pv3c_eps05_trace-a2e8ab_b16_k8_isolated,isolated,ours,13,4,plan_comm_ms,0.588448,recorder
20260925-072918_perlmutter_cb90a27f,ours_l01_s1_pv2_r2_pv3c_eps05_trace-a2e8ab_b16_k8_isolated,isolated,ours,13,5,plan_comm_ms,0.8424,recorder
20260925-072918_perlmutter_cb90a27f,ours_l01_s1_pv2_r2_pv3c_eps05_trace-a2e8ab_b16_k8_isolated,isolated,ours,13,6,plan_comm_ms,0.602752,recorder
20260925-072918_perlmutter_cb90a27f,ours_l01_s1_pv2_r2_pv3c_eps05_trace-a2e8ab_b16_k8_isolated,isolated,ours,13,7,plan_comm_ms,0.644832,recorder
20260925-072918_perlmutter_cb90a27f,ours_l01_s1_pv2_r2_pv3c_eps05_trace-a2e8ab_b16_k8_isolated,isolated,ours,13,8,plan_comm_ms,0.911168,recorder
20260925-072918_perlmutter_cb90a27f,ours_l01_s1_pv2_r2_pv3c_eps05_trace-a2e8ab_b16_k8_isolated,isolated,ours,13,9,plan_comm_ms,0.672832,recorder
20260925-072918_perlmutter_cb90a27f,ours_l01_s1_pv2_r2_pv3c_eps05_trace-a2e8ab_b16_k8_isolated,isolated,ours,13,0,place_ms,0.002496,recorder
20260925-072918_perlmutter_cb90a27f,ours_l01_s1_pv2_r2_pv3c_eps05_trace-a2e8ab_b16_k8_isolated,isolated,ours,13,1,place_ms,0.002336,recorder
20260925-072918_perlmutter_cb90a27f,ours_l01_s1_pv2_r2_pv3c_eps05_trace-a2e8ab_b16_k8_isolated,isolated,ours,13,2,place_ms,0.002304,recorder
20260925-072918_perlmutter_cb90a27f,ours_l01_s1_pv2_r2_pv3c_eps05_trace-a2e8ab_b16_k8_isolated,isolated,ours,13,3,place_ms,0.002304,recorder
20260925-072918_perlmutter_cb90a27f,ours_l01_s1_pv2_r2_pv3c_eps05_trace-a2e8ab_b16_k8_isolated,isolated,ours,13,4,place_ms,0.002304,recorder
20260925-072918_perlmutter_cb90a27f,ours_l01_s1_pv2_r2_pv3c_eps05_trace-a2e8ab_b16_k8_isolated,isolated,ours,13,5,place_ms,0.002304,recorder
20260925-072918_perlmutter_cb90a27f,ours_l01_s1_pv2_r2_pv3c_eps05_trace-a2e8ab_b16_k8_isolated,isolated,ours,13,6,place_ms,0.002304,recorder
20260925-072918_perlmutter_cb90a27f,ours_l01_s1_pv2_r2_pv3c_eps05_trace-a2e8ab_b16_k8_isolated,isolated,ours,13,7,place_ms,0.002336,recorder
20260925-072918_perlmutter_cb90a27f,ours_l01_s1_pv2_r2_pv3c_eps05_trace-a2e8ab_b16_k8_isolated,isolated,ours,13,8,place_ms,0.002304,recorder
20260925-072918_perlmutter_cb90a27f,ours_l01_s1_pv2_r2_pv3c_eps05_trace-a2e8ab_b16_k8_isolated,isolated,ours,13,9,place_ms,0.002336,recorder
20260925-072918_perlmutter_cb90a27f,ours_l01_s1_pv2_r2_pv3c_eps05_trace-a2e8ab_b16_k8_isolated,isolated,ours,13,0,plan_ms,2.077504,recorder
20260925-072918_perlmutter_cb90a27f,ours_l01_s1_pv2_r2_pv3c_eps05_trace-a2e8ab_b16_k8_isolated,isolated,ours,13,1,plan_ms,2.049408,recorder
20260925-072918_perlmutter_cb90a27f,ours_l01_s1_pv2_r2_pv3c_eps05_trace-a2e8ab_b16_k8_isolated,isolated,ours,13,2,plan_ms,2.036864,recorder
20260925-072918_perlmutter_cb90a27f,ours_l01_s1_pv2_r2_pv3c_eps05_trace-a2e8ab_b16_k8_isolated,isolated,ours,13,3,plan_ms,2.038688,recorder
20260925-072918_perlmutter_cb90a27f,ours_l01_s1_pv2_r2_pv3c_eps05_trace-a2e8ab_b16_k8_isolated,isolated,ours,13,4,plan_ms,2.070176,recorder
20260925-072918_perlmutter_cb90a27f,ours_l01_s1_pv2_r2_pv3c_eps05_trace-a2e8ab_b16_k8_isolated,isolated,ours,13,5,plan_ms,2.09344,recorder
20260925-072918_perlmutter_cb90a27f,ours_l01_s1_pv2_r2_pv3c_eps05_trace-a2e8ab_b16_k8_isolated,isolated,ours,13,6,plan_ms,2.087072,recorder
20260925-072918_perlmutter_cb90a27f,ours_l01_s1_pv2_r2_pv3c_eps05_trace-a2e8ab_b16_k8_isolated,isolated,ours,13,7,plan_ms,2.01136,recorder
20260925-072918_perlmutter_cb90a27f,ours_l01_s1_pv2_r2_pv3c_eps05_trace-a2e8ab_b16_k8_isolated,isolated,ours,13,8,plan_ms,2.005056,recorder
20260925-072918_perlmutter_cb90a27f,ours_l01_s1_pv2_r2_pv3c_eps05_trace-a2e8ab_b16_k8_isolated,isolated,ours,13,9,plan_ms,1.990624,recorder
20260925-072918_perlmutter_cb90a27f,ours_l01_s1_pv2_r2_pv3c_eps05_trace-a2e8ab_b16_k8_isolated,isolated,ours,13,0,total_ms,501.17984,recorder
20260925-072918_perlmutter_cb90a27f,ours_l01_s1_pv2_r2_pv3c_eps05_trace-a2e8ab_b16_k8_isolated,isolated,ours,13,1,total_ms,350.643402,recorder
20260925-072918_perlmutter_cb90a27f,ours_l01_s1_pv2_r2_pv3c_eps05_trace-a2e8ab_b16_k8_isolated,isolated,ours,13,2,total_ms,22.919552,recorder
20260925-072918_perlmutter_cb90a27f,ours_l01_s1_pv2_r2_pv3c_eps05_trace-a2e8ab_b16_k8_isolated,isolated,ours,13,3,total_ms,501.076935,recorder
20260925-072918_perlmutter_cb90a27f,ours_l01_s1_pv2_r2_pv3c_eps05_trace-a2e8ab_b16_k8_isolated,isolated,ours,13,4,total_ms,442.686951,recorder
20260925-072918_perlmutter_cb90a27f,ours_l01_s1_pv2_r2_pv3c_eps05_trace-a2e8ab_b16_k8_isolated,isolated,ours,13,5,total_ms,25.329151,recorder
20260925-072918_perlmutter_cb90a27f,ours_l01_s1_pv2_r2_pv3c_eps05_trace-a2e8ab_b16_k8_isolated,isolated,ours,13,6,total_ms,24.245312,recorder
20260925-072918_perlmutter_cb90a27f,ours_l01_s1_pv2_r2_pv3c_eps05_trace-a2e8ab_b16_k8_isolated,isolated,ours,13,7,total_ms,495.520813,recorder
20260925-072918_perlmutter_cb90a27f,ours_l01_s1_pv2_r2_pv3c_eps05_trace-a2e8ab_b16_k8_isolated,isolated,ours,13,8,total_ms,22.912704,recorder
20260925-072918_perlmutter_cb90a27f,ours_l01_s1_pv2_r2_pv3c_eps05_trace-a2e8ab_b16_k8_isolated,isolated,ours,13,9,total_ms,352.279999,recorder
20260925-072918_perlmutter_cb90a27f,ours_l01_s1_pv2_r2_pv3c_eps05_trace-a2e8ab_b16_k8_isolated,isolated,ours,13,0,iso_sync_ms,19.464663,recorder
20260925-072918_perlmutter_cb90a27f,ours_l01_s1_pv2_r2_pv3c_eps05_trace-a2e8ab_b16_k8_isolated,isolated,ours,13,1,iso_sync_ms,498.358444,recorder
20260925-072918_perlmutter_cb90a27f,ours_l01_s1_pv2_r2_pv3c_eps05_trace-a2e8ab_b16_k8_isolated,isolated,ours,13,2,iso_sync_ms,346.682693,recorder
20260925-072918_perlmutter_cb90a27f,ours_l01_s1_pv2_r2_pv3c_eps05_trace-a2e8ab_b16_k8_isolated,isolated,ours,13,3,iso_sync_ms,18.591571,recorder
20260925-072918_perlmutter_cb90a27f,ours_l01_s1_pv2_r2_pv3c_eps05_trace-a2e8ab_b16_k8_isolated,isolated,ours,13,4,iso_sync_ms,497.569175,recorder
20260925-072918_perlmutter_cb90a27f,ours_l01_s1_pv2_r2_pv3c_eps05_trace-a2e8ab_b16_k8_isolated,isolated,ours,13,5,iso_sync_ms,437.620095,recorder
20260925-072918_perlmutter_cb90a27f,ours_l01_s1_pv2_r2_pv3c_eps05_trace-a2e8ab_b16_k8_isolated,isolated,ours,13,6,iso_sync_ms,20.85695,recorder
20260925-072918_perlmutter_cb90a27f,ours_l01_s1_pv2_r2_pv3c_eps05_trace-a2e8ab_b16_k8_isolated,isolated,ours,13,7,iso_sync_ms,20.180018,recorder
20260925-072918_perlmutter_cb90a27f,ours_l01_s1_pv2_r2_pv3c_eps05_trace-a2e8ab_b16_k8_isolated,isolated,ours,13,8,iso_sync_ms,491.832644,recorder
20260925-072918_perlmutter_cb90a27f,ours_l01_s1_pv2_r2_pv3c_eps05_trace-a2e8ab_b16_k8_isolated,isolated,ours,13,9,iso_sync_ms,18.489935,recorder
20260925-072918_perlmutter_cb90a27f,ours_l01_s1_pv2_r2_pv3c_eps05_trace-a2e8ab_b16_k8_isolated,isolated,ours,14,0,e2e_ms,498.546631,recorder
20260925-072918_perlmutter_cb90a27f,ours_l01_s1_pv2_r2_pv3c_eps05_trace-a2e8ab_b16_k8_isolated,isolated,ours,14,1,e2e_ms,347.697723,recorder
20260925-072918_perlmutter_cb90a27f,ours_l01_s1_pv2_r2_pv3c_eps05_trace-a2e8ab_b16_k8_isolated,isolated,ours,14,2,e2e_ms,20.006687,recorder
20260925-072918_perlmutter_cb90a27f,ours_l01_s1_pv2_r2_pv3c_eps05_trace-a2e8ab_b16_k8_isolated,isolated,ours,14,3,e2e_ms,498.524994,recorder
20260925-072918_perlmutter_cb90a27f,ours_l01_s1_pv2_r2_pv3c_eps05_trace-a2e8ab_b16_k8_isolated,isolated,ours,14,4,e2e_ms,440.040497,recorder
20260925-072918_perlmutter_cb90a27f,ours_l01_s1_pv2_r2_pv3c_eps05_trace-a2e8ab_b16_k8_isolated,isolated,ours,14,5,e2e_ms,22.379744,recorder
20260925-072918_perlmutter_cb90a27f,ours_l01_s1_pv2_r2_pv3c_eps05_trace-a2e8ab_b16_k8_isolated,isolated,ours,14,6,e2e_ms,21.570976,recorder
20260925-072918_perlmutter_cb90a27f,ours_l01_s1_pv2_r2_pv3c_eps05_trace-a2e8ab_b16_k8_isolated,isolated,ours,14,7,e2e_ms,492.798004,recorder
20260925-072918_perlmutter_cb90a27f,ours_l01_s1_pv2_r2_pv3c_eps05_trace-a2e8ab_b16_k8_isolated,isolated,ours,14,8,e2e_ms,19.972544,recorder
20260925-072918_perlmutter_cb90a27f,ours_l01_s1_pv2_r2_pv3c_eps05_trace-a2e8ab_b16_k8_isolated,isolated,ours,14,9,e2e_ms,349.68454,recorder
20260925-072918_perlmutter_cb90a27f,ours_l01_s1_pv2_r2_pv3c_eps05_trace-a2e8ab_b16_k8_isolated,isolated,ours,14,0,l0_ms,10.4536,recorder
20260925-072918_perlmutter_cb90a27f,ours_l01_s1_pv2_r2_pv3c_eps05_trace-a2e8ab_b16_k8_isolated,isolated,ours,14,1,l0_ms,10.579552,recorder
20260925-072918_perlmutter_cb90a27f,ours_l01_s1_pv2_r2_pv3c_eps05_trace-a2e8ab_b16_k8_isolated,isolated,ours,14,2,l0_ms,10.365984,recorder
20260925-072918_perlmutter_cb90a27f,ours_l01_s1_pv2_r2_pv3c_eps05_trace-a2e8ab_b16_k8_isolated,isolated,ours,14,3,l0_ms,11.832544,recorder
20260925-072918_perlmutter_cb90a27f,ours_l01_s1_pv2_r2_pv3c_eps05_trace-a2e8ab_b16_k8_isolated,isolated,ours,14,4,l0_ms,11.85888,recorder
20260925-072918_perlmutter_cb90a27f,ours_l01_s1_pv2_r2_pv3c_eps05_trace-a2e8ab_b16_k8_isolated,isolated,ours,14,5,l0_ms,10.981312,recorder
20260925-072918_perlmutter_cb90a27f,ours_l01_s1_pv2_r2_pv3c_eps05_trace-a2e8ab_b16_k8_isolated,isolated,ours,14,6,l0_ms,11.28848,recorder
20260925-072918_perlmutter_cb90a27f,ours_l01_s1_pv2_r2_pv3c_eps05_trace-a2e8ab_b16_k8_isolated,isolated,ours,14,7,l0_ms,9.734176,recorder
20260925-072918_perlmutter_cb90a27f,ours_l01_s1_pv2_r2_pv3c_eps05_trace-a2e8ab_b16_k8_isolated,isolated,ours,14,8,l0_ms,10.165632,recorder
20260925-072918_perlmutter_cb90a27f,ours_l01_s1_pv2_r2_pv3c_eps05_trace-a2e8ab_b16_k8_isolated,isolated,ours,14,9,l0_ms,10.340192,recorder
20260925-072918_perlmutter_cb90a27f,ours_l01_s1_pv2_r2_pv3c_eps05_trace-a2e8ab_b16_k8_isolated,isolated,ours,14,0,act_ms,0.08448,recorder
20260925-072918_perlmutter_cb90a27f,ours_l01_s1_pv2_r2_pv3c_eps05_trace-a2e8ab_b16_k8_isolated,isolated,ours,14,1,act_ms,0.083008,recorder
20260925-072918_perlmutter_cb90a27f,ours_l01_s1_pv2_r2_pv3c_eps05_trace-a2e8ab_b16_k8_isolated,isolated,ours,14,2,act_ms,0.084,recorder
20260925-072918_perlmutter_cb90a27f,ours_l01_s1_pv2_r2_pv3c_eps05_trace-a2e8ab_b16_k8_isolated,isolated,ours,14,3,act_ms,0.093664,recorder
20260925-072918_perlmutter_cb90a27f,ours_l01_s1_pv2_r2_pv3c_eps05_trace-a2e8ab_b16_k8_isolated,isolated,ours,14,4,act_ms,0.08224,recorder
20260925-072918_perlmutter_cb90a27f,ours_l01_s1_pv2_r2_pv3c_eps05_trace-a2e8ab_b16_k8_isolated,isolated,ours,14,5,act_ms,0.095488,recorder
20260925-072918_perlmutter_cb90a27f,ours_l01_s1_pv2_r2_pv3c_eps05_trace-a2e8ab_b16_k8_isolated,isolated,ours,14,6,act_ms,0.093664,recorder
20260925-072918_perlmutter_cb90a27f,ours_l01_s1_pv2_r2_pv3c_eps05_trace-a2e8ab_b16_k8_isolated,isolated,ours,14,7,act_ms,0.094528,recorder
20260925-072918_perlmutter_cb90a27f,ours_l01_s1_pv2_r2_pv3c_eps05_trace-a2e8ab_b16_k8_isolated,isolated,ours,14,8,act_ms,0.084832,recorder
20260925-072918_perlmutter_cb90a27f,ours_l01_s1_pv2_r2_pv3c_eps05_trace-a2e8ab_b16_k8_isolated,isolated,ours,14,9,act_ms,0.0944,recorder
20260925-072918_perlmutter_cb90a27f,ours_l01_s1_pv2_r2_pv3c_eps05_trace-a2e8ab_b16_k8_isolated,isolated,ours,14,0,l1_ms,488.008545,recorder
20260925-072918_perlmutter_cb90a27f,ours_l01_s1_pv2_r2_pv3c_eps05_trace-a2e8ab_b16_k8_isolated,isolated,ours,14,1,l1_ms,337.035156,recorder
20260925-072918_perlmutter_cb90a27f,ours_l01_s1_pv2_r2_pv3c_eps05_trace-a2e8ab_b16_k8_isolated,isolated,ours,14,2,l1_ms,9.556704,recorder
20260925-072918_perlmutter_cb90a27f,ours_l01_s1_pv2_r2_pv3c_eps05_trace-a2e8ab_b16_k8_isolated,isolated,ours,14,3,l1_ms,486.598785,recorder
20260925-072918_perlmutter_cb90a27f,ours_l01_s1_pv2_r2_pv3c_eps05_trace-a2e8ab_b16_k8_isolated,isolated,ours,14,4,l1_ms,428.099396,recorder
20260925-072918_perlmutter_cb90a27f,ours_l01_s1_pv2_r2_pv3c_eps05_trace-a2e8ab_b16_k8_isolated,isolated,ours,14,5,l1_ms,11.302944,recorder
20260925-072918_perlmutter_cb90a27f,ours_l01_s1_pv2_r2_pv3c_eps05_trace-a2e8ab_b16_k8_isolated,isolated,ours,14,6,l1_ms,10.188832,recorder
20260925-072918_perlmutter_cb90a27f,ours_l01_s1_pv2_r2_pv3c_eps05_trace-a2e8ab_b16_k8_isolated,isolated,ours,14,7,l1_ms,482.969299,recorder
20260925-072918_perlmutter_cb90a27f,ours_l01_s1_pv2_r2_pv3c_eps05_trace-a2e8ab_b16_k8_isolated,isolated,ours,14,8,l1_ms,9.72208,recorder
20260925-072918_perlmutter_cb90a27f,ours_l01_s1_pv2_r2_pv3c_eps05_trace-a2e8ab_b16_k8_isolated,isolated,ours,14,9,l1_ms,339.249939,recorder
20260925-072918_perlmutter_cb90a27f,ours_l01_s1_pv2_r2_pv3c_eps05_trace-a2e8ab_b16_k8_isolated,isolated,ours,14,0,plan_comm_ms,0.55856,recorder
20260925-072918_perlmutter_cb90a27f,ours_l01_s1_pv2_r2_pv3c_eps05_trace-a2e8ab_b16_k8_isolated,isolated,ours,14,1,plan_comm_ms,0.856544,recorder
20260925-072918_perlmutter_cb90a27f,ours_l01_s1_pv2_r2_pv3c_eps05_trace-a2e8ab_b16_k8_isolated,isolated,ours,14,2,plan_comm_ms,0.890624,recorder
20260925-072918_perlmutter_cb90a27f,ours_l01_s1_pv2_r2_pv3c_eps05_trace-a2e8ab_b16_k8_isolated,isolated,ours,14,3,plan_comm_ms,0.556704,recorder
20260925-072918_perlmutter_cb90a27f,ours_l01_s1_pv2_r2_pv3c_eps05_trace-a2e8ab_b16_k8_isolated,isolated,ours,14,4,plan_comm_ms,0.646176,recorder
20260925-072918_perlmutter_cb90a27f,ours_l01_s1_pv2_r2_pv3c_eps05_trace-a2e8ab_b16_k8_isolated,isolated,ours,14,5,plan_comm_ms,0.783744,recorder
20260925-072918_perlmutter_cb90a27f,ours_l01_s1_pv2_r2_pv3c_eps05_trace-a2e8ab_b16_k8_isolated,isolated,ours,14,6,plan_comm_ms,0.600608,recorder
20260925-072918_perlmutter_cb90a27f,ours_l01_s1_pv2_r2_pv3c_eps05_trace-a2e8ab_b16_k8_isolated,isolated,ours,14,7,plan_comm_ms,0.64416,recorder
20260925-072918_perlmutter_cb90a27f,ours_l01_s1_pv2_r2_pv3c_eps05_trace-a2e8ab_b16_k8_isolated,isolated,ours,14,8,plan_comm_ms,0.908864,recorder
20260925-072918_perlmutter_cb90a27f,ours_l01_s1_pv2_r2_pv3c_eps05_trace-a2e8ab_b16_k8_isolated,isolated,ours,14,9,plan_comm_ms,0.671264,recorder
20260925-072918_perlmutter_cb90a27f,ours_l01_s1_pv2_r2_pv3c_eps05_trace-a2e8ab_b16_k8_isolated,isolated,ours,14,0,place_ms,0.002336,recorder
20260925-072918_perlmutter_cb90a27f,ours_l01_s1_pv2_r2_pv3c_eps05_trace-a2e8ab_b16_k8_isolated,isolated,ours,14,1,place_ms,0.002336,recorder
20260925-072918_perlmutter_cb90a27f,ours_l01_s1_pv2_r2_pv3c_eps05_trace-a2e8ab_b16_k8_isolated,isolated,ours,14,2,place_ms,0.002336,recorder
20260925-072918_perlmutter_cb90a27f,ours_l01_s1_pv2_r2_pv3c_eps05_trace-a2e8ab_b16_k8_isolated,isolated,ours,14,3,place_ms,0.002304,recorder
20260925-072918_perlmutter_cb90a27f,ours_l01_s1_pv2_r2_pv3c_eps05_trace-a2e8ab_b16_k8_isolated,isolated,ours,14,4,place_ms,0.002304,recorder
20260925-072918_perlmutter_cb90a27f,ours_l01_s1_pv2_r2_pv3c_eps05_trace-a2e8ab_b16_k8_isolated,isolated,ours,14,5,place_ms,0.0024,recorder
20260925-072918_perlmutter_cb90a27f,ours_l01_s1_pv2_r2_pv3c_eps05_trace-a2e8ab_b16_k8_isolated,isolated,ours,14,6,place_ms,0.002336,recorder
20260925-072918_perlmutter_cb90a27f,ours_l01_s1_pv2_r2_pv3c_eps05_trace-a2e8ab_b16_k8_isolated,isolated,ours,14,7,place_ms,0.002336,recorder
20260925-072918_perlmutter_cb90a27f,ours_l01_s1_pv2_r2_pv3c_eps05_trace-a2e8ab_b16_k8_isolated,isolated,ours,14,8,place_ms,0.002336,recorder
20260925-072918_perlmutter_cb90a27f,ours_l01_s1_pv2_r2_pv3c_eps05_trace-a2e8ab_b16_k8_isolated,isolated,ours,14,9,place_ms,0.002336,recorder
20260925-072918_perlmutter_cb90a27f,ours_l01_s1_pv2_r2_pv3c_eps05_trace-a2e8ab_b16_k8_isolated,isolated,ours,14,0,plan_ms,2.072032,recorder
20260925-072918_perlmutter_cb90a27f,ours_l01_s1_pv2_r2_pv3c_eps05_trace-a2e8ab_b16_k8_isolated,isolated,ours,14,1,plan_ms,2.058432,recorder
20260925-072918_perlmutter_cb90a27f,ours_l01_s1_pv2_r2_pv3c_eps05_trace-a2e8ab_b16_k8_isolated,isolated,ours,14,2,plan_ms,2.039168,recorder
20260925-072918_perlmutter_cb90a27f,ours_l01_s1_pv2_r2_pv3c_eps05_trace-a2e8ab_b16_k8_isolated,isolated,ours,14,3,plan_ms,2.038688,recorder
20260925-072918_perlmutter_cb90a27f,ours_l01_s1_pv2_r2_pv3c_eps05_trace-a2e8ab_b16_k8_isolated,isolated,ours,14,4,plan_ms,2.023456,recorder
20260925-072918_perlmutter_cb90a27f,ours_l01_s1_pv2_r2_pv3c_eps05_trace-a2e8ab_b16_k8_isolated,isolated,ours,14,5,plan_ms,2.09824,recorder
20260925-072918_perlmutter_cb90a27f,ours_l01_s1_pv2_r2_pv3c_eps05_trace-a2e8ab_b16_k8_isolated,isolated,ours,14,6,plan_ms,2.061984,recorder
20260925-072918_perlmutter_cb90a27f,ours_l01_s1_pv2_r2_pv3c_eps05_trace-a2e8ab_b16_k8_isolated,isolated,ours,14,7,plan_ms,2.009888,recorder
20260925-072918_perlmutter_cb90a27f,ours_l01_s1_pv2_r2_pv3c_eps05_trace-a2e8ab_b16_k8_isolated,isolated,ours,14,8,plan_ms,2.01648,recorder
20260925-072918_perlmutter_cb90a27f,ours_l01_s1_pv2_r2_pv3c_eps05_trace-a2e8ab_b16_k8_isolated,isolated,ours,14,9,plan_ms,1.992256,recorder
20260925-072918_perlmutter_cb90a27f,ours_l01_s1_pv2_r2_pv3c_eps05_trace-a2e8ab_b16_k8_isolated,isolated,ours,14,0,total_ms,501.188782,recorder
20260925-072918_perlmutter_cb90a27f,ours_l01_s1_pv2_r2_pv3c_eps05_trace-a2e8ab_b16_k8_isolated,isolated,ours,14,1,total_ms,350.62442,recorder
20260925-072918_perlmutter_cb90a27f,ours_l01_s1_pv2_r2_pv3c_eps05_trace-a2e8ab_b16_k8_isolated,isolated,ours,14,2,total_ms,22.948032,recorder
20260925-072918_perlmutter_cb90a27f,ours_l01_s1_pv2_r2_pv3c_eps05_trace-a2e8ab_b16_k8_isolated,isolated,ours,14,3,total_ms,501.132324,recorder
20260925-072918_perlmutter_cb90a27f,ours_l01_s1_pv2_r2_pv3c_eps05_trace-a2e8ab_b16_k8_isolated,isolated,ours,14,4,total_ms,442.722137,recorder
20260925-072918_perlmutter_cb90a27f,ours_l01_s1_pv2_r2_pv3c_eps05_trace-a2e8ab_b16_k8_isolated,isolated,ours,14,5,total_ms,25.273504,recorder
20260925-072918_perlmutter_cb90a27f,ours_l01_s1_pv2_r2_pv3c_eps05_trace-a2e8ab_b16_k8_isolated,isolated,ours,14,6,total_ms,24.245344,recorder
20260925-072918_perlmutter_cb90a27f,ours_l01_s1_pv2_r2_pv3c_eps05_trace-a2e8ab_b16_k8_isolated,isolated,ours,14,7,total_ms,495.463501,recorder
20260925-072918_perlmutter_cb90a27f,ours_l01_s1_pv2_r2_pv3c_eps05_trace-a2e8ab_b16_k8_isolated,isolated,ours,14,8,total_ms,22.91008,recorder
20260925-072918_perlmutter_cb90a27f,ours_l01_s1_pv2_r2_pv3c_eps05_trace-a2e8ab_b16_k8_isolated,isolated,ours,14,9,total_ms,352.35968,recorder
20260925-072918_perlmutter_cb90a27f,ours_l01_s1_pv2_r2_pv3c_eps05_trace-a2e8ab_b16_k8_isolated,isolated,ours,14,0,iso_sync_ms,19.431829,recorder
20260925-072918_perlmutter_cb90a27f,ours_l01_s1_pv2_r2_pv3c_eps05_trace-a2e8ab_b16_k8_isolated,isolated,ours,14,1,iso_sync_ms,498.347923,recorder
20260925-072918_perlmutter_cb90a27f,ours_l01_s1_pv2_r2_pv3c_eps05_trace-a2e8ab_b16_k8_isolated,isolated,ours,14,2,iso_sync_ms,346.719094,recorder
20260925-072918_perlmutter_cb90a27f,ours_l01_s1_pv2_r2_pv3c_eps05_trace-a2e8ab_b16_k8_isolated,isolated,ours,14,3,iso_sync_ms,18.651247,recorder
20260925-072918_perlmutter_cb90a27f,ours_l01_s1_pv2_r2_pv3c_eps05_trace-a2e8ab_b16_k8_isolated,isolated,ours,14,4,iso_sync_ms,497.545369,recorder
20260925-072918_perlmutter_cb90a27f,ours_l01_s1_pv2_r2_pv3c_eps05_trace-a2e8ab_b16_k8_isolated,isolated,ours,14,5,iso_sync_ms,438.693785,recorder
20260925-072918_perlmutter_cb90a27f,ours_l01_s1_pv2_r2_pv3c_eps05_trace-a2e8ab_b16_k8_isolated,isolated,ours,14,6,iso_sync_ms,20.967343,recorder
20260925-072918_perlmutter_cb90a27f,ours_l01_s1_pv2_r2_pv3c_eps05_trace-a2e8ab_b16_k8_isolated,isolated,ours,14,7,iso_sync_ms,20.276905,recorder
20260925-072918_perlmutter_cb90a27f,ours_l01_s1_pv2_r2_pv3c_eps05_trace-a2e8ab_b16_k8_isolated,isolated,ours,14,8,iso_sync_ms,491.918199,recorder
20260925-072918_perlmutter_cb90a27f,ours_l01_s1_pv2_r2_pv3c_eps05_trace-a2e8ab_b16_k8_isolated,isolated,ours,14,9,iso_sync_ms,18.555261,recorder
20260925-072918_perlmutter_cb90a27f,ours_l01_s1_pv2_r2_pv3c_eps05_trace-a2e8ab_b16_k8_isolated,isolated,ours,15,0,e2e_ms,498.553253,recorder
20260925-072918_perlmutter_cb90a27f,ours_l01_s1_pv2_r2_pv3c_eps05_trace-a2e8ab_b16_k8_isolated,isolated,ours,15,1,e2e_ms,347.711548,recorder
20260925-072918_perlmutter_cb90a27f,ours_l01_s1_pv2_r2_pv3c_eps05_trace-a2e8ab_b16_k8_isolated,isolated,ours,15,2,e2e_ms,20.016607,recorder
20260925-072918_perlmutter_cb90a27f,ours_l01_s1_pv2_r2_pv3c_eps05_trace-a2e8ab_b16_k8_isolated,isolated,ours,15,3,e2e_ms,498.559479,recorder
20260925-072918_perlmutter_cb90a27f,ours_l01_s1_pv2_r2_pv3c_eps05_trace-a2e8ab_b16_k8_isolated,isolated,ours,15,4,e2e_ms,440.059814,recorder
20260925-072918_perlmutter_cb90a27f,ours_l01_s1_pv2_r2_pv3c_eps05_trace-a2e8ab_b16_k8_isolated,isolated,ours,15,5,e2e_ms,22.370913,recorder
20260925-072918_perlmutter_cb90a27f,ours_l01_s1_pv2_r2_pv3c_eps05_trace-a2e8ab_b16_k8_isolated,isolated,ours,15,6,e2e_ms,21.5888,recorder
20260925-072918_perlmutter_cb90a27f,ours_l01_s1_pv2_r2_pv3c_eps05_trace-a2e8ab_b16_k8_isolated,isolated,ours,15,7,e2e_ms,492.869354,recorder
20260925-072918_perlmutter_cb90a27f,ours_l01_s1_pv2_r2_pv3c_eps05_trace-a2e8ab_b16_k8_isolated,isolated,ours,15,8,e2e_ms,19.999071,recorder
20260925-072918_perlmutter_cb90a27f,ours_l01_s1_pv2_r2_pv3c_eps05_trace-a2e8ab_b16_k8_isolated,isolated,ours,15,9,e2e_ms,349.611237,recorder
20260925-072918_perlmutter_cb90a27f,ours_l01_s1_pv2_r2_pv3c_eps05_trace-a2e8ab_b16_k8_isolated,isolated,ours,15,0,l0_ms,10.489184,recorder
20260925-072918_perlmutter_cb90a27f,ours_l01_s1_pv2_r2_pv3c_eps05_trace-a2e8ab_b16_k8_isolated,isolated,ours,15,1,l0_ms,10.593472,recorder
20260925-072918_perlmutter_cb90a27f,ours_l01_s1_pv2_r2_pv3c_eps05_trace-a2e8ab_b16_k8_isolated,isolated,ours,15,2,l0_ms,10.358432,recorder
20260925-072918_perlmutter_cb90a27f,ours_l01_s1_pv2_r2_pv3c_eps05_trace-a2e8ab_b16_k8_isolated,isolated,ours,15,3,l0_ms,11.8688,recorder
20260925-072918_perlmutter_cb90a27f,ours_l01_s1_pv2_r2_pv3c_eps05_trace-a2e8ab_b16_k8_isolated,isolated,ours,15,4,l0_ms,11.870688,recorder
20260925-072918_perlmutter_cb90a27f,ours_l01_s1_pv2_r2_pv3c_eps05_trace-a2e8ab_b16_k8_isolated,isolated,ours,15,5,l0_ms,10.952608,recorder
20260925-072918_perlmutter_cb90a27f,ours_l01_s1_pv2_r2_pv3c_eps05_trace-a2e8ab_b16_k8_isolated,isolated,ours,15,6,l0_ms,11.267072,recorder
20260925-072918_perlmutter_cb90a27f,ours_l01_s1_pv2_r2_pv3c_eps05_trace-a2e8ab_b16_k8_isolated,isolated,ours,15,7,l0_ms,9.752096,recorder
20260925-072918_perlmutter_cb90a27f,ours_l01_s1_pv2_r2_pv3c_eps05_trace-a2e8ab_b16_k8_isolated,isolated,ours,15,8,l0_ms,10.194496,recorder
20260925-072918_perlmutter_cb90a27f,ours_l01_s1_pv2_r2_pv3c_eps05_trace-a2e8ab_b16_k8_isolated,isolated,ours,15,9,l0_ms,10.341056,recorder
20260925-072918_perlmutter_cb90a27f,ours_l01_s1_pv2_r2_pv3c_eps05_trace-a2e8ab_b16_k8_isolated,isolated,ours,15,0,act_ms,0.102304,recorder
20260925-072918_perlmutter_cb90a27f,ours_l01_s1_pv2_r2_pv3c_eps05_trace-a2e8ab_b16_k8_isolated,isolated,ours,15,1,act_ms,0.096288,recorder
20260925-072918_perlmutter_cb90a27f,ours_l01_s1_pv2_r2_pv3c_eps05_trace-a2e8ab_b16_k8_isolated,isolated,ours,15,2,act_ms,0.100448,recorder
20260925-072918_perlmutter_cb90a27f,ours_l01_s1_pv2_r2_pv3c_eps05_trace-a2e8ab_b16_k8_isolated,isolated,ours,15,3,act_ms,0.09744,recorder
20260925-072918_perlmutter_cb90a27f,ours_l01_s1_pv2_r2_pv3c_eps05_trace-a2e8ab_b16_k8_isolated,isolated,ours,15,4,act_ms,0.100928,recorder
20260925-072918_perlmutter_cb90a27f,ours_l01_s1_pv2_r2_pv3c_eps05_trace-a2e8ab_b16_k8_isolated,isolated,ours,15,5,act_ms,0.10128,recorder
20260925-072918_perlmutter_cb90a27f,ours_l01_s1_pv2_r2_pv3c_eps05_trace-a2e8ab_b16_k8_isolated,isolated,ours,15,6,act_ms,0.098688,recorder
20260925-072918_perlmutter_cb90a27f,ours_l01_s1_pv2_r2_pv3c_eps05_trace-a2e8ab_b16_k8_isolated,isolated,ours,15,7,act_ms,0.101696,recorder
20260925-072918_perlmutter_cb90a27f,ours_l01_s1_pv2_r2_pv3c_eps05_trace-a2e8ab_b16_k8_isolated,isolated,ours,15,8,act_ms,0.102688,recorder
20260925-072918_perlmutter_cb90a27f,ours_l01_s1_pv2_r2_pv3c_eps05_trace-a2e8ab_b16_k8_isolated,isolated,ours,15,9,act_ms,0.096288,recorder
20260925-072918_perlmutter_cb90a27f,ours_l01_s1_pv2_r2_pv3c_eps05_trace-a2e8ab_b16_k8_isolated,isolated,ours,15,0,l1_ms,487.961761,recorder
20260925-072918_perlmutter_cb90a27f,ours_l01_s1_pv2_r2_pv3c_eps05_trace-a2e8ab_b16_k8_isolated,isolated,ours,15,1,l1_ms,337.02179,recorder
20260925-072918_perlmutter_cb90a27f,ours_l01_s1_pv2_r2_pv3c_eps05_trace-a2e8ab_b16_k8_isolated,isolated,ours,15,2,l1_ms,9.557728,recorder
20260925-072918_perlmutter_cb90a27f,ours_l01_s1_pv2_r2_pv3c_eps05_trace-a2e8ab_b16_k8_isolated,isolated,ours,15,3,l1_ms,486.593262,recorder
20260925-072918_perlmutter_cb90a27f,ours_l01_s1_pv2_r2_pv3c_eps05_trace-a2e8ab_b16_k8_isolated,isolated,ours,15,4,l1_ms,428.088196,recorder
20260925-072918_perlmutter_cb90a27f,ours_l01_s1_pv2_r2_pv3c_eps05_trace-a2e8ab_b16_k8_isolated,isolated,ours,15,5,l1_ms,11.317024,recorder
20260925-072918_perlmutter_cb90a27f,ours_l01_s1_pv2_r2_pv3c_eps05_trace-a2e8ab_b16_k8_isolated,isolated,ours,15,6,l1_ms,10.22304,recorder
20260925-072918_perlmutter_cb90a27f,ours_l01_s1_pv2_r2_pv3c_eps05_trace-a2e8ab_b16_k8_isolated,isolated,ours,15,7,l1_ms,483.015564,recorder
20260925-072918_perlmutter_cb90a27f,ours_l01_s1_pv2_r2_pv3c_eps05_trace-a2e8ab_b16_k8_isolated,isolated,ours,15,8,l1_ms,9.701888,recorder
20260925-072918_perlmutter_cb90a27f,ours_l01_s1_pv2_r2_pv3c_eps05_trace-a2e8ab_b16_k8_isolated,isolated,ours,15,9,l1_ms,339.173889,recorder
20260925-072918_perlmutter_cb90a27f,ours_l01_s1_pv2_r2_pv3c_eps05_trace-a2e8ab_b16_k8_isolated,isolated,ours,15,0,plan_comm_ms,0.558816,recorder
20260925-072918_perlmutter_cb90a27f,ours_l01_s1_pv2_r2_pv3c_eps05_trace-a2e8ab_b16_k8_isolated,isolated,ours,15,1,plan_comm_ms,0.861856,recorder
20260925-072918_perlmutter_cb90a27f,ours_l01_s1_pv2_r2_pv3c_eps05_trace-a2e8ab_b16_k8_isolated,isolated,ours,15,2,plan_comm_ms,0.890976,recorder
20260925-072918_perlmutter_cb90a27f,ours_l01_s1_pv2_r2_pv3c_eps05_trace-a2e8ab_b16_k8_isolated,isolated,ours,15,3,plan_comm_ms,0.5592,recorder
20260925-072918_perlmutter_cb90a27f,ours_l01_s1_pv2_r2_pv3c_eps05_trace-a2e8ab_b16_k8_isolated,isolated,ours,15,4,plan_comm_ms,0.652544,recorder
20260925-072918_perlmutter_cb90a27f,ours_l01_s1_pv2_r2_pv3c_eps05_trace-a2e8ab_b16_k8_isolated,isolated,ours,15,5,plan_comm_ms,0.640992,recorder
20260925-072918_perlmutter_cb90a27f,ours_l01_s1_pv2_r2_pv3c_eps05_trace-a2e8ab_b16_k8_isolated,isolated,ours,15,6,plan_comm_ms,0.598688,recorder
20260925-072918_perlmutter_cb90a27f,ours_l01_s1_pv2_r2_pv3c_eps05_trace-a2e8ab_b16_k8_isolated,isolated,ours,15,7,plan_comm_ms,0.64384,recorder
20260925-072918_perlmutter_cb90a27f,ours_l01_s1_pv2_r2_pv3c_eps05_trace-a2e8ab_b16_k8_isolated,isolated,ours,15,8,plan_comm_ms,0.91632,recorder
20260925-072918_perlmutter_cb90a27f,ours_l01_s1_pv2_r2_pv3c_eps05_trace-a2e8ab_b16_k8_isolated,isolated,ours,15,9,plan_comm_ms,0.67376,recorder
20260925-072918_perlmutter_cb90a27f,ours_l01_s1_pv2_r2_pv3c_eps05_trace-a2e8ab_b16_k8_isolated,isolated,ours,15,0,place_ms,0.002336,recorder
20260925-072918_perlmutter_cb90a27f,ours_l01_s1_pv2_r2_pv3c_eps05_trace-a2e8ab_b16_k8_isolated,isolated,ours,15,1,place_ms,0.002432,recorder
20260925-072918_perlmutter_cb90a27f,ours_l01_s1_pv2_r2_pv3c_eps05_trace-a2e8ab_b16_k8_isolated,isolated,ours,15,2,place_ms,0.002336,recorder
20260925-072918_perlmutter_cb90a27f,ours_l01_s1_pv2_r2_pv3c_eps05_trace-a2e8ab_b16_k8_isolated,isolated,ours,15,3,place_ms,0.002336,recorder
20260925-072918_perlmutter_cb90a27f,ours_l01_s1_pv2_r2_pv3c_eps05_trace-a2e8ab_b16_k8_isolated,isolated,ours,15,4,place_ms,0.002336,recorder
20260925-072918_perlmutter_cb90a27f,ours_l01_s1_pv2_r2_pv3c_eps05_trace-a2e8ab_b16_k8_isolated,isolated,ours,15,5,place_ms,0.002336,recorder
20260925-072918_perlmutter_cb90a27f,ours_l01_s1_pv2_r2_pv3c_eps05_trace-a2e8ab_b16_k8_isolated,isolated,ours,15,6,place_ms,0.002336,recorder
20260925-072918_perlmutter_cb90a27f,ours_l01_s1_pv2_r2_pv3c_eps05_trace-a2e8ab_b16_k8_isolated,isolated,ours,15,7,place_ms,0.002336,recorder
20260925-072918_perlmutter_cb90a27f,ours_l01_s1_pv2_r2_pv3c_eps05_trace-a2e8ab_b16_k8_isolated,isolated,ours,15,8,place_ms,0.002336,recorder
20260925-072918_perlmutter_cb90a27f,ours_l01_s1_pv2_r2_pv3c_eps05_trace-a2e8ab_b16_k8_isolated,isolated,ours,15,9,place_ms,0.002336,recorder
20260925-072918_perlmutter_cb90a27f,ours_l01_s1_pv2_r2_pv3c_eps05_trace-a2e8ab_b16_k8_isolated,isolated,ours,15,0,plan_ms,2.058432,recorder
20260925-072918_perlmutter_cb90a27f,ours_l01_s1_pv2_r2_pv3c_eps05_trace-a2e8ab_b16_k8_isolated,isolated,ours,15,1,plan_ms,2.04896,recorder
20260925-072918_perlmutter_cb90a27f,ours_l01_s1_pv2_r2_pv3c_eps05_trace-a2e8ab_b16_k8_isolated,isolated,ours,15,2,plan_ms,2.033664,recorder
20260925-072918_perlmutter_cb90a27f,ours_l01_s1_pv2_r2_pv3c_eps05_trace-a2e8ab_b16_k8_isolated,isolated,ours,15,3,plan_ms,2.018464,recorder
20260925-072918_perlmutter_cb90a27f,ours_l01_s1_pv2_r2_pv3c_eps05_trace-a2e8ab_b16_k8_isolated,isolated,ours,15,4,plan_ms,2.00944,recorder
20260925-072918_perlmutter_cb90a27f,ours_l01_s1_pv2_r2_pv3c_eps05_trace-a2e8ab_b16_k8_isolated,isolated,ours,15,5,plan_ms,2.122368,recorder
20260925-072918_perlmutter_cb90a27f,ours_l01_s1_pv2_r2_pv3c_eps05_trace-a2e8ab_b16_k8_isolated,isolated,ours,15,6,plan_ms,2.077024,recorder
20260925-072918_perlmutter_cb90a27f,ours_l01_s1_pv2_r2_pv3c_eps05_trace-a2e8ab_b16_k8_isolated,isolated,ours,15,7,plan_ms,1.995456,recorder
20260925-072918_perlmutter_cb90a27f,ours_l01_s1_pv2_r2_pv3c_eps05_trace-a2e8ab_b16_k8_isolated,isolated,ours,15,8,plan_ms,1.99024,recorder
20260925-072918_perlmutter_cb90a27f,ours_l01_s1_pv2_r2_pv3c_eps05_trace-a2e8ab_b16_k8_isolated,isolated,ours,15,9,plan_ms,1.981632,recorder
20260925-072918_perlmutter_cb90a27f,ours_l01_s1_pv2_r2_pv3c_eps05_trace-a2e8ab_b16_k8_isolated,isolated,ours,15,0,total_ms,501.182465,recorder
20260925-072918_perlmutter_cb90a27f,ours_l01_s1_pv2_r2_pv3c_eps05_trace-a2e8ab_b16_k8_isolated,isolated,ours,15,1,total_ms,350.634613,recorder
20260925-072918_perlmutter_cb90a27f,ours_l01_s1_pv2_r2_pv3c_eps05_trace-a2e8ab_b16_k8_isolated,isolated,ours,15,2,total_ms,22.953217,recorder
20260925-072918_perlmutter_cb90a27f,ours_l01_s1_pv2_r2_pv3c_eps05_trace-a2e8ab_b16_k8_isolated,isolated,ours,15,3,total_ms,501.149384,recorder
20260925-072918_perlmutter_cb90a27f,ours_l01_s1_pv2_r2_pv3c_eps05_trace-a2e8ab_b16_k8_isolated,isolated,ours,15,4,total_ms,442.733704,recorder
20260925-072918_perlmutter_cb90a27f,ours_l01_s1_pv2_r2_pv3c_eps05_trace-a2e8ab_b16_k8_isolated,isolated,ours,15,5,total_ms,25.146976,recorder
20260925-072918_perlmutter_cb90a27f,ours_l01_s1_pv2_r2_pv3c_eps05_trace-a2e8ab_b16_k8_isolated,isolated,ours,15,6,total_ms,24.276417,recorder
20260925-072918_perlmutter_cb90a27f,ours_l01_s1_pv2_r2_pv3c_eps05_trace-a2e8ab_b16_k8_isolated,isolated,ours,15,7,total_ms,495.520264,recorder
20260925-072918_perlmutter_cb90a27f,ours_l01_s1_pv2_r2_pv3c_eps05_trace-a2e8ab_b16_k8_isolated,isolated,ours,15,8,total_ms,22.918016,recorder
20260925-072918_perlmutter_cb90a27f,ours_l01_s1_pv2_r2_pv3c_eps05_trace-a2e8ab_b16_k8_isolated,isolated,ours,15,9,total_ms,352.278687,recorder
20260925-072918_perlmutter_cb90a27f,ours_l01_s1_pv2_r2_pv3c_eps05_trace-a2e8ab_b16_k8_isolated,isolated,ours,15,0,iso_sync_ms,19.527525,recorder
20260925-072918_perlmutter_cb90a27f,ours_l01_s1_pv2_r2_pv3c_eps05_trace-a2e8ab_b16_k8_isolated,isolated,ours,15,1,iso_sync_ms,498.437788,recorder
20260925-072918_perlmutter_cb90a27f,ours_l01_s1_pv2_r2_pv3c_eps05_trace-a2e8ab_b16_k8_isolated,isolated,ours,15,2,iso_sync_ms,346.756776,recorder
20260925-072918_perlmutter_cb90a27f,ours_l01_s1_pv2_r2_pv3c_eps05_trace-a2e8ab_b16_k8_isolated,isolated,ours,15,3,iso_sync_ms,18.643441,recorder
20260925-072918_perlmutter_cb90a27f,ours_l01_s1_pv2_r2_pv3c_eps05_trace-a2e8ab_b16_k8_isolated,isolated,ours,15,4,iso_sync_ms,497.609713,recorder
20260925-072918_perlmutter_cb90a27f,ours_l01_s1_pv2_r2_pv3c_eps05_trace-a2e8ab_b16_k8_isolated,isolated,ours,15,5,iso_sync_ms,438.770033,recorder
20260925-072918_perlmutter_cb90a27f,ours_l01_s1_pv2_r2_pv3c_eps05_trace-a2e8ab_b16_k8_isolated,isolated,ours,15,6,iso_sync_ms,19.786716,recorder
20260925-072918_perlmutter_cb90a27f,ours_l01_s1_pv2_r2_pv3c_eps05_trace-a2e8ab_b16_k8_isolated,isolated,ours,15,7,iso_sync_ms,20.1602,recorder
20260925-072918_perlmutter_cb90a27f,ours_l01_s1_pv2_r2_pv3c_eps05_trace-a2e8ab_b16_k8_isolated,isolated,ours,15,8,iso_sync_ms,491.936345,recorder
20260925-072918_perlmutter_cb90a27f,ours_l01_s1_pv2_r2_pv3c_eps05_trace-a2e8ab_b16_k8_isolated,isolated,ours,15,9,iso_sync_ms,18.565079,recorder
20260925-072918_perlmutter_cb90a27f,ours_l01_s1_pv2_r2_pv3c_eps05_trace-a2e8ab_b16_k8_isolated,isolated,ours,16,0,e2e_ms,498.693024,recorder
20260925-072918_perlmutter_cb90a27f,ours_l01_s1_pv2_r2_pv3c_eps05_trace-a2e8ab_b16_k8_isolated,isolated,ours,16,1,e2e_ms,347.779388,recorder
20260925-072918_perlmutter_cb90a27f,ours_l01_s1_pv2_r2_pv3c_eps05_trace-a2e8ab_b16_k8_isolated,isolated,ours,16,2,e2e_ms,20.03664,recorder
20260925-072918_perlmutter_cb90a27f,ours_l01_s1_pv2_r2_pv3c_eps05_trace-a2e8ab_b16_k8_isolated,isolated,ours,16,3,e2e_ms,498.555145,recorder
20260925-072918_perlmutter_cb90a27f,ours_l01_s1_pv2_r2_pv3c_eps05_trace-a2e8ab_b16_k8_isolated,isolated,ours,16,4,e2e_ms,440.081757,recorder
20260925-072918_perlmutter_cb90a27f,ours_l01_s1_pv2_r2_pv3c_eps05_trace-a2e8ab_b16_k8_isolated,isolated,ours,16,5,e2e_ms,22.41984,recorder
20260925-072918_perlmutter_cb90a27f,ours_l01_s1_pv2_r2_pv3c_eps05_trace-a2e8ab_b16_k8_isolated,isolated,ours,16,6,e2e_ms,21.61344,recorder
20260925-072918_perlmutter_cb90a27f,ours_l01_s1_pv2_r2_pv3c_eps05_trace-a2e8ab_b16_k8_isolated,isolated,ours,16,7,e2e_ms,492.838867,recorder
20260925-072918_perlmutter_cb90a27f,ours_l01_s1_pv2_r2_pv3c_eps05_trace-a2e8ab_b16_k8_isolated,isolated,ours,16,8,e2e_ms,19.992064,recorder
20260925-072918_perlmutter_cb90a27f,ours_l01_s1_pv2_r2_pv3c_eps05_trace-a2e8ab_b16_k8_isolated,isolated,ours,16,9,e2e_ms,349.639923,recorder
20260925-072918_perlmutter_cb90a27f,ours_l01_s1_pv2_r2_pv3c_eps05_trace-a2e8ab_b16_k8_isolated,isolated,ours,16,0,l0_ms,10.514368,recorder
20260925-072918_perlmutter_cb90a27f,ours_l01_s1_pv2_r2_pv3c_eps05_trace-a2e8ab_b16_k8_isolated,isolated,ours,16,1,l0_ms,10.60128,recorder
20260925-072918_perlmutter_cb90a27f,ours_l01_s1_pv2_r2_pv3c_eps05_trace-a2e8ab_b16_k8_isolated,isolated,ours,16,2,l0_ms,10.392192,recorder
20260925-072918_perlmutter_cb90a27f,ours_l01_s1_pv2_r2_pv3c_eps05_trace-a2e8ab_b16_k8_isolated,isolated,ours,16,3,l0_ms,11.881568,recorder
20260925-072918_perlmutter_cb90a27f,ours_l01_s1_pv2_r2_pv3c_eps05_trace-a2e8ab_b16_k8_isolated,isolated,ours,16,4,l0_ms,11.907808,recorder
20260925-072918_perlmutter_cb90a27f,ours_l01_s1_pv2_r2_pv3c_eps05_trace-a2e8ab_b16_k8_isolated,isolated,ours,16,5,l0_ms,11.008768,recorder
20260925-072918_perlmutter_cb90a27f,ours_l01_s1_pv2_r2_pv3c_eps05_trace-a2e8ab_b16_k8_isolated,isolated,ours,16,6,l0_ms,11.304,recorder
20260925-072918_perlmutter_cb90a27f,ours_l01_s1_pv2_r2_pv3c_eps05_trace-a2e8ab_b16_k8_isolated,isolated,ours,16,7,l0_ms,9.756768,recorder
20260925-072918_perlmutter_cb90a27f,ours_l01_s1_pv2_r2_pv3c_eps05_trace-a2e8ab_b16_k8_isolated,isolated,ours,16,8,l0_ms,10.199392,recorder
20260925-072918_perlmutter_cb90a27f,ours_l01_s1_pv2_r2_pv3c_eps05_trace-a2e8ab_b16_k8_isolated,isolated,ours,16,9,l0_ms,10.365984,recorder
20260925-072918_perlmutter_cb90a27f,ours_l01_s1_pv2_r2_pv3c_eps05_trace-a2e8ab_b16_k8_isolated,isolated,ours,16,0,act_ms,0.090272,recorder
20260925-072918_perlmutter_cb90a27f,ours_l01_s1_pv2_r2_pv3c_eps05_trace-a2e8ab_b16_k8_isolated,isolated,ours,16,1,act_ms,0.085056,recorder
20260925-072918_perlmutter_cb90a27f,ours_l01_s1_pv2_r2_pv3c_eps05_trace-a2e8ab_b16_k8_isolated,isolated,ours,16,2,act_ms,0.09008,recorder
20260925-072918_perlmutter_cb90a27f,ours_l01_s1_pv2_r2_pv3c_eps05_trace-a2e8ab_b16_k8_isolated,isolated,ours,16,3,act_ms,0.089408,recorder
20260925-072918_perlmutter_cb90a27f,ours_l01_s1_pv2_r2_pv3c_eps05_trace-a2e8ab_b16_k8_isolated,isolated,ours,16,4,act_ms,0.090144,recorder
20260925-072918_perlmutter_cb90a27f,ours_l01_s1_pv2_r2_pv3c_eps05_trace-a2e8ab_b16_k8_isolated,isolated,ours,16,5,act_ms,0.090048,recorder
20260925-072918_perlmutter_cb90a27f,ours_l01_s1_pv2_r2_pv3c_eps05_trace-a2e8ab_b16_k8_isolated,isolated,ours,16,6,act_ms,0.089856,recorder
20260925-072918_perlmutter_cb90a27f,ours_l01_s1_pv2_r2_pv3c_eps05_trace-a2e8ab_b16_k8_isolated,isolated,ours,16,7,act_ms,0.09008,recorder
20260925-072918_perlmutter_cb90a27f,ours_l01_s1_pv2_r2_pv3c_eps05_trace-a2e8ab_b16_k8_isolated,isolated,ours,16,8,act_ms,0.090592,recorder
20260925-072918_perlmutter_cb90a27f,ours_l01_s1_pv2_r2_pv3c_eps05_trace-a2e8ab_b16_k8_isolated,isolated,ours,16,9,act_ms,0.092192,recorder
20260925-072918_perlmutter_cb90a27f,ours_l01_s1_pv2_r2_pv3c_eps05_trace-a2e8ab_b16_k8_isolated,isolated,ours,16,0,l1_ms,488.088379,recorder
20260925-072918_perlmutter_cb90a27f,ours_l01_s1_pv2_r2_pv3c_eps05_trace-a2e8ab_b16_k8_isolated,isolated,ours,16,1,l1_ms,337.093048,recorder
20260925-072918_perlmutter_cb90a27f,ours_l01_s1_pv2_r2_pv3c_eps05_trace-a2e8ab_b16_k8_isolated,isolated,ours,16,2,l1_ms,9.554368,recorder
20260925-072918_perlmutter_cb90a27f,ours_l01_s1_pv2_r2_pv3c_eps05_trace-a2e8ab_b16_k8_isolated,isolated,ours,16,3,l1_ms,486.584167,recorder
20260925-072918_perlmutter_cb90a27f,ours_l01_s1_pv2_r2_pv3c_eps05_trace-a2e8ab_b16_k8_isolated,isolated,ours,16,4,l1_ms,428.083801,recorder
20260925-072918_perlmutter_cb90a27f,ours_l01_s1_pv2_r2_pv3c_eps05_trace-a2e8ab_b16_k8_isolated,isolated,ours,16,5,l1_ms,11.321024,recorder
20260925-072918_perlmutter_cb90a27f,ours_l01_s1_pv2_r2_pv3c_eps05_trace-a2e8ab_b16_k8_isolated,isolated,ours,16,6,l1_ms,10.219584,recorder
20260925-072918_perlmutter_cb90a27f,ours_l01_s1_pv2_r2_pv3c_eps05_trace-a2e8ab_b16_k8_isolated,isolated,ours,16,7,l1_ms,482.992035,recorder
20260925-072918_perlmutter_cb90a27f,ours_l01_s1_pv2_r2_pv3c_eps05_trace-a2e8ab_b16_k8_isolated,isolated,ours,16,8,l1_ms,9.70208,recorder
20260925-072918_perlmutter_cb90a27f,ours_l01_s1_pv2_r2_pv3c_eps05_trace-a2e8ab_b16_k8_isolated,isolated,ours,16,9,l1_ms,339.181763,recorder
20260925-072918_perlmutter_cb90a27f,ours_l01_s1_pv2_r2_pv3c_eps05_trace-a2e8ab_b16_k8_isolated,isolated,ours,16,0,plan_comm_ms,0.568416,recorder
20260925-072918_perlmutter_cb90a27f,ours_l01_s1_pv2_r2_pv3c_eps05_trace-a2e8ab_b16_k8_isolated,isolated,ours,16,1,plan_comm_ms,0.866016,recorder
20260925-072918_perlmutter_cb90a27f,ours_l01_s1_pv2_r2_pv3c_eps05_trace-a2e8ab_b16_k8_isolated,isolated,ours,16,2,plan_comm_ms,0.881568,recorder
20260925-072918_perlmutter_cb90a27f,ours_l01_s1_pv2_r2_pv3c_eps05_trace-a2e8ab_b16_k8_isolated,isolated,ours,16,3,plan_comm_ms,0.566592,recorder
20260925-072918_perlmutter_cb90a27f,ours_l01_s1_pv2_r2_pv3c_eps05_trace-a2e8ab_b16_k8_isolated,isolated,ours,16,4,plan_comm_ms,0.647808,recorder
20260925-072918_perlmutter_cb90a27f,ours_l01_s1_pv2_r2_pv3c_eps05_trace-a2e8ab_b16_k8_isolated,isolated,ours,16,5,plan_comm_ms,0.859936,recorder
20260925-072918_perlmutter_cb90a27f,ours_l01_s1_pv2_r2_pv3c_eps05_trace-a2e8ab_b16_k8_isolated,isolated,ours,16,6,plan_comm_ms,0.609504,recorder
20260925-072918_perlmutter_cb90a27f,ours_l01_s1_pv2_r2_pv3c_eps05_trace-a2e8ab_b16_k8_isolated,isolated,ours,16,7,plan_comm_ms,0.649216,recorder
20260925-072918_perlmutter_cb90a27f,ours_l01_s1_pv2_r2_pv3c_eps05_trace-a2e8ab_b16_k8_isolated,isolated,ours,16,8,plan_comm_ms,0.923872,recorder
20260925-072918_perlmutter_cb90a27f,ours_l01_s1_pv2_r2_pv3c_eps05_trace-a2e8ab_b16_k8_isolated,isolated,ours,16,9,plan_comm_ms,0.6864,recorder
20260925-072918_perlmutter_cb90a27f,ours_l01_s1_pv2_r2_pv3c_eps05_trace-a2e8ab_b16_k8_isolated,isolated,ours,16,0,place_ms,0.002336,recorder
20260925-072918_perlmutter_cb90a27f,ours_l01_s1_pv2_r2_pv3c_eps05_trace-a2e8ab_b16_k8_isolated,isolated,ours,16,1,place_ms,0.002528,recorder
20260925-072918_perlmutter_cb90a27f,ours_l01_s1_pv2_r2_pv3c_eps05_trace-a2e8ab_b16_k8_isolated,isolated,ours,16,2,place_ms,0.002368,recorder
20260925-072918_perlmutter_cb90a27f,ours_l01_s1_pv2_r2_pv3c_eps05_trace-a2e8ab_b16_k8_isolated,isolated,ours,16,3,place_ms,0.002336,recorder
20260925-072918_perlmutter_cb90a27f,ours_l01_s1_pv2_r2_pv3c_eps05_trace-a2e8ab_b16_k8_isolated,isolated,ours,16,4,place_ms,0.002368,recorder
20260925-072918_perlmutter_cb90a27f,ours_l01_s1_pv2_r2_pv3c_eps05_trace-a2e8ab_b16_k8_isolated,isolated,ours,16,5,place_ms,0.002528,recorder
20260925-072918_perlmutter_cb90a27f,ours_l01_s1_pv2_r2_pv3c_eps05_trace-a2e8ab_b16_k8_isolated,isolated,ours,16,6,place_ms,0.002368,recorder
20260925-072918_perlmutter_cb90a27f,ours_l01_s1_pv2_r2_pv3c_eps05_trace-a2e8ab_b16_k8_isolated,isolated,ours,16,7,place_ms,0.002368,recorder
20260925-072918_perlmutter_cb90a27f,ours_l01_s1_pv2_r2_pv3c_eps05_trace-a2e8ab_b16_k8_isolated,isolated,ours,16,8,place_ms,0.002336,recorder
20260925-072918_perlmutter_cb90a27f,ours_l01_s1_pv2_r2_pv3c_eps05_trace-a2e8ab_b16_k8_isolated,isolated,ours,16,9,place_ms,0.002336,recorder
20260925-072918_perlmutter_cb90a27f,ours_l01_s1_pv2_r2_pv3c_eps05_trace-a2e8ab_b16_k8_isolated,isolated,ours,16,0,plan_ms,2.039296,recorder
20260925-072918_perlmutter_cb90a27f,ours_l01_s1_pv2_r2_pv3c_eps05_trace-a2e8ab_b16_k8_isolated,isolated,ours,16,1,plan_ms,2.039136,recorder
20260925-072918_perlmutter_cb90a27f,ours_l01_s1_pv2_r2_pv3c_eps05_trace-a2e8ab_b16_k8_isolated,isolated,ours,16,2,plan_ms,2.014048,recorder
20260925-072918_perlmutter_cb90a27f,ours_l01_s1_pv2_r2_pv3c_eps05_trace-a2e8ab_b16_k8_isolated,isolated,ours,16,3,plan_ms,2.017824,recorder
20260925-072918_perlmutter_cb90a27f,ours_l01_s1_pv2_r2_pv3c_eps05_trace-a2e8ab_b16_k8_isolated,isolated,ours,16,4,plan_ms,2.01824,recorder
20260925-072918_perlmutter_cb90a27f,ours_l01_s1_pv2_r2_pv3c_eps05_trace-a2e8ab_b16_k8_isolated,isolated,ours,16,5,plan_ms,2.080576,recorder
20260925-072918_perlmutter_cb90a27f,ours_l01_s1_pv2_r2_pv3c_eps05_trace-a2e8ab_b16_k8_isolated,isolated,ours,16,6,plan_ms,2.047264,recorder
20260925-072918_perlmutter_cb90a27f,ours_l01_s1_pv2_r2_pv3c_eps05_trace-a2e8ab_b16_k8_isolated,isolated,ours,16,7,plan_ms,1.987232,recorder
20260925-072918_perlmutter_cb90a27f,ours_l01_s1_pv2_r2_pv3c_eps05_trace-a2e8ab_b16_k8_isolated,isolated,ours,16,8,plan_ms,1.989856,recorder
20260925-072918_perlmutter_cb90a27f,ours_l01_s1_pv2_r2_pv3c_eps05_trace-a2e8ab_b16_k8_isolated,isolated,ours,16,9,plan_ms,1.967744,recorder
20260925-072918_perlmutter_cb90a27f,ours_l01_s1_pv2_r2_pv3c_eps05_trace-a2e8ab_b16_k8_isolated,isolated,ours,16,0,total_ms,501.312103,recorder
20260925-072918_perlmutter_cb90a27f,ours_l01_s1_pv2_r2_pv3c_eps05_trace-a2e8ab_b16_k8_isolated,isolated,ours,16,1,total_ms,350.696869,recorder
20260925-072918_perlmutter_cb90a27f,ours_l01_s1_pv2_r2_pv3c_eps05_trace-a2e8ab_b16_k8_isolated,isolated,ours,16,2,total_ms,22.944193,recorder
20260925-072918_perlmutter_cb90a27f,ours_l01_s1_pv2_r2_pv3c_eps05_trace-a2e8ab_b16_k8_isolated,isolated,ours,16,3,total_ms,501.150879,recorder
20260925-072918_perlmutter_cb90a27f,ours_l01_s1_pv2_r2_pv3c_eps05_trace-a2e8ab_b16_k8_isolated,isolated,ours,16,4,total_ms,442.758881,recorder
20260925-072918_perlmutter_cb90a27f,ours_l01_s1_pv2_r2_pv3c_eps05_trace-a2e8ab_b16_k8_isolated,isolated,ours,16,5,total_ms,25.372896,recorder
20260925-072918_perlmutter_cb90a27f,ours_l01_s1_pv2_r2_pv3c_eps05_trace-a2e8ab_b16_k8_isolated,isolated,ours,16,6,total_ms,24.282017,recorder
20260925-072918_perlmutter_cb90a27f,ours_l01_s1_pv2_r2_pv3c_eps05_trace-a2e8ab_b16_k8_isolated,isolated,ours,16,7,total_ms,495.487,recorder
20260925-072918_perlmutter_cb90a27f,ours_l01_s1_pv2_r2_pv3c_eps05_trace-a2e8ab_b16_k8_isolated,isolated,ours,16,8,total_ms,22.918272,recorder
20260925-072918_perlmutter_cb90a27f,ours_l01_s1_pv2_r2_pv3c_eps05_trace-a2e8ab_b16_k8_isolated,isolated,ours,16,9,total_ms,352.305817,recorder
20260925-072918_perlmutter_cb90a27f,ours_l01_s1_pv2_r2_pv3c_eps05_trace-a2e8ab_b16_k8_isolated,isolated,ours,16,0,iso_sync_ms,19.229518,recorder
20260925-072918_perlmutter_cb90a27f,ours_l01_s1_pv2_r2_pv3c_eps05_trace-a2e8ab_b16_k8_isolated,isolated,ours,16,1,iso_sync_ms,498.249637,recorder
20260925-072918_perlmutter_cb90a27f,ours_l01_s1_pv2_r2_pv3c_eps05_trace-a2e8ab_b16_k8_isolated,isolated,ours,16,2,iso_sync_ms,346.618711,recorder
20260925-072918_perlmutter_cb90a27f,ours_l01_s1_pv2_r2_pv3c_eps05_trace-a2e8ab_b16_k8_isolated,isolated,ours,16,3,iso_sync_ms,18.563436,recorder
20260925-072918_perlmutter_cb90a27f,ours_l01_s1_pv2_r2_pv3c_eps05_trace-a2e8ab_b16_k8_isolated,isolated,ours,16,4,iso_sync_ms,497.476167,recorder
20260925-072918_perlmutter_cb90a27f,ours_l01_s1_pv2_r2_pv3c_eps05_trace-a2e8ab_b16_k8_isolated,isolated,ours,16,5,iso_sync_ms,438.645412,recorder
20260925-072918_perlmutter_cb90a27f,ours_l01_s1_pv2_r2_pv3c_eps05_trace-a2e8ab_b16_k8_isolated,isolated,ours,16,6,iso_sync_ms,20.849867,recorder
20260925-072918_perlmutter_cb90a27f,ours_l01_s1_pv2_r2_pv3c_eps05_trace-a2e8ab_b16_k8_isolated,isolated,ours,16,7,iso_sync_ms,20.120625,recorder
20260925-072918_perlmutter_cb90a27f,ours_l01_s1_pv2_r2_pv3c_eps05_trace-a2e8ab_b16_k8_isolated,isolated,ours,16,8,iso_sync_ms,491.920991,recorder
20260925-072918_perlmutter_cb90a27f,ours_l01_s1_pv2_r2_pv3c_eps05_trace-a2e8ab_b16_k8_isolated,isolated,ours,16,9,iso_sync_ms,18.651447,recorder
20260925-072918_perlmutter_cb90a27f,ours_l01_s1_pv2_r2_pv3c_eps05_trace-a2e8ab_b16_k8_isolated,isolated,ours,17,0,e2e_ms,498.54306,recorder
20260925-072918_perlmutter_cb90a27f,ours_l01_s1_pv2_r2_pv3c_eps05_trace-a2e8ab_b16_k8_isolated,isolated,ours,17,1,e2e_ms,347.669403,recorder
20260925-072918_perlmutter_cb90a27f,ours_l01_s1_pv2_r2_pv3c_eps05_trace-a2e8ab_b16_k8_isolated,isolated,ours,17,2,e2e_ms,20.008961,recorder
20260925-072918_perlmutter_cb90a27f,ours_l01_s1_pv2_r2_pv3c_eps05_trace-a2e8ab_b16_k8_isolated,isolated,ours,17,3,e2e_ms,498.587616,recorder
20260925-072918_perlmutter_cb90a27f,ours_l01_s1_pv2_r2_pv3c_eps05_trace-a2e8ab_b16_k8_isolated,isolated,ours,17,4,e2e_ms,440.0513,recorder
20260925-072918_perlmutter_cb90a27f,ours_l01_s1_pv2_r2_pv3c_eps05_trace-a2e8ab_b16_k8_isolated,isolated,ours,17,5,e2e_ms,22.387072,recorder
20260925-072918_perlmutter_cb90a27f,ours_l01_s1_pv2_r2_pv3c_eps05_trace-a2e8ab_b16_k8_isolated,isolated,ours,17,6,e2e_ms,21.566879,recorder
20260925-072918_perlmutter_cb90a27f,ours_l01_s1_pv2_r2_pv3c_eps05_trace-a2e8ab_b16_k8_isolated,isolated,ours,17,7,e2e_ms,492.852325,recorder
20260925-072918_perlmutter_cb90a27f,ours_l01_s1_pv2_r2_pv3c_eps05_trace-a2e8ab_b16_k8_isolated,isolated,ours,17,8,e2e_ms,19.972095,recorder
20260925-072918_perlmutter_cb90a27f,ours_l01_s1_pv2_r2_pv3c_eps05_trace-a2e8ab_b16_k8_isolated,isolated,ours,17,9,e2e_ms,349.59201,recorder
20260925-072918_perlmutter_cb90a27f,ours_l01_s1_pv2_r2_pv3c_eps05_trace-a2e8ab_b16_k8_isolated,isolated,ours,17,0,l0_ms,10.47424,recorder
20260925-072918_perlmutter_cb90a27f,ours_l01_s1_pv2_r2_pv3c_eps05_trace-a2e8ab_b16_k8_isolated,isolated,ours,17,1,l0_ms,10.55344,recorder
20260925-072918_perlmutter_cb90a27f,ours_l01_s1_pv2_r2_pv3c_eps05_trace-a2e8ab_b16_k8_isolated,isolated,ours,17,2,l0_ms,10.36128,recorder
20260925-072918_perlmutter_cb90a27f,ours_l01_s1_pv2_r2_pv3c_eps05_trace-a2e8ab_b16_k8_isolated,isolated,ours,17,3,l0_ms,11.849632,recorder
20260925-072918_perlmutter_cb90a27f,ours_l01_s1_pv2_r2_pv3c_eps05_trace-a2e8ab_b16_k8_isolated,isolated,ours,17,4,l0_ms,11.871328,recorder
20260925-072918_perlmutter_cb90a27f,ours_l01_s1_pv2_r2_pv3c_eps05_trace-a2e8ab_b16_k8_isolated,isolated,ours,17,5,l0_ms,10.98272,recorder
20260925-072918_perlmutter_cb90a27f,ours_l01_s1_pv2_r2_pv3c_eps05_trace-a2e8ab_b16_k8_isolated,isolated,ours,17,6,l0_ms,11.25168,recorder
20260925-072918_perlmutter_cb90a27f,ours_l01_s1_pv2_r2_pv3c_eps05_trace-a2e8ab_b16_k8_isolated,isolated,ours,17,7,l0_ms,9.734848,recorder
20260925-072918_perlmutter_cb90a27f,ours_l01_s1_pv2_r2_pv3c_eps05_trace-a2e8ab_b16_k8_isolated,isolated,ours,17,8,l0_ms,10.175168,recorder
20260925-072918_perlmutter_cb90a27f,ours_l01_s1_pv2_r2_pv3c_eps05_trace-a2e8ab_b16_k8_isolated,isolated,ours,17,9,l0_ms,10.323168,recorder
20260925-072918_perlmutter_cb90a27f,ours_l01_s1_pv2_r2_pv3c_eps05_trace-a2e8ab_b16_k8_isolated,isolated,ours,17,0,act_ms,0.094432,recorder
20260925-072918_perlmutter_cb90a27f,ours_l01_s1_pv2_r2_pv3c_eps05_trace-a2e8ab_b16_k8_isolated,isolated,ours,17,1,act_ms,0.093568,recorder
20260925-072918_perlmutter_cb90a27f,ours_l01_s1_pv2_r2_pv3c_eps05_trace-a2e8ab_b16_k8_isolated,isolated,ours,17,2,act_ms,0.094112,recorder
20260925-072918_perlmutter_cb90a27f,ours_l01_s1_pv2_r2_pv3c_eps05_trace-a2e8ab_b16_k8_isolated,isolated,ours,17,3,act_ms,0.07968,recorder
20260925-072918_perlmutter_cb90a27f,ours_l01_s1_pv2_r2_pv3c_eps05_trace-a2e8ab_b16_k8_isolated,isolated,ours,17,4,act_ms,0.093824,recorder
20260925-072918_perlmutter_cb90a27f,ours_l01_s1_pv2_r2_pv3c_eps05_trace-a2e8ab_b16_k8_isolated,isolated,ours,17,5,act_ms,0.09008,recorder
20260925-072918_perlmutter_cb90a27f,ours_l01_s1_pv2_r2_pv3c_eps05_trace-a2e8ab_b16_k8_isolated,isolated,ours,17,6,act_ms,0.078976,recorder
20260925-072918_perlmutter_cb90a27f,ours_l01_s1_pv2_r2_pv3c_eps05_trace-a2e8ab_b16_k8_isolated,isolated,ours,17,7,act_ms,0.094016,recorder
20260925-072918_perlmutter_cb90a27f,ours_l01_s1_pv2_r2_pv3c_eps05_trace-a2e8ab_b16_k8_isolated,isolated,ours,17,8,act_ms,0.096864,recorder
20260925-072918_perlmutter_cb90a27f,ours_l01_s1_pv2_r2_pv3c_eps05_trace-a2e8ab_b16_k8_isolated,isolated,ours,17,9,act_ms,0.090368,recorder
20260925-072918_perlmutter_cb90a27f,ours_l01_s1_pv2_r2_pv3c_eps05_trace-a2e8ab_b16_k8_isolated,isolated,ours,17,0,l1_ms,487.974396,recorder
20260925-072918_perlmutter_cb90a27f,ours_l01_s1_pv2_r2_pv3c_eps05_trace-a2e8ab_b16_k8_isolated,isolated,ours,17,1,l1_ms,337.0224,recorder
20260925-072918_perlmutter_cb90a27f,ours_l01_s1_pv2_r2_pv3c_eps05_trace-a2e8ab_b16_k8_isolated,isolated,ours,17,2,l1_ms,9.553568,recorder
20260925-072918_perlmutter_cb90a27f,ours_l01_s1_pv2_r2_pv3c_eps05_trace-a2e8ab_b16_k8_isolated,isolated,ours,17,3,l1_ms,486.658295,recorder
20260925-072918_perlmutter_cb90a27f,ours_l01_s1_pv2_r2_pv3c_eps05_trace-a2e8ab_b16_k8_isolated,isolated,ours,17,4,l1_ms,428.086151,recorder
20260925-072918_perlmutter_cb90a27f,ours_l01_s1_pv2_r2_pv3c_eps05_trace-a2e8ab_b16_k8_isolated,isolated,ours,17,5,l1_ms,11.314272,recorder
20260925-072918_perlmutter_cb90a27f,ours_l01_s1_pv2_r2_pv3c_eps05_trace-a2e8ab_b16_k8_isolated,isolated,ours,17,6,l1_ms,10.236224,recorder
20260925-072918_perlmutter_cb90a27f,ours_l01_s1_pv2_r2_pv3c_eps05_trace-a2e8ab_b16_k8_isolated,isolated,ours,17,7,l1_ms,483.023468,recorder
20260925-072918_perlmutter_cb90a27f,ours_l01_s1_pv2_r2_pv3c_eps05_trace-a2e8ab_b16_k8_isolated,isolated,ours,17,8,l1_ms,9.700064,recorder
20260925-072918_perlmutter_cb90a27f,ours_l01_s1_pv2_r2_pv3c_eps05_trace-a2e8ab_b16_k8_isolated,isolated,ours,17,9,l1_ms,339.178467,recorder
20260925-072918_perlmutter_cb90a27f,ours_l01_s1_pv2_r2_pv3c_eps05_trace-a2e8ab_b16_k8_isolated,isolated,ours,17,0,plan_comm_ms,0.560672,recorder
20260925-072918_perlmutter_cb90a27f,ours_l01_s1_pv2_r2_pv3c_eps05_trace-a2e8ab_b16_k8_isolated,isolated,ours,17,1,plan_comm_ms,0.666176,recorder
20260925-072918_perlmutter_cb90a27f,ours_l01_s1_pv2_r2_pv3c_eps05_trace-a2e8ab_b16_k8_isolated,isolated,ours,17,2,plan_comm_ms,0.895328,recorder
20260925-072918_perlmutter_cb90a27f,ours_l01_s1_pv2_r2_pv3c_eps05_trace-a2e8ab_b16_k8_isolated,isolated,ours,17,3,plan_comm_ms,0.564032,recorder
20260925-072918_perlmutter_cb90a27f,ours_l01_s1_pv2_r2_pv3c_eps05_trace-a2e8ab_b16_k8_isolated,isolated,ours,17,4,plan_comm_ms,0.648,recorder
20260925-072918_perlmutter_cb90a27f,ours_l01_s1_pv2_r2_pv3c_eps05_trace-a2e8ab_b16_k8_isolated,isolated,ours,17,5,plan_comm_ms,0.859168,recorder
20260925-072918_perlmutter_cb90a27f,ours_l01_s1_pv2_r2_pv3c_eps05_trace-a2e8ab_b16_k8_isolated,isolated,ours,17,6,plan_comm_ms,0.605664,recorder
20260925-072918_perlmutter_cb90a27f,ours_l01_s1_pv2_r2_pv3c_eps05_trace-a2e8ab_b16_k8_isolated,isolated,ours,17,7,plan_comm_ms,0.642656,recorder
20260925-072918_perlmutter_cb90a27f,ours_l01_s1_pv2_r2_pv3c_eps05_trace-a2e8ab_b16_k8_isolated,isolated,ours,17,8,plan_comm_ms,0.920128,recorder
20260925-072918_perlmutter_cb90a27f,ours_l01_s1_pv2_r2_pv3c_eps05_trace-a2e8ab_b16_k8_isolated,isolated,ours,17,9,plan_comm_ms,0.682368,recorder
20260925-072918_perlmutter_cb90a27f,ours_l01_s1_pv2_r2_pv3c_eps05_trace-a2e8ab_b16_k8_isolated,isolated,ours,17,0,place_ms,0.002336,recorder
20260925-072918_perlmutter_cb90a27f,ours_l01_s1_pv2_r2_pv3c_eps05_trace-a2e8ab_b16_k8_isolated,isolated,ours,17,1,place_ms,0.002304,recorder
20260925-072918_perlmutter_cb90a27f,ours_l01_s1_pv2_r2_pv3c_eps05_trace-a2e8ab_b16_k8_isolated,isolated,ours,17,2,place_ms,0.002336,recorder
20260925-072918_perlmutter_cb90a27f,ours_l01_s1_pv2_r2_pv3c_eps05_trace-a2e8ab_b16_k8_isolated,isolated,ours,17,3,place_ms,0.002336,recorder
20260925-072918_perlmutter_cb90a27f,ours_l01_s1_pv2_r2_pv3c_eps05_trace-a2e8ab_b16_k8_isolated,isolated,ours,17,4,place_ms,0.002336,recorder
20260925-072918_perlmutter_cb90a27f,ours_l01_s1_pv2_r2_pv3c_eps05_trace-a2e8ab_b16_k8_isolated,isolated,ours,17,5,place_ms,0.002336,recorder
20260925-072918_perlmutter_cb90a27f,ours_l01_s1_pv2_r2_pv3c_eps05_trace-a2e8ab_b16_k8_isolated,isolated,ours,17,6,place_ms,0.002336,recorder
20260925-072918_perlmutter_cb90a27f,ours_l01_s1_pv2_r2_pv3c_eps05_trace-a2e8ab_b16_k8_isolated,isolated,ours,17,7,place_ms,0.002336,recorder
20260925-072918_perlmutter_cb90a27f,ours_l01_s1_pv2_r2_pv3c_eps05_trace-a2e8ab_b16_k8_isolated,isolated,ours,17,8,place_ms,0.002336,recorder
20260925-072918_perlmutter_cb90a27f,ours_l01_s1_pv2_r2_pv3c_eps05_trace-a2e8ab_b16_k8_isolated,isolated,ours,17,9,place_ms,0.002336,recorder
20260925-072918_perlmutter_cb90a27f,ours_l01_s1_pv2_r2_pv3c_eps05_trace-a2e8ab_b16_k8_isolated,isolated,ours,17,0,plan_ms,2.078624,recorder
20260925-072918_perlmutter_cb90a27f,ours_l01_s1_pv2_r2_pv3c_eps05_trace-a2e8ab_b16_k8_isolated,isolated,ours,17,1,plan_ms,2.112192,recorder
20260925-072918_perlmutter_cb90a27f,ours_l01_s1_pv2_r2_pv3c_eps05_trace-a2e8ab_b16_k8_isolated,isolated,ours,17,2,plan_ms,2.049856,recorder
20260925-072918_perlmutter_cb90a27f,ours_l01_s1_pv2_r2_pv3c_eps05_trace-a2e8ab_b16_k8_isolated,isolated,ours,17,3,plan_ms,2.049472,recorder
20260925-072918_perlmutter_cb90a27f,ours_l01_s1_pv2_r2_pv3c_eps05_trace-a2e8ab_b16_k8_isolated,isolated,ours,17,4,plan_ms,2.055232,recorder
20260925-072918_perlmutter_cb90a27f,ours_l01_s1_pv2_r2_pv3c_eps05_trace-a2e8ab_b16_k8_isolated,isolated,ours,17,5,plan_ms,2.116,recorder
20260925-072918_perlmutter_cb90a27f,ours_l01_s1_pv2_r2_pv3c_eps05_trace-a2e8ab_b16_k8_isolated,isolated,ours,17,6,plan_ms,2.100544,recorder
20260925-072918_perlmutter_cb90a27f,ours_l01_s1_pv2_r2_pv3c_eps05_trace-a2e8ab_b16_k8_isolated,isolated,ours,17,7,plan_ms,2.028896,recorder
20260925-072918_perlmutter_cb90a27f,ours_l01_s1_pv2_r2_pv3c_eps05_trace-a2e8ab_b16_k8_isolated,isolated,ours,17,8,plan_ms,2.016704,recorder
20260925-072918_perlmutter_cb90a27f,ours_l01_s1_pv2_r2_pv3c_eps05_trace-a2e8ab_b16_k8_isolated,isolated,ours,17,9,plan_ms,2.009856,recorder
20260925-072918_perlmutter_cb90a27f,ours_l01_s1_pv2_r2_pv3c_eps05_trace-a2e8ab_b16_k8_isolated,isolated,ours,17,0,total_ms,501.194275,recorder
20260925-072918_perlmutter_cb90a27f,ours_l01_s1_pv2_r2_pv3c_eps05_trace-a2e8ab_b16_k8_isolated,isolated,ours,17,1,total_ms,350.459808,recorder
20260925-072918_perlmutter_cb90a27f,ours_l01_s1_pv2_r2_pv3c_eps05_trace-a2e8ab_b16_k8_isolated,isolated,ours,17,2,total_ms,22.966047,recorder
20260925-072918_perlmutter_cb90a27f,ours_l01_s1_pv2_r2_pv3c_eps05_trace-a2e8ab_b16_k8_isolated,isolated,ours,17,3,total_ms,501.213226,recorder
20260925-072918_perlmutter_cb90a27f,ours_l01_s1_pv2_r2_pv3c_eps05_trace-a2e8ab_b16_k8_isolated,isolated,ours,17,4,total_ms,442.766296,recorder
20260925-072918_perlmutter_cb90a27f,ours_l01_s1_pv2_r2_pv3c_eps05_trace-a2e8ab_b16_k8_isolated,isolated,ours,17,5,total_ms,25.374432,recorder
20260925-072918_perlmutter_cb90a27f,ours_l01_s1_pv2_r2_pv3c_eps05_trace-a2e8ab_b16_k8_isolated,isolated,ours,17,6,total_ms,24.284351,recorder
20260925-072918_perlmutter_cb90a27f,ours_l01_s1_pv2_r2_pv3c_eps05_trace-a2e8ab_b16_k8_isolated,isolated,ours,17,7,total_ms,495.536285,recorder
20260925-072918_perlmutter_cb90a27f,ours_l01_s1_pv2_r2_pv3c_eps05_trace-a2e8ab_b16_k8_isolated,isolated,ours,17,8,total_ms,22.920897,recorder
20260925-072918_perlmutter_cb90a27f,ours_l01_s1_pv2_r2_pv3c_eps05_trace-a2e8ab_b16_k8_isolated,isolated,ours,17,9,total_ms,352.296082,recorder
20260925-072918_perlmutter_cb90a27f,ours_l01_s1_pv2_r2_pv3c_eps05_trace-a2e8ab_b16_k8_isolated,isolated,ours,17,0,iso_sync_ms,19.231401,recorder
20260925-072918_perlmutter_cb90a27f,ours_l01_s1_pv2_r2_pv3c_eps05_trace-a2e8ab_b16_k8_isolated,isolated,ours,17,1,iso_sync_ms,498.283312,recorder
20260925-072918_perlmutter_cb90a27f,ours_l01_s1_pv2_r2_pv3c_eps05_trace-a2e8ab_b16_k8_isolated,isolated,ours,17,2,iso_sync_ms,346.444343,recorder
20260925-072918_perlmutter_cb90a27f,ours_l01_s1_pv2_r2_pv3c_eps05_trace-a2e8ab_b16_k8_isolated,isolated,ours,17,3,iso_sync_ms,18.580139,recorder
20260925-072918_perlmutter_cb90a27f,ours_l01_s1_pv2_r2_pv3c_eps05_trace-a2e8ab_b16_k8_isolated,isolated,ours,17,4,iso_sync_ms,497.526375,recorder
20260925-072918_perlmutter_cb90a27f,ours_l01_s1_pv2_r2_pv3c_eps05_trace-a2e8ab_b16_k8_isolated,isolated,ours,17,5,iso_sync_ms,438.657876,recorder
20260925-072918_perlmutter_cb90a27f,ours_l01_s1_pv2_r2_pv3c_eps05_trace-a2e8ab_b16_k8_isolated,isolated,ours,17,6,iso_sync_ms,20.844999,recorder
20260925-072918_perlmutter_cb90a27f,ours_l01_s1_pv2_r2_pv3c_eps05_trace-a2e8ab_b16_k8_isolated,isolated,ours,17,7,iso_sync_ms,20.156294,recorder
20260925-072918_perlmutter_cb90a27f,ours_l01_s1_pv2_r2_pv3c_eps05_trace-a2e8ab_b16_k8_isolated,isolated,ours,17,8,iso_sync_ms,491.948004,recorder
20260925-072918_perlmutter_cb90a27f,ours_l01_s1_pv2_r2_pv3c_eps05_trace-a2e8ab_b16_k8_isolated,isolated,ours,17,9,iso_sync_ms,18.650886,recorder
20260925-072918_perlmutter_cb90a27f,ours_l01_s1_pv2_r2_pv3c_eps05_trace-a2e8ab_b16_k8_isolated,isolated,ours,18,0,e2e_ms,498.544556,recorder
20260925-072918_perlmutter_cb90a27f,ours_l01_s1_pv2_r2_pv3c_eps05_trace-a2e8ab_b16_k8_isolated,isolated,ours,18,1,e2e_ms,347.670868,recorder
20260925-072918_perlmutter_cb90a27f,ours_l01_s1_pv2_r2_pv3c_eps05_trace-a2e8ab_b16_k8_isolated,isolated,ours,18,2,e2e_ms,20.030048,recorder
20260925-072918_perlmutter_cb90a27f,ours_l01_s1_pv2_r2_pv3c_eps05_trace-a2e8ab_b16_k8_isolated,isolated,ours,18,3,e2e_ms,498.533112,recorder
20260925-072918_perlmutter_cb90a27f,ours_l01_s1_pv2_r2_pv3c_eps05_trace-a2e8ab_b16_k8_isolated,isolated,ours,18,4,e2e_ms,440.012115,recorder
20260925-072918_perlmutter_cb90a27f,ours_l01_s1_pv2_r2_pv3c_eps05_trace-a2e8ab_b16_k8_isolated,isolated,ours,18,5,e2e_ms,22.407808,recorder
20260925-072918_perlmutter_cb90a27f,ours_l01_s1_pv2_r2_pv3c_eps05_trace-a2e8ab_b16_k8_isolated,isolated,ours,18,6,e2e_ms,21.578209,recorder
20260925-072918_perlmutter_cb90a27f,ours_l01_s1_pv2_r2_pv3c_eps05_trace-a2e8ab_b16_k8_isolated,isolated,ours,18,7,e2e_ms,492.780121,recorder
20260925-072918_perlmutter_cb90a27f,ours_l01_s1_pv2_r2_pv3c_eps05_trace-a2e8ab_b16_k8_isolated,isolated,ours,18,8,e2e_ms,19.972128,recorder
20260925-072918_perlmutter_cb90a27f,ours_l01_s1_pv2_r2_pv3c_eps05_trace-a2e8ab_b16_k8_isolated,isolated,ours,18,9,e2e_ms,349.62851,recorder
20260925-072918_perlmutter_cb90a27f,ours_l01_s1_pv2_r2_pv3c_eps05_trace-a2e8ab_b16_k8_isolated,isolated,ours,18,0,l0_ms,10.474464,recorder
20260925-072918_perlmutter_cb90a27f,ours_l01_s1_pv2_r2_pv3c_eps05_trace-a2e8ab_b16_k8_isolated,isolated,ours,18,1,l0_ms,10.557984,recorder
20260925-072918_perlmutter_cb90a27f,ours_l01_s1_pv2_r2_pv3c_eps05_trace-a2e8ab_b16_k8_isolated,isolated,ours,18,2,l0_ms,10.35968,recorder
20260925-072918_perlmutter_cb90a27f,ours_l01_s1_pv2_r2_pv3c_eps05_trace-a2e8ab_b16_k8_isolated,isolated,ours,18,3,l0_ms,11.865664,recorder
20260925-072918_perlmutter_cb90a27f,ours_l01_s1_pv2_r2_pv3c_eps05_trace-a2e8ab_b16_k8_isolated,isolated,ours,18,4,l0_ms,11.863584,recorder
20260925-072918_perlmutter_cb90a27f,ours_l01_s1_pv2_r2_pv3c_eps05_trace-a2e8ab_b16_k8_isolated,isolated,ours,18,5,l0_ms,10.996256,recorder
20260925-072918_perlmutter_cb90a27f,ours_l01_s1_pv2_r2_pv3c_eps05_trace-a2e8ab_b16_k8_isolated,isolated,ours,18,6,l0_ms,11.256416,recorder
20260925-072918_perlmutter_cb90a27f,ours_l01_s1_pv2_r2_pv3c_eps05_trace-a2e8ab_b16_k8_isolated,isolated,ours,18,7,l0_ms,9.724864,recorder
20260925-072918_perlmutter_cb90a27f,ours_l01_s1_pv2_r2_pv3c_eps05_trace-a2e8ab_b16_k8_isolated,isolated,ours,18,8,l0_ms,10.195616,recorder
20260925-072918_perlmutter_cb90a27f,ours_l01_s1_pv2_r2_pv3c_eps05_trace-a2e8ab_b16_k8_isolated,isolated,ours,18,9,l0_ms,10.34208,recorder
20260925-072918_perlmutter_cb90a27f,ours_l01_s1_pv2_r2_pv3c_eps05_trace-a2e8ab_b16_k8_isolated,isolated,ours,18,0,act_ms,0.097376,recorder
20260925-072918_perlmutter_cb90a27f,ours_l01_s1_pv2_r2_pv3c_eps05_trace-a2e8ab_b16_k8_isolated,isolated,ours,18,1,act_ms,0.092512,recorder
20260925-072918_perlmutter_cb90a27f,ours_l01_s1_pv2_r2_pv3c_eps05_trace-a2e8ab_b16_k8_isolated,isolated,ours,18,2,act_ms,0.097248,recorder
20260925-072918_perlmutter_cb90a27f,ours_l01_s1_pv2_r2_pv3c_eps05_trace-a2e8ab_b16_k8_isolated,isolated,ours,18,3,act_ms,0.08416,recorder
20260925-072918_perlmutter_cb90a27f,ours_l01_s1_pv2_r2_pv3c_eps05_trace-a2e8ab_b16_k8_isolated,isolated,ours,18,4,act_ms,0.096576,recorder
20260925-072918_perlmutter_cb90a27f,ours_l01_s1_pv2_r2_pv3c_eps05_trace-a2e8ab_b16_k8_isolated,isolated,ours,18,5,act_ms,0.093568,recorder
20260925-072918_perlmutter_cb90a27f,ours_l01_s1_pv2_r2_pv3c_eps05_trace-a2e8ab_b16_k8_isolated,isolated,ours,18,6,act_ms,0.082656,recorder
20260925-072918_perlmutter_cb90a27f,ours_l01_s1_pv2_r2_pv3c_eps05_trace-a2e8ab_b16_k8_isolated,isolated,ours,18,7,act_ms,0.09184,recorder
20260925-072918_perlmutter_cb90a27f,ours_l01_s1_pv2_r2_pv3c_eps05_trace-a2e8ab_b16_k8_isolated,isolated,ours,18,8,act_ms,0.08256,recorder
20260925-072918_perlmutter_cb90a27f,ours_l01_s1_pv2_r2_pv3c_eps05_trace-a2e8ab_b16_k8_isolated,isolated,ours,18,9,act_ms,0.094784,recorder
20260925-072918_perlmutter_cb90a27f,ours_l01_s1_pv2_r2_pv3c_eps05_trace-a2e8ab_b16_k8_isolated,isolated,ours,18,0,l1_ms,487.972717,recorder
20260925-072918_perlmutter_cb90a27f,ours_l01_s1_pv2_r2_pv3c_eps05_trace-a2e8ab_b16_k8_isolated,isolated,ours,18,1,l1_ms,337.020386,recorder
20260925-072918_perlmutter_cb90a27f,ours_l01_s1_pv2_r2_pv3c_eps05_trace-a2e8ab_b16_k8_isolated,isolated,ours,18,2,l1_ms,9.57312,recorder
20260925-072918_perlmutter_cb90a27f,ours_l01_s1_pv2_r2_pv3c_eps05_trace-a2e8ab_b16_k8_isolated,isolated,ours,18,3,l1_ms,486.583282,recorder
20260925-072918_perlmutter_cb90a27f,ours_l01_s1_pv2_r2_pv3c_eps05_trace-a2e8ab_b16_k8_isolated,isolated,ours,18,4,l1_ms,428.051971,recorder
20260925-072918_perlmutter_cb90a27f,ours_l01_s1_pv2_r2_pv3c_eps05_trace-a2e8ab_b16_k8_isolated,isolated,ours,18,5,l1_ms,11.317984,recorder
20260925-072918_perlmutter_cb90a27f,ours_l01_s1_pv2_r2_pv3c_eps05_trace-a2e8ab_b16_k8_isolated,isolated,ours,18,6,l1_ms,10.239136,recorder
20260925-072918_perlmutter_cb90a27f,ours_l01_s1_pv2_r2_pv3c_eps05_trace-a2e8ab_b16_k8_isolated,isolated,ours,18,7,l1_ms,482.963409,recorder
20260925-072918_perlmutter_cb90a27f,ours_l01_s1_pv2_r2_pv3c_eps05_trace-a2e8ab_b16_k8_isolated,isolated,ours,18,8,l1_ms,9.693952,recorder
20260925-072918_perlmutter_cb90a27f,ours_l01_s1_pv2_r2_pv3c_eps05_trace-a2e8ab_b16_k8_isolated,isolated,ours,18,9,l1_ms,339.19165,recorder
20260925-072918_perlmutter_cb90a27f,ours_l01_s1_pv2_r2_pv3c_eps05_trace-a2e8ab_b16_k8_isolated,isolated,ours,18,0,plan_comm_ms,0.555424,recorder
20260925-072918_perlmutter_cb90a27f,ours_l01_s1_pv2_r2_pv3c_eps05_trace-a2e8ab_b16_k8_isolated,isolated,ours,18,1,plan_comm_ms,0.736416,recorder
20260925-072918_perlmutter_cb90a27f,ours_l01_s1_pv2_r2_pv3c_eps05_trace-a2e8ab_b16_k8_isolated,isolated,ours,18,2,plan_comm_ms,0.893088,recorder
20260925-072918_perlmutter_cb90a27f,ours_l01_s1_pv2_r2_pv3c_eps05_trace-a2e8ab_b16_k8_isolated,isolated,ours,18,3,plan_comm_ms,0.55744,recorder
20260925-072918_perlmutter_cb90a27f,ours_l01_s1_pv2_r2_pv3c_eps05_trace-a2e8ab_b16_k8_isolated,isolated,ours,18,4,plan_comm_ms,0.641088,recorder
20260925-072918_perlmutter_cb90a27f,ours_l01_s1_pv2_r2_pv3c_eps05_trace-a2e8ab_b16_k8_isolated,isolated,ours,18,5,plan_comm_ms,0.856736,recorder
20260925-072918_perlmutter_cb90a27f,ours_l01_s1_pv2_r2_pv3c_eps05_trace-a2e8ab_b16_k8_isolated,isolated,ours,18,6,plan_comm_ms,0.601824,recorder
20260925-072918_perlmutter_cb90a27f,ours_l01_s1_pv2_r2_pv3c_eps05_trace-a2e8ab_b16_k8_isolated,isolated,ours,18,7,plan_comm_ms,0.637312,recorder
20260925-072918_perlmutter_cb90a27f,ours_l01_s1_pv2_r2_pv3c_eps05_trace-a2e8ab_b16_k8_isolated,isolated,ours,18,8,plan_comm_ms,0.919072,recorder
20260925-072918_perlmutter_cb90a27f,ours_l01_s1_pv2_r2_pv3c_eps05_trace-a2e8ab_b16_k8_isolated,isolated,ours,18,9,plan_comm_ms,0.679904,recorder
20260925-072918_perlmutter_cb90a27f,ours_l01_s1_pv2_r2_pv3c_eps05_trace-a2e8ab_b16_k8_isolated,isolated,ours,18,0,place_ms,0.002336,recorder
20260925-072918_perlmutter_cb90a27f,ours_l01_s1_pv2_r2_pv3c_eps05_trace-a2e8ab_b16_k8_isolated,isolated,ours,18,1,place_ms,0.002368,recorder
20260925-072918_perlmutter_cb90a27f,ours_l01_s1_pv2_r2_pv3c_eps05_trace-a2e8ab_b16_k8_isolated,isolated,ours,18,2,place_ms,0.002336,recorder
20260925-072918_perlmutter_cb90a27f,ours_l01_s1_pv2_r2_pv3c_eps05_trace-a2e8ab_b16_k8_isolated,isolated,ours,18,3,place_ms,0.002336,recorder
20260925-072918_perlmutter_cb90a27f,ours_l01_s1_pv2_r2_pv3c_eps05_trace-a2e8ab_b16_k8_isolated,isolated,ours,18,4,place_ms,0.002336,recorder
20260925-072918_perlmutter_cb90a27f,ours_l01_s1_pv2_r2_pv3c_eps05_trace-a2e8ab_b16_k8_isolated,isolated,ours,18,5,place_ms,0.002336,recorder
20260925-072918_perlmutter_cb90a27f,ours_l01_s1_pv2_r2_pv3c_eps05_trace-a2e8ab_b16_k8_isolated,isolated,ours,18,6,place_ms,0.002336,recorder
20260925-072918_perlmutter_cb90a27f,ours_l01_s1_pv2_r2_pv3c_eps05_trace-a2e8ab_b16_k8_isolated,isolated,ours,18,7,place_ms,0.002592,recorder
20260925-072918_perlmutter_cb90a27f,ours_l01_s1_pv2_r2_pv3c_eps05_trace-a2e8ab_b16_k8_isolated,isolated,ours,18,8,place_ms,0.002336,recorder
20260925-072918_perlmutter_cb90a27f,ours_l01_s1_pv2_r2_pv3c_eps05_trace-a2e8ab_b16_k8_isolated,isolated,ours,18,9,place_ms,0.002336,recorder
20260925-072918_perlmutter_cb90a27f,ours_l01_s1_pv2_r2_pv3c_eps05_trace-a2e8ab_b16_k8_isolated,isolated,ours,18,0,plan_ms,2.095264,recorder
20260925-072918_perlmutter_cb90a27f,ours_l01_s1_pv2_r2_pv3c_eps05_trace-a2e8ab_b16_k8_isolated,isolated,ours,18,1,plan_ms,2.104512,recorder
20260925-072918_perlmutter_cb90a27f,ours_l01_s1_pv2_r2_pv3c_eps05_trace-a2e8ab_b16_k8_isolated,isolated,ours,18,2,plan_ms,2.052672,recorder
20260925-072918_perlmutter_cb90a27f,ours_l01_s1_pv2_r2_pv3c_eps05_trace-a2e8ab_b16_k8_isolated,isolated,ours,18,3,plan_ms,2.048192,recorder
20260925-072918_perlmutter_cb90a27f,ours_l01_s1_pv2_r2_pv3c_eps05_trace-a2e8ab_b16_k8_isolated,isolated,ours,18,4,plan_ms,2.073568,recorder
20260925-072918_perlmutter_cb90a27f,ours_l01_s1_pv2_r2_pv3c_eps05_trace-a2e8ab_b16_k8_isolated,isolated,ours,18,5,plan_ms,2.098912,recorder
20260925-072918_perlmutter_cb90a27f,ours_l01_s1_pv2_r2_pv3c_eps05_trace-a2e8ab_b16_k8_isolated,isolated,ours,18,6,plan_ms,2.096192,recorder
20260925-072918_perlmutter_cb90a27f,ours_l01_s1_pv2_r2_pv3c_eps05_trace-a2e8ab_b16_k8_isolated,isolated,ours,18,7,plan_ms,2.04688,recorder
20260925-072918_perlmutter_cb90a27f,ours_l01_s1_pv2_r2_pv3c_eps05_trace-a2e8ab_b16_k8_isolated,isolated,ours,18,8,plan_ms,2.018432,recorder
20260925-072918_perlmutter_cb90a27f,ours_l01_s1_pv2_r2_pv3c_eps05_trace-a2e8ab_b16_k8_isolated,isolated,ours,18,9,plan_ms,1.996544,recorder
20260925-072918_perlmutter_cb90a27f,ours_l01_s1_pv2_r2_pv3c_eps05_trace-a2e8ab_b16_k8_isolated,isolated,ours,18,0,total_ms,501.206757,recorder
20260925-072918_perlmutter_cb90a27f,ours_l01_s1_pv2_r2_pv3c_eps05_trace-a2e8ab_b16_k8_isolated,isolated,ours,18,1,total_ms,350.524109,recorder
20260925-072918_perlmutter_cb90a27f,ours_l01_s1_pv2_r2_pv3c_eps05_trace-a2e8ab_b16_k8_isolated,isolated,ours,18,2,total_ms,22.987841,recorder
20260925-072918_perlmutter_cb90a27f,ours_l01_s1_pv2_r2_pv3c_eps05_trace-a2e8ab_b16_k8_isolated,isolated,ours,18,3,total_ms,501.151245,recorder
20260925-072918_perlmutter_cb90a27f,ours_l01_s1_pv2_r2_pv3c_eps05_trace-a2e8ab_b16_k8_isolated,isolated,ours,18,4,total_ms,442.738312,recorder
20260925-072918_perlmutter_cb90a27f,ours_l01_s1_pv2_r2_pv3c_eps05_trace-a2e8ab_b16_k8_isolated,isolated,ours,18,5,total_ms,25.37536,recorder
20260925-072918_perlmutter_cb90a27f,ours_l01_s1_pv2_r2_pv3c_eps05_trace-a2e8ab_b16_k8_isolated,isolated,ours,18,6,total_ms,24.287712,recorder
20260925-072918_perlmutter_cb90a27f,ours_l01_s1_pv2_r2_pv3c_eps05_trace-a2e8ab_b16_k8_isolated,isolated,ours,18,7,total_ms,495.476257,recorder
20260925-072918_perlmutter_cb90a27f,ours_l01_s1_pv2_r2_pv3c_eps05_trace-a2e8ab_b16_k8_isolated,isolated,ours,18,8,total_ms,22.921375,recorder
20260925-072918_perlmutter_cb90a27f,ours_l01_s1_pv2_r2_pv3c_eps05_trace-a2e8ab_b16_k8_isolated,isolated,ours,18,9,total_ms,352.316986,recorder
20260925-072918_perlmutter_cb90a27f,ours_l01_s1_pv2_r2_pv3c_eps05_trace-a2e8ab_b16_k8_isolated,isolated,ours,18,0,iso_sync_ms,19.221342,recorder
20260925-072918_perlmutter_cb90a27f,ours_l01_s1_pv2_r2_pv3c_eps05_trace-a2e8ab_b16_k8_isolated,isolated,ours,18,1,iso_sync_ms,498.28666,recorder
20260925-072918_perlmutter_cb90a27f,ours_l01_s1_pv2_r2_pv3c_eps05_trace-a2e8ab_b16_k8_isolated,isolated,ours,18,2,iso_sync_ms,346.006184,recorder
20260925-072918_perlmutter_cb90a27f,ours_l01_s1_pv2_r2_pv3c_eps05_trace-a2e8ab_b16_k8_isolated,isolated,ours,18,3,iso_sync_ms,18.453964,recorder
20260925-072918_perlmutter_cb90a27f,ours_l01_s1_pv2_r2_pv3c_eps05_trace-a2e8ab_b16_k8_isolated,isolated,ours,18,4,iso_sync_ms,497.485766,recorder
20260925-072918_perlmutter_cb90a27f,ours_l01_s1_pv2_r2_pv3c_eps05_trace-a2e8ab_b16_k8_isolated,isolated,ours,18,5,iso_sync_ms,438.63448,recorder
20260925-072918_perlmutter_cb90a27f,ours_l01_s1_pv2_r2_pv3c_eps05_trace-a2e8ab_b16_k8_isolated,isolated,ours,18,6,iso_sync_ms,20.842774,recorder
20260925-072918_perlmutter_cb90a27f,ours_l01_s1_pv2_r2_pv3c_eps05_trace-a2e8ab_b16_k8_isolated,isolated,ours,18,7,iso_sync_ms,20.175221,recorder
20260925-072918_perlmutter_cb90a27f,ours_l01_s1_pv2_r2_pv3c_eps05_trace-a2e8ab_b16_k8_isolated,isolated,ours,18,8,iso_sync_ms,491.896615,recorder
20260925-072918_perlmutter_cb90a27f,ours_l01_s1_pv2_r2_pv3c_eps05_trace-a2e8ab_b16_k8_isolated,isolated,ours,18,9,iso_sync_ms,18.659973,recorder
20260925-072918_perlmutter_cb90a27f,ours_l01_s1_pv2_r2_pv3c_eps05_trace-a2e8ab_b16_k8_isolated,isolated,ours,19,0,e2e_ms,498.587555,recorder
20260925-072918_perlmutter_cb90a27f,ours_l01_s1_pv2_r2_pv3c_eps05_trace-a2e8ab_b16_k8_isolated,isolated,ours,19,1,e2e_ms,347.700287,recorder
20260925-072918_perlmutter_cb90a27f,ours_l01_s1_pv2_r2_pv3c_eps05_trace-a2e8ab_b16_k8_isolated,isolated,ours,19,2,e2e_ms,20.041697,recorder
20260925-072918_perlmutter_cb90a27f,ours_l01_s1_pv2_r2_pv3c_eps05_trace-a2e8ab_b16_k8_isolated,isolated,ours,19,3,e2e_ms,498.587738,recorder
20260925-072918_perlmutter_cb90a27f,ours_l01_s1_pv2_r2_pv3c_eps05_trace-a2e8ab_b16_k8_isolated,isolated,ours,19,4,e2e_ms,439.844635,recorder
20260925-072918_perlmutter_cb90a27f,ours_l01_s1_pv2_r2_pv3c_eps05_trace-a2e8ab_b16_k8_isolated,isolated,ours,19,5,e2e_ms,22.417215,recorder
20260925-072918_perlmutter_cb90a27f,ours_l01_s1_pv2_r2_pv3c_eps05_trace-a2e8ab_b16_k8_isolated,isolated,ours,19,6,e2e_ms,21.648352,recorder
20260925-072918_perlmutter_cb90a27f,ours_l01_s1_pv2_r2_pv3c_eps05_trace-a2e8ab_b16_k8_isolated,isolated,ours,19,7,e2e_ms,492.866943,recorder
20260925-072918_perlmutter_cb90a27f,ours_l01_s1_pv2_r2_pv3c_eps05_trace-a2e8ab_b16_k8_isolated,isolated,ours,19,8,e2e_ms,19.981184,recorder
20260925-072918_perlmutter_cb90a27f,ours_l01_s1_pv2_r2_pv3c_eps05_trace-a2e8ab_b16_k8_isolated,isolated,ours,19,9,e2e_ms,349.639832,recorder
20260925-072918_perlmutter_cb90a27f,ours_l01_s1_pv2_r2_pv3c_eps05_trace-a2e8ab_b16_k8_isolated,isolated,ours,19,0,l0_ms,10.509056,recorder
20260925-072918_perlmutter_cb90a27f,ours_l01_s1_pv2_r2_pv3c_eps05_trace-a2e8ab_b16_k8_isolated,isolated,ours,19,1,l0_ms,10.574336,recorder
20260925-072918_perlmutter_cb90a27f,ours_l01_s1_pv2_r2_pv3c_eps05_trace-a2e8ab_b16_k8_isolated,isolated,ours,19,2,l0_ms,10.347616,recorder
20260925-072918_perlmutter_cb90a27f,ours_l01_s1_pv2_r2_pv3c_eps05_trace-a2e8ab_b16_k8_isolated,isolated,ours,19,3,l0_ms,11.890944,recorder
20260925-072918_perlmutter_cb90a27f,ours_l01_s1_pv2_r2_pv3c_eps05_trace-a2e8ab_b16_k8_isolated,isolated,ours,19,4,l0_ms,11.687168,recorder
20260925-072918_perlmutter_cb90a27f,ours_l01_s1_pv2_r2_pv3c_eps05_trace-a2e8ab_b16_k8_isolated,isolated,ours,19,5,l0_ms,11.00752,recorder
20260925-072918_perlmutter_cb90a27f,ours_l01_s1_pv2_r2_pv3c_eps05_trace-a2e8ab_b16_k8_isolated,isolated,ours,19,6,l0_ms,11.300096,recorder
20260925-072918_perlmutter_cb90a27f,ours_l01_s1_pv2_r2_pv3c_eps05_trace-a2e8ab_b16_k8_isolated,isolated,ours,19,7,l0_ms,9.758656,recorder
20260925-072918_perlmutter_cb90a27f,ours_l01_s1_pv2_r2_pv3c_eps05_trace-a2e8ab_b16_k8_isolated,isolated,ours,19,8,l0_ms,10.199904,recorder
20260925-072918_perlmutter_cb90a27f,ours_l01_s1_pv2_r2_pv3c_eps05_trace-a2e8ab_b16_k8_isolated,isolated,ours,19,9,l0_ms,10.361952,recorder
20260925-072918_perlmutter_cb90a27f,ours_l01_s1_pv2_r2_pv3c_eps05_trace-a2e8ab_b16_k8_isolated,isolated,ours,19,0,act_ms,0.083296,recorder
20260925-072918_perlmutter_cb90a27f,ours_l01_s1_pv2_r2_pv3c_eps05_trace-a2e8ab_b16_k8_isolated,isolated,ours,19,1,act_ms,0.090144,recorder
20260925-072918_perlmutter_cb90a27f,ours_l01_s1_pv2_r2_pv3c_eps05_trace-a2e8ab_b16_k8_isolated,isolated,ours,19,2,act_ms,0.083872,recorder
20260925-072918_perlmutter_cb90a27f,ours_l01_s1_pv2_r2_pv3c_eps05_trace-a2e8ab_b16_k8_isolated,isolated,ours,19,3,act_ms,0.08464,recorder
20260925-072918_perlmutter_cb90a27f,ours_l01_s1_pv2_r2_pv3c_eps05_trace-a2e8ab_b16_k8_isolated,isolated,ours,19,4,act_ms,0.082656,recorder
20260925-072918_perlmutter_cb90a27f,ours_l01_s1_pv2_r2_pv3c_eps05_trace-a2e8ab_b16_k8_isolated,isolated,ours,19,5,act_ms,0.085216,recorder
20260925-072918_perlmutter_cb90a27f,ours_l01_s1_pv2_r2_pv3c_eps05_trace-a2e8ab_b16_k8_isolated,isolated,ours,19,6,act_ms,0.08848,recorder
20260925-072918_perlmutter_cb90a27f,ours_l01_s1_pv2_r2_pv3c_eps05_trace-a2e8ab_b16_k8_isolated,isolated,ours,19,7,act_ms,0.087584,recorder
20260925-072918_perlmutter_cb90a27f,ours_l01_s1_pv2_r2_pv3c_eps05_trace-a2e8ab_b16_k8_isolated,isolated,ours,19,8,act_ms,0.083456,recorder
20260925-072918_perlmutter_cb90a27f,ours_l01_s1_pv2_r2_pv3c_eps05_trace-a2e8ab_b16_k8_isolated,isolated,ours,19,9,act_ms,0.084192,recorder
20260925-072918_perlmutter_cb90a27f,ours_l01_s1_pv2_r2_pv3c_eps05_trace-a2e8ab_b16_k8_isolated,isolated,ours,19,0,l1_ms,487.995209,recorder
20260925-072918_perlmutter_cb90a27f,ours_l01_s1_pv2_r2_pv3c_eps05_trace-a2e8ab_b16_k8_isolated,isolated,ours,19,1,l1_ms,337.035797,recorder
20260925-072918_perlmutter_cb90a27f,ours_l01_s1_pv2_r2_pv3c_eps05_trace-a2e8ab_b16_k8_isolated,isolated,ours,19,2,l1_ms,9.610208,recorder
20260925-072918_perlmutter_cb90a27f,ours_l01_s1_pv2_r2_pv3c_eps05_trace-a2e8ab_b16_k8_isolated,isolated,ours,19,3,l1_ms,486.612152,recorder
20260925-072918_perlmutter_cb90a27f,ours_l01_s1_pv2_r2_pv3c_eps05_trace-a2e8ab_b16_k8_isolated,isolated,ours,19,4,l1_ms,428.074829,recorder
20260925-072918_perlmutter_cb90a27f,ours_l01_s1_pv2_r2_pv3c_eps05_trace-a2e8ab_b16_k8_isolated,isolated,ours,19,5,l1_ms,11.32448,recorder
20260925-072918_perlmutter_cb90a27f,ours_l01_s1_pv2_r2_pv3c_eps05_trace-a2e8ab_b16_k8_isolated,isolated,ours,19,6,l1_ms,10.259776,recorder
20260925-072918_perlmutter_cb90a27f,ours_l01_s1_pv2_r2_pv3c_eps05_trace-a2e8ab_b16_k8_isolated,isolated,ours,19,7,l1_ms,483.020691,recorder
20260925-072918_perlmutter_cb90a27f,ours_l01_s1_pv2_r2_pv3c_eps05_trace-a2e8ab_b16_k8_isolated,isolated,ours,19,8,l1_ms,9.697824,recorder
20260925-072918_perlmutter_cb90a27f,ours_l01_s1_pv2_r2_pv3c_eps05_trace-a2e8ab_b16_k8_isolated,isolated,ours,19,9,l1_ms,339.193695,recorder
20260925-072918_perlmutter_cb90a27f,ours_l01_s1_pv2_r2_pv3c_eps05_trace-a2e8ab_b16_k8_isolated,isolated,ours,19,0,plan_comm_ms,0.33376,recorder
20260925-072918_perlmutter_cb90a27f,ours_l01_s1_pv2_r2_pv3c_eps05_trace-a2e8ab_b16_k8_isolated,isolated,ours,19,1,plan_comm_ms,0.664256,recorder
20260925-072918_perlmutter_cb90a27f,ours_l01_s1_pv2_r2_pv3c_eps05_trace-a2e8ab_b16_k8_isolated,isolated,ours,19,2,plan_comm_ms,0.885248,recorder
20260925-072918_perlmutter_cb90a27f,ours_l01_s1_pv2_r2_pv3c_eps05_trace-a2e8ab_b16_k8_isolated,isolated,ours,19,3,plan_comm_ms,0.29184,recorder
20260925-072918_perlmutter_cb90a27f,ours_l01_s1_pv2_r2_pv3c_eps05_trace-a2e8ab_b16_k8_isolated,isolated,ours,19,4,plan_comm_ms,0.38272,recorder
20260925-072918_perlmutter_cb90a27f,ours_l01_s1_pv2_r2_pv3c_eps05_trace-a2e8ab_b16_k8_isolated,isolated,ours,19,5,plan_comm_ms,0.856224,recorder
20260925-072918_perlmutter_cb90a27f,ours_l01_s1_pv2_r2_pv3c_eps05_trace-a2e8ab_b16_k8_isolated,isolated,ours,19,6,plan_comm_ms,0.60224,recorder
20260925-072918_perlmutter_cb90a27f,ours_l01_s1_pv2_r2_pv3c_eps05_trace-a2e8ab_b16_k8_isolated,isolated,ours,19,7,plan_comm_ms,0.624352,recorder
20260925-072918_perlmutter_cb90a27f,ours_l01_s1_pv2_r2_pv3c_eps05_trace-a2e8ab_b16_k8_isolated,isolated,ours,19,8,plan_comm_ms,0.913024,recorder
20260925-072918_perlmutter_cb90a27f,ours_l01_s1_pv2_r2_pv3c_eps05_trace-a2e8ab_b16_k8_isolated,isolated,ours,19,9,plan_comm_ms,0.669888,recorder
20260925-072918_perlmutter_cb90a27f,ours_l01_s1_pv2_r2_pv3c_eps05_trace-a2e8ab_b16_k8_isolated,isolated,ours,19,0,place_ms,0.002336,recorder
20260925-072918_perlmutter_cb90a27f,ours_l01_s1_pv2_r2_pv3c_eps05_trace-a2e8ab_b16_k8_isolated,isolated,ours,19,1,place_ms,0.002304,recorder
20260925-072918_perlmutter_cb90a27f,ours_l01_s1_pv2_r2_pv3c_eps05_trace-a2e8ab_b16_k8_isolated,isolated,ours,19,2,place_ms,0.002592,recorder
20260925-072918_perlmutter_cb90a27f,ours_l01_s1_pv2_r2_pv3c_eps05_trace-a2e8ab_b16_k8_isolated,isolated,ours,19,3,place_ms,0.002304,recorder
20260925-072918_perlmutter_cb90a27f,ours_l01_s1_pv2_r2_pv3c_eps05_trace-a2e8ab_b16_k8_isolated,isolated,ours,19,4,place_ms,0.002304,recorder
20260925-072918_perlmutter_cb90a27f,ours_l01_s1_pv2_r2_pv3c_eps05_trace-a2e8ab_b16_k8_isolated,isolated,ours,19,5,place_ms,0.002336,recorder
20260925-072918_perlmutter_cb90a27f,ours_l01_s1_pv2_r2_pv3c_eps05_trace-a2e8ab_b16_k8_isolated,isolated,ours,19,6,place_ms,0.002336,recorder
20260925-072918_perlmutter_cb90a27f,ours_l01_s1_pv2_r2_pv3c_eps05_trace-a2e8ab_b16_k8_isolated,isolated,ours,19,7,place_ms,0.002304,recorder
20260925-072918_perlmutter_cb90a27f,ours_l01_s1_pv2_r2_pv3c_eps05_trace-a2e8ab_b16_k8_isolated,isolated,ours,19,8,place_ms,0.002336,recorder
20260925-072918_perlmutter_cb90a27f,ours_l01_s1_pv2_r2_pv3c_eps05_trace-a2e8ab_b16_k8_isolated,isolated,ours,19,9,place_ms,0.002304,recorder
20260925-072918_perlmutter_cb90a27f,ours_l01_s1_pv2_r2_pv3c_eps05_trace-a2e8ab_b16_k8_isolated,isolated,ours,19,0,plan_ms,2.275904,recorder
20260925-072918_perlmutter_cb90a27f,ours_l01_s1_pv2_r2_pv3c_eps05_trace-a2e8ab_b16_k8_isolated,isolated,ours,19,1,plan_ms,2.084864,recorder
20260925-072918_perlmutter_cb90a27f,ours_l01_s1_pv2_r2_pv3c_eps05_trace-a2e8ab_b16_k8_isolated,isolated,ours,19,2,plan_ms,2.053088,recorder
20260925-072918_perlmutter_cb90a27f,ours_l01_s1_pv2_r2_pv3c_eps05_trace-a2e8ab_b16_k8_isolated,isolated,ours,19,3,plan_ms,2.281888,recorder
20260925-072918_perlmutter_cb90a27f,ours_l01_s1_pv2_r2_pv3c_eps05_trace-a2e8ab_b16_k8_isolated,isolated,ours,19,4,plan_ms,2.383712,recorder
20260925-072918_perlmutter_cb90a27f,ours_l01_s1_pv2_r2_pv3c_eps05_trace-a2e8ab_b16_k8_isolated,isolated,ours,19,5,plan_ms,2.086592,recorder
20260925-072918_perlmutter_cb90a27f,ours_l01_s1_pv2_r2_pv3c_eps05_trace-a2e8ab_b16_k8_isolated,isolated,ours,19,6,plan_ms,2.052256,recorder
20260925-072918_perlmutter_cb90a27f,ours_l01_s1_pv2_r2_pv3c_eps05_trace-a2e8ab_b16_k8_isolated,isolated,ours,19,7,plan_ms,2.024384,recorder
20260925-072918_perlmutter_cb90a27f,ours_l01_s1_pv2_r2_pv3c_eps05_trace-a2e8ab_b16_k8_isolated,isolated,ours,19,8,plan_ms,2.015136,recorder
20260925-072918_perlmutter_cb90a27f,ours_l01_s1_pv2_r2_pv3c_eps05_trace-a2e8ab_b16_k8_isolated,isolated,ours,19,9,plan_ms,1.986272,recorder
20260925-072918_perlmutter_cb90a27f,ours_l01_s1_pv2_r2_pv3c_eps05_trace-a2e8ab_b16_k8_isolated,isolated,ours,19,0,total_ms,501.208832,recorder
20260925-072918_perlmutter_cb90a27f,ours_l01_s1_pv2_r2_pv3c_eps05_trace-a2e8ab_b16_k8_isolated,isolated,ours,19,1,total_ms,350.46106,recorder
20260925-072918_perlmutter_cb90a27f,ours_l01_s1_pv2_r2_pv3c_eps05_trace-a2e8ab_b16_k8_isolated,isolated,ours,19,2,total_ms,22.992161,recorder
20260925-072918_perlmutter_cb90a27f,ours_l01_s1_pv2_r2_pv3c_eps05_trace-a2e8ab_b16_k8_isolated,isolated,ours,19,3,total_ms,501.173309,recorder
20260925-072918_perlmutter_cb90a27f,ours_l01_s1_pv2_r2_pv3c_eps05_trace-a2e8ab_b16_k8_isolated,isolated,ours,19,4,total_ms,442.622986,recorder
20260925-072918_perlmutter_cb90a27f,ours_l01_s1_pv2_r2_pv3c_eps05_trace-a2e8ab_b16_k8_isolated,isolated,ours,19,5,total_ms,25.372255,recorder
20260925-072918_perlmutter_cb90a27f,ours_l01_s1_pv2_r2_pv3c_eps05_trace-a2e8ab_b16_k8_isolated,isolated,ours,19,6,total_ms,24.314177,recorder
20260925-072918_perlmutter_cb90a27f,ours_l01_s1_pv2_r2_pv3c_eps05_trace-a2e8ab_b16_k8_isolated,isolated,ours,19,7,total_ms,495.528046,recorder
20260925-072918_perlmutter_cb90a27f,ours_l01_s1_pv2_r2_pv3c_eps05_trace-a2e8ab_b16_k8_isolated,isolated,ours,19,8,total_ms,22.9216,recorder
20260925-072918_perlmutter_cb90a27f,ours_l01_s1_pv2_r2_pv3c_eps05_trace-a2e8ab_b16_k8_isolated,isolated,ours,19,9,total_ms,352.307404,recorder
20260925-072918_perlmutter_cb90a27f,ours_l01_s1_pv2_r2_pv3c_eps05_trace-a2e8ab_b16_k8_isolated,isolated,ours,19,0,iso_sync_ms,19.283993,recorder
20260925-072918_perlmutter_cb90a27f,ours_l01_s1_pv2_r2_pv3c_eps05_trace-a2e8ab_b16_k8_isolated,isolated,ours,19,1,iso_sync_ms,498.290507,recorder
20260925-072918_perlmutter_cb90a27f,ours_l01_s1_pv2_r2_pv3c_eps05_trace-a2e8ab_b16_k8_isolated,isolated,ours,19,2,iso_sync_ms,346.490983,recorder
20260925-072918_perlmutter_cb90a27f,ours_l01_s1_pv2_r2_pv3c_eps05_trace-a2e8ab_b16_k8_isolated,isolated,ours,19,3,iso_sync_ms,18.599647,recorder
20260925-072918_perlmutter_cb90a27f,ours_l01_s1_pv2_r2_pv3c_eps05_trace-a2e8ab_b16_k8_isolated,isolated,ours,19,4,iso_sync_ms,497.514592,recorder
20260925-072918_perlmutter_cb90a27f,ours_l01_s1_pv2_r2_pv3c_eps05_trace-a2e8ab_b16_k8_isolated,isolated,ours,19,5,iso_sync_ms,437.415368,recorder
20260925-072918_perlmutter_cb90a27f,ours_l01_s1_pv2_r2_pv3c_eps05_trace-a2e8ab_b16_k8_isolated,isolated,ours,19,6,iso_sync_ms,20.659218,recorder
20260925-072918_perlmutter_cb90a27f,ours_l01_s1_pv2_r2_pv3c_eps05_trace-a2e8ab_b16_k8_isolated,isolated,ours,19,7,iso_sync_ms,20.125564,recorder
20260925-072918_perlmutter_cb90a27f,ours_l01_s1_pv2_r2_pv3c_eps05_trace-a2e8ab_b16_k8_isolated,isolated,ours,19,8,iso_sync_ms,491.944778,recorder
20260925-072918_perlmutter_cb90a27f,ours_l01_s1_pv2_r2_pv3c_eps05_trace-a2e8ab_b16_k8_isolated,isolated,ours,19,9,iso_sync_ms,18.551884,recorder
20260925-072918_perlmutter_cb90a27f,ours_l01_s1_pv2_r2_pv3c_eps05_trace-a2e8ab_b16_k8_isolated,isolated,ours,20,0,e2e_ms,498.647369,recorder
20260925-072918_perlmutter_cb90a27f,ours_l01_s1_pv2_r2_pv3c_eps05_trace-a2e8ab_b16_k8_isolated,isolated,ours,20,1,e2e_ms,347.810516,recorder
20260925-072918_perlmutter_cb90a27f,ours_l01_s1_pv2_r2_pv3c_eps05_trace-a2e8ab_b16_k8_isolated,isolated,ours,20,2,e2e_ms,20.088224,recorder
20260925-072918_perlmutter_cb90a27f,ours_l01_s1_pv2_r2_pv3c_eps05_trace-a2e8ab_b16_k8_isolated,isolated,ours,20,3,e2e_ms,498.597626,recorder
20260925-072918_perlmutter_cb90a27f,ours_l01_s1_pv2_r2_pv3c_eps05_trace-a2e8ab_b16_k8_isolated,isolated,ours,20,4,e2e_ms,440.095764,recorder
20260925-072918_perlmutter_cb90a27f,ours_l01_s1_pv2_r2_pv3c_eps05_trace-a2e8ab_b16_k8_isolated,isolated,ours,20,5,e2e_ms,22.45216,recorder
20260925-072918_perlmutter_cb90a27f,ours_l01_s1_pv2_r2_pv3c_eps05_trace-a2e8ab_b16_k8_isolated,isolated,ours,20,6,e2e_ms,21.67872,recorder
20260925-072918_perlmutter_cb90a27f,ours_l01_s1_pv2_r2_pv3c_eps05_trace-a2e8ab_b16_k8_isolated,isolated,ours,20,7,e2e_ms,492.835297,recorder
20260925-072918_perlmutter_cb90a27f,ours_l01_s1_pv2_r2_pv3c_eps05_trace-a2e8ab_b16_k8_isolated,isolated,ours,20,8,e2e_ms,19.957504,recorder
20260925-072918_perlmutter_cb90a27f,ours_l01_s1_pv2_r2_pv3c_eps05_trace-a2e8ab_b16_k8_isolated,isolated,ours,20,9,e2e_ms,349.678528,recorder
20260925-072918_perlmutter_cb90a27f,ours_l01_s1_pv2_r2_pv3c_eps05_trace-a2e8ab_b16_k8_isolated,isolated,ours,20,0,l0_ms,10.537504,recorder
20260925-072918_perlmutter_cb90a27f,ours_l01_s1_pv2_r2_pv3c_eps05_trace-a2e8ab_b16_k8_isolated,isolated,ours,20,1,l0_ms,10.535584,recorder
20260925-072918_perlmutter_cb90a27f,ours_l01_s1_pv2_r2_pv3c_eps05_trace-a2e8ab_b16_k8_isolated,isolated,ours,20,2,l0_ms,10.406048,recorder
20260925-072918_perlmutter_cb90a27f,ours_l01_s1_pv2_r2_pv3c_eps05_trace-a2e8ab_b16_k8_isolated,isolated,ours,20,3,l0_ms,11.915936,recorder
20260925-072918_perlmutter_cb90a27f,ours_l01_s1_pv2_r2_pv3c_eps05_trace-a2e8ab_b16_k8_isolated,isolated,ours,20,4,l0_ms,11.923936,recorder
20260925-072918_perlmutter_cb90a27f,ours_l01_s1_pv2_r2_pv3c_eps05_trace-a2e8ab_b16_k8_isolated,isolated,ours,20,5,l0_ms,11.044576,recorder
20260925-072918_perlmutter_cb90a27f,ours_l01_s1_pv2_r2_pv3c_eps05_trace-a2e8ab_b16_k8_isolated,isolated,ours,20,6,l0_ms,11.341472,recorder
20260925-072918_perlmutter_cb90a27f,ours_l01_s1_pv2_r2_pv3c_eps05_trace-a2e8ab_b16_k8_isolated,isolated,ours,20,7,l0_ms,9.645248,recorder
20260925-072918_perlmutter_cb90a27f,ours_l01_s1_pv2_r2_pv3c_eps05_trace-a2e8ab_b16_k8_isolated,isolated,ours,20,8,l0_ms,10.174688,recorder
20260925-072918_perlmutter_cb90a27f,ours_l01_s1_pv2_r2_pv3c_eps05_trace-a2e8ab_b16_k8_isolated,isolated,ours,20,9,l0_ms,10.399232,recorder
20260925-072918_perlmutter_cb90a27f,ours_l01_s1_pv2_r2_pv3c_eps05_trace-a2e8ab_b16_k8_isolated,isolated,ours,20,0,act_ms,0.097856,recorder
20260925-072918_perlmutter_cb90a27f,ours_l01_s1_pv2_r2_pv3c_eps05_trace-a2e8ab_b16_k8_isolated,isolated,ours,20,1,act_ms,0.098848,recorder
20260925-072918_perlmutter_cb90a27f,ours_l01_s1_pv2_r2_pv3c_eps05_trace-a2e8ab_b16_k8_isolated,isolated,ours,20,2,act_ms,0.095616,recorder
20260925-072918_perlmutter_cb90a27f,ours_l01_s1_pv2_r2_pv3c_eps05_trace-a2e8ab_b16_k8_isolated,isolated,ours,20,3,act_ms,0.101344,recorder
20260925-072918_perlmutter_cb90a27f,ours_l01_s1_pv2_r2_pv3c_eps05_trace-a2e8ab_b16_k8_isolated,isolated,ours,20,4,act_ms,0.097152,recorder
20260925-072918_perlmutter_cb90a27f,ours_l01_s1_pv2_r2_pv3c_eps05_trace-a2e8ab_b16_k8_isolated,isolated,ours,20,5,act_ms,0.09904,recorder
20260925-072918_perlmutter_cb90a27f,ours_l01_s1_pv2_r2_pv3c_eps05_trace-a2e8ab_b16_k8_isolated,isolated,ours,20,6,act_ms,0.097248,recorder
20260925-072918_perlmutter_cb90a27f,ours_l01_s1_pv2_r2_pv3c_eps05_trace-a2e8ab_b16_k8_isolated,isolated,ours,20,7,act_ms,0.102368,recorder
20260925-072918_perlmutter_cb90a27f,ours_l01_s1_pv2_r2_pv3c_eps05_trace-a2e8ab_b16_k8_isolated,isolated,ours,20,8,act_ms,0.096128,recorder
20260925-072918_perlmutter_cb90a27f,ours_l01_s1_pv2_r2_pv3c_eps05_trace-a2e8ab_b16_k8_isolated,isolated,ours,20,9,act_ms,0.0984,recorder
20260925-072918_perlmutter_cb90a27f,ours_l01_s1_pv2_r2_pv3c_eps05_trace-a2e8ab_b16_k8_isolated,isolated,ours,20,0,l1_ms,488.011993,recorder
20260925-072918_perlmutter_cb90a27f,ours_l01_s1_pv2_r2_pv3c_eps05_trace-a2e8ab_b16_k8_isolated,isolated,ours,20,1,l1_ms,337.176086,recorder
20260925-072918_perlmutter_cb90a27f,ours_l01_s1_pv2_r2_pv3c_eps05_trace-a2e8ab_b16_k8_isolated,isolated,ours,20,2,l1_ms,9.58656,recorder
20260925-072918_perlmutter_cb90a27f,ours_l01_s1_pv2_r2_pv3c_eps05_trace-a2e8ab_b16_k8_isolated,isolated,ours,20,3,l1_ms,486.580353,recorder
20260925-072918_perlmutter_cb90a27f,ours_l01_s1_pv2_r2_pv3c_eps05_trace-a2e8ab_b16_k8_isolated,isolated,ours,20,4,l1_ms,428.074677,recorder
20260925-072918_perlmutter_cb90a27f,ours_l01_s1_pv2_r2_pv3c_eps05_trace-a2e8ab_b16_k8_isolated,isolated,ours,20,5,l1_ms,11.308544,recorder
20260925-072918_perlmutter_cb90a27f,ours_l01_s1_pv2_r2_pv3c_eps05_trace-a2e8ab_b16_k8_isolated,isolated,ours,20,6,l1_ms,10.24,recorder
20260925-072918_perlmutter_cb90a27f,ours_l01_s1_pv2_r2_pv3c_eps05_trace-a2e8ab_b16_k8_isolated,isolated,ours,20,7,l1_ms,483.087677,recorder
20260925-072918_perlmutter_cb90a27f,ours_l01_s1_pv2_r2_pv3c_eps05_trace-a2e8ab_b16_k8_isolated,isolated,ours,20,8,l1_ms,9.686688,recorder
20260925-072918_perlmutter_cb90a27f,ours_l01_s1_pv2_r2_pv3c_eps05_trace-a2e8ab_b16_k8_isolated,isolated,ours,20,9,l1_ms,339.180908,recorder
20260925-072918_perlmutter_cb90a27f,ours_l01_s1_pv2_r2_pv3c_eps05_trace-a2e8ab_b16_k8_isolated,isolated,ours,20,0,plan_comm_ms,0.58144,recorder
20260925-072918_perlmutter_cb90a27f,ours_l01_s1_pv2_r2_pv3c_eps05_trace-a2e8ab_b16_k8_isolated,isolated,ours,20,1,plan_comm_ms,0.799584,recorder
20260925-072918_perlmutter_cb90a27f,ours_l01_s1_pv2_r2_pv3c_eps05_trace-a2e8ab_b16_k8_isolated,isolated,ours,20,2,plan_comm_ms,0.825888,recorder
20260925-072918_perlmutter_cb90a27f,ours_l01_s1_pv2_r2_pv3c_eps05_trace-a2e8ab_b16_k8_isolated,isolated,ours,20,3,plan_comm_ms,0.581216,recorder
20260925-072918_perlmutter_cb90a27f,ours_l01_s1_pv2_r2_pv3c_eps05_trace-a2e8ab_b16_k8_isolated,isolated,ours,20,4,plan_comm_ms,0.663072,recorder
20260925-072918_perlmutter_cb90a27f,ours_l01_s1_pv2_r2_pv3c_eps05_trace-a2e8ab_b16_k8_isolated,isolated,ours,20,5,plan_comm_ms,0.857344,recorder
20260925-072918_perlmutter_cb90a27f,ours_l01_s1_pv2_r2_pv3c_eps05_trace-a2e8ab_b16_k8_isolated,isolated,ours,20,6,plan_comm_ms,0.581728,recorder
20260925-072918_perlmutter_cb90a27f,ours_l01_s1_pv2_r2_pv3c_eps05_trace-a2e8ab_b16_k8_isolated,isolated,ours,20,7,plan_comm_ms,0.664576,recorder
20260925-072918_perlmutter_cb90a27f,ours_l01_s1_pv2_r2_pv3c_eps05_trace-a2e8ab_b16_k8_isolated,isolated,ours,20,8,plan_comm_ms,0.905696,recorder
20260925-072918_perlmutter_cb90a27f,ours_l01_s1_pv2_r2_pv3c_eps05_trace-a2e8ab_b16_k8_isolated,isolated,ours,20,9,plan_comm_ms,0.657888,recorder
20260925-072918_perlmutter_cb90a27f,ours_l01_s1_pv2_r2_pv3c_eps05_trace-a2e8ab_b16_k8_isolated,isolated,ours,20,0,place_ms,0.002336,recorder
20260925-072918_perlmutter_cb90a27f,ours_l01_s1_pv2_r2_pv3c_eps05_trace-a2e8ab_b16_k8_isolated,isolated,ours,20,1,place_ms,0.002336,recorder
20260925-072918_perlmutter_cb90a27f,ours_l01_s1_pv2_r2_pv3c_eps05_trace-a2e8ab_b16_k8_isolated,isolated,ours,20,2,place_ms,0.002496,recorder
20260925-072918_perlmutter_cb90a27f,ours_l01_s1_pv2_r2_pv3c_eps05_trace-a2e8ab_b16_k8_isolated,isolated,ours,20,3,place_ms,0.002368,recorder
20260925-072918_perlmutter_cb90a27f,ours_l01_s1_pv2_r2_pv3c_eps05_trace-a2e8ab_b16_k8_isolated,isolated,ours,20,4,place_ms,0.002368,recorder
20260925-072918_perlmutter_cb90a27f,ours_l01_s1_pv2_r2_pv3c_eps05_trace-a2e8ab_b16_k8_isolated,isolated,ours,20,5,place_ms,0.002368,recorder
20260925-072918_perlmutter_cb90a27f,ours_l01_s1_pv2_r2_pv3c_eps05_trace-a2e8ab_b16_k8_isolated,isolated,ours,20,6,place_ms,0.002368,recorder
20260925-072918_perlmutter_cb90a27f,ours_l01_s1_pv2_r2_pv3c_eps05_trace-a2e8ab_b16_k8_isolated,isolated,ours,20,7,place_ms,0.002336,recorder
20260925-072918_perlmutter_cb90a27f,ours_l01_s1_pv2_r2_pv3c_eps05_trace-a2e8ab_b16_k8_isolated,isolated,ours,20,8,place_ms,0.002368,recorder
20260925-072918_perlmutter_cb90a27f,ours_l01_s1_pv2_r2_pv3c_eps05_trace-a2e8ab_b16_k8_isolated,isolated,ours,20,9,place_ms,0.002336,recorder
20260925-072918_perlmutter_cb90a27f,ours_l01_s1_pv2_r2_pv3c_eps05_trace-a2e8ab_b16_k8_isolated,isolated,ours,20,0,plan_ms,1.997248,recorder
20260925-072918_perlmutter_cb90a27f,ours_l01_s1_pv2_r2_pv3c_eps05_trace-a2e8ab_b16_k8_isolated,isolated,ours,20,1,plan_ms,2.066432,recorder
20260925-072918_perlmutter_cb90a27f,ours_l01_s1_pv2_r2_pv3c_eps05_trace-a2e8ab_b16_k8_isolated,isolated,ours,20,2,plan_ms,2.005216,recorder
20260925-072918_perlmutter_cb90a27f,ours_l01_s1_pv2_r2_pv3c_eps05_trace-a2e8ab_b16_k8_isolated,isolated,ours,20,3,plan_ms,1.961568,recorder
20260925-072918_perlmutter_cb90a27f,ours_l01_s1_pv2_r2_pv3c_eps05_trace-a2e8ab_b16_k8_isolated,isolated,ours,20,4,plan_ms,1.974784,recorder
20260925-072918_perlmutter_cb90a27f,ours_l01_s1_pv2_r2_pv3c_eps05_trace-a2e8ab_b16_k8_isolated,isolated,ours,20,5,plan_ms,2.029536,recorder
20260925-072918_perlmutter_cb90a27f,ours_l01_s1_pv2_r2_pv3c_eps05_trace-a2e8ab_b16_k8_isolated,isolated,ours,20,6,plan_ms,2.030176,recorder
20260925-072918_perlmutter_cb90a27f,ours_l01_s1_pv2_r2_pv3c_eps05_trace-a2e8ab_b16_k8_isolated,isolated,ours,20,7,plan_ms,1.96992,recorder
20260925-072918_perlmutter_cb90a27f,ours_l01_s1_pv2_r2_pv3c_eps05_trace-a2e8ab_b16_k8_isolated,isolated,ours,20,8,plan_ms,2.041504,recorder
20260925-072918_perlmutter_cb90a27f,ours_l01_s1_pv2_r2_pv3c_eps05_trace-a2e8ab_b16_k8_isolated,isolated,ours,20,9,plan_ms,1.960288,recorder
20260925-072918_perlmutter_cb90a27f,ours_l01_s1_pv2_r2_pv3c_eps05_trace-a2e8ab_b16_k8_isolated,isolated,ours,20,0,total_ms,501.237946,recorder
20260925-072918_perlmutter_cb90a27f,ours_l01_s1_pv2_r2_pv3c_eps05_trace-a2e8ab_b16_k8_isolated,isolated,ours,20,1,total_ms,350.688873,recorder
20260925-072918_perlmutter_cb90a27f,ours_l01_s1_pv2_r2_pv3c_eps05_trace-a2e8ab_b16_k8_isolated,isolated,ours,20,2,total_ms,22.931808,recorder
20260925-072918_perlmutter_cb90a27f,ours_l01_s1_pv2_r2_pv3c_eps05_trace-a2e8ab_b16_k8_isolated,isolated,ours,20,3,total_ms,501.152679,recorder
20260925-072918_perlmutter_cb90a27f,ours_l01_s1_pv2_r2_pv3c_eps05_trace-a2e8ab_b16_k8_isolated,isolated,ours,20,4,total_ms,442.74588,recorder
20260925-072918_perlmutter_cb90a27f,ours_l01_s1_pv2_r2_pv3c_eps05_trace-a2e8ab_b16_k8_isolated,isolated,ours,20,5,total_ms,25.35136,recorder
20260925-072918_perlmutter_cb90a27f,ours_l01_s1_pv2_r2_pv3c_eps05_trace-a2e8ab_b16_k8_isolated,isolated,ours,20,6,total_ms,24.302689,recorder
20260925-072918_perlmutter_cb90a27f,ours_l01_s1_pv2_r2_pv3c_eps05_trace-a2e8ab_b16_k8_isolated,isolated,ours,20,7,total_ms,495.481995,recorder
20260925-072918_perlmutter_cb90a27f,ours_l01_s1_pv2_r2_pv3c_eps05_trace-a2e8ab_b16_k8_isolated,isolated,ours,20,8,total_ms,22.916479,recorder
20260925-072918_perlmutter_cb90a27f,ours_l01_s1_pv2_r2_pv3c_eps05_trace-a2e8ab_b16_k8_isolated,isolated,ours,20,9,total_ms,352.308777,recorder
20260925-072918_perlmutter_cb90a27f,ours_l01_s1_pv2_r2_pv3c_eps05_trace-a2e8ab_b16_k8_isolated,isolated,ours,20,0,iso_sync_ms,19.278125,recorder
20260925-072918_perlmutter_cb90a27f,ours_l01_s1_pv2_r2_pv3c_eps05_trace-a2e8ab_b16_k8_isolated,isolated,ours,20,1,iso_sync_ms,498.430364,recorder
20260925-072918_perlmutter_cb90a27f,ours_l01_s1_pv2_r2_pv3c_eps05_trace-a2e8ab_b16_k8_isolated,isolated,ours,20,2,iso_sync_ms,346.747877,recorder
20260925-072918_perlmutter_cb90a27f,ours_l01_s1_pv2_r2_pv3c_eps05_trace-a2e8ab_b16_k8_isolated,isolated,ours,20,3,iso_sync_ms,18.557928,recorder
20260925-072918_perlmutter_cb90a27f,ours_l01_s1_pv2_r2_pv3c_eps05_trace-a2e8ab_b16_k8_isolated,isolated,ours,20,4,iso_sync_ms,497.695398,recorder
20260925-072918_perlmutter_cb90a27f,ours_l01_s1_pv2_r2_pv3c_eps05_trace-a2e8ab_b16_k8_isolated,isolated,ours,20,5,iso_sync_ms,438.853068,recorder
20260925-072918_perlmutter_cb90a27f,ours_l01_s1_pv2_r2_pv3c_eps05_trace-a2e8ab_b16_k8_isolated,isolated,ours,20,6,iso_sync_ms,21.010025,recorder
20260925-072918_perlmutter_cb90a27f,ours_l01_s1_pv2_r2_pv3c_eps05_trace-a2e8ab_b16_k8_isolated,isolated,ours,20,7,iso_sync_ms,20.243818,recorder
20260925-072918_perlmutter_cb90a27f,ours_l01_s1_pv2_r2_pv3c_eps05_trace-a2e8ab_b16_k8_isolated,isolated,ours,20,8,iso_sync_ms,491.945906,recorder
20260925-072918_perlmutter_cb90a27f,ours_l01_s1_pv2_r2_pv3c_eps05_trace-a2e8ab_b16_k8_isolated,isolated,ours,20,9,iso_sync_ms,18.700835,recorder
20260925-072918_perlmutter_cb90a27f,ours_l01_s1_pv2_r2_pv3c_eps05_trace-a2e8ab_b16_k8_isolated,isolated,ours,21,0,e2e_ms,498.637054,recorder
20260925-072918_perlmutter_cb90a27f,ours_l01_s1_pv2_r2_pv3c_eps05_trace-a2e8ab_b16_k8_isolated,isolated,ours,21,1,e2e_ms,347.750793,recorder
20260925-072918_perlmutter_cb90a27f,ours_l01_s1_pv2_r2_pv3c_eps05_trace-a2e8ab_b16_k8_isolated,isolated,ours,21,2,e2e_ms,20.105824,recorder
20260925-072918_perlmutter_cb90a27f,ours_l01_s1_pv2_r2_pv3c_eps05_trace-a2e8ab_b16_k8_isolated,isolated,ours,21,3,e2e_ms,498.553864,recorder
20260925-072918_perlmutter_cb90a27f,ours_l01_s1_pv2_r2_pv3c_eps05_trace-a2e8ab_b16_k8_isolated,isolated,ours,21,4,e2e_ms,440.109924,recorder
20260925-072918_perlmutter_cb90a27f,ours_l01_s1_pv2_r2_pv3c_eps05_trace-a2e8ab_b16_k8_isolated,isolated,ours,21,5,e2e_ms,22.460833,recorder
20260925-072918_perlmutter_cb90a27f,ours_l01_s1_pv2_r2_pv3c_eps05_trace-a2e8ab_b16_k8_isolated,isolated,ours,21,6,e2e_ms,21.702751,recorder
20260925-072918_perlmutter_cb90a27f,ours_l01_s1_pv2_r2_pv3c_eps05_trace-a2e8ab_b16_k8_isolated,isolated,ours,21,7,e2e_ms,492.910309,recorder
20260925-072918_perlmutter_cb90a27f,ours_l01_s1_pv2_r2_pv3c_eps05_trace-a2e8ab_b16_k8_isolated,isolated,ours,21,8,e2e_ms,19.969473,recorder
20260925-072918_perlmutter_cb90a27f,ours_l01_s1_pv2_r2_pv3c_eps05_trace-a2e8ab_b16_k8_isolated,isolated,ours,21,9,e2e_ms,349.666473,recorder
20260925-072918_perlmutter_cb90a27f,ours_l01_s1_pv2_r2_pv3c_eps05_trace-a2e8ab_b16_k8_isolated,isolated,ours,21,0,l0_ms,10.575264,recorder
20260925-072918_perlmutter_cb90a27f,ours_l01_s1_pv2_r2_pv3c_eps05_trace-a2e8ab_b16_k8_isolated,isolated,ours,21,1,l0_ms,10.512832,recorder
20260925-072918_perlmutter_cb90a27f,ours_l01_s1_pv2_r2_pv3c_eps05_trace-a2e8ab_b16_k8_isolated,isolated,ours,21,2,l0_ms,10.418016,recorder
20260925-072918_perlmutter_cb90a27f,ours_l01_s1_pv2_r2_pv3c_eps05_trace-a2e8ab_b16_k8_isolated,isolated,ours,21,3,l0_ms,11.925152,recorder
20260925-072918_perlmutter_cb90a27f,ours_l01_s1_pv2_r2_pv3c_eps05_trace-a2e8ab_b16_k8_isolated,isolated,ours,21,4,l0_ms,11.931168,recorder
20260925-072918_perlmutter_cb90a27f,ours_l01_s1_pv2_r2_pv3c_eps05_trace-a2e8ab_b16_k8_isolated,isolated,ours,21,5,l0_ms,11.054304,recorder
20260925-072918_perlmutter_cb90a27f,ours_l01_s1_pv2_r2_pv3c_eps05_trace-a2e8ab_b16_k8_isolated,isolated,ours,21,6,l0_ms,11.350016,recorder
20260925-072918_perlmutter_cb90a27f,ours_l01_s1_pv2_r2_pv3c_eps05_trace-a2e8ab_b16_k8_isolated,isolated,ours,21,7,l0_ms,9.658752,recorder
20260925-072918_perlmutter_cb90a27f,ours_l01_s1_pv2_r2_pv3c_eps05_trace-a2e8ab_b16_k8_isolated,isolated,ours,21,8,l0_ms,10.183232,recorder
20260925-072918_perlmutter_cb90a27f,ours_l01_s1_pv2_r2_pv3c_eps05_trace-a2e8ab_b16_k8_isolated,isolated,ours,21,9,l0_ms,10.340512,recorder
20260925-072918_perlmutter_cb90a27f,ours_l01_s1_pv2_r2_pv3c_eps05_trace-a2e8ab_b16_k8_isolated,isolated,ours,21,0,act_ms,0.108864,recorder
20260925-072918_perlmutter_cb90a27f,ours_l01_s1_pv2_r2_pv3c_eps05_trace-a2e8ab_b16_k8_isolated,isolated,ours,21,1,act_ms,0.107264,recorder
20260925-072918_perlmutter_cb90a27f,ours_l01_s1_pv2_r2_pv3c_eps05_trace-a2e8ab_b16_k8_isolated,isolated,ours,21,2,act_ms,0.110304,recorder
20260925-072918_perlmutter_cb90a27f,ours_l01_s1_pv2_r2_pv3c_eps05_trace-a2e8ab_b16_k8_isolated,isolated,ours,21,3,act_ms,0.110528,recorder
20260925-072918_perlmutter_cb90a27f,ours_l01_s1_pv2_r2_pv3c_eps05_trace-a2e8ab_b16_k8_isolated,isolated,ours,21,4,act_ms,0.112128,recorder
20260925-072918_perlmutter_cb90a27f,ours_l01_s1_pv2_r2_pv3c_eps05_trace-a2e8ab_b16_k8_isolated,isolated,ours,21,5,act_ms,0.10976,recorder
20260925-072918_perlmutter_cb90a27f,ours_l01_s1_pv2_r2_pv3c_eps05_trace-a2e8ab_b16_k8_isolated,isolated,ours,21,6,act_ms,0.109568,recorder
20260925-072918_perlmutter_cb90a27f,ours_l01_s1_pv2_r2_pv3c_eps05_trace-a2e8ab_b16_k8_isolated,isolated,ours,21,7,act_ms,0.109568,recorder
20260925-072918_perlmutter_cb90a27f,ours_l01_s1_pv2_r2_pv3c_eps05_trace-a2e8ab_b16_k8_isolated,isolated,ours,21,8,act_ms,0.1096,recorder
20260925-072918_perlmutter_cb90a27f,ours_l01_s1_pv2_r2_pv3c_eps05_trace-a2e8ab_b16_k8_isolated,isolated,ours,21,9,act_ms,0.109888,recorder
20260925-072918_perlmutter_cb90a27f,ours_l01_s1_pv2_r2_pv3c_eps05_trace-a2e8ab_b16_k8_isolated,isolated,ours,21,0,l1_ms,487.952942,recorder
20260925-072918_perlmutter_cb90a27f,ours_l01_s1_pv2_r2_pv3c_eps05_trace-a2e8ab_b16_k8_isolated,isolated,ours,21,1,l1_ms,337.130676,recorder
20260925-072918_perlmutter_cb90a27f,ours_l01_s1_pv2_r2_pv3c_eps05_trace-a2e8ab_b16_k8_isolated,isolated,ours,21,2,l1_ms,9.577504,recorder
20260925-072918_perlmutter_cb90a27f,ours_l01_s1_pv2_r2_pv3c_eps05_trace-a2e8ab_b16_k8_isolated,isolated,ours,21,3,l1_ms,486.518188,recorder
20260925-072918_perlmutter_cb90a27f,ours_l01_s1_pv2_r2_pv3c_eps05_trace-a2e8ab_b16_k8_isolated,isolated,ours,21,4,l1_ms,428.06662,recorder
20260925-072918_perlmutter_cb90a27f,ours_l01_s1_pv2_r2_pv3c_eps05_trace-a2e8ab_b16_k8_isolated,isolated,ours,21,5,l1_ms,11.296768,recorder
20260925-072918_perlmutter_cb90a27f,ours_l01_s1_pv2_r2_pv3c_eps05_trace-a2e8ab_b16_k8_isolated,isolated,ours,21,6,l1_ms,10.243168,recorder
20260925-072918_perlmutter_cb90a27f,ours_l01_s1_pv2_r2_pv3c_eps05_trace-a2e8ab_b16_k8_isolated,isolated,ours,21,7,l1_ms,483.141998,recorder
20260925-072918_perlmutter_cb90a27f,ours_l01_s1_pv2_r2_pv3c_eps05_trace-a2e8ab_b16_k8_isolated,isolated,ours,21,8,l1_ms,9.67664,recorder
20260925-072918_perlmutter_cb90a27f,ours_l01_s1_pv2_r2_pv3c_eps05_trace-a2e8ab_b16_k8_isolated,isolated,ours,21,9,l1_ms,339.216064,recorder
20260925-072918_perlmutter_cb90a27f,ours_l01_s1_pv2_r2_pv3c_eps05_trace-a2e8ab_b16_k8_isolated,isolated,ours,21,0,plan_comm_ms,0.582592,recorder
20260925-072918_perlmutter_cb90a27f,ours_l01_s1_pv2_r2_pv3c_eps05_trace-a2e8ab_b16_k8_isolated,isolated,ours,21,1,plan_comm_ms,0.640736,recorder
20260925-072918_perlmutter_cb90a27f,ours_l01_s1_pv2_r2_pv3c_eps05_trace-a2e8ab_b16_k8_isolated,isolated,ours,21,2,plan_comm_ms,0.879392,recorder
20260925-072918_perlmutter_cb90a27f,ours_l01_s1_pv2_r2_pv3c_eps05_trace-a2e8ab_b16_k8_isolated,isolated,ours,21,3,plan_comm_ms,0.583424,recorder
20260925-072918_perlmutter_cb90a27f,ours_l01_s1_pv2_r2_pv3c_eps05_trace-a2e8ab_b16_k8_isolated,isolated,ours,21,4,plan_comm_ms,0.665504,recorder
20260925-072918_perlmutter_cb90a27f,ours_l01_s1_pv2_r2_pv3c_eps05_trace-a2e8ab_b16_k8_isolated,isolated,ours,21,5,plan_comm_ms,0.875456,recorder
20260925-072918_perlmutter_cb90a27f,ours_l01_s1_pv2_r2_pv3c_eps05_trace-a2e8ab_b16_k8_isolated,isolated,ours,21,6,plan_comm_ms,0.586272,recorder
20260925-072918_perlmutter_cb90a27f,ours_l01_s1_pv2_r2_pv3c_eps05_trace-a2e8ab_b16_k8_isolated,isolated,ours,21,7,plan_comm_ms,0.665568,recorder
20260925-072918_perlmutter_cb90a27f,ours_l01_s1_pv2_r2_pv3c_eps05_trace-a2e8ab_b16_k8_isolated,isolated,ours,21,8,plan_comm_ms,0.902496,recorder
20260925-072918_perlmutter_cb90a27f,ours_l01_s1_pv2_r2_pv3c_eps05_trace-a2e8ab_b16_k8_isolated,isolated,ours,21,9,plan_comm_ms,0.661056,recorder
20260925-072918_perlmutter_cb90a27f,ours_l01_s1_pv2_r2_pv3c_eps05_trace-a2e8ab_b16_k8_isolated,isolated,ours,21,0,place_ms,0.002336,recorder
20260925-072918_perlmutter_cb90a27f,ours_l01_s1_pv2_r2_pv3c_eps05_trace-a2e8ab_b16_k8_isolated,isolated,ours,21,1,place_ms,0.002304,recorder
20260925-072918_perlmutter_cb90a27f,ours_l01_s1_pv2_r2_pv3c_eps05_trace-a2e8ab_b16_k8_isolated,isolated,ours,21,2,place_ms,0.002336,recorder
20260925-072918_perlmutter_cb90a27f,ours_l01_s1_pv2_r2_pv3c_eps05_trace-a2e8ab_b16_k8_isolated,isolated,ours,21,3,place_ms,0.002304,recorder
20260925-072918_perlmutter_cb90a27f,ours_l01_s1_pv2_r2_pv3c_eps05_trace-a2e8ab_b16_k8_isolated,isolated,ours,21,4,place_ms,0.002304,recorder
20260925-072918_perlmutter_cb90a27f,ours_l01_s1_pv2_r2_pv3c_eps05_trace-a2e8ab_b16_k8_isolated,isolated,ours,21,5,place_ms,0.002336,recorder
20260925-072918_perlmutter_cb90a27f,ours_l01_s1_pv2_r2_pv3c_eps05_trace-a2e8ab_b16_k8_isolated,isolated,ours,21,6,place_ms,0.002336,recorder
20260925-072918_perlmutter_cb90a27f,ours_l01_s1_pv2_r2_pv3c_eps05_trace-a2e8ab_b16_k8_isolated,isolated,ours,21,7,place_ms,0.002304,recorder
20260925-072918_perlmutter_cb90a27f,ours_l01_s1_pv2_r2_pv3c_eps05_trace-a2e8ab_b16_k8_isolated,isolated,ours,21,8,place_ms,0.002336,recorder
20260925-072918_perlmutter_cb90a27f,ours_l01_s1_pv2_r2_pv3c_eps05_trace-a2e8ab_b16_k8_isolated,isolated,ours,21,9,place_ms,0.002336,recorder
20260925-072918_perlmutter_cb90a27f,ours_l01_s1_pv2_r2_pv3c_eps05_trace-a2e8ab_b16_k8_isolated,isolated,ours,21,0,plan_ms,1.94864,recorder
20260925-072918_perlmutter_cb90a27f,ours_l01_s1_pv2_r2_pv3c_eps05_trace-a2e8ab_b16_k8_isolated,isolated,ours,21,1,plan_ms,2.053728,recorder
20260925-072918_perlmutter_cb90a27f,ours_l01_s1_pv2_r2_pv3c_eps05_trace-a2e8ab_b16_k8_isolated,isolated,ours,21,2,plan_ms,1.988992,recorder
20260925-072918_perlmutter_cb90a27f,ours_l01_s1_pv2_r2_pv3c_eps05_trace-a2e8ab_b16_k8_isolated,isolated,ours,21,3,plan_ms,1.952128,recorder
20260925-072918_perlmutter_cb90a27f,ours_l01_s1_pv2_r2_pv3c_eps05_trace-a2e8ab_b16_k8_isolated,isolated,ours,21,4,plan_ms,1.966624,recorder
20260925-072918_perlmutter_cb90a27f,ours_l01_s1_pv2_r2_pv3c_eps05_trace-a2e8ab_b16_k8_isolated,isolated,ours,21,5,plan_ms,2.023104,recorder
20260925-072918_perlmutter_cb90a27f,ours_l01_s1_pv2_r2_pv3c_eps05_trace-a2e8ab_b16_k8_isolated,isolated,ours,21,6,plan_ms,2.001376,recorder
20260925-072918_perlmutter_cb90a27f,ours_l01_s1_pv2_r2_pv3c_eps05_trace-a2e8ab_b16_k8_isolated,isolated,ours,21,7,plan_ms,1.950208,recorder
20260925-072918_perlmutter_cb90a27f,ours_l01_s1_pv2_r2_pv3c_eps05_trace-a2e8ab_b16_k8_isolated,isolated,ours,21,8,plan_ms,2.03664,recorder
20260925-072918_perlmutter_cb90a27f,ours_l01_s1_pv2_r2_pv3c_eps05_trace-a2e8ab_b16_k8_isolated,isolated,ours,21,9,plan_ms,1.950016,recorder
20260925-072918_perlmutter_cb90a27f,ours_l01_s1_pv2_r2_pv3c_eps05_trace-a2e8ab_b16_k8_isolated,isolated,ours,21,0,total_ms,501.188019,recorder
20260925-072918_perlmutter_cb90a27f,ours_l01_s1_pv2_r2_pv3c_eps05_trace-a2e8ab_b16_k8_isolated,isolated,ours,21,1,total_ms,350.457611,recorder
20260925-072918_perlmutter_cb90a27f,ours_l01_s1_pv2_r2_pv3c_eps05_trace-a2e8ab_b16_k8_isolated,isolated,ours,21,2,total_ms,22.986368,recorder
20260925-072918_perlmutter_cb90a27f,ours_l01_s1_pv2_r2_pv3c_eps05_trace-a2e8ab_b16_k8_isolated,isolated,ours,21,3,total_ms,501.10083,recorder
20260925-072918_perlmutter_cb90a27f,ours_l01_s1_pv2_r2_pv3c_eps05_trace-a2e8ab_b16_k8_isolated,isolated,ours,21,4,total_ms,442.753937,recorder
20260925-072918_perlmutter_cb90a27f,ours_l01_s1_pv2_r2_pv3c_eps05_trace-a2e8ab_b16_k8_isolated,isolated,ours,21,5,total_ms,25.371103,recorder
20260925-072918_perlmutter_cb90a27f,ours_l01_s1_pv2_r2_pv3c_eps05_trace-a2e8ab_b16_k8_isolated,isolated,ours,21,6,total_ms,24.301985,recorder
20260925-072918_perlmutter_cb90a27f,ours_l01_s1_pv2_r2_pv3c_eps05_trace-a2e8ab_b16_k8_isolated,isolated,ours,21,7,total_ms,495.538116,recorder
20260925-072918_perlmutter_cb90a27f,ours_l01_s1_pv2_r2_pv3c_eps05_trace-a2e8ab_b16_k8_isolated,isolated,ours,21,8,total_ms,22.91984,recorder
20260925-072918_perlmutter_cb90a27f,ours_l01_s1_pv2_r2_pv3c_eps05_trace-a2e8ab_b16_k8_isolated,isolated,ours,21,9,total_ms,352.289032,recorder
20260925-072918_perlmutter_cb90a27f,ours_l01_s1_pv2_r2_pv3c_eps05_trace-a2e8ab_b16_k8_isolated,isolated,ours,21,0,iso_sync_ms,19.416033,recorder
20260925-072918_perlmutter_cb90a27f,ours_l01_s1_pv2_r2_pv3c_eps05_trace-a2e8ab_b16_k8_isolated,isolated,ours,21,1,iso_sync_ms,498.522093,recorder
20260925-072918_perlmutter_cb90a27f,ours_l01_s1_pv2_r2_pv3c_eps05_trace-a2e8ab_b16_k8_isolated,isolated,ours,21,2,iso_sync_ms,346.670767,recorder
20260925-072918_perlmutter_cb90a27f,ours_l01_s1_pv2_r2_pv3c_eps05_trace-a2e8ab_b16_k8_isolated,isolated,ours,21,3,iso_sync_ms,18.675165,recorder
20260925-072918_perlmutter_cb90a27f,ours_l01_s1_pv2_r2_pv3c_eps05_trace-a2e8ab_b16_k8_isolated,isolated,ours,21,4,iso_sync_ms,497.832143,recorder
20260925-072918_perlmutter_cb90a27f,ours_l01_s1_pv2_r2_pv3c_eps05_trace-a2e8ab_b16_k8_isolated,isolated,ours,21,5,iso_sync_ms,438.884059,recorder
20260925-072918_perlmutter_cb90a27f,ours_l01_s1_pv2_r2_pv3c_eps05_trace-a2e8ab_b16_k8_isolated,isolated,ours,21,6,iso_sync_ms,21.065613,recorder
20260925-072918_perlmutter_cb90a27f,ours_l01_s1_pv2_r2_pv3c_eps05_trace-a2e8ab_b16_k8_isolated,isolated,ours,21,7,iso_sync_ms,20.342539,recorder
20260925-072918_perlmutter_cb90a27f,ours_l01_s1_pv2_r2_pv3c_eps05_trace-a2e8ab_b16_k8_isolated,isolated,ours,21,8,iso_sync_ms,492.104904,recorder
20260925-072918_perlmutter_cb90a27f,ours_l01_s1_pv2_r2_pv3c_eps05_trace-a2e8ab_b16_k8_isolated,isolated,ours,21,9,iso_sync_ms,18.76539,recorder
20260925-072918_perlmutter_cb90a27f,ours_l01_s1_pv2_r2_pv3c_eps05_trace-a2e8ab_b16_k8_isolated,isolated,ours,22,0,e2e_ms,498.605225,recorder
20260925-072918_perlmutter_cb90a27f,ours_l01_s1_pv2_r2_pv3c_eps05_trace-a2e8ab_b16_k8_isolated,isolated,ours,22,1,e2e_ms,347.735748,recorder
20260925-072918_perlmutter_cb90a27f,ours_l01_s1_pv2_r2_pv3c_eps05_trace-a2e8ab_b16_k8_isolated,isolated,ours,22,2,e2e_ms,20.103329,recorder
20260925-072918_perlmutter_cb90a27f,ours_l01_s1_pv2_r2_pv3c_eps05_trace-a2e8ab_b16_k8_isolated,isolated,ours,22,3,e2e_ms,498.61322,recorder
20260925-072918_perlmutter_cb90a27f,ours_l01_s1_pv2_r2_pv3c_eps05_trace-a2e8ab_b16_k8_isolated,isolated,ours,22,4,e2e_ms,440.120636,recorder
20260925-072918_perlmutter_cb90a27f,ours_l01_s1_pv2_r2_pv3c_eps05_trace-a2e8ab_b16_k8_isolated,isolated,ours,22,5,e2e_ms,22.44688,recorder
20260925-072918_perlmutter_cb90a27f,ours_l01_s1_pv2_r2_pv3c_eps05_trace-a2e8ab_b16_k8_isolated,isolated,ours,22,6,e2e_ms,21.676161,recorder
20260925-072918_perlmutter_cb90a27f,ours_l01_s1_pv2_r2_pv3c_eps05_trace-a2e8ab_b16_k8_isolated,isolated,ours,22,7,e2e_ms,492.839508,recorder
20260925-072918_perlmutter_cb90a27f,ours_l01_s1_pv2_r2_pv3c_eps05_trace-a2e8ab_b16_k8_isolated,isolated,ours,22,8,e2e_ms,19.894976,recorder
20260925-072918_perlmutter_cb90a27f,ours_l01_s1_pv2_r2_pv3c_eps05_trace-a2e8ab_b16_k8_isolated,isolated,ours,22,9,e2e_ms,349.753632,recorder
20260925-072918_perlmutter_cb90a27f,ours_l01_s1_pv2_r2_pv3c_eps05_trace-a2e8ab_b16_k8_isolated,isolated,ours,22,0,l0_ms,10.538496,recorder
20260925-072918_perlmutter_cb90a27f,ours_l01_s1_pv2_r2_pv3c_eps05_trace-a2e8ab_b16_k8_isolated,isolated,ours,22,1,l0_ms,10.50912,recorder
20260925-072918_perlmutter_cb90a27f,ours_l01_s1_pv2_r2_pv3c_eps05_trace-a2e8ab_b16_k8_isolated,isolated,ours,22,2,l0_ms,10.427968,recorder
20260925-072918_perlmutter_cb90a27f,ours_l01_s1_pv2_r2_pv3c_eps05_trace-a2e8ab_b16_k8_isolated,isolated,ours,22,3,l0_ms,11.924928,recorder
20260925-072918_perlmutter_cb90a27f,ours_l01_s1_pv2_r2_pv3c_eps05_trace-a2e8ab_b16_k8_isolated,isolated,ours,22,4,l0_ms,11.918432,recorder
20260925-072918_perlmutter_cb90a27f,ours_l01_s1_pv2_r2_pv3c_eps05_trace-a2e8ab_b16_k8_isolated,isolated,ours,22,5,l0_ms,11.023264,recorder
20260925-072918_perlmutter_cb90a27f,ours_l01_s1_pv2_r2_pv3c_eps05_trace-a2e8ab_b16_k8_isolated,isolated,ours,22,6,l0_ms,11.329408,recorder
20260925-072918_perlmutter_cb90a27f,ours_l01_s1_pv2_r2_pv3c_eps05_trace-a2e8ab_b16_k8_isolated,isolated,ours,22,7,l0_ms,9.651392,recorder
20260925-072918_perlmutter_cb90a27f,ours_l01_s1_pv2_r2_pv3c_eps05_trace-a2e8ab_b16_k8_isolated,isolated,ours,22,8,l0_ms,10.104128,recorder
20260925-072918_perlmutter_cb90a27f,ours_l01_s1_pv2_r2_pv3c_eps05_trace-a2e8ab_b16_k8_isolated,isolated,ours,22,9,l0_ms,10.350944,recorder
20260925-072918_perlmutter_cb90a27f,ours_l01_s1_pv2_r2_pv3c_eps05_trace-a2e8ab_b16_k8_isolated,isolated,ours,22,0,act_ms,0.16064,recorder
20260925-072918_perlmutter_cb90a27f,ours_l01_s1_pv2_r2_pv3c_eps05_trace-a2e8ab_b16_k8_isolated,isolated,ours,22,1,act_ms,0.144864,recorder
20260925-072918_perlmutter_cb90a27f,ours_l01_s1_pv2_r2_pv3c_eps05_trace-a2e8ab_b16_k8_isolated,isolated,ours,22,2,act_ms,0.155168,recorder
20260925-072918_perlmutter_cb90a27f,ours_l01_s1_pv2_r2_pv3c_eps05_trace-a2e8ab_b16_k8_isolated,isolated,ours,22,3,act_ms,0.159392,recorder
20260925-072918_perlmutter_cb90a27f,ours_l01_s1_pv2_r2_pv3c_eps05_trace-a2e8ab_b16_k8_isolated,isolated,ours,22,4,act_ms,0.155712,recorder
20260925-072918_perlmutter_cb90a27f,ours_l01_s1_pv2_r2_pv3c_eps05_trace-a2e8ab_b16_k8_isolated,isolated,ours,22,5,act_ms,0.156416,recorder
20260925-072918_perlmutter_cb90a27f,ours_l01_s1_pv2_r2_pv3c_eps05_trace-a2e8ab_b16_k8_isolated,isolated,ours,22,6,act_ms,0.159328,recorder
20260925-072918_perlmutter_cb90a27f,ours_l01_s1_pv2_r2_pv3c_eps05_trace-a2e8ab_b16_k8_isolated,isolated,ours,22,7,act_ms,0.152,recorder
20260925-072918_perlmutter_cb90a27f,ours_l01_s1_pv2_r2_pv3c_eps05_trace-a2e8ab_b16_k8_isolated,isolated,ours,22,8,act_ms,0.157824,recorder
20260925-072918_perlmutter_cb90a27f,ours_l01_s1_pv2_r2_pv3c_eps05_trace-a2e8ab_b16_k8_isolated,isolated,ours,22,9,act_ms,0.152288,recorder
20260925-072918_perlmutter_cb90a27f,ours_l01_s1_pv2_r2_pv3c_eps05_trace-a2e8ab_b16_k8_isolated,isolated,ours,22,0,l1_ms,487.906067,recorder
20260925-072918_perlmutter_cb90a27f,ours_l01_s1_pv2_r2_pv3c_eps05_trace-a2e8ab_b16_k8_isolated,isolated,ours,22,1,l1_ms,337.081757,recorder
20260925-072918_perlmutter_cb90a27f,ours_l01_s1_pv2_r2_pv3c_eps05_trace-a2e8ab_b16_k8_isolated,isolated,ours,22,2,l1_ms,9.520192,recorder
20260925-072918_perlmutter_cb90a27f,ours_l01_s1_pv2_r2_pv3c_eps05_trace-a2e8ab_b16_k8_isolated,isolated,ours,22,3,l1_ms,486.5289,recorder
20260925-072918_perlmutter_cb90a27f,ours_l01_s1_pv2_r2_pv3c_eps05_trace-a2e8ab_b16_k8_isolated,isolated,ours,22,4,l1_ms,428.046509,recorder
20260925-072918_perlmutter_cb90a27f,ours_l01_s1_pv2_r2_pv3c_eps05_trace-a2e8ab_b16_k8_isolated,isolated,ours,22,5,l1_ms,11.2672,recorder
20260925-072918_perlmutter_cb90a27f,ours_l01_s1_pv2_r2_pv3c_eps05_trace-a2e8ab_b16_k8_isolated,isolated,ours,22,6,l1_ms,10.187424,recorder
20260925-072918_perlmutter_cb90a27f,ours_l01_s1_pv2_r2_pv3c_eps05_trace-a2e8ab_b16_k8_isolated,isolated,ours,22,7,l1_ms,483.036133,recorder
20260925-072918_perlmutter_cb90a27f,ours_l01_s1_pv2_r2_pv3c_eps05_trace-a2e8ab_b16_k8_isolated,isolated,ours,22,8,l1_ms,9.633024,recorder
20260925-072918_perlmutter_cb90a27f,ours_l01_s1_pv2_r2_pv3c_eps05_trace-a2e8ab_b16_k8_isolated,isolated,ours,22,9,l1_ms,339.250397,recorder
20260925-072918_perlmutter_cb90a27f,ours_l01_s1_pv2_r2_pv3c_eps05_trace-a2e8ab_b16_k8_isolated,isolated,ours,22,0,plan_comm_ms,0.581312,recorder
20260925-072918_perlmutter_cb90a27f,ours_l01_s1_pv2_r2_pv3c_eps05_trace-a2e8ab_b16_k8_isolated,isolated,ours,22,1,plan_comm_ms,0.800992,recorder
20260925-072918_perlmutter_cb90a27f,ours_l01_s1_pv2_r2_pv3c_eps05_trace-a2e8ab_b16_k8_isolated,isolated,ours,22,2,plan_comm_ms,0.872928,recorder
20260925-072918_perlmutter_cb90a27f,ours_l01_s1_pv2_r2_pv3c_eps05_trace-a2e8ab_b16_k8_isolated,isolated,ours,22,3,plan_comm_ms,0.581248,recorder
20260925-072918_perlmutter_cb90a27f,ours_l01_s1_pv2_r2_pv3c_eps05_trace-a2e8ab_b16_k8_isolated,isolated,ours,22,4,plan_comm_ms,0.662208,recorder
20260925-072918_perlmutter_cb90a27f,ours_l01_s1_pv2_r2_pv3c_eps05_trace-a2e8ab_b16_k8_isolated,isolated,ours,22,5,plan_comm_ms,0.835872,recorder
20260925-072918_perlmutter_cb90a27f,ours_l01_s1_pv2_r2_pv3c_eps05_trace-a2e8ab_b16_k8_isolated,isolated,ours,22,6,plan_comm_ms,0.590976,recorder
20260925-072918_perlmutter_cb90a27f,ours_l01_s1_pv2_r2_pv3c_eps05_trace-a2e8ab_b16_k8_isolated,isolated,ours,22,7,plan_comm_ms,0.663584,recorder
20260925-072918_perlmutter_cb90a27f,ours_l01_s1_pv2_r2_pv3c_eps05_trace-a2e8ab_b16_k8_isolated,isolated,ours,22,8,plan_comm_ms,0.357408,recorder
20260925-072918_perlmutter_cb90a27f,ours_l01_s1_pv2_r2_pv3c_eps05_trace-a2e8ab_b16_k8_isolated,isolated,ours,22,9,plan_comm_ms,0.663392,recorder
20260925-072918_perlmutter_cb90a27f,ours_l01_s1_pv2_r2_pv3c_eps05_trace-a2e8ab_b16_k8_isolated,isolated,ours,22,0,place_ms,0.002336,recorder
20260925-072918_perlmutter_cb90a27f,ours_l01_s1_pv2_r2_pv3c_eps05_trace-a2e8ab_b16_k8_isolated,isolated,ours,22,1,place_ms,0.002592,recorder
20260925-072918_perlmutter_cb90a27f,ours_l01_s1_pv2_r2_pv3c_eps05_trace-a2e8ab_b16_k8_isolated,isolated,ours,22,2,place_ms,0.002336,recorder
20260925-072918_perlmutter_cb90a27f,ours_l01_s1_pv2_r2_pv3c_eps05_trace-a2e8ab_b16_k8_isolated,isolated,ours,22,3,place_ms,0.00272,recorder
20260925-072918_perlmutter_cb90a27f,ours_l01_s1_pv2_r2_pv3c_eps05_trace-a2e8ab_b16_k8_isolated,isolated,ours,22,4,place_ms,0.002336,recorder
20260925-072918_perlmutter_cb90a27f,ours_l01_s1_pv2_r2_pv3c_eps05_trace-a2e8ab_b16_k8_isolated,isolated,ours,22,5,place_ms,0.002336,recorder
20260925-072918_perlmutter_cb90a27f,ours_l01_s1_pv2_r2_pv3c_eps05_trace-a2e8ab_b16_k8_isolated,isolated,ours,22,6,place_ms,0.002336,recorder
20260925-072918_perlmutter_cb90a27f,ours_l01_s1_pv2_r2_pv3c_eps05_trace-a2e8ab_b16_k8_isolated,isolated,ours,22,7,place_ms,0.002336,recorder
20260925-072918_perlmutter_cb90a27f,ours_l01_s1_pv2_r2_pv3c_eps05_trace-a2e8ab_b16_k8_isolated,isolated,ours,22,8,place_ms,0.002304,recorder
20260925-072918_perlmutter_cb90a27f,ours_l01_s1_pv2_r2_pv3c_eps05_trace-a2e8ab_b16_k8_isolated,isolated,ours,22,9,place_ms,0.002304,recorder
20260925-072918_perlmutter_cb90a27f,ours_l01_s1_pv2_r2_pv3c_eps05_trace-a2e8ab_b16_k8_isolated,isolated,ours,22,0,plan_ms,1.999744,recorder
20260925-072918_perlmutter_cb90a27f,ours_l01_s1_pv2_r2_pv3c_eps05_trace-a2e8ab_b16_k8_isolated,isolated,ours,22,1,plan_ms,2.043552,recorder
20260925-072918_perlmutter_cb90a27f,ours_l01_s1_pv2_r2_pv3c_eps05_trace-a2e8ab_b16_k8_isolated,isolated,ours,22,2,plan_ms,1.985504,recorder
20260925-072918_perlmutter_cb90a27f,ours_l01_s1_pv2_r2_pv3c_eps05_trace-a2e8ab_b16_k8_isolated,isolated,ours,22,3,plan_ms,1.960704,recorder
20260925-072918_perlmutter_cb90a27f,ours_l01_s1_pv2_r2_pv3c_eps05_trace-a2e8ab_b16_k8_isolated,isolated,ours,22,4,plan_ms,1.980704,recorder
20260925-072918_perlmutter_cb90a27f,ours_l01_s1_pv2_r2_pv3c_eps05_trace-a2e8ab_b16_k8_isolated,isolated,ours,22,5,plan_ms,2.038752,recorder
20260925-072918_perlmutter_cb90a27f,ours_l01_s1_pv2_r2_pv3c_eps05_trace-a2e8ab_b16_k8_isolated,isolated,ours,22,6,plan_ms,2.02624,recorder
20260925-072918_perlmutter_cb90a27f,ours_l01_s1_pv2_r2_pv3c_eps05_trace-a2e8ab_b16_k8_isolated,isolated,ours,22,7,plan_ms,1.969184,recorder
20260925-072918_perlmutter_cb90a27f,ours_l01_s1_pv2_r2_pv3c_eps05_trace-a2e8ab_b16_k8_isolated,isolated,ours,22,8,plan_ms,2.109248,recorder
20260925-072918_perlmutter_cb90a27f,ours_l01_s1_pv2_r2_pv3c_eps05_trace-a2e8ab_b16_k8_isolated,isolated,ours,22,9,plan_ms,1.946304,recorder
20260925-072918_perlmutter_cb90a27f,ours_l01_s1_pv2_r2_pv3c_eps05_trace-a2e8ab_b16_k8_isolated,isolated,ours,22,0,total_ms,501.197632,recorder
20260925-072918_perlmutter_cb90a27f,ours_l01_s1_pv2_r2_pv3c_eps05_trace-a2e8ab_b16_k8_isolated,isolated,ours,22,1,total_ms,350.592651,recorder
20260925-072918_perlmutter_cb90a27f,ours_l01_s1_pv2_r2_pv3c_eps05_trace-a2e8ab_b16_k8_isolated,isolated,ours,22,2,total_ms,22.974112,recorder
20260925-072918_perlmutter_cb90a27f,ours_l01_s1_pv2_r2_pv3c_eps05_trace-a2e8ab_b16_k8_isolated,isolated,ours,22,3,total_ms,501.167572,recorder
20260925-072918_perlmutter_cb90a27f,ours_l01_s1_pv2_r2_pv3c_eps05_trace-a2e8ab_b16_k8_isolated,isolated,ours,22,4,total_ms,442.77533,recorder
20260925-072918_perlmutter_cb90a27f,ours_l01_s1_pv2_r2_pv3c_eps05_trace-a2e8ab_b16_k8_isolated,isolated,ours,22,5,total_ms,25.333729,recorder
20260925-072918_perlmutter_cb90a27f,ours_l01_s1_pv2_r2_pv3c_eps05_trace-a2e8ab_b16_k8_isolated,isolated,ours,22,6,total_ms,24.304768,recorder
20260925-072918_perlmutter_cb90a27f,ours_l01_s1_pv2_r2_pv3c_eps05_trace-a2e8ab_b16_k8_isolated,isolated,ours,22,7,total_ms,495.484009,recorder
20260925-072918_perlmutter_cb90a27f,ours_l01_s1_pv2_r2_pv3c_eps05_trace-a2e8ab_b16_k8_isolated,isolated,ours,22,8,total_ms,22.37376,recorder
20260925-072918_perlmutter_cb90a27f,ours_l01_s1_pv2_r2_pv3c_eps05_trace-a2e8ab_b16_k8_isolated,isolated,ours,22,9,total_ms,352.375122,recorder
20260925-072918_perlmutter_cb90a27f,ours_l01_s1_pv2_r2_pv3c_eps05_trace-a2e8ab_b16_k8_isolated,isolated,ours,22,0,iso_sync_ms,19.392657,recorder
20260925-072918_perlmutter_cb90a27f,ours_l01_s1_pv2_r2_pv3c_eps05_trace-a2e8ab_b16_k8_isolated,isolated,ours,22,1,iso_sync_ms,498.489569,recorder
20260925-072918_perlmutter_cb90a27f,ours_l01_s1_pv2_r2_pv3c_eps05_trace-a2e8ab_b16_k8_isolated,isolated,ours,22,2,iso_sync_ms,346.434489,recorder
20260925-072918_perlmutter_cb90a27f,ours_l01_s1_pv2_r2_pv3c_eps05_trace-a2e8ab_b16_k8_isolated,isolated,ours,22,3,iso_sync_ms,18.590441,recorder
20260925-072918_perlmutter_cb90a27f,ours_l01_s1_pv2_r2_pv3c_eps05_trace-a2e8ab_b16_k8_isolated,isolated,ours,22,4,iso_sync_ms,497.698374,recorder
20260925-072918_perlmutter_cb90a27f,ours_l01_s1_pv2_r2_pv3c_eps05_trace-a2e8ab_b16_k8_isolated,isolated,ours,22,5,iso_sync_ms,438.826607,recorder
20260925-072918_perlmutter_cb90a27f,ours_l01_s1_pv2_r2_pv3c_eps05_trace-a2e8ab_b16_k8_isolated,isolated,ours,22,6,iso_sync_ms,20.711126,recorder
20260925-072918_perlmutter_cb90a27f,ours_l01_s1_pv2_r2_pv3c_eps05_trace-a2e8ab_b16_k8_isolated,isolated,ours,22,7,iso_sync_ms,20.22443,recorder
20260925-072918_perlmutter_cb90a27f,ours_l01_s1_pv2_r2_pv3c_eps05_trace-a2e8ab_b16_k8_isolated,isolated,ours,22,8,iso_sync_ms,491.995893,recorder
20260925-072918_perlmutter_cb90a27f,ours_l01_s1_pv2_r2_pv3c_eps05_trace-a2e8ab_b16_k8_isolated,isolated,ours,22,9,iso_sync_ms,18.296601,recorder
20260925-072918_perlmutter_cb90a27f,ours_l01_s1_pv2_r2_pv3c_eps05_trace-a2e8ab_b16_k8_isolated,isolated,ours,23,0,e2e_ms,498.605927,recorder
20260925-072918_perlmutter_cb90a27f,ours_l01_s1_pv2_r2_pv3c_eps05_trace-a2e8ab_b16_k8_isolated,isolated,ours,23,1,e2e_ms,347.785187,recorder
20260925-072918_perlmutter_cb90a27f,ours_l01_s1_pv2_r2_pv3c_eps05_trace-a2e8ab_b16_k8_isolated,isolated,ours,23,2,e2e_ms,20.10512,recorder
20260925-072918_perlmutter_cb90a27f,ours_l01_s1_pv2_r2_pv3c_eps05_trace-a2e8ab_b16_k8_isolated,isolated,ours,23,3,e2e_ms,498.643524,recorder
20260925-072918_perlmutter_cb90a27f,ours_l01_s1_pv2_r2_pv3c_eps05_trace-a2e8ab_b16_k8_isolated,isolated,ours,23,4,e2e_ms,440.102509,recorder
20260925-072918_perlmutter_cb90a27f,ours_l01_s1_pv2_r2_pv3c_eps05_trace-a2e8ab_b16_k8_isolated,isolated,ours,23,5,e2e_ms,22.465376,recorder
20260925-072918_perlmutter_cb90a27f,ours_l01_s1_pv2_r2_pv3c_eps05_trace-a2e8ab_b16_k8_isolated,isolated,ours,23,6,e2e_ms,21.680992,recorder
20260925-072918_perlmutter_cb90a27f,ours_l01_s1_pv2_r2_pv3c_eps05_trace-a2e8ab_b16_k8_isolated,isolated,ours,23,7,e2e_ms,492.890656,recorder
20260925-072918_perlmutter_cb90a27f,ours_l01_s1_pv2_r2_pv3c_eps05_trace-a2e8ab_b16_k8_isolated,isolated,ours,23,8,e2e_ms,19.962112,recorder
20260925-072918_perlmutter_cb90a27f,ours_l01_s1_pv2_r2_pv3c_eps05_trace-a2e8ab_b16_k8_isolated,isolated,ours,23,9,e2e_ms,349.646484,recorder
20260925-072918_perlmutter_cb90a27f,ours_l01_s1_pv2_r2_pv3c_eps05_trace-a2e8ab_b16_k8_isolated,isolated,ours,23,0,l0_ms,10.528704,recorder
20260925-072918_perlmutter_cb90a27f,ours_l01_s1_pv2_r2_pv3c_eps05_trace-a2e8ab_b16_k8_isolated,isolated,ours,23,1,l0_ms,10.55936,recorder
20260925-072918_perlmutter_cb90a27f,ours_l01_s1_pv2_r2_pv3c_eps05_trace-a2e8ab_b16_k8_isolated,isolated,ours,23,2,l0_ms,10.414848,recorder
20260925-072918_perlmutter_cb90a27f,ours_l01_s1_pv2_r2_pv3c_eps05_trace-a2e8ab_b16_k8_isolated,isolated,ours,23,3,l0_ms,11.927264,recorder
20260925-072918_perlmutter_cb90a27f,ours_l01_s1_pv2_r2_pv3c_eps05_trace-a2e8ab_b16_k8_isolated,isolated,ours,23,4,l0_ms,11.930496,recorder
20260925-072918_perlmutter_cb90a27f,ours_l01_s1_pv2_r2_pv3c_eps05_trace-a2e8ab_b16_k8_isolated,isolated,ours,23,5,l0_ms,11.023968,recorder
20260925-072918_perlmutter_cb90a27f,ours_l01_s1_pv2_r2_pv3c_eps05_trace-a2e8ab_b16_k8_isolated,isolated,ours,23,6,l0_ms,11.330848,recorder
20260925-072918_perlmutter_cb90a27f,ours_l01_s1_pv2_r2_pv3c_eps05_trace-a2e8ab_b16_k8_isolated,isolated,ours,23,7,l0_ms,9.636192,recorder
20260925-072918_perlmutter_cb90a27f,ours_l01_s1_pv2_r2_pv3c_eps05_trace-a2e8ab_b16_k8_isolated,isolated,ours,23,8,l0_ms,10.178048,recorder
20260925-072918_perlmutter_cb90a27f,ours_l01_s1_pv2_r2_pv3c_eps05_trace-a2e8ab_b16_k8_isolated,isolated,ours,23,9,l0_ms,10.342464,recorder
20260925-072918_perlmutter_cb90a27f,ours_l01_s1_pv2_r2_pv3c_eps05_trace-a2e8ab_b16_k8_isolated,isolated,ours,23,0,act_ms,0.108352,recorder
20260925-072918_perlmutter_cb90a27f,ours_l01_s1_pv2_r2_pv3c_eps05_trace-a2e8ab_b16_k8_isolated,isolated,ours,23,1,act_ms,0.109184,recorder
20260925-072918_perlmutter_cb90a27f,ours_l01_s1_pv2_r2_pv3c_eps05_trace-a2e8ab_b16_k8_isolated,isolated,ours,23,2,act_ms,0.105632,recorder
20260925-072918_perlmutter_cb90a27f,ours_l01_s1_pv2_r2_pv3c_eps05_trace-a2e8ab_b16_k8_isolated,isolated,ours,23,3,act_ms,0.107488,recorder
20260925-072918_perlmutter_cb90a27f,ours_l01_s1_pv2_r2_pv3c_eps05_trace-a2e8ab_b16_k8_isolated,isolated,ours,23,4,act_ms,0.108,recorder
20260925-072918_perlmutter_cb90a27f,ours_l01_s1_pv2_r2_pv3c_eps05_trace-a2e8ab_b16_k8_isolated,isolated,ours,23,5,act_ms,0.108064,recorder
20260925-072918_perlmutter_cb90a27f,ours_l01_s1_pv2_r2_pv3c_eps05_trace-a2e8ab_b16_k8_isolated,isolated,ours,23,6,act_ms,0.107264,recorder
20260925-072918_perlmutter_cb90a27f,ours_l01_s1_pv2_r2_pv3c_eps05_trace-a2e8ab_b16_k8_isolated,isolated,ours,23,7,act_ms,0.110496,recorder
20260925-072918_perlmutter_cb90a27f,ours_l01_s1_pv2_r2_pv3c_eps05_trace-a2e8ab_b16_k8_isolated,isolated,ours,23,8,act_ms,0.106144,recorder
20260925-072918_perlmutter_cb90a27f,ours_l01_s1_pv2_r2_pv3c_eps05_trace-a2e8ab_b16_k8_isolated,isolated,ours,23,9,act_ms,0.109568,recorder
20260925-072918_perlmutter_cb90a27f,ours_l01_s1_pv2_r2_pv3c_eps05_trace-a2e8ab_b16_k8_isolated,isolated,ours,23,0,l1_ms,487.968872,recorder
20260925-072918_perlmutter_cb90a27f,ours_l01_s1_pv2_r2_pv3c_eps05_trace-a2e8ab_b16_k8_isolated,isolated,ours,23,1,l1_ms,337.116638,recorder
20260925-072918_perlmutter_cb90a27f,ours_l01_s1_pv2_r2_pv3c_eps05_trace-a2e8ab_b16_k8_isolated,isolated,ours,23,2,l1_ms,9.58464,recorder
20260925-072918_perlmutter_cb90a27f,ours_l01_s1_pv2_r2_pv3c_eps05_trace-a2e8ab_b16_k8_isolated,isolated,ours,23,3,l1_ms,486.608765,recorder
20260925-072918_perlmutter_cb90a27f,ours_l01_s1_pv2_r2_pv3c_eps05_trace-a2e8ab_b16_k8_isolated,isolated,ours,23,4,l1_ms,428.063995,recorder
20260925-072918_perlmutter_cb90a27f,ours_l01_s1_pv2_r2_pv3c_eps05_trace-a2e8ab_b16_k8_isolated,isolated,ours,23,5,l1_ms,11.333344,recorder
20260925-072918_perlmutter_cb90a27f,ours_l01_s1_pv2_r2_pv3c_eps05_trace-a2e8ab_b16_k8_isolated,isolated,ours,23,6,l1_ms,10.24288,recorder
20260925-072918_perlmutter_cb90a27f,ours_l01_s1_pv2_r2_pv3c_eps05_trace-a2e8ab_b16_k8_isolated,isolated,ours,23,7,l1_ms,483.143982,recorder
20260925-072918_perlmutter_cb90a27f,ours_l01_s1_pv2_r2_pv3c_eps05_trace-a2e8ab_b16_k8_isolated,isolated,ours,23,8,l1_ms,9.67792,recorder
20260925-072918_perlmutter_cb90a27f,ours_l01_s1_pv2_r2_pv3c_eps05_trace-a2e8ab_b16_k8_isolated,isolated,ours,23,9,l1_ms,339.194458,recorder
20260925-072918_perlmutter_cb90a27f,ours_l01_s1_pv2_r2_pv3c_eps05_trace-a2e8ab_b16_k8_isolated,isolated,ours,23,0,plan_comm_ms,0.580896,recorder
20260925-072918_perlmutter_cb90a27f,ours_l01_s1_pv2_r2_pv3c_eps05_trace-a2e8ab_b16_k8_isolated,isolated,ours,23,1,plan_comm_ms,0.834496,recorder
20260925-072918_perlmutter_cb90a27f,ours_l01_s1_pv2_r2_pv3c_eps05_trace-a2e8ab_b16_k8_isolated,isolated,ours,23,2,plan_comm_ms,0.868256,recorder
20260925-072918_perlmutter_cb90a27f,ours_l01_s1_pv2_r2_pv3c_eps05_trace-a2e8ab_b16_k8_isolated,isolated,ours,23,3,plan_comm_ms,0.585376,recorder
20260925-072918_perlmutter_cb90a27f,ours_l01_s1_pv2_r2_pv3c_eps05_trace-a2e8ab_b16_k8_isolated,isolated,ours,23,4,plan_comm_ms,0.655264,recorder
20260925-072918_perlmutter_cb90a27f,ours_l01_s1_pv2_r2_pv3c_eps05_trace-a2e8ab_b16_k8_isolated,isolated,ours,23,5,plan_comm_ms,0.784544,recorder
20260925-072918_perlmutter_cb90a27f,ours_l01_s1_pv2_r2_pv3c_eps05_trace-a2e8ab_b16_k8_isolated,isolated,ours,23,6,plan_comm_ms,0.593696,recorder
20260925-072918_perlmutter_cb90a27f,ours_l01_s1_pv2_r2_pv3c_eps05_trace-a2e8ab_b16_k8_isolated,isolated,ours,23,7,plan_comm_ms,0.662336,recorder
20260925-072918_perlmutter_cb90a27f,ours_l01_s1_pv2_r2_pv3c_eps05_trace-a2e8ab_b16_k8_isolated,isolated,ours,23,8,plan_comm_ms,0.92048,recorder
20260925-072918_perlmutter_cb90a27f,ours_l01_s1_pv2_r2_pv3c_eps05_trace-a2e8ab_b16_k8_isolated,isolated,ours,23,9,plan_comm_ms,0.66272,recorder
20260925-072918_perlmutter_cb90a27f,ours_l01_s1_pv2_r2_pv3c_eps05_trace-a2e8ab_b16_k8_isolated,isolated,ours,23,0,place_ms,0.002304,recorder
20260925-072918_perlmutter_cb90a27f,ours_l01_s1_pv2_r2_pv3c_eps05_trace-a2e8ab_b16_k8_isolated,isolated,ours,23,1,place_ms,0.002304,recorder
20260925-072918_perlmutter_cb90a27f,ours_l01_s1_pv2_r2_pv3c_eps05_trace-a2e8ab_b16_k8_isolated,isolated,ours,23,2,place_ms,0.002304,recorder
20260925-072918_perlmutter_cb90a27f,ours_l01_s1_pv2_r2_pv3c_eps05_trace-a2e8ab_b16_k8_isolated,isolated,ours,23,3,place_ms,0.002304,recorder
20260925-072918_perlmutter_cb90a27f,ours_l01_s1_pv2_r2_pv3c_eps05_trace-a2e8ab_b16_k8_isolated,isolated,ours,23,4,place_ms,0.002304,recorder
20260925-072918_perlmutter_cb90a27f,ours_l01_s1_pv2_r2_pv3c_eps05_trace-a2e8ab_b16_k8_isolated,isolated,ours,23,5,place_ms,0.002304,recorder
20260925-072918_perlmutter_cb90a27f,ours_l01_s1_pv2_r2_pv3c_eps05_trace-a2e8ab_b16_k8_isolated,isolated,ours,23,6,place_ms,0.002336,recorder
20260925-072918_perlmutter_cb90a27f,ours_l01_s1_pv2_r2_pv3c_eps05_trace-a2e8ab_b16_k8_isolated,isolated,ours,23,7,place_ms,0.002304,recorder
20260925-072918_perlmutter_cb90a27f,ours_l01_s1_pv2_r2_pv3c_eps05_trace-a2e8ab_b16_k8_isolated,isolated,ours,23,8,place_ms,0.002304,recorder
20260925-072918_perlmutter_cb90a27f,ours_l01_s1_pv2_r2_pv3c_eps05_trace-a2e8ab_b16_k8_isolated,isolated,ours,23,9,place_ms,0.002336,recorder
20260925-072918_perlmutter_cb90a27f,ours_l01_s1_pv2_r2_pv3c_eps05_trace-a2e8ab_b16_k8_isolated,isolated,ours,23,0,plan_ms,1.99616,recorder
20260925-072918_perlmutter_cb90a27f,ours_l01_s1_pv2_r2_pv3c_eps05_trace-a2e8ab_b16_k8_isolated,isolated,ours,23,1,plan_ms,1.9992,recorder
20260925-072918_perlmutter_cb90a27f,ours_l01_s1_pv2_r2_pv3c_eps05_trace-a2e8ab_b16_k8_isolated,isolated,ours,23,2,plan_ms,1.988736,recorder
20260925-072918_perlmutter_cb90a27f,ours_l01_s1_pv2_r2_pv3c_eps05_trace-a2e8ab_b16_k8_isolated,isolated,ours,23,3,plan_ms,1.942848,recorder
20260925-072918_perlmutter_cb90a27f,ours_l01_s1_pv2_r2_pv3c_eps05_trace-a2e8ab_b16_k8_isolated,isolated,ours,23,4,plan_ms,1.972288,recorder
20260925-072918_perlmutter_cb90a27f,ours_l01_s1_pv2_r2_pv3c_eps05_trace-a2e8ab_b16_k8_isolated,isolated,ours,23,5,plan_ms,2.041408,recorder
20260925-072918_perlmutter_cb90a27f,ours_l01_s1_pv2_r2_pv3c_eps05_trace-a2e8ab_b16_k8_isolated,isolated,ours,23,6,plan_ms,2.017568,recorder
20260925-072918_perlmutter_cb90a27f,ours_l01_s1_pv2_r2_pv3c_eps05_trace-a2e8ab_b16_k8_isolated,isolated,ours,23,7,plan_ms,1.9752,recorder
20260925-072918_perlmutter_cb90a27f,ours_l01_s1_pv2_r2_pv3c_eps05_trace-a2e8ab_b16_k8_isolated,isolated,ours,23,8,plan_ms,2.026336,recorder
20260925-072918_perlmutter_cb90a27f,ours_l01_s1_pv2_r2_pv3c_eps05_trace-a2e8ab_b16_k8_isolated,isolated,ours,23,9,plan_ms,1.946048,recorder
20260925-072918_perlmutter_cb90a27f,ours_l01_s1_pv2_r2_pv3c_eps05_trace-a2e8ab_b16_k8_isolated,isolated,ours,23,0,total_ms,501.194153,recorder
20260925-072918_perlmutter_cb90a27f,ours_l01_s1_pv2_r2_pv3c_eps05_trace-a2e8ab_b16_k8_isolated,isolated,ours,23,1,total_ms,350.630615,recorder
20260925-072918_perlmutter_cb90a27f,ours_l01_s1_pv2_r2_pv3c_eps05_trace-a2e8ab_b16_k8_isolated,isolated,ours,23,2,total_ms,22.974112,recorder
20260925-072918_perlmutter_cb90a27f,ours_l01_s1_pv2_r2_pv3c_eps05_trace-a2e8ab_b16_k8_isolated,isolated,ours,23,3,total_ms,501.183228,recorder
20260925-072918_perlmutter_cb90a27f,ours_l01_s1_pv2_r2_pv3c_eps05_trace-a2e8ab_b16_k8_isolated,isolated,ours,23,4,total_ms,442.741608,recorder
20260925-072918_perlmutter_cb90a27f,ours_l01_s1_pv2_r2_pv3c_eps05_trace-a2e8ab_b16_k8_isolated,isolated,ours,23,5,total_ms,25.303713,recorder
20260925-072918_perlmutter_cb90a27f,ours_l01_s1_pv2_r2_pv3c_eps05_trace-a2e8ab_b16_k8_isolated,isolated,ours,23,6,total_ms,24.303455,recorder
20260925-072918_perlmutter_cb90a27f,ours_l01_s1_pv2_r2_pv3c_eps05_trace-a2e8ab_b16_k8_isolated,isolated,ours,23,7,total_ms,495.540375,recorder
20260925-072918_perlmutter_cb90a27f,ours_l01_s1_pv2_r2_pv3c_eps05_trace-a2e8ab_b16_k8_isolated,isolated,ours,23,8,total_ms,22.920704,recorder
20260925-072918_perlmutter_cb90a27f,ours_l01_s1_pv2_r2_pv3c_eps05_trace-a2e8ab_b16_k8_isolated,isolated,ours,23,9,total_ms,352.267151,recorder
20260925-072918_perlmutter_cb90a27f,ours_l01_s1_pv2_r2_pv3c_eps05_trace-a2e8ab_b16_k8_isolated,isolated,ours,23,0,iso_sync_ms,19.314605,recorder
20260925-072918_perlmutter_cb90a27f,ours_l01_s1_pv2_r2_pv3c_eps05_trace-a2e8ab_b16_k8_isolated,isolated,ours,23,1,iso_sync_ms,498.44869,recorder
20260925-072918_perlmutter_cb90a27f,ours_l01_s1_pv2_r2_pv3c_eps05_trace-a2e8ab_b16_k8_isolated,isolated,ours,23,2,iso_sync_ms,346.731977,recorder
20260925-072918_perlmutter_cb90a27f,ours_l01_s1_pv2_r2_pv3c_eps05_trace-a2e8ab_b16_k8_isolated,isolated,ours,23,3,iso_sync_ms,18.579239,recorder
20260925-072918_perlmutter_cb90a27f,ours_l01_s1_pv2_r2_pv3c_eps05_trace-a2e8ab_b16_k8_isolated,isolated,ours,23,4,iso_sync_ms,497.717472,recorder
20260925-072918_perlmutter_cb90a27f,ours_l01_s1_pv2_r2_pv3c_eps05_trace-a2e8ab_b16_k8_isolated,isolated,ours,23,5,iso_sync_ms,438.759767,recorder
20260925-072918_perlmutter_cb90a27f,ours_l01_s1_pv2_r2_pv3c_eps05_trace-a2e8ab_b16_k8_isolated,isolated,ours,23,6,iso_sync_ms,19.531717,recorder
20260925-072918_perlmutter_cb90a27f,ours_l01_s1_pv2_r2_pv3c_eps05_trace-a2e8ab_b16_k8_isolated,isolated,ours,23,7,iso_sync_ms,20.190625,recorder
20260925-072918_perlmutter_cb90a27f,ours_l01_s1_pv2_r2_pv3c_eps05_trace-a2e8ab_b16_k8_isolated,isolated,ours,23,8,iso_sync_ms,491.843026,recorder
20260925-072918_perlmutter_cb90a27f,ours_l01_s1_pv2_r2_pv3c_eps05_trace-a2e8ab_b16_k8_isolated,isolated,ours,23,9,iso_sync_ms,18.696236,recorder
20260925-072918_perlmutter_cb90a27f,ours_l01_s1_pv2_r2_pv3c_eps05_trace-a2e8ab_b16_k8_isolated,isolated,ours,24,0,e2e_ms,498.748108,recorder
20260925-072918_perlmutter_cb90a27f,ours_l01_s1_pv2_r2_pv3c_eps05_trace-a2e8ab_b16_k8_isolated,isolated,ours,24,1,e2e_ms,347.801239,recorder
20260925-072918_perlmutter_cb90a27f,ours_l01_s1_pv2_r2_pv3c_eps05_trace-a2e8ab_b16_k8_isolated,isolated,ours,24,2,e2e_ms,20.119137,recorder
20260925-072918_perlmutter_cb90a27f,ours_l01_s1_pv2_r2_pv3c_eps05_trace-a2e8ab_b16_k8_isolated,isolated,ours,24,3,e2e_ms,498.587708,recorder
20260925-072918_perlmutter_cb90a27f,ours_l01_s1_pv2_r2_pv3c_eps05_trace-a2e8ab_b16_k8_isolated,isolated,ours,24,4,e2e_ms,440.09903,recorder
20260925-072918_perlmutter_cb90a27f,ours_l01_s1_pv2_r2_pv3c_eps05_trace-a2e8ab_b16_k8_isolated,isolated,ours,24,5,e2e_ms,22.506016,recorder
20260925-072918_perlmutter_cb90a27f,ours_l01_s1_pv2_r2_pv3c_eps05_trace-a2e8ab_b16_k8_isolated,isolated,ours,24,6,e2e_ms,21.731424,recorder
20260925-072918_perlmutter_cb90a27f,ours_l01_s1_pv2_r2_pv3c_eps05_trace-a2e8ab_b16_k8_isolated,isolated,ours,24,7,e2e_ms,492.834473,recorder
20260925-072918_perlmutter_cb90a27f,ours_l01_s1_pv2_r2_pv3c_eps05_trace-a2e8ab_b16_k8_isolated,isolated,ours,24,8,e2e_ms,19.922304,recorder
20260925-072918_perlmutter_cb90a27f,ours_l01_s1_pv2_r2_pv3c_eps05_trace-a2e8ab_b16_k8_isolated,isolated,ours,24,9,e2e_ms,349.674225,recorder
20260925-072918_perlmutter_cb90a27f,ours_l01_s1_pv2_r2_pv3c_eps05_trace-a2e8ab_b16_k8_isolated,isolated,ours,24,0,l0_ms,10.56992,recorder
20260925-072918_perlmutter_cb90a27f,ours_l01_s1_pv2_r2_pv3c_eps05_trace-a2e8ab_b16_k8_isolated,isolated,ours,24,1,l0_ms,10.530432,recorder
20260925-072918_perlmutter_cb90a27f,ours_l01_s1_pv2_r2_pv3c_eps05_trace-a2e8ab_b16_k8_isolated,isolated,ours,24,2,l0_ms,10.446848,recorder
20260925-072918_perlmutter_cb90a27f,ours_l01_s1_pv2_r2_pv3c_eps05_trace-a2e8ab_b16_k8_isolated,isolated,ours,24,3,l0_ms,11.916576,recorder
20260925-072918_perlmutter_cb90a27f,ours_l01_s1_pv2_r2_pv3c_eps05_trace-a2e8ab_b16_k8_isolated,isolated,ours,24,4,l0_ms,11.921152,recorder
20260925-072918_perlmutter_cb90a27f,ours_l01_s1_pv2_r2_pv3c_eps05_trace-a2e8ab_b16_k8_isolated,isolated,ours,24,5,l0_ms,11.064224,recorder
20260925-072918_perlmutter_cb90a27f,ours_l01_s1_pv2_r2_pv3c_eps05_trace-a2e8ab_b16_k8_isolated,isolated,ours,24,6,l0_ms,11.380192,recorder
20260925-072918_perlmutter_cb90a27f,ours_l01_s1_pv2_r2_pv3c_eps05_trace-a2e8ab_b16_k8_isolated,isolated,ours,24,7,l0_ms,9.642496,recorder
20260925-072918_perlmutter_cb90a27f,ours_l01_s1_pv2_r2_pv3c_eps05_trace-a2e8ab_b16_k8_isolated,isolated,ours,24,8,l0_ms,10.143584,recorder
20260925-072918_perlmutter_cb90a27f,ours_l01_s1_pv2_r2_pv3c_eps05_trace-a2e8ab_b16_k8_isolated,isolated,ours,24,9,l0_ms,10.339648,recorder
20260925-072918_perlmutter_cb90a27f,ours_l01_s1_pv2_r2_pv3c_eps05_trace-a2e8ab_b16_k8_isolated,isolated,ours,24,0,act_ms,0.054496,recorder
20260925-072918_perlmutter_cb90a27f,ours_l01_s1_pv2_r2_pv3c_eps05_trace-a2e8ab_b16_k8_isolated,isolated,ours,24,1,act_ms,0.053696,recorder
20260925-072918_perlmutter_cb90a27f,ours_l01_s1_pv2_r2_pv3c_eps05_trace-a2e8ab_b16_k8_isolated,isolated,ours,24,2,act_ms,0.052096,recorder
20260925-072918_perlmutter_cb90a27f,ours_l01_s1_pv2_r2_pv3c_eps05_trace-a2e8ab_b16_k8_isolated,isolated,ours,24,3,act_ms,0.052384,recorder
20260925-072918_perlmutter_cb90a27f,ours_l01_s1_pv2_r2_pv3c_eps05_trace-a2e8ab_b16_k8_isolated,isolated,ours,24,4,act_ms,0.056,recorder
20260925-072918_perlmutter_cb90a27f,ours_l01_s1_pv2_r2_pv3c_eps05_trace-a2e8ab_b16_k8_isolated,isolated,ours,24,5,act_ms,0.054624,recorder
20260925-072918_perlmutter_cb90a27f,ours_l01_s1_pv2_r2_pv3c_eps05_trace-a2e8ab_b16_k8_isolated,isolated,ours,24,6,act_ms,0.051744,recorder
20260925-072918_perlmutter_cb90a27f,ours_l01_s1_pv2_r2_pv3c_eps05_trace-a2e8ab_b16_k8_isolated,isolated,ours,24,7,act_ms,0.054048,recorder
20260925-072918_perlmutter_cb90a27f,ours_l01_s1_pv2_r2_pv3c_eps05_trace-a2e8ab_b16_k8_isolated,isolated,ours,24,8,act_ms,0.054112,recorder
20260925-072918_perlmutter_cb90a27f,ours_l01_s1_pv2_r2_pv3c_eps05_trace-a2e8ab_b16_k8_isolated,isolated,ours,24,9,act_ms,0.052384,recorder
20260925-072918_perlmutter_cb90a27f,ours_l01_s1_pv2_r2_pv3c_eps05_trace-a2e8ab_b16_k8_isolated,isolated,ours,24,0,l1_ms,488.123688,recorder
20260925-072918_perlmutter_cb90a27f,ours_l01_s1_pv2_r2_pv3c_eps05_trace-a2e8ab_b16_k8_isolated,isolated,ours,24,1,l1_ms,337.217133,recorder
20260925-072918_perlmutter_cb90a27f,ours_l01_s1_pv2_r2_pv3c_eps05_trace-a2e8ab_b16_k8_isolated,isolated,ours,24,2,l1_ms,9.620192,recorder
20260925-072918_perlmutter_cb90a27f,ours_l01_s1_pv2_r2_pv3c_eps05_trace-a2e8ab_b16_k8_isolated,isolated,ours,24,3,l1_ms,486.618744,recorder
20260925-072918_perlmutter_cb90a27f,ours_l01_s1_pv2_r2_pv3c_eps05_trace-a2e8ab_b16_k8_isolated,isolated,ours,24,4,l1_ms,428.121887,recorder
20260925-072918_perlmutter_cb90a27f,ours_l01_s1_pv2_r2_pv3c_eps05_trace-a2e8ab_b16_k8_isolated,isolated,ours,24,5,l1_ms,11.387168,recorder
20260925-072918_perlmutter_cb90a27f,ours_l01_s1_pv2_r2_pv3c_eps05_trace-a2e8ab_b16_k8_isolated,isolated,ours,24,6,l1_ms,10.299488,recorder
20260925-072918_perlmutter_cb90a27f,ours_l01_s1_pv2_r2_pv3c_eps05_trace-a2e8ab_b16_k8_isolated,isolated,ours,24,7,l1_ms,483.137909,recorder
20260925-072918_perlmutter_cb90a27f,ours_l01_s1_pv2_r2_pv3c_eps05_trace-a2e8ab_b16_k8_isolated,isolated,ours,24,8,l1_ms,9.724608,recorder
20260925-072918_perlmutter_cb90a27f,ours_l01_s1_pv2_r2_pv3c_eps05_trace-a2e8ab_b16_k8_isolated,isolated,ours,24,9,l1_ms,339.282196,recorder
20260925-072918_perlmutter_cb90a27f,ours_l01_s1_pv2_r2_pv3c_eps05_trace-a2e8ab_b16_k8_isolated,isolated,ours,24,0,plan_comm_ms,0.589024,recorder
20260925-072918_perlmutter_cb90a27f,ours_l01_s1_pv2_r2_pv3c_eps05_trace-a2e8ab_b16_k8_isolated,isolated,ours,24,1,plan_comm_ms,0.317856,recorder
20260925-072918_perlmutter_cb90a27f,ours_l01_s1_pv2_r2_pv3c_eps05_trace-a2e8ab_b16_k8_isolated,isolated,ours,24,2,plan_comm_ms,0.881344,recorder
20260925-072918_perlmutter_cb90a27f,ours_l01_s1_pv2_r2_pv3c_eps05_trace-a2e8ab_b16_k8_isolated,isolated,ours,24,3,plan_comm_ms,0.587712,recorder
20260925-072918_perlmutter_cb90a27f,ours_l01_s1_pv2_r2_pv3c_eps05_trace-a2e8ab_b16_k8_isolated,isolated,ours,24,4,plan_comm_ms,0.672288,recorder
20260925-072918_perlmutter_cb90a27f,ours_l01_s1_pv2_r2_pv3c_eps05_trace-a2e8ab_b16_k8_isolated,isolated,ours,24,5,plan_comm_ms,0.88608,recorder
20260925-072918_perlmutter_cb90a27f,ours_l01_s1_pv2_r2_pv3c_eps05_trace-a2e8ab_b16_k8_isolated,isolated,ours,24,6,plan_comm_ms,0.589696,recorder
20260925-072918_perlmutter_cb90a27f,ours_l01_s1_pv2_r2_pv3c_eps05_trace-a2e8ab_b16_k8_isolated,isolated,ours,24,7,plan_comm_ms,0.671936,recorder
20260925-072918_perlmutter_cb90a27f,ours_l01_s1_pv2_r2_pv3c_eps05_trace-a2e8ab_b16_k8_isolated,isolated,ours,24,8,plan_comm_ms,0.910112,recorder
20260925-072918_perlmutter_cb90a27f,ours_l01_s1_pv2_r2_pv3c_eps05_trace-a2e8ab_b16_k8_isolated,isolated,ours,24,9,plan_comm_ms,0.668992,recorder
20260925-072918_perlmutter_cb90a27f,ours_l01_s1_pv2_r2_pv3c_eps05_trace-a2e8ab_b16_k8_isolated,isolated,ours,24,0,place_ms,0.002336,recorder
20260925-072918_perlmutter_cb90a27f,ours_l01_s1_pv2_r2_pv3c_eps05_trace-a2e8ab_b16_k8_isolated,isolated,ours,24,1,place_ms,0.002336,recorder
20260925-072918_perlmutter_cb90a27f,ours_l01_s1_pv2_r2_pv3c_eps05_trace-a2e8ab_b16_k8_isolated,isolated,ours,24,2,place_ms,0.002336,recorder
20260925-072918_perlmutter_cb90a27f,ours_l01_s1_pv2_r2_pv3c_eps05_trace-a2e8ab_b16_k8_isolated,isolated,ours,24,3,place_ms,0.002336,recorder
20260925-072918_perlmutter_cb90a27f,ours_l01_s1_pv2_r2_pv3c_eps05_trace-a2e8ab_b16_k8_isolated,isolated,ours,24,4,place_ms,0.002336,recorder
20260925-072918_perlmutter_cb90a27f,ours_l01_s1_pv2_r2_pv3c_eps05_trace-a2e8ab_b16_k8_isolated,isolated,ours,24,5,place_ms,0.002336,recorder
20260925-072918_perlmutter_cb90a27f,ours_l01_s1_pv2_r2_pv3c_eps05_trace-a2e8ab_b16_k8_isolated,isolated,ours,24,6,place_ms,0.002336,recorder
20260925-072918_perlmutter_cb90a27f,ours_l01_s1_pv2_r2_pv3c_eps05_trace-a2e8ab_b16_k8_isolated,isolated,ours,24,7,place_ms,0.002368,recorder
20260925-072918_perlmutter_cb90a27f,ours_l01_s1_pv2_r2_pv3c_eps05_trace-a2e8ab_b16_k8_isolated,isolated,ours,24,8,place_ms,0.002336,recorder
20260925-072918_perlmutter_cb90a27f,ours_l01_s1_pv2_r2_pv3c_eps05_trace-a2e8ab_b16_k8_isolated,isolated,ours,24,9,place_ms,0.002336,recorder
20260925-072918_perlmutter_cb90a27f,ours_l01_s1_pv2_r2_pv3c_eps05_trace-a2e8ab_b16_k8_isolated,isolated,ours,24,0,plan_ms,1.962112,recorder
20260925-072918_perlmutter_cb90a27f,ours_l01_s1_pv2_r2_pv3c_eps05_trace-a2e8ab_b16_k8_isolated,isolated,ours,24,1,plan_ms,2.036704,recorder
20260925-072918_perlmutter_cb90a27f,ours_l01_s1_pv2_r2_pv3c_eps05_trace-a2e8ab_b16_k8_isolated,isolated,ours,24,2,plan_ms,1.976704,recorder
20260925-072918_perlmutter_cb90a27f,ours_l01_s1_pv2_r2_pv3c_eps05_trace-a2e8ab_b16_k8_isolated,isolated,ours,24,3,plan_ms,1.960672,recorder
20260925-072918_perlmutter_cb90a27f,ours_l01_s1_pv2_r2_pv3c_eps05_trace-a2e8ab_b16_k8_isolated,isolated,ours,24,4,plan_ms,1.97344,recorder
20260925-072918_perlmutter_cb90a27f,ours_l01_s1_pv2_r2_pv3c_eps05_trace-a2e8ab_b16_k8_isolated,isolated,ours,24,5,plan_ms,1.996384,recorder
20260925-072918_perlmutter_cb90a27f,ours_l01_s1_pv2_r2_pv3c_eps05_trace-a2e8ab_b16_k8_isolated,isolated,ours,24,6,plan_ms,1.9848,recorder
20260925-072918_perlmutter_cb90a27f,ours_l01_s1_pv2_r2_pv3c_eps05_trace-a2e8ab_b16_k8_isolated,isolated,ours,24,7,plan_ms,1.971232,recorder
20260925-072918_perlmutter_cb90a27f,ours_l01_s1_pv2_r2_pv3c_eps05_trace-a2e8ab_b16_k8_isolated,isolated,ours,24,8,plan_ms,2.07328,recorder
20260925-072918_perlmutter_cb90a27f,ours_l01_s1_pv2_r2_pv3c_eps05_trace-a2e8ab_b16_k8_isolated,isolated,ours,24,9,plan_ms,1.956256,recorder
20260925-072918_perlmutter_cb90a27f,ours_l01_s1_pv2_r2_pv3c_eps05_trace-a2e8ab_b16_k8_isolated,isolated,ours,24,0,total_ms,501.311249,recorder
20260925-072918_perlmutter_cb90a27f,ours_l01_s1_pv2_r2_pv3c_eps05_trace-a2e8ab_b16_k8_isolated,isolated,ours,24,1,total_ms,350.167938,recorder
20260925-072918_perlmutter_cb90a27f,ours_l01_s1_pv2_r2_pv3c_eps05_trace-a2e8ab_b16_k8_isolated,isolated,ours,24,2,total_ms,22.989599,recorder
20260925-072918_perlmutter_cb90a27f,ours_l01_s1_pv2_r2_pv3c_eps05_trace-a2e8ab_b16_k8_isolated,isolated,ours,24,3,total_ms,501.148193,recorder
20260925-072918_perlmutter_cb90a27f,ours_l01_s1_pv2_r2_pv3c_eps05_trace-a2e8ab_b16_k8_isolated,isolated,ours,24,4,total_ms,442.7565,recorder
20260925-072918_perlmutter_cb90a27f,ours_l01_s1_pv2_r2_pv3c_eps05_trace-a2e8ab_b16_k8_isolated,isolated,ours,24,5,total_ms,25.401119,recorder
20260925-072918_perlmutter_cb90a27f,ours_l01_s1_pv2_r2_pv3c_eps05_trace-a2e8ab_b16_k8_isolated,isolated,ours,24,6,total_ms,24.318527,recorder
20260925-072918_perlmutter_cb90a27f,ours_l01_s1_pv2_r2_pv3c_eps05_trace-a2e8ab_b16_k8_isolated,isolated,ours,24,7,total_ms,495.489655,recorder
20260925-072918_perlmutter_cb90a27f,ours_l01_s1_pv2_r2_pv3c_eps05_trace-a2e8ab_b16_k8_isolated,isolated,ours,24,8,total_ms,22.917408,recorder
20260925-072918_perlmutter_cb90a27f,ours_l01_s1_pv2_r2_pv3c_eps05_trace-a2e8ab_b16_k8_isolated,isolated,ours,24,9,total_ms,352.311493,recorder
20260925-072918_perlmutter_cb90a27f,ours_l01_s1_pv2_r2_pv3c_eps05_trace-a2e8ab_b16_k8_isolated,isolated,ours,24,0,iso_sync_ms,19.275172,recorder
20260925-072918_perlmutter_cb90a27f,ours_l01_s1_pv2_r2_pv3c_eps05_trace-a2e8ab_b16_k8_isolated,isolated,ours,24,1,iso_sync_ms,498.347577,recorder
20260925-072918_perlmutter_cb90a27f,ours_l01_s1_pv2_r2_pv3c_eps05_trace-a2e8ab_b16_k8_isolated,isolated,ours,24,2,iso_sync_ms,346.185876,recorder
20260925-072918_perlmutter_cb90a27f,ours_l01_s1_pv2_r2_pv3c_eps05_trace-a2e8ab_b16_k8_isolated,isolated,ours,24,3,iso_sync_ms,18.415323,recorder
20260925-072918_perlmutter_cb90a27f,ours_l01_s1_pv2_r2_pv3c_eps05_trace-a2e8ab_b16_k8_isolated,isolated,ours,24,4,iso_sync_ms,497.623661,recorder
20260925-072918_perlmutter_cb90a27f,ours_l01_s1_pv2_r2_pv3c_eps05_trace-a2e8ab_b16_k8_isolated,isolated,ours,24,5,iso_sync_ms,438.792475,recorder
20260925-072918_perlmutter_cb90a27f,ours_l01_s1_pv2_r2_pv3c_eps05_trace-a2e8ab_b16_k8_isolated,isolated,ours,24,6,iso_sync_ms,20.995561,recorder
20260925-072918_perlmutter_cb90a27f,ours_l01_s1_pv2_r2_pv3c_eps05_trace-a2e8ab_b16_k8_isolated,isolated,ours,24,7,iso_sync_ms,20.236366,recorder
20260925-072918_perlmutter_cb90a27f,ours_l01_s1_pv2_r2_pv3c_eps05_trace-a2e8ab_b16_k8_isolated,isolated,ours,24,8,iso_sync_ms,491.80675,recorder
20260925-072918_perlmutter_cb90a27f,ours_l01_s1_pv2_r2_pv3c_eps05_trace-a2e8ab_b16_k8_isolated,isolated,ours,24,9,iso_sync_ms,18.521027,recorder
20260925-072918_perlmutter_cb90a27f,ours_l01_s1_pv2_r2_pv3c_eps05_trace-a2e8ab_b16_k8_isolated,isolated,ours,25,0,e2e_ms,498.623688,recorder
20260925-072918_perlmutter_cb90a27f,ours_l01_s1_pv2_r2_pv3c_eps05_trace-a2e8ab_b16_k8_isolated,isolated,ours,25,1,e2e_ms,347.791809,recorder
20260925-072918_perlmutter_cb90a27f,ours_l01_s1_pv2_r2_pv3c_eps05_trace-a2e8ab_b16_k8_isolated,isolated,ours,25,2,e2e_ms,20.101185,recorder
20260925-072918_perlmutter_cb90a27f,ours_l01_s1_pv2_r2_pv3c_eps05_trace-a2e8ab_b16_k8_isolated,isolated,ours,25,3,e2e_ms,498.541046,recorder
20260925-072918_perlmutter_cb90a27f,ours_l01_s1_pv2_r2_pv3c_eps05_trace-a2e8ab_b16_k8_isolated,isolated,ours,25,4,e2e_ms,440.034241,recorder
20260925-072918_perlmutter_cb90a27f,ours_l01_s1_pv2_r2_pv3c_eps05_trace-a2e8ab_b16_k8_isolated,isolated,ours,25,5,e2e_ms,22.46208,recorder
20260925-072918_perlmutter_cb90a27f,ours_l01_s1_pv2_r2_pv3c_eps05_trace-a2e8ab_b16_k8_isolated,isolated,ours,25,6,e2e_ms,21.695423,recorder
20260925-072918_perlmutter_cb90a27f,ours_l01_s1_pv2_r2_pv3c_eps05_trace-a2e8ab_b16_k8_isolated,isolated,ours,25,7,e2e_ms,493.001465,recorder
20260925-072918_perlmutter_cb90a27f,ours_l01_s1_pv2_r2_pv3c_eps05_trace-a2e8ab_b16_k8_isolated,isolated,ours,25,8,e2e_ms,19.907232,recorder
20260925-072918_perlmutter_cb90a27f,ours_l01_s1_pv2_r2_pv3c_eps05_trace-a2e8ab_b16_k8_isolated,isolated,ours,25,9,e2e_ms,349.623322,recorder
20260925-072918_perlmutter_cb90a27f,ours_l01_s1_pv2_r2_pv3c_eps05_trace-a2e8ab_b16_k8_isolated,isolated,ours,25,0,l0_ms,10.548128,recorder
20260925-072918_perlmutter_cb90a27f,ours_l01_s1_pv2_r2_pv3c_eps05_trace-a2e8ab_b16_k8_isolated,isolated,ours,25,1,l0_ms,10.558432,recorder
20260925-072918_perlmutter_cb90a27f,ours_l01_s1_pv2_r2_pv3c_eps05_trace-a2e8ab_b16_k8_isolated,isolated,ours,25,2,l0_ms,10.416192,recorder
20260925-072918_perlmutter_cb90a27f,ours_l01_s1_pv2_r2_pv3c_eps05_trace-a2e8ab_b16_k8_isolated,isolated,ours,25,3,l0_ms,11.915392,recorder
20260925-072918_perlmutter_cb90a27f,ours_l01_s1_pv2_r2_pv3c_eps05_trace-a2e8ab_b16_k8_isolated,isolated,ours,25,4,l0_ms,11.857216,recorder
20260925-072918_perlmutter_cb90a27f,ours_l01_s1_pv2_r2_pv3c_eps05_trace-a2e8ab_b16_k8_isolated,isolated,ours,25,5,l0_ms,11.031072,recorder
20260925-072918_perlmutter_cb90a27f,ours_l01_s1_pv2_r2_pv3c_eps05_trace-a2e8ab_b16_k8_isolated,isolated,ours,25,6,l0_ms,11.340576,recorder
20260925-072918_perlmutter_cb90a27f,ours_l01_s1_pv2_r2_pv3c_eps05_trace-a2e8ab_b16_k8_isolated,isolated,ours,25,7,l0_ms,9.622784,recorder
20260925-072918_perlmutter_cb90a27f,ours_l01_s1_pv2_r2_pv3c_eps05_trace-a2e8ab_b16_k8_isolated,isolated,ours,25,8,l0_ms,10.129632,recorder
20260925-072918_perlmutter_cb90a27f,ours_l01_s1_pv2_r2_pv3c_eps05_trace-a2e8ab_b16_k8_isolated,isolated,ours,25,9,l0_ms,10.304608,recorder
20260925-072918_perlmutter_cb90a27f,ours_l01_s1_pv2_r2_pv3c_eps05_trace-a2e8ab_b16_k8_isolated,isolated,ours,25,0,act_ms,0.075008,recorder
20260925-072918_perlmutter_cb90a27f,ours_l01_s1_pv2_r2_pv3c_eps05_trace-a2e8ab_b16_k8_isolated,isolated,ours,25,1,act_ms,0.086176,recorder
20260925-072918_perlmutter_cb90a27f,ours_l01_s1_pv2_r2_pv3c_eps05_trace-a2e8ab_b16_k8_isolated,isolated,ours,25,2,act_ms,0.07056,recorder
20260925-072918_perlmutter_cb90a27f,ours_l01_s1_pv2_r2_pv3c_eps05_trace-a2e8ab_b16_k8_isolated,isolated,ours,25,3,act_ms,0.072608,recorder
20260925-072918_perlmutter_cb90a27f,ours_l01_s1_pv2_r2_pv3c_eps05_trace-a2e8ab_b16_k8_isolated,isolated,ours,25,4,act_ms,0.085888,recorder
20260925-072918_perlmutter_cb90a27f,ours_l01_s1_pv2_r2_pv3c_eps05_trace-a2e8ab_b16_k8_isolated,isolated,ours,25,5,act_ms,0.073664,recorder
20260925-072918_perlmutter_cb90a27f,ours_l01_s1_pv2_r2_pv3c_eps05_trace-a2e8ab_b16_k8_isolated,isolated,ours,25,6,act_ms,0.075264,recorder
20260925-072918_perlmutter_cb90a27f,ours_l01_s1_pv2_r2_pv3c_eps05_trace-a2e8ab_b16_k8_isolated,isolated,ours,25,7,act_ms,0.069152,recorder
20260925-072918_perlmutter_cb90a27f,ours_l01_s1_pv2_r2_pv3c_eps05_trace-a2e8ab_b16_k8_isolated,isolated,ours,25,8,act_ms,0.074944,recorder
20260925-072918_perlmutter_cb90a27f,ours_l01_s1_pv2_r2_pv3c_eps05_trace-a2e8ab_b16_k8_isolated,isolated,ours,25,9,act_ms,0.085216,recorder
20260925-072918_perlmutter_cb90a27f,ours_l01_s1_pv2_r2_pv3c_eps05_trace-a2e8ab_b16_k8_isolated,isolated,ours,25,0,l1_ms,488.000549,recorder
20260925-072918_perlmutter_cb90a27f,ours_l01_s1_pv2_r2_pv3c_eps05_trace-a2e8ab_b16_k8_isolated,isolated,ours,25,1,l1_ms,337.147186,recorder
20260925-072918_perlmutter_cb90a27f,ours_l01_s1_pv2_r2_pv3c_eps05_trace-a2e8ab_b16_k8_isolated,isolated,ours,25,2,l1_ms,9.614432,recorder
20260925-072918_perlmutter_cb90a27f,ours_l01_s1_pv2_r2_pv3c_eps05_trace-a2e8ab_b16_k8_isolated,isolated,ours,25,3,l1_ms,486.55307,recorder
20260925-072918_perlmutter_cb90a27f,ours_l01_s1_pv2_r2_pv3c_eps05_trace-a2e8ab_b16_k8_isolated,isolated,ours,25,4,l1_ms,428.091125,recorder
20260925-072918_perlmutter_cb90a27f,ours_l01_s1_pv2_r2_pv3c_eps05_trace-a2e8ab_b16_k8_isolated,isolated,ours,25,5,l1_ms,11.357344,recorder
20260925-072918_perlmutter_cb90a27f,ours_l01_s1_pv2_r2_pv3c_eps05_trace-a2e8ab_b16_k8_isolated,isolated,ours,25,6,l1_ms,10.279584,recorder
20260925-072918_perlmutter_cb90a27f,ours_l01_s1_pv2_r2_pv3c_eps05_trace-a2e8ab_b16_k8_isolated,isolated,ours,25,7,l1_ms,483.30954,recorder
20260925-072918_perlmutter_cb90a27f,ours_l01_s1_pv2_r2_pv3c_eps05_trace-a2e8ab_b16_k8_isolated,isolated,ours,25,8,l1_ms,9.702656,recorder
20260925-072918_perlmutter_cb90a27f,ours_l01_s1_pv2_r2_pv3c_eps05_trace-a2e8ab_b16_k8_isolated,isolated,ours,25,9,l1_ms,339.23349,recorder
20260925-072918_perlmutter_cb90a27f,ours_l01_s1_pv2_r2_pv3c_eps05_trace-a2e8ab_b16_k8_isolated,isolated,ours,25,0,plan_comm_ms,0.58912,recorder
20260925-072918_perlmutter_cb90a27f,ours_l01_s1_pv2_r2_pv3c_eps05_trace-a2e8ab_b16_k8_isolated,isolated,ours,25,1,plan_comm_ms,0.775264,recorder
20260925-072918_perlmutter_cb90a27f,ours_l01_s1_pv2_r2_pv3c_eps05_trace-a2e8ab_b16_k8_isolated,isolated,ours,25,2,plan_comm_ms,0.881536,recorder
20260925-072918_perlmutter_cb90a27f,ours_l01_s1_pv2_r2_pv3c_eps05_trace-a2e8ab_b16_k8_isolated,isolated,ours,25,3,plan_comm_ms,0.588032,recorder
20260925-072918_perlmutter_cb90a27f,ours_l01_s1_pv2_r2_pv3c_eps05_trace-a2e8ab_b16_k8_isolated,isolated,ours,25,4,plan_comm_ms,0.526112,recorder
20260925-072918_perlmutter_cb90a27f,ours_l01_s1_pv2_r2_pv3c_eps05_trace-a2e8ab_b16_k8_isolated,isolated,ours,25,5,plan_comm_ms,0.799008,recorder
20260925-072918_perlmutter_cb90a27f,ours_l01_s1_pv2_r2_pv3c_eps05_trace-a2e8ab_b16_k8_isolated,isolated,ours,25,6,plan_comm_ms,0.590976,recorder
20260925-072918_perlmutter_cb90a27f,ours_l01_s1_pv2_r2_pv3c_eps05_trace-a2e8ab_b16_k8_isolated,isolated,ours,25,7,plan_comm_ms,0.672704,recorder
20260925-072918_perlmutter_cb90a27f,ours_l01_s1_pv2_r2_pv3c_eps05_trace-a2e8ab_b16_k8_isolated,isolated,ours,25,8,plan_comm_ms,0.910464,recorder
20260925-072918_perlmutter_cb90a27f,ours_l01_s1_pv2_r2_pv3c_eps05_trace-a2e8ab_b16_k8_isolated,isolated,ours,25,9,plan_comm_ms,0.666016,recorder
20260925-072918_perlmutter_cb90a27f,ours_l01_s1_pv2_r2_pv3c_eps05_trace-a2e8ab_b16_k8_isolated,isolated,ours,25,0,place_ms,0.002336,recorder
20260925-072918_perlmutter_cb90a27f,ours_l01_s1_pv2_r2_pv3c_eps05_trace-a2e8ab_b16_k8_isolated,isolated,ours,25,1,place_ms,0.002304,recorder
20260925-072918_perlmutter_cb90a27f,ours_l01_s1_pv2_r2_pv3c_eps05_trace-a2e8ab_b16_k8_isolated,isolated,ours,25,2,place_ms,0.002304,recorder
20260925-072918_perlmutter_cb90a27f,ours_l01_s1_pv2_r2_pv3c_eps05_trace-a2e8ab_b16_k8_isolated,isolated,ours,25,3,place_ms,0.002336,recorder
20260925-072918_perlmutter_cb90a27f,ours_l01_s1_pv2_r2_pv3c_eps05_trace-a2e8ab_b16_k8_isolated,isolated,ours,25,4,place_ms,0.002304,recorder
20260925-072918_perlmutter_cb90a27f,ours_l01_s1_pv2_r2_pv3c_eps05_trace-a2e8ab_b16_k8_isolated,isolated,ours,25,5,place_ms,0.002336,recorder
20260925-072918_perlmutter_cb90a27f,ours_l01_s1_pv2_r2_pv3c_eps05_trace-a2e8ab_b16_k8_isolated,isolated,ours,25,6,place_ms,0.002304,recorder
20260925-072918_perlmutter_cb90a27f,ours_l01_s1_pv2_r2_pv3c_eps05_trace-a2e8ab_b16_k8_isolated,isolated,ours,25,7,place_ms,0.002336,recorder
20260925-072918_perlmutter_cb90a27f,ours_l01_s1_pv2_r2_pv3c_eps05_trace-a2e8ab_b16_k8_isolated,isolated,ours,25,8,place_ms,0.002304,recorder
20260925-072918_perlmutter_cb90a27f,ours_l01_s1_pv2_r2_pv3c_eps05_trace-a2e8ab_b16_k8_isolated,isolated,ours,25,9,place_ms,0.002336,recorder
20260925-072918_perlmutter_cb90a27f,ours_l01_s1_pv2_r2_pv3c_eps05_trace-a2e8ab_b16_k8_isolated,isolated,ours,25,0,plan_ms,1.980896,recorder
20260925-072918_perlmutter_cb90a27f,ours_l01_s1_pv2_r2_pv3c_eps05_trace-a2e8ab_b16_k8_isolated,isolated,ours,25,1,plan_ms,1.998752,recorder
20260925-072918_perlmutter_cb90a27f,ours_l01_s1_pv2_r2_pv3c_eps05_trace-a2e8ab_b16_k8_isolated,isolated,ours,25,2,plan_ms,2.004,recorder
20260925-072918_perlmutter_cb90a27f,ours_l01_s1_pv2_r2_pv3c_eps05_trace-a2e8ab_b16_k8_isolated,isolated,ours,25,3,plan_ms,1.969248,recorder
20260925-072918_perlmutter_cb90a27f,ours_l01_s1_pv2_r2_pv3c_eps05_trace-a2e8ab_b16_k8_isolated,isolated,ours,25,4,plan_ms,2.045824,recorder
20260925-072918_perlmutter_cb90a27f,ours_l01_s1_pv2_r2_pv3c_eps05_trace-a2e8ab_b16_k8_isolated,isolated,ours,25,5,plan_ms,2.041216,recorder
20260925-072918_perlmutter_cb90a27f,ours_l01_s1_pv2_r2_pv3c_eps05_trace-a2e8ab_b16_k8_isolated,isolated,ours,25,6,plan_ms,2.023872,recorder
20260925-072918_perlmutter_cb90a27f,ours_l01_s1_pv2_r2_pv3c_eps05_trace-a2e8ab_b16_k8_isolated,isolated,ours,25,7,plan_ms,1.990432,recorder
20260925-072918_perlmutter_cb90a27f,ours_l01_s1_pv2_r2_pv3c_eps05_trace-a2e8ab_b16_k8_isolated,isolated,ours,25,8,plan_ms,2.094912,recorder
20260925-072918_perlmutter_cb90a27f,ours_l01_s1_pv2_r2_pv3c_eps05_trace-a2e8ab_b16_k8_isolated,isolated,ours,25,9,plan_ms,1.987232,recorder
20260925-072918_perlmutter_cb90a27f,ours_l01_s1_pv2_r2_pv3c_eps05_trace-a2e8ab_b16_k8_isolated,isolated,ours,25,0,total_ms,501.205566,recorder
20260925-072918_perlmutter_cb90a27f,ours_l01_s1_pv2_r2_pv3c_eps05_trace-a2e8ab_b16_k8_isolated,isolated,ours,25,1,total_ms,350.577637,recorder
20260925-072918_perlmutter_cb90a27f,ours_l01_s1_pv2_r2_pv3c_eps05_trace-a2e8ab_b16_k8_isolated,isolated,ours,25,2,total_ms,22.998625,recorder
20260925-072918_perlmutter_cb90a27f,ours_l01_s1_pv2_r2_pv3c_eps05_trace-a2e8ab_b16_k8_isolated,isolated,ours,25,3,total_ms,501.109589,recorder
20260925-072918_perlmutter_cb90a27f,ours_l01_s1_pv2_r2_pv3c_eps05_trace-a2e8ab_b16_k8_isolated,isolated,ours,25,4,total_ms,442.617981,recorder
20260925-072918_perlmutter_cb90a27f,ours_l01_s1_pv2_r2_pv3c_eps05_trace-a2e8ab_b16_k8_isolated,isolated,ours,25,5,total_ms,25.314272,recorder
20260925-072918_perlmutter_cb90a27f,ours_l01_s1_pv2_r2_pv3c_eps05_trace-a2e8ab_b16_k8_isolated,isolated,ours,25,6,total_ms,24.3216,recorder
20260925-072918_perlmutter_cb90a27f,ours_l01_s1_pv2_r2_pv3c_eps05_trace-a2e8ab_b16_k8_isolated,isolated,ours,25,7,total_ms,495.676453,recorder
20260925-072918_perlmutter_cb90a27f,ours_l01_s1_pv2_r2_pv3c_eps05_trace-a2e8ab_b16_k8_isolated,isolated,ours,25,8,total_ms,22.924543,recorder
20260925-072918_perlmutter_cb90a27f,ours_l01_s1_pv2_r2_pv3c_eps05_trace-a2e8ab_b16_k8_isolated,isolated,ours,25,9,total_ms,352.288422,recorder
20260925-072918_perlmutter_cb90a27f,ours_l01_s1_pv2_r2_pv3c_eps05_trace-a2e8ab_b16_k8_isolated,isolated,ours,25,0,iso_sync_ms,19.319187,recorder
20260925-072918_perlmutter_cb90a27f,ours_l01_s1_pv2_r2_pv3c_eps05_trace-a2e8ab_b16_k8_isolated,isolated,ours,25,1,iso_sync_ms,498.398927,recorder
20260925-072918_perlmutter_cb90a27f,ours_l01_s1_pv2_r2_pv3c_eps05_trace-a2e8ab_b16_k8_isolated,isolated,ours,25,2,iso_sync_ms,346.292071,recorder
20260925-072918_perlmutter_cb90a27f,ours_l01_s1_pv2_r2_pv3c_eps05_trace-a2e8ab_b16_k8_isolated,isolated,ours,25,3,iso_sync_ms,18.06126,recorder
20260925-072918_perlmutter_cb90a27f,ours_l01_s1_pv2_r2_pv3c_eps05_trace-a2e8ab_b16_k8_isolated,isolated,ours,25,4,iso_sync_ms,497.677946,recorder
20260925-072918_perlmutter_cb90a27f,ours_l01_s1_pv2_r2_pv3c_eps05_trace-a2e8ab_b16_k8_isolated,isolated,ours,25,5,iso_sync_ms,438.459983,recorder
20260925-072918_perlmutter_cb90a27f,ours_l01_s1_pv2_r2_pv3c_eps05_trace-a2e8ab_b16_k8_isolated,isolated,ours,25,6,iso_sync_ms,20.422966,recorder
20260925-072918_perlmutter_cb90a27f,ours_l01_s1_pv2_r2_pv3c_eps05_trace-a2e8ab_b16_k8_isolated,isolated,ours,25,7,iso_sync_ms,20.16568,recorder
20260925-072918_perlmutter_cb90a27f,ours_l01_s1_pv2_r2_pv3c_eps05_trace-a2e8ab_b16_k8_isolated,isolated,ours,25,8,iso_sync_ms,491.851456,recorder
20260925-072918_perlmutter_cb90a27f,ours_l01_s1_pv2_r2_pv3c_eps05_trace-a2e8ab_b16_k8_isolated,isolated,ours,25,9,iso_sync_ms,18.372361,recorder
20260925-072918_perlmutter_cb90a27f,ours_l01_s1_pv2_r2_pv3c_eps05_trace-a2e8ab_b16_k8_isolated,isolated,ours,26,0,e2e_ms,498.624939,recorder
20260925-072918_perlmutter_cb90a27f,ours_l01_s1_pv2_r2_pv3c_eps05_trace-a2e8ab_b16_k8_isolated,isolated,ours,26,1,e2e_ms,347.815521,recorder
20260925-072918_perlmutter_cb90a27f,ours_l01_s1_pv2_r2_pv3c_eps05_trace-a2e8ab_b16_k8_isolated,isolated,ours,26,2,e2e_ms,20.124895,recorder
20260925-072918_perlmutter_cb90a27f,ours_l01_s1_pv2_r2_pv3c_eps05_trace-a2e8ab_b16_k8_isolated,isolated,ours,26,3,e2e_ms,498.575867,recorder
20260925-072918_perlmutter_cb90a27f,ours_l01_s1_pv2_r2_pv3c_eps05_trace-a2e8ab_b16_k8_isolated,isolated,ours,26,4,e2e_ms,439.233734,recorder
20260925-072918_perlmutter_cb90a27f,ours_l01_s1_pv2_r2_pv3c_eps05_trace-a2e8ab_b16_k8_isolated,isolated,ours,26,5,e2e_ms,22.498753,recorder
20260925-072918_perlmutter_cb90a27f,ours_l01_s1_pv2_r2_pv3c_eps05_trace-a2e8ab_b16_k8_isolated,isolated,ours,26,6,e2e_ms,21.722879,recorder
20260925-072918_perlmutter_cb90a27f,ours_l01_s1_pv2_r2_pv3c_eps05_trace-a2e8ab_b16_k8_isolated,isolated,ours,26,7,e2e_ms,492.815155,recorder
20260925-072918_perlmutter_cb90a27f,ours_l01_s1_pv2_r2_pv3c_eps05_trace-a2e8ab_b16_k8_isolated,isolated,ours,26,8,e2e_ms,19.880352,recorder
20260925-072918_perlmutter_cb90a27f,ours_l01_s1_pv2_r2_pv3c_eps05_trace-a2e8ab_b16_k8_isolated,isolated,ours,26,9,e2e_ms,349.65741,recorder
20260925-072918_perlmutter_cb90a27f,ours_l01_s1_pv2_r2_pv3c_eps05_trace-a2e8ab_b16_k8_isolated,isolated,ours,26,0,l0_ms,10.54688,recorder
20260925-072918_perlmutter_cb90a27f,ours_l01_s1_pv2_r2_pv3c_eps05_trace-a2e8ab_b16_k8_isolated,isolated,ours,26,1,l0_ms,10.579872,recorder
20260925-072918_perlmutter_cb90a27f,ours_l01_s1_pv2_r2_pv3c_eps05_trace-a2e8ab_b16_k8_isolated,isolated,ours,26,2,l0_ms,10.42784,recorder
20260925-072918_perlmutter_cb90a27f,ours_l01_s1_pv2_r2_pv3c_eps05_trace-a2e8ab_b16_k8_isolated,isolated,ours,26,3,l0_ms,11.902368,recorder
20260925-072918_perlmutter_cb90a27f,ours_l01_s1_pv2_r2_pv3c_eps05_trace-a2e8ab_b16_k8_isolated,isolated,ours,26,4,l0_ms,11.070976,recorder
20260925-072918_perlmutter_cb90a27f,ours_l01_s1_pv2_r2_pv3c_eps05_trace-a2e8ab_b16_k8_isolated,isolated,ours,26,5,l0_ms,11.050592,recorder
20260925-072918_perlmutter_cb90a27f,ours_l01_s1_pv2_r2_pv3c_eps05_trace-a2e8ab_b16_k8_isolated,isolated,ours,26,6,l0_ms,11.365504,recorder
20260925-072918_perlmutter_cb90a27f,ours_l01_s1_pv2_r2_pv3c_eps05_trace-a2e8ab_b16_k8_isolated,isolated,ours,26,7,l0_ms,9.623456,recorder
20260925-072918_perlmutter_cb90a27f,ours_l01_s1_pv2_r2_pv3c_eps05_trace-a2e8ab_b16_k8_isolated,isolated,ours,26,8,l0_ms,10.097664,recorder
20260925-072918_perlmutter_cb90a27f,ours_l01_s1_pv2_r2_pv3c_eps05_trace-a2e8ab_b16_k8_isolated,isolated,ours,26,9,l0_ms,10.309056,recorder
20260925-072918_perlmutter_cb90a27f,ours_l01_s1_pv2_r2_pv3c_eps05_trace-a2e8ab_b16_k8_isolated,isolated,ours,26,0,act_ms,0.07072,recorder
20260925-072918_perlmutter_cb90a27f,ours_l01_s1_pv2_r2_pv3c_eps05_trace-a2e8ab_b16_k8_isolated,isolated,ours,26,1,act_ms,0.068832,recorder
20260925-072918_perlmutter_cb90a27f,ours_l01_s1_pv2_r2_pv3c_eps05_trace-a2e8ab_b16_k8_isolated,isolated,ours,26,2,act_ms,0.068704,recorder
20260925-072918_perlmutter_cb90a27f,ours_l01_s1_pv2_r2_pv3c_eps05_trace-a2e8ab_b16_k8_isolated,isolated,ours,26,3,act_ms,0.068896,recorder
20260925-072918_perlmutter_cb90a27f,ours_l01_s1_pv2_r2_pv3c_eps05_trace-a2e8ab_b16_k8_isolated,isolated,ours,26,4,act_ms,0.069632,recorder
20260925-072918_perlmutter_cb90a27f,ours_l01_s1_pv2_r2_pv3c_eps05_trace-a2e8ab_b16_k8_isolated,isolated,ours,26,5,act_ms,0.068768,recorder
20260925-072918_perlmutter_cb90a27f,ours_l01_s1_pv2_r2_pv3c_eps05_trace-a2e8ab_b16_k8_isolated,isolated,ours,26,6,act_ms,0.070016,recorder
20260925-072918_perlmutter_cb90a27f,ours_l01_s1_pv2_r2_pv3c_eps05_trace-a2e8ab_b16_k8_isolated,isolated,ours,26,7,act_ms,0.071776,recorder
20260925-072918_perlmutter_cb90a27f,ours_l01_s1_pv2_r2_pv3c_eps05_trace-a2e8ab_b16_k8_isolated,isolated,ours,26,8,act_ms,0.06944,recorder
20260925-072918_perlmutter_cb90a27f,ours_l01_s1_pv2_r2_pv3c_eps05_trace-a2e8ab_b16_k8_isolated,isolated,ours,26,9,act_ms,0.065056,recorder
20260925-072918_perlmutter_cb90a27f,ours_l01_s1_pv2_r2_pv3c_eps05_trace-a2e8ab_b16_k8_isolated,isolated,ours,26,0,l1_ms,488.007324,recorder
20260925-072918_perlmutter_cb90a27f,ours_l01_s1_pv2_r2_pv3c_eps05_trace-a2e8ab_b16_k8_isolated,isolated,ours,26,1,l1_ms,337.166809,recorder
20260925-072918_perlmutter_cb90a27f,ours_l01_s1_pv2_r2_pv3c_eps05_trace-a2e8ab_b16_k8_isolated,isolated,ours,26,2,l1_ms,9.628352,recorder
20260925-072918_perlmutter_cb90a27f,ours_l01_s1_pv2_r2_pv3c_eps05_trace-a2e8ab_b16_k8_isolated,isolated,ours,26,3,l1_ms,486.604614,recorder
20260925-072918_perlmutter_cb90a27f,ours_l01_s1_pv2_r2_pv3c_eps05_trace-a2e8ab_b16_k8_isolated,isolated,ours,26,4,l1_ms,428.093109,recorder
20260925-072918_perlmutter_cb90a27f,ours_l01_s1_pv2_r2_pv3c_eps05_trace-a2e8ab_b16_k8_isolated,isolated,ours,26,5,l1_ms,11.379392,recorder
20260925-072918_perlmutter_cb90a27f,ours_l01_s1_pv2_r2_pv3c_eps05_trace-a2e8ab_b16_k8_isolated,isolated,ours,26,6,l1_ms,10.28736,recorder
20260925-072918_perlmutter_cb90a27f,ours_l01_s1_pv2_r2_pv3c_eps05_trace-a2e8ab_b16_k8_isolated,isolated,ours,26,7,l1_ms,483.119934,recorder
20260925-072918_perlmutter_cb90a27f,ours_l01_s1_pv2_r2_pv3c_eps05_trace-a2e8ab_b16_k8_isolated,isolated,ours,26,8,l1_ms,9.713248,recorder
20260925-072918_perlmutter_cb90a27f,ours_l01_s1_pv2_r2_pv3c_eps05_trace-a2e8ab_b16_k8_isolated,isolated,ours,26,9,l1_ms,339.283295,recorder
20260925-072918_perlmutter_cb90a27f,ours_l01_s1_pv2_r2_pv3c_eps05_trace-a2e8ab_b16_k8_isolated,isolated,ours,26,0,plan_comm_ms,0.583872,recorder
20260925-072918_perlmutter_cb90a27f,ours_l01_s1_pv2_r2_pv3c_eps05_trace-a2e8ab_b16_k8_isolated,isolated,ours,26,1,plan_comm_ms,0.878112,recorder
20260925-072918_perlmutter_cb90a27f,ours_l01_s1_pv2_r2_pv3c_eps05_trace-a2e8ab_b16_k8_isolated,isolated,ours,26,2,plan_comm_ms,0.872448,recorder
20260925-072918_perlmutter_cb90a27f,ours_l01_s1_pv2_r2_pv3c_eps05_trace-a2e8ab_b16_k8_isolated,isolated,ours,26,3,plan_comm_ms,0.585856,recorder
20260925-072918_perlmutter_cb90a27f,ours_l01_s1_pv2_r2_pv3c_eps05_trace-a2e8ab_b16_k8_isolated,isolated,ours,26,4,plan_comm_ms,0.682624,recorder
20260925-072918_perlmutter_cb90a27f,ours_l01_s1_pv2_r2_pv3c_eps05_trace-a2e8ab_b16_k8_isolated,isolated,ours,26,5,plan_comm_ms,0.812576,recorder
20260925-072918_perlmutter_cb90a27f,ours_l01_s1_pv2_r2_pv3c_eps05_trace-a2e8ab_b16_k8_isolated,isolated,ours,26,6,plan_comm_ms,0.58832,recorder
20260925-072918_perlmutter_cb90a27f,ours_l01_s1_pv2_r2_pv3c_eps05_trace-a2e8ab_b16_k8_isolated,isolated,ours,26,7,plan_comm_ms,0.669216,recorder
20260925-072918_perlmutter_cb90a27f,ours_l01_s1_pv2_r2_pv3c_eps05_trace-a2e8ab_b16_k8_isolated,isolated,ours,26,8,plan_comm_ms,0.76576,recorder
20260925-072918_perlmutter_cb90a27f,ours_l01_s1_pv2_r2_pv3c_eps05_trace-a2e8ab_b16_k8_isolated,isolated,ours,26,9,plan_comm_ms,0.66368,recorder
20260925-072918_perlmutter_cb90a27f,ours_l01_s1_pv2_r2_pv3c_eps05_trace-a2e8ab_b16_k8_isolated,isolated,ours,26,0,place_ms,0.002368,recorder
20260925-072918_perlmutter_cb90a27f,ours_l01_s1_pv2_r2_pv3c_eps05_trace-a2e8ab_b16_k8_isolated,isolated,ours,26,1,place_ms,0.002336,recorder
20260925-072918_perlmutter_cb90a27f,ours_l01_s1_pv2_r2_pv3c_eps05_trace-a2e8ab_b16_k8_isolated,isolated,ours,26,2,place_ms,0.002432,recorder
20260925-072918_perlmutter_cb90a27f,ours_l01_s1_pv2_r2_pv3c_eps05_trace-a2e8ab_b16_k8_isolated,isolated,ours,26,3,place_ms,0.002528,recorder
20260925-072918_perlmutter_cb90a27f,ours_l01_s1_pv2_r2_pv3c_eps05_trace-a2e8ab_b16_k8_isolated,isolated,ours,26,4,place_ms,0.002336,recorder
20260925-072918_perlmutter_cb90a27f,ours_l01_s1_pv2_r2_pv3c_eps05_trace-a2e8ab_b16_k8_isolated,isolated,ours,26,5,place_ms,0.002336,recorder
20260925-072918_perlmutter_cb90a27f,ours_l01_s1_pv2_r2_pv3c_eps05_trace-a2e8ab_b16_k8_isolated,isolated,ours,26,6,place_ms,0.002336,recorder
20260925-072918_perlmutter_cb90a27f,ours_l01_s1_pv2_r2_pv3c_eps05_trace-a2e8ab_b16_k8_isolated,isolated,ours,26,7,place_ms,0.002368,recorder
20260925-072918_perlmutter_cb90a27f,ours_l01_s1_pv2_r2_pv3c_eps05_trace-a2e8ab_b16_k8_isolated,isolated,ours,26,8,place_ms,0.002336,recorder
20260925-072918_perlmutter_cb90a27f,ours_l01_s1_pv2_r2_pv3c_eps05_trace-a2e8ab_b16_k8_isolated,isolated,ours,26,9,place_ms,0.002336,recorder
20260925-072918_perlmutter_cb90a27f,ours_l01_s1_pv2_r2_pv3c_eps05_trace-a2e8ab_b16_k8_isolated,isolated,ours,26,0,plan_ms,1.99136,recorder
20260925-072918_perlmutter_cb90a27f,ours_l01_s1_pv2_r2_pv3c_eps05_trace-a2e8ab_b16_k8_isolated,isolated,ours,26,1,plan_ms,1.958464,recorder
20260925-072918_perlmutter_cb90a27f,ours_l01_s1_pv2_r2_pv3c_eps05_trace-a2e8ab_b16_k8_isolated,isolated,ours,26,2,plan_ms,2.0024,recorder
20260925-072918_perlmutter_cb90a27f,ours_l01_s1_pv2_r2_pv3c_eps05_trace-a2e8ab_b16_k8_isolated,isolated,ours,26,3,plan_ms,1.979264,recorder
20260925-072918_perlmutter_cb90a27f,ours_l01_s1_pv2_r2_pv3c_eps05_trace-a2e8ab_b16_k8_isolated,isolated,ours,26,4,plan_ms,2.821696,recorder
20260925-072918_perlmutter_cb90a27f,ours_l01_s1_pv2_r2_pv3c_eps05_trace-a2e8ab_b16_k8_isolated,isolated,ours,26,5,plan_ms,2.011808,recorder
20260925-072918_perlmutter_cb90a27f,ours_l01_s1_pv2_r2_pv3c_eps05_trace-a2e8ab_b16_k8_isolated,isolated,ours,26,6,plan_ms,2.001536,recorder
20260925-072918_perlmutter_cb90a27f,ours_l01_s1_pv2_r2_pv3c_eps05_trace-a2e8ab_b16_k8_isolated,isolated,ours,26,7,plan_ms,1.9944,recorder
20260925-072918_perlmutter_cb90a27f,ours_l01_s1_pv2_r2_pv3c_eps05_trace-a2e8ab_b16_k8_isolated,isolated,ours,26,8,plan_ms,2.122304,recorder
20260925-072918_perlmutter_cb90a27f,ours_l01_s1_pv2_r2_pv3c_eps05_trace-a2e8ab_b16_k8_isolated,isolated,ours,26,9,plan_ms,1.982624,recorder
20260925-072918_perlmutter_cb90a27f,ours_l01_s1_pv2_r2_pv3c_eps05_trace-a2e8ab_b16_k8_isolated,isolated,ours,26,0,total_ms,501.211609,recorder
20260925-072918_perlmutter_cb90a27f,ours_l01_s1_pv2_r2_pv3c_eps05_trace-a2e8ab_b16_k8_isolated,isolated,ours,26,1,total_ms,350.66449,recorder
20260925-072918_perlmutter_cb90a27f,ours_l01_s1_pv2_r2_pv3c_eps05_trace-a2e8ab_b16_k8_isolated,isolated,ours,26,2,total_ms,23.011423,recorder
20260925-072918_perlmutter_cb90a27f,ours_l01_s1_pv2_r2_pv3c_eps05_trace-a2e8ab_b16_k8_isolated,isolated,ours,26,3,total_ms,501.153351,recorder
20260925-072918_perlmutter_cb90a27f,ours_l01_s1_pv2_r2_pv3c_eps05_trace-a2e8ab_b16_k8_isolated,isolated,ours,26,4,total_ms,442.749817,recorder
20260925-072918_perlmutter_cb90a27f,ours_l01_s1_pv2_r2_pv3c_eps05_trace-a2e8ab_b16_k8_isolated,isolated,ours,26,5,total_ms,25.335264,recorder
20260925-072918_perlmutter_cb90a27f,ours_l01_s1_pv2_r2_pv3c_eps05_trace-a2e8ab_b16_k8_isolated,isolated,ours,26,6,total_ms,24.325312,recorder
20260925-072918_perlmutter_cb90a27f,ours_l01_s1_pv2_r2_pv3c_eps05_trace-a2e8ab_b16_k8_isolated,isolated,ours,26,7,total_ms,495.490631,recorder
20260925-072918_perlmutter_cb90a27f,ours_l01_s1_pv2_r2_pv3c_eps05_trace-a2e8ab_b16_k8_isolated,isolated,ours,26,8,total_ms,22.78064,recorder
20260925-072918_perlmutter_cb90a27f,ours_l01_s1_pv2_r2_pv3c_eps05_trace-a2e8ab_b16_k8_isolated,isolated,ours,26,9,total_ms,352.315582,recorder
20260925-072918_perlmutter_cb90a27f,ours_l01_s1_pv2_r2_pv3c_eps05_trace-a2e8ab_b16_k8_isolated,isolated,ours,26,0,iso_sync_ms,19.343113,recorder
20260925-072918_perlmutter_cb90a27f,ours_l01_s1_pv2_r2_pv3c_eps05_trace-a2e8ab_b16_k8_isolated,isolated,ours,26,1,iso_sync_ms,498.348789,recorder
20260925-072918_perlmutter_cb90a27f,ours_l01_s1_pv2_r2_pv3c_eps05_trace-a2e8ab_b16_k8_isolated,isolated,ours,26,2,iso_sync_ms,346.811293,recorder
20260925-072918_perlmutter_cb90a27f,ours_l01_s1_pv2_r2_pv3c_eps05_trace-a2e8ab_b16_k8_isolated,isolated,ours,26,3,iso_sync_ms,18.702708,recorder
20260925-072918_perlmutter_cb90a27f,ours_l01_s1_pv2_r2_pv3c_eps05_trace-a2e8ab_b16_k8_isolated,isolated,ours,26,4,iso_sync_ms,497.641536,recorder
20260925-072918_perlmutter_cb90a27f,ours_l01_s1_pv2_r2_pv3c_eps05_trace-a2e8ab_b16_k8_isolated,isolated,ours,26,5,iso_sync_ms,437.767809,recorder
20260925-072918_perlmutter_cb90a27f,ours_l01_s1_pv2_r2_pv3c_eps05_trace-a2e8ab_b16_k8_isolated,isolated,ours,26,6,iso_sync_ms,20.971845,recorder
20260925-072918_perlmutter_cb90a27f,ours_l01_s1_pv2_r2_pv3c_eps05_trace-a2e8ab_b16_k8_isolated,isolated,ours,26,7,iso_sync_ms,20.26947,recorder
20260925-072918_perlmutter_cb90a27f,ours_l01_s1_pv2_r2_pv3c_eps05_trace-a2e8ab_b16_k8_isolated,isolated,ours,26,8,iso_sync_ms,491.851085,recorder
20260925-072918_perlmutter_cb90a27f,ours_l01_s1_pv2_r2_pv3c_eps05_trace-a2e8ab_b16_k8_isolated,isolated,ours,26,9,iso_sync_ms,18.329598,recorder
20260925-072918_perlmutter_cb90a27f,ours_l01_s1_pv2_r2_pv3c_eps05_trace-a2e8ab_b16_k8_isolated,isolated,ours,27,0,e2e_ms,498.605927,recorder
20260925-072918_perlmutter_cb90a27f,ours_l01_s1_pv2_r2_pv3c_eps05_trace-a2e8ab_b16_k8_isolated,isolated,ours,27,1,e2e_ms,347.767639,recorder
20260925-072918_perlmutter_cb90a27f,ours_l01_s1_pv2_r2_pv3c_eps05_trace-a2e8ab_b16_k8_isolated,isolated,ours,27,2,e2e_ms,20.098017,recorder
20260925-072918_perlmutter_cb90a27f,ours_l01_s1_pv2_r2_pv3c_eps05_trace-a2e8ab_b16_k8_isolated,isolated,ours,27,3,e2e_ms,498.599548,recorder
20260925-072918_perlmutter_cb90a27f,ours_l01_s1_pv2_r2_pv3c_eps05_trace-a2e8ab_b16_k8_isolated,isolated,ours,27,4,e2e_ms,440.077606,recorder
20260925-072918_perlmutter_cb90a27f,ours_l01_s1_pv2_r2_pv3c_eps05_trace-a2e8ab_b16_k8_isolated,isolated,ours,27,5,e2e_ms,22.475231,recorder
20260925-072918_perlmutter_cb90a27f,ours_l01_s1_pv2_r2_pv3c_eps05_trace-a2e8ab_b16_k8_isolated,isolated,ours,27,6,e2e_ms,21.740448,recorder
20260925-072918_perlmutter_cb90a27f,ours_l01_s1_pv2_r2_pv3c_eps05_trace-a2e8ab_b16_k8_isolated,isolated,ours,27,7,e2e_ms,492.87027,recorder
20260925-072918_perlmutter_cb90a27f,ours_l01_s1_pv2_r2_pv3c_eps05_trace-a2e8ab_b16_k8_isolated,isolated,ours,27,8,e2e_ms,19.888672,recorder
20260925-072918_perlmutter_cb90a27f,ours_l01_s1_pv2_r2_pv3c_eps05_trace-a2e8ab_b16_k8_isolated,isolated,ours,27,9,e2e_ms,349.66864,recorder
20260925-072918_perlmutter_cb90a27f,ours_l01_s1_pv2_r2_pv3c_eps05_trace-a2e8ab_b16_k8_isolated,isolated,ours,27,0,l0_ms,10.543904,recorder
20260925-072918_perlmutter_cb90a27f,ours_l01_s1_pv2_r2_pv3c_eps05_trace-a2e8ab_b16_k8_isolated,isolated,ours,27,1,l0_ms,10.53632,recorder
20260925-072918_perlmutter_cb90a27f,ours_l01_s1_pv2_r2_pv3c_eps05_trace-a2e8ab_b16_k8_isolated,isolated,ours,27,2,l0_ms,10.399904,recorder
20260925-072918_perlmutter_cb90a27f,ours_l01_s1_pv2_r2_pv3c_eps05_trace-a2e8ab_b16_k8_isolated,isolated,ours,27,3,l0_ms,11.896384,recorder
20260925-072918_perlmutter_cb90a27f,ours_l01_s1_pv2_r2_pv3c_eps05_trace-a2e8ab_b16_k8_isolated,isolated,ours,27,4,l0_ms,11.909792,recorder
20260925-072918_perlmutter_cb90a27f,ours_l01_s1_pv2_r2_pv3c_eps05_trace-a2e8ab_b16_k8_isolated,isolated,ours,27,5,l0_ms,11.038784,recorder
20260925-072918_perlmutter_cb90a27f,ours_l01_s1_pv2_r2_pv3c_eps05_trace-a2e8ab_b16_k8_isolated,isolated,ours,27,6,l0_ms,11.364928,recorder
20260925-072918_perlmutter_cb90a27f,ours_l01_s1_pv2_r2_pv3c_eps05_trace-a2e8ab_b16_k8_isolated,isolated,ours,27,7,l0_ms,9.629792,recorder
20260925-072918_perlmutter_cb90a27f,ours_l01_s1_pv2_r2_pv3c_eps05_trace-a2e8ab_b16_k8_isolated,isolated,ours,27,8,l0_ms,10.1048,recorder
20260925-072918_perlmutter_cb90a27f,ours_l01_s1_pv2_r2_pv3c_eps05_trace-a2e8ab_b16_k8_isolated,isolated,ours,27,9,l0_ms,10.309248,recorder
20260925-072918_perlmutter_cb90a27f,ours_l01_s1_pv2_r2_pv3c_eps05_trace-a2e8ab_b16_k8_isolated,isolated,ours,27,0,act_ms,0.050912,recorder
20260925-072918_perlmutter_cb90a27f,ours_l01_s1_pv2_r2_pv3c_eps05_trace-a2e8ab_b16_k8_isolated,isolated,ours,27,1,act_ms,0.048512,recorder
20260925-072918_perlmutter_cb90a27f,ours_l01_s1_pv2_r2_pv3c_eps05_trace-a2e8ab_b16_k8_isolated,isolated,ours,27,2,act_ms,0.055296,recorder
20260925-072918_perlmutter_cb90a27f,ours_l01_s1_pv2_r2_pv3c_eps05_trace-a2e8ab_b16_k8_isolated,isolated,ours,27,3,act_ms,0.055456,recorder
20260925-072918_perlmutter_cb90a27f,ours_l01_s1_pv2_r2_pv3c_eps05_trace-a2e8ab_b16_k8_isolated,isolated,ours,27,4,act_ms,0.053024,recorder
20260925-072918_perlmutter_cb90a27f,ours_l01_s1_pv2_r2_pv3c_eps05_trace-a2e8ab_b16_k8_isolated,isolated,ours,27,5,act_ms,0.050752,recorder
20260925-072918_perlmutter_cb90a27f,ours_l01_s1_pv2_r2_pv3c_eps05_trace-a2e8ab_b16_k8_isolated,isolated,ours,27,6,act_ms,0.055008,recorder
20260925-072918_perlmutter_cb90a27f,ours_l01_s1_pv2_r2_pv3c_eps05_trace-a2e8ab_b16_k8_isolated,isolated,ours,27,7,act_ms,0.054304,recorder
20260925-072918_perlmutter_cb90a27f,ours_l01_s1_pv2_r2_pv3c_eps05_trace-a2e8ab_b16_k8_isolated,isolated,ours,27,8,act_ms,0.049504,recorder
20260925-072918_perlmutter_cb90a27f,ours_l01_s1_pv2_r2_pv3c_eps05_trace-a2e8ab_b16_k8_isolated,isolated,ours,27,9,act_ms,0.054848,recorder
20260925-072918_perlmutter_cb90a27f,ours_l01_s1_pv2_r2_pv3c_eps05_trace-a2e8ab_b16_k8_isolated,isolated,ours,27,0,l1_ms,488.011108,recorder
20260925-072918_perlmutter_cb90a27f,ours_l01_s1_pv2_r2_pv3c_eps05_trace-a2e8ab_b16_k8_isolated,isolated,ours,27,1,l1_ms,337.182831,recorder
20260925-072918_perlmutter_cb90a27f,ours_l01_s1_pv2_r2_pv3c_eps05_trace-a2e8ab_b16_k8_isolated,isolated,ours,27,2,l1_ms,9.642816,recorder
20260925-072918_perlmutter_cb90a27f,ours_l01_s1_pv2_r2_pv3c_eps05_trace-a2e8ab_b16_k8_isolated,isolated,ours,27,3,l1_ms,486.647705,recorder
20260925-072918_perlmutter_cb90a27f,ours_l01_s1_pv2_r2_pv3c_eps05_trace-a2e8ab_b16_k8_isolated,isolated,ours,27,4,l1_ms,428.114777,recorder
20260925-072918_perlmutter_cb90a27f,ours_l01_s1_pv2_r2_pv3c_eps05_trace-a2e8ab_b16_k8_isolated,isolated,ours,27,5,l1_ms,11.385696,recorder
20260925-072918_perlmutter_cb90a27f,ours_l01_s1_pv2_r2_pv3c_eps05_trace-a2e8ab_b16_k8_isolated,isolated,ours,27,6,l1_ms,10.320512,recorder
20260925-072918_perlmutter_cb90a27f,ours_l01_s1_pv2_r2_pv3c_eps05_trace-a2e8ab_b16_k8_isolated,isolated,ours,27,7,l1_ms,483.186188,recorder
20260925-072918_perlmutter_cb90a27f,ours_l01_s1_pv2_r2_pv3c_eps05_trace-a2e8ab_b16_k8_isolated,isolated,ours,27,8,l1_ms,9.734368,recorder
20260925-072918_perlmutter_cb90a27f,ours_l01_s1_pv2_r2_pv3c_eps05_trace-a2e8ab_b16_k8_isolated,isolated,ours,27,9,l1_ms,339.304535,recorder
20260925-072918_perlmutter_cb90a27f,ours_l01_s1_pv2_r2_pv3c_eps05_trace-a2e8ab_b16_k8_isolated,isolated,ours,27,0,plan_comm_ms,0.58064,recorder
20260925-072918_perlmutter_cb90a27f,ours_l01_s1_pv2_r2_pv3c_eps05_trace-a2e8ab_b16_k8_isolated,isolated,ours,27,1,plan_comm_ms,0.79424,recorder
20260925-072918_perlmutter_cb90a27f,ours_l01_s1_pv2_r2_pv3c_eps05_trace-a2e8ab_b16_k8_isolated,isolated,ours,27,2,plan_comm_ms,0.875328,recorder
20260925-072918_perlmutter_cb90a27f,ours_l01_s1_pv2_r2_pv3c_eps05_trace-a2e8ab_b16_k8_isolated,isolated,ours,27,3,plan_comm_ms,0.603328,recorder
20260925-072918_perlmutter_cb90a27f,ours_l01_s1_pv2_r2_pv3c_eps05_trace-a2e8ab_b16_k8_isolated,isolated,ours,27,4,plan_comm_ms,0.703936,recorder
20260925-072918_perlmutter_cb90a27f,ours_l01_s1_pv2_r2_pv3c_eps05_trace-a2e8ab_b16_k8_isolated,isolated,ours,27,5,plan_comm_ms,0.891552,recorder
20260925-072918_perlmutter_cb90a27f,ours_l01_s1_pv2_r2_pv3c_eps05_trace-a2e8ab_b16_k8_isolated,isolated,ours,27,6,plan_comm_ms,0.589984,recorder
20260925-072918_perlmutter_cb90a27f,ours_l01_s1_pv2_r2_pv3c_eps05_trace-a2e8ab_b16_k8_isolated,isolated,ours,27,7,plan_comm_ms,0.68912,recorder
20260925-072918_perlmutter_cb90a27f,ours_l01_s1_pv2_r2_pv3c_eps05_trace-a2e8ab_b16_k8_isolated,isolated,ours,27,8,plan_comm_ms,0.870144,recorder
20260925-072918_perlmutter_cb90a27f,ours_l01_s1_pv2_r2_pv3c_eps05_trace-a2e8ab_b16_k8_isolated,isolated,ours,27,9,plan_comm_ms,0.654592,recorder
20260925-072918_perlmutter_cb90a27f,ours_l01_s1_pv2_r2_pv3c_eps05_trace-a2e8ab_b16_k8_isolated,isolated,ours,27,0,place_ms,0.00256,recorder
20260925-072918_perlmutter_cb90a27f,ours_l01_s1_pv2_r2_pv3c_eps05_trace-a2e8ab_b16_k8_isolated,isolated,ours,27,1,place_ms,0.002304,recorder
20260925-072918_perlmutter_cb90a27f,ours_l01_s1_pv2_r2_pv3c_eps05_trace-a2e8ab_b16_k8_isolated,isolated,ours,27,2,place_ms,0.002368,recorder
20260925-072918_perlmutter_cb90a27f,ours_l01_s1_pv2_r2_pv3c_eps05_trace-a2e8ab_b16_k8_isolated,isolated,ours,27,3,place_ms,0.002304,recorder
20260925-072918_perlmutter_cb90a27f,ours_l01_s1_pv2_r2_pv3c_eps05_trace-a2e8ab_b16_k8_isolated,isolated,ours,27,4,place_ms,0.002304,recorder
20260925-072918_perlmutter_cb90a27f,ours_l01_s1_pv2_r2_pv3c_eps05_trace-a2e8ab_b16_k8_isolated,isolated,ours,27,5,place_ms,0.002304,recorder
20260925-072918_perlmutter_cb90a27f,ours_l01_s1_pv2_r2_pv3c_eps05_trace-a2e8ab_b16_k8_isolated,isolated,ours,27,6,place_ms,0.002304,recorder
20260925-072918_perlmutter_cb90a27f,ours_l01_s1_pv2_r2_pv3c_eps05_trace-a2e8ab_b16_k8_isolated,isolated,ours,27,7,place_ms,0.002304,recorder
20260925-072918_perlmutter_cb90a27f,ours_l01_s1_pv2_r2_pv3c_eps05_trace-a2e8ab_b16_k8_isolated,isolated,ours,27,8,place_ms,0.002304,recorder
20260925-072918_perlmutter_cb90a27f,ours_l01_s1_pv2_r2_pv3c_eps05_trace-a2e8ab_b16_k8_isolated,isolated,ours,27,9,place_ms,0.002304,recorder
20260925-072918_perlmutter_cb90a27f,ours_l01_s1_pv2_r2_pv3c_eps05_trace-a2e8ab_b16_k8_isolated,isolated,ours,27,0,plan_ms,1.98928,recorder
20260925-072918_perlmutter_cb90a27f,ours_l01_s1_pv2_r2_pv3c_eps05_trace-a2e8ab_b16_k8_isolated,isolated,ours,27,1,plan_ms,1.98512,recorder
20260925-072918_perlmutter_cb90a27f,ours_l01_s1_pv2_r2_pv3c_eps05_trace-a2e8ab_b16_k8_isolated,isolated,ours,27,2,plan_ms,2.036608,recorder
20260925-072918_perlmutter_cb90a27f,ours_l01_s1_pv2_r2_pv3c_eps05_trace-a2e8ab_b16_k8_isolated,isolated,ours,27,3,plan_ms,1.959616,recorder
20260925-072918_perlmutter_cb90a27f,ours_l01_s1_pv2_r2_pv3c_eps05_trace-a2e8ab_b16_k8_isolated,isolated,ours,27,4,plan_ms,1.962048,recorder
20260925-072918_perlmutter_cb90a27f,ours_l01_s1_pv2_r2_pv3c_eps05_trace-a2e8ab_b16_k8_isolated,isolated,ours,27,5,plan_ms,2.0248,recorder
20260925-072918_perlmutter_cb90a27f,ours_l01_s1_pv2_r2_pv3c_eps05_trace-a2e8ab_b16_k8_isolated,isolated,ours,27,6,plan_ms,2.004544,recorder
20260925-072918_perlmutter_cb90a27f,ours_l01_s1_pv2_r2_pv3c_eps05_trace-a2e8ab_b16_k8_isolated,isolated,ours,27,7,plan_ms,1.968064,recorder
20260925-072918_perlmutter_cb90a27f,ours_l01_s1_pv2_r2_pv3c_eps05_trace-a2e8ab_b16_k8_isolated,isolated,ours,27,8,plan_ms,2.107488,recorder
20260925-072918_perlmutter_cb90a27f,ours_l01_s1_pv2_r2_pv3c_eps05_trace-a2e8ab_b16_k8_isolated,isolated,ours,27,9,plan_ms,1.99152,recorder
20260925-072918_perlmutter_cb90a27f,ours_l01_s1_pv2_r2_pv3c_eps05_trace-a2e8ab_b16_k8_isolated,isolated,ours,27,0,total_ms,501.19101,recorder
20260925-072918_perlmutter_cb90a27f,ours_l01_s1_pv2_r2_pv3c_eps05_trace-a2e8ab_b16_k8_isolated,isolated,ours,27,1,total_ms,350.559052,recorder
20260925-072918_perlmutter_cb90a27f,ours_l01_s1_pv2_r2_pv3c_eps05_trace-a2e8ab_b16_k8_isolated,isolated,ours,27,2,total_ms,23.021984,recorder
20260925-072918_perlmutter_cb90a27f,ours_l01_s1_pv2_r2_pv3c_eps05_trace-a2e8ab_b16_k8_isolated,isolated,ours,27,3,total_ms,501.1745,recorder
20260925-072918_perlmutter_cb90a27f,ours_l01_s1_pv2_r2_pv3c_eps05_trace-a2e8ab_b16_k8_isolated,isolated,ours,27,4,total_ms,442.755554,recorder
20260925-072918_perlmutter_cb90a27f,ours_l01_s1_pv2_r2_pv3c_eps05_trace-a2e8ab_b16_k8_isolated,isolated,ours,27,5,total_ms,25.403423,recorder
20260925-072918_perlmutter_cb90a27f,ours_l01_s1_pv2_r2_pv3c_eps05_trace-a2e8ab_b16_k8_isolated,isolated,ours,27,6,total_ms,24.346975,recorder
20260925-072918_perlmutter_cb90a27f,ours_l01_s1_pv2_r2_pv3c_eps05_trace-a2e8ab_b16_k8_isolated,isolated,ours,27,7,total_ms,495.539368,recorder
20260925-072918_perlmutter_cb90a27f,ours_l01_s1_pv2_r2_pv3c_eps05_trace-a2e8ab_b16_k8_isolated,isolated,ours,27,8,total_ms,22.877825,recorder
20260925-072918_perlmutter_cb90a27f,ours_l01_s1_pv2_r2_pv3c_eps05_trace-a2e8ab_b16_k8_isolated,isolated,ours,27,9,total_ms,352.326538,recorder
20260925-072918_perlmutter_cb90a27f,ours_l01_s1_pv2_r2_pv3c_eps05_trace-a2e8ab_b16_k8_isolated,isolated,ours,27,0,iso_sync_ms,19.403099,recorder
20260925-072918_perlmutter_cb90a27f,ours_l01_s1_pv2_r2_pv3c_eps05_trace-a2e8ab_b16_k8_isolated,isolated,ours,27,1,iso_sync_ms,498.426209,recorder
20260925-072918_perlmutter_cb90a27f,ours_l01_s1_pv2_r2_pv3c_eps05_trace-a2e8ab_b16_k8_isolated,isolated,ours,27,2,iso_sync_ms,346.379189,recorder
20260925-072918_perlmutter_cb90a27f,ours_l01_s1_pv2_r2_pv3c_eps05_trace-a2e8ab_b16_k8_isolated,isolated,ours,27,3,iso_sync_ms,18.061702,recorder
20260925-072918_perlmutter_cb90a27f,ours_l01_s1_pv2_r2_pv3c_eps05_trace-a2e8ab_b16_k8_isolated,isolated,ours,27,4,iso_sync_ms,497.623861,recorder
20260925-072918_perlmutter_cb90a27f,ours_l01_s1_pv2_r2_pv3c_eps05_trace-a2e8ab_b16_k8_isolated,isolated,ours,27,5,iso_sync_ms,438.872159,recorder
20260925-072918_perlmutter_cb90a27f,ours_l01_s1_pv2_r2_pv3c_eps05_trace-a2e8ab_b16_k8_isolated,isolated,ours,27,6,iso_sync_ms,21.023174,recorder
20260925-072918_perlmutter_cb90a27f,ours_l01_s1_pv2_r2_pv3c_eps05_trace-a2e8ab_b16_k8_isolated,isolated,ours,27,7,iso_sync_ms,20.256576,recorder
20260925-072918_perlmutter_cb90a27f,ours_l01_s1_pv2_r2_pv3c_eps05_trace-a2e8ab_b16_k8_isolated,isolated,ours,27,8,iso_sync_ms,491.877095,recorder
20260925-072918_perlmutter_cb90a27f,ours_l01_s1_pv2_r2_pv3c_eps05_trace-a2e8ab_b16_k8_isolated,isolated,ours,27,9,iso_sync_ms,18.243633,recorder
20260925-072918_perlmutter_cb90a27f,ours_l01_s1_pv2_r2_pv3c_eps05_trace-a2e8ab_b16_k8_isolated,isolated,ours,28,0,e2e_ms,498.678253,recorder
20260925-072918_perlmutter_cb90a27f,ours_l01_s1_pv2_r2_pv3c_eps05_trace-a2e8ab_b16_k8_isolated,isolated,ours,28,1,e2e_ms,347.865082,recorder
20260925-072918_perlmutter_cb90a27f,ours_l01_s1_pv2_r2_pv3c_eps05_trace-a2e8ab_b16_k8_isolated,isolated,ours,28,2,e2e_ms,20.15744,recorder
20260925-072918_perlmutter_cb90a27f,ours_l01_s1_pv2_r2_pv3c_eps05_trace-a2e8ab_b16_k8_isolated,isolated,ours,28,3,e2e_ms,498.6138,recorder
20260925-072918_perlmutter_cb90a27f,ours_l01_s1_pv2_r2_pv3c_eps05_trace-a2e8ab_b16_k8_isolated,isolated,ours,28,4,e2e_ms,440.114899,recorder
20260925-072918_perlmutter_cb90a27f,ours_l01_s1_pv2_r2_pv3c_eps05_trace-a2e8ab_b16_k8_isolated,isolated,ours,28,5,e2e_ms,22.552032,recorder
20260925-072918_perlmutter_cb90a27f,ours_l01_s1_pv2_r2_pv3c_eps05_trace-a2e8ab_b16_k8_isolated,isolated,ours,28,6,e2e_ms,21.795391,recorder
20260925-072918_perlmutter_cb90a27f,ours_l01_s1_pv2_r2_pv3c_eps05_trace-a2e8ab_b16_k8_isolated,isolated,ours,28,7,e2e_ms,492.879578,recorder
20260925-072918_perlmutter_cb90a27f,ours_l01_s1_pv2_r2_pv3c_eps05_trace-a2e8ab_b16_k8_isolated,isolated,ours,28,8,e2e_ms,19.981792,recorder
20260925-072918_perlmutter_cb90a27f,ours_l01_s1_pv2_r2_pv3c_eps05_trace-a2e8ab_b16_k8_isolated,isolated,ours,28,9,e2e_ms,349.724609,recorder
20260925-072918_perlmutter_cb90a27f,ours_l01_s1_pv2_r2_pv3c_eps05_trace-a2e8ab_b16_k8_isolated,isolated,ours,28,0,l0_ms,10.605696,recorder
20260925-072918_perlmutter_cb90a27f,ours_l01_s1_pv2_r2_pv3c_eps05_trace-a2e8ab_b16_k8_isolated,isolated,ours,28,1,l0_ms,10.59184,recorder
20260925-072918_perlmutter_cb90a27f,ours_l01_s1_pv2_r2_pv3c_eps05_trace-a2e8ab_b16_k8_isolated,isolated,ours,28,2,l0_ms,10.473184,recorder
20260925-072918_perlmutter_cb90a27f,ours_l01_s1_pv2_r2_pv3c_eps05_trace-a2e8ab_b16_k8_isolated,isolated,ours,28,3,l0_ms,11.923296,recorder
20260925-072918_perlmutter_cb90a27f,ours_l01_s1_pv2_r2_pv3c_eps05_trace-a2e8ab_b16_k8_isolated,isolated,ours,28,4,l0_ms,11.930272,recorder
20260925-072918_perlmutter_cb90a27f,ours_l01_s1_pv2_r2_pv3c_eps05_trace-a2e8ab_b16_k8_isolated,isolated,ours,28,5,l0_ms,11.11312,recorder
20260925-072918_perlmutter_cb90a27f,ours_l01_s1_pv2_r2_pv3c_eps05_trace-a2e8ab_b16_k8_isolated,isolated,ours,28,6,l0_ms,11.43104,recorder
20260925-072918_perlmutter_cb90a27f,ours_l01_s1_pv2_r2_pv3c_eps05_trace-a2e8ab_b16_k8_isolated,isolated,ours,28,7,l0_ms,9.7024,recorder
20260925-072918_perlmutter_cb90a27f,ours_l01_s1_pv2_r2_pv3c_eps05_trace-a2e8ab_b16_k8_isolated,isolated,ours,28,8,l0_ms,10.179936,recorder
20260925-072918_perlmutter_cb90a27f,ours_l01_s1_pv2_r2_pv3c_eps05_trace-a2e8ab_b16_k8_isolated,isolated,ours,28,9,l0_ms,10.38768,recorder
20260925-072918_perlmutter_cb90a27f,ours_l01_s1_pv2_r2_pv3c_eps05_trace-a2e8ab_b16_k8_isolated,isolated,ours,28,0,act_ms,0.09872,recorder
20260925-072918_perlmutter_cb90a27f,ours_l01_s1_pv2_r2_pv3c_eps05_trace-a2e8ab_b16_k8_isolated,isolated,ours,28,1,act_ms,0.099392,recorder
20260925-072918_perlmutter_cb90a27f,ours_l01_s1_pv2_r2_pv3c_eps05_trace-a2e8ab_b16_k8_isolated,isolated,ours,28,2,act_ms,0.099104,recorder
20260925-072918_perlmutter_cb90a27f,ours_l01_s1_pv2_r2_pv3c_eps05_trace-a2e8ab_b16_k8_isolated,isolated,ours,28,3,act_ms,0.10144,recorder
20260925-072918_perlmutter_cb90a27f,ours_l01_s1_pv2_r2_pv3c_eps05_trace-a2e8ab_b16_k8_isolated,isolated,ours,28,4,act_ms,0.098816,recorder
20260925-072918_perlmutter_cb90a27f,ours_l01_s1_pv2_r2_pv3c_eps05_trace-a2e8ab_b16_k8_isolated,isolated,ours,28,5,act_ms,0.099648,recorder
20260925-072918_perlmutter_cb90a27f,ours_l01_s1_pv2_r2_pv3c_eps05_trace-a2e8ab_b16_k8_isolated,isolated,ours,28,6,act_ms,0.098656,recorder
20260925-072918_perlmutter_cb90a27f,ours_l01_s1_pv2_r2_pv3c_eps05_trace-a2e8ab_b16_k8_isolated,isolated,ours,28,7,act_ms,0.099008,recorder
20260925-072918_perlmutter_cb90a27f,ours_l01_s1_pv2_r2_pv3c_eps05_trace-a2e8ab_b16_k8_isolated,isolated,ours,28,8,act_ms,0.099456,recorder
20260925-072918_perlmutter_cb90a27f,ours_l01_s1_pv2_r2_pv3c_eps05_trace-a2e8ab_b16_k8_isolated,isolated,ours,28,9,act_ms,0.105248,recorder
20260925-072918_perlmutter_cb90a27f,ours_l01_s1_pv2_r2_pv3c_eps05_trace-a2e8ab_b16_k8_isolated,isolated,ours,28,0,l1_ms,487.973816,recorder
20260925-072918_perlmutter_cb90a27f,ours_l01_s1_pv2_r2_pv3c_eps05_trace-a2e8ab_b16_k8_isolated,isolated,ours,28,1,l1_ms,337.173859,recorder
20260925-072918_perlmutter_cb90a27f,ours_l01_s1_pv2_r2_pv3c_eps05_trace-a2e8ab_b16_k8_isolated,isolated,ours,28,2,l1_ms,9.585152,recorder
20260925-072918_perlmutter_cb90a27f,ours_l01_s1_pv2_r2_pv3c_eps05_trace-a2e8ab_b16_k8_isolated,isolated,ours,28,3,l1_ms,486.58905,recorder
20260925-072918_perlmutter_cb90a27f,ours_l01_s1_pv2_r2_pv3c_eps05_trace-a2e8ab_b16_k8_isolated,isolated,ours,28,4,l1_ms,428.085815,recorder
20260925-072918_perlmutter_cb90a27f,ours_l01_s1_pv2_r2_pv3c_eps05_trace-a2e8ab_b16_k8_isolated,isolated,ours,28,5,l1_ms,11.339264,recorder
20260925-072918_perlmutter_cb90a27f,ours_l01_s1_pv2_r2_pv3c_eps05_trace-a2e8ab_b16_k8_isolated,isolated,ours,28,6,l1_ms,10.265696,recorder
20260925-072918_perlmutter_cb90a27f,ours_l01_s1_pv2_r2_pv3c_eps05_trace-a2e8ab_b16_k8_isolated,isolated,ours,28,7,l1_ms,483.078186,recorder
20260925-072918_perlmutter_cb90a27f,ours_l01_s1_pv2_r2_pv3c_eps05_trace-a2e8ab_b16_k8_isolated,isolated,ours,28,8,l1_ms,9.7024,recorder
20260925-072918_perlmutter_cb90a27f,ours_l01_s1_pv2_r2_pv3c_eps05_trace-a2e8ab_b16_k8_isolated,isolated,ours,28,9,l1_ms,339.231689,recorder
20260925-072918_perlmutter_cb90a27f,ours_l01_s1_pv2_r2_pv3c_eps05_trace-a2e8ab_b16_k8_isolated,isolated,ours,28,0,plan_comm_ms,0.577504,recorder
20260925-072918_perlmutter_cb90a27f,ours_l01_s1_pv2_r2_pv3c_eps05_trace-a2e8ab_b16_k8_isolated,isolated,ours,28,1,plan_comm_ms,0.897248,recorder
20260925-072918_perlmutter_cb90a27f,ours_l01_s1_pv2_r2_pv3c_eps05_trace-a2e8ab_b16_k8_isolated,isolated,ours,28,2,plan_comm_ms,0.872544,recorder
20260925-072918_perlmutter_cb90a27f,ours_l01_s1_pv2_r2_pv3c_eps05_trace-a2e8ab_b16_k8_isolated,isolated,ours,28,3,plan_comm_ms,0.602112,recorder
20260925-072918_perlmutter_cb90a27f,ours_l01_s1_pv2_r2_pv3c_eps05_trace-a2e8ab_b16_k8_isolated,isolated,ours,28,4,plan_comm_ms,0.604672,recorder
20260925-072918_perlmutter_cb90a27f,ours_l01_s1_pv2_r2_pv3c_eps05_trace-a2e8ab_b16_k8_isolated,isolated,ours,28,5,plan_comm_ms,0.88592,recorder
20260925-072918_perlmutter_cb90a27f,ours_l01_s1_pv2_r2_pv3c_eps05_trace-a2e8ab_b16_k8_isolated,isolated,ours,28,6,plan_comm_ms,0.575744,recorder
20260925-072918_perlmutter_cb90a27f,ours_l01_s1_pv2_r2_pv3c_eps05_trace-a2e8ab_b16_k8_isolated,isolated,ours,28,7,plan_comm_ms,0.691264,recorder
20260925-072918_perlmutter_cb90a27f,ours_l01_s1_pv2_r2_pv3c_eps05_trace-a2e8ab_b16_k8_isolated,isolated,ours,28,8,plan_comm_ms,0.926624,recorder
20260925-072918_perlmutter_cb90a27f,ours_l01_s1_pv2_r2_pv3c_eps05_trace-a2e8ab_b16_k8_isolated,isolated,ours,28,9,plan_comm_ms,0.651008,recorder
20260925-072918_perlmutter_cb90a27f,ours_l01_s1_pv2_r2_pv3c_eps05_trace-a2e8ab_b16_k8_isolated,isolated,ours,28,0,place_ms,0.002336,recorder
20260925-072918_perlmutter_cb90a27f,ours_l01_s1_pv2_r2_pv3c_eps05_trace-a2e8ab_b16_k8_isolated,isolated,ours,28,1,place_ms,0.002336,recorder
20260925-072918_perlmutter_cb90a27f,ours_l01_s1_pv2_r2_pv3c_eps05_trace-a2e8ab_b16_k8_isolated,isolated,ours,28,2,place_ms,0.002336,recorder
20260925-072918_perlmutter_cb90a27f,ours_l01_s1_pv2_r2_pv3c_eps05_trace-a2e8ab_b16_k8_isolated,isolated,ours,28,3,place_ms,0.002368,recorder
20260925-072918_perlmutter_cb90a27f,ours_l01_s1_pv2_r2_pv3c_eps05_trace-a2e8ab_b16_k8_isolated,isolated,ours,28,4,place_ms,0.002336,recorder
20260925-072918_perlmutter_cb90a27f,ours_l01_s1_pv2_r2_pv3c_eps05_trace-a2e8ab_b16_k8_isolated,isolated,ours,28,5,place_ms,0.002464,recorder
20260925-072918_perlmutter_cb90a27f,ours_l01_s1_pv2_r2_pv3c_eps05_trace-a2e8ab_b16_k8_isolated,isolated,ours,28,6,place_ms,0.002336,recorder
20260925-072918_perlmutter_cb90a27f,ours_l01_s1_pv2_r2_pv3c_eps05_trace-a2e8ab_b16_k8_isolated,isolated,ours,28,7,place_ms,0.002336,recorder
20260925-072918_perlmutter_cb90a27f,ours_l01_s1_pv2_r2_pv3c_eps05_trace-a2e8ab_b16_k8_isolated,isolated,ours,28,8,place_ms,0.002336,recorder
20260925-072918_perlmutter_cb90a27f,ours_l01_s1_pv2_r2_pv3c_eps05_trace-a2e8ab_b16_k8_isolated,isolated,ours,28,9,place_ms,0.002336,recorder
20260925-072918_perlmutter_cb90a27f,ours_l01_s1_pv2_r2_pv3c_eps05_trace-a2e8ab_b16_k8_isolated,isolated,ours,28,0,plan_ms,1.937344,recorder
20260925-072918_perlmutter_cb90a27f,ours_l01_s1_pv2_r2_pv3c_eps05_trace-a2e8ab_b16_k8_isolated,isolated,ours,28,1,plan_ms,1.926656,recorder
20260925-072918_perlmutter_cb90a27f,ours_l01_s1_pv2_r2_pv3c_eps05_trace-a2e8ab_b16_k8_isolated,isolated,ours,28,2,plan_ms,1.979104,recorder
20260925-072918_perlmutter_cb90a27f,ours_l01_s1_pv2_r2_pv3c_eps05_trace-a2e8ab_b16_k8_isolated,isolated,ours,28,3,plan_ms,1.939872,recorder
20260925-072918_perlmutter_cb90a27f,ours_l01_s1_pv2_r2_pv3c_eps05_trace-a2e8ab_b16_k8_isolated,isolated,ours,28,4,plan_ms,1.94208,recorder
20260925-072918_perlmutter_cb90a27f,ours_l01_s1_pv2_r2_pv3c_eps05_trace-a2e8ab_b16_k8_isolated,isolated,ours,28,5,plan_ms,1.954176,recorder
20260925-072918_perlmutter_cb90a27f,ours_l01_s1_pv2_r2_pv3c_eps05_trace-a2e8ab_b16_k8_isolated,isolated,ours,28,6,plan_ms,1.954176,recorder
20260925-072918_perlmutter_cb90a27f,ours_l01_s1_pv2_r2_pv3c_eps05_trace-a2e8ab_b16_k8_isolated,isolated,ours,28,7,plan_ms,1.918368,recorder
20260925-072918_perlmutter_cb90a27f,ours_l01_s1_pv2_r2_pv3c_eps05_trace-a2e8ab_b16_k8_isolated,isolated,ours,28,8,plan_ms,2.021888,recorder
20260925-072918_perlmutter_cb90a27f,ours_l01_s1_pv2_r2_pv3c_eps05_trace-a2e8ab_b16_k8_isolated,isolated,ours,28,9,plan_ms,1.922528,recorder
20260925-072918_perlmutter_cb90a27f,ours_l01_s1_pv2_r2_pv3c_eps05_trace-a2e8ab_b16_k8_isolated,isolated,ours,28,0,total_ms,501.204956,recorder
20260925-072918_perlmutter_cb90a27f,ours_l01_s1_pv2_r2_pv3c_eps05_trace-a2e8ab_b16_k8_isolated,isolated,ours,28,1,total_ms,350.700806,recorder
20260925-072918_perlmutter_cb90a27f,ours_l01_s1_pv2_r2_pv3c_eps05_trace-a2e8ab_b16_k8_isolated,isolated,ours,28,2,total_ms,23.021376,recorder
20260925-072918_perlmutter_cb90a27f,ours_l01_s1_pv2_r2_pv3c_eps05_trace-a2e8ab_b16_k8_isolated,isolated,ours,28,3,total_ms,501.167633,recorder
20260925-072918_perlmutter_cb90a27f,ours_l01_s1_pv2_r2_pv3c_eps05_trace-a2e8ab_b16_k8_isolated,isolated,ours,28,4,total_ms,442.673279,recorder
20260925-072918_perlmutter_cb90a27f,ours_l01_s1_pv2_r2_pv3c_eps05_trace-a2e8ab_b16_k8_isolated,isolated,ours,28,5,total_ms,25.403296,recorder
20260925-072918_perlmutter_cb90a27f,ours_l01_s1_pv2_r2_pv3c_eps05_trace-a2e8ab_b16_k8_isolated,isolated,ours,28,6,total_ms,24.337473,recorder
20260925-072918_perlmutter_cb90a27f,ours_l01_s1_pv2_r2_pv3c_eps05_trace-a2e8ab_b16_k8_isolated,isolated,ours,28,7,total_ms,495.500824,recorder
20260925-072918_perlmutter_cb90a27f,ours_l01_s1_pv2_r2_pv3c_eps05_trace-a2e8ab_b16_k8_isolated,isolated,ours,28,8,total_ms,22.94224,recorder
20260925-072918_perlmutter_cb90a27f,ours_l01_s1_pv2_r2_pv3c_eps05_trace-a2e8ab_b16_k8_isolated,isolated,ours,28,9,total_ms,352.310211,recorder
20260925-072918_perlmutter_cb90a27f,ours_l01_s1_pv2_r2_pv3c_eps05_trace-a2e8ab_b16_k8_isolated,isolated,ours,28,0,iso_sync_ms,19.432644,recorder
20260925-072918_perlmutter_cb90a27f,ours_l01_s1_pv2_r2_pv3c_eps05_trace-a2e8ab_b16_k8_isolated,isolated,ours,28,1,iso_sync_ms,498.274677,recorder
20260925-072918_perlmutter_cb90a27f,ours_l01_s1_pv2_r2_pv3c_eps05_trace-a2e8ab_b16_k8_isolated,isolated,ours,28,2,iso_sync_ms,346.741371,recorder
20260925-072918_perlmutter_cb90a27f,ours_l01_s1_pv2_r2_pv3c_eps05_trace-a2e8ab_b16_k8_isolated,isolated,ours,28,3,iso_sync_ms,18.652202,recorder
20260925-072918_perlmutter_cb90a27f,ours_l01_s1_pv2_r2_pv3c_eps05_trace-a2e8ab_b16_k8_isolated,isolated,ours,28,4,iso_sync_ms,497.638865,recorder
20260925-072918_perlmutter_cb90a27f,ours_l01_s1_pv2_r2_pv3c_eps05_trace-a2e8ab_b16_k8_isolated,isolated,ours,28,5,iso_sync_ms,438.149873,recorder
20260925-072918_perlmutter_cb90a27f,ours_l01_s1_pv2_r2_pv3c_eps05_trace-a2e8ab_b16_k8_isolated,isolated,ours,28,6,iso_sync_ms,20.878216,recorder
20260925-072918_perlmutter_cb90a27f,ours_l01_s1_pv2_r2_pv3c_eps05_trace-a2e8ab_b16_k8_isolated,isolated,ours,28,7,iso_sync_ms,20.232033,recorder
20260925-072918_perlmutter_cb90a27f,ours_l01_s1_pv2_r2_pv3c_eps05_trace-a2e8ab_b16_k8_isolated,isolated,ours,28,8,iso_sync_ms,491.950573,recorder
20260925-072918_perlmutter_cb90a27f,ours_l01_s1_pv2_r2_pv3c_eps05_trace-a2e8ab_b16_k8_isolated,isolated,ours,28,9,iso_sync_ms,18.527571,recorder
20260925-072918_perlmutter_cb90a27f,ours_l01_s1_pv2_r2_pv3c_eps05_trace-a2e8ab_b16_k8_isolated,isolated,ours,29,0,e2e_ms,498.667603,recorder
20260925-072918_perlmutter_cb90a27f,ours_l01_s1_pv2_r2_pv3c_eps05_trace-a2e8ab_b16_k8_isolated,isolated,ours,29,1,e2e_ms,347.851379,recorder
20260925-072918_perlmutter_cb90a27f,ours_l01_s1_pv2_r2_pv3c_eps05_trace-a2e8ab_b16_k8_isolated,isolated,ours,29,2,e2e_ms,20.166208,recorder
20260925-072918_perlmutter_cb90a27f,ours_l01_s1_pv2_r2_pv3c_eps05_trace-a2e8ab_b16_k8_isolated,isolated,ours,29,3,e2e_ms,498.568024,recorder
20260925-072918_perlmutter_cb90a27f,ours_l01_s1_pv2_r2_pv3c_eps05_trace-a2e8ab_b16_k8_isolated,isolated,ours,29,4,e2e_ms,440.122528,recorder
20260925-072918_perlmutter_cb90a27f,ours_l01_s1_pv2_r2_pv3c_eps05_trace-a2e8ab_b16_k8_isolated,isolated,ours,29,5,e2e_ms,22.517952,recorder
20260925-072918_perlmutter_cb90a27f,ours_l01_s1_pv2_r2_pv3c_eps05_trace-a2e8ab_b16_k8_isolated,isolated,ours,29,6,e2e_ms,21.78112,recorder
20260925-072918_perlmutter_cb90a27f,ours_l01_s1_pv2_r2_pv3c_eps05_trace-a2e8ab_b16_k8_isolated,isolated,ours,29,7,e2e_ms,492.924164,recorder
20260925-072918_perlmutter_cb90a27f,ours_l01_s1_pv2_r2_pv3c_eps05_trace-a2e8ab_b16_k8_isolated,isolated,ours,29,8,e2e_ms,19.94128,recorder
20260925-072918_perlmutter_cb90a27f,ours_l01_s1_pv2_r2_pv3c_eps05_trace-a2e8ab_b16_k8_isolated,isolated,ours,29,9,e2e_ms,349.686401,recorder
20260925-072918_perlmutter_cb90a27f,ours_l01_s1_pv2_r2_pv3c_eps05_trace-a2e8ab_b16_k8_isolated,isolated,ours,29,0,l0_ms,10.587552,recorder
20260925-072918_perlmutter_cb90a27f,ours_l01_s1_pv2_r2_pv3c_eps05_trace-a2e8ab_b16_k8_isolated,isolated,ours,29,1,l0_ms,10.608032,recorder
20260925-072918_perlmutter_cb90a27f,ours_l01_s1_pv2_r2_pv3c_eps05_trace-a2e8ab_b16_k8_isolated,isolated,ours,29,2,l0_ms,10.471296,recorder
20260925-072918_perlmutter_cb90a27f,ours_l01_s1_pv2_r2_pv3c_eps05_trace-a2e8ab_b16_k8_isolated,isolated,ours,29,3,l0_ms,11.93712,recorder
20260925-072918_perlmutter_cb90a27f,ours_l01_s1_pv2_r2_pv3c_eps05_trace-a2e8ab_b16_k8_isolated,isolated,ours,29,4,l0_ms,11.93152,recorder
20260925-072918_perlmutter_cb90a27f,ours_l01_s1_pv2_r2_pv3c_eps05_trace-a2e8ab_b16_k8_isolated,isolated,ours,29,5,l0_ms,11.080256,recorder
20260925-072918_perlmutter_cb90a27f,ours_l01_s1_pv2_r2_pv3c_eps05_trace-a2e8ab_b16_k8_isolated,isolated,ours,29,6,l0_ms,11.427488,recorder
20260925-072918_perlmutter_cb90a27f,ours_l01_s1_pv2_r2_pv3c_eps05_trace-a2e8ab_b16_k8_isolated,isolated,ours,29,7,l0_ms,9.709312,recorder
20260925-072918_perlmutter_cb90a27f,ours_l01_s1_pv2_r2_pv3c_eps05_trace-a2e8ab_b16_k8_isolated,isolated,ours,29,8,l0_ms,10.144704,recorder
20260925-072918_perlmutter_cb90a27f,ours_l01_s1_pv2_r2_pv3c_eps05_trace-a2e8ab_b16_k8_isolated,isolated,ours,29,9,l0_ms,10.36112,recorder
20260925-072918_perlmutter_cb90a27f,ours_l01_s1_pv2_r2_pv3c_eps05_trace-a2e8ab_b16_k8_isolated,isolated,ours,29,0,act_ms,0.10368,recorder
20260925-072918_perlmutter_cb90a27f,ours_l01_s1_pv2_r2_pv3c_eps05_trace-a2e8ab_b16_k8_isolated,isolated,ours,29,1,act_ms,0.111968,recorder
20260925-072918_perlmutter_cb90a27f,ours_l01_s1_pv2_r2_pv3c_eps05_trace-a2e8ab_b16_k8_isolated,isolated,ours,29,2,act_ms,0.108032,recorder
20260925-072918_perlmutter_cb90a27f,ours_l01_s1_pv2_r2_pv3c_eps05_trace-a2e8ab_b16_k8_isolated,isolated,ours,29,3,act_ms,0.111104,recorder
20260925-072918_perlmutter_cb90a27f,ours_l01_s1_pv2_r2_pv3c_eps05_trace-a2e8ab_b16_k8_isolated,isolated,ours,29,4,act_ms,0.104032,recorder
20260925-072918_perlmutter_cb90a27f,ours_l01_s1_pv2_r2_pv3c_eps05_trace-a2e8ab_b16_k8_isolated,isolated,ours,29,5,act_ms,0.102976,recorder
20260925-072918_perlmutter_cb90a27f,ours_l01_s1_pv2_r2_pv3c_eps05_trace-a2e8ab_b16_k8_isolated,isolated,ours,29,6,act_ms,0.1128,recorder
20260925-072918_perlmutter_cb90a27f,ours_l01_s1_pv2_r2_pv3c_eps05_trace-a2e8ab_b16_k8_isolated,isolated,ours,29,7,act_ms,0.104096,recorder
20260925-072918_perlmutter_cb90a27f,ours_l01_s1_pv2_r2_pv3c_eps05_trace-a2e8ab_b16_k8_isolated,isolated,ours,29,8,act_ms,0.108832,recorder
20260925-072918_perlmutter_cb90a27f,ours_l01_s1_pv2_r2_pv3c_eps05_trace-a2e8ab_b16_k8_isolated,isolated,ours,29,9,act_ms,0.105376,recorder
20260925-072918_perlmutter_cb90a27f,ours_l01_s1_pv2_r2_pv3c_eps05_trace-a2e8ab_b16_k8_isolated,isolated,ours,29,0,l1_ms,487.976379,recorder
20260925-072918_perlmutter_cb90a27f,ours_l01_s1_pv2_r2_pv3c_eps05_trace-a2e8ab_b16_k8_isolated,isolated,ours,29,1,l1_ms,337.131378,recorder
20260925-072918_perlmutter_cb90a27f,ours_l01_s1_pv2_r2_pv3c_eps05_trace-a2e8ab_b16_k8_isolated,isolated,ours,29,2,l1_ms,9.58688,recorder
20260925-072918_perlmutter_cb90a27f,ours_l01_s1_pv2_r2_pv3c_eps05_trace-a2e8ab_b16_k8_isolated,isolated,ours,29,3,l1_ms,486.519806,recorder
20260925-072918_perlmutter_cb90a27f,ours_l01_s1_pv2_r2_pv3c_eps05_trace-a2e8ab_b16_k8_isolated,isolated,ours,29,4,l1_ms,428.086975,recorder
20260925-072918_perlmutter_cb90a27f,ours_l01_s1_pv2_r2_pv3c_eps05_trace-a2e8ab_b16_k8_isolated,isolated,ours,29,5,l1_ms,11.33472,recorder
20260925-072918_perlmutter_cb90a27f,ours_l01_s1_pv2_r2_pv3c_eps05_trace-a2e8ab_b16_k8_isolated,isolated,ours,29,6,l1_ms,10.240832,recorder
20260925-072918_perlmutter_cb90a27f,ours_l01_s1_pv2_r2_pv3c_eps05_trace-a2e8ab_b16_k8_isolated,isolated,ours,29,7,l1_ms,483.110748,recorder
20260925-072918_perlmutter_cb90a27f,ours_l01_s1_pv2_r2_pv3c_eps05_trace-a2e8ab_b16_k8_isolated,isolated,ours,29,8,l1_ms,9.687744,recorder
20260925-072918_perlmutter_cb90a27f,ours_l01_s1_pv2_r2_pv3c_eps05_trace-a2e8ab_b16_k8_isolated,isolated,ours,29,9,l1_ms,339.21991,recorder
20260925-072918_perlmutter_cb90a27f,ours_l01_s1_pv2_r2_pv3c_eps05_trace-a2e8ab_b16_k8_isolated,isolated,ours,29,0,plan_comm_ms,0.58,recorder
20260925-072918_perlmutter_cb90a27f,ours_l01_s1_pv2_r2_pv3c_eps05_trace-a2e8ab_b16_k8_isolated,isolated,ours,29,1,plan_comm_ms,0.898304,recorder
20260925-072918_perlmutter_cb90a27f,ours_l01_s1_pv2_r2_pv3c_eps05_trace-a2e8ab_b16_k8_isolated,isolated,ours,29,2,plan_comm_ms,0.876512,recorder
20260925-072918_perlmutter_cb90a27f,ours_l01_s1_pv2_r2_pv3c_eps05_trace-a2e8ab_b16_k8_isolated,isolated,ours,29,3,plan_comm_ms,0.602112,recorder
20260925-072918_perlmutter_cb90a27f,ours_l01_s1_pv2_r2_pv3c_eps05_trace-a2e8ab_b16_k8_isolated,isolated,ours,29,4,plan_comm_ms,0.572736,recorder
20260925-072918_perlmutter_cb90a27f,ours_l01_s1_pv2_r2_pv3c_eps05_trace-a2e8ab_b16_k8_isolated,isolated,ours,29,5,plan_comm_ms,0.76656,recorder
20260925-072918_perlmutter_cb90a27f,ours_l01_s1_pv2_r2_pv3c_eps05_trace-a2e8ab_b16_k8_isolated,isolated,ours,29,6,plan_comm_ms,0.587296,recorder
20260925-072918_perlmutter_cb90a27f,ours_l01_s1_pv2_r2_pv3c_eps05_trace-a2e8ab_b16_k8_isolated,isolated,ours,29,7,plan_comm_ms,0.693088,recorder
20260925-072918_perlmutter_cb90a27f,ours_l01_s1_pv2_r2_pv3c_eps05_trace-a2e8ab_b16_k8_isolated,isolated,ours,29,8,plan_comm_ms,0.832704,recorder
20260925-072918_perlmutter_cb90a27f,ours_l01_s1_pv2_r2_pv3c_eps05_trace-a2e8ab_b16_k8_isolated,isolated,ours,29,9,plan_comm_ms,0.652416,recorder
20260925-072918_perlmutter_cb90a27f,ours_l01_s1_pv2_r2_pv3c_eps05_trace-a2e8ab_b16_k8_isolated,isolated,ours,29,0,place_ms,0.002304,recorder
20260925-072918_perlmutter_cb90a27f,ours_l01_s1_pv2_r2_pv3c_eps05_trace-a2e8ab_b16_k8_isolated,isolated,ours,29,1,place_ms,0.002368,recorder
20260925-072918_perlmutter_cb90a27f,ours_l01_s1_pv2_r2_pv3c_eps05_trace-a2e8ab_b16_k8_isolated,isolated,ours,29,2,place_ms,0.002304,recorder
20260925-072918_perlmutter_cb90a27f,ours_l01_s1_pv2_r2_pv3c_eps05_trace-a2e8ab_b16_k8_isolated,isolated,ours,29,3,place_ms,0.002336,recorder
20260925-072918_perlmutter_cb90a27f,ours_l01_s1_pv2_r2_pv3c_eps05_trace-a2e8ab_b16_k8_isolated,isolated,ours,29,4,place_ms,0.002336,recorder
20260925-072918_perlmutter_cb90a27f,ours_l01_s1_pv2_r2_pv3c_eps05_trace-a2e8ab_b16_k8_isolated,isolated,ours,29,5,place_ms,0.002336,recorder
20260925-072918_perlmutter_cb90a27f,ours_l01_s1_pv2_r2_pv3c_eps05_trace-a2e8ab_b16_k8_isolated,isolated,ours,29,6,place_ms,0.002336,recorder
20260925-072918_perlmutter_cb90a27f,ours_l01_s1_pv2_r2_pv3c_eps05_trace-a2e8ab_b16_k8_isolated,isolated,ours,29,7,place_ms,0.002336,recorder
20260925-072918_perlmutter_cb90a27f,ours_l01_s1_pv2_r2_pv3c_eps05_trace-a2e8ab_b16_k8_isolated,isolated,ours,29,8,place_ms,0.002304,recorder
20260925-072918_perlmutter_cb90a27f,ours_l01_s1_pv2_r2_pv3c_eps05_trace-a2e8ab_b16_k8_isolated,isolated,ours,29,9,place_ms,0.002336,recorder
20260925-072918_perlmutter_cb90a27f,ours_l01_s1_pv2_r2_pv3c_eps05_trace-a2e8ab_b16_k8_isolated,isolated,ours,29,0,plan_ms,1.950912,recorder
20260925-072918_perlmutter_cb90a27f,ours_l01_s1_pv2_r2_pv3c_eps05_trace-a2e8ab_b16_k8_isolated,isolated,ours,29,1,plan_ms,1.913248,recorder
20260925-072918_perlmutter_cb90a27f,ours_l01_s1_pv2_r2_pv3c_eps05_trace-a2e8ab_b16_k8_isolated,isolated,ours,29,2,plan_ms,1.974432,recorder
20260925-072918_perlmutter_cb90a27f,ours_l01_s1_pv2_r2_pv3c_eps05_trace-a2e8ab_b16_k8_isolated,isolated,ours,29,3,plan_ms,1.929504,recorder
20260925-072918_perlmutter_cb90a27f,ours_l01_s1_pv2_r2_pv3c_eps05_trace-a2e8ab_b16_k8_isolated,isolated,ours,29,4,plan_ms,1.938784,recorder
20260925-072918_perlmutter_cb90a27f,ours_l01_s1_pv2_r2_pv3c_eps05_trace-a2e8ab_b16_k8_isolated,isolated,ours,29,5,plan_ms,1.974112,recorder
20260925-072918_perlmutter_cb90a27f,ours_l01_s1_pv2_r2_pv3c_eps05_trace-a2e8ab_b16_k8_isolated,isolated,ours,29,6,plan_ms,1.96016,recorder
20260925-072918_perlmutter_cb90a27f,ours_l01_s1_pv2_r2_pv3c_eps05_trace-a2e8ab_b16_k8_isolated,isolated,ours,29,7,plan_ms,1.927712,recorder
20260925-072918_perlmutter_cb90a27f,ours_l01_s1_pv2_r2_pv3c_eps05_trace-a2e8ab_b16_k8_isolated,isolated,ours,29,8,plan_ms,2.065088,recorder
20260925-072918_perlmutter_cb90a27f,ours_l01_s1_pv2_r2_pv3c_eps05_trace-a2e8ab_b16_k8_isolated,isolated,ours,29,9,plan_ms,1.944128,recorder
20260925-072918_perlmutter_cb90a27f,ours_l01_s1_pv2_r2_pv3c_eps05_trace-a2e8ab_b16_k8_isolated,isolated,ours,29,0,total_ms,501.209625,recorder
20260925-072918_perlmutter_cb90a27f,ours_l01_s1_pv2_r2_pv3c_eps05_trace-a2e8ab_b16_k8_isolated,isolated,ours,29,1,total_ms,350.674622,recorder
20260925-072918_perlmutter_cb90a27f,ours_l01_s1_pv2_r2_pv3c_eps05_trace-a2e8ab_b16_k8_isolated,isolated,ours,29,2,total_ms,23.028704,recorder
20260925-072918_perlmutter_cb90a27f,ours_l01_s1_pv2_r2_pv3c_eps05_trace-a2e8ab_b16_k8_isolated,isolated,ours,29,3,total_ms,501.111328,recorder
20260925-072918_perlmutter_cb90a27f,ours_l01_s1_pv2_r2_pv3c_eps05_trace-a2e8ab_b16_k8_isolated,isolated,ours,29,4,total_ms,442.64563,recorder
20260925-072918_perlmutter_cb90a27f,ours_l01_s1_pv2_r2_pv3c_eps05_trace-a2e8ab_b16_k8_isolated,isolated,ours,29,5,total_ms,25.28208,recorder
20260925-072918_perlmutter_cb90a27f,ours_l01_s1_pv2_r2_pv3c_eps05_trace-a2e8ab_b16_k8_isolated,isolated,ours,29,6,total_ms,24.340321,recorder
20260925-072918_perlmutter_cb90a27f,ours_l01_s1_pv2_r2_pv3c_eps05_trace-a2e8ab_b16_k8_isolated,isolated,ours,29,7,total_ms,495.557007,recorder
20260925-072918_perlmutter_cb90a27f,ours_l01_s1_pv2_r2_pv3c_eps05_trace-a2e8ab_b16_k8_isolated,isolated,ours,29,8,total_ms,22.851233,recorder
20260925-072918_perlmutter_cb90a27f,ours_l01_s1_pv2_r2_pv3c_eps05_trace-a2e8ab_b16_k8_isolated,isolated,ours,29,9,total_ms,352.294739,recorder
20260925-072918_perlmutter_cb90a27f,ours_l01_s1_pv2_r2_pv3c_eps05_trace-a2e8ab_b16_k8_isolated,isolated,ours,29,0,iso_sync_ms,19.388739,recorder
20260925-072918_perlmutter_cb90a27f,ours_l01_s1_pv2_r2_pv3c_eps05_trace-a2e8ab_b16_k8_isolated,isolated,ours,29,1,iso_sync_ms,498.401754,recorder
20260925-072918_perlmutter_cb90a27f,ours_l01_s1_pv2_r2_pv3c_eps05_trace-a2e8ab_b16_k8_isolated,isolated,ours,29,2,iso_sync_ms,346.742764,recorder
20260925-072918_perlmutter_cb90a27f,ours_l01_s1_pv2_r2_pv3c_eps05_trace-a2e8ab_b16_k8_isolated,isolated,ours,29,3,iso_sync_ms,18.77516,recorder
20260925-072918_perlmutter_cb90a27f,ours_l01_s1_pv2_r2_pv3c_eps05_trace-a2e8ab_b16_k8_isolated,isolated,ours,29,4,iso_sync_ms,497.665997,recorder
20260925-072918_perlmutter_cb90a27f,ours_l01_s1_pv2_r2_pv3c_eps05_trace-a2e8ab_b16_k8_isolated,isolated,ours,29,5,iso_sync_ms,438.613061,recorder
20260925-072918_perlmutter_cb90a27f,ours_l01_s1_pv2_r2_pv3c_eps05_trace-a2e8ab_b16_k8_isolated,isolated,ours,29,6,iso_sync_ms,20.921109,recorder
20260925-072918_perlmutter_cb90a27f,ours_l01_s1_pv2_r2_pv3c_eps05_trace-a2e8ab_b16_k8_isolated,isolated,ours,29,7,iso_sync_ms,20.280147,recorder
20260925-072918_perlmutter_cb90a27f,ours_l01_s1_pv2_r2_pv3c_eps05_trace-a2e8ab_b16_k8_isolated,isolated,ours,29,8,iso_sync_ms,492.052551,recorder
20260925-072918_perlmutter_cb90a27f,ours_l01_s1_pv2_r2_pv3c_eps05_trace-a2e8ab_b16_k8_isolated,isolated,ours,29,9,iso_sync_ms,17.907389,recorder
20260925-072918_perlmutter_cb90a27f,ours_l01_s1_pv2_r2_pv3c_eps05_trace-a2e8ab_b16_k8_isolated,isolated,ours,30,0,e2e_ms,498.697388,recorder
20260925-072918_perlmutter_cb90a27f,ours_l01_s1_pv2_r2_pv3c_eps05_trace-a2e8ab_b16_k8_isolated,isolated,ours,30,1,e2e_ms,347.794983,recorder
20260925-072918_perlmutter_cb90a27f,ours_l01_s1_pv2_r2_pv3c_eps05_trace-a2e8ab_b16_k8_isolated,isolated,ours,30,2,e2e_ms,20.148865,recorder
20260925-072918_perlmutter_cb90a27f,ours_l01_s1_pv2_r2_pv3c_eps05_trace-a2e8ab_b16_k8_isolated,isolated,ours,30,3,e2e_ms,498.609619,recorder
20260925-072918_perlmutter_cb90a27f,ours_l01_s1_pv2_r2_pv3c_eps05_trace-a2e8ab_b16_k8_isolated,isolated,ours,30,4,e2e_ms,440.0802,recorder
20260925-072918_perlmutter_cb90a27f,ours_l01_s1_pv2_r2_pv3c_eps05_trace-a2e8ab_b16_k8_isolated,isolated,ours,30,5,e2e_ms,22.566624,recorder
20260925-072918_perlmutter_cb90a27f,ours_l01_s1_pv2_r2_pv3c_eps05_trace-a2e8ab_b16_k8_isolated,isolated,ours,30,6,e2e_ms,21.7896,recorder
20260925-072918_perlmutter_cb90a27f,ours_l01_s1_pv2_r2_pv3c_eps05_trace-a2e8ab_b16_k8_isolated,isolated,ours,30,7,e2e_ms,492.897003,recorder
20260925-072918_perlmutter_cb90a27f,ours_l01_s1_pv2_r2_pv3c_eps05_trace-a2e8ab_b16_k8_isolated,isolated,ours,30,8,e2e_ms,20.006817,recorder
20260925-072918_perlmutter_cb90a27f,ours_l01_s1_pv2_r2_pv3c_eps05_trace-a2e8ab_b16_k8_isolated,isolated,ours,30,9,e2e_ms,349.799438,recorder
20260925-072918_perlmutter_cb90a27f,ours_l01_s1_pv2_r2_pv3c_eps05_trace-a2e8ab_b16_k8_isolated,isolated,ours,30,0,l0_ms,10.616576,recorder
20260925-072918_perlmutter_cb90a27f,ours_l01_s1_pv2_r2_pv3c_eps05_trace-a2e8ab_b16_k8_isolated,isolated,ours,30,1,l0_ms,10.58896,recorder
20260925-072918_perlmutter_cb90a27f,ours_l01_s1_pv2_r2_pv3c_eps05_trace-a2e8ab_b16_k8_isolated,isolated,ours,30,2,l0_ms,10.4696,recorder
20260925-072918_perlmutter_cb90a27f,ours_l01_s1_pv2_r2_pv3c_eps05_trace-a2e8ab_b16_k8_isolated,isolated,ours,30,3,l0_ms,11.936576,recorder
20260925-072918_perlmutter_cb90a27f,ours_l01_s1_pv2_r2_pv3c_eps05_trace-a2e8ab_b16_k8_isolated,isolated,ours,30,4,l0_ms,11.910304,recorder
20260925-072918_perlmutter_cb90a27f,ours_l01_s1_pv2_r2_pv3c_eps05_trace-a2e8ab_b16_k8_isolated,isolated,ours,30,5,l0_ms,11.136416,recorder
20260925-072918_perlmutter_cb90a27f,ours_l01_s1_pv2_r2_pv3c_eps05_trace-a2e8ab_b16_k8_isolated,isolated,ours,30,6,l0_ms,11.441952,recorder
20260925-072918_perlmutter_cb90a27f,ours_l01_s1_pv2_r2_pv3c_eps05_trace-a2e8ab_b16_k8_isolated,isolated,ours,30,7,l0_ms,9.730688,recorder
20260925-072918_perlmutter_cb90a27f,ours_l01_s1_pv2_r2_pv3c_eps05_trace-a2e8ab_b16_k8_isolated,isolated,ours,30,8,l0_ms,10.201728,recorder
20260925-072918_perlmutter_cb90a27f,ours_l01_s1_pv2_r2_pv3c_eps05_trace-a2e8ab_b16_k8_isolated,isolated,ours,30,9,l0_ms,10.400384,recorder
20260925-072918_perlmutter_cb90a27f,ours_l01_s1_pv2_r2_pv3c_eps05_trace-a2e8ab_b16_k8_isolated,isolated,ours,30,0,act_ms,0.101984,recorder
20260925-072918_perlmutter_cb90a27f,ours_l01_s1_pv2_r2_pv3c_eps05_trace-a2e8ab_b16_k8_isolated,isolated,ours,30,1,act_ms,0.1008,recorder
20260925-072918_perlmutter_cb90a27f,ours_l01_s1_pv2_r2_pv3c_eps05_trace-a2e8ab_b16_k8_isolated,isolated,ours,30,2,act_ms,0.1008,recorder
20260925-072918_perlmutter_cb90a27f,ours_l01_s1_pv2_r2_pv3c_eps05_trace-a2e8ab_b16_k8_isolated,isolated,ours,30,3,act_ms,0.098528,recorder
20260925-072918_perlmutter_cb90a27f,ours_l01_s1_pv2_r2_pv3c_eps05_trace-a2e8ab_b16_k8_isolated,isolated,ours,30,4,act_ms,0.104576,recorder
20260925-072918_perlmutter_cb90a27f,ours_l01_s1_pv2_r2_pv3c_eps05_trace-a2e8ab_b16_k8_isolated,isolated,ours,30,5,act_ms,0.104608,recorder
20260925-072918_perlmutter_cb90a27f,ours_l01_s1_pv2_r2_pv3c_eps05_trace-a2e8ab_b16_k8_isolated,isolated,ours,30,6,act_ms,0.104512,recorder
20260925-072918_perlmutter_cb90a27f,ours_l01_s1_pv2_r2_pv3c_eps05_trace-a2e8ab_b16_k8_isolated,isolated,ours,30,7,act_ms,0.099488,recorder
20260925-072918_perlmutter_cb90a27f,ours_l01_s1_pv2_r2_pv3c_eps05_trace-a2e8ab_b16_k8_isolated,isolated,ours,30,8,act_ms,0.103776,recorder
20260925-072918_perlmutter_cb90a27f,ours_l01_s1_pv2_r2_pv3c_eps05_trace-a2e8ab_b16_k8_isolated,isolated,ours,30,9,act_ms,0.100032,recorder
20260925-072918_perlmutter_cb90a27f,ours_l01_s1_pv2_r2_pv3c_eps05_trace-a2e8ab_b16_k8_isolated,isolated,ours,30,0,l1_ms,487.978821,recorder
20260925-072918_perlmutter_cb90a27f,ours_l01_s1_pv2_r2_pv3c_eps05_trace-a2e8ab_b16_k8_isolated,isolated,ours,30,1,l1_ms,337.105225,recorder
20260925-072918_perlmutter_cb90a27f,ours_l01_s1_pv2_r2_pv3c_eps05_trace-a2e8ab_b16_k8_isolated,isolated,ours,30,2,l1_ms,9.578464,recorder
20260925-072918_perlmutter_cb90a27f,ours_l01_s1_pv2_r2_pv3c_eps05_trace-a2e8ab_b16_k8_isolated,isolated,ours,30,3,l1_ms,486.574524,recorder
20260925-072918_perlmutter_cb90a27f,ours_l01_s1_pv2_r2_pv3c_eps05_trace-a2e8ab_b16_k8_isolated,isolated,ours,30,4,l1_ms,428.065308,recorder
20260925-072918_perlmutter_cb90a27f,ours_l01_s1_pv2_r2_pv3c_eps05_trace-a2e8ab_b16_k8_isolated,isolated,ours,30,5,l1_ms,11.3256,recorder
20260925-072918_perlmutter_cb90a27f,ours_l01_s1_pv2_r2_pv3c_eps05_trace-a2e8ab_b16_k8_isolated,isolated,ours,30,6,l1_ms,10.243136,recorder
20260925-072918_perlmutter_cb90a27f,ours_l01_s1_pv2_r2_pv3c_eps05_trace-a2e8ab_b16_k8_isolated,isolated,ours,30,7,l1_ms,483.066803,recorder
20260925-072918_perlmutter_cb90a27f,ours_l01_s1_pv2_r2_pv3c_eps05_trace-a2e8ab_b16_k8_isolated,isolated,ours,30,8,l1_ms,9.701312,recorder
20260925-072918_perlmutter_cb90a27f,ours_l01_s1_pv2_r2_pv3c_eps05_trace-a2e8ab_b16_k8_isolated,isolated,ours,30,9,l1_ms,339.299011,recorder
20260925-072918_perlmutter_cb90a27f,ours_l01_s1_pv2_r2_pv3c_eps05_trace-a2e8ab_b16_k8_isolated,isolated,ours,30,0,plan_comm_ms,0.583648,recorder
20260925-072918_perlmutter_cb90a27f,ours_l01_s1_pv2_r2_pv3c_eps05_trace-a2e8ab_b16_k8_isolated,isolated,ours,30,1,plan_comm_ms,0.903936,recorder
20260925-072918_perlmutter_cb90a27f,ours_l01_s1_pv2_r2_pv3c_eps05_trace-a2e8ab_b16_k8_isolated,isolated,ours,30,2,plan_comm_ms,0.874976,recorder
20260925-072918_perlmutter_cb90a27f,ours_l01_s1_pv2_r2_pv3c_eps05_trace-a2e8ab_b16_k8_isolated,isolated,ours,30,3,plan_comm_ms,0.606176,recorder
20260925-072918_perlmutter_cb90a27f,ours_l01_s1_pv2_r2_pv3c_eps05_trace-a2e8ab_b16_k8_isolated,isolated,ours,30,4,plan_comm_ms,0.561088,recorder
20260925-072918_perlmutter_cb90a27f,ours_l01_s1_pv2_r2_pv3c_eps05_trace-a2e8ab_b16_k8_isolated,isolated,ours,30,5,plan_comm_ms,0.891072,recorder
20260925-072918_perlmutter_cb90a27f,ours_l01_s1_pv2_r2_pv3c_eps05_trace-a2e8ab_b16_k8_isolated,isolated,ours,30,6,plan_comm_ms,0.587904,recorder
20260925-072918_perlmutter_cb90a27f,ours_l01_s1_pv2_r2_pv3c_eps05_trace-a2e8ab_b16_k8_isolated,isolated,ours,30,7,plan_comm_ms,0.69264,recorder
20260925-072918_perlmutter_cb90a27f,ours_l01_s1_pv2_r2_pv3c_eps05_trace-a2e8ab_b16_k8_isolated,isolated,ours,30,8,plan_comm_ms,0.926656,recorder
20260925-072918_perlmutter_cb90a27f,ours_l01_s1_pv2_r2_pv3c_eps05_trace-a2e8ab_b16_k8_isolated,isolated,ours,30,9,plan_comm_ms,0.651872,recorder
20260925-072918_perlmutter_cb90a27f,ours_l01_s1_pv2_r2_pv3c_eps05_trace-a2e8ab_b16_k8_isolated,isolated,ours,30,0,place_ms,0.002336,recorder
20260925-072918_perlmutter_cb90a27f,ours_l01_s1_pv2_r2_pv3c_eps05_trace-a2e8ab_b16_k8_isolated,isolated,ours,30,1,place_ms,0.002368,recorder
20260925-072918_perlmutter_cb90a27f,ours_l01_s1_pv2_r2_pv3c_eps05_trace-a2e8ab_b16_k8_isolated,isolated,ours,30,2,place_ms,0.002368,recorder
20260925-072918_perlmutter_cb90a27f,ours_l01_s1_pv2_r2_pv3c_eps05_trace-a2e8ab_b16_k8_isolated,isolated,ours,30,3,place_ms,0.002368,recorder
20260925-072918_perlmutter_cb90a27f,ours_l01_s1_pv2_r2_pv3c_eps05_trace-a2e8ab_b16_k8_isolated,isolated,ours,30,4,place_ms,0.002336,recorder
20260925-072918_perlmutter_cb90a27f,ours_l01_s1_pv2_r2_pv3c_eps05_trace-a2e8ab_b16_k8_isolated,isolated,ours,30,5,place_ms,0.002336,recorder
20260925-072918_perlmutter_cb90a27f,ours_l01_s1_pv2_r2_pv3c_eps05_trace-a2e8ab_b16_k8_isolated,isolated,ours,30,6,place_ms,0.002336,recorder
20260925-072918_perlmutter_cb90a27f,ours_l01_s1_pv2_r2_pv3c_eps05_trace-a2e8ab_b16_k8_isolated,isolated,ours,30,7,place_ms,0.002368,recorder
20260925-072918_perlmutter_cb90a27f,ours_l01_s1_pv2_r2_pv3c_eps05_trace-a2e8ab_b16_k8_isolated,isolated,ours,30,8,place_ms,0.002368,recorder
20260925-072918_perlmutter_cb90a27f,ours_l01_s1_pv2_r2_pv3c_eps05_trace-a2e8ab_b16_k8_isolated,isolated,ours,30,9,place_ms,0.002336,recorder
20260925-072918_perlmutter_cb90a27f,ours_l01_s1_pv2_r2_pv3c_eps05_trace-a2e8ab_b16_k8_isolated,isolated,ours,30,0,plan_ms,1.926208,recorder
20260925-072918_perlmutter_cb90a27f,ours_l01_s1_pv2_r2_pv3c_eps05_trace-a2e8ab_b16_k8_isolated,isolated,ours,30,1,plan_ms,1.925504,recorder
20260925-072918_perlmutter_cb90a27f,ours_l01_s1_pv2_r2_pv3c_eps05_trace-a2e8ab_b16_k8_isolated,isolated,ours,30,2,plan_ms,1.983776,recorder
20260925-072918_perlmutter_cb90a27f,ours_l01_s1_pv2_r2_pv3c_eps05_trace-a2e8ab_b16_k8_isolated,isolated,ours,30,3,plan_ms,1.933504,recorder
20260925-072918_perlmutter_cb90a27f,ours_l01_s1_pv2_r2_pv3c_eps05_trace-a2e8ab_b16_k8_isolated,isolated,ours,30,4,plan_ms,1.965184,recorder
20260925-072918_perlmutter_cb90a27f,ours_l01_s1_pv2_r2_pv3c_eps05_trace-a2e8ab_b16_k8_isolated,isolated,ours,30,5,plan_ms,1.937824,recorder
20260925-072918_perlmutter_cb90a27f,ours_l01_s1_pv2_r2_pv3c_eps05_trace-a2e8ab_b16_k8_isolated,isolated,ours,30,6,plan_ms,1.954304,recorder
20260925-072918_perlmutter_cb90a27f,ours_l01_s1_pv2_r2_pv3c_eps05_trace-a2e8ab_b16_k8_isolated,isolated,ours,30,7,plan_ms,1.898048,recorder
20260925-072918_perlmutter_cb90a27f,ours_l01_s1_pv2_r2_pv3c_eps05_trace-a2e8ab_b16_k8_isolated,isolated,ours,30,8,plan_ms,1.999904,recorder
20260925-072918_perlmutter_cb90a27f,ours_l01_s1_pv2_r2_pv3c_eps05_trace-a2e8ab_b16_k8_isolated,isolated,ours,30,9,plan_ms,1.915328,recorder
20260925-072918_perlmutter_cb90a27f,ours_l01_s1_pv2_r2_pv3c_eps05_trace-a2e8ab_b16_k8_isolated,isolated,ours,30,0,total_ms,501.218994,recorder
20260925-072918_perlmutter_cb90a27f,ours_l01_s1_pv2_r2_pv3c_eps05_trace-a2e8ab_b16_k8_isolated,isolated,ours,30,1,total_ms,350.636597,recorder
20260925-072918_perlmutter_cb90a27f,ours_l01_s1_pv2_r2_pv3c_eps05_trace-a2e8ab_b16_k8_isolated,isolated,ours,30,2,total_ms,23.019552,recorder
20260925-072918_perlmutter_cb90a27f,ours_l01_s1_pv2_r2_pv3c_eps05_trace-a2e8ab_b16_k8_isolated,isolated,ours,30,3,total_ms,501.16153,recorder
20260925-072918_perlmutter_cb90a27f,ours_l01_s1_pv2_r2_pv3c_eps05_trace-a2e8ab_b16_k8_isolated,isolated,ours,30,4,total_ms,442.6185,recorder
20260925-072918_perlmutter_cb90a27f,ours_l01_s1_pv2_r2_pv3c_eps05_trace-a2e8ab_b16_k8_isolated,isolated,ours,30,5,total_ms,25.407488,recorder
20260925-072918_perlmutter_cb90a27f,ours_l01_s1_pv2_r2_pv3c_eps05_trace-a2e8ab_b16_k8_isolated,isolated,ours,30,6,total_ms,24.343103,recorder
20260925-072918_perlmutter_cb90a27f,ours_l01_s1_pv2_r2_pv3c_eps05_trace-a2e8ab_b16_k8_isolated,isolated,ours,30,7,total_ms,495.499115,recorder
20260925-072918_perlmutter_cb90a27f,ours_l01_s1_pv2_r2_pv3c_eps05_trace-a2e8ab_b16_k8_isolated,isolated,ours,30,8,total_ms,22.944992,recorder
20260925-072918_perlmutter_cb90a27f,ours_l01_s1_pv2_r2_pv3c_eps05_trace-a2e8ab_b16_k8_isolated,isolated,ours,30,9,total_ms,352.377899,recorder
20260925-072918_perlmutter_cb90a27f,ours_l01_s1_pv2_r2_pv3c_eps05_trace-a2e8ab_b16_k8_isolated,isolated,ours,30,0,iso_sync_ms,19.379071,recorder
20260925-072918_perlmutter_cb90a27f,ours_l01_s1_pv2_r2_pv3c_eps05_trace-a2e8ab_b16_k8_isolated,isolated,ours,30,1,iso_sync_ms,498.390863,recorder
20260925-072918_perlmutter_cb90a27f,ours_l01_s1_pv2_r2_pv3c_eps05_trace-a2e8ab_b16_k8_isolated,isolated,ours,30,2,iso_sync_ms,346.650575,recorder
20260925-072918_perlmutter_cb90a27f,ours_l01_s1_pv2_r2_pv3c_eps05_trace-a2e8ab_b16_k8_isolated,isolated,ours,30,3,iso_sync_ms,18.668003,recorder
20260925-072918_perlmutter_cb90a27f,ours_l01_s1_pv2_r2_pv3c_eps05_trace-a2e8ab_b16_k8_isolated,isolated,ours,30,4,iso_sync_ms,497.599268,recorder
20260925-072918_perlmutter_cb90a27f,ours_l01_s1_pv2_r2_pv3c_eps05_trace-a2e8ab_b16_k8_isolated,isolated,ours,30,5,iso_sync_ms,437.098897,recorder
20260925-072918_perlmutter_cb90a27f,ours_l01_s1_pv2_r2_pv3c_eps05_trace-a2e8ab_b16_k8_isolated,isolated,ours,30,6,iso_sync_ms,20.881122,recorder
20260925-072918_perlmutter_cb90a27f,ours_l01_s1_pv2_r2_pv3c_eps05_trace-a2e8ab_b16_k8_isolated,isolated,ours,30,7,iso_sync_ms,20.127982,recorder
20260925-072918_perlmutter_cb90a27f,ours_l01_s1_pv2_r2_pv3c_eps05_trace-a2e8ab_b16_k8_isolated,isolated,ours,30,8,iso_sync_ms,491.98493,recorder
20260925-072918_perlmutter_cb90a27f,ours_l01_s1_pv2_r2_pv3c_eps05_trace-a2e8ab_b16_k8_isolated,isolated,ours,30,9,iso_sync_ms,18.46,recorder
20260925-072918_perlmutter_cb90a27f,ours_l01_s1_pv2_r2_pv3c_eps05_trace-a2e8ab_b16_k8_isolated,isolated,ours,31,0,e2e_ms,498.7117,recorder
20260925-072918_perlmutter_cb90a27f,ours_l01_s1_pv2_r2_pv3c_eps05_trace-a2e8ab_b16_k8_isolated,isolated,ours,31,1,e2e_ms,347.862854,recorder
20260925-072918_perlmutter_cb90a27f,ours_l01_s1_pv2_r2_pv3c_eps05_trace-a2e8ab_b16_k8_isolated,isolated,ours,31,2,e2e_ms,20.175776,recorder
20260925-072918_perlmutter_cb90a27f,ours_l01_s1_pv2_r2_pv3c_eps05_trace-a2e8ab_b16_k8_isolated,isolated,ours,31,3,e2e_ms,498.639587,recorder
20260925-072918_perlmutter_cb90a27f,ours_l01_s1_pv2_r2_pv3c_eps05_trace-a2e8ab_b16_k8_isolated,isolated,ours,31,4,e2e_ms,440.166718,recorder
20260925-072918_perlmutter_cb90a27f,ours_l01_s1_pv2_r2_pv3c_eps05_trace-a2e8ab_b16_k8_isolated,isolated,ours,31,5,e2e_ms,22.524639,recorder
20260925-072918_perlmutter_cb90a27f,ours_l01_s1_pv2_r2_pv3c_eps05_trace-a2e8ab_b16_k8_isolated,isolated,ours,31,6,e2e_ms,21.807455,recorder
20260925-072918_perlmutter_cb90a27f,ours_l01_s1_pv2_r2_pv3c_eps05_trace-a2e8ab_b16_k8_isolated,isolated,ours,31,7,e2e_ms,492.950043,recorder
20260925-072918_perlmutter_cb90a27f,ours_l01_s1_pv2_r2_pv3c_eps05_trace-a2e8ab_b16_k8_isolated,isolated,ours,31,8,e2e_ms,19.947584,recorder
20260925-072918_perlmutter_cb90a27f,ours_l01_s1_pv2_r2_pv3c_eps05_trace-a2e8ab_b16_k8_isolated,isolated,ours,31,9,e2e_ms,349.712036,recorder
20260925-072918_perlmutter_cb90a27f,ours_l01_s1_pv2_r2_pv3c_eps05_trace-a2e8ab_b16_k8_isolated,isolated,ours,31,0,l0_ms,10.64288,recorder
20260925-072918_perlmutter_cb90a27f,ours_l01_s1_pv2_r2_pv3c_eps05_trace-a2e8ab_b16_k8_isolated,isolated,ours,31,1,l0_ms,10.611392,recorder
20260925-072918_perlmutter_cb90a27f,ours_l01_s1_pv2_r2_pv3c_eps05_trace-a2e8ab_b16_k8_isolated,isolated,ours,31,2,l0_ms,10.48112,recorder
20260925-072918_perlmutter_cb90a27f,ours_l01_s1_pv2_r2_pv3c_eps05_trace-a2e8ab_b16_k8_isolated,isolated,ours,31,3,l0_ms,11.952544,recorder
20260925-072918_perlmutter_cb90a27f,ours_l01_s1_pv2_r2_pv3c_eps05_trace-a2e8ab_b16_k8_isolated,isolated,ours,31,4,l0_ms,11.98592,recorder
20260925-072918_perlmutter_cb90a27f,ours_l01_s1_pv2_r2_pv3c_eps05_trace-a2e8ab_b16_k8_isolated,isolated,ours,31,5,l0_ms,11.100416,recorder
20260925-072918_perlmutter_cb90a27f,ours_l01_s1_pv2_r2_pv3c_eps05_trace-a2e8ab_b16_k8_isolated,isolated,ours,31,6,l0_ms,11.454752,recorder
20260925-072918_perlmutter_cb90a27f,ours_l01_s1_pv2_r2_pv3c_eps05_trace-a2e8ab_b16_k8_isolated,isolated,ours,31,7,l0_ms,9.724128,recorder
20260925-072918_perlmutter_cb90a27f,ours_l01_s1_pv2_r2_pv3c_eps05_trace-a2e8ab_b16_k8_isolated,isolated,ours,31,8,l0_ms,10.143456,recorder
20260925-072918_perlmutter_cb90a27f,ours_l01_s1_pv2_r2_pv3c_eps05_trace-a2e8ab_b16_k8_isolated,isolated,ours,31,9,l0_ms,10.394112,recorder
20260925-072918_perlmutter_cb90a27f,ours_l01_s1_pv2_r2_pv3c_eps05_trace-a2e8ab_b16_k8_isolated,isolated,ours,31,0,act_ms,0.115136,recorder
20260925-072918_perlmutter_cb90a27f,ours_l01_s1_pv2_r2_pv3c_eps05_trace-a2e8ab_b16_k8_isolated,isolated,ours,31,1,act_ms,0.110432,recorder
20260925-072918_perlmutter_cb90a27f,ours_l01_s1_pv2_r2_pv3c_eps05_trace-a2e8ab_b16_k8_isolated,isolated,ours,31,2,act_ms,0.116416,recorder
20260925-072918_perlmutter_cb90a27f,ours_l01_s1_pv2_r2_pv3c_eps05_trace-a2e8ab_b16_k8_isolated,isolated,ours,31,3,act_ms,0.114976,recorder
20260925-072918_perlmutter_cb90a27f,ours_l01_s1_pv2_r2_pv3c_eps05_trace-a2e8ab_b16_k8_isolated,isolated,ours,31,4,act_ms,0.11344,recorder
20260925-072918_perlmutter_cb90a27f,ours_l01_s1_pv2_r2_pv3c_eps05_trace-a2e8ab_b16_k8_isolated,isolated,ours,31,5,act_ms,0.11584,recorder
20260925-072918_perlmutter_cb90a27f,ours_l01_s1_pv2_r2_pv3c_eps05_trace-a2e8ab_b16_k8_isolated,isolated,ours,31,6,act_ms,0.116864,recorder
20260925-072918_perlmutter_cb90a27f,ours_l01_s1_pv2_r2_pv3c_eps05_trace-a2e8ab_b16_k8_isolated,isolated,ours,31,7,act_ms,0.116256,recorder
20260925-072918_perlmutter_cb90a27f,ours_l01_s1_pv2_r2_pv3c_eps05_trace-a2e8ab_b16_k8_isolated,isolated,ours,31,8,act_ms,0.116768,recorder
20260925-072918_perlmutter_cb90a27f,ours_l01_s1_pv2_r2_pv3c_eps05_trace-a2e8ab_b16_k8_isolated,isolated,ours,31,9,act_ms,0.116032,recorder
20260925-072918_perlmutter_cb90a27f,ours_l01_s1_pv2_r2_pv3c_eps05_trace-a2e8ab_b16_k8_isolated,isolated,ours,31,0,l1_ms,487.953705,recorder
20260925-072918_perlmutter_cb90a27f,ours_l01_s1_pv2_r2_pv3c_eps05_trace-a2e8ab_b16_k8_isolated,isolated,ours,31,1,l1_ms,337.141022,recorder
20260925-072918_perlmutter_cb90a27f,ours_l01_s1_pv2_r2_pv3c_eps05_trace-a2e8ab_b16_k8_isolated,isolated,ours,31,2,l1_ms,9.57824,recorder
20260925-072918_perlmutter_cb90a27f,ours_l01_s1_pv2_r2_pv3c_eps05_trace-a2e8ab_b16_k8_isolated,isolated,ours,31,3,l1_ms,486.572052,recorder
20260925-072918_perlmutter_cb90a27f,ours_l01_s1_pv2_r2_pv3c_eps05_trace-a2e8ab_b16_k8_isolated,isolated,ours,31,4,l1_ms,428.067352,recorder
20260925-072918_perlmutter_cb90a27f,ours_l01_s1_pv2_r2_pv3c_eps05_trace-a2e8ab_b16_k8_isolated,isolated,ours,31,5,l1_ms,11.308384,recorder
20260925-072918_perlmutter_cb90a27f,ours_l01_s1_pv2_r2_pv3c_eps05_trace-a2e8ab_b16_k8_isolated,isolated,ours,31,6,l1_ms,10.23584,recorder
20260925-072918_perlmutter_cb90a27f,ours_l01_s1_pv2_r2_pv3c_eps05_trace-a2e8ab_b16_k8_isolated,isolated,ours,31,7,l1_ms,483.10965,recorder
20260925-072918_perlmutter_cb90a27f,ours_l01_s1_pv2_r2_pv3c_eps05_trace-a2e8ab_b16_k8_isolated,isolated,ours,31,8,l1_ms,9.68736,recorder
20260925-072918_perlmutter_cb90a27f,ours_l01_s1_pv2_r2_pv3c_eps05_trace-a2e8ab_b16_k8_isolated,isolated,ours,31,9,l1_ms,339.201874,recorder
20260925-072918_perlmutter_cb90a27f,ours_l01_s1_pv2_r2_pv3c_eps05_trace-a2e8ab_b16_k8_isolated,isolated,ours,31,0,plan_comm_ms,0.580576,recorder
20260925-072918_perlmutter_cb90a27f,ours_l01_s1_pv2_r2_pv3c_eps05_trace-a2e8ab_b16_k8_isolated,isolated,ours,31,1,plan_comm_ms,0.901696,recorder
20260925-072918_perlmutter_cb90a27f,ours_l01_s1_pv2_r2_pv3c_eps05_trace-a2e8ab_b16_k8_isolated,isolated,ours,31,2,plan_comm_ms,0.873888,recorder
20260925-072918_perlmutter_cb90a27f,ours_l01_s1_pv2_r2_pv3c_eps05_trace-a2e8ab_b16_k8_isolated,isolated,ours,31,3,plan_comm_ms,0.605088,recorder
20260925-072918_perlmutter_cb90a27f,ours_l01_s1_pv2_r2_pv3c_eps05_trace-a2e8ab_b16_k8_isolated,isolated,ours,31,4,plan_comm_ms,0.705536,recorder
20260925-072918_perlmutter_cb90a27f,ours_l01_s1_pv2_r2_pv3c_eps05_trace-a2e8ab_b16_k8_isolated,isolated,ours,31,5,plan_comm_ms,0.805248,recorder
20260925-072918_perlmutter_cb90a27f,ours_l01_s1_pv2_r2_pv3c_eps05_trace-a2e8ab_b16_k8_isolated,isolated,ours,31,6,plan_comm_ms,0.588896,recorder
20260925-072918_perlmutter_cb90a27f,ours_l01_s1_pv2_r2_pv3c_eps05_trace-a2e8ab_b16_k8_isolated,isolated,ours,31,7,plan_comm_ms,0.6952,recorder
20260925-072918_perlmutter_cb90a27f,ours_l01_s1_pv2_r2_pv3c_eps05_trace-a2e8ab_b16_k8_isolated,isolated,ours,31,8,plan_comm_ms,0.75264,recorder
20260925-072918_perlmutter_cb90a27f,ours_l01_s1_pv2_r2_pv3c_eps05_trace-a2e8ab_b16_k8_isolated,isolated,ours,31,9,plan_comm_ms,0.652096,recorder
20260925-072918_perlmutter_cb90a27f,ours_l01_s1_pv2_r2_pv3c_eps05_trace-a2e8ab_b16_k8_isolated,isolated,ours,31,0,place_ms,0.002304,recorder
20260925-072918_perlmutter_cb90a27f,ours_l01_s1_pv2_r2_pv3c_eps05_trace-a2e8ab_b16_k8_isolated,isolated,ours,31,1,place_ms,0.002336,recorder
20260925-072918_perlmutter_cb90a27f,ours_l01_s1_pv2_r2_pv3c_eps05_trace-a2e8ab_b16_k8_isolated,isolated,ours,31,2,place_ms,0.002336,recorder
20260925-072918_perlmutter_cb90a27f,ours_l01_s1_pv2_r2_pv3c_eps05_trace-a2e8ab_b16_k8_isolated,isolated,ours,31,3,place_ms,0.002336,recorder
20260925-072918_perlmutter_cb90a27f,ours_l01_s1_pv2_r2_pv3c_eps05_trace-a2e8ab_b16_k8_isolated,isolated,ours,31,4,place_ms,0.002336,recorder
20260925-072918_perlmutter_cb90a27f,ours_l01_s1_pv2_r2_pv3c_eps05_trace-a2e8ab_b16_k8_isolated,isolated,ours,31,5,place_ms,0.002336,recorder
20260925-072918_perlmutter_cb90a27f,ours_l01_s1_pv2_r2_pv3c_eps05_trace-a2e8ab_b16_k8_isolated,isolated,ours,31,6,place_ms,0.002304,recorder
20260925-072918_perlmutter_cb90a27f,ours_l01_s1_pv2_r2_pv3c_eps05_trace-a2e8ab_b16_k8_isolated,isolated,ours,31,7,place_ms,0.002304,recorder
20260925-072918_perlmutter_cb90a27f,ours_l01_s1_pv2_r2_pv3c_eps05_trace-a2e8ab_b16_k8_isolated,isolated,ours,31,8,place_ms,0.0024,recorder
20260925-072918_perlmutter_cb90a27f,ours_l01_s1_pv2_r2_pv3c_eps05_trace-a2e8ab_b16_k8_isolated,isolated,ours,31,9,place_ms,0.002304,recorder
20260925-072918_perlmutter_cb90a27f,ours_l01_s1_pv2_r2_pv3c_eps05_trace-a2e8ab_b16_k8_isolated,isolated,ours,31,0,plan_ms,1.908992,recorder
20260925-072918_perlmutter_cb90a27f,ours_l01_s1_pv2_r2_pv3c_eps05_trace-a2e8ab_b16_k8_isolated,isolated,ours,31,1,plan_ms,1.903328,recorder
20260925-072918_perlmutter_cb90a27f,ours_l01_s1_pv2_r2_pv3c_eps05_trace-a2e8ab_b16_k8_isolated,isolated,ours,31,2,plan_ms,1.959616,recorder
20260925-072918_perlmutter_cb90a27f,ours_l01_s1_pv2_r2_pv3c_eps05_trace-a2e8ab_b16_k8_isolated,isolated,ours,31,3,plan_ms,1.923776,recorder
20260925-072918_perlmutter_cb90a27f,ours_l01_s1_pv2_r2_pv3c_eps05_trace-a2e8ab_b16_k8_isolated,isolated,ours,31,4,plan_ms,1.887232,recorder
20260925-072918_perlmutter_cb90a27f,ours_l01_s1_pv2_r2_pv3c_eps05_trace-a2e8ab_b16_k8_isolated,isolated,ours,31,5,plan_ms,1.97312,recorder
20260925-072918_perlmutter_cb90a27f,ours_l01_s1_pv2_r2_pv3c_eps05_trace-a2e8ab_b16_k8_isolated,isolated,ours,31,6,plan_ms,1.932832,recorder
20260925-072918_perlmutter_cb90a27f,ours_l01_s1_pv2_r2_pv3c_eps05_trace-a2e8ab_b16_k8_isolated,isolated,ours,31,7,plan_ms,1.901856,recorder
20260925-072918_perlmutter_cb90a27f,ours_l01_s1_pv2_r2_pv3c_eps05_trace-a2e8ab_b16_k8_isolated,isolated,ours,31,8,plan_ms,2.057536,recorder
20260925-072918_perlmutter_cb90a27f,ours_l01_s1_pv2_r2_pv3c_eps05_trace-a2e8ab_b16_k8_isolated,isolated,ours,31,9,plan_ms,1.914304,recorder
20260925-072918_perlmutter_cb90a27f,ours_l01_s1_pv2_r2_pv3c_eps05_trace-a2e8ab_b16_k8_isolated,isolated,ours,31,0,total_ms,501.212616,recorder
20260925-072918_perlmutter_cb90a27f,ours_l01_s1_pv2_r2_pv3c_eps05_trace-a2e8ab_b16_k8_isolated,isolated,ours,31,1,total_ms,350.679901,recorder
20260925-072918_perlmutter_cb90a27f,ours_l01_s1_pv2_r2_pv3c_eps05_trace-a2e8ab_b16_k8_isolated,isolated,ours,31,2,total_ms,23.021248,recorder
20260925-072918_perlmutter_cb90a27f,ours_l01_s1_pv2_r2_pv3c_eps05_trace-a2e8ab_b16_k8_isolated,isolated,ours,31,3,total_ms,501.179749,recorder
20260925-072918_perlmutter_cb90a27f,ours_l01_s1_pv2_r2_pv3c_eps05_trace-a2e8ab_b16_k8_isolated,isolated,ours,31,4,total_ms,442.770599,recorder
20260925-072918_perlmutter_cb90a27f,ours_l01_s1_pv2_r2_pv3c_eps05_trace-a2e8ab_b16_k8_isolated,isolated,ours,31,5,total_ms,25.315071,recorder
20260925-072918_perlmutter_cb90a27f,ours_l01_s1_pv2_r2_pv3c_eps05_trace-a2e8ab_b16_k8_isolated,isolated,ours,31,6,total_ms,24.340704,recorder
20260925-072918_perlmutter_cb90a27f,ours_l01_s1_pv2_r2_pv3c_eps05_trace-a2e8ab_b16_k8_isolated,isolated,ours,31,7,total_ms,495.55835,recorder
20260925-072918_perlmutter_cb90a27f,ours_l01_s1_pv2_r2_pv3c_eps05_trace-a2e8ab_b16_k8_isolated,isolated,ours,31,8,total_ms,22.770271,recorder
20260925-072918_perlmutter_cb90a27f,ours_l01_s1_pv2_r2_pv3c_eps05_trace-a2e8ab_b16_k8_isolated,isolated,ours,31,9,total_ms,352.2901,recorder
20260925-072918_perlmutter_cb90a27f,ours_l01_s1_pv2_r2_pv3c_eps05_trace-a2e8ab_b16_k8_isolated,isolated,ours,31,0,iso_sync_ms,19.428917,recorder
20260925-072918_perlmutter_cb90a27f,ours_l01_s1_pv2_r2_pv3c_eps05_trace-a2e8ab_b16_k8_isolated,isolated,ours,31,1,iso_sync_ms,498.455017,recorder
20260925-072918_perlmutter_cb90a27f,ours_l01_s1_pv2_r2_pv3c_eps05_trace-a2e8ab_b16_k8_isolated,isolated,ours,31,2,iso_sync_ms,346.767661,recorder
20260925-072918_perlmutter_cb90a27f,ours_l01_s1_pv2_r2_pv3c_eps05_trace-a2e8ab_b16_k8_isolated,isolated,ours,31,3,iso_sync_ms,18.674956,recorder
20260925-072918_perlmutter_cb90a27f,ours_l01_s1_pv2_r2_pv3c_eps05_trace-a2e8ab_b16_k8_isolated,isolated,ours,31,4,iso_sync_ms,497.63621,recorder
20260925-072918_perlmutter_cb90a27f,ours_l01_s1_pv2_r2_pv3c_eps05_trace-a2e8ab_b16_k8_isolated,isolated,ours,31,5,iso_sync_ms,438.744295,recorder
20260925-072918_perlmutter_cb90a27f,ours_l01_s1_pv2_r2_pv3c_eps05_trace-a2e8ab_b16_k8_isolated,isolated,ours,31,6,iso_sync_ms,20.57062,recorder
20260925-072918_perlmutter_cb90a27f,ours_l01_s1_pv2_r2_pv3c_eps05_trace-a2e8ab_b16_k8_isolated,isolated,ours,31,7,iso_sync_ms,20.229428,recorder
20260925-072918_perlmutter_cb90a27f,ours_l01_s1_pv2_r2_pv3c_eps05_trace-a2e8ab_b16_k8_isolated,isolated,ours,31,8,iso_sync_ms,492.086196,recorder
20260925-072918_perlmutter_cb90a27f,ours_l01_s1_pv2_r2_pv3c_eps05_trace-a2e8ab_b16_k8_isolated,isolated,ours,31,9,iso_sync_ms,17.9234,recorder
20260925-072918_perlmutter_cb90a27f,ours_l01_s1_pv2_r2_pv3c_eps05_trace-a2e8ab_b16_k8_isolated,isolated,ours,32,0,e2e_ms,498.845459,recorder
20260925-072918_perlmutter_cb90a27f,ours_l01_s1_pv2_r2_pv3c_eps05_trace-a2e8ab_b16_k8_isolated,isolated,ours,32,1,e2e_ms,347.894501,recorder
20260925-072918_perlmutter_cb90a27f,ours_l01_s1_pv2_r2_pv3c_eps05_trace-a2e8ab_b16_k8_isolated,isolated,ours,32,2,e2e_ms,20.188608,recorder
20260925-072918_perlmutter_cb90a27f,ours_l01_s1_pv2_r2_pv3c_eps05_trace-a2e8ab_b16_k8_isolated,isolated,ours,32,3,e2e_ms,498.652222,recorder
20260925-072918_perlmutter_cb90a27f,ours_l01_s1_pv2_r2_pv3c_eps05_trace-a2e8ab_b16_k8_isolated,isolated,ours,32,4,e2e_ms,440.218079,recorder
20260925-072918_perlmutter_cb90a27f,ours_l01_s1_pv2_r2_pv3c_eps05_trace-a2e8ab_b16_k8_isolated,isolated,ours,32,5,e2e_ms,22.586016,recorder
20260925-072918_perlmutter_cb90a27f,ours_l01_s1_pv2_r2_pv3c_eps05_trace-a2e8ab_b16_k8_isolated,isolated,ours,32,6,e2e_ms,21.858528,recorder
20260925-072918_perlmutter_cb90a27f,ours_l01_s1_pv2_r2_pv3c_eps05_trace-a2e8ab_b16_k8_isolated,isolated,ours,32,7,e2e_ms,492.942078,recorder
20260925-072918_perlmutter_cb90a27f,ours_l01_s1_pv2_r2_pv3c_eps05_trace-a2e8ab_b16_k8_isolated,isolated,ours,32,8,e2e_ms,20.002815,recorder
20260925-072918_perlmutter_cb90a27f,ours_l01_s1_pv2_r2_pv3c_eps05_trace-a2e8ab_b16_k8_isolated,isolated,ours,32,9,e2e_ms,350.013977,recorder
20260925-072918_perlmutter_cb90a27f,ours_l01_s1_pv2_r2_pv3c_eps05_trace-a2e8ab_b16_k8_isolated,isolated,ours,32,0,l0_ms,10.670528,recorder
20260925-072918_perlmutter_cb90a27f,ours_l01_s1_pv2_r2_pv3c_eps05_trace-a2e8ab_b16_k8_isolated,isolated,ours,32,1,l0_ms,10.625536,recorder
20260925-072918_perlmutter_cb90a27f,ours_l01_s1_pv2_r2_pv3c_eps05_trace-a2e8ab_b16_k8_isolated,isolated,ours,32,2,l0_ms,10.509184,recorder
20260925-072918_perlmutter_cb90a27f,ours_l01_s1_pv2_r2_pv3c_eps05_trace-a2e8ab_b16_k8_isolated,isolated,ours,32,3,l0_ms,11.981856,recorder
20260925-072918_perlmutter_cb90a27f,ours_l01_s1_pv2_r2_pv3c_eps05_trace-a2e8ab_b16_k8_isolated,isolated,ours,32,4,l0_ms,12.040608,recorder
20260925-072918_perlmutter_cb90a27f,ours_l01_s1_pv2_r2_pv3c_eps05_trace-a2e8ab_b16_k8_isolated,isolated,ours,32,5,l0_ms,11.170336,recorder
20260925-072918_perlmutter_cb90a27f,ours_l01_s1_pv2_r2_pv3c_eps05_trace-a2e8ab_b16_k8_isolated,isolated,ours,32,6,l0_ms,11.50496,recorder
20260925-072918_perlmutter_cb90a27f,ours_l01_s1_pv2_r2_pv3c_eps05_trace-a2e8ab_b16_k8_isolated,isolated,ours,32,7,l0_ms,9.765728,recorder
20260925-072918_perlmutter_cb90a27f,ours_l01_s1_pv2_r2_pv3c_eps05_trace-a2e8ab_b16_k8_isolated,isolated,ours,32,8,l0_ms,10.205216,recorder
20260925-072918_perlmutter_cb90a27f,ours_l01_s1_pv2_r2_pv3c_eps05_trace-a2e8ab_b16_k8_isolated,isolated,ours,32,9,l0_ms,10.452544,recorder
20260925-072918_perlmutter_cb90a27f,ours_l01_s1_pv2_r2_pv3c_eps05_trace-a2e8ab_b16_k8_isolated,isolated,ours,32,0,act_ms,0.097536,recorder
20260925-072918_perlmutter_cb90a27f,ours_l01_s1_pv2_r2_pv3c_eps05_trace-a2e8ab_b16_k8_isolated,isolated,ours,32,1,act_ms,0.093472,recorder
20260925-072918_perlmutter_cb90a27f,ours_l01_s1_pv2_r2_pv3c_eps05_trace-a2e8ab_b16_k8_isolated,isolated,ours,32,2,act_ms,0.091104,recorder
20260925-072918_perlmutter_cb90a27f,ours_l01_s1_pv2_r2_pv3c_eps05_trace-a2e8ab_b16_k8_isolated,isolated,ours,32,3,act_ms,0.097888,recorder
20260925-072918_perlmutter_cb90a27f,ours_l01_s1_pv2_r2_pv3c_eps05_trace-a2e8ab_b16_k8_isolated,isolated,ours,32,4,act_ms,0.09584,recorder
20260925-072918_perlmutter_cb90a27f,ours_l01_s1_pv2_r2_pv3c_eps05_trace-a2e8ab_b16_k8_isolated,isolated,ours,32,5,act_ms,0.094144,recorder
20260925-072918_perlmutter_cb90a27f,ours_l01_s1_pv2_r2_pv3c_eps05_trace-a2e8ab_b16_k8_isolated,isolated,ours,32,6,act_ms,0.08912,recorder
20260925-072918_perlmutter_cb90a27f,ours_l01_s1_pv2_r2_pv3c_eps05_trace-a2e8ab_b16_k8_isolated,isolated,ours,32,7,act_ms,0.09568,recorder
20260925-072918_perlmutter_cb90a27f,ours_l01_s1_pv2_r2_pv3c_eps05_trace-a2e8ab_b16_k8_isolated,isolated,ours,32,8,act_ms,0.093632,recorder
20260925-072918_perlmutter_cb90a27f,ours_l01_s1_pv2_r2_pv3c_eps05_trace-a2e8ab_b16_k8_isolated,isolated,ours,32,9,act_ms,0.095808,recorder
20260925-072918_perlmutter_cb90a27f,ours_l01_s1_pv2_r2_pv3c_eps05_trace-a2e8ab_b16_k8_isolated,isolated,ours,32,0,l1_ms,488.077423,recorder
20260925-072918_perlmutter_cb90a27f,ours_l01_s1_pv2_r2_pv3c_eps05_trace-a2e8ab_b16_k8_isolated,isolated,ours,32,1,l1_ms,337.175476,recorder
20260925-072918_perlmutter_cb90a27f,ours_l01_s1_pv2_r2_pv3c_eps05_trace-a2e8ab_b16_k8_isolated,isolated,ours,32,2,l1_ms,9.58832,recorder
20260925-072918_perlmutter_cb90a27f,ours_l01_s1_pv2_r2_pv3c_eps05_trace-a2e8ab_b16_k8_isolated,isolated,ours,32,3,l1_ms,486.572479,recorder
20260925-072918_perlmutter_cb90a27f,ours_l01_s1_pv2_r2_pv3c_eps05_trace-a2e8ab_b16_k8_isolated,isolated,ours,32,4,l1_ms,428.081635,recorder
20260925-072918_perlmutter_cb90a27f,ours_l01_s1_pv2_r2_pv3c_eps05_trace-a2e8ab_b16_k8_isolated,isolated,ours,32,5,l1_ms,11.321536,recorder
20260925-072918_perlmutter_cb90a27f,ours_l01_s1_pv2_r2_pv3c_eps05_trace-a2e8ab_b16_k8_isolated,isolated,ours,32,6,l1_ms,10.264448,recorder
20260925-072918_perlmutter_cb90a27f,ours_l01_s1_pv2_r2_pv3c_eps05_trace-a2e8ab_b16_k8_isolated,isolated,ours,32,7,l1_ms,483.080658,recorder
20260925-072918_perlmutter_cb90a27f,ours_l01_s1_pv2_r2_pv3c_eps05_trace-a2e8ab_b16_k8_isolated,isolated,ours,32,8,l1_ms,9.703968,recorder
20260925-072918_perlmutter_cb90a27f,ours_l01_s1_pv2_r2_pv3c_eps05_trace-a2e8ab_b16_k8_isolated,isolated,ours,32,9,l1_ms,339.465637,recorder
20260925-072918_perlmutter_cb90a27f,ours_l01_s1_pv2_r2_pv3c_eps05_trace-a2e8ab_b16_k8_isolated,isolated,ours,32,0,plan_comm_ms,0.598688,recorder
20260925-072918_perlmutter_cb90a27f,ours_l01_s1_pv2_r2_pv3c_eps05_trace-a2e8ab_b16_k8_isolated,isolated,ours,32,1,plan_comm_ms,0.87872,recorder
20260925-072918_perlmutter_cb90a27f,ours_l01_s1_pv2_r2_pv3c_eps05_trace-a2e8ab_b16_k8_isolated,isolated,ours,32,2,plan_comm_ms,0.871424,recorder
20260925-072918_perlmutter_cb90a27f,ours_l01_s1_pv2_r2_pv3c_eps05_trace-a2e8ab_b16_k8_isolated,isolated,ours,32,3,plan_comm_ms,0.623584,recorder
20260925-072918_perlmutter_cb90a27f,ours_l01_s1_pv2_r2_pv3c_eps05_trace-a2e8ab_b16_k8_isolated,isolated,ours,32,4,plan_comm_ms,0.712576,recorder
20260925-072918_perlmutter_cb90a27f,ours_l01_s1_pv2_r2_pv3c_eps05_trace-a2e8ab_b16_k8_isolated,isolated,ours,32,5,plan_comm_ms,0.814752,recorder
20260925-072918_perlmutter_cb90a27f,ours_l01_s1_pv2_r2_pv3c_eps05_trace-a2e8ab_b16_k8_isolated,isolated,ours,32,6,plan_comm_ms,0.593536,recorder
20260925-072918_perlmutter_cb90a27f,ours_l01_s1_pv2_r2_pv3c_eps05_trace-a2e8ab_b16_k8_isolated,isolated,ours,32,7,plan_comm_ms,0.707008,recorder
20260925-072918_perlmutter_cb90a27f,ours_l01_s1_pv2_r2_pv3c_eps05_trace-a2e8ab_b16_k8_isolated,isolated,ours,32,8,plan_comm_ms,0.828384,recorder
20260925-072918_perlmutter_cb90a27f,ours_l01_s1_pv2_r2_pv3c_eps05_trace-a2e8ab_b16_k8_isolated,isolated,ours,32,9,plan_comm_ms,0.671616,recorder
20260925-072918_perlmutter_cb90a27f,ours_l01_s1_pv2_r2_pv3c_eps05_trace-a2e8ab_b16_k8_isolated,isolated,ours,32,0,place_ms,0.002336,recorder
20260925-072918_perlmutter_cb90a27f,ours_l01_s1_pv2_r2_pv3c_eps05_trace-a2e8ab_b16_k8_isolated,isolated,ours,32,1,place_ms,0.002336,recorder
20260925-072918_perlmutter_cb90a27f,ours_l01_s1_pv2_r2_pv3c_eps05_trace-a2e8ab_b16_k8_isolated,isolated,ours,32,2,place_ms,0.002336,recorder
20260925-072918_perlmutter_cb90a27f,ours_l01_s1_pv2_r2_pv3c_eps05_trace-a2e8ab_b16_k8_isolated,isolated,ours,32,3,place_ms,0.002336,recorder
20260925-072918_perlmutter_cb90a27f,ours_l01_s1_pv2_r2_pv3c_eps05_trace-a2e8ab_b16_k8_isolated,isolated,ours,32,4,place_ms,0.002336,recorder
20260925-072918_perlmutter_cb90a27f,ours_l01_s1_pv2_r2_pv3c_eps05_trace-a2e8ab_b16_k8_isolated,isolated,ours,32,5,place_ms,0.002336,recorder
20260925-072918_perlmutter_cb90a27f,ours_l01_s1_pv2_r2_pv3c_eps05_trace-a2e8ab_b16_k8_isolated,isolated,ours,32,6,place_ms,0.002624,recorder
20260925-072918_perlmutter_cb90a27f,ours_l01_s1_pv2_r2_pv3c_eps05_trace-a2e8ab_b16_k8_isolated,isolated,ours,32,7,place_ms,0.002304,recorder
20260925-072918_perlmutter_cb90a27f,ours_l01_s1_pv2_r2_pv3c_eps05_trace-a2e8ab_b16_k8_isolated,isolated,ours,32,8,place_ms,0.002336,recorder
20260925-072918_perlmutter_cb90a27f,ours_l01_s1_pv2_r2_pv3c_eps05_trace-a2e8ab_b16_k8_isolated,isolated,ours,32,9,place_ms,0.002464,recorder
20260925-072918_perlmutter_cb90a27f,ours_l01_s1_pv2_r2_pv3c_eps05_trace-a2e8ab_b16_k8_isolated,isolated,ours,32,0,plan_ms,1.892256,recorder
20260925-072918_perlmutter_cb90a27f,ours_l01_s1_pv2_r2_pv3c_eps05_trace-a2e8ab_b16_k8_isolated,isolated,ours,32,1,plan_ms,1.892864,recorder
20260925-072918_perlmutter_cb90a27f,ours_l01_s1_pv2_r2_pv3c_eps05_trace-a2e8ab_b16_k8_isolated,isolated,ours,32,2,plan_ms,1.947136,recorder
20260925-072918_perlmutter_cb90a27f,ours_l01_s1_pv2_r2_pv3c_eps05_trace-a2e8ab_b16_k8_isolated,isolated,ours,32,3,plan_ms,1.902624,recorder
20260925-072918_perlmutter_cb90a27f,ours_l01_s1_pv2_r2_pv3c_eps05_trace-a2e8ab_b16_k8_isolated,isolated,ours,32,4,plan_ms,1.853536,recorder
20260925-072918_perlmutter_cb90a27f,ours_l01_s1_pv2_r2_pv3c_eps05_trace-a2e8ab_b16_k8_isolated,isolated,ours,32,5,plan_ms,1.911264,recorder
20260925-072918_perlmutter_cb90a27f,ours_l01_s1_pv2_r2_pv3c_eps05_trace-a2e8ab_b16_k8_isolated,isolated,ours,32,6,plan_ms,1.896896,recorder
20260925-072918_perlmutter_cb90a27f,ours_l01_s1_pv2_r2_pv3c_eps05_trace-a2e8ab_b16_k8_isolated,isolated,ours,32,7,plan_ms,1.865216,recorder
20260925-072918_perlmutter_cb90a27f,ours_l01_s1_pv2_r2_pv3c_eps05_trace-a2e8ab_b16_k8_isolated,isolated,ours,32,8,plan_ms,1.996512,recorder
20260925-072918_perlmutter_cb90a27f,ours_l01_s1_pv2_r2_pv3c_eps05_trace-a2e8ab_b16_k8_isolated,isolated,ours,32,9,plan_ms,1.864256,recorder
20260925-072918_perlmutter_cb90a27f,ours_l01_s1_pv2_r2_pv3c_eps05_trace-a2e8ab_b16_k8_isolated,isolated,ours,32,0,total_ms,501.347534,recorder
20260925-072918_perlmutter_cb90a27f,ours_l01_s1_pv2_r2_pv3c_eps05_trace-a2e8ab_b16_k8_isolated,isolated,ours,32,1,total_ms,350.677582,recorder
20260925-072918_perlmutter_cb90a27f,ours_l01_s1_pv2_r2_pv3c_eps05_trace-a2e8ab_b16_k8_isolated,isolated,ours,32,2,total_ms,23.01856,recorder
20260925-072918_perlmutter_cb90a27f,ours_l01_s1_pv2_r2_pv3c_eps05_trace-a2e8ab_b16_k8_isolated,isolated,ours,32,3,total_ms,501.189789,recorder
20260925-072918_perlmutter_cb90a27f,ours_l01_s1_pv2_r2_pv3c_eps05_trace-a2e8ab_b16_k8_isolated,isolated,ours,32,4,total_ms,442.795074,recorder
20260925-072918_perlmutter_cb90a27f,ours_l01_s1_pv2_r2_pv3c_eps05_trace-a2e8ab_b16_k8_isolated,isolated,ours,32,5,total_ms,25.323521,recorder
20260925-072918_perlmutter_cb90a27f,ours_l01_s1_pv2_r2_pv3c_eps05_trace-a2e8ab_b16_k8_isolated,isolated,ours,32,6,total_ms,24.360672,recorder
20260925-072918_perlmutter_cb90a27f,ours_l01_s1_pv2_r2_pv3c_eps05_trace-a2e8ab_b16_k8_isolated,isolated,ours,32,7,total_ms,495.525452,recorder
20260925-072918_perlmutter_cb90a27f,ours_l01_s1_pv2_r2_pv3c_eps05_trace-a2e8ab_b16_k8_isolated,isolated,ours,32,8,total_ms,22.839296,recorder
20260925-072918_perlmutter_cb90a27f,ours_l01_s1_pv2_r2_pv3c_eps05_trace-a2e8ab_b16_k8_isolated,isolated,ours,32,9,total_ms,352.561432,recorder
20260925-072918_perlmutter_cb90a27f,ours_l01_s1_pv2_r2_pv3c_eps05_trace-a2e8ab_b16_k8_isolated,isolated,ours,32,0,iso_sync_ms,19.351552,recorder
20260925-072918_perlmutter_cb90a27f,ours_l01_s1_pv2_r2_pv3c_eps05_trace-a2e8ab_b16_k8_isolated,isolated,ours,32,1,iso_sync_ms,498.375019,recorder
20260925-072918_perlmutter_cb90a27f,ours_l01_s1_pv2_r2_pv3c_eps05_trace-a2e8ab_b16_k8_isolated,isolated,ours,32,2,iso_sync_ms,346.711408,recorder
20260925-072918_perlmutter_cb90a27f,ours_l01_s1_pv2_r2_pv3c_eps05_trace-a2e8ab_b16_k8_isolated,isolated,ours,32,3,iso_sync_ms,18.650034,recorder
20260925-072918_perlmutter_cb90a27f,ours_l01_s1_pv2_r2_pv3c_eps05_trace-a2e8ab_b16_k8_isolated,isolated,ours,32,4,iso_sync_ms,497.561224,recorder
20260925-072918_perlmutter_cb90a27f,ours_l01_s1_pv2_r2_pv3c_eps05_trace-a2e8ab_b16_k8_isolated,isolated,ours,32,5,iso_sync_ms,438.861768,recorder
20260925-072918_perlmutter_cb90a27f,ours_l01_s1_pv2_r2_pv3c_eps05_trace-a2e8ab_b16_k8_isolated,isolated,ours,32,6,iso_sync_ms,21.046203,recorder
20260925-072918_perlmutter_cb90a27f,ours_l01_s1_pv2_r2_pv3c_eps05_trace-a2e8ab_b16_k8_isolated,isolated,ours,32,7,iso_sync_ms,20.320568,recorder
20260925-072918_perlmutter_cb90a27f,ours_l01_s1_pv2_r2_pv3c_eps05_trace-a2e8ab_b16_k8_isolated,isolated,ours,32,8,iso_sync_ms,491.845709,recorder
20260925-072918_perlmutter_cb90a27f,ours_l01_s1_pv2_r2_pv3c_eps05_trace-a2e8ab_b16_k8_isolated,isolated,ours,32,9,iso_sync_ms,17.753929,recorder
20260925-072918_perlmutter_cb90a27f,ours_l01_s1_pv2_r2_pv3c_eps05_trace-a2e8ab_b16_k8_isolated,isolated,ours,33,0,e2e_ms,498.673553,recorder
20260925-072918_perlmutter_cb90a27f,ours_l01_s1_pv2_r2_pv3c_eps05_trace-a2e8ab_b16_k8_isolated,isolated,ours,33,1,e2e_ms,347.800507,recorder
20260925-072918_perlmutter_cb90a27f,ours_l01_s1_pv2_r2_pv3c_eps05_trace-a2e8ab_b16_k8_isolated,isolated,ours,33,2,e2e_ms,20.147104,recorder
20260925-072918_perlmutter_cb90a27f,ours_l01_s1_pv2_r2_pv3c_eps05_trace-a2e8ab_b16_k8_isolated,isolated,ours,33,3,e2e_ms,498.667938,recorder
20260925-072918_perlmutter_cb90a27f,ours_l01_s1_pv2_r2_pv3c_eps05_trace-a2e8ab_b16_k8_isolated,isolated,ours,33,4,e2e_ms,440.134125,recorder
20260925-072918_perlmutter_cb90a27f,ours_l01_s1_pv2_r2_pv3c_eps05_trace-a2e8ab_b16_k8_isolated,isolated,ours,33,5,e2e_ms,22.565121,recorder
20260925-072918_perlmutter_cb90a27f,ours_l01_s1_pv2_r2_pv3c_eps05_trace-a2e8ab_b16_k8_isolated,isolated,ours,33,6,e2e_ms,21.79376,recorder
20260925-072918_perlmutter_cb90a27f,ours_l01_s1_pv2_r2_pv3c_eps05_trace-a2e8ab_b16_k8_isolated,isolated,ours,33,7,e2e_ms,492.944641,recorder
20260925-072918_perlmutter_cb90a27f,ours_l01_s1_pv2_r2_pv3c_eps05_trace-a2e8ab_b16_k8_isolated,isolated,ours,33,8,e2e_ms,20.01664,recorder
20260925-072918_perlmutter_cb90a27f,ours_l01_s1_pv2_r2_pv3c_eps05_trace-a2e8ab_b16_k8_isolated,isolated,ours,33,9,e2e_ms,349.724182,recorder
20260925-072918_perlmutter_cb90a27f,ours_l01_s1_pv2_r2_pv3c_eps05_trace-a2e8ab_b16_k8_isolated,isolated,ours,33,0,l0_ms,10.605888,recorder
20260925-072918_perlmutter_cb90a27f,ours_l01_s1_pv2_r2_pv3c_eps05_trace-a2e8ab_b16_k8_isolated,isolated,ours,33,1,l0_ms,10.585888,recorder
20260925-072918_perlmutter_cb90a27f,ours_l01_s1_pv2_r2_pv3c_eps05_trace-a2e8ab_b16_k8_isolated,isolated,ours,33,2,l0_ms,10.457568,recorder
20260925-072918_perlmutter_cb90a27f,ours_l01_s1_pv2_r2_pv3c_eps05_trace-a2e8ab_b16_k8_isolated,isolated,ours,33,3,l0_ms,11.9288,recorder
20260925-072918_perlmutter_cb90a27f,ours_l01_s1_pv2_r2_pv3c_eps05_trace-a2e8ab_b16_k8_isolated,isolated,ours,33,4,l0_ms,11.958336,recorder
20260925-072918_perlmutter_cb90a27f,ours_l01_s1_pv2_r2_pv3c_eps05_trace-a2e8ab_b16_k8_isolated,isolated,ours,33,5,l0_ms,11.159328,recorder
20260925-072918_perlmutter_cb90a27f,ours_l01_s1_pv2_r2_pv3c_eps05_trace-a2e8ab_b16_k8_isolated,isolated,ours,33,6,l0_ms,11.430688,recorder
20260925-072918_perlmutter_cb90a27f,ours_l01_s1_pv2_r2_pv3c_eps05_trace-a2e8ab_b16_k8_isolated,isolated,ours,33,7,l0_ms,9.720448,recorder
20260925-072918_perlmutter_cb90a27f,ours_l01_s1_pv2_r2_pv3c_eps05_trace-a2e8ab_b16_k8_isolated,isolated,ours,33,8,l0_ms,10.227296,recorder
20260925-072918_perlmutter_cb90a27f,ours_l01_s1_pv2_r2_pv3c_eps05_trace-a2e8ab_b16_k8_isolated,isolated,ours,33,9,l0_ms,10.416608,recorder
20260925-072918_perlmutter_cb90a27f,ours_l01_s1_pv2_r2_pv3c_eps05_trace-a2e8ab_b16_k8_isolated,isolated,ours,33,0,act_ms,0.10672,recorder
20260925-072918_perlmutter_cb90a27f,ours_l01_s1_pv2_r2_pv3c_eps05_trace-a2e8ab_b16_k8_isolated,isolated,ours,33,1,act_ms,0.102048,recorder
20260925-072918_perlmutter_cb90a27f,ours_l01_s1_pv2_r2_pv3c_eps05_trace-a2e8ab_b16_k8_isolated,isolated,ours,33,2,act_ms,0.103776,recorder
20260925-072918_perlmutter_cb90a27f,ours_l01_s1_pv2_r2_pv3c_eps05_trace-a2e8ab_b16_k8_isolated,isolated,ours,33,3,act_ms,0.106272,recorder
20260925-072918_perlmutter_cb90a27f,ours_l01_s1_pv2_r2_pv3c_eps05_trace-a2e8ab_b16_k8_isolated,isolated,ours,33,4,act_ms,0.106432,recorder
20260925-072918_perlmutter_cb90a27f,ours_l01_s1_pv2_r2_pv3c_eps05_trace-a2e8ab_b16_k8_isolated,isolated,ours,33,5,act_ms,0.104608,recorder
20260925-072918_perlmutter_cb90a27f,ours_l01_s1_pv2_r2_pv3c_eps05_trace-a2e8ab_b16_k8_isolated,isolated,ours,33,6,act_ms,0.102496,recorder
20260925-072918_perlmutter_cb90a27f,ours_l01_s1_pv2_r2_pv3c_eps05_trace-a2e8ab_b16_k8_isolated,isolated,ours,33,7,act_ms,0.101856,recorder
20260925-072918_perlmutter_cb90a27f,ours_l01_s1_pv2_r2_pv3c_eps05_trace-a2e8ab_b16_k8_isolated,isolated,ours,33,8,act_ms,0.105152,recorder
20260925-072918_perlmutter_cb90a27f,ours_l01_s1_pv2_r2_pv3c_eps05_trace-a2e8ab_b16_k8_isolated,isolated,ours,33,9,act_ms,0.103456,recorder
20260925-072918_perlmutter_cb90a27f,ours_l01_s1_pv2_r2_pv3c_eps05_trace-a2e8ab_b16_k8_isolated,isolated,ours,33,0,l1_ms,487.960968,recorder
20260925-072918_perlmutter_cb90a27f,ours_l01_s1_pv2_r2_pv3c_eps05_trace-a2e8ab_b16_k8_isolated,isolated,ours,33,1,l1_ms,337.112579,recorder
20260925-072918_perlmutter_cb90a27f,ours_l01_s1_pv2_r2_pv3c_eps05_trace-a2e8ab_b16_k8_isolated,isolated,ours,33,2,l1_ms,9.58576,recorder
20260925-072918_perlmutter_cb90a27f,ours_l01_s1_pv2_r2_pv3c_eps05_trace-a2e8ab_b16_k8_isolated,isolated,ours,33,3,l1_ms,486.632874,recorder
20260925-072918_perlmutter_cb90a27f,ours_l01_s1_pv2_r2_pv3c_eps05_trace-a2e8ab_b16_k8_isolated,isolated,ours,33,4,l1_ms,428.069336,recorder
20260925-072918_perlmutter_cb90a27f,ours_l01_s1_pv2_r2_pv3c_eps05_trace-a2e8ab_b16_k8_isolated,isolated,ours,33,5,l1_ms,11.301184,recorder
20260925-072918_perlmutter_cb90a27f,ours_l01_s1_pv2_r2_pv3c_eps05_trace-a2e8ab_b16_k8_isolated,isolated,ours,33,6,l1_ms,10.260576,recorder
20260925-072918_perlmutter_cb90a27f,ours_l01_s1_pv2_r2_pv3c_eps05_trace-a2e8ab_b16_k8_isolated,isolated,ours,33,7,l1_ms,483.122345,recorder
20260925-072918_perlmutter_cb90a27f,ours_l01_s1_pv2_r2_pv3c_eps05_trace-a2e8ab_b16_k8_isolated,isolated,ours,33,8,l1_ms,9.684192,recorder
20260925-072918_perlmutter_cb90a27f,ours_l01_s1_pv2_r2_pv3c_eps05_trace-a2e8ab_b16_k8_isolated,isolated,ours,33,9,l1_ms,339.204132,recorder
20260925-072918_perlmutter_cb90a27f,ours_l01_s1_pv2_r2_pv3c_eps05_trace-a2e8ab_b16_k8_isolated,isolated,ours,33,0,plan_comm_ms,0.599264,recorder
20260925-072918_perlmutter_cb90a27f,ours_l01_s1_pv2_r2_pv3c_eps05_trace-a2e8ab_b16_k8_isolated,isolated,ours,33,1,plan_comm_ms,0.753472,recorder
20260925-072918_perlmutter_cb90a27f,ours_l01_s1_pv2_r2_pv3c_eps05_trace-a2e8ab_b16_k8_isolated,isolated,ours,33,2,plan_comm_ms,0.89312,recorder
20260925-072918_perlmutter_cb90a27f,ours_l01_s1_pv2_r2_pv3c_eps05_trace-a2e8ab_b16_k8_isolated,isolated,ours,33,3,plan_comm_ms,0.619072,recorder
20260925-072918_perlmutter_cb90a27f,ours_l01_s1_pv2_r2_pv3c_eps05_trace-a2e8ab_b16_k8_isolated,isolated,ours,33,4,plan_comm_ms,0.62208,recorder
20260925-072918_perlmutter_cb90a27f,ours_l01_s1_pv2_r2_pv3c_eps05_trace-a2e8ab_b16_k8_isolated,isolated,ours,33,5,plan_comm_ms,0.906688,recorder
20260925-072918_perlmutter_cb90a27f,ours_l01_s1_pv2_r2_pv3c_eps05_trace-a2e8ab_b16_k8_isolated,isolated,ours,33,6,plan_comm_ms,0.595808,recorder
20260925-072918_perlmutter_cb90a27f,ours_l01_s1_pv2_r2_pv3c_eps05_trace-a2e8ab_b16_k8_isolated,isolated,ours,33,7,plan_comm_ms,0.70032,recorder
20260925-072918_perlmutter_cb90a27f,ours_l01_s1_pv2_r2_pv3c_eps05_trace-a2e8ab_b16_k8_isolated,isolated,ours,33,8,plan_comm_ms,0.945408,recorder
20260925-072918_perlmutter_cb90a27f,ours_l01_s1_pv2_r2_pv3c_eps05_trace-a2e8ab_b16_k8_isolated,isolated,ours,33,9,plan_comm_ms,0.669056,recorder
20260925-072918_perlmutter_cb90a27f,ours_l01_s1_pv2_r2_pv3c_eps05_trace-a2e8ab_b16_k8_isolated,isolated,ours,33,0,place_ms,0.002336,recorder
20260925-072918_perlmutter_cb90a27f,ours_l01_s1_pv2_r2_pv3c_eps05_trace-a2e8ab_b16_k8_isolated,isolated,ours,33,1,place_ms,0.002304,recorder
20260925-072918_perlmutter_cb90a27f,ours_l01_s1_pv2_r2_pv3c_eps05_trace-a2e8ab_b16_k8_isolated,isolated,ours,33,2,place_ms,0.002336,recorder
20260925-072918_perlmutter_cb90a27f,ours_l01_s1_pv2_r2_pv3c_eps05_trace-a2e8ab_b16_k8_isolated,isolated,ours,33,3,place_ms,0.002304,recorder
20260925-072918_perlmutter_cb90a27f,ours_l01_s1_pv2_r2_pv3c_eps05_trace-a2e8ab_b16_k8_isolated,isolated,ours,33,4,place_ms,0.002304,recorder
20260925-072918_perlmutter_cb90a27f,ours_l01_s1_pv2_r2_pv3c_eps05_trace-a2e8ab_b16_k8_isolated,isolated,ours,33,5,place_ms,0.002304,recorder
20260925-072918_perlmutter_cb90a27f,ours_l01_s1_pv2_r2_pv3c_eps05_trace-a2e8ab_b16_k8_isolated,isolated,ours,33,6,place_ms,0.002336,recorder
20260925-072918_perlmutter_cb90a27f,ours_l01_s1_pv2_r2_pv3c_eps05_trace-a2e8ab_b16_k8_isolated,isolated,ours,33,7,place_ms,0.002496,recorder
20260925-072918_perlmutter_cb90a27f,ours_l01_s1_pv2_r2_pv3c_eps05_trace-a2e8ab_b16_k8_isolated,isolated,ours,33,8,place_ms,0.002336,recorder
20260925-072918_perlmutter_cb90a27f,ours_l01_s1_pv2_r2_pv3c_eps05_trace-a2e8ab_b16_k8_isolated,isolated,ours,33,9,place_ms,0.002336,recorder
20260925-072918_perlmutter_cb90a27f,ours_l01_s1_pv2_r2_pv3c_eps05_trace-a2e8ab_b16_k8_isolated,isolated,ours,33,0,plan_ms,1.951552,recorder
20260925-072918_perlmutter_cb90a27f,ours_l01_s1_pv2_r2_pv3c_eps05_trace-a2e8ab_b16_k8_isolated,isolated,ours,33,1,plan_ms,1.950528,recorder
20260925-072918_perlmutter_cb90a27f,ours_l01_s1_pv2_r2_pv3c_eps05_trace-a2e8ab_b16_k8_isolated,isolated,ours,33,2,plan_ms,1.992352,recorder
20260925-072918_perlmutter_cb90a27f,ours_l01_s1_pv2_r2_pv3c_eps05_trace-a2e8ab_b16_k8_isolated,isolated,ours,33,3,plan_ms,1.962112,recorder
20260925-072918_perlmutter_cb90a27f,ours_l01_s1_pv2_r2_pv3c_eps05_trace-a2e8ab_b16_k8_isolated,isolated,ours,33,4,plan_ms,1.946272,recorder
20260925-072918_perlmutter_cb90a27f,ours_l01_s1_pv2_r2_pv3c_eps05_trace-a2e8ab_b16_k8_isolated,isolated,ours,33,5,plan_ms,1.935904,recorder
20260925-072918_perlmutter_cb90a27f,ours_l01_s1_pv2_r2_pv3c_eps05_trace-a2e8ab_b16_k8_isolated,isolated,ours,33,6,plan_ms,1.964416,recorder
20260925-072918_perlmutter_cb90a27f,ours_l01_s1_pv2_r2_pv3c_eps05_trace-a2e8ab_b16_k8_isolated,isolated,ours,33,7,plan_ms,1.919104,recorder
20260925-072918_perlmutter_cb90a27f,ours_l01_s1_pv2_r2_pv3c_eps05_trace-a2e8ab_b16_k8_isolated,isolated,ours,33,8,plan_ms,1.98784,recorder
20260925-072918_perlmutter_cb90a27f,ours_l01_s1_pv2_r2_pv3c_eps05_trace-a2e8ab_b16_k8_isolated,isolated,ours,33,9,plan_ms,1.912512,recorder
20260925-072918_perlmutter_cb90a27f,ours_l01_s1_pv2_r2_pv3c_eps05_trace-a2e8ab_b16_k8_isolated,isolated,ours,33,0,total_ms,501.236053,recorder
20260925-072918_perlmutter_cb90a27f,ours_l01_s1_pv2_r2_pv3c_eps05_trace-a2e8ab_b16_k8_isolated,isolated,ours,33,1,total_ms,350.515991,recorder
20260925-072918_perlmutter_cb90a27f,ours_l01_s1_pv2_r2_pv3c_eps05_trace-a2e8ab_b16_k8_isolated,isolated,ours,33,2,total_ms,23.044512,recorder
20260925-072918_perlmutter_cb90a27f,ours_l01_s1_pv2_r2_pv3c_eps05_trace-a2e8ab_b16_k8_isolated,isolated,ours,33,3,total_ms,501.260712,recorder
20260925-072918_perlmutter_cb90a27f,ours_l01_s1_pv2_r2_pv3c_eps05_trace-a2e8ab_b16_k8_isolated,isolated,ours,33,4,total_ms,442.713898,recorder
20260925-072918_perlmutter_cb90a27f,ours_l01_s1_pv2_r2_pv3c_eps05_trace-a2e8ab_b16_k8_isolated,isolated,ours,33,5,total_ms,25.419807,recorder
20260925-072918_perlmutter_cb90a27f,ours_l01_s1_pv2_r2_pv3c_eps05_trace-a2e8ab_b16_k8_isolated,isolated,ours,33,6,total_ms,24.365248,recorder
20260925-072918_perlmutter_cb90a27f,ours_l01_s1_pv2_r2_pv3c_eps05_trace-a2e8ab_b16_k8_isolated,isolated,ours,33,7,total_ms,495.575775,recorder
20260925-072918_perlmutter_cb90a27f,ours_l01_s1_pv2_r2_pv3c_eps05_trace-a2e8ab_b16_k8_isolated,isolated,ours,33,8,total_ms,22.961151,recorder
20260925-072918_perlmutter_cb90a27f,ours_l01_s1_pv2_r2_pv3c_eps05_trace-a2e8ab_b16_k8_isolated,isolated,ours,33,9,total_ms,352.317108,recorder
20260925-072918_perlmutter_cb90a27f,ours_l01_s1_pv2_r2_pv3c_eps05_trace-a2e8ab_b16_k8_isolated,isolated,ours,33,0,iso_sync_ms,19.341072,recorder
20260925-072918_perlmutter_cb90a27f,ours_l01_s1_pv2_r2_pv3c_eps05_trace-a2e8ab_b16_k8_isolated,isolated,ours,33,1,iso_sync_ms,498.325984,recorder
20260925-072918_perlmutter_cb90a27f,ours_l01_s1_pv2_r2_pv3c_eps05_trace-a2e8ab_b16_k8_isolated,isolated,ours,33,2,iso_sync_ms,346.547211,recorder
20260925-072918_perlmutter_cb90a27f,ours_l01_s1_pv2_r2_pv3c_eps05_trace-a2e8ab_b16_k8_isolated,isolated,ours,33,3,iso_sync_ms,18.614796,recorder
20260925-072918_perlmutter_cb90a27f,ours_l01_s1_pv2_r2_pv3c_eps05_trace-a2e8ab_b16_k8_isolated,isolated,ours,33,4,iso_sync_ms,497.486118,recorder
20260925-072918_perlmutter_cb90a27f,ours_l01_s1_pv2_r2_pv3c_eps05_trace-a2e8ab_b16_k8_isolated,isolated,ours,33,5,iso_sync_ms,438.050879,recorder
20260925-072918_perlmutter_cb90a27f,ours_l01_s1_pv2_r2_pv3c_eps05_trace-a2e8ab_b16_k8_isolated,isolated,ours,33,6,iso_sync_ms,20.815105,recorder
20260925-072918_perlmutter_cb90a27f,ours_l01_s1_pv2_r2_pv3c_eps05_trace-a2e8ab_b16_k8_isolated,isolated,ours,33,7,iso_sync_ms,20.207429,recorder
20260925-072918_perlmutter_cb90a27f,ours_l01_s1_pv2_r2_pv3c_eps05_trace-a2e8ab_b16_k8_isolated,isolated,ours,33,8,iso_sync_ms,491.841751,recorder
20260925-072918_perlmutter_cb90a27f,ours_l01_s1_pv2_r2_pv3c_eps05_trace-a2e8ab_b16_k8_isolated,isolated,ours,33,9,iso_sync_ms,18.50823,recorder
20260925-072918_perlmutter_cb90a27f,ours_l01_s1_pv2_r2_pv3c_eps05_trace-a2e8ab_b16_k8_isolated,isolated,ours,34,0,e2e_ms,498.66922,recorder
20260925-072918_perlmutter_cb90a27f,ours_l01_s1_pv2_r2_pv3c_eps05_trace-a2e8ab_b16_k8_isolated,isolated,ours,34,1,e2e_ms,347.779938,recorder
20260925-072918_perlmutter_cb90a27f,ours_l01_s1_pv2_r2_pv3c_eps05_trace-a2e8ab_b16_k8_isolated,isolated,ours,34,2,e2e_ms,20.109056,recorder
20260925-072918_perlmutter_cb90a27f,ours_l01_s1_pv2_r2_pv3c_eps05_trace-a2e8ab_b16_k8_isolated,isolated,ours,34,3,e2e_ms,498.588806,recorder
20260925-072918_perlmutter_cb90a27f,ours_l01_s1_pv2_r2_pv3c_eps05_trace-a2e8ab_b16_k8_isolated,isolated,ours,34,4,e2e_ms,440.100952,recorder
20260925-072918_perlmutter_cb90a27f,ours_l01_s1_pv2_r2_pv3c_eps05_trace-a2e8ab_b16_k8_isolated,isolated,ours,34,5,e2e_ms,22.565697,recorder
20260925-072918_perlmutter_cb90a27f,ours_l01_s1_pv2_r2_pv3c_eps05_trace-a2e8ab_b16_k8_isolated,isolated,ours,34,6,e2e_ms,21.786783,recorder
20260925-072918_perlmutter_cb90a27f,ours_l01_s1_pv2_r2_pv3c_eps05_trace-a2e8ab_b16_k8_isolated,isolated,ours,34,7,e2e_ms,492.842377,recorder
20260925-072918_perlmutter_cb90a27f,ours_l01_s1_pv2_r2_pv3c_eps05_trace-a2e8ab_b16_k8_isolated,isolated,ours,34,8,e2e_ms,19.968224,recorder
20260925-072918_perlmutter_cb90a27f,ours_l01_s1_pv2_r2_pv3c_eps05_trace-a2e8ab_b16_k8_isolated,isolated,ours,34,9,e2e_ms,349.808167,recorder
20260925-072918_perlmutter_cb90a27f,ours_l01_s1_pv2_r2_pv3c_eps05_trace-a2e8ab_b16_k8_isolated,isolated,ours,34,0,l0_ms,10.599904,recorder
20260925-072918_perlmutter_cb90a27f,ours_l01_s1_pv2_r2_pv3c_eps05_trace-a2e8ab_b16_k8_isolated,isolated,ours,34,1,l0_ms,10.569312,recorder
20260925-072918_perlmutter_cb90a27f,ours_l01_s1_pv2_r2_pv3c_eps05_trace-a2e8ab_b16_k8_isolated,isolated,ours,34,2,l0_ms,10.438848,recorder
20260925-072918_perlmutter_cb90a27f,ours_l01_s1_pv2_r2_pv3c_eps05_trace-a2e8ab_b16_k8_isolated,isolated,ours,34,3,l0_ms,11.92368,recorder
20260925-072918_perlmutter_cb90a27f,ours_l01_s1_pv2_r2_pv3c_eps05_trace-a2e8ab_b16_k8_isolated,isolated,ours,34,4,l0_ms,11.949888,recorder
20260925-072918_perlmutter_cb90a27f,ours_l01_s1_pv2_r2_pv3c_eps05_trace-a2e8ab_b16_k8_isolated,isolated,ours,34,5,l0_ms,11.148736,recorder
20260925-072918_perlmutter_cb90a27f,ours_l01_s1_pv2_r2_pv3c_eps05_trace-a2e8ab_b16_k8_isolated,isolated,ours,34,6,l0_ms,11.421664,recorder
20260925-072918_perlmutter_cb90a27f,ours_l01_s1_pv2_r2_pv3c_eps05_trace-a2e8ab_b16_k8_isolated,isolated,ours,34,7,l0_ms,9.680352,recorder
20260925-072918_perlmutter_cb90a27f,ours_l01_s1_pv2_r2_pv3c_eps05_trace-a2e8ab_b16_k8_isolated,isolated,ours,34,8,l0_ms,10.162304,recorder
20260925-072918_perlmutter_cb90a27f,ours_l01_s1_pv2_r2_pv3c_eps05_trace-a2e8ab_b16_k8_isolated,isolated,ours,34,9,l0_ms,10.378752,recorder
20260925-072918_perlmutter_cb90a27f,ours_l01_s1_pv2_r2_pv3c_eps05_trace-a2e8ab_b16_k8_isolated,isolated,ours,34,0,act_ms,0.074784,recorder
20260925-072918_perlmutter_cb90a27f,ours_l01_s1_pv2_r2_pv3c_eps05_trace-a2e8ab_b16_k8_isolated,isolated,ours,34,1,act_ms,0.089664,recorder
20260925-072918_perlmutter_cb90a27f,ours_l01_s1_pv2_r2_pv3c_eps05_trace-a2e8ab_b16_k8_isolated,isolated,ours,34,2,act_ms,0.079616,recorder
20260925-072918_perlmutter_cb90a27f,ours_l01_s1_pv2_r2_pv3c_eps05_trace-a2e8ab_b16_k8_isolated,isolated,ours,34,3,act_ms,0.0784,recorder
20260925-072918_perlmutter_cb90a27f,ours_l01_s1_pv2_r2_pv3c_eps05_trace-a2e8ab_b16_k8_isolated,isolated,ours,34,4,act_ms,0.07904,recorder
20260925-072918_perlmutter_cb90a27f,ours_l01_s1_pv2_r2_pv3c_eps05_trace-a2e8ab_b16_k8_isolated,isolated,ours,34,5,act_ms,0.077088,recorder
20260925-072918_perlmutter_cb90a27f,ours_l01_s1_pv2_r2_pv3c_eps05_trace-a2e8ab_b16_k8_isolated,isolated,ours,34,6,act_ms,0.076608,recorder
20260925-072918_perlmutter_cb90a27f,ours_l01_s1_pv2_r2_pv3c_eps05_trace-a2e8ab_b16_k8_isolated,isolated,ours,34,7,act_ms,0.082624,recorder
20260925-072918_perlmutter_cb90a27f,ours_l01_s1_pv2_r2_pv3c_eps05_trace-a2e8ab_b16_k8_isolated,isolated,ours,34,8,act_ms,0.079936,recorder
20260925-072918_perlmutter_cb90a27f,ours_l01_s1_pv2_r2_pv3c_eps05_trace-a2e8ab_b16_k8_isolated,isolated,ours,34,9,act_ms,0.079136,recorder
20260925-072918_perlmutter_cb90a27f,ours_l01_s1_pv2_r2_pv3c_eps05_trace-a2e8ab_b16_k8_isolated,isolated,ours,34,0,l1_ms,487.994537,recorder
20260925-072918_perlmutter_cb90a27f,ours_l01_s1_pv2_r2_pv3c_eps05_trace-a2e8ab_b16_k8_isolated,isolated,ours,34,1,l1_ms,337.120972,recorder
20260925-072918_perlmutter_cb90a27f,ours_l01_s1_pv2_r2_pv3c_eps05_trace-a2e8ab_b16_k8_isolated,isolated,ours,34,2,l1_ms,9.590592,recorder
20260925-072918_perlmutter_cb90a27f,ours_l01_s1_pv2_r2_pv3c_eps05_trace-a2e8ab_b16_k8_isolated,isolated,ours,34,3,l1_ms,486.586731,recorder
20260925-072918_perlmutter_cb90a27f,ours_l01_s1_pv2_r2_pv3c_eps05_trace-a2e8ab_b16_k8_isolated,isolated,ours,34,4,l1_ms,428.072021,recorder
20260925-072918_perlmutter_cb90a27f,ours_l01_s1_pv2_r2_pv3c_eps05_trace-a2e8ab_b16_k8_isolated,isolated,ours,34,5,l1_ms,11.339872,recorder
20260925-072918_perlmutter_cb90a27f,ours_l01_s1_pv2_r2_pv3c_eps05_trace-a2e8ab_b16_k8_isolated,isolated,ours,34,6,l1_ms,10.288512,recorder
20260925-072918_perlmutter_cb90a27f,ours_l01_s1_pv2_r2_pv3c_eps05_trace-a2e8ab_b16_k8_isolated,isolated,ours,34,7,l1_ms,483.079407,recorder
20260925-072918_perlmutter_cb90a27f,ours_l01_s1_pv2_r2_pv3c_eps05_trace-a2e8ab_b16_k8_isolated,isolated,ours,34,8,l1_ms,9.725984,recorder
20260925-072918_perlmutter_cb90a27f,ours_l01_s1_pv2_r2_pv3c_eps05_trace-a2e8ab_b16_k8_isolated,isolated,ours,34,9,l1_ms,339.350281,recorder
20260925-072918_perlmutter_cb90a27f,ours_l01_s1_pv2_r2_pv3c_eps05_trace-a2e8ab_b16_k8_isolated,isolated,ours,34,0,plan_comm_ms,0.590432,recorder
20260925-072918_perlmutter_cb90a27f,ours_l01_s1_pv2_r2_pv3c_eps05_trace-a2e8ab_b16_k8_isolated,isolated,ours,34,1,plan_comm_ms,0.910208,recorder
20260925-072918_perlmutter_cb90a27f,ours_l01_s1_pv2_r2_pv3c_eps05_trace-a2e8ab_b16_k8_isolated,isolated,ours,34,2,plan_comm_ms,0.890464,recorder
20260925-072918_perlmutter_cb90a27f,ours_l01_s1_pv2_r2_pv3c_eps05_trace-a2e8ab_b16_k8_isolated,isolated,ours,34,3,plan_comm_ms,0.617952,recorder
20260925-072918_perlmutter_cb90a27f,ours_l01_s1_pv2_r2_pv3c_eps05_trace-a2e8ab_b16_k8_isolated,isolated,ours,34,4,plan_comm_ms,0.66704,recorder
20260925-072918_perlmutter_cb90a27f,ours_l01_s1_pv2_r2_pv3c_eps05_trace-a2e8ab_b16_k8_isolated,isolated,ours,34,5,plan_comm_ms,0.902208,recorder
20260925-072918_perlmutter_cb90a27f,ours_l01_s1_pv2_r2_pv3c_eps05_trace-a2e8ab_b16_k8_isolated,isolated,ours,34,6,plan_comm_ms,0.58864,recorder
20260925-072918_perlmutter_cb90a27f,ours_l01_s1_pv2_r2_pv3c_eps05_trace-a2e8ab_b16_k8_isolated,isolated,ours,34,7,plan_comm_ms,0.69872,recorder
20260925-072918_perlmutter_cb90a27f,ours_l01_s1_pv2_r2_pv3c_eps05_trace-a2e8ab_b16_k8_isolated,isolated,ours,34,8,plan_comm_ms,0.943936,recorder
20260925-072918_perlmutter_cb90a27f,ours_l01_s1_pv2_r2_pv3c_eps05_trace-a2e8ab_b16_k8_isolated,isolated,ours,34,9,plan_comm_ms,0.6648,recorder
20260925-072918_perlmutter_cb90a27f,ours_l01_s1_pv2_r2_pv3c_eps05_trace-a2e8ab_b16_k8_isolated,isolated,ours,34,0,place_ms,0.002336,recorder
20260925-072918_perlmutter_cb90a27f,ours_l01_s1_pv2_r2_pv3c_eps05_trace-a2e8ab_b16_k8_isolated,isolated,ours,34,1,place_ms,0.002336,recorder
20260925-072918_perlmutter_cb90a27f,ours_l01_s1_pv2_r2_pv3c_eps05_trace-a2e8ab_b16_k8_isolated,isolated,ours,34,2,place_ms,0.002336,recorder
20260925-072918_perlmutter_cb90a27f,ours_l01_s1_pv2_r2_pv3c_eps05_trace-a2e8ab_b16_k8_isolated,isolated,ours,34,3,place_ms,0.002336,recorder
20260925-072918_perlmutter_cb90a27f,ours_l01_s1_pv2_r2_pv3c_eps05_trace-a2e8ab_b16_k8_isolated,isolated,ours,34,4,place_ms,0.002368,recorder
20260925-072918_perlmutter_cb90a27f,ours_l01_s1_pv2_r2_pv3c_eps05_trace-a2e8ab_b16_k8_isolated,isolated,ours,34,5,place_ms,0.002336,recorder
20260925-072918_perlmutter_cb90a27f,ours_l01_s1_pv2_r2_pv3c_eps05_trace-a2e8ab_b16_k8_isolated,isolated,ours,34,6,place_ms,0.002336,recorder
20260925-072918_perlmutter_cb90a27f,ours_l01_s1_pv2_r2_pv3c_eps05_trace-a2e8ab_b16_k8_isolated,isolated,ours,34,7,place_ms,0.002688,recorder
20260925-072918_perlmutter_cb90a27f,ours_l01_s1_pv2_r2_pv3c_eps05_trace-a2e8ab_b16_k8_isolated,isolated,ours,34,8,place_ms,0.002336,recorder
20260925-072918_perlmutter_cb90a27f,ours_l01_s1_pv2_r2_pv3c_eps05_trace-a2e8ab_b16_k8_isolated,isolated,ours,34,9,place_ms,0.002336,recorder
20260925-072918_perlmutter_cb90a27f,ours_l01_s1_pv2_r2_pv3c_eps05_trace-a2e8ab_b16_k8_isolated,isolated,ours,34,0,plan_ms,1.969632,recorder
20260925-072918_perlmutter_cb90a27f,ours_l01_s1_pv2_r2_pv3c_eps05_trace-a2e8ab_b16_k8_isolated,isolated,ours,34,1,plan_ms,1.966944,recorder
20260925-072918_perlmutter_cb90a27f,ours_l01_s1_pv2_r2_pv3c_eps05_trace-a2e8ab_b16_k8_isolated,isolated,ours,34,2,plan_ms,2.02688,recorder
20260925-072918_perlmutter_cb90a27f,ours_l01_s1_pv2_r2_pv3c_eps05_trace-a2e8ab_b16_k8_isolated,isolated,ours,34,3,plan_ms,1.973568,recorder
20260925-072918_perlmutter_cb90a27f,ours_l01_s1_pv2_r2_pv3c_eps05_trace-a2e8ab_b16_k8_isolated,isolated,ours,34,4,plan_ms,1.954464,recorder
20260925-072918_perlmutter_cb90a27f,ours_l01_s1_pv2_r2_pv3c_eps05_trace-a2e8ab_b16_k8_isolated,isolated,ours,34,5,plan_ms,1.944192,recorder
20260925-072918_perlmutter_cb90a27f,ours_l01_s1_pv2_r2_pv3c_eps05_trace-a2e8ab_b16_k8_isolated,isolated,ours,34,6,plan_ms,1.980608,recorder
20260925-072918_perlmutter_cb90a27f,ours_l01_s1_pv2_r2_pv3c_eps05_trace-a2e8ab_b16_k8_isolated,isolated,ours,34,7,plan_ms,1.959712,recorder
20260925-072918_perlmutter_cb90a27f,ours_l01_s1_pv2_r2_pv3c_eps05_trace-a2e8ab_b16_k8_isolated,isolated,ours,34,8,plan_ms,2.03808,recorder
20260925-072918_perlmutter_cb90a27f,ours_l01_s1_pv2_r2_pv3c_eps05_trace-a2e8ab_b16_k8_isolated,isolated,ours,34,9,plan_ms,1.951168,recorder
20260925-072918_perlmutter_cb90a27f,ours_l01_s1_pv2_r2_pv3c_eps05_trace-a2e8ab_b16_k8_isolated,isolated,ours,34,0,total_ms,501.23996,recorder
20260925-072918_perlmutter_cb90a27f,ours_l01_s1_pv2_r2_pv3c_eps05_trace-a2e8ab_b16_k8_isolated,isolated,ours,34,1,total_ms,350.668579,recorder
20260925-072918_perlmutter_cb90a27f,ours_l01_s1_pv2_r2_pv3c_eps05_trace-a2e8ab_b16_k8_isolated,isolated,ours,34,2,total_ms,23.038048,recorder
20260925-072918_perlmutter_cb90a27f,ours_l01_s1_pv2_r2_pv3c_eps05_trace-a2e8ab_b16_k8_isolated,isolated,ours,34,3,total_ms,501.19223,recorder
20260925-072918_perlmutter_cb90a27f,ours_l01_s1_pv2_r2_pv3c_eps05_trace-a2e8ab_b16_k8_isolated,isolated,ours,34,4,total_ms,442.734253,recorder
20260925-072918_perlmutter_cb90a27f,ours_l01_s1_pv2_r2_pv3c_eps05_trace-a2e8ab_b16_k8_isolated,isolated,ours,34,5,total_ms,25.423519,recorder
20260925-072918_perlmutter_cb90a27f,ours_l01_s1_pv2_r2_pv3c_eps05_trace-a2e8ab_b16_k8_isolated,isolated,ours,34,6,total_ms,24.367359,recorder
20260925-072918_perlmutter_cb90a27f,ours_l01_s1_pv2_r2_pv3c_eps05_trace-a2e8ab_b16_k8_isolated,isolated,ours,34,7,total_ms,495.512573,recorder
20260925-072918_perlmutter_cb90a27f,ours_l01_s1_pv2_r2_pv3c_eps05_trace-a2e8ab_b16_k8_isolated,isolated,ours,34,8,total_ms,22.96176,recorder
20260925-072918_perlmutter_cb90a27f,ours_l01_s1_pv2_r2_pv3c_eps05_trace-a2e8ab_b16_k8_isolated,isolated,ours,34,9,total_ms,352.435638,recorder
20260925-072918_perlmutter_cb90a27f,ours_l01_s1_pv2_r2_pv3c_eps05_trace-a2e8ab_b16_k8_isolated,isolated,ours,34,0,iso_sync_ms,19.349618,recorder
20260925-072918_perlmutter_cb90a27f,ours_l01_s1_pv2_r2_pv3c_eps05_trace-a2e8ab_b16_k8_isolated,isolated,ours,34,1,iso_sync_ms,498.37581,recorder
20260925-072918_perlmutter_cb90a27f,ours_l01_s1_pv2_r2_pv3c_eps05_trace-a2e8ab_b16_k8_isolated,isolated,ours,34,2,iso_sync_ms,346.677012,recorder
20260925-072918_perlmutter_cb90a27f,ours_l01_s1_pv2_r2_pv3c_eps05_trace-a2e8ab_b16_k8_isolated,isolated,ours,34,3,iso_sync_ms,18.60646,recorder
20260925-072918_perlmutter_cb90a27f,ours_l01_s1_pv2_r2_pv3c_eps05_trace-a2e8ab_b16_k8_isolated,isolated,ours,34,4,iso_sync_ms,497.489144,recorder
20260925-072918_perlmutter_cb90a27f,ours_l01_s1_pv2_r2_pv3c_eps05_trace-a2e8ab_b16_k8_isolated,isolated,ours,34,5,iso_sync_ms,437.756409,recorder
20260925-072918_perlmutter_cb90a27f,ours_l01_s1_pv2_r2_pv3c_eps05_trace-a2e8ab_b16_k8_isolated,isolated,ours,34,6,iso_sync_ms,20.930018,recorder
20260925-072918_perlmutter_cb90a27f,ours_l01_s1_pv2_r2_pv3c_eps05_trace-a2e8ab_b16_k8_isolated,isolated,ours,34,7,iso_sync_ms,20.201328,recorder
20260925-072918_perlmutter_cb90a27f,ours_l01_s1_pv2_r2_pv3c_eps05_trace-a2e8ab_b16_k8_isolated,isolated,ours,34,8,iso_sync_ms,491.822474,recorder
20260925-072918_perlmutter_cb90a27f,ours_l01_s1_pv2_r2_pv3c_eps05_trace-a2e8ab_b16_k8_isolated,isolated,ours,34,9,iso_sync_ms,18.510053,recorder
20260925-072918_perlmutter_cb90a27f,ours_l01_s1_pv2_r2_pv3c_eps05_trace-a2e8ab_b16_k8_isolated,isolated,ours,35,0,e2e_ms,498.722565,recorder
20260925-072918_perlmutter_cb90a27f,ours_l01_s1_pv2_r2_pv3c_eps05_trace-a2e8ab_b16_k8_isolated,isolated,ours,35,1,e2e_ms,347.846375,recorder
20260925-072918_perlmutter_cb90a27f,ours_l01_s1_pv2_r2_pv3c_eps05_trace-a2e8ab_b16_k8_isolated,isolated,ours,35,2,e2e_ms,20.160513,recorder
20260925-072918_perlmutter_cb90a27f,ours_l01_s1_pv2_r2_pv3c_eps05_trace-a2e8ab_b16_k8_isolated,isolated,ours,35,3,e2e_ms,498.657227,recorder
20260925-072918_perlmutter_cb90a27f,ours_l01_s1_pv2_r2_pv3c_eps05_trace-a2e8ab_b16_k8_isolated,isolated,ours,35,4,e2e_ms,440.18277,recorder
20260925-072918_perlmutter_cb90a27f,ours_l01_s1_pv2_r2_pv3c_eps05_trace-a2e8ab_b16_k8_isolated,isolated,ours,35,5,e2e_ms,22.574623,recorder
20260925-072918_perlmutter_cb90a27f,ours_l01_s1_pv2_r2_pv3c_eps05_trace-a2e8ab_b16_k8_isolated,isolated,ours,35,6,e2e_ms,21.840096,recorder
20260925-072918_perlmutter_cb90a27f,ours_l01_s1_pv2_r2_pv3c_eps05_trace-a2e8ab_b16_k8_isolated,isolated,ours,35,7,e2e_ms,492.942596,recorder
20260925-072918_perlmutter_cb90a27f,ours_l01_s1_pv2_r2_pv3c_eps05_trace-a2e8ab_b16_k8_isolated,isolated,ours,35,8,e2e_ms,19.995457,recorder
20260925-072918_perlmutter_cb90a27f,ours_l01_s1_pv2_r2_pv3c_eps05_trace-a2e8ab_b16_k8_isolated,isolated,ours,35,9,e2e_ms,349.764099,recorder
20260925-072918_perlmutter_cb90a27f,ours_l01_s1_pv2_r2_pv3c_eps05_trace-a2e8ab_b16_k8_isolated,isolated,ours,35,0,l0_ms,10.642912,recorder
20260925-072918_perlmutter_cb90a27f,ours_l01_s1_pv2_r2_pv3c_eps05_trace-a2e8ab_b16_k8_isolated,isolated,ours,35,1,l0_ms,10.553056,recorder
20260925-072918_perlmutter_cb90a27f,ours_l01_s1_pv2_r2_pv3c_eps05_trace-a2e8ab_b16_k8_isolated,isolated,ours,35,2,l0_ms,10.469216,recorder
20260925-072918_perlmutter_cb90a27f,ours_l01_s1_pv2_r2_pv3c_eps05_trace-a2e8ab_b16_k8_isolated,isolated,ours,35,3,l0_ms,11.96112,recorder
20260925-072918_perlmutter_cb90a27f,ours_l01_s1_pv2_r2_pv3c_eps05_trace-a2e8ab_b16_k8_isolated,isolated,ours,35,4,l0_ms,12.020544,recorder
20260925-072918_perlmutter_cb90a27f,ours_l01_s1_pv2_r2_pv3c_eps05_trace-a2e8ab_b16_k8_isolated,isolated,ours,35,5,l0_ms,11.158272,recorder
20260925-072918_perlmutter_cb90a27f,ours_l01_s1_pv2_r2_pv3c_eps05_trace-a2e8ab_b16_k8_isolated,isolated,ours,35,6,l0_ms,11.480032,recorder
20260925-072918_perlmutter_cb90a27f,ours_l01_s1_pv2_r2_pv3c_eps05_trace-a2e8ab_b16_k8_isolated,isolated,ours,35,7,l0_ms,9.7264,recorder
20260925-072918_perlmutter_cb90a27f,ours_l01_s1_pv2_r2_pv3c_eps05_trace-a2e8ab_b16_k8_isolated,isolated,ours,35,8,l0_ms,10.188736,recorder
20260925-072918_perlmutter_cb90a27f,ours_l01_s1_pv2_r2_pv3c_eps05_trace-a2e8ab_b16_k8_isolated,isolated,ours,35,9,l0_ms,10.431968,recorder
20260925-072918_perlmutter_cb90a27f,ours_l01_s1_pv2_r2_pv3c_eps05_trace-a2e8ab_b16_k8_isolated,isolated,ours,35,0,act_ms,0.08208,recorder
20260925-072918_perlmutter_cb90a27f,ours_l01_s1_pv2_r2_pv3c_eps05_trace-a2e8ab_b16_k8_isolated,isolated,ours,35,1,act_ms,0.084832,recorder
20260925-072918_perlmutter_cb90a27f,ours_l01_s1_pv2_r2_pv3c_eps05_trace-a2e8ab_b16_k8_isolated,isolated,ours,35,2,act_ms,0.08576,recorder
20260925-072918_perlmutter_cb90a27f,ours_l01_s1_pv2_r2_pv3c_eps05_trace-a2e8ab_b16_k8_isolated,isolated,ours,35,3,act_ms,0.083936,recorder
20260925-072918_perlmutter_cb90a27f,ours_l01_s1_pv2_r2_pv3c_eps05_trace-a2e8ab_b16_k8_isolated,isolated,ours,35,4,act_ms,0.08304,recorder
20260925-072918_perlmutter_cb90a27f,ours_l01_s1_pv2_r2_pv3c_eps05_trace-a2e8ab_b16_k8_isolated,isolated,ours,35,5,act_ms,0.084448,recorder
20260925-072918_perlmutter_cb90a27f,ours_l01_s1_pv2_r2_pv3c_eps05_trace-a2e8ab_b16_k8_isolated,isolated,ours,35,6,act_ms,0.084096,recorder
20260925-072918_perlmutter_cb90a27f,ours_l01_s1_pv2_r2_pv3c_eps05_trace-a2e8ab_b16_k8_isolated,isolated,ours,35,7,act_ms,0.082592,recorder
20260925-072918_perlmutter_cb90a27f,ours_l01_s1_pv2_r2_pv3c_eps05_trace-a2e8ab_b16_k8_isolated,isolated,ours,35,8,act_ms,0.081536,recorder
20260925-072918_perlmutter_cb90a27f,ours_l01_s1_pv2_r2_pv3c_eps05_trace-a2e8ab_b16_k8_isolated,isolated,ours,35,9,act_ms,0.08384,recorder
20260925-072918_perlmutter_cb90a27f,ours_l01_s1_pv2_r2_pv3c_eps05_trace-a2e8ab_b16_k8_isolated,isolated,ours,35,0,l1_ms,487.997559,recorder
20260925-072918_perlmutter_cb90a27f,ours_l01_s1_pv2_r2_pv3c_eps05_trace-a2e8ab_b16_k8_isolated,isolated,ours,35,1,l1_ms,337.208466,recorder
20260925-072918_perlmutter_cb90a27f,ours_l01_s1_pv2_r2_pv3c_eps05_trace-a2e8ab_b16_k8_isolated,isolated,ours,35,2,l1_ms,9.605536,recorder
20260925-072918_perlmutter_cb90a27f,ours_l01_s1_pv2_r2_pv3c_eps05_trace-a2e8ab_b16_k8_isolated,isolated,ours,35,3,l1_ms,486.612152,recorder
20260925-072918_perlmutter_cb90a27f,ours_l01_s1_pv2_r2_pv3c_eps05_trace-a2e8ab_b16_k8_isolated,isolated,ours,35,4,l1_ms,428.079193,recorder
20260925-072918_perlmutter_cb90a27f,ours_l01_s1_pv2_r2_pv3c_eps05_trace-a2e8ab_b16_k8_isolated,isolated,ours,35,5,l1_ms,11.331904,recorder
20260925-072918_perlmutter_cb90a27f,ours_l01_s1_pv2_r2_pv3c_eps05_trace-a2e8ab_b16_k8_isolated,isolated,ours,35,6,l1_ms,10.275968,recorder
20260925-072918_perlmutter_cb90a27f,ours_l01_s1_pv2_r2_pv3c_eps05_trace-a2e8ab_b16_k8_isolated,isolated,ours,35,7,l1_ms,483.133606,recorder
20260925-072918_perlmutter_cb90a27f,ours_l01_s1_pv2_r2_pv3c_eps05_trace-a2e8ab_b16_k8_isolated,isolated,ours,35,8,l1_ms,9.725184,recorder
20260925-072918_perlmutter_cb90a27f,ours_l01_s1_pv2_r2_pv3c_eps05_trace-a2e8ab_b16_k8_isolated,isolated,ours,35,9,l1_ms,339.248291,recorder
20260925-072918_perlmutter_cb90a27f,ours_l01_s1_pv2_r2_pv3c_eps05_trace-a2e8ab_b16_k8_isolated,isolated,ours,35,0,plan_comm_ms,0.59232,recorder
20260925-072918_perlmutter_cb90a27f,ours_l01_s1_pv2_r2_pv3c_eps05_trace-a2e8ab_b16_k8_isolated,isolated,ours,35,1,plan_comm_ms,0.683616,recorder
20260925-072918_perlmutter_cb90a27f,ours_l01_s1_pv2_r2_pv3c_eps05_trace-a2e8ab_b16_k8_isolated,isolated,ours,35,2,plan_comm_ms,0.888768,recorder
20260925-072918_perlmutter_cb90a27f,ours_l01_s1_pv2_r2_pv3c_eps05_trace-a2e8ab_b16_k8_isolated,isolated,ours,35,3,plan_comm_ms,0.618304,recorder
20260925-072918_perlmutter_cb90a27f,ours_l01_s1_pv2_r2_pv3c_eps05_trace-a2e8ab_b16_k8_isolated,isolated,ours,35,4,plan_comm_ms,0.712896,recorder
20260925-072918_perlmutter_cb90a27f,ours_l01_s1_pv2_r2_pv3c_eps05_trace-a2e8ab_b16_k8_isolated,isolated,ours,35,5,plan_comm_ms,0.903616,recorder
20260925-072918_perlmutter_cb90a27f,ours_l01_s1_pv2_r2_pv3c_eps05_trace-a2e8ab_b16_k8_isolated,isolated,ours,35,6,plan_comm_ms,0.579232,recorder
20260925-072918_perlmutter_cb90a27f,ours_l01_s1_pv2_r2_pv3c_eps05_trace-a2e8ab_b16_k8_isolated,isolated,ours,35,7,plan_comm_ms,0.700224,recorder
20260925-072918_perlmutter_cb90a27f,ours_l01_s1_pv2_r2_pv3c_eps05_trace-a2e8ab_b16_k8_isolated,isolated,ours,35,8,plan_comm_ms,0.944224,recorder
20260925-072918_perlmutter_cb90a27f,ours_l01_s1_pv2_r2_pv3c_eps05_trace-a2e8ab_b16_k8_isolated,isolated,ours,35,9,plan_comm_ms,0.655424,recorder
20260925-072918_perlmutter_cb90a27f,ours_l01_s1_pv2_r2_pv3c_eps05_trace-a2e8ab_b16_k8_isolated,isolated,ours,35,0,place_ms,0.002336,recorder
20260925-072918_perlmutter_cb90a27f,ours_l01_s1_pv2_r2_pv3c_eps05_trace-a2e8ab_b16_k8_isolated,isolated,ours,35,1,place_ms,0.002336,recorder
20260925-072918_perlmutter_cb90a27f,ours_l01_s1_pv2_r2_pv3c_eps05_trace-a2e8ab_b16_k8_isolated,isolated,ours,35,2,place_ms,0.002304,recorder
20260925-072918_perlmutter_cb90a27f,ours_l01_s1_pv2_r2_pv3c_eps05_trace-a2e8ab_b16_k8_isolated,isolated,ours,35,3,place_ms,0.002304,recorder
20260925-072918_perlmutter_cb90a27f,ours_l01_s1_pv2_r2_pv3c_eps05_trace-a2e8ab_b16_k8_isolated,isolated,ours,35,4,place_ms,0.00256,recorder
20260925-072918_perlmutter_cb90a27f,ours_l01_s1_pv2_r2_pv3c_eps05_trace-a2e8ab_b16_k8_isolated,isolated,ours,35,5,place_ms,0.002336,recorder
20260925-072918_perlmutter_cb90a27f,ours_l01_s1_pv2_r2_pv3c_eps05_trace-a2e8ab_b16_k8_isolated,isolated,ours,35,6,place_ms,0.002304,recorder
20260925-072918_perlmutter_cb90a27f,ours_l01_s1_pv2_r2_pv3c_eps05_trace-a2e8ab_b16_k8_isolated,isolated,ours,35,7,place_ms,0.002304,recorder
20260925-072918_perlmutter_cb90a27f,ours_l01_s1_pv2_r2_pv3c_eps05_trace-a2e8ab_b16_k8_isolated,isolated,ours,35,8,place_ms,0.002304,recorder
20260925-072918_perlmutter_cb90a27f,ours_l01_s1_pv2_r2_pv3c_eps05_trace-a2e8ab_b16_k8_isolated,isolated,ours,35,9,place_ms,0.002336,recorder
20260925-072918_perlmutter_cb90a27f,ours_l01_s1_pv2_r2_pv3c_eps05_trace-a2e8ab_b16_k8_isolated,isolated,ours,35,0,plan_ms,1.925056,recorder
20260925-072918_perlmutter_cb90a27f,ours_l01_s1_pv2_r2_pv3c_eps05_trace-a2e8ab_b16_k8_isolated,isolated,ours,35,1,plan_ms,1.98336,recorder
20260925-072918_perlmutter_cb90a27f,ours_l01_s1_pv2_r2_pv3c_eps05_trace-a2e8ab_b16_k8_isolated,isolated,ours,35,2,plan_ms,1.979328,recorder
20260925-072918_perlmutter_cb90a27f,ours_l01_s1_pv2_r2_pv3c_eps05_trace-a2e8ab_b16_k8_isolated,isolated,ours,35,3,plan_ms,1.929856,recorder
20260925-072918_perlmutter_cb90a27f,ours_l01_s1_pv2_r2_pv3c_eps05_trace-a2e8ab_b16_k8_isolated,isolated,ours,35,4,plan_ms,1.885632,recorder
20260925-072918_perlmutter_cb90a27f,ours_l01_s1_pv2_r2_pv3c_eps05_trace-a2e8ab_b16_k8_isolated,isolated,ours,35,5,plan_ms,1.932352,recorder
20260925-072918_perlmutter_cb90a27f,ours_l01_s1_pv2_r2_pv3c_eps05_trace-a2e8ab_b16_k8_isolated,isolated,ours,35,6,plan_ms,1.93328,recorder
20260925-072918_perlmutter_cb90a27f,ours_l01_s1_pv2_r2_pv3c_eps05_trace-a2e8ab_b16_k8_isolated,isolated,ours,35,7,plan_ms,1.912128,recorder
20260925-072918_perlmutter_cb90a27f,ours_l01_s1_pv2_r2_pv3c_eps05_trace-a2e8ab_b16_k8_isolated,isolated,ours,35,8,plan_ms,2.011168,recorder
20260925-072918_perlmutter_cb90a27f,ours_l01_s1_pv2_r2_pv3c_eps05_trace-a2e8ab_b16_k8_isolated,isolated,ours,35,9,plan_ms,1.907584,recorder
20260925-072918_perlmutter_cb90a27f,ours_l01_s1_pv2_r2_pv3c_eps05_trace-a2e8ab_b16_k8_isolated,isolated,ours,35,0,total_ms,501.250946,recorder
20260925-072918_perlmutter_cb90a27f,ours_l01_s1_pv2_r2_pv3c_eps05_trace-a2e8ab_b16_k8_isolated,isolated,ours,35,1,total_ms,350.526733,recorder
20260925-072918_perlmutter_cb90a27f,ours_l01_s1_pv2_r2_pv3c_eps05_trace-a2e8ab_b16_k8_isolated,isolated,ours,35,2,total_ms,23.039808,recorder
20260925-072918_perlmutter_cb90a27f,ours_l01_s1_pv2_r2_pv3c_eps05_trace-a2e8ab_b16_k8_isolated,isolated,ours,35,3,total_ms,501.21701,recorder
20260925-072918_perlmutter_cb90a27f,ours_l01_s1_pv2_r2_pv3c_eps05_trace-a2e8ab_b16_k8_isolated,isolated,ours,35,4,total_ms,442.793304,recorder
20260925-072918_perlmutter_cb90a27f,ours_l01_s1_pv2_r2_pv3c_eps05_trace-a2e8ab_b16_k8_isolated,isolated,ours,35,5,total_ms,25.422464,recorder
20260925-072918_perlmutter_cb90a27f,ours_l01_s1_pv2_r2_pv3c_eps05_trace-a2e8ab_b16_k8_isolated,isolated,ours,35,6,total_ms,24.363968,recorder
20260925-072918_perlmutter_cb90a27f,ours_l01_s1_pv2_r2_pv3c_eps05_trace-a2e8ab_b16_k8_isolated,isolated,ours,35,7,total_ms,495.567139,recorder
20260925-072918_perlmutter_cb90a27f,ours_l01_s1_pv2_r2_pv3c_eps05_trace-a2e8ab_b16_k8_isolated,isolated,ours,35,8,total_ms,22.96224,recorder
20260925-072918_perlmutter_cb90a27f,ours_l01_s1_pv2_r2_pv3c_eps05_trace-a2e8ab_b16_k8_isolated,isolated,ours,35,9,total_ms,352.339478,recorder
20260925-072918_perlmutter_cb90a27f,ours_l01_s1_pv2_r2_pv3c_eps05_trace-a2e8ab_b16_k8_isolated,isolated,ours,35,0,iso_sync_ms,19.362824,recorder
20260925-072918_perlmutter_cb90a27f,ours_l01_s1_pv2_r2_pv3c_eps05_trace-a2e8ab_b16_k8_isolated,isolated,ours,35,1,iso_sync_ms,498.321876,recorder
20260925-072918_perlmutter_cb90a27f,ours_l01_s1_pv2_r2_pv3c_eps05_trace-a2e8ab_b16_k8_isolated,isolated,ours,35,2,iso_sync_ms,346.063614,recorder
20260925-072918_perlmutter_cb90a27f,ours_l01_s1_pv2_r2_pv3c_eps05_trace-a2e8ab_b16_k8_isolated,isolated,ours,35,3,iso_sync_ms,18.58056,recorder
20260925-072918_perlmutter_cb90a27f,ours_l01_s1_pv2_r2_pv3c_eps05_trace-a2e8ab_b16_k8_isolated,isolated,ours,35,4,iso_sync_ms,497.529652,recorder
20260925-072918_perlmutter_cb90a27f,ours_l01_s1_pv2_r2_pv3c_eps05_trace-a2e8ab_b16_k8_isolated,isolated,ours,35,5,iso_sync_ms,438.817232,recorder
20260925-072918_perlmutter_cb90a27f,ours_l01_s1_pv2_r2_pv3c_eps05_trace-a2e8ab_b16_k8_isolated,isolated,ours,35,6,iso_sync_ms,21.093965,recorder
20260925-072918_perlmutter_cb90a27f,ours_l01_s1_pv2_r2_pv3c_eps05_trace-a2e8ab_b16_k8_isolated,isolated,ours,35,7,iso_sync_ms,20.287635,recorder
20260925-072918_perlmutter_cb90a27f,ours_l01_s1_pv2_r2_pv3c_eps05_trace-a2e8ab_b16_k8_isolated,isolated,ours,35,8,iso_sync_ms,491.863093,recorder
20260925-072918_perlmutter_cb90a27f,ours_l01_s1_pv2_r2_pv3c_eps05_trace-a2e8ab_b16_k8_isolated,isolated,ours,35,9,iso_sync_ms,18.513219,recorder
20260925-072918_perlmutter_cb90a27f,ours_l01_s1_pv2_r2_pv3c_eps05_trace-a2e8ab_b16_k8_isolated,isolated,ours,36,0,e2e_ms,498.758698,recorder
20260925-072918_perlmutter_cb90a27f,ours_l01_s1_pv2_r2_pv3c_eps05_trace-a2e8ab_b16_k8_isolated,isolated,ours,36,1,e2e_ms,347.836456,recorder
20260925-072918_perlmutter_cb90a27f,ours_l01_s1_pv2_r2_pv3c_eps05_trace-a2e8ab_b16_k8_isolated,isolated,ours,36,2,e2e_ms,20.190016,recorder
20260925-072918_perlmutter_cb90a27f,ours_l01_s1_pv2_r2_pv3c_eps05_trace-a2e8ab_b16_k8_isolated,isolated,ours,36,3,e2e_ms,498.651367,recorder
20260925-072918_perlmutter_cb90a27f,ours_l01_s1_pv2_r2_pv3c_eps05_trace-a2e8ab_b16_k8_isolated,isolated,ours,36,4,e2e_ms,440.173492,recorder
20260925-072918_perlmutter_cb90a27f,ours_l01_s1_pv2_r2_pv3c_eps05_trace-a2e8ab_b16_k8_isolated,isolated,ours,36,5,e2e_ms,22.626305,recorder
20260925-072918_perlmutter_cb90a27f,ours_l01_s1_pv2_r2_pv3c_eps05_trace-a2e8ab_b16_k8_isolated,isolated,ours,36,6,e2e_ms,21.850592,recorder
20260925-072918_perlmutter_cb90a27f,ours_l01_s1_pv2_r2_pv3c_eps05_trace-a2e8ab_b16_k8_isolated,isolated,ours,36,7,e2e_ms,492.945923,recorder
20260925-072918_perlmutter_cb90a27f,ours_l01_s1_pv2_r2_pv3c_eps05_trace-a2e8ab_b16_k8_isolated,isolated,ours,36,8,e2e_ms,20.051392,recorder
20260925-072918_perlmutter_cb90a27f,ours_l01_s1_pv2_r2_pv3c_eps05_trace-a2e8ab_b16_k8_isolated,isolated,ours,36,9,e2e_ms,349.798492,recorder
20260925-072918_perlmutter_cb90a27f,ours_l01_s1_pv2_r2_pv3c_eps05_trace-a2e8ab_b16_k8_isolated,isolated,ours,36,0,l0_ms,10.648096,recorder
20260925-072918_perlmutter_cb90a27f,ours_l01_s1_pv2_r2_pv3c_eps05_trace-a2e8ab_b16_k8_isolated,isolated,ours,36,1,l0_ms,10.595904,recorder
20260925-072918_perlmutter_cb90a27f,ours_l01_s1_pv2_r2_pv3c_eps05_trace-a2e8ab_b16_k8_isolated,isolated,ours,36,2,l0_ms,10.505088,recorder
20260925-072918_perlmutter_cb90a27f,ours_l01_s1_pv2_r2_pv3c_eps05_trace-a2e8ab_b16_k8_isolated,isolated,ours,36,3,l0_ms,11.972352,recorder
20260925-072918_perlmutter_cb90a27f,ours_l01_s1_pv2_r2_pv3c_eps05_trace-a2e8ab_b16_k8_isolated,isolated,ours,36,4,l0_ms,11.994688,recorder
20260925-072918_perlmutter_cb90a27f,ours_l01_s1_pv2_r2_pv3c_eps05_trace-a2e8ab_b16_k8_isolated,isolated,ours,36,5,l0_ms,11.211072,recorder
20260925-072918_perlmutter_cb90a27f,ours_l01_s1_pv2_r2_pv3c_eps05_trace-a2e8ab_b16_k8_isolated,isolated,ours,36,6,l0_ms,11.50272,recorder
20260925-072918_perlmutter_cb90a27f,ours_l01_s1_pv2_r2_pv3c_eps05_trace-a2e8ab_b16_k8_isolated,isolated,ours,36,7,l0_ms,9.788064,recorder
20260925-072918_perlmutter_cb90a27f,ours_l01_s1_pv2_r2_pv3c_eps05_trace-a2e8ab_b16_k8_isolated,isolated,ours,36,8,l0_ms,10.23952,recorder
20260925-072918_perlmutter_cb90a27f,ours_l01_s1_pv2_r2_pv3c_eps05_trace-a2e8ab_b16_k8_isolated,isolated,ours,36,9,l0_ms,10.481664,recorder
20260925-072918_perlmutter_cb90a27f,ours_l01_s1_pv2_r2_pv3c_eps05_trace-a2e8ab_b16_k8_isolated,isolated,ours,36,0,act_ms,0.08784,recorder
20260925-072918_perlmutter_cb90a27f,ours_l01_s1_pv2_r2_pv3c_eps05_trace-a2e8ab_b16_k8_isolated,isolated,ours,36,1,act_ms,0.081472,recorder
20260925-072918_perlmutter_cb90a27f,ours_l01_s1_pv2_r2_pv3c_eps05_trace-a2e8ab_b16_k8_isolated,isolated,ours,36,2,act_ms,0.083328,recorder
20260925-072918_perlmutter_cb90a27f,ours_l01_s1_pv2_r2_pv3c_eps05_trace-a2e8ab_b16_k8_isolated,isolated,ours,36,3,act_ms,0.085472,recorder
20260925-072918_perlmutter_cb90a27f,ours_l01_s1_pv2_r2_pv3c_eps05_trace-a2e8ab_b16_k8_isolated,isolated,ours,36,4,act_ms,0.083264,recorder
20260925-072918_perlmutter_cb90a27f,ours_l01_s1_pv2_r2_pv3c_eps05_trace-a2e8ab_b16_k8_isolated,isolated,ours,36,5,act_ms,0.085888,recorder
20260925-072918_perlmutter_cb90a27f,ours_l01_s1_pv2_r2_pv3c_eps05_trace-a2e8ab_b16_k8_isolated,isolated,ours,36,6,act_ms,0.086208,recorder
20260925-072918_perlmutter_cb90a27f,ours_l01_s1_pv2_r2_pv3c_eps05_trace-a2e8ab_b16_k8_isolated,isolated,ours,36,7,act_ms,0.083904,recorder
20260925-072918_perlmutter_cb90a27f,ours_l01_s1_pv2_r2_pv3c_eps05_trace-a2e8ab_b16_k8_isolated,isolated,ours,36,8,act_ms,0.085504,recorder
20260925-072918_perlmutter_cb90a27f,ours_l01_s1_pv2_r2_pv3c_eps05_trace-a2e8ab_b16_k8_isolated,isolated,ours,36,9,act_ms,0.083008,recorder
20260925-072918_perlmutter_cb90a27f,ours_l01_s1_pv2_r2_pv3c_eps05_trace-a2e8ab_b16_k8_isolated,isolated,ours,36,0,l1_ms,488.022766,recorder
20260925-072918_perlmutter_cb90a27f,ours_l01_s1_pv2_r2_pv3c_eps05_trace-a2e8ab_b16_k8_isolated,isolated,ours,36,1,l1_ms,337.159058,recorder
20260925-072918_perlmutter_cb90a27f,ours_l01_s1_pv2_r2_pv3c_eps05_trace-a2e8ab_b16_k8_isolated,isolated,ours,36,2,l1_ms,9.6016,recorder
20260925-072918_perlmutter_cb90a27f,ours_l01_s1_pv2_r2_pv3c_eps05_trace-a2e8ab_b16_k8_isolated,isolated,ours,36,3,l1_ms,486.593536,recorder
20260925-072918_perlmutter_cb90a27f,ours_l01_s1_pv2_r2_pv3c_eps05_trace-a2e8ab_b16_k8_isolated,isolated,ours,36,4,l1_ms,428.095551,recorder
20260925-072918_perlmutter_cb90a27f,ours_l01_s1_pv2_r2_pv3c_eps05_trace-a2e8ab_b16_k8_isolated,isolated,ours,36,5,l1_ms,11.329344,recorder
20260925-072918_perlmutter_cb90a27f,ours_l01_s1_pv2_r2_pv3c_eps05_trace-a2e8ab_b16_k8_isolated,isolated,ours,36,6,l1_ms,10.261664,recorder
20260925-072918_perlmutter_cb90a27f,ours_l01_s1_pv2_r2_pv3c_eps05_trace-a2e8ab_b16_k8_isolated,isolated,ours,36,7,l1_ms,483.073944,recorder
20260925-072918_perlmutter_cb90a27f,ours_l01_s1_pv2_r2_pv3c_eps05_trace-a2e8ab_b16_k8_isolated,isolated,ours,36,8,l1_ms,9.726368,recorder
20260925-072918_perlmutter_cb90a27f,ours_l01_s1_pv2_r2_pv3c_eps05_trace-a2e8ab_b16_k8_isolated,isolated,ours,36,9,l1_ms,339.233826,recorder
20260925-072918_perlmutter_cb90a27f,ours_l01_s1_pv2_r2_pv3c_eps05_trace-a2e8ab_b16_k8_isolated,isolated,ours,36,0,plan_comm_ms,0.585952,recorder
20260925-072918_perlmutter_cb90a27f,ours_l01_s1_pv2_r2_pv3c_eps05_trace-a2e8ab_b16_k8_isolated,isolated,ours,36,1,plan_comm_ms,0.690304,recorder
20260925-072918_perlmutter_cb90a27f,ours_l01_s1_pv2_r2_pv3c_eps05_trace-a2e8ab_b16_k8_isolated,isolated,ours,36,2,plan_comm_ms,0.86928,recorder
20260925-072918_perlmutter_cb90a27f,ours_l01_s1_pv2_r2_pv3c_eps05_trace-a2e8ab_b16_k8_isolated,isolated,ours,36,3,plan_comm_ms,0.590688,recorder
20260925-072918_perlmutter_cb90a27f,ours_l01_s1_pv2_r2_pv3c_eps05_trace-a2e8ab_b16_k8_isolated,isolated,ours,36,4,plan_comm_ms,0.691328,recorder
20260925-072918_perlmutter_cb90a27f,ours_l01_s1_pv2_r2_pv3c_eps05_trace-a2e8ab_b16_k8_isolated,isolated,ours,36,5,plan_comm_ms,0.883968,recorder
20260925-072918_perlmutter_cb90a27f,ours_l01_s1_pv2_r2_pv3c_eps05_trace-a2e8ab_b16_k8_isolated,isolated,ours,36,6,plan_comm_ms,0.559168,recorder
20260925-072918_perlmutter_cb90a27f,ours_l01_s1_pv2_r2_pv3c_eps05_trace-a2e8ab_b16_k8_isolated,isolated,ours,36,7,plan_comm_ms,0.67728,recorder
20260925-072918_perlmutter_cb90a27f,ours_l01_s1_pv2_r2_pv3c_eps05_trace-a2e8ab_b16_k8_isolated,isolated,ours,36,8,plan_comm_ms,0.941088,recorder
20260925-072918_perlmutter_cb90a27f,ours_l01_s1_pv2_r2_pv3c_eps05_trace-a2e8ab_b16_k8_isolated,isolated,ours,36,9,plan_comm_ms,0.625216,recorder
20260925-072918_perlmutter_cb90a27f,ours_l01_s1_pv2_r2_pv3c_eps05_trace-a2e8ab_b16_k8_isolated,isolated,ours,36,0,place_ms,0.002336,recorder
20260925-072918_perlmutter_cb90a27f,ours_l01_s1_pv2_r2_pv3c_eps05_trace-a2e8ab_b16_k8_isolated,isolated,ours,36,1,place_ms,0.002336,recorder
20260925-072918_perlmutter_cb90a27f,ours_l01_s1_pv2_r2_pv3c_eps05_trace-a2e8ab_b16_k8_isolated,isolated,ours,36,2,place_ms,0.002304,recorder
20260925-072918_perlmutter_cb90a27f,ours_l01_s1_pv2_r2_pv3c_eps05_trace-a2e8ab_b16_k8_isolated,isolated,ours,36,3,place_ms,0.002368,recorder
20260925-072918_perlmutter_cb90a27f,ours_l01_s1_pv2_r2_pv3c_eps05_trace-a2e8ab_b16_k8_isolated,isolated,ours,36,4,place_ms,0.002336,recorder
20260925-072918_perlmutter_cb90a27f,ours_l01_s1_pv2_r2_pv3c_eps05_trace-a2e8ab_b16_k8_isolated,isolated,ours,36,5,place_ms,0.002496,recorder
20260925-072918_perlmutter_cb90a27f,ours_l01_s1_pv2_r2_pv3c_eps05_trace-a2e8ab_b16_k8_isolated,isolated,ours,36,6,place_ms,0.002336,recorder
20260925-072918_perlmutter_cb90a27f,ours_l01_s1_pv2_r2_pv3c_eps05_trace-a2e8ab_b16_k8_isolated,isolated,ours,36,7,place_ms,0.002336,recorder
20260925-072918_perlmutter_cb90a27f,ours_l01_s1_pv2_r2_pv3c_eps05_trace-a2e8ab_b16_k8_isolated,isolated,ours,36,8,place_ms,0.002336,recorder
20260925-072918_perlmutter_cb90a27f,ours_l01_s1_pv2_r2_pv3c_eps05_trace-a2e8ab_b16_k8_isolated,isolated,ours,36,9,place_ms,0.002336,recorder
20260925-072918_perlmutter_cb90a27f,ours_l01_s1_pv2_r2_pv3c_eps05_trace-a2e8ab_b16_k8_isolated,isolated,ours,36,0,plan_ms,1.912384,recorder
20260925-072918_perlmutter_cb90a27f,ours_l01_s1_pv2_r2_pv3c_eps05_trace-a2e8ab_b16_k8_isolated,isolated,ours,36,1,plan_ms,1.965184,recorder
20260925-072918_perlmutter_cb90a27f,ours_l01_s1_pv2_r2_pv3c_eps05_trace-a2e8ab_b16_k8_isolated,isolated,ours,36,2,plan_ms,1.949344,recorder
20260925-072918_perlmutter_cb90a27f,ours_l01_s1_pv2_r2_pv3c_eps05_trace-a2e8ab_b16_k8_isolated,isolated,ours,36,3,plan_ms,1.92912,recorder
20260925-072918_perlmutter_cb90a27f,ours_l01_s1_pv2_r2_pv3c_eps05_trace-a2e8ab_b16_k8_isolated,isolated,ours,36,4,plan_ms,1.904064,recorder
20260925-072918_perlmutter_cb90a27f,ours_l01_s1_pv2_r2_pv3c_eps05_trace-a2e8ab_b16_k8_isolated,isolated,ours,36,5,plan_ms,1.890944,recorder
20260925-072918_perlmutter_cb90a27f,ours_l01_s1_pv2_r2_pv3c_eps05_trace-a2e8ab_b16_k8_isolated,isolated,ours,36,6,plan_ms,1.926208,recorder
20260925-072918_perlmutter_cb90a27f,ours_l01_s1_pv2_r2_pv3c_eps05_trace-a2e8ab_b16_k8_isolated,isolated,ours,36,7,plan_ms,1.880704,recorder
20260925-072918_perlmutter_cb90a27f,ours_l01_s1_pv2_r2_pv3c_eps05_trace-a2e8ab_b16_k8_isolated,isolated,ours,36,8,plan_ms,1.94128,recorder
20260925-072918_perlmutter_cb90a27f,ours_l01_s1_pv2_r2_pv3c_eps05_trace-a2e8ab_b16_k8_isolated,isolated,ours,36,9,plan_ms,1.877216,recorder
20260925-072918_perlmutter_cb90a27f,ours_l01_s1_pv2_r2_pv3c_eps05_trace-a2e8ab_b16_k8_isolated,isolated,ours,36,0,total_ms,501.268951,recorder
20260925-072918_perlmutter_cb90a27f,ours_l01_s1_pv2_r2_pv3c_eps05_trace-a2e8ab_b16_k8_isolated,isolated,ours,36,1,total_ms,350.504425,recorder
20260925-072918_perlmutter_cb90a27f,ours_l01_s1_pv2_r2_pv3c_eps05_trace-a2e8ab_b16_k8_isolated,isolated,ours,36,2,total_ms,23.020897,recorder
20260925-072918_perlmutter_cb90a27f,ours_l01_s1_pv2_r2_pv3c_eps05_trace-a2e8ab_b16_k8_isolated,isolated,ours,36,3,total_ms,501.182648,recorder
20260925-072918_perlmutter_cb90a27f,ours_l01_s1_pv2_r2_pv3c_eps05_trace-a2e8ab_b16_k8_isolated,isolated,ours,36,4,total_ms,442.780792,recorder
20260925-072918_perlmutter_cb90a27f,ours_l01_s1_pv2_r2_pv3c_eps05_trace-a2e8ab_b16_k8_isolated,isolated,ours,36,5,total_ms,25.413055,recorder
20260925-072918_perlmutter_cb90a27f,ours_l01_s1_pv2_r2_pv3c_eps05_trace-a2e8ab_b16_k8_isolated,isolated,ours,36,6,total_ms,24.347456,recorder
20260925-072918_perlmutter_cb90a27f,ours_l01_s1_pv2_r2_pv3c_eps05_trace-a2e8ab_b16_k8_isolated,isolated,ours,36,7,total_ms,495.5159,recorder
20260925-072918_perlmutter_cb90a27f,ours_l01_s1_pv2_r2_pv3c_eps05_trace-a2e8ab_b16_k8_isolated,isolated,ours,36,8,total_ms,22.94544,recorder
20260925-072918_perlmutter_cb90a27f,ours_l01_s1_pv2_r2_pv3c_eps05_trace-a2e8ab_b16_k8_isolated,isolated,ours,36,9,total_ms,352.313049,recorder
20260925-072918_perlmutter_cb90a27f,ours_l01_s1_pv2_r2_pv3c_eps05_trace-a2e8ab_b16_k8_isolated,isolated,ours,36,0,iso_sync_ms,19.340788,recorder
20260925-072918_perlmutter_cb90a27f,ours_l01_s1_pv2_r2_pv3c_eps05_trace-a2e8ab_b16_k8_isolated,isolated,ours,36,1,iso_sync_ms,498.378865,recorder
20260925-072918_perlmutter_cb90a27f,ours_l01_s1_pv2_r2_pv3c_eps05_trace-a2e8ab_b16_k8_isolated,isolated,ours,36,2,iso_sync_ms,346.416202,recorder
20260925-072918_perlmutter_cb90a27f,ours_l01_s1_pv2_r2_pv3c_eps05_trace-a2e8ab_b16_k8_isolated,isolated,ours,36,3,iso_sync_ms,18.612907,recorder
20260925-072918_perlmutter_cb90a27f,ours_l01_s1_pv2_r2_pv3c_eps05_trace-a2e8ab_b16_k8_isolated,isolated,ours,36,4,iso_sync_ms,497.475725,recorder
20260925-072918_perlmutter_cb90a27f,ours_l01_s1_pv2_r2_pv3c_eps05_trace-a2e8ab_b16_k8_isolated,isolated,ours,36,5,iso_sync_ms,438.643453,recorder
20260925-072918_perlmutter_cb90a27f,ours_l01_s1_pv2_r2_pv3c_eps05_trace-a2e8ab_b16_k8_isolated,isolated,ours,36,6,iso_sync_ms,21.061532,recorder
20260925-072918_perlmutter_cb90a27f,ours_l01_s1_pv2_r2_pv3c_eps05_trace-a2e8ab_b16_k8_isolated,isolated,ours,36,7,iso_sync_ms,20.274376,recorder
20260925-072918_perlmutter_cb90a27f,ours_l01_s1_pv2_r2_pv3c_eps05_trace-a2e8ab_b16_k8_isolated,isolated,ours,36,8,iso_sync_ms,491.943084,recorder
20260925-072918_perlmutter_cb90a27f,ours_l01_s1_pv2_r2_pv3c_eps05_trace-a2e8ab_b16_k8_isolated,isolated,ours,36,9,iso_sync_ms,18.561246,recorder
20260925-072918_perlmutter_cb90a27f,ours_l01_s1_pv2_r2_pv3c_eps05_trace-a2e8ab_b16_k8_isolated,isolated,ours,37,0,e2e_ms,498.722839,recorder
20260925-072918_perlmutter_cb90a27f,ours_l01_s1_pv2_r2_pv3c_eps05_trace-a2e8ab_b16_k8_isolated,isolated,ours,37,1,e2e_ms,347.860046,recorder
20260925-072918_perlmutter_cb90a27f,ours_l01_s1_pv2_r2_pv3c_eps05_trace-a2e8ab_b16_k8_isolated,isolated,ours,37,2,e2e_ms,20.197184,recorder
20260925-072918_perlmutter_cb90a27f,ours_l01_s1_pv2_r2_pv3c_eps05_trace-a2e8ab_b16_k8_isolated,isolated,ours,37,3,e2e_ms,498.578888,recorder
20260925-072918_perlmutter_cb90a27f,ours_l01_s1_pv2_r2_pv3c_eps05_trace-a2e8ab_b16_k8_isolated,isolated,ours,37,4,e2e_ms,440.182495,recorder
20260925-072918_perlmutter_cb90a27f,ours_l01_s1_pv2_r2_pv3c_eps05_trace-a2e8ab_b16_k8_isolated,isolated,ours,37,5,e2e_ms,22.643969,recorder
20260925-072918_perlmutter_cb90a27f,ours_l01_s1_pv2_r2_pv3c_eps05_trace-a2e8ab_b16_k8_isolated,isolated,ours,37,6,e2e_ms,21.885056,recorder
20260925-072918_perlmutter_cb90a27f,ours_l01_s1_pv2_r2_pv3c_eps05_trace-a2e8ab_b16_k8_isolated,isolated,ours,37,7,e2e_ms,493.007751,recorder
20260925-072918_perlmutter_cb90a27f,ours_l01_s1_pv2_r2_pv3c_eps05_trace-a2e8ab_b16_k8_isolated,isolated,ours,37,8,e2e_ms,20.052704,recorder
20260925-072918_perlmutter_cb90a27f,ours_l01_s1_pv2_r2_pv3c_eps05_trace-a2e8ab_b16_k8_isolated,isolated,ours,37,9,e2e_ms,349.787445,recorder
20260925-072918_perlmutter_cb90a27f,ours_l01_s1_pv2_r2_pv3c_eps05_trace-a2e8ab_b16_k8_isolated,isolated,ours,37,0,l0_ms,10.660896,recorder
20260925-072918_perlmutter_cb90a27f,ours_l01_s1_pv2_r2_pv3c_eps05_trace-a2e8ab_b16_k8_isolated,isolated,ours,37,1,l0_ms,10.655616,recorder
20260925-072918_perlmutter_cb90a27f,ours_l01_s1_pv2_r2_pv3c_eps05_trace-a2e8ab_b16_k8_isolated,isolated,ours,37,2,l0_ms,10.508768,recorder
20260925-072918_perlmutter_cb90a27f,ours_l01_s1_pv2_r2_pv3c_eps05_trace-a2e8ab_b16_k8_isolated,isolated,ours,37,3,l0_ms,11.98544,recorder
20260925-072918_perlmutter_cb90a27f,ours_l01_s1_pv2_r2_pv3c_eps05_trace-a2e8ab_b16_k8_isolated,isolated,ours,37,4,l0_ms,12.005728,recorder
20260925-072918_perlmutter_cb90a27f,ours_l01_s1_pv2_r2_pv3c_eps05_trace-a2e8ab_b16_k8_isolated,isolated,ours,37,5,l0_ms,11.227968,recorder
20260925-072918_perlmutter_cb90a27f,ours_l01_s1_pv2_r2_pv3c_eps05_trace-a2e8ab_b16_k8_isolated,isolated,ours,37,6,l0_ms,11.534624,recorder
20260925-072918_perlmutter_cb90a27f,ours_l01_s1_pv2_r2_pv3c_eps05_trace-a2e8ab_b16_k8_isolated,isolated,ours,37,7,l0_ms,9.792832,recorder
20260925-072918_perlmutter_cb90a27f,ours_l01_s1_pv2_r2_pv3c_eps05_trace-a2e8ab_b16_k8_isolated,isolated,ours,37,8,l0_ms,10.23856,recorder
20260925-072918_perlmutter_cb90a27f,ours_l01_s1_pv2_r2_pv3c_eps05_trace-a2e8ab_b16_k8_isolated,isolated,ours,37,9,l0_ms,10.483104,recorder
20260925-072918_perlmutter_cb90a27f,ours_l01_s1_pv2_r2_pv3c_eps05_trace-a2e8ab_b16_k8_isolated,isolated,ours,37,0,act_ms,0.103808,recorder
20260925-072918_perlmutter_cb90a27f,ours_l01_s1_pv2_r2_pv3c_eps05_trace-a2e8ab_b16_k8_isolated,isolated,ours,37,1,act_ms,0.101952,recorder
20260925-072918_perlmutter_cb90a27f,ours_l01_s1_pv2_r2_pv3c_eps05_trace-a2e8ab_b16_k8_isolated,isolated,ours,37,2,act_ms,0.103808,recorder
20260925-072918_perlmutter_cb90a27f,ours_l01_s1_pv2_r2_pv3c_eps05_trace-a2e8ab_b16_k8_isolated,isolated,ours,37,3,act_ms,0.106784,recorder
20260925-072918_perlmutter_cb90a27f,ours_l01_s1_pv2_r2_pv3c_eps05_trace-a2e8ab_b16_k8_isolated,isolated,ours,37,4,act_ms,0.10384,recorder
20260925-072918_perlmutter_cb90a27f,ours_l01_s1_pv2_r2_pv3c_eps05_trace-a2e8ab_b16_k8_isolated,isolated,ours,37,5,act_ms,0.10368,recorder
20260925-072918_perlmutter_cb90a27f,ours_l01_s1_pv2_r2_pv3c_eps05_trace-a2e8ab_b16_k8_isolated,isolated,ours,37,6,act_ms,0.102624,recorder
20260925-072918_perlmutter_cb90a27f,ours_l01_s1_pv2_r2_pv3c_eps05_trace-a2e8ab_b16_k8_isolated,isolated,ours,37,7,act_ms,0.103232,recorder
20260925-072918_perlmutter_cb90a27f,ours_l01_s1_pv2_r2_pv3c_eps05_trace-a2e8ab_b16_k8_isolated,isolated,ours,37,8,act_ms,0.098176,recorder
20260925-072918_perlmutter_cb90a27f,ours_l01_s1_pv2_r2_pv3c_eps05_trace-a2e8ab_b16_k8_isolated,isolated,ours,37,9,act_ms,0.102752,recorder
20260925-072918_perlmutter_cb90a27f,ours_l01_s1_pv2_r2_pv3c_eps05_trace-a2e8ab_b16_k8_isolated,isolated,ours,37,0,l1_ms,487.95813,recorder
20260925-072918_perlmutter_cb90a27f,ours_l01_s1_pv2_r2_pv3c_eps05_trace-a2e8ab_b16_k8_isolated,isolated,ours,37,1,l1_ms,337.102478,recorder
20260925-072918_perlmutter_cb90a27f,ours_l01_s1_pv2_r2_pv3c_eps05_trace-a2e8ab_b16_k8_isolated,isolated,ours,37,2,l1_ms,9.584608,recorder
20260925-072918_perlmutter_cb90a27f,ours_l01_s1_pv2_r2_pv3c_eps05_trace-a2e8ab_b16_k8_isolated,isolated,ours,37,3,l1_ms,486.486664,recorder
20260925-072918_perlmutter_cb90a27f,ours_l01_s1_pv2_r2_pv3c_eps05_trace-a2e8ab_b16_k8_isolated,isolated,ours,37,4,l1_ms,428.072937,recorder
20260925-072918_perlmutter_cb90a27f,ours_l01_s1_pv2_r2_pv3c_eps05_trace-a2e8ab_b16_k8_isolated,isolated,ours,37,5,l1_ms,11.31232,recorder
20260925-072918_perlmutter_cb90a27f,ours_l01_s1_pv2_r2_pv3c_eps05_trace-a2e8ab_b16_k8_isolated,isolated,ours,37,6,l1_ms,10.247808,recorder
20260925-072918_perlmutter_cb90a27f,ours_l01_s1_pv2_r2_pv3c_eps05_trace-a2e8ab_b16_k8_isolated,isolated,ours,37,7,l1_ms,483.111694,recorder
20260925-072918_perlmutter_cb90a27f,ours_l01_s1_pv2_r2_pv3c_eps05_trace-a2e8ab_b16_k8_isolated,isolated,ours,37,8,l1_ms,9.715968,recorder
20260925-072918_perlmutter_cb90a27f,ours_l01_s1_pv2_r2_pv3c_eps05_trace-a2e8ab_b16_k8_isolated,isolated,ours,37,9,l1_ms,339.201599,recorder
20260925-072918_perlmutter_cb90a27f,ours_l01_s1_pv2_r2_pv3c_eps05_trace-a2e8ab_b16_k8_isolated,isolated,ours,37,0,plan_comm_ms,0.587104,recorder
20260925-072918_perlmutter_cb90a27f,ours_l01_s1_pv2_r2_pv3c_eps05_trace-a2e8ab_b16_k8_isolated,isolated,ours,37,1,plan_comm_ms,0.888608,recorder
20260925-072918_perlmutter_cb90a27f,ours_l01_s1_pv2_r2_pv3c_eps05_trace-a2e8ab_b16_k8_isolated,isolated,ours,37,2,plan_comm_ms,0.870976,recorder
20260925-072918_perlmutter_cb90a27f,ours_l01_s1_pv2_r2_pv3c_eps05_trace-a2e8ab_b16_k8_isolated,isolated,ours,37,3,plan_comm_ms,0.593568,recorder
20260925-072918_perlmutter_cb90a27f,ours_l01_s1_pv2_r2_pv3c_eps05_trace-a2e8ab_b16_k8_isolated,isolated,ours,37,4,plan_comm_ms,0.593664,recorder
20260925-072918_perlmutter_cb90a27f,ours_l01_s1_pv2_r2_pv3c_eps05_trace-a2e8ab_b16_k8_isolated,isolated,ours,37,5,plan_comm_ms,0.888608,recorder
20260925-072918_perlmutter_cb90a27f,ours_l01_s1_pv2_r2_pv3c_eps05_trace-a2e8ab_b16_k8_isolated,isolated,ours,37,6,plan_comm_ms,0.559552,recorder
20260925-072918_perlmutter_cb90a27f,ours_l01_s1_pv2_r2_pv3c_eps05_trace-a2e8ab_b16_k8_isolated,isolated,ours,37,7,plan_comm_ms,0.67824,recorder
20260925-072918_perlmutter_cb90a27f,ours_l01_s1_pv2_r2_pv3c_eps05_trace-a2e8ab_b16_k8_isolated,isolated,ours,37,8,plan_comm_ms,0.938848,recorder
20260925-072918_perlmutter_cb90a27f,ours_l01_s1_pv2_r2_pv3c_eps05_trace-a2e8ab_b16_k8_isolated,isolated,ours,37,9,plan_comm_ms,0.628,recorder
20260925-072918_perlmutter_cb90a27f,ours_l01_s1_pv2_r2_pv3c_eps05_trace-a2e8ab_b16_k8_isolated,isolated,ours,37,0,place_ms,0.00256,recorder
20260925-072918_perlmutter_cb90a27f,ours_l01_s1_pv2_r2_pv3c_eps05_trace-a2e8ab_b16_k8_isolated,isolated,ours,37,1,place_ms,0.002304,recorder
20260925-072918_perlmutter_cb90a27f,ours_l01_s1_pv2_r2_pv3c_eps05_trace-a2e8ab_b16_k8_isolated,isolated,ours,37,2,place_ms,0.002304,recorder
20260925-072918_perlmutter_cb90a27f,ours_l01_s1_pv2_r2_pv3c_eps05_trace-a2e8ab_b16_k8_isolated,isolated,ours,37,3,place_ms,0.002304,recorder
20260925-072918_perlmutter_cb90a27f,ours_l01_s1_pv2_r2_pv3c_eps05_trace-a2e8ab_b16_k8_isolated,isolated,ours,37,4,place_ms,0.002304,recorder
20260925-072918_perlmutter_cb90a27f,ours_l01_s1_pv2_r2_pv3c_eps05_trace-a2e8ab_b16_k8_isolated,isolated,ours,37,5,place_ms,0.002304,recorder
20260925-072918_perlmutter_cb90a27f,ours_l01_s1_pv2_r2_pv3c_eps05_trace-a2e8ab_b16_k8_isolated,isolated,ours,37,6,place_ms,0.002304,recorder
20260925-072918_perlmutter_cb90a27f,ours_l01_s1_pv2_r2_pv3c_eps05_trace-a2e8ab_b16_k8_isolated,isolated,ours,37,7,place_ms,0.002336,recorder
20260925-072918_perlmutter_cb90a27f,ours_l01_s1_pv2_r2_pv3c_eps05_trace-a2e8ab_b16_k8_isolated,isolated,ours,37,8,place_ms,0.002304,recorder
20260925-072918_perlmutter_cb90a27f,ours_l01_s1_pv2_r2_pv3c_eps05_trace-a2e8ab_b16_k8_isolated,isolated,ours,37,9,place_ms,0.002304,recorder
20260925-072918_perlmutter_cb90a27f,ours_l01_s1_pv2_r2_pv3c_eps05_trace-a2e8ab_b16_k8_isolated,isolated,ours,37,0,plan_ms,1.896768,recorder
20260925-072918_perlmutter_cb90a27f,ours_l01_s1_pv2_r2_pv3c_eps05_trace-a2e8ab_b16_k8_isolated,isolated,ours,37,1,plan_ms,1.908608,recorder
20260925-072918_perlmutter_cb90a27f,ours_l01_s1_pv2_r2_pv3c_eps05_trace-a2e8ab_b16_k8_isolated,isolated,ours,37,2,plan_ms,1.944864,recorder
20260925-072918_perlmutter_cb90a27f,ours_l01_s1_pv2_r2_pv3c_eps05_trace-a2e8ab_b16_k8_isolated,isolated,ours,37,3,plan_ms,1.917536,recorder
20260925-072918_perlmutter_cb90a27f,ours_l01_s1_pv2_r2_pv3c_eps05_trace-a2e8ab_b16_k8_isolated,isolated,ours,37,4,plan_ms,1.89856,recorder
20260925-072918_perlmutter_cb90a27f,ours_l01_s1_pv2_r2_pv3c_eps05_trace-a2e8ab_b16_k8_isolated,isolated,ours,37,5,plan_ms,1.872192,recorder
20260925-072918_perlmutter_cb90a27f,ours_l01_s1_pv2_r2_pv3c_eps05_trace-a2e8ab_b16_k8_isolated,isolated,ours,37,6,plan_ms,1.892288,recorder
20260925-072918_perlmutter_cb90a27f,ours_l01_s1_pv2_r2_pv3c_eps05_trace-a2e8ab_b16_k8_isolated,isolated,ours,37,7,plan_ms,1.871296,recorder
20260925-072918_perlmutter_cb90a27f,ours_l01_s1_pv2_r2_pv3c_eps05_trace-a2e8ab_b16_k8_isolated,isolated,ours,37,8,plan_ms,1.94128,recorder
20260925-072918_perlmutter_cb90a27f,ours_l01_s1_pv2_r2_pv3c_eps05_trace-a2e8ab_b16_k8_isolated,isolated,ours,37,9,plan_ms,1.86608,recorder
20260925-072918_perlmutter_cb90a27f,ours_l01_s1_pv2_r2_pv3c_eps05_trace-a2e8ab_b16_k8_isolated,isolated,ours,37,0,total_ms,501.218323,recorder
20260925-072918_perlmutter_cb90a27f,ours_l01_s1_pv2_r2_pv3c_eps05_trace-a2e8ab_b16_k8_isolated,isolated,ours,37,1,total_ms,350.668945,recorder
20260925-072918_perlmutter_cb90a27f,ours_l01_s1_pv2_r2_pv3c_eps05_trace-a2e8ab_b16_k8_isolated,isolated,ours,37,2,total_ms,23.025248,recorder
20260925-072918_perlmutter_cb90a27f,ours_l01_s1_pv2_r2_pv3c_eps05_trace-a2e8ab_b16_k8_isolated,isolated,ours,37,3,total_ms,501.101532,recorder
20260925-072918_perlmutter_cb90a27f,ours_l01_s1_pv2_r2_pv3c_eps05_trace-a2e8ab_b16_k8_isolated,isolated,ours,37,4,total_ms,442.686523,recorder
20260925-072918_perlmutter_cb90a27f,ours_l01_s1_pv2_r2_pv3c_eps05_trace-a2e8ab_b16_k8_isolated,isolated,ours,37,5,total_ms,25.416927,recorder
20260925-072918_perlmutter_cb90a27f,ours_l01_s1_pv2_r2_pv3c_eps05_trace-a2e8ab_b16_k8_isolated,isolated,ours,37,6,total_ms,24.348513,recorder
20260925-072918_perlmutter_cb90a27f,ours_l01_s1_pv2_r2_pv3c_eps05_trace-a2e8ab_b16_k8_isolated,isolated,ours,37,7,total_ms,495.56955,recorder
20260925-072918_perlmutter_cb90a27f,ours_l01_s1_pv2_r2_pv3c_eps05_trace-a2e8ab_b16_k8_isolated,isolated,ours,37,8,total_ms,22.944927,recorder
20260925-072918_perlmutter_cb90a27f,ours_l01_s1_pv2_r2_pv3c_eps05_trace-a2e8ab_b16_k8_isolated,isolated,ours,37,9,total_ms,352.293182,recorder
20260925-072918_perlmutter_cb90a27f,ours_l01_s1_pv2_r2_pv3c_eps05_trace-a2e8ab_b16_k8_isolated,isolated,ours,37,0,iso_sync_ms,19.451452,recorder
20260925-072918_perlmutter_cb90a27f,ours_l01_s1_pv2_r2_pv3c_eps05_trace-a2e8ab_b16_k8_isolated,isolated,ours,37,1,iso_sync_ms,498.481033,recorder
20260925-072918_perlmutter_cb90a27f,ours_l01_s1_pv2_r2_pv3c_eps05_trace-a2e8ab_b16_k8_isolated,isolated,ours,37,2,iso_sync_ms,346.750399,recorder
20260925-072918_perlmutter_cb90a27f,ours_l01_s1_pv2_r2_pv3c_eps05_trace-a2e8ab_b16_k8_isolated,isolated,ours,37,3,iso_sync_ms,18.677633,recorder
20260925-072918_perlmutter_cb90a27f,ours_l01_s1_pv2_r2_pv3c_eps05_trace-a2e8ab_b16_k8_isolated,isolated,ours,37,4,iso_sync_ms,497.553004,recorder
20260925-072918_perlmutter_cb90a27f,ours_l01_s1_pv2_r2_pv3c_eps05_trace-a2e8ab_b16_k8_isolated,isolated,ours,37,5,iso_sync_ms,438.069741,recorder
20260925-072918_perlmutter_cb90a27f,ours_l01_s1_pv2_r2_pv3c_eps05_trace-a2e8ab_b16_k8_isolated,isolated,ours,37,6,iso_sync_ms,20.784555,recorder
20260925-072918_perlmutter_cb90a27f,ours_l01_s1_pv2_r2_pv3c_eps05_trace-a2e8ab_b16_k8_isolated,isolated,ours,37,7,iso_sync_ms,20.367747,recorder
20260925-072918_perlmutter_cb90a27f,ours_l01_s1_pv2_r2_pv3c_eps05_trace-a2e8ab_b16_k8_isolated,isolated,ours,37,8,iso_sync_ms,491.966649,recorder
20260925-072918_perlmutter_cb90a27f,ours_l01_s1_pv2_r2_pv3c_eps05_trace-a2e8ab_b16_k8_isolated,isolated,ours,37,9,iso_sync_ms,18.584211,recorder
20260925-072918_perlmutter_cb90a27f,ours_l01_s1_pv2_r2_pv3c_eps05_trace-a2e8ab_b16_k8_isolated,isolated,ours,38,0,e2e_ms,498.71579,recorder
20260925-072918_perlmutter_cb90a27f,ours_l01_s1_pv2_r2_pv3c_eps05_trace-a2e8ab_b16_k8_isolated,isolated,ours,38,1,e2e_ms,347.817902,recorder
20260925-072918_perlmutter_cb90a27f,ours_l01_s1_pv2_r2_pv3c_eps05_trace-a2e8ab_b16_k8_isolated,isolated,ours,38,2,e2e_ms,20.209696,recorder
20260925-072918_perlmutter_cb90a27f,ours_l01_s1_pv2_r2_pv3c_eps05_trace-a2e8ab_b16_k8_isolated,isolated,ours,38,3,e2e_ms,498.63205,recorder
20260925-072918_perlmutter_cb90a27f,ours_l01_s1_pv2_r2_pv3c_eps05_trace-a2e8ab_b16_k8_isolated,isolated,ours,38,4,e2e_ms,440.151672,recorder
20260925-072918_perlmutter_cb90a27f,ours_l01_s1_pv2_r2_pv3c_eps05_trace-a2e8ab_b16_k8_isolated,isolated,ours,38,5,e2e_ms,22.630112,recorder
20260925-072918_perlmutter_cb90a27f,ours_l01_s1_pv2_r2_pv3c_eps05_trace-a2e8ab_b16_k8_isolated,isolated,ours,38,6,e2e_ms,21.845695,recorder
20260925-072918_perlmutter_cb90a27f,ours_l01_s1_pv2_r2_pv3c_eps05_trace-a2e8ab_b16_k8_isolated,isolated,ours,38,7,e2e_ms,492.950012,recorder
20260925-072918_perlmutter_cb90a27f,ours_l01_s1_pv2_r2_pv3c_eps05_trace-a2e8ab_b16_k8_isolated,isolated,ours,38,8,e2e_ms,20.081951,recorder
20260925-072918_perlmutter_cb90a27f,ours_l01_s1_pv2_r2_pv3c_eps05_trace-a2e8ab_b16_k8_isolated,isolated,ours,38,9,e2e_ms,349.873077,recorder
20260925-072918_perlmutter_cb90a27f,ours_l01_s1_pv2_r2_pv3c_eps05_trace-a2e8ab_b16_k8_isolated,isolated,ours,38,0,l0_ms,10.647232,recorder
20260925-072918_perlmutter_cb90a27f,ours_l01_s1_pv2_r2_pv3c_eps05_trace-a2e8ab_b16_k8_isolated,isolated,ours,38,1,l0_ms,10.63008,recorder
20260925-072918_perlmutter_cb90a27f,ours_l01_s1_pv2_r2_pv3c_eps05_trace-a2e8ab_b16_k8_isolated,isolated,ours,38,2,l0_ms,10.5352,recorder
20260925-072918_perlmutter_cb90a27f,ours_l01_s1_pv2_r2_pv3c_eps05_trace-a2e8ab_b16_k8_isolated,isolated,ours,38,3,l0_ms,11.969344,recorder
20260925-072918_perlmutter_cb90a27f,ours_l01_s1_pv2_r2_pv3c_eps05_trace-a2e8ab_b16_k8_isolated,isolated,ours,38,4,l0_ms,11.942528,recorder
20260925-072918_perlmutter_cb90a27f,ours_l01_s1_pv2_r2_pv3c_eps05_trace-a2e8ab_b16_k8_isolated,isolated,ours,38,5,l0_ms,11.199168,recorder
20260925-072918_perlmutter_cb90a27f,ours_l01_s1_pv2_r2_pv3c_eps05_trace-a2e8ab_b16_k8_isolated,isolated,ours,38,6,l0_ms,11.48784,recorder
20260925-072918_perlmutter_cb90a27f,ours_l01_s1_pv2_r2_pv3c_eps05_trace-a2e8ab_b16_k8_isolated,isolated,ours,38,7,l0_ms,9.790048,recorder
20260925-072918_perlmutter_cb90a27f,ours_l01_s1_pv2_r2_pv3c_eps05_trace-a2e8ab_b16_k8_isolated,isolated,ours,38,8,l0_ms,10.275072,recorder
20260925-072918_perlmutter_cb90a27f,ours_l01_s1_pv2_r2_pv3c_eps05_trace-a2e8ab_b16_k8_isolated,isolated,ours,38,9,l0_ms,10.486048,recorder
20260925-072918_perlmutter_cb90a27f,ours_l01_s1_pv2_r2_pv3c_eps05_trace-a2e8ab_b16_k8_isolated,isolated,ours,38,0,act_ms,0.088256,recorder
20260925-072918_perlmutter_cb90a27f,ours_l01_s1_pv2_r2_pv3c_eps05_trace-a2e8ab_b16_k8_isolated,isolated,ours,38,1,act_ms,0.09184,recorder
20260925-072918_perlmutter_cb90a27f,ours_l01_s1_pv2_r2_pv3c_eps05_trace-a2e8ab_b16_k8_isolated,isolated,ours,38,2,act_ms,0.089312,recorder
20260925-072918_perlmutter_cb90a27f,ours_l01_s1_pv2_r2_pv3c_eps05_trace-a2e8ab_b16_k8_isolated,isolated,ours,38,3,act_ms,0.08928,recorder
20260925-072918_perlmutter_cb90a27f,ours_l01_s1_pv2_r2_pv3c_eps05_trace-a2e8ab_b16_k8_isolated,isolated,ours,38,4,act_ms,0.1,recorder
20260925-072918_perlmutter_cb90a27f,ours_l01_s1_pv2_r2_pv3c_eps05_trace-a2e8ab_b16_k8_isolated,isolated,ours,38,5,act_ms,0.088384,recorder
20260925-072918_perlmutter_cb90a27f,ours_l01_s1_pv2_r2_pv3c_eps05_trace-a2e8ab_b16_k8_isolated,isolated,ours,38,6,act_ms,0.097088,recorder
20260925-072918_perlmutter_cb90a27f,ours_l01_s1_pv2_r2_pv3c_eps05_trace-a2e8ab_b16_k8_isolated,isolated,ours,38,7,act_ms,0.087424,recorder
20260925-072918_perlmutter_cb90a27f,ours_l01_s1_pv2_r2_pv3c_eps05_trace-a2e8ab_b16_k8_isolated,isolated,ours,38,8,act_ms,0.095456,recorder
20260925-072918_perlmutter_cb90a27f,ours_l01_s1_pv2_r2_pv3c_eps05_trace-a2e8ab_b16_k8_isolated,isolated,ours,38,9,act_ms,0.08864,recorder
20260925-072918_perlmutter_cb90a27f,ours_l01_s1_pv2_r2_pv3c_eps05_trace-a2e8ab_b16_k8_isolated,isolated,ours,38,0,l1_ms,487.980286,recorder
20260925-072918_perlmutter_cb90a27f,ours_l01_s1_pv2_r2_pv3c_eps05_trace-a2e8ab_b16_k8_isolated,isolated,ours,38,1,l1_ms,337.095978,recorder
20260925-072918_perlmutter_cb90a27f,ours_l01_s1_pv2_r2_pv3c_eps05_trace-a2e8ab_b16_k8_isolated,isolated,ours,38,2,l1_ms,9.585184,recorder
20260925-072918_perlmutter_cb90a27f,ours_l01_s1_pv2_r2_pv3c_eps05_trace-a2e8ab_b16_k8_isolated,isolated,ours,38,3,l1_ms,486.573425,recorder
20260925-072918_perlmutter_cb90a27f,ours_l01_s1_pv2_r2_pv3c_eps05_trace-a2e8ab_b16_k8_isolated,isolated,ours,38,4,l1_ms,428.109161,recorder
20260925-072918_perlmutter_cb90a27f,ours_l01_s1_pv2_r2_pv3c_eps05_trace-a2e8ab_b16_k8_isolated,isolated,ours,38,5,l1_ms,11.34256,recorder
20260925-072918_perlmutter_cb90a27f,ours_l01_s1_pv2_r2_pv3c_eps05_trace-a2e8ab_b16_k8_isolated,isolated,ours,38,6,l1_ms,10.260768,recorder
20260925-072918_perlmutter_cb90a27f,ours_l01_s1_pv2_r2_pv3c_eps05_trace-a2e8ab_b16_k8_isolated,isolated,ours,38,7,l1_ms,483.07254,recorder
20260925-072918_perlmutter_cb90a27f,ours_l01_s1_pv2_r2_pv3c_eps05_trace-a2e8ab_b16_k8_isolated,isolated,ours,38,8,l1_ms,9.711424,recorder
20260925-072918_perlmutter_cb90a27f,ours_l01_s1_pv2_r2_pv3c_eps05_trace-a2e8ab_b16_k8_isolated,isolated,ours,38,9,l1_ms,339.298401,recorder
20260925-072918_perlmutter_cb90a27f,ours_l01_s1_pv2_r2_pv3c_eps05_trace-a2e8ab_b16_k8_isolated,isolated,ours,38,0,plan_comm_ms,0.587264,recorder
20260925-072918_perlmutter_cb90a27f,ours_l01_s1_pv2_r2_pv3c_eps05_trace-a2e8ab_b16_k8_isolated,isolated,ours,38,1,plan_comm_ms,0.892256,recorder
20260925-072918_perlmutter_cb90a27f,ours_l01_s1_pv2_r2_pv3c_eps05_trace-a2e8ab_b16_k8_isolated,isolated,ours,38,2,plan_comm_ms,0.872256,recorder
20260925-072918_perlmutter_cb90a27f,ours_l01_s1_pv2_r2_pv3c_eps05_trace-a2e8ab_b16_k8_isolated,isolated,ours,38,3,plan_comm_ms,0.596288,recorder
20260925-072918_perlmutter_cb90a27f,ours_l01_s1_pv2_r2_pv3c_eps05_trace-a2e8ab_b16_k8_isolated,isolated,ours,38,4,plan_comm_ms,0.560064,recorder
20260925-072918_perlmutter_cb90a27f,ours_l01_s1_pv2_r2_pv3c_eps05_trace-a2e8ab_b16_k8_isolated,isolated,ours,38,5,plan_comm_ms,0.889088,recorder
20260925-072918_perlmutter_cb90a27f,ours_l01_s1_pv2_r2_pv3c_eps05_trace-a2e8ab_b16_k8_isolated,isolated,ours,38,6,plan_comm_ms,0.558656,recorder
20260925-072918_perlmutter_cb90a27f,ours_l01_s1_pv2_r2_pv3c_eps05_trace-a2e8ab_b16_k8_isolated,isolated,ours,38,7,plan_comm_ms,0.680896,recorder
20260925-072918_perlmutter_cb90a27f,ours_l01_s1_pv2_r2_pv3c_eps05_trace-a2e8ab_b16_k8_isolated,isolated,ours,38,8,plan_comm_ms,0.941248,recorder
20260925-072918_perlmutter_cb90a27f,ours_l01_s1_pv2_r2_pv3c_eps05_trace-a2e8ab_b16_k8_isolated,isolated,ours,38,9,plan_comm_ms,0.632928,recorder
20260925-072918_perlmutter_cb90a27f,ours_l01_s1_pv2_r2_pv3c_eps05_trace-a2e8ab_b16_k8_isolated,isolated,ours,38,0,place_ms,0.002304,recorder
20260925-072918_perlmutter_cb90a27f,ours_l01_s1_pv2_r2_pv3c_eps05_trace-a2e8ab_b16_k8_isolated,isolated,ours,38,1,place_ms,0.002336,recorder
20260925-072918_perlmutter_cb90a27f,ours_l01_s1_pv2_r2_pv3c_eps05_trace-a2e8ab_b16_k8_isolated,isolated,ours,38,2,place_ms,0.002304,recorder
20260925-072918_perlmutter_cb90a27f,ours_l01_s1_pv2_r2_pv3c_eps05_trace-a2e8ab_b16_k8_isolated,isolated,ours,38,3,place_ms,0.002464,recorder
20260925-072918_perlmutter_cb90a27f,ours_l01_s1_pv2_r2_pv3c_eps05_trace-a2e8ab_b16_k8_isolated,isolated,ours,38,4,place_ms,0.002336,recorder
20260925-072918_perlmutter_cb90a27f,ours_l01_s1_pv2_r2_pv3c_eps05_trace-a2e8ab_b16_k8_isolated,isolated,ours,38,5,place_ms,0.002304,recorder
20260925-072918_perlmutter_cb90a27f,ours_l01_s1_pv2_r2_pv3c_eps05_trace-a2e8ab_b16_k8_isolated,isolated,ours,38,6,place_ms,0.002304,recorder
20260925-072918_perlmutter_cb90a27f,ours_l01_s1_pv2_r2_pv3c_eps05_trace-a2e8ab_b16_k8_isolated,isolated,ours,38,7,place_ms,0.002336,recorder
20260925-072918_perlmutter_cb90a27f,ours_l01_s1_pv2_r2_pv3c_eps05_trace-a2e8ab_b16_k8_isolated,isolated,ours,38,8,place_ms,0.002336,recorder
20260925-072918_perlmutter_cb90a27f,ours_l01_s1_pv2_r2_pv3c_eps05_trace-a2e8ab_b16_k8_isolated,isolated,ours,38,9,place_ms,0.002336,recorder
20260925-072918_perlmutter_cb90a27f,ours_l01_s1_pv2_r2_pv3c_eps05_trace-a2e8ab_b16_k8_isolated,isolated,ours,38,0,plan_ms,1.914592,recorder
20260925-072918_perlmutter_cb90a27f,ours_l01_s1_pv2_r2_pv3c_eps05_trace-a2e8ab_b16_k8_isolated,isolated,ours,38,1,plan_ms,1.927168,recorder
20260925-072918_perlmutter_cb90a27f,ours_l01_s1_pv2_r2_pv3c_eps05_trace-a2e8ab_b16_k8_isolated,isolated,ours,38,2,plan_ms,1.927808,recorder
20260925-072918_perlmutter_cb90a27f,ours_l01_s1_pv2_r2_pv3c_eps05_trace-a2e8ab_b16_k8_isolated,isolated,ours,38,3,plan_ms,1.926816,recorder
20260925-072918_perlmutter_cb90a27f,ours_l01_s1_pv2_r2_pv3c_eps05_trace-a2e8ab_b16_k8_isolated,isolated,ours,38,4,plan_ms,1.957024,recorder
20260925-072918_perlmutter_cb90a27f,ours_l01_s1_pv2_r2_pv3c_eps05_trace-a2e8ab_b16_k8_isolated,isolated,ours,38,5,plan_ms,1.888128,recorder
20260925-072918_perlmutter_cb90a27f,ours_l01_s1_pv2_r2_pv3c_eps05_trace-a2e8ab_b16_k8_isolated,isolated,ours,38,6,plan_ms,1.935968,recorder
20260925-072918_perlmutter_cb90a27f,ours_l01_s1_pv2_r2_pv3c_eps05_trace-a2e8ab_b16_k8_isolated,isolated,ours,38,7,plan_ms,1.875744,recorder
20260925-072918_perlmutter_cb90a27f,ours_l01_s1_pv2_r2_pv3c_eps05_trace-a2e8ab_b16_k8_isolated,isolated,ours,38,8,plan_ms,1.912768,recorder
20260925-072918_perlmutter_cb90a27f,ours_l01_s1_pv2_r2_pv3c_eps05_trace-a2e8ab_b16_k8_isolated,isolated,ours,38,9,plan_ms,1.86336,recorder
20260925-072918_perlmutter_cb90a27f,ours_l01_s1_pv2_r2_pv3c_eps05_trace-a2e8ab_b16_k8_isolated,isolated,ours,38,0,total_ms,501.229523,recorder
20260925-072918_perlmutter_cb90a27f,ours_l01_s1_pv2_r2_pv3c_eps05_trace-a2e8ab_b16_k8_isolated,isolated,ours,38,1,total_ms,350.649139,recorder
20260925-072918_perlmutter_cb90a27f,ours_l01_s1_pv2_r2_pv3c_eps05_trace-a2e8ab_b16_k8_isolated,isolated,ours,38,2,total_ms,23.021952,recorder
20260925-072918_perlmutter_cb90a27f,ours_l01_s1_pv2_r2_pv3c_eps05_trace-a2e8ab_b16_k8_isolated,isolated,ours,38,3,total_ms,501.166595,recorder
20260925-072918_perlmutter_cb90a27f,ours_l01_s1_pv2_r2_pv3c_eps05_trace-a2e8ab_b16_k8_isolated,isolated,ours,38,4,total_ms,442.681061,recorder
20260925-072918_perlmutter_cb90a27f,ours_l01_s1_pv2_r2_pv3c_eps05_trace-a2e8ab_b16_k8_isolated,isolated,ours,38,5,total_ms,25.418816,recorder
20260925-072918_perlmutter_cb90a27f,ours_l01_s1_pv2_r2_pv3c_eps05_trace-a2e8ab_b16_k8_isolated,isolated,ours,38,6,total_ms,24.352224,recorder
20260925-072918_perlmutter_cb90a27f,ours_l01_s1_pv2_r2_pv3c_eps05_trace-a2e8ab_b16_k8_isolated,isolated,ours,38,7,total_ms,495.518646,recorder
20260925-072918_perlmutter_cb90a27f,ours_l01_s1_pv2_r2_pv3c_eps05_trace-a2e8ab_b16_k8_isolated,isolated,ours,38,8,total_ms,22.947489,recorder
20260925-072918_perlmutter_cb90a27f,ours_l01_s1_pv2_r2_pv3c_eps05_trace-a2e8ab_b16_k8_isolated,isolated,ours,38,9,total_ms,352.381317,recorder
20260925-072918_perlmutter_cb90a27f,ours_l01_s1_pv2_r2_pv3c_eps05_trace-a2e8ab_b16_k8_isolated,isolated,ours,38,0,iso_sync_ms,19.451403,recorder
20260925-072918_perlmutter_cb90a27f,ours_l01_s1_pv2_r2_pv3c_eps05_trace-a2e8ab_b16_k8_isolated,isolated,ours,38,1,iso_sync_ms,498.39203,recorder
20260925-072918_perlmutter_cb90a27f,ours_l01_s1_pv2_r2_pv3c_eps05_trace-a2e8ab_b16_k8_isolated,isolated,ours,38,2,iso_sync_ms,346.670054,recorder
20260925-072918_perlmutter_cb90a27f,ours_l01_s1_pv2_r2_pv3c_eps05_trace-a2e8ab_b16_k8_isolated,isolated,ours,38,3,iso_sync_ms,18.752888,recorder
20260925-072918_perlmutter_cb90a27f,ours_l01_s1_pv2_r2_pv3c_eps05_trace-a2e8ab_b16_k8_isolated,isolated,ours,38,4,iso_sync_ms,497.589275,recorder
20260925-072918_perlmutter_cb90a27f,ours_l01_s1_pv2_r2_pv3c_eps05_trace-a2e8ab_b16_k8_isolated,isolated,ours,38,5,iso_sync_ms,437.752767,recorder
20260925-072918_perlmutter_cb90a27f,ours_l01_s1_pv2_r2_pv3c_eps05_trace-a2e8ab_b16_k8_isolated,isolated,ours,38,6,iso_sync_ms,20.907223,recorder
20260925-072918_perlmutter_cb90a27f,ours_l01_s1_pv2_r2_pv3c_eps05_trace-a2e8ab_b16_k8_isolated,isolated,ours,38,7,iso_sync_ms,20.243707,recorder
20260925-072918_perlmutter_cb90a27f,ours_l01_s1_pv2_r2_pv3c_eps05_trace-a2e8ab_b16_k8_isolated,isolated,ours,38,8,iso_sync_ms,491.983371,recorder
20260925-072918_perlmutter_cb90a27f,ours_l01_s1_pv2_r2_pv3c_eps05_trace-a2e8ab_b16_k8_isolated,isolated,ours,38,9,iso_sync_ms,18.647343,recorder
20260925-072918_perlmutter_cb90a27f,ours_l01_s1_pv2_r2_pv3c_eps05_trace-a2e8ab_b16_k8_isolated,isolated,ours,39,0,e2e_ms,498.726196,recorder
20260925-072918_perlmutter_cb90a27f,ours_l01_s1_pv2_r2_pv3c_eps05_trace-a2e8ab_b16_k8_isolated,isolated,ours,39,1,e2e_ms,347.840393,recorder
20260925-072918_perlmutter_cb90a27f,ours_l01_s1_pv2_r2_pv3c_eps05_trace-a2e8ab_b16_k8_isolated,isolated,ours,39,2,e2e_ms,20.224735,recorder
20260925-072918_perlmutter_cb90a27f,ours_l01_s1_pv2_r2_pv3c_eps05_trace-a2e8ab_b16_k8_isolated,isolated,ours,39,3,e2e_ms,498.658936,recorder
20260925-072918_perlmutter_cb90a27f,ours_l01_s1_pv2_r2_pv3c_eps05_trace-a2e8ab_b16_k8_isolated,isolated,ours,39,4,e2e_ms,440.197479,recorder
20260925-072918_perlmutter_cb90a27f,ours_l01_s1_pv2_r2_pv3c_eps05_trace-a2e8ab_b16_k8_isolated,isolated,ours,39,5,e2e_ms,22.667488,recorder
20260925-072918_perlmutter_cb90a27f,ours_l01_s1_pv2_r2_pv3c_eps05_trace-a2e8ab_b16_k8_isolated,isolated,ours,39,6,e2e_ms,21.908064,recorder
20260925-072918_perlmutter_cb90a27f,ours_l01_s1_pv2_r2_pv3c_eps05_trace-a2e8ab_b16_k8_isolated,isolated,ours,39,7,e2e_ms,493.021759,recorder
20260925-072918_perlmutter_cb90a27f,ours_l01_s1_pv2_r2_pv3c_eps05_trace-a2e8ab_b16_k8_isolated,isolated,ours,39,8,e2e_ms,20.092928,recorder
20260925-072918_perlmutter_cb90a27f,ours_l01_s1_pv2_r2_pv3c_eps05_trace-a2e8ab_b16_k8_isolated,isolated,ours,39,9,e2e_ms,349.538483,recorder
20260925-072918_perlmutter_cb90a27f,ours_l01_s1_pv2_r2_pv3c_eps05_trace-a2e8ab_b16_k8_isolated,isolated,ours,39,0,l0_ms,10.650368,recorder
20260925-072918_perlmutter_cb90a27f,ours_l01_s1_pv2_r2_pv3c_eps05_trace-a2e8ab_b16_k8_isolated,isolated,ours,39,1,l0_ms,10.650144,recorder
20260925-072918_perlmutter_cb90a27f,ours_l01_s1_pv2_r2_pv3c_eps05_trace-a2e8ab_b16_k8_isolated,isolated,ours,39,2,l0_ms,10.531808,recorder
20260925-072918_perlmutter_cb90a27f,ours_l01_s1_pv2_r2_pv3c_eps05_trace-a2e8ab_b16_k8_isolated,isolated,ours,39,3,l0_ms,11.974496,recorder
20260925-072918_perlmutter_cb90a27f,ours_l01_s1_pv2_r2_pv3c_eps05_trace-a2e8ab_b16_k8_isolated,isolated,ours,39,4,l0_ms,12.024,recorder
20260925-072918_perlmutter_cb90a27f,ours_l01_s1_pv2_r2_pv3c_eps05_trace-a2e8ab_b16_k8_isolated,isolated,ours,39,5,l0_ms,11.220864,recorder
20260925-072918_perlmutter_cb90a27f,ours_l01_s1_pv2_r2_pv3c_eps05_trace-a2e8ab_b16_k8_isolated,isolated,ours,39,6,l0_ms,11.55488,recorder
20260925-072918_perlmutter_cb90a27f,ours_l01_s1_pv2_r2_pv3c_eps05_trace-a2e8ab_b16_k8_isolated,isolated,ours,39,7,l0_ms,9.81168,recorder
20260925-072918_perlmutter_cb90a27f,ours_l01_s1_pv2_r2_pv3c_eps05_trace-a2e8ab_b16_k8_isolated,isolated,ours,39,8,l0_ms,10.284128,recorder
20260925-072918_perlmutter_cb90a27f,ours_l01_s1_pv2_r2_pv3c_eps05_trace-a2e8ab_b16_k8_isolated,isolated,ours,39,9,l0_ms,10.505344,recorder
20260925-072918_perlmutter_cb90a27f,ours_l01_s1_pv2_r2_pv3c_eps05_trace-a2e8ab_b16_k8_isolated,isolated,ours,39,0,act_ms,0.085888,recorder
20260925-072918_perlmutter_cb90a27f,ours_l01_s1_pv2_r2_pv3c_eps05_trace-a2e8ab_b16_k8_isolated,isolated,ours,39,1,act_ms,0.085472,recorder
20260925-072918_perlmutter_cb90a27f,ours_l01_s1_pv2_r2_pv3c_eps05_trace-a2e8ab_b16_k8_isolated,isolated,ours,39,2,act_ms,0.079424,recorder
20260925-072918_perlmutter_cb90a27f,ours_l01_s1_pv2_r2_pv3c_eps05_trace-a2e8ab_b16_k8_isolated,isolated,ours,39,3,act_ms,0.085152,recorder
20260925-072918_perlmutter_cb90a27f,ours_l01_s1_pv2_r2_pv3c_eps05_trace-a2e8ab_b16_k8_isolated,isolated,ours,39,4,act_ms,0.086656,recorder
20260925-072918_perlmutter_cb90a27f,ours_l01_s1_pv2_r2_pv3c_eps05_trace-a2e8ab_b16_k8_isolated,isolated,ours,39,5,act_ms,0.084704,recorder
20260925-072918_perlmutter_cb90a27f,ours_l01_s1_pv2_r2_pv3c_eps05_trace-a2e8ab_b16_k8_isolated,isolated,ours,39,6,act_ms,0.081024,recorder
20260925-072918_perlmutter_cb90a27f,ours_l01_s1_pv2_r2_pv3c_eps05_trace-a2e8ab_b16_k8_isolated,isolated,ours,39,7,act_ms,0.08304,recorder
20260925-072918_perlmutter_cb90a27f,ours_l01_s1_pv2_r2_pv3c_eps05_trace-a2e8ab_b16_k8_isolated,isolated,ours,39,8,act_ms,0.080032,recorder
20260925-072918_perlmutter_cb90a27f,ours_l01_s1_pv2_r2_pv3c_eps05_trace-a2e8ab_b16_k8_isolated,isolated,ours,39,9,act_ms,0.082848,recorder
20260925-072918_perlmutter_cb90a27f,ours_l01_s1_pv2_r2_pv3c_eps05_trace-a2e8ab_b16_k8_isolated,isolated,ours,39,0,l1_ms,487.98996,recorder
20260925-072918_perlmutter_cb90a27f,ours_l01_s1_pv2_r2_pv3c_eps05_trace-a2e8ab_b16_k8_isolated,isolated,ours,39,1,l1_ms,337.104767,recorder
20260925-072918_perlmutter_cb90a27f,ours_l01_s1_pv2_r2_pv3c_eps05_trace-a2e8ab_b16_k8_isolated,isolated,ours,39,2,l1_ms,9.613504,recorder
20260925-072918_perlmutter_cb90a27f,ours_l01_s1_pv2_r2_pv3c_eps05_trace-a2e8ab_b16_k8_isolated,isolated,ours,39,3,l1_ms,486.599304,recorder
20260925-072918_perlmutter_cb90a27f,ours_l01_s1_pv2_r2_pv3c_eps05_trace-a2e8ab_b16_k8_isolated,isolated,ours,39,4,l1_ms,428.086823,recorder
20260925-072918_perlmutter_cb90a27f,ours_l01_s1_pv2_r2_pv3c_eps05_trace-a2e8ab_b16_k8_isolated,isolated,ours,39,5,l1_ms,11.36192,recorder
20260925-072918_perlmutter_cb90a27f,ours_l01_s1_pv2_r2_pv3c_eps05_trace-a2e8ab_b16_k8_isolated,isolated,ours,39,6,l1_ms,10.27216,recorder
20260925-072918_perlmutter_cb90a27f,ours_l01_s1_pv2_r2_pv3c_eps05_trace-a2e8ab_b16_k8_isolated,isolated,ours,39,7,l1_ms,483.127045,recorder
20260925-072918_perlmutter_cb90a27f,ours_l01_s1_pv2_r2_pv3c_eps05_trace-a2e8ab_b16_k8_isolated,isolated,ours,39,8,l1_ms,9.728768,recorder
20260925-072918_perlmutter_cb90a27f,ours_l01_s1_pv2_r2_pv3c_eps05_trace-a2e8ab_b16_k8_isolated,isolated,ours,39,9,l1_ms,338.950317,recorder
20260925-072918_perlmutter_cb90a27f,ours_l01_s1_pv2_r2_pv3c_eps05_trace-a2e8ab_b16_k8_isolated,isolated,ours,39,0,plan_comm_ms,0.586912,recorder
20260925-072918_perlmutter_cb90a27f,ours_l01_s1_pv2_r2_pv3c_eps05_trace-a2e8ab_b16_k8_isolated,isolated,ours,39,1,plan_comm_ms,0.894432,recorder
20260925-072918_perlmutter_cb90a27f,ours_l01_s1_pv2_r2_pv3c_eps05_trace-a2e8ab_b16_k8_isolated,isolated,ours,39,2,plan_comm_ms,0.869056,recorder
20260925-072918_perlmutter_cb90a27f,ours_l01_s1_pv2_r2_pv3c_eps05_trace-a2e8ab_b16_k8_isolated,isolated,ours,39,3,plan_comm_ms,0.598656,recorder
20260925-072918_perlmutter_cb90a27f,ours_l01_s1_pv2_r2_pv3c_eps05_trace-a2e8ab_b16_k8_isolated,isolated,ours,39,4,plan_comm_ms,0.694816,recorder
20260925-072918_perlmutter_cb90a27f,ours_l01_s1_pv2_r2_pv3c_eps05_trace-a2e8ab_b16_k8_isolated,isolated,ours,39,5,plan_comm_ms,0.890976,recorder
20260925-072918_perlmutter_cb90a27f,ours_l01_s1_pv2_r2_pv3c_eps05_trace-a2e8ab_b16_k8_isolated,isolated,ours,39,6,plan_comm_ms,0.566528,recorder
20260925-072918_perlmutter_cb90a27f,ours_l01_s1_pv2_r2_pv3c_eps05_trace-a2e8ab_b16_k8_isolated,isolated,ours,39,7,plan_comm_ms,0.68736,recorder
20260925-072918_perlmutter_cb90a27f,ours_l01_s1_pv2_r2_pv3c_eps05_trace-a2e8ab_b16_k8_isolated,isolated,ours,39,8,plan_comm_ms,0.952288,recorder
20260925-072918_perlmutter_cb90a27f,ours_l01_s1_pv2_r2_pv3c_eps05_trace-a2e8ab_b16_k8_isolated,isolated,ours,39,9,plan_comm_ms,0.632992,recorder
20260925-072918_perlmutter_cb90a27f,ours_l01_s1_pv2_r2_pv3c_eps05_trace-a2e8ab_b16_k8_isolated,isolated,ours,39,0,place_ms,0.002304,recorder
20260925-072918_perlmutter_cb90a27f,ours_l01_s1_pv2_r2_pv3c_eps05_trace-a2e8ab_b16_k8_isolated,isolated,ours,39,1,place_ms,0.00256,recorder
20260925-072918_perlmutter_cb90a27f,ours_l01_s1_pv2_r2_pv3c_eps05_trace-a2e8ab_b16_k8_isolated,isolated,ours,39,2,place_ms,0.002304,recorder
20260925-072918_perlmutter_cb90a27f,ours_l01_s1_pv2_r2_pv3c_eps05_trace-a2e8ab_b16_k8_isolated,isolated,ours,39,3,place_ms,0.002336,recorder
20260925-072918_perlmutter_cb90a27f,ours_l01_s1_pv2_r2_pv3c_eps05_trace-a2e8ab_b16_k8_isolated,isolated,ours,39,4,place_ms,0.002432,recorder
20260925-072918_perlmutter_cb90a27f,ours_l01_s1_pv2_r2_pv3c_eps05_trace-a2e8ab_b16_k8_isolated,isolated,ours,39,5,place_ms,0.002304,recorder
20260925-072918_perlmutter_cb90a27f,ours_l01_s1_pv2_r2_pv3c_eps05_trace-a2e8ab_b16_k8_isolated,isolated,ours,39,6,place_ms,0.002304,recorder
20260925-072918_perlmutter_cb90a27f,ours_l01_s1_pv2_r2_pv3c_eps05_trace-a2e8ab_b16_k8_isolated,isolated,ours,39,7,place_ms,0.002304,recorder
20260925-072918_perlmutter_cb90a27f,ours_l01_s1_pv2_r2_pv3c_eps05_trace-a2e8ab_b16_k8_isolated,isolated,ours,39,8,place_ms,0.002304,recorder
20260925-072918_perlmutter_cb90a27f,ours_l01_s1_pv2_r2_pv3c_eps05_trace-a2e8ab_b16_k8_isolated,isolated,ours,39,9,place_ms,0.002304,recorder
20260925-072918_perlmutter_cb90a27f,ours_l01_s1_pv2_r2_pv3c_eps05_trace-a2e8ab_b16_k8_isolated,isolated,ours,39,0,plan_ms,1.899456,recorder
20260925-072918_perlmutter_cb90a27f,ours_l01_s1_pv2_r2_pv3c_eps05_trace-a2e8ab_b16_k8_isolated,isolated,ours,39,1,plan_ms,1.910848,recorder
20260925-072918_perlmutter_cb90a27f,ours_l01_s1_pv2_r2_pv3c_eps05_trace-a2e8ab_b16_k8_isolated,isolated,ours,39,2,plan_ms,1.916768,recorder
20260925-072918_perlmutter_cb90a27f,ours_l01_s1_pv2_r2_pv3c_eps05_trace-a2e8ab_b16_k8_isolated,isolated,ours,39,3,plan_ms,1.914112,recorder
20260925-072918_perlmutter_cb90a27f,ours_l01_s1_pv2_r2_pv3c_eps05_trace-a2e8ab_b16_k8_isolated,isolated,ours,39,4,plan_ms,1.880128,recorder
20260925-072918_perlmutter_cb90a27f,ours_l01_s1_pv2_r2_pv3c_eps05_trace-a2e8ab_b16_k8_isolated,isolated,ours,39,5,plan_ms,1.864128,recorder
20260925-072918_perlmutter_cb90a27f,ours_l01_s1_pv2_r2_pv3c_eps05_trace-a2e8ab_b16_k8_isolated,isolated,ours,39,6,plan_ms,1.865024,recorder
20260925-072918_perlmutter_cb90a27f,ours_l01_s1_pv2_r2_pv3c_eps05_trace-a2e8ab_b16_k8_isolated,isolated,ours,39,7,plan_ms,1.852288,recorder
20260925-072918_perlmutter_cb90a27f,ours_l01_s1_pv2_r2_pv3c_eps05_trace-a2e8ab_b16_k8_isolated,isolated,ours,39,8,plan_ms,1.894848,recorder
20260925-072918_perlmutter_cb90a27f,ours_l01_s1_pv2_r2_pv3c_eps05_trace-a2e8ab_b16_k8_isolated,isolated,ours,39,9,plan_ms,1.84528,recorder
20260925-072918_perlmutter_cb90a27f,ours_l01_s1_pv2_r2_pv3c_eps05_trace-a2e8ab_b16_k8_isolated,isolated,ours,39,0,total_ms,501.225067,recorder
20260925-072918_perlmutter_cb90a27f,ours_l01_s1_pv2_r2_pv3c_eps05_trace-a2e8ab_b16_k8_isolated,isolated,ours,39,1,total_ms,350.657898,recorder
20260925-072918_perlmutter_cb90a27f,ours_l01_s1_pv2_r2_pv3c_eps05_trace-a2e8ab_b16_k8_isolated,isolated,ours,39,2,total_ms,23.022207,recorder
20260925-072918_perlmutter_cb90a27f,ours_l01_s1_pv2_r2_pv3c_eps05_trace-a2e8ab_b16_k8_isolated,isolated,ours,39,3,total_ms,501.183868,recorder
20260925-072918_perlmutter_cb90a27f,ours_l01_s1_pv2_r2_pv3c_eps05_trace-a2e8ab_b16_k8_isolated,isolated,ours,39,4,total_ms,442.784607,recorder
20260925-072918_perlmutter_cb90a27f,ours_l01_s1_pv2_r2_pv3c_eps05_trace-a2e8ab_b16_k8_isolated,isolated,ours,39,5,total_ms,25.435265,recorder
20260925-072918_perlmutter_cb90a27f,ours_l01_s1_pv2_r2_pv3c_eps05_trace-a2e8ab_b16_k8_isolated,isolated,ours,39,6,total_ms,24.3512,recorder
20260925-072918_perlmutter_cb90a27f,ours_l01_s1_pv2_r2_pv3c_eps05_trace-a2e8ab_b16_k8_isolated,isolated,ours,39,7,total_ms,495.573395,recorder
20260925-072918_perlmutter_cb90a27f,ours_l01_s1_pv2_r2_pv3c_eps05_trace-a2e8ab_b16_k8_isolated,isolated,ours,39,8,total_ms,22.951904,recorder
20260925-072918_perlmutter_cb90a27f,ours_l01_s1_pv2_r2_pv3c_eps05_trace-a2e8ab_b16_k8_isolated,isolated,ours,39,9,total_ms,352.028748,recorder
20260925-072918_perlmutter_cb90a27f,ours_l01_s1_pv2_r2_pv3c_eps05_trace-a2e8ab_b16_k8_isolated,isolated,ours,39,0,iso_sync_ms,19.499114,recorder
20260925-072918_perlmutter_cb90a27f,ours_l01_s1_pv2_r2_pv3c_eps05_trace-a2e8ab_b16_k8_isolated,isolated,ours,39,1,iso_sync_ms,498.472917,recorder
20260925-072918_perlmutter_cb90a27f,ours_l01_s1_pv2_r2_pv3c_eps05_trace-a2e8ab_b16_k8_isolated,isolated,ours,39,2,iso_sync_ms,346.788824,recorder
20260925-072918_perlmutter_cb90a27f,ours_l01_s1_pv2_r2_pv3c_eps05_trace-a2e8ab_b16_k8_isolated,isolated,ours,39,3,iso_sync_ms,18.745955,recorder
20260925-072918_perlmutter_cb90a27f,ours_l01_s1_pv2_r2_pv3c_eps05_trace-a2e8ab_b16_k8_isolated,isolated,ours,39,4,iso_sync_ms,497.594024,recorder
20260925-072918_perlmutter_cb90a27f,ours_l01_s1_pv2_r2_pv3c_eps05_trace-a2e8ab_b16_k8_isolated,isolated,ours,39,5,iso_sync_ms,438.753837,recorder
20260925-072918_perlmutter_cb90a27f,ours_l01_s1_pv2_r2_pv3c_eps05_trace-a2e8ab_b16_k8_isolated,isolated,ours,39,6,iso_sync_ms,21.159452,recorder
20260925-072918_perlmutter_cb90a27f,ours_l01_s1_pv2_r2_pv3c_eps05_trace-a2e8ab_b16_k8_isolated,isolated,ours,39,7,iso_sync_ms,20.379129,recorder
20260925-072918_perlmutter_cb90a27f,ours_l01_s1_pv2_r2_pv3c_eps05_trace-a2e8ab_b16_k8_isolated,isolated,ours,39,8,iso_sync_ms,492.086882,recorder
20260925-072918_perlmutter_cb90a27f,ours_l01_s1_pv2_r2_pv3c_eps05_trace-a2e8ab_b16_k8_isolated,isolated,ours,39,9,iso_sync_ms,18.669055,recorder
20260925-072918_perlmutter_cb90a27f,ours_l01_s1_pv2_r2_pv3c_eps05_trace-a2e8ab_b16_k8_isolated,isolated,ours,40,0,e2e_ms,498.878601,recorder
20260925-072918_perlmutter_cb90a27f,ours_l01_s1_pv2_r2_pv3c_eps05_trace-a2e8ab_b16_k8_isolated,isolated,ours,40,1,e2e_ms,347.883209,recorder
20260925-072918_perlmutter_cb90a27f,ours_l01_s1_pv2_r2_pv3c_eps05_trace-a2e8ab_b16_k8_isolated,isolated,ours,40,2,e2e_ms,20.238464,recorder
20260925-072918_perlmutter_cb90a27f,ours_l01_s1_pv2_r2_pv3c_eps05_trace-a2e8ab_b16_k8_isolated,isolated,ours,40,3,e2e_ms,498.664215,recorder
20260925-072918_perlmutter_cb90a27f,ours_l01_s1_pv2_r2_pv3c_eps05_trace-a2e8ab_b16_k8_isolated,isolated,ours,40,4,e2e_ms,440.227936,recorder
20260925-072918_perlmutter_cb90a27f,ours_l01_s1_pv2_r2_pv3c_eps05_trace-a2e8ab_b16_k8_isolated,isolated,ours,40,5,e2e_ms,22.676449,recorder
20260925-072918_perlmutter_cb90a27f,ours_l01_s1_pv2_r2_pv3c_eps05_trace-a2e8ab_b16_k8_isolated,isolated,ours,40,6,e2e_ms,21.925056,recorder
20260925-072918_perlmutter_cb90a27f,ours_l01_s1_pv2_r2_pv3c_eps05_trace-a2e8ab_b16_k8_isolated,isolated,ours,40,7,e2e_ms,492.998047,recorder
20260925-072918_perlmutter_cb90a27f,ours_l01_s1_pv2_r2_pv3c_eps05_trace-a2e8ab_b16_k8_isolated,isolated,ours,40,8,e2e_ms,20.103489,recorder
20260925-072918_perlmutter_cb90a27f,ours_l01_s1_pv2_r2_pv3c_eps05_trace-a2e8ab_b16_k8_isolated,isolated,ours,40,9,e2e_ms,349.601624,recorder
20260925-072918_perlmutter_cb90a27f,ours_l01_s1_pv2_r2_pv3c_eps05_trace-a2e8ab_b16_k8_isolated,isolated,ours,40,0,l0_ms,10.687232,recorder
20260925-072918_perlmutter_cb90a27f,ours_l01_s1_pv2_r2_pv3c_eps05_trace-a2e8ab_b16_k8_isolated,isolated,ours,40,1,l0_ms,10.645632,recorder
20260925-072918_perlmutter_cb90a27f,ours_l01_s1_pv2_r2_pv3c_eps05_trace-a2e8ab_b16_k8_isolated,isolated,ours,40,2,l0_ms,10.557408,recorder
20260925-072918_perlmutter_cb90a27f,ours_l01_s1_pv2_r2_pv3c_eps05_trace-a2e8ab_b16_k8_isolated,isolated,ours,40,3,l0_ms,12.010944,recorder
20260925-072918_perlmutter_cb90a27f,ours_l01_s1_pv2_r2_pv3c_eps05_trace-a2e8ab_b16_k8_isolated,isolated,ours,40,4,l0_ms,12.041952,recorder
20260925-072918_perlmutter_cb90a27f,ours_l01_s1_pv2_r2_pv3c_eps05_trace-a2e8ab_b16_k8_isolated,isolated,ours,40,5,l0_ms,11.240032,recorder
20260925-072918_perlmutter_cb90a27f,ours_l01_s1_pv2_r2_pv3c_eps05_trace-a2e8ab_b16_k8_isolated,isolated,ours,40,6,l0_ms,11.57456,recorder
20260925-072918_perlmutter_cb90a27f,ours_l01_s1_pv2_r2_pv3c_eps05_trace-a2e8ab_b16_k8_isolated,isolated,ours,40,7,l0_ms,9.838368,recorder
20260925-072918_perlmutter_cb90a27f,ours_l01_s1_pv2_r2_pv3c_eps05_trace-a2e8ab_b16_k8_isolated,isolated,ours,40,8,l0_ms,10.302816,recorder
20260925-072918_perlmutter_cb90a27f,ours_l01_s1_pv2_r2_pv3c_eps05_trace-a2e8ab_b16_k8_isolated,isolated,ours,40,9,l0_ms,10.521152,recorder
20260925-072918_perlmutter_cb90a27f,ours_l01_s1_pv2_r2_pv3c_eps05_trace-a2e8ab_b16_k8_isolated,isolated,ours,40,0,act_ms,0.080288,recorder
20260925-072918_perlmutter_cb90a27f,ours_l01_s1_pv2_r2_pv3c_eps05_trace-a2e8ab_b16_k8_isolated,isolated,ours,40,1,act_ms,0.079936,recorder
20260925-072918_perlmutter_cb90a27f,ours_l01_s1_pv2_r2_pv3c_eps05_trace-a2e8ab_b16_k8_isolated,isolated,ours,40,2,act_ms,0.080448,recorder
20260925-072918_perlmutter_cb90a27f,ours_l01_s1_pv2_r2_pv3c_eps05_trace-a2e8ab_b16_k8_isolated,isolated,ours,40,3,act_ms,0.081504,recorder
20260925-072918_perlmutter_cb90a27f,ours_l01_s1_pv2_r2_pv3c_eps05_trace-a2e8ab_b16_k8_isolated,isolated,ours,40,4,act_ms,0.079104,recorder
20260925-072918_perlmutter_cb90a27f,ours_l01_s1_pv2_r2_pv3c_eps05_trace-a2e8ab_b16_k8_isolated,isolated,ours,40,5,act_ms,0.082048,recorder
20260925-072918_perlmutter_cb90a27f,ours_l01_s1_pv2_r2_pv3c_eps05_trace-a2e8ab_b16_k8_isolated,isolated,ours,40,6,act_ms,0.082976,recorder
20260925-072918_perlmutter_cb90a27f,ours_l01_s1_pv2_r2_pv3c_eps05_trace-a2e8ab_b16_k8_isolated,isolated,ours,40,7,act_ms,0.081152,recorder
20260925-072918_perlmutter_cb90a27f,ours_l01_s1_pv2_r2_pv3c_eps05_trace-a2e8ab_b16_k8_isolated,isolated,ours,40,8,act_ms,0.078144,recorder
20260925-072918_perlmutter_cb90a27f,ours_l01_s1_pv2_r2_pv3c_eps05_trace-a2e8ab_b16_k8_isolated,isolated,ours,40,9,act_ms,0.085888,recorder
20260925-072918_perlmutter_cb90a27f,ours_l01_s1_pv2_r2_pv3c_eps05_trace-a2e8ab_b16_k8_isolated,isolated,ours,40,0,l1_ms,488.111084,recorder
20260925-072918_perlmutter_cb90a27f,ours_l01_s1_pv2_r2_pv3c_eps05_trace-a2e8ab_b16_k8_isolated,isolated,ours,40,1,l1_ms,337.157623,recorder
20260925-072918_perlmutter_cb90a27f,ours_l01_s1_pv2_r2_pv3c_eps05_trace-a2e8ab_b16_k8_isolated,isolated,ours,40,2,l1_ms,9.600608,recorder
20260925-072918_perlmutter_cb90a27f,ours_l01_s1_pv2_r2_pv3c_eps05_trace-a2e8ab_b16_k8_isolated,isolated,ours,40,3,l1_ms,486.571777,recorder
20260925-072918_perlmutter_cb90a27f,ours_l01_s1_pv2_r2_pv3c_eps05_trace-a2e8ab_b16_k8_isolated,isolated,ours,40,4,l1_ms,428.106873,recorder
20260925-072918_perlmutter_cb90a27f,ours_l01_s1_pv2_r2_pv3c_eps05_trace-a2e8ab_b16_k8_isolated,isolated,ours,40,5,l1_ms,11.354368,recorder
20260925-072918_perlmutter_cb90a27f,ours_l01_s1_pv2_r2_pv3c_eps05_trace-a2e8ab_b16_k8_isolated,isolated,ours,40,6,l1_ms,10.26752,recorder
20260925-072918_perlmutter_cb90a27f,ours_l01_s1_pv2_r2_pv3c_eps05_trace-a2e8ab_b16_k8_isolated,isolated,ours,40,7,l1_ms,483.078522,recorder
20260925-072918_perlmutter_cb90a27f,ours_l01_s1_pv2_r2_pv3c_eps05_trace-a2e8ab_b16_k8_isolated,isolated,ours,40,8,l1_ms,9.722528,recorder
20260925-072918_perlmutter_cb90a27f,ours_l01_s1_pv2_r2_pv3c_eps05_trace-a2e8ab_b16_k8_isolated,isolated,ours,40,9,l1_ms,338.994598,recorder
20260925-072918_perlmutter_cb90a27f,ours_l01_s1_pv2_r2_pv3c_eps05_trace-a2e8ab_b16_k8_isolated,isolated,ours,40,0,plan_comm_ms,0.585824,recorder
20260925-072918_perlmutter_cb90a27f,ours_l01_s1_pv2_r2_pv3c_eps05_trace-a2e8ab_b16_k8_isolated,isolated,ours,40,1,plan_comm_ms,0.850112,recorder
20260925-072918_perlmutter_cb90a27f,ours_l01_s1_pv2_r2_pv3c_eps05_trace-a2e8ab_b16_k8_isolated,isolated,ours,40,2,plan_comm_ms,0.876032,recorder
20260925-072918_perlmutter_cb90a27f,ours_l01_s1_pv2_r2_pv3c_eps05_trace-a2e8ab_b16_k8_isolated,isolated,ours,40,3,plan_comm_ms,0.595712,recorder
20260925-072918_perlmutter_cb90a27f,ours_l01_s1_pv2_r2_pv3c_eps05_trace-a2e8ab_b16_k8_isolated,isolated,ours,40,4,plan_comm_ms,0.686784,recorder
20260925-072918_perlmutter_cb90a27f,ours_l01_s1_pv2_r2_pv3c_eps05_trace-a2e8ab_b16_k8_isolated,isolated,ours,40,5,plan_comm_ms,0.880672,recorder
20260925-072918_perlmutter_cb90a27f,ours_l01_s1_pv2_r2_pv3c_eps05_trace-a2e8ab_b16_k8_isolated,isolated,ours,40,6,plan_comm_ms,0.553344,recorder
20260925-072918_perlmutter_cb90a27f,ours_l01_s1_pv2_r2_pv3c_eps05_trace-a2e8ab_b16_k8_isolated,isolated,ours,40,7,plan_comm_ms,0.668448,recorder
20260925-072918_perlmutter_cb90a27f,ours_l01_s1_pv2_r2_pv3c_eps05_trace-a2e8ab_b16_k8_isolated,isolated,ours,40,8,plan_comm_ms,0.85616,recorder
20260925-072918_perlmutter_cb90a27f,ours_l01_s1_pv2_r2_pv3c_eps05_trace-a2e8ab_b16_k8_isolated,isolated,ours,40,9,plan_comm_ms,0.6368,recorder
20260925-072918_perlmutter_cb90a27f,ours_l01_s1_pv2_r2_pv3c_eps05_trace-a2e8ab_b16_k8_isolated,isolated,ours,40,0,place_ms,0.002368,recorder
20260925-072918_perlmutter_cb90a27f,ours_l01_s1_pv2_r2_pv3c_eps05_trace-a2e8ab_b16_k8_isolated,isolated,ours,40,1,place_ms,0.002336,recorder
20260925-072918_perlmutter_cb90a27f,ours_l01_s1_pv2_r2_pv3c_eps05_trace-a2e8ab_b16_k8_isolated,isolated,ours,40,2,place_ms,0.002336,recorder
20260925-072918_perlmutter_cb90a27f,ours_l01_s1_pv2_r2_pv3c_eps05_trace-a2e8ab_b16_k8_isolated,isolated,ours,40,3,place_ms,0.002464,recorder
20260925-072918_perlmutter_cb90a27f,ours_l01_s1_pv2_r2_pv3c_eps05_trace-a2e8ab_b16_k8_isolated,isolated,ours,40,4,place_ms,0.002336,recorder
20260925-072918_perlmutter_cb90a27f,ours_l01_s1_pv2_r2_pv3c_eps05_trace-a2e8ab_b16_k8_isolated,isolated,ours,40,5,place_ms,0.002432,recorder
20260925-072918_perlmutter_cb90a27f,ours_l01_s1_pv2_r2_pv3c_eps05_trace-a2e8ab_b16_k8_isolated,isolated,ours,40,6,place_ms,0.002368,recorder
20260925-072918_perlmutter_cb90a27f,ours_l01_s1_pv2_r2_pv3c_eps05_trace-a2e8ab_b16_k8_isolated,isolated,ours,40,7,place_ms,0.002336,recorder
20260925-072918_perlmutter_cb90a27f,ours_l01_s1_pv2_r2_pv3c_eps05_trace-a2e8ab_b16_k8_isolated,isolated,ours,40,8,place_ms,0.0024,recorder
20260925-072918_perlmutter_cb90a27f,ours_l01_s1_pv2_r2_pv3c_eps05_trace-a2e8ab_b16_k8_isolated,isolated,ours,40,9,place_ms,0.002368,recorder
20260925-072918_perlmutter_cb90a27f,ours_l01_s1_pv2_r2_pv3c_eps05_trace-a2e8ab_b16_k8_isolated,isolated,ours,40,0,plan_ms,1.867392,recorder
20260925-072918_perlmutter_cb90a27f,ours_l01_s1_pv2_r2_pv3c_eps05_trace-a2e8ab_b16_k8_isolated,isolated,ours,40,1,plan_ms,1.917664,recorder
20260925-072918_perlmutter_cb90a27f,ours_l01_s1_pv2_r2_pv3c_eps05_trace-a2e8ab_b16_k8_isolated,isolated,ours,40,2,plan_ms,1.907008,recorder
20260925-072918_perlmutter_cb90a27f,ours_l01_s1_pv2_r2_pv3c_eps05_trace-a2e8ab_b16_k8_isolated,isolated,ours,40,3,plan_ms,1.891008,recorder
20260925-072918_perlmutter_cb90a27f,ours_l01_s1_pv2_r2_pv3c_eps05_trace-a2e8ab_b16_k8_isolated,isolated,ours,40,4,plan_ms,1.863296,recorder
20260925-072918_perlmutter_cb90a27f,ours_l01_s1_pv2_r2_pv3c_eps05_trace-a2e8ab_b16_k8_isolated,isolated,ours,40,5,plan_ms,1.853952,recorder
20260925-072918_perlmutter_cb90a27f,ours_l01_s1_pv2_r2_pv3c_eps05_trace-a2e8ab_b16_k8_isolated,isolated,ours,40,6,plan_ms,1.855488,recorder
20260925-072918_perlmutter_cb90a27f,ours_l01_s1_pv2_r2_pv3c_eps05_trace-a2e8ab_b16_k8_isolated,isolated,ours,40,7,plan_ms,1.840576,recorder
20260925-072918_perlmutter_cb90a27f,ours_l01_s1_pv2_r2_pv3c_eps05_trace-a2e8ab_b16_k8_isolated,isolated,ours,40,8,plan_ms,1.888416,recorder
20260925-072918_perlmutter_cb90a27f,ours_l01_s1_pv2_r2_pv3c_eps05_trace-a2e8ab_b16_k8_isolated,isolated,ours,40,9,plan_ms,1.830304,recorder
20260925-072918_perlmutter_cb90a27f,ours_l01_s1_pv2_r2_pv3c_eps05_trace-a2e8ab_b16_k8_isolated,isolated,ours,40,0,total_ms,501.344086,recorder
20260925-072918_perlmutter_cb90a27f,ours_l01_s1_pv2_r2_pv3c_eps05_trace-a2e8ab_b16_k8_isolated,isolated,ours,40,1,total_ms,350.663635,recorder
20260925-072918_perlmutter_cb90a27f,ours_l01_s1_pv2_r2_pv3c_eps05_trace-a2e8ab_b16_k8_isolated,isolated,ours,40,2,total_ms,23.033792,recorder
20260925-072918_perlmutter_cb90a27f,ours_l01_s1_pv2_r2_pv3c_eps05_trace-a2e8ab_b16_k8_isolated,isolated,ours,40,3,total_ms,501.16275,recorder
20260925-072918_perlmutter_cb90a27f,ours_l01_s1_pv2_r2_pv3c_eps05_trace-a2e8ab_b16_k8_isolated,isolated,ours,40,4,total_ms,442.789124,recorder
20260925-072918_perlmutter_cb90a27f,ours_l01_s1_pv2_r2_pv3c_eps05_trace-a2e8ab_b16_k8_isolated,isolated,ours,40,5,total_ms,25.422976,recorder
20260925-072918_perlmutter_cb90a27f,ours_l01_s1_pv2_r2_pv3c_eps05_trace-a2e8ab_b16_k8_isolated,isolated,ours,40,6,total_ms,24.347551,recorder
20260925-072918_perlmutter_cb90a27f,ours_l01_s1_pv2_r2_pv3c_eps05_trace-a2e8ab_b16_k8_isolated,isolated,ours,40,7,total_ms,495.518646,recorder
20260925-072918_perlmutter_cb90a27f,ours_l01_s1_pv2_r2_pv3c_eps05_trace-a2e8ab_b16_k8_isolated,isolated,ours,40,8,total_ms,22.859968,recorder
20260925-072918_perlmutter_cb90a27f,ours_l01_s1_pv2_r2_pv3c_eps05_trace-a2e8ab_b16_k8_isolated,isolated,ours,40,9,total_ms,352.080261,recorder
20260925-072918_perlmutter_cb90a27f,ours_l01_s1_pv2_r2_pv3c_eps05_trace-a2e8ab_b16_k8_isolated,isolated,ours,40,0,iso_sync_ms,19.42173,recorder
20260925-072918_perlmutter_cb90a27f,ours_l01_s1_pv2_r2_pv3c_eps05_trace-a2e8ab_b16_k8_isolated,isolated,ours,40,1,iso_sync_ms,498.614952,recorder
20260925-072918_perlmutter_cb90a27f,ours_l01_s1_pv2_r2_pv3c_eps05_trace-a2e8ab_b16_k8_isolated,isolated,ours,40,2,iso_sync_ms,346.223395,recorder
20260925-072918_perlmutter_cb90a27f,ours_l01_s1_pv2_r2_pv3c_eps05_trace-a2e8ab_b16_k8_isolated,isolated,ours,40,3,iso_sync_ms,18.577838,recorder
20260925-072918_perlmutter_cb90a27f,ours_l01_s1_pv2_r2_pv3c_eps05_trace-a2e8ab_b16_k8_isolated,isolated,ours,40,4,iso_sync_ms,497.634985,recorder
20260925-072918_perlmutter_cb90a27f,ours_l01_s1_pv2_r2_pv3c_eps05_trace-a2e8ab_b16_k8_isolated,isolated,ours,40,5,iso_sync_ms,438.909034,recorder
20260925-072918_perlmutter_cb90a27f,ours_l01_s1_pv2_r2_pv3c_eps05_trace-a2e8ab_b16_k8_isolated,isolated,ours,40,6,iso_sync_ms,20.992959,recorder
20260925-072918_perlmutter_cb90a27f,ours_l01_s1_pv2_r2_pv3c_eps05_trace-a2e8ab_b16_k8_isolated,isolated,ours,40,7,iso_sync_ms,20.511679,recorder
20260925-072918_perlmutter_cb90a27f,ours_l01_s1_pv2_r2_pv3c_eps05_trace-a2e8ab_b16_k8_isolated,isolated,ours,40,8,iso_sync_ms,492.059313,recorder
20260925-072918_perlmutter_cb90a27f,ours_l01_s1_pv2_r2_pv3c_eps05_trace-a2e8ab_b16_k8_isolated,isolated,ours,40,9,iso_sync_ms,18.18554,recorder
20260925-072918_perlmutter_cb90a27f,ours_l01_s1_pv2_r2_pv3c_eps05_trace-a2e8ab_b16_k8_isolated,isolated,ours,41,0,e2e_ms,498.732697,recorder
20260925-072918_perlmutter_cb90a27f,ours_l01_s1_pv2_r2_pv3c_eps05_trace-a2e8ab_b16_k8_isolated,isolated,ours,41,1,e2e_ms,347.837097,recorder
20260925-072918_perlmutter_cb90a27f,ours_l01_s1_pv2_r2_pv3c_eps05_trace-a2e8ab_b16_k8_isolated,isolated,ours,41,2,e2e_ms,20.227232,recorder
20260925-072918_perlmutter_cb90a27f,ours_l01_s1_pv2_r2_pv3c_eps05_trace-a2e8ab_b16_k8_isolated,isolated,ours,41,3,e2e_ms,498.588409,recorder
20260925-072918_perlmutter_cb90a27f,ours_l01_s1_pv2_r2_pv3c_eps05_trace-a2e8ab_b16_k8_isolated,isolated,ours,41,4,e2e_ms,440.197357,recorder
20260925-072918_perlmutter_cb90a27f,ours_l01_s1_pv2_r2_pv3c_eps05_trace-a2e8ab_b16_k8_isolated,isolated,ours,41,5,e2e_ms,22.675552,recorder
20260925-072918_perlmutter_cb90a27f,ours_l01_s1_pv2_r2_pv3c_eps05_trace-a2e8ab_b16_k8_isolated,isolated,ours,41,6,e2e_ms,21.893185,recorder
20260925-072918_perlmutter_cb90a27f,ours_l01_s1_pv2_r2_pv3c_eps05_trace-a2e8ab_b16_k8_isolated,isolated,ours,41,7,e2e_ms,493.163452,recorder
20260925-072918_perlmutter_cb90a27f,ours_l01_s1_pv2_r2_pv3c_eps05_trace-a2e8ab_b16_k8_isolated,isolated,ours,41,8,e2e_ms,20.104544,recorder
20260925-072918_perlmutter_cb90a27f,ours_l01_s1_pv2_r2_pv3c_eps05_trace-a2e8ab_b16_k8_isolated,isolated,ours,41,9,e2e_ms,349.613678,recorder
20260925-072918_perlmutter_cb90a27f,ours_l01_s1_pv2_r2_pv3c_eps05_trace-a2e8ab_b16_k8_isolated,isolated,ours,41,0,l0_ms,10.663648,recorder
20260925-072918_perlmutter_cb90a27f,ours_l01_s1_pv2_r2_pv3c_eps05_trace-a2e8ab_b16_k8_isolated,isolated,ours,41,1,l0_ms,10.639168,recorder
20260925-072918_perlmutter_cb90a27f,ours_l01_s1_pv2_r2_pv3c_eps05_trace-a2e8ab_b16_k8_isolated,isolated,ours,41,2,l0_ms,10.53616,recorder
20260925-072918_perlmutter_cb90a27f,ours_l01_s1_pv2_r2_pv3c_eps05_trace-a2e8ab_b16_k8_isolated,isolated,ours,41,3,l0_ms,11.98128,recorder
20260925-072918_perlmutter_cb90a27f,ours_l01_s1_pv2_r2_pv3c_eps05_trace-a2e8ab_b16_k8_isolated,isolated,ours,41,4,l0_ms,12.020096,recorder
20260925-072918_perlmutter_cb90a27f,ours_l01_s1_pv2_r2_pv3c_eps05_trace-a2e8ab_b16_k8_isolated,isolated,ours,41,5,l0_ms,11.241824,recorder
20260925-072918_perlmutter_cb90a27f,ours_l01_s1_pv2_r2_pv3c_eps05_trace-a2e8ab_b16_k8_isolated,isolated,ours,41,6,l0_ms,11.536,recorder
20260925-072918_perlmutter_cb90a27f,ours_l01_s1_pv2_r2_pv3c_eps05_trace-a2e8ab_b16_k8_isolated,isolated,ours,41,7,l0_ms,9.825344,recorder
20260925-072918_perlmutter_cb90a27f,ours_l01_s1_pv2_r2_pv3c_eps05_trace-a2e8ab_b16_k8_isolated,isolated,ours,41,8,l0_ms,10.307776,recorder
20260925-072918_perlmutter_cb90a27f,ours_l01_s1_pv2_r2_pv3c_eps05_trace-a2e8ab_b16_k8_isolated,isolated,ours,41,9,l0_ms,10.4912,recorder
20260925-072918_perlmutter_cb90a27f,ours_l01_s1_pv2_r2_pv3c_eps05_trace-a2e8ab_b16_k8_isolated,isolated,ours,41,0,act_ms,0.110976,recorder
20260925-072918_perlmutter_cb90a27f,ours_l01_s1_pv2_r2_pv3c_eps05_trace-a2e8ab_b16_k8_isolated,isolated,ours,41,1,act_ms,0.126048,recorder
20260925-072918_perlmutter_cb90a27f,ours_l01_s1_pv2_r2_pv3c_eps05_trace-a2e8ab_b16_k8_isolated,isolated,ours,41,2,act_ms,0.12672,recorder
20260925-072918_perlmutter_cb90a27f,ours_l01_s1_pv2_r2_pv3c_eps05_trace-a2e8ab_b16_k8_isolated,isolated,ours,41,3,act_ms,0.121472,recorder
20260925-072918_perlmutter_cb90a27f,ours_l01_s1_pv2_r2_pv3c_eps05_trace-a2e8ab_b16_k8_isolated,isolated,ours,41,4,act_ms,0.12624,recorder
20260925-072918_perlmutter_cb90a27f,ours_l01_s1_pv2_r2_pv3c_eps05_trace-a2e8ab_b16_k8_isolated,isolated,ours,41,5,act_ms,0.113376,recorder
20260925-072918_perlmutter_cb90a27f,ours_l01_s1_pv2_r2_pv3c_eps05_trace-a2e8ab_b16_k8_isolated,isolated,ours,41,6,act_ms,0.112672,recorder
20260925-072918_perlmutter_cb90a27f,ours_l01_s1_pv2_r2_pv3c_eps05_trace-a2e8ab_b16_k8_isolated,isolated,ours,41,7,act_ms,0.127712,recorder
20260925-072918_perlmutter_cb90a27f,ours_l01_s1_pv2_r2_pv3c_eps05_trace-a2e8ab_b16_k8_isolated,isolated,ours,41,8,act_ms,0.11552,recorder
20260925-072918_perlmutter_cb90a27f,ours_l01_s1_pv2_r2_pv3c_eps05_trace-a2e8ab_b16_k8_isolated,isolated,ours,41,9,act_ms,0.12656,recorder
20260925-072918_perlmutter_cb90a27f,ours_l01_s1_pv2_r2_pv3c_eps05_trace-a2e8ab_b16_k8_isolated,isolated,ours,41,0,l1_ms,487.958069,recorder
20260925-072918_perlmutter_cb90a27f,ours_l01_s1_pv2_r2_pv3c_eps05_trace-a2e8ab_b16_k8_isolated,isolated,ours,41,1,l1_ms,337.071869,recorder
20260925-072918_perlmutter_cb90a27f,ours_l01_s1_pv2_r2_pv3c_eps05_trace-a2e8ab_b16_k8_isolated,isolated,ours,41,2,l1_ms,9.564352,recorder
20260925-072918_perlmutter_cb90a27f,ours_l01_s1_pv2_r2_pv3c_eps05_trace-a2e8ab_b16_k8_isolated,isolated,ours,41,3,l1_ms,486.485657,recorder
20260925-072918_perlmutter_cb90a27f,ours_l01_s1_pv2_r2_pv3c_eps05_trace-a2e8ab_b16_k8_isolated,isolated,ours,41,4,l1_ms,428.050995,recorder
20260925-072918_perlmutter_cb90a27f,ours_l01_s1_pv2_r2_pv3c_eps05_trace-a2e8ab_b16_k8_isolated,isolated,ours,41,5,l1_ms,11.320352,recorder
20260925-072918_perlmutter_cb90a27f,ours_l01_s1_pv2_r2_pv3c_eps05_trace-a2e8ab_b16_k8_isolated,isolated,ours,41,6,l1_ms,10.244512,recorder
20260925-072918_perlmutter_cb90a27f,ours_l01_s1_pv2_r2_pv3c_eps05_trace-a2e8ab_b16_k8_isolated,isolated,ours,41,7,l1_ms,483.210388,recorder
20260925-072918_perlmutter_cb90a27f,ours_l01_s1_pv2_r2_pv3c_eps05_trace-a2e8ab_b16_k8_isolated,isolated,ours,41,8,l1_ms,9.681248,recorder
20260925-072918_perlmutter_cb90a27f,ours_l01_s1_pv2_r2_pv3c_eps05_trace-a2e8ab_b16_k8_isolated,isolated,ours,41,9,l1_ms,338.995911,recorder
20260925-072918_perlmutter_cb90a27f,ours_l01_s1_pv2_r2_pv3c_eps05_trace-a2e8ab_b16_k8_isolated,isolated,ours,41,0,plan_comm_ms,0.586208,recorder
20260925-072918_perlmutter_cb90a27f,ours_l01_s1_pv2_r2_pv3c_eps05_trace-a2e8ab_b16_k8_isolated,isolated,ours,41,1,plan_comm_ms,0.777984,recorder
20260925-072918_perlmutter_cb90a27f,ours_l01_s1_pv2_r2_pv3c_eps05_trace-a2e8ab_b16_k8_isolated,isolated,ours,41,2,plan_comm_ms,0.858144,recorder
20260925-072918_perlmutter_cb90a27f,ours_l01_s1_pv2_r2_pv3c_eps05_trace-a2e8ab_b16_k8_isolated,isolated,ours,41,3,plan_comm_ms,0.589504,recorder
20260925-072918_perlmutter_cb90a27f,ours_l01_s1_pv2_r2_pv3c_eps05_trace-a2e8ab_b16_k8_isolated,isolated,ours,41,4,plan_comm_ms,0.683264,recorder
20260925-072918_perlmutter_cb90a27f,ours_l01_s1_pv2_r2_pv3c_eps05_trace-a2e8ab_b16_k8_isolated,isolated,ours,41,5,plan_comm_ms,0.875424,recorder
20260925-072918_perlmutter_cb90a27f,ours_l01_s1_pv2_r2_pv3c_eps05_trace-a2e8ab_b16_k8_isolated,isolated,ours,41,6,plan_comm_ms,0.55936,recorder
20260925-072918_perlmutter_cb90a27f,ours_l01_s1_pv2_r2_pv3c_eps05_trace-a2e8ab_b16_k8_isolated,isolated,ours,41,7,plan_comm_ms,0.67488,recorder
20260925-072918_perlmutter_cb90a27f,ours_l01_s1_pv2_r2_pv3c_eps05_trace-a2e8ab_b16_k8_isolated,isolated,ours,41,8,plan_comm_ms,0.937856,recorder
20260925-072918_perlmutter_cb90a27f,ours_l01_s1_pv2_r2_pv3c_eps05_trace-a2e8ab_b16_k8_isolated,isolated,ours,41,9,plan_comm_ms,0.637152,recorder
20260925-072918_perlmutter_cb90a27f,ours_l01_s1_pv2_r2_pv3c_eps05_trace-a2e8ab_b16_k8_isolated,isolated,ours,41,0,place_ms,0.002304,recorder
20260925-072918_perlmutter_cb90a27f,ours_l01_s1_pv2_r2_pv3c_eps05_trace-a2e8ab_b16_k8_isolated,isolated,ours,41,1,place_ms,0.002304,recorder
20260925-072918_perlmutter_cb90a27f,ours_l01_s1_pv2_r2_pv3c_eps05_trace-a2e8ab_b16_k8_isolated,isolated,ours,41,2,place_ms,0.002304,recorder
20260925-072918_perlmutter_cb90a27f,ours_l01_s1_pv2_r2_pv3c_eps05_trace-a2e8ab_b16_k8_isolated,isolated,ours,41,3,place_ms,0.002496,recorder
20260925-072918_perlmutter_cb90a27f,ours_l01_s1_pv2_r2_pv3c_eps05_trace-a2e8ab_b16_k8_isolated,isolated,ours,41,4,place_ms,0.002272,recorder
20260925-072918_perlmutter_cb90a27f,ours_l01_s1_pv2_r2_pv3c_eps05_trace-a2e8ab_b16_k8_isolated,isolated,ours,41,5,place_ms,0.002304,recorder
20260925-072918_perlmutter_cb90a27f,ours_l01_s1_pv2_r2_pv3c_eps05_trace-a2e8ab_b16_k8_isolated,isolated,ours,41,6,place_ms,0.002304,recorder
20260925-072918_perlmutter_cb90a27f,ours_l01_s1_pv2_r2_pv3c_eps05_trace-a2e8ab_b16_k8_isolated,isolated,ours,41,7,place_ms,0.002304,recorder
20260925-072918_perlmutter_cb90a27f,ours_l01_s1_pv2_r2_pv3c_eps05_trace-a2e8ab_b16_k8_isolated,isolated,ours,41,8,place_ms,0.002304,recorder
20260925-072918_perlmutter_cb90a27f,ours_l01_s1_pv2_r2_pv3c_eps05_trace-a2e8ab_b16_k8_isolated,isolated,ours,41,9,place_ms,0.002272,recorder
20260925-072918_perlmutter_cb90a27f,ours_l01_s1_pv2_r2_pv3c_eps05_trace-a2e8ab_b16_k8_isolated,isolated,ours,41,0,plan_ms,1.9,recorder
20260925-072918_perlmutter_cb90a27f,ours_l01_s1_pv2_r2_pv3c_eps05_trace-a2e8ab_b16_k8_isolated,isolated,ours,41,1,plan_ms,1.939168,recorder
20260925-072918_perlmutter_cb90a27f,ours_l01_s1_pv2_r2_pv3c_eps05_trace-a2e8ab_b16_k8_isolated,isolated,ours,41,2,plan_ms,1.933792,recorder
20260925-072918_perlmutter_cb90a27f,ours_l01_s1_pv2_r2_pv3c_eps05_trace-a2e8ab_b16_k8_isolated,isolated,ours,41,3,plan_ms,1.924832,recorder
20260925-072918_perlmutter_cb90a27f,ours_l01_s1_pv2_r2_pv3c_eps05_trace-a2e8ab_b16_k8_isolated,isolated,ours,41,4,plan_ms,1.89776,recorder
20260925-072918_perlmutter_cb90a27f,ours_l01_s1_pv2_r2_pv3c_eps05_trace-a2e8ab_b16_k8_isolated,isolated,ours,41,5,plan_ms,1.858912,recorder
20260925-072918_perlmutter_cb90a27f,ours_l01_s1_pv2_r2_pv3c_eps05_trace-a2e8ab_b16_k8_isolated,isolated,ours,41,6,plan_ms,1.8936,recorder
20260925-072918_perlmutter_cb90a27f,ours_l01_s1_pv2_r2_pv3c_eps05_trace-a2e8ab_b16_k8_isolated,isolated,ours,41,7,plan_ms,1.859584,recorder
20260925-072918_perlmutter_cb90a27f,ours_l01_s1_pv2_r2_pv3c_eps05_trace-a2e8ab_b16_k8_isolated,isolated,ours,41,8,plan_ms,1.894528,recorder
20260925-072918_perlmutter_cb90a27f,ours_l01_s1_pv2_r2_pv3c_eps05_trace-a2e8ab_b16_k8_isolated,isolated,ours,41,9,plan_ms,1.850848,recorder
20260925-072918_perlmutter_cb90a27f,ours_l01_s1_pv2_r2_pv3c_eps05_trace-a2e8ab_b16_k8_isolated,isolated,ours,41,0,total_ms,501.230988,recorder
20260925-072918_perlmutter_cb90a27f,ours_l01_s1_pv2_r2_pv3c_eps05_trace-a2e8ab_b16_k8_isolated,isolated,ours,41,1,total_ms,350.566711,recorder
20260925-072918_perlmutter_cb90a27f,ours_l01_s1_pv2_r2_pv3c_eps05_trace-a2e8ab_b16_k8_isolated,isolated,ours,41,2,total_ms,23.031391,recorder
20260925-072918_perlmutter_cb90a27f,ours_l01_s1_pv2_r2_pv3c_eps05_trace-a2e8ab_b16_k8_isolated,isolated,ours,41,3,total_ms,501.115387,recorder
20260925-072918_perlmutter_cb90a27f,ours_l01_s1_pv2_r2_pv3c_eps05_trace-a2e8ab_b16_k8_isolated,isolated,ours,41,4,total_ms,442.790588,recorder
20260925-072918_perlmutter_cb90a27f,ours_l01_s1_pv2_r2_pv3c_eps05_trace-a2e8ab_b16_k8_isolated,isolated,ours,41,5,total_ms,25.421888,recorder
20260925-072918_perlmutter_cb90a27f,ours_l01_s1_pv2_r2_pv3c_eps05_trace-a2e8ab_b16_k8_isolated,isolated,ours,41,6,total_ms,24.358335,recorder
20260925-072918_perlmutter_cb90a27f,ours_l01_s1_pv2_r2_pv3c_eps05_trace-a2e8ab_b16_k8_isolated,isolated,ours,41,7,total_ms,495.710419,recorder
20260925-072918_perlmutter_cb90a27f,ours_l01_s1_pv2_r2_pv3c_eps05_trace-a2e8ab_b16_k8_isolated,isolated,ours,41,8,total_ms,22.949057,recorder
20260925-072918_perlmutter_cb90a27f,ours_l01_s1_pv2_r2_pv3c_eps05_trace-a2e8ab_b16_k8_isolated,isolated,ours,41,9,total_ms,352.113281,recorder
20260925-072918_perlmutter_cb90a27f,ours_l01_s1_pv2_r2_pv3c_eps05_trace-a2e8ab_b16_k8_isolated,isolated,ours,41,0,iso_sync_ms,19.593081,recorder
20260925-072918_perlmutter_cb90a27f,ours_l01_s1_pv2_r2_pv3c_eps05_trace-a2e8ab_b16_k8_isolated,isolated,ours,41,1,iso_sync_ms,498.588931,recorder
20260925-072918_perlmutter_cb90a27f,ours_l01_s1_pv2_r2_pv3c_eps05_trace-a2e8ab_b16_k8_isolated,isolated,ours,41,2,iso_sync_ms,346.203035,recorder
20260925-072918_perlmutter_cb90a27f,ours_l01_s1_pv2_r2_pv3c_eps05_trace-a2e8ab_b16_k8_isolated,isolated,ours,41,3,iso_sync_ms,18.690096,recorder
20260925-072918_perlmutter_cb90a27f,ours_l01_s1_pv2_r2_pv3c_eps05_trace-a2e8ab_b16_k8_isolated,isolated,ours,41,4,iso_sync_ms,497.621078,recorder
20260925-072918_perlmutter_cb90a27f,ours_l01_s1_pv2_r2_pv3c_eps05_trace-a2e8ab_b16_k8_isolated,isolated,ours,41,5,iso_sync_ms,438.822806,recorder
20260925-072918_perlmutter_cb90a27f,ours_l01_s1_pv2_r2_pv3c_eps05_trace-a2e8ab_b16_k8_isolated,isolated,ours,41,6,iso_sync_ms,21.045551,recorder
20260925-072918_perlmutter_cb90a27f,ours_l01_s1_pv2_r2_pv3c_eps05_trace-a2e8ab_b16_k8_isolated,isolated,ours,41,7,iso_sync_ms,20.443426,recorder
20260925-072918_perlmutter_cb90a27f,ours_l01_s1_pv2_r2_pv3c_eps05_trace-a2e8ab_b16_k8_isolated,isolated,ours,41,8,iso_sync_ms,492.040236,recorder
20260925-072918_perlmutter_cb90a27f,ours_l01_s1_pv2_r2_pv3c_eps05_trace-a2e8ab_b16_k8_isolated,isolated,ours,41,9,iso_sync_ms,18.678222,recorder
20260925-072918_perlmutter_cb90a27f,ours_l01_s1_pv2_r2_pv3c_eps05_trace-a2e8ab_b16_k8_isolated,isolated,ours,42,0,e2e_ms,498.726837,recorder
20260925-072918_perlmutter_cb90a27f,ours_l01_s1_pv2_r2_pv3c_eps05_trace-a2e8ab_b16_k8_isolated,isolated,ours,42,1,e2e_ms,347.850983,recorder
20260925-072918_perlmutter_cb90a27f,ours_l01_s1_pv2_r2_pv3c_eps05_trace-a2e8ab_b16_k8_isolated,isolated,ours,42,2,e2e_ms,20.2288,recorder
20260925-072918_perlmutter_cb90a27f,ours_l01_s1_pv2_r2_pv3c_eps05_trace-a2e8ab_b16_k8_isolated,isolated,ours,42,3,e2e_ms,498.629608,recorder
20260925-072918_perlmutter_cb90a27f,ours_l01_s1_pv2_r2_pv3c_eps05_trace-a2e8ab_b16_k8_isolated,isolated,ours,42,4,e2e_ms,440.156433,recorder
20260925-072918_perlmutter_cb90a27f,ours_l01_s1_pv2_r2_pv3c_eps05_trace-a2e8ab_b16_k8_isolated,isolated,ours,42,5,e2e_ms,22.651232,recorder
20260925-072918_perlmutter_cb90a27f,ours_l01_s1_pv2_r2_pv3c_eps05_trace-a2e8ab_b16_k8_isolated,isolated,ours,42,6,e2e_ms,21.900192,recorder
20260925-072918_perlmutter_cb90a27f,ours_l01_s1_pv2_r2_pv3c_eps05_trace-a2e8ab_b16_k8_isolated,isolated,ours,42,7,e2e_ms,492.944153,recorder
20260925-072918_perlmutter_cb90a27f,ours_l01_s1_pv2_r2_pv3c_eps05_trace-a2e8ab_b16_k8_isolated,isolated,ours,42,8,e2e_ms,20.077345,recorder
20260925-072918_perlmutter_cb90a27f,ours_l01_s1_pv2_r2_pv3c_eps05_trace-a2e8ab_b16_k8_isolated,isolated,ours,42,9,e2e_ms,349.625916,recorder
20260925-072918_perlmutter_cb90a27f,ours_l01_s1_pv2_r2_pv3c_eps05_trace-a2e8ab_b16_k8_isolated,isolated,ours,42,0,l0_ms,10.647296,recorder
20260925-072918_perlmutter_cb90a27f,ours_l01_s1_pv2_r2_pv3c_eps05_trace-a2e8ab_b16_k8_isolated,isolated,ours,42,1,l0_ms,10.647296,recorder
20260925-072918_perlmutter_cb90a27f,ours_l01_s1_pv2_r2_pv3c_eps05_trace-a2e8ab_b16_k8_isolated,isolated,ours,42,2,l0_ms,10.531648,recorder
20260925-072918_perlmutter_cb90a27f,ours_l01_s1_pv2_r2_pv3c_eps05_trace-a2e8ab_b16_k8_isolated,isolated,ours,42,3,l0_ms,11.978272,recorder
20260925-072918_perlmutter_cb90a27f,ours_l01_s1_pv2_r2_pv3c_eps05_trace-a2e8ab_b16_k8_isolated,isolated,ours,42,4,l0_ms,12.023648,recorder
20260925-072918_perlmutter_cb90a27f,ours_l01_s1_pv2_r2_pv3c_eps05_trace-a2e8ab_b16_k8_isolated,isolated,ours,42,5,l0_ms,11.212224,recorder
20260925-072918_perlmutter_cb90a27f,ours_l01_s1_pv2_r2_pv3c_eps05_trace-a2e8ab_b16_k8_isolated,isolated,ours,42,6,l0_ms,11.539776,recorder
20260925-072918_perlmutter_cb90a27f,ours_l01_s1_pv2_r2_pv3c_eps05_trace-a2e8ab_b16_k8_isolated,isolated,ours,42,7,l0_ms,9.80912,recorder
20260925-072918_perlmutter_cb90a27f,ours_l01_s1_pv2_r2_pv3c_eps05_trace-a2e8ab_b16_k8_isolated,isolated,ours,42,8,l0_ms,10.26304,recorder
20260925-072918_perlmutter_cb90a27f,ours_l01_s1_pv2_r2_pv3c_eps05_trace-a2e8ab_b16_k8_isolated,isolated,ours,42,9,l0_ms,10.48304,recorder
20260925-072918_perlmutter_cb90a27f,ours_l01_s1_pv2_r2_pv3c_eps05_trace-a2e8ab_b16_k8_isolated,isolated,ours,42,0,act_ms,0.102432,recorder
20260925-072918_perlmutter_cb90a27f,ours_l01_s1_pv2_r2_pv3c_eps05_trace-a2e8ab_b16_k8_isolated,isolated,ours,42,1,act_ms,0.099072,recorder
20260925-072918_perlmutter_cb90a27f,ours_l01_s1_pv2_r2_pv3c_eps05_trace-a2e8ab_b16_k8_isolated,isolated,ours,42,2,act_ms,0.104928,recorder
20260925-072918_perlmutter_cb90a27f,ours_l01_s1_pv2_r2_pv3c_eps05_trace-a2e8ab_b16_k8_isolated,isolated,ours,42,3,act_ms,0.101408,recorder
20260925-072918_perlmutter_cb90a27f,ours_l01_s1_pv2_r2_pv3c_eps05_trace-a2e8ab_b16_k8_isolated,isolated,ours,42,4,act_ms,0.100224,recorder
20260925-072918_perlmutter_cb90a27f,ours_l01_s1_pv2_r2_pv3c_eps05_trace-a2e8ab_b16_k8_isolated,isolated,ours,42,5,act_ms,0.100192,recorder
20260925-072918_perlmutter_cb90a27f,ours_l01_s1_pv2_r2_pv3c_eps05_trace-a2e8ab_b16_k8_isolated,isolated,ours,42,6,act_ms,0.098496,recorder
20260925-072918_perlmutter_cb90a27f,ours_l01_s1_pv2_r2_pv3c_eps05_trace-a2e8ab_b16_k8_isolated,isolated,ours,42,7,act_ms,0.102944,recorder
20260925-072918_perlmutter_cb90a27f,ours_l01_s1_pv2_r2_pv3c_eps05_trace-a2e8ab_b16_k8_isolated,isolated,ours,42,8,act_ms,0.096864,recorder
20260925-072918_perlmutter_cb90a27f,ours_l01_s1_pv2_r2_pv3c_eps05_trace-a2e8ab_b16_k8_isolated,isolated,ours,42,9,act_ms,0.0984,recorder
20260925-072918_perlmutter_cb90a27f,ours_l01_s1_pv2_r2_pv3c_eps05_trace-a2e8ab_b16_k8_isolated,isolated,ours,42,0,l1_ms,487.977112,recorder
20260925-072918_perlmutter_cb90a27f,ours_l01_s1_pv2_r2_pv3c_eps05_trace-a2e8ab_b16_k8_isolated,isolated,ours,42,1,l1_ms,337.104614,recorder
20260925-072918_perlmutter_cb90a27f,ours_l01_s1_pv2_r2_pv3c_eps05_trace-a2e8ab_b16_k8_isolated,isolated,ours,42,2,l1_ms,9.592224,recorder
20260925-072918_perlmutter_cb90a27f,ours_l01_s1_pv2_r2_pv3c_eps05_trace-a2e8ab_b16_k8_isolated,isolated,ours,42,3,l1_ms,486.549927,recorder
20260925-072918_perlmutter_cb90a27f,ours_l01_s1_pv2_r2_pv3c_eps05_trace-a2e8ab_b16_k8_isolated,isolated,ours,42,4,l1_ms,428.032562,recorder
20260925-072918_perlmutter_cb90a27f,ours_l01_s1_pv2_r2_pv3c_eps05_trace-a2e8ab_b16_k8_isolated,isolated,ours,42,5,l1_ms,11.338816,recorder
20260925-072918_perlmutter_cb90a27f,ours_l01_s1_pv2_r2_pv3c_eps05_trace-a2e8ab_b16_k8_isolated,isolated,ours,42,6,l1_ms,10.26192,recorder
20260925-072918_perlmutter_cb90a27f,ours_l01_s1_pv2_r2_pv3c_eps05_trace-a2e8ab_b16_k8_isolated,isolated,ours,42,7,l1_ms,483.032104,recorder
20260925-072918_perlmutter_cb90a27f,ours_l01_s1_pv2_r2_pv3c_eps05_trace-a2e8ab_b16_k8_isolated,isolated,ours,42,8,l1_ms,9.71744,recorder
20260925-072918_perlmutter_cb90a27f,ours_l01_s1_pv2_r2_pv3c_eps05_trace-a2e8ab_b16_k8_isolated,isolated,ours,42,9,l1_ms,339.044495,recorder
20260925-072918_perlmutter_cb90a27f,ours_l01_s1_pv2_r2_pv3c_eps05_trace-a2e8ab_b16_k8_isolated,isolated,ours,42,0,plan_comm_ms,0.582176,recorder
20260925-072918_perlmutter_cb90a27f,ours_l01_s1_pv2_r2_pv3c_eps05_trace-a2e8ab_b16_k8_isolated,isolated,ours,42,1,plan_comm_ms,0.89232,recorder
20260925-072918_perlmutter_cb90a27f,ours_l01_s1_pv2_r2_pv3c_eps05_trace-a2e8ab_b16_k8_isolated,isolated,ours,42,2,plan_comm_ms,0.861856,recorder
20260925-072918_perlmutter_cb90a27f,ours_l01_s1_pv2_r2_pv3c_eps05_trace-a2e8ab_b16_k8_isolated,isolated,ours,42,3,plan_comm_ms,0.599808,recorder
20260925-072918_perlmutter_cb90a27f,ours_l01_s1_pv2_r2_pv3c_eps05_trace-a2e8ab_b16_k8_isolated,isolated,ours,42,4,plan_comm_ms,0.692832,recorder
20260925-072918_perlmutter_cb90a27f,ours_l01_s1_pv2_r2_pv3c_eps05_trace-a2e8ab_b16_k8_isolated,isolated,ours,42,5,plan_comm_ms,0.881792,recorder
20260925-072918_perlmutter_cb90a27f,ours_l01_s1_pv2_r2_pv3c_eps05_trace-a2e8ab_b16_k8_isolated,isolated,ours,42,6,plan_comm_ms,0.554912,recorder
20260925-072918_perlmutter_cb90a27f,ours_l01_s1_pv2_r2_pv3c_eps05_trace-a2e8ab_b16_k8_isolated,isolated,ours,42,7,plan_comm_ms,0.677856,recorder
20260925-072918_perlmutter_cb90a27f,ours_l01_s1_pv2_r2_pv3c_eps05_trace-a2e8ab_b16_k8_isolated,isolated,ours,42,8,plan_comm_ms,0.944672,recorder
20260925-072918_perlmutter_cb90a27f,ours_l01_s1_pv2_r2_pv3c_eps05_trace-a2e8ab_b16_k8_isolated,isolated,ours,42,9,plan_comm_ms,0.632352,recorder
20260925-072918_perlmutter_cb90a27f,ours_l01_s1_pv2_r2_pv3c_eps05_trace-a2e8ab_b16_k8_isolated,isolated,ours,42,0,place_ms,0.002368,recorder
20260925-072918_perlmutter_cb90a27f,ours_l01_s1_pv2_r2_pv3c_eps05_trace-a2e8ab_b16_k8_isolated,isolated,ours,42,1,place_ms,0.002336,recorder
20260925-072918_perlmutter_cb90a27f,ours_l01_s1_pv2_r2_pv3c_eps05_trace-a2e8ab_b16_k8_isolated,isolated,ours,42,2,place_ms,0.0024,recorder
20260925-072918_perlmutter_cb90a27f,ours_l01_s1_pv2_r2_pv3c_eps05_trace-a2e8ab_b16_k8_isolated,isolated,ours,42,3,place_ms,0.002336,recorder
20260925-072918_perlmutter_cb90a27f,ours_l01_s1_pv2_r2_pv3c_eps05_trace-a2e8ab_b16_k8_isolated,isolated,ours,42,4,place_ms,0.002336,recorder
20260925-072918_perlmutter_cb90a27f,ours_l01_s1_pv2_r2_pv3c_eps05_trace-a2e8ab_b16_k8_isolated,isolated,ours,42,5,place_ms,0.002336,recorder
20260925-072918_perlmutter_cb90a27f,ours_l01_s1_pv2_r2_pv3c_eps05_trace-a2e8ab_b16_k8_isolated,isolated,ours,42,6,place_ms,0.002336,recorder
20260925-072918_perlmutter_cb90a27f,ours_l01_s1_pv2_r2_pv3c_eps05_trace-a2e8ab_b16_k8_isolated,isolated,ours,42,7,place_ms,0.002336,recorder
20260925-072918_perlmutter_cb90a27f,ours_l01_s1_pv2_r2_pv3c_eps05_trace-a2e8ab_b16_k8_isolated,isolated,ours,42,8,place_ms,0.0024,recorder
20260925-072918_perlmutter_cb90a27f,ours_l01_s1_pv2_r2_pv3c_eps05_trace-a2e8ab_b16_k8_isolated,isolated,ours,42,9,place_ms,0.002336,recorder
20260925-072918_perlmutter_cb90a27f,ours_l01_s1_pv2_r2_pv3c_eps05_trace-a2e8ab_b16_k8_isolated,isolated,ours,42,0,plan_ms,1.92848,recorder
20260925-072918_perlmutter_cb90a27f,ours_l01_s1_pv2_r2_pv3c_eps05_trace-a2e8ab_b16_k8_isolated,isolated,ours,42,1,plan_ms,1.927328,recorder
20260925-072918_perlmutter_cb90a27f,ours_l01_s1_pv2_r2_pv3c_eps05_trace-a2e8ab_b16_k8_isolated,isolated,ours,42,2,plan_ms,1.949408,recorder
20260925-072918_perlmutter_cb90a27f,ours_l01_s1_pv2_r2_pv3c_eps05_trace-a2e8ab_b16_k8_isolated,isolated,ours,42,3,plan_ms,1.933344,recorder
20260925-072918_perlmutter_cb90a27f,ours_l01_s1_pv2_r2_pv3c_eps05_trace-a2e8ab_b16_k8_isolated,isolated,ours,42,4,plan_ms,1.902944,recorder
20260925-072918_perlmutter_cb90a27f,ours_l01_s1_pv2_r2_pv3c_eps05_trace-a2e8ab_b16_k8_isolated,isolated,ours,42,5,plan_ms,1.89312,recorder
20260925-072918_perlmutter_cb90a27f,ours_l01_s1_pv2_r2_pv3c_eps05_trace-a2e8ab_b16_k8_isolated,isolated,ours,42,6,plan_ms,1.900064,recorder
20260925-072918_perlmutter_cb90a27f,ours_l01_s1_pv2_r2_pv3c_eps05_trace-a2e8ab_b16_k8_isolated,isolated,ours,42,7,plan_ms,1.874208,recorder
20260925-072918_perlmutter_cb90a27f,ours_l01_s1_pv2_r2_pv3c_eps05_trace-a2e8ab_b16_k8_isolated,isolated,ours,42,8,plan_ms,1.926304,recorder
20260925-072918_perlmutter_cb90a27f,ours_l01_s1_pv2_r2_pv3c_eps05_trace-a2e8ab_b16_k8_isolated,isolated,ours,42,9,plan_ms,1.867264,recorder
20260925-072918_perlmutter_cb90a27f,ours_l01_s1_pv2_r2_pv3c_eps05_trace-a2e8ab_b16_k8_isolated,isolated,ours,42,0,total_ms,501.248444,recorder
20260925-072918_perlmutter_cb90a27f,ours_l01_s1_pv2_r2_pv3c_eps05_trace-a2e8ab_b16_k8_isolated,isolated,ours,42,1,total_ms,350.681702,recorder
20260925-072918_perlmutter_cb90a27f,ours_l01_s1_pv2_r2_pv3c_eps05_trace-a2e8ab_b16_k8_isolated,isolated,ours,42,2,total_ms,23.051296,recorder
20260925-072918_perlmutter_cb90a27f,ours_l01_s1_pv2_r2_pv3c_eps05_trace-a2e8ab_b16_k8_isolated,isolated,ours,42,3,total_ms,501.173889,recorder
20260925-072918_perlmutter_cb90a27f,ours_l01_s1_pv2_r2_pv3c_eps05_trace-a2e8ab_b16_k8_isolated,isolated,ours,42,4,total_ms,442.762604,recorder
20260925-072918_perlmutter_cb90a27f,ours_l01_s1_pv2_r2_pv3c_eps05_trace-a2e8ab_b16_k8_isolated,isolated,ours,42,5,total_ms,25.437664,recorder
20260925-072918_perlmutter_cb90a27f,ours_l01_s1_pv2_r2_pv3c_eps05_trace-a2e8ab_b16_k8_isolated,isolated,ours,42,6,total_ms,24.36624,recorder
20260925-072918_perlmutter_cb90a27f,ours_l01_s1_pv2_r2_pv3c_eps05_trace-a2e8ab_b16_k8_isolated,isolated,ours,42,7,total_ms,495.507324,recorder
20260925-072918_perlmutter_cb90a27f,ours_l01_s1_pv2_r2_pv3c_eps05_trace-a2e8ab_b16_k8_isolated,isolated,ours,42,8,total_ms,22.959776,recorder
20260925-072918_perlmutter_cb90a27f,ours_l01_s1_pv2_r2_pv3c_eps05_trace-a2e8ab_b16_k8_isolated,isolated,ours,42,9,total_ms,352.136383,recorder
20260925-072918_perlmutter_cb90a27f,ours_l01_s1_pv2_r2_pv3c_eps05_trace-a2e8ab_b16_k8_isolated,isolated,ours,42,0,iso_sync_ms,19.575177,recorder
20260925-072918_perlmutter_cb90a27f,ours_l01_s1_pv2_r2_pv3c_eps05_trace-a2e8ab_b16_k8_isolated,isolated,ours,42,1,iso_sync_ms,498.606815,recorder
20260925-072918_perlmutter_cb90a27f,ours_l01_s1_pv2_r2_pv3c_eps05_trace-a2e8ab_b16_k8_isolated,isolated,ours,42,2,iso_sync_ms,346.837382,recorder
20260925-072918_perlmutter_cb90a27f,ours_l01_s1_pv2_r2_pv3c_eps05_trace-a2e8ab_b16_k8_isolated,isolated,ours,42,3,iso_sync_ms,18.78061,recorder
20260925-072918_perlmutter_cb90a27f,ours_l01_s1_pv2_r2_pv3c_eps05_trace-a2e8ab_b16_k8_isolated,isolated,ours,42,4,iso_sync_ms,497.656216,recorder
20260925-072918_perlmutter_cb90a27f,ours_l01_s1_pv2_r2_pv3c_eps05_trace-a2e8ab_b16_k8_isolated,isolated,ours,42,5,iso_sync_ms,438.945544,recorder
20260925-072918_perlmutter_cb90a27f,ours_l01_s1_pv2_r2_pv3c_eps05_trace-a2e8ab_b16_k8_isolated,isolated,ours,42,6,iso_sync_ms,21.097581,recorder
20260925-072918_perlmutter_cb90a27f,ours_l01_s1_pv2_r2_pv3c_eps05_trace-a2e8ab_b16_k8_isolated,isolated,ours,42,7,iso_sync_ms,20.468966,recorder
20260925-072918_perlmutter_cb90a27f,ours_l01_s1_pv2_r2_pv3c_eps05_trace-a2e8ab_b16_k8_isolated,isolated,ours,42,8,iso_sync_ms,492.101996,recorder
20260925-072918_perlmutter_cb90a27f,ours_l01_s1_pv2_r2_pv3c_eps05_trace-a2e8ab_b16_k8_isolated,isolated,ours,42,9,iso_sync_ms,18.679946,recorder
20260925-072918_perlmutter_cb90a27f,ours_l01_s1_pv2_r2_pv3c_eps05_trace-a2e8ab_b16_k8_isolated,isolated,ours,43,0,e2e_ms,498.687744,recorder
20260925-072918_perlmutter_cb90a27f,ours_l01_s1_pv2_r2_pv3c_eps05_trace-a2e8ab_b16_k8_isolated,isolated,ours,43,1,e2e_ms,347.877472,recorder
20260925-072918_perlmutter_cb90a27f,ours_l01_s1_pv2_r2_pv3c_eps05_trace-a2e8ab_b16_k8_isolated,isolated,ours,43,2,e2e_ms,20.207872,recorder
20260925-072918_perlmutter_cb90a27f,ours_l01_s1_pv2_r2_pv3c_eps05_trace-a2e8ab_b16_k8_isolated,isolated,ours,43,3,e2e_ms,498.672241,recorder
20260925-072918_perlmutter_cb90a27f,ours_l01_s1_pv2_r2_pv3c_eps05_trace-a2e8ab_b16_k8_isolated,isolated,ours,43,4,e2e_ms,440.1474,recorder
20260925-072918_perlmutter_cb90a27f,ours_l01_s1_pv2_r2_pv3c_eps05_trace-a2e8ab_b16_k8_isolated,isolated,ours,43,5,e2e_ms,22.632065,recorder
20260925-072918_perlmutter_cb90a27f,ours_l01_s1_pv2_r2_pv3c_eps05_trace-a2e8ab_b16_k8_isolated,isolated,ours,43,6,e2e_ms,21.914976,recorder
20260925-072918_perlmutter_cb90a27f,ours_l01_s1_pv2_r2_pv3c_eps05_trace-a2e8ab_b16_k8_isolated,isolated,ours,43,7,e2e_ms,492.967743,recorder
20260925-072918_perlmutter_cb90a27f,ours_l01_s1_pv2_r2_pv3c_eps05_trace-a2e8ab_b16_k8_isolated,isolated,ours,43,8,e2e_ms,20.077824,recorder
20260925-072918_perlmutter_cb90a27f,ours_l01_s1_pv2_r2_pv3c_eps05_trace-a2e8ab_b16_k8_isolated,isolated,ours,43,9,e2e_ms,349.604889,recorder
20260925-072918_perlmutter_cb90a27f,ours_l01_s1_pv2_r2_pv3c_eps05_trace-a2e8ab_b16_k8_isolated,isolated,ours,43,0,l0_ms,10.6064,recorder
20260925-072918_perlmutter_cb90a27f,ours_l01_s1_pv2_r2_pv3c_eps05_trace-a2e8ab_b16_k8_isolated,isolated,ours,43,1,l0_ms,10.618592,recorder
20260925-072918_perlmutter_cb90a27f,ours_l01_s1_pv2_r2_pv3c_eps05_trace-a2e8ab_b16_k8_isolated,isolated,ours,43,2,l0_ms,10.483808,recorder
20260925-072918_perlmutter_cb90a27f,ours_l01_s1_pv2_r2_pv3c_eps05_trace-a2e8ab_b16_k8_isolated,isolated,ours,43,3,l0_ms,11.936736,recorder
20260925-072918_perlmutter_cb90a27f,ours_l01_s1_pv2_r2_pv3c_eps05_trace-a2e8ab_b16_k8_isolated,isolated,ours,43,4,l0_ms,11.996832,recorder
20260925-072918_perlmutter_cb90a27f,ours_l01_s1_pv2_r2_pv3c_eps05_trace-a2e8ab_b16_k8_isolated,isolated,ours,43,5,l0_ms,11.189792,recorder
20260925-072918_perlmutter_cb90a27f,ours_l01_s1_pv2_r2_pv3c_eps05_trace-a2e8ab_b16_k8_isolated,isolated,ours,43,6,l0_ms,11.536736,recorder
20260925-072918_perlmutter_cb90a27f,ours_l01_s1_pv2_r2_pv3c_eps05_trace-a2e8ab_b16_k8_isolated,isolated,ours,43,7,l0_ms,9.792768,recorder
20260925-072918_perlmutter_cb90a27f,ours_l01_s1_pv2_r2_pv3c_eps05_trace-a2e8ab_b16_k8_isolated,isolated,ours,43,8,l0_ms,10.268416,recorder
20260925-072918_perlmutter_cb90a27f,ours_l01_s1_pv2_r2_pv3c_eps05_trace-a2e8ab_b16_k8_isolated,isolated,ours,43,9,l0_ms,10.450016,recorder
20260925-072918_perlmutter_cb90a27f,ours_l01_s1_pv2_r2_pv3c_eps05_trace-a2e8ab_b16_k8_isolated,isolated,ours,43,0,act_ms,0.064416,recorder
20260925-072918_perlmutter_cb90a27f,ours_l01_s1_pv2_r2_pv3c_eps05_trace-a2e8ab_b16_k8_isolated,isolated,ours,43,1,act_ms,0.06592,recorder
20260925-072918_perlmutter_cb90a27f,ours_l01_s1_pv2_r2_pv3c_eps05_trace-a2e8ab_b16_k8_isolated,isolated,ours,43,2,act_ms,0.06784,recorder
20260925-072918_perlmutter_cb90a27f,ours_l01_s1_pv2_r2_pv3c_eps05_trace-a2e8ab_b16_k8_isolated,isolated,ours,43,3,act_ms,0.064192,recorder
20260925-072918_perlmutter_cb90a27f,ours_l01_s1_pv2_r2_pv3c_eps05_trace-a2e8ab_b16_k8_isolated,isolated,ours,43,4,act_ms,0.064192,recorder
20260925-072918_perlmutter_cb90a27f,ours_l01_s1_pv2_r2_pv3c_eps05_trace-a2e8ab_b16_k8_isolated,isolated,ours,43,5,act_ms,0.063552,recorder
20260925-072918_perlmutter_cb90a27f,ours_l01_s1_pv2_r2_pv3c_eps05_trace-a2e8ab_b16_k8_isolated,isolated,ours,43,6,act_ms,0.071168,recorder
20260925-072918_perlmutter_cb90a27f,ours_l01_s1_pv2_r2_pv3c_eps05_trace-a2e8ab_b16_k8_isolated,isolated,ours,43,7,act_ms,0.065632,recorder
20260925-072918_perlmutter_cb90a27f,ours_l01_s1_pv2_r2_pv3c_eps05_trace-a2e8ab_b16_k8_isolated,isolated,ours,43,8,act_ms,0.07152,recorder
20260925-072918_perlmutter_cb90a27f,ours_l01_s1_pv2_r2_pv3c_eps05_trace-a2e8ab_b16_k8_isolated,isolated,ours,43,9,act_ms,0.063968,recorder
20260925-072918_perlmutter_cb90a27f,ours_l01_s1_pv2_r2_pv3c_eps05_trace-a2e8ab_b16_k8_isolated,isolated,ours,43,0,l1_ms,488.016937,recorder
20260925-072918_perlmutter_cb90a27f,ours_l01_s1_pv2_r2_pv3c_eps05_trace-a2e8ab_b16_k8_isolated,isolated,ours,43,1,l1_ms,337.192963,recorder
20260925-072918_perlmutter_cb90a27f,ours_l01_s1_pv2_r2_pv3c_eps05_trace-a2e8ab_b16_k8_isolated,isolated,ours,43,2,l1_ms,9.656224,recorder
20260925-072918_perlmutter_cb90a27f,ours_l01_s1_pv2_r2_pv3c_eps05_trace-a2e8ab_b16_k8_isolated,isolated,ours,43,3,l1_ms,486.671326,recorder
20260925-072918_perlmutter_cb90a27f,ours_l01_s1_pv2_r2_pv3c_eps05_trace-a2e8ab_b16_k8_isolated,isolated,ours,43,4,l1_ms,428.086365,recorder
20260925-072918_perlmutter_cb90a27f,ours_l01_s1_pv2_r2_pv3c_eps05_trace-a2e8ab_b16_k8_isolated,isolated,ours,43,5,l1_ms,11.37872,recorder
20260925-072918_perlmutter_cb90a27f,ours_l01_s1_pv2_r2_pv3c_eps05_trace-a2e8ab_b16_k8_isolated,isolated,ours,43,6,l1_ms,10.307072,recorder
20260925-072918_perlmutter_cb90a27f,ours_l01_s1_pv2_r2_pv3c_eps05_trace-a2e8ab_b16_k8_isolated,isolated,ours,43,7,l1_ms,483.109344,recorder
20260925-072918_perlmutter_cb90a27f,ours_l01_s1_pv2_r2_pv3c_eps05_trace-a2e8ab_b16_k8_isolated,isolated,ours,43,8,l1_ms,9.737888,recorder
20260925-072918_perlmutter_cb90a27f,ours_l01_s1_pv2_r2_pv3c_eps05_trace-a2e8ab_b16_k8_isolated,isolated,ours,43,9,l1_ms,339.090912,recorder
20260925-072918_perlmutter_cb90a27f,ours_l01_s1_pv2_r2_pv3c_eps05_trace-a2e8ab_b16_k8_isolated,isolated,ours,43,0,plan_comm_ms,0.580064,recorder
20260925-072918_perlmutter_cb90a27f,ours_l01_s1_pv2_r2_pv3c_eps05_trace-a2e8ab_b16_k8_isolated,isolated,ours,43,1,plan_comm_ms,0.886144,recorder
20260925-072918_perlmutter_cb90a27f,ours_l01_s1_pv2_r2_pv3c_eps05_trace-a2e8ab_b16_k8_isolated,isolated,ours,43,2,plan_comm_ms,0.8624,recorder
20260925-072918_perlmutter_cb90a27f,ours_l01_s1_pv2_r2_pv3c_eps05_trace-a2e8ab_b16_k8_isolated,isolated,ours,43,3,plan_comm_ms,0.5976,recorder
20260925-072918_perlmutter_cb90a27f,ours_l01_s1_pv2_r2_pv3c_eps05_trace-a2e8ab_b16_k8_isolated,isolated,ours,43,4,plan_comm_ms,0.688832,recorder
20260925-072918_perlmutter_cb90a27f,ours_l01_s1_pv2_r2_pv3c_eps05_trace-a2e8ab_b16_k8_isolated,isolated,ours,43,5,plan_comm_ms,0.879136,recorder
20260925-072918_perlmutter_cb90a27f,ours_l01_s1_pv2_r2_pv3c_eps05_trace-a2e8ab_b16_k8_isolated,isolated,ours,43,6,plan_comm_ms,0.27888,recorder
20260925-072918_perlmutter_cb90a27f,ours_l01_s1_pv2_r2_pv3c_eps05_trace-a2e8ab_b16_k8_isolated,isolated,ours,43,7,plan_comm_ms,0.676224,recorder
20260925-072918_perlmutter_cb90a27f,ours_l01_s1_pv2_r2_pv3c_eps05_trace-a2e8ab_b16_k8_isolated,isolated,ours,43,8,plan_comm_ms,0.936544,recorder
20260925-072918_perlmutter_cb90a27f,ours_l01_s1_pv2_r2_pv3c_eps05_trace-a2e8ab_b16_k8_isolated,isolated,ours,43,9,plan_comm_ms,0.625824,recorder
20260925-072918_perlmutter_cb90a27f,ours_l01_s1_pv2_r2_pv3c_eps05_trace-a2e8ab_b16_k8_isolated,isolated,ours,43,0,place_ms,0.002304,recorder
20260925-072918_perlmutter_cb90a27f,ours_l01_s1_pv2_r2_pv3c_eps05_trace-a2e8ab_b16_k8_isolated,isolated,ours,43,1,place_ms,0.002336,recorder
20260925-072918_perlmutter_cb90a27f,ours_l01_s1_pv2_r2_pv3c_eps05_trace-a2e8ab_b16_k8_isolated,isolated,ours,43,2,place_ms,0.002336,recorder
20260925-072918_perlmutter_cb90a27f,ours_l01_s1_pv2_r2_pv3c_eps05_trace-a2e8ab_b16_k8_isolated,isolated,ours,43,3,place_ms,0.002304,recorder
20260925-072918_perlmutter_cb90a27f,ours_l01_s1_pv2_r2_pv3c_eps05_trace-a2e8ab_b16_k8_isolated,isolated,ours,43,4,place_ms,0.002304,recorder
20260925-072918_perlmutter_cb90a27f,ours_l01_s1_pv2_r2_pv3c_eps05_trace-a2e8ab_b16_k8_isolated,isolated,ours,43,5,place_ms,0.002304,recorder
20260925-072918_perlmutter_cb90a27f,ours_l01_s1_pv2_r2_pv3c_eps05_trace-a2e8ab_b16_k8_isolated,isolated,ours,43,6,place_ms,0.002304,recorder
20260925-072918_perlmutter_cb90a27f,ours_l01_s1_pv2_r2_pv3c_eps05_trace-a2e8ab_b16_k8_isolated,isolated,ours,43,7,place_ms,0.002336,recorder
20260925-072918_perlmutter_cb90a27f,ours_l01_s1_pv2_r2_pv3c_eps05_trace-a2e8ab_b16_k8_isolated,isolated,ours,43,8,place_ms,0.002304,recorder
20260925-072918_perlmutter_cb90a27f,ours_l01_s1_pv2_r2_pv3c_eps05_trace-a2e8ab_b16_k8_isolated,isolated,ours,43,9,place_ms,0.002336,recorder
20260925-072918_perlmutter_cb90a27f,ours_l01_s1_pv2_r2_pv3c_eps05_trace-a2e8ab_b16_k8_isolated,isolated,ours,43,0,plan_ms,1.96416,recorder
20260925-072918_perlmutter_cb90a27f,ours_l01_s1_pv2_r2_pv3c_eps05_trace-a2e8ab_b16_k8_isolated,isolated,ours,43,1,plan_ms,1.96368,recorder
20260925-072918_perlmutter_cb90a27f,ours_l01_s1_pv2_r2_pv3c_eps05_trace-a2e8ab_b16_k8_isolated,isolated,ours,43,2,plan_ms,1.976416,recorder
20260925-072918_perlmutter_cb90a27f,ours_l01_s1_pv2_r2_pv3c_eps05_trace-a2e8ab_b16_k8_isolated,isolated,ours,43,3,plan_ms,1.968704,recorder
20260925-072918_perlmutter_cb90a27f,ours_l01_s1_pv2_r2_pv3c_eps05_trace-a2e8ab_b16_k8_isolated,isolated,ours,43,4,plan_ms,1.91776,recorder
20260925-072918_perlmutter_cb90a27f,ours_l01_s1_pv2_r2_pv3c_eps05_trace-a2e8ab_b16_k8_isolated,isolated,ours,43,5,plan_ms,1.911072,recorder
20260925-072918_perlmutter_cb90a27f,ours_l01_s1_pv2_r2_pv3c_eps05_trace-a2e8ab_b16_k8_isolated,isolated,ours,43,6,plan_ms,2.173984,recorder
20260925-072918_perlmutter_cb90a27f,ours_l01_s1_pv2_r2_pv3c_eps05_trace-a2e8ab_b16_k8_isolated,isolated,ours,43,7,plan_ms,1.896736,recorder
20260925-072918_perlmutter_cb90a27f,ours_l01_s1_pv2_r2_pv3c_eps05_trace-a2e8ab_b16_k8_isolated,isolated,ours,43,8,plan_ms,1.92784,recorder
20260925-072918_perlmutter_cb90a27f,ours_l01_s1_pv2_r2_pv3c_eps05_trace-a2e8ab_b16_k8_isolated,isolated,ours,43,9,plan_ms,1.908992,recorder
20260925-072918_perlmutter_cb90a27f,ours_l01_s1_pv2_r2_pv3c_eps05_trace-a2e8ab_b16_k8_isolated,isolated,ours,43,0,total_ms,501.243011,recorder
20260925-072918_perlmutter_cb90a27f,ours_l01_s1_pv2_r2_pv3c_eps05_trace-a2e8ab_b16_k8_isolated,isolated,ours,43,1,total_ms,350.738037,recorder
20260925-072918_perlmutter_cb90a27f,ours_l01_s1_pv2_r2_pv3c_eps05_trace-a2e8ab_b16_k8_isolated,isolated,ours,43,2,total_ms,23.057888,recorder
20260925-072918_perlmutter_cb90a27f,ours_l01_s1_pv2_r2_pv3c_eps05_trace-a2e8ab_b16_k8_isolated,isolated,ours,43,3,total_ms,501.249542,recorder
20260925-072918_perlmutter_cb90a27f,ours_l01_s1_pv2_r2_pv3c_eps05_trace-a2e8ab_b16_k8_isolated,isolated,ours,43,4,total_ms,442.765594,recorder
20260925-072918_perlmutter_cb90a27f,ours_l01_s1_pv2_r2_pv3c_eps05_trace-a2e8ab_b16_k8_isolated,isolated,ours,43,5,total_ms,25.433825,recorder
20260925-072918_perlmutter_cb90a27f,ours_l01_s1_pv2_r2_pv3c_eps05_trace-a2e8ab_b16_k8_isolated,isolated,ours,43,6,total_ms,24.3792,recorder
20260925-072918_perlmutter_cb90a27f,ours_l01_s1_pv2_r2_pv3c_eps05_trace-a2e8ab_b16_k8_isolated,isolated,ours,43,7,total_ms,495.551605,recorder
20260925-072918_perlmutter_cb90a27f,ours_l01_s1_pv2_r2_pv3c_eps05_trace-a2e8ab_b16_k8_isolated,isolated,ours,43,8,total_ms,22.953407,recorder
20260925-072918_perlmutter_cb90a27f,ours_l01_s1_pv2_r2_pv3c_eps05_trace-a2e8ab_b16_k8_isolated,isolated,ours,43,9,total_ms,352.150726,recorder
20260925-072918_perlmutter_cb90a27f,ours_l01_s1_pv2_r2_pv3c_eps05_trace-a2e8ab_b16_k8_isolated,isolated,ours,43,0,iso_sync_ms,19.549127,recorder
20260925-072918_perlmutter_cb90a27f,ours_l01_s1_pv2_r2_pv3c_eps05_trace-a2e8ab_b16_k8_isolated,isolated,ours,43,1,iso_sync_ms,498.564123,recorder
20260925-072918_perlmutter_cb90a27f,ours_l01_s1_pv2_r2_pv3c_eps05_trace-a2e8ab_b16_k8_isolated,isolated,ours,43,2,iso_sync_ms,346.801112,recorder
20260925-072918_perlmutter_cb90a27f,ours_l01_s1_pv2_r2_pv3c_eps05_trace-a2e8ab_b16_k8_isolated,isolated,ours,43,3,iso_sync_ms,18.694594,recorder
20260925-072918_perlmutter_cb90a27f,ours_l01_s1_pv2_r2_pv3c_eps05_trace-a2e8ab_b16_k8_isolated,isolated,ours,43,4,iso_sync_ms,497.60596,recorder
20260925-072918_perlmutter_cb90a27f,ours_l01_s1_pv2_r2_pv3c_eps05_trace-a2e8ab_b16_k8_isolated,isolated,ours,43,5,iso_sync_ms,438.910226,recorder
20260925-072918_perlmutter_cb90a27f,ours_l01_s1_pv2_r2_pv3c_eps05_trace-a2e8ab_b16_k8_isolated,isolated,ours,43,6,iso_sync_ms,21.062534,recorder
20260925-072918_perlmutter_cb90a27f,ours_l01_s1_pv2_r2_pv3c_eps05_trace-a2e8ab_b16_k8_isolated,isolated,ours,43,7,iso_sync_ms,20.493995,recorder
20260925-072918_perlmutter_cb90a27f,ours_l01_s1_pv2_r2_pv3c_eps05_trace-a2e8ab_b16_k8_isolated,isolated,ours,43,8,iso_sync_ms,492.012512,recorder
20260925-072918_perlmutter_cb90a27f,ours_l01_s1_pv2_r2_pv3c_eps05_trace-a2e8ab_b16_k8_isolated,isolated,ours,43,9,iso_sync_ms,18.672581,recorder
20260925-072918_perlmutter_cb90a27f,ours_l01_s1_pv2_r2_pv3c_eps05_trace-a2e8ab_b16_k8_isolated,isolated,ours,44,0,e2e_ms,498.758331,recorder
20260925-072918_perlmutter_cb90a27f,ours_l01_s1_pv2_r2_pv3c_eps05_trace-a2e8ab_b16_k8_isolated,isolated,ours,44,1,e2e_ms,347.99057,recorder
20260925-072918_perlmutter_cb90a27f,ours_l01_s1_pv2_r2_pv3c_eps05_trace-a2e8ab_b16_k8_isolated,isolated,ours,44,2,e2e_ms,20.290785,recorder
20260925-072918_perlmutter_cb90a27f,ours_l01_s1_pv2_r2_pv3c_eps05_trace-a2e8ab_b16_k8_isolated,isolated,ours,44,3,e2e_ms,498.692993,recorder
20260925-072918_perlmutter_cb90a27f,ours_l01_s1_pv2_r2_pv3c_eps05_trace-a2e8ab_b16_k8_isolated,isolated,ours,44,4,e2e_ms,440.220428,recorder
20260925-072918_perlmutter_cb90a27f,ours_l01_s1_pv2_r2_pv3c_eps05_trace-a2e8ab_b16_k8_isolated,isolated,ours,44,5,e2e_ms,22.65296,recorder
20260925-072918_perlmutter_cb90a27f,ours_l01_s1_pv2_r2_pv3c_eps05_trace-a2e8ab_b16_k8_isolated,isolated,ours,44,6,e2e_ms,21.965984,recorder
20260925-072918_perlmutter_cb90a27f,ours_l01_s1_pv2_r2_pv3c_eps05_trace-a2e8ab_b16_k8_isolated,isolated,ours,44,7,e2e_ms,492.959717,recorder
20260925-072918_perlmutter_cb90a27f,ours_l01_s1_pv2_r2_pv3c_eps05_trace-a2e8ab_b16_k8_isolated,isolated,ours,44,8,e2e_ms,20.070175,recorder
20260925-072918_perlmutter_cb90a27f,ours_l01_s1_pv2_r2_pv3c_eps05_trace-a2e8ab_b16_k8_isolated,isolated,ours,44,9,e2e_ms,349.669312,recorder
20260925-072918_perlmutter_cb90a27f,ours_l01_s1_pv2_r2_pv3c_eps05_trace-a2e8ab_b16_k8_isolated,isolated,ours,44,0,l0_ms,10.67472,recorder
20260925-072918_perlmutter_cb90a27f,ours_l01_s1_pv2_r2_pv3c_eps05_trace-a2e8ab_b16_k8_isolated,isolated,ours,44,1,l0_ms,10.673376,recorder
20260925-072918_perlmutter_cb90a27f,ours_l01_s1_pv2_r2_pv3c_eps05_trace-a2e8ab_b16_k8_isolated,isolated,ours,44,2,l0_ms,10.580992,recorder
20260925-072918_perlmutter_cb90a27f,ours_l01_s1_pv2_r2_pv3c_eps05_trace-a2e8ab_b16_k8_isolated,isolated,ours,44,3,l0_ms,12.012288,recorder
20260925-072918_perlmutter_cb90a27f,ours_l01_s1_pv2_r2_pv3c_eps05_trace-a2e8ab_b16_k8_isolated,isolated,ours,44,4,l0_ms,12.060416,recorder
20260925-072918_perlmutter_cb90a27f,ours_l01_s1_pv2_r2_pv3c_eps05_trace-a2e8ab_b16_k8_isolated,isolated,ours,44,5,l0_ms,11.210112,recorder
20260925-072918_perlmutter_cb90a27f,ours_l01_s1_pv2_r2_pv3c_eps05_trace-a2e8ab_b16_k8_isolated,isolated,ours,44,6,l0_ms,11.60144,recorder
20260925-072918_perlmutter_cb90a27f,ours_l01_s1_pv2_r2_pv3c_eps05_trace-a2e8ab_b16_k8_isolated,isolated,ours,44,7,l0_ms,9.804,recorder
20260925-072918_perlmutter_cb90a27f,ours_l01_s1_pv2_r2_pv3c_eps05_trace-a2e8ab_b16_k8_isolated,isolated,ours,44,8,l0_ms,10.26512,recorder
20260925-072918_perlmutter_cb90a27f,ours_l01_s1_pv2_r2_pv3c_eps05_trace-a2e8ab_b16_k8_isolated,isolated,ours,44,9,l0_ms,10.500896,recorder
20260925-072918_perlmutter_cb90a27f,ours_l01_s1_pv2_r2_pv3c_eps05_trace-a2e8ab_b16_k8_isolated,isolated,ours,44,0,act_ms,0.058528,recorder
20260925-072918_perlmutter_cb90a27f,ours_l01_s1_pv2_r2_pv3c_eps05_trace-a2e8ab_b16_k8_isolated,isolated,ours,44,1,act_ms,0.05472,recorder
20260925-072918_perlmutter_cb90a27f,ours_l01_s1_pv2_r2_pv3c_eps05_trace-a2e8ab_b16_k8_isolated,isolated,ours,44,2,act_ms,0.064064,recorder
20260925-072918_perlmutter_cb90a27f,ours_l01_s1_pv2_r2_pv3c_eps05_trace-a2e8ab_b16_k8_isolated,isolated,ours,44,3,act_ms,0.065216,recorder
20260925-072918_perlmutter_cb90a27f,ours_l01_s1_pv2_r2_pv3c_eps05_trace-a2e8ab_b16_k8_isolated,isolated,ours,44,4,act_ms,0.0552,recorder
20260925-072918_perlmutter_cb90a27f,ours_l01_s1_pv2_r2_pv3c_eps05_trace-a2e8ab_b16_k8_isolated,isolated,ours,44,5,act_ms,0.054272,recorder
20260925-072918_perlmutter_cb90a27f,ours_l01_s1_pv2_r2_pv3c_eps05_trace-a2e8ab_b16_k8_isolated,isolated,ours,44,6,act_ms,0.065216,recorder
20260925-072918_perlmutter_cb90a27f,ours_l01_s1_pv2_r2_pv3c_eps05_trace-a2e8ab_b16_k8_isolated,isolated,ours,44,7,act_ms,0.056416,recorder
20260925-072918_perlmutter_cb90a27f,ours_l01_s1_pv2_r2_pv3c_eps05_trace-a2e8ab_b16_k8_isolated,isolated,ours,44,8,act_ms,0.061024,recorder
20260925-072918_perlmutter_cb90a27f,ours_l01_s1_pv2_r2_pv3c_eps05_trace-a2e8ab_b16_k8_isolated,isolated,ours,44,9,act_ms,0.055808,recorder
20260925-072918_perlmutter_cb90a27f,ours_l01_s1_pv2_r2_pv3c_eps05_trace-a2e8ab_b16_k8_isolated,isolated,ours,44,0,l1_ms,488.025085,recorder
20260925-072918_perlmutter_cb90a27f,ours_l01_s1_pv2_r2_pv3c_eps05_trace-a2e8ab_b16_k8_isolated,isolated,ours,44,1,l1_ms,337.262451,recorder
20260925-072918_perlmutter_cb90a27f,ours_l01_s1_pv2_r2_pv3c_eps05_trace-a2e8ab_b16_k8_isolated,isolated,ours,44,2,l1_ms,9.645728,recorder
20260925-072918_perlmutter_cb90a27f,ours_l01_s1_pv2_r2_pv3c_eps05_trace-a2e8ab_b16_k8_isolated,isolated,ours,44,3,l1_ms,486.615479,recorder
20260925-072918_perlmutter_cb90a27f,ours_l01_s1_pv2_r2_pv3c_eps05_trace-a2e8ab_b16_k8_isolated,isolated,ours,44,4,l1_ms,428.104797,recorder
20260925-072918_perlmutter_cb90a27f,ours_l01_s1_pv2_r2_pv3c_eps05_trace-a2e8ab_b16_k8_isolated,isolated,ours,44,5,l1_ms,11.388576,recorder
20260925-072918_perlmutter_cb90a27f,ours_l01_s1_pv2_r2_pv3c_eps05_trace-a2e8ab_b16_k8_isolated,isolated,ours,44,6,l1_ms,10.299328,recorder
20260925-072918_perlmutter_cb90a27f,ours_l01_s1_pv2_r2_pv3c_eps05_trace-a2e8ab_b16_k8_isolated,isolated,ours,44,7,l1_ms,483.099304,recorder
20260925-072918_perlmutter_cb90a27f,ours_l01_s1_pv2_r2_pv3c_eps05_trace-a2e8ab_b16_k8_isolated,isolated,ours,44,8,l1_ms,9.744032,recorder
20260925-072918_perlmutter_cb90a27f,ours_l01_s1_pv2_r2_pv3c_eps05_trace-a2e8ab_b16_k8_isolated,isolated,ours,44,9,l1_ms,339.11261,recorder
20260925-072918_perlmutter_cb90a27f,ours_l01_s1_pv2_r2_pv3c_eps05_trace-a2e8ab_b16_k8_isolated,isolated,ours,44,0,plan_comm_ms,0.581984,recorder
20260925-072918_perlmutter_cb90a27f,ours_l01_s1_pv2_r2_pv3c_eps05_trace-a2e8ab_b16_k8_isolated,isolated,ours,44,1,plan_comm_ms,0.879296,recorder
20260925-072918_perlmutter_cb90a27f,ours_l01_s1_pv2_r2_pv3c_eps05_trace-a2e8ab_b16_k8_isolated,isolated,ours,44,2,plan_comm_ms,0.853216,recorder
20260925-072918_perlmutter_cb90a27f,ours_l01_s1_pv2_r2_pv3c_eps05_trace-a2e8ab_b16_k8_isolated,isolated,ours,44,3,plan_comm_ms,0.588032,recorder
20260925-072918_perlmutter_cb90a27f,ours_l01_s1_pv2_r2_pv3c_eps05_trace-a2e8ab_b16_k8_isolated,isolated,ours,44,4,plan_comm_ms,0.685312,recorder
20260925-072918_perlmutter_cb90a27f,ours_l01_s1_pv2_r2_pv3c_eps05_trace-a2e8ab_b16_k8_isolated,isolated,ours,44,5,plan_comm_ms,0.750656,recorder
20260925-072918_perlmutter_cb90a27f,ours_l01_s1_pv2_r2_pv3c_eps05_trace-a2e8ab_b16_k8_isolated,isolated,ours,44,6,plan_comm_ms,0.616288,recorder
20260925-072918_perlmutter_cb90a27f,ours_l01_s1_pv2_r2_pv3c_eps05_trace-a2e8ab_b16_k8_isolated,isolated,ours,44,7,plan_comm_ms,0.66864,recorder
20260925-072918_perlmutter_cb90a27f,ours_l01_s1_pv2_r2_pv3c_eps05_trace-a2e8ab_b16_k8_isolated,isolated,ours,44,8,plan_comm_ms,0.643008,recorder
20260925-072918_perlmutter_cb90a27f,ours_l01_s1_pv2_r2_pv3c_eps05_trace-a2e8ab_b16_k8_isolated,isolated,ours,44,9,plan_comm_ms,0.621536,recorder
20260925-072918_perlmutter_cb90a27f,ours_l01_s1_pv2_r2_pv3c_eps05_trace-a2e8ab_b16_k8_isolated,isolated,ours,44,0,place_ms,0.002592,recorder
20260925-072918_perlmutter_cb90a27f,ours_l01_s1_pv2_r2_pv3c_eps05_trace-a2e8ab_b16_k8_isolated,isolated,ours,44,1,place_ms,0.002336,recorder
20260925-072918_perlmutter_cb90a27f,ours_l01_s1_pv2_r2_pv3c_eps05_trace-a2e8ab_b16_k8_isolated,isolated,ours,44,2,place_ms,0.002368,recorder
20260925-072918_perlmutter_cb90a27f,ours_l01_s1_pv2_r2_pv3c_eps05_trace-a2e8ab_b16_k8_isolated,isolated,ours,44,3,place_ms,0.002496,recorder
20260925-072918_perlmutter_cb90a27f,ours_l01_s1_pv2_r2_pv3c_eps05_trace-a2e8ab_b16_k8_isolated,isolated,ours,44,4,place_ms,0.002336,recorder
20260925-072918_perlmutter_cb90a27f,ours_l01_s1_pv2_r2_pv3c_eps05_trace-a2e8ab_b16_k8_isolated,isolated,ours,44,5,place_ms,0.002336,recorder
20260925-072918_perlmutter_cb90a27f,ours_l01_s1_pv2_r2_pv3c_eps05_trace-a2e8ab_b16_k8_isolated,isolated,ours,44,6,place_ms,0.002336,recorder
20260925-072918_perlmutter_cb90a27f,ours_l01_s1_pv2_r2_pv3c_eps05_trace-a2e8ab_b16_k8_isolated,isolated,ours,44,7,place_ms,0.002336,recorder
20260925-072918_perlmutter_cb90a27f,ours_l01_s1_pv2_r2_pv3c_eps05_trace-a2e8ab_b16_k8_isolated,isolated,ours,44,8,place_ms,0.002336,recorder
20260925-072918_perlmutter_cb90a27f,ours_l01_s1_pv2_r2_pv3c_eps05_trace-a2e8ab_b16_k8_isolated,isolated,ours,44,9,place_ms,0.002336,recorder
20260925-072918_perlmutter_cb90a27f,ours_l01_s1_pv2_r2_pv3c_eps05_trace-a2e8ab_b16_k8_isolated,isolated,ours,44,0,plan_ms,1.889696,recorder
20260925-072918_perlmutter_cb90a27f,ours_l01_s1_pv2_r2_pv3c_eps05_trace-a2e8ab_b16_k8_isolated,isolated,ours,44,1,plan_ms,1.904416,recorder
20260925-072918_perlmutter_cb90a27f,ours_l01_s1_pv2_r2_pv3c_eps05_trace-a2e8ab_b16_k8_isolated,isolated,ours,44,2,plan_ms,1.89824,recorder
20260925-072918_perlmutter_cb90a27f,ours_l01_s1_pv2_r2_pv3c_eps05_trace-a2e8ab_b16_k8_isolated,isolated,ours,44,3,plan_ms,1.902208,recorder
20260925-072918_perlmutter_cb90a27f,ours_l01_s1_pv2_r2_pv3c_eps05_trace-a2e8ab_b16_k8_isolated,isolated,ours,44,4,plan_ms,1.858208,recorder
20260925-072918_perlmutter_cb90a27f,ours_l01_s1_pv2_r2_pv3c_eps05_trace-a2e8ab_b16_k8_isolated,isolated,ours,44,5,plan_ms,1.904768,recorder
20260925-072918_perlmutter_cb90a27f,ours_l01_s1_pv2_r2_pv3c_eps05_trace-a2e8ab_b16_k8_isolated,isolated,ours,44,6,plan_ms,1.780288,recorder
20260925-072918_perlmutter_cb90a27f,ours_l01_s1_pv2_r2_pv3c_eps05_trace-a2e8ab_b16_k8_isolated,isolated,ours,44,7,plan_ms,1.875392,recorder
20260925-072918_perlmutter_cb90a27f,ours_l01_s1_pv2_r2_pv3c_eps05_trace-a2e8ab_b16_k8_isolated,isolated,ours,44,8,plan_ms,1.926816,recorder
20260925-072918_perlmutter_cb90a27f,ours_l01_s1_pv2_r2_pv3c_eps05_trace-a2e8ab_b16_k8_isolated,isolated,ours,44,9,plan_ms,1.86752,recorder
20260925-072918_perlmutter_cb90a27f,ours_l01_s1_pv2_r2_pv3c_eps05_trace-a2e8ab_b16_k8_isolated,isolated,ours,44,0,total_ms,501.242554,recorder
20260925-072918_perlmutter_cb90a27f,ours_l01_s1_pv2_r2_pv3c_eps05_trace-a2e8ab_b16_k8_isolated,isolated,ours,44,1,total_ms,350.78717,recorder
20260925-072918_perlmutter_cb90a27f,ours_l01_s1_pv2_r2_pv3c_eps05_trace-a2e8ab_b16_k8_isolated,isolated,ours,44,2,total_ms,23.054399,recorder
20260925-072918_perlmutter_cb90a27f,ours_l01_s1_pv2_r2_pv3c_eps05_trace-a2e8ab_b16_k8_isolated,isolated,ours,44,3,total_ms,501.195007,recorder
20260925-072918_perlmutter_cb90a27f,ours_l01_s1_pv2_r2_pv3c_eps05_trace-a2e8ab_b16_k8_isolated,isolated,ours,44,4,total_ms,442.775299,recorder
20260925-072918_perlmutter_cb90a27f,ours_l01_s1_pv2_r2_pv3c_eps05_trace-a2e8ab_b16_k8_isolated,isolated,ours,44,5,total_ms,25.319937,recorder
20260925-072918_perlmutter_cb90a27f,ours_l01_s1_pv2_r2_pv3c_eps05_trace-a2e8ab_b16_k8_isolated,isolated,ours,44,6,total_ms,24.374464,recorder
20260925-072918_perlmutter_cb90a27f,ours_l01_s1_pv2_r2_pv3c_eps05_trace-a2e8ab_b16_k8_isolated,isolated,ours,44,7,total_ms,495.515198,recorder
20260925-072918_perlmutter_cb90a27f,ours_l01_s1_pv2_r2_pv3c_eps05_trace-a2e8ab_b16_k8_isolated,isolated,ours,44,8,total_ms,22.659967,recorder
20260925-072918_perlmutter_cb90a27f,ours_l01_s1_pv2_r2_pv3c_eps05_trace-a2e8ab_b16_k8_isolated,isolated,ours,44,9,total_ms,352.170135,recorder
20260925-072918_perlmutter_cb90a27f,ours_l01_s1_pv2_r2_pv3c_eps05_trace-a2e8ab_b16_k8_isolated,isolated,ours,44,0,iso_sync_ms,19.453241,recorder
20260925-072918_perlmutter_cb90a27f,ours_l01_s1_pv2_r2_pv3c_eps05_trace-a2e8ab_b16_k8_isolated,isolated,ours,44,1,iso_sync_ms,498.36197,recorder
20260925-072918_perlmutter_cb90a27f,ours_l01_s1_pv2_r2_pv3c_eps05_trace-a2e8ab_b16_k8_isolated,isolated,ours,44,2,iso_sync_ms,346.744027,recorder
20260925-072918_perlmutter_cb90a27f,ours_l01_s1_pv2_r2_pv3c_eps05_trace-a2e8ab_b16_k8_isolated,isolated,ours,44,3,iso_sync_ms,18.797372,recorder
20260925-072918_perlmutter_cb90a27f,ours_l01_s1_pv2_r2_pv3c_eps05_trace-a2e8ab_b16_k8_isolated,isolated,ours,44,4,iso_sync_ms,497.6486,recorder
20260925-072918_perlmutter_cb90a27f,ours_l01_s1_pv2_r2_pv3c_eps05_trace-a2e8ab_b16_k8_isolated,isolated,ours,44,5,iso_sync_ms,438.83162,recorder
20260925-072918_perlmutter_cb90a27f,ours_l01_s1_pv2_r2_pv3c_eps05_trace-a2e8ab_b16_k8_isolated,isolated,ours,44,6,iso_sync_ms,20.657874,recorder
20260925-072918_perlmutter_cb90a27f,ours_l01_s1_pv2_r2_pv3c_eps05_trace-a2e8ab_b16_k8_isolated,isolated,ours,44,7,iso_sync_ms,20.462074,recorder
20260925-072918_perlmutter_cb90a27f,ours_l01_s1_pv2_r2_pv3c_eps05_trace-a2e8ab_b16_k8_isolated,isolated,ours,44,8,iso_sync_ms,492.03739,recorder
20260925-072918_perlmutter_cb90a27f,ours_l01_s1_pv2_r2_pv3c_eps05_trace-a2e8ab_b16_k8_isolated,isolated,ours,44,9,iso_sync_ms,18.134709,recorder
20260925-072918_perlmutter_cb90a27f,ours_l01_s1_pv2_r2_pv3c_eps05_trace-a2e8ab_b16_k8_isolated,isolated,ours,45,0,e2e_ms,498.770996,recorder
20260925-072918_perlmutter_cb90a27f,ours_l01_s1_pv2_r2_pv3c_eps05_trace-a2e8ab_b16_k8_isolated,isolated,ours,45,1,e2e_ms,347.919067,recorder
20260925-072918_perlmutter_cb90a27f,ours_l01_s1_pv2_r2_pv3c_eps05_trace-a2e8ab_b16_k8_isolated,isolated,ours,45,2,e2e_ms,20.307072,recorder
20260925-072918_perlmutter_cb90a27f,ours_l01_s1_pv2_r2_pv3c_eps05_trace-a2e8ab_b16_k8_isolated,isolated,ours,45,3,e2e_ms,498.701874,recorder
20260925-072918_perlmutter_cb90a27f,ours_l01_s1_pv2_r2_pv3c_eps05_trace-a2e8ab_b16_k8_isolated,isolated,ours,45,4,e2e_ms,440.198334,recorder
20260925-072918_perlmutter_cb90a27f,ours_l01_s1_pv2_r2_pv3c_eps05_trace-a2e8ab_b16_k8_isolated,isolated,ours,45,5,e2e_ms,22.719168,recorder
20260925-072918_perlmutter_cb90a27f,ours_l01_s1_pv2_r2_pv3c_eps05_trace-a2e8ab_b16_k8_isolated,isolated,ours,45,6,e2e_ms,21.975744,recorder
20260925-072918_perlmutter_cb90a27f,ours_l01_s1_pv2_r2_pv3c_eps05_trace-a2e8ab_b16_k8_isolated,isolated,ours,45,7,e2e_ms,493.025879,recorder
20260925-072918_perlmutter_cb90a27f,ours_l01_s1_pv2_r2_pv3c_eps05_trace-a2e8ab_b16_k8_isolated,isolated,ours,45,8,e2e_ms,20.133217,recorder
20260925-072918_perlmutter_cb90a27f,ours_l01_s1_pv2_r2_pv3c_eps05_trace-a2e8ab_b16_k8_isolated,isolated,ours,45,9,e2e_ms,349.686035,recorder
20260925-072918_perlmutter_cb90a27f,ours_l01_s1_pv2_r2_pv3c_eps05_trace-a2e8ab_b16_k8_isolated,isolated,ours,45,0,l0_ms,10.704032,recorder
20260925-072918_perlmutter_cb90a27f,ours_l01_s1_pv2_r2_pv3c_eps05_trace-a2e8ab_b16_k8_isolated,isolated,ours,45,1,l0_ms,10.704384,recorder
20260925-072918_perlmutter_cb90a27f,ours_l01_s1_pv2_r2_pv3c_eps05_trace-a2e8ab_b16_k8_isolated,isolated,ours,45,2,l0_ms,10.583136,recorder
20260925-072918_perlmutter_cb90a27f,ours_l01_s1_pv2_r2_pv3c_eps05_trace-a2e8ab_b16_k8_isolated,isolated,ours,45,3,l0_ms,12.022944,recorder
20260925-072918_perlmutter_cb90a27f,ours_l01_s1_pv2_r2_pv3c_eps05_trace-a2e8ab_b16_k8_isolated,isolated,ours,45,4,l0_ms,12.03744,recorder
20260925-072918_perlmutter_cb90a27f,ours_l01_s1_pv2_r2_pv3c_eps05_trace-a2e8ab_b16_k8_isolated,isolated,ours,45,5,l0_ms,11.276736,recorder
20260925-072918_perlmutter_cb90a27f,ours_l01_s1_pv2_r2_pv3c_eps05_trace-a2e8ab_b16_k8_isolated,isolated,ours,45,6,l0_ms,11.596352,recorder
20260925-072918_perlmutter_cb90a27f,ours_l01_s1_pv2_r2_pv3c_eps05_trace-a2e8ab_b16_k8_isolated,isolated,ours,45,7,l0_ms,9.82,recorder
20260925-072918_perlmutter_cb90a27f,ours_l01_s1_pv2_r2_pv3c_eps05_trace-a2e8ab_b16_k8_isolated,isolated,ours,45,8,l0_ms,10.332896,recorder
20260925-072918_perlmutter_cb90a27f,ours_l01_s1_pv2_r2_pv3c_eps05_trace-a2e8ab_b16_k8_isolated,isolated,ours,45,9,l0_ms,10.520224,recorder
20260925-072918_perlmutter_cb90a27f,ours_l01_s1_pv2_r2_pv3c_eps05_trace-a2e8ab_b16_k8_isolated,isolated,ours,45,0,act_ms,0.0488,recorder
20260925-072918_perlmutter_cb90a27f,ours_l01_s1_pv2_r2_pv3c_eps05_trace-a2e8ab_b16_k8_isolated,isolated,ours,45,1,act_ms,0.060352,recorder
20260925-072918_perlmutter_cb90a27f,ours_l01_s1_pv2_r2_pv3c_eps05_trace-a2e8ab_b16_k8_isolated,isolated,ours,45,2,act_ms,0.04864,recorder
20260925-072918_perlmutter_cb90a27f,ours_l01_s1_pv2_r2_pv3c_eps05_trace-a2e8ab_b16_k8_isolated,isolated,ours,45,3,act_ms,0.058304,recorder
20260925-072918_perlmutter_cb90a27f,ours_l01_s1_pv2_r2_pv3c_eps05_trace-a2e8ab_b16_k8_isolated,isolated,ours,45,4,act_ms,0.048096,recorder
20260925-072918_perlmutter_cb90a27f,ours_l01_s1_pv2_r2_pv3c_eps05_trace-a2e8ab_b16_k8_isolated,isolated,ours,45,5,act_ms,0.060128,recorder
20260925-072918_perlmutter_cb90a27f,ours_l01_s1_pv2_r2_pv3c_eps05_trace-a2e8ab_b16_k8_isolated,isolated,ours,45,6,act_ms,0.055392,recorder
20260925-072918_perlmutter_cb90a27f,ours_l01_s1_pv2_r2_pv3c_eps05_trace-a2e8ab_b16_k8_isolated,isolated,ours,45,7,act_ms,0.046976,recorder
20260925-072918_perlmutter_cb90a27f,ours_l01_s1_pv2_r2_pv3c_eps05_trace-a2e8ab_b16_k8_isolated,isolated,ours,45,8,act_ms,0.059104,recorder
20260925-072918_perlmutter_cb90a27f,ours_l01_s1_pv2_r2_pv3c_eps05_trace-a2e8ab_b16_k8_isolated,isolated,ours,45,9,act_ms,0.047808,recorder
20260925-072918_perlmutter_cb90a27f,ours_l01_s1_pv2_r2_pv3c_eps05_trace-a2e8ab_b16_k8_isolated,isolated,ours,45,0,l1_ms,488.018188,recorder
20260925-072918_perlmutter_cb90a27f,ours_l01_s1_pv2_r2_pv3c_eps05_trace-a2e8ab_b16_k8_isolated,isolated,ours,45,1,l1_ms,337.154327,recorder
20260925-072918_perlmutter_cb90a27f,ours_l01_s1_pv2_r2_pv3c_eps05_trace-a2e8ab_b16_k8_isolated,isolated,ours,45,2,l1_ms,9.675296,recorder
20260925-072918_perlmutter_cb90a27f,ours_l01_s1_pv2_r2_pv3c_eps05_trace-a2e8ab_b16_k8_isolated,isolated,ours,45,3,l1_ms,486.620636,recorder
20260925-072918_perlmutter_cb90a27f,ours_l01_s1_pv2_r2_pv3c_eps05_trace-a2e8ab_b16_k8_isolated,isolated,ours,45,4,l1_ms,428.112793,recorder
20260925-072918_perlmutter_cb90a27f,ours_l01_s1_pv2_r2_pv3c_eps05_trace-a2e8ab_b16_k8_isolated,isolated,ours,45,5,l1_ms,11.382304,recorder
20260925-072918_perlmutter_cb90a27f,ours_l01_s1_pv2_r2_pv3c_eps05_trace-a2e8ab_b16_k8_isolated,isolated,ours,45,6,l1_ms,10.324,recorder
20260925-072918_perlmutter_cb90a27f,ours_l01_s1_pv2_r2_pv3c_eps05_trace-a2e8ab_b16_k8_isolated,isolated,ours,45,7,l1_ms,483.158905,recorder
20260925-072918_perlmutter_cb90a27f,ours_l01_s1_pv2_r2_pv3c_eps05_trace-a2e8ab_b16_k8_isolated,isolated,ours,45,8,l1_ms,9.741216,recorder
20260925-072918_perlmutter_cb90a27f,ours_l01_s1_pv2_r2_pv3c_eps05_trace-a2e8ab_b16_k8_isolated,isolated,ours,45,9,l1_ms,339.118011,recorder
20260925-072918_perlmutter_cb90a27f,ours_l01_s1_pv2_r2_pv3c_eps05_trace-a2e8ab_b16_k8_isolated,isolated,ours,45,0,plan_comm_ms,0.580768,recorder
20260925-072918_perlmutter_cb90a27f,ours_l01_s1_pv2_r2_pv3c_eps05_trace-a2e8ab_b16_k8_isolated,isolated,ours,45,1,plan_comm_ms,0.8808,recorder
20260925-072918_perlmutter_cb90a27f,ours_l01_s1_pv2_r2_pv3c_eps05_trace-a2e8ab_b16_k8_isolated,isolated,ours,45,2,plan_comm_ms,0.859136,recorder
20260925-072918_perlmutter_cb90a27f,ours_l01_s1_pv2_r2_pv3c_eps05_trace-a2e8ab_b16_k8_isolated,isolated,ours,45,3,plan_comm_ms,0.588512,recorder
20260925-072918_perlmutter_cb90a27f,ours_l01_s1_pv2_r2_pv3c_eps05_trace-a2e8ab_b16_k8_isolated,isolated,ours,45,4,plan_comm_ms,0.62688,recorder
20260925-072918_perlmutter_cb90a27f,ours_l01_s1_pv2_r2_pv3c_eps05_trace-a2e8ab_b16_k8_isolated,isolated,ours,45,5,plan_comm_ms,0.883584,recorder
20260925-072918_perlmutter_cb90a27f,ours_l01_s1_pv2_r2_pv3c_eps05_trace-a2e8ab_b16_k8_isolated,isolated,ours,45,6,plan_comm_ms,0.595136,recorder
20260925-072918_perlmutter_cb90a27f,ours_l01_s1_pv2_r2_pv3c_eps05_trace-a2e8ab_b16_k8_isolated,isolated,ours,45,7,plan_comm_ms,0.670688,recorder
20260925-072918_perlmutter_cb90a27f,ours_l01_s1_pv2_r2_pv3c_eps05_trace-a2e8ab_b16_k8_isolated,isolated,ours,45,8,plan_comm_ms,0.92896,recorder
20260925-072918_perlmutter_cb90a27f,ours_l01_s1_pv2_r2_pv3c_eps05_trace-a2e8ab_b16_k8_isolated,isolated,ours,45,9,plan_comm_ms,0.621376,recorder
20260925-072918_perlmutter_cb90a27f,ours_l01_s1_pv2_r2_pv3c_eps05_trace-a2e8ab_b16_k8_isolated,isolated,ours,45,0,place_ms,0.002304,recorder
20260925-072918_perlmutter_cb90a27f,ours_l01_s1_pv2_r2_pv3c_eps05_trace-a2e8ab_b16_k8_isolated,isolated,ours,45,1,place_ms,0.002336,recorder
20260925-072918_perlmutter_cb90a27f,ours_l01_s1_pv2_r2_pv3c_eps05_trace-a2e8ab_b16_k8_isolated,isolated,ours,45,2,place_ms,0.002336,recorder
20260925-072918_perlmutter_cb90a27f,ours_l01_s1_pv2_r2_pv3c_eps05_trace-a2e8ab_b16_k8_isolated,isolated,ours,45,3,place_ms,0.002336,recorder
20260925-072918_perlmutter_cb90a27f,ours_l01_s1_pv2_r2_pv3c_eps05_trace-a2e8ab_b16_k8_isolated,isolated,ours,45,4,place_ms,0.002336,recorder
20260925-072918_perlmutter_cb90a27f,ours_l01_s1_pv2_r2_pv3c_eps05_trace-a2e8ab_b16_k8_isolated,isolated,ours,45,5,place_ms,0.002304,recorder
20260925-072918_perlmutter_cb90a27f,ours_l01_s1_pv2_r2_pv3c_eps05_trace-a2e8ab_b16_k8_isolated,isolated,ours,45,6,place_ms,0.002304,recorder
20260925-072918_perlmutter_cb90a27f,ours_l01_s1_pv2_r2_pv3c_eps05_trace-a2e8ab_b16_k8_isolated,isolated,ours,45,7,place_ms,0.002368,recorder
20260925-072918_perlmutter_cb90a27f,ours_l01_s1_pv2_r2_pv3c_eps05_trace-a2e8ab_b16_k8_isolated,isolated,ours,45,8,place_ms,0.002336,recorder
20260925-072918_perlmutter_cb90a27f,ours_l01_s1_pv2_r2_pv3c_eps05_trace-a2e8ab_b16_k8_isolated,isolated,ours,45,9,place_ms,0.002304,recorder
20260925-072918_perlmutter_cb90a27f,ours_l01_s1_pv2_r2_pv3c_eps05_trace-a2e8ab_b16_k8_isolated,isolated,ours,45,0,plan_ms,1.865728,recorder
20260925-072918_perlmutter_cb90a27f,ours_l01_s1_pv2_r2_pv3c_eps05_trace-a2e8ab_b16_k8_isolated,isolated,ours,45,1,plan_ms,1.877152,recorder
20260925-072918_perlmutter_cb90a27f,ours_l01_s1_pv2_r2_pv3c_eps05_trace-a2e8ab_b16_k8_isolated,isolated,ours,45,2,plan_ms,1.884672,recorder
20260925-072918_perlmutter_cb90a27f,ours_l01_s1_pv2_r2_pv3c_eps05_trace-a2e8ab_b16_k8_isolated,isolated,ours,45,3,plan_ms,1.891584,recorder
20260925-072918_perlmutter_cb90a27f,ours_l01_s1_pv2_r2_pv3c_eps05_trace-a2e8ab_b16_k8_isolated,isolated,ours,45,4,plan_ms,1.88848,recorder
20260925-072918_perlmutter_cb90a27f,ours_l01_s1_pv2_r2_pv3c_eps05_trace-a2e8ab_b16_k8_isolated,isolated,ours,45,5,plan_ms,1.832,recorder
20260925-072918_perlmutter_cb90a27f,ours_l01_s1_pv2_r2_pv3c_eps05_trace-a2e8ab_b16_k8_isolated,isolated,ours,45,6,plan_ms,1.788384,recorder
20260925-072918_perlmutter_cb90a27f,ours_l01_s1_pv2_r2_pv3c_eps05_trace-a2e8ab_b16_k8_isolated,isolated,ours,45,7,plan_ms,1.862272,recorder
20260925-072918_perlmutter_cb90a27f,ours_l01_s1_pv2_r2_pv3c_eps05_trace-a2e8ab_b16_k8_isolated,isolated,ours,45,8,plan_ms,1.871904,recorder
20260925-072918_perlmutter_cb90a27f,ours_l01_s1_pv2_r2_pv3c_eps05_trace-a2e8ab_b16_k8_isolated,isolated,ours,45,9,plan_ms,1.84512,recorder
20260925-072918_perlmutter_cb90a27f,ours_l01_s1_pv2_r2_pv3c_eps05_trace-a2e8ab_b16_k8_isolated,isolated,ours,45,0,total_ms,501.22879,recorder
20260925-072918_perlmutter_cb90a27f,ours_l01_s1_pv2_r2_pv3c_eps05_trace-a2e8ab_b16_k8_isolated,isolated,ours,45,1,total_ms,350.688446,recorder
20260925-072918_perlmutter_cb90a27f,ours_l01_s1_pv2_r2_pv3c_eps05_trace-a2e8ab_b16_k8_isolated,isolated,ours,45,2,total_ms,23.062496,recorder
20260925-072918_perlmutter_cb90a27f,ours_l01_s1_pv2_r2_pv3c_eps05_trace-a2e8ab_b16_k8_isolated,isolated,ours,45,3,total_ms,501.193939,recorder
20260925-072918_perlmutter_cb90a27f,ours_l01_s1_pv2_r2_pv3c_eps05_trace-a2e8ab_b16_k8_isolated,isolated,ours,45,4,total_ms,442.725433,recorder
20260925-072918_perlmutter_cb90a27f,ours_l01_s1_pv2_r2_pv3c_eps05_trace-a2e8ab_b16_k8_isolated,isolated,ours,45,5,total_ms,25.448864,recorder
20260925-072918_perlmutter_cb90a27f,ours_l01_s1_pv2_r2_pv3c_eps05_trace-a2e8ab_b16_k8_isolated,isolated,ours,45,6,total_ms,24.375551,recorder
20260925-072918_perlmutter_cb90a27f,ours_l01_s1_pv2_r2_pv3c_eps05_trace-a2e8ab_b16_k8_isolated,isolated,ours,45,7,total_ms,495.569977,recorder
20260925-072918_perlmutter_cb90a27f,ours_l01_s1_pv2_r2_pv3c_eps05_trace-a2e8ab_b16_k8_isolated,isolated,ours,45,8,total_ms,22.946144,recorder
20260925-072918_perlmutter_cb90a27f,ours_l01_s1_pv2_r2_pv3c_eps05_trace-a2e8ab_b16_k8_isolated,isolated,ours,45,9,total_ms,352.164215,recorder
20260925-072918_perlmutter_cb90a27f,ours_l01_s1_pv2_r2_pv3c_eps05_trace-a2e8ab_b16_k8_isolated,isolated,ours,45,0,iso_sync_ms,19.56069,recorder
20260925-072918_perlmutter_cb90a27f,ours_l01_s1_pv2_r2_pv3c_eps05_trace-a2e8ab_b16_k8_isolated,isolated,ours,45,1,iso_sync_ms,498.486602,recorder
20260925-072918_perlmutter_cb90a27f,ours_l01_s1_pv2_r2_pv3c_eps05_trace-a2e8ab_b16_k8_isolated,isolated,ours,45,2,iso_sync_ms,346.855132,recorder
20260925-072918_perlmutter_cb90a27f,ours_l01_s1_pv2_r2_pv3c_eps05_trace-a2e8ab_b16_k8_isolated,isolated,ours,45,3,iso_sync_ms,18.828261,recorder
20260925-072918_perlmutter_cb90a27f,ours_l01_s1_pv2_r2_pv3c_eps05_trace-a2e8ab_b16_k8_isolated,isolated,ours,45,4,iso_sync_ms,497.677987,recorder
20260925-072918_perlmutter_cb90a27f,ours_l01_s1_pv2_r2_pv3c_eps05_trace-a2e8ab_b16_k8_isolated,isolated,ours,45,5,iso_sync_ms,437.634814,recorder
20260925-072918_perlmutter_cb90a27f,ours_l01_s1_pv2_r2_pv3c_eps05_trace-a2e8ab_b16_k8_isolated,isolated,ours,45,6,iso_sync_ms,20.946171,recorder
20260925-072918_perlmutter_cb90a27f,ours_l01_s1_pv2_r2_pv3c_eps05_trace-a2e8ab_b16_k8_isolated,isolated,ours,45,7,iso_sync_ms,20.385516,recorder
20260925-072918_perlmutter_cb90a27f,ours_l01_s1_pv2_r2_pv3c_eps05_trace-a2e8ab_b16_k8_isolated,isolated,ours,45,8,iso_sync_ms,492.112125,recorder
20260925-072918_perlmutter_cb90a27f,ours_l01_s1_pv2_r2_pv3c_eps05_trace-a2e8ab_b16_k8_isolated,isolated,ours,45,9,iso_sync_ms,18.741654,recorder
20260925-072918_perlmutter_cb90a27f,ours_l01_s1_pv2_r2_pv3c_eps05_trace-a2e8ab_b16_k8_isolated,isolated,ours,46,0,e2e_ms,498.798218,recorder
20260925-072918_perlmutter_cb90a27f,ours_l01_s1_pv2_r2_pv3c_eps05_trace-a2e8ab_b16_k8_isolated,isolated,ours,46,1,e2e_ms,347.655212,recorder
20260925-072918_perlmutter_cb90a27f,ours_l01_s1_pv2_r2_pv3c_eps05_trace-a2e8ab_b16_k8_isolated,isolated,ours,46,2,e2e_ms,20.325216,recorder
20260925-072918_perlmutter_cb90a27f,ours_l01_s1_pv2_r2_pv3c_eps05_trace-a2e8ab_b16_k8_isolated,isolated,ours,46,3,e2e_ms,498.70166,recorder
20260925-072918_perlmutter_cb90a27f,ours_l01_s1_pv2_r2_pv3c_eps05_trace-a2e8ab_b16_k8_isolated,isolated,ours,46,4,e2e_ms,440.194122,recorder
20260925-072918_perlmutter_cb90a27f,ours_l01_s1_pv2_r2_pv3c_eps05_trace-a2e8ab_b16_k8_isolated,isolated,ours,46,5,e2e_ms,22.689793,recorder
20260925-072918_perlmutter_cb90a27f,ours_l01_s1_pv2_r2_pv3c_eps05_trace-a2e8ab_b16_k8_isolated,isolated,ours,46,6,e2e_ms,21.94256,recorder
20260925-072918_perlmutter_cb90a27f,ours_l01_s1_pv2_r2_pv3c_eps05_trace-a2e8ab_b16_k8_isolated,isolated,ours,46,7,e2e_ms,492.971466,recorder
20260925-072918_perlmutter_cb90a27f,ours_l01_s1_pv2_r2_pv3c_eps05_trace-a2e8ab_b16_k8_isolated,isolated,ours,46,8,e2e_ms,20.103489,recorder
20260925-072918_perlmutter_cb90a27f,ours_l01_s1_pv2_r2_pv3c_eps05_trace-a2e8ab_b16_k8_isolated,isolated,ours,46,9,e2e_ms,349.708557,recorder
20260925-072918_perlmutter_cb90a27f,ours_l01_s1_pv2_r2_pv3c_eps05_trace-a2e8ab_b16_k8_isolated,isolated,ours,46,0,l0_ms,10.721056,recorder
20260925-072918_perlmutter_cb90a27f,ours_l01_s1_pv2_r2_pv3c_eps05_trace-a2e8ab_b16_k8_isolated,isolated,ours,46,1,l0_ms,10.724512,recorder
20260925-072918_perlmutter_cb90a27f,ours_l01_s1_pv2_r2_pv3c_eps05_trace-a2e8ab_b16_k8_isolated,isolated,ours,46,2,l0_ms,10.628576,recorder
20260925-072918_perlmutter_cb90a27f,ours_l01_s1_pv2_r2_pv3c_eps05_trace-a2e8ab_b16_k8_isolated,isolated,ours,46,3,l0_ms,12.039712,recorder
20260925-072918_perlmutter_cb90a27f,ours_l01_s1_pv2_r2_pv3c_eps05_trace-a2e8ab_b16_k8_isolated,isolated,ours,46,4,l0_ms,12.044608,recorder
20260925-072918_perlmutter_cb90a27f,ours_l01_s1_pv2_r2_pv3c_eps05_trace-a2e8ab_b16_k8_isolated,isolated,ours,46,5,l0_ms,11.229408,recorder
20260925-072918_perlmutter_cb90a27f,ours_l01_s1_pv2_r2_pv3c_eps05_trace-a2e8ab_b16_k8_isolated,isolated,ours,46,6,l0_ms,11.569248,recorder
20260925-072918_perlmutter_cb90a27f,ours_l01_s1_pv2_r2_pv3c_eps05_trace-a2e8ab_b16_k8_isolated,isolated,ours,46,7,l0_ms,9.818144,recorder
20260925-072918_perlmutter_cb90a27f,ours_l01_s1_pv2_r2_pv3c_eps05_trace-a2e8ab_b16_k8_isolated,isolated,ours,46,8,l0_ms,10.30384,recorder
20260925-072918_perlmutter_cb90a27f,ours_l01_s1_pv2_r2_pv3c_eps05_trace-a2e8ab_b16_k8_isolated,isolated,ours,46,9,l0_ms,10.53024,recorder
20260925-072918_perlmutter_cb90a27f,ours_l01_s1_pv2_r2_pv3c_eps05_trace-a2e8ab_b16_k8_isolated,isolated,ours,46,0,act_ms,0.052384,recorder
20260925-072918_perlmutter_cb90a27f,ours_l01_s1_pv2_r2_pv3c_eps05_trace-a2e8ab_b16_k8_isolated,isolated,ours,46,1,act_ms,0.0656,recorder
20260925-072918_perlmutter_cb90a27f,ours_l01_s1_pv2_r2_pv3c_eps05_trace-a2e8ab_b16_k8_isolated,isolated,ours,46,2,act_ms,0.065792,recorder
20260925-072918_perlmutter_cb90a27f,ours_l01_s1_pv2_r2_pv3c_eps05_trace-a2e8ab_b16_k8_isolated,isolated,ours,46,3,act_ms,0.060768,recorder
20260925-072918_perlmutter_cb90a27f,ours_l01_s1_pv2_r2_pv3c_eps05_trace-a2e8ab_b16_k8_isolated,isolated,ours,46,4,act_ms,0.063552,recorder
20260925-072918_perlmutter_cb90a27f,ours_l01_s1_pv2_r2_pv3c_eps05_trace-a2e8ab_b16_k8_isolated,isolated,ours,46,5,act_ms,0.064416,recorder
20260925-072918_perlmutter_cb90a27f,ours_l01_s1_pv2_r2_pv3c_eps05_trace-a2e8ab_b16_k8_isolated,isolated,ours,46,6,act_ms,0.064896,recorder
20260925-072918_perlmutter_cb90a27f,ours_l01_s1_pv2_r2_pv3c_eps05_trace-a2e8ab_b16_k8_isolated,isolated,ours,46,7,act_ms,0.058912,recorder
20260925-072918_perlmutter_cb90a27f,ours_l01_s1_pv2_r2_pv3c_eps05_trace-a2e8ab_b16_k8_isolated,isolated,ours,46,8,act_ms,0.06224,recorder
20260925-072918_perlmutter_cb90a27f,ours_l01_s1_pv2_r2_pv3c_eps05_trace-a2e8ab_b16_k8_isolated,isolated,ours,46,9,act_ms,0.066336,recorder
20260925-072918_perlmutter_cb90a27f,ours_l01_s1_pv2_r2_pv3c_eps05_trace-a2e8ab_b16_k8_isolated,isolated,ours,46,0,l1_ms,488.02478,recorder
20260925-072918_perlmutter_cb90a27f,ours_l01_s1_pv2_r2_pv3c_eps05_trace-a2e8ab_b16_k8_isolated,isolated,ours,46,1,l1_ms,336.865082,recorder
20260925-072918_perlmutter_cb90a27f,ours_l01_s1_pv2_r2_pv3c_eps05_trace-a2e8ab_b16_k8_isolated,isolated,ours,46,2,l1_ms,9.630848,recorder
20260925-072918_perlmutter_cb90a27f,ours_l01_s1_pv2_r2_pv3c_eps05_trace-a2e8ab_b16_k8_isolated,isolated,ours,46,3,l1_ms,486.601196,recorder
20260925-072918_perlmutter_cb90a27f,ours_l01_s1_pv2_r2_pv3c_eps05_trace-a2e8ab_b16_k8_isolated,isolated,ours,46,4,l1_ms,428.085938,recorder
20260925-072918_perlmutter_cb90a27f,ours_l01_s1_pv2_r2_pv3c_eps05_trace-a2e8ab_b16_k8_isolated,isolated,ours,46,5,l1_ms,11.395968,recorder
20260925-072918_perlmutter_cb90a27f,ours_l01_s1_pv2_r2_pv3c_eps05_trace-a2e8ab_b16_k8_isolated,isolated,ours,46,6,l1_ms,10.308416,recorder
20260925-072918_perlmutter_cb90a27f,ours_l01_s1_pv2_r2_pv3c_eps05_trace-a2e8ab_b16_k8_isolated,isolated,ours,46,7,l1_ms,483.094391,recorder
20260925-072918_perlmutter_cb90a27f,ours_l01_s1_pv2_r2_pv3c_eps05_trace-a2e8ab_b16_k8_isolated,isolated,ours,46,8,l1_ms,9.737408,recorder
20260925-072918_perlmutter_cb90a27f,ours_l01_s1_pv2_r2_pv3c_eps05_trace-a2e8ab_b16_k8_isolated,isolated,ours,46,9,l1_ms,339.111969,recorder
20260925-072918_perlmutter_cb90a27f,ours_l01_s1_pv2_r2_pv3c_eps05_trace-a2e8ab_b16_k8_isolated,isolated,ours,46,0,plan_comm_ms,0.579936,recorder
20260925-072918_perlmutter_cb90a27f,ours_l01_s1_pv2_r2_pv3c_eps05_trace-a2e8ab_b16_k8_isolated,isolated,ours,46,1,plan_comm_ms,0.877056,recorder
20260925-072918_perlmutter_cb90a27f,ours_l01_s1_pv2_r2_pv3c_eps05_trace-a2e8ab_b16_k8_isolated,isolated,ours,46,2,plan_comm_ms,0.857248,recorder
20260925-072918_perlmutter_cb90a27f,ours_l01_s1_pv2_r2_pv3c_eps05_trace-a2e8ab_b16_k8_isolated,isolated,ours,46,3,plan_comm_ms,0.591456,recorder
20260925-072918_perlmutter_cb90a27f,ours_l01_s1_pv2_r2_pv3c_eps05_trace-a2e8ab_b16_k8_isolated,isolated,ours,46,4,plan_comm_ms,0.545152,recorder
20260925-072918_perlmutter_cb90a27f,ours_l01_s1_pv2_r2_pv3c_eps05_trace-a2e8ab_b16_k8_isolated,isolated,ours,46,5,plan_comm_ms,0.689376,recorder
20260925-072918_perlmutter_cb90a27f,ours_l01_s1_pv2_r2_pv3c_eps05_trace-a2e8ab_b16_k8_isolated,isolated,ours,46,6,plan_comm_ms,0.588032,recorder
20260925-072918_perlmutter_cb90a27f,ours_l01_s1_pv2_r2_pv3c_eps05_trace-a2e8ab_b16_k8_isolated,isolated,ours,46,7,plan_comm_ms,0.670592,recorder
20260925-072918_perlmutter_cb90a27f,ours_l01_s1_pv2_r2_pv3c_eps05_trace-a2e8ab_b16_k8_isolated,isolated,ours,46,8,plan_comm_ms,0.611072,recorder
20260925-072918_perlmutter_cb90a27f,ours_l01_s1_pv2_r2_pv3c_eps05_trace-a2e8ab_b16_k8_isolated,isolated,ours,46,9,plan_comm_ms,0.623968,recorder
20260925-072918_perlmutter_cb90a27f,ours_l01_s1_pv2_r2_pv3c_eps05_trace-a2e8ab_b16_k8_isolated,isolated,ours,46,0,place_ms,0.002304,recorder
20260925-072918_perlmutter_cb90a27f,ours_l01_s1_pv2_r2_pv3c_eps05_trace-a2e8ab_b16_k8_isolated,isolated,ours,46,1,place_ms,0.002304,recorder
20260925-072918_perlmutter_cb90a27f,ours_l01_s1_pv2_r2_pv3c_eps05_trace-a2e8ab_b16_k8_isolated,isolated,ours,46,2,place_ms,0.002336,recorder
20260925-072918_perlmutter_cb90a27f,ours_l01_s1_pv2_r2_pv3c_eps05_trace-a2e8ab_b16_k8_isolated,isolated,ours,46,3,place_ms,0.002336,recorder
20260925-072918_perlmutter_cb90a27f,ours_l01_s1_pv2_r2_pv3c_eps05_trace-a2e8ab_b16_k8_isolated,isolated,ours,46,4,place_ms,0.002336,recorder
20260925-072918_perlmutter_cb90a27f,ours_l01_s1_pv2_r2_pv3c_eps05_trace-a2e8ab_b16_k8_isolated,isolated,ours,46,5,place_ms,0.002496,recorder
20260925-072918_perlmutter_cb90a27f,ours_l01_s1_pv2_r2_pv3c_eps05_trace-a2e8ab_b16_k8_isolated,isolated,ours,46,6,place_ms,0.002304,recorder
20260925-072918_perlmutter_cb90a27f,ours_l01_s1_pv2_r2_pv3c_eps05_trace-a2e8ab_b16_k8_isolated,isolated,ours,46,7,place_ms,0.002336,recorder
20260925-072918_perlmutter_cb90a27f,ours_l01_s1_pv2_r2_pv3c_eps05_trace-a2e8ab_b16_k8_isolated,isolated,ours,46,8,place_ms,0.002336,recorder
20260925-072918_perlmutter_cb90a27f,ours_l01_s1_pv2_r2_pv3c_eps05_trace-a2e8ab_b16_k8_isolated,isolated,ours,46,9,place_ms,0.002336,recorder
20260925-072918_perlmutter_cb90a27f,ours_l01_s1_pv2_r2_pv3c_eps05_trace-a2e8ab_b16_k8_isolated,isolated,ours,46,0,plan_ms,1.850208,recorder
20260925-072918_perlmutter_cb90a27f,ours_l01_s1_pv2_r2_pv3c_eps05_trace-a2e8ab_b16_k8_isolated,isolated,ours,46,1,plan_ms,1.854368,recorder
20260925-072918_perlmutter_cb90a27f,ours_l01_s1_pv2_r2_pv3c_eps05_trace-a2e8ab_b16_k8_isolated,isolated,ours,46,2,plan_ms,1.858016,recorder
20260925-072918_perlmutter_cb90a27f,ours_l01_s1_pv2_r2_pv3c_eps05_trace-a2e8ab_b16_k8_isolated,isolated,ours,46,3,plan_ms,1.87664,recorder
20260925-072918_perlmutter_cb90a27f,ours_l01_s1_pv2_r2_pv3c_eps05_trace-a2e8ab_b16_k8_isolated,isolated,ours,46,4,plan_ms,1.876928,recorder
20260925-072918_perlmutter_cb90a27f,ours_l01_s1_pv2_r2_pv3c_eps05_trace-a2e8ab_b16_k8_isolated,isolated,ours,46,5,plan_ms,1.862688,recorder
20260925-072918_perlmutter_cb90a27f,ours_l01_s1_pv2_r2_pv3c_eps05_trace-a2e8ab_b16_k8_isolated,isolated,ours,46,6,plan_ms,1.835616,recorder
20260925-072918_perlmutter_cb90a27f,ours_l01_s1_pv2_r2_pv3c_eps05_trace-a2e8ab_b16_k8_isolated,isolated,ours,46,7,plan_ms,1.858336,recorder
20260925-072918_perlmutter_cb90a27f,ours_l01_s1_pv2_r2_pv3c_eps05_trace-a2e8ab_b16_k8_isolated,isolated,ours,46,8,plan_ms,1.898208,recorder
20260925-072918_perlmutter_cb90a27f,ours_l01_s1_pv2_r2_pv3c_eps05_trace-a2e8ab_b16_k8_isolated,isolated,ours,46,9,plan_ms,1.842432,recorder
20260925-072918_perlmutter_cb90a27f,ours_l01_s1_pv2_r2_pv3c_eps05_trace-a2e8ab_b16_k8_isolated,isolated,ours,46,0,total_ms,501.241669,recorder
20260925-072918_perlmutter_cb90a27f,ours_l01_s1_pv2_r2_pv3c_eps05_trace-a2e8ab_b16_k8_isolated,isolated,ours,46,1,total_ms,350.398682,recorder
20260925-072918_perlmutter_cb90a27f,ours_l01_s1_pv2_r2_pv3c_eps05_trace-a2e8ab_b16_k8_isolated,isolated,ours,46,2,total_ms,23.052992,recorder
20260925-072918_perlmutter_cb90a27f,ours_l01_s1_pv2_r2_pv3c_eps05_trace-a2e8ab_b16_k8_isolated,isolated,ours,46,3,total_ms,501.182129,recorder
20260925-072918_perlmutter_cb90a27f,ours_l01_s1_pv2_r2_pv3c_eps05_trace-a2e8ab_b16_k8_isolated,isolated,ours,46,4,total_ms,442.628601,recorder
20260925-072918_perlmutter_cb90a27f,ours_l01_s1_pv2_r2_pv3c_eps05_trace-a2e8ab_b16_k8_isolated,isolated,ours,46,5,total_ms,25.254463,recorder
20260925-072918_perlmutter_cb90a27f,ours_l01_s1_pv2_r2_pv3c_eps05_trace-a2e8ab_b16_k8_isolated,isolated,ours,46,6,total_ms,24.378817,recorder
20260925-072918_perlmutter_cb90a27f,ours_l01_s1_pv2_r2_pv3c_eps05_trace-a2e8ab_b16_k8_isolated,isolated,ours,46,7,total_ms,495.512878,recorder
20260925-072918_perlmutter_cb90a27f,ours_l01_s1_pv2_r2_pv3c_eps05_trace-a2e8ab_b16_k8_isolated,isolated,ours,46,8,total_ms,22.625471,recorder
20260925-072918_perlmutter_cb90a27f,ours_l01_s1_pv2_r2_pv3c_eps05_trace-a2e8ab_b16_k8_isolated,isolated,ours,46,9,total_ms,352.187103,recorder
20260925-072918_perlmutter_cb90a27f,ours_l01_s1_pv2_r2_pv3c_eps05_trace-a2e8ab_b16_k8_isolated,isolated,ours,46,0,iso_sync_ms,19.481246,recorder
20260925-072918_perlmutter_cb90a27f,ours_l01_s1_pv2_r2_pv3c_eps05_trace-a2e8ab_b16_k8_isolated,isolated,ours,46,1,iso_sync_ms,498.383733,recorder
20260925-072918_perlmutter_cb90a27f,ours_l01_s1_pv2_r2_pv3c_eps05_trace-a2e8ab_b16_k8_isolated,isolated,ours,46,2,iso_sync_ms,346.80275,recorder
20260925-072918_perlmutter_cb90a27f,ours_l01_s1_pv2_r2_pv3c_eps05_trace-a2e8ab_b16_k8_isolated,isolated,ours,46,3,iso_sync_ms,18.728088,recorder
20260925-072918_perlmutter_cb90a27f,ours_l01_s1_pv2_r2_pv3c_eps05_trace-a2e8ab_b16_k8_isolated,isolated,ours,46,4,iso_sync_ms,497.672717,recorder
20260925-072918_perlmutter_cb90a27f,ours_l01_s1_pv2_r2_pv3c_eps05_trace-a2e8ab_b16_k8_isolated,isolated,ours,46,5,iso_sync_ms,438.597839,recorder
20260925-072918_perlmutter_cb90a27f,ours_l01_s1_pv2_r2_pv3c_eps05_trace-a2e8ab_b16_k8_isolated,isolated,ours,46,6,iso_sync_ms,20.919139,recorder
20260925-072918_perlmutter_cb90a27f,ours_l01_s1_pv2_r2_pv3c_eps05_trace-a2e8ab_b16_k8_isolated,isolated,ours,46,7,iso_sync_ms,20.364736,recorder
20260925-072918_perlmutter_cb90a27f,ours_l01_s1_pv2_r2_pv3c_eps05_trace-a2e8ab_b16_k8_isolated,isolated,ours,46,8,iso_sync_ms,492.012201,recorder
20260925-072918_perlmutter_cb90a27f,ours_l01_s1_pv2_r2_pv3c_eps05_trace-a2e8ab_b16_k8_isolated,isolated,ours,46,9,iso_sync_ms,17.926346,recorder
20260925-072918_perlmutter_cb90a27f,ours_l01_s1_pv2_r2_pv3c_eps05_trace-a2e8ab_b16_k8_isolated,isolated,ours,47,0,e2e_ms,498.806244,recorder
20260925-072918_perlmutter_cb90a27f,ours_l01_s1_pv2_r2_pv3c_eps05_trace-a2e8ab_b16_k8_isolated,isolated,ours,47,1,e2e_ms,347.704193,recorder
20260925-072918_perlmutter_cb90a27f,ours_l01_s1_pv2_r2_pv3c_eps05_trace-a2e8ab_b16_k8_isolated,isolated,ours,47,2,e2e_ms,20.324064,recorder
20260925-072918_perlmutter_cb90a27f,ours_l01_s1_pv2_r2_pv3c_eps05_trace-a2e8ab_b16_k8_isolated,isolated,ours,47,3,e2e_ms,498.704498,recorder
20260925-072918_perlmutter_cb90a27f,ours_l01_s1_pv2_r2_pv3c_eps05_trace-a2e8ab_b16_k8_isolated,isolated,ours,47,4,e2e_ms,440.241364,recorder
20260925-072918_perlmutter_cb90a27f,ours_l01_s1_pv2_r2_pv3c_eps05_trace-a2e8ab_b16_k8_isolated,isolated,ours,47,5,e2e_ms,22.697439,recorder
20260925-072918_perlmutter_cb90a27f,ours_l01_s1_pv2_r2_pv3c_eps05_trace-a2e8ab_b16_k8_isolated,isolated,ours,47,6,e2e_ms,21.993025,recorder
20260925-072918_perlmutter_cb90a27f,ours_l01_s1_pv2_r2_pv3c_eps05_trace-a2e8ab_b16_k8_isolated,isolated,ours,47,7,e2e_ms,493.026825,recorder
20260925-072918_perlmutter_cb90a27f,ours_l01_s1_pv2_r2_pv3c_eps05_trace-a2e8ab_b16_k8_isolated,isolated,ours,47,8,e2e_ms,20.138817,recorder
20260925-072918_perlmutter_cb90a27f,ours_l01_s1_pv2_r2_pv3c_eps05_trace-a2e8ab_b16_k8_isolated,isolated,ours,47,9,e2e_ms,349.701447,recorder
20260925-072918_perlmutter_cb90a27f,ours_l01_s1_pv2_r2_pv3c_eps05_trace-a2e8ab_b16_k8_isolated,isolated,ours,47,0,l0_ms,10.72048,recorder
20260925-072918_perlmutter_cb90a27f,ours_l01_s1_pv2_r2_pv3c_eps05_trace-a2e8ab_b16_k8_isolated,isolated,ours,47,1,l0_ms,10.723872,recorder
20260925-072918_perlmutter_cb90a27f,ours_l01_s1_pv2_r2_pv3c_eps05_trace-a2e8ab_b16_k8_isolated,isolated,ours,47,2,l0_ms,10.601376,recorder
20260925-072918_perlmutter_cb90a27f,ours_l01_s1_pv2_r2_pv3c_eps05_trace-a2e8ab_b16_k8_isolated,isolated,ours,47,3,l0_ms,12.00704,recorder
20260925-072918_perlmutter_cb90a27f,ours_l01_s1_pv2_r2_pv3c_eps05_trace-a2e8ab_b16_k8_isolated,isolated,ours,47,4,l0_ms,12.08736,recorder
20260925-072918_perlmutter_cb90a27f,ours_l01_s1_pv2_r2_pv3c_eps05_trace-a2e8ab_b16_k8_isolated,isolated,ours,47,5,l0_ms,11.24288,recorder
20260925-072918_perlmutter_cb90a27f,ours_l01_s1_pv2_r2_pv3c_eps05_trace-a2e8ab_b16_k8_isolated,isolated,ours,47,6,l0_ms,11.618656,recorder
20260925-072918_perlmutter_cb90a27f,ours_l01_s1_pv2_r2_pv3c_eps05_trace-a2e8ab_b16_k8_isolated,isolated,ours,47,7,l0_ms,9.827424,recorder
20260925-072918_perlmutter_cb90a27f,ours_l01_s1_pv2_r2_pv3c_eps05_trace-a2e8ab_b16_k8_isolated,isolated,ours,47,8,l0_ms,10.33376,recorder
20260925-072918_perlmutter_cb90a27f,ours_l01_s1_pv2_r2_pv3c_eps05_trace-a2e8ab_b16_k8_isolated,isolated,ours,47,9,l0_ms,10.521408,recorder
20260925-072918_perlmutter_cb90a27f,ours_l01_s1_pv2_r2_pv3c_eps05_trace-a2e8ab_b16_k8_isolated,isolated,ours,47,0,act_ms,0.043584,recorder
20260925-072918_perlmutter_cb90a27f,ours_l01_s1_pv2_r2_pv3c_eps05_trace-a2e8ab_b16_k8_isolated,isolated,ours,47,1,act_ms,0.042912,recorder
20260925-072918_perlmutter_cb90a27f,ours_l01_s1_pv2_r2_pv3c_eps05_trace-a2e8ab_b16_k8_isolated,isolated,ours,47,2,act_ms,0.043616,recorder
20260925-072918_perlmutter_cb90a27f,ours_l01_s1_pv2_r2_pv3c_eps05_trace-a2e8ab_b16_k8_isolated,isolated,ours,47,3,act_ms,0.04368,recorder
20260925-072918_perlmutter_cb90a27f,ours_l01_s1_pv2_r2_pv3c_eps05_trace-a2e8ab_b16_k8_isolated,isolated,ours,47,4,act_ms,0.043296,recorder
20260925-072918_perlmutter_cb90a27f,ours_l01_s1_pv2_r2_pv3c_eps05_trace-a2e8ab_b16_k8_isolated,isolated,ours,47,5,act_ms,0.044352,recorder
20260925-072918_perlmutter_cb90a27f,ours_l01_s1_pv2_r2_pv3c_eps05_trace-a2e8ab_b16_k8_isolated,isolated,ours,47,6,act_ms,0.044352,recorder
20260925-072918_perlmutter_cb90a27f,ours_l01_s1_pv2_r2_pv3c_eps05_trace-a2e8ab_b16_k8_isolated,isolated,ours,47,7,act_ms,0.043392,recorder
20260925-072918_perlmutter_cb90a27f,ours_l01_s1_pv2_r2_pv3c_eps05_trace-a2e8ab_b16_k8_isolated,isolated,ours,47,8,act_ms,0.045216,recorder
20260925-072918_perlmutter_cb90a27f,ours_l01_s1_pv2_r2_pv3c_eps05_trace-a2e8ab_b16_k8_isolated,isolated,ours,47,9,act_ms,0.042656,recorder
20260925-072918_perlmutter_cb90a27f,ours_l01_s1_pv2_r2_pv3c_eps05_trace-a2e8ab_b16_k8_isolated,isolated,ours,47,0,l1_ms,488.042175,recorder
20260925-072918_perlmutter_cb90a27f,ours_l01_s1_pv2_r2_pv3c_eps05_trace-a2e8ab_b16_k8_isolated,isolated,ours,47,1,l1_ms,336.937408,recorder
20260925-072918_perlmutter_cb90a27f,ours_l01_s1_pv2_r2_pv3c_eps05_trace-a2e8ab_b16_k8_isolated,isolated,ours,47,2,l1_ms,9.679072,recorder
20260925-072918_perlmutter_cb90a27f,ours_l01_s1_pv2_r2_pv3c_eps05_trace-a2e8ab_b16_k8_isolated,isolated,ours,47,3,l1_ms,486.653778,recorder
20260925-072918_perlmutter_cb90a27f,ours_l01_s1_pv2_r2_pv3c_eps05_trace-a2e8ab_b16_k8_isolated,isolated,ours,47,4,l1_ms,428.110718,recorder
20260925-072918_perlmutter_cb90a27f,ours_l01_s1_pv2_r2_pv3c_eps05_trace-a2e8ab_b16_k8_isolated,isolated,ours,47,5,l1_ms,11.410208,recorder
20260925-072918_perlmutter_cb90a27f,ours_l01_s1_pv2_r2_pv3c_eps05_trace-a2e8ab_b16_k8_isolated,isolated,ours,47,6,l1_ms,10.330016,recorder
20260925-072918_perlmutter_cb90a27f,ours_l01_s1_pv2_r2_pv3c_eps05_trace-a2e8ab_b16_k8_isolated,isolated,ours,47,7,l1_ms,483.156006,recorder
20260925-072918_perlmutter_cb90a27f,ours_l01_s1_pv2_r2_pv3c_eps05_trace-a2e8ab_b16_k8_isolated,isolated,ours,47,8,l1_ms,9.75984,recorder
20260925-072918_perlmutter_cb90a27f,ours_l01_s1_pv2_r2_pv3c_eps05_trace-a2e8ab_b16_k8_isolated,isolated,ours,47,9,l1_ms,339.13739,recorder
20260925-072918_perlmutter_cb90a27f,ours_l01_s1_pv2_r2_pv3c_eps05_trace-a2e8ab_b16_k8_isolated,isolated,ours,47,0,plan_comm_ms,0.58048,recorder
20260925-072918_perlmutter_cb90a27f,ours_l01_s1_pv2_r2_pv3c_eps05_trace-a2e8ab_b16_k8_isolated,isolated,ours,47,1,plan_comm_ms,0.885312,recorder
20260925-072918_perlmutter_cb90a27f,ours_l01_s1_pv2_r2_pv3c_eps05_trace-a2e8ab_b16_k8_isolated,isolated,ours,47,2,plan_comm_ms,0.859328,recorder
20260925-072918_perlmutter_cb90a27f,ours_l01_s1_pv2_r2_pv3c_eps05_trace-a2e8ab_b16_k8_isolated,isolated,ours,47,3,plan_comm_ms,0.591424,recorder
20260925-072918_perlmutter_cb90a27f,ours_l01_s1_pv2_r2_pv3c_eps05_trace-a2e8ab_b16_k8_isolated,isolated,ours,47,4,plan_comm_ms,0.688256,recorder
20260925-072918_perlmutter_cb90a27f,ours_l01_s1_pv2_r2_pv3c_eps05_trace-a2e8ab_b16_k8_isolated,isolated,ours,47,5,plan_comm_ms,0.810272,recorder
20260925-072918_perlmutter_cb90a27f,ours_l01_s1_pv2_r2_pv3c_eps05_trace-a2e8ab_b16_k8_isolated,isolated,ours,47,6,plan_comm_ms,0.588896,recorder
20260925-072918_perlmutter_cb90a27f,ours_l01_s1_pv2_r2_pv3c_eps05_trace-a2e8ab_b16_k8_isolated,isolated,ours,47,7,plan_comm_ms,0.670592,recorder
20260925-072918_perlmutter_cb90a27f,ours_l01_s1_pv2_r2_pv3c_eps05_trace-a2e8ab_b16_k8_isolated,isolated,ours,47,8,plan_comm_ms,0.942912,recorder
20260925-072918_perlmutter_cb90a27f,ours_l01_s1_pv2_r2_pv3c_eps05_trace-a2e8ab_b16_k8_isolated,isolated,ours,47,9,plan_comm_ms,0.6256,recorder
20260925-072918_perlmutter_cb90a27f,ours_l01_s1_pv2_r2_pv3c_eps05_trace-a2e8ab_b16_k8_isolated,isolated,ours,47,0,place_ms,0.002368,recorder
20260925-072918_perlmutter_cb90a27f,ours_l01_s1_pv2_r2_pv3c_eps05_trace-a2e8ab_b16_k8_isolated,isolated,ours,47,1,place_ms,0.002304,recorder
20260925-072918_perlmutter_cb90a27f,ours_l01_s1_pv2_r2_pv3c_eps05_trace-a2e8ab_b16_k8_isolated,isolated,ours,47,2,place_ms,0.002336,recorder
20260925-072918_perlmutter_cb90a27f,ours_l01_s1_pv2_r2_pv3c_eps05_trace-a2e8ab_b16_k8_isolated,isolated,ours,47,3,place_ms,0.002304,recorder
20260925-072918_perlmutter_cb90a27f,ours_l01_s1_pv2_r2_pv3c_eps05_trace-a2e8ab_b16_k8_isolated,isolated,ours,47,4,place_ms,0.002624,recorder
20260925-072918_perlmutter_cb90a27f,ours_l01_s1_pv2_r2_pv3c_eps05_trace-a2e8ab_b16_k8_isolated,isolated,ours,47,5,place_ms,0.002304,recorder
20260925-072918_perlmutter_cb90a27f,ours_l01_s1_pv2_r2_pv3c_eps05_trace-a2e8ab_b16_k8_isolated,isolated,ours,47,6,place_ms,0.002336,recorder
20260925-072918_perlmutter_cb90a27f,ours_l01_s1_pv2_r2_pv3c_eps05_trace-a2e8ab_b16_k8_isolated,isolated,ours,47,7,place_ms,0.002304,recorder
20260925-072918_perlmutter_cb90a27f,ours_l01_s1_pv2_r2_pv3c_eps05_trace-a2e8ab_b16_k8_isolated,isolated,ours,47,8,place_ms,0.002528,recorder
20260925-072918_perlmutter_cb90a27f,ours_l01_s1_pv2_r2_pv3c_eps05_trace-a2e8ab_b16_k8_isolated,isolated,ours,47,9,place_ms,0.002304,recorder
20260925-072918_perlmutter_cb90a27f,ours_l01_s1_pv2_r2_pv3c_eps05_trace-a2e8ab_b16_k8_isolated,isolated,ours,47,0,plan_ms,1.834336,recorder
20260925-072918_perlmutter_cb90a27f,ours_l01_s1_pv2_r2_pv3c_eps05_trace-a2e8ab_b16_k8_isolated,isolated,ours,47,1,plan_ms,1.851904,recorder
20260925-072918_perlmutter_cb90a27f,ours_l01_s1_pv2_r2_pv3c_eps05_trace-a2e8ab_b16_k8_isolated,isolated,ours,47,2,plan_ms,1.862048,recorder
20260925-072918_perlmutter_cb90a27f,ours_l01_s1_pv2_r2_pv3c_eps05_trace-a2e8ab_b16_k8_isolated,isolated,ours,47,3,plan_ms,1.88656,recorder
20260925-072918_perlmutter_cb90a27f,ours_l01_s1_pv2_r2_pv3c_eps05_trace-a2e8ab_b16_k8_isolated,isolated,ours,47,4,plan_ms,1.83856,recorder
20260925-072918_perlmutter_cb90a27f,ours_l01_s1_pv2_r2_pv3c_eps05_trace-a2e8ab_b16_k8_isolated,isolated,ours,47,5,plan_ms,1.848384,recorder
20260925-072918_perlmutter_cb90a27f,ours_l01_s1_pv2_r2_pv3c_eps05_trace-a2e8ab_b16_k8_isolated,isolated,ours,47,6,plan_ms,1.782848,recorder
20260925-072918_perlmutter_cb90a27f,ours_l01_s1_pv2_r2_pv3c_eps05_trace-a2e8ab_b16_k8_isolated,isolated,ours,47,7,plan_ms,1.85664,recorder
20260925-072918_perlmutter_cb90a27f,ours_l01_s1_pv2_r2_pv3c_eps05_trace-a2e8ab_b16_k8_isolated,isolated,ours,47,8,plan_ms,1.860832,recorder
20260925-072918_perlmutter_cb90a27f,ours_l01_s1_pv2_r2_pv3c_eps05_trace-a2e8ab_b16_k8_isolated,isolated,ours,47,9,plan_ms,1.841408,recorder
20260925-072918_perlmutter_cb90a27f,ours_l01_s1_pv2_r2_pv3c_eps05_trace-a2e8ab_b16_k8_isolated,isolated,ours,47,0,total_ms,501.233215,recorder
20260925-072918_perlmutter_cb90a27f,ours_l01_s1_pv2_r2_pv3c_eps05_trace-a2e8ab_b16_k8_isolated,isolated,ours,47,1,total_ms,350.453491,recorder
20260925-072918_perlmutter_cb90a27f,ours_l01_s1_pv2_r2_pv3c_eps05_trace-a2e8ab_b16_k8_isolated,isolated,ours,47,2,total_ms,23.05728,recorder
20260925-072918_perlmutter_cb90a27f,ours_l01_s1_pv2_r2_pv3c_eps05_trace-a2e8ab_b16_k8_isolated,isolated,ours,47,3,total_ms,501.194977,recorder
20260925-072918_perlmutter_cb90a27f,ours_l01_s1_pv2_r2_pv3c_eps05_trace-a2e8ab_b16_k8_isolated,isolated,ours,47,4,total_ms,442.780487,recorder
20260925-072918_perlmutter_cb90a27f,ours_l01_s1_pv2_r2_pv3c_eps05_trace-a2e8ab_b16_k8_isolated,isolated,ours,47,5,total_ms,25.36816,recorder
20260925-072918_perlmutter_cb90a27f,ours_l01_s1_pv2_r2_pv3c_eps05_trace-a2e8ab_b16_k8_isolated,isolated,ours,47,6,total_ms,24.376513,recorder
20260925-072918_perlmutter_cb90a27f,ours_l01_s1_pv2_r2_pv3c_eps05_trace-a2e8ab_b16_k8_isolated,isolated,ours,47,7,total_ms,495.566284,recorder
20260925-072918_perlmutter_cb90a27f,ours_l01_s1_pv2_r2_pv3c_eps05_trace-a2e8ab_b16_k8_isolated,isolated,ours,47,8,total_ms,22.954687,recorder
20260925-072918_perlmutter_cb90a27f,ours_l01_s1_pv2_r2_pv3c_eps05_trace-a2e8ab_b16_k8_isolated,isolated,ours,47,9,total_ms,352.179962,recorder
20260925-072918_perlmutter_cb90a27f,ours_l01_s1_pv2_r2_pv3c_eps05_trace-a2e8ab_b16_k8_isolated,isolated,ours,47,0,iso_sync_ms,19.588754,recorder
20260925-072918_perlmutter_cb90a27f,ours_l01_s1_pv2_r2_pv3c_eps05_trace-a2e8ab_b16_k8_isolated,isolated,ours,47,1,iso_sync_ms,498.525778,recorder
20260925-072918_perlmutter_cb90a27f,ours_l01_s1_pv2_r2_pv3c_eps05_trace-a2e8ab_b16_k8_isolated,isolated,ours,47,2,iso_sync_ms,346.891292,recorder
20260925-072918_perlmutter_cb90a27f,ours_l01_s1_pv2_r2_pv3c_eps05_trace-a2e8ab_b16_k8_isolated,isolated,ours,47,3,iso_sync_ms,18.824324,recorder
20260925-072918_perlmutter_cb90a27f,ours_l01_s1_pv2_r2_pv3c_eps05_trace-a2e8ab_b16_k8_isolated,isolated,ours,47,4,iso_sync_ms,497.680642,recorder
20260925-072918_perlmutter_cb90a27f,ours_l01_s1_pv2_r2_pv3c_eps05_trace-a2e8ab_b16_k8_isolated,isolated,ours,47,5,iso_sync_ms,438.847351,recorder
20260925-072918_perlmutter_cb90a27f,ours_l01_s1_pv2_r2_pv3c_eps05_trace-a2e8ab_b16_k8_isolated,isolated,ours,47,6,iso_sync_ms,20.610983,recorder
20260925-072918_perlmutter_cb90a27f,ours_l01_s1_pv2_r2_pv3c_eps05_trace-a2e8ab_b16_k8_isolated,isolated,ours,47,7,iso_sync_ms,20.414923,recorder
20260925-072918_perlmutter_cb90a27f,ours_l01_s1_pv2_r2_pv3c_eps05_trace-a2e8ab_b16_k8_isolated,isolated,ours,47,8,iso_sync_ms,492.033552,recorder
20260925-072918_perlmutter_cb90a27f,ours_l01_s1_pv2_r2_pv3c_eps05_trace-a2e8ab_b16_k8_isolated,isolated,ours,47,9,iso_sync_ms,18.623225,recorder
20260925-072918_perlmutter_cb90a27f,ours_l01_s1_pv2_r2_pv3c_eps05_trace-a2e8ab_b16_k8_isolated,isolated,ours,48,0,e2e_ms,498.896088,recorder
20260925-072918_perlmutter_cb90a27f,ours_l01_s1_pv2_r2_pv3c_eps05_trace-a2e8ab_b16_k8_isolated,isolated,ours,48,1,e2e_ms,347.696533,recorder
20260925-072918_perlmutter_cb90a27f,ours_l01_s1_pv2_r2_pv3c_eps05_trace-a2e8ab_b16_k8_isolated,isolated,ours,48,2,e2e_ms,20.298016,recorder
20260925-072918_perlmutter_cb90a27f,ours_l01_s1_pv2_r2_pv3c_eps05_trace-a2e8ab_b16_k8_isolated,isolated,ours,48,3,e2e_ms,498.710022,recorder
20260925-072918_perlmutter_cb90a27f,ours_l01_s1_pv2_r2_pv3c_eps05_trace-a2e8ab_b16_k8_isolated,isolated,ours,48,4,e2e_ms,440.233276,recorder
20260925-072918_perlmutter_cb90a27f,ours_l01_s1_pv2_r2_pv3c_eps05_trace-a2e8ab_b16_k8_isolated,isolated,ours,48,5,e2e_ms,22.687391,recorder
20260925-072918_perlmutter_cb90a27f,ours_l01_s1_pv2_r2_pv3c_eps05_trace-a2e8ab_b16_k8_isolated,isolated,ours,48,6,e2e_ms,21.931393,recorder
20260925-072918_perlmutter_cb90a27f,ours_l01_s1_pv2_r2_pv3c_eps05_trace-a2e8ab_b16_k8_isolated,isolated,ours,48,7,e2e_ms,492.966125,recorder
20260925-072918_perlmutter_cb90a27f,ours_l01_s1_pv2_r2_pv3c_eps05_trace-a2e8ab_b16_k8_isolated,isolated,ours,48,8,e2e_ms,20.09264,recorder
20260925-072918_perlmutter_cb90a27f,ours_l01_s1_pv2_r2_pv3c_eps05_trace-a2e8ab_b16_k8_isolated,isolated,ours,48,9,e2e_ms,349.718933,recorder
20260925-072918_perlmutter_cb90a27f,ours_l01_s1_pv2_r2_pv3c_eps05_trace-a2e8ab_b16_k8_isolated,isolated,ours,48,0,l0_ms,10.70192,recorder
20260925-072918_perlmutter_cb90a27f,ours_l01_s1_pv2_r2_pv3c_eps05_trace-a2e8ab_b16_k8_isolated,isolated,ours,48,1,l0_ms,10.677888,recorder
20260925-072918_perlmutter_cb90a27f,ours_l01_s1_pv2_r2_pv3c_eps05_trace-a2e8ab_b16_k8_isolated,isolated,ours,48,2,l0_ms,10.592544,recorder
20260925-072918_perlmutter_cb90a27f,ours_l01_s1_pv2_r2_pv3c_eps05_trace-a2e8ab_b16_k8_isolated,isolated,ours,48,3,l0_ms,12.031328,recorder
20260925-072918_perlmutter_cb90a27f,ours_l01_s1_pv2_r2_pv3c_eps05_trace-a2e8ab_b16_k8_isolated,isolated,ours,48,4,l0_ms,12.057952,recorder
20260925-072918_perlmutter_cb90a27f,ours_l01_s1_pv2_r2_pv3c_eps05_trace-a2e8ab_b16_k8_isolated,isolated,ours,48,5,l0_ms,11.245696,recorder
20260925-072918_perlmutter_cb90a27f,ours_l01_s1_pv2_r2_pv3c_eps05_trace-a2e8ab_b16_k8_isolated,isolated,ours,48,6,l0_ms,11.549792,recorder
20260925-072918_perlmutter_cb90a27f,ours_l01_s1_pv2_r2_pv3c_eps05_trace-a2e8ab_b16_k8_isolated,isolated,ours,48,7,l0_ms,9.802304,recorder
20260925-072918_perlmutter_cb90a27f,ours_l01_s1_pv2_r2_pv3c_eps05_trace-a2e8ab_b16_k8_isolated,isolated,ours,48,8,l0_ms,10.298304,recorder
20260925-072918_perlmutter_cb90a27f,ours_l01_s1_pv2_r2_pv3c_eps05_trace-a2e8ab_b16_k8_isolated,isolated,ours,48,9,l0_ms,10.522016,recorder
20260925-072918_perlmutter_cb90a27f,ours_l01_s1_pv2_r2_pv3c_eps05_trace-a2e8ab_b16_k8_isolated,isolated,ours,48,0,act_ms,0.08752,recorder
20260925-072918_perlmutter_cb90a27f,ours_l01_s1_pv2_r2_pv3c_eps05_trace-a2e8ab_b16_k8_isolated,isolated,ours,48,1,act_ms,0.085024,recorder
20260925-072918_perlmutter_cb90a27f,ours_l01_s1_pv2_r2_pv3c_eps05_trace-a2e8ab_b16_k8_isolated,isolated,ours,48,2,act_ms,0.081664,recorder
20260925-072918_perlmutter_cb90a27f,ours_l01_s1_pv2_r2_pv3c_eps05_trace-a2e8ab_b16_k8_isolated,isolated,ours,48,3,act_ms,0.083648,recorder
20260925-072918_perlmutter_cb90a27f,ours_l01_s1_pv2_r2_pv3c_eps05_trace-a2e8ab_b16_k8_isolated,isolated,ours,48,4,act_ms,0.08848,recorder
20260925-072918_perlmutter_cb90a27f,ours_l01_s1_pv2_r2_pv3c_eps05_trace-a2e8ab_b16_k8_isolated,isolated,ours,48,5,act_ms,0.084704,recorder
20260925-072918_perlmutter_cb90a27f,ours_l01_s1_pv2_r2_pv3c_eps05_trace-a2e8ab_b16_k8_isolated,isolated,ours,48,6,act_ms,0.085408,recorder
20260925-072918_perlmutter_cb90a27f,ours_l01_s1_pv2_r2_pv3c_eps05_trace-a2e8ab_b16_k8_isolated,isolated,ours,48,7,act_ms,0.084896,recorder
20260925-072918_perlmutter_cb90a27f,ours_l01_s1_pv2_r2_pv3c_eps05_trace-a2e8ab_b16_k8_isolated,isolated,ours,48,8,act_ms,0.083872,recorder
20260925-072918_perlmutter_cb90a27f,ours_l01_s1_pv2_r2_pv3c_eps05_trace-a2e8ab_b16_k8_isolated,isolated,ours,48,9,act_ms,0.087488,recorder
20260925-072918_perlmutter_cb90a27f,ours_l01_s1_pv2_r2_pv3c_eps05_trace-a2e8ab_b16_k8_isolated,isolated,ours,48,0,l1_ms,488.106659,recorder
20260925-072918_perlmutter_cb90a27f,ours_l01_s1_pv2_r2_pv3c_eps05_trace-a2e8ab_b16_k8_isolated,isolated,ours,48,1,l1_ms,336.933624,recorder
20260925-072918_perlmutter_cb90a27f,ours_l01_s1_pv2_r2_pv3c_eps05_trace-a2e8ab_b16_k8_isolated,isolated,ours,48,2,l1_ms,9.623808,recorder
20260925-072918_perlmutter_cb90a27f,ours_l01_s1_pv2_r2_pv3c_eps05_trace-a2e8ab_b16_k8_isolated,isolated,ours,48,3,l1_ms,486.595032,recorder
20260925-072918_perlmutter_cb90a27f,ours_l01_s1_pv2_r2_pv3c_eps05_trace-a2e8ab_b16_k8_isolated,isolated,ours,48,4,l1_ms,428.086853,recorder
20260925-072918_perlmutter_cb90a27f,ours_l01_s1_pv2_r2_pv3c_eps05_trace-a2e8ab_b16_k8_isolated,isolated,ours,48,5,l1_ms,11.356992,recorder
20260925-072918_perlmutter_cb90a27f,ours_l01_s1_pv2_r2_pv3c_eps05_trace-a2e8ab_b16_k8_isolated,isolated,ours,48,6,l1_ms,10.296192,recorder
20260925-072918_perlmutter_cb90a27f,ours_l01_s1_pv2_r2_pv3c_eps05_trace-a2e8ab_b16_k8_isolated,isolated,ours,48,7,l1_ms,483.078918,recorder
20260925-072918_perlmutter_cb90a27f,ours_l01_s1_pv2_r2_pv3c_eps05_trace-a2e8ab_b16_k8_isolated,isolated,ours,48,8,l1_ms,9.710464,recorder
20260925-072918_perlmutter_cb90a27f,ours_l01_s1_pv2_r2_pv3c_eps05_trace-a2e8ab_b16_k8_isolated,isolated,ours,48,9,l1_ms,339.109436,recorder
20260925-072918_perlmutter_cb90a27f,ours_l01_s1_pv2_r2_pv3c_eps05_trace-a2e8ab_b16_k8_isolated,isolated,ours,48,0,plan_comm_ms,0.596416,recorder
20260925-072918_perlmutter_cb90a27f,ours_l01_s1_pv2_r2_pv3c_eps05_trace-a2e8ab_b16_k8_isolated,isolated,ours,48,1,plan_comm_ms,0.68832,recorder
20260925-072918_perlmutter_cb90a27f,ours_l01_s1_pv2_r2_pv3c_eps05_trace-a2e8ab_b16_k8_isolated,isolated,ours,48,2,plan_comm_ms,0.776224,recorder
20260925-072918_perlmutter_cb90a27f,ours_l01_s1_pv2_r2_pv3c_eps05_trace-a2e8ab_b16_k8_isolated,isolated,ours,48,3,plan_comm_ms,0.59296,recorder
20260925-072918_perlmutter_cb90a27f,ours_l01_s1_pv2_r2_pv3c_eps05_trace-a2e8ab_b16_k8_isolated,isolated,ours,48,4,plan_comm_ms,0.689568,recorder
20260925-072918_perlmutter_cb90a27f,ours_l01_s1_pv2_r2_pv3c_eps05_trace-a2e8ab_b16_k8_isolated,isolated,ours,48,5,plan_comm_ms,0.843872,recorder
20260925-072918_perlmutter_cb90a27f,ours_l01_s1_pv2_r2_pv3c_eps05_trace-a2e8ab_b16_k8_isolated,isolated,ours,48,6,plan_comm_ms,0.620128,recorder
20260925-072918_perlmutter_cb90a27f,ours_l01_s1_pv2_r2_pv3c_eps05_trace-a2e8ab_b16_k8_isolated,isolated,ours,48,7,plan_comm_ms,0.676384,recorder
20260925-072918_perlmutter_cb90a27f,ours_l01_s1_pv2_r2_pv3c_eps05_trace-a2e8ab_b16_k8_isolated,isolated,ours,48,8,plan_comm_ms,0.8248,recorder
20260925-072918_perlmutter_cb90a27f,ours_l01_s1_pv2_r2_pv3c_eps05_trace-a2e8ab_b16_k8_isolated,isolated,ours,48,9,plan_comm_ms,0.626912,recorder
20260925-072918_perlmutter_cb90a27f,ours_l01_s1_pv2_r2_pv3c_eps05_trace-a2e8ab_b16_k8_isolated,isolated,ours,48,0,place_ms,0.002336,recorder
20260925-072918_perlmutter_cb90a27f,ours_l01_s1_pv2_r2_pv3c_eps05_trace-a2e8ab_b16_k8_isolated,isolated,ours,48,1,place_ms,0.002336,recorder
20260925-072918_perlmutter_cb90a27f,ours_l01_s1_pv2_r2_pv3c_eps05_trace-a2e8ab_b16_k8_isolated,isolated,ours,48,2,place_ms,0.002336,recorder
20260925-072918_perlmutter_cb90a27f,ours_l01_s1_pv2_r2_pv3c_eps05_trace-a2e8ab_b16_k8_isolated,isolated,ours,48,3,place_ms,0.0024,recorder
20260925-072918_perlmutter_cb90a27f,ours_l01_s1_pv2_r2_pv3c_eps05_trace-a2e8ab_b16_k8_isolated,isolated,ours,48,4,place_ms,0.002592,recorder
20260925-072918_perlmutter_cb90a27f,ours_l01_s1_pv2_r2_pv3c_eps05_trace-a2e8ab_b16_k8_isolated,isolated,ours,48,5,place_ms,0.002304,recorder
20260925-072918_perlmutter_cb90a27f,ours_l01_s1_pv2_r2_pv3c_eps05_trace-a2e8ab_b16_k8_isolated,isolated,ours,48,6,place_ms,0.002336,recorder
20260925-072918_perlmutter_cb90a27f,ours_l01_s1_pv2_r2_pv3c_eps05_trace-a2e8ab_b16_k8_isolated,isolated,ours,48,7,place_ms,0.002304,recorder
20260925-072918_perlmutter_cb90a27f,ours_l01_s1_pv2_r2_pv3c_eps05_trace-a2e8ab_b16_k8_isolated,isolated,ours,48,8,place_ms,0.002336,recorder
20260925-072918_perlmutter_cb90a27f,ours_l01_s1_pv2_r2_pv3c_eps05_trace-a2e8ab_b16_k8_isolated,isolated,ours,48,9,place_ms,0.002304,recorder
20260925-072918_perlmutter_cb90a27f,ours_l01_s1_pv2_r2_pv3c_eps05_trace-a2e8ab_b16_k8_isolated,isolated,ours,48,0,plan_ms,1.854976,recorder
20260925-072918_perlmutter_cb90a27f,ours_l01_s1_pv2_r2_pv3c_eps05_trace-a2e8ab_b16_k8_isolated,isolated,ours,48,1,plan_ms,1.896384,recorder
20260925-072918_perlmutter_cb90a27f,ours_l01_s1_pv2_r2_pv3c_eps05_trace-a2e8ab_b16_k8_isolated,isolated,ours,48,2,plan_ms,1.884064,recorder
20260925-072918_perlmutter_cb90a27f,ours_l01_s1_pv2_r2_pv3c_eps05_trace-a2e8ab_b16_k8_isolated,isolated,ours,48,3,plan_ms,1.874592,recorder
20260925-072918_perlmutter_cb90a27f,ours_l01_s1_pv2_r2_pv3c_eps05_trace-a2e8ab_b16_k8_isolated,isolated,ours,48,4,plan_ms,1.861632,recorder
20260925-072918_perlmutter_cb90a27f,ours_l01_s1_pv2_r2_pv3c_eps05_trace-a2e8ab_b16_k8_isolated,isolated,ours,48,5,plan_ms,1.860448,recorder
20260925-072918_perlmutter_cb90a27f,ours_l01_s1_pv2_r2_pv3c_eps05_trace-a2e8ab_b16_k8_isolated,isolated,ours,48,6,plan_ms,1.8208,recorder
20260925-072918_perlmutter_cb90a27f,ours_l01_s1_pv2_r2_pv3c_eps05_trace-a2e8ab_b16_k8_isolated,isolated,ours,48,7,plan_ms,1.868928,recorder
20260925-072918_perlmutter_cb90a27f,ours_l01_s1_pv2_r2_pv3c_eps05_trace-a2e8ab_b16_k8_isolated,isolated,ours,48,8,plan_ms,1.905536,recorder
20260925-072918_perlmutter_cb90a27f,ours_l01_s1_pv2_r2_pv3c_eps05_trace-a2e8ab_b16_k8_isolated,isolated,ours,48,9,plan_ms,1.858208,recorder
20260925-072918_perlmutter_cb90a27f,ours_l01_s1_pv2_r2_pv3c_eps05_trace-a2e8ab_b16_k8_isolated,isolated,ours,48,0,total_ms,501.359619,recorder
20260925-072918_perlmutter_cb90a27f,ours_l01_s1_pv2_r2_pv3c_eps05_trace-a2e8ab_b16_k8_isolated,isolated,ours,48,1,total_ms,350.293884,recorder
20260925-072918_perlmutter_cb90a27f,ours_l01_s1_pv2_r2_pv3c_eps05_trace-a2e8ab_b16_k8_isolated,isolated,ours,48,2,total_ms,22.970495,recorder
20260925-072918_perlmutter_cb90a27f,ours_l01_s1_pv2_r2_pv3c_eps05_trace-a2e8ab_b16_k8_isolated,isolated,ours,48,3,total_ms,501.190094,recorder
20260925-072918_perlmutter_cb90a27f,ours_l01_s1_pv2_r2_pv3c_eps05_trace-a2e8ab_b16_k8_isolated,isolated,ours,48,4,total_ms,442.796967,recorder
20260925-072918_perlmutter_cb90a27f,ours_l01_s1_pv2_r2_pv3c_eps05_trace-a2e8ab_b16_k8_isolated,isolated,ours,48,5,total_ms,25.404385,recorder
20260925-072918_perlmutter_cb90a27f,ours_l01_s1_pv2_r2_pv3c_eps05_trace-a2e8ab_b16_k8_isolated,isolated,ours,48,6,total_ms,24.383841,recorder
20260925-072918_perlmutter_cb90a27f,ours_l01_s1_pv2_r2_pv3c_eps05_trace-a2e8ab_b16_k8_isolated,isolated,ours,48,7,total_ms,495.52359,recorder
20260925-072918_perlmutter_cb90a27f,ours_l01_s1_pv2_r2_pv3c_eps05_trace-a2e8ab_b16_k8_isolated,isolated,ours,48,8,total_ms,22.834784,recorder
20260925-072918_perlmutter_cb90a27f,ours_l01_s1_pv2_r2_pv3c_eps05_trace-a2e8ab_b16_k8_isolated,isolated,ours,48,9,total_ms,352.216217,recorder
20260925-072918_perlmutter_cb90a27f,ours_l01_s1_pv2_r2_pv3c_eps05_trace-a2e8ab_b16_k8_isolated,isolated,ours,48,0,iso_sync_ms,19.455895,recorder
20260925-072918_perlmutter_cb90a27f,ours_l01_s1_pv2_r2_pv3c_eps05_trace-a2e8ab_b16_k8_isolated,isolated,ours,48,1,iso_sync_ms,498.463587,recorder
20260925-072918_perlmutter_cb90a27f,ours_l01_s1_pv2_r2_pv3c_eps05_trace-a2e8ab_b16_k8_isolated,isolated,ours,48,2,iso_sync_ms,346.64601,recorder
20260925-072918_perlmutter_cb90a27f,ours_l01_s1_pv2_r2_pv3c_eps05_trace-a2e8ab_b16_k8_isolated,isolated,ours,48,3,iso_sync_ms,18.32987,recorder
20260925-072918_perlmutter_cb90a27f,ours_l01_s1_pv2_r2_pv3c_eps05_trace-a2e8ab_b16_k8_isolated,isolated,ours,48,4,iso_sync_ms,497.575996,recorder
20260925-072918_perlmutter_cb90a27f,ours_l01_s1_pv2_r2_pv3c_eps05_trace-a2e8ab_b16_k8_isolated,isolated,ours,48,5,iso_sync_ms,438.833136,recorder
20260925-072918_perlmutter_cb90a27f,ours_l01_s1_pv2_r2_pv3c_eps05_trace-a2e8ab_b16_k8_isolated,isolated,ours,48,6,iso_sync_ms,20.795963,recorder
20260925-072918_perlmutter_cb90a27f,ours_l01_s1_pv2_r2_pv3c_eps05_trace-a2e8ab_b16_k8_isolated,isolated,ours,48,7,iso_sync_ms,20.359787,recorder
20260925-072918_perlmutter_cb90a27f,ours_l01_s1_pv2_r2_pv3c_eps05_trace-a2e8ab_b16_k8_isolated,isolated,ours,48,8,iso_sync_ms,492.012305,recorder
20260925-072918_perlmutter_cb90a27f,ours_l01_s1_pv2_r2_pv3c_eps05_trace-a2e8ab_b16_k8_isolated,isolated,ours,48,9,iso_sync_ms,18.575146,recorder
20260925-072918_perlmutter_cb90a27f,ours_l01_s1_pv2_r2_pv3c_eps05_trace-a2e8ab_b16_k8_isolated,isolated,ours,49,0,e2e_ms,498.768555,recorder
20260925-072918_perlmutter_cb90a27f,ours_l01_s1_pv2_r2_pv3c_eps05_trace-a2e8ab_b16_k8_isolated,isolated,ours,49,1,e2e_ms,347.64502,recorder
20260925-072918_perlmutter_cb90a27f,ours_l01_s1_pv2_r2_pv3c_eps05_trace-a2e8ab_b16_k8_isolated,isolated,ours,49,2,e2e_ms,20.295744,recorder
20260925-072918_perlmutter_cb90a27f,ours_l01_s1_pv2_r2_pv3c_eps05_trace-a2e8ab_b16_k8_isolated,isolated,ours,49,3,e2e_ms,498.74585,recorder
20260925-072918_perlmutter_cb90a27f,ours_l01_s1_pv2_r2_pv3c_eps05_trace-a2e8ab_b16_k8_isolated,isolated,ours,49,4,e2e_ms,440.200439,recorder
20260925-072918_perlmutter_cb90a27f,ours_l01_s1_pv2_r2_pv3c_eps05_trace-a2e8ab_b16_k8_isolated,isolated,ours,49,5,e2e_ms,22.662752,recorder
20260925-072918_perlmutter_cb90a27f,ours_l01_s1_pv2_r2_pv3c_eps05_trace-a2e8ab_b16_k8_isolated,isolated,ours,49,6,e2e_ms,21.906048,recorder
20260925-072918_perlmutter_cb90a27f,ours_l01_s1_pv2_r2_pv3c_eps05_trace-a2e8ab_b16_k8_isolated,isolated,ours,49,7,e2e_ms,492.97345,recorder
20260925-072918_perlmutter_cb90a27f,ours_l01_s1_pv2_r2_pv3c_eps05_trace-a2e8ab_b16_k8_isolated,isolated,ours,49,8,e2e_ms,20.011393,recorder
20260925-072918_perlmutter_cb90a27f,ours_l01_s1_pv2_r2_pv3c_eps05_trace-a2e8ab_b16_k8_isolated,isolated,ours,49,9,e2e_ms,349.662415,recorder
20260925-072918_perlmutter_cb90a27f,ours_l01_s1_pv2_r2_pv3c_eps05_trace-a2e8ab_b16_k8_isolated,isolated,ours,49,0,l0_ms,10.67104,recorder
20260925-072918_perlmutter_cb90a27f,ours_l01_s1_pv2_r2_pv3c_eps05_trace-a2e8ab_b16_k8_isolated,isolated,ours,49,1,l0_ms,10.632192,recorder
20260925-072918_perlmutter_cb90a27f,ours_l01_s1_pv2_r2_pv3c_eps05_trace-a2e8ab_b16_k8_isolated,isolated,ours,49,2,l0_ms,10.580864,recorder
20260925-072918_perlmutter_cb90a27f,ours_l01_s1_pv2_r2_pv3c_eps05_trace-a2e8ab_b16_k8_isolated,isolated,ours,49,3,l0_ms,12.000896,recorder
20260925-072918_perlmutter_cb90a27f,ours_l01_s1_pv2_r2_pv3c_eps05_trace-a2e8ab_b16_k8_isolated,isolated,ours,49,4,l0_ms,12.018656,recorder
20260925-072918_perlmutter_cb90a27f,ours_l01_s1_pv2_r2_pv3c_eps05_trace-a2e8ab_b16_k8_isolated,isolated,ours,49,5,l0_ms,11.235872,recorder
20260925-072918_perlmutter_cb90a27f,ours_l01_s1_pv2_r2_pv3c_eps05_trace-a2e8ab_b16_k8_isolated,isolated,ours,49,6,l0_ms,11.525952,recorder
20260925-072918_perlmutter_cb90a27f,ours_l01_s1_pv2_r2_pv3c_eps05_trace-a2e8ab_b16_k8_isolated,isolated,ours,49,7,l0_ms,9.778656,recorder
20260925-072918_perlmutter_cb90a27f,ours_l01_s1_pv2_r2_pv3c_eps05_trace-a2e8ab_b16_k8_isolated,isolated,ours,49,8,l0_ms,10.21696,recorder
20260925-072918_perlmutter_cb90a27f,ours_l01_s1_pv2_r2_pv3c_eps05_trace-a2e8ab_b16_k8_isolated,isolated,ours,49,9,l0_ms,10.454976,recorder
20260925-072918_perlmutter_cb90a27f,ours_l01_s1_pv2_r2_pv3c_eps05_trace-a2e8ab_b16_k8_isolated,isolated,ours,49,0,act_ms,0.072864,recorder
20260925-072918_perlmutter_cb90a27f,ours_l01_s1_pv2_r2_pv3c_eps05_trace-a2e8ab_b16_k8_isolated,isolated,ours,49,1,act_ms,0.076096,recorder
20260925-072918_perlmutter_cb90a27f,ours_l01_s1_pv2_r2_pv3c_eps05_trace-a2e8ab_b16_k8_isolated,isolated,ours,49,2,act_ms,0.075232,recorder
20260925-072918_perlmutter_cb90a27f,ours_l01_s1_pv2_r2_pv3c_eps05_trace-a2e8ab_b16_k8_isolated,isolated,ours,49,3,act_ms,0.075872,recorder
20260925-072918_perlmutter_cb90a27f,ours_l01_s1_pv2_r2_pv3c_eps05_trace-a2e8ab_b16_k8_isolated,isolated,ours,49,4,act_ms,0.077344,recorder
20260925-072918_perlmutter_cb90a27f,ours_l01_s1_pv2_r2_pv3c_eps05_trace-a2e8ab_b16_k8_isolated,isolated,ours,49,5,act_ms,0.076736,recorder
20260925-072918_perlmutter_cb90a27f,ours_l01_s1_pv2_r2_pv3c_eps05_trace-a2e8ab_b16_k8_isolated,isolated,ours,49,6,act_ms,0.08448,recorder
20260925-072918_perlmutter_cb90a27f,ours_l01_s1_pv2_r2_pv3c_eps05_trace-a2e8ab_b16_k8_isolated,isolated,ours,49,7,act_ms,0.070496,recorder
20260925-072918_perlmutter_cb90a27f,ours_l01_s1_pv2_r2_pv3c_eps05_trace-a2e8ab_b16_k8_isolated,isolated,ours,49,8,act_ms,0.08656,recorder
20260925-072918_perlmutter_cb90a27f,ours_l01_s1_pv2_r2_pv3c_eps05_trace-a2e8ab_b16_k8_isolated,isolated,ours,49,9,act_ms,0.07392,recorder
20260925-072918_perlmutter_cb90a27f,ours_l01_s1_pv2_r2_pv3c_eps05_trace-a2e8ab_b16_k8_isolated,isolated,ours,49,0,l1_ms,488.024628,recorder
20260925-072918_perlmutter_cb90a27f,ours_l01_s1_pv2_r2_pv3c_eps05_trace-a2e8ab_b16_k8_isolated,isolated,ours,49,1,l1_ms,336.936737,recorder
20260925-072918_perlmutter_cb90a27f,ours_l01_s1_pv2_r2_pv3c_eps05_trace-a2e8ab_b16_k8_isolated,isolated,ours,49,2,l1_ms,9.639648,recorder
20260925-072918_perlmutter_cb90a27f,ours_l01_s1_pv2_r2_pv3c_eps05_trace-a2e8ab_b16_k8_isolated,isolated,ours,49,3,l1_ms,486.669098,recorder
20260925-072918_perlmutter_cb90a27f,ours_l01_s1_pv2_r2_pv3c_eps05_trace-a2e8ab_b16_k8_isolated,isolated,ours,49,4,l1_ms,428.104462,recorder
20260925-072918_perlmutter_cb90a27f,ours_l01_s1_pv2_r2_pv3c_eps05_trace-a2e8ab_b16_k8_isolated,isolated,ours,49,5,l1_ms,11.350144,recorder
20260925-072918_perlmutter_cb90a27f,ours_l01_s1_pv2_r2_pv3c_eps05_trace-a2e8ab_b16_k8_isolated,isolated,ours,49,6,l1_ms,10.295616,recorder
20260925-072918_perlmutter_cb90a27f,ours_l01_s1_pv2_r2_pv3c_eps05_trace-a2e8ab_b16_k8_isolated,isolated,ours,49,7,l1_ms,483.124298,recorder
20260925-072918_perlmutter_cb90a27f,ours_l01_s1_pv2_r2_pv3c_eps05_trace-a2e8ab_b16_k8_isolated,isolated,ours,49,8,l1_ms,9.707872,recorder
20260925-072918_perlmutter_cb90a27f,ours_l01_s1_pv2_r2_pv3c_eps05_trace-a2e8ab_b16_k8_isolated,isolated,ours,49,9,l1_ms,339.133514,recorder
20260925-072918_perlmutter_cb90a27f,ours_l01_s1_pv2_r2_pv3c_eps05_trace-a2e8ab_b16_k8_isolated,isolated,ours,49,0,plan_comm_ms,0.592,recorder
20260925-072918_perlmutter_cb90a27f,ours_l01_s1_pv2_r2_pv3c_eps05_trace-a2e8ab_b16_k8_isolated,isolated,ours,49,1,plan_comm_ms,0.669696,recorder
20260925-072918_perlmutter_cb90a27f,ours_l01_s1_pv2_r2_pv3c_eps05_trace-a2e8ab_b16_k8_isolated,isolated,ours,49,2,plan_comm_ms,0.870944,recorder
20260925-072918_perlmutter_cb90a27f,ours_l01_s1_pv2_r2_pv3c_eps05_trace-a2e8ab_b16_k8_isolated,isolated,ours,49,3,plan_comm_ms,0.600768,recorder
20260925-072918_perlmutter_cb90a27f,ours_l01_s1_pv2_r2_pv3c_eps05_trace-a2e8ab_b16_k8_isolated,isolated,ours,49,4,plan_comm_ms,0.696992,recorder
20260925-072918_perlmutter_cb90a27f,ours_l01_s1_pv2_r2_pv3c_eps05_trace-a2e8ab_b16_k8_isolated,isolated,ours,49,5,plan_comm_ms,0.88272,recorder
20260925-072918_perlmutter_cb90a27f,ours_l01_s1_pv2_r2_pv3c_eps05_trace-a2e8ab_b16_k8_isolated,isolated,ours,49,6,plan_comm_ms,0.620448,recorder
20260925-072918_perlmutter_cb90a27f,ours_l01_s1_pv2_r2_pv3c_eps05_trace-a2e8ab_b16_k8_isolated,isolated,ours,49,7,plan_comm_ms,0.681504,recorder
20260925-072918_perlmutter_cb90a27f,ours_l01_s1_pv2_r2_pv3c_eps05_trace-a2e8ab_b16_k8_isolated,isolated,ours,49,8,plan_comm_ms,0.82768,recorder
20260925-072918_perlmutter_cb90a27f,ours_l01_s1_pv2_r2_pv3c_eps05_trace-a2e8ab_b16_k8_isolated,isolated,ours,49,9,plan_comm_ms,0.636704,recorder
20260925-072918_perlmutter_cb90a27f,ours_l01_s1_pv2_r2_pv3c_eps05_trace-a2e8ab_b16_k8_isolated,isolated,ours,49,0,place_ms,0.002336,recorder
20260925-072918_perlmutter_cb90a27f,ours_l01_s1_pv2_r2_pv3c_eps05_trace-a2e8ab_b16_k8_isolated,isolated,ours,49,1,place_ms,0.002368,recorder
20260925-072918_perlmutter_cb90a27f,ours_l01_s1_pv2_r2_pv3c_eps05_trace-a2e8ab_b16_k8_isolated,isolated,ours,49,2,place_ms,0.002336,recorder
20260925-072918_perlmutter_cb90a27f,ours_l01_s1_pv2_r2_pv3c_eps05_trace-a2e8ab_b16_k8_isolated,isolated,ours,49,3,place_ms,0.002336,recorder
20260925-072918_perlmutter_cb90a27f,ours_l01_s1_pv2_r2_pv3c_eps05_trace-a2e8ab_b16_k8_isolated,isolated,ours,49,4,place_ms,0.002336,recorder
20260925-072918_perlmutter_cb90a27f,ours_l01_s1_pv2_r2_pv3c_eps05_trace-a2e8ab_b16_k8_isolated,isolated,ours,49,5,place_ms,0.002336,recorder
20260925-072918_perlmutter_cb90a27f,ours_l01_s1_pv2_r2_pv3c_eps05_trace-a2e8ab_b16_k8_isolated,isolated,ours,49,6,place_ms,0.002336,recorder
20260925-072918_perlmutter_cb90a27f,ours_l01_s1_pv2_r2_pv3c_eps05_trace-a2e8ab_b16_k8_isolated,isolated,ours,49,7,place_ms,0.002304,recorder
20260925-072918_perlmutter_cb90a27f,ours_l01_s1_pv2_r2_pv3c_eps05_trace-a2e8ab_b16_k8_isolated,isolated,ours,49,8,place_ms,0.002336,recorder
20260925-072918_perlmutter_cb90a27f,ours_l01_s1_pv2_r2_pv3c_eps05_trace-a2e8ab_b16_k8_isolated,isolated,ours,49,9,place_ms,0.002304,recorder
20260925-072918_perlmutter_cb90a27f,ours_l01_s1_pv2_r2_pv3c_eps05_trace-a2e8ab_b16_k8_isolated,isolated,ours,49,0,plan_ms,1.890848,recorder
20260925-072918_perlmutter_cb90a27f,ours_l01_s1_pv2_r2_pv3c_eps05_trace-a2e8ab_b16_k8_isolated,isolated,ours,49,1,plan_ms,1.961536,recorder
20260925-072918_perlmutter_cb90a27f,ours_l01_s1_pv2_r2_pv3c_eps05_trace-a2e8ab_b16_k8_isolated,isolated,ours,49,2,plan_ms,1.892192,recorder
20260925-072918_perlmutter_cb90a27f,ours_l01_s1_pv2_r2_pv3c_eps05_trace-a2e8ab_b16_k8_isolated,isolated,ours,49,3,plan_ms,1.90176,recorder
20260925-072918_perlmutter_cb90a27f,ours_l01_s1_pv2_r2_pv3c_eps05_trace-a2e8ab_b16_k8_isolated,isolated,ours,49,4,plan_ms,1.903872,recorder
20260925-072918_perlmutter_cb90a27f,ours_l01_s1_pv2_r2_pv3c_eps05_trace-a2e8ab_b16_k8_isolated,isolated,ours,49,5,plan_ms,1.88976,recorder
20260925-072918_perlmutter_cb90a27f,ours_l01_s1_pv2_r2_pv3c_eps05_trace-a2e8ab_b16_k8_isolated,isolated,ours,49,6,plan_ms,1.848128,recorder
20260925-072918_perlmutter_cb90a27f,ours_l01_s1_pv2_r2_pv3c_eps05_trace-a2e8ab_b16_k8_isolated,isolated,ours,49,7,plan_ms,1.915328,recorder
20260925-072918_perlmutter_cb90a27f,ours_l01_s1_pv2_r2_pv3c_eps05_trace-a2e8ab_b16_k8_isolated,isolated,ours,49,8,plan_ms,1.991232,recorder
20260925-072918_perlmutter_cb90a27f,ours_l01_s1_pv2_r2_pv3c_eps05_trace-a2e8ab_b16_k8_isolated,isolated,ours,49,9,plan_ms,1.90064,recorder
20260925-072918_perlmutter_cb90a27f,ours_l01_s1_pv2_r2_pv3c_eps05_trace-a2e8ab_b16_k8_isolated,isolated,ours,49,0,total_ms,501.26355,recorder
20260925-072918_perlmutter_cb90a27f,ours_l01_s1_pv2_r2_pv3c_eps05_trace-a2e8ab_b16_k8_isolated,isolated,ours,49,1,total_ms,350.288635,recorder
20260925-072918_perlmutter_cb90a27f,ours_l01_s1_pv2_r2_pv3c_eps05_trace-a2e8ab_b16_k8_isolated,isolated,ours,49,2,total_ms,23.070976,recorder
20260925-072918_perlmutter_cb90a27f,ours_l01_s1_pv2_r2_pv3c_eps05_trace-a2e8ab_b16_k8_isolated,isolated,ours,49,3,total_ms,501.26059,recorder
20260925-072918_perlmutter_cb90a27f,ours_l01_s1_pv2_r2_pv3c_eps05_trace-a2e8ab_b16_k8_isolated,isolated,ours,49,4,total_ms,442.813599,recorder
20260925-072918_perlmutter_cb90a27f,ours_l01_s1_pv2_r2_pv3c_eps05_trace-a2e8ab_b16_k8_isolated,isolated,ours,49,5,total_ms,25.447392,recorder
20260925-072918_perlmutter_cb90a27f,ours_l01_s1_pv2_r2_pv3c_eps05_trace-a2e8ab_b16_k8_isolated,isolated,ours,49,6,total_ms,24.386047,recorder
20260925-072918_perlmutter_cb90a27f,ours_l01_s1_pv2_r2_pv3c_eps05_trace-a2e8ab_b16_k8_isolated,isolated,ours,49,7,total_ms,495.581879,recorder
20260925-072918_perlmutter_cb90a27f,ours_l01_s1_pv2_r2_pv3c_eps05_trace-a2e8ab_b16_k8_isolated,isolated,ours,49,8,total_ms,22.842049,recorder
20260925-072918_perlmutter_cb90a27f,ours_l01_s1_pv2_r2_pv3c_eps05_trace-a2e8ab_b16_k8_isolated,isolated,ours,49,9,total_ms,352.21106,recorder
20260925-072918_perlmutter_cb90a27f,ours_l01_s1_pv2_r2_pv3c_eps05_trace-a2e8ab_b16_k8_isolated,isolated,ours,49,0,iso_sync_ms,19.447578,recorder
20260925-072918_perlmutter_cb90a27f,ours_l01_s1_pv2_r2_pv3c_eps05_trace-a2e8ab_b16_k8_isolated,isolated,ours,49,1,iso_sync_ms,498.459449,recorder
20260925-072918_perlmutter_cb90a27f,ours_l01_s1_pv2_r2_pv3c_eps05_trace-a2e8ab_b16_k8_isolated,isolated,ours,49,2,iso_sync_ms,346.325199,recorder
20260925-072918_perlmutter_cb90a27f,ours_l01_s1_pv2_r2_pv3c_eps05_trace-a2e8ab_b16_k8_isolated,isolated,ours,49,3,iso_sync_ms,18.756909,recorder
20260925-072918_perlmutter_cb90a27f,ours_l01_s1_pv2_r2_pv3c_eps05_trace-a2e8ab_b16_k8_isolated,isolated,ours,49,4,iso_sync_ms,497.610964,recorder
20260925-072918_perlmutter_cb90a27f,ours_l01_s1_pv2_r2_pv3c_eps05_trace-a2e8ab_b16_k8_isolated,isolated,ours,49,5,iso_sync_ms,438.832735,recorder
20260925-072918_perlmutter_cb90a27f,ours_l01_s1_pv2_r2_pv3c_eps05_trace-a2e8ab_b16_k8_isolated,isolated,ours,49,6,iso_sync_ms,21.053222,recorder
20260925-072918_perlmutter_cb90a27f,ours_l01_s1_pv2_r2_pv3c_eps05_trace-a2e8ab_b16_k8_isolated,isolated,ours,49,7,iso_sync_ms,20.377101,recorder
20260925-072918_perlmutter_cb90a27f,ours_l01_s1_pv2_r2_pv3c_eps05_trace-a2e8ab_b16_k8_isolated,isolated,ours,49,8,iso_sync_ms,491.917841,recorder
20260925-072918_perlmutter_cb90a27f,ours_l01_s1_pv2_r2_pv3c_eps05_trace-a2e8ab_b16_k8_isolated,isolated,ours,49,9,iso_sync_ms,17.703276,recorder
20260925-072918_perlmutter_cb90a27f,ours_l01_s1_pv2_r2_pv3c_eps05_trace-a2e8ab_b16_k8_isolated,isolated,ours,50,0,e2e_ms,498.789062,recorder
20260925-072918_perlmutter_cb90a27f,ours_l01_s1_pv2_r2_pv3c_eps05_trace-a2e8ab_b16_k8_isolated,isolated,ours,50,1,e2e_ms,347.712402,recorder
20260925-072918_perlmutter_cb90a27f,ours_l01_s1_pv2_r2_pv3c_eps05_trace-a2e8ab_b16_k8_isolated,isolated,ours,50,2,e2e_ms,20.268127,recorder
20260925-072918_perlmutter_cb90a27f,ours_l01_s1_pv2_r2_pv3c_eps05_trace-a2e8ab_b16_k8_isolated,isolated,ours,50,3,e2e_ms,498.676605,recorder
20260925-072918_perlmutter_cb90a27f,ours_l01_s1_pv2_r2_pv3c_eps05_trace-a2e8ab_b16_k8_isolated,isolated,ours,50,4,e2e_ms,440.137848,recorder
20260925-072918_perlmutter_cb90a27f,ours_l01_s1_pv2_r2_pv3c_eps05_trace-a2e8ab_b16_k8_isolated,isolated,ours,50,5,e2e_ms,22.617567,recorder
20260925-072918_perlmutter_cb90a27f,ours_l01_s1_pv2_r2_pv3c_eps05_trace-a2e8ab_b16_k8_isolated,isolated,ours,50,6,e2e_ms,21.886463,recorder
20260925-072918_perlmutter_cb90a27f,ours_l01_s1_pv2_r2_pv3c_eps05_trace-a2e8ab_b16_k8_isolated,isolated,ours,50,7,e2e_ms,492.920349,recorder
20260925-072918_perlmutter_cb90a27f,ours_l01_s1_pv2_r2_pv3c_eps05_trace-a2e8ab_b16_k8_isolated,isolated,ours,50,8,e2e_ms,20.067743,recorder
20260925-072918_perlmutter_cb90a27f,ours_l01_s1_pv2_r2_pv3c_eps05_trace-a2e8ab_b16_k8_isolated,isolated,ours,50,9,e2e_ms,349.687897,recorder
20260925-072918_perlmutter_cb90a27f,ours_l01_s1_pv2_r2_pv3c_eps05_trace-a2e8ab_b16_k8_isolated,isolated,ours,50,0,l0_ms,10.66688,recorder
20260925-072918_perlmutter_cb90a27f,ours_l01_s1_pv2_r2_pv3c_eps05_trace-a2e8ab_b16_k8_isolated,isolated,ours,50,1,l0_ms,10.673984,recorder
20260925-072918_perlmutter_cb90a27f,ours_l01_s1_pv2_r2_pv3c_eps05_trace-a2e8ab_b16_k8_isolated,isolated,ours,50,2,l0_ms,10.568992,recorder
20260925-072918_perlmutter_cb90a27f,ours_l01_s1_pv2_r2_pv3c_eps05_trace-a2e8ab_b16_k8_isolated,isolated,ours,50,3,l0_ms,11.99648,recorder
20260925-072918_perlmutter_cb90a27f,ours_l01_s1_pv2_r2_pv3c_eps05_trace-a2e8ab_b16_k8_isolated,isolated,ours,50,4,l0_ms,11.98992,recorder
20260925-072918_perlmutter_cb90a27f,ours_l01_s1_pv2_r2_pv3c_eps05_trace-a2e8ab_b16_k8_isolated,isolated,ours,50,5,l0_ms,11.1728,recorder
20260925-072918_perlmutter_cb90a27f,ours_l01_s1_pv2_r2_pv3c_eps05_trace-a2e8ab_b16_k8_isolated,isolated,ours,50,6,l0_ms,11.494752,recorder
20260925-072918_perlmutter_cb90a27f,ours_l01_s1_pv2_r2_pv3c_eps05_trace-a2e8ab_b16_k8_isolated,isolated,ours,50,7,l0_ms,9.786016,recorder
20260925-072918_perlmutter_cb90a27f,ours_l01_s1_pv2_r2_pv3c_eps05_trace-a2e8ab_b16_k8_isolated,isolated,ours,50,8,l0_ms,10.03792,recorder
20260925-072918_perlmutter_cb90a27f,ours_l01_s1_pv2_r2_pv3c_eps05_trace-a2e8ab_b16_k8_isolated,isolated,ours,50,9,l0_ms,10.468416,recorder
20260925-072918_perlmutter_cb90a27f,ours_l01_s1_pv2_r2_pv3c_eps05_trace-a2e8ab_b16_k8_isolated,isolated,ours,50,0,act_ms,0.110688,recorder
20260925-072918_perlmutter_cb90a27f,ours_l01_s1_pv2_r2_pv3c_eps05_trace-a2e8ab_b16_k8_isolated,isolated,ours,50,1,act_ms,0.110528,recorder
20260925-072918_perlmutter_cb90a27f,ours_l01_s1_pv2_r2_pv3c_eps05_trace-a2e8ab_b16_k8_isolated,isolated,ours,50,2,act_ms,0.1224,recorder
20260925-072918_perlmutter_cb90a27f,ours_l01_s1_pv2_r2_pv3c_eps05_trace-a2e8ab_b16_k8_isolated,isolated,ours,50,3,act_ms,0.115904,recorder
20260925-072918_perlmutter_cb90a27f,ours_l01_s1_pv2_r2_pv3c_eps05_trace-a2e8ab_b16_k8_isolated,isolated,ours,50,4,act_ms,0.109184,recorder
20260925-072918_perlmutter_cb90a27f,ours_l01_s1_pv2_r2_pv3c_eps05_trace-a2e8ab_b16_k8_isolated,isolated,ours,50,5,act_ms,0.111136,recorder
20260925-072918_perlmutter_cb90a27f,ours_l01_s1_pv2_r2_pv3c_eps05_trace-a2e8ab_b16_k8_isolated,isolated,ours,50,6,act_ms,0.115136,recorder
20260925-072918_perlmutter_cb90a27f,ours_l01_s1_pv2_r2_pv3c_eps05_trace-a2e8ab_b16_k8_isolated,isolated,ours,50,7,act_ms,0.125216,recorder
20260925-072918_perlmutter_cb90a27f,ours_l01_s1_pv2_r2_pv3c_eps05_trace-a2e8ab_b16_k8_isolated,isolated,ours,50,8,act_ms,0.124896,recorder
20260925-072918_perlmutter_cb90a27f,ours_l01_s1_pv2_r2_pv3c_eps05_trace-a2e8ab_b16_k8_isolated,isolated,ours,50,9,act_ms,0.11424,recorder
20260925-072918_perlmutter_cb90a27f,ours_l01_s1_pv2_r2_pv3c_eps05_trace-a2e8ab_b16_k8_isolated,isolated,ours,50,0,l1_ms,488.011475,recorder
20260925-072918_perlmutter_cb90a27f,ours_l01_s1_pv2_r2_pv3c_eps05_trace-a2e8ab_b16_k8_isolated,isolated,ours,50,1,l1_ms,336.927917,recorder
20260925-072918_perlmutter_cb90a27f,ours_l01_s1_pv2_r2_pv3c_eps05_trace-a2e8ab_b16_k8_isolated,isolated,ours,50,2,l1_ms,9.576736,recorder
20260925-072918_perlmutter_cb90a27f,ours_l01_s1_pv2_r2_pv3c_eps05_trace-a2e8ab_b16_k8_isolated,isolated,ours,50,3,l1_ms,486.564209,recorder
20260925-072918_perlmutter_cb90a27f,ours_l01_s1_pv2_r2_pv3c_eps05_trace-a2e8ab_b16_k8_isolated,isolated,ours,50,4,l1_ms,428.038757,recorder
20260925-072918_perlmutter_cb90a27f,ours_l01_s1_pv2_r2_pv3c_eps05_trace-a2e8ab_b16_k8_isolated,isolated,ours,50,5,l1_ms,11.333632,recorder
20260925-072918_perlmutter_cb90a27f,ours_l01_s1_pv2_r2_pv3c_eps05_trace-a2e8ab_b16_k8_isolated,isolated,ours,50,6,l1_ms,10.276576,recorder
20260925-072918_perlmutter_cb90a27f,ours_l01_s1_pv2_r2_pv3c_eps05_trace-a2e8ab_b16_k8_isolated,isolated,ours,50,7,l1_ms,483.009125,recorder
20260925-072918_perlmutter_cb90a27f,ours_l01_s1_pv2_r2_pv3c_eps05_trace-a2e8ab_b16_k8_isolated,isolated,ours,50,8,l1_ms,9.904928,recorder
20260925-072918_perlmutter_cb90a27f,ours_l01_s1_pv2_r2_pv3c_eps05_trace-a2e8ab_b16_k8_isolated,isolated,ours,50,9,l1_ms,339.105255,recorder
20260925-072918_perlmutter_cb90a27f,ours_l01_s1_pv2_r2_pv3c_eps05_trace-a2e8ab_b16_k8_isolated,isolated,ours,50,0,plan_comm_ms,0.587008,recorder
20260925-072918_perlmutter_cb90a27f,ours_l01_s1_pv2_r2_pv3c_eps05_trace-a2e8ab_b16_k8_isolated,isolated,ours,50,1,plan_comm_ms,0.88464,recorder
20260925-072918_perlmutter_cb90a27f,ours_l01_s1_pv2_r2_pv3c_eps05_trace-a2e8ab_b16_k8_isolated,isolated,ours,50,2,plan_comm_ms,0.86672,recorder
20260925-072918_perlmutter_cb90a27f,ours_l01_s1_pv2_r2_pv3c_eps05_trace-a2e8ab_b16_k8_isolated,isolated,ours,50,3,plan_comm_ms,0.59856,recorder
20260925-072918_perlmutter_cb90a27f,ours_l01_s1_pv2_r2_pv3c_eps05_trace-a2e8ab_b16_k8_isolated,isolated,ours,50,4,plan_comm_ms,0.503296,recorder
20260925-072918_perlmutter_cb90a27f,ours_l01_s1_pv2_r2_pv3c_eps05_trace-a2e8ab_b16_k8_isolated,isolated,ours,50,5,plan_comm_ms,0.68928,recorder
20260925-072918_perlmutter_cb90a27f,ours_l01_s1_pv2_r2_pv3c_eps05_trace-a2e8ab_b16_k8_isolated,isolated,ours,50,6,plan_comm_ms,0.612032,recorder
20260925-072918_perlmutter_cb90a27f,ours_l01_s1_pv2_r2_pv3c_eps05_trace-a2e8ab_b16_k8_isolated,isolated,ours,50,7,plan_comm_ms,0.679776,recorder
20260925-072918_perlmutter_cb90a27f,ours_l01_s1_pv2_r2_pv3c_eps05_trace-a2e8ab_b16_k8_isolated,isolated,ours,50,8,plan_comm_ms,0.944256,recorder
20260925-072918_perlmutter_cb90a27f,ours_l01_s1_pv2_r2_pv3c_eps05_trace-a2e8ab_b16_k8_isolated,isolated,ours,50,9,plan_comm_ms,0.633216,recorder
20260925-072918_perlmutter_cb90a27f,ours_l01_s1_pv2_r2_pv3c_eps05_trace-a2e8ab_b16_k8_isolated,isolated,ours,50,0,place_ms,0.002304,recorder
20260925-072918_perlmutter_cb90a27f,ours_l01_s1_pv2_r2_pv3c_eps05_trace-a2e8ab_b16_k8_isolated,isolated,ours,50,1,place_ms,0.002336,recorder
20260925-072918_perlmutter_cb90a27f,ours_l01_s1_pv2_r2_pv3c_eps05_trace-a2e8ab_b16_k8_isolated,isolated,ours,50,2,place_ms,0.002336,recorder
20260925-072918_perlmutter_cb90a27f,ours_l01_s1_pv2_r2_pv3c_eps05_trace-a2e8ab_b16_k8_isolated,isolated,ours,50,3,place_ms,0.002368,recorder
20260925-072918_perlmutter_cb90a27f,ours_l01_s1_pv2_r2_pv3c_eps05_trace-a2e8ab_b16_k8_isolated,isolated,ours,50,4,place_ms,0.002336,recorder
20260925-072918_perlmutter_cb90a27f,ours_l01_s1_pv2_r2_pv3c_eps05_trace-a2e8ab_b16_k8_isolated,isolated,ours,50,5,place_ms,0.002336,recorder
20260925-072918_perlmutter_cb90a27f,ours_l01_s1_pv2_r2_pv3c_eps05_trace-a2e8ab_b16_k8_isolated,isolated,ours,50,6,place_ms,0.002624,recorder
20260925-072918_perlmutter_cb90a27f,ours_l01_s1_pv2_r2_pv3c_eps05_trace-a2e8ab_b16_k8_isolated,isolated,ours,50,7,place_ms,0.002336,recorder
20260925-072918_perlmutter_cb90a27f,ours_l01_s1_pv2_r2_pv3c_eps05_trace-a2e8ab_b16_k8_isolated,isolated,ours,50,8,place_ms,0.002336,recorder
20260925-072918_perlmutter_cb90a27f,ours_l01_s1_pv2_r2_pv3c_eps05_trace-a2e8ab_b16_k8_isolated,isolated,ours,50,9,place_ms,0.002336,recorder
20260925-072918_perlmutter_cb90a27f,ours_l01_s1_pv2_r2_pv3c_eps05_trace-a2e8ab_b16_k8_isolated,isolated,ours,50,0,plan_ms,1.906816,recorder
20260925-072918_perlmutter_cb90a27f,ours_l01_s1_pv2_r2_pv3c_eps05_trace-a2e8ab_b16_k8_isolated,isolated,ours,50,1,plan_ms,1.922528,recorder
20260925-072918_perlmutter_cb90a27f,ours_l01_s1_pv2_r2_pv3c_eps05_trace-a2e8ab_b16_k8_isolated,isolated,ours,50,2,plan_ms,1.915424,recorder
20260925-072918_perlmutter_cb90a27f,ours_l01_s1_pv2_r2_pv3c_eps05_trace-a2e8ab_b16_k8_isolated,isolated,ours,50,3,plan_ms,1.915008,recorder
20260925-072918_perlmutter_cb90a27f,ours_l01_s1_pv2_r2_pv3c_eps05_trace-a2e8ab_b16_k8_isolated,isolated,ours,50,4,plan_ms,1.94224,recorder
20260925-072918_perlmutter_cb90a27f,ours_l01_s1_pv2_r2_pv3c_eps05_trace-a2e8ab_b16_k8_isolated,isolated,ours,50,5,plan_ms,1.94384,recorder
20260925-072918_perlmutter_cb90a27f,ours_l01_s1_pv2_r2_pv3c_eps05_trace-a2e8ab_b16_k8_isolated,isolated,ours,50,6,plan_ms,1.87888,recorder
20260925-072918_perlmutter_cb90a27f,ours_l01_s1_pv2_r2_pv3c_eps05_trace-a2e8ab_b16_k8_isolated,isolated,ours,50,7,plan_ms,1.909472,recorder
20260925-072918_perlmutter_cb90a27f,ours_l01_s1_pv2_r2_pv3c_eps05_trace-a2e8ab_b16_k8_isolated,isolated,ours,50,8,plan_ms,1.937504,recorder
20260925-072918_perlmutter_cb90a27f,ours_l01_s1_pv2_r2_pv3c_eps05_trace-a2e8ab_b16_k8_isolated,isolated,ours,50,9,plan_ms,1.906336,recorder
20260925-072918_perlmutter_cb90a27f,ours_l01_s1_pv2_r2_pv3c_eps05_trace-a2e8ab_b16_k8_isolated,isolated,ours,50,0,total_ms,501.294373,recorder
20260925-072918_perlmutter_cb90a27f,ours_l01_s1_pv2_r2_pv3c_eps05_trace-a2e8ab_b16_k8_isolated,isolated,ours,50,1,total_ms,350.53183,recorder
20260925-072918_perlmutter_cb90a27f,ours_l01_s1_pv2_r2_pv3c_eps05_trace-a2e8ab_b16_k8_isolated,isolated,ours,50,2,total_ms,23.061953,recorder
20260925-072918_perlmutter_cb90a27f,ours_l01_s1_pv2_r2_pv3c_eps05_trace-a2e8ab_b16_k8_isolated,isolated,ours,50,3,total_ms,501.202087,recorder
20260925-072918_perlmutter_cb90a27f,ours_l01_s1_pv2_r2_pv3c_eps05_trace-a2e8ab_b16_k8_isolated,isolated,ours,50,4,total_ms,442.595306,recorder
20260925-072918_perlmutter_cb90a27f,ours_l01_s1_pv2_r2_pv3c_eps05_trace-a2e8ab_b16_k8_isolated,isolated,ours,50,5,total_ms,25.263264,recorder
20260925-072918_perlmutter_cb90a27f,ours_l01_s1_pv2_r2_pv3c_eps05_trace-a2e8ab_b16_k8_isolated,isolated,ours,50,6,total_ms,24.389664,recorder
20260925-072918_perlmutter_cb90a27f,ours_l01_s1_pv2_r2_pv3c_eps05_trace-a2e8ab_b16_k8_isolated,isolated,ours,50,7,total_ms,495.521027,recorder
20260925-072918_perlmutter_cb90a27f,ours_l01_s1_pv2_r2_pv3c_eps05_trace-a2e8ab_b16_k8_isolated,isolated,ours,50,8,total_ms,22.960545,recorder
20260925-072918_perlmutter_cb90a27f,ours_l01_s1_pv2_r2_pv3c_eps05_trace-a2e8ab_b16_k8_isolated,isolated,ours,50,9,total_ms,352.238586,recorder
20260925-072918_perlmutter_cb90a27f,ours_l01_s1_pv2_r2_pv3c_eps05_trace-a2e8ab_b16_k8_isolated,isolated,ours,50,0,iso_sync_ms,19.302728,recorder
20260925-072918_perlmutter_cb90a27f,ours_l01_s1_pv2_r2_pv3c_eps05_trace-a2e8ab_b16_k8_isolated,isolated,ours,50,1,iso_sync_ms,498.398101,recorder
20260925-072918_perlmutter_cb90a27f,ours_l01_s1_pv2_r2_pv3c_eps05_trace-a2e8ab_b16_k8_isolated,isolated,ours,50,2,iso_sync_ms,346.736106,recorder
20260925-072918_perlmutter_cb90a27f,ours_l01_s1_pv2_r2_pv3c_eps05_trace-a2e8ab_b16_k8_isolated,isolated,ours,50,3,iso_sync_ms,18.751557,recorder
20260925-072918_perlmutter_cb90a27f,ours_l01_s1_pv2_r2_pv3c_eps05_trace-a2e8ab_b16_k8_isolated,isolated,ours,50,4,iso_sync_ms,497.576297,recorder
20260925-072918_perlmutter_cb90a27f,ours_l01_s1_pv2_r2_pv3c_eps05_trace-a2e8ab_b16_k8_isolated,isolated,ours,50,5,iso_sync_ms,438.677223,recorder
20260925-072918_perlmutter_cb90a27f,ours_l01_s1_pv2_r2_pv3c_eps05_trace-a2e8ab_b16_k8_isolated,isolated,ours,50,6,iso_sync_ms,20.886168,recorder
20260925-072918_perlmutter_cb90a27f,ours_l01_s1_pv2_r2_pv3c_eps05_trace-a2e8ab_b16_k8_isolated,isolated,ours,50,7,iso_sync_ms,20.322895,recorder
20260925-072918_perlmutter_cb90a27f,ours_l01_s1_pv2_r2_pv3c_eps05_trace-a2e8ab_b16_k8_isolated,isolated,ours,50,8,iso_sync_ms,491.82901,recorder
20260925-072918_perlmutter_cb90a27f,ours_l01_s1_pv2_r2_pv3c_eps05_trace-a2e8ab_b16_k8_isolated,isolated,ours,50,9,iso_sync_ms,18.678166,recorder
20260925-072918_perlmutter_cb90a27f,ours_l01_s1_pv2_r2_pv3c_eps05_trace-a2e8ab_b16_k8_isolated,isolated,ours,51,0,e2e_ms,498.797607,recorder
20260925-072918_perlmutter_cb90a27f,ours_l01_s1_pv2_r2_pv3c_eps05_trace-a2e8ab_b16_k8_isolated,isolated,ours,51,1,e2e_ms,347.735779,recorder
20260925-072918_perlmutter_cb90a27f,ours_l01_s1_pv2_r2_pv3c_eps05_trace-a2e8ab_b16_k8_isolated,isolated,ours,51,2,e2e_ms,20.302208,recorder
20260925-072918_perlmutter_cb90a27f,ours_l01_s1_pv2_r2_pv3c_eps05_trace-a2e8ab_b16_k8_isolated,isolated,ours,51,3,e2e_ms,498.793091,recorder
20260925-072918_perlmutter_cb90a27f,ours_l01_s1_pv2_r2_pv3c_eps05_trace-a2e8ab_b16_k8_isolated,isolated,ours,51,4,e2e_ms,440.233795,recorder
20260925-072918_perlmutter_cb90a27f,ours_l01_s1_pv2_r2_pv3c_eps05_trace-a2e8ab_b16_k8_isolated,isolated,ours,51,5,e2e_ms,22.707712,recorder
20260925-072918_perlmutter_cb90a27f,ours_l01_s1_pv2_r2_pv3c_eps05_trace-a2e8ab_b16_k8_isolated,isolated,ours,51,6,e2e_ms,21.920544,recorder
20260925-072918_perlmutter_cb90a27f,ours_l01_s1_pv2_r2_pv3c_eps05_trace-a2e8ab_b16_k8_isolated,isolated,ours,51,7,e2e_ms,493.02951,recorder
20260925-072918_perlmutter_cb90a27f,ours_l01_s1_pv2_r2_pv3c_eps05_trace-a2e8ab_b16_k8_isolated,isolated,ours,51,8,e2e_ms,20.117056,recorder
20260925-072918_perlmutter_cb90a27f,ours_l01_s1_pv2_r2_pv3c_eps05_trace-a2e8ab_b16_k8_isolated,isolated,ours,51,9,e2e_ms,349.69458,recorder
20260925-072918_perlmutter_cb90a27f,ours_l01_s1_pv2_r2_pv3c_eps05_trace-a2e8ab_b16_k8_isolated,isolated,ours,51,0,l0_ms,10.693664,recorder
20260925-072918_perlmutter_cb90a27f,ours_l01_s1_pv2_r2_pv3c_eps05_trace-a2e8ab_b16_k8_isolated,isolated,ours,51,1,l0_ms,10.688448,recorder
20260925-072918_perlmutter_cb90a27f,ours_l01_s1_pv2_r2_pv3c_eps05_trace-a2e8ab_b16_k8_isolated,isolated,ours,51,2,l0_ms,10.583008,recorder
20260925-072918_perlmutter_cb90a27f,ours_l01_s1_pv2_r2_pv3c_eps05_trace-a2e8ab_b16_k8_isolated,isolated,ours,51,3,l0_ms,12.037056,recorder
20260925-072918_perlmutter_cb90a27f,ours_l01_s1_pv2_r2_pv3c_eps05_trace-a2e8ab_b16_k8_isolated,isolated,ours,51,4,l0_ms,12.06512,recorder
20260925-072918_perlmutter_cb90a27f,ours_l01_s1_pv2_r2_pv3c_eps05_trace-a2e8ab_b16_k8_isolated,isolated,ours,51,5,l0_ms,11.269728,recorder
20260925-072918_perlmutter_cb90a27f,ours_l01_s1_pv2_r2_pv3c_eps05_trace-a2e8ab_b16_k8_isolated,isolated,ours,51,6,l0_ms,11.529056,recorder
20260925-072918_perlmutter_cb90a27f,ours_l01_s1_pv2_r2_pv3c_eps05_trace-a2e8ab_b16_k8_isolated,isolated,ours,51,7,l0_ms,9.8296,recorder
20260925-072918_perlmutter_cb90a27f,ours_l01_s1_pv2_r2_pv3c_eps05_trace-a2e8ab_b16_k8_isolated,isolated,ours,51,8,l0_ms,10.123616,recorder
20260925-072918_perlmutter_cb90a27f,ours_l01_s1_pv2_r2_pv3c_eps05_trace-a2e8ab_b16_k8_isolated,isolated,ours,51,9,l0_ms,10.488928,recorder
20260925-072918_perlmutter_cb90a27f,ours_l01_s1_pv2_r2_pv3c_eps05_trace-a2e8ab_b16_k8_isolated,isolated,ours,51,0,act_ms,0.08048,recorder
20260925-072918_perlmutter_cb90a27f,ours_l01_s1_pv2_r2_pv3c_eps05_trace-a2e8ab_b16_k8_isolated,isolated,ours,51,1,act_ms,0.087584,recorder
20260925-072918_perlmutter_cb90a27f,ours_l01_s1_pv2_r2_pv3c_eps05_trace-a2e8ab_b16_k8_isolated,isolated,ours,51,2,act_ms,0.087936,recorder
20260925-072918_perlmutter_cb90a27f,ours_l01_s1_pv2_r2_pv3c_eps05_trace-a2e8ab_b16_k8_isolated,isolated,ours,51,3,act_ms,0.087712,recorder
20260925-072918_perlmutter_cb90a27f,ours_l01_s1_pv2_r2_pv3c_eps05_trace-a2e8ab_b16_k8_isolated,isolated,ours,51,4,act_ms,0.085248,recorder
20260925-072918_perlmutter_cb90a27f,ours_l01_s1_pv2_r2_pv3c_eps05_trace-a2e8ab_b16_k8_isolated,isolated,ours,51,5,act_ms,0.086848,recorder
20260925-072918_perlmutter_cb90a27f,ours_l01_s1_pv2_r2_pv3c_eps05_trace-a2e8ab_b16_k8_isolated,isolated,ours,51,6,act_ms,0.086144,recorder
20260925-072918_perlmutter_cb90a27f,ours_l01_s1_pv2_r2_pv3c_eps05_trace-a2e8ab_b16_k8_isolated,isolated,ours,51,7,act_ms,0.0872,recorder
20260925-072918_perlmutter_cb90a27f,ours_l01_s1_pv2_r2_pv3c_eps05_trace-a2e8ab_b16_k8_isolated,isolated,ours,51,8,act_ms,0.087328,recorder
20260925-072918_perlmutter_cb90a27f,ours_l01_s1_pv2_r2_pv3c_eps05_trace-a2e8ab_b16_k8_isolated,isolated,ours,51,9,act_ms,0.081248,recorder
20260925-072918_perlmutter_cb90a27f,ours_l01_s1_pv2_r2_pv3c_eps05_trace-a2e8ab_b16_k8_isolated,isolated,ours,51,0,l1_ms,488.023468,recorder
20260925-072918_perlmutter_cb90a27f,ours_l01_s1_pv2_r2_pv3c_eps05_trace-a2e8ab_b16_k8_isolated,isolated,ours,51,1,l1_ms,336.959747,recorder
20260925-072918_perlmutter_cb90a27f,ours_l01_s1_pv2_r2_pv3c_eps05_trace-a2e8ab_b16_k8_isolated,isolated,ours,51,2,l1_ms,9.631264,recorder
20260925-072918_perlmutter_cb90a27f,ours_l01_s1_pv2_r2_pv3c_eps05_trace-a2e8ab_b16_k8_isolated,isolated,ours,51,3,l1_ms,486.668335,recorder
20260925-072918_perlmutter_cb90a27f,ours_l01_s1_pv2_r2_pv3c_eps05_trace-a2e8ab_b16_k8_isolated,isolated,ours,51,4,l1_ms,428.083435,recorder
20260925-072918_perlmutter_cb90a27f,ours_l01_s1_pv2_r2_pv3c_eps05_trace-a2e8ab_b16_k8_isolated,isolated,ours,51,5,l1_ms,11.351136,recorder
20260925-072918_perlmutter_cb90a27f,ours_l01_s1_pv2_r2_pv3c_eps05_trace-a2e8ab_b16_k8_isolated,isolated,ours,51,6,l1_ms,10.305344,recorder
20260925-072918_perlmutter_cb90a27f,ours_l01_s1_pv2_r2_pv3c_eps05_trace-a2e8ab_b16_k8_isolated,isolated,ours,51,7,l1_ms,483.112701,recorder
20260925-072918_perlmutter_cb90a27f,ours_l01_s1_pv2_r2_pv3c_eps05_trace-a2e8ab_b16_k8_isolated,isolated,ours,51,8,l1_ms,9.906112,recorder
20260925-072918_perlmutter_cb90a27f,ours_l01_s1_pv2_r2_pv3c_eps05_trace-a2e8ab_b16_k8_isolated,isolated,ours,51,9,l1_ms,339.12442,recorder
20260925-072918_perlmutter_cb90a27f,ours_l01_s1_pv2_r2_pv3c_eps05_trace-a2e8ab_b16_k8_isolated,isolated,ours,51,0,plan_comm_ms,0.587616,recorder
20260925-072918_perlmutter_cb90a27f,ours_l01_s1_pv2_r2_pv3c_eps05_trace-a2e8ab_b16_k8_isolated,isolated,ours,51,1,plan_comm_ms,0.693792,recorder
20260925-072918_perlmutter_cb90a27f,ours_l01_s1_pv2_r2_pv3c_eps05_trace-a2e8ab_b16_k8_isolated,isolated,ours,51,2,plan_comm_ms,0.85568,recorder
20260925-072918_perlmutter_cb90a27f,ours_l01_s1_pv2_r2_pv3c_eps05_trace-a2e8ab_b16_k8_isolated,isolated,ours,51,3,plan_comm_ms,0.585472,recorder
20260925-072918_perlmutter_cb90a27f,ours_l01_s1_pv2_r2_pv3c_eps05_trace-a2e8ab_b16_k8_isolated,isolated,ours,51,4,plan_comm_ms,0.685952,recorder
20260925-072918_perlmutter_cb90a27f,ours_l01_s1_pv2_r2_pv3c_eps05_trace-a2e8ab_b16_k8_isolated,isolated,ours,51,5,plan_comm_ms,0.866816,recorder
20260925-072918_perlmutter_cb90a27f,ours_l01_s1_pv2_r2_pv3c_eps05_trace-a2e8ab_b16_k8_isolated,isolated,ours,51,6,plan_comm_ms,0.61472,recorder
20260925-072918_perlmutter_cb90a27f,ours_l01_s1_pv2_r2_pv3c_eps05_trace-a2e8ab_b16_k8_isolated,isolated,ours,51,7,plan_comm_ms,0.669184,recorder
20260925-072918_perlmutter_cb90a27f,ours_l01_s1_pv2_r2_pv3c_eps05_trace-a2e8ab_b16_k8_isolated,isolated,ours,51,8,plan_comm_ms,0.93408,recorder
20260925-072918_perlmutter_cb90a27f,ours_l01_s1_pv2_r2_pv3c_eps05_trace-a2e8ab_b16_k8_isolated,isolated,ours,51,9,plan_comm_ms,0.616544,recorder
20260925-072918_perlmutter_cb90a27f,ours_l01_s1_pv2_r2_pv3c_eps05_trace-a2e8ab_b16_k8_isolated,isolated,ours,51,0,place_ms,0.002336,recorder
20260925-072918_perlmutter_cb90a27f,ours_l01_s1_pv2_r2_pv3c_eps05_trace-a2e8ab_b16_k8_isolated,isolated,ours,51,1,place_ms,0.002336,recorder
20260925-072918_perlmutter_cb90a27f,ours_l01_s1_pv2_r2_pv3c_eps05_trace-a2e8ab_b16_k8_isolated,isolated,ours,51,2,place_ms,0.002304,recorder
20260925-072918_perlmutter_cb90a27f,ours_l01_s1_pv2_r2_pv3c_eps05_trace-a2e8ab_b16_k8_isolated,isolated,ours,51,3,place_ms,0.002304,recorder
20260925-072918_perlmutter_cb90a27f,ours_l01_s1_pv2_r2_pv3c_eps05_trace-a2e8ab_b16_k8_isolated,isolated,ours,51,4,place_ms,0.002304,recorder
20260925-072918_perlmutter_cb90a27f,ours_l01_s1_pv2_r2_pv3c_eps05_trace-a2e8ab_b16_k8_isolated,isolated,ours,51,5,place_ms,0.002336,recorder
20260925-072918_perlmutter_cb90a27f,ours_l01_s1_pv2_r2_pv3c_eps05_trace-a2e8ab_b16_k8_isolated,isolated,ours,51,6,place_ms,0.002304,recorder
20260925-072918_perlmutter_cb90a27f,ours_l01_s1_pv2_r2_pv3c_eps05_trace-a2e8ab_b16_k8_isolated,isolated,ours,51,7,place_ms,0.002336,recorder
20260925-072918_perlmutter_cb90a27f,ours_l01_s1_pv2_r2_pv3c_eps05_trace-a2e8ab_b16_k8_isolated,isolated,ours,51,8,place_ms,0.002336,recorder
20260925-072918_perlmutter_cb90a27f,ours_l01_s1_pv2_r2_pv3c_eps05_trace-a2e8ab_b16_k8_isolated,isolated,ours,51,9,place_ms,0.002464,recorder
20260925-072918_perlmutter_cb90a27f,ours_l01_s1_pv2_r2_pv3c_eps05_trace-a2e8ab_b16_k8_isolated,isolated,ours,51,0,plan_ms,1.875808,recorder
20260925-072918_perlmutter_cb90a27f,ours_l01_s1_pv2_r2_pv3c_eps05_trace-a2e8ab_b16_k8_isolated,isolated,ours,51,1,plan_ms,1.91088,recorder
20260925-072918_perlmutter_cb90a27f,ours_l01_s1_pv2_r2_pv3c_eps05_trace-a2e8ab_b16_k8_isolated,isolated,ours,51,2,plan_ms,1.887264,recorder
20260925-072918_perlmutter_cb90a27f,ours_l01_s1_pv2_r2_pv3c_eps05_trace-a2e8ab_b16_k8_isolated,isolated,ours,51,3,plan_ms,1.870816,recorder
20260925-072918_perlmutter_cb90a27f,ours_l01_s1_pv2_r2_pv3c_eps05_trace-a2e8ab_b16_k8_isolated,isolated,ours,51,4,plan_ms,1.864288,recorder
20260925-072918_perlmutter_cb90a27f,ours_l01_s1_pv2_r2_pv3c_eps05_trace-a2e8ab_b16_k8_isolated,isolated,ours,51,5,plan_ms,1.851648,recorder
20260925-072918_perlmutter_cb90a27f,ours_l01_s1_pv2_r2_pv3c_eps05_trace-a2e8ab_b16_k8_isolated,isolated,ours,51,6,plan_ms,1.84032,recorder
20260925-072918_perlmutter_cb90a27f,ours_l01_s1_pv2_r2_pv3c_eps05_trace-a2e8ab_b16_k8_isolated,isolated,ours,51,7,plan_ms,1.86624,recorder
20260925-072918_perlmutter_cb90a27f,ours_l01_s1_pv2_r2_pv3c_eps05_trace-a2e8ab_b16_k8_isolated,isolated,ours,51,8,plan_ms,1.8888,recorder
20260925-072918_perlmutter_cb90a27f,ours_l01_s1_pv2_r2_pv3c_eps05_trace-a2e8ab_b16_k8_isolated,isolated,ours,51,9,plan_ms,1.8752,recorder
20260925-072918_perlmutter_cb90a27f,ours_l01_s1_pv2_r2_pv3c_eps05_trace-a2e8ab_b16_k8_isolated,isolated,ours,51,0,total_ms,501.273285,recorder
20260925-072918_perlmutter_cb90a27f,ours_l01_s1_pv2_r2_pv3c_eps05_trace-a2e8ab_b16_k8_isolated,isolated,ours,51,1,total_ms,350.352478,recorder
20260925-072918_perlmutter_cb90a27f,ours_l01_s1_pv2_r2_pv3c_eps05_trace-a2e8ab_b16_k8_isolated,isolated,ours,51,2,total_ms,23.056704,recorder
20260925-072918_perlmutter_cb90a27f,ours_l01_s1_pv2_r2_pv3c_eps05_trace-a2e8ab_b16_k8_isolated,isolated,ours,51,3,total_ms,501.260986,recorder
20260925-072918_perlmutter_cb90a27f,ours_l01_s1_pv2_r2_pv3c_eps05_trace-a2e8ab_b16_k8_isolated,isolated,ours,51,4,total_ms,442.795898,recorder
20260925-072918_perlmutter_cb90a27f,ours_l01_s1_pv2_r2_pv3c_eps05_trace-a2e8ab_b16_k8_isolated,isolated,ours,51,5,total_ms,25.438305,recorder
20260925-072918_perlmutter_cb90a27f,ours_l01_s1_pv2_r2_pv3c_eps05_trace-a2e8ab_b16_k8_isolated,isolated,ours,51,6,total_ms,24.386751,recorder
20260925-072918_perlmutter_cb90a27f,ours_l01_s1_pv2_r2_pv3c_eps05_trace-a2e8ab_b16_k8_isolated,isolated,ours,51,7,total_ms,495.57666,recorder
20260925-072918_perlmutter_cb90a27f,ours_l01_s1_pv2_r2_pv3c_eps05_trace-a2e8ab_b16_k8_isolated,isolated,ours,51,8,total_ms,22.952065,recorder
20260925-072918_perlmutter_cb90a27f,ours_l01_s1_pv2_r2_pv3c_eps05_trace-a2e8ab_b16_k8_isolated,isolated,ours,51,9,total_ms,352.198212,recorder
20260925-072918_perlmutter_cb90a27f,ours_l01_s1_pv2_r2_pv3c_eps05_trace-a2e8ab_b16_k8_isolated,isolated,ours,51,0,iso_sync_ms,19.388754,recorder
20260925-072918_perlmutter_cb90a27f,ours_l01_s1_pv2_r2_pv3c_eps05_trace-a2e8ab_b16_k8_isolated,isolated,ours,51,1,iso_sync_ms,498.385075,recorder
20260925-072918_perlmutter_cb90a27f,ours_l01_s1_pv2_r2_pv3c_eps05_trace-a2e8ab_b16_k8_isolated,isolated,ours,51,2,iso_sync_ms,346.555516,recorder
20260925-072918_perlmutter_cb90a27f,ours_l01_s1_pv2_r2_pv3c_eps05_trace-a2e8ab_b16_k8_isolated,isolated,ours,51,3,iso_sync_ms,18.735247,recorder
20260925-072918_perlmutter_cb90a27f,ours_l01_s1_pv2_r2_pv3c_eps05_trace-a2e8ab_b16_k8_isolated,isolated,ours,51,4,iso_sync_ms,497.643396,recorder
20260925-072918_perlmutter_cb90a27f,ours_l01_s1_pv2_r2_pv3c_eps05_trace-a2e8ab_b16_k8_isolated,isolated,ours,51,5,iso_sync_ms,438.867903,recorder
20260925-072918_perlmutter_cb90a27f,ours_l01_s1_pv2_r2_pv3c_eps05_trace-a2e8ab_b16_k8_isolated,isolated,ours,51,6,iso_sync_ms,21.004557,recorder
20260925-072918_perlmutter_cb90a27f,ours_l01_s1_pv2_r2_pv3c_eps05_trace-a2e8ab_b16_k8_isolated,isolated,ours,51,7,iso_sync_ms,20.30506,recorder
20260925-072918_perlmutter_cb90a27f,ours_l01_s1_pv2_r2_pv3c_eps05_trace-a2e8ab_b16_k8_isolated,isolated,ours,51,8,iso_sync_ms,491.965354,recorder
20260925-072918_perlmutter_cb90a27f,ours_l01_s1_pv2_r2_pv3c_eps05_trace-a2e8ab_b16_k8_isolated,isolated,ours,51,9,iso_sync_ms,18.682234,recorder
20260925-072918_perlmutter_cb90a27f,ours_l01_s1_pv2_r2_pv3c_eps05_trace-a2e8ab_b16_k8_isolated,isolated,ours,52,0,e2e_ms,498.85379,recorder
20260925-072918_perlmutter_cb90a27f,ours_l01_s1_pv2_r2_pv3c_eps05_trace-a2e8ab_b16_k8_isolated,isolated,ours,52,1,e2e_ms,347.798615,recorder
20260925-072918_perlmutter_cb90a27f,ours_l01_s1_pv2_r2_pv3c_eps05_trace-a2e8ab_b16_k8_isolated,isolated,ours,52,2,e2e_ms,20.339872,recorder
20260925-072918_perlmutter_cb90a27f,ours_l01_s1_pv2_r2_pv3c_eps05_trace-a2e8ab_b16_k8_isolated,isolated,ours,52,3,e2e_ms,498.751923,recorder
20260925-072918_perlmutter_cb90a27f,ours_l01_s1_pv2_r2_pv3c_eps05_trace-a2e8ab_b16_k8_isolated,isolated,ours,52,4,e2e_ms,440.254639,recorder
20260925-072918_perlmutter_cb90a27f,ours_l01_s1_pv2_r2_pv3c_eps05_trace-a2e8ab_b16_k8_isolated,isolated,ours,52,5,e2e_ms,22.703712,recorder
20260925-072918_perlmutter_cb90a27f,ours_l01_s1_pv2_r2_pv3c_eps05_trace-a2e8ab_b16_k8_isolated,isolated,ours,52,6,e2e_ms,21.919392,recorder
20260925-072918_perlmutter_cb90a27f,ours_l01_s1_pv2_r2_pv3c_eps05_trace-a2e8ab_b16_k8_isolated,isolated,ours,52,7,e2e_ms,492.997375,recorder
20260925-072918_perlmutter_cb90a27f,ours_l01_s1_pv2_r2_pv3c_eps05_trace-a2e8ab_b16_k8_isolated,isolated,ours,52,8,e2e_ms,20.128416,recorder
20260925-072918_perlmutter_cb90a27f,ours_l01_s1_pv2_r2_pv3c_eps05_trace-a2e8ab_b16_k8_isolated,isolated,ours,52,9,e2e_ms,349.742493,recorder
20260925-072918_perlmutter_cb90a27f,ours_l01_s1_pv2_r2_pv3c_eps05_trace-a2e8ab_b16_k8_isolated,isolated,ours,52,0,l0_ms,10.72976,recorder
20260925-072918_perlmutter_cb90a27f,ours_l01_s1_pv2_r2_pv3c_eps05_trace-a2e8ab_b16_k8_isolated,isolated,ours,52,1,l0_ms,10.705824,recorder
20260925-072918_perlmutter_cb90a27f,ours_l01_s1_pv2_r2_pv3c_eps05_trace-a2e8ab_b16_k8_isolated,isolated,ours,52,2,l0_ms,10.635232,recorder
20260925-072918_perlmutter_cb90a27f,ours_l01_s1_pv2_r2_pv3c_eps05_trace-a2e8ab_b16_k8_isolated,isolated,ours,52,3,l0_ms,12.06928,recorder
20260925-072918_perlmutter_cb90a27f,ours_l01_s1_pv2_r2_pv3c_eps05_trace-a2e8ab_b16_k8_isolated,isolated,ours,52,4,l0_ms,12.072544,recorder
20260925-072918_perlmutter_cb90a27f,ours_l01_s1_pv2_r2_pv3c_eps05_trace-a2e8ab_b16_k8_isolated,isolated,ours,52,5,l0_ms,11.261952,recorder
20260925-072918_perlmutter_cb90a27f,ours_l01_s1_pv2_r2_pv3c_eps05_trace-a2e8ab_b16_k8_isolated,isolated,ours,52,6,l0_ms,11.54256,recorder
20260925-072918_perlmutter_cb90a27f,ours_l01_s1_pv2_r2_pv3c_eps05_trace-a2e8ab_b16_k8_isolated,isolated,ours,52,7,l0_ms,9.85296,recorder
20260925-072918_perlmutter_cb90a27f,ours_l01_s1_pv2_r2_pv3c_eps05_trace-a2e8ab_b16_k8_isolated,isolated,ours,52,8,l0_ms,10.168096,recorder
20260925-072918_perlmutter_cb90a27f,ours_l01_s1_pv2_r2_pv3c_eps05_trace-a2e8ab_b16_k8_isolated,isolated,ours,52,9,l0_ms,10.52752,recorder
20260925-072918_perlmutter_cb90a27f,ours_l01_s1_pv2_r2_pv3c_eps05_trace-a2e8ab_b16_k8_isolated,isolated,ours,52,0,act_ms,0.035008,recorder
20260925-072918_perlmutter_cb90a27f,ours_l01_s1_pv2_r2_pv3c_eps05_trace-a2e8ab_b16_k8_isolated,isolated,ours,52,1,act_ms,0.037408,recorder
20260925-072918_perlmutter_cb90a27f,ours_l01_s1_pv2_r2_pv3c_eps05_trace-a2e8ab_b16_k8_isolated,isolated,ours,52,2,act_ms,0.037184,recorder
20260925-072918_perlmutter_cb90a27f,ours_l01_s1_pv2_r2_pv3c_eps05_trace-a2e8ab_b16_k8_isolated,isolated,ours,52,3,act_ms,0.03712,recorder
20260925-072918_perlmutter_cb90a27f,ours_l01_s1_pv2_r2_pv3c_eps05_trace-a2e8ab_b16_k8_isolated,isolated,ours,52,4,act_ms,0.036832,recorder
20260925-072918_perlmutter_cb90a27f,ours_l01_s1_pv2_r2_pv3c_eps05_trace-a2e8ab_b16_k8_isolated,isolated,ours,52,5,act_ms,0.036352,recorder
20260925-072918_perlmutter_cb90a27f,ours_l01_s1_pv2_r2_pv3c_eps05_trace-a2e8ab_b16_k8_isolated,isolated,ours,52,6,act_ms,0.035008,recorder
20260925-072918_perlmutter_cb90a27f,ours_l01_s1_pv2_r2_pv3c_eps05_trace-a2e8ab_b16_k8_isolated,isolated,ours,52,7,act_ms,0.03504,recorder
20260925-072918_perlmutter_cb90a27f,ours_l01_s1_pv2_r2_pv3c_eps05_trace-a2e8ab_b16_k8_isolated,isolated,ours,52,8,act_ms,0.0368,recorder
20260925-072918_perlmutter_cb90a27f,ours_l01_s1_pv2_r2_pv3c_eps05_trace-a2e8ab_b16_k8_isolated,isolated,ours,52,9,act_ms,0.035648,recorder
20260925-072918_perlmutter_cb90a27f,ours_l01_s1_pv2_r2_pv3c_eps05_trace-a2e8ab_b16_k8_isolated,isolated,ours,52,0,l1_ms,488.08902,recorder
20260925-072918_perlmutter_cb90a27f,ours_l01_s1_pv2_r2_pv3c_eps05_trace-a2e8ab_b16_k8_isolated,isolated,ours,52,1,l1_ms,337.055389,recorder
20260925-072918_perlmutter_cb90a27f,ours_l01_s1_pv2_r2_pv3c_eps05_trace-a2e8ab_b16_k8_isolated,isolated,ours,52,2,l1_ms,9.667456,recorder
20260925-072918_perlmutter_cb90a27f,ours_l01_s1_pv2_r2_pv3c_eps05_trace-a2e8ab_b16_k8_isolated,isolated,ours,52,3,l1_ms,486.645538,recorder
20260925-072918_perlmutter_cb90a27f,ours_l01_s1_pv2_r2_pv3c_eps05_trace-a2e8ab_b16_k8_isolated,isolated,ours,52,4,l1_ms,428.145233,recorder
20260925-072918_perlmutter_cb90a27f,ours_l01_s1_pv2_r2_pv3c_eps05_trace-a2e8ab_b16_k8_isolated,isolated,ours,52,5,l1_ms,11.405408,recorder
20260925-072918_perlmutter_cb90a27f,ours_l01_s1_pv2_r2_pv3c_eps05_trace-a2e8ab_b16_k8_isolated,isolated,ours,52,6,l1_ms,10.341824,recorder
20260925-072918_perlmutter_cb90a27f,ours_l01_s1_pv2_r2_pv3c_eps05_trace-a2e8ab_b16_k8_isolated,isolated,ours,52,7,l1_ms,483.109375,recorder
20260925-072918_perlmutter_cb90a27f,ours_l01_s1_pv2_r2_pv3c_eps05_trace-a2e8ab_b16_k8_isolated,isolated,ours,52,8,l1_ms,9.92352,recorder
20260925-072918_perlmutter_cb90a27f,ours_l01_s1_pv2_r2_pv3c_eps05_trace-a2e8ab_b16_k8_isolated,isolated,ours,52,9,l1_ms,339.179321,recorder
20260925-072918_perlmutter_cb90a27f,ours_l01_s1_pv2_r2_pv3c_eps05_trace-a2e8ab_b16_k8_isolated,isolated,ours,52,0,plan_comm_ms,0.57392,recorder
20260925-072918_perlmutter_cb90a27f,ours_l01_s1_pv2_r2_pv3c_eps05_trace-a2e8ab_b16_k8_isolated,isolated,ours,52,1,plan_comm_ms,0.723296,recorder
20260925-072918_perlmutter_cb90a27f,ours_l01_s1_pv2_r2_pv3c_eps05_trace-a2e8ab_b16_k8_isolated,isolated,ours,52,2,plan_comm_ms,0.817088,recorder
20260925-072918_perlmutter_cb90a27f,ours_l01_s1_pv2_r2_pv3c_eps05_trace-a2e8ab_b16_k8_isolated,isolated,ours,52,3,plan_comm_ms,0.573504,recorder
20260925-072918_perlmutter_cb90a27f,ours_l01_s1_pv2_r2_pv3c_eps05_trace-a2e8ab_b16_k8_isolated,isolated,ours,52,4,plan_comm_ms,0.667872,recorder
20260925-072918_perlmutter_cb90a27f,ours_l01_s1_pv2_r2_pv3c_eps05_trace-a2e8ab_b16_k8_isolated,isolated,ours,52,5,plan_comm_ms,0.853216,recorder
20260925-072918_perlmutter_cb90a27f,ours_l01_s1_pv2_r2_pv3c_eps05_trace-a2e8ab_b16_k8_isolated,isolated,ours,52,6,plan_comm_ms,0.596032,recorder
20260925-072918_perlmutter_cb90a27f,ours_l01_s1_pv2_r2_pv3c_eps05_trace-a2e8ab_b16_k8_isolated,isolated,ours,52,7,plan_comm_ms,0.663552,recorder
20260925-072918_perlmutter_cb90a27f,ours_l01_s1_pv2_r2_pv3c_eps05_trace-a2e8ab_b16_k8_isolated,isolated,ours,52,8,plan_comm_ms,0.9232,recorder
20260925-072918_perlmutter_cb90a27f,ours_l01_s1_pv2_r2_pv3c_eps05_trace-a2e8ab_b16_k8_isolated,isolated,ours,52,9,plan_comm_ms,0.601792,recorder
20260925-072918_perlmutter_cb90a27f,ours_l01_s1_pv2_r2_pv3c_eps05_trace-a2e8ab_b16_k8_isolated,isolated,ours,52,0,place_ms,0.002336,recorder
20260925-072918_perlmutter_cb90a27f,ours_l01_s1_pv2_r2_pv3c_eps05_trace-a2e8ab_b16_k8_isolated,isolated,ours,52,1,place_ms,0.002336,recorder
20260925-072918_perlmutter_cb90a27f,ours_l01_s1_pv2_r2_pv3c_eps05_trace-a2e8ab_b16_k8_isolated,isolated,ours,52,2,place_ms,0.002336,recorder
20260925-072918_perlmutter_cb90a27f,ours_l01_s1_pv2_r2_pv3c_eps05_trace-a2e8ab_b16_k8_isolated,isolated,ours,52,3,place_ms,0.002336,recorder
20260925-072918_perlmutter_cb90a27f,ours_l01_s1_pv2_r2_pv3c_eps05_trace-a2e8ab_b16_k8_isolated,isolated,ours,52,4,place_ms,0.002336,recorder
20260925-072918_perlmutter_cb90a27f,ours_l01_s1_pv2_r2_pv3c_eps05_trace-a2e8ab_b16_k8_isolated,isolated,ours,52,5,place_ms,0.002336,recorder
20260925-072918_perlmutter_cb90a27f,ours_l01_s1_pv2_r2_pv3c_eps05_trace-a2e8ab_b16_k8_isolated,isolated,ours,52,6,place_ms,0.002336,recorder
20260925-072918_perlmutter_cb90a27f,ours_l01_s1_pv2_r2_pv3c_eps05_trace-a2e8ab_b16_k8_isolated,isolated,ours,52,7,place_ms,0.002304,recorder
20260925-072918_perlmutter_cb90a27f,ours_l01_s1_pv2_r2_pv3c_eps05_trace-a2e8ab_b16_k8_isolated,isolated,ours,52,8,place_ms,0.002368,recorder
20260925-072918_perlmutter_cb90a27f,ours_l01_s1_pv2_r2_pv3c_eps05_trace-a2e8ab_b16_k8_isolated,isolated,ours,52,9,place_ms,0.002336,recorder
20260925-072918_perlmutter_cb90a27f,ours_l01_s1_pv2_r2_pv3c_eps05_trace-a2e8ab_b16_k8_isolated,isolated,ours,52,0,plan_ms,1.83872,recorder
20260925-072918_perlmutter_cb90a27f,ours_l01_s1_pv2_r2_pv3c_eps05_trace-a2e8ab_b16_k8_isolated,isolated,ours,52,1,plan_ms,1.894592,recorder
20260925-072918_perlmutter_cb90a27f,ours_l01_s1_pv2_r2_pv3c_eps05_trace-a2e8ab_b16_k8_isolated,isolated,ours,52,2,plan_ms,1.867328,recorder
20260925-072918_perlmutter_cb90a27f,ours_l01_s1_pv2_r2_pv3c_eps05_trace-a2e8ab_b16_k8_isolated,isolated,ours,52,3,plan_ms,1.853824,recorder
20260925-072918_perlmutter_cb90a27f,ours_l01_s1_pv2_r2_pv3c_eps05_trace-a2e8ab_b16_k8_isolated,isolated,ours,52,4,plan_ms,1.852608,recorder
20260925-072918_perlmutter_cb90a27f,ours_l01_s1_pv2_r2_pv3c_eps05_trace-a2e8ab_b16_k8_isolated,isolated,ours,52,5,plan_ms,1.867552,recorder
20260925-072918_perlmutter_cb90a27f,ours_l01_s1_pv2_r2_pv3c_eps05_trace-a2e8ab_b16_k8_isolated,isolated,ours,52,6,plan_ms,1.842176,recorder
20260925-072918_perlmutter_cb90a27f,ours_l01_s1_pv2_r2_pv3c_eps05_trace-a2e8ab_b16_k8_isolated,isolated,ours,52,7,plan_ms,1.858688,recorder
20260925-072918_perlmutter_cb90a27f,ours_l01_s1_pv2_r2_pv3c_eps05_trace-a2e8ab_b16_k8_isolated,isolated,ours,52,8,plan_ms,1.876448,recorder
20260925-072918_perlmutter_cb90a27f,ours_l01_s1_pv2_r2_pv3c_eps05_trace-a2e8ab_b16_k8_isolated,isolated,ours,52,9,plan_ms,1.863104,recorder
20260925-072918_perlmutter_cb90a27f,ours_l01_s1_pv2_r2_pv3c_eps05_trace-a2e8ab_b16_k8_isolated,isolated,ours,52,0,total_ms,501.278625,recorder
20260925-072918_perlmutter_cb90a27f,ours_l01_s1_pv2_r2_pv3c_eps05_trace-a2e8ab_b16_k8_isolated,isolated,ours,52,1,total_ms,350.429047,recorder
20260925-072918_perlmutter_cb90a27f,ours_l01_s1_pv2_r2_pv3c_eps05_trace-a2e8ab_b16_k8_isolated,isolated,ours,52,2,total_ms,23.036673,recorder
20260925-072918_perlmutter_cb90a27f,ours_l01_s1_pv2_r2_pv3c_eps05_trace-a2e8ab_b16_k8_isolated,isolated,ours,52,3,total_ms,501.190491,recorder
20260925-072918_perlmutter_cb90a27f,ours_l01_s1_pv2_r2_pv3c_eps05_trace-a2e8ab_b16_k8_isolated,isolated,ours,52,4,total_ms,442.786163,recorder
20260925-072918_perlmutter_cb90a27f,ours_l01_s1_pv2_r2_pv3c_eps05_trace-a2e8ab_b16_k8_isolated,isolated,ours,52,5,total_ms,25.436289,recorder
20260925-072918_perlmutter_cb90a27f,ours_l01_s1_pv2_r2_pv3c_eps05_trace-a2e8ab_b16_k8_isolated,isolated,ours,52,6,total_ms,24.368929,recorder
20260925-072918_perlmutter_cb90a27f,ours_l01_s1_pv2_r2_pv3c_eps05_trace-a2e8ab_b16_k8_isolated,isolated,ours,52,7,total_ms,495.530548,recorder
20260925-072918_perlmutter_cb90a27f,ours_l01_s1_pv2_r2_pv3c_eps05_trace-a2e8ab_b16_k8_isolated,isolated,ours,52,8,total_ms,22.941889,recorder
20260925-072918_perlmutter_cb90a27f,ours_l01_s1_pv2_r2_pv3c_eps05_trace-a2e8ab_b16_k8_isolated,isolated,ours,52,9,total_ms,352.219086,recorder
20260925-072918_perlmutter_cb90a27f,ours_l01_s1_pv2_r2_pv3c_eps05_trace-a2e8ab_b16_k8_isolated,isolated,ours,52,0,iso_sync_ms,19.28486,recorder
20260925-072918_perlmutter_cb90a27f,ours_l01_s1_pv2_r2_pv3c_eps05_trace-a2e8ab_b16_k8_isolated,isolated,ours,52,1,iso_sync_ms,498.421264,recorder
20260925-072918_perlmutter_cb90a27f,ours_l01_s1_pv2_r2_pv3c_eps05_trace-a2e8ab_b16_k8_isolated,isolated,ours,52,2,iso_sync_ms,345.796126,recorder
20260925-072918_perlmutter_cb90a27f,ours_l01_s1_pv2_r2_pv3c_eps05_trace-a2e8ab_b16_k8_isolated,isolated,ours,52,3,iso_sync_ms,18.716015,recorder
20260925-072918_perlmutter_cb90a27f,ours_l01_s1_pv2_r2_pv3c_eps05_trace-a2e8ab_b16_k8_isolated,isolated,ours,52,4,iso_sync_ms,497.669602,recorder
20260925-072918_perlmutter_cb90a27f,ours_l01_s1_pv2_r2_pv3c_eps05_trace-a2e8ab_b16_k8_isolated,isolated,ours,52,5,iso_sync_ms,438.757717,recorder
20260925-072918_perlmutter_cb90a27f,ours_l01_s1_pv2_r2_pv3c_eps05_trace-a2e8ab_b16_k8_isolated,isolated,ours,52,6,iso_sync_ms,21.164383,recorder
20260925-072918_perlmutter_cb90a27f,ours_l01_s1_pv2_r2_pv3c_eps05_trace-a2e8ab_b16_k8_isolated,isolated,ours,52,7,iso_sync_ms,20.342696,recorder
20260925-072918_perlmutter_cb90a27f,ours_l01_s1_pv2_r2_pv3c_eps05_trace-a2e8ab_b16_k8_isolated,isolated,ours,52,8,iso_sync_ms,491.990085,recorder
20260925-072918_perlmutter_cb90a27f,ours_l01_s1_pv2_r2_pv3c_eps05_trace-a2e8ab_b16_k8_isolated,isolated,ours,52,9,iso_sync_ms,18.734931,recorder
20260925-072918_perlmutter_cb90a27f,ours_l01_s1_pv2_r2_pv3c_eps05_trace-a2e8ab_b16_k8_isolated,isolated,ours,53,0,e2e_ms,498.858246,recorder
20260925-072918_perlmutter_cb90a27f,ours_l01_s1_pv2_r2_pv3c_eps05_trace-a2e8ab_b16_k8_isolated,isolated,ours,53,1,e2e_ms,347.773407,recorder
20260925-072918_perlmutter_cb90a27f,ours_l01_s1_pv2_r2_pv3c_eps05_trace-a2e8ab_b16_k8_isolated,isolated,ours,53,2,e2e_ms,20.352192,recorder
20260925-072918_perlmutter_cb90a27f,ours_l01_s1_pv2_r2_pv3c_eps05_trace-a2e8ab_b16_k8_isolated,isolated,ours,53,3,e2e_ms,498.466675,recorder
20260925-072918_perlmutter_cb90a27f,ours_l01_s1_pv2_r2_pv3c_eps05_trace-a2e8ab_b16_k8_isolated,isolated,ours,53,4,e2e_ms,440.283386,recorder
20260925-072918_perlmutter_cb90a27f,ours_l01_s1_pv2_r2_pv3c_eps05_trace-a2e8ab_b16_k8_isolated,isolated,ours,53,5,e2e_ms,22.721376,recorder
20260925-072918_perlmutter_cb90a27f,ours_l01_s1_pv2_r2_pv3c_eps05_trace-a2e8ab_b16_k8_isolated,isolated,ours,53,6,e2e_ms,21.942305,recorder
20260925-072918_perlmutter_cb90a27f,ours_l01_s1_pv2_r2_pv3c_eps05_trace-a2e8ab_b16_k8_isolated,isolated,ours,53,7,e2e_ms,493.07843,recorder
20260925-072918_perlmutter_cb90a27f,ours_l01_s1_pv2_r2_pv3c_eps05_trace-a2e8ab_b16_k8_isolated,isolated,ours,53,8,e2e_ms,20.158304,recorder
20260925-072918_perlmutter_cb90a27f,ours_l01_s1_pv2_r2_pv3c_eps05_trace-a2e8ab_b16_k8_isolated,isolated,ours,53,9,e2e_ms,349.750305,recorder
20260925-072918_perlmutter_cb90a27f,ours_l01_s1_pv2_r2_pv3c_eps05_trace-a2e8ab_b16_k8_isolated,isolated,ours,53,0,l0_ms,10.738336,recorder
20260925-072918_perlmutter_cb90a27f,ours_l01_s1_pv2_r2_pv3c_eps05_trace-a2e8ab_b16_k8_isolated,isolated,ours,53,1,l0_ms,10.722496,recorder
20260925-072918_perlmutter_cb90a27f,ours_l01_s1_pv2_r2_pv3c_eps05_trace-a2e8ab_b16_k8_isolated,isolated,ours,53,2,l0_ms,10.642592,recorder
20260925-072918_perlmutter_cb90a27f,ours_l01_s1_pv2_r2_pv3c_eps05_trace-a2e8ab_b16_k8_isolated,isolated,ours,53,3,l0_ms,12.084416,recorder
20260925-072918_perlmutter_cb90a27f,ours_l01_s1_pv2_r2_pv3c_eps05_trace-a2e8ab_b16_k8_isolated,isolated,ours,53,4,l0_ms,12.103008,recorder
20260925-072918_perlmutter_cb90a27f,ours_l01_s1_pv2_r2_pv3c_eps05_trace-a2e8ab_b16_k8_isolated,isolated,ours,53,5,l0_ms,11.278912,recorder
20260925-072918_perlmutter_cb90a27f,ours_l01_s1_pv2_r2_pv3c_eps05_trace-a2e8ab_b16_k8_isolated,isolated,ours,53,6,l0_ms,11.559936,recorder
20260925-072918_perlmutter_cb90a27f,ours_l01_s1_pv2_r2_pv3c_eps05_trace-a2e8ab_b16_k8_isolated,isolated,ours,53,7,l0_ms,9.87184,recorder
20260925-072918_perlmutter_cb90a27f,ours_l01_s1_pv2_r2_pv3c_eps05_trace-a2e8ab_b16_k8_isolated,isolated,ours,53,8,l0_ms,10.20464,recorder
20260925-072918_perlmutter_cb90a27f,ours_l01_s1_pv2_r2_pv3c_eps05_trace-a2e8ab_b16_k8_isolated,isolated,ours,53,9,l0_ms,10.542336,recorder
20260925-072918_perlmutter_cb90a27f,ours_l01_s1_pv2_r2_pv3c_eps05_trace-a2e8ab_b16_k8_isolated,isolated,ours,53,0,act_ms,0.054688,recorder
20260925-072918_perlmutter_cb90a27f,ours_l01_s1_pv2_r2_pv3c_eps05_trace-a2e8ab_b16_k8_isolated,isolated,ours,53,1,act_ms,0.038944,recorder
20260925-072918_perlmutter_cb90a27f,ours_l01_s1_pv2_r2_pv3c_eps05_trace-a2e8ab_b16_k8_isolated,isolated,ours,53,2,act_ms,0.038688,recorder
20260925-072918_perlmutter_cb90a27f,ours_l01_s1_pv2_r2_pv3c_eps05_trace-a2e8ab_b16_k8_isolated,isolated,ours,53,3,act_ms,0.039648,recorder
20260925-072918_perlmutter_cb90a27f,ours_l01_s1_pv2_r2_pv3c_eps05_trace-a2e8ab_b16_k8_isolated,isolated,ours,53,4,act_ms,0.056064,recorder
20260925-072918_perlmutter_cb90a27f,ours_l01_s1_pv2_r2_pv3c_eps05_trace-a2e8ab_b16_k8_isolated,isolated,ours,53,5,act_ms,0.053344,recorder
20260925-072918_perlmutter_cb90a27f,ours_l01_s1_pv2_r2_pv3c_eps05_trace-a2e8ab_b16_k8_isolated,isolated,ours,53,6,act_ms,0.041408,recorder
20260925-072918_perlmutter_cb90a27f,ours_l01_s1_pv2_r2_pv3c_eps05_trace-a2e8ab_b16_k8_isolated,isolated,ours,53,7,act_ms,0.043616,recorder
20260925-072918_perlmutter_cb90a27f,ours_l01_s1_pv2_r2_pv3c_eps05_trace-a2e8ab_b16_k8_isolated,isolated,ours,53,8,act_ms,0.054784,recorder
20260925-072918_perlmutter_cb90a27f,ours_l01_s1_pv2_r2_pv3c_eps05_trace-a2e8ab_b16_k8_isolated,isolated,ours,53,9,act_ms,0.038976,recorder
20260925-072918_perlmutter_cb90a27f,ours_l01_s1_pv2_r2_pv3c_eps05_trace-a2e8ab_b16_k8_isolated,isolated,ours,53,0,l1_ms,488.065216,recorder
20260925-072918_perlmutter_cb90a27f,ours_l01_s1_pv2_r2_pv3c_eps05_trace-a2e8ab_b16_k8_isolated,isolated,ours,53,1,l1_ms,337.011963,recorder
20260925-072918_perlmutter_cb90a27f,ours_l01_s1_pv2_r2_pv3c_eps05_trace-a2e8ab_b16_k8_isolated,isolated,ours,53,2,l1_ms,9.670912,recorder
20260925-072918_perlmutter_cb90a27f,ours_l01_s1_pv2_r2_pv3c_eps05_trace-a2e8ab_b16_k8_isolated,isolated,ours,53,3,l1_ms,486.342621,recorder
20260925-072918_perlmutter_cb90a27f,ours_l01_s1_pv2_r2_pv3c_eps05_trace-a2e8ab_b16_k8_isolated,isolated,ours,53,4,l1_ms,428.124329,recorder
20260925-072918_perlmutter_cb90a27f,ours_l01_s1_pv2_r2_pv3c_eps05_trace-a2e8ab_b16_k8_isolated,isolated,ours,53,5,l1_ms,11.38912,recorder
20260925-072918_perlmutter_cb90a27f,ours_l01_s1_pv2_r2_pv3c_eps05_trace-a2e8ab_b16_k8_isolated,isolated,ours,53,6,l1_ms,10.34096,recorder
20260925-072918_perlmutter_cb90a27f,ours_l01_s1_pv2_r2_pv3c_eps05_trace-a2e8ab_b16_k8_isolated,isolated,ours,53,7,l1_ms,483.162964,recorder
20260925-072918_perlmutter_cb90a27f,ours_l01_s1_pv2_r2_pv3c_eps05_trace-a2e8ab_b16_k8_isolated,isolated,ours,53,8,l1_ms,9.89888,recorder
20260925-072918_perlmutter_cb90a27f,ours_l01_s1_pv2_r2_pv3c_eps05_trace-a2e8ab_b16_k8_isolated,isolated,ours,53,9,l1_ms,339.169006,recorder
20260925-072918_perlmutter_cb90a27f,ours_l01_s1_pv2_r2_pv3c_eps05_trace-a2e8ab_b16_k8_isolated,isolated,ours,53,0,plan_comm_ms,0.57264,recorder
20260925-072918_perlmutter_cb90a27f,ours_l01_s1_pv2_r2_pv3c_eps05_trace-a2e8ab_b16_k8_isolated,isolated,ours,53,1,plan_comm_ms,0.863488,recorder
20260925-072918_perlmutter_cb90a27f,ours_l01_s1_pv2_r2_pv3c_eps05_trace-a2e8ab_b16_k8_isolated,isolated,ours,53,2,plan_comm_ms,0.824864,recorder
20260925-072918_perlmutter_cb90a27f,ours_l01_s1_pv2_r2_pv3c_eps05_trace-a2e8ab_b16_k8_isolated,isolated,ours,53,3,plan_comm_ms,0.585632,recorder
20260925-072918_perlmutter_cb90a27f,ours_l01_s1_pv2_r2_pv3c_eps05_trace-a2e8ab_b16_k8_isolated,isolated,ours,53,4,plan_comm_ms,0.685152,recorder
20260925-072918_perlmutter_cb90a27f,ours_l01_s1_pv2_r2_pv3c_eps05_trace-a2e8ab_b16_k8_isolated,isolated,ours,53,5,plan_comm_ms,0.861504,recorder
20260925-072918_perlmutter_cb90a27f,ours_l01_s1_pv2_r2_pv3c_eps05_trace-a2e8ab_b16_k8_isolated,isolated,ours,53,6,plan_comm_ms,0.613728,recorder
20260925-072918_perlmutter_cb90a27f,ours_l01_s1_pv2_r2_pv3c_eps05_trace-a2e8ab_b16_k8_isolated,isolated,ours,53,7,plan_comm_ms,0.668256,recorder
20260925-072918_perlmutter_cb90a27f,ours_l01_s1_pv2_r2_pv3c_eps05_trace-a2e8ab_b16_k8_isolated,isolated,ours,53,8,plan_comm_ms,0.9336,recorder
20260925-072918_perlmutter_cb90a27f,ours_l01_s1_pv2_r2_pv3c_eps05_trace-a2e8ab_b16_k8_isolated,isolated,ours,53,9,plan_comm_ms,0.615456,recorder
20260925-072918_perlmutter_cb90a27f,ours_l01_s1_pv2_r2_pv3c_eps05_trace-a2e8ab_b16_k8_isolated,isolated,ours,53,0,place_ms,0.002304,recorder
20260925-072918_perlmutter_cb90a27f,ours_l01_s1_pv2_r2_pv3c_eps05_trace-a2e8ab_b16_k8_isolated,isolated,ours,53,1,place_ms,0.002304,recorder
20260925-072918_perlmutter_cb90a27f,ours_l01_s1_pv2_r2_pv3c_eps05_trace-a2e8ab_b16_k8_isolated,isolated,ours,53,2,place_ms,0.002304,recorder
20260925-072918_perlmutter_cb90a27f,ours_l01_s1_pv2_r2_pv3c_eps05_trace-a2e8ab_b16_k8_isolated,isolated,ours,53,3,place_ms,0.002432,recorder
20260925-072918_perlmutter_cb90a27f,ours_l01_s1_pv2_r2_pv3c_eps05_trace-a2e8ab_b16_k8_isolated,isolated,ours,53,4,place_ms,0.002304,recorder
20260925-072918_perlmutter_cb90a27f,ours_l01_s1_pv2_r2_pv3c_eps05_trace-a2e8ab_b16_k8_isolated,isolated,ours,53,5,place_ms,0.002304,recorder
20260925-072918_perlmutter_cb90a27f,ours_l01_s1_pv2_r2_pv3c_eps05_trace-a2e8ab_b16_k8_isolated,isolated,ours,53,6,place_ms,0.002336,recorder
20260925-072918_perlmutter_cb90a27f,ours_l01_s1_pv2_r2_pv3c_eps05_trace-a2e8ab_b16_k8_isolated,isolated,ours,53,7,place_ms,0.002304,recorder
20260925-072918_perlmutter_cb90a27f,ours_l01_s1_pv2_r2_pv3c_eps05_trace-a2e8ab_b16_k8_isolated,isolated,ours,53,8,place_ms,0.002336,recorder
20260925-072918_perlmutter_cb90a27f,ours_l01_s1_pv2_r2_pv3c_eps05_trace-a2e8ab_b16_k8_isolated,isolated,ours,53,9,place_ms,0.002304,recorder
20260925-072918_perlmutter_cb90a27f,ours_l01_s1_pv2_r2_pv3c_eps05_trace-a2e8ab_b16_k8_isolated,isolated,ours,53,0,plan_ms,1.82816,recorder
20260925-072918_perlmutter_cb90a27f,ours_l01_s1_pv2_r2_pv3c_eps05_trace-a2e8ab_b16_k8_isolated,isolated,ours,53,1,plan_ms,1.88464,recorder
20260925-072918_perlmutter_cb90a27f,ours_l01_s1_pv2_r2_pv3c_eps05_trace-a2e8ab_b16_k8_isolated,isolated,ours,53,2,plan_ms,1.855904,recorder
20260925-072918_perlmutter_cb90a27f,ours_l01_s1_pv2_r2_pv3c_eps05_trace-a2e8ab_b16_k8_isolated,isolated,ours,53,3,plan_ms,1.832736,recorder
20260925-072918_perlmutter_cb90a27f,ours_l01_s1_pv2_r2_pv3c_eps05_trace-a2e8ab_b16_k8_isolated,isolated,ours,53,4,plan_ms,1.8232,recorder
20260925-072918_perlmutter_cb90a27f,ours_l01_s1_pv2_r2_pv3c_eps05_trace-a2e8ab_b16_k8_isolated,isolated,ours,53,5,plan_ms,1.851488,recorder
20260925-072918_perlmutter_cb90a27f,ours_l01_s1_pv2_r2_pv3c_eps05_trace-a2e8ab_b16_k8_isolated,isolated,ours,53,6,plan_ms,1.81136,recorder
20260925-072918_perlmutter_cb90a27f,ours_l01_s1_pv2_r2_pv3c_eps05_trace-a2e8ab_b16_k8_isolated,isolated,ours,53,7,plan_ms,1.837856,recorder
20260925-072918_perlmutter_cb90a27f,ours_l01_s1_pv2_r2_pv3c_eps05_trace-a2e8ab_b16_k8_isolated,isolated,ours,53,8,plan_ms,1.85456,recorder
20260925-072918_perlmutter_cb90a27f,ours_l01_s1_pv2_r2_pv3c_eps05_trace-a2e8ab_b16_k8_isolated,isolated,ours,53,9,plan_ms,1.836128,recorder
20260925-072918_perlmutter_cb90a27f,ours_l01_s1_pv2_r2_pv3c_eps05_trace-a2e8ab_b16_k8_isolated,isolated,ours,53,0,total_ms,501.270691,recorder
20260925-072918_perlmutter_cb90a27f,ours_l01_s1_pv2_r2_pv3c_eps05_trace-a2e8ab_b16_k8_isolated,isolated,ours,53,1,total_ms,350.533691,recorder
20260925-072918_perlmutter_cb90a27f,ours_l01_s1_pv2_r2_pv3c_eps05_trace-a2e8ab_b16_k8_isolated,isolated,ours,53,2,total_ms,23.0448,recorder
20260925-072918_perlmutter_cb90a27f,ours_l01_s1_pv2_r2_pv3c_eps05_trace-a2e8ab_b16_k8_isolated,isolated,ours,53,3,total_ms,500.896667,recorder
20260925-072918_perlmutter_cb90a27f,ours_l01_s1_pv2_r2_pv3c_eps05_trace-a2e8ab_b16_k8_isolated,isolated,ours,53,4,total_ms,442.803528,recorder
20260925-072918_perlmutter_cb90a27f,ours_l01_s1_pv2_r2_pv3c_eps05_trace-a2e8ab_b16_k8_isolated,isolated,ours,53,5,total_ms,25.446304,recorder
20260925-072918_perlmutter_cb90a27f,ours_l01_s1_pv2_r2_pv3c_eps05_trace-a2e8ab_b16_k8_isolated,isolated,ours,53,6,total_ms,24.382528,recorder
20260925-072918_perlmutter_cb90a27f,ours_l01_s1_pv2_r2_pv3c_eps05_trace-a2e8ab_b16_k8_isolated,isolated,ours,53,7,total_ms,495.595947,recorder
20260925-072918_perlmutter_cb90a27f,ours_l01_s1_pv2_r2_pv3c_eps05_trace-a2e8ab_b16_k8_isolated,isolated,ours,53,8,total_ms,22.957697,recorder
20260925-072918_perlmutter_cb90a27f,ours_l01_s1_pv2_r2_pv3c_eps05_trace-a2e8ab_b16_k8_isolated,isolated,ours,53,9,total_ms,352.213257,recorder
20260925-072918_perlmutter_cb90a27f,ours_l01_s1_pv2_r2_pv3c_eps05_trace-a2e8ab_b16_k8_isolated,isolated,ours,53,0,iso_sync_ms,19.493215,recorder
20260925-072918_perlmutter_cb90a27f,ours_l01_s1_pv2_r2_pv3c_eps05_trace-a2e8ab_b16_k8_isolated,isolated,ours,53,1,iso_sync_ms,498.454708,recorder
20260925-072918_perlmutter_cb90a27f,ours_l01_s1_pv2_r2_pv3c_eps05_trace-a2e8ab_b16_k8_isolated,isolated,ours,53,2,iso_sync_ms,346.711355,recorder
20260925-072918_perlmutter_cb90a27f,ours_l01_s1_pv2_r2_pv3c_eps05_trace-a2e8ab_b16_k8_isolated,isolated,ours,53,3,iso_sync_ms,18.727807,recorder
20260925-072918_perlmutter_cb90a27f,ours_l01_s1_pv2_r2_pv3c_eps05_trace-a2e8ab_b16_k8_isolated,isolated,ours,53,4,iso_sync_ms,497.76033,recorder
20260925-072918_perlmutter_cb90a27f,ours_l01_s1_pv2_r2_pv3c_eps05_trace-a2e8ab_b16_k8_isolated,isolated,ours,53,5,iso_sync_ms,438.910894,recorder
20260925-072918_perlmutter_cb90a27f,ours_l01_s1_pv2_r2_pv3c_eps05_trace-a2e8ab_b16_k8_isolated,isolated,ours,53,6,iso_sync_ms,21.143532,recorder
20260925-072918_perlmutter_cb90a27f,ours_l01_s1_pv2_r2_pv3c_eps05_trace-a2e8ab_b16_k8_isolated,isolated,ours,53,7,iso_sync_ms,20.433833,recorder
20260925-072918_perlmutter_cb90a27f,ours_l01_s1_pv2_r2_pv3c_eps05_trace-a2e8ab_b16_k8_isolated,isolated,ours,53,8,iso_sync_ms,491.988181,recorder
20260925-072918_perlmutter_cb90a27f,ours_l01_s1_pv2_r2_pv3c_eps05_trace-a2e8ab_b16_k8_isolated,isolated,ours,53,9,iso_sync_ms,18.683321,recorder
20260925-072918_perlmutter_cb90a27f,ours_l01_s1_pv2_r2_pv3c_eps05_trace-a2e8ab_b16_k8_isolated,isolated,ours,54,0,e2e_ms,498.831757,recorder
20260925-072918_perlmutter_cb90a27f,ours_l01_s1_pv2_r2_pv3c_eps05_trace-a2e8ab_b16_k8_isolated,isolated,ours,54,1,e2e_ms,347.841766,recorder
20260925-072918_perlmutter_cb90a27f,ours_l01_s1_pv2_r2_pv3c_eps05_trace-a2e8ab_b16_k8_isolated,isolated,ours,54,2,e2e_ms,20.368128,recorder
20260925-072918_perlmutter_cb90a27f,ours_l01_s1_pv2_r2_pv3c_eps05_trace-a2e8ab_b16_k8_isolated,isolated,ours,54,3,e2e_ms,498.528412,recorder
20260925-072918_perlmutter_cb90a27f,ours_l01_s1_pv2_r2_pv3c_eps05_trace-a2e8ab_b16_k8_isolated,isolated,ours,54,4,e2e_ms,440.300262,recorder
20260925-072918_perlmutter_cb90a27f,ours_l01_s1_pv2_r2_pv3c_eps05_trace-a2e8ab_b16_k8_isolated,isolated,ours,54,5,e2e_ms,22.734848,recorder
20260925-072918_perlmutter_cb90a27f,ours_l01_s1_pv2_r2_pv3c_eps05_trace-a2e8ab_b16_k8_isolated,isolated,ours,54,6,e2e_ms,21.952192,recorder
20260925-072918_perlmutter_cb90a27f,ours_l01_s1_pv2_r2_pv3c_eps05_trace-a2e8ab_b16_k8_isolated,isolated,ours,54,7,e2e_ms,493.082062,recorder
20260925-072918_perlmutter_cb90a27f,ours_l01_s1_pv2_r2_pv3c_eps05_trace-a2e8ab_b16_k8_isolated,isolated,ours,54,8,e2e_ms,20.152321,recorder
20260925-072918_perlmutter_cb90a27f,ours_l01_s1_pv2_r2_pv3c_eps05_trace-a2e8ab_b16_k8_isolated,isolated,ours,54,9,e2e_ms,349.81604,recorder
20260925-072918_perlmutter_cb90a27f,ours_l01_s1_pv2_r2_pv3c_eps05_trace-a2e8ab_b16_k8_isolated,isolated,ours,54,0,l0_ms,10.762368,recorder
20260925-072918_perlmutter_cb90a27f,ours_l01_s1_pv2_r2_pv3c_eps05_trace-a2e8ab_b16_k8_isolated,isolated,ours,54,1,l0_ms,10.784576,recorder
20260925-072918_perlmutter_cb90a27f,ours_l01_s1_pv2_r2_pv3c_eps05_trace-a2e8ab_b16_k8_isolated,isolated,ours,54,2,l0_ms,10.67072,recorder
20260925-072918_perlmutter_cb90a27f,ours_l01_s1_pv2_r2_pv3c_eps05_trace-a2e8ab_b16_k8_isolated,isolated,ours,54,3,l0_ms,12.110176,recorder
20260925-072918_perlmutter_cb90a27f,ours_l01_s1_pv2_r2_pv3c_eps05_trace-a2e8ab_b16_k8_isolated,isolated,ours,54,4,l0_ms,12.092448,recorder
20260925-072918_perlmutter_cb90a27f,ours_l01_s1_pv2_r2_pv3c_eps05_trace-a2e8ab_b16_k8_isolated,isolated,ours,54,5,l0_ms,11.277056,recorder
20260925-072918_perlmutter_cb90a27f,ours_l01_s1_pv2_r2_pv3c_eps05_trace-a2e8ab_b16_k8_isolated,isolated,ours,54,6,l0_ms,11.575008,recorder
20260925-072918_perlmutter_cb90a27f,ours_l01_s1_pv2_r2_pv3c_eps05_trace-a2e8ab_b16_k8_isolated,isolated,ours,54,7,l0_ms,9.903552,recorder
20260925-072918_perlmutter_cb90a27f,ours_l01_s1_pv2_r2_pv3c_eps05_trace-a2e8ab_b16_k8_isolated,isolated,ours,54,8,l0_ms,10.226496,recorder
20260925-072918_perlmutter_cb90a27f,ours_l01_s1_pv2_r2_pv3c_eps05_trace-a2e8ab_b16_k8_isolated,isolated,ours,54,9,l0_ms,10.542048,recorder
20260925-072918_perlmutter_cb90a27f,ours_l01_s1_pv2_r2_pv3c_eps05_trace-a2e8ab_b16_k8_isolated,isolated,ours,54,0,act_ms,0.031168,recorder
20260925-072918_perlmutter_cb90a27f,ours_l01_s1_pv2_r2_pv3c_eps05_trace-a2e8ab_b16_k8_isolated,isolated,ours,54,1,act_ms,0.030656,recorder
20260925-072918_perlmutter_cb90a27f,ours_l01_s1_pv2_r2_pv3c_eps05_trace-a2e8ab_b16_k8_isolated,isolated,ours,54,2,act_ms,0.0304,recorder
20260925-072918_perlmutter_cb90a27f,ours_l01_s1_pv2_r2_pv3c_eps05_trace-a2e8ab_b16_k8_isolated,isolated,ours,54,3,act_ms,0.032352,recorder
20260925-072918_perlmutter_cb90a27f,ours_l01_s1_pv2_r2_pv3c_eps05_trace-a2e8ab_b16_k8_isolated,isolated,ours,54,4,act_ms,0.031904,recorder
20260925-072918_perlmutter_cb90a27f,ours_l01_s1_pv2_r2_pv3c_eps05_trace-a2e8ab_b16_k8_isolated,isolated,ours,54,5,act_ms,0.031328,recorder
20260925-072918_perlmutter_cb90a27f,ours_l01_s1_pv2_r2_pv3c_eps05_trace-a2e8ab_b16_k8_isolated,isolated,ours,54,6,act_ms,0.03024,recorder
20260925-072918_perlmutter_cb90a27f,ours_l01_s1_pv2_r2_pv3c_eps05_trace-a2e8ab_b16_k8_isolated,isolated,ours,54,7,act_ms,0.030016,recorder
20260925-072918_perlmutter_cb90a27f,ours_l01_s1_pv2_r2_pv3c_eps05_trace-a2e8ab_b16_k8_isolated,isolated,ours,54,8,act_ms,0.031872,recorder
20260925-072918_perlmutter_cb90a27f,ours_l01_s1_pv2_r2_pv3c_eps05_trace-a2e8ab_b16_k8_isolated,isolated,ours,54,9,act_ms,0.029568,recorder
20260925-072918_perlmutter_cb90a27f,ours_l01_s1_pv2_r2_pv3c_eps05_trace-a2e8ab_b16_k8_isolated,isolated,ours,54,0,l1_ms,488.038208,recorder
20260925-072918_perlmutter_cb90a27f,ours_l01_s1_pv2_r2_pv3c_eps05_trace-a2e8ab_b16_k8_isolated,isolated,ours,54,1,l1_ms,337.02652,recorder
20260925-072918_perlmutter_cb90a27f,ours_l01_s1_pv2_r2_pv3c_eps05_trace-a2e8ab_b16_k8_isolated,isolated,ours,54,2,l1_ms,9.667008,recorder
20260925-072918_perlmutter_cb90a27f,ours_l01_s1_pv2_r2_pv3c_eps05_trace-a2e8ab_b16_k8_isolated,isolated,ours,54,3,l1_ms,486.385895,recorder
20260925-072918_perlmutter_cb90a27f,ours_l01_s1_pv2_r2_pv3c_eps05_trace-a2e8ab_b16_k8_isolated,isolated,ours,54,4,l1_ms,428.175903,recorder
20260925-072918_perlmutter_cb90a27f,ours_l01_s1_pv2_r2_pv3c_eps05_trace-a2e8ab_b16_k8_isolated,isolated,ours,54,5,l1_ms,11.426464,recorder
20260925-072918_perlmutter_cb90a27f,ours_l01_s1_pv2_r2_pv3c_eps05_trace-a2e8ab_b16_k8_isolated,isolated,ours,54,6,l1_ms,10.346944,recorder
20260925-072918_perlmutter_cb90a27f,ours_l01_s1_pv2_r2_pv3c_eps05_trace-a2e8ab_b16_k8_isolated,isolated,ours,54,7,l1_ms,483.148468,recorder
20260925-072918_perlmutter_cb90a27f,ours_l01_s1_pv2_r2_pv3c_eps05_trace-a2e8ab_b16_k8_isolated,isolated,ours,54,8,l1_ms,9.893952,recorder
20260925-072918_perlmutter_cb90a27f,ours_l01_s1_pv2_r2_pv3c_eps05_trace-a2e8ab_b16_k8_isolated,isolated,ours,54,9,l1_ms,339.244415,recorder
20260925-072918_perlmutter_cb90a27f,ours_l01_s1_pv2_r2_pv3c_eps05_trace-a2e8ab_b16_k8_isolated,isolated,ours,54,0,plan_comm_ms,0.578336,recorder
20260925-072918_perlmutter_cb90a27f,ours_l01_s1_pv2_r2_pv3c_eps05_trace-a2e8ab_b16_k8_isolated,isolated,ours,54,1,plan_comm_ms,0.858464,recorder
20260925-072918_perlmutter_cb90a27f,ours_l01_s1_pv2_r2_pv3c_eps05_trace-a2e8ab_b16_k8_isolated,isolated,ours,54,2,plan_comm_ms,0.837184,recorder
20260925-072918_perlmutter_cb90a27f,ours_l01_s1_pv2_r2_pv3c_eps05_trace-a2e8ab_b16_k8_isolated,isolated,ours,54,3,plan_comm_ms,0.586624,recorder
20260925-072918_perlmutter_cb90a27f,ours_l01_s1_pv2_r2_pv3c_eps05_trace-a2e8ab_b16_k8_isolated,isolated,ours,54,4,plan_comm_ms,0.476448,recorder
20260925-072918_perlmutter_cb90a27f,ours_l01_s1_pv2_r2_pv3c_eps05_trace-a2e8ab_b16_k8_isolated,isolated,ours,54,5,plan_comm_ms,0.682528,recorder
20260925-072918_perlmutter_cb90a27f,ours_l01_s1_pv2_r2_pv3c_eps05_trace-a2e8ab_b16_k8_isolated,isolated,ours,54,6,plan_comm_ms,0.612032,recorder
20260925-072918_perlmutter_cb90a27f,ours_l01_s1_pv2_r2_pv3c_eps05_trace-a2e8ab_b16_k8_isolated,isolated,ours,54,7,plan_comm_ms,0.6688,recorder
20260925-072918_perlmutter_cb90a27f,ours_l01_s1_pv2_r2_pv3c_eps05_trace-a2e8ab_b16_k8_isolated,isolated,ours,54,8,plan_comm_ms,0.7408,recorder
20260925-072918_perlmutter_cb90a27f,ours_l01_s1_pv2_r2_pv3c_eps05_trace-a2e8ab_b16_k8_isolated,isolated,ours,54,9,plan_comm_ms,0.51744,recorder
20260925-072918_perlmutter_cb90a27f,ours_l01_s1_pv2_r2_pv3c_eps05_trace-a2e8ab_b16_k8_isolated,isolated,ours,54,0,place_ms,0.00256,recorder
20260925-072918_perlmutter_cb90a27f,ours_l01_s1_pv2_r2_pv3c_eps05_trace-a2e8ab_b16_k8_isolated,isolated,ours,54,1,place_ms,0.002336,recorder
20260925-072918_perlmutter_cb90a27f,ours_l01_s1_pv2_r2_pv3c_eps05_trace-a2e8ab_b16_k8_isolated,isolated,ours,54,2,place_ms,0.002336,recorder
20260925-072918_perlmutter_cb90a27f,ours_l01_s1_pv2_r2_pv3c_eps05_trace-a2e8ab_b16_k8_isolated,isolated,ours,54,3,place_ms,0.002336,recorder
20260925-072918_perlmutter_cb90a27f,ours_l01_s1_pv2_r2_pv3c_eps05_trace-a2e8ab_b16_k8_isolated,isolated,ours,54,4,place_ms,0.002336,recorder
20260925-072918_perlmutter_cb90a27f,ours_l01_s1_pv2_r2_pv3c_eps05_trace-a2e8ab_b16_k8_isolated,isolated,ours,54,5,place_ms,0.002336,recorder
20260925-072918_perlmutter_cb90a27f,ours_l01_s1_pv2_r2_pv3c_eps05_trace-a2e8ab_b16_k8_isolated,isolated,ours,54,6,place_ms,0.002528,recorder
20260925-072918_perlmutter_cb90a27f,ours_l01_s1_pv2_r2_pv3c_eps05_trace-a2e8ab_b16_k8_isolated,isolated,ours,54,7,place_ms,0.002368,recorder
20260925-072918_perlmutter_cb90a27f,ours_l01_s1_pv2_r2_pv3c_eps05_trace-a2e8ab_b16_k8_isolated,isolated,ours,54,8,place_ms,0.002368,recorder
20260925-072918_perlmutter_cb90a27f,ours_l01_s1_pv2_r2_pv3c_eps05_trace-a2e8ab_b16_k8_isolated,isolated,ours,54,9,place_ms,0.002336,recorder
20260925-072918_perlmutter_cb90a27f,ours_l01_s1_pv2_r2_pv3c_eps05_trace-a2e8ab_b16_k8_isolated,isolated,ours,54,0,plan_ms,1.81824,recorder
20260925-072918_perlmutter_cb90a27f,ours_l01_s1_pv2_r2_pv3c_eps05_trace-a2e8ab_b16_k8_isolated,isolated,ours,54,1,plan_ms,1.827904,recorder
20260925-072918_perlmutter_cb90a27f,ours_l01_s1_pv2_r2_pv3c_eps05_trace-a2e8ab_b16_k8_isolated,isolated,ours,54,2,plan_ms,1.834752,recorder
20260925-072918_perlmutter_cb90a27f,ours_l01_s1_pv2_r2_pv3c_eps05_trace-a2e8ab_b16_k8_isolated,isolated,ours,54,3,plan_ms,1.815552,recorder
20260925-072918_perlmutter_cb90a27f,ours_l01_s1_pv2_r2_pv3c_eps05_trace-a2e8ab_b16_k8_isolated,isolated,ours,54,4,plan_ms,1.830368,recorder
20260925-072918_perlmutter_cb90a27f,ours_l01_s1_pv2_r2_pv3c_eps05_trace-a2e8ab_b16_k8_isolated,isolated,ours,54,5,plan_ms,1.839296,recorder
20260925-072918_perlmutter_cb90a27f,ours_l01_s1_pv2_r2_pv3c_eps05_trace-a2e8ab_b16_k8_isolated,isolated,ours,54,6,plan_ms,1.808384,recorder
20260925-072918_perlmutter_cb90a27f,ours_l01_s1_pv2_r2_pv3c_eps05_trace-a2e8ab_b16_k8_isolated,isolated,ours,54,7,plan_ms,1.813696,recorder
20260925-072918_perlmutter_cb90a27f,ours_l01_s1_pv2_r2_pv3c_eps05_trace-a2e8ab_b16_k8_isolated,isolated,ours,54,8,plan_ms,1.858144,recorder
20260925-072918_perlmutter_cb90a27f,ours_l01_s1_pv2_r2_pv3c_eps05_trace-a2e8ab_b16_k8_isolated,isolated,ours,54,9,plan_ms,1.845312,recorder
20260925-072918_perlmutter_cb90a27f,ours_l01_s1_pv2_r2_pv3c_eps05_trace-a2e8ab_b16_k8_isolated,isolated,ours,54,0,total_ms,501.240143,recorder
20260925-072918_perlmutter_cb90a27f,ours_l01_s1_pv2_r2_pv3c_eps05_trace-a2e8ab_b16_k8_isolated,isolated,ours,54,1,total_ms,350.540192,recorder
20260925-072918_perlmutter_cb90a27f,ours_l01_s1_pv2_r2_pv3c_eps05_trace-a2e8ab_b16_k8_isolated,isolated,ours,54,2,total_ms,23.051552,recorder
20260925-072918_perlmutter_cb90a27f,ours_l01_s1_pv2_r2_pv3c_eps05_trace-a2e8ab_b16_k8_isolated,isolated,ours,54,3,total_ms,500.941681,recorder
20260925-072918_perlmutter_cb90a27f,ours_l01_s1_pv2_r2_pv3c_eps05_trace-a2e8ab_b16_k8_isolated,isolated,ours,54,4,total_ms,442.618683,recorder
20260925-072918_perlmutter_cb90a27f,ours_l01_s1_pv2_r2_pv3c_eps05_trace-a2e8ab_b16_k8_isolated,isolated,ours,54,5,total_ms,25.267967,recorder
20260925-072918_perlmutter_cb90a27f,ours_l01_s1_pv2_r2_pv3c_eps05_trace-a2e8ab_b16_k8_isolated,isolated,ours,54,6,total_ms,24.384256,recorder
20260925-072918_perlmutter_cb90a27f,ours_l01_s1_pv2_r2_pv3c_eps05_trace-a2e8ab_b16_k8_isolated,isolated,ours,54,7,total_ms,495.575958,recorder
20260925-072918_perlmutter_cb90a27f,ours_l01_s1_pv2_r2_pv3c_eps05_trace-a2e8ab_b16_k8_isolated,isolated,ours,54,8,total_ms,22.763456,recorder
20260925-072918_perlmutter_cb90a27f,ours_l01_s1_pv2_r2_pv3c_eps05_trace-a2e8ab_b16_k8_isolated,isolated,ours,54,9,total_ms,352.190643,recorder
20260925-072918_perlmutter_cb90a27f,ours_l01_s1_pv2_r2_pv3c_eps05_trace-a2e8ab_b16_k8_isolated,isolated,ours,54,0,iso_sync_ms,19.549274,recorder
20260925-072918_perlmutter_cb90a27f,ours_l01_s1_pv2_r2_pv3c_eps05_trace-a2e8ab_b16_k8_isolated,isolated,ours,54,1,iso_sync_ms,498.436843,recorder
20260925-072918_perlmutter_cb90a27f,ours_l01_s1_pv2_r2_pv3c_eps05_trace-a2e8ab_b16_k8_isolated,isolated,ours,54,2,iso_sync_ms,346.627422,recorder
20260925-072918_perlmutter_cb90a27f,ours_l01_s1_pv2_r2_pv3c_eps05_trace-a2e8ab_b16_k8_isolated,isolated,ours,54,3,iso_sync_ms,18.941032,recorder
20260925-072918_perlmutter_cb90a27f,ours_l01_s1_pv2_r2_pv3c_eps05_trace-a2e8ab_b16_k8_isolated,isolated,ours,54,4,iso_sync_ms,497.859381,recorder
20260925-072918_perlmutter_cb90a27f,ours_l01_s1_pv2_r2_pv3c_eps05_trace-a2e8ab_b16_k8_isolated,isolated,ours,54,5,iso_sync_ms,438.776233,recorder
20260925-072918_perlmutter_cb90a27f,ours_l01_s1_pv2_r2_pv3c_eps05_trace-a2e8ab_b16_k8_isolated,isolated,ours,54,6,iso_sync_ms,21.095068,recorder
20260925-072918_perlmutter_cb90a27f,ours_l01_s1_pv2_r2_pv3c_eps05_trace-a2e8ab_b16_k8_isolated,isolated,ours,54,7,iso_sync_ms,20.497987,recorder
20260925-072918_perlmutter_cb90a27f,ours_l01_s1_pv2_r2_pv3c_eps05_trace-a2e8ab_b16_k8_isolated,isolated,ours,54,8,iso_sync_ms,492.048238,recorder
20260925-072918_perlmutter_cb90a27f,ours_l01_s1_pv2_r2_pv3c_eps05_trace-a2e8ab_b16_k8_isolated,isolated,ours,54,9,iso_sync_ms,18.577696,recorder
20260925-072918_perlmutter_cb90a27f,ours_l01_s1_pv2_r2_pv3c_eps05_trace-a2e8ab_b16_k8_isolated,isolated,ours,55,0,e2e_ms,498.838409,recorder
20260925-072918_perlmutter_cb90a27f,ours_l01_s1_pv2_r2_pv3c_eps05_trace-a2e8ab_b16_k8_isolated,isolated,ours,55,1,e2e_ms,347.858429,recorder
20260925-072918_perlmutter_cb90a27f,ours_l01_s1_pv2_r2_pv3c_eps05_trace-a2e8ab_b16_k8_isolated,isolated,ours,55,2,e2e_ms,20.377792,recorder
20260925-072918_perlmutter_cb90a27f,ours_l01_s1_pv2_r2_pv3c_eps05_trace-a2e8ab_b16_k8_isolated,isolated,ours,55,3,e2e_ms,498.569153,recorder
20260925-072918_perlmutter_cb90a27f,ours_l01_s1_pv2_r2_pv3c_eps05_trace-a2e8ab_b16_k8_isolated,isolated,ours,55,4,e2e_ms,440.277527,recorder
20260925-072918_perlmutter_cb90a27f,ours_l01_s1_pv2_r2_pv3c_eps05_trace-a2e8ab_b16_k8_isolated,isolated,ours,55,5,e2e_ms,22.740801,recorder
20260925-072918_perlmutter_cb90a27f,ours_l01_s1_pv2_r2_pv3c_eps05_trace-a2e8ab_b16_k8_isolated,isolated,ours,55,6,e2e_ms,21.95792,recorder
20260925-072918_perlmutter_cb90a27f,ours_l01_s1_pv2_r2_pv3c_eps05_trace-a2e8ab_b16_k8_isolated,isolated,ours,55,7,e2e_ms,493.089417,recorder
20260925-072918_perlmutter_cb90a27f,ours_l01_s1_pv2_r2_pv3c_eps05_trace-a2e8ab_b16_k8_isolated,isolated,ours,55,8,e2e_ms,20.192608,recorder
20260925-072918_perlmutter_cb90a27f,ours_l01_s1_pv2_r2_pv3c_eps05_trace-a2e8ab_b16_k8_isolated,isolated,ours,55,9,e2e_ms,349.772552,recorder
20260925-072918_perlmutter_cb90a27f,ours_l01_s1_pv2_r2_pv3c_eps05_trace-a2e8ab_b16_k8_isolated,isolated,ours,55,0,l0_ms,10.757632,recorder
20260925-072918_perlmutter_cb90a27f,ours_l01_s1_pv2_r2_pv3c_eps05_trace-a2e8ab_b16_k8_isolated,isolated,ours,55,1,l0_ms,10.794464,recorder
20260925-072918_perlmutter_cb90a27f,ours_l01_s1_pv2_r2_pv3c_eps05_trace-a2e8ab_b16_k8_isolated,isolated,ours,55,2,l0_ms,10.657568,recorder
20260925-072918_perlmutter_cb90a27f,ours_l01_s1_pv2_r2_pv3c_eps05_trace-a2e8ab_b16_k8_isolated,isolated,ours,55,3,l0_ms,12.107648,recorder
20260925-072918_perlmutter_cb90a27f,ours_l01_s1_pv2_r2_pv3c_eps05_trace-a2e8ab_b16_k8_isolated,isolated,ours,55,4,l0_ms,12.09936,recorder
20260925-072918_perlmutter_cb90a27f,ours_l01_s1_pv2_r2_pv3c_eps05_trace-a2e8ab_b16_k8_isolated,isolated,ours,55,5,l0_ms,11.30176,recorder
20260925-072918_perlmutter_cb90a27f,ours_l01_s1_pv2_r2_pv3c_eps05_trace-a2e8ab_b16_k8_isolated,isolated,ours,55,6,l0_ms,11.57696,recorder
20260925-072918_perlmutter_cb90a27f,ours_l01_s1_pv2_r2_pv3c_eps05_trace-a2e8ab_b16_k8_isolated,isolated,ours,55,7,l0_ms,9.89632,recorder
20260925-072918_perlmutter_cb90a27f,ours_l01_s1_pv2_r2_pv3c_eps05_trace-a2e8ab_b16_k8_isolated,isolated,ours,55,8,l0_ms,10.267808,recorder
20260925-072918_perlmutter_cb90a27f,ours_l01_s1_pv2_r2_pv3c_eps05_trace-a2e8ab_b16_k8_isolated,isolated,ours,55,9,l0_ms,10.556416,recorder
20260925-072918_perlmutter_cb90a27f,ours_l01_s1_pv2_r2_pv3c_eps05_trace-a2e8ab_b16_k8_isolated,isolated,ours,55,0,act_ms,0.036896,recorder
20260925-072918_perlmutter_cb90a27f,ours_l01_s1_pv2_r2_pv3c_eps05_trace-a2e8ab_b16_k8_isolated,isolated,ours,55,1,act_ms,0.037184,recorder
20260925-072918_perlmutter_cb90a27f,ours_l01_s1_pv2_r2_pv3c_eps05_trace-a2e8ab_b16_k8_isolated,isolated,ours,55,2,act_ms,0.036832,recorder
20260925-072918_perlmutter_cb90a27f,ours_l01_s1_pv2_r2_pv3c_eps05_trace-a2e8ab_b16_k8_isolated,isolated,ours,55,3,act_ms,0.035648,recorder
20260925-072918_perlmutter_cb90a27f,ours_l01_s1_pv2_r2_pv3c_eps05_trace-a2e8ab_b16_k8_isolated,isolated,ours,55,4,act_ms,0.03696,recorder
20260925-072918_perlmutter_cb90a27f,ours_l01_s1_pv2_r2_pv3c_eps05_trace-a2e8ab_b16_k8_isolated,isolated,ours,55,5,act_ms,0.038848,recorder
20260925-072918_perlmutter_cb90a27f,ours_l01_s1_pv2_r2_pv3c_eps05_trace-a2e8ab_b16_k8_isolated,isolated,ours,55,6,act_ms,0.035392,recorder
20260925-072918_perlmutter_cb90a27f,ours_l01_s1_pv2_r2_pv3c_eps05_trace-a2e8ab_b16_k8_isolated,isolated,ours,55,7,act_ms,0.038272,recorder
20260925-072918_perlmutter_cb90a27f,ours_l01_s1_pv2_r2_pv3c_eps05_trace-a2e8ab_b16_k8_isolated,isolated,ours,55,8,act_ms,0.035584,recorder
20260925-072918_perlmutter_cb90a27f,ours_l01_s1_pv2_r2_pv3c_eps05_trace-a2e8ab_b16_k8_isolated,isolated,ours,55,9,act_ms,0.03888,recorder
20260925-072918_perlmutter_cb90a27f,ours_l01_s1_pv2_r2_pv3c_eps05_trace-a2e8ab_b16_k8_isolated,isolated,ours,55,0,l1_ms,488.043884,recorder
20260925-072918_perlmutter_cb90a27f,ours_l01_s1_pv2_r2_pv3c_eps05_trace-a2e8ab_b16_k8_isolated,isolated,ours,55,1,l1_ms,337.026794,recorder
20260925-072918_perlmutter_cb90a27f,ours_l01_s1_pv2_r2_pv3c_eps05_trace-a2e8ab_b16_k8_isolated,isolated,ours,55,2,l1_ms,9.683392,recorder
20260925-072918_perlmutter_cb90a27f,ours_l01_s1_pv2_r2_pv3c_eps05_trace-a2e8ab_b16_k8_isolated,isolated,ours,55,3,l1_ms,486.425842,recorder
20260925-072918_perlmutter_cb90a27f,ours_l01_s1_pv2_r2_pv3c_eps05_trace-a2e8ab_b16_k8_isolated,isolated,ours,55,4,l1_ms,428.141205,recorder
20260925-072918_perlmutter_cb90a27f,ours_l01_s1_pv2_r2_pv3c_eps05_trace-a2e8ab_b16_k8_isolated,isolated,ours,55,5,l1_ms,11.400192,recorder
20260925-072918_perlmutter_cb90a27f,ours_l01_s1_pv2_r2_pv3c_eps05_trace-a2e8ab_b16_k8_isolated,isolated,ours,55,6,l1_ms,10.345568,recorder
20260925-072918_perlmutter_cb90a27f,ours_l01_s1_pv2_r2_pv3c_eps05_trace-a2e8ab_b16_k8_isolated,isolated,ours,55,7,l1_ms,483.154816,recorder
20260925-072918_perlmutter_cb90a27f,ours_l01_s1_pv2_r2_pv3c_eps05_trace-a2e8ab_b16_k8_isolated,isolated,ours,55,8,l1_ms,9.889216,recorder
20260925-072918_perlmutter_cb90a27f,ours_l01_s1_pv2_r2_pv3c_eps05_trace-a2e8ab_b16_k8_isolated,isolated,ours,55,9,l1_ms,339.177246,recorder
20260925-072918_perlmutter_cb90a27f,ours_l01_s1_pv2_r2_pv3c_eps05_trace-a2e8ab_b16_k8_isolated,isolated,ours,55,0,plan_comm_ms,0.579776,recorder
20260925-072918_perlmutter_cb90a27f,ours_l01_s1_pv2_r2_pv3c_eps05_trace-a2e8ab_b16_k8_isolated,isolated,ours,55,1,plan_comm_ms,0.882336,recorder
20260925-072918_perlmutter_cb90a27f,ours_l01_s1_pv2_r2_pv3c_eps05_trace-a2e8ab_b16_k8_isolated,isolated,ours,55,2,plan_comm_ms,0.84464,recorder
20260925-072918_perlmutter_cb90a27f,ours_l01_s1_pv2_r2_pv3c_eps05_trace-a2e8ab_b16_k8_isolated,isolated,ours,55,3,plan_comm_ms,0.586432,recorder
20260925-072918_perlmutter_cb90a27f,ours_l01_s1_pv2_r2_pv3c_eps05_trace-a2e8ab_b16_k8_isolated,isolated,ours,55,4,plan_comm_ms,0.595808,recorder
20260925-072918_perlmutter_cb90a27f,ours_l01_s1_pv2_r2_pv3c_eps05_trace-a2e8ab_b16_k8_isolated,isolated,ours,55,5,plan_comm_ms,0.8704,recorder
20260925-072918_perlmutter_cb90a27f,ours_l01_s1_pv2_r2_pv3c_eps05_trace-a2e8ab_b16_k8_isolated,isolated,ours,55,6,plan_comm_ms,0.61632,recorder
20260925-072918_perlmutter_cb90a27f,ours_l01_s1_pv2_r2_pv3c_eps05_trace-a2e8ab_b16_k8_isolated,isolated,ours,55,7,plan_comm_ms,0.66912,recorder
20260925-072918_perlmutter_cb90a27f,ours_l01_s1_pv2_r2_pv3c_eps05_trace-a2e8ab_b16_k8_isolated,isolated,ours,55,8,plan_comm_ms,0.936704,recorder
20260925-072918_perlmutter_cb90a27f,ours_l01_s1_pv2_r2_pv3c_eps05_trace-a2e8ab_b16_k8_isolated,isolated,ours,55,9,plan_comm_ms,0.618432,recorder
20260925-072918_perlmutter_cb90a27f,ours_l01_s1_pv2_r2_pv3c_eps05_trace-a2e8ab_b16_k8_isolated,isolated,ours,55,0,place_ms,0.002304,recorder
20260925-072918_perlmutter_cb90a27f,ours_l01_s1_pv2_r2_pv3c_eps05_trace-a2e8ab_b16_k8_isolated,isolated,ours,55,1,place_ms,0.002336,recorder
20260925-072918_perlmutter_cb90a27f,ours_l01_s1_pv2_r2_pv3c_eps05_trace-a2e8ab_b16_k8_isolated,isolated,ours,55,2,place_ms,0.002336,recorder
20260925-072918_perlmutter_cb90a27f,ours_l01_s1_pv2_r2_pv3c_eps05_trace-a2e8ab_b16_k8_isolated,isolated,ours,55,3,place_ms,0.002336,recorder
20260925-072918_perlmutter_cb90a27f,ours_l01_s1_pv2_r2_pv3c_eps05_trace-a2e8ab_b16_k8_isolated,isolated,ours,55,4,place_ms,0.002336,recorder
20260925-072918_perlmutter_cb90a27f,ours_l01_s1_pv2_r2_pv3c_eps05_trace-a2e8ab_b16_k8_isolated,isolated,ours,55,5,place_ms,0.002336,recorder
20260925-072918_perlmutter_cb90a27f,ours_l01_s1_pv2_r2_pv3c_eps05_trace-a2e8ab_b16_k8_isolated,isolated,ours,55,6,place_ms,0.002304,recorder
20260925-072918_perlmutter_cb90a27f,ours_l01_s1_pv2_r2_pv3c_eps05_trace-a2e8ab_b16_k8_isolated,isolated,ours,55,7,place_ms,0.002336,recorder
20260925-072918_perlmutter_cb90a27f,ours_l01_s1_pv2_r2_pv3c_eps05_trace-a2e8ab_b16_k8_isolated,isolated,ours,55,8,place_ms,0.002304,recorder
20260925-072918_perlmutter_cb90a27f,ours_l01_s1_pv2_r2_pv3c_eps05_trace-a2e8ab_b16_k8_isolated,isolated,ours,55,9,place_ms,0.002592,recorder
20260925-072918_perlmutter_cb90a27f,ours_l01_s1_pv2_r2_pv3c_eps05_trace-a2e8ab_b16_k8_isolated,isolated,ours,55,0,plan_ms,1.808192,recorder
20260925-072918_perlmutter_cb90a27f,ours_l01_s1_pv2_r2_pv3c_eps05_trace-a2e8ab_b16_k8_isolated,isolated,ours,55,1,plan_ms,1.815552,recorder
20260925-072918_perlmutter_cb90a27f,ours_l01_s1_pv2_r2_pv3c_eps05_trace-a2e8ab_b16_k8_isolated,isolated,ours,55,2,plan_ms,1.820416,recorder
20260925-072918_perlmutter_cb90a27f,ours_l01_s1_pv2_r2_pv3c_eps05_trace-a2e8ab_b16_k8_isolated,isolated,ours,55,3,plan_ms,1.804448,recorder
20260925-072918_perlmutter_cb90a27f,ours_l01_s1_pv2_r2_pv3c_eps05_trace-a2e8ab_b16_k8_isolated,isolated,ours,55,4,plan_ms,1.826528,recorder
20260925-072918_perlmutter_cb90a27f,ours_l01_s1_pv2_r2_pv3c_eps05_trace-a2e8ab_b16_k8_isolated,isolated,ours,55,5,plan_ms,1.814976,recorder
20260925-072918_perlmutter_cb90a27f,ours_l01_s1_pv2_r2_pv3c_eps05_trace-a2e8ab_b16_k8_isolated,isolated,ours,55,6,plan_ms,1.798336,recorder
20260925-072918_perlmutter_cb90a27f,ours_l01_s1_pv2_r2_pv3c_eps05_trace-a2e8ab_b16_k8_isolated,isolated,ours,55,7,plan_ms,1.817632,recorder
20260925-072918_perlmutter_cb90a27f,ours_l01_s1_pv2_r2_pv3c_eps05_trace-a2e8ab_b16_k8_isolated,isolated,ours,55,8,plan_ms,1.818528,recorder
20260925-072918_perlmutter_cb90a27f,ours_l01_s1_pv2_r2_pv3c_eps05_trace-a2e8ab_b16_k8_isolated,isolated,ours,55,9,plan_ms,1.816768,recorder
20260925-072918_perlmutter_cb90a27f,ours_l01_s1_pv2_r2_pv3c_eps05_trace-a2e8ab_b16_k8_isolated,isolated,ours,55,0,total_ms,501.237854,recorder
20260925-072918_perlmutter_cb90a27f,ours_l01_s1_pv2_r2_pv3c_eps05_trace-a2e8ab_b16_k8_isolated,isolated,ours,55,1,total_ms,350.568024,recorder
20260925-072918_perlmutter_cb90a27f,ours_l01_s1_pv2_r2_pv3c_eps05_trace-a2e8ab_b16_k8_isolated,isolated,ours,55,2,total_ms,23.05488,recorder
20260925-072918_perlmutter_cb90a27f,ours_l01_s1_pv2_r2_pv3c_eps05_trace-a2e8ab_b16_k8_isolated,isolated,ours,55,3,total_ms,500.971649,recorder
20260925-072918_perlmutter_cb90a27f,ours_l01_s1_pv2_r2_pv3c_eps05_trace-a2e8ab_b16_k8_isolated,isolated,ours,55,4,total_ms,442.711914,recorder
20260925-072918_perlmutter_cb90a27f,ours_l01_s1_pv2_r2_pv3c_eps05_trace-a2e8ab_b16_k8_isolated,isolated,ours,55,5,total_ms,25.438305,recorder
20260925-072918_perlmutter_cb90a27f,ours_l01_s1_pv2_r2_pv3c_eps05_trace-a2e8ab_b16_k8_isolated,isolated,ours,55,6,total_ms,24.383776,recorder
20260925-072918_perlmutter_cb90a27f,ours_l01_s1_pv2_r2_pv3c_eps05_trace-a2e8ab_b16_k8_isolated,isolated,ours,55,7,total_ms,495.587738,recorder
20260925-072918_perlmutter_cb90a27f,ours_l01_s1_pv2_r2_pv3c_eps05_trace-a2e8ab_b16_k8_isolated,isolated,ours,55,8,total_ms,22.959711,recorder
20260925-072918_perlmutter_cb90a27f,ours_l01_s1_pv2_r2_pv3c_eps05_trace-a2e8ab_b16_k8_isolated,isolated,ours,55,9,total_ms,352.220245,recorder
20260925-072918_perlmutter_cb90a27f,ours_l01_s1_pv2_r2_pv3c_eps05_trace-a2e8ab_b16_k8_isolated,isolated,ours,55,0,iso_sync_ms,19.515248,recorder
20260925-072918_perlmutter_cb90a27f,ours_l01_s1_pv2_r2_pv3c_eps05_trace-a2e8ab_b16_k8_isolated,isolated,ours,55,1,iso_sync_ms,498.480258,recorder
20260925-072918_perlmutter_cb90a27f,ours_l01_s1_pv2_r2_pv3c_eps05_trace-a2e8ab_b16_k8_isolated,isolated,ours,55,2,iso_sync_ms,346.863089,recorder
20260925-072918_perlmutter_cb90a27f,ours_l01_s1_pv2_r2_pv3c_eps05_trace-a2e8ab_b16_k8_isolated,isolated,ours,55,3,iso_sync_ms,18.844415,recorder
20260925-072918_perlmutter_cb90a27f,ours_l01_s1_pv2_r2_pv3c_eps05_trace-a2e8ab_b16_k8_isolated,isolated,ours,55,4,iso_sync_ms,497.81738,recorder
20260925-072918_perlmutter_cb90a27f,ours_l01_s1_pv2_r2_pv3c_eps05_trace-a2e8ab_b16_k8_isolated,isolated,ours,55,5,iso_sync_ms,438.321238,recorder
20260925-072918_perlmutter_cb90a27f,ours_l01_s1_pv2_r2_pv3c_eps05_trace-a2e8ab_b16_k8_isolated,isolated,ours,55,6,iso_sync_ms,21.034501,recorder
20260925-072918_perlmutter_cb90a27f,ours_l01_s1_pv2_r2_pv3c_eps05_trace-a2e8ab_b16_k8_isolated,isolated,ours,55,7,iso_sync_ms,20.465585,recorder
20260925-072918_perlmutter_cb90a27f,ours_l01_s1_pv2_r2_pv3c_eps05_trace-a2e8ab_b16_k8_isolated,isolated,ours,55,8,iso_sync_ms,492.012308,recorder
20260925-072918_perlmutter_cb90a27f,ours_l01_s1_pv2_r2_pv3c_eps05_trace-a2e8ab_b16_k8_isolated,isolated,ours,55,9,iso_sync_ms,18.757105,recorder
20260925-072918_perlmutter_cb90a27f,ours_l01_s1_pv2_r2_pv3c_eps05_trace-a2e8ab_b16_k8_isolated,isolated,ours,56,0,e2e_ms,499.04715,recorder
20260925-072918_perlmutter_cb90a27f,ours_l01_s1_pv2_r2_pv3c_eps05_trace-a2e8ab_b16_k8_isolated,isolated,ours,56,1,e2e_ms,347.866211,recorder
20260925-072918_perlmutter_cb90a27f,ours_l01_s1_pv2_r2_pv3c_eps05_trace-a2e8ab_b16_k8_isolated,isolated,ours,56,2,e2e_ms,20.359615,recorder
20260925-072918_perlmutter_cb90a27f,ours_l01_s1_pv2_r2_pv3c_eps05_trace-a2e8ab_b16_k8_isolated,isolated,ours,56,3,e2e_ms,498.607819,recorder
20260925-072918_perlmutter_cb90a27f,ours_l01_s1_pv2_r2_pv3c_eps05_trace-a2e8ab_b16_k8_isolated,isolated,ours,56,4,e2e_ms,440.308563,recorder
20260925-072918_perlmutter_cb90a27f,ours_l01_s1_pv2_r2_pv3c_eps05_trace-a2e8ab_b16_k8_isolated,isolated,ours,56,5,e2e_ms,22.743999,recorder
20260925-072918_perlmutter_cb90a27f,ours_l01_s1_pv2_r2_pv3c_eps05_trace-a2e8ab_b16_k8_isolated,isolated,ours,56,6,e2e_ms,21.950272,recorder
20260925-072918_perlmutter_cb90a27f,ours_l01_s1_pv2_r2_pv3c_eps05_trace-a2e8ab_b16_k8_isolated,isolated,ours,56,7,e2e_ms,493.057587,recorder
20260925-072918_perlmutter_cb90a27f,ours_l01_s1_pv2_r2_pv3c_eps05_trace-a2e8ab_b16_k8_isolated,isolated,ours,56,8,e2e_ms,20.208351,recorder
20260925-072918_perlmutter_cb90a27f,ours_l01_s1_pv2_r2_pv3c_eps05_trace-a2e8ab_b16_k8_isolated,isolated,ours,56,9,e2e_ms,349.836731,recorder
20260925-072918_perlmutter_cb90a27f,ours_l01_s1_pv2_r2_pv3c_eps05_trace-a2e8ab_b16_k8_isolated,isolated,ours,56,0,l0_ms,10.754944,recorder
20260925-072918_perlmutter_cb90a27f,ours_l01_s1_pv2_r2_pv3c_eps05_trace-a2e8ab_b16_k8_isolated,isolated,ours,56,1,l0_ms,10.7576,recorder
20260925-072918_perlmutter_cb90a27f,ours_l01_s1_pv2_r2_pv3c_eps05_trace-a2e8ab_b16_k8_isolated,isolated,ours,56,2,l0_ms,10.646976,recorder
20260925-072918_perlmutter_cb90a27f,ours_l01_s1_pv2_r2_pv3c_eps05_trace-a2e8ab_b16_k8_isolated,isolated,ours,56,3,l0_ms,12.098368,recorder
20260925-072918_perlmutter_cb90a27f,ours_l01_s1_pv2_r2_pv3c_eps05_trace-a2e8ab_b16_k8_isolated,isolated,ours,56,4,l0_ms,12.114112,recorder
20260925-072918_perlmutter_cb90a27f,ours_l01_s1_pv2_r2_pv3c_eps05_trace-a2e8ab_b16_k8_isolated,isolated,ours,56,5,l0_ms,11.307008,recorder
20260925-072918_perlmutter_cb90a27f,ours_l01_s1_pv2_r2_pv3c_eps05_trace-a2e8ab_b16_k8_isolated,isolated,ours,56,6,l0_ms,11.564544,recorder
20260925-072918_perlmutter_cb90a27f,ours_l01_s1_pv2_r2_pv3c_eps05_trace-a2e8ab_b16_k8_isolated,isolated,ours,56,7,l0_ms,9.914464,recorder
20260925-072918_perlmutter_cb90a27f,ours_l01_s1_pv2_r2_pv3c_eps05_trace-a2e8ab_b16_k8_isolated,isolated,ours,56,8,l0_ms,10.281536,recorder
20260925-072918_perlmutter_cb90a27f,ours_l01_s1_pv2_r2_pv3c_eps05_trace-a2e8ab_b16_k8_isolated,isolated,ours,56,9,l0_ms,10.584576,recorder
20260925-072918_perlmutter_cb90a27f,ours_l01_s1_pv2_r2_pv3c_eps05_trace-a2e8ab_b16_k8_isolated,isolated,ours,56,0,act_ms,0.050336,recorder
20260925-072918_perlmutter_cb90a27f,ours_l01_s1_pv2_r2_pv3c_eps05_trace-a2e8ab_b16_k8_isolated,isolated,ours,56,1,act_ms,0.050656,recorder
20260925-072918_perlmutter_cb90a27f,ours_l01_s1_pv2_r2_pv3c_eps05_trace-a2e8ab_b16_k8_isolated,isolated,ours,56,2,act_ms,0.051328,recorder
20260925-072918_perlmutter_cb90a27f,ours_l01_s1_pv2_r2_pv3c_eps05_trace-a2e8ab_b16_k8_isolated,isolated,ours,56,3,act_ms,0.050912,recorder
20260925-072918_perlmutter_cb90a27f,ours_l01_s1_pv2_r2_pv3c_eps05_trace-a2e8ab_b16_k8_isolated,isolated,ours,56,4,act_ms,0.050176,recorder
20260925-072918_perlmutter_cb90a27f,ours_l01_s1_pv2_r2_pv3c_eps05_trace-a2e8ab_b16_k8_isolated,isolated,ours,56,5,act_ms,0.049728,recorder
20260925-072918_perlmutter_cb90a27f,ours_l01_s1_pv2_r2_pv3c_eps05_trace-a2e8ab_b16_k8_isolated,isolated,ours,56,6,act_ms,0.05024,recorder
20260925-072918_perlmutter_cb90a27f,ours_l01_s1_pv2_r2_pv3c_eps05_trace-a2e8ab_b16_k8_isolated,isolated,ours,56,7,act_ms,0.052448,recorder
20260925-072918_perlmutter_cb90a27f,ours_l01_s1_pv2_r2_pv3c_eps05_trace-a2e8ab_b16_k8_isolated,isolated,ours,56,8,act_ms,0.049312,recorder
20260925-072918_perlmutter_cb90a27f,ours_l01_s1_pv2_r2_pv3c_eps05_trace-a2e8ab_b16_k8_isolated,isolated,ours,56,9,act_ms,0.050944,recorder
20260925-072918_perlmutter_cb90a27f,ours_l01_s1_pv2_r2_pv3c_eps05_trace-a2e8ab_b16_k8_isolated,isolated,ours,56,0,l1_ms,488.241852,recorder
20260925-072918_perlmutter_cb90a27f,ours_l01_s1_pv2_r2_pv3c_eps05_trace-a2e8ab_b16_k8_isolated,isolated,ours,56,1,l1_ms,337.057953,recorder
20260925-072918_perlmutter_cb90a27f,ours_l01_s1_pv2_r2_pv3c_eps05_trace-a2e8ab_b16_k8_isolated,isolated,ours,56,2,l1_ms,9.661312,recorder
20260925-072918_perlmutter_cb90a27f,ours_l01_s1_pv2_r2_pv3c_eps05_trace-a2e8ab_b16_k8_isolated,isolated,ours,56,3,l1_ms,486.458527,recorder
20260925-072918_perlmutter_cb90a27f,ours_l01_s1_pv2_r2_pv3c_eps05_trace-a2e8ab_b16_k8_isolated,isolated,ours,56,4,l1_ms,428.144287,recorder
20260925-072918_perlmutter_cb90a27f,ours_l01_s1_pv2_r2_pv3c_eps05_trace-a2e8ab_b16_k8_isolated,isolated,ours,56,5,l1_ms,11.387264,recorder
20260925-072918_perlmutter_cb90a27f,ours_l01_s1_pv2_r2_pv3c_eps05_trace-a2e8ab_b16_k8_isolated,isolated,ours,56,6,l1_ms,10.335488,recorder
20260925-072918_perlmutter_cb90a27f,ours_l01_s1_pv2_r2_pv3c_eps05_trace-a2e8ab_b16_k8_isolated,isolated,ours,56,7,l1_ms,483.090698,recorder
20260925-072918_perlmutter_cb90a27f,ours_l01_s1_pv2_r2_pv3c_eps05_trace-a2e8ab_b16_k8_isolated,isolated,ours,56,8,l1_ms,9.877504,recorder
20260925-072918_perlmutter_cb90a27f,ours_l01_s1_pv2_r2_pv3c_eps05_trace-a2e8ab_b16_k8_isolated,isolated,ours,56,9,l1_ms,339.201202,recorder
20260925-072918_perlmutter_cb90a27f,ours_l01_s1_pv2_r2_pv3c_eps05_trace-a2e8ab_b16_k8_isolated,isolated,ours,56,0,plan_comm_ms,0.590464,recorder
20260925-072918_perlmutter_cb90a27f,ours_l01_s1_pv2_r2_pv3c_eps05_trace-a2e8ab_b16_k8_isolated,isolated,ours,56,1,plan_comm_ms,0.649984,recorder
20260925-072918_perlmutter_cb90a27f,ours_l01_s1_pv2_r2_pv3c_eps05_trace-a2e8ab_b16_k8_isolated,isolated,ours,56,2,plan_comm_ms,0.843968,recorder
20260925-072918_perlmutter_cb90a27f,ours_l01_s1_pv2_r2_pv3c_eps05_trace-a2e8ab_b16_k8_isolated,isolated,ours,56,3,plan_comm_ms,0.584928,recorder
20260925-072918_perlmutter_cb90a27f,ours_l01_s1_pv2_r2_pv3c_eps05_trace-a2e8ab_b16_k8_isolated,isolated,ours,56,4,plan_comm_ms,0.685632,recorder
20260925-072918_perlmutter_cb90a27f,ours_l01_s1_pv2_r2_pv3c_eps05_trace-a2e8ab_b16_k8_isolated,isolated,ours,56,5,plan_comm_ms,0.87456,recorder
20260925-072918_perlmutter_cb90a27f,ours_l01_s1_pv2_r2_pv3c_eps05_trace-a2e8ab_b16_k8_isolated,isolated,ours,56,6,plan_comm_ms,0.617792,recorder
20260925-072918_perlmutter_cb90a27f,ours_l01_s1_pv2_r2_pv3c_eps05_trace-a2e8ab_b16_k8_isolated,isolated,ours,56,7,plan_comm_ms,0.6704,recorder
20260925-072918_perlmutter_cb90a27f,ours_l01_s1_pv2_r2_pv3c_eps05_trace-a2e8ab_b16_k8_isolated,isolated,ours,56,8,plan_comm_ms,0.917792,recorder
20260925-072918_perlmutter_cb90a27f,ours_l01_s1_pv2_r2_pv3c_eps05_trace-a2e8ab_b16_k8_isolated,isolated,ours,56,9,plan_comm_ms,0.619904,recorder
20260925-072918_perlmutter_cb90a27f,ours_l01_s1_pv2_r2_pv3c_eps05_trace-a2e8ab_b16_k8_isolated,isolated,ours,56,0,place_ms,0.002368,recorder
20260925-072918_perlmutter_cb90a27f,ours_l01_s1_pv2_r2_pv3c_eps05_trace-a2e8ab_b16_k8_isolated,isolated,ours,56,1,place_ms,0.00256,recorder
20260925-072918_perlmutter_cb90a27f,ours_l01_s1_pv2_r2_pv3c_eps05_trace-a2e8ab_b16_k8_isolated,isolated,ours,56,2,place_ms,0.002336,recorder
20260925-072918_perlmutter_cb90a27f,ours_l01_s1_pv2_r2_pv3c_eps05_trace-a2e8ab_b16_k8_isolated,isolated,ours,56,3,place_ms,0.002368,recorder
20260925-072918_perlmutter_cb90a27f,ours_l01_s1_pv2_r2_pv3c_eps05_trace-a2e8ab_b16_k8_isolated,isolated,ours,56,4,place_ms,0.002336,recorder
20260925-072918_perlmutter_cb90a27f,ours_l01_s1_pv2_r2_pv3c_eps05_trace-a2e8ab_b16_k8_isolated,isolated,ours,56,5,place_ms,0.002336,recorder
20260925-072918_perlmutter_cb90a27f,ours_l01_s1_pv2_r2_pv3c_eps05_trace-a2e8ab_b16_k8_isolated,isolated,ours,56,6,place_ms,0.002368,recorder
20260925-072918_perlmutter_cb90a27f,ours_l01_s1_pv2_r2_pv3c_eps05_trace-a2e8ab_b16_k8_isolated,isolated,ours,56,7,place_ms,0.002336,recorder
20260925-072918_perlmutter_cb90a27f,ours_l01_s1_pv2_r2_pv3c_eps05_trace-a2e8ab_b16_k8_isolated,isolated,ours,56,8,place_ms,0.002368,recorder
20260925-072918_perlmutter_cb90a27f,ours_l01_s1_pv2_r2_pv3c_eps05_trace-a2e8ab_b16_k8_isolated,isolated,ours,56,9,place_ms,0.002368,recorder
20260925-072918_perlmutter_cb90a27f,ours_l01_s1_pv2_r2_pv3c_eps05_trace-a2e8ab_b16_k8_isolated,isolated,ours,56,0,plan_ms,1.81488,recorder
20260925-072918_perlmutter_cb90a27f,ours_l01_s1_pv2_r2_pv3c_eps05_trace-a2e8ab_b16_k8_isolated,isolated,ours,56,1,plan_ms,1.859264,recorder
20260925-072918_perlmutter_cb90a27f,ours_l01_s1_pv2_r2_pv3c_eps05_trace-a2e8ab_b16_k8_isolated,isolated,ours,56,2,plan_ms,1.855328,recorder
20260925-072918_perlmutter_cb90a27f,ours_l01_s1_pv2_r2_pv3c_eps05_trace-a2e8ab_b16_k8_isolated,isolated,ours,56,3,plan_ms,1.818368,recorder
20260925-072918_perlmutter_cb90a27f,ours_l01_s1_pv2_r2_pv3c_eps05_trace-a2e8ab_b16_k8_isolated,isolated,ours,56,4,plan_ms,1.813472,recorder
20260925-072918_perlmutter_cb90a27f,ours_l01_s1_pv2_r2_pv3c_eps05_trace-a2e8ab_b16_k8_isolated,isolated,ours,56,5,plan_ms,1.812992,recorder
20260925-072918_perlmutter_cb90a27f,ours_l01_s1_pv2_r2_pv3c_eps05_trace-a2e8ab_b16_k8_isolated,isolated,ours,56,6,plan_ms,1.816704,recorder
20260925-072918_perlmutter_cb90a27f,ours_l01_s1_pv2_r2_pv3c_eps05_trace-a2e8ab_b16_k8_isolated,isolated,ours,56,7,plan_ms,1.80336,recorder
20260925-072918_perlmutter_cb90a27f,ours_l01_s1_pv2_r2_pv3c_eps05_trace-a2e8ab_b16_k8_isolated,isolated,ours,56,8,plan_ms,1.804224,recorder
20260925-072918_perlmutter_cb90a27f,ours_l01_s1_pv2_r2_pv3c_eps05_trace-a2e8ab_b16_k8_isolated,isolated,ours,56,9,plan_ms,1.80064,recorder
20260925-072918_perlmutter_cb90a27f,ours_l01_s1_pv2_r2_pv3c_eps05_trace-a2e8ab_b16_k8_isolated,isolated,ours,56,0,total_ms,501.464203,recorder
20260925-072918_perlmutter_cb90a27f,ours_l01_s1_pv2_r2_pv3c_eps05_trace-a2e8ab_b16_k8_isolated,isolated,ours,56,1,total_ms,350.387634,recorder
20260925-072918_perlmutter_cb90a27f,ours_l01_s1_pv2_r2_pv3c_eps05_trace-a2e8ab_b16_k8_isolated,isolated,ours,56,2,total_ms,23.071457,recorder
20260925-072918_perlmutter_cb90a27f,ours_l01_s1_pv2_r2_pv3c_eps05_trace-a2e8ab_b16_k8_isolated,isolated,ours,56,3,total_ms,501.023193,recorder
20260925-072918_perlmutter_cb90a27f,ours_l01_s1_pv2_r2_pv3c_eps05_trace-a2e8ab_b16_k8_isolated,isolated,ours,56,4,total_ms,442.819794,recorder
20260925-072918_perlmutter_cb90a27f,ours_l01_s1_pv2_r2_pv3c_eps05_trace-a2e8ab_b16_k8_isolated,isolated,ours,56,5,total_ms,25.443487,recorder
20260925-072918_perlmutter_cb90a27f,ours_l01_s1_pv2_r2_pv3c_eps05_trace-a2e8ab_b16_k8_isolated,isolated,ours,56,6,total_ms,24.396959,recorder
20260925-072918_perlmutter_cb90a27f,ours_l01_s1_pv2_r2_pv3c_eps05_trace-a2e8ab_b16_k8_isolated,isolated,ours,56,7,total_ms,495.54306,recorder
20260925-072918_perlmutter_cb90a27f,ours_l01_s1_pv2_r2_pv3c_eps05_trace-a2e8ab_b16_k8_isolated,isolated,ours,56,8,total_ms,22.942368,recorder
20260925-072918_perlmutter_cb90a27f,ours_l01_s1_pv2_r2_pv3c_eps05_trace-a2e8ab_b16_k8_isolated,isolated,ours,56,9,total_ms,352.269287,recorder
20260925-072918_perlmutter_cb90a27f,ours_l01_s1_pv2_r2_pv3c_eps05_trace-a2e8ab_b16_k8_isolated,isolated,ours,56,0,iso_sync_ms,19.547454,recorder
20260925-072918_perlmutter_cb90a27f,ours_l01_s1_pv2_r2_pv3c_eps05_trace-a2e8ab_b16_k8_isolated,isolated,ours,56,1,iso_sync_ms,498.520558,recorder
20260925-072918_perlmutter_cb90a27f,ours_l01_s1_pv2_r2_pv3c_eps05_trace-a2e8ab_b16_k8_isolated,isolated,ours,56,2,iso_sync_ms,345.814771,recorder
20260925-072918_perlmutter_cb90a27f,ours_l01_s1_pv2_r2_pv3c_eps05_trace-a2e8ab_b16_k8_isolated,isolated,ours,56,3,iso_sync_ms,18.748474,recorder
20260925-072918_perlmutter_cb90a27f,ours_l01_s1_pv2_r2_pv3c_eps05_trace-a2e8ab_b16_k8_isolated,isolated,ours,56,4,iso_sync_ms,497.766625,recorder
20260925-072918_perlmutter_cb90a27f,ours_l01_s1_pv2_r2_pv3c_eps05_trace-a2e8ab_b16_k8_isolated,isolated,ours,56,5,iso_sync_ms,438.896077,recorder
20260925-072918_perlmutter_cb90a27f,ours_l01_s1_pv2_r2_pv3c_eps05_trace-a2e8ab_b16_k8_isolated,isolated,ours,56,6,iso_sync_ms,21.207076,recorder
20260925-072918_perlmutter_cb90a27f,ours_l01_s1_pv2_r2_pv3c_eps05_trace-a2e8ab_b16_k8_isolated,isolated,ours,56,7,iso_sync_ms,20.4051,recorder
20260925-072918_perlmutter_cb90a27f,ours_l01_s1_pv2_r2_pv3c_eps05_trace-a2e8ab_b16_k8_isolated,isolated,ours,56,8,iso_sync_ms,492.227292,recorder
20260925-072918_perlmutter_cb90a27f,ours_l01_s1_pv2_r2_pv3c_eps05_trace-a2e8ab_b16_k8_isolated,isolated,ours,56,9,iso_sync_ms,18.77164,recorder
20260925-072918_perlmutter_cb90a27f,ours_l01_s1_pv2_r2_pv3c_eps05_trace-a2e8ab_b16_k8_isolated,isolated,ours,57,0,e2e_ms,498.800476,recorder
20260925-072918_perlmutter_cb90a27f,ours_l01_s1_pv2_r2_pv3c_eps05_trace-a2e8ab_b16_k8_isolated,isolated,ours,57,1,e2e_ms,347.783661,recorder
20260925-072918_perlmutter_cb90a27f,ours_l01_s1_pv2_r2_pv3c_eps05_trace-a2e8ab_b16_k8_isolated,isolated,ours,57,2,e2e_ms,20.312927,recorder
20260925-072918_perlmutter_cb90a27f,ours_l01_s1_pv2_r2_pv3c_eps05_trace-a2e8ab_b16_k8_isolated,isolated,ours,57,3,e2e_ms,498.529297,recorder
20260925-072918_perlmutter_cb90a27f,ours_l01_s1_pv2_r2_pv3c_eps05_trace-a2e8ab_b16_k8_isolated,isolated,ours,57,4,e2e_ms,440.243134,recorder
20260925-072918_perlmutter_cb90a27f,ours_l01_s1_pv2_r2_pv3c_eps05_trace-a2e8ab_b16_k8_isolated,isolated,ours,57,5,e2e_ms,22.683392,recorder
20260925-072918_perlmutter_cb90a27f,ours_l01_s1_pv2_r2_pv3c_eps05_trace-a2e8ab_b16_k8_isolated,isolated,ours,57,6,e2e_ms,21.878143,recorder
20260925-072918_perlmutter_cb90a27f,ours_l01_s1_pv2_r2_pv3c_eps05_trace-a2e8ab_b16_k8_isolated,isolated,ours,57,7,e2e_ms,493.199738,recorder
20260925-072918_perlmutter_cb90a27f,ours_l01_s1_pv2_r2_pv3c_eps05_trace-a2e8ab_b16_k8_isolated,isolated,ours,57,8,e2e_ms,20.153343,recorder
20260925-072918_perlmutter_cb90a27f,ours_l01_s1_pv2_r2_pv3c_eps05_trace-a2e8ab_b16_k8_isolated,isolated,ours,57,9,e2e_ms,349.725983,recorder
20260925-072918_perlmutter_cb90a27f,ours_l01_s1_pv2_r2_pv3c_eps05_trace-a2e8ab_b16_k8_isolated,isolated,ours,57,0,l0_ms,10.690464,recorder
20260925-072918_perlmutter_cb90a27f,ours_l01_s1_pv2_r2_pv3c_eps05_trace-a2e8ab_b16_k8_isolated,isolated,ours,57,1,l0_ms,10.718208,recorder
20260925-072918_perlmutter_cb90a27f,ours_l01_s1_pv2_r2_pv3c_eps05_trace-a2e8ab_b16_k8_isolated,isolated,ours,57,2,l0_ms,10.591392,recorder
20260925-072918_perlmutter_cb90a27f,ours_l01_s1_pv2_r2_pv3c_eps05_trace-a2e8ab_b16_k8_isolated,isolated,ours,57,3,l0_ms,12.036544,recorder
20260925-072918_perlmutter_cb90a27f,ours_l01_s1_pv2_r2_pv3c_eps05_trace-a2e8ab_b16_k8_isolated,isolated,ours,57,4,l0_ms,12.029888,recorder
20260925-072918_perlmutter_cb90a27f,ours_l01_s1_pv2_r2_pv3c_eps05_trace-a2e8ab_b16_k8_isolated,isolated,ours,57,5,l0_ms,11.257728,recorder
20260925-072918_perlmutter_cb90a27f,ours_l01_s1_pv2_r2_pv3c_eps05_trace-a2e8ab_b16_k8_isolated,isolated,ours,57,6,l0_ms,11.498016,recorder
20260925-072918_perlmutter_cb90a27f,ours_l01_s1_pv2_r2_pv3c_eps05_trace-a2e8ab_b16_k8_isolated,isolated,ours,57,7,l0_ms,9.859264,recorder
20260925-072918_perlmutter_cb90a27f,ours_l01_s1_pv2_r2_pv3c_eps05_trace-a2e8ab_b16_k8_isolated,isolated,ours,57,8,l0_ms,10.227552,recorder
20260925-072918_perlmutter_cb90a27f,ours_l01_s1_pv2_r2_pv3c_eps05_trace-a2e8ab_b16_k8_isolated,isolated,ours,57,9,l0_ms,10.504416,recorder
20260925-072918_perlmutter_cb90a27f,ours_l01_s1_pv2_r2_pv3c_eps05_trace-a2e8ab_b16_k8_isolated,isolated,ours,57,0,act_ms,0.068704,recorder
20260925-072918_perlmutter_cb90a27f,ours_l01_s1_pv2_r2_pv3c_eps05_trace-a2e8ab_b16_k8_isolated,isolated,ours,57,1,act_ms,0.07024,recorder
20260925-072918_perlmutter_cb90a27f,ours_l01_s1_pv2_r2_pv3c_eps05_trace-a2e8ab_b16_k8_isolated,isolated,ours,57,2,act_ms,0.0728,recorder
20260925-072918_perlmutter_cb90a27f,ours_l01_s1_pv2_r2_pv3c_eps05_trace-a2e8ab_b16_k8_isolated,isolated,ours,57,3,act_ms,0.071392,recorder
20260925-072918_perlmutter_cb90a27f,ours_l01_s1_pv2_r2_pv3c_eps05_trace-a2e8ab_b16_k8_isolated,isolated,ours,57,4,act_ms,0.071712,recorder
20260925-072918_perlmutter_cb90a27f,ours_l01_s1_pv2_r2_pv3c_eps05_trace-a2e8ab_b16_k8_isolated,isolated,ours,57,5,act_ms,0.067744,recorder
20260925-072918_perlmutter_cb90a27f,ours_l01_s1_pv2_r2_pv3c_eps05_trace-a2e8ab_b16_k8_isolated,isolated,ours,57,6,act_ms,0.06656,recorder
20260925-072918_perlmutter_cb90a27f,ours_l01_s1_pv2_r2_pv3c_eps05_trace-a2e8ab_b16_k8_isolated,isolated,ours,57,7,act_ms,0.070848,recorder
20260925-072918_perlmutter_cb90a27f,ours_l01_s1_pv2_r2_pv3c_eps05_trace-a2e8ab_b16_k8_isolated,isolated,ours,57,8,act_ms,0.070048,recorder
20260925-072918_perlmutter_cb90a27f,ours_l01_s1_pv2_r2_pv3c_eps05_trace-a2e8ab_b16_k8_isolated,isolated,ours,57,9,act_ms,0.070592,recorder
20260925-072918_perlmutter_cb90a27f,ours_l01_s1_pv2_r2_pv3c_eps05_trace-a2e8ab_b16_k8_isolated,isolated,ours,57,0,l1_ms,488.041321,recorder
20260925-072918_perlmutter_cb90a27f,ours_l01_s1_pv2_r2_pv3c_eps05_trace-a2e8ab_b16_k8_isolated,isolated,ours,57,1,l1_ms,336.995209,recorder
20260925-072918_perlmutter_cb90a27f,ours_l01_s1_pv2_r2_pv3c_eps05_trace-a2e8ab_b16_k8_isolated,isolated,ours,57,2,l1_ms,9.648736,recorder
20260925-072918_perlmutter_cb90a27f,ours_l01_s1_pv2_r2_pv3c_eps05_trace-a2e8ab_b16_k8_isolated,isolated,ours,57,3,l1_ms,486.421387,recorder
20260925-072918_perlmutter_cb90a27f,ours_l01_s1_pv2_r2_pv3c_eps05_trace-a2e8ab_b16_k8_isolated,isolated,ours,57,4,l1_ms,428.141541,recorder
20260925-072918_perlmutter_cb90a27f,ours_l01_s1_pv2_r2_pv3c_eps05_trace-a2e8ab_b16_k8_isolated,isolated,ours,57,5,l1_ms,11.35792,recorder
20260925-072918_perlmutter_cb90a27f,ours_l01_s1_pv2_r2_pv3c_eps05_trace-a2e8ab_b16_k8_isolated,isolated,ours,57,6,l1_ms,10.313568,recorder
20260925-072918_perlmutter_cb90a27f,ours_l01_s1_pv2_r2_pv3c_eps05_trace-a2e8ab_b16_k8_isolated,isolated,ours,57,7,l1_ms,483.269623,recorder
20260925-072918_perlmutter_cb90a27f,ours_l01_s1_pv2_r2_pv3c_eps05_trace-a2e8ab_b16_k8_isolated,isolated,ours,57,8,l1_ms,9.855744,recorder
20260925-072918_perlmutter_cb90a27f,ours_l01_s1_pv2_r2_pv3c_eps05_trace-a2e8ab_b16_k8_isolated,isolated,ours,57,9,l1_ms,339.15097,recorder
20260925-072918_perlmutter_cb90a27f,ours_l01_s1_pv2_r2_pv3c_eps05_trace-a2e8ab_b16_k8_isolated,isolated,ours,57,0,plan_comm_ms,0.591488,recorder
20260925-072918_perlmutter_cb90a27f,ours_l01_s1_pv2_r2_pv3c_eps05_trace-a2e8ab_b16_k8_isolated,isolated,ours,57,1,plan_comm_ms,0.731232,recorder
20260925-072918_perlmutter_cb90a27f,ours_l01_s1_pv2_r2_pv3c_eps05_trace-a2e8ab_b16_k8_isolated,isolated,ours,57,2,plan_comm_ms,0.78944,recorder
20260925-072918_perlmutter_cb90a27f,ours_l01_s1_pv2_r2_pv3c_eps05_trace-a2e8ab_b16_k8_isolated,isolated,ours,57,3,plan_comm_ms,0.58384,recorder
20260925-072918_perlmutter_cb90a27f,ours_l01_s1_pv2_r2_pv3c_eps05_trace-a2e8ab_b16_k8_isolated,isolated,ours,57,4,plan_comm_ms,0.645888,recorder
20260925-072918_perlmutter_cb90a27f,ours_l01_s1_pv2_r2_pv3c_eps05_trace-a2e8ab_b16_k8_isolated,isolated,ours,57,5,plan_comm_ms,0.871264,recorder
20260925-072918_perlmutter_cb90a27f,ours_l01_s1_pv2_r2_pv3c_eps05_trace-a2e8ab_b16_k8_isolated,isolated,ours,57,6,plan_comm_ms,0.616352,recorder
20260925-072918_perlmutter_cb90a27f,ours_l01_s1_pv2_r2_pv3c_eps05_trace-a2e8ab_b16_k8_isolated,isolated,ours,57,7,plan_comm_ms,0.6712,recorder
20260925-072918_perlmutter_cb90a27f,ours_l01_s1_pv2_r2_pv3c_eps05_trace-a2e8ab_b16_k8_isolated,isolated,ours,57,8,plan_comm_ms,0.907904,recorder
20260925-072918_perlmutter_cb90a27f,ours_l01_s1_pv2_r2_pv3c_eps05_trace-a2e8ab_b16_k8_isolated,isolated,ours,57,9,plan_comm_ms,0.618752,recorder
20260925-072918_perlmutter_cb90a27f,ours_l01_s1_pv2_r2_pv3c_eps05_trace-a2e8ab_b16_k8_isolated,isolated,ours,57,0,place_ms,0.002304,recorder
20260925-072918_perlmutter_cb90a27f,ours_l01_s1_pv2_r2_pv3c_eps05_trace-a2e8ab_b16_k8_isolated,isolated,ours,57,1,place_ms,0.002304,recorder
20260925-072918_perlmutter_cb90a27f,ours_l01_s1_pv2_r2_pv3c_eps05_trace-a2e8ab_b16_k8_isolated,isolated,ours,57,2,place_ms,0.002304,recorder
20260925-072918_perlmutter_cb90a27f,ours_l01_s1_pv2_r2_pv3c_eps05_trace-a2e8ab_b16_k8_isolated,isolated,ours,57,3,place_ms,0.002304,recorder
20260925-072918_perlmutter_cb90a27f,ours_l01_s1_pv2_r2_pv3c_eps05_trace-a2e8ab_b16_k8_isolated,isolated,ours,57,4,place_ms,0.002336,recorder
20260925-072918_perlmutter_cb90a27f,ours_l01_s1_pv2_r2_pv3c_eps05_trace-a2e8ab_b16_k8_isolated,isolated,ours,57,5,place_ms,0.002336,recorder
20260925-072918_perlmutter_cb90a27f,ours_l01_s1_pv2_r2_pv3c_eps05_trace-a2e8ab_b16_k8_isolated,isolated,ours,57,6,place_ms,0.002304,recorder
20260925-072918_perlmutter_cb90a27f,ours_l01_s1_pv2_r2_pv3c_eps05_trace-a2e8ab_b16_k8_isolated,isolated,ours,57,7,place_ms,0.002304,recorder
20260925-072918_perlmutter_cb90a27f,ours_l01_s1_pv2_r2_pv3c_eps05_trace-a2e8ab_b16_k8_isolated,isolated,ours,57,8,place_ms,0.002336,recorder
20260925-072918_perlmutter_cb90a27f,ours_l01_s1_pv2_r2_pv3c_eps05_trace-a2e8ab_b16_k8_isolated,isolated,ours,57,9,place_ms,0.002656,recorder
20260925-072918_perlmutter_cb90a27f,ours_l01_s1_pv2_r2_pv3c_eps05_trace-a2e8ab_b16_k8_isolated,isolated,ours,57,0,plan_ms,1.88224,recorder
20260925-072918_perlmutter_cb90a27f,ours_l01_s1_pv2_r2_pv3c_eps05_trace-a2e8ab_b16_k8_isolated,isolated,ours,57,1,plan_ms,1.909344,recorder
20260925-072918_perlmutter_cb90a27f,ours_l01_s1_pv2_r2_pv3c_eps05_trace-a2e8ab_b16_k8_isolated,isolated,ours,57,2,plan_ms,1.909824,recorder
20260925-072918_perlmutter_cb90a27f,ours_l01_s1_pv2_r2_pv3c_eps05_trace-a2e8ab_b16_k8_isolated,isolated,ours,57,3,plan_ms,1.885056,recorder
20260925-072918_perlmutter_cb90a27f,ours_l01_s1_pv2_r2_pv3c_eps05_trace-a2e8ab_b16_k8_isolated,isolated,ours,57,4,plan_ms,1.907328,recorder
20260925-072918_perlmutter_cb90a27f,ours_l01_s1_pv2_r2_pv3c_eps05_trace-a2e8ab_b16_k8_isolated,isolated,ours,57,5,plan_ms,1.877376,recorder
20260925-072918_perlmutter_cb90a27f,ours_l01_s1_pv2_r2_pv3c_eps05_trace-a2e8ab_b16_k8_isolated,isolated,ours,57,6,plan_ms,1.892192,recorder
20260925-072918_perlmutter_cb90a27f,ours_l01_s1_pv2_r2_pv3c_eps05_trace-a2e8ab_b16_k8_isolated,isolated,ours,57,7,plan_ms,1.873536,recorder
20260925-072918_perlmutter_cb90a27f,ours_l01_s1_pv2_r2_pv3c_eps05_trace-a2e8ab_b16_k8_isolated,isolated,ours,57,8,plan_ms,1.865856,recorder
20260925-072918_perlmutter_cb90a27f,ours_l01_s1_pv2_r2_pv3c_eps05_trace-a2e8ab_b16_k8_isolated,isolated,ours,57,9,plan_ms,1.884512,recorder
20260925-072918_perlmutter_cb90a27f,ours_l01_s1_pv2_r2_pv3c_eps05_trace-a2e8ab_b16_k8_isolated,isolated,ours,57,0,total_ms,501.286011,recorder
20260925-072918_perlmutter_cb90a27f,ours_l01_s1_pv2_r2_pv3c_eps05_trace-a2e8ab_b16_k8_isolated,isolated,ours,57,1,total_ms,350.43634,recorder
20260925-072918_perlmutter_cb90a27f,ours_l01_s1_pv2_r2_pv3c_eps05_trace-a2e8ab_b16_k8_isolated,isolated,ours,57,2,total_ms,23.024193,recorder
20260925-072918_perlmutter_cb90a27f,ours_l01_s1_pv2_r2_pv3c_eps05_trace-a2e8ab_b16_k8_isolated,isolated,ours,57,3,total_ms,501.009979,recorder
20260925-072918_perlmutter_cb90a27f,ours_l01_s1_pv2_r2_pv3c_eps05_trace-a2e8ab_b16_k8_isolated,isolated,ours,57,4,total_ms,442.80835,recorder
20260925-072918_perlmutter_cb90a27f,ours_l01_s1_pv2_r2_pv3c_eps05_trace-a2e8ab_b16_k8_isolated,isolated,ours,57,5,total_ms,25.444448,recorder
20260925-072918_perlmutter_cb90a27f,ours_l01_s1_pv2_r2_pv3c_eps05_trace-a2e8ab_b16_k8_isolated,isolated,ours,57,6,total_ms,24.398912,recorder
20260925-072918_perlmutter_cb90a27f,ours_l01_s1_pv2_r2_pv3c_eps05_trace-a2e8ab_b16_k8_isolated,isolated,ours,57,7,total_ms,495.756897,recorder
20260925-072918_perlmutter_cb90a27f,ours_l01_s1_pv2_r2_pv3c_eps05_trace-a2e8ab_b16_k8_isolated,isolated,ours,57,8,total_ms,22.939137,recorder
20260925-072918_perlmutter_cb90a27f,ours_l01_s1_pv2_r2_pv3c_eps05_trace-a2e8ab_b16_k8_isolated,isolated,ours,57,9,total_ms,352.24176,recorder
20260925-072918_perlmutter_cb90a27f,ours_l01_s1_pv2_r2_pv3c_eps05_trace-a2e8ab_b16_k8_isolated,isolated,ours,57,0,iso_sync_ms,19.402212,recorder
20260925-072918_perlmutter_cb90a27f,ours_l01_s1_pv2_r2_pv3c_eps05_trace-a2e8ab_b16_k8_isolated,isolated,ours,57,1,iso_sync_ms,498.415976,recorder
20260925-072918_perlmutter_cb90a27f,ours_l01_s1_pv2_r2_pv3c_eps05_trace-a2e8ab_b16_k8_isolated,isolated,ours,57,2,iso_sync_ms,346.593774,recorder
20260925-072918_perlmutter_cb90a27f,ours_l01_s1_pv2_r2_pv3c_eps05_trace-a2e8ab_b16_k8_isolated,isolated,ours,57,3,iso_sync_ms,18.771178,recorder
20260925-072918_perlmutter_cb90a27f,ours_l01_s1_pv2_r2_pv3c_eps05_trace-a2e8ab_b16_k8_isolated,isolated,ours,57,4,iso_sync_ms,497.674045,recorder
20260925-072918_perlmutter_cb90a27f,ours_l01_s1_pv2_r2_pv3c_eps05_trace-a2e8ab_b16_k8_isolated,isolated,ours,57,5,iso_sync_ms,438.00085,recorder
20260925-072918_perlmutter_cb90a27f,ours_l01_s1_pv2_r2_pv3c_eps05_trace-a2e8ab_b16_k8_isolated,isolated,ours,57,6,iso_sync_ms,21.015775,recorder
20260925-072918_perlmutter_cb90a27f,ours_l01_s1_pv2_r2_pv3c_eps05_trace-a2e8ab_b16_k8_isolated,isolated,ours,57,7,iso_sync_ms,20.236623,recorder
20260925-072918_perlmutter_cb90a27f,ours_l01_s1_pv2_r2_pv3c_eps05_trace-a2e8ab_b16_k8_isolated,isolated,ours,57,8,iso_sync_ms,492.013847,recorder
20260925-072918_perlmutter_cb90a27f,ours_l01_s1_pv2_r2_pv3c_eps05_trace-a2e8ab_b16_k8_isolated,isolated,ours,57,9,iso_sync_ms,18.532074,recorder
20260925-072918_perlmutter_cb90a27f,ours_l01_s1_pv2_r2_pv3c_eps05_trace-a2e8ab_b16_k8_isolated,isolated,ours,58,0,e2e_ms,498.819336,recorder
20260925-072918_perlmutter_cb90a27f,ours_l01_s1_pv2_r2_pv3c_eps05_trace-a2e8ab_b16_k8_isolated,isolated,ours,58,1,e2e_ms,347.849976,recorder
20260925-072918_perlmutter_cb90a27f,ours_l01_s1_pv2_r2_pv3c_eps05_trace-a2e8ab_b16_k8_isolated,isolated,ours,58,2,e2e_ms,20.342848,recorder
20260925-072918_perlmutter_cb90a27f,ours_l01_s1_pv2_r2_pv3c_eps05_trace-a2e8ab_b16_k8_isolated,isolated,ours,58,3,e2e_ms,498.613403,recorder
20260925-072918_perlmutter_cb90a27f,ours_l01_s1_pv2_r2_pv3c_eps05_trace-a2e8ab_b16_k8_isolated,isolated,ours,58,4,e2e_ms,439.994537,recorder
20260925-072918_perlmutter_cb90a27f,ours_l01_s1_pv2_r2_pv3c_eps05_trace-a2e8ab_b16_k8_isolated,isolated,ours,58,5,e2e_ms,22.711617,recorder
20260925-072918_perlmutter_cb90a27f,ours_l01_s1_pv2_r2_pv3c_eps05_trace-a2e8ab_b16_k8_isolated,isolated,ours,58,6,e2e_ms,21.9424,recorder
20260925-072918_perlmutter_cb90a27f,ours_l01_s1_pv2_r2_pv3c_eps05_trace-a2e8ab_b16_k8_isolated,isolated,ours,58,7,e2e_ms,492.679077,recorder
20260925-072918_perlmutter_cb90a27f,ours_l01_s1_pv2_r2_pv3c_eps05_trace-a2e8ab_b16_k8_isolated,isolated,ours,58,8,e2e_ms,20.136896,recorder
20260925-072918_perlmutter_cb90a27f,ours_l01_s1_pv2_r2_pv3c_eps05_trace-a2e8ab_b16_k8_isolated,isolated,ours,58,9,e2e_ms,349.811798,recorder
20260925-072918_perlmutter_cb90a27f,ours_l01_s1_pv2_r2_pv3c_eps05_trace-a2e8ab_b16_k8_isolated,isolated,ours,58,0,l0_ms,10.730112,recorder
20260925-072918_perlmutter_cb90a27f,ours_l01_s1_pv2_r2_pv3c_eps05_trace-a2e8ab_b16_k8_isolated,isolated,ours,58,1,l0_ms,10.790432,recorder
20260925-072918_perlmutter_cb90a27f,ours_l01_s1_pv2_r2_pv3c_eps05_trace-a2e8ab_b16_k8_isolated,isolated,ours,58,2,l0_ms,10.645152,recorder
20260925-072918_perlmutter_cb90a27f,ours_l01_s1_pv2_r2_pv3c_eps05_trace-a2e8ab_b16_k8_isolated,isolated,ours,58,3,l0_ms,12.073152,recorder
20260925-072918_perlmutter_cb90a27f,ours_l01_s1_pv2_r2_pv3c_eps05_trace-a2e8ab_b16_k8_isolated,isolated,ours,58,4,l0_ms,12.092864,recorder
20260925-072918_perlmutter_cb90a27f,ours_l01_s1_pv2_r2_pv3c_eps05_trace-a2e8ab_b16_k8_isolated,isolated,ours,58,5,l0_ms,11.265088,recorder
20260925-072918_perlmutter_cb90a27f,ours_l01_s1_pv2_r2_pv3c_eps05_trace-a2e8ab_b16_k8_isolated,isolated,ours,58,6,l0_ms,11.5512,recorder
20260925-072918_perlmutter_cb90a27f,ours_l01_s1_pv2_r2_pv3c_eps05_trace-a2e8ab_b16_k8_isolated,isolated,ours,58,7,l0_ms,9.902048,recorder
20260925-072918_perlmutter_cb90a27f,ours_l01_s1_pv2_r2_pv3c_eps05_trace-a2e8ab_b16_k8_isolated,isolated,ours,58,8,l0_ms,10.244576,recorder
20260925-072918_perlmutter_cb90a27f,ours_l01_s1_pv2_r2_pv3c_eps05_trace-a2e8ab_b16_k8_isolated,isolated,ours,58,9,l0_ms,10.569536,recorder
20260925-072918_perlmutter_cb90a27f,ours_l01_s1_pv2_r2_pv3c_eps05_trace-a2e8ab_b16_k8_isolated,isolated,ours,58,0,act_ms,0.035392,recorder
20260925-072918_perlmutter_cb90a27f,ours_l01_s1_pv2_r2_pv3c_eps05_trace-a2e8ab_b16_k8_isolated,isolated,ours,58,1,act_ms,0.033248,recorder
20260925-072918_perlmutter_cb90a27f,ours_l01_s1_pv2_r2_pv3c_eps05_trace-a2e8ab_b16_k8_isolated,isolated,ours,58,2,act_ms,0.032416,recorder
20260925-072918_perlmutter_cb90a27f,ours_l01_s1_pv2_r2_pv3c_eps05_trace-a2e8ab_b16_k8_isolated,isolated,ours,58,3,act_ms,0.03552,recorder
20260925-072918_perlmutter_cb90a27f,ours_l01_s1_pv2_r2_pv3c_eps05_trace-a2e8ab_b16_k8_isolated,isolated,ours,58,4,act_ms,0.033152,recorder
20260925-072918_perlmutter_cb90a27f,ours_l01_s1_pv2_r2_pv3c_eps05_trace-a2e8ab_b16_k8_isolated,isolated,ours,58,5,act_ms,0.03392,recorder
20260925-072918_perlmutter_cb90a27f,ours_l01_s1_pv2_r2_pv3c_eps05_trace-a2e8ab_b16_k8_isolated,isolated,ours,58,6,act_ms,0.036704,recorder
20260925-072918_perlmutter_cb90a27f,ours_l01_s1_pv2_r2_pv3c_eps05_trace-a2e8ab_b16_k8_isolated,isolated,ours,58,7,act_ms,0.03296,recorder
20260925-072918_perlmutter_cb90a27f,ours_l01_s1_pv2_r2_pv3c_eps05_trace-a2e8ab_b16_k8_isolated,isolated,ours,58,8,act_ms,0.03568,recorder
20260925-072918_perlmutter_cb90a27f,ours_l01_s1_pv2_r2_pv3c_eps05_trace-a2e8ab_b16_k8_isolated,isolated,ours,58,9,act_ms,0.034208,recorder
20260925-072918_perlmutter_cb90a27f,ours_l01_s1_pv2_r2_pv3c_eps05_trace-a2e8ab_b16_k8_isolated,isolated,ours,58,0,l1_ms,488.053833,recorder
20260925-072918_perlmutter_cb90a27f,ours_l01_s1_pv2_r2_pv3c_eps05_trace-a2e8ab_b16_k8_isolated,isolated,ours,58,1,l1_ms,337.026306,recorder
20260925-072918_perlmutter_cb90a27f,ours_l01_s1_pv2_r2_pv3c_eps05_trace-a2e8ab_b16_k8_isolated,isolated,ours,58,2,l1_ms,9.66528,recorder
20260925-072918_perlmutter_cb90a27f,ours_l01_s1_pv2_r2_pv3c_eps05_trace-a2e8ab_b16_k8_isolated,isolated,ours,58,3,l1_ms,486.50473,recorder
20260925-072918_perlmutter_cb90a27f,ours_l01_s1_pv2_r2_pv3c_eps05_trace-a2e8ab_b16_k8_isolated,isolated,ours,58,4,l1_ms,427.8685,recorder
20260925-072918_perlmutter_cb90a27f,ours_l01_s1_pv2_r2_pv3c_eps05_trace-a2e8ab_b16_k8_isolated,isolated,ours,58,5,l1_ms,11.412608,recorder
20260925-072918_perlmutter_cb90a27f,ours_l01_s1_pv2_r2_pv3c_eps05_trace-a2e8ab_b16_k8_isolated,isolated,ours,58,6,l1_ms,10.354496,recorder
20260925-072918_perlmutter_cb90a27f,ours_l01_s1_pv2_r2_pv3c_eps05_trace-a2e8ab_b16_k8_isolated,isolated,ours,58,7,l1_ms,482.744049,recorder
20260925-072918_perlmutter_cb90a27f,ours_l01_s1_pv2_r2_pv3c_eps05_trace-a2e8ab_b16_k8_isolated,isolated,ours,58,8,l1_ms,9.85664,recorder
20260925-072918_perlmutter_cb90a27f,ours_l01_s1_pv2_r2_pv3c_eps05_trace-a2e8ab_b16_k8_isolated,isolated,ours,58,9,l1_ms,339.208069,recorder
20260925-072918_perlmutter_cb90a27f,ours_l01_s1_pv2_r2_pv3c_eps05_trace-a2e8ab_b16_k8_isolated,isolated,ours,58,0,plan_comm_ms,0.578368,recorder
20260925-072918_perlmutter_cb90a27f,ours_l01_s1_pv2_r2_pv3c_eps05_trace-a2e8ab_b16_k8_isolated,isolated,ours,58,1,plan_comm_ms,0.877952,recorder
20260925-072918_perlmutter_cb90a27f,ours_l01_s1_pv2_r2_pv3c_eps05_trace-a2e8ab_b16_k8_isolated,isolated,ours,58,2,plan_comm_ms,0.847616,recorder
20260925-072918_perlmutter_cb90a27f,ours_l01_s1_pv2_r2_pv3c_eps05_trace-a2e8ab_b16_k8_isolated,isolated,ours,58,3,plan_comm_ms,0.585056,recorder
20260925-072918_perlmutter_cb90a27f,ours_l01_s1_pv2_r2_pv3c_eps05_trace-a2e8ab_b16_k8_isolated,isolated,ours,58,4,plan_comm_ms,0.484832,recorder
20260925-072918_perlmutter_cb90a27f,ours_l01_s1_pv2_r2_pv3c_eps05_trace-a2e8ab_b16_k8_isolated,isolated,ours,58,5,plan_comm_ms,0.640192,recorder
20260925-072918_perlmutter_cb90a27f,ours_l01_s1_pv2_r2_pv3c_eps05_trace-a2e8ab_b16_k8_isolated,isolated,ours,58,6,plan_comm_ms,0.612672,recorder
20260925-072918_perlmutter_cb90a27f,ours_l01_s1_pv2_r2_pv3c_eps05_trace-a2e8ab_b16_k8_isolated,isolated,ours,58,7,plan_comm_ms,0.667072,recorder
20260925-072918_perlmutter_cb90a27f,ours_l01_s1_pv2_r2_pv3c_eps05_trace-a2e8ab_b16_k8_isolated,isolated,ours,58,8,plan_comm_ms,0.67968,recorder
20260925-072918_perlmutter_cb90a27f,ours_l01_s1_pv2_r2_pv3c_eps05_trace-a2e8ab_b16_k8_isolated,isolated,ours,58,9,plan_comm_ms,0.605024,recorder
20260925-072918_perlmutter_cb90a27f,ours_l01_s1_pv2_r2_pv3c_eps05_trace-a2e8ab_b16_k8_isolated,isolated,ours,58,0,place_ms,0.002336,recorder
20260925-072918_perlmutter_cb90a27f,ours_l01_s1_pv2_r2_pv3c_eps05_trace-a2e8ab_b16_k8_isolated,isolated,ours,58,1,place_ms,0.002336,recorder
20260925-072918_perlmutter_cb90a27f,ours_l01_s1_pv2_r2_pv3c_eps05_trace-a2e8ab_b16_k8_isolated,isolated,ours,58,2,place_ms,0.002368,recorder
20260925-072918_perlmutter_cb90a27f,ours_l01_s1_pv2_r2_pv3c_eps05_trace-a2e8ab_b16_k8_isolated,isolated,ours,58,3,place_ms,0.002368,recorder
20260925-072918_perlmutter_cb90a27f,ours_l01_s1_pv2_r2_pv3c_eps05_trace-a2e8ab_b16_k8_isolated,isolated,ours,58,4,place_ms,0.002336,recorder
20260925-072918_perlmutter_cb90a27f,ours_l01_s1_pv2_r2_pv3c_eps05_trace-a2e8ab_b16_k8_isolated,isolated,ours,58,5,place_ms,0.002368,recorder
20260925-072918_perlmutter_cb90a27f,ours_l01_s1_pv2_r2_pv3c_eps05_trace-a2e8ab_b16_k8_isolated,isolated,ours,58,6,place_ms,0.002336,recorder
20260925-072918_perlmutter_cb90a27f,ours_l01_s1_pv2_r2_pv3c_eps05_trace-a2e8ab_b16_k8_isolated,isolated,ours,58,7,place_ms,0.002368,recorder
20260925-072918_perlmutter_cb90a27f,ours_l01_s1_pv2_r2_pv3c_eps05_trace-a2e8ab_b16_k8_isolated,isolated,ours,58,8,place_ms,0.002368,recorder
20260925-072918_perlmutter_cb90a27f,ours_l01_s1_pv2_r2_pv3c_eps05_trace-a2e8ab_b16_k8_isolated,isolated,ours,58,9,place_ms,0.002336,recorder
20260925-072918_perlmutter_cb90a27f,ours_l01_s1_pv2_r2_pv3c_eps05_trace-a2e8ab_b16_k8_isolated,isolated,ours,58,0,plan_ms,1.856864,recorder
20260925-072918_perlmutter_cb90a27f,ours_l01_s1_pv2_r2_pv3c_eps05_trace-a2e8ab_b16_k8_isolated,isolated,ours,58,1,plan_ms,1.8368,recorder
20260925-072918_perlmutter_cb90a27f,ours_l01_s1_pv2_r2_pv3c_eps05_trace-a2e8ab_b16_k8_isolated,isolated,ours,58,2,plan_ms,1.862272,recorder
20260925-072918_perlmutter_cb90a27f,ours_l01_s1_pv2_r2_pv3c_eps05_trace-a2e8ab_b16_k8_isolated,isolated,ours,58,3,plan_ms,1.84656,recorder
20260925-072918_perlmutter_cb90a27f,ours_l01_s1_pv2_r2_pv3c_eps05_trace-a2e8ab_b16_k8_isolated,isolated,ours,58,4,plan_ms,1.849408,recorder
20260925-072918_perlmutter_cb90a27f,ours_l01_s1_pv2_r2_pv3c_eps05_trace-a2e8ab_b16_k8_isolated,isolated,ours,58,5,plan_ms,1.857312,recorder
20260925-072918_perlmutter_cb90a27f,ours_l01_s1_pv2_r2_pv3c_eps05_trace-a2e8ab_b16_k8_isolated,isolated,ours,58,6,plan_ms,1.838336,recorder
20260925-072918_perlmutter_cb90a27f,ours_l01_s1_pv2_r2_pv3c_eps05_trace-a2e8ab_b16_k8_isolated,isolated,ours,58,7,plan_ms,1.829184,recorder
20260925-072918_perlmutter_cb90a27f,ours_l01_s1_pv2_r2_pv3c_eps05_trace-a2e8ab_b16_k8_isolated,isolated,ours,58,8,plan_ms,1.883936,recorder
20260925-072918_perlmutter_cb90a27f,ours_l01_s1_pv2_r2_pv3c_eps05_trace-a2e8ab_b16_k8_isolated,isolated,ours,58,9,plan_ms,1.826592,recorder
20260925-072918_perlmutter_cb90a27f,ours_l01_s1_pv2_r2_pv3c_eps05_trace-a2e8ab_b16_k8_isolated,isolated,ours,58,0,total_ms,501.265625,recorder
20260925-072918_perlmutter_cb90a27f,ours_l01_s1_pv2_r2_pv3c_eps05_trace-a2e8ab_b16_k8_isolated,isolated,ours,58,1,total_ms,350.576294,recorder
20260925-072918_perlmutter_cb90a27f,ours_l01_s1_pv2_r2_pv3c_eps05_trace-a2e8ab_b16_k8_isolated,isolated,ours,58,2,total_ms,23.064417,recorder
20260925-072918_perlmutter_cb90a27f,ours_l01_s1_pv2_r2_pv3c_eps05_trace-a2e8ab_b16_k8_isolated,isolated,ours,58,3,total_ms,501.061768,recorder
20260925-072918_perlmutter_cb90a27f,ours_l01_s1_pv2_r2_pv3c_eps05_trace-a2e8ab_b16_k8_isolated,isolated,ours,58,4,total_ms,442.34082,recorder
20260925-072918_perlmutter_cb90a27f,ours_l01_s1_pv2_r2_pv3c_eps05_trace-a2e8ab_b16_k8_isolated,isolated,ours,58,5,total_ms,25.221184,recorder
20260925-072918_perlmutter_cb90a27f,ours_l01_s1_pv2_r2_pv3c_eps05_trace-a2e8ab_b16_k8_isolated,isolated,ours,58,6,total_ms,24.404703,recorder
20260925-072918_perlmutter_cb90a27f,ours_l01_s1_pv2_r2_pv3c_eps05_trace-a2e8ab_b16_k8_isolated,isolated,ours,58,7,total_ms,495.187103,recorder
20260925-072918_perlmutter_cb90a27f,ours_l01_s1_pv2_r2_pv3c_eps05_trace-a2e8ab_b16_k8_isolated,isolated,ours,58,8,total_ms,22.712255,recorder
20260925-072918_perlmutter_cb90a27f,ours_l01_s1_pv2_r2_pv3c_eps05_trace-a2e8ab_b16_k8_isolated,isolated,ours,58,9,total_ms,352.254822,recorder
20260925-072918_perlmutter_cb90a27f,ours_l01_s1_pv2_r2_pv3c_eps05_trace-a2e8ab_b16_k8_isolated,isolated,ours,58,0,iso_sync_ms,19.618292,recorder
20260925-072918_perlmutter_cb90a27f,ours_l01_s1_pv2_r2_pv3c_eps05_trace-a2e8ab_b16_k8_isolated,isolated,ours,58,1,iso_sync_ms,498.577568,recorder
20260925-072918_perlmutter_cb90a27f,ours_l01_s1_pv2_r2_pv3c_eps05_trace-a2e8ab_b16_k8_isolated,isolated,ours,58,2,iso_sync_ms,346.955976,recorder
20260925-072918_perlmutter_cb90a27f,ours_l01_s1_pv2_r2_pv3c_eps05_trace-a2e8ab_b16_k8_isolated,isolated,ours,58,3,iso_sync_ms,18.891401,recorder
20260925-072918_perlmutter_cb90a27f,ours_l01_s1_pv2_r2_pv3c_eps05_trace-a2e8ab_b16_k8_isolated,isolated,ours,58,4,iso_sync_ms,497.778708,recorder
20260925-072918_perlmutter_cb90a27f,ours_l01_s1_pv2_r2_pv3c_eps05_trace-a2e8ab_b16_k8_isolated,isolated,ours,58,5,iso_sync_ms,438.722681,recorder
20260925-072918_perlmutter_cb90a27f,ours_l01_s1_pv2_r2_pv3c_eps05_trace-a2e8ab_b16_k8_isolated,isolated,ours,58,6,iso_sync_ms,21.031806,recorder
20260925-072918_perlmutter_cb90a27f,ours_l01_s1_pv2_r2_pv3c_eps05_trace-a2e8ab_b16_k8_isolated,isolated,ours,58,7,iso_sync_ms,20.450848,recorder
20260925-072918_perlmutter_cb90a27f,ours_l01_s1_pv2_r2_pv3c_eps05_trace-a2e8ab_b16_k8_isolated,isolated,ours,58,8,iso_sync_ms,492.218044,recorder
20260925-072918_perlmutter_cb90a27f,ours_l01_s1_pv2_r2_pv3c_eps05_trace-a2e8ab_b16_k8_isolated,isolated,ours,58,9,iso_sync_ms,17.562051,recorder
20260925-072918_perlmutter_cb90a27f,ours_l01_s1_pv2_r2_pv3c_eps05_trace-a2e8ab_b16_k8_isolated,isolated,ours,59,0,e2e_ms,498.550232,recorder
20260925-072918_perlmutter_cb90a27f,ours_l01_s1_pv2_r2_pv3c_eps05_trace-a2e8ab_b16_k8_isolated,isolated,ours,59,1,e2e_ms,347.866669,recorder
20260925-072918_perlmutter_cb90a27f,ours_l01_s1_pv2_r2_pv3c_eps05_trace-a2e8ab_b16_k8_isolated,isolated,ours,59,2,e2e_ms,20.352192,recorder
20260925-072918_perlmutter_cb90a27f,ours_l01_s1_pv2_r2_pv3c_eps05_trace-a2e8ab_b16_k8_isolated,isolated,ours,59,3,e2e_ms,498.675812,recorder
20260925-072918_perlmutter_cb90a27f,ours_l01_s1_pv2_r2_pv3c_eps05_trace-a2e8ab_b16_k8_isolated,isolated,ours,59,4,e2e_ms,440.072357,recorder
20260925-072918_perlmutter_cb90a27f,ours_l01_s1_pv2_r2_pv3c_eps05_trace-a2e8ab_b16_k8_isolated,isolated,ours,59,5,e2e_ms,22.735905,recorder
20260925-072918_perlmutter_cb90a27f,ours_l01_s1_pv2_r2_pv3c_eps05_trace-a2e8ab_b16_k8_isolated,isolated,ours,59,6,e2e_ms,21.938784,recorder
20260925-072918_perlmutter_cb90a27f,ours_l01_s1_pv2_r2_pv3c_eps05_trace-a2e8ab_b16_k8_isolated,isolated,ours,59,7,e2e_ms,492.830597,recorder
20260925-072918_perlmutter_cb90a27f,ours_l01_s1_pv2_r2_pv3c_eps05_trace-a2e8ab_b16_k8_isolated,isolated,ours,59,8,e2e_ms,20.190784,recorder
20260925-072918_perlmutter_cb90a27f,ours_l01_s1_pv2_r2_pv3c_eps05_trace-a2e8ab_b16_k8_isolated,isolated,ours,59,9,e2e_ms,349.789124,recorder
20260925-072918_perlmutter_cb90a27f,ours_l01_s1_pv2_r2_pv3c_eps05_trace-a2e8ab_b16_k8_isolated,isolated,ours,59,0,l0_ms,10.734432,recorder
20260925-072918_perlmutter_cb90a27f,ours_l01_s1_pv2_r2_pv3c_eps05_trace-a2e8ab_b16_k8_isolated,isolated,ours,59,1,l0_ms,10.803168,recorder
20260925-072918_perlmutter_cb90a27f,ours_l01_s1_pv2_r2_pv3c_eps05_trace-a2e8ab_b16_k8_isolated,isolated,ours,59,2,l0_ms,10.623968,recorder
20260925-072918_perlmutter_cb90a27f,ours_l01_s1_pv2_r2_pv3c_eps05_trace-a2e8ab_b16_k8_isolated,isolated,ours,59,3,l0_ms,12.11408,recorder
20260925-072918_perlmutter_cb90a27f,ours_l01_s1_pv2_r2_pv3c_eps05_trace-a2e8ab_b16_k8_isolated,isolated,ours,59,4,l0_ms,12.111968,recorder
20260925-072918_perlmutter_cb90a27f,ours_l01_s1_pv2_r2_pv3c_eps05_trace-a2e8ab_b16_k8_isolated,isolated,ours,59,5,l0_ms,11.299296,recorder
20260925-072918_perlmutter_cb90a27f,ours_l01_s1_pv2_r2_pv3c_eps05_trace-a2e8ab_b16_k8_isolated,isolated,ours,59,6,l0_ms,11.558464,recorder
20260925-072918_perlmutter_cb90a27f,ours_l01_s1_pv2_r2_pv3c_eps05_trace-a2e8ab_b16_k8_isolated,isolated,ours,59,7,l0_ms,9.925216,recorder
20260925-072918_perlmutter_cb90a27f,ours_l01_s1_pv2_r2_pv3c_eps05_trace-a2e8ab_b16_k8_isolated,isolated,ours,59,8,l0_ms,10.290848,recorder
20260925-072918_perlmutter_cb90a27f,ours_l01_s1_pv2_r2_pv3c_eps05_trace-a2e8ab_b16_k8_isolated,isolated,ours,59,9,l0_ms,10.56416,recorder
20260925-072918_perlmutter_cb90a27f,ours_l01_s1_pv2_r2_pv3c_eps05_trace-a2e8ab_b16_k8_isolated,isolated,ours,59,0,act_ms,0.048672,recorder
20260925-072918_perlmutter_cb90a27f,ours_l01_s1_pv2_r2_pv3c_eps05_trace-a2e8ab_b16_k8_isolated,isolated,ours,59,1,act_ms,0.05568,recorder
20260925-072918_perlmutter_cb90a27f,ours_l01_s1_pv2_r2_pv3c_eps05_trace-a2e8ab_b16_k8_isolated,isolated,ours,59,2,act_ms,0.05536,recorder
20260925-072918_perlmutter_cb90a27f,ours_l01_s1_pv2_r2_pv3c_eps05_trace-a2e8ab_b16_k8_isolated,isolated,ours,59,3,act_ms,0.054752,recorder
20260925-072918_perlmutter_cb90a27f,ours_l01_s1_pv2_r2_pv3c_eps05_trace-a2e8ab_b16_k8_isolated,isolated,ours,59,4,act_ms,0.05408,recorder
20260925-072918_perlmutter_cb90a27f,ours_l01_s1_pv2_r2_pv3c_eps05_trace-a2e8ab_b16_k8_isolated,isolated,ours,59,5,act_ms,0.049184,recorder
20260925-072918_perlmutter_cb90a27f,ours_l01_s1_pv2_r2_pv3c_eps05_trace-a2e8ab_b16_k8_isolated,isolated,ours,59,6,act_ms,0.049344,recorder
20260925-072918_perlmutter_cb90a27f,ours_l01_s1_pv2_r2_pv3c_eps05_trace-a2e8ab_b16_k8_isolated,isolated,ours,59,7,act_ms,0.0552,recorder
20260925-072918_perlmutter_cb90a27f,ours_l01_s1_pv2_r2_pv3c_eps05_trace-a2e8ab_b16_k8_isolated,isolated,ours,59,8,act_ms,0.054592,recorder
20260925-072918_perlmutter_cb90a27f,ours_l01_s1_pv2_r2_pv3c_eps05_trace-a2e8ab_b16_k8_isolated,isolated,ours,59,9,act_ms,0.055424,recorder
20260925-072918_perlmutter_cb90a27f,ours_l01_s1_pv2_r2_pv3c_eps05_trace-a2e8ab_b16_k8_isolated,isolated,ours,59,0,l1_ms,487.767151,recorder
20260925-072918_perlmutter_cb90a27f,ours_l01_s1_pv2_r2_pv3c_eps05_trace-a2e8ab_b16_k8_isolated,isolated,ours,59,1,l1_ms,337.007812,recorder
20260925-072918_perlmutter_cb90a27f,ours_l01_s1_pv2_r2_pv3c_eps05_trace-a2e8ab_b16_k8_isolated,isolated,ours,59,2,l1_ms,9.672864,recorder
20260925-072918_perlmutter_cb90a27f,ours_l01_s1_pv2_r2_pv3c_eps05_trace-a2e8ab_b16_k8_isolated,isolated,ours,59,3,l1_ms,486.506989,recorder
20260925-072918_perlmutter_cb90a27f,ours_l01_s1_pv2_r2_pv3c_eps05_trace-a2e8ab_b16_k8_isolated,isolated,ours,59,4,l1_ms,427.906311,recorder
20260925-072918_perlmutter_cb90a27f,ours_l01_s1_pv2_r2_pv3c_eps05_trace-a2e8ab_b16_k8_isolated,isolated,ours,59,5,l1_ms,11.387424,recorder
20260925-072918_perlmutter_cb90a27f,ours_l01_s1_pv2_r2_pv3c_eps05_trace-a2e8ab_b16_k8_isolated,isolated,ours,59,6,l1_ms,10.330976,recorder
20260925-072918_perlmutter_cb90a27f,ours_l01_s1_pv2_r2_pv3c_eps05_trace-a2e8ab_b16_k8_isolated,isolated,ours,59,7,l1_ms,482.850189,recorder
20260925-072918_perlmutter_cb90a27f,ours_l01_s1_pv2_r2_pv3c_eps05_trace-a2e8ab_b16_k8_isolated,isolated,ours,59,8,l1_ms,9.845344,recorder
20260925-072918_perlmutter_cb90a27f,ours_l01_s1_pv2_r2_pv3c_eps05_trace-a2e8ab_b16_k8_isolated,isolated,ours,59,9,l1_ms,339.169525,recorder
20260925-072918_perlmutter_cb90a27f,ours_l01_s1_pv2_r2_pv3c_eps05_trace-a2e8ab_b16_k8_isolated,isolated,ours,59,0,plan_comm_ms,0.575936,recorder
20260925-072918_perlmutter_cb90a27f,ours_l01_s1_pv2_r2_pv3c_eps05_trace-a2e8ab_b16_k8_isolated,isolated,ours,59,1,plan_comm_ms,0.879968,recorder
20260925-072918_perlmutter_cb90a27f,ours_l01_s1_pv2_r2_pv3c_eps05_trace-a2e8ab_b16_k8_isolated,isolated,ours,59,2,plan_comm_ms,0.861184,recorder
20260925-072918_perlmutter_cb90a27f,ours_l01_s1_pv2_r2_pv3c_eps05_trace-a2e8ab_b16_k8_isolated,isolated,ours,59,3,plan_comm_ms,0.584352,recorder
20260925-072918_perlmutter_cb90a27f,ours_l01_s1_pv2_r2_pv3c_eps05_trace-a2e8ab_b16_k8_isolated,isolated,ours,59,4,plan_comm_ms,0.680672,recorder
20260925-072918_perlmutter_cb90a27f,ours_l01_s1_pv2_r2_pv3c_eps05_trace-a2e8ab_b16_k8_isolated,isolated,ours,59,5,plan_comm_ms,0.869728,recorder
20260925-072918_perlmutter_cb90a27f,ours_l01_s1_pv2_r2_pv3c_eps05_trace-a2e8ab_b16_k8_isolated,isolated,ours,59,6,plan_comm_ms,0.609664,recorder
20260925-072918_perlmutter_cb90a27f,ours_l01_s1_pv2_r2_pv3c_eps05_trace-a2e8ab_b16_k8_isolated,isolated,ours,59,7,plan_comm_ms,0.665952,recorder
20260925-072918_perlmutter_cb90a27f,ours_l01_s1_pv2_r2_pv3c_eps05_trace-a2e8ab_b16_k8_isolated,isolated,ours,59,8,plan_comm_ms,0.84576,recorder
20260925-072918_perlmutter_cb90a27f,ours_l01_s1_pv2_r2_pv3c_eps05_trace-a2e8ab_b16_k8_isolated,isolated,ours,59,9,plan_comm_ms,0.614304,recorder
20260925-072918_perlmutter_cb90a27f,ours_l01_s1_pv2_r2_pv3c_eps05_trace-a2e8ab_b16_k8_isolated,isolated,ours,59,0,place_ms,0.002496,recorder
20260925-072918_perlmutter_cb90a27f,ours_l01_s1_pv2_r2_pv3c_eps05_trace-a2e8ab_b16_k8_isolated,isolated,ours,59,1,place_ms,0.002304,recorder
20260925-072918_perlmutter_cb90a27f,ours_l01_s1_pv2_r2_pv3c_eps05_trace-a2e8ab_b16_k8_isolated,isolated,ours,59,2,place_ms,0.002304,recorder
20260925-072918_perlmutter_cb90a27f,ours_l01_s1_pv2_r2_pv3c_eps05_trace-a2e8ab_b16_k8_isolated,isolated,ours,59,3,place_ms,0.002528,recorder
20260925-072918_perlmutter_cb90a27f,ours_l01_s1_pv2_r2_pv3c_eps05_trace-a2e8ab_b16_k8_isolated,isolated,ours,59,4,place_ms,0.002336,recorder
20260925-072918_perlmutter_cb90a27f,ours_l01_s1_pv2_r2_pv3c_eps05_trace-a2e8ab_b16_k8_isolated,isolated,ours,59,5,place_ms,0.002304,recorder
20260925-072918_perlmutter_cb90a27f,ours_l01_s1_pv2_r2_pv3c_eps05_trace-a2e8ab_b16_k8_isolated,isolated,ours,59,6,place_ms,0.002304,recorder
20260925-072918_perlmutter_cb90a27f,ours_l01_s1_pv2_r2_pv3c_eps05_trace-a2e8ab_b16_k8_isolated,isolated,ours,59,7,place_ms,0.002336,recorder
20260925-072918_perlmutter_cb90a27f,ours_l01_s1_pv2_r2_pv3c_eps05_trace-a2e8ab_b16_k8_isolated,isolated,ours,59,8,place_ms,0.002304,recorder
20260925-072918_perlmutter_cb90a27f,ours_l01_s1_pv2_r2_pv3c_eps05_trace-a2e8ab_b16_k8_isolated,isolated,ours,59,9,place_ms,0.002304,recorder
20260925-072918_perlmutter_cb90a27f,ours_l01_s1_pv2_r2_pv3c_eps05_trace-a2e8ab_b16_k8_isolated,isolated,ours,59,0,plan_ms,1.850496,recorder
20260925-072918_perlmutter_cb90a27f,ours_l01_s1_pv2_r2_pv3c_eps05_trace-a2e8ab_b16_k8_isolated,isolated,ours,59,1,plan_ms,1.829856,recorder
20260925-072918_perlmutter_cb90a27f,ours_l01_s1_pv2_r2_pv3c_eps05_trace-a2e8ab_b16_k8_isolated,isolated,ours,59,2,plan_ms,1.843008,recorder
20260925-072918_perlmutter_cb90a27f,ours_l01_s1_pv2_r2_pv3c_eps05_trace-a2e8ab_b16_k8_isolated,isolated,ours,59,3,plan_ms,1.80832,recorder
20260925-072918_perlmutter_cb90a27f,ours_l01_s1_pv2_r2_pv3c_eps05_trace-a2e8ab_b16_k8_isolated,isolated,ours,59,4,plan_ms,1.828864,recorder
20260925-072918_perlmutter_cb90a27f,ours_l01_s1_pv2_r2_pv3c_eps05_trace-a2e8ab_b16_k8_isolated,isolated,ours,59,5,plan_ms,1.8272,recorder
20260925-072918_perlmutter_cb90a27f,ours_l01_s1_pv2_r2_pv3c_eps05_trace-a2e8ab_b16_k8_isolated,isolated,ours,59,6,plan_ms,1.831648,recorder
20260925-072918_perlmutter_cb90a27f,ours_l01_s1_pv2_r2_pv3c_eps05_trace-a2e8ab_b16_k8_isolated,isolated,ours,59,7,plan_ms,1.81248,recorder
20260925-072918_perlmutter_cb90a27f,ours_l01_s1_pv2_r2_pv3c_eps05_trace-a2e8ab_b16_k8_isolated,isolated,ours,59,8,plan_ms,1.833696,recorder
20260925-072918_perlmutter_cb90a27f,ours_l01_s1_pv2_r2_pv3c_eps05_trace-a2e8ab_b16_k8_isolated,isolated,ours,59,9,plan_ms,1.823808,recorder
20260925-072918_perlmutter_cb90a27f,ours_l01_s1_pv2_r2_pv3c_eps05_trace-a2e8ab_b16_k8_isolated,isolated,ours,59,0,total_ms,500.988892,recorder
20260925-072918_perlmutter_cb90a27f,ours_l01_s1_pv2_r2_pv3c_eps05_trace-a2e8ab_b16_k8_isolated,isolated,ours,59,1,total_ms,350.588287,recorder
20260925-072918_perlmutter_cb90a27f,ours_l01_s1_pv2_r2_pv3c_eps05_trace-a2e8ab_b16_k8_isolated,isolated,ours,59,2,total_ms,23.067743,recorder
20260925-072918_perlmutter_cb90a27f,ours_l01_s1_pv2_r2_pv3c_eps05_trace-a2e8ab_b16_k8_isolated,isolated,ours,59,3,total_ms,501.080261,recorder
20260925-072918_perlmutter_cb90a27f,ours_l01_s1_pv2_r2_pv3c_eps05_trace-a2e8ab_b16_k8_isolated,isolated,ours,59,4,total_ms,442.592987,recorder
20260925-072918_perlmutter_cb90a27f,ours_l01_s1_pv2_r2_pv3c_eps05_trace-a2e8ab_b16_k8_isolated,isolated,ours,59,5,total_ms,25.444128,recorder
20260925-072918_perlmutter_cb90a27f,ours_l01_s1_pv2_r2_pv3c_eps05_trace-a2e8ab_b16_k8_isolated,isolated,ours,59,6,total_ms,24.391359,recorder
20260925-072918_perlmutter_cb90a27f,ours_l01_s1_pv2_r2_pv3c_eps05_trace-a2e8ab_b16_k8_isolated,isolated,ours,59,7,total_ms,495.320221,recorder
20260925-072918_perlmutter_cb90a27f,ours_l01_s1_pv2_r2_pv3c_eps05_trace-a2e8ab_b16_k8_isolated,isolated,ours,59,8,total_ms,22.881569,recorder
20260925-072918_perlmutter_cb90a27f,ours_l01_s1_pv2_r2_pv3c_eps05_trace-a2e8ab_b16_k8_isolated,isolated,ours,59,9,total_ms,352.238556,recorder
20260925-072918_perlmutter_cb90a27f,ours_l01_s1_pv2_r2_pv3c_eps05_trace-a2e8ab_b16_k8_isolated,isolated,ours,59,0,iso_sync_ms,19.588023,recorder
20260925-072918_perlmutter_cb90a27f,ours_l01_s1_pv2_r2_pv3c_eps05_trace-a2e8ab_b16_k8_isolated,isolated,ours,59,1,iso_sync_ms,498.568081,recorder
20260925-072918_perlmutter_cb90a27f,ours_l01_s1_pv2_r2_pv3c_eps05_trace-a2e8ab_b16_k8_isolated,isolated,ours,59,2,iso_sync_ms,346.908134,recorder
20260925-072918_perlmutter_cb90a27f,ours_l01_s1_pv2_r2_pv3c_eps05_trace-a2e8ab_b16_k8_isolated,isolated,ours,59,3,iso_sync_ms,18.872935,recorder
20260925-072918_perlmutter_cb90a27f,ours_l01_s1_pv2_r2_pv3c_eps05_trace-a2e8ab_b16_k8_isolated,isolated,ours,59,4,iso_sync_ms,497.837442,recorder
20260925-072918_perlmutter_cb90a27f,ours_l01_s1_pv2_r2_pv3c_eps05_trace-a2e8ab_b16_k8_isolated,isolated,ours,59,5,iso_sync_ms,438.933951,recorder
20260925-072918_perlmutter_cb90a27f,ours_l01_s1_pv2_r2_pv3c_eps05_trace-a2e8ab_b16_k8_isolated,isolated,ours,59,6,iso_sync_ms,21.225793,recorder
20260925-072918_perlmutter_cb90a27f,ours_l01_s1_pv2_r2_pv3c_eps05_trace-a2e8ab_b16_k8_isolated,isolated,ours,59,7,iso_sync_ms,20.463814,recorder
20260925-072918_perlmutter_cb90a27f,ours_l01_s1_pv2_r2_pv3c_eps05_trace-a2e8ab_b16_k8_isolated,isolated,ours,59,8,iso_sync_ms,492.226841,recorder
20260925-072918_perlmutter_cb90a27f,ours_l01_s1_pv2_r2_pv3c_eps05_trace-a2e8ab_b16_k8_isolated,isolated,ours,59,9,iso_sync_ms,17.851052,recorder
20260925-072918_perlmutter_cb90a27f,ours_l01_s1_pv2_r2_pv3c_eps05_trace-a2e8ab_b16_k8_isolated,isolated,ours,60,0,e2e_ms,498.489075,recorder
20260925-072918_perlmutter_cb90a27f,ours_l01_s1_pv2_r2_pv3c_eps05_trace-a2e8ab_b16_k8_isolated,isolated,ours,60,1,e2e_ms,347.771515,recorder
20260925-072918_perlmutter_cb90a27f,ours_l01_s1_pv2_r2_pv3c_eps05_trace-a2e8ab_b16_k8_isolated,isolated,ours,60,2,e2e_ms,20.220545,recorder
20260925-072918_perlmutter_cb90a27f,ours_l01_s1_pv2_r2_pv3c_eps05_trace-a2e8ab_b16_k8_isolated,isolated,ours,60,3,e2e_ms,498.492706,recorder
20260925-072918_perlmutter_cb90a27f,ours_l01_s1_pv2_r2_pv3c_eps05_trace-a2e8ab_b16_k8_isolated,isolated,ours,60,4,e2e_ms,439.969391,recorder
20260925-072918_perlmutter_cb90a27f,ours_l01_s1_pv2_r2_pv3c_eps05_trace-a2e8ab_b16_k8_isolated,isolated,ours,60,5,e2e_ms,22.60944,recorder
20260925-072918_perlmutter_cb90a27f,ours_l01_s1_pv2_r2_pv3c_eps05_trace-a2e8ab_b16_k8_isolated,isolated,ours,60,6,e2e_ms,21.797695,recorder
20260925-072918_perlmutter_cb90a27f,ours_l01_s1_pv2_r2_pv3c_eps05_trace-a2e8ab_b16_k8_isolated,isolated,ours,60,7,e2e_ms,492.717621,recorder
20260925-072918_perlmutter_cb90a27f,ours_l01_s1_pv2_r2_pv3c_eps05_trace-a2e8ab_b16_k8_isolated,isolated,ours,60,8,e2e_ms,20.010656,recorder
20260925-072918_perlmutter_cb90a27f,ours_l01_s1_pv2_r2_pv3c_eps05_trace-a2e8ab_b16_k8_isolated,isolated,ours,60,9,e2e_ms,349.683563,recorder
20260925-072918_perlmutter_cb90a27f,ours_l01_s1_pv2_r2_pv3c_eps05_trace-a2e8ab_b16_k8_isolated,isolated,ours,60,0,l0_ms,10.630752,recorder
20260925-072918_perlmutter_cb90a27f,ours_l01_s1_pv2_r2_pv3c_eps05_trace-a2e8ab_b16_k8_isolated,isolated,ours,60,1,l0_ms,10.655968,recorder
20260925-072918_perlmutter_cb90a27f,ours_l01_s1_pv2_r2_pv3c_eps05_trace-a2e8ab_b16_k8_isolated,isolated,ours,60,2,l0_ms,10.480192,recorder
20260925-072918_perlmutter_cb90a27f,ours_l01_s1_pv2_r2_pv3c_eps05_trace-a2e8ab_b16_k8_isolated,isolated,ours,60,3,l0_ms,11.959488,recorder
20260925-072918_perlmutter_cb90a27f,ours_l01_s1_pv2_r2_pv3c_eps05_trace-a2e8ab_b16_k8_isolated,isolated,ours,60,4,l0_ms,11.97296,recorder
20260925-072918_perlmutter_cb90a27f,ours_l01_s1_pv2_r2_pv3c_eps05_trace-a2e8ab_b16_k8_isolated,isolated,ours,60,5,l0_ms,11.166816,recorder
20260925-072918_perlmutter_cb90a27f,ours_l01_s1_pv2_r2_pv3c_eps05_trace-a2e8ab_b16_k8_isolated,isolated,ours,60,6,l0_ms,11.430496,recorder
20260925-072918_perlmutter_cb90a27f,ours_l01_s1_pv2_r2_pv3c_eps05_trace-a2e8ab_b16_k8_isolated,isolated,ours,60,7,l0_ms,9.761088,recorder
20260925-072918_perlmutter_cb90a27f,ours_l01_s1_pv2_r2_pv3c_eps05_trace-a2e8ab_b16_k8_isolated,isolated,ours,60,8,l0_ms,10.15744,recorder
20260925-072918_perlmutter_cb90a27f,ours_l01_s1_pv2_r2_pv3c_eps05_trace-a2e8ab_b16_k8_isolated,isolated,ours,60,9,l0_ms,10.4456,recorder
20260925-072918_perlmutter_cb90a27f,ours_l01_s1_pv2_r2_pv3c_eps05_trace-a2e8ab_b16_k8_isolated,isolated,ours,60,0,act_ms,0.066752,recorder
20260925-072918_perlmutter_cb90a27f,ours_l01_s1_pv2_r2_pv3c_eps05_trace-a2e8ab_b16_k8_isolated,isolated,ours,60,1,act_ms,0.06512,recorder
20260925-072918_perlmutter_cb90a27f,ours_l01_s1_pv2_r2_pv3c_eps05_trace-a2e8ab_b16_k8_isolated,isolated,ours,60,2,act_ms,0.064288,recorder
20260925-072918_perlmutter_cb90a27f,ours_l01_s1_pv2_r2_pv3c_eps05_trace-a2e8ab_b16_k8_isolated,isolated,ours,60,3,act_ms,0.06368,recorder
20260925-072918_perlmutter_cb90a27f,ours_l01_s1_pv2_r2_pv3c_eps05_trace-a2e8ab_b16_k8_isolated,isolated,ours,60,4,act_ms,0.063776,recorder
20260925-072918_perlmutter_cb90a27f,ours_l01_s1_pv2_r2_pv3c_eps05_trace-a2e8ab_b16_k8_isolated,isolated,ours,60,5,act_ms,0.062176,recorder
20260925-072918_perlmutter_cb90a27f,ours_l01_s1_pv2_r2_pv3c_eps05_trace-a2e8ab_b16_k8_isolated,isolated,ours,60,6,act_ms,0.063136,recorder
20260925-072918_perlmutter_cb90a27f,ours_l01_s1_pv2_r2_pv3c_eps05_trace-a2e8ab_b16_k8_isolated,isolated,ours,60,7,act_ms,0.06432,recorder
20260925-072918_perlmutter_cb90a27f,ours_l01_s1_pv2_r2_pv3c_eps05_trace-a2e8ab_b16_k8_isolated,isolated,ours,60,8,act_ms,0.064256,recorder
20260925-072918_perlmutter_cb90a27f,ours_l01_s1_pv2_r2_pv3c_eps05_trace-a2e8ab_b16_k8_isolated,isolated,ours,60,9,act_ms,0.062464,recorder
20260925-072918_perlmutter_cb90a27f,ours_l01_s1_pv2_r2_pv3c_eps05_trace-a2e8ab_b16_k8_isolated,isolated,ours,60,0,l1_ms,487.791595,recorder
20260925-072918_perlmutter_cb90a27f,ours_l01_s1_pv2_r2_pv3c_eps05_trace-a2e8ab_b16_k8_isolated,isolated,ours,60,1,l1_ms,337.050446,recorder
20260925-072918_perlmutter_cb90a27f,ours_l01_s1_pv2_r2_pv3c_eps05_trace-a2e8ab_b16_k8_isolated,isolated,ours,60,2,l1_ms,9.676064,recorder
20260925-072918_perlmutter_cb90a27f,ours_l01_s1_pv2_r2_pv3c_eps05_trace-a2e8ab_b16_k8_isolated,isolated,ours,60,3,l1_ms,486.469543,recorder
20260925-072918_perlmutter_cb90a27f,ours_l01_s1_pv2_r2_pv3c_eps05_trace-a2e8ab_b16_k8_isolated,isolated,ours,60,4,l1_ms,427.932648,recorder
20260925-072918_perlmutter_cb90a27f,ours_l01_s1_pv2_r2_pv3c_eps05_trace-a2e8ab_b16_k8_isolated,isolated,ours,60,5,l1_ms,11.380448,recorder
20260925-072918_perlmutter_cb90a27f,ours_l01_s1_pv2_r2_pv3c_eps05_trace-a2e8ab_b16_k8_isolated,isolated,ours,60,6,l1_ms,10.304064,recorder
20260925-072918_perlmutter_cb90a27f,ours_l01_s1_pv2_r2_pv3c_eps05_trace-a2e8ab_b16_k8_isolated,isolated,ours,60,7,l1_ms,482.892212,recorder
20260925-072918_perlmutter_cb90a27f,ours_l01_s1_pv2_r2_pv3c_eps05_trace-a2e8ab_b16_k8_isolated,isolated,ours,60,8,l1_ms,9.78896,recorder
20260925-072918_perlmutter_cb90a27f,ours_l01_s1_pv2_r2_pv3c_eps05_trace-a2e8ab_b16_k8_isolated,isolated,ours,60,9,l1_ms,339.175476,recorder
20260925-072918_perlmutter_cb90a27f,ours_l01_s1_pv2_r2_pv3c_eps05_trace-a2e8ab_b16_k8_isolated,isolated,ours,60,0,plan_comm_ms,0.571296,recorder
20260925-072918_perlmutter_cb90a27f,ours_l01_s1_pv2_r2_pv3c_eps05_trace-a2e8ab_b16_k8_isolated,isolated,ours,60,1,plan_comm_ms,0.872768,recorder
20260925-072918_perlmutter_cb90a27f,ours_l01_s1_pv2_r2_pv3c_eps05_trace-a2e8ab_b16_k8_isolated,isolated,ours,60,2,plan_comm_ms,0.861248,recorder
20260925-072918_perlmutter_cb90a27f,ours_l01_s1_pv2_r2_pv3c_eps05_trace-a2e8ab_b16_k8_isolated,isolated,ours,60,3,plan_comm_ms,0.57248,recorder
20260925-072918_perlmutter_cb90a27f,ours_l01_s1_pv2_r2_pv3c_eps05_trace-a2e8ab_b16_k8_isolated,isolated,ours,60,4,plan_comm_ms,0.67696,recorder
20260925-072918_perlmutter_cb90a27f,ours_l01_s1_pv2_r2_pv3c_eps05_trace-a2e8ab_b16_k8_isolated,isolated,ours,60,5,plan_comm_ms,0.86368,recorder
20260925-072918_perlmutter_cb90a27f,ours_l01_s1_pv2_r2_pv3c_eps05_trace-a2e8ab_b16_k8_isolated,isolated,ours,60,6,plan_comm_ms,0.60256,recorder
20260925-072918_perlmutter_cb90a27f,ours_l01_s1_pv2_r2_pv3c_eps05_trace-a2e8ab_b16_k8_isolated,isolated,ours,60,7,plan_comm_ms,0.656416,recorder
20260925-072918_perlmutter_cb90a27f,ours_l01_s1_pv2_r2_pv3c_eps05_trace-a2e8ab_b16_k8_isolated,isolated,ours,60,8,plan_comm_ms,0.925344,recorder
20260925-072918_perlmutter_cb90a27f,ours_l01_s1_pv2_r2_pv3c_eps05_trace-a2e8ab_b16_k8_isolated,isolated,ours,60,9,plan_comm_ms,0.608384,recorder
20260925-072918_perlmutter_cb90a27f,ours_l01_s1_pv2_r2_pv3c_eps05_trace-a2e8ab_b16_k8_isolated,isolated,ours,60,0,place_ms,0.002304,recorder
20260925-072918_perlmutter_cb90a27f,ours_l01_s1_pv2_r2_pv3c_eps05_trace-a2e8ab_b16_k8_isolated,isolated,ours,60,1,place_ms,0.002336,recorder
20260925-072918_perlmutter_cb90a27f,ours_l01_s1_pv2_r2_pv3c_eps05_trace-a2e8ab_b16_k8_isolated,isolated,ours,60,2,place_ms,0.002304,recorder
20260925-072918_perlmutter_cb90a27f,ours_l01_s1_pv2_r2_pv3c_eps05_trace-a2e8ab_b16_k8_isolated,isolated,ours,60,3,place_ms,0.002336,recorder
20260925-072918_perlmutter_cb90a27f,ours_l01_s1_pv2_r2_pv3c_eps05_trace-a2e8ab_b16_k8_isolated,isolated,ours,60,4,place_ms,0.002304,recorder
20260925-072918_perlmutter_cb90a27f,ours_l01_s1_pv2_r2_pv3c_eps05_trace-a2e8ab_b16_k8_isolated,isolated,ours,60,5,place_ms,0.002304,recorder
20260925-072918_perlmutter_cb90a27f,ours_l01_s1_pv2_r2_pv3c_eps05_trace-a2e8ab_b16_k8_isolated,isolated,ours,60,6,place_ms,0.002304,recorder
20260925-072918_perlmutter_cb90a27f,ours_l01_s1_pv2_r2_pv3c_eps05_trace-a2e8ab_b16_k8_isolated,isolated,ours,60,7,place_ms,0.002656,recorder
20260925-072918_perlmutter_cb90a27f,ours_l01_s1_pv2_r2_pv3c_eps05_trace-a2e8ab_b16_k8_isolated,isolated,ours,60,8,place_ms,0.002304,recorder
20260925-072918_perlmutter_cb90a27f,ours_l01_s1_pv2_r2_pv3c_eps05_trace-a2e8ab_b16_k8_isolated,isolated,ours,60,9,place_ms,0.002304,recorder
20260925-072918_perlmutter_cb90a27f,ours_l01_s1_pv2_r2_pv3c_eps05_trace-a2e8ab_b16_k8_isolated,isolated,ours,60,0,plan_ms,1.956928,recorder
20260925-072918_perlmutter_cb90a27f,ours_l01_s1_pv2_r2_pv3c_eps05_trace-a2e8ab_b16_k8_isolated,isolated,ours,60,1,plan_ms,1.969024,recorder
20260925-072918_perlmutter_cb90a27f,ours_l01_s1_pv2_r2_pv3c_eps05_trace-a2e8ab_b16_k8_isolated,isolated,ours,60,2,plan_ms,1.972032,recorder
20260925-072918_perlmutter_cb90a27f,ours_l01_s1_pv2_r2_pv3c_eps05_trace-a2e8ab_b16_k8_isolated,isolated,ours,60,3,plan_ms,1.978176,recorder
20260925-072918_perlmutter_cb90a27f,ours_l01_s1_pv2_r2_pv3c_eps05_trace-a2e8ab_b16_k8_isolated,isolated,ours,60,4,plan_ms,1.963424,recorder
20260925-072918_perlmutter_cb90a27f,ours_l01_s1_pv2_r2_pv3c_eps05_trace-a2e8ab_b16_k8_isolated,isolated,ours,60,5,plan_ms,1.965376,recorder
20260925-072918_perlmutter_cb90a27f,ours_l01_s1_pv2_r2_pv3c_eps05_trace-a2e8ab_b16_k8_isolated,isolated,ours,60,6,plan_ms,1.969344,recorder
20260925-072918_perlmutter_cb90a27f,ours_l01_s1_pv2_r2_pv3c_eps05_trace-a2e8ab_b16_k8_isolated,isolated,ours,60,7,plan_ms,1.961408,recorder
20260925-072918_perlmutter_cb90a27f,ours_l01_s1_pv2_r2_pv3c_eps05_trace-a2e8ab_b16_k8_isolated,isolated,ours,60,8,plan_ms,1.952512,recorder
20260925-072918_perlmutter_cb90a27f,ours_l01_s1_pv2_r2_pv3c_eps05_trace-a2e8ab_b16_k8_isolated,isolated,ours,60,9,plan_ms,1.958304,recorder
20260925-072918_perlmutter_cb90a27f,ours_l01_s1_pv2_r2_pv3c_eps05_trace-a2e8ab_b16_k8_isolated,isolated,ours,60,0,total_ms,501.029541,recorder
20260925-072918_perlmutter_cb90a27f,ours_l01_s1_pv2_r2_pv3c_eps05_trace-a2e8ab_b16_k8_isolated,isolated,ours,60,1,total_ms,350.625885,recorder
20260925-072918_perlmutter_cb90a27f,ours_l01_s1_pv2_r2_pv3c_eps05_trace-a2e8ab_b16_k8_isolated,isolated,ours,60,2,total_ms,23.06624,recorder
20260925-072918_perlmutter_cb90a27f,ours_l01_s1_pv2_r2_pv3c_eps05_trace-a2e8ab_b16_k8_isolated,isolated,ours,60,3,total_ms,501.056152,recorder
20260925-072918_perlmutter_cb90a27f,ours_l01_s1_pv2_r2_pv3c_eps05_trace-a2e8ab_b16_k8_isolated,isolated,ours,60,4,total_ms,442.622162,recorder
20260925-072918_perlmutter_cb90a27f,ours_l01_s1_pv2_r2_pv3c_eps05_trace-a2e8ab_b16_k8_isolated,isolated,ours,60,5,total_ms,25.451168,recorder
20260925-072918_perlmutter_cb90a27f,ours_l01_s1_pv2_r2_pv3c_eps05_trace-a2e8ab_b16_k8_isolated,isolated,ours,60,6,total_ms,24.381952,recorder
20260925-072918_perlmutter_cb90a27f,ours_l01_s1_pv2_r2_pv3c_eps05_trace-a2e8ab_b16_k8_isolated,isolated,ours,60,7,total_ms,495.347992,recorder
20260925-072918_perlmutter_cb90a27f,ours_l01_s1_pv2_r2_pv3c_eps05_trace-a2e8ab_b16_k8_isolated,isolated,ours,60,8,total_ms,22.913183,recorder
20260925-072918_perlmutter_cb90a27f,ours_l01_s1_pv2_r2_pv3c_eps05_trace-a2e8ab_b16_k8_isolated,isolated,ours,60,9,total_ms,352.263031,recorder
20260925-072918_perlmutter_cb90a27f,ours_l01_s1_pv2_r2_pv3c_eps05_trace-a2e8ab_b16_k8_isolated,isolated,ours,60,0,iso_sync_ms,19.292569,recorder
20260925-072918_perlmutter_cb90a27f,ours_l01_s1_pv2_r2_pv3c_eps05_trace-a2e8ab_b16_k8_isolated,isolated,ours,60,1,iso_sync_ms,498.150457,recorder
20260925-072918_perlmutter_cb90a27f,ours_l01_s1_pv2_r2_pv3c_eps05_trace-a2e8ab_b16_k8_isolated,isolated,ours,60,2,iso_sync_ms,346.625404,recorder
20260925-072918_perlmutter_cb90a27f,ours_l01_s1_pv2_r2_pv3c_eps05_trace-a2e8ab_b16_k8_isolated,isolated,ours,60,3,iso_sync_ms,18.649041,recorder
20260925-072918_perlmutter_cb90a27f,ours_l01_s1_pv2_r2_pv3c_eps05_trace-a2e8ab_b16_k8_isolated,isolated,ours,60,4,iso_sync_ms,497.459918,recorder
20260925-072918_perlmutter_cb90a27f,ours_l01_s1_pv2_r2_pv3c_eps05_trace-a2e8ab_b16_k8_isolated,isolated,ours,60,5,iso_sync_ms,438.58153,recorder
20260925-072918_perlmutter_cb90a27f,ours_l01_s1_pv2_r2_pv3c_eps05_trace-a2e8ab_b16_k8_isolated,isolated,ours,60,6,iso_sync_ms,20.892802,recorder
20260925-072918_perlmutter_cb90a27f,ours_l01_s1_pv2_r2_pv3c_eps05_trace-a2e8ab_b16_k8_isolated,isolated,ours,60,7,iso_sync_ms,20.323016,recorder
20260925-072918_perlmutter_cb90a27f,ours_l01_s1_pv2_r2_pv3c_eps05_trace-a2e8ab_b16_k8_isolated,isolated,ours,60,8,iso_sync_ms,491.832927,recorder
20260925-072918_perlmutter_cb90a27f,ours_l01_s1_pv2_r2_pv3c_eps05_trace-a2e8ab_b16_k8_isolated,isolated,ours,60,9,iso_sync_ms,18.487548,recorder
20260925-072918_perlmutter_cb90a27f,ours_l01_s1_pv2_r2_pv3c_eps05_trace-a2e8ab_b16_k8_isolated,isolated,ours,61,0,e2e_ms,498.522034,recorder
20260925-072918_perlmutter_cb90a27f,ours_l01_s1_pv2_r2_pv3c_eps05_trace-a2e8ab_b16_k8_isolated,isolated,ours,61,1,e2e_ms,347.753418,recorder
20260925-072918_perlmutter_cb90a27f,ours_l01_s1_pv2_r2_pv3c_eps05_trace-a2e8ab_b16_k8_isolated,isolated,ours,61,2,e2e_ms,20.231487,recorder
20260925-072918_perlmutter_cb90a27f,ours_l01_s1_pv2_r2_pv3c_eps05_trace-a2e8ab_b16_k8_isolated,isolated,ours,61,3,e2e_ms,498.483521,recorder
20260925-072918_perlmutter_cb90a27f,ours_l01_s1_pv2_r2_pv3c_eps05_trace-a2e8ab_b16_k8_isolated,isolated,ours,61,4,e2e_ms,439.937836,recorder
20260925-072918_perlmutter_cb90a27f,ours_l01_s1_pv2_r2_pv3c_eps05_trace-a2e8ab_b16_k8_isolated,isolated,ours,61,5,e2e_ms,22.621504,recorder
20260925-072918_perlmutter_cb90a27f,ours_l01_s1_pv2_r2_pv3c_eps05_trace-a2e8ab_b16_k8_isolated,isolated,ours,61,6,e2e_ms,21.798559,recorder
20260925-072918_perlmutter_cb90a27f,ours_l01_s1_pv2_r2_pv3c_eps05_trace-a2e8ab_b16_k8_isolated,isolated,ours,61,7,e2e_ms,492.775757,recorder
20260925-072918_perlmutter_cb90a27f,ours_l01_s1_pv2_r2_pv3c_eps05_trace-a2e8ab_b16_k8_isolated,isolated,ours,61,8,e2e_ms,20.023264,recorder
20260925-072918_perlmutter_cb90a27f,ours_l01_s1_pv2_r2_pv3c_eps05_trace-a2e8ab_b16_k8_isolated,isolated,ours,61,9,e2e_ms,349.673279,recorder
20260925-072918_perlmutter_cb90a27f,ours_l01_s1_pv2_r2_pv3c_eps05_trace-a2e8ab_b16_k8_isolated,isolated,ours,61,0,l0_ms,10.638624,recorder
20260925-072918_perlmutter_cb90a27f,ours_l01_s1_pv2_r2_pv3c_eps05_trace-a2e8ab_b16_k8_isolated,isolated,ours,61,1,l0_ms,10.664032,recorder
20260925-072918_perlmutter_cb90a27f,ours_l01_s1_pv2_r2_pv3c_eps05_trace-a2e8ab_b16_k8_isolated,isolated,ours,61,2,l0_ms,10.49312,recorder
20260925-072918_perlmutter_cb90a27f,ours_l01_s1_pv2_r2_pv3c_eps05_trace-a2e8ab_b16_k8_isolated,isolated,ours,61,3,l0_ms,11.967936,recorder
20260925-072918_perlmutter_cb90a27f,ours_l01_s1_pv2_r2_pv3c_eps05_trace-a2e8ab_b16_k8_isolated,isolated,ours,61,4,l0_ms,11.938208,recorder
20260925-072918_perlmutter_cb90a27f,ours_l01_s1_pv2_r2_pv3c_eps05_trace-a2e8ab_b16_k8_isolated,isolated,ours,61,5,l0_ms,11.18384,recorder
20260925-072918_perlmutter_cb90a27f,ours_l01_s1_pv2_r2_pv3c_eps05_trace-a2e8ab_b16_k8_isolated,isolated,ours,61,6,l0_ms,11.19456,recorder
20260925-072918_perlmutter_cb90a27f,ours_l01_s1_pv2_r2_pv3c_eps05_trace-a2e8ab_b16_k8_isolated,isolated,ours,61,7,l0_ms,9.774656,recorder
20260925-072918_perlmutter_cb90a27f,ours_l01_s1_pv2_r2_pv3c_eps05_trace-a2e8ab_b16_k8_isolated,isolated,ours,61,8,l0_ms,10.165888,recorder
20260925-072918_perlmutter_cb90a27f,ours_l01_s1_pv2_r2_pv3c_eps05_trace-a2e8ab_b16_k8_isolated,isolated,ours,61,9,l0_ms,10.44512,recorder
20260925-072918_perlmutter_cb90a27f,ours_l01_s1_pv2_r2_pv3c_eps05_trace-a2e8ab_b16_k8_isolated,isolated,ours,61,0,act_ms,0.06208,recorder
20260925-072918_perlmutter_cb90a27f,ours_l01_s1_pv2_r2_pv3c_eps05_trace-a2e8ab_b16_k8_isolated,isolated,ours,61,1,act_ms,0.060736,recorder
20260925-072918_perlmutter_cb90a27f,ours_l01_s1_pv2_r2_pv3c_eps05_trace-a2e8ab_b16_k8_isolated,isolated,ours,61,2,act_ms,0.064096,recorder
20260925-072918_perlmutter_cb90a27f,ours_l01_s1_pv2_r2_pv3c_eps05_trace-a2e8ab_b16_k8_isolated,isolated,ours,61,3,act_ms,0.063328,recorder
20260925-072918_perlmutter_cb90a27f,ours_l01_s1_pv2_r2_pv3c_eps05_trace-a2e8ab_b16_k8_isolated,isolated,ours,61,4,act_ms,0.063904,recorder
20260925-072918_perlmutter_cb90a27f,ours_l01_s1_pv2_r2_pv3c_eps05_trace-a2e8ab_b16_k8_isolated,isolated,ours,61,5,act_ms,0.060384,recorder
20260925-072918_perlmutter_cb90a27f,ours_l01_s1_pv2_r2_pv3c_eps05_trace-a2e8ab_b16_k8_isolated,isolated,ours,61,6,act_ms,0.062528,recorder
20260925-072918_perlmutter_cb90a27f,ours_l01_s1_pv2_r2_pv3c_eps05_trace-a2e8ab_b16_k8_isolated,isolated,ours,61,7,act_ms,0.063648,recorder
20260925-072918_perlmutter_cb90a27f,ours_l01_s1_pv2_r2_pv3c_eps05_trace-a2e8ab_b16_k8_isolated,isolated,ours,61,8,act_ms,0.06208,recorder
20260925-072918_perlmutter_cb90a27f,ours_l01_s1_pv2_r2_pv3c_eps05_trace-a2e8ab_b16_k8_isolated,isolated,ours,61,9,act_ms,0.061792,recorder
20260925-072918_perlmutter_cb90a27f,ours_l01_s1_pv2_r2_pv3c_eps05_trace-a2e8ab_b16_k8_isolated,isolated,ours,61,0,l1_ms,487.82135,recorder
20260925-072918_perlmutter_cb90a27f,ours_l01_s1_pv2_r2_pv3c_eps05_trace-a2e8ab_b16_k8_isolated,isolated,ours,61,1,l1_ms,337.028625,recorder
20260925-072918_perlmutter_cb90a27f,ours_l01_s1_pv2_r2_pv3c_eps05_trace-a2e8ab_b16_k8_isolated,isolated,ours,61,2,l1_ms,9.674272,recorder
20260925-072918_perlmutter_cb90a27f,ours_l01_s1_pv2_r2_pv3c_eps05_trace-a2e8ab_b16_k8_isolated,isolated,ours,61,3,l1_ms,486.452271,recorder
20260925-072918_perlmutter_cb90a27f,ours_l01_s1_pv2_r2_pv3c_eps05_trace-a2e8ab_b16_k8_isolated,isolated,ours,61,4,l1_ms,427.935699,recorder
20260925-072918_perlmutter_cb90a27f,ours_l01_s1_pv2_r2_pv3c_eps05_trace-a2e8ab_b16_k8_isolated,isolated,ours,61,5,l1_ms,11.37728,recorder
20260925-072918_perlmutter_cb90a27f,ours_l01_s1_pv2_r2_pv3c_eps05_trace-a2e8ab_b16_k8_isolated,isolated,ours,61,6,l1_ms,10.541472,recorder
20260925-072918_perlmutter_cb90a27f,ours_l01_s1_pv2_r2_pv3c_eps05_trace-a2e8ab_b16_k8_isolated,isolated,ours,61,7,l1_ms,482.937439,recorder
20260925-072918_perlmutter_cb90a27f,ours_l01_s1_pv2_r2_pv3c_eps05_trace-a2e8ab_b16_k8_isolated,isolated,ours,61,8,l1_ms,9.795296,recorder
20260925-072918_perlmutter_cb90a27f,ours_l01_s1_pv2_r2_pv3c_eps05_trace-a2e8ab_b16_k8_isolated,isolated,ours,61,9,l1_ms,339.166382,recorder
20260925-072918_perlmutter_cb90a27f,ours_l01_s1_pv2_r2_pv3c_eps05_trace-a2e8ab_b16_k8_isolated,isolated,ours,61,0,plan_comm_ms,0.574368,recorder
20260925-072918_perlmutter_cb90a27f,ours_l01_s1_pv2_r2_pv3c_eps05_trace-a2e8ab_b16_k8_isolated,isolated,ours,61,1,plan_comm_ms,0.874656,recorder
20260925-072918_perlmutter_cb90a27f,ours_l01_s1_pv2_r2_pv3c_eps05_trace-a2e8ab_b16_k8_isolated,isolated,ours,61,2,plan_comm_ms,0.870912,recorder
20260925-072918_perlmutter_cb90a27f,ours_l01_s1_pv2_r2_pv3c_eps05_trace-a2e8ab_b16_k8_isolated,isolated,ours,61,3,plan_comm_ms,0.579552,recorder
20260925-072918_perlmutter_cb90a27f,ours_l01_s1_pv2_r2_pv3c_eps05_trace-a2e8ab_b16_k8_isolated,isolated,ours,61,4,plan_comm_ms,0.580896,recorder
20260925-072918_perlmutter_cb90a27f,ours_l01_s1_pv2_r2_pv3c_eps05_trace-a2e8ab_b16_k8_isolated,isolated,ours,61,5,plan_comm_ms,0.862432,recorder
20260925-072918_perlmutter_cb90a27f,ours_l01_s1_pv2_r2_pv3c_eps05_trace-a2e8ab_b16_k8_isolated,isolated,ours,61,6,plan_comm_ms,0.607232,recorder
20260925-072918_perlmutter_cb90a27f,ours_l01_s1_pv2_r2_pv3c_eps05_trace-a2e8ab_b16_k8_isolated,isolated,ours,61,7,plan_comm_ms,0.67008,recorder
20260925-072918_perlmutter_cb90a27f,ours_l01_s1_pv2_r2_pv3c_eps05_trace-a2e8ab_b16_k8_isolated,isolated,ours,61,8,plan_comm_ms,0.927104,recorder
20260925-072918_perlmutter_cb90a27f,ours_l01_s1_pv2_r2_pv3c_eps05_trace-a2e8ab_b16_k8_isolated,isolated,ours,61,9,plan_comm_ms,0.609504,recorder
20260925-072918_perlmutter_cb90a27f,ours_l01_s1_pv2_r2_pv3c_eps05_trace-a2e8ab_b16_k8_isolated,isolated,ours,61,0,place_ms,0.002336,recorder
20260925-072918_perlmutter_cb90a27f,ours_l01_s1_pv2_r2_pv3c_eps05_trace-a2e8ab_b16_k8_isolated,isolated,ours,61,1,place_ms,0.002304,recorder
20260925-072918_perlmutter_cb90a27f,ours_l01_s1_pv2_r2_pv3c_eps05_trace-a2e8ab_b16_k8_isolated,isolated,ours,61,2,place_ms,0.002304,recorder
20260925-072918_perlmutter_cb90a27f,ours_l01_s1_pv2_r2_pv3c_eps05_trace-a2e8ab_b16_k8_isolated,isolated,ours,61,3,place_ms,0.002304,recorder
20260925-072918_perlmutter_cb90a27f,ours_l01_s1_pv2_r2_pv3c_eps05_trace-a2e8ab_b16_k8_isolated,isolated,ours,61,4,place_ms,0.002304,recorder
20260925-072918_perlmutter_cb90a27f,ours_l01_s1_pv2_r2_pv3c_eps05_trace-a2e8ab_b16_k8_isolated,isolated,ours,61,5,place_ms,0.002336,recorder
20260925-072918_perlmutter_cb90a27f,ours_l01_s1_pv2_r2_pv3c_eps05_trace-a2e8ab_b16_k8_isolated,isolated,ours,61,6,place_ms,0.002304,recorder
20260925-072918_perlmutter_cb90a27f,ours_l01_s1_pv2_r2_pv3c_eps05_trace-a2e8ab_b16_k8_isolated,isolated,ours,61,7,place_ms,0.002496,recorder
20260925-072918_perlmutter_cb90a27f,ours_l01_s1_pv2_r2_pv3c_eps05_trace-a2e8ab_b16_k8_isolated,isolated,ours,61,8,place_ms,0.002336,recorder
20260925-072918_perlmutter_cb90a27f,ours_l01_s1_pv2_r2_pv3c_eps05_trace-a2e8ab_b16_k8_isolated,isolated,ours,61,9,place_ms,0.002336,recorder
20260925-072918_perlmutter_cb90a27f,ours_l01_s1_pv2_r2_pv3c_eps05_trace-a2e8ab_b16_k8_isolated,isolated,ours,61,0,plan_ms,1.955936,recorder
20260925-072918_perlmutter_cb90a27f,ours_l01_s1_pv2_r2_pv3c_eps05_trace-a2e8ab_b16_k8_isolated,isolated,ours,61,1,plan_ms,1.957984,recorder
20260925-072918_perlmutter_cb90a27f,ours_l01_s1_pv2_r2_pv3c_eps05_trace-a2e8ab_b16_k8_isolated,isolated,ours,61,2,plan_ms,1.957056,recorder
20260925-072918_perlmutter_cb90a27f,ours_l01_s1_pv2_r2_pv3c_eps05_trace-a2e8ab_b16_k8_isolated,isolated,ours,61,3,plan_ms,1.962272,recorder
20260925-072918_perlmutter_cb90a27f,ours_l01_s1_pv2_r2_pv3c_eps05_trace-a2e8ab_b16_k8_isolated,isolated,ours,61,4,plan_ms,2.00224,recorder
20260925-072918_perlmutter_cb90a27f,ours_l01_s1_pv2_r2_pv3c_eps05_trace-a2e8ab_b16_k8_isolated,isolated,ours,61,5,plan_ms,1.955712,recorder
20260925-072918_perlmutter_cb90a27f,ours_l01_s1_pv2_r2_pv3c_eps05_trace-a2e8ab_b16_k8_isolated,isolated,ours,61,6,plan_ms,1.96368,recorder
20260925-072918_perlmutter_cb90a27f,ours_l01_s1_pv2_r2_pv3c_eps05_trace-a2e8ab_b16_k8_isolated,isolated,ours,61,7,plan_ms,1.94544,recorder
20260925-072918_perlmutter_cb90a27f,ours_l01_s1_pv2_r2_pv3c_eps05_trace-a2e8ab_b16_k8_isolated,isolated,ours,61,8,plan_ms,1.957792,recorder
20260925-072918_perlmutter_cb90a27f,ours_l01_s1_pv2_r2_pv3c_eps05_trace-a2e8ab_b16_k8_isolated,isolated,ours,61,9,plan_ms,1.953152,recorder
20260925-072918_perlmutter_cb90a27f,ours_l01_s1_pv2_r2_pv3c_eps05_trace-a2e8ab_b16_k8_isolated,isolated,ours,61,0,total_ms,501.064056,recorder
20260925-072918_perlmutter_cb90a27f,ours_l01_s1_pv2_r2_pv3c_eps05_trace-a2e8ab_b16_k8_isolated,isolated,ours,61,1,total_ms,350.5979,recorder
20260925-072918_perlmutter_cb90a27f,ours_l01_s1_pv2_r2_pv3c_eps05_trace-a2e8ab_b16_k8_isolated,isolated,ours,61,2,total_ms,23.071712,recorder
20260925-072918_perlmutter_cb90a27f,ours_l01_s1_pv2_r2_pv3c_eps05_trace-a2e8ab_b16_k8_isolated,isolated,ours,61,3,total_ms,501.037262,recorder
20260925-072918_perlmutter_cb90a27f,ours_l01_s1_pv2_r2_pv3c_eps05_trace-a2e8ab_b16_k8_isolated,isolated,ours,61,4,total_ms,442.533569,recorder
20260925-072918_perlmutter_cb90a27f,ours_l01_s1_pv2_r2_pv3c_eps05_trace-a2e8ab_b16_k8_isolated,isolated,ours,61,5,total_ms,25.452065,recorder
20260925-072918_perlmutter_cb90a27f,ours_l01_s1_pv2_r2_pv3c_eps05_trace-a2e8ab_b16_k8_isolated,isolated,ours,61,6,total_ms,24.381824,recorder
20260925-072918_perlmutter_cb90a27f,ours_l01_s1_pv2_r2_pv3c_eps05_trace-a2e8ab_b16_k8_isolated,isolated,ours,61,7,total_ms,495.403229,recorder
20260925-072918_perlmutter_cb90a27f,ours_l01_s1_pv2_r2_pv3c_eps05_trace-a2e8ab_b16_k8_isolated,isolated,ours,61,8,total_ms,22.920065,recorder
20260925-072918_perlmutter_cb90a27f,ours_l01_s1_pv2_r2_pv3c_eps05_trace-a2e8ab_b16_k8_isolated,isolated,ours,61,9,total_ms,352.248138,recorder
20260925-072918_perlmutter_cb90a27f,ours_l01_s1_pv2_r2_pv3c_eps05_trace-a2e8ab_b16_k8_isolated,isolated,ours,61,0,iso_sync_ms,19.364168,recorder
20260925-072918_perlmutter_cb90a27f,ours_l01_s1_pv2_r2_pv3c_eps05_trace-a2e8ab_b16_k8_isolated,isolated,ours,61,1,iso_sync_ms,498.387586,recorder
20260925-072918_perlmutter_cb90a27f,ours_l01_s1_pv2_r2_pv3c_eps05_trace-a2e8ab_b16_k8_isolated,isolated,ours,61,2,iso_sync_ms,346.794151,recorder
20260925-072918_perlmutter_cb90a27f,ours_l01_s1_pv2_r2_pv3c_eps05_trace-a2e8ab_b16_k8_isolated,isolated,ours,61,3,iso_sync_ms,18.732783,recorder
20260925-072918_perlmutter_cb90a27f,ours_l01_s1_pv2_r2_pv3c_eps05_trace-a2e8ab_b16_k8_isolated,isolated,ours,61,4,iso_sync_ms,497.575944,recorder
20260925-072918_perlmutter_cb90a27f,ours_l01_s1_pv2_r2_pv3c_eps05_trace-a2e8ab_b16_k8_isolated,isolated,ours,61,5,iso_sync_ms,437.444406,recorder
20260925-072918_perlmutter_cb90a27f,ours_l01_s1_pv2_r2_pv3c_eps05_trace-a2e8ab_b16_k8_isolated,isolated,ours,61,6,iso_sync_ms,20.901338,recorder
20260925-072918_perlmutter_cb90a27f,ours_l01_s1_pv2_r2_pv3c_eps05_trace-a2e8ab_b16_k8_isolated,isolated,ours,61,7,iso_sync_ms,20.401239,recorder
20260925-072918_perlmutter_cb90a27f,ours_l01_s1_pv2_r2_pv3c_eps05_trace-a2e8ab_b16_k8_isolated,isolated,ours,61,8,iso_sync_ms,491.904235,recorder
20260925-072918_perlmutter_cb90a27f,ours_l01_s1_pv2_r2_pv3c_eps05_trace-a2e8ab_b16_k8_isolated,isolated,ours,61,9,iso_sync_ms,18.553666,recorder
20260925-072918_perlmutter_cb90a27f,ours_l01_s1_pv2_r2_pv3c_eps05_trace-a2e8ab_b16_k8_isolated,isolated,ours,62,0,e2e_ms,498.551819,recorder
20260925-072918_perlmutter_cb90a27f,ours_l01_s1_pv2_r2_pv3c_eps05_trace-a2e8ab_b16_k8_isolated,isolated,ours,62,1,e2e_ms,347.765228,recorder
20260925-072918_perlmutter_cb90a27f,ours_l01_s1_pv2_r2_pv3c_eps05_trace-a2e8ab_b16_k8_isolated,isolated,ours,62,2,e2e_ms,20.248447,recorder
20260925-072918_perlmutter_cb90a27f,ours_l01_s1_pv2_r2_pv3c_eps05_trace-a2e8ab_b16_k8_isolated,isolated,ours,62,3,e2e_ms,498.556091,recorder
20260925-072918_perlmutter_cb90a27f,ours_l01_s1_pv2_r2_pv3c_eps05_trace-a2e8ab_b16_k8_isolated,isolated,ours,62,4,e2e_ms,440.030121,recorder
20260925-072918_perlmutter_cb90a27f,ours_l01_s1_pv2_r2_pv3c_eps05_trace-a2e8ab_b16_k8_isolated,isolated,ours,62,5,e2e_ms,22.646656,recorder
20260925-072918_perlmutter_cb90a27f,ours_l01_s1_pv2_r2_pv3c_eps05_trace-a2e8ab_b16_k8_isolated,isolated,ours,62,6,e2e_ms,21.815744,recorder
20260925-072918_perlmutter_cb90a27f,ours_l01_s1_pv2_r2_pv3c_eps05_trace-a2e8ab_b16_k8_isolated,isolated,ours,62,7,e2e_ms,492.774628,recorder
20260925-072918_perlmutter_cb90a27f,ours_l01_s1_pv2_r2_pv3c_eps05_trace-a2e8ab_b16_k8_isolated,isolated,ours,62,8,e2e_ms,20.0464,recorder
20260925-072918_perlmutter_cb90a27f,ours_l01_s1_pv2_r2_pv3c_eps05_trace-a2e8ab_b16_k8_isolated,isolated,ours,62,9,e2e_ms,349.765503,recorder
20260925-072918_perlmutter_cb90a27f,ours_l01_s1_pv2_r2_pv3c_eps05_trace-a2e8ab_b16_k8_isolated,isolated,ours,62,0,l0_ms,10.65664,recorder
20260925-072918_perlmutter_cb90a27f,ours_l01_s1_pv2_r2_pv3c_eps05_trace-a2e8ab_b16_k8_isolated,isolated,ours,62,1,l0_ms,10.677152,recorder
20260925-072918_perlmutter_cb90a27f,ours_l01_s1_pv2_r2_pv3c_eps05_trace-a2e8ab_b16_k8_isolated,isolated,ours,62,2,l0_ms,10.512992,recorder
20260925-072918_perlmutter_cb90a27f,ours_l01_s1_pv2_r2_pv3c_eps05_trace-a2e8ab_b16_k8_isolated,isolated,ours,62,3,l0_ms,11.987552,recorder
20260925-072918_perlmutter_cb90a27f,ours_l01_s1_pv2_r2_pv3c_eps05_trace-a2e8ab_b16_k8_isolated,isolated,ours,62,4,l0_ms,12.008512,recorder
20260925-072918_perlmutter_cb90a27f,ours_l01_s1_pv2_r2_pv3c_eps05_trace-a2e8ab_b16_k8_isolated,isolated,ours,62,5,l0_ms,11.178144,recorder
20260925-072918_perlmutter_cb90a27f,ours_l01_s1_pv2_r2_pv3c_eps05_trace-a2e8ab_b16_k8_isolated,isolated,ours,62,6,l0_ms,11.243328,recorder
20260925-072918_perlmutter_cb90a27f,ours_l01_s1_pv2_r2_pv3c_eps05_trace-a2e8ab_b16_k8_isolated,isolated,ours,62,7,l0_ms,9.784608,recorder
20260925-072918_perlmutter_cb90a27f,ours_l01_s1_pv2_r2_pv3c_eps05_trace-a2e8ab_b16_k8_isolated,isolated,ours,62,8,l0_ms,10.188032,recorder
20260925-072918_perlmutter_cb90a27f,ours_l01_s1_pv2_r2_pv3c_eps05_trace-a2e8ab_b16_k8_isolated,isolated,ours,62,9,l0_ms,10.454816,recorder
20260925-072918_perlmutter_cb90a27f,ours_l01_s1_pv2_r2_pv3c_eps05_trace-a2e8ab_b16_k8_isolated,isolated,ours,62,0,act_ms,0.072512,recorder
20260925-072918_perlmutter_cb90a27f,ours_l01_s1_pv2_r2_pv3c_eps05_trace-a2e8ab_b16_k8_isolated,isolated,ours,62,1,act_ms,0.071616,recorder
20260925-072918_perlmutter_cb90a27f,ours_l01_s1_pv2_r2_pv3c_eps05_trace-a2e8ab_b16_k8_isolated,isolated,ours,62,2,act_ms,0.072384,recorder
20260925-072918_perlmutter_cb90a27f,ours_l01_s1_pv2_r2_pv3c_eps05_trace-a2e8ab_b16_k8_isolated,isolated,ours,62,3,act_ms,0.070624,recorder
20260925-072918_perlmutter_cb90a27f,ours_l01_s1_pv2_r2_pv3c_eps05_trace-a2e8ab_b16_k8_isolated,isolated,ours,62,4,act_ms,0.073504,recorder
20260925-072918_perlmutter_cb90a27f,ours_l01_s1_pv2_r2_pv3c_eps05_trace-a2e8ab_b16_k8_isolated,isolated,ours,62,5,act_ms,0.069664,recorder
20260925-072918_perlmutter_cb90a27f,ours_l01_s1_pv2_r2_pv3c_eps05_trace-a2e8ab_b16_k8_isolated,isolated,ours,62,6,act_ms,0.072,recorder
20260925-072918_perlmutter_cb90a27f,ours_l01_s1_pv2_r2_pv3c_eps05_trace-a2e8ab_b16_k8_isolated,isolated,ours,62,7,act_ms,0.070976,recorder
20260925-072918_perlmutter_cb90a27f,ours_l01_s1_pv2_r2_pv3c_eps05_trace-a2e8ab_b16_k8_isolated,isolated,ours,62,8,act_ms,0.072864,recorder
20260925-072918_perlmutter_cb90a27f,ours_l01_s1_pv2_r2_pv3c_eps05_trace-a2e8ab_b16_k8_isolated,isolated,ours,62,9,act_ms,0.072448,recorder
20260925-072918_perlmutter_cb90a27f,ours_l01_s1_pv2_r2_pv3c_eps05_trace-a2e8ab_b16_k8_isolated,isolated,ours,62,0,l1_ms,487.822662,recorder
20260925-072918_perlmutter_cb90a27f,ours_l01_s1_pv2_r2_pv3c_eps05_trace-a2e8ab_b16_k8_isolated,isolated,ours,62,1,l1_ms,337.016449,recorder
20260925-072918_perlmutter_cb90a27f,ours_l01_s1_pv2_r2_pv3c_eps05_trace-a2e8ab_b16_k8_isolated,isolated,ours,62,2,l1_ms,9.663072,recorder
20260925-072918_perlmutter_cb90a27f,ours_l01_s1_pv2_r2_pv3c_eps05_trace-a2e8ab_b16_k8_isolated,isolated,ours,62,3,l1_ms,486.497925,recorder
20260925-072918_perlmutter_cb90a27f,ours_l01_s1_pv2_r2_pv3c_eps05_trace-a2e8ab_b16_k8_isolated,isolated,ours,62,4,l1_ms,427.94809,recorder
20260925-072918_perlmutter_cb90a27f,ours_l01_s1_pv2_r2_pv3c_eps05_trace-a2e8ab_b16_k8_isolated,isolated,ours,62,5,l1_ms,11.398848,recorder
20260925-072918_perlmutter_cb90a27f,ours_l01_s1_pv2_r2_pv3c_eps05_trace-a2e8ab_b16_k8_isolated,isolated,ours,62,6,l1_ms,10.500416,recorder
20260925-072918_perlmutter_cb90a27f,ours_l01_s1_pv2_r2_pv3c_eps05_trace-a2e8ab_b16_k8_isolated,isolated,ours,62,7,l1_ms,482.919037,recorder
20260925-072918_perlmutter_cb90a27f,ours_l01_s1_pv2_r2_pv3c_eps05_trace-a2e8ab_b16_k8_isolated,isolated,ours,62,8,l1_ms,9.785504,recorder
20260925-072918_perlmutter_cb90a27f,ours_l01_s1_pv2_r2_pv3c_eps05_trace-a2e8ab_b16_k8_isolated,isolated,ours,62,9,l1_ms,339.238251,recorder
20260925-072918_perlmutter_cb90a27f,ours_l01_s1_pv2_r2_pv3c_eps05_trace-a2e8ab_b16_k8_isolated,isolated,ours,62,0,plan_comm_ms,0.575456,recorder
20260925-072918_perlmutter_cb90a27f,ours_l01_s1_pv2_r2_pv3c_eps05_trace-a2e8ab_b16_k8_isolated,isolated,ours,62,1,plan_comm_ms,0.875552,recorder
20260925-072918_perlmutter_cb90a27f,ours_l01_s1_pv2_r2_pv3c_eps05_trace-a2e8ab_b16_k8_isolated,isolated,ours,62,2,plan_comm_ms,0.868608,recorder
20260925-072918_perlmutter_cb90a27f,ours_l01_s1_pv2_r2_pv3c_eps05_trace-a2e8ab_b16_k8_isolated,isolated,ours,62,3,plan_comm_ms,0.58,recorder
20260925-072918_perlmutter_cb90a27f,ours_l01_s1_pv2_r2_pv3c_eps05_trace-a2e8ab_b16_k8_isolated,isolated,ours,62,4,plan_comm_ms,0.613632,recorder
20260925-072918_perlmutter_cb90a27f,ours_l01_s1_pv2_r2_pv3c_eps05_trace-a2e8ab_b16_k8_isolated,isolated,ours,62,5,plan_comm_ms,0.863328,recorder
20260925-072918_perlmutter_cb90a27f,ours_l01_s1_pv2_r2_pv3c_eps05_trace-a2e8ab_b16_k8_isolated,isolated,ours,62,6,plan_comm_ms,0.607712,recorder
20260925-072918_perlmutter_cb90a27f,ours_l01_s1_pv2_r2_pv3c_eps05_trace-a2e8ab_b16_k8_isolated,isolated,ours,62,7,plan_comm_ms,0.667168,recorder
20260925-072918_perlmutter_cb90a27f,ours_l01_s1_pv2_r2_pv3c_eps05_trace-a2e8ab_b16_k8_isolated,isolated,ours,62,8,plan_comm_ms,0.925888,recorder
20260925-072918_perlmutter_cb90a27f,ours_l01_s1_pv2_r2_pv3c_eps05_trace-a2e8ab_b16_k8_isolated,isolated,ours,62,9,plan_comm_ms,0.612736,recorder
20260925-072918_perlmutter_cb90a27f,ours_l01_s1_pv2_r2_pv3c_eps05_trace-a2e8ab_b16_k8_isolated,isolated,ours,62,0,place_ms,0.002336,recorder
20260925-072918_perlmutter_cb90a27f,ours_l01_s1_pv2_r2_pv3c_eps05_trace-a2e8ab_b16_k8_isolated,isolated,ours,62,1,place_ms,0.002368,recorder
20260925-072918_perlmutter_cb90a27f,ours_l01_s1_pv2_r2_pv3c_eps05_trace-a2e8ab_b16_k8_isolated,isolated,ours,62,2,place_ms,0.002368,recorder
20260925-072918_perlmutter_cb90a27f,ours_l01_s1_pv2_r2_pv3c_eps05_trace-a2e8ab_b16_k8_isolated,isolated,ours,62,3,place_ms,0.002368,recorder
20260925-072918_perlmutter_cb90a27f,ours_l01_s1_pv2_r2_pv3c_eps05_trace-a2e8ab_b16_k8_isolated,isolated,ours,62,4,place_ms,0.002368,recorder
20260925-072918_perlmutter_cb90a27f,ours_l01_s1_pv2_r2_pv3c_eps05_trace-a2e8ab_b16_k8_isolated,isolated,ours,62,5,place_ms,0.002368,recorder
20260925-072918_perlmutter_cb90a27f,ours_l01_s1_pv2_r2_pv3c_eps05_trace-a2e8ab_b16_k8_isolated,isolated,ours,62,6,place_ms,0.002368,recorder
20260925-072918_perlmutter_cb90a27f,ours_l01_s1_pv2_r2_pv3c_eps05_trace-a2e8ab_b16_k8_isolated,isolated,ours,62,7,place_ms,0.002368,recorder
20260925-072918_perlmutter_cb90a27f,ours_l01_s1_pv2_r2_pv3c_eps05_trace-a2e8ab_b16_k8_isolated,isolated,ours,62,8,place_ms,0.002368,recorder
20260925-072918_perlmutter_cb90a27f,ours_l01_s1_pv2_r2_pv3c_eps05_trace-a2e8ab_b16_k8_isolated,isolated,ours,62,9,place_ms,0.002368,recorder
20260925-072918_perlmutter_cb90a27f,ours_l01_s1_pv2_r2_pv3c_eps05_trace-a2e8ab_b16_k8_isolated,isolated,ours,62,0,plan_ms,1.935968,recorder
20260925-072918_perlmutter_cb90a27f,ours_l01_s1_pv2_r2_pv3c_eps05_trace-a2e8ab_b16_k8_isolated,isolated,ours,62,1,plan_ms,1.943392,recorder
20260925-072918_perlmutter_cb90a27f,ours_l01_s1_pv2_r2_pv3c_eps05_trace-a2e8ab_b16_k8_isolated,isolated,ours,62,2,plan_ms,1.93264,recorder
20260925-072918_perlmutter_cb90a27f,ours_l01_s1_pv2_r2_pv3c_eps05_trace-a2e8ab_b16_k8_isolated,isolated,ours,62,3,plan_ms,1.946368,recorder
20260925-072918_perlmutter_cb90a27f,ours_l01_s1_pv2_r2_pv3c_eps05_trace-a2e8ab_b16_k8_isolated,isolated,ours,62,4,plan_ms,1.93376,recorder
20260925-072918_perlmutter_cb90a27f,ours_l01_s1_pv2_r2_pv3c_eps05_trace-a2e8ab_b16_k8_isolated,isolated,ours,62,5,plan_ms,1.932576,recorder
20260925-072918_perlmutter_cb90a27f,ours_l01_s1_pv2_r2_pv3c_eps05_trace-a2e8ab_b16_k8_isolated,isolated,ours,62,6,plan_ms,1.951648,recorder
20260925-072918_perlmutter_cb90a27f,ours_l01_s1_pv2_r2_pv3c_eps05_trace-a2e8ab_b16_k8_isolated,isolated,ours,62,7,plan_ms,1.9224,recorder
20260925-072918_perlmutter_cb90a27f,ours_l01_s1_pv2_r2_pv3c_eps05_trace-a2e8ab_b16_k8_isolated,isolated,ours,62,8,plan_ms,1.932864,recorder
20260925-072918_perlmutter_cb90a27f,ours_l01_s1_pv2_r2_pv3c_eps05_trace-a2e8ab_b16_k8_isolated,isolated,ours,62,9,plan_ms,1.94032,recorder
20260925-072918_perlmutter_cb90a27f,ours_l01_s1_pv2_r2_pv3c_eps05_trace-a2e8ab_b16_k8_isolated,isolated,ours,62,0,total_ms,501.075623,recorder
20260925-072918_perlmutter_cb90a27f,ours_l01_s1_pv2_r2_pv3c_eps05_trace-a2e8ab_b16_k8_isolated,isolated,ours,62,1,total_ms,350.59668,recorder
20260925-072918_perlmutter_cb90a27f,ours_l01_s1_pv2_r2_pv3c_eps05_trace-a2e8ab_b16_k8_isolated,isolated,ours,62,2,total_ms,23.061825,recorder
20260925-072918_perlmutter_cb90a27f,ours_l01_s1_pv2_r2_pv3c_eps05_trace-a2e8ab_b16_k8_isolated,isolated,ours,62,3,total_ms,501.094177,recorder
20260925-072918_perlmutter_cb90a27f,ours_l01_s1_pv2_r2_pv3c_eps05_trace-a2e8ab_b16_k8_isolated,isolated,ours,62,4,total_ms,442.589752,recorder
20260925-072918_perlmutter_cb90a27f,ours_l01_s1_pv2_r2_pv3c_eps05_trace-a2e8ab_b16_k8_isolated,isolated,ours,62,5,total_ms,25.454912,recorder
20260925-072918_perlmutter_cb90a27f,ours_l01_s1_pv2_r2_pv3c_eps05_trace-a2e8ab_b16_k8_isolated,isolated,ours,62,6,total_ms,24.386496,recorder
20260925-072918_perlmutter_cb90a27f,ours_l01_s1_pv2_r2_pv3c_eps05_trace-a2e8ab_b16_k8_isolated,isolated,ours,62,7,total_ms,495.375885,recorder
20260925-072918_perlmutter_cb90a27f,ours_l01_s1_pv2_r2_pv3c_eps05_trace-a2e8ab_b16_k8_isolated,isolated,ours,62,8,total_ms,22.917215,recorder
20260925-072918_perlmutter_cb90a27f,ours_l01_s1_pv2_r2_pv3c_eps05_trace-a2e8ab_b16_k8_isolated,isolated,ours,62,9,total_ms,352.330566,recorder
20260925-072918_perlmutter_cb90a27f,ours_l01_s1_pv2_r2_pv3c_eps05_trace-a2e8ab_b16_k8_isolated,isolated,ours,62,0,iso_sync_ms,19.445456,recorder
20260925-072918_perlmutter_cb90a27f,ours_l01_s1_pv2_r2_pv3c_eps05_trace-a2e8ab_b16_k8_isolated,isolated,ours,62,1,iso_sync_ms,498.443295,recorder
20260925-072918_perlmutter_cb90a27f,ours_l01_s1_pv2_r2_pv3c_eps05_trace-a2e8ab_b16_k8_isolated,isolated,ours,62,2,iso_sync_ms,346.807587,recorder
20260925-072918_perlmutter_cb90a27f,ours_l01_s1_pv2_r2_pv3c_eps05_trace-a2e8ab_b16_k8_isolated,isolated,ours,62,3,iso_sync_ms,18.789173,recorder
20260925-072918_perlmutter_cb90a27f,ours_l01_s1_pv2_r2_pv3c_eps05_trace-a2e8ab_b16_k8_isolated,isolated,ours,62,4,iso_sync_ms,497.629647,recorder
20260925-072918_perlmutter_cb90a27f,ours_l01_s1_pv2_r2_pv3c_eps05_trace-a2e8ab_b16_k8_isolated,isolated,ours,62,5,iso_sync_ms,438.686273,recorder
20260925-072918_perlmutter_cb90a27f,ours_l01_s1_pv2_r2_pv3c_eps05_trace-a2e8ab_b16_k8_isolated,isolated,ours,62,6,iso_sync_ms,21.033564,recorder
20260925-072918_perlmutter_cb90a27f,ours_l01_s1_pv2_r2_pv3c_eps05_trace-a2e8ab_b16_k8_isolated,isolated,ours,62,7,iso_sync_ms,20.471635,recorder
20260925-072918_perlmutter_cb90a27f,ours_l01_s1_pv2_r2_pv3c_eps05_trace-a2e8ab_b16_k8_isolated,isolated,ours,62,8,iso_sync_ms,492.01479,recorder
20260925-072918_perlmutter_cb90a27f,ours_l01_s1_pv2_r2_pv3c_eps05_trace-a2e8ab_b16_k8_isolated,isolated,ours,62,9,iso_sync_ms,18.65863,recorder
20260925-072918_perlmutter_cb90a27f,ours_l01_s1_pv2_r2_pv3c_eps05_trace-a2e8ab_b16_k8_isolated,isolated,ours,63,0,e2e_ms,498.557617,recorder
20260925-072918_perlmutter_cb90a27f,ours_l01_s1_pv2_r2_pv3c_eps05_trace-a2e8ab_b16_k8_isolated,isolated,ours,63,1,e2e_ms,347.756714,recorder
20260925-072918_perlmutter_cb90a27f,ours_l01_s1_pv2_r2_pv3c_eps05_trace-a2e8ab_b16_k8_isolated,isolated,ours,63,2,e2e_ms,20.212896,recorder
20260925-072918_perlmutter_cb90a27f,ours_l01_s1_pv2_r2_pv3c_eps05_trace-a2e8ab_b16_k8_isolated,isolated,ours,63,3,e2e_ms,498.548126,recorder
20260925-072918_perlmutter_cb90a27f,ours_l01_s1_pv2_r2_pv3c_eps05_trace-a2e8ab_b16_k8_isolated,isolated,ours,63,4,e2e_ms,440.017792,recorder
20260925-072918_perlmutter_cb90a27f,ours_l01_s1_pv2_r2_pv3c_eps05_trace-a2e8ab_b16_k8_isolated,isolated,ours,63,5,e2e_ms,22.621759,recorder
20260925-072918_perlmutter_cb90a27f,ours_l01_s1_pv2_r2_pv3c_eps05_trace-a2e8ab_b16_k8_isolated,isolated,ours,63,6,e2e_ms,21.800928,recorder
20260925-072918_perlmutter_cb90a27f,ours_l01_s1_pv2_r2_pv3c_eps05_trace-a2e8ab_b16_k8_isolated,isolated,ours,63,7,e2e_ms,492.810303,recorder
20260925-072918_perlmutter_cb90a27f,ours_l01_s1_pv2_r2_pv3c_eps05_trace-a2e8ab_b16_k8_isolated,isolated,ours,63,8,e2e_ms,20.032896,recorder
20260925-072918_perlmutter_cb90a27f,ours_l01_s1_pv2_r2_pv3c_eps05_trace-a2e8ab_b16_k8_isolated,isolated,ours,63,9,e2e_ms,349.671234,recorder
20260925-072918_perlmutter_cb90a27f,ours_l01_s1_pv2_r2_pv3c_eps05_trace-a2e8ab_b16_k8_isolated,isolated,ours,63,0,l0_ms,10.401568,recorder
20260925-072918_perlmutter_cb90a27f,ours_l01_s1_pv2_r2_pv3c_eps05_trace-a2e8ab_b16_k8_isolated,isolated,ours,63,1,l0_ms,10.670912,recorder
20260925-072918_perlmutter_cb90a27f,ours_l01_s1_pv2_r2_pv3c_eps05_trace-a2e8ab_b16_k8_isolated,isolated,ours,63,2,l0_ms,10.47696,recorder
20260925-072918_perlmutter_cb90a27f,ours_l01_s1_pv2_r2_pv3c_eps05_trace-a2e8ab_b16_k8_isolated,isolated,ours,63,3,l0_ms,11.93808,recorder
20260925-072918_perlmutter_cb90a27f,ours_l01_s1_pv2_r2_pv3c_eps05_trace-a2e8ab_b16_k8_isolated,isolated,ours,63,4,l0_ms,11.994176,recorder
20260925-072918_perlmutter_cb90a27f,ours_l01_s1_pv2_r2_pv3c_eps05_trace-a2e8ab_b16_k8_isolated,isolated,ours,63,5,l0_ms,11.16448,recorder
20260925-072918_perlmutter_cb90a27f,ours_l01_s1_pv2_r2_pv3c_eps05_trace-a2e8ab_b16_k8_isolated,isolated,ours,63,6,l0_ms,11.263584,recorder
20260925-072918_perlmutter_cb90a27f,ours_l01_s1_pv2_r2_pv3c_eps05_trace-a2e8ab_b16_k8_isolated,isolated,ours,63,7,l0_ms,9.7776,recorder
20260925-072918_perlmutter_cb90a27f,ours_l01_s1_pv2_r2_pv3c_eps05_trace-a2e8ab_b16_k8_isolated,isolated,ours,63,8,l0_ms,10.179552,recorder
20260925-072918_perlmutter_cb90a27f,ours_l01_s1_pv2_r2_pv3c_eps05_trace-a2e8ab_b16_k8_isolated,isolated,ours,63,9,l0_ms,10.447744,recorder
20260925-072918_perlmutter_cb90a27f,ours_l01_s1_pv2_r2_pv3c_eps05_trace-a2e8ab_b16_k8_isolated,isolated,ours,63,0,act_ms,0.0704,recorder
20260925-072918_perlmutter_cb90a27f,ours_l01_s1_pv2_r2_pv3c_eps05_trace-a2e8ab_b16_k8_isolated,isolated,ours,63,1,act_ms,0.070304,recorder
20260925-072918_perlmutter_cb90a27f,ours_l01_s1_pv2_r2_pv3c_eps05_trace-a2e8ab_b16_k8_isolated,isolated,ours,63,2,act_ms,0.071808,recorder
20260925-072918_perlmutter_cb90a27f,ours_l01_s1_pv2_r2_pv3c_eps05_trace-a2e8ab_b16_k8_isolated,isolated,ours,63,3,act_ms,0.071392,recorder
20260925-072918_perlmutter_cb90a27f,ours_l01_s1_pv2_r2_pv3c_eps05_trace-a2e8ab_b16_k8_isolated,isolated,ours,63,4,act_ms,0.06544,recorder
20260925-072918_perlmutter_cb90a27f,ours_l01_s1_pv2_r2_pv3c_eps05_trace-a2e8ab_b16_k8_isolated,isolated,ours,63,5,act_ms,0.07312,recorder
20260925-072918_perlmutter_cb90a27f,ours_l01_s1_pv2_r2_pv3c_eps05_trace-a2e8ab_b16_k8_isolated,isolated,ours,63,6,act_ms,0.066176,recorder
20260925-072918_perlmutter_cb90a27f,ours_l01_s1_pv2_r2_pv3c_eps05_trace-a2e8ab_b16_k8_isolated,isolated,ours,63,7,act_ms,0.067264,recorder
20260925-072918_perlmutter_cb90a27f,ours_l01_s1_pv2_r2_pv3c_eps05_trace-a2e8ab_b16_k8_isolated,isolated,ours,63,8,act_ms,0.07232,recorder
20260925-072918_perlmutter_cb90a27f,ours_l01_s1_pv2_r2_pv3c_eps05_trace-a2e8ab_b16_k8_isolated,isolated,ours,63,9,act_ms,0.073056,recorder
20260925-072918_perlmutter_cb90a27f,ours_l01_s1_pv2_r2_pv3c_eps05_trace-a2e8ab_b16_k8_isolated,isolated,ours,63,0,l1_ms,488.085663,recorder
20260925-072918_perlmutter_cb90a27f,ours_l01_s1_pv2_r2_pv3c_eps05_trace-a2e8ab_b16_k8_isolated,isolated,ours,63,1,l1_ms,337.015503,recorder
20260925-072918_perlmutter_cb90a27f,ours_l01_s1_pv2_r2_pv3c_eps05_trace-a2e8ab_b16_k8_isolated,isolated,ours,63,2,l1_ms,9.664128,recorder
20260925-072918_perlmutter_cb90a27f,ours_l01_s1_pv2_r2_pv3c_eps05_trace-a2e8ab_b16_k8_isolated,isolated,ours,63,3,l1_ms,486.538666,recorder
20260925-072918_perlmutter_cb90a27f,ours_l01_s1_pv2_r2_pv3c_eps05_trace-a2e8ab_b16_k8_isolated,isolated,ours,63,4,l1_ms,427.958191,recorder
20260925-072918_perlmutter_cb90a27f,ours_l01_s1_pv2_r2_pv3c_eps05_trace-a2e8ab_b16_k8_isolated,isolated,ours,63,5,l1_ms,11.38416,recorder
20260925-072918_perlmutter_cb90a27f,ours_l01_s1_pv2_r2_pv3c_eps05_trace-a2e8ab_b16_k8_isolated,isolated,ours,63,6,l1_ms,10.471168,recorder
20260925-072918_perlmutter_cb90a27f,ours_l01_s1_pv2_r2_pv3c_eps05_trace-a2e8ab_b16_k8_isolated,isolated,ours,63,7,l1_ms,482.965454,recorder
20260925-072918_perlmutter_cb90a27f,ours_l01_s1_pv2_r2_pv3c_eps05_trace-a2e8ab_b16_k8_isolated,isolated,ours,63,8,l1_ms,9.781024,recorder
20260925-072918_perlmutter_cb90a27f,ours_l01_s1_pv2_r2_pv3c_eps05_trace-a2e8ab_b16_k8_isolated,isolated,ours,63,9,l1_ms,339.150421,recorder
20260925-072918_perlmutter_cb90a27f,ours_l01_s1_pv2_r2_pv3c_eps05_trace-a2e8ab_b16_k8_isolated,isolated,ours,63,0,plan_comm_ms,0.575808,recorder
20260925-072918_perlmutter_cb90a27f,ours_l01_s1_pv2_r2_pv3c_eps05_trace-a2e8ab_b16_k8_isolated,isolated,ours,63,1,plan_comm_ms,0.87824,recorder
20260925-072918_perlmutter_cb90a27f,ours_l01_s1_pv2_r2_pv3c_eps05_trace-a2e8ab_b16_k8_isolated,isolated,ours,63,2,plan_comm_ms,0.741056,recorder
20260925-072918_perlmutter_cb90a27f,ours_l01_s1_pv2_r2_pv3c_eps05_trace-a2e8ab_b16_k8_isolated,isolated,ours,63,3,plan_comm_ms,0.580064,recorder
20260925-072918_perlmutter_cb90a27f,ours_l01_s1_pv2_r2_pv3c_eps05_trace-a2e8ab_b16_k8_isolated,isolated,ours,63,4,plan_comm_ms,0.679776,recorder
20260925-072918_perlmutter_cb90a27f,ours_l01_s1_pv2_r2_pv3c_eps05_trace-a2e8ab_b16_k8_isolated,isolated,ours,63,5,plan_comm_ms,0.866848,recorder
20260925-072918_perlmutter_cb90a27f,ours_l01_s1_pv2_r2_pv3c_eps05_trace-a2e8ab_b16_k8_isolated,isolated,ours,63,6,plan_comm_ms,0.60768,recorder
20260925-072918_perlmutter_cb90a27f,ours_l01_s1_pv2_r2_pv3c_eps05_trace-a2e8ab_b16_k8_isolated,isolated,ours,63,7,plan_comm_ms,0.669632,recorder
20260925-072918_perlmutter_cb90a27f,ours_l01_s1_pv2_r2_pv3c_eps05_trace-a2e8ab_b16_k8_isolated,isolated,ours,63,8,plan_comm_ms,0.929504,recorder
20260925-072918_perlmutter_cb90a27f,ours_l01_s1_pv2_r2_pv3c_eps05_trace-a2e8ab_b16_k8_isolated,isolated,ours,63,9,plan_comm_ms,0.61168,recorder
20260925-072918_perlmutter_cb90a27f,ours_l01_s1_pv2_r2_pv3c_eps05_trace-a2e8ab_b16_k8_isolated,isolated,ours,63,0,place_ms,0.002304,recorder
20260925-072918_perlmutter_cb90a27f,ours_l01_s1_pv2_r2_pv3c_eps05_trace-a2e8ab_b16_k8_isolated,isolated,ours,63,1,place_ms,0.002336,recorder
20260925-072918_perlmutter_cb90a27f,ours_l01_s1_pv2_r2_pv3c_eps05_trace-a2e8ab_b16_k8_isolated,isolated,ours,63,2,place_ms,0.002336,recorder
20260925-072918_perlmutter_cb90a27f,ours_l01_s1_pv2_r2_pv3c_eps05_trace-a2e8ab_b16_k8_isolated,isolated,ours,63,3,place_ms,0.002336,recorder
20260925-072918_perlmutter_cb90a27f,ours_l01_s1_pv2_r2_pv3c_eps05_trace-a2e8ab_b16_k8_isolated,isolated,ours,63,4,place_ms,0.002336,recorder
20260925-072918_perlmutter_cb90a27f,ours_l01_s1_pv2_r2_pv3c_eps05_trace-a2e8ab_b16_k8_isolated,isolated,ours,63,5,place_ms,0.002304,recorder
20260925-072918_perlmutter_cb90a27f,ours_l01_s1_pv2_r2_pv3c_eps05_trace-a2e8ab_b16_k8_isolated,isolated,ours,63,6,place_ms,0.002336,recorder
20260925-072918_perlmutter_cb90a27f,ours_l01_s1_pv2_r2_pv3c_eps05_trace-a2e8ab_b16_k8_isolated,isolated,ours,63,7,place_ms,0.002304,recorder
20260925-072918_perlmutter_cb90a27f,ours_l01_s1_pv2_r2_pv3c_eps05_trace-a2e8ab_b16_k8_isolated,isolated,ours,63,8,place_ms,0.002304,recorder
20260925-072918_perlmutter_cb90a27f,ours_l01_s1_pv2_r2_pv3c_eps05_trace-a2e8ab_b16_k8_isolated,isolated,ours,63,9,place_ms,0.002336,recorder
20260925-072918_perlmutter_cb90a27f,ours_l01_s1_pv2_r2_pv3c_eps05_trace-a2e8ab_b16_k8_isolated,isolated,ours,63,0,plan_ms,1.948736,recorder
20260925-072918_perlmutter_cb90a27f,ours_l01_s1_pv2_r2_pv3c_eps05_trace-a2e8ab_b16_k8_isolated,isolated,ours,63,1,plan_ms,1.954688,recorder
20260925-072918_perlmutter_cb90a27f,ours_l01_s1_pv2_r2_pv3c_eps05_trace-a2e8ab_b16_k8_isolated,isolated,ours,63,2,plan_ms,1.972576,recorder
20260925-072918_perlmutter_cb90a27f,ours_l01_s1_pv2_r2_pv3c_eps05_trace-a2e8ab_b16_k8_isolated,isolated,ours,63,3,plan_ms,1.967264,recorder
20260925-072918_perlmutter_cb90a27f,ours_l01_s1_pv2_r2_pv3c_eps05_trace-a2e8ab_b16_k8_isolated,isolated,ours,63,4,plan_ms,1.951104,recorder
20260925-072918_perlmutter_cb90a27f,ours_l01_s1_pv2_r2_pv3c_eps05_trace-a2e8ab_b16_k8_isolated,isolated,ours,63,5,plan_ms,1.946112,recorder
20260925-072918_perlmutter_cb90a27f,ours_l01_s1_pv2_r2_pv3c_eps05_trace-a2e8ab_b16_k8_isolated,isolated,ours,63,6,plan_ms,1.9616,recorder
20260925-072918_perlmutter_cb90a27f,ours_l01_s1_pv2_r2_pv3c_eps05_trace-a2e8ab_b16_k8_isolated,isolated,ours,63,7,plan_ms,1.939808,recorder
20260925-072918_perlmutter_cb90a27f,ours_l01_s1_pv2_r2_pv3c_eps05_trace-a2e8ab_b16_k8_isolated,isolated,ours,63,8,plan_ms,1.948224,recorder
20260925-072918_perlmutter_cb90a27f,ours_l01_s1_pv2_r2_pv3c_eps05_trace-a2e8ab_b16_k8_isolated,isolated,ours,63,9,plan_ms,1.94832,recorder
20260925-072918_perlmutter_cb90a27f,ours_l01_s1_pv2_r2_pv3c_eps05_trace-a2e8ab_b16_k8_isolated,isolated,ours,63,0,total_ms,501.094238,recorder
20260925-072918_perlmutter_cb90a27f,ours_l01_s1_pv2_r2_pv3c_eps05_trace-a2e8ab_b16_k8_isolated,isolated,ours,63,1,total_ms,350.60199,recorder
20260925-072918_perlmutter_cb90a27f,ours_l01_s1_pv2_r2_pv3c_eps05_trace-a2e8ab_b16_k8_isolated,isolated,ours,63,2,total_ms,22.938976,recorder
20260925-072918_perlmutter_cb90a27f,ours_l01_s1_pv2_r2_pv3c_eps05_trace-a2e8ab_b16_k8_isolated,isolated,ours,63,3,total_ms,501.108154,recorder
20260925-072918_perlmutter_cb90a27f,ours_l01_s1_pv2_r2_pv3c_eps05_trace-a2e8ab_b16_k8_isolated,isolated,ours,63,4,total_ms,442.660461,recorder
20260925-072918_perlmutter_cb90a27f,ours_l01_s1_pv2_r2_pv3c_eps05_trace-a2e8ab_b16_k8_isolated,isolated,ours,63,5,total_ms,25.446913,recorder
20260925-072918_perlmutter_cb90a27f,ours_l01_s1_pv2_r2_pv3c_eps05_trace-a2e8ab_b16_k8_isolated,isolated,ours,63,6,total_ms,24.382336,recorder
20260925-072918_perlmutter_cb90a27f,ours_l01_s1_pv2_r2_pv3c_eps05_trace-a2e8ab_b16_k8_isolated,isolated,ours,63,7,total_ms,495.431366,recorder
20260925-072918_perlmutter_cb90a27f,ours_l01_s1_pv2_r2_pv3c_eps05_trace-a2e8ab_b16_k8_isolated,isolated,ours,63,8,total_ms,22.92256,recorder
20260925-072918_perlmutter_cb90a27f,ours_l01_s1_pv2_r2_pv3c_eps05_trace-a2e8ab_b16_k8_isolated,isolated,ours,63,9,total_ms,352.243103,recorder
20260925-072918_perlmutter_cb90a27f,ours_l01_s1_pv2_r2_pv3c_eps05_trace-a2e8ab_b16_k8_isolated,isolated,ours,63,0,iso_sync_ms,19.367885,recorder
20260925-072918_perlmutter_cb90a27f,ours_l01_s1_pv2_r2_pv3c_eps05_trace-a2e8ab_b16_k8_isolated,isolated,ours,63,1,iso_sync_ms,498.406433,recorder
20260925-072918_perlmutter_cb90a27f,ours_l01_s1_pv2_r2_pv3c_eps05_trace-a2e8ab_b16_k8_isolated,isolated,ours,63,2,iso_sync_ms,346.848375,recorder
20260925-072918_perlmutter_cb90a27f,ours_l01_s1_pv2_r2_pv3c_eps05_trace-a2e8ab_b16_k8_isolated,isolated,ours,63,3,iso_sync_ms,18.181144,recorder
20260925-072918_perlmutter_cb90a27f,ours_l01_s1_pv2_r2_pv3c_eps05_trace-a2e8ab_b16_k8_isolated,isolated,ours,63,4,iso_sync_ms,497.495707,recorder
20260925-072918_perlmutter_cb90a27f,ours_l01_s1_pv2_r2_pv3c_eps05_trace-a2e8ab_b16_k8_isolated,isolated,ours,63,5,iso_sync_ms,438.716512,recorder
20260925-072918_perlmutter_cb90a27f,ours_l01_s1_pv2_r2_pv3c_eps05_trace-a2e8ab_b16_k8_isolated,isolated,ours,63,6,iso_sync_ms,21.060497,recorder
20260925-072918_perlmutter_cb90a27f,ours_l01_s1_pv2_r2_pv3c_eps05_trace-a2e8ab_b16_k8_isolated,isolated,ours,63,7,iso_sync_ms,20.454832,recorder
20260925-072918_perlmutter_cb90a27f,ours_l01_s1_pv2_r2_pv3c_eps05_trace-a2e8ab_b16_k8_isolated,isolated,ours,63,8,iso_sync_ms,490.717514,recorder
20260925-072918_perlmutter_cb90a27f,ours_l01_s1_pv2_r2_pv3c_eps05_trace-a2e8ab_b16_k8_isolated,isolated,ours,63,9,iso_sync_ms,18.638531,recorder
